2025-05-19 17:11:49 - enemigo - [DEBUG] - [Enemigo_1] Hitbox recentrado (enemigo): (616, 213) (Rect center: (616, 213))
2025-05-19 17:11:49 - enemigo - [DEBUG] - [Enemigo_1] Atributos IA: Agro:200, DMinAlJugador:22, DanoAtaque:1
2025-05-19 17:11:49 - enemigo - [DEBUG] - [Enemigo_2] Hitbox recentrado (enemigo): (416, 513) (Rect center: (416, 513))
2025-05-19 17:11:49 - enemigo - [DEBUG] - [Enemigo_2] Atributos IA: Agro:200, DMinAlJugador:22, DanoAtaque:1
2025-05-19 17:11:49 - enemigo - [DEBUG] - [Enemigo_1] --- Inicio Update IA --- Delta: 0.0170s. Pos ANTES: HB (603, 203), Rect (600, 200), Flot (603.00, 203.00)
2025-05-19 17:11:49 - enemigo - [DEBUG] - [Enemigo_1] Target (centro (416, 317)), Dist: 225.42. Mi Centro HB: (616, 213)
2025-05-19 17:11:49 - enemigo - [DEBUG] - [Enemigo_1] FUERA DE RANGO AGRO/DEMASIADO CERCA. No se calcula mov.
2025-05-19 17:11:49 - enemigo - [DEBUG] - [Enemigo_1] Pos flotante (post-IA y delta): (603.0000, 203.0000)
2025-05-19 17:11:49 - enemigo - [DEBUG] - [Enemigo_1] Sin mov. entero para CH. HB: (603, 203), PosFlotante re-sincronizada a (603.00,203.00)
2025-05-19 17:11:49 - enemigo - [DEBUG] - [Enemigo_2] --- Inicio Update IA --- Delta: 0.0170s. Pos ANTES: HB (403, 503), Rect (400, 500), Flot (403.00, 503.00)
2025-05-19 17:11:49 - enemigo - [DEBUG] - [Enemigo_2] Target (centro (416, 317)), Dist: 196.00. Mi Centro HB: (416, 513)
2025-05-19 17:11:49 - enemigo - [DEBUG] - [Enemigo_2] EN RANGO AGRO. Input IA (vel): (0.00, -70.00)
2025-05-19 17:11:49 - enemigo - [DEBUG] - [Enemigo_2] Pos flotante (post-IA y delta): (403.0000, 501.8100)
2025-05-19 17:11:49 - enemigo - [DEBUG] - [Enemigo_2] Solicita movimiento a CH (deltas enteros): dx_int=0, dy_int=-2. HB Actual: (403, 503) (Flotantes totales: dx=0.0000, dy=-1.1900)
2025-05-19 17:11:49 - enemigo - [DEBUG] - [Enemigo_2] Inicia _mover_y_colisionar_con_obstaculos. dx_int=0, dy_int=-2. HB Actual: (403, 503)
2025-05-19 17:11:49 - enemigo - [DEBUG] - [Enemigo_2] Hitbox recentrado (enemigo): (416, 511) (Rect center: (416, 511))
2025-05-19 17:11:49 - enemigo - [DEBUG] - [Enemigo_2] _mover_y_colisionar: HB Antes CH: (403,503), HB Despues CH y Sinc: (403,501), Rect: (400, 498), PosFlotante: (403.00,501.00)
2025-05-19 17:11:49 - enemigo - [DEBUG] - [Enemigo_2] Posición DESPUÉS de mov/col: HB (403, 501), Rect (400, 498), Flot (403.00, 501.00)
2025-05-19 17:11:49 - enemigo - [DEBUG] - [Enemigo_2] --- Inicio Update IA --- Delta: 0.0170s. Pos ANTES: HB (403, 501), Rect (400, 498), Flot (403.00, 501.00)
2025-05-19 17:11:49 - enemigo - [DEBUG] - [Enemigo_2] Target (centro (416, 317)), Dist: 194.00. Mi Centro HB: (416, 511)
2025-05-19 17:11:49 - enemigo - [DEBUG] - [Enemigo_2] Pos flotante (post-IA y delta): (403.0000, 499.8100)
2025-05-19 17:11:49 - enemigo - [DEBUG] - [Enemigo_2] Solicita movimiento a CH (deltas enteros): dx_int=0, dy_int=-2. HB Actual: (403, 501) (Flotantes totales: dx=0.0000, dy=-1.1900)
2025-05-19 17:11:49 - enemigo - [DEBUG] - [Enemigo_2] Inicia _mover_y_colisionar_con_obstaculos. dx_int=0, dy_int=-2. HB Actual: (403, 501)
2025-05-19 17:11:49 - enemigo - [DEBUG] - [Enemigo_2] Hitbox recentrado (enemigo): (416, 509) (Rect center: (416, 509))
2025-05-19 17:11:49 - enemigo - [DEBUG] - [Enemigo_2] _mover_y_colisionar: HB Antes CH: (403,501), HB Despues CH y Sinc: (403,499), Rect: (400, 496), PosFlotante: (403.00,499.00)
2025-05-19 17:11:49 - enemigo - [DEBUG] - [Enemigo_2] Posición DESPUÉS de mov/col: HB (403, 499), Rect (400, 496), Flot (403.00, 499.00)
2025-05-19 17:11:49 - enemigo - [DEBUG] - [Enemigo_1] --- Inicio Update IA --- Delta: 0.0160s. Pos ANTES: HB (603, 203), Rect (600, 200), Flot (603.00, 203.00)
2025-05-19 17:11:49 - enemigo - [DEBUG] - [Enemigo_2] --- Inicio Update IA --- Delta: 0.0160s. Pos ANTES: HB (403, 499), Rect (400, 496), Flot (403.00, 499.00)
2025-05-19 17:11:49 - enemigo - [DEBUG] - [Enemigo_2] Target (centro (416, 317)), Dist: 192.00. Mi Centro HB: (416, 509)
2025-05-19 17:11:49 - enemigo - [DEBUG] - [Enemigo_2] Pos flotante (post-IA y delta): (403.0000, 497.8800)
2025-05-19 17:11:49 - enemigo - [DEBUG] - [Enemigo_2] Solicita movimiento a CH (deltas enteros): dx_int=0, dy_int=-2. HB Actual: (403, 499) (Flotantes totales: dx=0.0000, dy=-1.1200)
2025-05-19 17:11:49 - enemigo - [DEBUG] - [Enemigo_2] Inicia _mover_y_colisionar_con_obstaculos. dx_int=0, dy_int=-2. HB Actual: (403, 499)
2025-05-19 17:11:49 - enemigo - [DEBUG] - [Enemigo_2] Hitbox recentrado (enemigo): (416, 507) (Rect center: (416, 507))
2025-05-19 17:11:49 - enemigo - [DEBUG] - [Enemigo_2] _mover_y_colisionar: HB Antes CH: (403,499), HB Despues CH y Sinc: (403,497), Rect: (400, 494), PosFlotante: (403.00,497.00)
2025-05-19 17:11:49 - enemigo - [DEBUG] - [Enemigo_2] Posición DESPUÉS de mov/col: HB (403, 497), Rect (400, 494), Flot (403.00, 497.00)
2025-05-19 17:11:49 - enemigo - [DEBUG] - [Enemigo_2] --- Inicio Update IA --- Delta: 0.0160s. Pos ANTES: HB (403, 497), Rect (400, 494), Flot (403.00, 497.00)
2025-05-19 17:11:49 - enemigo - [DEBUG] - [Enemigo_2] Target (centro (416, 317)), Dist: 190.00. Mi Centro HB: (416, 507)
2025-05-19 17:11:49 - enemigo - [DEBUG] - [Enemigo_2] Pos flotante (post-IA y delta): (403.0000, 495.8800)
2025-05-19 17:11:49 - enemigo - [DEBUG] - [Enemigo_2] Solicita movimiento a CH (deltas enteros): dx_int=0, dy_int=-2. HB Actual: (403, 497) (Flotantes totales: dx=0.0000, dy=-1.1200)
2025-05-19 17:11:49 - enemigo - [DEBUG] - [Enemigo_2] Inicia _mover_y_colisionar_con_obstaculos. dx_int=0, dy_int=-2. HB Actual: (403, 497)
2025-05-19 17:11:49 - enemigo - [DEBUG] - [Enemigo_2] Hitbox recentrado (enemigo): (416, 505) (Rect center: (416, 505))
2025-05-19 17:11:49 - enemigo - [DEBUG] - [Enemigo_2] _mover_y_colisionar: HB Antes CH: (403,497), HB Despues CH y Sinc: (403,495), Rect: (400, 492), PosFlotante: (403.00,495.00)
2025-05-19 17:11:49 - enemigo - [DEBUG] - [Enemigo_2] Posición DESPUÉS de mov/col: HB (403, 495), Rect (400, 492), Flot (403.00, 495.00)
2025-05-19 17:11:49 - enemigo - [DEBUG] - [Enemigo_1] Target (centro (416, 317)), Dist: 225.42. Mi Centro HB: (616, 213)
2025-05-19 17:11:49 - enemigo - [DEBUG] - [Enemigo_1] FUERA DE RANGO AGRO/DEMASIADO CERCA. No se calcula mov.
2025-05-19 17:11:49 - enemigo - [DEBUG] - [Enemigo_1] Pos flotante (post-IA y delta): (603.0000, 203.0000)
2025-05-19 17:11:49 - enemigo - [DEBUG] - [Enemigo_1] Sin mov. entero para CH. HB: (603, 203), PosFlotante re-sincronizada a (603.00,203.00)
2025-05-19 17:11:49 - enemigo - [DEBUG] - [Enemigo_2] --- Inicio Update IA --- Delta: 0.0160s. Pos ANTES: HB (403, 495), Rect (400, 492), Flot (403.00, 495.00)
2025-05-19 17:11:49 - enemigo - [DEBUG] - [Enemigo_2] Target (centro (416, 317)), Dist: 188.00. Mi Centro HB: (416, 505)
2025-05-19 17:11:49 - enemigo - [DEBUG] - [Enemigo_2] EN RANGO AGRO. Input IA (vel): (0.00, -70.00)
2025-05-19 17:11:49 - enemigo - [DEBUG] - [Enemigo_2] Pos flotante (post-IA y delta): (403.0000, 493.8800)
2025-05-19 17:11:49 - enemigo - [DEBUG] - [Enemigo_2] Solicita movimiento a CH (deltas enteros): dx_int=0, dy_int=-2. HB Actual: (403, 495) (Flotantes totales: dx=0.0000, dy=-1.1200)
2025-05-19 17:11:49 - enemigo - [DEBUG] - [Enemigo_2] Inicia _mover_y_colisionar_con_obstaculos. dx_int=0, dy_int=-2. HB Actual: (403, 495)
2025-05-19 17:11:49 - enemigo - [DEBUG] - [Enemigo_2] Hitbox recentrado (enemigo): (416, 503) (Rect center: (416, 503))
2025-05-19 17:11:49 - enemigo - [DEBUG] - [Enemigo_2] _mover_y_colisionar: HB Antes CH: (403,495), HB Despues CH y Sinc: (403,493), Rect: (400, 490), PosFlotante: (403.00,493.00)
2025-05-19 17:11:49 - enemigo - [DEBUG] - [Enemigo_2] Posición DESPUÉS de mov/col: HB (403, 493), Rect (400, 490), Flot (403.00, 493.00)
2025-05-19 17:11:49 - enemigo - [DEBUG] - [Enemigo_2] --- Inicio Update IA --- Delta: 0.0160s. Pos ANTES: HB (403, 493), Rect (400, 490), Flot (403.00, 493.00)
2025-05-19 17:11:49 - enemigo - [DEBUG] - [Enemigo_2] Target (centro (416, 317)), Dist: 186.00. Mi Centro HB: (416, 503)
2025-05-19 17:11:49 - enemigo - [DEBUG] - [Enemigo_2] Pos flotante (post-IA y delta): (403.0000, 491.8800)
2025-05-19 17:11:49 - enemigo - [DEBUG] - [Enemigo_2] Solicita movimiento a CH (deltas enteros): dx_int=0, dy_int=-2. HB Actual: (403, 493) (Flotantes totales: dx=0.0000, dy=-1.1200)
2025-05-19 17:11:49 - enemigo - [DEBUG] - [Enemigo_2] Inicia _mover_y_colisionar_con_obstaculos. dx_int=0, dy_int=-2. HB Actual: (403, 493)
2025-05-19 17:11:49 - enemigo - [DEBUG] - [Enemigo_2] Hitbox recentrado (enemigo): (416, 501) (Rect center: (416, 501))
2025-05-19 17:11:49 - enemigo - [DEBUG] - [Enemigo_2] _mover_y_colisionar: HB Antes CH: (403,493), HB Despues CH y Sinc: (403,491), Rect: (400, 488), PosFlotante: (403.00,491.00)
2025-05-19 17:11:49 - enemigo - [DEBUG] - [Enemigo_2] Posición DESPUÉS de mov/col: HB (403, 491), Rect (400, 488), Flot (403.00, 491.00)
2025-05-19 17:11:49 - enemigo - [DEBUG] - [Enemigo_1] --- Inicio Update IA --- Delta: 0.0160s. Pos ANTES: HB (603, 203), Rect (600, 200), Flot (603.00, 203.00)
2025-05-19 17:11:49 - enemigo - [DEBUG] - [Enemigo_2] --- Inicio Update IA --- Delta: 0.0160s. Pos ANTES: HB (403, 491), Rect (400, 488), Flot (403.00, 491.00)
2025-05-19 17:11:49 - enemigo - [DEBUG] - [Enemigo_2] Target (centro (416, 317)), Dist: 184.00. Mi Centro HB: (416, 501)
2025-05-19 17:11:49 - enemigo - [DEBUG] - [Enemigo_2] Pos flotante (post-IA y delta): (403.0000, 489.8800)
2025-05-19 17:11:49 - enemigo - [DEBUG] - [Enemigo_2] Solicita movimiento a CH (deltas enteros): dx_int=0, dy_int=-2. HB Actual: (403, 491) (Flotantes totales: dx=0.0000, dy=-1.1200)
2025-05-19 17:11:49 - enemigo - [DEBUG] - [Enemigo_2] Inicia _mover_y_colisionar_con_obstaculos. dx_int=0, dy_int=-2. HB Actual: (403, 491)
2025-05-19 17:11:49 - enemigo - [DEBUG] - [Enemigo_2] Hitbox recentrado (enemigo): (416, 499) (Rect center: (416, 499))
2025-05-19 17:11:49 - enemigo - [DEBUG] - [Enemigo_2] _mover_y_colisionar: HB Antes CH: (403,491), HB Despues CH y Sinc: (403,489), Rect: (400, 486), PosFlotante: (403.00,489.00)
2025-05-19 17:11:49 - enemigo - [DEBUG] - [Enemigo_2] Posición DESPUÉS de mov/col: HB (403, 489), Rect (400, 486), Flot (403.00, 489.00)
2025-05-19 17:11:49 - enemigo - [DEBUG] - [Enemigo_1] --- Inicio Update IA --- Delta: 0.0170s. Pos ANTES: HB (603, 203), Rect (600, 200), Flot (603.00, 203.00)
2025-05-19 17:11:49 - enemigo - [DEBUG] - [Enemigo_2] --- Inicio Update IA --- Delta: 0.0170s. Pos ANTES: HB (403, 489), Rect (400, 486), Flot (403.00, 489.00)
2025-05-19 17:11:49 - enemigo - [DEBUG] - [Enemigo_2] Target (centro (416, 317)), Dist: 182.00. Mi Centro HB: (416, 499)
2025-05-19 17:11:49 - enemigo - [DEBUG] - [Enemigo_2] Pos flotante (post-IA y delta): (403.0000, 487.8100)
2025-05-19 17:11:49 - enemigo - [DEBUG] - [Enemigo_2] Solicita movimiento a CH (deltas enteros): dx_int=0, dy_int=-2. HB Actual: (403, 489) (Flotantes totales: dx=0.0000, dy=-1.1900)
2025-05-19 17:11:49 - enemigo - [DEBUG] - [Enemigo_2] Inicia _mover_y_colisionar_con_obstaculos. dx_int=0, dy_int=-2. HB Actual: (403, 489)
2025-05-19 17:11:49 - enemigo - [DEBUG] - [Enemigo_2] Hitbox recentrado (enemigo): (416, 497) (Rect center: (416, 497))
2025-05-19 17:11:49 - enemigo - [DEBUG] - [Enemigo_2] _mover_y_colisionar: HB Antes CH: (403,489), HB Despues CH y Sinc: (403,487), Rect: (400, 484), PosFlotante: (403.00,487.00)
2025-05-19 17:11:49 - enemigo - [DEBUG] - [Enemigo_2] Posición DESPUÉS de mov/col: HB (403, 487), Rect (400, 484), Flot (403.00, 487.00)
2025-05-19 17:11:50 - enemigo - [DEBUG] - [Enemigo_1] Target (centro (416, 317)), Dist: 225.42. Mi Centro HB: (616, 213)
2025-05-19 17:11:50 - enemigo - [DEBUG] - [Enemigo_1] FUERA DE RANGO AGRO/DEMASIADO CERCA. No se calcula mov.
2025-05-19 17:11:50 - enemigo - [DEBUG] - [Enemigo_1] Pos flotante (post-IA y delta): (603.0000, 203.0000)
2025-05-19 17:11:50 - enemigo - [DEBUG] - [Enemigo_1] Sin mov. entero para CH. HB: (603, 203), PosFlotante re-sincronizada a (603.00,203.00)
2025-05-19 17:11:50 - enemigo - [DEBUG] - [Enemigo_2] --- Inicio Update IA --- Delta: 0.0170s. Pos ANTES: HB (403, 487), Rect (400, 484), Flot (403.00, 487.00)
2025-05-19 17:11:50 - enemigo - [DEBUG] - [Enemigo_2] Target (centro (416, 317)), Dist: 180.00. Mi Centro HB: (416, 497)
2025-05-19 17:11:50 - enemigo - [DEBUG] - [Enemigo_2] EN RANGO AGRO. Input IA (vel): (0.00, -70.00)
2025-05-19 17:11:50 - enemigo - [DEBUG] - [Enemigo_2] Pos flotante (post-IA y delta): (403.0000, 485.8100)
2025-05-19 17:11:50 - enemigo - [DEBUG] - [Enemigo_2] Solicita movimiento a CH (deltas enteros): dx_int=0, dy_int=-2. HB Actual: (403, 487) (Flotantes totales: dx=0.0000, dy=-1.1900)
2025-05-19 17:11:50 - enemigo - [DEBUG] - [Enemigo_2] Inicia _mover_y_colisionar_con_obstaculos. dx_int=0, dy_int=-2. HB Actual: (403, 487)
2025-05-19 17:11:50 - enemigo - [DEBUG] - [Enemigo_2] Hitbox recentrado (enemigo): (416, 495) (Rect center: (416, 495))
2025-05-19 17:11:50 - enemigo - [DEBUG] - [Enemigo_2] _mover_y_colisionar: HB Antes CH: (403,487), HB Despues CH y Sinc: (403,485), Rect: (400, 482), PosFlotante: (403.00,485.00)
2025-05-19 17:11:50 - enemigo - [DEBUG] - [Enemigo_2] Posición DESPUÉS de mov/col: HB (403, 485), Rect (400, 482), Flot (403.00, 485.00)
2025-05-19 17:11:50 - enemigo - [DEBUG] - [Enemigo_2] --- Inicio Update IA --- Delta: 0.0170s. Pos ANTES: HB (403, 485), Rect (400, 482), Flot (403.00, 485.00)
2025-05-19 17:11:50 - enemigo - [DEBUG] - [Enemigo_2] Target (centro (416, 317)), Dist: 178.00. Mi Centro HB: (416, 495)
2025-05-19 17:11:50 - enemigo - [DEBUG] - [Enemigo_2] Pos flotante (post-IA y delta): (403.0000, 483.8100)
2025-05-19 17:11:50 - enemigo - [DEBUG] - [Enemigo_2] Solicita movimiento a CH (deltas enteros): dx_int=0, dy_int=-2. HB Actual: (403, 485) (Flotantes totales: dx=0.0000, dy=-1.1900)
2025-05-19 17:11:50 - enemigo - [DEBUG] - [Enemigo_2] Inicia _mover_y_colisionar_con_obstaculos. dx_int=0, dy_int=-2. HB Actual: (403, 485)
2025-05-19 17:11:50 - enemigo - [DEBUG] - [Enemigo_2] Hitbox recentrado (enemigo): (416, 493) (Rect center: (416, 493))
2025-05-19 17:11:50 - enemigo - [DEBUG] - [Enemigo_2] _mover_y_colisionar: HB Antes CH: (403,485), HB Despues CH y Sinc: (403,483), Rect: (400, 480), PosFlotante: (403.00,483.00)
2025-05-19 17:11:50 - enemigo - [DEBUG] - [Enemigo_2] Posición DESPUÉS de mov/col: HB (403, 483), Rect (400, 480), Flot (403.00, 483.00)
2025-05-19 17:11:50 - enemigo - [DEBUG] - [Enemigo_1] --- Inicio Update IA --- Delta: 0.0160s. Pos ANTES: HB (603, 203), Rect (600, 200), Flot (603.00, 203.00)
2025-05-19 17:11:50 - enemigo - [DEBUG] - [Enemigo_2] --- Inicio Update IA --- Delta: 0.0160s. Pos ANTES: HB (403, 483), Rect (400, 480), Flot (403.00, 483.00)
2025-05-19 17:11:50 - enemigo - [DEBUG] - [Enemigo_2] Target (centro (416, 317)), Dist: 176.00. Mi Centro HB: (416, 493)
2025-05-19 17:11:50 - enemigo - [DEBUG] - [Enemigo_2] Pos flotante (post-IA y delta): (403.0000, 481.8800)
2025-05-19 17:11:50 - enemigo - [DEBUG] - [Enemigo_2] Solicita movimiento a CH (deltas enteros): dx_int=0, dy_int=-2. HB Actual: (403, 483) (Flotantes totales: dx=0.0000, dy=-1.1200)
2025-05-19 17:11:50 - enemigo - [DEBUG] - [Enemigo_2] Inicia _mover_y_colisionar_con_obstaculos. dx_int=0, dy_int=-2. HB Actual: (403, 483)
2025-05-19 17:11:50 - enemigo - [DEBUG] - [Enemigo_2] Hitbox recentrado (enemigo): (416, 491) (Rect center: (416, 491))
2025-05-19 17:11:50 - enemigo - [DEBUG] - [Enemigo_2] _mover_y_colisionar: HB Antes CH: (403,483), HB Despues CH y Sinc: (403,481), Rect: (400, 478), PosFlotante: (403.00,481.00)
2025-05-19 17:11:50 - enemigo - [DEBUG] - [Enemigo_2] Posición DESPUÉS de mov/col: HB (403, 481), Rect (400, 478), Flot (403.00, 481.00)
2025-05-19 17:11:50 - enemigo - [DEBUG] - [Enemigo_2] --- Inicio Update IA --- Delta: 0.0160s. Pos ANTES: HB (403, 481), Rect (400, 478), Flot (403.00, 481.00)
2025-05-19 17:11:50 - enemigo - [DEBUG] - [Enemigo_2] Target (centro (416, 317)), Dist: 174.00. Mi Centro HB: (416, 491)
2025-05-19 17:11:50 - enemigo - [DEBUG] - [Enemigo_2] Pos flotante (post-IA y delta): (403.0000, 479.8800)
2025-05-19 17:11:50 - enemigo - [DEBUG] - [Enemigo_2] Solicita movimiento a CH (deltas enteros): dx_int=0, dy_int=-2. HB Actual: (403, 481) (Flotantes totales: dx=0.0000, dy=-1.1200)
2025-05-19 17:11:50 - enemigo - [DEBUG] - [Enemigo_2] Inicia _mover_y_colisionar_con_obstaculos. dx_int=0, dy_int=-2. HB Actual: (403, 481)
2025-05-19 17:11:50 - enemigo - [DEBUG] - [Enemigo_2] Hitbox recentrado (enemigo): (416, 489) (Rect center: (416, 489))
2025-05-19 17:11:50 - enemigo - [DEBUG] - [Enemigo_2] _mover_y_colisionar: HB Antes CH: (403,481), HB Despues CH y Sinc: (403,479), Rect: (400, 476), PosFlotante: (403.00,479.00)
2025-05-19 17:11:50 - enemigo - [DEBUG] - [Enemigo_2] Posición DESPUÉS de mov/col: HB (403, 479), Rect (400, 476), Flot (403.00, 479.00)
2025-05-19 17:11:50 - enemigo - [DEBUG] - [Enemigo_1] --- Inicio Update IA --- Delta: 0.0170s. Pos ANTES: HB (603, 203), Rect (600, 200), Flot (603.00, 203.00)
2025-05-19 17:11:50 - enemigo - [DEBUG] - [Enemigo_1] Target (centro (416, 317)), Dist: 225.42. Mi Centro HB: (616, 213)
2025-05-19 17:11:50 - enemigo - [DEBUG] - [Enemigo_1] FUERA DE RANGO AGRO/DEMASIADO CERCA. No se calcula mov.
2025-05-19 17:11:50 - enemigo - [DEBUG] - [Enemigo_1] Pos flotante (post-IA y delta): (603.0000, 203.0000)
2025-05-19 17:11:50 - enemigo - [DEBUG] - [Enemigo_1] Sin mov. entero para CH. HB: (603, 203), PosFlotante re-sincronizada a (603.00,203.00)
2025-05-19 17:11:50 - enemigo - [DEBUG] - [Enemigo_2] --- Inicio Update IA --- Delta: 0.0170s. Pos ANTES: HB (403, 479), Rect (400, 476), Flot (403.00, 479.00)
2025-05-19 17:11:50 - enemigo - [DEBUG] - [Enemigo_2] Target (centro (416, 317)), Dist: 172.00. Mi Centro HB: (416, 489)
2025-05-19 17:11:50 - enemigo - [DEBUG] - [Enemigo_2] EN RANGO AGRO. Input IA (vel): (0.00, -70.00)
2025-05-19 17:11:50 - enemigo - [DEBUG] - [Enemigo_2] Pos flotante (post-IA y delta): (403.0000, 477.8100)
2025-05-19 17:11:50 - enemigo - [DEBUG] - [Enemigo_2] Solicita movimiento a CH (deltas enteros): dx_int=0, dy_int=-2. HB Actual: (403, 479) (Flotantes totales: dx=0.0000, dy=-1.1900)
2025-05-19 17:11:50 - enemigo - [DEBUG] - [Enemigo_2] Inicia _mover_y_colisionar_con_obstaculos. dx_int=0, dy_int=-2. HB Actual: (403, 479)
2025-05-19 17:11:50 - enemigo - [DEBUG] - [Enemigo_2] Hitbox recentrado (enemigo): (416, 487) (Rect center: (416, 487))
2025-05-19 17:11:50 - enemigo - [DEBUG] - [Enemigo_2] _mover_y_colisionar: HB Antes CH: (403,479), HB Despues CH y Sinc: (403,477), Rect: (400, 474), PosFlotante: (403.00,477.00)
2025-05-19 17:11:50 - enemigo - [DEBUG] - [Enemigo_2] Posición DESPUÉS de mov/col: HB (403, 477), Rect (400, 474), Flot (403.00, 477.00)
2025-05-19 17:11:50 - enemigo - [DEBUG] - [Enemigo_2] --- Inicio Update IA --- Delta: 0.0160s. Pos ANTES: HB (403, 477), Rect (400, 474), Flot (403.00, 477.00)
2025-05-19 17:11:50 - enemigo - [DEBUG] - [Enemigo_2] Target (centro (416, 317)), Dist: 170.00. Mi Centro HB: (416, 487)
2025-05-19 17:11:50 - enemigo - [DEBUG] - [Enemigo_2] Pos flotante (post-IA y delta): (403.0000, 475.8800)
2025-05-19 17:11:50 - enemigo - [DEBUG] - [Enemigo_2] Solicita movimiento a CH (deltas enteros): dx_int=0, dy_int=-2. HB Actual: (403, 477) (Flotantes totales: dx=0.0000, dy=-1.1200)
2025-05-19 17:11:50 - enemigo - [DEBUG] - [Enemigo_2] Inicia _mover_y_colisionar_con_obstaculos. dx_int=0, dy_int=-2. HB Actual: (403, 477)
2025-05-19 17:11:50 - enemigo - [DEBUG] - [Enemigo_2] Hitbox recentrado (enemigo): (416, 485) (Rect center: (416, 485))
2025-05-19 17:11:50 - enemigo - [DEBUG] - [Enemigo_2] _mover_y_colisionar: HB Antes CH: (403,477), HB Despues CH y Sinc: (403,475), Rect: (400, 472), PosFlotante: (403.00,475.00)
2025-05-19 17:11:50 - enemigo - [DEBUG] - [Enemigo_2] Posición DESPUÉS de mov/col: HB (403, 475), Rect (400, 472), Flot (403.00, 475.00)
2025-05-19 17:11:50 - enemigo - [DEBUG] - [Enemigo_1] --- Inicio Update IA --- Delta: 0.0160s. Pos ANTES: HB (603, 203), Rect (600, 200), Flot (603.00, 203.00)
2025-05-19 17:11:50 - enemigo - [DEBUG] - [Enemigo_2] --- Inicio Update IA --- Delta: 0.0160s. Pos ANTES: HB (403, 475), Rect (400, 472), Flot (403.00, 475.00)
2025-05-19 17:11:50 - enemigo - [DEBUG] - [Enemigo_2] Target (centro (416, 317)), Dist: 168.00. Mi Centro HB: (416, 485)
2025-05-19 17:11:50 - enemigo - [DEBUG] - [Enemigo_2] Pos flotante (post-IA y delta): (403.0000, 473.8800)
2025-05-19 17:11:50 - enemigo - [DEBUG] - [Enemigo_2] Solicita movimiento a CH (deltas enteros): dx_int=0, dy_int=-2. HB Actual: (403, 475) (Flotantes totales: dx=0.0000, dy=-1.1200)
2025-05-19 17:11:50 - enemigo - [DEBUG] - [Enemigo_2] Inicia _mover_y_colisionar_con_obstaculos. dx_int=0, dy_int=-2. HB Actual: (403, 475)
2025-05-19 17:11:50 - enemigo - [DEBUG] - [Enemigo_2] Hitbox recentrado (enemigo): (416, 483) (Rect center: (416, 483))
2025-05-19 17:11:50 - enemigo - [DEBUG] - [Enemigo_2] _mover_y_colisionar: HB Antes CH: (403,475), HB Despues CH y Sinc: (403,473), Rect: (400, 470), PosFlotante: (403.00,473.00)
2025-05-19 17:11:50 - enemigo - [DEBUG] - [Enemigo_2] Posición DESPUÉS de mov/col: HB (403, 473), Rect (400, 470), Flot (403.00, 473.00)
2025-05-19 17:11:50 - enemigo - [DEBUG] - [Enemigo_2] --- Inicio Update IA --- Delta: 0.0160s. Pos ANTES: HB (403, 473), Rect (400, 470), Flot (403.00, 473.00)
2025-05-19 17:11:50 - enemigo - [DEBUG] - [Enemigo_2] Target (centro (416, 317)), Dist: 166.00. Mi Centro HB: (416, 483)
2025-05-19 17:11:50 - enemigo - [DEBUG] - [Enemigo_2] Pos flotante (post-IA y delta): (403.0000, 471.8800)
2025-05-19 17:11:50 - enemigo - [DEBUG] - [Enemigo_2] Solicita movimiento a CH (deltas enteros): dx_int=0, dy_int=-2. HB Actual: (403, 473) (Flotantes totales: dx=0.0000, dy=-1.1200)
2025-05-19 17:11:50 - enemigo - [DEBUG] - [Enemigo_2] Inicia _mover_y_colisionar_con_obstaculos. dx_int=0, dy_int=-2. HB Actual: (403, 473)
2025-05-19 17:11:50 - enemigo - [DEBUG] - [Enemigo_2] Hitbox recentrado (enemigo): (416, 481) (Rect center: (416, 481))
2025-05-19 17:11:50 - enemigo - [DEBUG] - [Enemigo_2] _mover_y_colisionar: HB Antes CH: (403,473), HB Despues CH y Sinc: (403,471), Rect: (400, 468), PosFlotante: (403.00,471.00)
2025-05-19 17:11:50 - enemigo - [DEBUG] - [Enemigo_2] Posición DESPUÉS de mov/col: HB (403, 471), Rect (400, 468), Flot (403.00, 471.00)
2025-05-19 17:11:50 - enemigo - [DEBUG] - [Enemigo_1] Target (centro (416, 317)), Dist: 225.42. Mi Centro HB: (616, 213)
2025-05-19 17:11:50 - enemigo - [DEBUG] - [Enemigo_1] FUERA DE RANGO AGRO/DEMASIADO CERCA. No se calcula mov.
2025-05-19 17:11:50 - enemigo - [DEBUG] - [Enemigo_1] Pos flotante (post-IA y delta): (603.0000, 203.0000)
2025-05-19 17:11:50 - enemigo - [DEBUG] - [Enemigo_1] Sin mov. entero para CH. HB: (603, 203), PosFlotante re-sincronizada a (603.00,203.00)
2025-05-19 17:11:50 - enemigo - [DEBUG] - [Enemigo_2] --- Inicio Update IA --- Delta: 0.0160s. Pos ANTES: HB (403, 471), Rect (400, 468), Flot (403.00, 471.00)
2025-05-19 17:11:50 - enemigo - [DEBUG] - [Enemigo_2] Target (centro (416, 317)), Dist: 164.00. Mi Centro HB: (416, 481)
2025-05-19 17:11:50 - enemigo - [DEBUG] - [Enemigo_2] EN RANGO AGRO. Input IA (vel): (0.00, -70.00)
2025-05-19 17:11:50 - enemigo - [DEBUG] - [Enemigo_2] Pos flotante (post-IA y delta): (403.0000, 469.8800)
2025-05-19 17:11:50 - enemigo - [DEBUG] - [Enemigo_2] Solicita movimiento a CH (deltas enteros): dx_int=0, dy_int=-2. HB Actual: (403, 471) (Flotantes totales: dx=0.0000, dy=-1.1200)
2025-05-19 17:11:50 - enemigo - [DEBUG] - [Enemigo_2] Inicia _mover_y_colisionar_con_obstaculos. dx_int=0, dy_int=-2. HB Actual: (403, 471)
2025-05-19 17:11:50 - enemigo - [DEBUG] - [Enemigo_2] Hitbox recentrado (enemigo): (416, 479) (Rect center: (416, 479))
2025-05-19 17:11:50 - enemigo - [DEBUG] - [Enemigo_2] _mover_y_colisionar: HB Antes CH: (403,471), HB Despues CH y Sinc: (403,469), Rect: (400, 466), PosFlotante: (403.00,469.00)
2025-05-19 17:11:50 - enemigo - [DEBUG] - [Enemigo_2] Posición DESPUÉS de mov/col: HB (403, 469), Rect (400, 466), Flot (403.00, 469.00)
2025-05-19 17:11:50 - enemigo - [DEBUG] - [Enemigo_2] --- Inicio Update IA --- Delta: 0.0160s. Pos ANTES: HB (403, 469), Rect (400, 466), Flot (403.00, 469.00)
2025-05-19 17:11:50 - enemigo - [DEBUG] - [Enemigo_2] Target (centro (416, 317)), Dist: 162.00. Mi Centro HB: (416, 479)
2025-05-19 17:11:50 - enemigo - [DEBUG] - [Enemigo_2] Pos flotante (post-IA y delta): (403.0000, 467.8800)
2025-05-19 17:11:50 - enemigo - [DEBUG] - [Enemigo_2] Solicita movimiento a CH (deltas enteros): dx_int=0, dy_int=-2. HB Actual: (403, 469) (Flotantes totales: dx=0.0000, dy=-1.1200)
2025-05-19 17:11:50 - enemigo - [DEBUG] - [Enemigo_2] Inicia _mover_y_colisionar_con_obstaculos. dx_int=0, dy_int=-2. HB Actual: (403, 469)
2025-05-19 17:11:50 - enemigo - [DEBUG] - [Enemigo_2] Hitbox recentrado (enemigo): (416, 477) (Rect center: (416, 477))
2025-05-19 17:11:50 - enemigo - [DEBUG] - [Enemigo_2] _mover_y_colisionar: HB Antes CH: (403,469), HB Despues CH y Sinc: (403,467), Rect: (400, 464), PosFlotante: (403.00,467.00)
2025-05-19 17:11:50 - enemigo - [DEBUG] - [Enemigo_2] Posición DESPUÉS de mov/col: HB (403, 467), Rect (400, 464), Flot (403.00, 467.00)
2025-05-19 17:11:50 - enemigo - [DEBUG] - [Enemigo_1] --- Inicio Update IA --- Delta: 0.0160s. Pos ANTES: HB (603, 203), Rect (600, 200), Flot (603.00, 203.00)
2025-05-19 17:11:50 - enemigo - [DEBUG] - [Enemigo_2] --- Inicio Update IA --- Delta: 0.0160s. Pos ANTES: HB (403, 467), Rect (400, 464), Flot (403.00, 467.00)
2025-05-19 17:11:50 - enemigo - [DEBUG] - [Enemigo_2] Target (centro (416, 317)), Dist: 160.00. Mi Centro HB: (416, 477)
2025-05-19 17:11:50 - enemigo - [DEBUG] - [Enemigo_2] Pos flotante (post-IA y delta): (403.0000, 465.8800)
2025-05-19 17:11:50 - enemigo - [DEBUG] - [Enemigo_2] Solicita movimiento a CH (deltas enteros): dx_int=0, dy_int=-2. HB Actual: (403, 467) (Flotantes totales: dx=0.0000, dy=-1.1200)
2025-05-19 17:11:50 - enemigo - [DEBUG] - [Enemigo_2] Inicia _mover_y_colisionar_con_obstaculos. dx_int=0, dy_int=-2. HB Actual: (403, 467)
2025-05-19 17:11:50 - enemigo - [DEBUG] - [Enemigo_2] Hitbox recentrado (enemigo): (416, 475) (Rect center: (416, 475))
2025-05-19 17:11:50 - enemigo - [DEBUG] - [Enemigo_2] _mover_y_colisionar: HB Antes CH: (403,467), HB Despues CH y Sinc: (403,465), Rect: (400, 462), PosFlotante: (403.00,465.00)
2025-05-19 17:11:50 - enemigo - [DEBUG] - [Enemigo_2] Posición DESPUÉS de mov/col: HB (403, 465), Rect (400, 462), Flot (403.00, 465.00)
2025-05-19 17:11:50 - enemigo - [DEBUG] - [Enemigo_1] --- Inicio Update IA --- Delta: 0.0180s. Pos ANTES: HB (603, 203), Rect (600, 200), Flot (603.00, 203.00)
2025-05-19 17:11:50 - enemigo - [DEBUG] - [Enemigo_2] --- Inicio Update IA --- Delta: 0.0180s. Pos ANTES: HB (403, 465), Rect (400, 462), Flot (403.00, 465.00)
2025-05-19 17:11:50 - enemigo - [DEBUG] - [Enemigo_2] Target (centro (416, 317)), Dist: 158.00. Mi Centro HB: (416, 475)
2025-05-19 17:11:50 - enemigo - [DEBUG] - [Enemigo_2] Pos flotante (post-IA y delta): (403.0000, 463.7400)
2025-05-19 17:11:50 - enemigo - [DEBUG] - [Enemigo_2] Solicita movimiento a CH (deltas enteros): dx_int=0, dy_int=-2. HB Actual: (403, 465) (Flotantes totales: dx=0.0000, dy=-1.2600)
2025-05-19 17:11:50 - enemigo - [DEBUG] - [Enemigo_2] Inicia _mover_y_colisionar_con_obstaculos. dx_int=0, dy_int=-2. HB Actual: (403, 465)
2025-05-19 17:11:50 - enemigo - [DEBUG] - [Enemigo_2] Hitbox recentrado (enemigo): (416, 473) (Rect center: (416, 473))
2025-05-19 17:11:50 - enemigo - [DEBUG] - [Enemigo_2] _mover_y_colisionar: HB Antes CH: (403,465), HB Despues CH y Sinc: (403,463), Rect: (400, 460), PosFlotante: (403.00,463.00)
2025-05-19 17:11:50 - enemigo - [DEBUG] - [Enemigo_2] Posición DESPUÉS de mov/col: HB (403, 463), Rect (400, 460), Flot (403.00, 463.00)
2025-05-19 17:11:50 - enemigo - [DEBUG] - [Enemigo_1] Target (centro (416, 317)), Dist: 225.42. Mi Centro HB: (616, 213)
2025-05-19 17:11:50 - enemigo - [DEBUG] - [Enemigo_1] FUERA DE RANGO AGRO/DEMASIADO CERCA. No se calcula mov.
2025-05-19 17:11:50 - enemigo - [DEBUG] - [Enemigo_1] Pos flotante (post-IA y delta): (603.0000, 203.0000)
2025-05-19 17:11:50 - enemigo - [DEBUG] - [Enemigo_1] Sin mov. entero para CH. HB: (603, 203), PosFlotante re-sincronizada a (603.00,203.00)
2025-05-19 17:11:50 - enemigo - [DEBUG] - [Enemigo_2] --- Inicio Update IA --- Delta: 0.0160s. Pos ANTES: HB (403, 463), Rect (400, 460), Flot (403.00, 463.00)
2025-05-19 17:11:50 - enemigo - [DEBUG] - [Enemigo_2] Target (centro (416, 317)), Dist: 156.00. Mi Centro HB: (416, 473)
2025-05-19 17:11:50 - enemigo - [DEBUG] - [Enemigo_2] EN RANGO AGRO. Input IA (vel): (0.00, -70.00)
2025-05-19 17:11:50 - enemigo - [DEBUG] - [Enemigo_2] Pos flotante (post-IA y delta): (403.0000, 461.8800)
2025-05-19 17:11:50 - enemigo - [DEBUG] - [Enemigo_2] Solicita movimiento a CH (deltas enteros): dx_int=0, dy_int=-2. HB Actual: (403, 463) (Flotantes totales: dx=0.0000, dy=-1.1200)
2025-05-19 17:11:50 - enemigo - [DEBUG] - [Enemigo_2] Inicia _mover_y_colisionar_con_obstaculos. dx_int=0, dy_int=-2. HB Actual: (403, 463)
2025-05-19 17:11:50 - enemigo - [DEBUG] - [Enemigo_2] Hitbox recentrado (enemigo): (416, 471) (Rect center: (416, 471))
2025-05-19 17:11:50 - enemigo - [DEBUG] - [Enemigo_2] _mover_y_colisionar: HB Antes CH: (403,463), HB Despues CH y Sinc: (403,461), Rect: (400, 458), PosFlotante: (403.00,461.00)
2025-05-19 17:11:50 - enemigo - [DEBUG] - [Enemigo_2] Posición DESPUÉS de mov/col: HB (403, 461), Rect (400, 458), Flot (403.00, 461.00)
2025-05-19 17:11:50 - enemigo - [DEBUG] - [Enemigo_1] --- Inicio Update IA --- Delta: 0.0170s. Pos ANTES: HB (603, 203), Rect (600, 200), Flot (603.00, 203.00)
2025-05-19 17:11:50 - enemigo - [DEBUG] - [Enemigo_2] --- Inicio Update IA --- Delta: 0.0170s. Pos ANTES: HB (403, 461), Rect (400, 458), Flot (403.00, 461.00)
2025-05-19 17:11:50 - enemigo - [DEBUG] - [Enemigo_2] Target (centro (416, 317)), Dist: 154.00. Mi Centro HB: (416, 471)
2025-05-19 17:11:50 - enemigo - [DEBUG] - [Enemigo_2] Pos flotante (post-IA y delta): (403.0000, 459.8100)
2025-05-19 17:11:50 - enemigo - [DEBUG] - [Enemigo_2] Solicita movimiento a CH (deltas enteros): dx_int=0, dy_int=-2. HB Actual: (403, 461) (Flotantes totales: dx=0.0000, dy=-1.1900)
2025-05-19 17:11:50 - enemigo - [DEBUG] - [Enemigo_2] Inicia _mover_y_colisionar_con_obstaculos. dx_int=0, dy_int=-2. HB Actual: (403, 461)
2025-05-19 17:11:50 - enemigo - [DEBUG] - [Enemigo_2] Hitbox recentrado (enemigo): (416, 469) (Rect center: (416, 469))
2025-05-19 17:11:50 - enemigo - [DEBUG] - [Enemigo_2] _mover_y_colisionar: HB Antes CH: (403,461), HB Despues CH y Sinc: (403,459), Rect: (400, 456), PosFlotante: (403.00,459.00)
2025-05-19 17:11:50 - enemigo - [DEBUG] - [Enemigo_2] Posición DESPUÉS de mov/col: HB (403, 459), Rect (400, 456), Flot (403.00, 459.00)
2025-05-19 17:11:50 - enemigo - [DEBUG] - [Enemigo_2] --- Inicio Update IA --- Delta: 0.0170s. Pos ANTES: HB (403, 459), Rect (400, 456), Flot (403.00, 459.00)
2025-05-19 17:11:50 - enemigo - [DEBUG] - [Enemigo_2] Target (centro (416, 317)), Dist: 152.00. Mi Centro HB: (416, 469)
2025-05-19 17:11:50 - enemigo - [DEBUG] - [Enemigo_2] Pos flotante (post-IA y delta): (403.0000, 457.8100)
2025-05-19 17:11:50 - enemigo - [DEBUG] - [Enemigo_2] Solicita movimiento a CH (deltas enteros): dx_int=0, dy_int=-2. HB Actual: (403, 459) (Flotantes totales: dx=0.0000, dy=-1.1900)
2025-05-19 17:11:50 - enemigo - [DEBUG] - [Enemigo_2] Inicia _mover_y_colisionar_con_obstaculos. dx_int=0, dy_int=-2. HB Actual: (403, 459)
2025-05-19 17:11:50 - enemigo - [DEBUG] - [Enemigo_2] Hitbox recentrado (enemigo): (416, 467) (Rect center: (416, 467))
2025-05-19 17:11:50 - enemigo - [DEBUG] - [Enemigo_2] _mover_y_colisionar: HB Antes CH: (403,459), HB Despues CH y Sinc: (403,457), Rect: (400, 454), PosFlotante: (403.00,457.00)
2025-05-19 17:11:50 - enemigo - [DEBUG] - [Enemigo_2] Posición DESPUÉS de mov/col: HB (403, 457), Rect (400, 454), Flot (403.00, 457.00)
2025-05-19 17:11:50 - enemigo - [DEBUG] - [Enemigo_1] Target (centro (416, 317)), Dist: 225.42. Mi Centro HB: (616, 213)
2025-05-19 17:11:50 - enemigo - [DEBUG] - [Enemigo_1] FUERA DE RANGO AGRO/DEMASIADO CERCA. No se calcula mov.
2025-05-19 17:11:50 - enemigo - [DEBUG] - [Enemigo_1] Pos flotante (post-IA y delta): (603.0000, 203.0000)
2025-05-19 17:11:50 - enemigo - [DEBUG] - [Enemigo_1] Sin mov. entero para CH. HB: (603, 203), PosFlotante re-sincronizada a (603.00,203.00)
2025-05-19 17:11:50 - enemigo - [DEBUG] - [Enemigo_2] --- Inicio Update IA --- Delta: 0.0170s. Pos ANTES: HB (403, 457), Rect (400, 454), Flot (403.00, 457.00)
2025-05-19 17:11:50 - enemigo - [DEBUG] - [Enemigo_2] Target (centro (416, 317)), Dist: 150.00. Mi Centro HB: (416, 467)
2025-05-19 17:11:50 - enemigo - [DEBUG] - [Enemigo_2] EN RANGO AGRO. Input IA (vel): (0.00, -70.00)
2025-05-19 17:11:50 - enemigo - [DEBUG] - [Enemigo_2] Pos flotante (post-IA y delta): (403.0000, 455.8100)
2025-05-19 17:11:50 - enemigo - [DEBUG] - [Enemigo_2] Solicita movimiento a CH (deltas enteros): dx_int=0, dy_int=-2. HB Actual: (403, 457) (Flotantes totales: dx=0.0000, dy=-1.1900)
2025-05-19 17:11:50 - enemigo - [DEBUG] - [Enemigo_2] Inicia _mover_y_colisionar_con_obstaculos. dx_int=0, dy_int=-2. HB Actual: (403, 457)
2025-05-19 17:11:50 - enemigo - [DEBUG] - [Enemigo_2] Hitbox recentrado (enemigo): (416, 465) (Rect center: (416, 465))
2025-05-19 17:11:50 - enemigo - [DEBUG] - [Enemigo_2] _mover_y_colisionar: HB Antes CH: (403,457), HB Despues CH y Sinc: (403,455), Rect: (400, 452), PosFlotante: (403.00,455.00)
2025-05-19 17:11:50 - enemigo - [DEBUG] - [Enemigo_2] Posición DESPUÉS de mov/col: HB (403, 455), Rect (400, 452), Flot (403.00, 455.00)
2025-05-19 17:11:50 - enemigo - [DEBUG] - [Enemigo_1] --- Inicio Update IA --- Delta: 0.0170s. Pos ANTES: HB (603, 203), Rect (600, 200), Flot (603.00, 203.00)
2025-05-19 17:11:50 - enemigo - [DEBUG] - [Enemigo_2] --- Inicio Update IA --- Delta: 0.0170s. Pos ANTES: HB (403, 455), Rect (400, 452), Flot (403.00, 455.00)
2025-05-19 17:11:50 - enemigo - [DEBUG] - [Enemigo_2] Target (centro (416, 317)), Dist: 148.00. Mi Centro HB: (416, 465)
2025-05-19 17:11:50 - enemigo - [DEBUG] - [Enemigo_2] Pos flotante (post-IA y delta): (403.0000, 453.8100)
2025-05-19 17:11:50 - enemigo - [DEBUG] - [Enemigo_2] Solicita movimiento a CH (deltas enteros): dx_int=0, dy_int=-2. HB Actual: (403, 455) (Flotantes totales: dx=0.0000, dy=-1.1900)
2025-05-19 17:11:50 - enemigo - [DEBUG] - [Enemigo_2] Inicia _mover_y_colisionar_con_obstaculos. dx_int=0, dy_int=-2. HB Actual: (403, 455)
2025-05-19 17:11:50 - enemigo - [DEBUG] - [Enemigo_2] Hitbox recentrado (enemigo): (416, 463) (Rect center: (416, 463))
2025-05-19 17:11:50 - enemigo - [DEBUG] - [Enemigo_2] _mover_y_colisionar: HB Antes CH: (403,455), HB Despues CH y Sinc: (403,453), Rect: (400, 450), PosFlotante: (403.00,453.00)
2025-05-19 17:11:50 - enemigo - [DEBUG] - [Enemigo_2] Posición DESPUÉS de mov/col: HB (403, 453), Rect (400, 450), Flot (403.00, 453.00)
2025-05-19 17:11:50 - enemigo - [DEBUG] - [Enemigo_1] --- Inicio Update IA --- Delta: 0.0160s. Pos ANTES: HB (603, 203), Rect (600, 200), Flot (603.00, 203.00)
2025-05-19 17:11:50 - enemigo - [DEBUG] - [Enemigo_2] --- Inicio Update IA --- Delta: 0.0160s. Pos ANTES: HB (403, 453), Rect (400, 450), Flot (403.00, 453.00)
2025-05-19 17:11:50 - enemigo - [DEBUG] - [Enemigo_2] Target (centro (416, 317)), Dist: 146.00. Mi Centro HB: (416, 463)
2025-05-19 17:11:50 - enemigo - [DEBUG] - [Enemigo_2] Pos flotante (post-IA y delta): (403.0000, 451.8800)
2025-05-19 17:11:50 - enemigo - [DEBUG] - [Enemigo_2] Solicita movimiento a CH (deltas enteros): dx_int=0, dy_int=-2. HB Actual: (403, 453) (Flotantes totales: dx=0.0000, dy=-1.1200)
2025-05-19 17:11:50 - enemigo - [DEBUG] - [Enemigo_2] Inicia _mover_y_colisionar_con_obstaculos. dx_int=0, dy_int=-2. HB Actual: (403, 453)
2025-05-19 17:11:50 - enemigo - [DEBUG] - [Enemigo_2] Hitbox recentrado (enemigo): (416, 461) (Rect center: (416, 461))
2025-05-19 17:11:50 - enemigo - [DEBUG] - [Enemigo_2] _mover_y_colisionar: HB Antes CH: (403,453), HB Despues CH y Sinc: (403,451), Rect: (400, 448), PosFlotante: (403.00,451.00)
2025-05-19 17:11:50 - enemigo - [DEBUG] - [Enemigo_2] Posición DESPUÉS de mov/col: HB (403, 451), Rect (400, 448), Flot (403.00, 451.00)
2025-05-19 17:11:50 - enemigo - [DEBUG] - [Enemigo_1] Target (centro (416, 317)), Dist: 225.42. Mi Centro HB: (616, 213)
2025-05-19 17:11:50 - enemigo - [DEBUG] - [Enemigo_1] FUERA DE RANGO AGRO/DEMASIADO CERCA. No se calcula mov.
2025-05-19 17:11:50 - enemigo - [DEBUG] - [Enemigo_1] Pos flotante (post-IA y delta): (603.0000, 203.0000)
2025-05-19 17:11:50 - enemigo - [DEBUG] - [Enemigo_1] Sin mov. entero para CH. HB: (603, 203), PosFlotante re-sincronizada a (603.00,203.00)
2025-05-19 17:11:50 - enemigo - [DEBUG] - [Enemigo_2] --- Inicio Update IA --- Delta: 0.0170s. Pos ANTES: HB (403, 451), Rect (400, 448), Flot (403.00, 451.00)
2025-05-19 17:11:50 - enemigo - [DEBUG] - [Enemigo_2] Target (centro (416, 317)), Dist: 144.00. Mi Centro HB: (416, 461)
2025-05-19 17:11:50 - enemigo - [DEBUG] - [Enemigo_2] EN RANGO AGRO. Input IA (vel): (0.00, -70.00)
2025-05-19 17:11:50 - enemigo - [DEBUG] - [Enemigo_2] Pos flotante (post-IA y delta): (403.0000, 449.8100)
2025-05-19 17:11:50 - enemigo - [DEBUG] - [Enemigo_2] Solicita movimiento a CH (deltas enteros): dx_int=0, dy_int=-2. HB Actual: (403, 451) (Flotantes totales: dx=0.0000, dy=-1.1900)
2025-05-19 17:11:50 - enemigo - [DEBUG] - [Enemigo_2] Inicia _mover_y_colisionar_con_obstaculos. dx_int=0, dy_int=-2. HB Actual: (403, 451)
2025-05-19 17:11:50 - enemigo - [DEBUG] - [Enemigo_2] Hitbox recentrado (enemigo): (416, 459) (Rect center: (416, 459))
2025-05-19 17:11:50 - enemigo - [DEBUG] - [Enemigo_2] _mover_y_colisionar: HB Antes CH: (403,451), HB Despues CH y Sinc: (403,449), Rect: (400, 446), PosFlotante: (403.00,449.00)
2025-05-19 17:11:50 - enemigo - [DEBUG] - [Enemigo_2] Posición DESPUÉS de mov/col: HB (403, 449), Rect (400, 446), Flot (403.00, 449.00)
2025-05-19 17:11:50 - enemigo - [DEBUG] - [Enemigo_2] --- Inicio Update IA --- Delta: 0.0170s. Pos ANTES: HB (403, 449), Rect (400, 446), Flot (403.00, 449.00)
2025-05-19 17:11:50 - enemigo - [DEBUG] - [Enemigo_2] Target (centro (416, 317)), Dist: 142.00. Mi Centro HB: (416, 459)
2025-05-19 17:11:50 - enemigo - [DEBUG] - [Enemigo_2] Pos flotante (post-IA y delta): (403.0000, 447.8100)
2025-05-19 17:11:50 - enemigo - [DEBUG] - [Enemigo_2] Solicita movimiento a CH (deltas enteros): dx_int=0, dy_int=-2. HB Actual: (403, 449) (Flotantes totales: dx=0.0000, dy=-1.1900)
2025-05-19 17:11:50 - enemigo - [DEBUG] - [Enemigo_2] Inicia _mover_y_colisionar_con_obstaculos. dx_int=0, dy_int=-2. HB Actual: (403, 449)
2025-05-19 17:11:50 - enemigo - [DEBUG] - [Enemigo_2] Hitbox recentrado (enemigo): (416, 457) (Rect center: (416, 457))
2025-05-19 17:11:50 - enemigo - [DEBUG] - [Enemigo_2] _mover_y_colisionar: HB Antes CH: (403,449), HB Despues CH y Sinc: (403,447), Rect: (400, 444), PosFlotante: (403.00,447.00)
2025-05-19 17:11:50 - enemigo - [DEBUG] - [Enemigo_2] Posición DESPUÉS de mov/col: HB (403, 447), Rect (400, 444), Flot (403.00, 447.00)
2025-05-19 17:11:50 - enemigo - [DEBUG] - [Enemigo_1] --- Inicio Update IA --- Delta: 0.0170s. Pos ANTES: HB (603, 203), Rect (600, 200), Flot (603.00, 203.00)
2025-05-19 17:11:50 - enemigo - [DEBUG] - [Enemigo_2] --- Inicio Update IA --- Delta: 0.0170s. Pos ANTES: HB (403, 447), Rect (400, 444), Flot (403.00, 447.00)
2025-05-19 17:11:50 - enemigo - [DEBUG] - [Enemigo_2] Target (centro (416, 317)), Dist: 140.00. Mi Centro HB: (416, 457)
2025-05-19 17:11:50 - enemigo - [DEBUG] - [Enemigo_2] Pos flotante (post-IA y delta): (403.0000, 445.8100)
2025-05-19 17:11:50 - enemigo - [DEBUG] - [Enemigo_2] Solicita movimiento a CH (deltas enteros): dx_int=0, dy_int=-2. HB Actual: (403, 447) (Flotantes totales: dx=0.0000, dy=-1.1900)
2025-05-19 17:11:50 - enemigo - [DEBUG] - [Enemigo_2] Inicia _mover_y_colisionar_con_obstaculos. dx_int=0, dy_int=-2. HB Actual: (403, 447)
2025-05-19 17:11:50 - enemigo - [DEBUG] - [Enemigo_2] Hitbox recentrado (enemigo): (416, 455) (Rect center: (416, 455))
2025-05-19 17:11:50 - enemigo - [DEBUG] - [Enemigo_2] _mover_y_colisionar: HB Antes CH: (403,447), HB Despues CH y Sinc: (403,445), Rect: (400, 442), PosFlotante: (403.00,445.00)
2025-05-19 17:11:50 - enemigo - [DEBUG] - [Enemigo_2] Posición DESPUÉS de mov/col: HB (403, 445), Rect (400, 442), Flot (403.00, 445.00)
2025-05-19 17:11:50 - enemigo - [DEBUG] - [Enemigo_1] --- Inicio Update IA --- Delta: 0.0160s. Pos ANTES: HB (603, 203), Rect (600, 200), Flot (603.00, 203.00)
2025-05-19 17:11:50 - enemigo - [DEBUG] - [Enemigo_1] Target (centro (416, 317)), Dist: 225.42. Mi Centro HB: (616, 213)
2025-05-19 17:11:50 - enemigo - [DEBUG] - [Enemigo_1] FUERA DE RANGO AGRO/DEMASIADO CERCA. No se calcula mov.
2025-05-19 17:11:50 - enemigo - [DEBUG] - [Enemigo_1] Pos flotante (post-IA y delta): (603.0000, 203.0000)
2025-05-19 17:11:50 - enemigo - [DEBUG] - [Enemigo_1] Sin mov. entero para CH. HB: (603, 203), PosFlotante re-sincronizada a (603.00,203.00)
2025-05-19 17:11:50 - enemigo - [DEBUG] - [Enemigo_2] --- Inicio Update IA --- Delta: 0.0160s. Pos ANTES: HB (403, 445), Rect (400, 442), Flot (403.00, 445.00)
2025-05-19 17:11:50 - enemigo - [DEBUG] - [Enemigo_2] Target (centro (416, 317)), Dist: 138.00. Mi Centro HB: (416, 455)
2025-05-19 17:11:50 - enemigo - [DEBUG] - [Enemigo_2] EN RANGO AGRO. Input IA (vel): (0.00, -70.00)
2025-05-19 17:11:50 - enemigo - [DEBUG] - [Enemigo_2] Pos flotante (post-IA y delta): (403.0000, 443.8800)
2025-05-19 17:11:50 - enemigo - [DEBUG] - [Enemigo_2] Solicita movimiento a CH (deltas enteros): dx_int=0, dy_int=-2. HB Actual: (403, 445) (Flotantes totales: dx=0.0000, dy=-1.1200)
2025-05-19 17:11:50 - enemigo - [DEBUG] - [Enemigo_2] Inicia _mover_y_colisionar_con_obstaculos. dx_int=0, dy_int=-2. HB Actual: (403, 445)
2025-05-19 17:11:50 - enemigo - [DEBUG] - [Enemigo_2] Hitbox recentrado (enemigo): (416, 453) (Rect center: (416, 453))
2025-05-19 17:11:50 - enemigo - [DEBUG] - [Enemigo_2] _mover_y_colisionar: HB Antes CH: (403,445), HB Despues CH y Sinc: (403,443), Rect: (400, 440), PosFlotante: (403.00,443.00)
2025-05-19 17:11:50 - enemigo - [DEBUG] - [Enemigo_2] Posición DESPUÉS de mov/col: HB (403, 443), Rect (400, 440), Flot (403.00, 443.00)
2025-05-19 17:11:50 - enemigo - [DEBUG] - [Enemigo_1] Target (centro (419, 317)), Dist: 222.77. Mi Centro HB: (616, 213)
2025-05-19 17:11:50 - enemigo - [DEBUG] - [Enemigo_2] --- Inicio Update IA --- Delta: 0.0170s. Pos ANTES: HB (403, 443), Rect (400, 440), Flot (403.00, 443.00)
2025-05-19 17:11:50 - enemigo - [DEBUG] - [Enemigo_2] Target (centro (419, 317)), Dist: 136.03. Mi Centro HB: (416, 453)
2025-05-19 17:11:50 - enemigo - [DEBUG] - [Enemigo_2] EN RANGO AGRO. Input IA (vel): (1.54, -69.98)
2025-05-19 17:11:50 - enemigo - [DEBUG] - [Enemigo_2] Pos flotante (post-IA y delta): (403.0262, 441.8103)
2025-05-19 17:11:50 - enemigo - [DEBUG] - [Enemigo_2] Solicita movimiento a CH (deltas enteros): dx_int=1, dy_int=-2. HB Actual: (403, 443) (Flotantes totales: dx=0.0262, dy=-1.1897)
2025-05-19 17:11:50 - enemigo - [DEBUG] - [Enemigo_2] Inicia _mover_y_colisionar_con_obstaculos. dx_int=1, dy_int=-2. HB Actual: (403, 443)
2025-05-19 17:11:50 - enemigo - [DEBUG] - [Enemigo_2] Hitbox recentrado (enemigo): (417, 451) (Rect center: (417, 451))
2025-05-19 17:11:50 - enemigo - [DEBUG] - [Enemigo_2] _mover_y_colisionar: HB Antes CH: (403,443), HB Despues CH y Sinc: (404,441), Rect: (401, 438), PosFlotante: (404.00,441.00)
2025-05-19 17:11:50 - enemigo - [DEBUG] - [Enemigo_2] Posición DESPUÉS de mov/col: HB (404, 441), Rect (401, 438), Flot (404.00, 441.00)
2025-05-19 17:11:50 - enemigo - [DEBUG] - [Enemigo_1] Target (centro (423, 317)), Dist: 219.24. Mi Centro HB: (616, 213)
2025-05-19 17:11:50 - enemigo - [DEBUG] - [Enemigo_2] --- Inicio Update IA --- Delta: 0.0160s. Pos ANTES: HB (404, 441), Rect (401, 438), Flot (404.00, 441.00)
2025-05-19 17:11:50 - enemigo - [DEBUG] - [Enemigo_2] Target (centro (423, 317)), Dist: 134.13. Mi Centro HB: (417, 451)
2025-05-19 17:11:50 - enemigo - [DEBUG] - [Enemigo_2] EN RANGO AGRO. Input IA (vel): (3.13, -69.93)
2025-05-19 17:11:50 - enemigo - [DEBUG] - [Enemigo_2] Pos flotante (post-IA y delta): (404.0501, 439.8811)
2025-05-19 17:11:50 - enemigo - [DEBUG] - [Enemigo_2] Solicita movimiento a CH (deltas enteros): dx_int=1, dy_int=-2. HB Actual: (404, 441) (Flotantes totales: dx=0.0501, dy=-1.1189)
2025-05-19 17:11:50 - enemigo - [DEBUG] - [Enemigo_2] Inicia _mover_y_colisionar_con_obstaculos. dx_int=1, dy_int=-2. HB Actual: (404, 441)
2025-05-19 17:11:50 - enemigo - [DEBUG] - [Enemigo_2] Hitbox recentrado (enemigo): (418, 449) (Rect center: (418, 449))
2025-05-19 17:11:50 - enemigo - [DEBUG] - [Enemigo_2] _mover_y_colisionar: HB Antes CH: (404,441), HB Despues CH y Sinc: (405,439), Rect: (402, 436), PosFlotante: (405.00,439.00)
2025-05-19 17:11:50 - enemigo - [DEBUG] - [Enemigo_2] Posición DESPUÉS de mov/col: HB (405, 439), Rect (402, 436), Flot (405.00, 439.00)
2025-05-19 17:11:50 - enemigo - [DEBUG] - [Enemigo_1] Target (centro (426, 317)), Dist: 216.60. Mi Centro HB: (616, 213)
2025-05-19 17:11:50 - enemigo - [DEBUG] - [Enemigo_2] --- Inicio Update IA --- Delta: 0.0160s. Pos ANTES: HB (405, 439), Rect (402, 436), Flot (405.00, 439.00)
2025-05-19 17:11:50 - enemigo - [DEBUG] - [Enemigo_2] Target (centro (426, 317)), Dist: 132.24. Mi Centro HB: (418, 449)
2025-05-19 17:11:50 - enemigo - [DEBUG] - [Enemigo_2] EN RANGO AGRO. Input IA (vel): (4.23, -69.87)
2025-05-19 17:11:50 - enemigo - [DEBUG] - [Enemigo_2] Pos flotante (post-IA y delta): (405.0678, 437.8821)
2025-05-19 17:11:50 - enemigo - [DEBUG] - [Enemigo_2] Solicita movimiento a CH (deltas enteros): dx_int=1, dy_int=-2. HB Actual: (405, 439) (Flotantes totales: dx=0.0678, dy=-1.1179)
2025-05-19 17:11:50 - enemigo - [DEBUG] - [Enemigo_2] Inicia _mover_y_colisionar_con_obstaculos. dx_int=1, dy_int=-2. HB Actual: (405, 439)
2025-05-19 17:11:50 - enemigo - [DEBUG] - [Enemigo_2] Hitbox recentrado (enemigo): (419, 447) (Rect center: (419, 447))
2025-05-19 17:11:50 - enemigo - [DEBUG] - [Enemigo_2] _mover_y_colisionar: HB Antes CH: (405,439), HB Despues CH y Sinc: (406,437), Rect: (403, 434), PosFlotante: (406.00,437.00)
2025-05-19 17:11:50 - enemigo - [DEBUG] - [Enemigo_2] Posición DESPUÉS de mov/col: HB (406, 437), Rect (403, 434), Flot (406.00, 437.00)
2025-05-19 17:11:50 - enemigo - [DEBUG] - [Enemigo_1] --- Inicio Update IA --- Delta: 0.0160s. Pos ANTES: HB (603, 203), Rect (600, 200), Flot (603.00, 203.00)
2025-05-19 17:11:50 - enemigo - [DEBUG] - [Enemigo_1] Target (centro (429, 317)), Dist: 213.97. Mi Centro HB: (616, 213)
2025-05-19 17:11:50 - enemigo - [DEBUG] - [Enemigo_1] FUERA DE RANGO AGRO/DEMASIADO CERCA. No se calcula mov.
2025-05-19 17:11:50 - enemigo - [DEBUG] - [Enemigo_1] Pos flotante (post-IA y delta): (603.0000, 203.0000)
2025-05-19 17:11:50 - enemigo - [DEBUG] - [Enemigo_1] Sin mov. entero para CH. HB: (603, 203), PosFlotante re-sincronizada a (603.00,203.00)
2025-05-19 17:11:50 - enemigo - [DEBUG] - [Enemigo_2] --- Inicio Update IA --- Delta: 0.0160s. Pos ANTES: HB (406, 437), Rect (403, 434), Flot (406.00, 437.00)
2025-05-19 17:11:50 - enemigo - [DEBUG] - [Enemigo_2] Target (centro (429, 317)), Dist: 130.38. Mi Centro HB: (419, 447)
2025-05-19 17:11:50 - enemigo - [DEBUG] - [Enemigo_2] EN RANGO AGRO. Input IA (vel): (5.37, -69.79)
2025-05-19 17:11:50 - enemigo - [DEBUG] - [Enemigo_2] Pos flotante (post-IA y delta): (406.0859, 435.8833)
2025-05-19 17:11:50 - enemigo - [DEBUG] - [Enemigo_2] Solicita movimiento a CH (deltas enteros): dx_int=1, dy_int=-2. HB Actual: (406, 437) (Flotantes totales: dx=0.0859, dy=-1.1167)
2025-05-19 17:11:50 - enemigo - [DEBUG] - [Enemigo_2] Inicia _mover_y_colisionar_con_obstaculos. dx_int=1, dy_int=-2. HB Actual: (406, 437)
2025-05-19 17:11:50 - enemigo - [DEBUG] - [Enemigo_2] Hitbox recentrado (enemigo): (420, 445) (Rect center: (420, 445))
2025-05-19 17:11:50 - enemigo - [DEBUG] - [Enemigo_2] _mover_y_colisionar: HB Antes CH: (406,437), HB Despues CH y Sinc: (407,435), Rect: (404, 432), PosFlotante: (407.00,435.00)
2025-05-19 17:11:50 - enemigo - [DEBUG] - [Enemigo_2] Posición DESPUÉS de mov/col: HB (407, 435), Rect (404, 432), Flot (407.00, 435.00)
2025-05-19 17:11:50 - enemigo - [DEBUG] - [Enemigo_1] --- Inicio Update IA --- Delta: 0.0170s. Pos ANTES: HB (603, 203), Rect (600, 200), Flot (603.00, 203.00)
2025-05-19 17:11:50 - enemigo - [DEBUG] - [Enemigo_1] Target (centro (432, 317)), Dist: 211.36. Mi Centro HB: (616, 213)
2025-05-19 17:11:50 - enemigo - [DEBUG] - [Enemigo_2] --- Inicio Update IA --- Delta: 0.0170s. Pos ANTES: HB (407, 435), Rect (404, 432), Flot (407.00, 435.00)
2025-05-19 17:11:50 - enemigo - [DEBUG] - [Enemigo_2] Target (centro (432, 317)), Dist: 128.56. Mi Centro HB: (420, 445)
2025-05-19 17:11:50 - enemigo - [DEBUG] - [Enemigo_2] EN RANGO AGRO. Input IA (vel): (6.53, -69.69)
2025-05-19 17:11:50 - enemigo - [DEBUG] - [Enemigo_2] Pos flotante (post-IA y delta): (407.1111, 433.8152)
2025-05-19 17:11:50 - enemigo - [DEBUG] - [Enemigo_2] Solicita movimiento a CH (deltas enteros): dx_int=1, dy_int=-2. HB Actual: (407, 435) (Flotantes totales: dx=0.1111, dy=-1.1848)
2025-05-19 17:11:50 - enemigo - [DEBUG] - [Enemigo_2] Inicia _mover_y_colisionar_con_obstaculos. dx_int=1, dy_int=-2. HB Actual: (407, 435)
2025-05-19 17:11:50 - enemigo - [DEBUG] - [Enemigo_2] Hitbox recentrado (enemigo): (421, 443) (Rect center: (421, 443))
2025-05-19 17:11:50 - enemigo - [DEBUG] - [Enemigo_2] _mover_y_colisionar: HB Antes CH: (407,435), HB Despues CH y Sinc: (408,433), Rect: (405, 430), PosFlotante: (408.00,433.00)
2025-05-19 17:11:50 - enemigo - [DEBUG] - [Enemigo_2] Posición DESPUÉS de mov/col: HB (408, 433), Rect (405, 430), Flot (408.00, 433.00)
2025-05-19 17:11:50 - enemigo - [DEBUG] - [Enemigo_1] Target (centro (436, 317)), Dist: 207.88. Mi Centro HB: (616, 213)
2025-05-19 17:11:50 - enemigo - [DEBUG] - [Enemigo_2] --- Inicio Update IA --- Delta: 0.0170s. Pos ANTES: HB (408, 433), Rect (405, 430), Flot (408.00, 433.00)
2025-05-19 17:11:50 - enemigo - [DEBUG] - [Enemigo_2] Target (centro (436, 317)), Dist: 126.89. Mi Centro HB: (421, 443)
2025-05-19 17:11:50 - enemigo - [DEBUG] - [Enemigo_2] EN RANGO AGRO. Input IA (vel): (8.27, -69.51)
2025-05-19 17:11:50 - enemigo - [DEBUG] - [Enemigo_2] Pos flotante (post-IA y delta): (408.1407, 431.8183)
2025-05-19 17:11:50 - enemigo - [DEBUG] - [Enemigo_2] Solicita movimiento a CH (deltas enteros): dx_int=1, dy_int=-2. HB Actual: (408, 433) (Flotantes totales: dx=0.1407, dy=-1.1817)
2025-05-19 17:11:50 - enemigo - [DEBUG] - [Enemigo_2] Inicia _mover_y_colisionar_con_obstaculos. dx_int=1, dy_int=-2. HB Actual: (408, 433)
2025-05-19 17:11:50 - enemigo - [DEBUG] - [Enemigo_2] Hitbox recentrado (enemigo): (422, 441) (Rect center: (422, 441))
2025-05-19 17:11:50 - enemigo - [DEBUG] - [Enemigo_2] _mover_y_colisionar: HB Antes CH: (408,433), HB Despues CH y Sinc: (409,431), Rect: (406, 428), PosFlotante: (409.00,431.00)
2025-05-19 17:11:50 - enemigo - [DEBUG] - [Enemigo_2] Posición DESPUÉS de mov/col: HB (409, 431), Rect (406, 428), Flot (409.00, 431.00)
2025-05-19 17:11:50 - enemigo - [DEBUG] - [Enemigo_1] Target (centro (440, 317)), Dist: 204.43. Mi Centro HB: (616, 213)
2025-05-19 17:11:50 - enemigo - [DEBUG] - [Enemigo_1] FUERA DE RANGO AGRO/DEMASIADO CERCA. No se calcula mov.
2025-05-19 17:11:50 - enemigo - [DEBUG] - [Enemigo_1] Pos flotante (post-IA y delta): (603.0000, 203.0000)
2025-05-19 17:11:50 - enemigo - [DEBUG] - [Enemigo_1] Sin mov. entero para CH. HB: (603, 203), PosFlotante re-sincronizada a (603.00,203.00)
2025-05-19 17:11:50 - enemigo - [DEBUG] - [Enemigo_2] --- Inicio Update IA --- Delta: 0.0170s. Pos ANTES: HB (409, 431), Rect (406, 428), Flot (409.00, 431.00)
2025-05-19 17:11:50 - enemigo - [DEBUG] - [Enemigo_2] Target (centro (440, 317)), Dist: 125.30. Mi Centro HB: (422, 441)
2025-05-19 17:11:50 - enemigo - [DEBUG] - [Enemigo_2] EN RANGO AGRO. Input IA (vel): (10.06, -69.27)
2025-05-19 17:11:50 - enemigo - [DEBUG] - [Enemigo_2] Pos flotante (post-IA y delta): (409.1710, 429.8223)
2025-05-19 17:11:50 - enemigo - [DEBUG] - [Enemigo_2] Solicita movimiento a CH (deltas enteros): dx_int=1, dy_int=-2. HB Actual: (409, 431) (Flotantes totales: dx=0.1710, dy=-1.1777)
2025-05-19 17:11:50 - enemigo - [DEBUG] - [Enemigo_2] Inicia _mover_y_colisionar_con_obstaculos. dx_int=1, dy_int=-2. HB Actual: (409, 431)
2025-05-19 17:11:50 - enemigo - [DEBUG] - [Enemigo_2] Hitbox recentrado (enemigo): (423, 439) (Rect center: (423, 439))
2025-05-19 17:11:50 - enemigo - [DEBUG] - [Enemigo_2] _mover_y_colisionar: HB Antes CH: (409,431), HB Despues CH y Sinc: (410,429), Rect: (407, 426), PosFlotante: (410.00,429.00)
2025-05-19 17:11:50 - enemigo - [DEBUG] - [Enemigo_2] Posición DESPUÉS de mov/col: HB (410, 429), Rect (407, 426), Flot (410.00, 429.00)
2025-05-19 17:11:50 - enemigo - [DEBUG] - [Enemigo_1] --- Inicio Update IA --- Delta: 0.0160s. Pos ANTES: HB (603, 203), Rect (600, 200), Flot (603.00, 203.00)
2025-05-19 17:11:50 - enemigo - [DEBUG] - [Enemigo_1] Target (centro (444, 317)), Dist: 201.00. Mi Centro HB: (616, 213)
2025-05-19 17:11:50 - enemigo - [DEBUG] - [Enemigo_2] --- Inicio Update IA --- Delta: 0.0160s. Pos ANTES: HB (410, 429), Rect (407, 426), Flot (410.00, 429.00)
2025-05-19 17:11:50 - enemigo - [DEBUG] - [Enemigo_2] Target (centro (444, 317)), Dist: 123.79. Mi Centro HB: (423, 439)
2025-05-19 17:11:50 - enemigo - [DEBUG] - [Enemigo_2] EN RANGO AGRO. Input IA (vel): (11.87, -68.99)
2025-05-19 17:11:50 - enemigo - [DEBUG] - [Enemigo_2] Pos flotante (post-IA y delta): (410.1900, 427.8962)
2025-05-19 17:11:50 - enemigo - [DEBUG] - [Enemigo_2] Solicita movimiento a CH (deltas enteros): dx_int=1, dy_int=-2. HB Actual: (410, 429) (Flotantes totales: dx=0.1900, dy=-1.1038)
2025-05-19 17:11:50 - enemigo - [DEBUG] - [Enemigo_2] Inicia _mover_y_colisionar_con_obstaculos. dx_int=1, dy_int=-2. HB Actual: (410, 429)
2025-05-19 17:11:50 - enemigo - [DEBUG] - [Enemigo_2] Hitbox recentrado (enemigo): (424, 437) (Rect center: (424, 437))
2025-05-19 17:11:50 - enemigo - [DEBUG] - [Enemigo_2] _mover_y_colisionar: HB Antes CH: (410,429), HB Despues CH y Sinc: (411,427), Rect: (408, 424), PosFlotante: (411.00,427.00)
2025-05-19 17:11:50 - enemigo - [DEBUG] - [Enemigo_2] Posición DESPUÉS de mov/col: HB (411, 427), Rect (408, 424), Flot (411.00, 427.00)
2025-05-19 17:11:50 - enemigo - [DEBUG] - [Enemigo_1] Target (centro (447, 317)), Dist: 198.44. Mi Centro HB: (616, 213)
2025-05-19 17:11:50 - enemigo - [DEBUG] - [Enemigo_1] EN RANGO AGRO. Input IA (vel): (-59.62, 36.69)
2025-05-19 17:11:50 - enemigo - [DEBUG] - [Enemigo_1] Pos flotante (post-IA y delta): (602.0461, 203.5870)
2025-05-19 17:11:50 - enemigo - [DEBUG] - [Enemigo_1] Solicita movimiento a CH (deltas enteros): dx_int=-1, dy_int=1. HB Actual: (603, 203) (Flotantes totales: dx=-0.9539, dy=0.5870)
2025-05-19 17:11:50 - enemigo - [DEBUG] - [Enemigo_1] Inicia _mover_y_colisionar_con_obstaculos. dx_int=-1, dy_int=1. HB Actual: (603, 203)
2025-05-19 17:11:50 - enemigo - [DEBUG] - [Enemigo_1] Hitbox recentrado (enemigo): (615, 214) (Rect center: (615, 214))
2025-05-19 17:11:50 - enemigo - [DEBUG] - [Enemigo_1] _mover_y_colisionar: HB Antes CH: (603,203), HB Despues CH y Sinc: (602,204), Rect: (599, 201), PosFlotante: (602.00,204.00)
2025-05-19 17:11:50 - enemigo - [DEBUG] - [Enemigo_1] Posición DESPUÉS de mov/col: HB (602, 204), Rect (599, 201), Flot (602.00, 204.00)
2025-05-19 17:11:50 - enemigo - [DEBUG] - [Enemigo_2] --- Inicio Update IA --- Delta: 0.0160s. Pos ANTES: HB (411, 427), Rect (408, 424), Flot (411.00, 427.00)
2025-05-19 17:11:50 - enemigo - [DEBUG] - [Enemigo_2] Target (centro (447, 317)), Dist: 122.18. Mi Centro HB: (424, 437)
2025-05-19 17:11:50 - enemigo - [DEBUG] - [Enemigo_2] EN RANGO AGRO. Input IA (vel): (13.18, -68.75)
2025-05-19 17:11:50 - enemigo - [DEBUG] - [Enemigo_2] Pos flotante (post-IA y delta): (411.2108, 425.9000)
2025-05-19 17:11:50 - enemigo - [DEBUG] - [Enemigo_2] Solicita movimiento a CH (deltas enteros): dx_int=1, dy_int=-2. HB Actual: (411, 427) (Flotantes totales: dx=0.2108, dy=-1.1000)
2025-05-19 17:11:50 - enemigo - [DEBUG] - [Enemigo_2] Inicia _mover_y_colisionar_con_obstaculos. dx_int=1, dy_int=-2. HB Actual: (411, 427)
2025-05-19 17:11:50 - enemigo - [DEBUG] - [Enemigo_2] Hitbox recentrado (enemigo): (425, 435) (Rect center: (425, 435))
2025-05-19 17:11:50 - enemigo - [DEBUG] - [Enemigo_2] _mover_y_colisionar: HB Antes CH: (411,427), HB Despues CH y Sinc: (412,425), Rect: (409, 422), PosFlotante: (412.00,425.00)
2025-05-19 17:11:50 - enemigo - [DEBUG] - [Enemigo_2] Posición DESPUÉS de mov/col: HB (412, 425), Rect (409, 422), Flot (412.00, 425.00)
2025-05-19 17:11:50 - enemigo - [DEBUG] - [Enemigo_1] --- Inicio Update IA --- Delta: 0.0160s. Pos ANTES: HB (602, 204), Rect (599, 201), Flot (602.00, 204.00)
2025-05-19 17:11:50 - enemigo - [DEBUG] - [Enemigo_1] Target (centro (450, 317)), Dist: 194.51. Mi Centro HB: (615, 214)
2025-05-19 17:11:50 - enemigo - [DEBUG] - [Enemigo_1] EN RANGO AGRO. Input IA (vel): (-59.38, 37.07)
2025-05-19 17:11:50 - enemigo - [DEBUG] - [Enemigo_1] Pos flotante (post-IA y delta): (601.0499, 204.5931)
2025-05-19 17:11:50 - enemigo - [DEBUG] - [Enemigo_1] Solicita movimiento a CH (deltas enteros): dx_int=-1, dy_int=1. HB Actual: (602, 204) (Flotantes totales: dx=-0.9501, dy=0.5931)
2025-05-19 17:11:50 - enemigo - [DEBUG] - [Enemigo_1] Inicia _mover_y_colisionar_con_obstaculos. dx_int=-1, dy_int=1. HB Actual: (602, 204)
2025-05-19 17:11:50 - enemigo - [DEBUG] - [Enemigo_1] Hitbox recentrado (enemigo): (614, 215) (Rect center: (614, 215))
2025-05-19 17:11:50 - enemigo - [DEBUG] - [Enemigo_1] _mover_y_colisionar: HB Antes CH: (602,204), HB Despues CH y Sinc: (601,205), Rect: (598, 202), PosFlotante: (601.00,205.00)
2025-05-19 17:11:50 - enemigo - [DEBUG] - [Enemigo_1] Posición DESPUÉS de mov/col: HB (601, 205), Rect (598, 202), Flot (601.00, 205.00)
2025-05-19 17:11:50 - enemigo - [DEBUG] - [Enemigo_2] --- Inicio Update IA --- Delta: 0.0160s. Pos ANTES: HB (412, 425), Rect (409, 422), Flot (412.00, 425.00)
2025-05-19 17:11:50 - enemigo - [DEBUG] - [Enemigo_2] Target (centro (450, 317)), Dist: 120.62. Mi Centro HB: (425, 435)
2025-05-19 17:11:50 - enemigo - [DEBUG] - [Enemigo_2] EN RANGO AGRO. Input IA (vel): (14.51, -68.48)
2025-05-19 17:11:50 - enemigo - [DEBUG] - [Enemigo_2] Pos flotante (post-IA y delta): (412.2321, 423.9043)
2025-05-19 17:11:50 - enemigo - [DEBUG] - [Enemigo_2] Solicita movimiento a CH (deltas enteros): dx_int=1, dy_int=-2. HB Actual: (412, 425) (Flotantes totales: dx=0.2321, dy=-1.0957)
2025-05-19 17:11:50 - enemigo - [DEBUG] - [Enemigo_2] Inicia _mover_y_colisionar_con_obstaculos. dx_int=1, dy_int=-2. HB Actual: (412, 425)
2025-05-19 17:11:50 - enemigo - [DEBUG] - [Enemigo_2] Hitbox recentrado (enemigo): (426, 433) (Rect center: (426, 433))
2025-05-19 17:11:50 - enemigo - [DEBUG] - [Enemigo_2] _mover_y_colisionar: HB Antes CH: (412,425), HB Despues CH y Sinc: (413,423), Rect: (410, 420), PosFlotante: (413.00,423.00)
2025-05-19 17:11:50 - enemigo - [DEBUG] - [Enemigo_2] Posición DESPUÉS de mov/col: HB (413, 423), Rect (410, 420), Flot (413.00, 423.00)
2025-05-19 17:11:50 - enemigo - [DEBUG] - [Enemigo_1] --- Inicio Update IA --- Delta: 0.0160s. Pos ANTES: HB (601, 205), Rect (598, 202), Flot (601.00, 205.00)
2025-05-19 17:11:50 - enemigo - [DEBUG] - [Enemigo_1] Target (centro (453, 317)), Dist: 190.59. Mi Centro HB: (614, 215)
2025-05-19 17:11:50 - enemigo - [DEBUG] - [Enemigo_1] EN RANGO AGRO. Input IA (vel): (-59.13, 37.46)
2025-05-19 17:11:50 - enemigo - [DEBUG] - [Enemigo_1] Pos flotante (post-IA y delta): (600.0539, 205.5994)
2025-05-19 17:11:50 - enemigo - [DEBUG] - [Enemigo_1] Solicita movimiento a CH (deltas enteros): dx_int=-1, dy_int=1. HB Actual: (601, 205) (Flotantes totales: dx=-0.9461, dy=0.5994)
2025-05-19 17:11:50 - enemigo - [DEBUG] - [Enemigo_1] Inicia _mover_y_colisionar_con_obstaculos. dx_int=-1, dy_int=1. HB Actual: (601, 205)
2025-05-19 17:11:50 - enemigo - [DEBUG] - [Enemigo_1] Hitbox recentrado (enemigo): (613, 216) (Rect center: (613, 216))
2025-05-19 17:11:50 - enemigo - [DEBUG] - [Enemigo_1] _mover_y_colisionar: HB Antes CH: (601,205), HB Despues CH y Sinc: (600,206), Rect: (597, 203), PosFlotante: (600.00,206.00)
2025-05-19 17:11:50 - enemigo - [DEBUG] - [Enemigo_1] Posición DESPUÉS de mov/col: HB (600, 206), Rect (597, 203), Flot (600.00, 206.00)
2025-05-19 17:11:50 - enemigo - [DEBUG] - [Enemigo_2] --- Inicio Update IA --- Delta: 0.0160s. Pos ANTES: HB (413, 423), Rect (410, 420), Flot (413.00, 423.00)
2025-05-19 17:11:50 - enemigo - [DEBUG] - [Enemigo_2] Target (centro (453, 317)), Dist: 119.10. Mi Centro HB: (426, 433)
2025-05-19 17:11:50 - enemigo - [DEBUG] - [Enemigo_2] EN RANGO AGRO. Input IA (vel): (15.87, -68.18)
2025-05-19 17:11:50 - enemigo - [DEBUG] - [Enemigo_2] Pos flotante (post-IA y delta): (413.2539, 421.9092)
2025-05-19 17:11:50 - enemigo - [DEBUG] - [Enemigo_2] Solicita movimiento a CH (deltas enteros): dx_int=1, dy_int=-2. HB Actual: (413, 423) (Flotantes totales: dx=0.2539, dy=-1.0908)
2025-05-19 17:11:50 - enemigo - [DEBUG] - [Enemigo_2] Inicia _mover_y_colisionar_con_obstaculos. dx_int=1, dy_int=-2. HB Actual: (413, 423)
2025-05-19 17:11:50 - enemigo - [DEBUG] - [Enemigo_2] Hitbox recentrado (enemigo): (427, 431) (Rect center: (427, 431))
2025-05-19 17:11:50 - enemigo - [DEBUG] - [Enemigo_2] _mover_y_colisionar: HB Antes CH: (413,423), HB Despues CH y Sinc: (414,421), Rect: (411, 418), PosFlotante: (414.00,421.00)
2025-05-19 17:11:50 - enemigo - [DEBUG] - [Enemigo_2] Posición DESPUÉS de mov/col: HB (414, 421), Rect (411, 418), Flot (414.00, 421.00)
2025-05-19 17:11:50 - enemigo - [DEBUG] - [Enemigo_1] --- Inicio Update IA --- Delta: 0.0170s. Pos ANTES: HB (600, 206), Rect (597, 203), Flot (600.00, 206.00)
2025-05-19 17:11:50 - enemigo - [DEBUG] - [Enemigo_1] Target (centro (456, 317)), Dist: 186.68. Mi Centro HB: (613, 216)
2025-05-19 17:11:50 - enemigo - [DEBUG] - [Enemigo_1] EN RANGO AGRO. Input IA (vel): (-58.87, 37.87)
2025-05-19 17:11:50 - enemigo - [DEBUG] - [Enemigo_1] Pos flotante (post-IA y delta): (598.9992, 206.6438)
2025-05-19 17:11:50 - enemigo - [DEBUG] - [Enemigo_1] Solicita movimiento a CH (deltas enteros): dx_int=-2, dy_int=1. HB Actual: (600, 206) (Flotantes totales: dx=-1.0008, dy=0.6438)
2025-05-19 17:11:50 - enemigo - [DEBUG] - [Enemigo_1] Inicia _mover_y_colisionar_con_obstaculos. dx_int=-2, dy_int=1. HB Actual: (600, 206)
2025-05-19 17:11:50 - enemigo - [DEBUG] - [Enemigo_1] Hitbox recentrado (enemigo): (611, 217) (Rect center: (611, 217))
2025-05-19 17:11:50 - enemigo - [DEBUG] - [Enemigo_1] _mover_y_colisionar: HB Antes CH: (600,206), HB Despues CH y Sinc: (598,207), Rect: (595, 204), PosFlotante: (598.00,207.00)
2025-05-19 17:11:50 - enemigo - [DEBUG] - [Enemigo_1] Posición DESPUÉS de mov/col: HB (598, 207), Rect (595, 204), Flot (598.00, 207.00)
2025-05-19 17:11:50 - enemigo - [DEBUG] - [Enemigo_2] --- Inicio Update IA --- Delta: 0.0170s. Pos ANTES: HB (414, 421), Rect (411, 418), Flot (414.00, 421.00)
2025-05-19 17:11:50 - enemigo - [DEBUG] - [Enemigo_2] Target (centro (456, 317)), Dist: 117.63. Mi Centro HB: (427, 431)
2025-05-19 17:11:50 - enemigo - [DEBUG] - [Enemigo_2] EN RANGO AGRO. Input IA (vel): (17.26, -67.84)
2025-05-19 17:11:50 - enemigo - [DEBUG] - [Enemigo_2] Pos flotante (post-IA y delta): (414.2934, 419.8467)
2025-05-19 17:11:50 - enemigo - [DEBUG] - [Enemigo_2] Solicita movimiento a CH (deltas enteros): dx_int=1, dy_int=-2. HB Actual: (414, 421) (Flotantes totales: dx=0.2934, dy=-1.1533)
2025-05-19 17:11:50 - enemigo - [DEBUG] - [Enemigo_2] Inicia _mover_y_colisionar_con_obstaculos. dx_int=1, dy_int=-2. HB Actual: (414, 421)
2025-05-19 17:11:50 - enemigo - [DEBUG] - [Enemigo_2] Hitbox recentrado (enemigo): (428, 429) (Rect center: (428, 429))
2025-05-19 17:11:50 - enemigo - [DEBUG] - [Enemigo_2] _mover_y_colisionar: HB Antes CH: (414,421), HB Despues CH y Sinc: (415,419), Rect: (412, 416), PosFlotante: (415.00,419.00)
2025-05-19 17:11:50 - enemigo - [DEBUG] - [Enemigo_2] Posición DESPUÉS de mov/col: HB (415, 419), Rect (412, 416), Flot (415.00, 419.00)
2025-05-19 17:11:50 - enemigo - [DEBUG] - [Enemigo_1] --- Inicio Update IA --- Delta: 0.0160s. Pos ANTES: HB (598, 207), Rect (595, 204), Flot (598.00, 207.00)
2025-05-19 17:11:50 - enemigo - [DEBUG] - [Enemigo_1] Target (centro (460, 317)), Dist: 181.11. Mi Centro HB: (611, 217)
2025-05-19 17:11:50 - enemigo - [DEBUG] - [Enemigo_1] EN RANGO AGRO. Input IA (vel): (-58.36, 38.65)
2025-05-19 17:11:50 - enemigo - [DEBUG] - [Enemigo_1] Pos flotante (post-IA y delta): (597.0662, 207.6184)
2025-05-19 17:11:50 - enemigo - [DEBUG] - [Enemigo_1] Solicita movimiento a CH (deltas enteros): dx_int=-1, dy_int=1. HB Actual: (598, 207) (Flotantes totales: dx=-0.9338, dy=0.6184)
2025-05-19 17:11:50 - enemigo - [DEBUG] - [Enemigo_1] Inicia _mover_y_colisionar_con_obstaculos. dx_int=-1, dy_int=1. HB Actual: (598, 207)
2025-05-19 17:11:50 - enemigo - [DEBUG] - [Enemigo_1] Hitbox recentrado (enemigo): (610, 218) (Rect center: (610, 218))
2025-05-19 17:11:50 - enemigo - [DEBUG] - [Enemigo_1] _mover_y_colisionar: HB Antes CH: (598,207), HB Despues CH y Sinc: (597,208), Rect: (594, 205), PosFlotante: (597.00,208.00)
2025-05-19 17:11:50 - enemigo - [DEBUG] - [Enemigo_1] Posición DESPUÉS de mov/col: HB (597, 208), Rect (594, 205), Flot (597.00, 208.00)
2025-05-19 17:11:50 - enemigo - [DEBUG] - [Enemigo_2] --- Inicio Update IA --- Delta: 0.0160s. Pos ANTES: HB (415, 419), Rect (412, 416), Flot (415.00, 419.00)
2025-05-19 17:11:50 - enemigo - [DEBUG] - [Enemigo_2] Target (centro (460, 317)), Dist: 116.48. Mi Centro HB: (428, 429)
2025-05-19 17:11:50 - enemigo - [DEBUG] - [Enemigo_2] EN RANGO AGRO. Input IA (vel): (19.23, -67.31)
2025-05-19 17:11:50 - enemigo - [DEBUG] - [Enemigo_2] Pos flotante (post-IA y delta): (415.3077, 417.9231)
2025-05-19 17:11:50 - enemigo - [DEBUG] - [Enemigo_2] Solicita movimiento a CH (deltas enteros): dx_int=1, dy_int=-2. HB Actual: (415, 419) (Flotantes totales: dx=0.3077, dy=-1.0769)
2025-05-19 17:11:50 - enemigo - [DEBUG] - [Enemigo_2] Inicia _mover_y_colisionar_con_obstaculos. dx_int=1, dy_int=-2. HB Actual: (415, 419)
2025-05-19 17:11:50 - enemigo - [DEBUG] - [Enemigo_2] Hitbox recentrado (enemigo): (429, 427) (Rect center: (429, 427))
2025-05-19 17:11:50 - enemigo - [DEBUG] - [Enemigo_2] _mover_y_colisionar: HB Antes CH: (415,419), HB Despues CH y Sinc: (416,417), Rect: (413, 414), PosFlotante: (416.00,417.00)
2025-05-19 17:11:50 - enemigo - [DEBUG] - [Enemigo_2] Posición DESPUÉS de mov/col: HB (416, 417), Rect (413, 414), Flot (416.00, 417.00)
2025-05-19 17:11:50 - enemigo - [DEBUG] - [Enemigo_1] --- Inicio Update IA --- Delta: 0.0170s. Pos ANTES: HB (597, 208), Rect (594, 205), Flot (597.00, 208.00)
2025-05-19 17:11:50 - enemigo - [DEBUG] - [Enemigo_1] Target (centro (463, 314)), Dist: 175.57. Mi Centro HB: (610, 218)
2025-05-19 17:11:50 - enemigo - [DEBUG] - [Enemigo_1] EN RANGO AGRO. Input IA (vel): (-58.61, 38.28)
2025-05-19 17:11:50 - enemigo - [DEBUG] - [Enemigo_1] Pos flotante (post-IA y delta): (596.0036, 208.6507)
2025-05-19 17:11:50 - enemigo - [DEBUG] - [Enemigo_1] Solicita movimiento a CH (deltas enteros): dx_int=-1, dy_int=1. HB Actual: (597, 208) (Flotantes totales: dx=-0.9964, dy=0.6507)
2025-05-19 17:11:50 - enemigo - [DEBUG] - [Enemigo_1] Inicia _mover_y_colisionar_con_obstaculos. dx_int=-1, dy_int=1. HB Actual: (597, 208)
2025-05-19 17:11:50 - enemigo - [DEBUG] - [Enemigo_1] Hitbox recentrado (enemigo): (609, 219) (Rect center: (609, 219))
2025-05-19 17:11:50 - enemigo - [DEBUG] - [Enemigo_1] _mover_y_colisionar: HB Antes CH: (597,208), HB Despues CH y Sinc: (596,209), Rect: (593, 206), PosFlotante: (596.00,209.00)
2025-05-19 17:11:50 - enemigo - [DEBUG] - [Enemigo_1] Posición DESPUÉS de mov/col: HB (596, 209), Rect (593, 206), Flot (596.00, 209.00)
2025-05-19 17:11:50 - enemigo - [DEBUG] - [Enemigo_2] --- Inicio Update IA --- Delta: 0.0170s. Pos ANTES: HB (416, 417), Rect (413, 414), Flot (416.00, 417.00)
2025-05-19 17:11:50 - enemigo - [DEBUG] - [Enemigo_2] Target (centro (463, 314)), Dist: 118.00. Mi Centro HB: (429, 427)
2025-05-19 17:11:50 - enemigo - [DEBUG] - [Enemigo_2] EN RANGO AGRO. Input IA (vel): (20.17, -67.03)
2025-05-19 17:11:50 - enemigo - [DEBUG] - [Enemigo_2] Pos flotante (post-IA y delta): (416.3429, 415.8605)
2025-05-19 17:11:50 - enemigo - [DEBUG] - [Enemigo_2] Solicita movimiento a CH (deltas enteros): dx_int=1, dy_int=-2. HB Actual: (416, 417) (Flotantes totales: dx=0.3429, dy=-1.1395)
2025-05-19 17:11:50 - enemigo - [DEBUG] - [Enemigo_2] Inicia _mover_y_colisionar_con_obstaculos. dx_int=1, dy_int=-2. HB Actual: (416, 417)
2025-05-19 17:11:50 - enemigo - [DEBUG] - [Enemigo_2] Hitbox recentrado (enemigo): (430, 425) (Rect center: (430, 425))
2025-05-19 17:11:50 - enemigo - [DEBUG] - [Enemigo_2] _mover_y_colisionar: HB Antes CH: (416,417), HB Despues CH y Sinc: (417,415), Rect: (414, 412), PosFlotante: (417.00,415.00)
2025-05-19 17:11:50 - enemigo - [DEBUG] - [Enemigo_2] Posición DESPUÉS de mov/col: HB (417, 415), Rect (414, 412), Flot (417.00, 415.00)
2025-05-19 17:11:50 - enemigo - [DEBUG] - [Enemigo_1] --- Inicio Update IA --- Delta: 0.0170s. Pos ANTES: HB (596, 209), Rect (593, 206), Flot (596.00, 209.00)
2025-05-19 17:11:50 - enemigo - [DEBUG] - [Enemigo_1] Target (centro (467, 310)), Dist: 168.66. Mi Centro HB: (609, 219)
2025-05-19 17:11:50 - enemigo - [DEBUG] - [Enemigo_1] EN RANGO AGRO. Input IA (vel): (-58.94, 37.77)
2025-05-19 17:11:50 - enemigo - [DEBUG] - [Enemigo_1] Pos flotante (post-IA y delta): (594.9981, 209.6421)
2025-05-19 17:11:50 - enemigo - [DEBUG] - [Enemigo_1] Solicita movimiento a CH (deltas enteros): dx_int=-2, dy_int=1. HB Actual: (596, 209) (Flotantes totales: dx=-1.0019, dy=0.6421)
2025-05-19 17:11:50 - enemigo - [DEBUG] - [Enemigo_1] Inicia _mover_y_colisionar_con_obstaculos. dx_int=-2, dy_int=1. HB Actual: (596, 209)
2025-05-19 17:11:50 - enemigo - [DEBUG] - [Enemigo_1] Hitbox recentrado (enemigo): (607, 220) (Rect center: (607, 220))
2025-05-19 17:11:50 - enemigo - [DEBUG] - [Enemigo_1] _mover_y_colisionar: HB Antes CH: (596,209), HB Despues CH y Sinc: (594,210), Rect: (591, 207), PosFlotante: (594.00,210.00)
2025-05-19 17:11:50 - enemigo - [DEBUG] - [Enemigo_1] Posición DESPUÉS de mov/col: HB (594, 210), Rect (591, 207), Flot (594.00, 210.00)
2025-05-19 17:11:50 - enemigo - [DEBUG] - [Enemigo_2] --- Inicio Update IA --- Delta: 0.0170s. Pos ANTES: HB (417, 415), Rect (414, 412), Flot (417.00, 415.00)
2025-05-19 17:11:50 - enemigo - [DEBUG] - [Enemigo_2] Target (centro (467, 310)), Dist: 120.81. Mi Centro HB: (430, 425)
2025-05-19 17:11:50 - enemigo - [DEBUG] - [Enemigo_2] EN RANGO AGRO. Input IA (vel): (21.44, -66.64)
2025-05-19 17:11:50 - enemigo - [DEBUG] - [Enemigo_2] Pos flotante (post-IA y delta): (417.3645, 413.8672)
2025-05-19 17:11:50 - enemigo - [DEBUG] - [Enemigo_2] Solicita movimiento a CH (deltas enteros): dx_int=1, dy_int=-2. HB Actual: (417, 415) (Flotantes totales: dx=0.3645, dy=-1.1328)
2025-05-19 17:11:50 - enemigo - [DEBUG] - [Enemigo_2] Inicia _mover_y_colisionar_con_obstaculos. dx_int=1, dy_int=-2. HB Actual: (417, 415)
2025-05-19 17:11:50 - enemigo - [DEBUG] - [Enemigo_2] Hitbox recentrado (enemigo): (431, 423) (Rect center: (431, 423))
2025-05-19 17:11:50 - enemigo - [DEBUG] - [Enemigo_2] _mover_y_colisionar: HB Antes CH: (417,415), HB Despues CH y Sinc: (418,413), Rect: (415, 410), PosFlotante: (418.00,413.00)
2025-05-19 17:11:50 - enemigo - [DEBUG] - [Enemigo_2] Posición DESPUÉS de mov/col: HB (418, 413), Rect (415, 410), Flot (418.00, 413.00)
2025-05-19 17:11:50 - enemigo - [DEBUG] - [Enemigo_1] --- Inicio Update IA --- Delta: 0.0160s. Pos ANTES: HB (594, 210), Rect (591, 207), Flot (594.00, 210.00)
2025-05-19 17:11:50 - enemigo - [DEBUG] - [Enemigo_1] Target (centro (471, 306)), Dist: 160.91. Mi Centro HB: (607, 220)
2025-05-19 17:11:50 - enemigo - [DEBUG] - [Enemigo_1] EN RANGO AGRO. Input IA (vel): (-59.16, 37.41)
2025-05-19 17:11:50 - enemigo - [DEBUG] - [Enemigo_1] Pos flotante (post-IA y delta): (593.0534, 210.5986)
2025-05-19 17:11:50 - enemigo - [DEBUG] - [Enemigo_1] Solicita movimiento a CH (deltas enteros): dx_int=-1, dy_int=1. HB Actual: (594, 210) (Flotantes totales: dx=-0.9466, dy=0.5986)
2025-05-19 17:11:50 - enemigo - [DEBUG] - [Enemigo_1] Inicia _mover_y_colisionar_con_obstaculos. dx_int=-1, dy_int=1. HB Actual: (594, 210)
2025-05-19 17:11:50 - enemigo - [DEBUG] - [Enemigo_1] Hitbox recentrado (enemigo): (606, 221) (Rect center: (606, 221))
2025-05-19 17:11:50 - enemigo - [DEBUG] - [Enemigo_1] _mover_y_colisionar: HB Antes CH: (594,210), HB Despues CH y Sinc: (593,211), Rect: (590, 208), PosFlotante: (593.00,211.00)
2025-05-19 17:11:50 - enemigo - [DEBUG] - [Enemigo_1] Posición DESPUÉS de mov/col: HB (593, 211), Rect (590, 208), Flot (593.00, 211.00)
2025-05-19 17:11:50 - enemigo - [DEBUG] - [Enemigo_2] --- Inicio Update IA --- Delta: 0.0160s. Pos ANTES: HB (418, 413), Rect (415, 410), Flot (418.00, 413.00)
2025-05-19 17:11:50 - enemigo - [DEBUG] - [Enemigo_2] Target (centro (471, 306)), Dist: 123.65. Mi Centro HB: (431, 423)
2025-05-19 17:11:50 - enemigo - [DEBUG] - [Enemigo_2] EN RANGO AGRO. Input IA (vel): (22.64, -66.24)
2025-05-19 17:11:50 - enemigo - [DEBUG] - [Enemigo_2] Pos flotante (post-IA y delta): (418.3623, 411.9402)
2025-05-19 17:11:50 - enemigo - [DEBUG] - [Enemigo_2] Solicita movimiento a CH (deltas enteros): dx_int=1, dy_int=-2. HB Actual: (418, 413) (Flotantes totales: dx=0.3623, dy=-1.0598)
2025-05-19 17:11:50 - enemigo - [DEBUG] - [Enemigo_2] Inicia _mover_y_colisionar_con_obstaculos. dx_int=1, dy_int=-2. HB Actual: (418, 413)
2025-05-19 17:11:50 - enemigo - [DEBUG] - [Enemigo_2] Hitbox recentrado (enemigo): (432, 421) (Rect center: (432, 421))
2025-05-19 17:11:50 - enemigo - [DEBUG] - [Enemigo_2] _mover_y_colisionar: HB Antes CH: (418,413), HB Despues CH y Sinc: (419,411), Rect: (416, 408), PosFlotante: (419.00,411.00)
2025-05-19 17:11:50 - enemigo - [DEBUG] - [Enemigo_2] Posición DESPUÉS de mov/col: HB (419, 411), Rect (416, 408), Flot (419.00, 411.00)
2025-05-19 17:11:50 - enemigo - [DEBUG] - [Enemigo_1] --- Inicio Update IA --- Delta: 0.0170s. Pos ANTES: HB (593, 211), Rect (590, 208), Flot (593.00, 211.00)
2025-05-19 17:11:50 - enemigo - [DEBUG] - [Enemigo_1] Target (centro (474, 303)), Dist: 155.40. Mi Centro HB: (606, 221)
2025-05-19 17:11:50 - enemigo - [DEBUG] - [Enemigo_1] EN RANGO AGRO. Input IA (vel): (-59.46, 36.94)
2025-05-19 17:11:50 - enemigo - [DEBUG] - [Enemigo_1] Pos flotante (post-IA y delta): (591.9892, 211.6279)
2025-05-19 17:11:50 - enemigo - [DEBUG] - [Enemigo_1] Solicita movimiento a CH (deltas enteros): dx_int=-2, dy_int=1. HB Actual: (593, 211) (Flotantes totales: dx=-1.0108, dy=0.6279)
2025-05-19 17:11:50 - enemigo - [DEBUG] - [Enemigo_1] Inicia _mover_y_colisionar_con_obstaculos. dx_int=-2, dy_int=1. HB Actual: (593, 211)
2025-05-19 17:11:50 - enemigo - [DEBUG] - [Enemigo_1] Hitbox recentrado (enemigo): (604, 222) (Rect center: (604, 222))
2025-05-19 17:11:50 - enemigo - [DEBUG] - [Enemigo_1] _mover_y_colisionar: HB Antes CH: (593,211), HB Despues CH y Sinc: (591,212), Rect: (588, 209), PosFlotante: (591.00,212.00)
2025-05-19 17:11:50 - enemigo - [DEBUG] - [Enemigo_1] Posición DESPUÉS de mov/col: HB (591, 212), Rect (588, 209), Flot (591.00, 212.00)
2025-05-19 17:11:50 - enemigo - [DEBUG] - [Enemigo_2] --- Inicio Update IA --- Delta: 0.0170s. Pos ANTES: HB (419, 411), Rect (416, 408), Flot (419.00, 411.00)
2025-05-19 17:11:50 - enemigo - [DEBUG] - [Enemigo_2] Target (centro (474, 303)), Dist: 125.25. Mi Centro HB: (432, 421)
2025-05-19 17:11:50 - enemigo - [DEBUG] - [Enemigo_2] EN RANGO AGRO. Input IA (vel): (23.47, -65.95)
2025-05-19 17:11:50 - enemigo - [DEBUG] - [Enemigo_2] Pos flotante (post-IA y delta): (419.3990, 409.8789)
2025-05-19 17:11:50 - enemigo - [DEBUG] - [Enemigo_2] Solicita movimiento a CH (deltas enteros): dx_int=1, dy_int=-2. HB Actual: (419, 411) (Flotantes totales: dx=0.3990, dy=-1.1211)
2025-05-19 17:11:50 - enemigo - [DEBUG] - [Enemigo_2] Inicia _mover_y_colisionar_con_obstaculos. dx_int=1, dy_int=-2. HB Actual: (419, 411)
2025-05-19 17:11:50 - enemigo - [DEBUG] - [Enemigo_2] Hitbox recentrado (enemigo): (433, 419) (Rect center: (433, 419))
2025-05-19 17:11:50 - enemigo - [DEBUG] - [Enemigo_2] _mover_y_colisionar: HB Antes CH: (419,411), HB Despues CH y Sinc: (420,409), Rect: (417, 406), PosFlotante: (420.00,409.00)
2025-05-19 17:11:50 - enemigo - [DEBUG] - [Enemigo_2] Posición DESPUÉS de mov/col: HB (420, 409), Rect (417, 406), Flot (420.00, 409.00)
2025-05-19 17:11:50 - enemigo - [DEBUG] - [Enemigo_1] --- Inicio Update IA --- Delta: 0.0160s. Pos ANTES: HB (591, 212), Rect (588, 209), Flot (591.00, 212.00)
2025-05-19 17:11:50 - enemigo - [DEBUG] - [Enemigo_1] Target (centro (470, 299)), Dist: 154.55. Mi Centro HB: (604, 222)
2025-05-19 17:11:50 - enemigo - [DEBUG] - [Enemigo_1] EN RANGO AGRO. Input IA (vel): (-60.69, 34.88)
2025-05-19 17:11:50 - enemigo - [DEBUG] - [Enemigo_1] Pos flotante (post-IA y delta): (590.0289, 212.5580)
2025-05-19 17:11:50 - enemigo - [DEBUG] - [Enemigo_1] Solicita movimiento a CH (deltas enteros): dx_int=-1, dy_int=1. HB Actual: (591, 212) (Flotantes totales: dx=-0.9711, dy=0.5580)
2025-05-19 17:11:50 - enemigo - [DEBUG] - [Enemigo_1] Inicia _mover_y_colisionar_con_obstaculos. dx_int=-1, dy_int=1. HB Actual: (591, 212)
2025-05-19 17:11:50 - enemigo - [DEBUG] - [Enemigo_1] Hitbox recentrado (enemigo): (603, 223) (Rect center: (603, 223))
2025-05-19 17:11:50 - enemigo - [DEBUG] - [Enemigo_1] _mover_y_colisionar: HB Antes CH: (591,212), HB Despues CH y Sinc: (590,213), Rect: (587, 210), PosFlotante: (590.00,213.00)
2025-05-19 17:11:50 - enemigo - [DEBUG] - [Enemigo_1] Posición DESPUÉS de mov/col: HB (590, 213), Rect (587, 210), Flot (590.00, 213.00)
2025-05-19 17:11:50 - enemigo - [DEBUG] - [Enemigo_2] --- Inicio Update IA --- Delta: 0.0160s. Pos ANTES: HB (420, 409), Rect (417, 406), Flot (420.00, 409.00)
2025-05-19 17:11:50 - enemigo - [DEBUG] - [Enemigo_2] Target (centro (470, 299)), Dist: 125.57. Mi Centro HB: (433, 419)
2025-05-19 17:11:50 - enemigo - [DEBUG] - [Enemigo_2] EN RANGO AGRO. Input IA (vel): (20.63, -66.89)
2025-05-19 17:11:50 - enemigo - [DEBUG] - [Enemigo_2] Pos flotante (post-IA y delta): (420.3300, 407.9297)
2025-05-19 17:11:50 - enemigo - [DEBUG] - [Enemigo_2] Solicita movimiento a CH (deltas enteros): dx_int=1, dy_int=-2. HB Actual: (420, 409) (Flotantes totales: dx=0.3300, dy=-1.0703)
2025-05-19 17:11:50 - enemigo - [DEBUG] - [Enemigo_2] Inicia _mover_y_colisionar_con_obstaculos. dx_int=1, dy_int=-2. HB Actual: (420, 409)
2025-05-19 17:11:50 - enemigo - [DEBUG] - [Enemigo_2] Hitbox recentrado (enemigo): (434, 417) (Rect center: (434, 417))
2025-05-19 17:11:50 - enemigo - [DEBUG] - [Enemigo_2] _mover_y_colisionar: HB Antes CH: (420,409), HB Despues CH y Sinc: (421,407), Rect: (418, 404), PosFlotante: (421.00,407.00)
2025-05-19 17:11:50 - enemigo - [DEBUG] - [Enemigo_2] Posición DESPUÉS de mov/col: HB (421, 407), Rect (418, 404), Flot (421.00, 407.00)
2025-05-19 17:11:50 - enemigo - [DEBUG] - [Enemigo_1] --- Inicio Update IA --- Delta: 0.0160s. Pos ANTES: HB (590, 213), Rect (587, 210), Flot (590.00, 213.00)
2025-05-19 17:11:50 - enemigo - [DEBUG] - [Enemigo_1] Target (centro (467, 296)), Dist: 154.35. Mi Centro HB: (603, 223)
2025-05-19 17:11:50 - enemigo - [DEBUG] - [Enemigo_1] EN RANGO AGRO. Input IA (vel): (-61.68, 33.11)
2025-05-19 17:11:50 - enemigo - [DEBUG] - [Enemigo_1] Pos flotante (post-IA y delta): (589.0132, 213.5297)
2025-05-19 17:11:50 - enemigo - [DEBUG] - [Enemigo_1] Solicita movimiento a CH (deltas enteros): dx_int=-1, dy_int=1. HB Actual: (590, 213) (Flotantes totales: dx=-0.9868, dy=0.5297)
2025-05-19 17:11:50 - enemigo - [DEBUG] - [Enemigo_1] Inicia _mover_y_colisionar_con_obstaculos. dx_int=-1, dy_int=1. HB Actual: (590, 213)
2025-05-19 17:11:50 - enemigo - [DEBUG] - [Enemigo_1] Hitbox recentrado (enemigo): (602, 224) (Rect center: (602, 224))
2025-05-19 17:11:50 - enemigo - [DEBUG] - [Enemigo_1] _mover_y_colisionar: HB Antes CH: (590,213), HB Despues CH y Sinc: (589,214), Rect: (586, 211), PosFlotante: (589.00,214.00)
2025-05-19 17:11:50 - enemigo - [DEBUG] - [Enemigo_1] Posición DESPUÉS de mov/col: HB (589, 214), Rect (586, 211), Flot (589.00, 214.00)
2025-05-19 17:11:50 - enemigo - [DEBUG] - [Enemigo_2] --- Inicio Update IA --- Delta: 0.0160s. Pos ANTES: HB (421, 407), Rect (418, 404), Flot (421.00, 407.00)
2025-05-19 17:11:50 - enemigo - [DEBUG] - [Enemigo_2] Target (centro (467, 296)), Dist: 125.42. Mi Centro HB: (434, 417)
2025-05-19 17:11:50 - enemigo - [DEBUG] - [Enemigo_2] EN RANGO AGRO. Input IA (vel): (18.42, -67.53)
2025-05-19 17:11:50 - enemigo - [DEBUG] - [Enemigo_2] Pos flotante (post-IA y delta): (421.2947, 405.9195)
2025-05-19 17:11:50 - enemigo - [DEBUG] - [Enemigo_2] Solicita movimiento a CH (deltas enteros): dx_int=1, dy_int=-2. HB Actual: (421, 407) (Flotantes totales: dx=0.2947, dy=-1.0805)
2025-05-19 17:11:50 - enemigo - [DEBUG] - [Enemigo_2] Inicia _mover_y_colisionar_con_obstaculos. dx_int=1, dy_int=-2. HB Actual: (421, 407)
2025-05-19 17:11:50 - enemigo - [DEBUG] - [Enemigo_2] Hitbox recentrado (enemigo): (435, 415) (Rect center: (435, 415))
2025-05-19 17:11:50 - enemigo - [DEBUG] - [Enemigo_2] _mover_y_colisionar: HB Antes CH: (421,407), HB Despues CH y Sinc: (422,405), Rect: (419, 402), PosFlotante: (422.00,405.00)
2025-05-19 17:11:50 - enemigo - [DEBUG] - [Enemigo_2] Posición DESPUÉS de mov/col: HB (422, 405), Rect (419, 402), Flot (422.00, 405.00)
2025-05-19 17:11:50 - enemigo - [DEBUG] - [Enemigo_1] --- Inicio Update IA --- Delta: 0.0170s. Pos ANTES: HB (589, 214), Rect (586, 211), Flot (589.00, 214.00)
2025-05-19 17:11:50 - enemigo - [DEBUG] - [Enemigo_1] Target (centro (464, 293)), Dist: 154.29. Mi Centro HB: (602, 224)
2025-05-19 17:11:50 - enemigo - [DEBUG] - [Enemigo_1] EN RANGO AGRO. Input IA (vel): (-62.61, 31.30)
2025-05-19 17:11:50 - enemigo - [DEBUG] - [Enemigo_1] Pos flotante (post-IA y delta): (587.9356, 214.5322)
2025-05-19 17:11:50 - enemigo - [DEBUG] - [Enemigo_1] Solicita movimiento a CH (deltas enteros): dx_int=-2, dy_int=1. HB Actual: (589, 214) (Flotantes totales: dx=-1.0644, dy=0.5322)
2025-05-19 17:11:50 - enemigo - [DEBUG] - [Enemigo_1] Inicia _mover_y_colisionar_con_obstaculos. dx_int=-2, dy_int=1. HB Actual: (589, 214)
2025-05-19 17:11:50 - enemigo - [DEBUG] - [Enemigo_1] Hitbox recentrado (enemigo): (600, 225) (Rect center: (600, 225))
2025-05-19 17:11:50 - enemigo - [DEBUG] - [Enemigo_1] _mover_y_colisionar: HB Antes CH: (589,214), HB Despues CH y Sinc: (587,215), Rect: (584, 212), PosFlotante: (587.00,215.00)
2025-05-19 17:11:50 - enemigo - [DEBUG] - [Enemigo_1] Posición DESPUÉS de mov/col: HB (587, 215), Rect (584, 212), Flot (587.00, 215.00)
2025-05-19 17:11:50 - enemigo - [DEBUG] - [Enemigo_2] --- Inicio Update IA --- Delta: 0.0170s. Pos ANTES: HB (422, 405), Rect (419, 402), Flot (422.00, 405.00)
2025-05-19 17:11:50 - enemigo - [DEBUG] - [Enemigo_2] Target (centro (464, 293)), Dist: 125.40. Mi Centro HB: (435, 415)
2025-05-19 17:11:50 - enemigo - [DEBUG] - [Enemigo_2] EN RANGO AGRO. Input IA (vel): (16.19, -68.10)
2025-05-19 17:11:50 - enemigo - [DEBUG] - [Enemigo_2] Pos flotante (post-IA y delta): (422.2752, 403.8423)
2025-05-19 17:11:50 - enemigo - [DEBUG] - [Enemigo_2] Solicita movimiento a CH (deltas enteros): dx_int=1, dy_int=-2. HB Actual: (422, 405) (Flotantes totales: dx=0.2752, dy=-1.1577)
2025-05-19 17:11:50 - enemigo - [DEBUG] - [Enemigo_2] Inicia _mover_y_colisionar_con_obstaculos. dx_int=1, dy_int=-2. HB Actual: (422, 405)
2025-05-19 17:11:50 - enemigo - [DEBUG] - [Enemigo_2] Hitbox recentrado (enemigo): (436, 413) (Rect center: (436, 413))
2025-05-19 17:11:50 - enemigo - [DEBUG] - [Enemigo_2] _mover_y_colisionar: HB Antes CH: (422,405), HB Despues CH y Sinc: (423,403), Rect: (420, 400), PosFlotante: (423.00,403.00)
2025-05-19 17:11:50 - enemigo - [DEBUG] - [Enemigo_2] Posición DESPUÉS de mov/col: HB (423, 403), Rect (420, 400), Flot (423.00, 403.00)
2025-05-19 17:11:50 - enemigo - [DEBUG] - [Enemigo_1] --- Inicio Update IA --- Delta: 0.0160s. Pos ANTES: HB (587, 215), Rect (584, 212), Flot (587.00, 215.00)
2025-05-19 17:11:50 - enemigo - [DEBUG] - [Enemigo_1] Target (centro (460, 289)), Dist: 153.94. Mi Centro HB: (600, 225)
2025-05-19 17:11:50 - enemigo - [DEBUG] - [Enemigo_1] EN RANGO AGRO. Input IA (vel): (-63.66, 29.10)
2025-05-19 17:11:50 - enemigo - [DEBUG] - [Enemigo_1] Pos flotante (post-IA y delta): (585.9814, 215.4657)
2025-05-19 17:11:50 - enemigo - [DEBUG] - [Enemigo_1] Solicita movimiento a CH (deltas enteros): dx_int=-2, dy_int=1. HB Actual: (587, 215) (Flotantes totales: dx=-1.0186, dy=0.4657)
2025-05-19 17:11:50 - enemigo - [DEBUG] - [Enemigo_1] Inicia _mover_y_colisionar_con_obstaculos. dx_int=-2, dy_int=1. HB Actual: (587, 215)
2025-05-19 17:11:50 - enemigo - [DEBUG] - [Enemigo_1] Hitbox recentrado (enemigo): (598, 226) (Rect center: (598, 226))
2025-05-19 17:11:50 - enemigo - [DEBUG] - [Enemigo_1] _mover_y_colisionar: HB Antes CH: (587,215), HB Despues CH y Sinc: (585,216), Rect: (582, 213), PosFlotante: (585.00,216.00)
2025-05-19 17:11:50 - enemigo - [DEBUG] - [Enemigo_1] Posición DESPUÉS de mov/col: HB (585, 216), Rect (582, 213), Flot (585.00, 216.00)
2025-05-19 17:11:50 - enemigo - [DEBUG] - [Enemigo_2] --- Inicio Update IA --- Delta: 0.0160s. Pos ANTES: HB (423, 403), Rect (420, 400), Flot (423.00, 403.00)
2025-05-19 17:11:50 - enemigo - [DEBUG] - [Enemigo_2] Target (centro (460, 289)), Dist: 126.30. Mi Centro HB: (436, 413)
2025-05-19 17:11:50 - enemigo - [DEBUG] - [Enemigo_2] EN RANGO AGRO. Input IA (vel): (13.30, -68.72)
2025-05-19 17:11:50 - enemigo - [DEBUG] - [Enemigo_2] Pos flotante (post-IA y delta): (423.2128, 401.9004)
2025-05-19 17:11:50 - enemigo - [DEBUG] - [Enemigo_2] Solicita movimiento a CH (deltas enteros): dx_int=1, dy_int=-2. HB Actual: (423, 403) (Flotantes totales: dx=0.2128, dy=-1.0996)
2025-05-19 17:11:50 - enemigo - [DEBUG] - [Enemigo_2] Inicia _mover_y_colisionar_con_obstaculos. dx_int=1, dy_int=-2. HB Actual: (423, 403)
2025-05-19 17:11:50 - enemigo - [DEBUG] - [Enemigo_2] Hitbox recentrado (enemigo): (437, 411) (Rect center: (437, 411))
2025-05-19 17:11:50 - enemigo - [DEBUG] - [Enemigo_2] _mover_y_colisionar: HB Antes CH: (423,403), HB Despues CH y Sinc: (424,401), Rect: (421, 398), PosFlotante: (424.00,401.00)
2025-05-19 17:11:50 - enemigo - [DEBUG] - [Enemigo_2] Posición DESPUÉS de mov/col: HB (424, 401), Rect (421, 398), Flot (424.00, 401.00)
2025-05-19 17:11:50 - enemigo - [DEBUG] - [Enemigo_1] --- Inicio Update IA --- Delta: 0.0170s. Pos ANTES: HB (585, 216), Rect (582, 213), Flot (585.00, 216.00)
2025-05-19 17:11:50 - enemigo - [DEBUG] - [Enemigo_1] Target (centro (457, 289)), Dist: 154.43. Mi Centro HB: (598, 226)
2025-05-19 17:11:50 - enemigo - [DEBUG] - [Enemigo_1] EN RANGO AGRO. Input IA (vel): (-63.91, 28.56)
2025-05-19 17:11:50 - enemigo - [DEBUG] - [Enemigo_1] Pos flotante (post-IA y delta): (583.9135, 216.4854)
2025-05-19 17:11:50 - enemigo - [DEBUG] - [Enemigo_1] Solicita movimiento a CH (deltas enteros): dx_int=-2, dy_int=1. HB Actual: (585, 216) (Flotantes totales: dx=-1.0865, dy=0.4854)
2025-05-19 17:11:50 - enemigo - [DEBUG] - [Enemigo_1] Inicia _mover_y_colisionar_con_obstaculos. dx_int=-2, dy_int=1. HB Actual: (585, 216)
2025-05-19 17:11:50 - enemigo - [DEBUG] - [Enemigo_1] Hitbox recentrado (enemigo): (596, 227) (Rect center: (596, 227))
2025-05-19 17:11:50 - enemigo - [DEBUG] - [Enemigo_1] _mover_y_colisionar: HB Antes CH: (585,216), HB Despues CH y Sinc: (583,217), Rect: (580, 214), PosFlotante: (583.00,217.00)
2025-05-19 17:11:50 - enemigo - [DEBUG] - [Enemigo_1] Posición DESPUÉS de mov/col: HB (583, 217), Rect (580, 214), Flot (583.00, 217.00)
2025-05-19 17:11:50 - enemigo - [DEBUG] - [Enemigo_2] --- Inicio Update IA --- Delta: 0.0170s. Pos ANTES: HB (424, 401), Rect (421, 398), Flot (424.00, 401.00)
2025-05-19 17:11:50 - enemigo - [DEBUG] - [Enemigo_2] Target (centro (457, 289)), Dist: 123.63. Mi Centro HB: (437, 411)
2025-05-19 17:11:50 - enemigo - [DEBUG] - [Enemigo_2] EN RANGO AGRO. Input IA (vel): (11.32, -69.08)
2025-05-19 17:11:50 - enemigo - [DEBUG] - [Enemigo_2] Pos flotante (post-IA y delta): (424.1925, 399.8257)
2025-05-19 17:11:50 - enemigo - [DEBUG] - [Enemigo_2] Solicita movimiento a CH (deltas enteros): dx_int=1, dy_int=-2. HB Actual: (424, 401) (Flotantes totales: dx=0.1925, dy=-1.1743)
2025-05-19 17:11:50 - enemigo - [DEBUG] - [Enemigo_2] Inicia _mover_y_colisionar_con_obstaculos. dx_int=1, dy_int=-2. HB Actual: (424, 401)
2025-05-19 17:11:50 - enemigo - [DEBUG] - [Enemigo_2] Hitbox recentrado (enemigo): (438, 409) (Rect center: (438, 409))
2025-05-19 17:11:50 - enemigo - [DEBUG] - [Enemigo_2] _mover_y_colisionar: HB Antes CH: (424,401), HB Despues CH y Sinc: (425,399), Rect: (422, 396), PosFlotante: (425.00,399.00)
2025-05-19 17:11:50 - enemigo - [DEBUG] - [Enemigo_2] Posición DESPUÉS de mov/col: HB (425, 399), Rect (422, 396), Flot (425.00, 399.00)
2025-05-19 17:11:50 - enemigo - [DEBUG] - [Enemigo_1] --- Inicio Update IA --- Delta: 0.0160s. Pos ANTES: HB (583, 217), Rect (580, 214), Flot (583.00, 217.00)
2025-05-19 17:11:50 - enemigo - [DEBUG] - [Enemigo_1] Target (centro (453, 289)), Dist: 155.86. Mi Centro HB: (596, 227)
2025-05-19 17:11:50 - enemigo - [DEBUG] - [Enemigo_1] EN RANGO AGRO. Input IA (vel): (-64.22, 27.85)
2025-05-19 17:11:50 - enemigo - [DEBUG] - [Enemigo_1] Pos flotante (post-IA y delta): (581.9724, 217.4455)
2025-05-19 17:11:50 - enemigo - [DEBUG] - [Enemigo_1] Solicita movimiento a CH (deltas enteros): dx_int=-2, dy_int=1. HB Actual: (583, 217) (Flotantes totales: dx=-1.0276, dy=0.4455)
2025-05-19 17:11:50 - enemigo - [DEBUG] - [Enemigo_1] Inicia _mover_y_colisionar_con_obstaculos. dx_int=-2, dy_int=1. HB Actual: (583, 217)
2025-05-19 17:11:50 - enemigo - [DEBUG] - [Enemigo_1] Hitbox recentrado (enemigo): (594, 228) (Rect center: (594, 228))
2025-05-19 17:11:50 - enemigo - [DEBUG] - [Enemigo_1] _mover_y_colisionar: HB Antes CH: (583,217), HB Despues CH y Sinc: (581,218), Rect: (578, 215), PosFlotante: (581.00,218.00)
2025-05-19 17:11:50 - enemigo - [DEBUG] - [Enemigo_1] Posición DESPUÉS de mov/col: HB (581, 218), Rect (578, 215), Flot (581.00, 218.00)
2025-05-19 17:11:50 - enemigo - [DEBUG] - [Enemigo_2] --- Inicio Update IA --- Delta: 0.0160s. Pos ANTES: HB (425, 399), Rect (422, 396), Flot (425.00, 399.00)
2025-05-19 17:11:50 - enemigo - [DEBUG] - [Enemigo_2] Target (centro (453, 289)), Dist: 120.93. Mi Centro HB: (438, 409)
2025-05-19 17:11:50 - enemigo - [DEBUG] - [Enemigo_2] EN RANGO AGRO. Input IA (vel): (8.68, -69.46)
2025-05-19 17:11:50 - enemigo - [DEBUG] - [Enemigo_2] Pos flotante (post-IA y delta): (425.1389, 397.8886)
2025-05-19 17:11:50 - enemigo - [DEBUG] - [Enemigo_2] Solicita movimiento a CH (deltas enteros): dx_int=1, dy_int=-2. HB Actual: (425, 399) (Flotantes totales: dx=0.1389, dy=-1.1114)
2025-05-19 17:11:50 - enemigo - [DEBUG] - [Enemigo_2] Inicia _mover_y_colisionar_con_obstaculos. dx_int=1, dy_int=-2. HB Actual: (425, 399)
2025-05-19 17:11:50 - enemigo - [DEBUG] - [Enemigo_2] Hitbox recentrado (enemigo): (439, 407) (Rect center: (439, 407))
2025-05-19 17:11:50 - enemigo - [DEBUG] - [Enemigo_2] _mover_y_colisionar: HB Antes CH: (425,399), HB Despues CH y Sinc: (426,397), Rect: (423, 394), PosFlotante: (426.00,397.00)
2025-05-19 17:11:50 - enemigo - [DEBUG] - [Enemigo_2] Posición DESPUÉS de mov/col: HB (426, 397), Rect (423, 394), Flot (426.00, 397.00)
2025-05-19 17:11:50 - enemigo - [DEBUG] - [Enemigo_1] --- Inicio Update IA --- Delta: 0.0170s. Pos ANTES: HB (581, 218), Rect (578, 215), Flot (581.00, 218.00)
2025-05-19 17:11:50 - enemigo - [DEBUG] - [Enemigo_1] Target (centro (450, 289)), Dist: 156.39. Mi Centro HB: (594, 228)
2025-05-19 17:11:50 - enemigo - [DEBUG] - [Enemigo_1] EN RANGO AGRO. Input IA (vel): (-64.46, 27.30)
2025-05-19 17:11:50 - enemigo - [DEBUG] - [Enemigo_1] Pos flotante (post-IA y delta): (579.9043, 218.4642)
2025-05-19 17:11:50 - enemigo - [DEBUG] - [Enemigo_1] Solicita movimiento a CH (deltas enteros): dx_int=-2, dy_int=1. HB Actual: (581, 218) (Flotantes totales: dx=-1.0957, dy=0.4642)
2025-05-19 17:11:50 - enemigo - [DEBUG] - [Enemigo_1] Inicia _mover_y_colisionar_con_obstaculos. dx_int=-2, dy_int=1. HB Actual: (581, 218)
2025-05-19 17:11:50 - enemigo - [DEBUG] - [Enemigo_1] Hitbox recentrado (enemigo): (592, 229) (Rect center: (592, 229))
2025-05-19 17:11:50 - enemigo - [DEBUG] - [Enemigo_1] _mover_y_colisionar: HB Antes CH: (581,218), HB Despues CH y Sinc: (579,219), Rect: (576, 216), PosFlotante: (579.00,219.00)
2025-05-19 17:11:50 - enemigo - [DEBUG] - [Enemigo_1] Posición DESPUÉS de mov/col: HB (579, 219), Rect (576, 216), Flot (579.00, 219.00)
2025-05-19 17:11:50 - enemigo - [DEBUG] - [Enemigo_2] --- Inicio Update IA --- Delta: 0.0170s. Pos ANTES: HB (426, 397), Rect (423, 394), Flot (426.00, 397.00)
2025-05-19 17:11:50 - enemigo - [DEBUG] - [Enemigo_2] Target (centro (450, 289)), Dist: 118.51. Mi Centro HB: (439, 407)
2025-05-19 17:11:50 - enemigo - [DEBUG] - [Enemigo_2] EN RANGO AGRO. Input IA (vel): (6.50, -69.70)
2025-05-19 17:11:50 - enemigo - [DEBUG] - [Enemigo_2] Pos flotante (post-IA y delta): (426.1105, 395.8151)
2025-05-19 17:11:50 - enemigo - [DEBUG] - [Enemigo_2] Solicita movimiento a CH (deltas enteros): dx_int=1, dy_int=-2. HB Actual: (426, 397) (Flotantes totales: dx=0.1105, dy=-1.1849)
2025-05-19 17:11:50 - enemigo - [DEBUG] - [Enemigo_2] Inicia _mover_y_colisionar_con_obstaculos. dx_int=1, dy_int=-2. HB Actual: (426, 397)
2025-05-19 17:11:50 - enemigo - [DEBUG] - [Enemigo_2] Hitbox recentrado (enemigo): (440, 405) (Rect center: (440, 405))
2025-05-19 17:11:50 - enemigo - [DEBUG] - [Enemigo_2] _mover_y_colisionar: HB Antes CH: (426,397), HB Despues CH y Sinc: (427,395), Rect: (424, 392), PosFlotante: (427.00,395.00)
2025-05-19 17:11:50 - enemigo - [DEBUG] - [Enemigo_2] Posición DESPUÉS de mov/col: HB (427, 395), Rect (424, 392), Flot (427.00, 395.00)
2025-05-19 17:11:50 - enemigo - [DEBUG] - [Enemigo_1] --- Inicio Update IA --- Delta: 0.0160s. Pos ANTES: HB (579, 219), Rect (576, 216), Flot (579.00, 219.00)
2025-05-19 17:11:50 - enemigo - [DEBUG] - [Enemigo_1] Target (centro (446, 289)), Dist: 157.85. Mi Centro HB: (592, 229)
2025-05-19 17:11:50 - enemigo - [DEBUG] - [Enemigo_1] EN RANGO AGRO. Input IA (vel): (-64.75, 26.61)
2025-05-19 17:11:50 - enemigo - [DEBUG] - [Enemigo_1] Pos flotante (post-IA y delta): (577.9641, 219.4257)
2025-05-19 17:11:50 - enemigo - [DEBUG] - [Enemigo_1] Solicita movimiento a CH (deltas enteros): dx_int=-2, dy_int=1. HB Actual: (579, 219) (Flotantes totales: dx=-1.0359, dy=0.4257)
2025-05-19 17:11:50 - enemigo - [DEBUG] - [Enemigo_1] Inicia _mover_y_colisionar_con_obstaculos. dx_int=-2, dy_int=1. HB Actual: (579, 219)
2025-05-19 17:11:50 - enemigo - [DEBUG] - [Enemigo_1] Hitbox recentrado (enemigo): (590, 230) (Rect center: (590, 230))
2025-05-19 17:11:50 - enemigo - [DEBUG] - [Enemigo_1] _mover_y_colisionar: HB Antes CH: (579,219), HB Despues CH y Sinc: (577,220), Rect: (574, 217), PosFlotante: (577.00,220.00)
2025-05-19 17:11:50 - enemigo - [DEBUG] - [Enemigo_1] Posición DESPUÉS de mov/col: HB (577, 220), Rect (574, 217), Flot (577.00, 220.00)
2025-05-19 17:11:50 - enemigo - [DEBUG] - [Enemigo_2] --- Inicio Update IA --- Delta: 0.0160s. Pos ANTES: HB (427, 395), Rect (424, 392), Flot (427.00, 395.00)
2025-05-19 17:11:50 - enemigo - [DEBUG] - [Enemigo_2] Target (centro (446, 289)), Dist: 116.16. Mi Centro HB: (440, 405)
2025-05-19 17:11:50 - enemigo - [DEBUG] - [Enemigo_2] EN RANGO AGRO. Input IA (vel): (3.62, -69.91)
2025-05-19 17:11:50 - enemigo - [DEBUG] - [Enemigo_2] Pos flotante (post-IA y delta): (427.0579, 393.8815)
2025-05-19 17:11:50 - enemigo - [DEBUG] - [Enemigo_2] Solicita movimiento a CH (deltas enteros): dx_int=1, dy_int=-2. HB Actual: (427, 395) (Flotantes totales: dx=0.0579, dy=-1.1185)
2025-05-19 17:11:50 - enemigo - [DEBUG] - [Enemigo_2] Inicia _mover_y_colisionar_con_obstaculos. dx_int=1, dy_int=-2. HB Actual: (427, 395)
2025-05-19 17:11:50 - enemigo - [DEBUG] - [Enemigo_2] Hitbox recentrado (enemigo): (441, 403) (Rect center: (441, 403))
2025-05-19 17:11:50 - enemigo - [DEBUG] - [Enemigo_2] _mover_y_colisionar: HB Antes CH: (427,395), HB Despues CH y Sinc: (428,393), Rect: (425, 390), PosFlotante: (428.00,393.00)
2025-05-19 17:11:50 - enemigo - [DEBUG] - [Enemigo_2] Posición DESPUÉS de mov/col: HB (428, 393), Rect (425, 390), Flot (428.00, 393.00)
2025-05-19 17:11:50 - enemigo - [DEBUG] - [Enemigo_1] --- Inicio Update IA --- Delta: 0.0160s. Pos ANTES: HB (577, 220), Rect (574, 217), Flot (577.00, 220.00)
2025-05-19 17:11:50 - enemigo - [DEBUG] - [Enemigo_1] Target (centro (443, 289)), Dist: 158.40. Mi Centro HB: (590, 230)
2025-05-19 17:11:50 - enemigo - [DEBUG] - [Enemigo_1] EN RANGO AGRO. Input IA (vel): (-64.96, 26.07)
2025-05-19 17:11:50 - enemigo - [DEBUG] - [Enemigo_1] Pos flotante (post-IA y delta): (575.9606, 220.4172)
2025-05-19 17:11:50 - enemigo - [DEBUG] - [Enemigo_1] Solicita movimiento a CH (deltas enteros): dx_int=-2, dy_int=1. HB Actual: (577, 220) (Flotantes totales: dx=-1.0394, dy=0.4172)
2025-05-19 17:11:50 - enemigo - [DEBUG] - [Enemigo_1] Inicia _mover_y_colisionar_con_obstaculos. dx_int=-2, dy_int=1. HB Actual: (577, 220)
2025-05-19 17:11:50 - enemigo - [DEBUG] - [Enemigo_1] Hitbox recentrado (enemigo): (588, 231) (Rect center: (588, 231))
2025-05-19 17:11:50 - enemigo - [DEBUG] - [Enemigo_1] _mover_y_colisionar: HB Antes CH: (577,220), HB Despues CH y Sinc: (575,221), Rect: (572, 218), PosFlotante: (575.00,221.00)
2025-05-19 17:11:50 - enemigo - [DEBUG] - [Enemigo_1] Posición DESPUÉS de mov/col: HB (575, 221), Rect (572, 218), Flot (575.00, 221.00)
2025-05-19 17:11:50 - enemigo - [DEBUG] - [Enemigo_2] --- Inicio Update IA --- Delta: 0.0160s. Pos ANTES: HB (428, 393), Rect (425, 390), Flot (428.00, 393.00)
2025-05-19 17:11:50 - enemigo - [DEBUG] - [Enemigo_2] Target (centro (443, 289)), Dist: 114.02. Mi Centro HB: (441, 403)
2025-05-19 17:11:50 - enemigo - [DEBUG] - [Enemigo_2] EN RANGO AGRO. Input IA (vel): (1.23, -69.99)
2025-05-19 17:11:50 - enemigo - [DEBUG] - [Enemigo_2] Pos flotante (post-IA y delta): (428.0196, 391.8802)
2025-05-19 17:11:50 - enemigo - [DEBUG] - [Enemigo_2] Solicita movimiento a CH (deltas enteros): dx_int=1, dy_int=-2. HB Actual: (428, 393) (Flotantes totales: dx=0.0196, dy=-1.1198)
2025-05-19 17:11:50 - enemigo - [DEBUG] - [Enemigo_2] Inicia _mover_y_colisionar_con_obstaculos. dx_int=1, dy_int=-2. HB Actual: (428, 393)
2025-05-19 17:11:50 - enemigo - [DEBUG] - [Enemigo_2] Hitbox recentrado (enemigo): (442, 401) (Rect center: (442, 401))
2025-05-19 17:11:50 - enemigo - [DEBUG] - [Enemigo_2] _mover_y_colisionar: HB Antes CH: (428,393), HB Despues CH y Sinc: (429,391), Rect: (426, 388), PosFlotante: (429.00,391.00)
2025-05-19 17:11:50 - enemigo - [DEBUG] - [Enemigo_2] Posición DESPUÉS de mov/col: HB (429, 391), Rect (426, 388), Flot (429.00, 391.00)
2025-05-19 17:11:50 - enemigo - [DEBUG] - [Enemigo_1] --- Inicio Update IA --- Delta: 0.0170s. Pos ANTES: HB (575, 221), Rect (572, 218), Flot (575.00, 221.00)
2025-05-19 17:11:50 - enemigo - [DEBUG] - [Enemigo_1] Target (centro (440, 292)), Dist: 160.08. Mi Centro HB: (588, 231)
2025-05-19 17:11:50 - enemigo - [DEBUG] - [Enemigo_1] EN RANGO AGRO. Input IA (vel): (-64.72, 26.67)
2025-05-19 17:11:50 - enemigo - [DEBUG] - [Enemigo_1] Pos flotante (post-IA y delta): (573.8998, 221.4535)
2025-05-19 17:11:50 - enemigo - [DEBUG] - [Enemigo_1] Solicita movimiento a CH (deltas enteros): dx_int=-2, dy_int=1. HB Actual: (575, 221) (Flotantes totales: dx=-1.1002, dy=0.4535)
2025-05-19 17:11:50 - enemigo - [DEBUG] - [Enemigo_1] Inicia _mover_y_colisionar_con_obstaculos. dx_int=-2, dy_int=1. HB Actual: (575, 221)
2025-05-19 17:11:50 - enemigo - [DEBUG] - [Enemigo_1] Hitbox recentrado (enemigo): (586, 232) (Rect center: (586, 232))
2025-05-19 17:11:50 - enemigo - [DEBUG] - [Enemigo_1] _mover_y_colisionar: HB Antes CH: (575,221), HB Despues CH y Sinc: (573,222), Rect: (570, 219), PosFlotante: (573.00,222.00)
2025-05-19 17:11:50 - enemigo - [DEBUG] - [Enemigo_1] Posición DESPUÉS de mov/col: HB (573, 222), Rect (570, 219), Flot (573.00, 222.00)
2025-05-19 17:11:50 - enemigo - [DEBUG] - [Enemigo_2] --- Inicio Update IA --- Delta: 0.0170s. Pos ANTES: HB (429, 391), Rect (426, 388), Flot (429.00, 391.00)
2025-05-19 17:11:50 - enemigo - [DEBUG] - [Enemigo_2] Target (centro (440, 292)), Dist: 109.02. Mi Centro HB: (442, 401)
2025-05-19 17:11:50 - enemigo - [DEBUG] - [Enemigo_2] EN RANGO AGRO. Input IA (vel): (-1.28, -69.99)
2025-05-19 17:11:50 - enemigo - [DEBUG] - [Enemigo_2] Pos flotante (post-IA y delta): (428.9782, 389.8102)
2025-05-19 17:11:50 - enemigo - [DEBUG] - [Enemigo_2] Solicita movimiento a CH (deltas enteros): dx_int=-1, dy_int=-2. HB Actual: (429, 391) (Flotantes totales: dx=-0.0218, dy=-1.1898)
2025-05-19 17:11:50 - enemigo - [DEBUG] - [Enemigo_2] Inicia _mover_y_colisionar_con_obstaculos. dx_int=-1, dy_int=-2. HB Actual: (429, 391)
2025-05-19 17:11:50 - enemigo - [DEBUG] - [Enemigo_2] Hitbox recentrado (enemigo): (441, 399) (Rect center: (441, 399))
2025-05-19 17:11:50 - enemigo - [DEBUG] - [Enemigo_2] _mover_y_colisionar: HB Antes CH: (429,391), HB Despues CH y Sinc: (428,389), Rect: (425, 386), PosFlotante: (428.00,389.00)
2025-05-19 17:11:50 - enemigo - [DEBUG] - [Enemigo_2] Posición DESPUÉS de mov/col: HB (428, 389), Rect (425, 386), Flot (428.00, 389.00)
2025-05-19 17:11:50 - enemigo - [DEBUG] - [Enemigo_1] --- Inicio Update IA --- Delta: 0.0170s. Pos ANTES: HB (573, 222), Rect (570, 219), Flot (573.00, 222.00)
2025-05-19 17:11:50 - enemigo - [DEBUG] - [Enemigo_1] Target (centro (436, 296)), Dist: 163.08. Mi Centro HB: (586, 232)
2025-05-19 17:11:50 - enemigo - [DEBUG] - [Enemigo_1] EN RANGO AGRO. Input IA (vel): (-64.38, 27.47)
2025-05-19 17:11:50 - enemigo - [DEBUG] - [Enemigo_1] Pos flotante (post-IA y delta): (571.9055, 222.4670)
2025-05-19 17:11:50 - enemigo - [DEBUG] - [Enemigo_1] Solicita movimiento a CH (deltas enteros): dx_int=-2, dy_int=1. HB Actual: (573, 222) (Flotantes totales: dx=-1.0945, dy=0.4670)
2025-05-19 17:11:50 - enemigo - [DEBUG] - [Enemigo_1] Inicia _mover_y_colisionar_con_obstaculos. dx_int=-2, dy_int=1. HB Actual: (573, 222)
2025-05-19 17:11:50 - enemigo - [DEBUG] - [Enemigo_1] Hitbox recentrado (enemigo): (584, 233) (Rect center: (584, 233))
2025-05-19 17:11:50 - enemigo - [DEBUG] - [Enemigo_1] _mover_y_colisionar: HB Antes CH: (573,222), HB Despues CH y Sinc: (571,223), Rect: (568, 220), PosFlotante: (571.00,223.00)
2025-05-19 17:11:50 - enemigo - [DEBUG] - [Enemigo_1] Posición DESPUÉS de mov/col: HB (571, 223), Rect (568, 220), Flot (571.00, 223.00)
2025-05-19 17:11:50 - enemigo - [DEBUG] - [Enemigo_2] --- Inicio Update IA --- Delta: 0.0170s. Pos ANTES: HB (428, 389), Rect (425, 386), Flot (428.00, 389.00)
2025-05-19 17:11:50 - enemigo - [DEBUG] - [Enemigo_2] Target (centro (436, 296)), Dist: 103.12. Mi Centro HB: (441, 399)
2025-05-19 17:11:50 - enemigo - [DEBUG] - [Enemigo_2] EN RANGO AGRO. Input IA (vel): (-3.39, -69.92)
2025-05-19 17:11:50 - enemigo - [DEBUG] - [Enemigo_2] Pos flotante (post-IA y delta): (427.9423, 387.8114)
2025-05-19 17:11:50 - enemigo - [DEBUG] - [Enemigo_2] Solicita movimiento a CH (deltas enteros): dx_int=-1, dy_int=-2. HB Actual: (428, 389) (Flotantes totales: dx=-0.0577, dy=-1.1886)
2025-05-19 17:11:50 - enemigo - [DEBUG] - [Enemigo_2] Inicia _mover_y_colisionar_con_obstaculos. dx_int=-1, dy_int=-2. HB Actual: (428, 389)
2025-05-19 17:11:50 - enemigo - [DEBUG] - [Enemigo_2] Hitbox recentrado (enemigo): (440, 397) (Rect center: (440, 397))
2025-05-19 17:11:50 - enemigo - [DEBUG] - [Enemigo_2] _mover_y_colisionar: HB Antes CH: (428,389), HB Despues CH y Sinc: (427,387), Rect: (424, 384), PosFlotante: (427.00,387.00)
2025-05-19 17:11:50 - enemigo - [DEBUG] - [Enemigo_2] Posición DESPUÉS de mov/col: HB (427, 387), Rect (424, 384), Flot (427.00, 387.00)
2025-05-19 17:11:50 - enemigo - [DEBUG] - [Enemigo_1] --- Inicio Update IA --- Delta: 0.0170s. Pos ANTES: HB (571, 223), Rect (568, 220), Flot (571.00, 223.00)
2025-05-19 17:11:50 - enemigo - [DEBUG] - [Enemigo_1] Target (centro (432, 300)), Dist: 166.11. Mi Centro HB: (584, 233)
2025-05-19 17:11:50 - enemigo - [DEBUG] - [Enemigo_1] EN RANGO AGRO. Input IA (vel): (-64.05, 28.23)
2025-05-19 17:11:50 - enemigo - [DEBUG] - [Enemigo_1] Pos flotante (post-IA y delta): (569.9111, 223.4800)
2025-05-19 17:11:50 - enemigo - [DEBUG] - [Enemigo_1] Solicita movimiento a CH (deltas enteros): dx_int=-2, dy_int=1. HB Actual: (571, 223) (Flotantes totales: dx=-1.0889, dy=0.4800)
2025-05-19 17:11:50 - enemigo - [DEBUG] - [Enemigo_1] Inicia _mover_y_colisionar_con_obstaculos. dx_int=-2, dy_int=1. HB Actual: (571, 223)
2025-05-19 17:11:50 - enemigo - [DEBUG] - [Enemigo_1] Hitbox recentrado (enemigo): (582, 234) (Rect center: (582, 234))
2025-05-19 17:11:50 - enemigo - [DEBUG] - [Enemigo_1] _mover_y_colisionar: HB Antes CH: (571,223), HB Despues CH y Sinc: (569,224), Rect: (566, 221), PosFlotante: (569.00,224.00)
2025-05-19 17:11:50 - enemigo - [DEBUG] - [Enemigo_1] Posición DESPUÉS de mov/col: HB (569, 224), Rect (566, 221), Flot (569.00, 224.00)
2025-05-19 17:11:50 - enemigo - [DEBUG] - [Enemigo_2] --- Inicio Update IA --- Delta: 0.0170s. Pos ANTES: HB (427, 387), Rect (424, 384), Flot (427.00, 387.00)
2025-05-19 17:11:50 - enemigo - [DEBUG] - [Enemigo_2] Target (centro (432, 300)), Dist: 97.33. Mi Centro HB: (440, 397)
2025-05-19 17:11:50 - enemigo - [DEBUG] - [Enemigo_2] EN RANGO AGRO. Input IA (vel): (-5.75, -69.76)
2025-05-19 17:11:50 - enemigo - [DEBUG] - [Enemigo_2] Pos flotante (post-IA y delta): (426.9022, 385.8140)
2025-05-19 17:11:50 - enemigo - [DEBUG] - [Enemigo_2] Solicita movimiento a CH (deltas enteros): dx_int=-1, dy_int=-2. HB Actual: (427, 387) (Flotantes totales: dx=-0.0978, dy=-1.1860)
2025-05-19 17:11:50 - enemigo - [DEBUG] - [Enemigo_2] Inicia _mover_y_colisionar_con_obstaculos. dx_int=-1, dy_int=-2. HB Actual: (427, 387)
2025-05-19 17:11:50 - enemigo - [DEBUG] - [Enemigo_2] Hitbox recentrado (enemigo): (439, 395) (Rect center: (439, 395))
2025-05-19 17:11:50 - enemigo - [DEBUG] - [Enemigo_2] _mover_y_colisionar: HB Antes CH: (427,387), HB Despues CH y Sinc: (426,385), Rect: (423, 382), PosFlotante: (426.00,385.00)
2025-05-19 17:11:50 - enemigo - [DEBUG] - [Enemigo_2] Posición DESPUÉS de mov/col: HB (426, 385), Rect (423, 382), Flot (426.00, 385.00)
2025-05-19 17:11:50 - enemigo - [DEBUG] - [Enemigo_1] --- Inicio Update IA --- Delta: 0.0170s. Pos ANTES: HB (569, 224), Rect (566, 221), Flot (569.00, 224.00)
2025-05-19 17:11:50 - enemigo - [DEBUG] - [Enemigo_1] Target (centro (428, 304)), Dist: 169.16. Mi Centro HB: (582, 234)
2025-05-19 17:11:50 - enemigo - [DEBUG] - [Enemigo_1] EN RANGO AGRO. Input IA (vel): (-63.73, 28.97)
2025-05-19 17:11:50 - enemigo - [DEBUG] - [Enemigo_1] Pos flotante (post-IA y delta): (567.9167, 224.4924)
2025-05-19 17:11:50 - enemigo - [DEBUG] - [Enemigo_1] Solicita movimiento a CH (deltas enteros): dx_int=-2, dy_int=1. HB Actual: (569, 224) (Flotantes totales: dx=-1.0833, dy=0.4924)
2025-05-19 17:11:50 - enemigo - [DEBUG] - [Enemigo_1] Inicia _mover_y_colisionar_con_obstaculos. dx_int=-2, dy_int=1. HB Actual: (569, 224)
2025-05-19 17:11:50 - enemigo - [DEBUG] - [Enemigo_1] Hitbox recentrado (enemigo): (580, 235) (Rect center: (580, 235))
2025-05-19 17:11:50 - enemigo - [DEBUG] - [Enemigo_1] _mover_y_colisionar: HB Antes CH: (569,224), HB Despues CH y Sinc: (567,225), Rect: (564, 222), PosFlotante: (567.00,225.00)
2025-05-19 17:11:50 - enemigo - [DEBUG] - [Enemigo_1] Posición DESPUÉS de mov/col: HB (567, 225), Rect (564, 222), Flot (567.00, 225.00)
2025-05-19 17:11:50 - enemigo - [DEBUG] - [Enemigo_2] --- Inicio Update IA --- Delta: 0.0170s. Pos ANTES: HB (426, 385), Rect (423, 382), Flot (426.00, 385.00)
2025-05-19 17:11:50 - enemigo - [DEBUG] - [Enemigo_2] Target (centro (428, 304)), Dist: 91.66. Mi Centro HB: (439, 395)
2025-05-19 17:11:50 - enemigo - [DEBUG] - [Enemigo_2] EN RANGO AGRO. Input IA (vel): (-8.40, -69.49)
2025-05-19 17:11:50 - enemigo - [DEBUG] - [Enemigo_2] Pos flotante (post-IA y delta): (425.8572, 383.8186)
2025-05-19 17:11:50 - enemigo - [DEBUG] - [Enemigo_2] Solicita movimiento a CH (deltas enteros): dx_int=-1, dy_int=-2. HB Actual: (426, 385) (Flotantes totales: dx=-0.1428, dy=-1.1814)
2025-05-19 17:11:50 - enemigo - [DEBUG] - [Enemigo_2] Inicia _mover_y_colisionar_con_obstaculos. dx_int=-1, dy_int=-2. HB Actual: (426, 385)
2025-05-19 17:11:50 - enemigo - [DEBUG] - [Enemigo_2] Hitbox recentrado (enemigo): (438, 393) (Rect center: (438, 393))
2025-05-19 17:11:50 - enemigo - [DEBUG] - [Enemigo_2] _mover_y_colisionar: HB Antes CH: (426,385), HB Despues CH y Sinc: (425,383), Rect: (422, 380), PosFlotante: (425.00,383.00)
2025-05-19 17:11:50 - enemigo - [DEBUG] - [Enemigo_2] Posición DESPUÉS de mov/col: HB (425, 383), Rect (422, 380), Flot (425.00, 383.00)
2025-05-19 17:11:50 - enemigo - [DEBUG] - [Enemigo_1] --- Inicio Update IA --- Delta: 0.0160s. Pos ANTES: HB (567, 225), Rect (564, 222), Flot (567.00, 225.00)
2025-05-19 17:11:50 - enemigo - [DEBUG] - [Enemigo_1] Target (centro (424, 308)), Dist: 172.24. Mi Centro HB: (580, 235)
2025-05-19 17:11:50 - enemigo - [DEBUG] - [Enemigo_1] EN RANGO AGRO. Input IA (vel): (-63.40, 29.67)
2025-05-19 17:11:50 - enemigo - [DEBUG] - [Enemigo_1] Pos flotante (post-IA y delta): (565.9856, 225.4747)
2025-05-19 17:11:50 - enemigo - [DEBUG] - [Enemigo_1] Solicita movimiento a CH (deltas enteros): dx_int=-2, dy_int=1. HB Actual: (567, 225) (Flotantes totales: dx=-1.0144, dy=0.4747)
2025-05-19 17:11:50 - enemigo - [DEBUG] - [Enemigo_1] Inicia _mover_y_colisionar_con_obstaculos. dx_int=-2, dy_int=1. HB Actual: (567, 225)
2025-05-19 17:11:50 - enemigo - [DEBUG] - [Enemigo_1] Hitbox recentrado (enemigo): (578, 236) (Rect center: (578, 236))
2025-05-19 17:11:50 - enemigo - [DEBUG] - [Enemigo_1] _mover_y_colisionar: HB Antes CH: (567,225), HB Despues CH y Sinc: (565,226), Rect: (562, 223), PosFlotante: (565.00,226.00)
2025-05-19 17:11:50 - enemigo - [DEBUG] - [Enemigo_1] Posición DESPUÉS de mov/col: HB (565, 226), Rect (562, 223), Flot (565.00, 226.00)
2025-05-19 17:11:50 - enemigo - [DEBUG] - [Enemigo_2] --- Inicio Update IA --- Delta: 0.0160s. Pos ANTES: HB (425, 383), Rect (422, 380), Flot (425.00, 383.00)
2025-05-19 17:11:50 - enemigo - [DEBUG] - [Enemigo_2] Target (centro (424, 308)), Dist: 86.15. Mi Centro HB: (438, 393)
2025-05-19 17:11:50 - enemigo - [DEBUG] - [Enemigo_2] EN RANGO AGRO. Input IA (vel): (-11.38, -69.07)
2025-05-19 17:11:50 - enemigo - [DEBUG] - [Enemigo_2] Pos flotante (post-IA y delta): (424.8180, 381.8949)
2025-05-19 17:11:50 - enemigo - [DEBUG] - [Enemigo_2] Solicita movimiento a CH (deltas enteros): dx_int=-1, dy_int=-2. HB Actual: (425, 383) (Flotantes totales: dx=-0.1820, dy=-1.1051)
2025-05-19 17:11:50 - enemigo - [DEBUG] - [Enemigo_2] Inicia _mover_y_colisionar_con_obstaculos. dx_int=-1, dy_int=-2. HB Actual: (425, 383)
2025-05-19 17:11:50 - enemigo - [DEBUG] - [Enemigo_2] Hitbox recentrado (enemigo): (437, 391) (Rect center: (437, 391))
2025-05-19 17:11:50 - enemigo - [DEBUG] - [Enemigo_2] _mover_y_colisionar: HB Antes CH: (425,383), HB Despues CH y Sinc: (424,381), Rect: (421, 378), PosFlotante: (424.00,381.00)
2025-05-19 17:11:50 - enemigo - [DEBUG] - [Enemigo_2] Posición DESPUÉS de mov/col: HB (424, 381), Rect (421, 378), Flot (424.00, 381.00)
2025-05-19 17:11:50 - enemigo - [DEBUG] - [Enemigo_1] --- Inicio Update IA --- Delta: 0.0170s. Pos ANTES: HB (565, 226), Rect (562, 223), Flot (565.00, 226.00)
2025-05-19 17:11:50 - enemigo - [DEBUG] - [Enemigo_1] Target (centro (424, 311)), Dist: 171.29. Mi Centro HB: (578, 236)
2025-05-19 17:11:50 - enemigo - [DEBUG] - [Enemigo_1] EN RANGO AGRO. Input IA (vel): (-62.93, 30.65)
2025-05-19 17:11:50 - enemigo - [DEBUG] - [Enemigo_1] Pos flotante (post-IA y delta): (563.9301, 226.5210)
2025-05-19 17:11:50 - enemigo - [DEBUG] - [Enemigo_1] Solicita movimiento a CH (deltas enteros): dx_int=-2, dy_int=1. HB Actual: (565, 226) (Flotantes totales: dx=-1.0699, dy=0.5210)
2025-05-19 17:11:50 - enemigo - [DEBUG] - [Enemigo_1] Inicia _mover_y_colisionar_con_obstaculos. dx_int=-2, dy_int=1. HB Actual: (565, 226)
2025-05-19 17:11:50 - enemigo - [DEBUG] - [Enemigo_1] Hitbox recentrado (enemigo): (576, 237) (Rect center: (576, 237))
2025-05-19 17:11:50 - enemigo - [DEBUG] - [Enemigo_1] _mover_y_colisionar: HB Antes CH: (565,226), HB Despues CH y Sinc: (563,227), Rect: (560, 224), PosFlotante: (563.00,227.00)
2025-05-19 17:11:50 - enemigo - [DEBUG] - [Enemigo_1] Posición DESPUÉS de mov/col: HB (563, 227), Rect (560, 224), Flot (563.00, 227.00)
2025-05-19 17:11:50 - enemigo - [DEBUG] - [Enemigo_2] --- Inicio Update IA --- Delta: 0.0170s. Pos ANTES: HB (424, 381), Rect (421, 378), Flot (424.00, 381.00)
2025-05-19 17:11:50 - enemigo - [DEBUG] - [Enemigo_2] Target (centro (424, 311)), Dist: 81.05. Mi Centro HB: (437, 391)
2025-05-19 17:11:50 - enemigo - [DEBUG] - [Enemigo_2] EN RANGO AGRO. Input IA (vel): (-11.23, -69.09)
2025-05-19 17:11:50 - enemigo - [DEBUG] - [Enemigo_2] Pos flotante (post-IA y delta): (423.8091, 379.8254)
2025-05-19 17:11:50 - enemigo - [DEBUG] - [Enemigo_2] Solicita movimiento a CH (deltas enteros): dx_int=-1, dy_int=-2. HB Actual: (424, 381) (Flotantes totales: dx=-0.1909, dy=-1.1746)
2025-05-19 17:11:50 - enemigo - [DEBUG] - [Enemigo_2] Inicia _mover_y_colisionar_con_obstaculos. dx_int=-1, dy_int=-2. HB Actual: (424, 381)
2025-05-19 17:11:50 - enemigo - [DEBUG] - [Enemigo_2] Hitbox recentrado (enemigo): (436, 389) (Rect center: (436, 389))
2025-05-19 17:11:50 - enemigo - [DEBUG] - [Enemigo_2] _mover_y_colisionar: HB Antes CH: (424,381), HB Despues CH y Sinc: (423,379), Rect: (420, 376), PosFlotante: (423.00,379.00)
2025-05-19 17:11:50 - enemigo - [DEBUG] - [Enemigo_2] Posición DESPUÉS de mov/col: HB (423, 379), Rect (420, 376), Flot (423.00, 379.00)
2025-05-19 17:11:50 - enemigo - [DEBUG] - [Enemigo_1] --- Inicio Update IA --- Delta: 0.0160s. Pos ANTES: HB (563, 227), Rect (560, 224), Flot (563.00, 227.00)
2025-05-19 17:11:50 - enemigo - [DEBUG] - [Enemigo_1] Target (centro (424, 315)), Dist: 170.84. Mi Centro HB: (576, 237)
2025-05-19 17:11:50 - enemigo - [DEBUG] - [Enemigo_1] EN RANGO AGRO. Input IA (vel): (-62.28, 31.96)
2025-05-19 17:11:50 - enemigo - [DEBUG] - [Enemigo_1] Pos flotante (post-IA y delta): (562.0035, 227.5113)
2025-05-19 17:11:50 - enemigo - [DEBUG] - [Enemigo_1] Solicita movimiento a CH (deltas enteros): dx_int=-1, dy_int=1. HB Actual: (563, 227) (Flotantes totales: dx=-0.9965, dy=0.5113)
2025-05-19 17:11:50 - enemigo - [DEBUG] - [Enemigo_1] Inicia _mover_y_colisionar_con_obstaculos. dx_int=-1, dy_int=1. HB Actual: (563, 227)
2025-05-19 17:11:50 - enemigo - [DEBUG] - [Enemigo_1] Hitbox recentrado (enemigo): (575, 238) (Rect center: (575, 238))
2025-05-19 17:11:50 - enemigo - [DEBUG] - [Enemigo_1] _mover_y_colisionar: HB Antes CH: (563,227), HB Despues CH y Sinc: (562,228), Rect: (559, 225), PosFlotante: (562.00,228.00)
2025-05-19 17:11:50 - enemigo - [DEBUG] - [Enemigo_1] Posición DESPUÉS de mov/col: HB (562, 228), Rect (559, 225), Flot (562.00, 228.00)
2025-05-19 17:11:50 - enemigo - [DEBUG] - [Enemigo_2] --- Inicio Update IA --- Delta: 0.0160s. Pos ANTES: HB (423, 379), Rect (420, 376), Flot (423.00, 379.00)
2025-05-19 17:11:50 - enemigo - [DEBUG] - [Enemigo_2] Target (centro (424, 315)), Dist: 74.97. Mi Centro HB: (436, 389)
2025-05-19 17:11:50 - enemigo - [DEBUG] - [Enemigo_2] EN RANGO AGRO. Input IA (vel): (-11.20, -69.10)
2025-05-19 17:11:50 - enemigo - [DEBUG] - [Enemigo_2] Pos flotante (post-IA y delta): (422.8207, 377.8944)
2025-05-19 17:11:50 - enemigo - [DEBUG] - [Enemigo_2] Solicita movimiento a CH (deltas enteros): dx_int=-1, dy_int=-2. HB Actual: (423, 379) (Flotantes totales: dx=-0.1793, dy=-1.1056)
2025-05-19 17:11:50 - enemigo - [DEBUG] - [Enemigo_2] Inicia _mover_y_colisionar_con_obstaculos. dx_int=-1, dy_int=-2. HB Actual: (423, 379)
2025-05-19 17:11:50 - enemigo - [DEBUG] - [Enemigo_2] Hitbox recentrado (enemigo): (435, 387) (Rect center: (435, 387))
2025-05-19 17:11:50 - enemigo - [DEBUG] - [Enemigo_2] _mover_y_colisionar: HB Antes CH: (423,379), HB Despues CH y Sinc: (422,377), Rect: (419, 374), PosFlotante: (422.00,377.00)
2025-05-19 17:11:50 - enemigo - [DEBUG] - [Enemigo_2] Posición DESPUÉS de mov/col: HB (422, 377), Rect (419, 374), Flot (422.00, 377.00)
2025-05-19 17:11:50 - enemigo - [DEBUG] - [Enemigo_1] --- Inicio Update IA --- Delta: 0.0160s. Pos ANTES: HB (562, 228), Rect (559, 225), Flot (562.00, 228.00)
2025-05-19 17:11:50 - enemigo - [DEBUG] - [Enemigo_1] Target (centro (424, 318)), Dist: 170.88. Mi Centro HB: (575, 238)
2025-05-19 17:11:50 - enemigo - [DEBUG] - [Enemigo_1] EN RANGO AGRO. Input IA (vel): (-61.86, 32.77)
2025-05-19 17:11:50 - enemigo - [DEBUG] - [Enemigo_1] Pos flotante (post-IA y delta): (561.0103, 228.5243)
2025-05-19 17:11:50 - enemigo - [DEBUG] - [Enemigo_1] Solicita movimiento a CH (deltas enteros): dx_int=-1, dy_int=1. HB Actual: (562, 228) (Flotantes totales: dx=-0.9897, dy=0.5243)
2025-05-19 17:11:50 - enemigo - [DEBUG] - [Enemigo_1] Inicia _mover_y_colisionar_con_obstaculos. dx_int=-1, dy_int=1. HB Actual: (562, 228)
2025-05-19 17:11:50 - enemigo - [DEBUG] - [Enemigo_1] Hitbox recentrado (enemigo): (574, 239) (Rect center: (574, 239))
2025-05-19 17:11:50 - enemigo - [DEBUG] - [Enemigo_1] _mover_y_colisionar: HB Antes CH: (562,228), HB Despues CH y Sinc: (561,229), Rect: (558, 226), PosFlotante: (561.00,229.00)
2025-05-19 17:11:50 - enemigo - [DEBUG] - [Enemigo_1] Posición DESPUÉS de mov/col: HB (561, 229), Rect (558, 226), Flot (561.00, 229.00)
2025-05-19 17:11:50 - enemigo - [DEBUG] - [Enemigo_2] --- Inicio Update IA --- Delta: 0.0160s. Pos ANTES: HB (422, 377), Rect (419, 374), Flot (422.00, 377.00)
2025-05-19 17:11:50 - enemigo - [DEBUG] - [Enemigo_2] Target (centro (424, 318)), Dist: 69.87. Mi Centro HB: (435, 387)
2025-05-19 17:11:50 - enemigo - [DEBUG] - [Enemigo_2] EN RANGO AGRO. Input IA (vel): (-11.02, -69.13)
2025-05-19 17:11:50 - enemigo - [DEBUG] - [Enemigo_2] Pos flotante (post-IA y delta): (421.8237, 375.8940)
2025-05-19 17:11:50 - enemigo - [DEBUG] - [Enemigo_2] Solicita movimiento a CH (deltas enteros): dx_int=-1, dy_int=-2. HB Actual: (422, 377) (Flotantes totales: dx=-0.1763, dy=-1.1060)
2025-05-19 17:11:50 - enemigo - [DEBUG] - [Enemigo_2] Inicia _mover_y_colisionar_con_obstaculos. dx_int=-1, dy_int=-2. HB Actual: (422, 377)
2025-05-19 17:11:50 - enemigo - [DEBUG] - [Enemigo_2] Hitbox recentrado (enemigo): (434, 385) (Rect center: (434, 385))
2025-05-19 17:11:50 - enemigo - [DEBUG] - [Enemigo_2] _mover_y_colisionar: HB Antes CH: (422,377), HB Despues CH y Sinc: (421,375), Rect: (418, 372), PosFlotante: (421.00,375.00)
2025-05-19 17:11:50 - enemigo - [DEBUG] - [Enemigo_2] Posición DESPUÉS de mov/col: HB (421, 375), Rect (418, 372), Flot (421.00, 375.00)
2025-05-19 17:11:50 - enemigo - [DEBUG] - [Enemigo_1] --- Inicio Update IA --- Delta: 0.0160s. Pos ANTES: HB (561, 229), Rect (558, 226), Flot (561.00, 229.00)
2025-05-19 17:11:50 - enemigo - [DEBUG] - [Enemigo_1] Target (centro (424, 321)), Dist: 170.95. Mi Centro HB: (574, 239)
2025-05-19 17:11:50 - enemigo - [DEBUG] - [Enemigo_1] EN RANGO AGRO. Input IA (vel): (-61.42, 33.58)
2025-05-19 17:11:50 - enemigo - [DEBUG] - [Enemigo_1] Pos flotante (post-IA y delta): (560.0173, 229.5372)
2025-05-19 17:11:50 - enemigo - [DEBUG] - [Enemigo_1] Solicita movimiento a CH (deltas enteros): dx_int=-1, dy_int=1. HB Actual: (561, 229) (Flotantes totales: dx=-0.9827, dy=0.5372)
2025-05-19 17:11:50 - enemigo - [DEBUG] - [Enemigo_1] Inicia _mover_y_colisionar_con_obstaculos. dx_int=-1, dy_int=1. HB Actual: (561, 229)
2025-05-19 17:11:50 - enemigo - [DEBUG] - [Enemigo_1] Hitbox recentrado (enemigo): (573, 240) (Rect center: (573, 240))
2025-05-19 17:11:50 - enemigo - [DEBUG] - [Enemigo_1] _mover_y_colisionar: HB Antes CH: (561,229), HB Despues CH y Sinc: (560,230), Rect: (557, 227), PosFlotante: (560.00,230.00)
2025-05-19 17:11:50 - enemigo - [DEBUG] - [Enemigo_1] Posición DESPUÉS de mov/col: HB (560, 230), Rect (557, 227), Flot (560.00, 230.00)
2025-05-19 17:11:50 - enemigo - [DEBUG] - [Enemigo_2] --- Inicio Update IA --- Delta: 0.0160s. Pos ANTES: HB (421, 375), Rect (418, 372), Flot (421.00, 375.00)
2025-05-19 17:11:50 - enemigo - [DEBUG] - [Enemigo_2] Target (centro (424, 321)), Dist: 64.78. Mi Centro HB: (434, 385)
2025-05-19 17:11:50 - enemigo - [DEBUG] - [Enemigo_2] EN RANGO AGRO. Input IA (vel): (-10.81, -69.16)
2025-05-19 17:11:50 - enemigo - [DEBUG] - [Enemigo_2] Pos flotante (post-IA y delta): (420.8271, 373.8934)
2025-05-19 17:11:50 - enemigo - [DEBUG] - [Enemigo_2] Solicita movimiento a CH (deltas enteros): dx_int=-1, dy_int=-2. HB Actual: (421, 375) (Flotantes totales: dx=-0.1729, dy=-1.1066)
2025-05-19 17:11:50 - enemigo - [DEBUG] - [Enemigo_2] Inicia _mover_y_colisionar_con_obstaculos. dx_int=-1, dy_int=-2. HB Actual: (421, 375)
2025-05-19 17:11:50 - enemigo - [DEBUG] - [Enemigo_2] Hitbox recentrado (enemigo): (433, 383) (Rect center: (433, 383))
2025-05-19 17:11:50 - enemigo - [DEBUG] - [Enemigo_2] _mover_y_colisionar: HB Antes CH: (421,375), HB Despues CH y Sinc: (420,373), Rect: (417, 370), PosFlotante: (420.00,373.00)
2025-05-19 17:11:50 - enemigo - [DEBUG] - [Enemigo_2] Posición DESPUÉS de mov/col: HB (420, 373), Rect (417, 370), Flot (420.00, 373.00)
2025-05-19 17:11:50 - enemigo - [DEBUG] - [Enemigo_1] --- Inicio Update IA --- Delta: 0.0160s. Pos ANTES: HB (560, 230), Rect (557, 227), Flot (560.00, 230.00)
2025-05-19 17:11:50 - enemigo - [DEBUG] - [Enemigo_1] Target (centro (424, 324)), Dist: 171.05. Mi Centro HB: (573, 240)
2025-05-19 17:11:50 - enemigo - [DEBUG] - [Enemigo_1] EN RANGO AGRO. Input IA (vel): (-60.98, 34.38)
2025-05-19 17:11:50 - enemigo - [DEBUG] - [Enemigo_1] Pos flotante (post-IA y delta): (559.0244, 230.5500)
2025-05-19 17:11:50 - enemigo - [DEBUG] - [Enemigo_1] Solicita movimiento a CH (deltas enteros): dx_int=-1, dy_int=1. HB Actual: (560, 230) (Flotantes totales: dx=-0.9756, dy=0.5500)
2025-05-19 17:11:50 - enemigo - [DEBUG] - [Enemigo_1] Inicia _mover_y_colisionar_con_obstaculos. dx_int=-1, dy_int=1. HB Actual: (560, 230)
2025-05-19 17:11:50 - enemigo - [DEBUG] - [Enemigo_1] Hitbox recentrado (enemigo): (572, 241) (Rect center: (572, 241))
2025-05-19 17:11:50 - enemigo - [DEBUG] - [Enemigo_1] _mover_y_colisionar: HB Antes CH: (560,230), HB Despues CH y Sinc: (559,231), Rect: (556, 228), PosFlotante: (559.00,231.00)
2025-05-19 17:11:50 - enemigo - [DEBUG] - [Enemigo_1] Posición DESPUÉS de mov/col: HB (559, 231), Rect (556, 228), Flot (559.00, 231.00)
2025-05-19 17:11:50 - enemigo - [DEBUG] - [Enemigo_2] --- Inicio Update IA --- Delta: 0.0160s. Pos ANTES: HB (420, 373), Rect (417, 370), Flot (420.00, 373.00)
2025-05-19 17:11:50 - enemigo - [DEBUG] - [Enemigo_2] Target (centro (424, 324)), Dist: 59.68. Mi Centro HB: (433, 383)
2025-05-19 17:11:50 - enemigo - [DEBUG] - [Enemigo_2] EN RANGO AGRO. Input IA (vel): (-10.56, -69.20)
2025-05-19 17:11:50 - enemigo - [DEBUG] - [Enemigo_2] Pos flotante (post-IA y delta): (419.8311, 371.8928)
2025-05-19 17:11:50 - enemigo - [DEBUG] - [Enemigo_2] Solicita movimiento a CH (deltas enteros): dx_int=-1, dy_int=-2. HB Actual: (420, 373) (Flotantes totales: dx=-0.1689, dy=-1.1072)
2025-05-19 17:11:50 - enemigo - [DEBUG] - [Enemigo_2] Inicia _mover_y_colisionar_con_obstaculos. dx_int=-1, dy_int=-2. HB Actual: (420, 373)
2025-05-19 17:11:50 - enemigo - [DEBUG] - [Enemigo_2] Hitbox recentrado (enemigo): (432, 381) (Rect center: (432, 381))
2025-05-19 17:11:50 - enemigo - [DEBUG] - [Enemigo_2] _mover_y_colisionar: HB Antes CH: (420,373), HB Despues CH y Sinc: (419,371), Rect: (416, 368), PosFlotante: (419.00,371.00)
2025-05-19 17:11:50 - enemigo - [DEBUG] - [Enemigo_2] Posición DESPUÉS de mov/col: HB (419, 371), Rect (416, 368), Flot (419.00, 371.00)
2025-05-19 17:11:50 - enemigo - [DEBUG] - [Enemigo_1] --- Inicio Update IA --- Delta: 0.0160s. Pos ANTES: HB (559, 231), Rect (556, 228), Flot (559.00, 231.00)
2025-05-19 17:11:50 - enemigo - [DEBUG] - [Enemigo_1] Target (centro (424, 327)), Dist: 171.17. Mi Centro HB: (572, 241)
2025-05-19 17:11:50 - enemigo - [DEBUG] - [Enemigo_1] EN RANGO AGRO. Input IA (vel): (-60.52, 35.17)
2025-05-19 17:11:50 - enemigo - [DEBUG] - [Enemigo_1] Pos flotante (post-IA y delta): (558.0316, 231.5627)
2025-05-19 17:11:50 - enemigo - [DEBUG] - [Enemigo_1] Solicita movimiento a CH (deltas enteros): dx_int=-1, dy_int=1. HB Actual: (559, 231) (Flotantes totales: dx=-0.9684, dy=0.5627)
2025-05-19 17:11:50 - enemigo - [DEBUG] - [Enemigo_1] Inicia _mover_y_colisionar_con_obstaculos. dx_int=-1, dy_int=1. HB Actual: (559, 231)
2025-05-19 17:11:50 - enemigo - [DEBUG] - [Enemigo_1] Hitbox recentrado (enemigo): (571, 242) (Rect center: (571, 242))
2025-05-19 17:11:50 - enemigo - [DEBUG] - [Enemigo_1] _mover_y_colisionar: HB Antes CH: (559,231), HB Despues CH y Sinc: (558,232), Rect: (555, 229), PosFlotante: (558.00,232.00)
2025-05-19 17:11:50 - enemigo - [DEBUG] - [Enemigo_1] Posición DESPUÉS de mov/col: HB (558, 232), Rect (555, 229), Flot (558.00, 232.00)
2025-05-19 17:11:50 - enemigo - [DEBUG] - [Enemigo_2] --- Inicio Update IA --- Delta: 0.0160s. Pos ANTES: HB (419, 371), Rect (416, 368), Flot (419.00, 371.00)
2025-05-19 17:11:50 - enemigo - [DEBUG] - [Enemigo_2] Target (centro (424, 327)), Dist: 54.59. Mi Centro HB: (432, 381)
2025-05-19 17:11:50 - enemigo - [DEBUG] - [Enemigo_2] EN RANGO AGRO. Input IA (vel): (-10.26, -69.24)
2025-05-19 17:11:50 - enemigo - [DEBUG] - [Enemigo_2] Pos flotante (post-IA y delta): (418.8359, 369.8921)
2025-05-19 17:11:50 - enemigo - [DEBUG] - [Enemigo_2] Solicita movimiento a CH (deltas enteros): dx_int=-1, dy_int=-2. HB Actual: (419, 371) (Flotantes totales: dx=-0.1641, dy=-1.1079)
2025-05-19 17:11:50 - enemigo - [DEBUG] - [Enemigo_2] Inicia _mover_y_colisionar_con_obstaculos. dx_int=-1, dy_int=-2. HB Actual: (419, 371)
2025-05-19 17:11:50 - enemigo - [DEBUG] - [Enemigo_2] Hitbox recentrado (enemigo): (431, 379) (Rect center: (431, 379))
2025-05-19 17:11:50 - enemigo - [DEBUG] - [Enemigo_2] _mover_y_colisionar: HB Antes CH: (419,371), HB Despues CH y Sinc: (418,369), Rect: (415, 366), PosFlotante: (418.00,369.00)
2025-05-19 17:11:50 - enemigo - [DEBUG] - [Enemigo_2] Posición DESPUÉS de mov/col: HB (418, 369), Rect (415, 366), Flot (418.00, 369.00)
2025-05-19 17:11:50 - enemigo - [DEBUG] - [Enemigo_1] --- Inicio Update IA --- Delta: 0.0160s. Pos ANTES: HB (558, 232), Rect (555, 229), Flot (558.00, 232.00)
2025-05-19 17:11:50 - enemigo - [DEBUG] - [Enemigo_1] Target (centro (424, 330)), Dist: 171.33. Mi Centro HB: (571, 242)
2025-05-19 17:11:50 - enemigo - [DEBUG] - [Enemigo_1] EN RANGO AGRO. Input IA (vel): (-60.06, 35.95)
2025-05-19 17:11:50 - enemigo - [DEBUG] - [Enemigo_1] Pos flotante (post-IA y delta): (557.0390, 232.5753)
2025-05-19 17:11:50 - enemigo - [DEBUG] - [Enemigo_1] Solicita movimiento a CH (deltas enteros): dx_int=-1, dy_int=1. HB Actual: (558, 232) (Flotantes totales: dx=-0.9610, dy=0.5753)
2025-05-19 17:11:50 - enemigo - [DEBUG] - [Enemigo_1] Inicia _mover_y_colisionar_con_obstaculos. dx_int=-1, dy_int=1. HB Actual: (558, 232)
2025-05-19 17:11:50 - enemigo - [DEBUG] - [Enemigo_1] Hitbox recentrado (enemigo): (570, 243) (Rect center: (570, 243))
2025-05-19 17:11:50 - enemigo - [DEBUG] - [Enemigo_1] _mover_y_colisionar: HB Antes CH: (558,232), HB Despues CH y Sinc: (557,233), Rect: (554, 230), PosFlotante: (557.00,233.00)
2025-05-19 17:11:50 - enemigo - [DEBUG] - [Enemigo_1] Posición DESPUÉS de mov/col: HB (557, 233), Rect (554, 230), Flot (557.00, 233.00)
2025-05-19 17:11:50 - enemigo - [DEBUG] - [Enemigo_2] --- Inicio Update IA --- Delta: 0.0160s. Pos ANTES: HB (418, 369), Rect (415, 366), Flot (418.00, 369.00)
2025-05-19 17:11:50 - enemigo - [DEBUG] - [Enemigo_2] Target (centro (424, 330)), Dist: 49.50. Mi Centro HB: (431, 379)
2025-05-19 17:11:50 - enemigo - [DEBUG] - [Enemigo_2] EN RANGO AGRO. Input IA (vel): (-9.90, -69.30)
2025-05-19 17:11:50 - enemigo - [DEBUG] - [Enemigo_2] Pos flotante (post-IA y delta): (417.8416, 367.8913)
2025-05-19 17:11:50 - enemigo - [DEBUG] - [Enemigo_2] Solicita movimiento a CH (deltas enteros): dx_int=-1, dy_int=-2. HB Actual: (418, 369) (Flotantes totales: dx=-0.1584, dy=-1.1087)
2025-05-19 17:11:50 - enemigo - [DEBUG] - [Enemigo_2] Inicia _mover_y_colisionar_con_obstaculos. dx_int=-1, dy_int=-2. HB Actual: (418, 369)
2025-05-19 17:11:50 - enemigo - [DEBUG] - [Enemigo_2] Hitbox recentrado (enemigo): (430, 377) (Rect center: (430, 377))
2025-05-19 17:11:50 - enemigo - [DEBUG] - [Enemigo_2] _mover_y_colisionar: HB Antes CH: (418,369), HB Despues CH y Sinc: (417,367), Rect: (414, 364), PosFlotante: (417.00,367.00)
2025-05-19 17:11:50 - enemigo - [DEBUG] - [Enemigo_2] Posición DESPUÉS de mov/col: HB (417, 367), Rect (414, 364), Flot (417.00, 367.00)
2025-05-19 17:11:50 - enemigo - [DEBUG] - [Enemigo_1] --- Inicio Update IA --- Delta: 0.0160s. Pos ANTES: HB (557, 233), Rect (554, 230), Flot (557.00, 233.00)
2025-05-19 17:11:50 - enemigo - [DEBUG] - [Enemigo_1] Target (centro (424, 333)), Dist: 171.51. Mi Centro HB: (570, 243)
2025-05-19 17:11:50 - enemigo - [DEBUG] - [Enemigo_1] EN RANGO AGRO. Input IA (vel): (-59.59, 36.73)
2025-05-19 17:11:50 - enemigo - [DEBUG] - [Enemigo_1] Pos flotante (post-IA y delta): (556.0466, 233.5877)
2025-05-19 17:11:50 - enemigo - [DEBUG] - [Enemigo_1] Solicita movimiento a CH (deltas enteros): dx_int=-1, dy_int=1. HB Actual: (557, 233) (Flotantes totales: dx=-0.9534, dy=0.5877)
2025-05-19 17:11:50 - enemigo - [DEBUG] - [Enemigo_1] Inicia _mover_y_colisionar_con_obstaculos. dx_int=-1, dy_int=1. HB Actual: (557, 233)
2025-05-19 17:11:50 - enemigo - [DEBUG] - [Enemigo_1] Hitbox recentrado (enemigo): (569, 244) (Rect center: (569, 244))
2025-05-19 17:11:50 - enemigo - [DEBUG] - [Enemigo_1] _mover_y_colisionar: HB Antes CH: (557,233), HB Despues CH y Sinc: (556,234), Rect: (553, 231), PosFlotante: (556.00,234.00)
2025-05-19 17:11:50 - enemigo - [DEBUG] - [Enemigo_1] Posición DESPUÉS de mov/col: HB (556, 234), Rect (553, 231), Flot (556.00, 234.00)
2025-05-19 17:11:50 - enemigo - [DEBUG] - [Enemigo_2] --- Inicio Update IA --- Delta: 0.0160s. Pos ANTES: HB (417, 367), Rect (414, 364), Flot (417.00, 367.00)
2025-05-19 17:11:50 - enemigo - [DEBUG] - [Enemigo_2] Target (centro (424, 333)), Dist: 44.41. Mi Centro HB: (430, 377)
2025-05-19 17:11:50 - enemigo - [DEBUG] - [Enemigo_2] EN RANGO AGRO. Input IA (vel): (-9.46, -69.36)
2025-05-19 17:11:50 - enemigo - [DEBUG] - [Enemigo_2] Pos flotante (post-IA y delta): (416.8487, 365.8903)
2025-05-19 17:11:50 - enemigo - [DEBUG] - [Enemigo_2] Solicita movimiento a CH (deltas enteros): dx_int=-1, dy_int=-2. HB Actual: (417, 367) (Flotantes totales: dx=-0.1513, dy=-1.1097)
2025-05-19 17:11:50 - enemigo - [DEBUG] - [Enemigo_2] Inicia _mover_y_colisionar_con_obstaculos. dx_int=-1, dy_int=-2. HB Actual: (417, 367)
2025-05-19 17:11:50 - enemigo - [DEBUG] - [Enemigo_2] Hitbox recentrado (enemigo): (429, 375) (Rect center: (429, 375))
2025-05-19 17:11:50 - enemigo - [DEBUG] - [Enemigo_2] _mover_y_colisionar: HB Antes CH: (417,367), HB Despues CH y Sinc: (416,365), Rect: (413, 362), PosFlotante: (416.00,365.00)
2025-05-19 17:11:50 - enemigo - [DEBUG] - [Enemigo_2] Posición DESPUÉS de mov/col: HB (416, 365), Rect (413, 362), Flot (416.00, 365.00)
2025-05-19 17:11:51 - enemigo - [DEBUG] - [Enemigo_1] --- Inicio Update IA --- Delta: 0.0160s. Pos ANTES: HB (556, 234), Rect (553, 231), Flot (556.00, 234.00)
2025-05-19 17:11:51 - enemigo - [DEBUG] - [Enemigo_1] Target (centro (427, 336)), Dist: 169.20. Mi Centro HB: (569, 244)
2025-05-19 17:11:51 - enemigo - [DEBUG] - [Enemigo_1] EN RANGO AGRO. Input IA (vel): (-58.75, 38.06)
2025-05-19 17:11:51 - enemigo - [DEBUG] - [Enemigo_1] Pos flotante (post-IA y delta): (555.0600, 234.6090)
2025-05-19 17:11:51 - enemigo - [DEBUG] - [Enemigo_1] Solicita movimiento a CH (deltas enteros): dx_int=-1, dy_int=1. HB Actual: (556, 234) (Flotantes totales: dx=-0.9400, dy=0.6090)
2025-05-19 17:11:51 - enemigo - [DEBUG] - [Enemigo_1] Inicia _mover_y_colisionar_con_obstaculos. dx_int=-1, dy_int=1. HB Actual: (556, 234)
2025-05-19 17:11:51 - enemigo - [DEBUG] - [Enemigo_1] Hitbox recentrado (enemigo): (568, 245) (Rect center: (568, 245))
2025-05-19 17:11:51 - enemigo - [DEBUG] - [Enemigo_1] _mover_y_colisionar: HB Antes CH: (556,234), HB Despues CH y Sinc: (555,235), Rect: (552, 232), PosFlotante: (555.00,235.00)
2025-05-19 17:11:51 - enemigo - [DEBUG] - [Enemigo_1] Posición DESPUÉS de mov/col: HB (555, 235), Rect (552, 232), Flot (555.00, 235.00)
2025-05-19 17:11:51 - enemigo - [DEBUG] - [Enemigo_2] --- Inicio Update IA --- Delta: 0.0160s. Pos ANTES: HB (416, 365), Rect (413, 362), Flot (416.00, 365.00)
2025-05-19 17:11:51 - enemigo - [DEBUG] - [Enemigo_2] Target (centro (427, 336)), Dist: 39.05. Mi Centro HB: (429, 375)
2025-05-19 17:11:51 - enemigo - [DEBUG] - [Enemigo_2] EN RANGO AGRO. Input IA (vel): (-3.59, -69.91)
2025-05-19 17:11:51 - enemigo - [DEBUG] - [Enemigo_2] Pos flotante (post-IA y delta): (415.9426, 363.8815)
2025-05-19 17:11:51 - enemigo - [DEBUG] - [Enemigo_2] Solicita movimiento a CH (deltas enteros): dx_int=-1, dy_int=-2. HB Actual: (416, 365) (Flotantes totales: dx=-0.0574, dy=-1.1185)
2025-05-19 17:11:51 - enemigo - [DEBUG] - [Enemigo_2] Inicia _mover_y_colisionar_con_obstaculos. dx_int=-1, dy_int=-2. HB Actual: (416, 365)
2025-05-19 17:11:51 - enemigo - [DEBUG] - [Enemigo_2] Hitbox recentrado (enemigo): (428, 373) (Rect center: (428, 373))
2025-05-19 17:11:51 - enemigo - [DEBUG] - [Enemigo_2] _mover_y_colisionar: HB Antes CH: (416,365), HB Despues CH y Sinc: (415,363), Rect: (412, 360), PosFlotante: (415.00,363.00)
2025-05-19 17:11:51 - enemigo - [DEBUG] - [Enemigo_2] Posición DESPUÉS de mov/col: HB (415, 363), Rect (412, 360), Flot (415.00, 363.00)
2025-05-19 17:11:51 - enemigo - [DEBUG] - [Enemigo_1] --- Inicio Update IA --- Delta: 0.0170s. Pos ANTES: HB (555, 235), Rect (552, 232), Flot (555.00, 235.00)
2025-05-19 17:11:51 - enemigo - [DEBUG] - [Enemigo_1] Target (centro (430, 339)), Dist: 166.97. Mi Centro HB: (568, 245)
2025-05-19 17:11:51 - enemigo - [DEBUG] - [Enemigo_1] EN RANGO AGRO. Input IA (vel): (-57.85, 39.41)
2025-05-19 17:11:51 - enemigo - [DEBUG] - [Enemigo_1] Pos flotante (post-IA y delta): (554.0165, 235.6699)
2025-05-19 17:11:51 - enemigo - [DEBUG] - [Enemigo_1] Solicita movimiento a CH (deltas enteros): dx_int=-1, dy_int=1. HB Actual: (555, 235) (Flotantes totales: dx=-0.9835, dy=0.6699)
2025-05-19 17:11:51 - enemigo - [DEBUG] - [Enemigo_1] Inicia _mover_y_colisionar_con_obstaculos. dx_int=-1, dy_int=1. HB Actual: (555, 235)
2025-05-19 17:11:51 - enemigo - [DEBUG] - [Enemigo_1] Hitbox recentrado (enemigo): (567, 246) (Rect center: (567, 246))
2025-05-19 17:11:51 - enemigo - [DEBUG] - [Enemigo_1] _mover_y_colisionar: HB Antes CH: (555,235), HB Despues CH y Sinc: (554,236), Rect: (551, 233), PosFlotante: (554.00,236.00)
2025-05-19 17:11:51 - enemigo - [DEBUG] - [Enemigo_1] Posición DESPUÉS de mov/col: HB (554, 236), Rect (551, 233), Flot (554.00, 236.00)
2025-05-19 17:11:51 - enemigo - [DEBUG] - [Enemigo_2] --- Inicio Update IA --- Delta: 0.0170s. Pos ANTES: HB (415, 363), Rect (412, 360), Flot (415.00, 363.00)
2025-05-19 17:11:51 - enemigo - [DEBUG] - [Enemigo_2] Target (centro (430, 339)), Dist: 34.06. Mi Centro HB: (428, 373)
2025-05-19 17:11:51 - enemigo - [DEBUG] - [Enemigo_2] EN RANGO AGRO. Input IA (vel): (4.11, -69.88)
2025-05-19 17:11:51 - enemigo - [DEBUG] - [Enemigo_2] Pos flotante (post-IA y delta): (415.0699, 361.8121)
2025-05-19 17:11:51 - enemigo - [DEBUG] - [Enemigo_2] Solicita movimiento a CH (deltas enteros): dx_int=1, dy_int=-2. HB Actual: (415, 363) (Flotantes totales: dx=0.0699, dy=-1.1879)
2025-05-19 17:11:51 - enemigo - [DEBUG] - [Enemigo_2] Inicia _mover_y_colisionar_con_obstaculos. dx_int=1, dy_int=-2. HB Actual: (415, 363)
2025-05-19 17:11:51 - enemigo - [DEBUG] - [Enemigo_2] Hitbox recentrado (enemigo): (429, 371) (Rect center: (429, 371))
2025-05-19 17:11:51 - enemigo - [DEBUG] - [Enemigo_2] _mover_y_colisionar: HB Antes CH: (415,363), HB Despues CH y Sinc: (416,361), Rect: (413, 358), PosFlotante: (416.00,361.00)
2025-05-19 17:11:51 - enemigo - [DEBUG] - [Enemigo_2] Posición DESPUÉS de mov/col: HB (416, 361), Rect (413, 358), Flot (416.00, 361.00)
2025-05-19 17:11:51 - enemigo - [DEBUG] - [Enemigo_1] --- Inicio Update IA --- Delta: 0.0160s. Pos ANTES: HB (554, 236), Rect (551, 233), Flot (554.00, 236.00)
2025-05-19 17:11:51 - enemigo - [DEBUG] - [Enemigo_1] Target (centro (434, 343)), Dist: 164.61. Mi Centro HB: (567, 246)
2025-05-19 17:11:51 - enemigo - [DEBUG] - [Enemigo_1] EN RANGO AGRO. Input IA (vel): (-56.56, 41.25)
2025-05-19 17:11:51 - enemigo - [DEBUG] - [Enemigo_1] Pos flotante (post-IA y delta): (553.0951, 236.6600)
2025-05-19 17:11:51 - enemigo - [DEBUG] - [Enemigo_1] Solicita movimiento a CH (deltas enteros): dx_int=-1, dy_int=1. HB Actual: (554, 236) (Flotantes totales: dx=-0.9049, dy=0.6600)
2025-05-19 17:11:51 - enemigo - [DEBUG] - [Enemigo_1] Inicia _mover_y_colisionar_con_obstaculos. dx_int=-1, dy_int=1. HB Actual: (554, 236)
2025-05-19 17:11:51 - enemigo - [DEBUG] - [Enemigo_1] Hitbox recentrado (enemigo): (566, 247) (Rect center: (566, 247))
2025-05-19 17:11:51 - enemigo - [DEBUG] - [Enemigo_1] _mover_y_colisionar: HB Antes CH: (554,236), HB Despues CH y Sinc: (553,237), Rect: (550, 234), PosFlotante: (553.00,237.00)
2025-05-19 17:11:51 - enemigo - [DEBUG] - [Enemigo_1] Posición DESPUÉS de mov/col: HB (553, 237), Rect (550, 234), Flot (553.00, 237.00)
2025-05-19 17:11:51 - enemigo - [DEBUG] - [Enemigo_2] --- Inicio Update IA --- Delta: 0.0160s. Pos ANTES: HB (416, 361), Rect (413, 358), Flot (416.00, 361.00)
2025-05-19 17:11:51 - enemigo - [DEBUG] - [Enemigo_2] Target (centro (434, 343)), Dist: 28.44. Mi Centro HB: (429, 371)
2025-05-19 17:11:51 - enemigo - [DEBUG] - [Enemigo_2] EN RANGO AGRO. Input IA (vel): (12.31, -68.91)
2025-05-19 17:11:51 - enemigo - [DEBUG] - [Enemigo_2] Pos flotante (post-IA y delta): (416.1969, 359.8974)
2025-05-19 17:11:51 - enemigo - [DEBUG] - [Enemigo_2] Solicita movimiento a CH (deltas enteros): dx_int=1, dy_int=-2. HB Actual: (416, 361) (Flotantes totales: dx=0.1969, dy=-1.1026)
2025-05-19 17:11:51 - enemigo - [DEBUG] - [Enemigo_2] Inicia _mover_y_colisionar_con_obstaculos. dx_int=1, dy_int=-2. HB Actual: (416, 361)
2025-05-19 17:11:51 - enemigo - [DEBUG] - [Enemigo_2] Hitbox recentrado (enemigo): (430, 369) (Rect center: (430, 369))
2025-05-19 17:11:51 - enemigo - [DEBUG] - [Enemigo_2] _mover_y_colisionar: HB Antes CH: (416,361), HB Despues CH y Sinc: (417,359), Rect: (414, 356), PosFlotante: (417.00,359.00)
2025-05-19 17:11:51 - enemigo - [DEBUG] - [Enemigo_2] Posición DESPUÉS de mov/col: HB (417, 359), Rect (414, 356), Flot (417.00, 359.00)
2025-05-19 17:11:51 - enemigo - [DEBUG] - [Enemigo_1] --- Inicio Update IA --- Delta: 0.0160s. Pos ANTES: HB (553, 237), Rect (550, 234), Flot (553.00, 237.00)
2025-05-19 17:11:51 - enemigo - [DEBUG] - [Enemigo_1] Target (centro (437, 346)), Dist: 162.61. Mi Centro HB: (566, 247)
2025-05-19 17:11:51 - enemigo - [DEBUG] - [Enemigo_1] EN RANGO AGRO. Input IA (vel): (-55.53, 42.62)
2025-05-19 17:11:51 - enemigo - [DEBUG] - [Enemigo_1] Pos flotante (post-IA y delta): (552.1115, 237.6819)
2025-05-19 17:11:51 - enemigo - [DEBUG] - [Enemigo_1] Solicita movimiento a CH (deltas enteros): dx_int=-1, dy_int=1. HB Actual: (553, 237) (Flotantes totales: dx=-0.8885, dy=0.6819)
2025-05-19 17:11:51 - enemigo - [DEBUG] - [Enemigo_1] Inicia _mover_y_colisionar_con_obstaculos. dx_int=-1, dy_int=1. HB Actual: (553, 237)
2025-05-19 17:11:51 - enemigo - [DEBUG] - [Enemigo_1] Hitbox recentrado (enemigo): (565, 248) (Rect center: (565, 248))
2025-05-19 17:11:51 - enemigo - [DEBUG] - [Enemigo_1] _mover_y_colisionar: HB Antes CH: (553,237), HB Despues CH y Sinc: (552,238), Rect: (549, 235), PosFlotante: (552.00,238.00)
2025-05-19 17:11:51 - enemigo - [DEBUG] - [Enemigo_1] Posición DESPUÉS de mov/col: HB (552, 238), Rect (549, 235), Flot (552.00, 238.00)
2025-05-19 17:11:51 - enemigo - [DEBUG] - [Enemigo_2] --- Inicio Update IA --- Delta: 0.0160s. Pos ANTES: HB (417, 359), Rect (414, 356), Flot (417.00, 359.00)
2025-05-19 17:11:51 - enemigo - [DEBUG] - [Enemigo_2] Target (centro (437, 346)), Dist: 24.04. Mi Centro HB: (430, 369)
2025-05-19 17:11:51 - enemigo - [DEBUG] - [Enemigo_2] EN RANGO AGRO. Input IA (vel): (20.38, -66.97)
2025-05-19 17:11:51 - enemigo - [DEBUG] - [Enemigo_2] Pos flotante (post-IA y delta): (417.3261, 357.9285)
2025-05-19 17:11:51 - enemigo - [DEBUG] - [Enemigo_2] Solicita movimiento a CH (deltas enteros): dx_int=1, dy_int=-2. HB Actual: (417, 359) (Flotantes totales: dx=0.3261, dy=-1.0715)
2025-05-19 17:11:51 - enemigo - [DEBUG] - [Enemigo_2] Inicia _mover_y_colisionar_con_obstaculos. dx_int=1, dy_int=-2. HB Actual: (417, 359)
2025-05-19 17:11:51 - enemigo - [DEBUG] - [Enemigo_2] Hitbox recentrado (enemigo): (431, 367) (Rect center: (431, 367))
2025-05-19 17:11:51 - enemigo - [DEBUG] - [Enemigo_2] _mover_y_colisionar: HB Antes CH: (417,359), HB Despues CH y Sinc: (418,357), Rect: (415, 354), PosFlotante: (418.00,357.00)
2025-05-19 17:11:51 - enemigo - [DEBUG] - [Enemigo_2] Posición DESPUÉS de mov/col: HB (418, 357), Rect (415, 354), Flot (418.00, 357.00)
2025-05-19 17:11:51 - enemigo - [DEBUG] - [Enemigo_1] --- Inicio Update IA --- Delta: 0.0160s. Pos ANTES: HB (552, 238), Rect (549, 235), Flot (552.00, 238.00)
2025-05-19 17:11:51 - enemigo - [DEBUG] - [Enemigo_1] Target (centro (440, 346)), Dist: 158.84. Mi Centro HB: (565, 248)
2025-05-19 17:11:51 - enemigo - [DEBUG] - [Enemigo_1] EN RANGO AGRO. Input IA (vel): (-55.09, 43.19)
2025-05-19 17:11:51 - enemigo - [DEBUG] - [Enemigo_1] Pos flotante (post-IA y delta): (551.1186, 238.6910)
2025-05-19 17:11:51 - enemigo - [DEBUG] - [Enemigo_1] Solicita movimiento a CH (deltas enteros): dx_int=-1, dy_int=1. HB Actual: (552, 238) (Flotantes totales: dx=-0.8814, dy=0.6910)
2025-05-19 17:11:51 - enemigo - [DEBUG] - [Enemigo_1] Inicia _mover_y_colisionar_con_obstaculos. dx_int=-1, dy_int=1. HB Actual: (552, 238)
2025-05-19 17:11:51 - enemigo - [DEBUG] - [Enemigo_1] Hitbox recentrado (enemigo): (564, 249) (Rect center: (564, 249))
2025-05-19 17:11:51 - enemigo - [DEBUG] - [Enemigo_1] _mover_y_colisionar: HB Antes CH: (552,238), HB Despues CH y Sinc: (551,239), Rect: (548, 236), PosFlotante: (551.00,239.00)
2025-05-19 17:11:51 - enemigo - [DEBUG] - [Enemigo_1] Posición DESPUÉS de mov/col: HB (551, 239), Rect (548, 236), Flot (551.00, 239.00)
2025-05-19 17:11:51 - enemigo - [DEBUG] - [Enemigo_2] --- Inicio Update IA --- Delta: 0.0160s. Pos ANTES: HB (418, 357), Rect (415, 354), Flot (418.00, 357.00)
2025-05-19 17:11:51 - enemigo - [DEBUG] - [Enemigo_2] Target (centro (440, 346)), Dist: 22.85. Mi Centro HB: (431, 367)
2025-05-19 17:11:51 - enemigo - [DEBUG] - [Enemigo_2] EN RANGO AGRO. Input IA (vel): (27.57, -64.34)
2025-05-19 17:11:51 - enemigo - [DEBUG] - [Enemigo_2] Pos flotante (post-IA y delta): (418.4412, 355.9706)
2025-05-19 17:11:51 - enemigo - [DEBUG] - [Enemigo_2] Solicita movimiento a CH (deltas enteros): dx_int=1, dy_int=-2. HB Actual: (418, 357) (Flotantes totales: dx=0.4412, dy=-1.0294)
2025-05-19 17:11:51 - enemigo - [DEBUG] - [Enemigo_2] Inicia _mover_y_colisionar_con_obstaculos. dx_int=1, dy_int=-2. HB Actual: (418, 357)
2025-05-19 17:11:51 - enemigo - [DEBUG] - [Enemigo_2] Hitbox recentrado (enemigo): (432, 365) (Rect center: (432, 365))
2025-05-19 17:11:51 - enemigo - [DEBUG] - [Enemigo_2] _mover_y_colisionar: HB Antes CH: (418,357), HB Despues CH y Sinc: (419,355), Rect: (416, 352), PosFlotante: (419.00,355.00)
2025-05-19 17:11:51 - enemigo - [DEBUG] - [Enemigo_2] Posición DESPUÉS de mov/col: HB (419, 355), Rect (416, 352), Flot (419.00, 355.00)
2025-05-19 17:11:51 - enemigo - [DEBUG] - [Enemigo_1] --- Inicio Update IA --- Delta: 0.0170s. Pos ANTES: HB (551, 239), Rect (548, 236), Flot (551.00, 239.00)
2025-05-19 17:11:51 - enemigo - [DEBUG] - [Enemigo_1] Target (centro (460, 349)), Dist: 144.28. Mi Centro HB: (564, 249)
2025-05-19 17:11:51 - enemigo - [DEBUG] - [Enemigo_1] EN RANGO AGRO. Input IA (vel): (-50.46, 48.52)
2025-05-19 17:11:51 - enemigo - [DEBUG] - [Enemigo_1] Pos flotante (post-IA y delta): (550.1422, 239.8248)
2025-05-19 17:11:51 - enemigo - [DEBUG] - [Enemigo_1] Solicita movimiento a CH (deltas enteros): dx_int=-1, dy_int=1. HB Actual: (551, 239) (Flotantes totales: dx=-0.8578, dy=0.8248)
2025-05-19 17:11:51 - enemigo - [DEBUG] - [Enemigo_1] Inicia _mover_y_colisionar_con_obstaculos. dx_int=-1, dy_int=1. HB Actual: (551, 239)
2025-05-19 17:11:51 - enemigo - [DEBUG] - [Enemigo_1] Hitbox recentrado (enemigo): (563, 250) (Rect center: (563, 250))
2025-05-19 17:11:51 - enemigo - [DEBUG] - [Enemigo_1] _mover_y_colisionar: HB Antes CH: (551,239), HB Despues CH y Sinc: (550,240), Rect: (547, 237), PosFlotante: (550.00,240.00)
2025-05-19 17:11:51 - enemigo - [DEBUG] - [Enemigo_1] Posición DESPUÉS de mov/col: HB (550, 240), Rect (547, 237), Flot (550.00, 240.00)
2025-05-19 17:11:51 - enemigo - [DEBUG] - [Enemigo_2] --- Inicio Update IA --- Delta: 0.0170s. Pos ANTES: HB (419, 355), Rect (416, 352), Flot (419.00, 355.00)
2025-05-19 17:11:51 - enemigo - [DEBUG] - [Enemigo_2] Target (centro (460, 349)), Dist: 32.25. Mi Centro HB: (432, 365)
2025-05-19 17:11:51 - enemigo - [DEBUG] - [Enemigo_2] EN RANGO AGRO. Input IA (vel): (60.78, -34.73)
2025-05-19 17:11:51 - enemigo - [DEBUG] - [Enemigo_2] Pos flotante (post-IA y delta): (420.0332, 354.4096)
2025-05-19 17:11:51 - enemigo - [DEBUG] - [Enemigo_2] Solicita movimiento a CH (deltas enteros): dx_int=2, dy_int=-1. HB Actual: (419, 355) (Flotantes totales: dx=1.0332, dy=-0.5904)
2025-05-19 17:11:51 - enemigo - [DEBUG] - [Enemigo_2] Inicia _mover_y_colisionar_con_obstaculos. dx_int=2, dy_int=-1. HB Actual: (419, 355)
2025-05-19 17:11:51 - enemigo - [DEBUG] - [Enemigo_2] Hitbox recentrado (enemigo): (434, 364) (Rect center: (434, 364))
2025-05-19 17:11:51 - enemigo - [DEBUG] - [Enemigo_2] _mover_y_colisionar: HB Antes CH: (419,355), HB Despues CH y Sinc: (421,354), Rect: (418, 351), PosFlotante: (421.00,354.00)
2025-05-19 17:11:51 - enemigo - [DEBUG] - [Enemigo_2] Posición DESPUÉS de mov/col: HB (421, 354), Rect (418, 351), Flot (421.00, 354.00)
2025-05-19 17:11:51 - enemigo - [DEBUG] - [Enemigo_1] --- Inicio Update IA --- Delta: 0.0170s. Pos ANTES: HB (550, 240), Rect (547, 237), Flot (550.00, 240.00)
2025-05-19 17:11:51 - enemigo - [DEBUG] - [Enemigo_1] Target (centro (464, 353)), Dist: 142.86. Mi Centro HB: (563, 250)
2025-05-19 17:11:51 - enemigo - [DEBUG] - [Enemigo_1] EN RANGO AGRO. Input IA (vel): (-48.51, 50.47)
2025-05-19 17:11:51 - enemigo - [DEBUG] - [Enemigo_1] Pos flotante (post-IA y delta): (549.1754, 240.8580)
2025-05-19 17:11:51 - enemigo - [DEBUG] - [Enemigo_1] Solicita movimiento a CH (deltas enteros): dx_int=-1, dy_int=1. HB Actual: (550, 240) (Flotantes totales: dx=-0.8246, dy=0.8580)
2025-05-19 17:11:51 - enemigo - [DEBUG] - [Enemigo_1] Inicia _mover_y_colisionar_con_obstaculos. dx_int=-1, dy_int=1. HB Actual: (550, 240)
2025-05-19 17:11:51 - enemigo - [DEBUG] - [Enemigo_1] Hitbox recentrado (enemigo): (562, 251) (Rect center: (562, 251))
2025-05-19 17:11:51 - enemigo - [DEBUG] - [Enemigo_1] _mover_y_colisionar: HB Antes CH: (550,240), HB Despues CH y Sinc: (549,241), Rect: (546, 238), PosFlotante: (549.00,241.00)
2025-05-19 17:11:51 - enemigo - [DEBUG] - [Enemigo_1] Posición DESPUÉS de mov/col: HB (549, 241), Rect (546, 238), Flot (549.00, 241.00)
2025-05-19 17:11:51 - enemigo - [DEBUG] - [Enemigo_2] --- Inicio Update IA --- Delta: 0.0170s. Pos ANTES: HB (421, 354), Rect (418, 351), Flot (421.00, 354.00)
2025-05-19 17:11:51 - enemigo - [DEBUG] - [Enemigo_2] Target (centro (464, 353)), Dist: 31.95. Mi Centro HB: (434, 364)
2025-05-19 17:11:51 - enemigo - [DEBUG] - [Enemigo_2] EN RANGO AGRO. Input IA (vel): (65.72, -24.10)
2025-05-19 17:11:51 - enemigo - [DEBUG] - [Enemigo_2] Pos flotante (post-IA y delta): (422.1173, 353.5903)
2025-05-19 17:11:51 - enemigo - [DEBUG] - [Enemigo_2] Solicita movimiento a CH (deltas enteros): dx_int=2, dy_int=-1. HB Actual: (421, 354) (Flotantes totales: dx=1.1173, dy=-0.4097)
2025-05-19 17:11:51 - enemigo - [DEBUG] - [Enemigo_2] Inicia _mover_y_colisionar_con_obstaculos. dx_int=2, dy_int=-1. HB Actual: (421, 354)
2025-05-19 17:11:51 - enemigo - [DEBUG] - [Enemigo_2] Hitbox recentrado (enemigo): (436, 363) (Rect center: (436, 363))
2025-05-19 17:11:51 - enemigo - [DEBUG] - [Enemigo_2] _mover_y_colisionar: HB Antes CH: (421,354), HB Despues CH y Sinc: (423,353), Rect: (420, 350), PosFlotante: (423.00,353.00)
2025-05-19 17:11:51 - enemigo - [DEBUG] - [Enemigo_2] Posición DESPUÉS de mov/col: HB (423, 353), Rect (420, 350), Flot (423.00, 353.00)
2025-05-19 17:11:51 - enemigo - [DEBUG] - [Enemigo_1] --- Inicio Update IA --- Delta: 0.0160s. Pos ANTES: HB (549, 241), Rect (546, 238), Flot (549.00, 241.00)
2025-05-19 17:11:51 - enemigo - [DEBUG] - [Enemigo_1] Target (centro (468, 357)), Dist: 141.68. Mi Centro HB: (562, 251)
2025-05-19 17:11:51 - enemigo - [DEBUG] - [Enemigo_1] EN RANGO AGRO. Input IA (vel): (-46.44, 52.37)
2025-05-19 17:11:51 - enemigo - [DEBUG] - [Enemigo_1] Pos flotante (post-IA y delta): (548.2569, 241.8380)
2025-05-19 17:11:51 - enemigo - [DEBUG] - [Enemigo_1] Solicita movimiento a CH (deltas enteros): dx_int=-1, dy_int=1. HB Actual: (549, 241) (Flotantes totales: dx=-0.7431, dy=0.8380)
2025-05-19 17:11:51 - enemigo - [DEBUG] - [Enemigo_1] Inicia _mover_y_colisionar_con_obstaculos. dx_int=-1, dy_int=1. HB Actual: (549, 241)
2025-05-19 17:11:51 - enemigo - [DEBUG] - [Enemigo_1] Hitbox recentrado (enemigo): (561, 252) (Rect center: (561, 252))
2025-05-19 17:11:51 - enemigo - [DEBUG] - [Enemigo_1] _mover_y_colisionar: HB Antes CH: (549,241), HB Despues CH y Sinc: (548,242), Rect: (545, 239), PosFlotante: (548.00,242.00)
2025-05-19 17:11:51 - enemigo - [DEBUG] - [Enemigo_1] Posición DESPUÉS de mov/col: HB (548, 242), Rect (545, 239), Flot (548.00, 242.00)
2025-05-19 17:11:51 - enemigo - [DEBUG] - [Enemigo_2] --- Inicio Update IA --- Delta: 0.0160s. Pos ANTES: HB (423, 353), Rect (420, 350), Flot (423.00, 353.00)
2025-05-19 17:11:51 - enemigo - [DEBUG] - [Enemigo_2] Target (centro (468, 357)), Dist: 32.56. Mi Centro HB: (436, 363)
2025-05-19 17:11:51 - enemigo - [DEBUG] - [Enemigo_2] EN RANGO AGRO. Input IA (vel): (68.80, -12.90)
2025-05-19 17:11:51 - enemigo - [DEBUG] - [Enemigo_2] Pos flotante (post-IA y delta): (424.1008, 352.7936)
2025-05-19 17:11:51 - enemigo - [DEBUG] - [Enemigo_2] Solicita movimiento a CH (deltas enteros): dx_int=2, dy_int=-1. HB Actual: (423, 353) (Flotantes totales: dx=1.1008, dy=-0.2064)
2025-05-19 17:11:51 - enemigo - [DEBUG] - [Enemigo_2] Inicia _mover_y_colisionar_con_obstaculos. dx_int=2, dy_int=-1. HB Actual: (423, 353)
2025-05-19 17:11:51 - enemigo - [DEBUG] - [Enemigo_2] Hitbox recentrado (enemigo): (438, 362) (Rect center: (438, 362))
2025-05-19 17:11:51 - enemigo - [DEBUG] - [Enemigo_2] _mover_y_colisionar: HB Antes CH: (423,353), HB Despues CH y Sinc: (425,352), Rect: (422, 349), PosFlotante: (425.00,352.00)
2025-05-19 17:11:51 - enemigo - [DEBUG] - [Enemigo_2] Posición DESPUÉS de mov/col: HB (425, 352), Rect (422, 349), Flot (425.00, 352.00)
2025-05-19 17:11:51 - enemigo - [DEBUG] - [Enemigo_1] --- Inicio Update IA --- Delta: 0.0160s. Pos ANTES: HB (548, 242), Rect (545, 239), Flot (548.00, 242.00)
2025-05-19 17:11:51 - enemigo - [DEBUG] - [Enemigo_1] Target (centro (471, 360)), Dist: 140.58. Mi Centro HB: (561, 252)
2025-05-19 17:11:51 - enemigo - [DEBUG] - [Enemigo_1] EN RANGO AGRO. Input IA (vel): (-44.81, 53.78)
2025-05-19 17:11:51 - enemigo - [DEBUG] - [Enemigo_1] Pos flotante (post-IA y delta): (547.2830, 242.8604)
2025-05-19 17:11:51 - enemigo - [DEBUG] - [Enemigo_1] Solicita movimiento a CH (deltas enteros): dx_int=-1, dy_int=1. HB Actual: (548, 242) (Flotantes totales: dx=-0.7170, dy=0.8604)
2025-05-19 17:11:51 - enemigo - [DEBUG] - [Enemigo_1] Inicia _mover_y_colisionar_con_obstaculos. dx_int=-1, dy_int=1. HB Actual: (548, 242)
2025-05-19 17:11:51 - enemigo - [DEBUG] - [Enemigo_1] Hitbox recentrado (enemigo): (560, 253) (Rect center: (560, 253))
2025-05-19 17:11:51 - enemigo - [DEBUG] - [Enemigo_1] _mover_y_colisionar: HB Antes CH: (548,242), HB Despues CH y Sinc: (547,243), Rect: (544, 240), PosFlotante: (547.00,243.00)
2025-05-19 17:11:51 - enemigo - [DEBUG] - [Enemigo_1] Posición DESPUÉS de mov/col: HB (547, 243), Rect (544, 240), Flot (547.00, 243.00)
2025-05-19 17:11:51 - enemigo - [DEBUG] - [Enemigo_2] --- Inicio Update IA --- Delta: 0.0160s. Pos ANTES: HB (425, 352), Rect (422, 349), Flot (425.00, 352.00)
2025-05-19 17:11:51 - enemigo - [DEBUG] - [Enemigo_2] Target (centro (471, 360)), Dist: 33.06. Mi Centro HB: (438, 362)
2025-05-19 17:11:51 - enemigo - [DEBUG] - [Enemigo_2] EN RANGO AGRO. Input IA (vel): (69.87, -4.23)
2025-05-19 17:11:51 - enemigo - [DEBUG] - [Enemigo_2] Pos flotante (post-IA y delta): (426.1179, 351.9322)
2025-05-19 17:11:51 - enemigo - [DEBUG] - [Enemigo_2] Solicita movimiento a CH (deltas enteros): dx_int=2, dy_int=-1. HB Actual: (425, 352) (Flotantes totales: dx=1.1179, dy=-0.0678)
2025-05-19 17:11:51 - enemigo - [DEBUG] - [Enemigo_2] Inicia _mover_y_colisionar_con_obstaculos. dx_int=2, dy_int=-1. HB Actual: (425, 352)
2025-05-19 17:11:51 - enemigo - [DEBUG] - [Enemigo_2] Hitbox recentrado (enemigo): (440, 361) (Rect center: (440, 361))
2025-05-19 17:11:51 - enemigo - [DEBUG] - [Enemigo_2] _mover_y_colisionar: HB Antes CH: (425,352), HB Despues CH y Sinc: (427,351), Rect: (424, 348), PosFlotante: (427.00,351.00)
2025-05-19 17:11:51 - enemigo - [DEBUG] - [Enemigo_2] Posición DESPUÉS de mov/col: HB (427, 351), Rect (424, 348), Flot (427.00, 351.00)
2025-05-19 17:11:51 - enemigo - [DEBUG] - [Enemigo_1] --- Inicio Update IA --- Delta: 0.0160s. Pos ANTES: HB (547, 243), Rect (544, 240), Flot (547.00, 243.00)
2025-05-19 17:11:51 - enemigo - [DEBUG] - [Enemigo_1] Target (centro (474, 363)), Dist: 139.63. Mi Centro HB: (560, 253)
2025-05-19 17:11:51 - enemigo - [DEBUG] - [Enemigo_1] EN RANGO AGRO. Input IA (vel): (-43.11, 55.15)
2025-05-19 17:11:51 - enemigo - [DEBUG] - [Enemigo_1] Pos flotante (post-IA y delta): (546.3102, 243.8823)
2025-05-19 17:11:51 - enemigo - [DEBUG] - [Enemigo_1] Solicita movimiento a CH (deltas enteros): dx_int=-1, dy_int=1. HB Actual: (547, 243) (Flotantes totales: dx=-0.6898, dy=0.8823)
2025-05-19 17:11:51 - enemigo - [DEBUG] - [Enemigo_1] Inicia _mover_y_colisionar_con_obstaculos. dx_int=-1, dy_int=1. HB Actual: (547, 243)
2025-05-19 17:11:51 - enemigo - [DEBUG] - [Enemigo_1] Hitbox recentrado (enemigo): (559, 254) (Rect center: (559, 254))
2025-05-19 17:11:51 - enemigo - [DEBUG] - [Enemigo_1] _mover_y_colisionar: HB Antes CH: (547,243), HB Despues CH y Sinc: (546,244), Rect: (543, 241), PosFlotante: (546.00,244.00)
2025-05-19 17:11:51 - enemigo - [DEBUG] - [Enemigo_1] Posición DESPUÉS de mov/col: HB (546, 244), Rect (543, 241), Flot (546.00, 244.00)
2025-05-19 17:11:51 - enemigo - [DEBUG] - [Enemigo_2] --- Inicio Update IA --- Delta: 0.0160s. Pos ANTES: HB (427, 351), Rect (424, 348), Flot (427.00, 351.00)
2025-05-19 17:11:51 - enemigo - [DEBUG] - [Enemigo_2] Target (centro (474, 363)), Dist: 34.06. Mi Centro HB: (440, 361)
2025-05-19 17:11:51 - enemigo - [DEBUG] - [Enemigo_2] EN RANGO AGRO. Input IA (vel): (69.88, 4.11)
2025-05-19 17:11:51 - enemigo - [DEBUG] - [Enemigo_2] Pos flotante (post-IA y delta): (428.1181, 351.0658)
2025-05-19 17:11:51 - enemigo - [DEBUG] - [Enemigo_2] Solicita movimiento a CH (deltas enteros): dx_int=2, dy_int=1. HB Actual: (427, 351) (Flotantes totales: dx=1.1181, dy=0.0658)
2025-05-19 17:11:51 - enemigo - [DEBUG] - [Enemigo_2] Inicia _mover_y_colisionar_con_obstaculos. dx_int=2, dy_int=1. HB Actual: (427, 351)
2025-05-19 17:11:51 - enemigo - [DEBUG] - [Enemigo_2] Hitbox recentrado (enemigo): (442, 362) (Rect center: (442, 362))
2025-05-19 17:11:51 - enemigo - [DEBUG] - [Enemigo_2] _mover_y_colisionar: HB Antes CH: (427,351), HB Despues CH y Sinc: (429,352), Rect: (426, 349), PosFlotante: (429.00,352.00)
2025-05-19 17:11:51 - enemigo - [DEBUG] - [Enemigo_2] Posición DESPUÉS de mov/col: HB (429, 352), Rect (426, 349), Flot (429.00, 352.00)
2025-05-19 17:11:51 - enemigo - [DEBUG] - [Enemigo_1] --- Inicio Update IA --- Delta: 0.0160s. Pos ANTES: HB (546, 244), Rect (543, 241), Flot (546.00, 244.00)
2025-05-19 17:11:51 - enemigo - [DEBUG] - [Enemigo_1] Target (centro (471, 366)), Dist: 142.44. Mi Centro HB: (559, 254)
2025-05-19 17:11:51 - enemigo - [DEBUG] - [Enemigo_1] EN RANGO AGRO. Input IA (vel): (-43.25, 55.04)
2025-05-19 17:11:51 - enemigo - [DEBUG] - [Enemigo_1] Pos flotante (post-IA y delta): (545.3080, 244.8807)
2025-05-19 17:11:51 - enemigo - [DEBUG] - [Enemigo_1] Solicita movimiento a CH (deltas enteros): dx_int=-1, dy_int=1. HB Actual: (546, 244) (Flotantes totales: dx=-0.6920, dy=0.8807)
2025-05-19 17:11:51 - enemigo - [DEBUG] - [Enemigo_1] Inicia _mover_y_colisionar_con_obstaculos. dx_int=-1, dy_int=1. HB Actual: (546, 244)
2025-05-19 17:11:51 - enemigo - [DEBUG] - [Enemigo_1] Hitbox recentrado (enemigo): (558, 255) (Rect center: (558, 255))
2025-05-19 17:11:51 - enemigo - [DEBUG] - [Enemigo_1] _mover_y_colisionar: HB Antes CH: (546,244), HB Despues CH y Sinc: (545,245), Rect: (542, 242), PosFlotante: (545.00,245.00)
2025-05-19 17:11:51 - enemigo - [DEBUG] - [Enemigo_1] Posición DESPUÉS de mov/col: HB (545, 245), Rect (542, 242), Flot (545.00, 245.00)
2025-05-19 17:11:51 - enemigo - [DEBUG] - [Enemigo_2] --- Inicio Update IA --- Delta: 0.0160s. Pos ANTES: HB (429, 352), Rect (426, 349), Flot (429.00, 352.00)
2025-05-19 17:11:51 - enemigo - [DEBUG] - [Enemigo_2] Target (centro (471, 366)), Dist: 29.27. Mi Centro HB: (442, 362)
2025-05-19 17:11:51 - enemigo - [DEBUG] - [Enemigo_2] EN RANGO AGRO. Input IA (vel): (69.34, 9.56)
2025-05-19 17:11:51 - enemigo - [DEBUG] - [Enemigo_2] Pos flotante (post-IA y delta): (430.1095, 352.1530)
2025-05-19 17:11:51 - enemigo - [DEBUG] - [Enemigo_2] Solicita movimiento a CH (deltas enteros): dx_int=2, dy_int=1. HB Actual: (429, 352) (Flotantes totales: dx=1.1095, dy=0.1530)
2025-05-19 17:11:51 - enemigo - [DEBUG] - [Enemigo_2] Inicia _mover_y_colisionar_con_obstaculos. dx_int=2, dy_int=1. HB Actual: (429, 352)
2025-05-19 17:11:51 - enemigo - [DEBUG] - [Enemigo_2] Hitbox recentrado (enemigo): (444, 363) (Rect center: (444, 363))
2025-05-19 17:11:51 - enemigo - [DEBUG] - [Enemigo_2] _mover_y_colisionar: HB Antes CH: (429,352), HB Despues CH y Sinc: (431,353), Rect: (428, 350), PosFlotante: (431.00,353.00)
2025-05-19 17:11:51 - enemigo - [DEBUG] - [Enemigo_2] Posición DESPUÉS de mov/col: HB (431, 353), Rect (428, 350), Flot (431.00, 353.00)
2025-05-19 17:11:51 - enemigo - [DEBUG] - [Enemigo_1] --- Inicio Update IA --- Delta: 0.0170s. Pos ANTES: HB (545, 245), Rect (542, 242), Flot (545.00, 245.00)
2025-05-19 17:11:51 - enemigo - [DEBUG] - [Enemigo_1] Target (centro (469, 369)), Dist: 144.63. Mi Centro HB: (558, 255)
2025-05-19 17:11:51 - enemigo - [DEBUG] - [Enemigo_1] EN RANGO AGRO. Input IA (vel): (-43.08, 55.18)
2025-05-19 17:11:51 - enemigo - [DEBUG] - [Enemigo_1] Pos flotante (post-IA y delta): (544.2677, 245.9380)
2025-05-19 17:11:51 - enemigo - [DEBUG] - [Enemigo_1] Solicita movimiento a CH (deltas enteros): dx_int=-1, dy_int=1. HB Actual: (545, 245) (Flotantes totales: dx=-0.7323, dy=0.9380)
2025-05-19 17:11:51 - enemigo - [DEBUG] - [Enemigo_1] Inicia _mover_y_colisionar_con_obstaculos. dx_int=-1, dy_int=1. HB Actual: (545, 245)
2025-05-19 17:11:51 - enemigo - [DEBUG] - [Enemigo_1] Hitbox recentrado (enemigo): (557, 256) (Rect center: (557, 256))
2025-05-19 17:11:51 - enemigo - [DEBUG] - [Enemigo_1] _mover_y_colisionar: HB Antes CH: (545,245), HB Despues CH y Sinc: (544,246), Rect: (541, 243), PosFlotante: (544.00,246.00)
2025-05-19 17:11:51 - enemigo - [DEBUG] - [Enemigo_1] Posición DESPUÉS de mov/col: HB (544, 246), Rect (541, 243), Flot (544.00, 246.00)
2025-05-19 17:11:51 - enemigo - [DEBUG] - [Enemigo_2] --- Inicio Update IA --- Delta: 0.0170s. Pos ANTES: HB (431, 353), Rect (428, 350), Flot (431.00, 353.00)
2025-05-19 17:11:51 - enemigo - [DEBUG] - [Enemigo_2] Target (centro (469, 369)), Dist: 25.71. Mi Centro HB: (444, 363)
2025-05-19 17:11:51 - enemigo - [DEBUG] - [Enemigo_2] EN RANGO AGRO. Input IA (vel): (68.07, 16.34)
2025-05-19 17:11:51 - enemigo - [DEBUG] - [Enemigo_2] Pos flotante (post-IA y delta): (432.1571, 353.2777)
2025-05-19 17:11:51 - enemigo - [DEBUG] - [Enemigo_2] Solicita movimiento a CH (deltas enteros): dx_int=2, dy_int=1. HB Actual: (431, 353) (Flotantes totales: dx=1.1571, dy=0.2777)
2025-05-19 17:11:51 - enemigo - [DEBUG] - [Enemigo_2] Inicia _mover_y_colisionar_con_obstaculos. dx_int=2, dy_int=1. HB Actual: (431, 353)
2025-05-19 17:11:51 - enemigo - [DEBUG] - [Enemigo_2] Hitbox recentrado (enemigo): (446, 364) (Rect center: (446, 364))
2025-05-19 17:11:51 - enemigo - [DEBUG] - [Enemigo_2] _mover_y_colisionar: HB Antes CH: (431,353), HB Despues CH y Sinc: (433,354), Rect: (430, 351), PosFlotante: (433.00,354.00)
2025-05-19 17:11:51 - enemigo - [DEBUG] - [Enemigo_2] Posición DESPUÉS de mov/col: HB (433, 354), Rect (430, 351), Flot (433.00, 354.00)
2025-05-19 17:11:51 - enemigo - [DEBUG] - [Enemigo_1] --- Inicio Update IA --- Delta: 0.0160s. Pos ANTES: HB (544, 246), Rect (541, 243), Flot (544.00, 246.00)
2025-05-19 17:11:51 - enemigo - [DEBUG] - [Enemigo_1] Target (centro (471, 369)), Dist: 142.00. Mi Centro HB: (557, 256)
2025-05-19 17:11:51 - enemigo - [DEBUG] - [Enemigo_1] EN RANGO AGRO. Input IA (vel): (-42.39, 55.70)
2025-05-19 17:11:51 - enemigo - [DEBUG] - [Enemigo_1] Pos flotante (post-IA y delta): (543.3217, 246.8912)
2025-05-19 17:11:51 - enemigo - [DEBUG] - [Enemigo_1] Solicita movimiento a CH (deltas enteros): dx_int=-1, dy_int=1. HB Actual: (544, 246) (Flotantes totales: dx=-0.6783, dy=0.8912)
2025-05-19 17:11:51 - enemigo - [DEBUG] - [Enemigo_1] Inicia _mover_y_colisionar_con_obstaculos. dx_int=-1, dy_int=1. HB Actual: (544, 246)
2025-05-19 17:11:51 - enemigo - [DEBUG] - [Enemigo_1] Hitbox recentrado (enemigo): (556, 257) (Rect center: (556, 257))
2025-05-19 17:11:51 - enemigo - [DEBUG] - [Enemigo_1] _mover_y_colisionar: HB Antes CH: (544,246), HB Despues CH y Sinc: (543,247), Rect: (540, 244), PosFlotante: (543.00,247.00)
2025-05-19 17:11:51 - enemigo - [DEBUG] - [Enemigo_1] Posición DESPUÉS de mov/col: HB (543, 247), Rect (540, 244), Flot (543.00, 247.00)
2025-05-19 17:11:51 - enemigo - [DEBUG] - [Enemigo_2] --- Inicio Update IA --- Delta: 0.0160s. Pos ANTES: HB (433, 354), Rect (430, 351), Flot (433.00, 354.00)
2025-05-19 17:11:51 - enemigo - [DEBUG] - [Enemigo_2] Target (centro (471, 369)), Dist: 25.50. Mi Centro HB: (446, 364)
2025-05-19 17:11:51 - enemigo - [DEBUG] - [Enemigo_2] EN RANGO AGRO. Input IA (vel): (68.64, 13.73)
2025-05-19 17:11:51 - enemigo - [DEBUG] - [Enemigo_2] Pos flotante (post-IA y delta): (434.0983, 354.2197)
2025-05-19 17:11:51 - enemigo - [DEBUG] - [Enemigo_2] Solicita movimiento a CH (deltas enteros): dx_int=2, dy_int=1. HB Actual: (433, 354) (Flotantes totales: dx=1.0983, dy=0.2197)
2025-05-19 17:11:51 - enemigo - [DEBUG] - [Enemigo_2] Inicia _mover_y_colisionar_con_obstaculos. dx_int=2, dy_int=1. HB Actual: (433, 354)
2025-05-19 17:11:51 - enemigo - [DEBUG] - [Enemigo_2] Hitbox recentrado (enemigo): (448, 365) (Rect center: (448, 365))
2025-05-19 17:11:51 - enemigo - [DEBUG] - [Enemigo_2] _mover_y_colisionar: HB Antes CH: (433,354), HB Despues CH y Sinc: (435,355), Rect: (432, 352), PosFlotante: (435.00,355.00)
2025-05-19 17:11:51 - enemigo - [DEBUG] - [Enemigo_2] Posición DESPUÉS de mov/col: HB (435, 355), Rect (432, 352), Flot (435.00, 355.00)
2025-05-19 17:11:51 - enemigo - [DEBUG] - [Enemigo_1] --- Inicio Update IA --- Delta: 0.0160s. Pos ANTES: HB (543, 247), Rect (540, 244), Flot (543.00, 247.00)
2025-05-19 17:11:51 - enemigo - [DEBUG] - [Enemigo_1] Target (centro (473, 369)), Dist: 139.40. Mi Centro HB: (556, 257)
2025-05-19 17:11:51 - enemigo - [DEBUG] - [Enemigo_1] EN RANGO AGRO. Input IA (vel): (-41.68, 56.24)
2025-05-19 17:11:51 - enemigo - [DEBUG] - [Enemigo_1] Pos flotante (post-IA y delta): (542.3332, 247.8998)
2025-05-19 17:11:51 - enemigo - [DEBUG] - [Enemigo_1] Solicita movimiento a CH (deltas enteros): dx_int=-1, dy_int=1. HB Actual: (543, 247) (Flotantes totales: dx=-0.6668, dy=0.8998)
2025-05-19 17:11:51 - enemigo - [DEBUG] - [Enemigo_1] Inicia _mover_y_colisionar_con_obstaculos. dx_int=-1, dy_int=1. HB Actual: (543, 247)
2025-05-19 17:11:51 - enemigo - [DEBUG] - [Enemigo_1] Hitbox recentrado (enemigo): (555, 258) (Rect center: (555, 258))
2025-05-19 17:11:51 - enemigo - [DEBUG] - [Enemigo_1] _mover_y_colisionar: HB Antes CH: (543,247), HB Despues CH y Sinc: (542,248), Rect: (539, 245), PosFlotante: (542.00,248.00)
2025-05-19 17:11:51 - enemigo - [DEBUG] - [Enemigo_1] Posición DESPUÉS de mov/col: HB (542, 248), Rect (539, 245), Flot (542.00, 248.00)
2025-05-19 17:11:51 - enemigo - [DEBUG] - [Enemigo_2] --- Inicio Update IA --- Delta: 0.0160s. Pos ANTES: HB (435, 355), Rect (432, 352), Flot (435.00, 355.00)
2025-05-19 17:11:51 - enemigo - [DEBUG] - [Enemigo_2] Target (centro (473, 369)), Dist: 25.32. Mi Centro HB: (448, 365)
2025-05-19 17:11:51 - enemigo - [DEBUG] - [Enemigo_2] EN RANGO AGRO. Input IA (vel): (69.12, 11.06)
2025-05-19 17:11:51 - enemigo - [DEBUG] - [Enemigo_2] Pos flotante (post-IA y delta): (436.1059, 355.1769)
2025-05-19 17:11:51 - enemigo - [DEBUG] - [Enemigo_2] Solicita movimiento a CH (deltas enteros): dx_int=2, dy_int=1. HB Actual: (435, 355) (Flotantes totales: dx=1.1059, dy=0.1769)
2025-05-19 17:11:51 - enemigo - [DEBUG] - [Enemigo_2] Inicia _mover_y_colisionar_con_obstaculos. dx_int=2, dy_int=1. HB Actual: (435, 355)
2025-05-19 17:11:51 - enemigo - [DEBUG] - [Enemigo_2] Hitbox recentrado (enemigo): (450, 366) (Rect center: (450, 366))
2025-05-19 17:11:51 - enemigo - [DEBUG] - [Enemigo_2] _mover_y_colisionar: HB Antes CH: (435,355), HB Despues CH y Sinc: (437,356), Rect: (434, 353), PosFlotante: (437.00,356.00)
2025-05-19 17:11:51 - enemigo - [DEBUG] - [Enemigo_2] Posición DESPUÉS de mov/col: HB (437, 356), Rect (434, 353), Flot (437.00, 356.00)
2025-05-19 17:11:51 - enemigo - [DEBUG] - [Enemigo_1] --- Inicio Update IA --- Delta: 0.0160s. Pos ANTES: HB (542, 248), Rect (539, 245), Flot (542.00, 248.00)
2025-05-19 17:11:51 - enemigo - [DEBUG] - [Enemigo_1] Target (centro (475, 369)), Dist: 136.82. Mi Centro HB: (555, 258)
2025-05-19 17:11:51 - enemigo - [DEBUG] - [Enemigo_1] EN RANGO AGRO. Input IA (vel): (-40.93, 56.79)
2025-05-19 17:11:51 - enemigo - [DEBUG] - [Enemigo_1] Pos flotante (post-IA y delta): (541.3451, 248.9086)
2025-05-19 17:11:51 - enemigo - [DEBUG] - [Enemigo_1] Solicita movimiento a CH (deltas enteros): dx_int=-1, dy_int=1. HB Actual: (542, 248) (Flotantes totales: dx=-0.6549, dy=0.9086)
2025-05-19 17:11:51 - enemigo - [DEBUG] - [Enemigo_1] Inicia _mover_y_colisionar_con_obstaculos. dx_int=-1, dy_int=1. HB Actual: (542, 248)
2025-05-19 17:11:51 - enemigo - [DEBUG] - [Enemigo_1] Hitbox recentrado (enemigo): (554, 259) (Rect center: (554, 259))
2025-05-19 17:11:51 - enemigo - [DEBUG] - [Enemigo_1] _mover_y_colisionar: HB Antes CH: (542,248), HB Despues CH y Sinc: (541,249), Rect: (538, 246), PosFlotante: (541.00,249.00)
2025-05-19 17:11:51 - enemigo - [DEBUG] - [Enemigo_1] Posición DESPUÉS de mov/col: HB (541, 249), Rect (538, 246), Flot (541.00, 249.00)
2025-05-19 17:11:51 - enemigo - [DEBUG] - [Enemigo_2] --- Inicio Update IA --- Delta: 0.0160s. Pos ANTES: HB (437, 356), Rect (434, 353), Flot (437.00, 356.00)
2025-05-19 17:11:51 - enemigo - [DEBUG] - [Enemigo_2] Target (centro (475, 369)), Dist: 25.18. Mi Centro HB: (450, 366)
2025-05-19 17:11:51 - enemigo - [DEBUG] - [Enemigo_2] EN RANGO AGRO. Input IA (vel): (69.50, 8.34)
2025-05-19 17:11:51 - enemigo - [DEBUG] - [Enemigo_2] Pos flotante (post-IA y delta): (438.1120, 356.1334)
2025-05-19 17:11:51 - enemigo - [DEBUG] - [Enemigo_2] Solicita movimiento a CH (deltas enteros): dx_int=2, dy_int=1. HB Actual: (437, 356) (Flotantes totales: dx=1.1120, dy=0.1334)
2025-05-19 17:11:51 - enemigo - [DEBUG] - [Enemigo_2] Inicia _mover_y_colisionar_con_obstaculos. dx_int=2, dy_int=1. HB Actual: (437, 356)
2025-05-19 17:11:51 - enemigo - [DEBUG] - [Enemigo_2] Hitbox recentrado (enemigo): (452, 367) (Rect center: (452, 367))
2025-05-19 17:11:51 - enemigo - [DEBUG] - [Enemigo_2] _mover_y_colisionar: HB Antes CH: (437,356), HB Despues CH y Sinc: (439,357), Rect: (436, 354), PosFlotante: (439.00,357.00)
2025-05-19 17:11:51 - enemigo - [DEBUG] - [Enemigo_2] Posición DESPUÉS de mov/col: HB (439, 357), Rect (436, 354), Flot (439.00, 357.00)
2025-05-19 17:11:51 - enemigo - [DEBUG] - [Enemigo_1] --- Inicio Update IA --- Delta: 0.0170s. Pos ANTES: HB (541, 249), Rect (538, 246), Flot (541.00, 249.00)
2025-05-19 17:11:51 - enemigo - [DEBUG] - [Enemigo_1] Target (centro (477, 369)), Dist: 134.27. Mi Centro HB: (554, 259)
2025-05-19 17:11:51 - enemigo - [DEBUG] - [Enemigo_1] EN RANGO AGRO. Input IA (vel): (-40.14, 57.35)
2025-05-19 17:11:51 - enemigo - [DEBUG] - [Enemigo_1] Pos flotante (post-IA y delta): (540.3176, 249.9749)
2025-05-19 17:11:51 - enemigo - [DEBUG] - [Enemigo_1] Solicita movimiento a CH (deltas enteros): dx_int=-1, dy_int=1. HB Actual: (541, 249) (Flotantes totales: dx=-0.6824, dy=0.9749)
2025-05-19 17:11:51 - enemigo - [DEBUG] - [Enemigo_1] Inicia _mover_y_colisionar_con_obstaculos. dx_int=-1, dy_int=1. HB Actual: (541, 249)
2025-05-19 17:11:51 - enemigo - [DEBUG] - [Enemigo_1] Hitbox recentrado (enemigo): (553, 260) (Rect center: (553, 260))
2025-05-19 17:11:51 - enemigo - [DEBUG] - [Enemigo_1] _mover_y_colisionar: HB Antes CH: (541,249), HB Despues CH y Sinc: (540,250), Rect: (537, 247), PosFlotante: (540.00,250.00)
2025-05-19 17:11:51 - enemigo - [DEBUG] - [Enemigo_1] Posición DESPUÉS de mov/col: HB (540, 250), Rect (537, 247), Flot (540.00, 250.00)
2025-05-19 17:11:51 - enemigo - [DEBUG] - [Enemigo_2] --- Inicio Update IA --- Delta: 0.0170s. Pos ANTES: HB (439, 357), Rect (436, 354), Flot (439.00, 357.00)
2025-05-19 17:11:51 - enemigo - [DEBUG] - [Enemigo_2] Target (centro (477, 369)), Dist: 25.08. Mi Centro HB: (452, 367)
2025-05-19 17:11:51 - enemigo - [DEBUG] - [Enemigo_2] EN RANGO AGRO. Input IA (vel): (69.78, 5.58)
2025-05-19 17:11:51 - enemigo - [DEBUG] - [Enemigo_2] Pos flotante (post-IA y delta): (440.1862, 357.0949)
2025-05-19 17:11:51 - enemigo - [DEBUG] - [Enemigo_2] Solicita movimiento a CH (deltas enteros): dx_int=2, dy_int=1. HB Actual: (439, 357) (Flotantes totales: dx=1.1862, dy=0.0949)
2025-05-19 17:11:51 - enemigo - [DEBUG] - [Enemigo_2] Inicia _mover_y_colisionar_con_obstaculos. dx_int=2, dy_int=1. HB Actual: (439, 357)
2025-05-19 17:11:51 - enemigo - [DEBUG] - [Enemigo_2] Hitbox recentrado (enemigo): (454, 368) (Rect center: (454, 368))
2025-05-19 17:11:51 - enemigo - [DEBUG] - [Enemigo_2] _mover_y_colisionar: HB Antes CH: (439,357), HB Despues CH y Sinc: (441,358), Rect: (438, 355), PosFlotante: (441.00,358.00)
2025-05-19 17:11:51 - enemigo - [DEBUG] - [Enemigo_2] Posición DESPUÉS de mov/col: HB (441, 358), Rect (438, 355), Flot (441.00, 358.00)
2025-05-19 17:11:51 - enemigo - [DEBUG] - [Enemigo_1] --- Inicio Update IA --- Delta: 0.0160s. Pos ANTES: HB (540, 250), Rect (537, 247), Flot (540.00, 250.00)
2025-05-19 17:11:51 - enemigo - [DEBUG] - [Enemigo_1] Target (centro (479, 369)), Dist: 131.75. Mi Centro HB: (553, 260)
2025-05-19 17:11:51 - enemigo - [DEBUG] - [Enemigo_1] EN RANGO AGRO. Input IA (vel): (-39.32, 57.91)
2025-05-19 17:11:51 - enemigo - [DEBUG] - [Enemigo_1] Pos flotante (post-IA y delta): (539.3709, 250.9266)
2025-05-19 17:11:51 - enemigo - [DEBUG] - [Enemigo_1] Solicita movimiento a CH (deltas enteros): dx_int=-1, dy_int=1. HB Actual: (540, 250) (Flotantes totales: dx=-0.6291, dy=0.9266)
2025-05-19 17:11:51 - enemigo - [DEBUG] - [Enemigo_1] Inicia _mover_y_colisionar_con_obstaculos. dx_int=-1, dy_int=1. HB Actual: (540, 250)
2025-05-19 17:11:51 - enemigo - [DEBUG] - [Enemigo_1] Hitbox recentrado (enemigo): (552, 261) (Rect center: (552, 261))
2025-05-19 17:11:51 - enemigo - [DEBUG] - [Enemigo_1] _mover_y_colisionar: HB Antes CH: (540,250), HB Despues CH y Sinc: (539,251), Rect: (536, 248), PosFlotante: (539.00,251.00)
2025-05-19 17:11:51 - enemigo - [DEBUG] - [Enemigo_1] Posición DESPUÉS de mov/col: HB (539, 251), Rect (536, 248), Flot (539.00, 251.00)
2025-05-19 17:11:51 - enemigo - [DEBUG] - [Enemigo_2] --- Inicio Update IA --- Delta: 0.0160s. Pos ANTES: HB (441, 358), Rect (438, 355), Flot (441.00, 358.00)
2025-05-19 17:11:51 - enemigo - [DEBUG] - [Enemigo_2] Target (centro (479, 369)), Dist: 25.02. Mi Centro HB: (454, 368)
2025-05-19 17:11:51 - enemigo - [DEBUG] - [Enemigo_2] EN RANGO AGRO. Input IA (vel): (69.94, 2.80)
2025-05-19 17:11:51 - enemigo - [DEBUG] - [Enemigo_2] Pos flotante (post-IA y delta): (442.1191, 358.0448)
2025-05-19 17:11:51 - enemigo - [DEBUG] - [Enemigo_2] Solicita movimiento a CH (deltas enteros): dx_int=2, dy_int=1. HB Actual: (441, 358) (Flotantes totales: dx=1.1191, dy=0.0448)
2025-05-19 17:11:51 - enemigo - [DEBUG] - [Enemigo_2] Inicia _mover_y_colisionar_con_obstaculos. dx_int=2, dy_int=1. HB Actual: (441, 358)
2025-05-19 17:11:51 - enemigo - [DEBUG] - [Enemigo_2] Hitbox recentrado (enemigo): (456, 369) (Rect center: (456, 369))
2025-05-19 17:11:51 - enemigo - [DEBUG] - [Enemigo_2] _mover_y_colisionar: HB Antes CH: (441,358), HB Despues CH y Sinc: (443,359), Rect: (440, 356), PosFlotante: (443.00,359.00)
2025-05-19 17:11:51 - enemigo - [DEBUG] - [Enemigo_2] Posición DESPUÉS de mov/col: HB (443, 359), Rect (440, 356), Flot (443.00, 359.00)
2025-05-19 17:11:51 - enemigo - [DEBUG] - [Enemigo_1] --- Inicio Update IA --- Delta: 0.0170s. Pos ANTES: HB (539, 251), Rect (536, 248), Flot (539.00, 251.00)
2025-05-19 17:11:51 - enemigo - [DEBUG] - [Enemigo_1] Target (centro (481, 369)), Dist: 129.25. Mi Centro HB: (552, 261)
2025-05-19 17:11:51 - enemigo - [DEBUG] - [Enemigo_1] EN RANGO AGRO. Input IA (vel): (-38.45, 58.49)
2025-05-19 17:11:51 - enemigo - [DEBUG] - [Enemigo_1] Pos flotante (post-IA y delta): (538.3463, 251.9944)
2025-05-19 17:11:51 - enemigo - [DEBUG] - [Enemigo_1] Solicita movimiento a CH (deltas enteros): dx_int=-1, dy_int=1. HB Actual: (539, 251) (Flotantes totales: dx=-0.6537, dy=0.9944)
2025-05-19 17:11:51 - enemigo - [DEBUG] - [Enemigo_1] Inicia _mover_y_colisionar_con_obstaculos. dx_int=-1, dy_int=1. HB Actual: (539, 251)
2025-05-19 17:11:51 - enemigo - [DEBUG] - [Enemigo_1] Hitbox recentrado (enemigo): (551, 262) (Rect center: (551, 262))
2025-05-19 17:11:51 - enemigo - [DEBUG] - [Enemigo_1] _mover_y_colisionar: HB Antes CH: (539,251), HB Despues CH y Sinc: (538,252), Rect: (535, 249), PosFlotante: (538.00,252.00)
2025-05-19 17:11:51 - enemigo - [DEBUG] - [Enemigo_1] Posición DESPUÉS de mov/col: HB (538, 252), Rect (535, 249), Flot (538.00, 252.00)
2025-05-19 17:11:51 - enemigo - [DEBUG] - [Enemigo_2] --- Inicio Update IA --- Delta: 0.0170s. Pos ANTES: HB (443, 359), Rect (440, 356), Flot (443.00, 359.00)
2025-05-19 17:11:51 - enemigo - [DEBUG] - [Enemigo_2] Target (centro (481, 369)), Dist: 25.00. Mi Centro HB: (456, 369)
2025-05-19 17:11:51 - enemigo - [DEBUG] - [Enemigo_2] EN RANGO AGRO. Input IA (vel): (70.00, 0.00)
2025-05-19 17:11:51 - enemigo - [DEBUG] - [Enemigo_2] Pos flotante (post-IA y delta): (444.1900, 359.0000)
2025-05-19 17:11:51 - enemigo - [DEBUG] - [Enemigo_2] Solicita movimiento a CH (deltas enteros): dx_int=2, dy_int=0. HB Actual: (443, 359) (Flotantes totales: dx=1.1900, dy=0.0000)
2025-05-19 17:11:51 - enemigo - [DEBUG] - [Enemigo_2] Inicia _mover_y_colisionar_con_obstaculos. dx_int=2, dy_int=0. HB Actual: (443, 359)
2025-05-19 17:11:51 - enemigo - [DEBUG] - [Enemigo_2] Hitbox recentrado (enemigo): (458, 369) (Rect center: (458, 369))
2025-05-19 17:11:51 - enemigo - [DEBUG] - [Enemigo_2] _mover_y_colisionar: HB Antes CH: (443,359), HB Despues CH y Sinc: (445,359), Rect: (442, 356), PosFlotante: (445.00,359.00)
2025-05-19 17:11:51 - enemigo - [DEBUG] - [Enemigo_2] Posición DESPUÉS de mov/col: HB (445, 359), Rect (442, 356), Flot (445.00, 359.00)
2025-05-19 17:11:51 - enemigo - [DEBUG] - [Enemigo_1] --- Inicio Update IA --- Delta: 0.0170s. Pos ANTES: HB (538, 252), Rect (535, 249), Flot (538.00, 252.00)
2025-05-19 17:11:51 - enemigo - [DEBUG] - [Enemigo_1] Target (centro (483, 369)), Dist: 126.78. Mi Centro HB: (551, 262)
2025-05-19 17:11:51 - enemigo - [DEBUG] - [Enemigo_1] EN RANGO AGRO. Input IA (vel): (-37.55, 59.08)
2025-05-19 17:11:51 - enemigo - [DEBUG] - [Enemigo_1] Pos flotante (post-IA y delta): (537.3617, 253.0043)
2025-05-19 17:11:51 - enemigo - [DEBUG] - [Enemigo_1] Solicita movimiento a CH (deltas enteros): dx_int=-1, dy_int=2. HB Actual: (538, 252) (Flotantes totales: dx=-0.6383, dy=1.0043)
2025-05-19 17:11:51 - enemigo - [DEBUG] - [Enemigo_1] Inicia _mover_y_colisionar_con_obstaculos. dx_int=-1, dy_int=2. HB Actual: (538, 252)
2025-05-19 17:11:51 - enemigo - [DEBUG] - [Enemigo_1] Hitbox recentrado (enemigo): (550, 264) (Rect center: (550, 264))
2025-05-19 17:11:51 - enemigo - [DEBUG] - [Enemigo_1] _mover_y_colisionar: HB Antes CH: (538,252), HB Despues CH y Sinc: (537,254), Rect: (534, 251), PosFlotante: (537.00,254.00)
2025-05-19 17:11:51 - enemigo - [DEBUG] - [Enemigo_1] Posición DESPUÉS de mov/col: HB (537, 254), Rect (534, 251), Flot (537.00, 254.00)
2025-05-19 17:11:51 - enemigo - [DEBUG] - [Enemigo_2] --- Inicio Update IA --- Delta: 0.0170s. Pos ANTES: HB (445, 359), Rect (442, 356), Flot (445.00, 359.00)
2025-05-19 17:11:51 - enemigo - [DEBUG] - [Enemigo_2] Target (centro (483, 369)), Dist: 25.00. Mi Centro HB: (458, 369)
2025-05-19 17:11:51 - enemigo - [DEBUG] - [Enemigo_2] Pos flotante (post-IA y delta): (446.1900, 359.0000)
2025-05-19 17:11:51 - enemigo - [DEBUG] - [Enemigo_2] Solicita movimiento a CH (deltas enteros): dx_int=2, dy_int=0. HB Actual: (445, 359) (Flotantes totales: dx=1.1900, dy=0.0000)
2025-05-19 17:11:51 - enemigo - [DEBUG] - [Enemigo_2] Inicia _mover_y_colisionar_con_obstaculos. dx_int=2, dy_int=0. HB Actual: (445, 359)
2025-05-19 17:11:51 - enemigo - [DEBUG] - [Enemigo_2] Hitbox recentrado (enemigo): (460, 369) (Rect center: (460, 369))
2025-05-19 17:11:51 - enemigo - [DEBUG] - [Enemigo_2] _mover_y_colisionar: HB Antes CH: (445,359), HB Despues CH y Sinc: (447,359), Rect: (444, 356), PosFlotante: (447.00,359.00)
2025-05-19 17:11:51 - enemigo - [DEBUG] - [Enemigo_2] Posición DESPUÉS de mov/col: HB (447, 359), Rect (444, 356), Flot (447.00, 359.00)
2025-05-19 17:11:51 - enemigo - [DEBUG] - [Enemigo_1] --- Inicio Update IA --- Delta: 0.0170s. Pos ANTES: HB (537, 254), Rect (534, 251), Flot (537.00, 254.00)
2025-05-19 17:11:51 - enemigo - [DEBUG] - [Enemigo_1] Target (centro (485, 365)), Dist: 120.11. Mi Centro HB: (550, 264)
2025-05-19 17:11:51 - enemigo - [DEBUG] - [Enemigo_1] EN RANGO AGRO. Input IA (vel): (-37.88, 58.86)
2025-05-19 17:11:51 - enemigo - [DEBUG] - [Enemigo_1] Pos flotante (post-IA y delta): (536.3560, 255.0007)
2025-05-19 17:11:51 - enemigo - [DEBUG] - [Enemigo_1] Solicita movimiento a CH (deltas enteros): dx_int=-1, dy_int=2. HB Actual: (537, 254) (Flotantes totales: dx=-0.6440, dy=1.0007)
2025-05-19 17:11:51 - enemigo - [DEBUG] - [Enemigo_1] Inicia _mover_y_colisionar_con_obstaculos. dx_int=-1, dy_int=2. HB Actual: (537, 254)
2025-05-19 17:11:51 - enemigo - [DEBUG] - [Enemigo_1] Hitbox recentrado (enemigo): (549, 266) (Rect center: (549, 266))
2025-05-19 17:11:51 - enemigo - [DEBUG] - [Enemigo_1] _mover_y_colisionar: HB Antes CH: (537,254), HB Despues CH y Sinc: (536,256), Rect: (533, 253), PosFlotante: (536.00,256.00)
2025-05-19 17:11:51 - enemigo - [DEBUG] - [Enemigo_1] Posición DESPUÉS de mov/col: HB (536, 256), Rect (533, 253), Flot (536.00, 256.00)
2025-05-19 17:11:51 - enemigo - [DEBUG] - [Enemigo_2] --- Inicio Update IA --- Delta: 0.0170s. Pos ANTES: HB (447, 359), Rect (444, 356), Flot (447.00, 359.00)
2025-05-19 17:11:51 - enemigo - [DEBUG] - [Enemigo_2] Target (centro (485, 365)), Dist: 25.32. Mi Centro HB: (460, 369)
2025-05-19 17:11:51 - enemigo - [DEBUG] - [Enemigo_2] EN RANGO AGRO. Input IA (vel): (69.12, -11.06)
2025-05-19 17:11:51 - enemigo - [DEBUG] - [Enemigo_2] Pos flotante (post-IA y delta): (448.1751, 358.8120)
2025-05-19 17:11:51 - enemigo - [DEBUG] - [Enemigo_2] Solicita movimiento a CH (deltas enteros): dx_int=2, dy_int=-1. HB Actual: (447, 359) (Flotantes totales: dx=1.1751, dy=-0.1880)
2025-05-19 17:11:51 - enemigo - [DEBUG] - [Enemigo_2] Inicia _mover_y_colisionar_con_obstaculos. dx_int=2, dy_int=-1. HB Actual: (447, 359)
2025-05-19 17:11:51 - enemigo - [DEBUG] - [Enemigo_2] Hitbox recentrado (enemigo): (462, 368) (Rect center: (462, 368))
2025-05-19 17:11:51 - enemigo - [DEBUG] - [Enemigo_2] _mover_y_colisionar: HB Antes CH: (447,359), HB Despues CH y Sinc: (449,358), Rect: (446, 355), PosFlotante: (449.00,358.00)
2025-05-19 17:11:51 - enemigo - [DEBUG] - [Enemigo_2] Posición DESPUÉS de mov/col: HB (449, 358), Rect (446, 355), Flot (449.00, 358.00)
2025-05-19 17:11:51 - enemigo - [DEBUG] - [Enemigo_1] --- Inicio Update IA --- Delta: 0.0170s. Pos ANTES: HB (536, 256), Rect (533, 253), Flot (536.00, 256.00)
2025-05-19 17:11:51 - enemigo - [DEBUG] - [Enemigo_1] Target (centro (487, 361)), Dist: 113.44. Mi Centro HB: (549, 266)
2025-05-19 17:11:51 - enemigo - [DEBUG] - [Enemigo_1] EN RANGO AGRO. Input IA (vel): (-38.26, 58.62)
2025-05-19 17:11:51 - enemigo - [DEBUG] - [Enemigo_1] Pos flotante (post-IA y delta): (535.3496, 256.9965)
2025-05-19 17:11:51 - enemigo - [DEBUG] - [Enemigo_1] Solicita movimiento a CH (deltas enteros): dx_int=-1, dy_int=1. HB Actual: (536, 256) (Flotantes totales: dx=-0.6504, dy=0.9965)
2025-05-19 17:11:51 - enemigo - [DEBUG] - [Enemigo_1] Inicia _mover_y_colisionar_con_obstaculos. dx_int=-1, dy_int=1. HB Actual: (536, 256)
2025-05-19 17:11:51 - enemigo - [DEBUG] - [Enemigo_1] Hitbox recentrado (enemigo): (548, 267) (Rect center: (548, 267))
2025-05-19 17:11:51 - enemigo - [DEBUG] - [Enemigo_1] _mover_y_colisionar: HB Antes CH: (536,256), HB Despues CH y Sinc: (535,257), Rect: (532, 254), PosFlotante: (535.00,257.00)
2025-05-19 17:11:51 - enemigo - [DEBUG] - [Enemigo_1] Posición DESPUÉS de mov/col: HB (535, 257), Rect (532, 254), Flot (535.00, 257.00)
2025-05-19 17:11:51 - enemigo - [DEBUG] - [Enemigo_2] --- Inicio Update IA --- Delta: 0.0170s. Pos ANTES: HB (449, 358), Rect (446, 355), Flot (449.00, 358.00)
2025-05-19 17:11:51 - enemigo - [DEBUG] - [Enemigo_2] Target (centro (487, 361)), Dist: 25.96. Mi Centro HB: (462, 368)
2025-05-19 17:11:51 - enemigo - [DEBUG] - [Enemigo_2] EN RANGO AGRO. Input IA (vel): (67.41, -18.87)
2025-05-19 17:11:51 - enemigo - [DEBUG] - [Enemigo_2] Pos flotante (post-IA y delta): (450.1459, 357.6791)
2025-05-19 17:11:51 - enemigo - [DEBUG] - [Enemigo_2] Solicita movimiento a CH (deltas enteros): dx_int=2, dy_int=-1. HB Actual: (449, 358) (Flotantes totales: dx=1.1459, dy=-0.3209)
2025-05-19 17:11:51 - enemigo - [DEBUG] - [Enemigo_2] Inicia _mover_y_colisionar_con_obstaculos. dx_int=2, dy_int=-1. HB Actual: (449, 358)
2025-05-19 17:11:51 - enemigo - [DEBUG] - [Enemigo_2] Hitbox recentrado (enemigo): (464, 367) (Rect center: (464, 367))
2025-05-19 17:11:51 - enemigo - [DEBUG] - [Enemigo_2] _mover_y_colisionar: HB Antes CH: (449,358), HB Despues CH y Sinc: (451,357), Rect: (448, 354), PosFlotante: (451.00,357.00)
2025-05-19 17:11:51 - enemigo - [DEBUG] - [Enemigo_2] Posición DESPUÉS de mov/col: HB (451, 357), Rect (448, 354), Flot (451.00, 357.00)
2025-05-19 17:11:51 - enemigo - [DEBUG] - [Enemigo_1] --- Inicio Update IA --- Delta: 0.0170s. Pos ANTES: HB (535, 257), Rect (532, 254), Flot (535.00, 257.00)
2025-05-19 17:11:51 - enemigo - [DEBUG] - [Enemigo_1] Target (centro (489, 357)), Dist: 107.62. Mi Centro HB: (548, 267)
2025-05-19 17:11:51 - enemigo - [DEBUG] - [Enemigo_1] EN RANGO AGRO. Input IA (vel): (-38.38, 58.54)
2025-05-19 17:11:51 - enemigo - [DEBUG] - [Enemigo_1] Pos flotante (post-IA y delta): (534.3476, 257.9952)
2025-05-19 17:11:51 - enemigo - [DEBUG] - [Enemigo_1] Solicita movimiento a CH (deltas enteros): dx_int=-1, dy_int=1. HB Actual: (535, 257) (Flotantes totales: dx=-0.6524, dy=0.9952)
2025-05-19 17:11:51 - enemigo - [DEBUG] - [Enemigo_1] Inicia _mover_y_colisionar_con_obstaculos. dx_int=-1, dy_int=1. HB Actual: (535, 257)
2025-05-19 17:11:51 - enemigo - [DEBUG] - [Enemigo_1] Hitbox recentrado (enemigo): (547, 268) (Rect center: (547, 268))
2025-05-19 17:11:51 - enemigo - [DEBUG] - [Enemigo_1] _mover_y_colisionar: HB Antes CH: (535,257), HB Despues CH y Sinc: (534,258), Rect: (531, 255), PosFlotante: (534.00,258.00)
2025-05-19 17:11:51 - enemigo - [DEBUG] - [Enemigo_1] Posición DESPUÉS de mov/col: HB (534, 258), Rect (531, 255), Flot (534.00, 258.00)
2025-05-19 17:11:51 - enemigo - [DEBUG] - [Enemigo_2] --- Inicio Update IA --- Delta: 0.0170s. Pos ANTES: HB (451, 357), Rect (448, 354), Flot (451.00, 357.00)
2025-05-19 17:11:51 - enemigo - [DEBUG] - [Enemigo_2] Target (centro (489, 357)), Dist: 26.93. Mi Centro HB: (464, 367)
2025-05-19 17:11:51 - enemigo - [DEBUG] - [Enemigo_2] EN RANGO AGRO. Input IA (vel): (64.99, -26.00)
2025-05-19 17:11:51 - enemigo - [DEBUG] - [Enemigo_2] Pos flotante (post-IA y delta): (452.1049, 356.5580)
2025-05-19 17:11:51 - enemigo - [DEBUG] - [Enemigo_2] Solicita movimiento a CH (deltas enteros): dx_int=2, dy_int=-1. HB Actual: (451, 357) (Flotantes totales: dx=1.1049, dy=-0.4420)
2025-05-19 17:11:51 - enemigo - [DEBUG] - [Enemigo_2] Inicia _mover_y_colisionar_con_obstaculos. dx_int=2, dy_int=-1. HB Actual: (451, 357)
2025-05-19 17:11:51 - enemigo - [DEBUG] - [Enemigo_2] Hitbox recentrado (enemigo): (466, 366) (Rect center: (466, 366))
2025-05-19 17:11:51 - enemigo - [DEBUG] - [Enemigo_2] _mover_y_colisionar: HB Antes CH: (451,357), HB Despues CH y Sinc: (453,356), Rect: (450, 353), PosFlotante: (453.00,356.00)
2025-05-19 17:11:51 - enemigo - [DEBUG] - [Enemigo_2] Posición DESPUÉS de mov/col: HB (453, 356), Rect (450, 353), Flot (453.00, 356.00)
2025-05-19 17:11:51 - enemigo - [DEBUG] - [Enemigo_1] --- Inicio Update IA --- Delta: 0.0170s. Pos ANTES: HB (534, 258), Rect (531, 255), Flot (534.00, 258.00)
2025-05-19 17:11:51 - enemigo - [DEBUG] - [Enemigo_1] Target (centro (491, 353)), Dist: 101.79. Mi Centro HB: (547, 268)
2025-05-19 17:11:51 - enemigo - [DEBUG] - [Enemigo_1] EN RANGO AGRO. Input IA (vel): (-38.51, 58.45)
2025-05-19 17:11:51 - enemigo - [DEBUG] - [Enemigo_1] Pos flotante (post-IA y delta): (533.3453, 258.9937)
2025-05-19 17:11:51 - enemigo - [DEBUG] - [Enemigo_1] Solicita movimiento a CH (deltas enteros): dx_int=-1, dy_int=1. HB Actual: (534, 258) (Flotantes totales: dx=-0.6547, dy=0.9937)
2025-05-19 17:11:51 - enemigo - [DEBUG] - [Enemigo_1] Inicia _mover_y_colisionar_con_obstaculos. dx_int=-1, dy_int=1. HB Actual: (534, 258)
2025-05-19 17:11:51 - enemigo - [DEBUG] - [Enemigo_1] Hitbox recentrado (enemigo): (546, 269) (Rect center: (546, 269))
2025-05-19 17:11:51 - enemigo - [DEBUG] - [Enemigo_1] _mover_y_colisionar: HB Antes CH: (534,258), HB Despues CH y Sinc: (533,259), Rect: (530, 256), PosFlotante: (533.00,259.00)
2025-05-19 17:11:51 - enemigo - [DEBUG] - [Enemigo_1] Posición DESPUÉS de mov/col: HB (533, 259), Rect (530, 256), Flot (533.00, 259.00)
2025-05-19 17:11:51 - enemigo - [DEBUG] - [Enemigo_2] --- Inicio Update IA --- Delta: 0.0170s. Pos ANTES: HB (453, 356), Rect (450, 353), Flot (453.00, 356.00)
2025-05-19 17:11:51 - enemigo - [DEBUG] - [Enemigo_2] Target (centro (491, 353)), Dist: 28.18. Mi Centro HB: (466, 366)
2025-05-19 17:11:51 - enemigo - [DEBUG] - [Enemigo_2] EN RANGO AGRO. Input IA (vel): (62.11, -32.29)
2025-05-19 17:11:51 - enemigo - [DEBUG] - [Enemigo_2] Pos flotante (post-IA y delta): (454.0558, 355.4510)
2025-05-19 17:11:51 - enemigo - [DEBUG] - [Enemigo_2] Solicita movimiento a CH (deltas enteros): dx_int=2, dy_int=-1. HB Actual: (453, 356) (Flotantes totales: dx=1.0558, dy=-0.5490)
2025-05-19 17:11:51 - enemigo - [DEBUG] - [Enemigo_2] Inicia _mover_y_colisionar_con_obstaculos. dx_int=2, dy_int=-1. HB Actual: (453, 356)
2025-05-19 17:11:51 - enemigo - [DEBUG] - [Enemigo_2] Hitbox recentrado (enemigo): (468, 365) (Rect center: (468, 365))
2025-05-19 17:11:51 - enemigo - [DEBUG] - [Enemigo_2] _mover_y_colisionar: HB Antes CH: (453,356), HB Despues CH y Sinc: (455,355), Rect: (452, 352), PosFlotante: (455.00,355.00)
2025-05-19 17:11:51 - enemigo - [DEBUG] - [Enemigo_2] Posición DESPUÉS de mov/col: HB (455, 355), Rect (452, 352), Flot (455.00, 355.00)
2025-05-19 17:11:51 - enemigo - [DEBUG] - [Enemigo_1] --- Inicio Update IA --- Delta: 0.0170s. Pos ANTES: HB (533, 259), Rect (530, 256), Flot (533.00, 259.00)
2025-05-19 17:11:51 - enemigo - [DEBUG] - [Enemigo_1] Target (centro (493, 349)), Dist: 95.96. Mi Centro HB: (546, 269)
2025-05-19 17:11:51 - enemigo - [DEBUG] - [Enemigo_1] EN RANGO AGRO. Input IA (vel): (-38.66, 58.36)
2025-05-19 17:11:51 - enemigo - [DEBUG] - [Enemigo_1] Pos flotante (post-IA y delta): (532.3428, 259.9920)
2025-05-19 17:11:51 - enemigo - [DEBUG] - [Enemigo_1] Solicita movimiento a CH (deltas enteros): dx_int=-1, dy_int=1. HB Actual: (533, 259) (Flotantes totales: dx=-0.6572, dy=0.9920)
2025-05-19 17:11:51 - enemigo - [DEBUG] - [Enemigo_1] Inicia _mover_y_colisionar_con_obstaculos. dx_int=-1, dy_int=1. HB Actual: (533, 259)
2025-05-19 17:11:51 - enemigo - [DEBUG] - [Enemigo_1] Hitbox recentrado (enemigo): (545, 270) (Rect center: (545, 270))
2025-05-19 17:11:51 - enemigo - [DEBUG] - [Enemigo_1] _mover_y_colisionar: HB Antes CH: (533,259), HB Despues CH y Sinc: (532,260), Rect: (529, 257), PosFlotante: (532.00,260.00)
2025-05-19 17:11:51 - enemigo - [DEBUG] - [Enemigo_1] Posición DESPUÉS de mov/col: HB (532, 260), Rect (529, 257), Flot (532.00, 260.00)
2025-05-19 17:11:51 - enemigo - [DEBUG] - [Enemigo_2] --- Inicio Update IA --- Delta: 0.0170s. Pos ANTES: HB (455, 355), Rect (452, 352), Flot (455.00, 355.00)
2025-05-19 17:11:51 - enemigo - [DEBUG] - [Enemigo_2] Target (centro (493, 349)), Dist: 29.68. Mi Centro HB: (468, 365)
2025-05-19 17:11:51 - enemigo - [DEBUG] - [Enemigo_2] EN RANGO AGRO. Input IA (vel): (58.96, -37.73)
2025-05-19 17:11:51 - enemigo - [DEBUG] - [Enemigo_2] Pos flotante (post-IA y delta): (456.0023, 354.3585)
2025-05-19 17:11:51 - enemigo - [DEBUG] - [Enemigo_2] Solicita movimiento a CH (deltas enteros): dx_int=2, dy_int=-1. HB Actual: (455, 355) (Flotantes totales: dx=1.0023, dy=-0.6415)
2025-05-19 17:11:51 - enemigo - [DEBUG] - [Enemigo_2] Inicia _mover_y_colisionar_con_obstaculos. dx_int=2, dy_int=-1. HB Actual: (455, 355)
2025-05-19 17:11:51 - enemigo - [DEBUG] - [Enemigo_2] Hitbox recentrado (enemigo): (470, 364) (Rect center: (470, 364))
2025-05-19 17:11:51 - enemigo - [DEBUG] - [Enemigo_2] _mover_y_colisionar: HB Antes CH: (455,355), HB Despues CH y Sinc: (457,354), Rect: (454, 351), PosFlotante: (457.00,354.00)
2025-05-19 17:11:51 - enemigo - [DEBUG] - [Enemigo_2] Posición DESPUÉS de mov/col: HB (457, 354), Rect (454, 351), Flot (457.00, 354.00)
2025-05-19 17:11:51 - enemigo - [DEBUG] - [Enemigo_1] --- Inicio Update IA --- Delta: 0.0170s. Pos ANTES: HB (532, 260), Rect (529, 257), Flot (532.00, 260.00)
2025-05-19 17:11:51 - enemigo - [DEBUG] - [Enemigo_1] Target (centro (495, 346)), Dist: 90.97. Mi Centro HB: (545, 270)
2025-05-19 17:11:51 - enemigo - [DEBUG] - [Enemigo_1] EN RANGO AGRO. Input IA (vel): (-38.47, 58.48)
2025-05-19 17:11:51 - enemigo - [DEBUG] - [Enemigo_1] Pos flotante (post-IA y delta): (531.3460, 260.9941)
2025-05-19 17:11:51 - enemigo - [DEBUG] - [Enemigo_1] Solicita movimiento a CH (deltas enteros): dx_int=-1, dy_int=1. HB Actual: (532, 260) (Flotantes totales: dx=-0.6540, dy=0.9941)
2025-05-19 17:11:51 - enemigo - [DEBUG] - [Enemigo_1] Inicia _mover_y_colisionar_con_obstaculos. dx_int=-1, dy_int=1. HB Actual: (532, 260)
2025-05-19 17:11:51 - enemigo - [DEBUG] - [Enemigo_1] Hitbox recentrado (enemigo): (544, 271) (Rect center: (544, 271))
2025-05-19 17:11:51 - enemigo - [DEBUG] - [Enemigo_1] _mover_y_colisionar: HB Antes CH: (532,260), HB Despues CH y Sinc: (531,261), Rect: (528, 258), PosFlotante: (531.00,261.00)
2025-05-19 17:11:51 - enemigo - [DEBUG] - [Enemigo_1] Posición DESPUÉS de mov/col: HB (531, 261), Rect (528, 258), Flot (531.00, 261.00)
2025-05-19 17:11:51 - enemigo - [DEBUG] - [Enemigo_2] --- Inicio Update IA --- Delta: 0.0170s. Pos ANTES: HB (457, 354), Rect (454, 351), Flot (457.00, 354.00)
2025-05-19 17:11:51 - enemigo - [DEBUG] - [Enemigo_2] Target (centro (495, 346)), Dist: 30.81. Mi Centro HB: (470, 364)
2025-05-19 17:11:51 - enemigo - [DEBUG] - [Enemigo_2] EN RANGO AGRO. Input IA (vel): (56.81, -40.90)
2025-05-19 17:11:51 - enemigo - [DEBUG] - [Enemigo_2] Pos flotante (post-IA y delta): (457.9657, 353.3047)
2025-05-19 17:11:51 - enemigo - [DEBUG] - [Enemigo_2] Solicita movimiento a CH (deltas enteros): dx_int=1, dy_int=-1. HB Actual: (457, 354) (Flotantes totales: dx=0.9657, dy=-0.6953)
2025-05-19 17:11:51 - enemigo - [DEBUG] - [Enemigo_2] Inicia _mover_y_colisionar_con_obstaculos. dx_int=1, dy_int=-1. HB Actual: (457, 354)
2025-05-19 17:11:51 - enemigo - [DEBUG] - [Enemigo_2] Hitbox recentrado (enemigo): (471, 363) (Rect center: (471, 363))
2025-05-19 17:11:51 - enemigo - [DEBUG] - [Enemigo_2] _mover_y_colisionar: HB Antes CH: (457,354), HB Despues CH y Sinc: (458,353), Rect: (455, 350), PosFlotante: (458.00,353.00)
2025-05-19 17:11:51 - enemigo - [DEBUG] - [Enemigo_2] Posición DESPUÉS de mov/col: HB (458, 353), Rect (455, 350), Flot (458.00, 353.00)
2025-05-19 17:11:51 - enemigo - [DEBUG] - [Enemigo_1] --- Inicio Update IA --- Delta: 0.0160s. Pos ANTES: HB (531, 261), Rect (528, 258), Flot (531.00, 261.00)
2025-05-19 17:11:51 - enemigo - [DEBUG] - [Enemigo_1] Target (centro (496, 346)), Dist: 89.04. Mi Centro HB: (544, 271)
2025-05-19 17:11:51 - enemigo - [DEBUG] - [Enemigo_1] EN RANGO AGRO. Input IA (vel): (-37.73, 58.96)
2025-05-19 17:11:51 - enemigo - [DEBUG] - [Enemigo_1] Pos flotante (post-IA y delta): (530.3963, 261.9433)
2025-05-19 17:11:51 - enemigo - [DEBUG] - [Enemigo_1] Solicita movimiento a CH (deltas enteros): dx_int=-1, dy_int=1. HB Actual: (531, 261) (Flotantes totales: dx=-0.6037, dy=0.9433)
2025-05-19 17:11:51 - enemigo - [DEBUG] - [Enemigo_1] Inicia _mover_y_colisionar_con_obstaculos. dx_int=-1, dy_int=1. HB Actual: (531, 261)
2025-05-19 17:11:51 - enemigo - [DEBUG] - [Enemigo_1] Hitbox recentrado (enemigo): (543, 272) (Rect center: (543, 272))
2025-05-19 17:11:51 - enemigo - [DEBUG] - [Enemigo_1] _mover_y_colisionar: HB Antes CH: (531,261), HB Despues CH y Sinc: (530,262), Rect: (527, 259), PosFlotante: (530.00,262.00)
2025-05-19 17:11:51 - enemigo - [DEBUG] - [Enemigo_1] Posición DESPUÉS de mov/col: HB (530, 262), Rect (527, 259), Flot (530.00, 262.00)
2025-05-19 17:11:51 - enemigo - [DEBUG] - [Enemigo_2] --- Inicio Update IA --- Delta: 0.0160s. Pos ANTES: HB (458, 353), Rect (455, 350), Flot (458.00, 353.00)
2025-05-19 17:11:51 - enemigo - [DEBUG] - [Enemigo_2] Target (centro (496, 346)), Dist: 30.23. Mi Centro HB: (471, 363)
2025-05-19 17:11:51 - enemigo - [DEBUG] - [Enemigo_2] EN RANGO AGRO. Input IA (vel): (57.88, -39.36)
2025-05-19 17:11:51 - enemigo - [DEBUG] - [Enemigo_2] Pos flotante (post-IA y delta): (458.9262, 352.3702)
2025-05-19 17:11:51 - enemigo - [DEBUG] - [Enemigo_2] Solicita movimiento a CH (deltas enteros): dx_int=1, dy_int=-1. HB Actual: (458, 353) (Flotantes totales: dx=0.9262, dy=-0.6298)
2025-05-19 17:11:51 - enemigo - [DEBUG] - [Enemigo_2] Inicia _mover_y_colisionar_con_obstaculos. dx_int=1, dy_int=-1. HB Actual: (458, 353)
2025-05-19 17:11:51 - enemigo - [DEBUG] - [Enemigo_2] Hitbox recentrado (enemigo): (472, 362) (Rect center: (472, 362))
2025-05-19 17:11:51 - enemigo - [DEBUG] - [Enemigo_2] _mover_y_colisionar: HB Antes CH: (458,353), HB Despues CH y Sinc: (459,352), Rect: (456, 349), PosFlotante: (459.00,352.00)
2025-05-19 17:11:51 - enemigo - [DEBUG] - [Enemigo_2] Posición DESPUÉS de mov/col: HB (459, 352), Rect (456, 349), Flot (459.00, 352.00)
2025-05-19 17:11:51 - enemigo - [DEBUG] - [Enemigo_1] --- Inicio Update IA --- Delta: 0.0160s. Pos ANTES: HB (530, 262), Rect (527, 259), Flot (530.00, 262.00)
2025-05-19 17:11:51 - enemigo - [DEBUG] - [Enemigo_1] Target (centro (497, 346)), Dist: 87.13. Mi Centro HB: (543, 272)
2025-05-19 17:11:51 - enemigo - [DEBUG] - [Enemigo_1] EN RANGO AGRO. Input IA (vel): (-36.96, 59.45)
2025-05-19 17:11:51 - enemigo - [DEBUG] - [Enemigo_1] Pos flotante (post-IA y delta): (529.4087, 262.9512)
2025-05-19 17:11:51 - enemigo - [DEBUG] - [Enemigo_1] Solicita movimiento a CH (deltas enteros): dx_int=-1, dy_int=1. HB Actual: (530, 262) (Flotantes totales: dx=-0.5913, dy=0.9512)
2025-05-19 17:11:51 - enemigo - [DEBUG] - [Enemigo_1] Inicia _mover_y_colisionar_con_obstaculos. dx_int=-1, dy_int=1. HB Actual: (530, 262)
2025-05-19 17:11:51 - enemigo - [DEBUG] - [Enemigo_1] Hitbox recentrado (enemigo): (542, 273) (Rect center: (542, 273))
2025-05-19 17:11:51 - enemigo - [DEBUG] - [Enemigo_1] _mover_y_colisionar: HB Antes CH: (530,262), HB Despues CH y Sinc: (529,263), Rect: (526, 260), PosFlotante: (529.00,263.00)
2025-05-19 17:11:51 - enemigo - [DEBUG] - [Enemigo_1] Posición DESPUÉS de mov/col: HB (529, 263), Rect (526, 260), Flot (529.00, 263.00)
2025-05-19 17:11:51 - enemigo - [DEBUG] - [Enemigo_2] --- Inicio Update IA --- Delta: 0.0160s. Pos ANTES: HB (459, 352), Rect (456, 349), Flot (459.00, 352.00)
2025-05-19 17:11:51 - enemigo - [DEBUG] - [Enemigo_2] Target (centro (497, 346)), Dist: 29.68. Mi Centro HB: (472, 362)
2025-05-19 17:11:51 - enemigo - [DEBUG] - [Enemigo_2] Pos flotante (post-IA y delta): (459.9433, 351.3963)
2025-05-19 17:11:51 - enemigo - [DEBUG] - [Enemigo_2] Solicita movimiento a CH (deltas enteros): dx_int=1, dy_int=-1. HB Actual: (459, 352) (Flotantes totales: dx=0.9433, dy=-0.6037)
2025-05-19 17:11:51 - enemigo - [DEBUG] - [Enemigo_2] Inicia _mover_y_colisionar_con_obstaculos. dx_int=1, dy_int=-1. HB Actual: (459, 352)
2025-05-19 17:11:51 - enemigo - [DEBUG] - [Enemigo_2] Hitbox recentrado (enemigo): (473, 361) (Rect center: (473, 361))
2025-05-19 17:11:51 - enemigo - [DEBUG] - [Enemigo_2] _mover_y_colisionar: HB Antes CH: (459,352), HB Despues CH y Sinc: (460,351), Rect: (457, 348), PosFlotante: (460.00,351.00)
2025-05-19 17:11:51 - enemigo - [DEBUG] - [Enemigo_2] Posición DESPUÉS de mov/col: HB (460, 351), Rect (457, 348), Flot (460.00, 351.00)
2025-05-19 17:11:51 - enemigo - [DEBUG] - [Enemigo_1] --- Inicio Update IA --- Delta: 0.0170s. Pos ANTES: HB (529, 263), Rect (526, 260), Flot (529.00, 263.00)
2025-05-19 17:11:51 - enemigo - [DEBUG] - [Enemigo_1] Target (centro (498, 346)), Dist: 85.23. Mi Centro HB: (542, 273)
2025-05-19 17:11:51 - enemigo - [DEBUG] - [Enemigo_1] EN RANGO AGRO. Input IA (vel): (-36.14, 59.95)
2025-05-19 17:11:51 - enemigo - [DEBUG] - [Enemigo_1] Pos flotante (post-IA y delta): (528.3857, 264.0192)
2025-05-19 17:11:51 - enemigo - [DEBUG] - [Enemigo_1] Solicita movimiento a CH (deltas enteros): dx_int=-1, dy_int=2. HB Actual: (529, 263) (Flotantes totales: dx=-0.6143, dy=1.0192)
2025-05-19 17:11:51 - enemigo - [DEBUG] - [Enemigo_1] Inicia _mover_y_colisionar_con_obstaculos. dx_int=-1, dy_int=2. HB Actual: (529, 263)
2025-05-19 17:11:51 - enemigo - [DEBUG] - [Enemigo_1] Hitbox recentrado (enemigo): (541, 275) (Rect center: (541, 275))
2025-05-19 17:11:51 - enemigo - [DEBUG] - [Enemigo_1] _mover_y_colisionar: HB Antes CH: (529,263), HB Despues CH y Sinc: (528,265), Rect: (525, 262), PosFlotante: (528.00,265.00)
2025-05-19 17:11:51 - enemigo - [DEBUG] - [Enemigo_1] Posición DESPUÉS de mov/col: HB (528, 265), Rect (525, 262), Flot (528.00, 265.00)
2025-05-19 17:11:51 - enemigo - [DEBUG] - [Enemigo_2] --- Inicio Update IA --- Delta: 0.0170s. Pos ANTES: HB (460, 351), Rect (457, 348), Flot (460.00, 351.00)
2025-05-19 17:11:51 - enemigo - [DEBUG] - [Enemigo_2] Target (centro (498, 346)), Dist: 29.15. Mi Centro HB: (473, 361)
2025-05-19 17:11:51 - enemigo - [DEBUG] - [Enemigo_2] EN RANGO AGRO. Input IA (vel): (60.02, -36.01)
2025-05-19 17:11:51 - enemigo - [DEBUG] - [Enemigo_2] Pos flotante (post-IA y delta): (461.0204, 350.3878)
2025-05-19 17:11:51 - enemigo - [DEBUG] - [Enemigo_2] Solicita movimiento a CH (deltas enteros): dx_int=2, dy_int=-1. HB Actual: (460, 351) (Flotantes totales: dx=1.0204, dy=-0.6122)
2025-05-19 17:11:51 - enemigo - [DEBUG] - [Enemigo_2] Inicia _mover_y_colisionar_con_obstaculos. dx_int=2, dy_int=-1. HB Actual: (460, 351)
2025-05-19 17:11:51 - enemigo - [DEBUG] - [Enemigo_2] Hitbox recentrado (enemigo): (475, 360) (Rect center: (475, 360))
2025-05-19 17:11:51 - enemigo - [DEBUG] - [Enemigo_2] _mover_y_colisionar: HB Antes CH: (460,351), HB Despues CH y Sinc: (462,350), Rect: (459, 347), PosFlotante: (462.00,350.00)
2025-05-19 17:11:51 - enemigo - [DEBUG] - [Enemigo_2] Posición DESPUÉS de mov/col: HB (462, 350), Rect (459, 347), Flot (462.00, 350.00)
2025-05-19 17:11:51 - enemigo - [DEBUG] - [Enemigo_1] --- Inicio Update IA --- Delta: 0.0160s. Pos ANTES: HB (528, 265), Rect (525, 262), Flot (528.00, 265.00)
2025-05-19 17:11:51 - enemigo - [DEBUG] - [Enemigo_1] Target (centro (504, 346)), Dist: 80.06. Mi Centro HB: (541, 275)
2025-05-19 17:11:51 - enemigo - [DEBUG] - [Enemigo_1] EN RANGO AGRO. Input IA (vel): (-32.35, 62.08)
2025-05-19 17:11:51 - enemigo - [DEBUG] - [Enemigo_1] Pos flotante (post-IA y delta): (527.4824, 265.9932)
2025-05-19 17:11:51 - enemigo - [DEBUG] - [Enemigo_1] Solicita movimiento a CH (deltas enteros): dx_int=-1, dy_int=1. HB Actual: (528, 265) (Flotantes totales: dx=-0.5176, dy=0.9932)
2025-05-19 17:11:51 - enemigo - [DEBUG] - [Enemigo_1] Inicia _mover_y_colisionar_con_obstaculos. dx_int=-1, dy_int=1. HB Actual: (528, 265)
2025-05-19 17:11:51 - enemigo - [DEBUG] - [Enemigo_1] Hitbox recentrado (enemigo): (540, 276) (Rect center: (540, 276))
2025-05-19 17:11:51 - enemigo - [DEBUG] - [Enemigo_1] _mover_y_colisionar: HB Antes CH: (528,265), HB Despues CH y Sinc: (527,266), Rect: (524, 263), PosFlotante: (527.00,266.00)
2025-05-19 17:11:51 - enemigo - [DEBUG] - [Enemigo_1] Posición DESPUÉS de mov/col: HB (527, 266), Rect (524, 263), Flot (527.00, 266.00)
2025-05-19 17:11:51 - enemigo - [DEBUG] - [Enemigo_2] --- Inicio Update IA --- Delta: 0.0160s. Pos ANTES: HB (462, 350), Rect (459, 347), Flot (462.00, 350.00)
2025-05-19 17:11:51 - enemigo - [DEBUG] - [Enemigo_2] Target (centro (504, 346)), Dist: 32.20. Mi Centro HB: (475, 360)
2025-05-19 17:11:51 - enemigo - [DEBUG] - [Enemigo_2] EN RANGO AGRO. Input IA (vel): (63.04, -30.43)
2025-05-19 17:11:51 - enemigo - [DEBUG] - [Enemigo_2] Pos flotante (post-IA y delta): (463.0086, 349.5131)
2025-05-19 17:11:51 - enemigo - [DEBUG] - [Enemigo_2] Solicita movimiento a CH (deltas enteros): dx_int=2, dy_int=-1. HB Actual: (462, 350) (Flotantes totales: dx=1.0086, dy=-0.4869)
2025-05-19 17:11:51 - enemigo - [DEBUG] - [Enemigo_2] Inicia _mover_y_colisionar_con_obstaculos. dx_int=2, dy_int=-1. HB Actual: (462, 350)
2025-05-19 17:11:51 - enemigo - [DEBUG] - [Enemigo_2] Hitbox recentrado (enemigo): (477, 359) (Rect center: (477, 359))
2025-05-19 17:11:51 - enemigo - [DEBUG] - [Enemigo_2] _mover_y_colisionar: HB Antes CH: (462,350), HB Despues CH y Sinc: (464,349), Rect: (461, 346), PosFlotante: (464.00,349.00)
2025-05-19 17:11:51 - enemigo - [DEBUG] - [Enemigo_2] Posición DESPUÉS de mov/col: HB (464, 349), Rect (461, 346), Flot (464.00, 349.00)
2025-05-19 17:11:51 - enemigo - [DEBUG] - [Enemigo_1] --- Inicio Update IA --- Delta: 0.0160s. Pos ANTES: HB (527, 266), Rect (524, 263), Flot (527.00, 266.00)
2025-05-19 17:11:51 - enemigo - [DEBUG] - [Enemigo_1] Target (centro (507, 346)), Dist: 77.39. Mi Centro HB: (540, 276)
2025-05-19 17:11:51 - enemigo - [DEBUG] - [Enemigo_1] EN RANGO AGRO. Input IA (vel): (-29.85, 63.32)
2025-05-19 17:11:51 - enemigo - [DEBUG] - [Enemigo_1] Pos flotante (post-IA y delta): (526.5224, 267.0131)
2025-05-19 17:11:51 - enemigo - [DEBUG] - [Enemigo_1] Solicita movimiento a CH (deltas enteros): dx_int=-1, dy_int=2. HB Actual: (527, 266) (Flotantes totales: dx=-0.4776, dy=1.0131)
2025-05-19 17:11:51 - enemigo - [DEBUG] - [Enemigo_1] Inicia _mover_y_colisionar_con_obstaculos. dx_int=-1, dy_int=2. HB Actual: (527, 266)
2025-05-19 17:11:51 - enemigo - [DEBUG] - [Enemigo_1] Hitbox recentrado (enemigo): (539, 278) (Rect center: (539, 278))
2025-05-19 17:11:51 - enemigo - [DEBUG] - [Enemigo_1] _mover_y_colisionar: HB Antes CH: (527,266), HB Despues CH y Sinc: (526,268), Rect: (523, 265), PosFlotante: (526.00,268.00)
2025-05-19 17:11:51 - enemigo - [DEBUG] - [Enemigo_1] Posición DESPUÉS de mov/col: HB (526, 268), Rect (523, 265), Flot (526.00, 268.00)
2025-05-19 17:11:51 - enemigo - [DEBUG] - [Enemigo_2] --- Inicio Update IA --- Delta: 0.0160s. Pos ANTES: HB (464, 349), Rect (461, 346), Flot (464.00, 349.00)
2025-05-19 17:11:51 - enemigo - [DEBUG] - [Enemigo_2] Target (centro (507, 346)), Dist: 32.70. Mi Centro HB: (477, 359)
2025-05-19 17:11:51 - enemigo - [DEBUG] - [Enemigo_2] EN RANGO AGRO. Input IA (vel): (64.23, -27.83)
2025-05-19 17:11:51 - enemigo - [DEBUG] - [Enemigo_2] Pos flotante (post-IA y delta): (465.0277, 348.5547)
2025-05-19 17:11:51 - enemigo - [DEBUG] - [Enemigo_2] Solicita movimiento a CH (deltas enteros): dx_int=2, dy_int=-1. HB Actual: (464, 349) (Flotantes totales: dx=1.0277, dy=-0.4453)
2025-05-19 17:11:51 - enemigo - [DEBUG] - [Enemigo_2] Inicia _mover_y_colisionar_con_obstaculos. dx_int=2, dy_int=-1. HB Actual: (464, 349)
2025-05-19 17:11:51 - enemigo - [DEBUG] - [Enemigo_2] Hitbox recentrado (enemigo): (479, 358) (Rect center: (479, 358))
2025-05-19 17:11:51 - enemigo - [DEBUG] - [Enemigo_2] _mover_y_colisionar: HB Antes CH: (464,349), HB Despues CH y Sinc: (466,348), Rect: (463, 345), PosFlotante: (466.00,348.00)
2025-05-19 17:11:51 - enemigo - [DEBUG] - [Enemigo_2] Posición DESPUÉS de mov/col: HB (466, 348), Rect (463, 345), Flot (466.00, 348.00)
2025-05-19 17:11:51 - enemigo - [DEBUG] - [Enemigo_1] --- Inicio Update IA --- Delta: 0.0170s. Pos ANTES: HB (526, 268), Rect (523, 265), Flot (526.00, 268.00)
2025-05-19 17:11:51 - enemigo - [DEBUG] - [Enemigo_1] Target (centro (510, 346)), Dist: 73.93. Mi Centro HB: (539, 278)
2025-05-19 17:11:51 - enemigo - [DEBUG] - [Enemigo_1] EN RANGO AGRO. Input IA (vel): (-27.46, 64.39)
2025-05-19 17:11:51 - enemigo - [DEBUG] - [Enemigo_1] Pos flotante (post-IA y delta): (525.5332, 269.0946)
2025-05-19 17:11:51 - enemigo - [DEBUG] - [Enemigo_1] Solicita movimiento a CH (deltas enteros): dx_int=-1, dy_int=2. HB Actual: (526, 268) (Flotantes totales: dx=-0.4668, dy=1.0946)
2025-05-19 17:11:51 - enemigo - [DEBUG] - [Enemigo_1] Inicia _mover_y_colisionar_con_obstaculos. dx_int=-1, dy_int=2. HB Actual: (526, 268)
2025-05-19 17:11:51 - enemigo - [DEBUG] - [Enemigo_1] Hitbox recentrado (enemigo): (538, 280) (Rect center: (538, 280))
2025-05-19 17:11:51 - enemigo - [DEBUG] - [Enemigo_1] _mover_y_colisionar: HB Antes CH: (526,268), HB Despues CH y Sinc: (525,270), Rect: (522, 267), PosFlotante: (525.00,270.00)
2025-05-19 17:11:51 - enemigo - [DEBUG] - [Enemigo_1] Posición DESPUÉS de mov/col: HB (525, 270), Rect (522, 267), Flot (525.00, 270.00)
2025-05-19 17:11:51 - enemigo - [DEBUG] - [Enemigo_2] --- Inicio Update IA --- Delta: 0.0170s. Pos ANTES: HB (466, 348), Rect (463, 345), Flot (466.00, 348.00)
2025-05-19 17:11:51 - enemigo - [DEBUG] - [Enemigo_2] Target (centro (510, 346)), Dist: 33.24. Mi Centro HB: (479, 358)
2025-05-19 17:11:51 - enemigo - [DEBUG] - [Enemigo_2] EN RANGO AGRO. Input IA (vel): (65.28, -25.27)
2025-05-19 17:11:51 - enemigo - [DEBUG] - [Enemigo_2] Pos flotante (post-IA y delta): (467.1098, 347.5704)
2025-05-19 17:11:51 - enemigo - [DEBUG] - [Enemigo_2] Solicita movimiento a CH (deltas enteros): dx_int=2, dy_int=-1. HB Actual: (466, 348) (Flotantes totales: dx=1.1098, dy=-0.4296)
2025-05-19 17:11:51 - enemigo - [DEBUG] - [Enemigo_2] Inicia _mover_y_colisionar_con_obstaculos. dx_int=2, dy_int=-1. HB Actual: (466, 348)
2025-05-19 17:11:51 - enemigo - [DEBUG] - [Enemigo_2] Hitbox recentrado (enemigo): (481, 357) (Rect center: (481, 357))
2025-05-19 17:11:51 - enemigo - [DEBUG] - [Enemigo_2] _mover_y_colisionar: HB Antes CH: (466,348), HB Despues CH y Sinc: (468,347), Rect: (465, 344), PosFlotante: (468.00,347.00)
2025-05-19 17:11:51 - enemigo - [DEBUG] - [Enemigo_2] Posición DESPUÉS de mov/col: HB (468, 347), Rect (465, 344), Flot (468.00, 347.00)
2025-05-19 17:11:51 - enemigo - [DEBUG] - [Enemigo_1] --- Inicio Update IA --- Delta: 0.0170s. Pos ANTES: HB (525, 270), Rect (522, 267), Flot (525.00, 270.00)
2025-05-19 17:11:51 - enemigo - [DEBUG] - [Enemigo_1] Target (centro (514, 346)), Dist: 70.23. Mi Centro HB: (538, 280)
2025-05-19 17:11:51 - enemigo - [DEBUG] - [Enemigo_1] EN RANGO AGRO. Input IA (vel): (-23.92, 65.79)
2025-05-19 17:11:51 - enemigo - [DEBUG] - [Enemigo_1] Pos flotante (post-IA y delta): (524.5933, 271.1184)
2025-05-19 17:11:51 - enemigo - [DEBUG] - [Enemigo_1] Solicita movimiento a CH (deltas enteros): dx_int=-1, dy_int=2. HB Actual: (525, 270) (Flotantes totales: dx=-0.4067, dy=1.1184)
2025-05-19 17:11:51 - enemigo - [DEBUG] - [Enemigo_1] Inicia _mover_y_colisionar_con_obstaculos. dx_int=-1, dy_int=2. HB Actual: (525, 270)
2025-05-19 17:11:51 - enemigo - [DEBUG] - [Enemigo_1] Hitbox recentrado (enemigo): (537, 282) (Rect center: (537, 282))
2025-05-19 17:11:51 - enemigo - [DEBUG] - [Enemigo_1] _mover_y_colisionar: HB Antes CH: (525,270), HB Despues CH y Sinc: (524,272), Rect: (521, 269), PosFlotante: (524.00,272.00)
2025-05-19 17:11:51 - enemigo - [DEBUG] - [Enemigo_1] Posición DESPUÉS de mov/col: HB (524, 272), Rect (521, 269), Flot (524.00, 272.00)
2025-05-19 17:11:51 - enemigo - [DEBUG] - [Enemigo_2] --- Inicio Update IA --- Delta: 0.0170s. Pos ANTES: HB (468, 347), Rect (465, 344), Flot (468.00, 347.00)
2025-05-19 17:11:51 - enemigo - [DEBUG] - [Enemigo_2] Target (centro (514, 346)), Dist: 34.79. Mi Centro HB: (481, 357)
2025-05-19 17:11:51 - enemigo - [DEBUG] - [Enemigo_2] EN RANGO AGRO. Input IA (vel): (66.41, -22.14)
2025-05-19 17:11:51 - enemigo - [DEBUG] - [Enemigo_2] Pos flotante (post-IA y delta): (469.1289, 346.6237)
2025-05-19 17:11:51 - enemigo - [DEBUG] - [Enemigo_2] Solicita movimiento a CH (deltas enteros): dx_int=2, dy_int=-1. HB Actual: (468, 347) (Flotantes totales: dx=1.1289, dy=-0.3763)
2025-05-19 17:11:51 - enemigo - [DEBUG] - [Enemigo_2] Inicia _mover_y_colisionar_con_obstaculos. dx_int=2, dy_int=-1. HB Actual: (468, 347)
2025-05-19 17:11:51 - enemigo - [DEBUG] - [Enemigo_2] Hitbox recentrado (enemigo): (483, 356) (Rect center: (483, 356))
2025-05-19 17:11:51 - enemigo - [DEBUG] - [Enemigo_2] _mover_y_colisionar: HB Antes CH: (468,347), HB Despues CH y Sinc: (470,346), Rect: (467, 343), PosFlotante: (470.00,346.00)
2025-05-19 17:11:51 - enemigo - [DEBUG] - [Enemigo_2] Posición DESPUÉS de mov/col: HB (470, 346), Rect (467, 343), Flot (470.00, 346.00)
2025-05-19 17:11:51 - enemigo - [DEBUG] - [Enemigo_1] --- Inicio Update IA --- Delta: 0.0170s. Pos ANTES: HB (524, 272), Rect (521, 269), Flot (524.00, 272.00)
2025-05-19 17:11:51 - enemigo - [DEBUG] - [Enemigo_1] Target (centro (518, 346)), Dist: 66.76. Mi Centro HB: (537, 282)
2025-05-19 17:11:51 - enemigo - [DEBUG] - [Enemigo_1] EN RANGO AGRO. Input IA (vel): (-19.92, 67.11)
2025-05-19 17:11:51 - enemigo - [DEBUG] - [Enemigo_1] Pos flotante (post-IA y delta): (523.6613, 273.1408)
2025-05-19 17:11:51 - enemigo - [DEBUG] - [Enemigo_1] Solicita movimiento a CH (deltas enteros): dx_int=-1, dy_int=2. HB Actual: (524, 272) (Flotantes totales: dx=-0.3387, dy=1.1408)
2025-05-19 17:11:51 - enemigo - [DEBUG] - [Enemigo_1] Inicia _mover_y_colisionar_con_obstaculos. dx_int=-1, dy_int=2. HB Actual: (524, 272)
2025-05-19 17:11:51 - enemigo - [DEBUG] - [Enemigo_1] Hitbox recentrado (enemigo): (536, 284) (Rect center: (536, 284))
2025-05-19 17:11:51 - enemigo - [DEBUG] - [Enemigo_1] _mover_y_colisionar: HB Antes CH: (524,272), HB Despues CH y Sinc: (523,274), Rect: (520, 271), PosFlotante: (523.00,274.00)
2025-05-19 17:11:51 - enemigo - [DEBUG] - [Enemigo_1] Posición DESPUÉS de mov/col: HB (523, 274), Rect (520, 271), Flot (523.00, 274.00)
2025-05-19 17:11:51 - enemigo - [DEBUG] - [Enemigo_2] --- Inicio Update IA --- Delta: 0.0170s. Pos ANTES: HB (470, 346), Rect (467, 343), Flot (470.00, 346.00)
2025-05-19 17:11:51 - enemigo - [DEBUG] - [Enemigo_2] Target (centro (518, 346)), Dist: 36.40. Mi Centro HB: (483, 356)
2025-05-19 17:11:51 - enemigo - [DEBUG] - [Enemigo_2] EN RANGO AGRO. Input IA (vel): (67.31, -19.23)
2025-05-19 17:11:51 - enemigo - [DEBUG] - [Enemigo_2] Pos flotante (post-IA y delta): (471.1442, 345.6731)
2025-05-19 17:11:51 - enemigo - [DEBUG] - [Enemigo_2] Solicita movimiento a CH (deltas enteros): dx_int=2, dy_int=-1. HB Actual: (470, 346) (Flotantes totales: dx=1.1442, dy=-0.3269)
2025-05-19 17:11:51 - enemigo - [DEBUG] - [Enemigo_2] Inicia _mover_y_colisionar_con_obstaculos. dx_int=2, dy_int=-1. HB Actual: (470, 346)
2025-05-19 17:11:51 - enemigo - [DEBUG] - [Enemigo_2] Hitbox recentrado (enemigo): (485, 355) (Rect center: (485, 355))
2025-05-19 17:11:51 - enemigo - [DEBUG] - [Enemigo_2] _mover_y_colisionar: HB Antes CH: (470,346), HB Despues CH y Sinc: (472,345), Rect: (469, 342), PosFlotante: (472.00,345.00)
2025-05-19 17:11:51 - enemigo - [DEBUG] - [Enemigo_2] Posición DESPUÉS de mov/col: HB (472, 345), Rect (469, 342), Flot (472.00, 345.00)
2025-05-19 17:11:51 - enemigo - [DEBUG] - [Enemigo_1] --- Inicio Update IA --- Delta: 0.0160s. Pos ANTES: HB (523, 274), Rect (520, 271), Flot (523.00, 274.00)
2025-05-19 17:11:51 - enemigo - [DEBUG] - [Enemigo_1] Target (centro (522, 346)), Dist: 63.56. Mi Centro HB: (536, 284)
2025-05-19 17:11:51 - enemigo - [DEBUG] - [Enemigo_1] EN RANGO AGRO. Input IA (vel): (-15.42, 68.28)
2025-05-19 17:11:51 - enemigo - [DEBUG] - [Enemigo_1] Pos flotante (post-IA y delta): (522.7533, 275.0925)
2025-05-19 17:11:51 - enemigo - [DEBUG] - [Enemigo_1] Solicita movimiento a CH (deltas enteros): dx_int=-1, dy_int=2. HB Actual: (523, 274) (Flotantes totales: dx=-0.2467, dy=1.0925)
2025-05-19 17:11:51 - enemigo - [DEBUG] - [Enemigo_1] Inicia _mover_y_colisionar_con_obstaculos. dx_int=-1, dy_int=2. HB Actual: (523, 274)
2025-05-19 17:11:51 - enemigo - [DEBUG] - [Enemigo_1] Hitbox recentrado (enemigo): (535, 286) (Rect center: (535, 286))
2025-05-19 17:11:51 - enemigo - [DEBUG] - [Enemigo_1] _mover_y_colisionar: HB Antes CH: (523,274), HB Despues CH y Sinc: (522,276), Rect: (519, 273), PosFlotante: (522.00,276.00)
2025-05-19 17:11:51 - enemigo - [DEBUG] - [Enemigo_1] Posición DESPUÉS de mov/col: HB (522, 276), Rect (519, 273), Flot (522.00, 276.00)
2025-05-19 17:11:51 - enemigo - [DEBUG] - [Enemigo_2] --- Inicio Update IA --- Delta: 0.0160s. Pos ANTES: HB (472, 345), Rect (469, 342), Flot (472.00, 345.00)
2025-05-19 17:11:51 - enemigo - [DEBUG] - [Enemigo_2] Target (centro (522, 346)), Dist: 38.08. Mi Centro HB: (485, 355)
2025-05-19 17:11:51 - enemigo - [DEBUG] - [Enemigo_2] EN RANGO AGRO. Input IA (vel): (68.02, -16.54)
2025-05-19 17:11:51 - enemigo - [DEBUG] - [Enemigo_2] Pos flotante (post-IA y delta): (473.0883, 344.7353)
2025-05-19 17:11:51 - enemigo - [DEBUG] - [Enemigo_2] Solicita movimiento a CH (deltas enteros): dx_int=2, dy_int=-1. HB Actual: (472, 345) (Flotantes totales: dx=1.0883, dy=-0.2647)
2025-05-19 17:11:51 - enemigo - [DEBUG] - [Enemigo_2] Inicia _mover_y_colisionar_con_obstaculos. dx_int=2, dy_int=-1. HB Actual: (472, 345)
2025-05-19 17:11:51 - enemigo - [DEBUG] - [Enemigo_2] Hitbox recentrado (enemigo): (487, 354) (Rect center: (487, 354))
2025-05-19 17:11:51 - enemigo - [DEBUG] - [Enemigo_2] _mover_y_colisionar: HB Antes CH: (472,345), HB Despues CH y Sinc: (474,344), Rect: (471, 341), PosFlotante: (474.00,344.00)
2025-05-19 17:11:51 - enemigo - [DEBUG] - [Enemigo_2] Posición DESPUÉS de mov/col: HB (474, 344), Rect (471, 341), Flot (474.00, 344.00)
2025-05-19 17:11:51 - enemigo - [DEBUG] - [Enemigo_1] --- Inicio Update IA --- Delta: 0.0160s. Pos ANTES: HB (522, 276), Rect (519, 273), Flot (522.00, 276.00)
2025-05-19 17:11:51 - enemigo - [DEBUG] - [Enemigo_1] Target (centro (525, 346)), Dist: 60.83. Mi Centro HB: (535, 286)
2025-05-19 17:11:51 - enemigo - [DEBUG] - [Enemigo_1] EN RANGO AGRO. Input IA (vel): (-11.51, 69.05)
2025-05-19 17:11:51 - enemigo - [DEBUG] - [Enemigo_1] Pos flotante (post-IA y delta): (521.8159, 277.1048)
2025-05-19 17:11:51 - enemigo - [DEBUG] - [Enemigo_1] Solicita movimiento a CH (deltas enteros): dx_int=-1, dy_int=2. HB Actual: (522, 276) (Flotantes totales: dx=-0.1841, dy=1.1048)
2025-05-19 17:11:51 - enemigo - [DEBUG] - [Enemigo_1] Inicia _mover_y_colisionar_con_obstaculos. dx_int=-1, dy_int=2. HB Actual: (522, 276)
2025-05-19 17:11:51 - enemigo - [DEBUG] - [Enemigo_1] Hitbox recentrado (enemigo): (534, 288) (Rect center: (534, 288))
2025-05-19 17:11:51 - enemigo - [DEBUG] - [Enemigo_1] _mover_y_colisionar: HB Antes CH: (522,276), HB Despues CH y Sinc: (521,278), Rect: (518, 275), PosFlotante: (521.00,278.00)
2025-05-19 17:11:51 - enemigo - [DEBUG] - [Enemigo_1] Posición DESPUÉS de mov/col: HB (521, 278), Rect (518, 275), Flot (521.00, 278.00)
2025-05-19 17:11:51 - enemigo - [DEBUG] - [Enemigo_2] --- Inicio Update IA --- Delta: 0.0160s. Pos ANTES: HB (474, 344), Rect (471, 341), Flot (474.00, 344.00)
2025-05-19 17:11:51 - enemigo - [DEBUG] - [Enemigo_2] Target (centro (525, 346)), Dist: 38.83. Mi Centro HB: (487, 354)
2025-05-19 17:11:51 - enemigo - [DEBUG] - [Enemigo_2] EN RANGO AGRO. Input IA (vel): (68.50, -14.42)
2025-05-19 17:11:51 - enemigo - [DEBUG] - [Enemigo_2] Pos flotante (post-IA y delta): (475.0960, 343.7693)
2025-05-19 17:11:51 - enemigo - [DEBUG] - [Enemigo_2] Solicita movimiento a CH (deltas enteros): dx_int=2, dy_int=-1. HB Actual: (474, 344) (Flotantes totales: dx=1.0960, dy=-0.2307)
2025-05-19 17:11:51 - enemigo - [DEBUG] - [Enemigo_2] Inicia _mover_y_colisionar_con_obstaculos. dx_int=2, dy_int=-1. HB Actual: (474, 344)
2025-05-19 17:11:51 - enemigo - [DEBUG] - [Enemigo_2] Hitbox recentrado (enemigo): (489, 353) (Rect center: (489, 353))
2025-05-19 17:11:51 - enemigo - [DEBUG] - [Enemigo_2] _mover_y_colisionar: HB Antes CH: (474,344), HB Despues CH y Sinc: (476,343), Rect: (473, 340), PosFlotante: (476.00,343.00)
2025-05-19 17:11:51 - enemigo - [DEBUG] - [Enemigo_2] Posición DESPUÉS de mov/col: HB (476, 343), Rect (473, 340), Flot (476.00, 343.00)
2025-05-19 17:11:51 - enemigo - [DEBUG] - [Enemigo_1] --- Inicio Update IA --- Delta: 0.0160s. Pos ANTES: HB (521, 278), Rect (518, 275), Flot (521.00, 278.00)
2025-05-19 17:11:51 - enemigo - [DEBUG] - [Enemigo_1] Target (centro (528, 346)), Dist: 58.31. Mi Centro HB: (534, 288)
2025-05-19 17:11:51 - enemigo - [DEBUG] - [Enemigo_1] EN RANGO AGRO. Input IA (vel): (-7.20, 69.63)
2025-05-19 17:11:51 - enemigo - [DEBUG] - [Enemigo_1] Pos flotante (post-IA y delta): (520.8848, 279.1141)
2025-05-19 17:11:51 - enemigo - [DEBUG] - [Enemigo_1] Solicita movimiento a CH (deltas enteros): dx_int=-1, dy_int=2. HB Actual: (521, 278) (Flotantes totales: dx=-0.1152, dy=1.1141)
2025-05-19 17:11:51 - enemigo - [DEBUG] - [Enemigo_1] Inicia _mover_y_colisionar_con_obstaculos. dx_int=-1, dy_int=2. HB Actual: (521, 278)
2025-05-19 17:11:51 - enemigo - [DEBUG] - [Enemigo_1] Hitbox recentrado (enemigo): (533, 290) (Rect center: (533, 290))
2025-05-19 17:11:51 - enemigo - [DEBUG] - [Enemigo_1] _mover_y_colisionar: HB Antes CH: (521,278), HB Despues CH y Sinc: (520,280), Rect: (517, 277), PosFlotante: (520.00,280.00)
2025-05-19 17:11:51 - enemigo - [DEBUG] - [Enemigo_1] Posición DESPUÉS de mov/col: HB (520, 280), Rect (517, 277), Flot (520.00, 280.00)
2025-05-19 17:11:51 - enemigo - [DEBUG] - [Enemigo_2] --- Inicio Update IA --- Delta: 0.0160s. Pos ANTES: HB (476, 343), Rect (473, 340), Flot (476.00, 343.00)
2025-05-19 17:11:51 - enemigo - [DEBUG] - [Enemigo_2] Target (centro (528, 346)), Dist: 39.62. Mi Centro HB: (489, 353)
2025-05-19 17:11:51 - enemigo - [DEBUG] - [Enemigo_2] EN RANGO AGRO. Input IA (vel): (68.90, -12.37)
2025-05-19 17:11:51 - enemigo - [DEBUG] - [Enemigo_2] Pos flotante (post-IA y delta): (477.1024, 342.8021)
2025-05-19 17:11:51 - enemigo - [DEBUG] - [Enemigo_2] Solicita movimiento a CH (deltas enteros): dx_int=2, dy_int=-1. HB Actual: (476, 343) (Flotantes totales: dx=1.1024, dy=-0.1979)
2025-05-19 17:11:51 - enemigo - [DEBUG] - [Enemigo_2] Inicia _mover_y_colisionar_con_obstaculos. dx_int=2, dy_int=-1. HB Actual: (476, 343)
2025-05-19 17:11:51 - enemigo - [DEBUG] - [Enemigo_2] Hitbox recentrado (enemigo): (491, 352) (Rect center: (491, 352))
2025-05-19 17:11:51 - enemigo - [DEBUG] - [Enemigo_2] _mover_y_colisionar: HB Antes CH: (476,343), HB Despues CH y Sinc: (478,342), Rect: (475, 339), PosFlotante: (478.00,342.00)
2025-05-19 17:11:51 - enemigo - [DEBUG] - [Enemigo_2] Posición DESPUÉS de mov/col: HB (478, 342), Rect (475, 339), Flot (478.00, 342.00)
2025-05-19 17:11:51 - enemigo - [DEBUG] - [Enemigo_1] --- Inicio Update IA --- Delta: 0.0160s. Pos ANTES: HB (520, 280), Rect (517, 277), Flot (520.00, 280.00)
2025-05-19 17:11:51 - enemigo - [DEBUG] - [Enemigo_1] Target (centro (531, 346)), Dist: 56.04. Mi Centro HB: (533, 290)
2025-05-19 17:11:51 - enemigo - [DEBUG] - [Enemigo_1] EN RANGO AGRO. Input IA (vel): (-2.50, 69.96)
2025-05-19 17:11:51 - enemigo - [DEBUG] - [Enemigo_1] Pos flotante (post-IA y delta): (519.9600, 281.1193)
2025-05-19 17:11:51 - enemigo - [DEBUG] - [Enemigo_1] Solicita movimiento a CH (deltas enteros): dx_int=-1, dy_int=2. HB Actual: (520, 280) (Flotantes totales: dx=-0.0400, dy=1.1193)
2025-05-19 17:11:51 - enemigo - [DEBUG] - [Enemigo_1] Inicia _mover_y_colisionar_con_obstaculos. dx_int=-1, dy_int=2. HB Actual: (520, 280)
2025-05-19 17:11:51 - enemigo - [DEBUG] - [Enemigo_1] Hitbox recentrado (enemigo): (532, 292) (Rect center: (532, 292))
2025-05-19 17:11:51 - enemigo - [DEBUG] - [Enemigo_1] _mover_y_colisionar: HB Antes CH: (520,280), HB Despues CH y Sinc: (519,282), Rect: (516, 279), PosFlotante: (519.00,282.00)
2025-05-19 17:11:51 - enemigo - [DEBUG] - [Enemigo_1] Posición DESPUÉS de mov/col: HB (519, 282), Rect (516, 279), Flot (519.00, 282.00)
2025-05-19 17:11:51 - enemigo - [DEBUG] - [Enemigo_2] --- Inicio Update IA --- Delta: 0.0160s. Pos ANTES: HB (478, 342), Rect (475, 339), Flot (478.00, 342.00)
2025-05-19 17:11:51 - enemigo - [DEBUG] - [Enemigo_2] Target (centro (531, 346)), Dist: 40.45. Mi Centro HB: (491, 352)
2025-05-19 17:11:51 - enemigo - [DEBUG] - [Enemigo_2] EN RANGO AGRO. Input IA (vel): (69.23, -10.38)
2025-05-19 17:11:51 - enemigo - [DEBUG] - [Enemigo_2] Pos flotante (post-IA y delta): (479.1076, 341.8339)
2025-05-19 17:11:51 - enemigo - [DEBUG] - [Enemigo_2] Solicita movimiento a CH (deltas enteros): dx_int=2, dy_int=-1. HB Actual: (478, 342) (Flotantes totales: dx=1.1076, dy=-0.1661)
2025-05-19 17:11:51 - enemigo - [DEBUG] - [Enemigo_2] Inicia _mover_y_colisionar_con_obstaculos. dx_int=2, dy_int=-1. HB Actual: (478, 342)
2025-05-19 17:11:51 - enemigo - [DEBUG] - [Enemigo_2] Hitbox recentrado (enemigo): (493, 351) (Rect center: (493, 351))
2025-05-19 17:11:51 - enemigo - [DEBUG] - [Enemigo_2] _mover_y_colisionar: HB Antes CH: (478,342), HB Despues CH y Sinc: (480,341), Rect: (477, 338), PosFlotante: (480.00,341.00)
2025-05-19 17:11:51 - enemigo - [DEBUG] - [Enemigo_2] Posición DESPUÉS de mov/col: HB (480, 341), Rect (477, 338), Flot (480.00, 341.00)
2025-05-19 17:11:51 - enemigo - [DEBUG] - [Enemigo_1] --- Inicio Update IA --- Delta: 0.0160s. Pos ANTES: HB (519, 282), Rect (516, 279), Flot (519.00, 282.00)
2025-05-19 17:11:51 - enemigo - [DEBUG] - [Enemigo_1] Target (centro (528, 346)), Dist: 54.15. Mi Centro HB: (532, 292)
2025-05-19 17:11:51 - enemigo - [DEBUG] - [Enemigo_1] EN RANGO AGRO. Input IA (vel): (-5.17, 69.81)
2025-05-19 17:11:51 - enemigo - [DEBUG] - [Enemigo_1] Pos flotante (post-IA y delta): (518.9173, 283.1169)
2025-05-19 17:11:51 - enemigo - [DEBUG] - [Enemigo_1] Solicita movimiento a CH (deltas enteros): dx_int=-1, dy_int=2. HB Actual: (519, 282) (Flotantes totales: dx=-0.0827, dy=1.1169)
2025-05-19 17:11:51 - enemigo - [DEBUG] - [Enemigo_1] Inicia _mover_y_colisionar_con_obstaculos. dx_int=-1, dy_int=2. HB Actual: (519, 282)
2025-05-19 17:11:51 - enemigo - [DEBUG] - [Enemigo_1] Hitbox recentrado (enemigo): (531, 294) (Rect center: (531, 294))
2025-05-19 17:11:51 - enemigo - [DEBUG] - [Enemigo_1] _mover_y_colisionar: HB Antes CH: (519,282), HB Despues CH y Sinc: (518,284), Rect: (515, 281), PosFlotante: (518.00,284.00)
2025-05-19 17:11:51 - enemigo - [DEBUG] - [Enemigo_1] Posición DESPUÉS de mov/col: HB (518, 284), Rect (515, 281), Flot (518.00, 284.00)
2025-05-19 17:11:51 - enemigo - [DEBUG] - [Enemigo_2] --- Inicio Update IA --- Delta: 0.0160s. Pos ANTES: HB (480, 341), Rect (477, 338), Flot (480.00, 341.00)
2025-05-19 17:11:51 - enemigo - [DEBUG] - [Enemigo_2] Target (centro (528, 346)), Dist: 35.36. Mi Centro HB: (493, 351)
2025-05-19 17:11:51 - enemigo - [DEBUG] - [Enemigo_2] EN RANGO AGRO. Input IA (vel): (69.30, -9.90)
2025-05-19 17:11:51 - enemigo - [DEBUG] - [Enemigo_2] Pos flotante (post-IA y delta): (481.1087, 340.8416)
2025-05-19 17:11:51 - enemigo - [DEBUG] - [Enemigo_2] Solicita movimiento a CH (deltas enteros): dx_int=2, dy_int=-1. HB Actual: (480, 341) (Flotantes totales: dx=1.1087, dy=-0.1584)
2025-05-19 17:11:51 - enemigo - [DEBUG] - [Enemigo_2] Inicia _mover_y_colisionar_con_obstaculos. dx_int=2, dy_int=-1. HB Actual: (480, 341)
2025-05-19 17:11:51 - enemigo - [DEBUG] - [Enemigo_2] Hitbox recentrado (enemigo): (495, 350) (Rect center: (495, 350))
2025-05-19 17:11:51 - enemigo - [DEBUG] - [Enemigo_2] _mover_y_colisionar: HB Antes CH: (480,341), HB Despues CH y Sinc: (482,340), Rect: (479, 337), PosFlotante: (482.00,340.00)
2025-05-19 17:11:51 - enemigo - [DEBUG] - [Enemigo_2] Posición DESPUÉS de mov/col: HB (482, 340), Rect (479, 337), Flot (482.00, 340.00)
2025-05-19 17:11:51 - enemigo - [DEBUG] - [Enemigo_1] --- Inicio Update IA --- Delta: 0.0160s. Pos ANTES: HB (518, 284), Rect (515, 281), Flot (518.00, 284.00)
2025-05-19 17:11:51 - enemigo - [DEBUG] - [Enemigo_1] Target (centro (525, 346)), Dist: 52.35. Mi Centro HB: (531, 294)
2025-05-19 17:11:51 - enemigo - [DEBUG] - [Enemigo_1] EN RANGO AGRO. Input IA (vel): (-8.02, 69.54)
2025-05-19 17:11:51 - enemigo - [DEBUG] - [Enemigo_1] Pos flotante (post-IA y delta): (517.8716, 285.1126)
2025-05-19 17:11:51 - enemigo - [DEBUG] - [Enemigo_1] Solicita movimiento a CH (deltas enteros): dx_int=-1, dy_int=2. HB Actual: (518, 284) (Flotantes totales: dx=-0.1284, dy=1.1126)
2025-05-19 17:11:51 - enemigo - [DEBUG] - [Enemigo_1] Inicia _mover_y_colisionar_con_obstaculos. dx_int=-1, dy_int=2. HB Actual: (518, 284)
2025-05-19 17:11:51 - enemigo - [DEBUG] - [Enemigo_1] Hitbox recentrado (enemigo): (530, 296) (Rect center: (530, 296))
2025-05-19 17:11:51 - enemigo - [DEBUG] - [Enemigo_1] _mover_y_colisionar: HB Antes CH: (518,284), HB Despues CH y Sinc: (517,286), Rect: (514, 283), PosFlotante: (517.00,286.00)
2025-05-19 17:11:51 - enemigo - [DEBUG] - [Enemigo_1] Posición DESPUÉS de mov/col: HB (517, 286), Rect (514, 283), Flot (517.00, 286.00)
2025-05-19 17:11:51 - enemigo - [DEBUG] - [Enemigo_2] --- Inicio Update IA --- Delta: 0.0160s. Pos ANTES: HB (482, 340), Rect (479, 337), Flot (482.00, 340.00)
2025-05-19 17:11:51 - enemigo - [DEBUG] - [Enemigo_2] Target (centro (525, 346)), Dist: 30.27. Mi Centro HB: (495, 350)
2025-05-19 17:11:51 - enemigo - [DEBUG] - [Enemigo_2] EN RANGO AGRO. Input IA (vel): (69.39, -9.25)
2025-05-19 17:11:51 - enemigo - [DEBUG] - [Enemigo_2] Pos flotante (post-IA y delta): (483.1102, 339.8520)
2025-05-19 17:11:51 - enemigo - [DEBUG] - [Enemigo_2] Solicita movimiento a CH (deltas enteros): dx_int=2, dy_int=-1. HB Actual: (482, 340) (Flotantes totales: dx=1.1102, dy=-0.1480)
2025-05-19 17:11:51 - enemigo - [DEBUG] - [Enemigo_2] Inicia _mover_y_colisionar_con_obstaculos. dx_int=2, dy_int=-1. HB Actual: (482, 340)
2025-05-19 17:11:51 - enemigo - [DEBUG] - [Enemigo_2] Hitbox recentrado (enemigo): (497, 349) (Rect center: (497, 349))
2025-05-19 17:11:51 - enemigo - [DEBUG] - [Enemigo_2] _mover_y_colisionar: HB Antes CH: (482,340), HB Despues CH y Sinc: (484,339), Rect: (481, 336), PosFlotante: (484.00,339.00)
2025-05-19 17:11:51 - enemigo - [DEBUG] - [Enemigo_2] Posición DESPUÉS de mov/col: HB (484, 339), Rect (481, 336), Flot (484.00, 339.00)
2025-05-19 17:11:51 - enemigo - [DEBUG] - [Enemigo_1] --- Inicio Update IA --- Delta: 0.0160s. Pos ANTES: HB (517, 286), Rect (514, 283), Flot (517.00, 286.00)
2025-05-19 17:11:51 - enemigo - [DEBUG] - [Enemigo_1] Target (centro (522, 346)), Dist: 50.64. Mi Centro HB: (530, 296)
2025-05-19 17:11:51 - enemigo - [DEBUG] - [Enemigo_1] EN RANGO AGRO. Input IA (vel): (-11.06, 69.12)
2025-05-19 17:11:51 - enemigo - [DEBUG] - [Enemigo_1] Pos flotante (post-IA y delta): (516.8231, 287.1059)
2025-05-19 17:11:51 - enemigo - [DEBUG] - [Enemigo_1] Solicita movimiento a CH (deltas enteros): dx_int=-1, dy_int=2. HB Actual: (517, 286) (Flotantes totales: dx=-0.1769, dy=1.1059)
2025-05-19 17:11:51 - enemigo - [DEBUG] - [Enemigo_1] Inicia _mover_y_colisionar_con_obstaculos. dx_int=-1, dy_int=2. HB Actual: (517, 286)
2025-05-19 17:11:51 - enemigo - [DEBUG] - [Enemigo_1] Hitbox recentrado (enemigo): (529, 298) (Rect center: (529, 298))
2025-05-19 17:11:51 - enemigo - [DEBUG] - [Enemigo_1] _mover_y_colisionar: HB Antes CH: (517,286), HB Despues CH y Sinc: (516,288), Rect: (513, 285), PosFlotante: (516.00,288.00)
2025-05-19 17:11:51 - enemigo - [DEBUG] - [Enemigo_1] Posición DESPUÉS de mov/col: HB (516, 288), Rect (513, 285), Flot (516.00, 288.00)
2025-05-19 17:11:51 - enemigo - [DEBUG] - [Enemigo_2] --- Inicio Update IA --- Delta: 0.0160s. Pos ANTES: HB (484, 339), Rect (481, 336), Flot (484.00, 339.00)
2025-05-19 17:11:51 - enemigo - [DEBUG] - [Enemigo_2] Target (centro (522, 346)), Dist: 25.18. Mi Centro HB: (497, 349)
2025-05-19 17:11:51 - enemigo - [DEBUG] - [Enemigo_2] EN RANGO AGRO. Input IA (vel): (69.50, -8.34)
2025-05-19 17:11:51 - enemigo - [DEBUG] - [Enemigo_2] Pos flotante (post-IA y delta): (485.1120, 338.8666)
2025-05-19 17:11:51 - enemigo - [DEBUG] - [Enemigo_2] Solicita movimiento a CH (deltas enteros): dx_int=2, dy_int=-1. HB Actual: (484, 339) (Flotantes totales: dx=1.1120, dy=-0.1334)
2025-05-19 17:11:51 - enemigo - [DEBUG] - [Enemigo_2] Inicia _mover_y_colisionar_con_obstaculos. dx_int=2, dy_int=-1. HB Actual: (484, 339)
2025-05-19 17:11:51 - enemigo - [DEBUG] - [Enemigo_2] Hitbox recentrado (enemigo): (499, 348) (Rect center: (499, 348))
2025-05-19 17:11:51 - enemigo - [DEBUG] - [Enemigo_2] _mover_y_colisionar: HB Antes CH: (484,339), HB Despues CH y Sinc: (486,338), Rect: (483, 335), PosFlotante: (486.00,338.00)
2025-05-19 17:11:51 - enemigo - [DEBUG] - [Enemigo_2] Posición DESPUÉS de mov/col: HB (486, 338), Rect (483, 335), Flot (486.00, 338.00)
2025-05-19 17:11:51 - enemigo - [DEBUG] - [Enemigo_1] --- Inicio Update IA --- Delta: 0.0170s. Pos ANTES: HB (516, 288), Rect (513, 285), Flot (516.00, 288.00)
2025-05-19 17:11:51 - enemigo - [DEBUG] - [Enemigo_1] Target (centro (524, 346)), Dist: 48.26. Mi Centro HB: (529, 298)
2025-05-19 17:11:51 - enemigo - [DEBUG] - [Enemigo_1] EN RANGO AGRO. Input IA (vel): (-7.25, 69.62)
2025-05-19 17:11:51 - enemigo - [DEBUG] - [Enemigo_1] Pos flotante (post-IA y delta): (515.8767, 289.1836)
2025-05-19 17:11:51 - enemigo - [DEBUG] - [Enemigo_1] Solicita movimiento a CH (deltas enteros): dx_int=-1, dy_int=2. HB Actual: (516, 288) (Flotantes totales: dx=-0.1233, dy=1.1836)
2025-05-19 17:11:51 - enemigo - [DEBUG] - [Enemigo_1] Inicia _mover_y_colisionar_con_obstaculos. dx_int=-1, dy_int=2. HB Actual: (516, 288)
2025-05-19 17:11:51 - enemigo - [DEBUG] - [Enemigo_1] Hitbox recentrado (enemigo): (528, 300) (Rect center: (528, 300))
2025-05-19 17:11:51 - enemigo - [DEBUG] - [Enemigo_1] _mover_y_colisionar: HB Antes CH: (516,288), HB Despues CH y Sinc: (515,290), Rect: (512, 287), PosFlotante: (515.00,290.00)
2025-05-19 17:11:51 - enemigo - [DEBUG] - [Enemigo_1] Posición DESPUÉS de mov/col: HB (515, 290), Rect (512, 287), Flot (515.00, 290.00)
2025-05-19 17:11:51 - enemigo - [DEBUG] - [Enemigo_2] --- Inicio Update IA --- Delta: 0.0170s. Pos ANTES: HB (486, 338), Rect (483, 335), Flot (486.00, 338.00)
2025-05-19 17:11:51 - enemigo - [DEBUG] - [Enemigo_2] Target (centro (524, 346)), Dist: 25.08. Mi Centro HB: (499, 348)
2025-05-19 17:11:51 - enemigo - [DEBUG] - [Enemigo_2] EN RANGO AGRO. Input IA (vel): (69.78, -5.58)
2025-05-19 17:11:51 - enemigo - [DEBUG] - [Enemigo_2] Pos flotante (post-IA y delta): (487.1862, 337.9051)
2025-05-19 17:11:51 - enemigo - [DEBUG] - [Enemigo_2] Solicita movimiento a CH (deltas enteros): dx_int=2, dy_int=-1. HB Actual: (486, 338) (Flotantes totales: dx=1.1862, dy=-0.0949)
2025-05-19 17:11:51 - enemigo - [DEBUG] - [Enemigo_2] Inicia _mover_y_colisionar_con_obstaculos. dx_int=2, dy_int=-1. HB Actual: (486, 338)
2025-05-19 17:11:51 - enemigo - [DEBUG] - [Enemigo_2] Hitbox recentrado (enemigo): (501, 347) (Rect center: (501, 347))
2025-05-19 17:11:51 - enemigo - [DEBUG] - [Enemigo_2] _mover_y_colisionar: HB Antes CH: (486,338), HB Despues CH y Sinc: (488,337), Rect: (485, 334), PosFlotante: (488.00,337.00)
2025-05-19 17:11:51 - enemigo - [DEBUG] - [Enemigo_2] Posición DESPUÉS de mov/col: HB (488, 337), Rect (485, 334), Flot (488.00, 337.00)
2025-05-19 17:11:51 - enemigo - [DEBUG] - [Enemigo_1] --- Inicio Update IA --- Delta: 0.0170s. Pos ANTES: HB (515, 290), Rect (512, 287), Flot (515.00, 290.00)
2025-05-19 17:11:51 - enemigo - [DEBUG] - [Enemigo_1] Target (centro (526, 346)), Dist: 46.04. Mi Centro HB: (528, 300)
2025-05-19 17:11:51 - enemigo - [DEBUG] - [Enemigo_1] EN RANGO AGRO. Input IA (vel): (-3.04, 69.93)
2025-05-19 17:11:51 - enemigo - [DEBUG] - [Enemigo_1] Pos flotante (post-IA y delta): (514.9483, 291.1889)
2025-05-19 17:11:51 - enemigo - [DEBUG] - [Enemigo_1] Solicita movimiento a CH (deltas enteros): dx_int=-1, dy_int=2. HB Actual: (515, 290) (Flotantes totales: dx=-0.0517, dy=1.1889)
2025-05-19 17:11:51 - enemigo - [DEBUG] - [Enemigo_1] Inicia _mover_y_colisionar_con_obstaculos. dx_int=-1, dy_int=2. HB Actual: (515, 290)
2025-05-19 17:11:51 - enemigo - [DEBUG] - [Enemigo_1] Hitbox recentrado (enemigo): (527, 300) (Rect center: (527, 300))
2025-05-19 17:11:51 - enemigo - [DEBUG] - [Enemigo_1] _mover_y_colisionar: HB Antes CH: (515,290), HB Despues CH y Sinc: (514,290), Rect: (511, 287), PosFlotante: (514.00,290.00)
2025-05-19 17:11:51 - enemigo - [DEBUG] - [Enemigo_1] Posición DESPUÉS de mov/col: HB (514, 290), Rect (511, 287), Flot (514.00, 290.00)
2025-05-19 17:11:51 - enemigo - [DEBUG] - [Enemigo_2] --- Inicio Update IA --- Delta: 0.0170s. Pos ANTES: HB (488, 337), Rect (485, 334), Flot (488.00, 337.00)
2025-05-19 17:11:51 - enemigo - [DEBUG] - [Enemigo_2] Target (centro (526, 346)), Dist: 25.02. Mi Centro HB: (501, 347)
2025-05-19 17:11:51 - enemigo - [DEBUG] - [Enemigo_2] EN RANGO AGRO. Input IA (vel): (69.94, -2.80)
2025-05-19 17:11:51 - enemigo - [DEBUG] - [Enemigo_2] Pos flotante (post-IA y delta): (489.1890, 336.9524)
2025-05-19 17:11:51 - enemigo - [DEBUG] - [Enemigo_2] Solicita movimiento a CH (deltas enteros): dx_int=2, dy_int=-1. HB Actual: (488, 337) (Flotantes totales: dx=1.1890, dy=-0.0476)
2025-05-19 17:11:51 - enemigo - [DEBUG] - [Enemigo_2] Inicia _mover_y_colisionar_con_obstaculos. dx_int=2, dy_int=-1. HB Actual: (488, 337)
2025-05-19 17:11:51 - enemigo - [DEBUG] - [Enemigo_2] Hitbox recentrado (enemigo): (503, 346) (Rect center: (503, 346))
2025-05-19 17:11:51 - enemigo - [DEBUG] - [Enemigo_2] _mover_y_colisionar: HB Antes CH: (488,337), HB Despues CH y Sinc: (490,336), Rect: (487, 333), PosFlotante: (490.00,336.00)
2025-05-19 17:11:51 - enemigo - [DEBUG] - [Enemigo_2] Posición DESPUÉS de mov/col: HB (490, 336), Rect (487, 333), Flot (490.00, 336.00)
2025-05-19 17:11:51 - enemigo - [DEBUG] - [Enemigo_1] --- Inicio Update IA --- Delta: 0.0160s. Pos ANTES: HB (514, 290), Rect (511, 287), Flot (514.00, 290.00)
2025-05-19 17:11:51 - enemigo - [DEBUG] - [Enemigo_1] Target (centro (528, 346)), Dist: 46.01. Mi Centro HB: (527, 300)
2025-05-19 17:11:51 - enemigo - [DEBUG] - [Enemigo_1] EN RANGO AGRO. Input IA (vel): (1.52, 69.98)
2025-05-19 17:11:51 - enemigo - [DEBUG] - [Enemigo_1] Pos flotante (post-IA y delta): (514.0243, 291.1197)
2025-05-19 17:11:51 - enemigo - [DEBUG] - [Enemigo_1] Solicita movimiento a CH (deltas enteros): dx_int=1, dy_int=2. HB Actual: (514, 290) (Flotantes totales: dx=0.0243, dy=1.1197)
2025-05-19 17:11:51 - enemigo - [DEBUG] - [Enemigo_1] Inicia _mover_y_colisionar_con_obstaculos. dx_int=1, dy_int=2. HB Actual: (514, 290)
2025-05-19 17:11:51 - enemigo - [DEBUG] - [Enemigo_1] _mover_y_colisionar: HB Antes CH: (514,290), HB Despues CH y Sinc: (515,290), Rect: (512, 287), PosFlotante: (515.00,290.00)
2025-05-19 17:11:51 - enemigo - [DEBUG] - [Enemigo_2] --- Inicio Update IA --- Delta: 0.0160s. Pos ANTES: HB (490, 336), Rect (487, 333), Flot (490.00, 336.00)
2025-05-19 17:11:51 - enemigo - [DEBUG] - [Enemigo_2] Target (centro (528, 346)), Dist: 25.00. Mi Centro HB: (503, 346)
2025-05-19 17:11:51 - enemigo - [DEBUG] - [Enemigo_2] EN RANGO AGRO. Input IA (vel): (70.00, 0.00)
2025-05-19 17:11:51 - enemigo - [DEBUG] - [Enemigo_2] Pos flotante (post-IA y delta): (491.1200, 336.0000)
2025-05-19 17:11:51 - enemigo - [DEBUG] - [Enemigo_2] Solicita movimiento a CH (deltas enteros): dx_int=2, dy_int=0. HB Actual: (490, 336) (Flotantes totales: dx=1.1200, dy=0.0000)
2025-05-19 17:11:51 - enemigo - [DEBUG] - [Enemigo_2] Inicia _mover_y_colisionar_con_obstaculos. dx_int=2, dy_int=0. HB Actual: (490, 336)
2025-05-19 17:11:51 - enemigo - [DEBUG] - [Enemigo_2] Hitbox recentrado (enemigo): (505, 346) (Rect center: (505, 346))
2025-05-19 17:11:51 - enemigo - [DEBUG] - [Enemigo_2] _mover_y_colisionar: HB Antes CH: (490,336), HB Despues CH y Sinc: (492,336), Rect: (489, 333), PosFlotante: (492.00,336.00)
2025-05-19 17:11:51 - enemigo - [DEBUG] - [Enemigo_2] Posición DESPUÉS de mov/col: HB (492, 336), Rect (489, 333), Flot (492.00, 336.00)
2025-05-19 17:11:51 - enemigo - [DEBUG] - [Enemigo_1] --- Inicio Update IA --- Delta: 0.0160s. Pos ANTES: HB (515, 290), Rect (512, 287), Flot (515.00, 290.00)
2025-05-19 17:11:51 - enemigo - [DEBUG] - [Enemigo_1] Target (centro (530, 346)), Dist: 46.04. Mi Centro HB: (528, 300)
2025-05-19 17:11:51 - enemigo - [DEBUG] - [Enemigo_1] EN RANGO AGRO. Input IA (vel): (3.04, 69.93)
2025-05-19 17:11:51 - enemigo - [DEBUG] - [Enemigo_1] Pos flotante (post-IA y delta): (515.0486, 291.1189)
2025-05-19 17:11:51 - enemigo - [DEBUG] - [Enemigo_1] Solicita movimiento a CH (deltas enteros): dx_int=1, dy_int=2. HB Actual: (515, 290) (Flotantes totales: dx=0.0486, dy=1.1189)
2025-05-19 17:11:51 - enemigo - [DEBUG] - [Enemigo_1] Inicia _mover_y_colisionar_con_obstaculos. dx_int=1, dy_int=2. HB Actual: (515, 290)
2025-05-19 17:11:51 - enemigo - [DEBUG] - [Enemigo_1] Hitbox recentrado (enemigo): (529, 300) (Rect center: (529, 300))
2025-05-19 17:11:51 - enemigo - [DEBUG] - [Enemigo_1] _mover_y_colisionar: HB Antes CH: (515,290), HB Despues CH y Sinc: (516,290), Rect: (513, 287), PosFlotante: (516.00,290.00)
2025-05-19 17:11:51 - enemigo - [DEBUG] - [Enemigo_1] Posición DESPUÉS de mov/col: HB (516, 290), Rect (513, 287), Flot (516.00, 290.00)
2025-05-19 17:11:51 - enemigo - [DEBUG] - [Enemigo_2] --- Inicio Update IA --- Delta: 0.0160s. Pos ANTES: HB (492, 336), Rect (489, 333), Flot (492.00, 336.00)
2025-05-19 17:11:51 - enemigo - [DEBUG] - [Enemigo_2] Target (centro (530, 346)), Dist: 25.00. Mi Centro HB: (505, 346)
2025-05-19 17:11:51 - enemigo - [DEBUG] - [Enemigo_2] Pos flotante (post-IA y delta): (493.1200, 336.0000)
2025-05-19 17:11:51 - enemigo - [DEBUG] - [Enemigo_2] Solicita movimiento a CH (deltas enteros): dx_int=2, dy_int=0. HB Actual: (492, 336) (Flotantes totales: dx=1.1200, dy=0.0000)
2025-05-19 17:11:51 - enemigo - [DEBUG] - [Enemigo_2] Inicia _mover_y_colisionar_con_obstaculos. dx_int=2, dy_int=0. HB Actual: (492, 336)
2025-05-19 17:11:51 - enemigo - [DEBUG] - [Enemigo_2] Hitbox recentrado (enemigo): (507, 346) (Rect center: (507, 346))
2025-05-19 17:11:51 - enemigo - [DEBUG] - [Enemigo_2] _mover_y_colisionar: HB Antes CH: (492,336), HB Despues CH y Sinc: (494,336), Rect: (491, 333), PosFlotante: (494.00,336.00)
2025-05-19 17:11:51 - enemigo - [DEBUG] - [Enemigo_2] Posición DESPUÉS de mov/col: HB (494, 336), Rect (491, 333), Flot (494.00, 336.00)
2025-05-19 17:11:51 - enemigo - [DEBUG] - [Enemigo_1] --- Inicio Update IA --- Delta: 0.0170s. Pos ANTES: HB (516, 290), Rect (513, 287), Flot (516.00, 290.00)
2025-05-19 17:11:51 - enemigo - [DEBUG] - [Enemigo_1] Target (centro (532, 346)), Dist: 46.10. Mi Centro HB: (529, 300)
2025-05-19 17:11:51 - enemigo - [DEBUG] - [Enemigo_1] EN RANGO AGRO. Input IA (vel): (4.56, 69.85)
2025-05-19 17:11:51 - enemigo - [DEBUG] - [Enemigo_1] Pos flotante (post-IA y delta): (516.0774, 291.1875)
2025-05-19 17:11:51 - enemigo - [DEBUG] - [Enemigo_1] Solicita movimiento a CH (deltas enteros): dx_int=1, dy_int=2. HB Actual: (516, 290) (Flotantes totales: dx=0.0774, dy=1.1875)
2025-05-19 17:11:51 - enemigo - [DEBUG] - [Enemigo_1] Inicia _mover_y_colisionar_con_obstaculos. dx_int=1, dy_int=2. HB Actual: (516, 290)
2025-05-19 17:11:51 - enemigo - [DEBUG] - [Enemigo_1] Hitbox recentrado (enemigo): (530, 300) (Rect center: (530, 300))
2025-05-19 17:11:51 - enemigo - [DEBUG] - [Enemigo_1] _mover_y_colisionar: HB Antes CH: (516,290), HB Despues CH y Sinc: (517,290), Rect: (514, 287), PosFlotante: (517.00,290.00)
2025-05-19 17:11:51 - enemigo - [DEBUG] - [Enemigo_1] Posición DESPUÉS de mov/col: HB (517, 290), Rect (514, 287), Flot (517.00, 290.00)
2025-05-19 17:11:51 - enemigo - [DEBUG] - [Enemigo_2] --- Inicio Update IA --- Delta: 0.0170s. Pos ANTES: HB (494, 336), Rect (491, 333), Flot (494.00, 336.00)
2025-05-19 17:11:51 - enemigo - [DEBUG] - [Enemigo_2] Target (centro (532, 346)), Dist: 25.00. Mi Centro HB: (507, 346)
2025-05-19 17:11:51 - enemigo - [DEBUG] - [Enemigo_2] Pos flotante (post-IA y delta): (495.1900, 336.0000)
2025-05-19 17:11:51 - enemigo - [DEBUG] - [Enemigo_2] Solicita movimiento a CH (deltas enteros): dx_int=2, dy_int=0. HB Actual: (494, 336) (Flotantes totales: dx=1.1900, dy=0.0000)
2025-05-19 17:11:51 - enemigo - [DEBUG] - [Enemigo_2] Inicia _mover_y_colisionar_con_obstaculos. dx_int=2, dy_int=0. HB Actual: (494, 336)
2025-05-19 17:11:51 - enemigo - [DEBUG] - [Enemigo_2] Hitbox recentrado (enemigo): (509, 346) (Rect center: (509, 346))
2025-05-19 17:11:51 - enemigo - [DEBUG] - [Enemigo_2] _mover_y_colisionar: HB Antes CH: (494,336), HB Despues CH y Sinc: (496,336), Rect: (493, 333), PosFlotante: (496.00,336.00)
2025-05-19 17:11:51 - enemigo - [DEBUG] - [Enemigo_2] Posición DESPUÉS de mov/col: HB (496, 336), Rect (493, 333), Flot (496.00, 336.00)
2025-05-19 17:11:51 - enemigo - [DEBUG] - [Enemigo_1] --- Inicio Update IA --- Delta: 0.0160s. Pos ANTES: HB (517, 290), Rect (514, 287), Flot (517.00, 290.00)
2025-05-19 17:11:51 - enemigo - [DEBUG] - [Enemigo_1] Target (centro (534, 346)), Dist: 46.17. Mi Centro HB: (530, 300)
2025-05-19 17:11:51 - enemigo - [DEBUG] - [Enemigo_1] EN RANGO AGRO. Input IA (vel): (6.06, 69.74)
2025-05-19 17:11:51 - enemigo - [DEBUG] - [Enemigo_1] Pos flotante (post-IA y delta): (517.0970, 291.1158)
2025-05-19 17:11:51 - enemigo - [DEBUG] - [Enemigo_1] Solicita movimiento a CH (deltas enteros): dx_int=1, dy_int=2. HB Actual: (517, 290) (Flotantes totales: dx=0.0970, dy=1.1158)
2025-05-19 17:11:51 - enemigo - [DEBUG] - [Enemigo_1] Inicia _mover_y_colisionar_con_obstaculos. dx_int=1, dy_int=2. HB Actual: (517, 290)
2025-05-19 17:11:51 - enemigo - [DEBUG] - [Enemigo_1] Hitbox recentrado (enemigo): (531, 300) (Rect center: (531, 300))
2025-05-19 17:11:51 - enemigo - [DEBUG] - [Enemigo_1] _mover_y_colisionar: HB Antes CH: (517,290), HB Despues CH y Sinc: (518,290), Rect: (515, 287), PosFlotante: (518.00,290.00)
2025-05-19 17:11:51 - enemigo - [DEBUG] - [Enemigo_1] Posición DESPUÉS de mov/col: HB (518, 290), Rect (515, 287), Flot (518.00, 290.00)
2025-05-19 17:11:51 - enemigo - [DEBUG] - [Enemigo_2] --- Inicio Update IA --- Delta: 0.0160s. Pos ANTES: HB (496, 336), Rect (493, 333), Flot (496.00, 336.00)
2025-05-19 17:11:51 - enemigo - [DEBUG] - [Enemigo_2] Target (centro (534, 346)), Dist: 25.00. Mi Centro HB: (509, 346)
2025-05-19 17:11:51 - enemigo - [DEBUG] - [Enemigo_2] EN RANGO AGRO. Input IA (vel): (70.00, 0.00)
2025-05-19 17:11:51 - enemigo - [DEBUG] - [Enemigo_2] Pos flotante (post-IA y delta): (497.1200, 336.0000)
2025-05-19 17:11:51 - enemigo - [DEBUG] - [Enemigo_2] Solicita movimiento a CH (deltas enteros): dx_int=2, dy_int=0. HB Actual: (496, 336) (Flotantes totales: dx=1.1200, dy=0.0000)
2025-05-19 17:11:51 - enemigo - [DEBUG] - [Enemigo_2] Inicia _mover_y_colisionar_con_obstaculos. dx_int=2, dy_int=0. HB Actual: (496, 336)
2025-05-19 17:11:51 - enemigo - [DEBUG] - [Enemigo_2] Hitbox recentrado (enemigo): (511, 346) (Rect center: (511, 346))
2025-05-19 17:11:51 - enemigo - [DEBUG] - [Enemigo_2] _mover_y_colisionar: HB Antes CH: (496,336), HB Despues CH y Sinc: (498,336), Rect: (495, 333), PosFlotante: (498.00,336.00)
2025-05-19 17:11:51 - enemigo - [DEBUG] - [Enemigo_2] Posición DESPUÉS de mov/col: HB (498, 336), Rect (495, 333), Flot (498.00, 336.00)
2025-05-19 17:11:51 - enemigo - [DEBUG] - [Enemigo_1] --- Inicio Update IA --- Delta: 0.0160s. Pos ANTES: HB (518, 290), Rect (515, 287), Flot (518.00, 290.00)
2025-05-19 17:11:51 - enemigo - [DEBUG] - [Enemigo_1] Target (centro (536, 346)), Dist: 46.27. Mi Centro HB: (531, 300)
2025-05-19 17:11:51 - enemigo - [DEBUG] - [Enemigo_1] EN RANGO AGRO. Input IA (vel): (7.56, 69.59)
2025-05-19 17:11:51 - enemigo - [DEBUG] - [Enemigo_1] Pos flotante (post-IA y delta): (518.1210, 291.1134)
2025-05-19 17:11:51 - enemigo - [DEBUG] - [Enemigo_1] Solicita movimiento a CH (deltas enteros): dx_int=1, dy_int=2. HB Actual: (518, 290) (Flotantes totales: dx=0.1210, dy=1.1134)
2025-05-19 17:11:51 - enemigo - [DEBUG] - [Enemigo_1] Inicia _mover_y_colisionar_con_obstaculos. dx_int=1, dy_int=2. HB Actual: (518, 290)
2025-05-19 17:11:51 - enemigo - [DEBUG] - [Enemigo_1] Hitbox recentrado (enemigo): (532, 300) (Rect center: (532, 300))
2025-05-19 17:11:51 - enemigo - [DEBUG] - [Enemigo_1] _mover_y_colisionar: HB Antes CH: (518,290), HB Despues CH y Sinc: (519,290), Rect: (516, 287), PosFlotante: (519.00,290.00)
2025-05-19 17:11:51 - enemigo - [DEBUG] - [Enemigo_1] Posición DESPUÉS de mov/col: HB (519, 290), Rect (516, 287), Flot (519.00, 290.00)
2025-05-19 17:11:51 - enemigo - [DEBUG] - [Enemigo_2] --- Inicio Update IA --- Delta: 0.0160s. Pos ANTES: HB (498, 336), Rect (495, 333), Flot (498.00, 336.00)
2025-05-19 17:11:51 - enemigo - [DEBUG] - [Enemigo_2] Target (centro (536, 346)), Dist: 25.00. Mi Centro HB: (511, 346)
2025-05-19 17:11:51 - enemigo - [DEBUG] - [Enemigo_2] Pos flotante (post-IA y delta): (499.1200, 336.0000)
2025-05-19 17:11:51 - enemigo - [DEBUG] - [Enemigo_2] Solicita movimiento a CH (deltas enteros): dx_int=2, dy_int=0. HB Actual: (498, 336) (Flotantes totales: dx=1.1200, dy=0.0000)
2025-05-19 17:11:51 - enemigo - [DEBUG] - [Enemigo_2] Inicia _mover_y_colisionar_con_obstaculos. dx_int=2, dy_int=0. HB Actual: (498, 336)
2025-05-19 17:11:51 - enemigo - [DEBUG] - [Enemigo_2] Hitbox recentrado (enemigo): (513, 346) (Rect center: (513, 346))
2025-05-19 17:11:51 - enemigo - [DEBUG] - [Enemigo_2] _mover_y_colisionar: HB Antes CH: (498,336), HB Despues CH y Sinc: (500,336), Rect: (497, 333), PosFlotante: (500.00,336.00)
2025-05-19 17:11:51 - enemigo - [DEBUG] - [Enemigo_2] Posición DESPUÉS de mov/col: HB (500, 336), Rect (497, 333), Flot (500.00, 336.00)
2025-05-19 17:11:51 - enemigo - [DEBUG] - [Enemigo_1] --- Inicio Update IA --- Delta: 0.0170s. Pos ANTES: HB (519, 290), Rect (516, 287), Flot (519.00, 290.00)
2025-05-19 17:11:51 - enemigo - [DEBUG] - [Enemigo_1] Target (centro (538, 346)), Dist: 46.39. Mi Centro HB: (532, 300)
2025-05-19 17:11:51 - enemigo - [DEBUG] - [Enemigo_1] EN RANGO AGRO. Input IA (vel): (9.05, 69.41)
2025-05-19 17:11:51 - enemigo - [DEBUG] - [Enemigo_1] Pos flotante (post-IA y delta): (519.1539, 291.1800)
2025-05-19 17:11:51 - enemigo - [DEBUG] - [Enemigo_1] Solicita movimiento a CH (deltas enteros): dx_int=1, dy_int=2. HB Actual: (519, 290) (Flotantes totales: dx=0.1539, dy=1.1800)
2025-05-19 17:11:51 - enemigo - [DEBUG] - [Enemigo_1] Inicia _mover_y_colisionar_con_obstaculos. dx_int=1, dy_int=2. HB Actual: (519, 290)
2025-05-19 17:11:51 - enemigo - [DEBUG] - [Enemigo_1] Hitbox recentrado (enemigo): (533, 300) (Rect center: (533, 300))
2025-05-19 17:11:51 - enemigo - [DEBUG] - [Enemigo_1] _mover_y_colisionar: HB Antes CH: (519,290), HB Despues CH y Sinc: (520,290), Rect: (517, 287), PosFlotante: (520.00,290.00)
2025-05-19 17:11:51 - enemigo - [DEBUG] - [Enemigo_1] Posición DESPUÉS de mov/col: HB (520, 290), Rect (517, 287), Flot (520.00, 290.00)
2025-05-19 17:11:51 - enemigo - [DEBUG] - [Enemigo_2] --- Inicio Update IA --- Delta: 0.0170s. Pos ANTES: HB (500, 336), Rect (497, 333), Flot (500.00, 336.00)
2025-05-19 17:11:51 - enemigo - [DEBUG] - [Enemigo_2] Target (centro (538, 346)), Dist: 25.00. Mi Centro HB: (513, 346)
2025-05-19 17:11:51 - enemigo - [DEBUG] - [Enemigo_2] Pos flotante (post-IA y delta): (501.1900, 336.0000)
2025-05-19 17:11:51 - enemigo - [DEBUG] - [Enemigo_2] Solicita movimiento a CH (deltas enteros): dx_int=2, dy_int=0. HB Actual: (500, 336) (Flotantes totales: dx=1.1900, dy=0.0000)
2025-05-19 17:11:51 - enemigo - [DEBUG] - [Enemigo_2] Inicia _mover_y_colisionar_con_obstaculos. dx_int=2, dy_int=0. HB Actual: (500, 336)
2025-05-19 17:11:51 - enemigo - [DEBUG] - [Enemigo_2] Hitbox recentrado (enemigo): (515, 346) (Rect center: (515, 346))
2025-05-19 17:11:51 - enemigo - [DEBUG] - [Enemigo_2] _mover_y_colisionar: HB Antes CH: (500,336), HB Despues CH y Sinc: (502,336), Rect: (499, 333), PosFlotante: (502.00,336.00)
2025-05-19 17:11:51 - enemigo - [DEBUG] - [Enemigo_2] Posición DESPUÉS de mov/col: HB (502, 336), Rect (499, 333), Flot (502.00, 336.00)
2025-05-19 17:11:51 - enemigo - [DEBUG] - [Enemigo_1] --- Inicio Update IA --- Delta: 0.0160s. Pos ANTES: HB (520, 290), Rect (517, 287), Flot (520.00, 290.00)
2025-05-19 17:11:51 - enemigo - [DEBUG] - [Enemigo_1] Target (centro (540, 346)), Dist: 46.53. Mi Centro HB: (533, 300)
2025-05-19 17:11:51 - enemigo - [DEBUG] - [Enemigo_1] EN RANGO AGRO. Input IA (vel): (10.53, 69.20)
2025-05-19 17:11:51 - enemigo - [DEBUG] - [Enemigo_1] Pos flotante (post-IA y delta): (520.1685, 291.1073)
2025-05-19 17:11:51 - enemigo - [DEBUG] - [Enemigo_1] Solicita movimiento a CH (deltas enteros): dx_int=1, dy_int=2. HB Actual: (520, 290) (Flotantes totales: dx=0.1685, dy=1.1073)
2025-05-19 17:11:51 - enemigo - [DEBUG] - [Enemigo_1] Inicia _mover_y_colisionar_con_obstaculos. dx_int=1, dy_int=2. HB Actual: (520, 290)
2025-05-19 17:11:51 - enemigo - [DEBUG] - [Enemigo_1] Hitbox recentrado (enemigo): (534, 300) (Rect center: (534, 300))
2025-05-19 17:11:51 - enemigo - [DEBUG] - [Enemigo_1] _mover_y_colisionar: HB Antes CH: (520,290), HB Despues CH y Sinc: (521,290), Rect: (518, 287), PosFlotante: (521.00,290.00)
2025-05-19 17:11:51 - enemigo - [DEBUG] - [Enemigo_1] Posición DESPUÉS de mov/col: HB (521, 290), Rect (518, 287), Flot (521.00, 290.00)
2025-05-19 17:11:51 - enemigo - [DEBUG] - [Enemigo_2] --- Inicio Update IA --- Delta: 0.0160s. Pos ANTES: HB (502, 336), Rect (499, 333), Flot (502.00, 336.00)
2025-05-19 17:11:51 - enemigo - [DEBUG] - [Enemigo_2] Target (centro (540, 346)), Dist: 25.00. Mi Centro HB: (515, 346)
2025-05-19 17:11:51 - enemigo - [DEBUG] - [Enemigo_2] Pos flotante (post-IA y delta): (503.1200, 336.0000)
2025-05-19 17:11:51 - enemigo - [DEBUG] - [Enemigo_2] Solicita movimiento a CH (deltas enteros): dx_int=2, dy_int=0. HB Actual: (502, 336) (Flotantes totales: dx=1.1200, dy=0.0000)
2025-05-19 17:11:51 - enemigo - [DEBUG] - [Enemigo_2] Inicia _mover_y_colisionar_con_obstaculos. dx_int=2, dy_int=0. HB Actual: (502, 336)
2025-05-19 17:11:51 - enemigo - [DEBUG] - [Enemigo_2] Hitbox recentrado (enemigo): (517, 346) (Rect center: (517, 346))
2025-05-19 17:11:51 - enemigo - [DEBUG] - [Enemigo_2] _mover_y_colisionar: HB Antes CH: (502,336), HB Despues CH y Sinc: (504,336), Rect: (501, 333), PosFlotante: (504.00,336.00)
2025-05-19 17:11:51 - enemigo - [DEBUG] - [Enemigo_2] Posición DESPUÉS de mov/col: HB (504, 336), Rect (501, 333), Flot (504.00, 336.00)
2025-05-19 17:11:51 - enemigo - [DEBUG] - [Enemigo_1] --- Inicio Update IA --- Delta: 0.0160s. Pos ANTES: HB (521, 290), Rect (518, 287), Flot (521.00, 290.00)
2025-05-19 17:11:51 - enemigo - [DEBUG] - [Enemigo_1] Target (centro (542, 346)), Dist: 46.69. Mi Centro HB: (534, 300)
2025-05-19 17:11:51 - enemigo - [DEBUG] - [Enemigo_1] EN RANGO AGRO. Input IA (vel): (11.99, 68.96)
2025-05-19 17:11:51 - enemigo - [DEBUG] - [Enemigo_1] Pos flotante (post-IA y delta): (521.1919, 291.1034)
2025-05-19 17:11:51 - enemigo - [DEBUG] - [Enemigo_1] Solicita movimiento a CH (deltas enteros): dx_int=1, dy_int=2. HB Actual: (521, 290) (Flotantes totales: dx=0.1919, dy=1.1034)
2025-05-19 17:11:51 - enemigo - [DEBUG] - [Enemigo_1] Inicia _mover_y_colisionar_con_obstaculos. dx_int=1, dy_int=2. HB Actual: (521, 290)
2025-05-19 17:11:51 - enemigo - [DEBUG] - [Enemigo_1] Hitbox recentrado (enemigo): (535, 300) (Rect center: (535, 300))
2025-05-19 17:11:51 - enemigo - [DEBUG] - [Enemigo_1] _mover_y_colisionar: HB Antes CH: (521,290), HB Despues CH y Sinc: (522,290), Rect: (519, 287), PosFlotante: (522.00,290.00)
2025-05-19 17:11:51 - enemigo - [DEBUG] - [Enemigo_1] Posición DESPUÉS de mov/col: HB (522, 290), Rect (519, 287), Flot (522.00, 290.00)
2025-05-19 17:11:51 - enemigo - [DEBUG] - [Enemigo_2] --- Inicio Update IA --- Delta: 0.0160s. Pos ANTES: HB (504, 336), Rect (501, 333), Flot (504.00, 336.00)
2025-05-19 17:11:51 - enemigo - [DEBUG] - [Enemigo_2] Target (centro (542, 346)), Dist: 25.00. Mi Centro HB: (517, 346)
2025-05-19 17:11:51 - enemigo - [DEBUG] - [Enemigo_2] EN RANGO AGRO. Input IA (vel): (70.00, 0.00)
2025-05-19 17:11:51 - enemigo - [DEBUG] - [Enemigo_2] Pos flotante (post-IA y delta): (505.1200, 336.0000)
2025-05-19 17:11:51 - enemigo - [DEBUG] - [Enemigo_2] Solicita movimiento a CH (deltas enteros): dx_int=2, dy_int=0. HB Actual: (504, 336) (Flotantes totales: dx=1.1200, dy=0.0000)
2025-05-19 17:11:51 - enemigo - [DEBUG] - [Enemigo_2] Inicia _mover_y_colisionar_con_obstaculos. dx_int=2, dy_int=0. HB Actual: (504, 336)
2025-05-19 17:11:51 - enemigo - [DEBUG] - [Enemigo_2] Hitbox recentrado (enemigo): (519, 346) (Rect center: (519, 346))
2025-05-19 17:11:51 - enemigo - [DEBUG] - [Enemigo_2] _mover_y_colisionar: HB Antes CH: (504,336), HB Despues CH y Sinc: (506,336), Rect: (503, 333), PosFlotante: (506.00,336.00)
2025-05-19 17:11:51 - enemigo - [DEBUG] - [Enemigo_2] Posición DESPUÉS de mov/col: HB (506, 336), Rect (503, 333), Flot (506.00, 336.00)
2025-05-19 17:11:51 - enemigo - [DEBUG] - [Enemigo_1] --- Inicio Update IA --- Delta: 0.0160s. Pos ANTES: HB (522, 290), Rect (519, 287), Flot (522.00, 290.00)
2025-05-19 17:11:51 - enemigo - [DEBUG] - [Enemigo_1] Target (centro (544, 346)), Dist: 46.87. Mi Centro HB: (535, 300)
2025-05-19 17:11:51 - enemigo - [DEBUG] - [Enemigo_1] EN RANGO AGRO. Input IA (vel): (13.44, 68.70)
2025-05-19 17:11:51 - enemigo - [DEBUG] - [Enemigo_1] Pos flotante (post-IA y delta): (522.2151, 291.0992)
2025-05-19 17:11:51 - enemigo - [DEBUG] - [Enemigo_1] Solicita movimiento a CH (deltas enteros): dx_int=1, dy_int=2. HB Actual: (522, 290) (Flotantes totales: dx=0.2151, dy=1.0992)
2025-05-19 17:11:51 - enemigo - [DEBUG] - [Enemigo_1] Inicia _mover_y_colisionar_con_obstaculos. dx_int=1, dy_int=2. HB Actual: (522, 290)
2025-05-19 17:11:51 - enemigo - [DEBUG] - [Enemigo_1] Hitbox recentrado (enemigo): (536, 300) (Rect center: (536, 300))
2025-05-19 17:11:51 - enemigo - [DEBUG] - [Enemigo_1] _mover_y_colisionar: HB Antes CH: (522,290), HB Despues CH y Sinc: (523,290), Rect: (520, 287), PosFlotante: (523.00,290.00)
2025-05-19 17:11:51 - enemigo - [DEBUG] - [Enemigo_1] Posición DESPUÉS de mov/col: HB (523, 290), Rect (520, 287), Flot (523.00, 290.00)
2025-05-19 17:11:51 - enemigo - [DEBUG] - [Enemigo_2] --- Inicio Update IA --- Delta: 0.0160s. Pos ANTES: HB (506, 336), Rect (503, 333), Flot (506.00, 336.00)
2025-05-19 17:11:51 - enemigo - [DEBUG] - [Enemigo_2] Target (centro (544, 346)), Dist: 25.00. Mi Centro HB: (519, 346)
2025-05-19 17:11:51 - enemigo - [DEBUG] - [Enemigo_2] Pos flotante (post-IA y delta): (507.1200, 336.0000)
2025-05-19 17:11:51 - enemigo - [DEBUG] - [Enemigo_2] Solicita movimiento a CH (deltas enteros): dx_int=2, dy_int=0. HB Actual: (506, 336) (Flotantes totales: dx=1.1200, dy=0.0000)
2025-05-19 17:11:51 - enemigo - [DEBUG] - [Enemigo_2] Inicia _mover_y_colisionar_con_obstaculos. dx_int=2, dy_int=0. HB Actual: (506, 336)
2025-05-19 17:11:51 - enemigo - [DEBUG] - [Enemigo_2] Hitbox recentrado (enemigo): (521, 346) (Rect center: (521, 346))
2025-05-19 17:11:51 - enemigo - [DEBUG] - [Enemigo_2] _mover_y_colisionar: HB Antes CH: (506,336), HB Despues CH y Sinc: (508,336), Rect: (505, 333), PosFlotante: (508.00,336.00)
2025-05-19 17:11:51 - enemigo - [DEBUG] - [Enemigo_2] Posición DESPUÉS de mov/col: HB (508, 336), Rect (505, 333), Flot (508.00, 336.00)
2025-05-19 17:11:51 - enemigo - [DEBUG] - [Enemigo_1] --- Inicio Update IA --- Delta: 0.0180s. Pos ANTES: HB (523, 290), Rect (520, 287), Flot (523.00, 290.00)
2025-05-19 17:11:51 - enemigo - [DEBUG] - [Enemigo_1] Target (centro (546, 346)), Dist: 47.07. Mi Centro HB: (536, 300)
2025-05-19 17:11:51 - enemigo - [DEBUG] - [Enemigo_1] EN RANGO AGRO. Input IA (vel): (14.87, 68.40)
2025-05-19 17:11:51 - enemigo - [DEBUG] - [Enemigo_1] Pos flotante (post-IA y delta): (523.2677, 291.2312)
2025-05-19 17:11:51 - enemigo - [DEBUG] - [Enemigo_1] Solicita movimiento a CH (deltas enteros): dx_int=1, dy_int=2. HB Actual: (523, 290) (Flotantes totales: dx=0.2677, dy=1.2312)
2025-05-19 17:11:51 - enemigo - [DEBUG] - [Enemigo_1] Inicia _mover_y_colisionar_con_obstaculos. dx_int=1, dy_int=2. HB Actual: (523, 290)
2025-05-19 17:11:51 - enemigo - [DEBUG] - [Enemigo_1] Hitbox recentrado (enemigo): (537, 300) (Rect center: (537, 300))
2025-05-19 17:11:51 - enemigo - [DEBUG] - [Enemigo_1] _mover_y_colisionar: HB Antes CH: (523,290), HB Despues CH y Sinc: (524,290), Rect: (521, 287), PosFlotante: (524.00,290.00)
2025-05-19 17:11:51 - enemigo - [DEBUG] - [Enemigo_1] Posición DESPUÉS de mov/col: HB (524, 290), Rect (521, 287), Flot (524.00, 290.00)
2025-05-19 17:11:51 - enemigo - [DEBUG] - [Enemigo_2] --- Inicio Update IA --- Delta: 0.0180s. Pos ANTES: HB (508, 336), Rect (505, 333), Flot (508.00, 336.00)
2025-05-19 17:11:51 - enemigo - [DEBUG] - [Enemigo_2] Target (centro (546, 346)), Dist: 25.00. Mi Centro HB: (521, 346)
2025-05-19 17:11:51 - enemigo - [DEBUG] - [Enemigo_2] Pos flotante (post-IA y delta): (509.2600, 336.0000)
2025-05-19 17:11:51 - enemigo - [DEBUG] - [Enemigo_2] Solicita movimiento a CH (deltas enteros): dx_int=2, dy_int=0. HB Actual: (508, 336) (Flotantes totales: dx=1.2600, dy=0.0000)
2025-05-19 17:11:51 - enemigo - [DEBUG] - [Enemigo_2] Inicia _mover_y_colisionar_con_obstaculos. dx_int=2, dy_int=0. HB Actual: (508, 336)
2025-05-19 17:11:51 - enemigo - [DEBUG] - [Enemigo_2] Hitbox recentrado (enemigo): (523, 346) (Rect center: (523, 346))
2025-05-19 17:11:51 - enemigo - [DEBUG] - [Enemigo_2] _mover_y_colisionar: HB Antes CH: (508,336), HB Despues CH y Sinc: (510,336), Rect: (507, 333), PosFlotante: (510.00,336.00)
2025-05-19 17:11:51 - enemigo - [DEBUG] - [Enemigo_2] Posición DESPUÉS de mov/col: HB (510, 336), Rect (507, 333), Flot (510.00, 336.00)
2025-05-19 17:11:51 - enemigo - [DEBUG] - [Enemigo_1] --- Inicio Update IA --- Delta: 0.0170s. Pos ANTES: HB (524, 290), Rect (521, 287), Flot (524.00, 290.00)
2025-05-19 17:11:51 - enemigo - [DEBUG] - [Enemigo_1] Target (centro (548, 346)), Dist: 47.30. Mi Centro HB: (537, 300)
2025-05-19 17:11:51 - enemigo - [DEBUG] - [Enemigo_1] EN RANGO AGRO. Input IA (vel): (16.28, 68.08)
2025-05-19 17:11:51 - enemigo - [DEBUG] - [Enemigo_1] Pos flotante (post-IA y delta): (524.2768, 291.1574)
2025-05-19 17:11:51 - enemigo - [DEBUG] - [Enemigo_1] Solicita movimiento a CH (deltas enteros): dx_int=1, dy_int=2. HB Actual: (524, 290) (Flotantes totales: dx=0.2768, dy=1.1574)
2025-05-19 17:11:51 - enemigo - [DEBUG] - [Enemigo_1] Inicia _mover_y_colisionar_con_obstaculos. dx_int=1, dy_int=2. HB Actual: (524, 290)
2025-05-19 17:11:51 - enemigo - [DEBUG] - [Enemigo_1] Hitbox recentrado (enemigo): (538, 300) (Rect center: (538, 300))
2025-05-19 17:11:51 - enemigo - [DEBUG] - [Enemigo_1] _mover_y_colisionar: HB Antes CH: (524,290), HB Despues CH y Sinc: (525,290), Rect: (522, 287), PosFlotante: (525.00,290.00)
2025-05-19 17:11:51 - enemigo - [DEBUG] - [Enemigo_1] Posición DESPUÉS de mov/col: HB (525, 290), Rect (522, 287), Flot (525.00, 290.00)
2025-05-19 17:11:51 - enemigo - [DEBUG] - [Enemigo_2] --- Inicio Update IA --- Delta: 0.0170s. Pos ANTES: HB (510, 336), Rect (507, 333), Flot (510.00, 336.00)
2025-05-19 17:11:51 - enemigo - [DEBUG] - [Enemigo_2] Target (centro (548, 346)), Dist: 25.00. Mi Centro HB: (523, 346)
2025-05-19 17:11:51 - enemigo - [DEBUG] - [Enemigo_2] EN RANGO AGRO. Input IA (vel): (70.00, 0.00)
2025-05-19 17:11:51 - enemigo - [DEBUG] - [Enemigo_2] Pos flotante (post-IA y delta): (511.1900, 336.0000)
2025-05-19 17:11:51 - enemigo - [DEBUG] - [Enemigo_2] Solicita movimiento a CH (deltas enteros): dx_int=2, dy_int=0. HB Actual: (510, 336) (Flotantes totales: dx=1.1900, dy=0.0000)
2025-05-19 17:11:51 - enemigo - [DEBUG] - [Enemigo_2] Inicia _mover_y_colisionar_con_obstaculos. dx_int=2, dy_int=0. HB Actual: (510, 336)
2025-05-19 17:11:51 - enemigo - [DEBUG] - [Enemigo_2] Hitbox recentrado (enemigo): (525, 346) (Rect center: (525, 346))
2025-05-19 17:11:51 - enemigo - [DEBUG] - [Enemigo_2] _mover_y_colisionar: HB Antes CH: (510,336), HB Despues CH y Sinc: (512,336), Rect: (509, 333), PosFlotante: (512.00,336.00)
2025-05-19 17:11:51 - enemigo - [DEBUG] - [Enemigo_2] Posición DESPUÉS de mov/col: HB (512, 336), Rect (509, 333), Flot (512.00, 336.00)
2025-05-19 17:11:51 - enemigo - [DEBUG] - [Enemigo_1] --- Inicio Update IA --- Delta: 0.0170s. Pos ANTES: HB (525, 290), Rect (522, 287), Flot (525.00, 290.00)
2025-05-19 17:11:51 - enemigo - [DEBUG] - [Enemigo_1] Target (centro (550, 346)), Dist: 47.54. Mi Centro HB: (538, 300)
2025-05-19 17:11:51 - enemigo - [DEBUG] - [Enemigo_1] EN RANGO AGRO. Input IA (vel): (17.67, 67.73)
2025-05-19 17:11:51 - enemigo - [DEBUG] - [Enemigo_1] Pos flotante (post-IA y delta): (525.3004, 291.1515)
2025-05-19 17:11:51 - enemigo - [DEBUG] - [Enemigo_1] Solicita movimiento a CH (deltas enteros): dx_int=1, dy_int=2. HB Actual: (525, 290) (Flotantes totales: dx=0.3004, dy=1.1515)
2025-05-19 17:11:51 - enemigo - [DEBUG] - [Enemigo_1] Inicia _mover_y_colisionar_con_obstaculos. dx_int=1, dy_int=2. HB Actual: (525, 290)
2025-05-19 17:11:51 - enemigo - [DEBUG] - [Enemigo_1] Hitbox recentrado (enemigo): (539, 300) (Rect center: (539, 300))
2025-05-19 17:11:51 - enemigo - [DEBUG] - [Enemigo_1] _mover_y_colisionar: HB Antes CH: (525,290), HB Despues CH y Sinc: (526,290), Rect: (523, 287), PosFlotante: (526.00,290.00)
2025-05-19 17:11:51 - enemigo - [DEBUG] - [Enemigo_1] Posición DESPUÉS de mov/col: HB (526, 290), Rect (523, 287), Flot (526.00, 290.00)
2025-05-19 17:11:51 - enemigo - [DEBUG] - [Enemigo_2] --- Inicio Update IA --- Delta: 0.0170s. Pos ANTES: HB (512, 336), Rect (509, 333), Flot (512.00, 336.00)
2025-05-19 17:11:51 - enemigo - [DEBUG] - [Enemigo_2] Target (centro (550, 346)), Dist: 25.00. Mi Centro HB: (525, 346)
2025-05-19 17:11:51 - enemigo - [DEBUG] - [Enemigo_2] Pos flotante (post-IA y delta): (513.1900, 336.0000)
2025-05-19 17:11:51 - enemigo - [DEBUG] - [Enemigo_2] Solicita movimiento a CH (deltas enteros): dx_int=2, dy_int=0. HB Actual: (512, 336) (Flotantes totales: dx=1.1900, dy=0.0000)
2025-05-19 17:11:51 - enemigo - [DEBUG] - [Enemigo_2] Inicia _mover_y_colisionar_con_obstaculos. dx_int=2, dy_int=0. HB Actual: (512, 336)
2025-05-19 17:11:51 - enemigo - [DEBUG] - [Enemigo_2] Hitbox recentrado (enemigo): (527, 346) (Rect center: (527, 346))
2025-05-19 17:11:51 - enemigo - [DEBUG] - [Enemigo_2] _mover_y_colisionar: HB Antes CH: (512,336), HB Despues CH y Sinc: (514,336), Rect: (511, 333), PosFlotante: (514.00,336.00)
2025-05-19 17:11:51 - enemigo - [DEBUG] - [Enemigo_2] Posición DESPUÉS de mov/col: HB (514, 336), Rect (511, 333), Flot (514.00, 336.00)
2025-05-19 17:11:51 - enemigo - [DEBUG] - [Enemigo_1] --- Inicio Update IA --- Delta: 0.0160s. Pos ANTES: HB (526, 290), Rect (523, 287), Flot (526.00, 290.00)
2025-05-19 17:11:51 - enemigo - [DEBUG] - [Enemigo_1] Target (centro (552, 346)), Dist: 47.80. Mi Centro HB: (539, 300)
2025-05-19 17:11:51 - enemigo - [DEBUG] - [Enemigo_1] EN RANGO AGRO. Input IA (vel): (19.04, 67.36)
2025-05-19 17:11:51 - enemigo - [DEBUG] - [Enemigo_1] Pos flotante (post-IA y delta): (526.3046, 291.0778)
2025-05-19 17:11:51 - enemigo - [DEBUG] - [Enemigo_1] Solicita movimiento a CH (deltas enteros): dx_int=1, dy_int=2. HB Actual: (526, 290) (Flotantes totales: dx=0.3046, dy=1.0778)
2025-05-19 17:11:51 - enemigo - [DEBUG] - [Enemigo_1] Inicia _mover_y_colisionar_con_obstaculos. dx_int=1, dy_int=2. HB Actual: (526, 290)
2025-05-19 17:11:51 - enemigo - [DEBUG] - [Enemigo_1] Hitbox recentrado (enemigo): (540, 300) (Rect center: (540, 300))
2025-05-19 17:11:51 - enemigo - [DEBUG] - [Enemigo_1] _mover_y_colisionar: HB Antes CH: (526,290), HB Despues CH y Sinc: (527,290), Rect: (524, 287), PosFlotante: (527.00,290.00)
2025-05-19 17:11:51 - enemigo - [DEBUG] - [Enemigo_1] Posición DESPUÉS de mov/col: HB (527, 290), Rect (524, 287), Flot (527.00, 290.00)
2025-05-19 17:11:51 - enemigo - [DEBUG] - [Enemigo_2] --- Inicio Update IA --- Delta: 0.0160s. Pos ANTES: HB (514, 336), Rect (511, 333), Flot (514.00, 336.00)
2025-05-19 17:11:51 - enemigo - [DEBUG] - [Enemigo_2] Target (centro (552, 346)), Dist: 25.00. Mi Centro HB: (527, 346)
2025-05-19 17:11:51 - enemigo - [DEBUG] - [Enemigo_2] Pos flotante (post-IA y delta): (515.1200, 336.0000)
2025-05-19 17:11:51 - enemigo - [DEBUG] - [Enemigo_2] Solicita movimiento a CH (deltas enteros): dx_int=2, dy_int=0. HB Actual: (514, 336) (Flotantes totales: dx=1.1200, dy=0.0000)
2025-05-19 17:11:51 - enemigo - [DEBUG] - [Enemigo_2] Inicia _mover_y_colisionar_con_obstaculos. dx_int=2, dy_int=0. HB Actual: (514, 336)
2025-05-19 17:11:51 - enemigo - [DEBUG] - [Enemigo_2] Hitbox recentrado (enemigo): (529, 346) (Rect center: (529, 346))
2025-05-19 17:11:51 - enemigo - [DEBUG] - [Enemigo_2] _mover_y_colisionar: HB Antes CH: (514,336), HB Despues CH y Sinc: (516,336), Rect: (513, 333), PosFlotante: (516.00,336.00)
2025-05-19 17:11:51 - enemigo - [DEBUG] - [Enemigo_2] Posición DESPUÉS de mov/col: HB (516, 336), Rect (513, 333), Flot (516.00, 336.00)
2025-05-19 17:11:51 - enemigo - [DEBUG] - [Enemigo_1] --- Inicio Update IA --- Delta: 0.0170s. Pos ANTES: HB (527, 290), Rect (524, 287), Flot (527.00, 290.00)
2025-05-19 17:11:51 - enemigo - [DEBUG] - [Enemigo_1] Target (centro (554, 343)), Dist: 45.22. Mi Centro HB: (540, 300)
2025-05-19 17:11:51 - enemigo - [DEBUG] - [Enemigo_1] EN RANGO AGRO. Input IA (vel): (21.67, 66.56)
2025-05-19 17:11:51 - enemigo - [DEBUG] - [Enemigo_1] Pos flotante (post-IA y delta): (527.3684, 291.1315)
2025-05-19 17:11:51 - enemigo - [DEBUG] - [Enemigo_1] Solicita movimiento a CH (deltas enteros): dx_int=1, dy_int=2. HB Actual: (527, 290) (Flotantes totales: dx=0.3684, dy=1.1315)
2025-05-19 17:11:51 - enemigo - [DEBUG] - [Enemigo_1] Inicia _mover_y_colisionar_con_obstaculos. dx_int=1, dy_int=2. HB Actual: (527, 290)
2025-05-19 17:11:51 - enemigo - [DEBUG] - [Enemigo_1] Hitbox recentrado (enemigo): (541, 300) (Rect center: (541, 300))
2025-05-19 17:11:51 - enemigo - [DEBUG] - [Enemigo_1] _mover_y_colisionar: HB Antes CH: (527,290), HB Despues CH y Sinc: (528,290), Rect: (525, 287), PosFlotante: (528.00,290.00)
2025-05-19 17:11:51 - enemigo - [DEBUG] - [Enemigo_1] Posición DESPUÉS de mov/col: HB (528, 290), Rect (525, 287), Flot (528.00, 290.00)
2025-05-19 17:11:51 - enemigo - [DEBUG] - [Enemigo_2] --- Inicio Update IA --- Delta: 0.0170s. Pos ANTES: HB (516, 336), Rect (513, 333), Flot (516.00, 336.00)
2025-05-19 17:11:51 - enemigo - [DEBUG] - [Enemigo_2] Target (centro (554, 343)), Dist: 25.18. Mi Centro HB: (529, 346)
2025-05-19 17:11:51 - enemigo - [DEBUG] - [Enemigo_2] EN RANGO AGRO. Input IA (vel): (69.50, -8.34)
2025-05-19 17:11:51 - enemigo - [DEBUG] - [Enemigo_2] Pos flotante (post-IA y delta): (517.1815, 335.8582)
2025-05-19 17:11:51 - enemigo - [DEBUG] - [Enemigo_2] Solicita movimiento a CH (deltas enteros): dx_int=2, dy_int=-1. HB Actual: (516, 336) (Flotantes totales: dx=1.1815, dy=-0.1418)
2025-05-19 17:11:51 - enemigo - [DEBUG] - [Enemigo_2] Inicia _mover_y_colisionar_con_obstaculos. dx_int=2, dy_int=-1. HB Actual: (516, 336)
2025-05-19 17:11:51 - enemigo - [DEBUG] - [Enemigo_2] Hitbox recentrado (enemigo): (531, 345) (Rect center: (531, 345))
2025-05-19 17:11:51 - enemigo - [DEBUG] - [Enemigo_2] _mover_y_colisionar: HB Antes CH: (516,336), HB Despues CH y Sinc: (518,335), Rect: (515, 332), PosFlotante: (518.00,335.00)
2025-05-19 17:11:51 - enemigo - [DEBUG] - [Enemigo_2] Posición DESPUÉS de mov/col: HB (518, 335), Rect (515, 332), Flot (518.00, 335.00)
2025-05-19 17:11:51 - enemigo - [DEBUG] - [Enemigo_1] --- Inicio Update IA --- Delta: 0.0170s. Pos ANTES: HB (528, 290), Rect (525, 287), Flot (528.00, 290.00)
2025-05-19 17:11:51 - enemigo - [DEBUG] - [Enemigo_1] Target (centro (556, 339)), Dist: 41.79. Mi Centro HB: (541, 300)
2025-05-19 17:11:51 - enemigo - [DEBUG] - [Enemigo_1] EN RANGO AGRO. Input IA (vel): (25.13, 65.33)
2025-05-19 17:11:51 - enemigo - [DEBUG] - [Enemigo_1] Pos flotante (post-IA y delta): (528.4272, 291.1107)
2025-05-19 17:11:51 - enemigo - [DEBUG] - [Enemigo_1] Solicita movimiento a CH (deltas enteros): dx_int=1, dy_int=2. HB Actual: (528, 290) (Flotantes totales: dx=0.4272, dy=1.1107)
2025-05-19 17:11:51 - enemigo - [DEBUG] - [Enemigo_1] Inicia _mover_y_colisionar_con_obstaculos. dx_int=1, dy_int=2. HB Actual: (528, 290)
2025-05-19 17:11:51 - enemigo - [DEBUG] - [Enemigo_1] Hitbox recentrado (enemigo): (542, 300) (Rect center: (542, 300))
2025-05-19 17:11:51 - enemigo - [DEBUG] - [Enemigo_1] _mover_y_colisionar: HB Antes CH: (528,290), HB Despues CH y Sinc: (529,290), Rect: (526, 287), PosFlotante: (529.00,290.00)
2025-05-19 17:11:51 - enemigo - [DEBUG] - [Enemigo_1] Posición DESPUÉS de mov/col: HB (529, 290), Rect (526, 287), Flot (529.00, 290.00)
2025-05-19 17:11:51 - enemigo - [DEBUG] - [Enemigo_2] --- Inicio Update IA --- Delta: 0.0170s. Pos ANTES: HB (518, 335), Rect (515, 332), Flot (518.00, 335.00)
2025-05-19 17:11:51 - enemigo - [DEBUG] - [Enemigo_2] Target (centro (556, 339)), Dist: 25.71. Mi Centro HB: (531, 345)
2025-05-19 17:11:51 - enemigo - [DEBUG] - [Enemigo_2] EN RANGO AGRO. Input IA (vel): (68.07, -16.34)
2025-05-19 17:11:51 - enemigo - [DEBUG] - [Enemigo_2] Pos flotante (post-IA y delta): (519.1571, 334.7223)
2025-05-19 17:11:51 - enemigo - [DEBUG] - [Enemigo_2] Solicita movimiento a CH (deltas enteros): dx_int=2, dy_int=-1. HB Actual: (518, 335) (Flotantes totales: dx=1.1571, dy=-0.2777)
2025-05-19 17:11:51 - enemigo - [DEBUG] - [Enemigo_2] Inicia _mover_y_colisionar_con_obstaculos. dx_int=2, dy_int=-1. HB Actual: (518, 335)
2025-05-19 17:11:51 - enemigo - [DEBUG] - [Enemigo_2] Hitbox recentrado (enemigo): (533, 345) (Rect center: (533, 345))
2025-05-19 17:11:51 - enemigo - [DEBUG] - [Enemigo_2] _mover_y_colisionar: HB Antes CH: (518,335), HB Despues CH y Sinc: (520,335), Rect: (517, 332), PosFlotante: (520.00,335.00)
2025-05-19 17:11:51 - enemigo - [DEBUG] - [Enemigo_2] Posición DESPUÉS de mov/col: HB (520, 335), Rect (517, 332), Flot (520.00, 335.00)
2025-05-19 17:11:51 - enemigo - [DEBUG] - [Enemigo_1] --- Inicio Update IA --- Delta: 0.0170s. Pos ANTES: HB (529, 290), Rect (526, 287), Flot (529.00, 290.00)
2025-05-19 17:11:51 - enemigo - [DEBUG] - [Enemigo_1] Target (centro (558, 335)), Dist: 38.48. Mi Centro HB: (542, 300)
2025-05-19 17:11:51 - enemigo - [DEBUG] - [Enemigo_1] EN RANGO AGRO. Input IA (vel): (29.10, 63.66)
2025-05-19 17:11:51 - enemigo - [DEBUG] - [Enemigo_1] Pos flotante (post-IA y delta): (529.4948, 291.0823)
2025-05-19 17:11:51 - enemigo - [DEBUG] - [Enemigo_1] Solicita movimiento a CH (deltas enteros): dx_int=1, dy_int=2. HB Actual: (529, 290) (Flotantes totales: dx=0.4948, dy=1.0823)
2025-05-19 17:11:51 - enemigo - [DEBUG] - [Enemigo_1] Inicia _mover_y_colisionar_con_obstaculos. dx_int=1, dy_int=2. HB Actual: (529, 290)
2025-05-19 17:11:51 - enemigo - [DEBUG] - [Enemigo_1] Hitbox recentrado (enemigo): (543, 300) (Rect center: (543, 300))
2025-05-19 17:11:51 - enemigo - [DEBUG] - [Enemigo_1] _mover_y_colisionar: HB Antes CH: (529,290), HB Despues CH y Sinc: (530,290), Rect: (527, 287), PosFlotante: (530.00,290.00)
2025-05-19 17:11:51 - enemigo - [DEBUG] - [Enemigo_1] Posición DESPUÉS de mov/col: HB (530, 290), Rect (527, 287), Flot (530.00, 290.00)
2025-05-19 17:11:51 - enemigo - [DEBUG] - [Enemigo_2] --- Inicio Update IA --- Delta: 0.0170s. Pos ANTES: HB (520, 335), Rect (517, 332), Flot (520.00, 335.00)
2025-05-19 17:11:51 - enemigo - [DEBUG] - [Enemigo_2] Target (centro (558, 335)), Dist: 26.93. Mi Centro HB: (533, 345)
2025-05-19 17:11:51 - enemigo - [DEBUG] - [Enemigo_2] EN RANGO AGRO. Input IA (vel): (64.99, -26.00)
2025-05-19 17:11:51 - enemigo - [DEBUG] - [Enemigo_2] Pos flotante (post-IA y delta): (521.1049, 334.5580)
2025-05-19 17:11:51 - enemigo - [DEBUG] - [Enemigo_2] Solicita movimiento a CH (deltas enteros): dx_int=2, dy_int=-1. HB Actual: (520, 335) (Flotantes totales: dx=1.1049, dy=-0.4420)
2025-05-19 17:11:51 - enemigo - [DEBUG] - [Enemigo_2] Inicia _mover_y_colisionar_con_obstaculos. dx_int=2, dy_int=-1. HB Actual: (520, 335)
2025-05-19 17:11:51 - enemigo - [DEBUG] - [Enemigo_2] Hitbox recentrado (enemigo): (535, 345) (Rect center: (535, 345))
2025-05-19 17:11:51 - enemigo - [DEBUG] - [Enemigo_2] _mover_y_colisionar: HB Antes CH: (520,335), HB Despues CH y Sinc: (522,335), Rect: (519, 332), PosFlotante: (522.00,335.00)
2025-05-19 17:11:51 - enemigo - [DEBUG] - [Enemigo_2] Posición DESPUÉS de mov/col: HB (522, 335), Rect (519, 332), Flot (522.00, 335.00)
2025-05-19 17:11:51 - enemigo - [DEBUG] - [Enemigo_1] --- Inicio Update IA --- Delta: 0.0160s. Pos ANTES: HB (530, 290), Rect (527, 287), Flot (530.00, 290.00)
2025-05-19 17:11:51 - enemigo - [DEBUG] - [Enemigo_1] Target (centro (560, 331)), Dist: 35.36. Mi Centro HB: (543, 300)
2025-05-19 17:11:51 - enemigo - [DEBUG] - [Enemigo_1] EN RANGO AGRO. Input IA (vel): (33.66, 61.38)
2025-05-19 17:11:51 - enemigo - [DEBUG] - [Enemigo_1] Pos flotante (post-IA y delta): (530.5385, 290.9820)
2025-05-19 17:11:51 - enemigo - [DEBUG] - [Enemigo_1] Solicita movimiento a CH (deltas enteros): dx_int=1, dy_int=1. HB Actual: (530, 290) (Flotantes totales: dx=0.5385, dy=0.9820)
2025-05-19 17:11:51 - enemigo - [DEBUG] - [Enemigo_1] Inicia _mover_y_colisionar_con_obstaculos. dx_int=1, dy_int=1. HB Actual: (530, 290)
2025-05-19 17:11:51 - enemigo - [DEBUG] - [Enemigo_1] Hitbox recentrado (enemigo): (544, 300) (Rect center: (544, 300))
2025-05-19 17:11:51 - enemigo - [DEBUG] - [Enemigo_1] _mover_y_colisionar: HB Antes CH: (530,290), HB Despues CH y Sinc: (531,290), Rect: (528, 287), PosFlotante: (531.00,290.00)
2025-05-19 17:11:51 - enemigo - [DEBUG] - [Enemigo_1] Posición DESPUÉS de mov/col: HB (531, 290), Rect (528, 287), Flot (531.00, 290.00)
2025-05-19 17:11:51 - enemigo - [DEBUG] - [Enemigo_2] --- Inicio Update IA --- Delta: 0.0160s. Pos ANTES: HB (522, 335), Rect (519, 332), Flot (522.00, 335.00)
2025-05-19 17:11:51 - enemigo - [DEBUG] - [Enemigo_2] Target (centro (560, 331)), Dist: 28.65. Mi Centro HB: (535, 345)
2025-05-19 17:11:51 - enemigo - [DEBUG] - [Enemigo_2] EN RANGO AGRO. Input IA (vel): (61.08, -34.20)
2025-05-19 17:11:51 - enemigo - [DEBUG] - [Enemigo_2] Pos flotante (post-IA y delta): (522.9772, 334.4528)
2025-05-19 17:11:51 - enemigo - [DEBUG] - [Enemigo_2] Solicita movimiento a CH (deltas enteros): dx_int=1, dy_int=-1. HB Actual: (522, 335) (Flotantes totales: dx=0.9772, dy=-0.5472)
2025-05-19 17:11:51 - enemigo - [DEBUG] - [Enemigo_2] Inicia _mover_y_colisionar_con_obstaculos. dx_int=1, dy_int=-1. HB Actual: (522, 335)
2025-05-19 17:11:51 - enemigo - [DEBUG] - [Enemigo_2] Hitbox recentrado (enemigo): (536, 345) (Rect center: (536, 345))
2025-05-19 17:11:51 - enemigo - [DEBUG] - [Enemigo_2] _mover_y_colisionar: HB Antes CH: (522,335), HB Despues CH y Sinc: (523,335), Rect: (520, 332), PosFlotante: (523.00,335.00)
2025-05-19 17:11:51 - enemigo - [DEBUG] - [Enemigo_2] Posición DESPUÉS de mov/col: HB (523, 335), Rect (520, 332), Flot (523.00, 335.00)
2025-05-19 17:11:51 - enemigo - [DEBUG] - [Enemigo_1] --- Inicio Update IA --- Delta: 0.0160s. Pos ANTES: HB (531, 290), Rect (528, 287), Flot (531.00, 290.00)
2025-05-19 17:11:51 - enemigo - [DEBUG] - [Enemigo_1] Target (centro (561, 328)), Dist: 32.76. Mi Centro HB: (544, 300)
2025-05-19 17:11:51 - enemigo - [DEBUG] - [Enemigo_1] EN RANGO AGRO. Input IA (vel): (36.33, 59.84)
2025-05-19 17:11:51 - enemigo - [DEBUG] - [Enemigo_1] Pos flotante (post-IA y delta): (531.5813, 290.9574)
2025-05-19 17:11:51 - enemigo - [DEBUG] - [Enemigo_1] Solicita movimiento a CH (deltas enteros): dx_int=1, dy_int=1. HB Actual: (531, 290) (Flotantes totales: dx=0.5813, dy=0.9574)
2025-05-19 17:11:51 - enemigo - [DEBUG] - [Enemigo_1] Inicia _mover_y_colisionar_con_obstaculos. dx_int=1, dy_int=1. HB Actual: (531, 290)
2025-05-19 17:11:51 - enemigo - [DEBUG] - [Enemigo_1] Hitbox recentrado (enemigo): (545, 300) (Rect center: (545, 300))
2025-05-19 17:11:51 - enemigo - [DEBUG] - [Enemigo_1] _mover_y_colisionar: HB Antes CH: (531,290), HB Despues CH y Sinc: (532,290), Rect: (529, 287), PosFlotante: (532.00,290.00)
2025-05-19 17:11:51 - enemigo - [DEBUG] - [Enemigo_1] Posición DESPUÉS de mov/col: HB (532, 290), Rect (529, 287), Flot (532.00, 290.00)
2025-05-19 17:11:51 - enemigo - [DEBUG] - [Enemigo_2] --- Inicio Update IA --- Delta: 0.0160s. Pos ANTES: HB (523, 335), Rect (520, 332), Flot (523.00, 335.00)
2025-05-19 17:11:51 - enemigo - [DEBUG] - [Enemigo_2] Target (centro (561, 328)), Dist: 30.23. Mi Centro HB: (536, 345)
2025-05-19 17:11:51 - enemigo - [DEBUG] - [Enemigo_2] EN RANGO AGRO. Input IA (vel): (57.88, -39.36)
2025-05-19 17:11:51 - enemigo - [DEBUG] - [Enemigo_2] Pos flotante (post-IA y delta): (523.9262, 334.3702)
2025-05-19 17:11:51 - enemigo - [DEBUG] - [Enemigo_2] Solicita movimiento a CH (deltas enteros): dx_int=1, dy_int=-1. HB Actual: (523, 335) (Flotantes totales: dx=0.9262, dy=-0.6298)
2025-05-19 17:11:51 - enemigo - [DEBUG] - [Enemigo_2] Inicia _mover_y_colisionar_con_obstaculos. dx_int=1, dy_int=-1. HB Actual: (523, 335)
2025-05-19 17:11:51 - enemigo - [DEBUG] - [Enemigo_2] Hitbox recentrado (enemigo): (537, 345) (Rect center: (537, 345))
2025-05-19 17:11:51 - enemigo - [DEBUG] - [Enemigo_2] _mover_y_colisionar: HB Antes CH: (523,335), HB Despues CH y Sinc: (524,335), Rect: (521, 332), PosFlotante: (524.00,335.00)
2025-05-19 17:11:51 - enemigo - [DEBUG] - [Enemigo_2] Posición DESPUÉS de mov/col: HB (524, 335), Rect (521, 332), Flot (524.00, 335.00)
2025-05-19 17:11:52 - enemigo - [DEBUG] - [Enemigo_1] --- Inicio Update IA --- Delta: 0.0160s. Pos ANTES: HB (532, 290), Rect (529, 287), Flot (532.00, 290.00)
2025-05-19 17:11:52 - enemigo - [DEBUG] - [Enemigo_1] Target (centro (562, 325)), Dist: 30.23. Mi Centro HB: (545, 300)
2025-05-19 17:11:52 - enemigo - [DEBUG] - [Enemigo_1] EN RANGO AGRO. Input IA (vel): (39.36, 57.88)
2025-05-19 17:11:52 - enemigo - [DEBUG] - [Enemigo_1] Pos flotante (post-IA y delta): (532.6298, 290.9262)
2025-05-19 17:11:52 - enemigo - [DEBUG] - [Enemigo_1] Solicita movimiento a CH (deltas enteros): dx_int=1, dy_int=1. HB Actual: (532, 290) (Flotantes totales: dx=0.6298, dy=0.9262)
2025-05-19 17:11:52 - enemigo - [DEBUG] - [Enemigo_1] Inicia _mover_y_colisionar_con_obstaculos. dx_int=1, dy_int=1. HB Actual: (532, 290)
2025-05-19 17:11:52 - enemigo - [DEBUG] - [Enemigo_1] Hitbox recentrado (enemigo): (546, 300) (Rect center: (546, 300))
2025-05-19 17:11:52 - enemigo - [DEBUG] - [Enemigo_1] _mover_y_colisionar: HB Antes CH: (532,290), HB Despues CH y Sinc: (533,290), Rect: (530, 287), PosFlotante: (533.00,290.00)
2025-05-19 17:11:52 - enemigo - [DEBUG] - [Enemigo_1] Posición DESPUÉS de mov/col: HB (533, 290), Rect (530, 287), Flot (533.00, 290.00)
2025-05-19 17:11:52 - enemigo - [DEBUG] - [Enemigo_2] --- Inicio Update IA --- Delta: 0.0160s. Pos ANTES: HB (524, 335), Rect (521, 332), Flot (524.00, 335.00)
2025-05-19 17:11:52 - enemigo - [DEBUG] - [Enemigo_2] Target (centro (562, 325)), Dist: 32.02. Mi Centro HB: (537, 345)
2025-05-19 17:11:52 - enemigo - [DEBUG] - [Enemigo_2] EN RANGO AGRO. Input IA (vel): (54.66, -43.73)
2025-05-19 17:11:52 - enemigo - [DEBUG] - [Enemigo_2] Pos flotante (post-IA y delta): (524.8746, 334.3003)
2025-05-19 17:11:52 - enemigo - [DEBUG] - [Enemigo_2] Solicita movimiento a CH (deltas enteros): dx_int=1, dy_int=-1. HB Actual: (524, 335) (Flotantes totales: dx=0.8746, dy=-0.6997)
2025-05-19 17:11:52 - enemigo - [DEBUG] - [Enemigo_2] Inicia _mover_y_colisionar_con_obstaculos. dx_int=1, dy_int=-1. HB Actual: (524, 335)
2025-05-19 17:11:52 - enemigo - [DEBUG] - [Enemigo_2] Hitbox recentrado (enemigo): (538, 345) (Rect center: (538, 345))
2025-05-19 17:11:52 - enemigo - [DEBUG] - [Enemigo_2] _mover_y_colisionar: HB Antes CH: (524,335), HB Despues CH y Sinc: (525,335), Rect: (522, 332), PosFlotante: (525.00,335.00)
2025-05-19 17:11:52 - enemigo - [DEBUG] - [Enemigo_2] Posición DESPUÉS de mov/col: HB (525, 335), Rect (522, 332), Flot (525.00, 335.00)
2025-05-19 17:11:52 - enemigo - [DEBUG] - [Enemigo_1] --- Inicio Update IA --- Delta: 0.0170s. Pos ANTES: HB (533, 290), Rect (530, 287), Flot (533.00, 290.00)
2025-05-19 17:11:52 - enemigo - [DEBUG] - [Enemigo_1] Target (centro (563, 322)), Dist: 27.80. Mi Centro HB: (546, 300)
2025-05-19 17:11:52 - enemigo - [DEBUG] - [Enemigo_1] EN RANGO AGRO. Input IA (vel): (42.80, 55.39)
2025-05-19 17:11:52 - enemigo - [DEBUG] - [Enemigo_1] Pos flotante (post-IA y delta): (533.7276, 290.9416)
2025-05-19 17:11:52 - enemigo - [DEBUG] - [Enemigo_1] Solicita movimiento a CH (deltas enteros): dx_int=1, dy_int=1. HB Actual: (533, 290) (Flotantes totales: dx=0.7276, dy=0.9416)
2025-05-19 17:11:52 - enemigo - [DEBUG] - [Enemigo_1] Inicia _mover_y_colisionar_con_obstaculos. dx_int=1, dy_int=1. HB Actual: (533, 290)
2025-05-19 17:11:52 - enemigo - [DEBUG] - [Enemigo_1] Hitbox recentrado (enemigo): (547, 300) (Rect center: (547, 300))
2025-05-19 17:11:52 - enemigo - [DEBUG] - [Enemigo_1] _mover_y_colisionar: HB Antes CH: (533,290), HB Despues CH y Sinc: (534,290), Rect: (531, 287), PosFlotante: (534.00,290.00)
2025-05-19 17:11:52 - enemigo - [DEBUG] - [Enemigo_1] Posición DESPUÉS de mov/col: HB (534, 290), Rect (531, 287), Flot (534.00, 290.00)
2025-05-19 17:11:52 - enemigo - [DEBUG] - [Enemigo_2] --- Inicio Update IA --- Delta: 0.0170s. Pos ANTES: HB (525, 335), Rect (522, 332), Flot (525.00, 335.00)
2025-05-19 17:11:52 - enemigo - [DEBUG] - [Enemigo_2] Target (centro (563, 322)), Dist: 33.97. Mi Centro HB: (538, 345)
2025-05-19 17:11:52 - enemigo - [DEBUG] - [Enemigo_2] EN RANGO AGRO. Input IA (vel): (51.52, -47.39)
2025-05-19 17:11:52 - enemigo - [DEBUG] - [Enemigo_2] Pos flotante (post-IA y delta): (525.8758, 334.1943)
2025-05-19 17:11:52 - enemigo - [DEBUG] - [Enemigo_2] Solicita movimiento a CH (deltas enteros): dx_int=1, dy_int=-1. HB Actual: (525, 335) (Flotantes totales: dx=0.8758, dy=-0.8057)
2025-05-19 17:11:52 - enemigo - [DEBUG] - [Enemigo_2] Inicia _mover_y_colisionar_con_obstaculos. dx_int=1, dy_int=-1. HB Actual: (525, 335)
2025-05-19 17:11:52 - enemigo - [DEBUG] - [Enemigo_2] Hitbox recentrado (enemigo): (539, 345) (Rect center: (539, 345))
2025-05-19 17:11:52 - enemigo - [DEBUG] - [Enemigo_2] _mover_y_colisionar: HB Antes CH: (525,335), HB Despues CH y Sinc: (526,335), Rect: (523, 332), PosFlotante: (526.00,335.00)
2025-05-19 17:11:52 - enemigo - [DEBUG] - [Enemigo_2] Posición DESPUÉS de mov/col: HB (526, 335), Rect (523, 332), Flot (526.00, 335.00)
2025-05-19 17:11:52 - enemigo - [DEBUG] - [Enemigo_1] --- Inicio Update IA --- Delta: 0.0160s. Pos ANTES: HB (534, 290), Rect (531, 287), Flot (534.00, 290.00)
2025-05-19 17:11:52 - enemigo - [DEBUG] - [Enemigo_1] Target (centro (559, 321)), Dist: 24.19. Mi Centro HB: (547, 300)
2025-05-19 17:11:52 - enemigo - [DEBUG] - [Enemigo_1] EN RANGO AGRO. Input IA (vel): (34.73, 60.78)
2025-05-19 17:11:52 - enemigo - [DEBUG] - [Enemigo_1] Pos flotante (post-IA y delta): (534.5557, 290.9724)
2025-05-19 17:11:52 - enemigo - [DEBUG] - [Enemigo_1] Solicita movimiento a CH (deltas enteros): dx_int=1, dy_int=1. HB Actual: (534, 290) (Flotantes totales: dx=0.5557, dy=0.9724)
2025-05-19 17:11:52 - enemigo - [DEBUG] - [Enemigo_1] Inicia _mover_y_colisionar_con_obstaculos. dx_int=1, dy_int=1. HB Actual: (534, 290)
2025-05-19 17:11:52 - enemigo - [DEBUG] - [Enemigo_1] Hitbox recentrado (enemigo): (548, 300) (Rect center: (548, 300))
2025-05-19 17:11:52 - enemigo - [DEBUG] - [Enemigo_1] _mover_y_colisionar: HB Antes CH: (534,290), HB Despues CH y Sinc: (535,290), Rect: (532, 287), PosFlotante: (535.00,290.00)
2025-05-19 17:11:52 - enemigo - [DEBUG] - [Enemigo_1] Posición DESPUÉS de mov/col: HB (535, 290), Rect (532, 287), Flot (535.00, 290.00)
2025-05-19 17:11:52 - enemigo - [DEBUG] - [Enemigo_2] --- Inicio Update IA --- Delta: 0.0160s. Pos ANTES: HB (526, 335), Rect (523, 332), Flot (526.00, 335.00)
2025-05-19 17:11:52 - enemigo - [DEBUG] - [Enemigo_2] Target (centro (559, 321)), Dist: 31.24. Mi Centro HB: (539, 345)
2025-05-19 17:11:52 - enemigo - [DEBUG] - [Enemigo_2] EN RANGO AGRO. Input IA (vel): (44.81, -53.78)
2025-05-19 17:11:52 - enemigo - [DEBUG] - [Enemigo_2] Pos flotante (post-IA y delta): (526.7170, 334.1396)
2025-05-19 17:11:52 - enemigo - [DEBUG] - [Enemigo_2] Solicita movimiento a CH (deltas enteros): dx_int=1, dy_int=-1. HB Actual: (526, 335) (Flotantes totales: dx=0.7170, dy=-0.8604)
2025-05-19 17:11:52 - enemigo - [DEBUG] - [Enemigo_2] Inicia _mover_y_colisionar_con_obstaculos. dx_int=1, dy_int=-1. HB Actual: (526, 335)
2025-05-19 17:11:52 - enemigo - [DEBUG] - [Enemigo_2] Hitbox recentrado (enemigo): (540, 345) (Rect center: (540, 345))
2025-05-19 17:11:52 - enemigo - [DEBUG] - [Enemigo_2] _mover_y_colisionar: HB Antes CH: (526,335), HB Despues CH y Sinc: (527,335), Rect: (524, 332), PosFlotante: (527.00,335.00)
2025-05-19 17:11:52 - enemigo - [DEBUG] - [Enemigo_2] Posición DESPUÉS de mov/col: HB (527, 335), Rect (524, 332), Flot (527.00, 335.00)
2025-05-19 17:11:52 - enemigo - [DEBUG] - [Enemigo_1] --- Inicio Update IA --- Delta: 0.0160s. Pos ANTES: HB (535, 290), Rect (532, 287), Flot (535.00, 290.00)
2025-05-19 17:11:52 - enemigo - [DEBUG] - [Enemigo_1] Target (centro (556, 321)), Dist: 22.47. Mi Centro HB: (548, 300)
2025-05-19 17:11:52 - enemigo - [DEBUG] - [Enemigo_1] EN RANGO AGRO. Input IA (vel): (24.92, 65.41)
2025-05-19 17:11:52 - enemigo - [DEBUG] - [Enemigo_1] Pos flotante (post-IA y delta): (535.3987, 291.0466)
2025-05-19 17:11:52 - enemigo - [DEBUG] - [Enemigo_1] Solicita movimiento a CH (deltas enteros): dx_int=1, dy_int=2. HB Actual: (535, 290) (Flotantes totales: dx=0.3987, dy=1.0466)
2025-05-19 17:11:52 - enemigo - [DEBUG] - [Enemigo_1] Inicia _mover_y_colisionar_con_obstaculos. dx_int=1, dy_int=2. HB Actual: (535, 290)
2025-05-19 17:11:52 - enemigo - [DEBUG] - [Enemigo_1] Hitbox recentrado (enemigo): (549, 300) (Rect center: (549, 300))
2025-05-19 17:11:52 - enemigo - [DEBUG] - [Enemigo_1] _mover_y_colisionar: HB Antes CH: (535,290), HB Despues CH y Sinc: (536,290), Rect: (533, 287), PosFlotante: (536.00,290.00)
2025-05-19 17:11:52 - enemigo - [DEBUG] - [Enemigo_1] Posición DESPUÉS de mov/col: HB (536, 290), Rect (533, 287), Flot (536.00, 290.00)
2025-05-19 17:11:52 - enemigo - [DEBUG] - [Enemigo_2] --- Inicio Update IA --- Delta: 0.0160s. Pos ANTES: HB (527, 335), Rect (524, 332), Flot (527.00, 335.00)
2025-05-19 17:11:52 - enemigo - [DEBUG] - [Enemigo_2] Target (centro (556, 321)), Dist: 28.84. Mi Centro HB: (540, 345)
2025-05-19 17:11:52 - enemigo - [DEBUG] - [Enemigo_2] EN RANGO AGRO. Input IA (vel): (38.83, -58.24)
2025-05-19 17:11:52 - enemigo - [DEBUG] - [Enemigo_2] Pos flotante (post-IA y delta): (527.6213, 334.0681)
2025-05-19 17:11:52 - enemigo - [DEBUG] - [Enemigo_2] Solicita movimiento a CH (deltas enteros): dx_int=1, dy_int=-1. HB Actual: (527, 335) (Flotantes totales: dx=0.6213, dy=-0.9319)
2025-05-19 17:11:52 - enemigo - [DEBUG] - [Enemigo_2] Inicia _mover_y_colisionar_con_obstaculos. dx_int=1, dy_int=-1. HB Actual: (527, 335)
2025-05-19 17:11:52 - enemigo - [DEBUG] - [Enemigo_2] Hitbox recentrado (enemigo): (541, 345) (Rect center: (541, 345))
2025-05-19 17:11:52 - enemigo - [DEBUG] - [Enemigo_2] _mover_y_colisionar: HB Antes CH: (527,335), HB Despues CH y Sinc: (528,335), Rect: (525, 332), PosFlotante: (528.00,335.00)
2025-05-19 17:11:52 - enemigo - [DEBUG] - [Enemigo_2] Posición DESPUÉS de mov/col: HB (528, 335), Rect (525, 332), Flot (528.00, 335.00)
2025-05-19 17:11:52 - enemigo - [DEBUG] - [Enemigo_1] --- Inicio Update IA --- Delta: 0.0160s. Pos ANTES: HB (536, 290), Rect (533, 287), Flot (536.00, 290.00)
2025-05-19 17:11:52 - enemigo - [DEBUG] - [Enemigo_1] Target (centro (553, 321)), Dist: 21.38. Mi Centro HB: (549, 300)
2025-05-19 17:11:52 - enemigo - [DEBUG] - [Enemigo_1] FUERA DE RANGO AGRO/DEMASIADO CERCA. No se calcula mov.
2025-05-19 17:11:52 - enemigo - [DEBUG] - [Enemigo_1] Pos flotante (post-IA y delta): (536.0000, 290.0000)
2025-05-19 17:11:52 - enemigo - [DEBUG] - [Enemigo_1] Sin mov. entero para CH. HB: (536, 290), PosFlotante re-sincronizada a (536.00,290.00)
2025-05-19 17:11:52 - enemigo - [DEBUG] - [Enemigo_2] --- Inicio Update IA --- Delta: 0.0160s. Pos ANTES: HB (528, 335), Rect (525, 332), Flot (528.00, 335.00)
2025-05-19 17:11:52 - enemigo - [DEBUG] - [Enemigo_2] Target (centro (553, 321)), Dist: 26.83. Mi Centro HB: (541, 345)
2025-05-19 17:11:52 - enemigo - [DEBUG] - [Enemigo_2] EN RANGO AGRO. Input IA (vel): (31.30, -62.61)
2025-05-19 17:11:52 - enemigo - [DEBUG] - [Enemigo_2] Pos flotante (post-IA y delta): (528.5009, 333.9982)
2025-05-19 17:11:52 - enemigo - [DEBUG] - [Enemigo_2] Solicita movimiento a CH (deltas enteros): dx_int=1, dy_int=-2. HB Actual: (528, 335) (Flotantes totales: dx=0.5009, dy=-1.0018)
2025-05-19 17:11:52 - enemigo - [DEBUG] - [Enemigo_2] Inicia _mover_y_colisionar_con_obstaculos. dx_int=1, dy_int=-2. HB Actual: (528, 335)
2025-05-19 17:11:52 - enemigo - [DEBUG] - [Enemigo_2] Hitbox recentrado (enemigo): (542, 345) (Rect center: (542, 345))
2025-05-19 17:11:52 - enemigo - [DEBUG] - [Enemigo_2] _mover_y_colisionar: HB Antes CH: (528,335), HB Despues CH y Sinc: (529,335), Rect: (526, 332), PosFlotante: (529.00,335.00)
2025-05-19 17:11:52 - enemigo - [DEBUG] - [Enemigo_2] Posición DESPUÉS de mov/col: HB (529, 335), Rect (526, 332), Flot (529.00, 335.00)
2025-05-19 17:11:52 - enemigo - [DEBUG] - [Enemigo_1] Target (centro (552, 321)), Dist: 21.21. Mi Centro HB: (549, 300)
2025-05-19 17:11:52 - enemigo - [DEBUG] - [Enemigo_2] --- Inicio Update IA --- Delta: 0.0160s. Pos ANTES: HB (529, 335), Rect (526, 332), Flot (529.00, 335.00)
2025-05-19 17:11:52 - enemigo - [DEBUG] - [Enemigo_2] Target (centro (552, 321)), Dist: 26.00. Mi Centro HB: (542, 345)
2025-05-19 17:11:52 - enemigo - [DEBUG] - [Enemigo_2] EN RANGO AGRO. Input IA (vel): (26.92, -64.62)
2025-05-19 17:11:52 - enemigo - [DEBUG] - [Enemigo_2] Pos flotante (post-IA y delta): (529.4308, 333.9662)
2025-05-19 17:11:52 - enemigo - [DEBUG] - [Enemigo_2] Solicita movimiento a CH (deltas enteros): dx_int=1, dy_int=-2. HB Actual: (529, 335) (Flotantes totales: dx=0.4308, dy=-1.0338)
2025-05-19 17:11:52 - enemigo - [DEBUG] - [Enemigo_2] Inicia _mover_y_colisionar_con_obstaculos. dx_int=1, dy_int=-2. HB Actual: (529, 335)
2025-05-19 17:11:52 - enemigo - [DEBUG] - [Enemigo_2] Hitbox recentrado (enemigo): (543, 345) (Rect center: (543, 345))
2025-05-19 17:11:52 - enemigo - [DEBUG] - [Enemigo_2] _mover_y_colisionar: HB Antes CH: (529,335), HB Despues CH y Sinc: (530,335), Rect: (527, 332), PosFlotante: (530.00,335.00)
2025-05-19 17:11:52 - enemigo - [DEBUG] - [Enemigo_2] Posición DESPUÉS de mov/col: HB (530, 335), Rect (527, 332), Flot (530.00, 335.00)
2025-05-19 17:11:52 - enemigo - [DEBUG] - [Enemigo_1] --- Inicio Update IA --- Delta: 0.0170s. Pos ANTES: HB (536, 290), Rect (533, 287), Flot (536.00, 290.00)
2025-05-19 17:11:52 - enemigo - [DEBUG] - [Enemigo_2] --- Inicio Update IA --- Delta: 0.0170s. Pos ANTES: HB (530, 335), Rect (527, 332), Flot (530.00, 335.00)
2025-05-19 17:11:52 - enemigo - [DEBUG] - [Enemigo_2] Target (centro (552, 321)), Dist: 25.63. Mi Centro HB: (543, 345)
2025-05-19 17:11:52 - enemigo - [DEBUG] - [Enemigo_2] EN RANGO AGRO. Input IA (vel): (24.58, -65.54)
2025-05-19 17:11:52 - enemigo - [DEBUG] - [Enemigo_2] Pos flotante (post-IA y delta): (530.4178, 333.8858)
2025-05-19 17:11:52 - enemigo - [DEBUG] - [Enemigo_2] Solicita movimiento a CH (deltas enteros): dx_int=1, dy_int=-2. HB Actual: (530, 335) (Flotantes totales: dx=0.4178, dy=-1.1142)
2025-05-19 17:11:52 - enemigo - [DEBUG] - [Enemigo_2] Inicia _mover_y_colisionar_con_obstaculos. dx_int=1, dy_int=-2. HB Actual: (530, 335)
2025-05-19 17:11:52 - enemigo - [DEBUG] - [Enemigo_2] Hitbox recentrado (enemigo): (544, 345) (Rect center: (544, 345))
2025-05-19 17:11:52 - enemigo - [DEBUG] - [Enemigo_2] _mover_y_colisionar: HB Antes CH: (530,335), HB Despues CH y Sinc: (531,335), Rect: (528, 332), PosFlotante: (531.00,335.00)
2025-05-19 17:11:52 - enemigo - [DEBUG] - [Enemigo_2] Posición DESPUÉS de mov/col: HB (531, 335), Rect (528, 332), Flot (531.00, 335.00)
2025-05-19 17:11:52 - enemigo - [DEBUG] - [Enemigo_1] --- Inicio Update IA --- Delta: 0.0160s. Pos ANTES: HB (536, 290), Rect (533, 287), Flot (536.00, 290.00)
2025-05-19 17:11:52 - enemigo - [DEBUG] - [Enemigo_1] FUERA DE RANGO AGRO/DEMASIADO CERCA. No se calcula mov.
2025-05-19 17:11:52 - enemigo - [DEBUG] - [Enemigo_1] Pos flotante (post-IA y delta): (536.0000, 290.0000)
2025-05-19 17:11:52 - enemigo - [DEBUG] - [Enemigo_1] Sin mov. entero para CH. HB: (536, 290), PosFlotante re-sincronizada a (536.00,290.00)
2025-05-19 17:11:52 - enemigo - [DEBUG] - [Enemigo_2] --- Inicio Update IA --- Delta: 0.0160s. Pos ANTES: HB (531, 335), Rect (528, 332), Flot (531.00, 335.00)
2025-05-19 17:11:52 - enemigo - [DEBUG] - [Enemigo_2] Target (centro (552, 321)), Dist: 25.30. Mi Centro HB: (544, 345)
2025-05-19 17:11:52 - enemigo - [DEBUG] - [Enemigo_2] EN RANGO AGRO. Input IA (vel): (22.14, -66.41)
2025-05-19 17:11:52 - enemigo - [DEBUG] - [Enemigo_2] Pos flotante (post-IA y delta): (531.3542, 333.9375)
2025-05-19 17:11:52 - enemigo - [DEBUG] - [Enemigo_2] Solicita movimiento a CH (deltas enteros): dx_int=1, dy_int=-2. HB Actual: (531, 335) (Flotantes totales: dx=0.3542, dy=-1.0625)
2025-05-19 17:11:52 - enemigo - [DEBUG] - [Enemigo_2] Inicia _mover_y_colisionar_con_obstaculos. dx_int=1, dy_int=-2. HB Actual: (531, 335)
2025-05-19 17:11:52 - enemigo - [DEBUG] - [Enemigo_2] Hitbox recentrado (enemigo): (545, 345) (Rect center: (545, 345))
2025-05-19 17:11:52 - enemigo - [DEBUG] - [Enemigo_2] _mover_y_colisionar: HB Antes CH: (531,335), HB Despues CH y Sinc: (532,335), Rect: (529, 332), PosFlotante: (532.00,335.00)
2025-05-19 17:11:52 - enemigo - [DEBUG] - [Enemigo_2] Posición DESPUÉS de mov/col: HB (532, 335), Rect (529, 332), Flot (532.00, 335.00)
2025-05-19 17:11:52 - enemigo - [DEBUG] - [Enemigo_1] Target (centro (555, 321)), Dist: 21.84. Mi Centro HB: (549, 300)
2025-05-19 17:11:52 - enemigo - [DEBUG] - [Enemigo_2] --- Inicio Update IA --- Delta: 0.0160s. Pos ANTES: HB (532, 335), Rect (529, 332), Flot (532.00, 335.00)
2025-05-19 17:11:52 - enemigo - [DEBUG] - [Enemigo_2] Target (centro (555, 321)), Dist: 26.00. Mi Centro HB: (545, 345)
2025-05-19 17:11:52 - enemigo - [DEBUG] - [Enemigo_2] Pos flotante (post-IA y delta): (532.4308, 333.9662)
2025-05-19 17:11:52 - enemigo - [DEBUG] - [Enemigo_2] Solicita movimiento a CH (deltas enteros): dx_int=1, dy_int=-2. HB Actual: (532, 335) (Flotantes totales: dx=0.4308, dy=-1.0338)
2025-05-19 17:11:52 - enemigo - [DEBUG] - [Enemigo_2] Inicia _mover_y_colisionar_con_obstaculos. dx_int=1, dy_int=-2. HB Actual: (532, 335)
2025-05-19 17:11:52 - enemigo - [DEBUG] - [Enemigo_2] Hitbox recentrado (enemigo): (546, 345) (Rect center: (546, 345))
2025-05-19 17:11:52 - enemigo - [DEBUG] - [Enemigo_2] _mover_y_colisionar: HB Antes CH: (532,335), HB Despues CH y Sinc: (533,335), Rect: (530, 332), PosFlotante: (533.00,335.00)
2025-05-19 17:11:52 - enemigo - [DEBUG] - [Enemigo_2] Posición DESPUÉS de mov/col: HB (533, 335), Rect (530, 332), Flot (533.00, 335.00)
2025-05-19 17:11:52 - enemigo - [DEBUG] - [Enemigo_1] Target (centro (558, 321)), Dist: 22.85. Mi Centro HB: (549, 300)
2025-05-19 17:11:52 - enemigo - [DEBUG] - [Enemigo_1] EN RANGO AGRO. Input IA (vel): (27.57, 64.34)
2025-05-19 17:11:52 - enemigo - [DEBUG] - [Enemigo_1] Pos flotante (post-IA y delta): (536.4412, 291.0294)
2025-05-19 17:11:52 - enemigo - [DEBUG] - [Enemigo_1] Solicita movimiento a CH (deltas enteros): dx_int=1, dy_int=2. HB Actual: (536, 290) (Flotantes totales: dx=0.4412, dy=1.0294)
2025-05-19 17:11:52 - enemigo - [DEBUG] - [Enemigo_1] Inicia _mover_y_colisionar_con_obstaculos. dx_int=1, dy_int=2. HB Actual: (536, 290)
2025-05-19 17:11:52 - enemigo - [DEBUG] - [Enemigo_1] Hitbox recentrado (enemigo): (550, 300) (Rect center: (550, 300))
2025-05-19 17:11:52 - enemigo - [DEBUG] - [Enemigo_1] _mover_y_colisionar: HB Antes CH: (536,290), HB Despues CH y Sinc: (537,290), Rect: (534, 287), PosFlotante: (537.00,290.00)
2025-05-19 17:11:52 - enemigo - [DEBUG] - [Enemigo_1] Posición DESPUÉS de mov/col: HB (537, 290), Rect (534, 287), Flot (537.00, 290.00)
2025-05-19 17:11:52 - enemigo - [DEBUG] - [Enemigo_2] --- Inicio Update IA --- Delta: 0.0160s. Pos ANTES: HB (533, 335), Rect (530, 332), Flot (533.00, 335.00)
2025-05-19 17:11:52 - enemigo - [DEBUG] - [Enemigo_2] Target (centro (558, 321)), Dist: 26.83. Mi Centro HB: (546, 345)
2025-05-19 17:11:52 - enemigo - [DEBUG] - [Enemigo_2] EN RANGO AGRO. Input IA (vel): (31.30, -62.61)
2025-05-19 17:11:52 - enemigo - [DEBUG] - [Enemigo_2] Pos flotante (post-IA y delta): (533.5009, 333.9982)
2025-05-19 17:11:52 - enemigo - [DEBUG] - [Enemigo_2] Solicita movimiento a CH (deltas enteros): dx_int=1, dy_int=-2. HB Actual: (533, 335) (Flotantes totales: dx=0.5009, dy=-1.0018)
2025-05-19 17:11:52 - enemigo - [DEBUG] - [Enemigo_2] Inicia _mover_y_colisionar_con_obstaculos. dx_int=1, dy_int=-2. HB Actual: (533, 335)
2025-05-19 17:11:52 - enemigo - [DEBUG] - [Enemigo_2] Hitbox recentrado (enemigo): (547, 345) (Rect center: (547, 345))
2025-05-19 17:11:52 - enemigo - [DEBUG] - [Enemigo_2] _mover_y_colisionar: HB Antes CH: (533,335), HB Despues CH y Sinc: (534,335), Rect: (531, 332), PosFlotante: (534.00,335.00)
2025-05-19 17:11:52 - enemigo - [DEBUG] - [Enemigo_2] Posición DESPUÉS de mov/col: HB (534, 335), Rect (531, 332), Flot (534.00, 335.00)
2025-05-19 17:11:52 - enemigo - [DEBUG] - [Enemigo_1] --- Inicio Update IA --- Delta: 0.0160s. Pos ANTES: HB (537, 290), Rect (534, 287), Flot (537.00, 290.00)
2025-05-19 17:11:52 - enemigo - [DEBUG] - [Enemigo_1] Target (centro (561, 321)), Dist: 23.71. Mi Centro HB: (550, 300)
2025-05-19 17:11:52 - enemigo - [DEBUG] - [Enemigo_1] EN RANGO AGRO. Input IA (vel): (32.48, 62.01)
2025-05-19 17:11:52 - enemigo - [DEBUG] - [Enemigo_1] Pos flotante (post-IA y delta): (537.5197, 290.9921)
2025-05-19 17:11:52 - enemigo - [DEBUG] - [Enemigo_1] Solicita movimiento a CH (deltas enteros): dx_int=1, dy_int=1. HB Actual: (537, 290) (Flotantes totales: dx=0.5197, dy=0.9921)
2025-05-19 17:11:52 - enemigo - [DEBUG] - [Enemigo_1] Inicia _mover_y_colisionar_con_obstaculos. dx_int=1, dy_int=1. HB Actual: (537, 290)
2025-05-19 17:11:52 - enemigo - [DEBUG] - [Enemigo_1] Hitbox recentrado (enemigo): (551, 300) (Rect center: (551, 300))
2025-05-19 17:11:52 - enemigo - [DEBUG] - [Enemigo_1] _mover_y_colisionar: HB Antes CH: (537,290), HB Despues CH y Sinc: (538,290), Rect: (535, 287), PosFlotante: (538.00,290.00)
2025-05-19 17:11:52 - enemigo - [DEBUG] - [Enemigo_1] Posición DESPUÉS de mov/col: HB (538, 290), Rect (535, 287), Flot (538.00, 290.00)
2025-05-19 17:11:52 - enemigo - [DEBUG] - [Enemigo_2] --- Inicio Update IA --- Delta: 0.0160s. Pos ANTES: HB (534, 335), Rect (531, 332), Flot (534.00, 335.00)
2025-05-19 17:11:52 - enemigo - [DEBUG] - [Enemigo_2] Target (centro (561, 321)), Dist: 27.78. Mi Centro HB: (547, 345)
2025-05-19 17:11:52 - enemigo - [DEBUG] - [Enemigo_2] EN RANGO AGRO. Input IA (vel): (35.27, -60.46)
2025-05-19 17:11:52 - enemigo - [DEBUG] - [Enemigo_2] Pos flotante (post-IA y delta): (534.5643, 334.0326)
2025-05-19 17:11:52 - enemigo - [DEBUG] - [Enemigo_2] Solicita movimiento a CH (deltas enteros): dx_int=1, dy_int=-1. HB Actual: (534, 335) (Flotantes totales: dx=0.5643, dy=-0.9674)
2025-05-19 17:11:52 - enemigo - [DEBUG] - [Enemigo_2] Inicia _mover_y_colisionar_con_obstaculos. dx_int=1, dy_int=-1. HB Actual: (534, 335)
2025-05-19 17:11:52 - enemigo - [DEBUG] - [Enemigo_2] Hitbox recentrado (enemigo): (548, 345) (Rect center: (548, 345))
2025-05-19 17:11:52 - enemigo - [DEBUG] - [Enemigo_2] _mover_y_colisionar: HB Antes CH: (534,335), HB Despues CH y Sinc: (535,335), Rect: (532, 332), PosFlotante: (535.00,335.00)
2025-05-19 17:11:52 - enemigo - [DEBUG] - [Enemigo_2] Posición DESPUÉS de mov/col: HB (535, 335), Rect (532, 332), Flot (535.00, 335.00)
2025-05-19 17:11:52 - enemigo - [DEBUG] - [Enemigo_1] --- Inicio Update IA --- Delta: 0.0160s. Pos ANTES: HB (538, 290), Rect (535, 287), Flot (538.00, 290.00)
2025-05-19 17:11:52 - enemigo - [DEBUG] - [Enemigo_1] Target (centro (564, 321)), Dist: 24.70. Mi Centro HB: (551, 300)
2025-05-19 17:11:52 - enemigo - [DEBUG] - [Enemigo_1] EN RANGO AGRO. Input IA (vel): (36.84, 59.52)
2025-05-19 17:11:52 - enemigo - [DEBUG] - [Enemigo_1] Pos flotante (post-IA y delta): (538.5895, 290.9523)
2025-05-19 17:11:52 - enemigo - [DEBUG] - [Enemigo_1] Solicita movimiento a CH (deltas enteros): dx_int=1, dy_int=1. HB Actual: (538, 290) (Flotantes totales: dx=0.5895, dy=0.9523)
2025-05-19 17:11:52 - enemigo - [DEBUG] - [Enemigo_1] Inicia _mover_y_colisionar_con_obstaculos. dx_int=1, dy_int=1. HB Actual: (538, 290)
2025-05-19 17:11:52 - enemigo - [DEBUG] - [Enemigo_1] Hitbox recentrado (enemigo): (552, 300) (Rect center: (552, 300))
2025-05-19 17:11:52 - enemigo - [DEBUG] - [Enemigo_1] _mover_y_colisionar: HB Antes CH: (538,290), HB Despues CH y Sinc: (539,290), Rect: (536, 287), PosFlotante: (539.00,290.00)
2025-05-19 17:11:52 - enemigo - [DEBUG] - [Enemigo_1] Posición DESPUÉS de mov/col: HB (539, 290), Rect (536, 287), Flot (539.00, 290.00)
2025-05-19 17:11:52 - enemigo - [DEBUG] - [Enemigo_2] --- Inicio Update IA --- Delta: 0.0160s. Pos ANTES: HB (535, 335), Rect (532, 332), Flot (535.00, 335.00)
2025-05-19 17:11:52 - enemigo - [DEBUG] - [Enemigo_2] Target (centro (564, 321)), Dist: 28.84. Mi Centro HB: (548, 345)
2025-05-19 17:11:52 - enemigo - [DEBUG] - [Enemigo_2] EN RANGO AGRO. Input IA (vel): (38.83, -58.24)
2025-05-19 17:11:52 - enemigo - [DEBUG] - [Enemigo_2] Pos flotante (post-IA y delta): (535.6213, 334.0681)
2025-05-19 17:11:52 - enemigo - [DEBUG] - [Enemigo_2] Solicita movimiento a CH (deltas enteros): dx_int=1, dy_int=-1. HB Actual: (535, 335) (Flotantes totales: dx=0.6213, dy=-0.9319)
2025-05-19 17:11:52 - enemigo - [DEBUG] - [Enemigo_2] Inicia _mover_y_colisionar_con_obstaculos. dx_int=1, dy_int=-1. HB Actual: (535, 335)
2025-05-19 17:11:52 - enemigo - [DEBUG] - [Enemigo_2] Hitbox recentrado (enemigo): (549, 345) (Rect center: (549, 345))
2025-05-19 17:11:52 - enemigo - [DEBUG] - [Enemigo_2] _mover_y_colisionar: HB Antes CH: (535,335), HB Despues CH y Sinc: (536,335), Rect: (533, 332), PosFlotante: (536.00,335.00)
2025-05-19 17:11:52 - enemigo - [DEBUG] - [Enemigo_2] Posición DESPUÉS de mov/col: HB (536, 335), Rect (533, 332), Flot (536.00, 335.00)
2025-05-19 17:11:52 - enemigo - [DEBUG] - [Enemigo_1] --- Inicio Update IA --- Delta: 0.0160s. Pos ANTES: HB (539, 290), Rect (536, 287), Flot (539.00, 290.00)
2025-05-19 17:11:52 - enemigo - [DEBUG] - [Enemigo_1] Target (centro (567, 321)), Dist: 25.81. Mi Centro HB: (552, 300)
2025-05-19 17:11:52 - enemigo - [DEBUG] - [Enemigo_1] EN RANGO AGRO. Input IA (vel): (40.69, 56.96)
2025-05-19 17:11:52 - enemigo - [DEBUG] - [Enemigo_1] Pos flotante (post-IA y delta): (539.6510, 290.9114)
2025-05-19 17:11:52 - enemigo - [DEBUG] - [Enemigo_1] Solicita movimiento a CH (deltas enteros): dx_int=1, dy_int=1. HB Actual: (539, 290) (Flotantes totales: dx=0.6510, dy=0.9114)
2025-05-19 17:11:52 - enemigo - [DEBUG] - [Enemigo_1] Inicia _mover_y_colisionar_con_obstaculos. dx_int=1, dy_int=1. HB Actual: (539, 290)
2025-05-19 17:11:52 - enemigo - [DEBUG] - [Enemigo_1] Hitbox recentrado (enemigo): (553, 301) (Rect center: (553, 301))
2025-05-19 17:11:52 - enemigo - [DEBUG] - [Enemigo_1] _mover_y_colisionar: HB Antes CH: (539,290), HB Despues CH y Sinc: (540,291), Rect: (537, 288), PosFlotante: (540.00,291.00)
2025-05-19 17:11:52 - enemigo - [DEBUG] - [Enemigo_1] Posición DESPUÉS de mov/col: HB (540, 291), Rect (537, 288), Flot (540.00, 291.00)
2025-05-19 17:11:52 - enemigo - [DEBUG] - [Enemigo_2] --- Inicio Update IA --- Delta: 0.0160s. Pos ANTES: HB (536, 335), Rect (533, 332), Flot (536.00, 335.00)
2025-05-19 17:11:52 - enemigo - [DEBUG] - [Enemigo_2] Target (centro (567, 321)), Dist: 30.00. Mi Centro HB: (549, 345)
2025-05-19 17:11:52 - enemigo - [DEBUG] - [Enemigo_2] EN RANGO AGRO. Input IA (vel): (42.00, -56.00)
2025-05-19 17:11:52 - enemigo - [DEBUG] - [Enemigo_2] Pos flotante (post-IA y delta): (536.6720, 334.1040)
2025-05-19 17:11:52 - enemigo - [DEBUG] - [Enemigo_2] Solicita movimiento a CH (deltas enteros): dx_int=1, dy_int=-1. HB Actual: (536, 335) (Flotantes totales: dx=0.6720, dy=-0.8960)
2025-05-19 17:11:52 - enemigo - [DEBUG] - [Enemigo_2] Inicia _mover_y_colisionar_con_obstaculos. dx_int=1, dy_int=-1. HB Actual: (536, 335)
2025-05-19 17:11:52 - enemigo - [DEBUG] - [Enemigo_2] Hitbox recentrado (enemigo): (550, 345) (Rect center: (550, 345))
2025-05-19 17:11:52 - enemigo - [DEBUG] - [Enemigo_2] _mover_y_colisionar: HB Antes CH: (536,335), HB Despues CH y Sinc: (537,335), Rect: (534, 332), PosFlotante: (537.00,335.00)
2025-05-19 17:11:52 - enemigo - [DEBUG] - [Enemigo_2] Posición DESPUÉS de mov/col: HB (537, 335), Rect (534, 332), Flot (537.00, 335.00)
2025-05-19 17:11:52 - enemigo - [DEBUG] - [Enemigo_1] --- Inicio Update IA --- Delta: 0.0160s. Pos ANTES: HB (540, 291), Rect (537, 288), Flot (540.00, 291.00)
2025-05-19 17:11:52 - enemigo - [DEBUG] - [Enemigo_1] Target (centro (581, 318)), Dist: 32.76. Mi Centro HB: (553, 301)
2025-05-19 17:11:52 - enemigo - [DEBUG] - [Enemigo_1] EN RANGO AGRO. Input IA (vel): (59.84, 36.33)
2025-05-19 17:11:52 - enemigo - [DEBUG] - [Enemigo_1] Pos flotante (post-IA y delta): (540.9574, 291.5813)
2025-05-19 17:11:52 - enemigo - [DEBUG] - [Enemigo_1] Solicita movimiento a CH (deltas enteros): dx_int=1, dy_int=1. HB Actual: (540, 291) (Flotantes totales: dx=0.9574, dy=0.5813)
2025-05-19 17:11:52 - enemigo - [DEBUG] - [Enemigo_1] Inicia _mover_y_colisionar_con_obstaculos. dx_int=1, dy_int=1. HB Actual: (540, 291)
2025-05-19 17:11:52 - enemigo - [DEBUG] - [Enemigo_1] Hitbox recentrado (enemigo): (554, 302) (Rect center: (554, 302))
2025-05-19 17:11:52 - enemigo - [DEBUG] - [Enemigo_1] _mover_y_colisionar: HB Antes CH: (540,291), HB Despues CH y Sinc: (541,292), Rect: (538, 289), PosFlotante: (541.00,292.00)
2025-05-19 17:11:52 - enemigo - [DEBUG] - [Enemigo_1] Posición DESPUÉS de mov/col: HB (541, 292), Rect (538, 289), Flot (541.00, 292.00)
2025-05-19 17:11:52 - enemigo - [DEBUG] - [Enemigo_2] --- Inicio Update IA --- Delta: 0.0160s. Pos ANTES: HB (537, 335), Rect (534, 332), Flot (537.00, 335.00)
2025-05-19 17:11:52 - enemigo - [DEBUG] - [Enemigo_2] Target (centro (581, 318)), Dist: 41.11. Mi Centro HB: (550, 345)
2025-05-19 17:11:52 - enemigo - [DEBUG] - [Enemigo_2] EN RANGO AGRO. Input IA (vel): (52.79, -45.97)
2025-05-19 17:11:52 - enemigo - [DEBUG] - [Enemigo_2] Pos flotante (post-IA y delta): (537.8446, 334.2644)
2025-05-19 17:11:52 - enemigo - [DEBUG] - [Enemigo_2] Solicita movimiento a CH (deltas enteros): dx_int=1, dy_int=-1. HB Actual: (537, 335) (Flotantes totales: dx=0.8446, dy=-0.7356)
2025-05-19 17:11:52 - enemigo - [DEBUG] - [Enemigo_2] Inicia _mover_y_colisionar_con_obstaculos. dx_int=1, dy_int=-1. HB Actual: (537, 335)
2025-05-19 17:11:52 - enemigo - [DEBUG] - [Enemigo_2] Hitbox recentrado (enemigo): (551, 345) (Rect center: (551, 345))
2025-05-19 17:11:52 - enemigo - [DEBUG] - [Enemigo_2] _mover_y_colisionar: HB Antes CH: (537,335), HB Despues CH y Sinc: (538,335), Rect: (535, 332), PosFlotante: (538.00,335.00)
2025-05-19 17:11:52 - enemigo - [DEBUG] - [Enemigo_2] Posición DESPUÉS de mov/col: HB (538, 335), Rect (535, 332), Flot (538.00, 335.00)
2025-05-19 17:11:52 - enemigo - [DEBUG] - [Enemigo_1] --- Inicio Update IA --- Delta: 0.0170s. Pos ANTES: HB (541, 292), Rect (538, 289), Flot (541.00, 292.00)
2025-05-19 17:11:52 - enemigo - [DEBUG] - [Enemigo_1] Target (centro (584, 315)), Dist: 32.70. Mi Centro HB: (554, 302)
2025-05-19 17:11:52 - enemigo - [DEBUG] - [Enemigo_1] EN RANGO AGRO. Input IA (vel): (64.23, 27.83)
2025-05-19 17:11:52 - enemigo - [DEBUG] - [Enemigo_1] Pos flotante (post-IA y delta): (542.0919, 292.4732)
2025-05-19 17:11:52 - enemigo - [DEBUG] - [Enemigo_1] Solicita movimiento a CH (deltas enteros): dx_int=2, dy_int=1. HB Actual: (541, 292) (Flotantes totales: dx=1.0919, dy=0.4732)
2025-05-19 17:11:52 - enemigo - [DEBUG] - [Enemigo_1] Inicia _mover_y_colisionar_con_obstaculos. dx_int=2, dy_int=1. HB Actual: (541, 292)
2025-05-19 17:11:52 - enemigo - [DEBUG] - [Enemigo_1] Hitbox recentrado (enemigo): (556, 303) (Rect center: (556, 303))
2025-05-19 17:11:52 - enemigo - [DEBUG] - [Enemigo_1] _mover_y_colisionar: HB Antes CH: (541,292), HB Despues CH y Sinc: (543,293), Rect: (540, 290), PosFlotante: (543.00,293.00)
2025-05-19 17:11:52 - enemigo - [DEBUG] - [Enemigo_1] Posición DESPUÉS de mov/col: HB (543, 293), Rect (540, 290), Flot (543.00, 293.00)
2025-05-19 17:11:52 - enemigo - [DEBUG] - [Enemigo_2] --- Inicio Update IA --- Delta: 0.0170s. Pos ANTES: HB (538, 335), Rect (535, 332), Flot (538.00, 335.00)
2025-05-19 17:11:52 - enemigo - [DEBUG] - [Enemigo_2] Target (centro (584, 315)), Dist: 44.60. Mi Centro HB: (551, 345)
2025-05-19 17:11:52 - enemigo - [DEBUG] - [Enemigo_2] EN RANGO AGRO. Input IA (vel): (51.80, -47.09)
2025-05-19 17:11:52 - enemigo - [DEBUG] - [Enemigo_2] Pos flotante (post-IA y delta): (538.8805, 334.1995)
2025-05-19 17:11:52 - enemigo - [DEBUG] - [Enemigo_2] Solicita movimiento a CH (deltas enteros): dx_int=1, dy_int=-1. HB Actual: (538, 335) (Flotantes totales: dx=0.8805, dy=-0.8005)
2025-05-19 17:11:52 - enemigo - [DEBUG] - [Enemigo_2] Inicia _mover_y_colisionar_con_obstaculos. dx_int=1, dy_int=-1. HB Actual: (538, 335)
2025-05-19 17:11:52 - enemigo - [DEBUG] - [Enemigo_2] Hitbox recentrado (enemigo): (552, 345) (Rect center: (552, 345))
2025-05-19 17:11:52 - enemigo - [DEBUG] - [Enemigo_2] _mover_y_colisionar: HB Antes CH: (538,335), HB Despues CH y Sinc: (539,335), Rect: (536, 332), PosFlotante: (539.00,335.00)
2025-05-19 17:11:52 - enemigo - [DEBUG] - [Enemigo_2] Posición DESPUÉS de mov/col: HB (539, 335), Rect (536, 332), Flot (539.00, 335.00)
2025-05-19 17:11:52 - enemigo - [DEBUG] - [Enemigo_1] --- Inicio Update IA --- Delta: 0.0160s. Pos ANTES: HB (543, 293), Rect (540, 290), Flot (543.00, 293.00)
2025-05-19 17:11:52 - enemigo - [DEBUG] - [Enemigo_1] Target (centro (588, 311)), Dist: 32.98. Mi Centro HB: (556, 303)
2025-05-19 17:11:52 - enemigo - [DEBUG] - [Enemigo_1] EN RANGO AGRO. Input IA (vel): (67.91, 16.98)
2025-05-19 17:11:52 - enemigo - [DEBUG] - [Enemigo_1] Pos flotante (post-IA y delta): (544.0866, 293.2716)
2025-05-19 17:11:52 - enemigo - [DEBUG] - [Enemigo_1] Solicita movimiento a CH (deltas enteros): dx_int=2, dy_int=1. HB Actual: (543, 293) (Flotantes totales: dx=1.0866, dy=0.2716)
2025-05-19 17:11:52 - enemigo - [DEBUG] - [Enemigo_1] Inicia _mover_y_colisionar_con_obstaculos. dx_int=2, dy_int=1. HB Actual: (543, 293)
2025-05-19 17:11:52 - enemigo - [DEBUG] - [Enemigo_1] Hitbox recentrado (enemigo): (558, 304) (Rect center: (558, 304))
2025-05-19 17:11:52 - enemigo - [DEBUG] - [Enemigo_1] _mover_y_colisionar: HB Antes CH: (543,293), HB Despues CH y Sinc: (545,294), Rect: (542, 291), PosFlotante: (545.00,294.00)
2025-05-19 17:11:52 - enemigo - [DEBUG] - [Enemigo_1] Posición DESPUÉS de mov/col: HB (545, 294), Rect (542, 291), Flot (545.00, 294.00)
2025-05-19 17:11:52 - enemigo - [DEBUG] - [Enemigo_2] --- Inicio Update IA --- Delta: 0.0160s. Pos ANTES: HB (539, 335), Rect (536, 332), Flot (539.00, 335.00)
2025-05-19 17:11:52 - enemigo - [DEBUG] - [Enemigo_2] Target (centro (588, 311)), Dist: 49.52. Mi Centro HB: (552, 345)
2025-05-19 17:11:52 - enemigo - [DEBUG] - [Enemigo_2] EN RANGO AGRO. Input IA (vel): (50.89, -48.06)
2025-05-19 17:11:52 - enemigo - [DEBUG] - [Enemigo_2] Pos flotante (post-IA y delta): (539.8143, 334.2310)
2025-05-19 17:11:52 - enemigo - [DEBUG] - [Enemigo_2] Solicita movimiento a CH (deltas enteros): dx_int=1, dy_int=-1. HB Actual: (539, 335) (Flotantes totales: dx=0.8143, dy=-0.7690)
2025-05-19 17:11:52 - enemigo - [DEBUG] - [Enemigo_2] Inicia _mover_y_colisionar_con_obstaculos. dx_int=1, dy_int=-1. HB Actual: (539, 335)
2025-05-19 17:11:52 - enemigo - [DEBUG] - [Enemigo_2] Hitbox recentrado (enemigo): (553, 344) (Rect center: (553, 344))
2025-05-19 17:11:52 - enemigo - [DEBUG] - [Enemigo_2] _mover_y_colisionar: HB Antes CH: (539,335), HB Despues CH y Sinc: (540,334), Rect: (537, 331), PosFlotante: (540.00,334.00)
2025-05-19 17:11:52 - enemigo - [DEBUG] - [Enemigo_2] Posición DESPUÉS de mov/col: HB (540, 334), Rect (537, 331), Flot (540.00, 334.00)
2025-05-19 17:11:52 - enemigo - [DEBUG] - [Enemigo_1] --- Inicio Update IA --- Delta: 0.0170s. Pos ANTES: HB (545, 294), Rect (542, 291), Flot (545.00, 294.00)
2025-05-19 17:11:52 - enemigo - [DEBUG] - [Enemigo_1] Target (centro (591, 311)), Dist: 33.73. Mi Centro HB: (558, 304)
2025-05-19 17:11:52 - enemigo - [DEBUG] - [Enemigo_1] EN RANGO AGRO. Input IA (vel): (68.48, 14.53)
2025-05-19 17:11:52 - enemigo - [DEBUG] - [Enemigo_1] Pos flotante (post-IA y delta): (546.1641, 294.2469)
2025-05-19 17:11:52 - enemigo - [DEBUG] - [Enemigo_1] Solicita movimiento a CH (deltas enteros): dx_int=2, dy_int=1. HB Actual: (545, 294) (Flotantes totales: dx=1.1641, dy=0.2469)
2025-05-19 17:11:52 - enemigo - [DEBUG] - [Enemigo_1] Inicia _mover_y_colisionar_con_obstaculos. dx_int=2, dy_int=1. HB Actual: (545, 294)
2025-05-19 17:11:52 - enemigo - [DEBUG] - [Enemigo_1] Hitbox recentrado (enemigo): (560, 305) (Rect center: (560, 305))
2025-05-19 17:11:52 - enemigo - [DEBUG] - [Enemigo_1] _mover_y_colisionar: HB Antes CH: (545,294), HB Despues CH y Sinc: (547,295), Rect: (544, 292), PosFlotante: (547.00,295.00)
2025-05-19 17:11:52 - enemigo - [DEBUG] - [Enemigo_1] Posición DESPUÉS de mov/col: HB (547, 295), Rect (544, 292), Flot (547.00, 295.00)
2025-05-19 17:11:52 - enemigo - [DEBUG] - [Enemigo_2] --- Inicio Update IA --- Delta: 0.0170s. Pos ANTES: HB (540, 334), Rect (537, 331), Flot (540.00, 334.00)
2025-05-19 17:11:52 - enemigo - [DEBUG] - [Enemigo_2] Target (centro (591, 311)), Dist: 50.33. Mi Centro HB: (553, 344)
2025-05-19 17:11:52 - enemigo - [DEBUG] - [Enemigo_2] EN RANGO AGRO. Input IA (vel): (52.85, -45.90)
2025-05-19 17:11:52 - enemigo - [DEBUG] - [Enemigo_2] Pos flotante (post-IA y delta): (540.8985, 333.2197)
2025-05-19 17:11:52 - enemigo - [DEBUG] - [Enemigo_2] Solicita movimiento a CH (deltas enteros): dx_int=1, dy_int=-1. HB Actual: (540, 334) (Flotantes totales: dx=0.8985, dy=-0.7803)
2025-05-19 17:11:52 - enemigo - [DEBUG] - [Enemigo_2] Inicia _mover_y_colisionar_con_obstaculos. dx_int=1, dy_int=-1. HB Actual: (540, 334)
2025-05-19 17:11:52 - enemigo - [DEBUG] - [Enemigo_2] Hitbox recentrado (enemigo): (554, 343) (Rect center: (554, 343))
2025-05-19 17:11:52 - enemigo - [DEBUG] - [Enemigo_2] _mover_y_colisionar: HB Antes CH: (540,334), HB Despues CH y Sinc: (541,333), Rect: (538, 330), PosFlotante: (541.00,333.00)
2025-05-19 17:11:52 - enemigo - [DEBUG] - [Enemigo_2] Posición DESPUÉS de mov/col: HB (541, 333), Rect (538, 330), Flot (541.00, 333.00)
2025-05-19 17:11:52 - enemigo - [DEBUG] - [Enemigo_1] --- Inicio Update IA --- Delta: 0.0170s. Pos ANTES: HB (547, 295), Rect (544, 292), Flot (547.00, 295.00)
2025-05-19 17:11:52 - enemigo - [DEBUG] - [Enemigo_1] Target (centro (595, 311)), Dist: 35.51. Mi Centro HB: (560, 305)
2025-05-19 17:11:52 - enemigo - [DEBUG] - [Enemigo_1] EN RANGO AGRO. Input IA (vel): (68.99, 11.83)
2025-05-19 17:11:52 - enemigo - [DEBUG] - [Enemigo_1] Pos flotante (post-IA y delta): (548.1729, 295.2011)
2025-05-19 17:11:52 - enemigo - [DEBUG] - [Enemigo_1] Solicita movimiento a CH (deltas enteros): dx_int=2, dy_int=1. HB Actual: (547, 295) (Flotantes totales: dx=1.1729, dy=0.2011)
2025-05-19 17:11:52 - enemigo - [DEBUG] - [Enemigo_1] Inicia _mover_y_colisionar_con_obstaculos. dx_int=2, dy_int=1. HB Actual: (547, 295)
2025-05-19 17:11:52 - enemigo - [DEBUG] - [Enemigo_1] Hitbox recentrado (enemigo): (562, 306) (Rect center: (562, 306))
2025-05-19 17:11:52 - enemigo - [DEBUG] - [Enemigo_1] _mover_y_colisionar: HB Antes CH: (547,295), HB Despues CH y Sinc: (549,296), Rect: (546, 293), PosFlotante: (549.00,296.00)
2025-05-19 17:11:52 - enemigo - [DEBUG] - [Enemigo_1] Posición DESPUÉS de mov/col: HB (549, 296), Rect (546, 293), Flot (549.00, 296.00)
2025-05-19 17:11:52 - enemigo - [DEBUG] - [Enemigo_2] --- Inicio Update IA --- Delta: 0.0170s. Pos ANTES: HB (541, 333), Rect (538, 330), Flot (541.00, 333.00)
2025-05-19 17:11:52 - enemigo - [DEBUG] - [Enemigo_2] Target (centro (595, 311)), Dist: 52.01. Mi Centro HB: (554, 343)
2025-05-19 17:11:52 - enemigo - [DEBUG] - [Enemigo_2] EN RANGO AGRO. Input IA (vel): (55.18, -43.07)
2025-05-19 17:11:52 - enemigo - [DEBUG] - [Enemigo_2] Pos flotante (post-IA y delta): (541.9381, 332.2678)
2025-05-19 17:11:52 - enemigo - [DEBUG] - [Enemigo_2] Solicita movimiento a CH (deltas enteros): dx_int=1, dy_int=-1. HB Actual: (541, 333) (Flotantes totales: dx=0.9381, dy=-0.7322)
2025-05-19 17:11:52 - enemigo - [DEBUG] - [Enemigo_2] Inicia _mover_y_colisionar_con_obstaculos. dx_int=1, dy_int=-1. HB Actual: (541, 333)
2025-05-19 17:11:52 - enemigo - [DEBUG] - [Enemigo_2] Hitbox recentrado (enemigo): (555, 342) (Rect center: (555, 342))
2025-05-19 17:11:52 - enemigo - [DEBUG] - [Enemigo_2] _mover_y_colisionar: HB Antes CH: (541,333), HB Despues CH y Sinc: (542,332), Rect: (539, 329), PosFlotante: (542.00,332.00)
2025-05-19 17:11:52 - enemigo - [DEBUG] - [Enemigo_2] Posición DESPUÉS de mov/col: HB (542, 332), Rect (539, 329), Flot (542.00, 332.00)
2025-05-19 17:11:52 - enemigo - [DEBUG] - [Enemigo_1] --- Inicio Update IA --- Delta: 0.0170s. Pos ANTES: HB (549, 296), Rect (546, 293), Flot (549.00, 296.00)
2025-05-19 17:11:52 - enemigo - [DEBUG] - [Enemigo_1] Target (centro (599, 311)), Dist: 37.34. Mi Centro HB: (562, 306)
2025-05-19 17:11:52 - enemigo - [DEBUG] - [Enemigo_1] EN RANGO AGRO. Input IA (vel): (69.37, 9.37)
2025-05-19 17:11:52 - enemigo - [DEBUG] - [Enemigo_1] Pos flotante (post-IA y delta): (550.1793, 296.1594)
2025-05-19 17:11:52 - enemigo - [DEBUG] - [Enemigo_1] Solicita movimiento a CH (deltas enteros): dx_int=2, dy_int=1. HB Actual: (549, 296) (Flotantes totales: dx=1.1793, dy=0.1594)
2025-05-19 17:11:52 - enemigo - [DEBUG] - [Enemigo_1] Inicia _mover_y_colisionar_con_obstaculos. dx_int=2, dy_int=1. HB Actual: (549, 296)
2025-05-19 17:11:52 - enemigo - [DEBUG] - [Enemigo_1] Hitbox recentrado (enemigo): (564, 307) (Rect center: (564, 307))
2025-05-19 17:11:52 - enemigo - [DEBUG] - [Enemigo_1] _mover_y_colisionar: HB Antes CH: (549,296), HB Despues CH y Sinc: (551,297), Rect: (548, 294), PosFlotante: (551.00,297.00)
2025-05-19 17:11:52 - enemigo - [DEBUG] - [Enemigo_1] Posición DESPUÉS de mov/col: HB (551, 297), Rect (548, 294), Flot (551.00, 297.00)
2025-05-19 17:11:52 - enemigo - [DEBUG] - [Enemigo_2] --- Inicio Update IA --- Delta: 0.0170s. Pos ANTES: HB (542, 332), Rect (539, 329), Flot (542.00, 332.00)
2025-05-19 17:11:52 - enemigo - [DEBUG] - [Enemigo_2] Target (centro (599, 311)), Dist: 53.82. Mi Centro HB: (555, 342)
2025-05-19 17:11:52 - enemigo - [DEBUG] - [Enemigo_2] EN RANGO AGRO. Input IA (vel): (57.22, -40.32)
2025-05-19 17:11:52 - enemigo - [DEBUG] - [Enemigo_2] Pos flotante (post-IA y delta): (542.9728, 331.3146)
2025-05-19 17:11:52 - enemigo - [DEBUG] - [Enemigo_2] Solicita movimiento a CH (deltas enteros): dx_int=1, dy_int=-1. HB Actual: (542, 332) (Flotantes totales: dx=0.9728, dy=-0.6854)
2025-05-19 17:11:52 - enemigo - [DEBUG] - [Enemigo_2] Inicia _mover_y_colisionar_con_obstaculos. dx_int=1, dy_int=-1. HB Actual: (542, 332)
2025-05-19 17:11:52 - enemigo - [DEBUG] - [Enemigo_2] Hitbox recentrado (enemigo): (556, 341) (Rect center: (556, 341))
2025-05-19 17:11:52 - enemigo - [DEBUG] - [Enemigo_2] _mover_y_colisionar: HB Antes CH: (542,332), HB Despues CH y Sinc: (543,331), Rect: (540, 328), PosFlotante: (543.00,331.00)
2025-05-19 17:11:52 - enemigo - [DEBUG] - [Enemigo_2] Posición DESPUÉS de mov/col: HB (543, 331), Rect (540, 328), Flot (543.00, 331.00)
2025-05-19 17:11:52 - enemigo - [DEBUG] - [Enemigo_1] --- Inicio Update IA --- Delta: 0.0160s. Pos ANTES: HB (551, 297), Rect (548, 294), Flot (551.00, 297.00)
2025-05-19 17:11:52 - enemigo - [DEBUG] - [Enemigo_1] Target (centro (603, 311)), Dist: 39.20. Mi Centro HB: (564, 307)
2025-05-19 17:11:52 - enemigo - [DEBUG] - [Enemigo_1] EN RANGO AGRO. Input IA (vel): (69.63, 7.14)
2025-05-19 17:11:52 - enemigo - [DEBUG] - [Enemigo_1] Pos flotante (post-IA y delta): (552.1142, 297.1143)
2025-05-19 17:11:52 - enemigo - [DEBUG] - [Enemigo_1] Solicita movimiento a CH (deltas enteros): dx_int=2, dy_int=1. HB Actual: (551, 297) (Flotantes totales: dx=1.1142, dy=0.1143)
2025-05-19 17:11:52 - enemigo - [DEBUG] - [Enemigo_1] Inicia _mover_y_colisionar_con_obstaculos. dx_int=2, dy_int=1. HB Actual: (551, 297)
2025-05-19 17:11:52 - enemigo - [DEBUG] - [Enemigo_1] Hitbox recentrado (enemigo): (566, 308) (Rect center: (566, 308))
2025-05-19 17:11:52 - enemigo - [DEBUG] - [Enemigo_1] _mover_y_colisionar: HB Antes CH: (551,297), HB Despues CH y Sinc: (553,298), Rect: (550, 295), PosFlotante: (553.00,298.00)
2025-05-19 17:11:52 - enemigo - [DEBUG] - [Enemigo_1] Posición DESPUÉS de mov/col: HB (553, 298), Rect (550, 295), Flot (553.00, 298.00)
2025-05-19 17:11:52 - enemigo - [DEBUG] - [Enemigo_2] --- Inicio Update IA --- Delta: 0.0160s. Pos ANTES: HB (543, 331), Rect (540, 328), Flot (543.00, 331.00)
2025-05-19 17:11:52 - enemigo - [DEBUG] - [Enemigo_2] Target (centro (603, 311)), Dist: 55.76. Mi Centro HB: (556, 341)
2025-05-19 17:11:52 - enemigo - [DEBUG] - [Enemigo_2] EN RANGO AGRO. Input IA (vel): (59.00, -37.66)
2025-05-19 17:11:52 - enemigo - [DEBUG] - [Enemigo_2] Pos flotante (post-IA y delta): (543.9441, 330.3974)
2025-05-19 17:11:52 - enemigo - [DEBUG] - [Enemigo_2] Solicita movimiento a CH (deltas enteros): dx_int=1, dy_int=-1. HB Actual: (543, 331) (Flotantes totales: dx=0.9441, dy=-0.6026)
2025-05-19 17:11:52 - enemigo - [DEBUG] - [Enemigo_2] Inicia _mover_y_colisionar_con_obstaculos. dx_int=1, dy_int=-1. HB Actual: (543, 331)
2025-05-19 17:11:52 - enemigo - [DEBUG] - [Enemigo_2] Hitbox recentrado (enemigo): (557, 340) (Rect center: (557, 340))
2025-05-19 17:11:52 - enemigo - [DEBUG] - [Enemigo_2] _mover_y_colisionar: HB Antes CH: (543,331), HB Despues CH y Sinc: (544,330), Rect: (541, 327), PosFlotante: (544.00,330.00)
2025-05-19 17:11:52 - enemigo - [DEBUG] - [Enemigo_2] Posición DESPUÉS de mov/col: HB (544, 330), Rect (541, 327), Flot (544.00, 330.00)
2025-05-19 17:11:52 - enemigo - [DEBUG] - [Enemigo_1] --- Inicio Update IA --- Delta: 0.0160s. Pos ANTES: HB (553, 298), Rect (550, 295), Flot (553.00, 298.00)
2025-05-19 17:11:52 - enemigo - [DEBUG] - [Enemigo_1] Target (centro (606, 311)), Dist: 40.11. Mi Centro HB: (566, 308)
2025-05-19 17:11:52 - enemigo - [DEBUG] - [Enemigo_1] EN RANGO AGRO. Input IA (vel): (69.80, 5.24)
2025-05-19 17:11:52 - enemigo - [DEBUG] - [Enemigo_1] Pos flotante (post-IA y delta): (554.1169, 298.0838)
2025-05-19 17:11:52 - enemigo - [DEBUG] - [Enemigo_1] Solicita movimiento a CH (deltas enteros): dx_int=2, dy_int=1. HB Actual: (553, 298) (Flotantes totales: dx=1.1169, dy=0.0838)
2025-05-19 17:11:52 - enemigo - [DEBUG] - [Enemigo_1] Inicia _mover_y_colisionar_con_obstaculos. dx_int=2, dy_int=1. HB Actual: (553, 298)
2025-05-19 17:11:52 - enemigo - [DEBUG] - [Enemigo_1] Hitbox recentrado (enemigo): (568, 309) (Rect center: (568, 309))
2025-05-19 17:11:52 - enemigo - [DEBUG] - [Enemigo_1] _mover_y_colisionar: HB Antes CH: (553,298), HB Despues CH y Sinc: (555,299), Rect: (552, 296), PosFlotante: (555.00,299.00)
2025-05-19 17:11:52 - enemigo - [DEBUG] - [Enemigo_1] Posición DESPUÉS de mov/col: HB (555, 299), Rect (552, 296), Flot (555.00, 299.00)
2025-05-19 17:11:52 - enemigo - [DEBUG] - [Enemigo_2] --- Inicio Update IA --- Delta: 0.0160s. Pos ANTES: HB (544, 330), Rect (541, 327), Flot (544.00, 330.00)
2025-05-19 17:11:52 - enemigo - [DEBUG] - [Enemigo_2] Target (centro (606, 311)), Dist: 56.94. Mi Centro HB: (557, 340)
2025-05-19 17:11:52 - enemigo - [DEBUG] - [Enemigo_2] EN RANGO AGRO. Input IA (vel): (60.24, -35.65)
2025-05-19 17:11:52 - enemigo - [DEBUG] - [Enemigo_2] Pos flotante (post-IA y delta): (544.9638, 329.4296)
2025-05-19 17:11:52 - enemigo - [DEBUG] - [Enemigo_2] Solicita movimiento a CH (deltas enteros): dx_int=1, dy_int=-1. HB Actual: (544, 330) (Flotantes totales: dx=0.9638, dy=-0.5704)
2025-05-19 17:11:52 - enemigo - [DEBUG] - [Enemigo_2] Inicia _mover_y_colisionar_con_obstaculos. dx_int=1, dy_int=-1. HB Actual: (544, 330)
2025-05-19 17:11:52 - enemigo - [DEBUG] - [Enemigo_2] Hitbox recentrado (enemigo): (558, 339) (Rect center: (558, 339))
2025-05-19 17:11:52 - enemigo - [DEBUG] - [Enemigo_2] _mover_y_colisionar: HB Antes CH: (544,330), HB Despues CH y Sinc: (545,329), Rect: (542, 326), PosFlotante: (545.00,329.00)
2025-05-19 17:11:52 - enemigo - [DEBUG] - [Enemigo_2] Posición DESPUÉS de mov/col: HB (545, 329), Rect (542, 326), Flot (545.00, 329.00)
2025-05-19 17:11:52 - enemigo - [DEBUG] - [Enemigo_1] --- Inicio Update IA --- Delta: 0.0160s. Pos ANTES: HB (555, 299), Rect (552, 296), Flot (555.00, 299.00)
2025-05-19 17:11:52 - enemigo - [DEBUG] - [Enemigo_1] Target (centro (609, 311)), Dist: 41.05. Mi Centro HB: (568, 309)
2025-05-19 17:11:52 - enemigo - [DEBUG] - [Enemigo_1] EN RANGO AGRO. Input IA (vel): (69.92, 3.41)
2025-05-19 17:11:52 - enemigo - [DEBUG] - [Enemigo_1] Pos flotante (post-IA y delta): (556.1187, 299.0546)
2025-05-19 17:11:52 - enemigo - [DEBUG] - [Enemigo_1] Solicita movimiento a CH (deltas enteros): dx_int=2, dy_int=1. HB Actual: (555, 299) (Flotantes totales: dx=1.1187, dy=0.0546)
2025-05-19 17:11:52 - enemigo - [DEBUG] - [Enemigo_1] Inicia _mover_y_colisionar_con_obstaculos. dx_int=2, dy_int=1. HB Actual: (555, 299)
2025-05-19 17:11:52 - enemigo - [DEBUG] - [Enemigo_1] Hitbox recentrado (enemigo): (570, 310) (Rect center: (570, 310))
2025-05-19 17:11:52 - enemigo - [DEBUG] - [Enemigo_1] _mover_y_colisionar: HB Antes CH: (555,299), HB Despues CH y Sinc: (557,300), Rect: (554, 297), PosFlotante: (557.00,300.00)
2025-05-19 17:11:52 - enemigo - [DEBUG] - [Enemigo_1] Posición DESPUÉS de mov/col: HB (557, 300), Rect (554, 297), Flot (557.00, 300.00)
2025-05-19 17:11:52 - enemigo - [DEBUG] - [Enemigo_2] --- Inicio Update IA --- Delta: 0.0160s. Pos ANTES: HB (545, 329), Rect (542, 326), Flot (545.00, 329.00)
2025-05-19 17:11:52 - enemigo - [DEBUG] - [Enemigo_2] Target (centro (609, 311)), Dist: 58.18. Mi Centro HB: (558, 339)
2025-05-19 17:11:52 - enemigo - [DEBUG] - [Enemigo_2] EN RANGO AGRO. Input IA (vel): (61.36, -33.69)
2025-05-19 17:11:52 - enemigo - [DEBUG] - [Enemigo_2] Pos flotante (post-IA y delta): (545.9818, 328.4610)
2025-05-19 17:11:52 - enemigo - [DEBUG] - [Enemigo_2] Solicita movimiento a CH (deltas enteros): dx_int=1, dy_int=-1. HB Actual: (545, 329) (Flotantes totales: dx=0.9818, dy=-0.5390)
2025-05-19 17:11:52 - enemigo - [DEBUG] - [Enemigo_2] Inicia _mover_y_colisionar_con_obstaculos. dx_int=1, dy_int=-1. HB Actual: (545, 329)
2025-05-19 17:11:52 - enemigo - [DEBUG] - [Enemigo_2] Hitbox recentrado (enemigo): (559, 338) (Rect center: (559, 338))
2025-05-19 17:11:52 - enemigo - [DEBUG] - [Enemigo_2] _mover_y_colisionar: HB Antes CH: (545,329), HB Despues CH y Sinc: (546,328), Rect: (543, 325), PosFlotante: (546.00,328.00)
2025-05-19 17:11:52 - enemigo - [DEBUG] - [Enemigo_2] Posición DESPUÉS de mov/col: HB (546, 328), Rect (543, 325), Flot (546.00, 328.00)
2025-05-19 17:11:52 - enemigo - [DEBUG] - [Enemigo_1] --- Inicio Update IA --- Delta: 0.0160s. Pos ANTES: HB (557, 300), Rect (554, 297), Flot (557.00, 300.00)
2025-05-19 17:11:52 - enemigo - [DEBUG] - [Enemigo_1] Target (centro (612, 311)), Dist: 42.01. Mi Centro HB: (570, 310)
2025-05-19 17:11:52 - enemigo - [DEBUG] - [Enemigo_1] EN RANGO AGRO. Input IA (vel): (69.98, 1.67)
2025-05-19 17:11:52 - enemigo - [DEBUG] - [Enemigo_1] Pos flotante (post-IA y delta): (558.1197, 300.0267)
2025-05-19 17:11:52 - enemigo - [DEBUG] - [Enemigo_1] Solicita movimiento a CH (deltas enteros): dx_int=2, dy_int=1. HB Actual: (557, 300) (Flotantes totales: dx=1.1197, dy=0.0267)
2025-05-19 17:11:52 - enemigo - [DEBUG] - [Enemigo_1] Inicia _mover_y_colisionar_con_obstaculos. dx_int=2, dy_int=1. HB Actual: (557, 300)
2025-05-19 17:11:52 - enemigo - [DEBUG] - [Enemigo_1] Hitbox recentrado (enemigo): (572, 311) (Rect center: (572, 311))
2025-05-19 17:11:52 - enemigo - [DEBUG] - [Enemigo_1] _mover_y_colisionar: HB Antes CH: (557,300), HB Despues CH y Sinc: (559,301), Rect: (556, 298), PosFlotante: (559.00,301.00)
2025-05-19 17:11:52 - enemigo - [DEBUG] - [Enemigo_1] Posición DESPUÉS de mov/col: HB (559, 301), Rect (556, 298), Flot (559.00, 301.00)
2025-05-19 17:11:52 - enemigo - [DEBUG] - [Enemigo_2] --- Inicio Update IA --- Delta: 0.0160s. Pos ANTES: HB (546, 328), Rect (543, 325), Flot (546.00, 328.00)
2025-05-19 17:11:52 - enemigo - [DEBUG] - [Enemigo_2] Target (centro (612, 311)), Dist: 59.48. Mi Centro HB: (559, 338)
2025-05-19 17:11:52 - enemigo - [DEBUG] - [Enemigo_2] EN RANGO AGRO. Input IA (vel): (62.37, -31.77)
2025-05-19 17:11:52 - enemigo - [DEBUG] - [Enemigo_2] Pos flotante (post-IA y delta): (546.9980, 327.4916)
2025-05-19 17:11:52 - enemigo - [DEBUG] - [Enemigo_2] Solicita movimiento a CH (deltas enteros): dx_int=1, dy_int=-1. HB Actual: (546, 328) (Flotantes totales: dx=0.9980, dy=-0.5084)
2025-05-19 17:11:52 - enemigo - [DEBUG] - [Enemigo_2] Inicia _mover_y_colisionar_con_obstaculos. dx_int=1, dy_int=-1. HB Actual: (546, 328)
2025-05-19 17:11:52 - enemigo - [DEBUG] - [Enemigo_2] Hitbox recentrado (enemigo): (560, 337) (Rect center: (560, 337))
2025-05-19 17:11:52 - enemigo - [DEBUG] - [Enemigo_2] _mover_y_colisionar: HB Antes CH: (546,328), HB Despues CH y Sinc: (547,327), Rect: (544, 324), PosFlotante: (547.00,327.00)
2025-05-19 17:11:52 - enemigo - [DEBUG] - [Enemigo_2] Posición DESPUÉS de mov/col: HB (547, 327), Rect (544, 324), Flot (547.00, 327.00)
2025-05-19 17:11:52 - enemigo - [DEBUG] - [Enemigo_1] --- Inicio Update IA --- Delta: 0.0160s. Pos ANTES: HB (559, 301), Rect (556, 298), Flot (559.00, 301.00)
2025-05-19 17:11:52 - enemigo - [DEBUG] - [Enemigo_1] Target (centro (615, 311)), Dist: 43.00. Mi Centro HB: (572, 311)
2025-05-19 17:11:52 - enemigo - [DEBUG] - [Enemigo_1] EN RANGO AGRO. Input IA (vel): (70.00, 0.00)
2025-05-19 17:11:52 - enemigo - [DEBUG] - [Enemigo_1] Pos flotante (post-IA y delta): (560.1200, 301.0000)
2025-05-19 17:11:52 - enemigo - [DEBUG] - [Enemigo_1] Solicita movimiento a CH (deltas enteros): dx_int=2, dy_int=0. HB Actual: (559, 301) (Flotantes totales: dx=1.1200, dy=0.0000)
2025-05-19 17:11:52 - enemigo - [DEBUG] - [Enemigo_1] Inicia _mover_y_colisionar_con_obstaculos. dx_int=2, dy_int=0. HB Actual: (559, 301)
2025-05-19 17:11:52 - enemigo - [DEBUG] - [Enemigo_1] Hitbox recentrado (enemigo): (574, 311) (Rect center: (574, 311))
2025-05-19 17:11:52 - enemigo - [DEBUG] - [Enemigo_1] _mover_y_colisionar: HB Antes CH: (559,301), HB Despues CH y Sinc: (561,301), Rect: (558, 298), PosFlotante: (561.00,301.00)
2025-05-19 17:11:52 - enemigo - [DEBUG] - [Enemigo_1] Posición DESPUÉS de mov/col: HB (561, 301), Rect (558, 298), Flot (561.00, 301.00)
2025-05-19 17:11:52 - enemigo - [DEBUG] - [Enemigo_2] --- Inicio Update IA --- Delta: 0.0160s. Pos ANTES: HB (547, 327), Rect (544, 324), Flot (547.00, 327.00)
2025-05-19 17:11:52 - enemigo - [DEBUG] - [Enemigo_2] Target (centro (615, 311)), Dist: 60.84. Mi Centro HB: (560, 337)
2025-05-19 17:11:52 - enemigo - [DEBUG] - [Enemigo_2] EN RANGO AGRO. Input IA (vel): (63.29, -29.92)
2025-05-19 17:11:52 - enemigo - [DEBUG] - [Enemigo_2] Pos flotante (post-IA y delta): (548.0126, 326.5213)
2025-05-19 17:11:52 - enemigo - [DEBUG] - [Enemigo_2] Solicita movimiento a CH (deltas enteros): dx_int=2, dy_int=-1. HB Actual: (547, 327) (Flotantes totales: dx=1.0126, dy=-0.4787)
2025-05-19 17:11:52 - enemigo - [DEBUG] - [Enemigo_2] Inicia _mover_y_colisionar_con_obstaculos. dx_int=2, dy_int=-1. HB Actual: (547, 327)
2025-05-19 17:11:52 - enemigo - [DEBUG] - [Enemigo_2] Hitbox recentrado (enemigo): (562, 336) (Rect center: (562, 336))
2025-05-19 17:11:52 - enemigo - [DEBUG] - [Enemigo_2] _mover_y_colisionar: HB Antes CH: (547,327), HB Despues CH y Sinc: (549,326), Rect: (546, 323), PosFlotante: (549.00,326.00)
2025-05-19 17:11:52 - enemigo - [DEBUG] - [Enemigo_2] Posición DESPUÉS de mov/col: HB (549, 326), Rect (546, 323), Flot (549.00, 326.00)
2025-05-19 17:11:52 - enemigo - [DEBUG] - [Enemigo_1] --- Inicio Update IA --- Delta: 0.0170s. Pos ANTES: HB (561, 301), Rect (558, 298), Flot (561.00, 301.00)
2025-05-19 17:11:52 - enemigo - [DEBUG] - [Enemigo_1] Target (centro (618, 311)), Dist: 44.00. Mi Centro HB: (574, 311)
2025-05-19 17:11:52 - enemigo - [DEBUG] - [Enemigo_1] Pos flotante (post-IA y delta): (562.1900, 301.0000)
2025-05-19 17:11:52 - enemigo - [DEBUG] - [Enemigo_1] Solicita movimiento a CH (deltas enteros): dx_int=2, dy_int=0. HB Actual: (561, 301) (Flotantes totales: dx=1.1900, dy=0.0000)
2025-05-19 17:11:52 - enemigo - [DEBUG] - [Enemigo_1] Inicia _mover_y_colisionar_con_obstaculos. dx_int=2, dy_int=0. HB Actual: (561, 301)
2025-05-19 17:11:52 - enemigo - [DEBUG] - [Enemigo_1] Hitbox recentrado (enemigo): (576, 311) (Rect center: (576, 311))
2025-05-19 17:11:52 - enemigo - [DEBUG] - [Enemigo_1] _mover_y_colisionar: HB Antes CH: (561,301), HB Despues CH y Sinc: (563,301), Rect: (560, 298), PosFlotante: (563.00,301.00)
2025-05-19 17:11:52 - enemigo - [DEBUG] - [Enemigo_1] Posición DESPUÉS de mov/col: HB (563, 301), Rect (560, 298), Flot (563.00, 301.00)
2025-05-19 17:11:52 - enemigo - [DEBUG] - [Enemigo_2] --- Inicio Update IA --- Delta: 0.0170s. Pos ANTES: HB (549, 326), Rect (546, 323), Flot (549.00, 326.00)
2025-05-19 17:11:52 - enemigo - [DEBUG] - [Enemigo_2] Target (centro (618, 311)), Dist: 61.33. Mi Centro HB: (562, 336)
2025-05-19 17:11:52 - enemigo - [DEBUG] - [Enemigo_2] EN RANGO AGRO. Input IA (vel): (63.92, -28.54)
2025-05-19 17:11:52 - enemigo - [DEBUG] - [Enemigo_2] Pos flotante (post-IA y delta): (550.0866, 325.5149)
2025-05-19 17:11:52 - enemigo - [DEBUG] - [Enemigo_2] Solicita movimiento a CH (deltas enteros): dx_int=2, dy_int=-1. HB Actual: (549, 326) (Flotantes totales: dx=1.0866, dy=-0.4851)
2025-05-19 17:11:52 - enemigo - [DEBUG] - [Enemigo_2] Inicia _mover_y_colisionar_con_obstaculos. dx_int=2, dy_int=-1. HB Actual: (549, 326)
2025-05-19 17:11:52 - enemigo - [DEBUG] - [Enemigo_2] Hitbox recentrado (enemigo): (564, 335) (Rect center: (564, 335))
2025-05-19 17:11:52 - enemigo - [DEBUG] - [Enemigo_2] _mover_y_colisionar: HB Antes CH: (549,326), HB Despues CH y Sinc: (551,325), Rect: (548, 322), PosFlotante: (551.00,325.00)
2025-05-19 17:11:52 - enemigo - [DEBUG] - [Enemigo_2] Posición DESPUÉS de mov/col: HB (551, 325), Rect (548, 322), Flot (551.00, 325.00)
2025-05-19 17:11:52 - enemigo - [DEBUG] - [Enemigo_1] --- Inicio Update IA --- Delta: 0.0160s. Pos ANTES: HB (563, 301), Rect (560, 298), Flot (563.00, 301.00)
2025-05-19 17:11:52 - enemigo - [DEBUG] - [Enemigo_1] Target (centro (622, 311)), Dist: 46.00. Mi Centro HB: (576, 311)
2025-05-19 17:11:52 - enemigo - [DEBUG] - [Enemigo_1] Pos flotante (post-IA y delta): (564.1200, 301.0000)
2025-05-19 17:11:52 - enemigo - [DEBUG] - [Enemigo_1] Solicita movimiento a CH (deltas enteros): dx_int=2, dy_int=0. HB Actual: (563, 301) (Flotantes totales: dx=1.1200, dy=0.0000)
2025-05-19 17:11:52 - enemigo - [DEBUG] - [Enemigo_1] Inicia _mover_y_colisionar_con_obstaculos. dx_int=2, dy_int=0. HB Actual: (563, 301)
2025-05-19 17:11:52 - enemigo - [DEBUG] - [Enemigo_1] Hitbox recentrado (enemigo): (578, 311) (Rect center: (578, 311))
2025-05-19 17:11:52 - enemigo - [DEBUG] - [Enemigo_1] _mover_y_colisionar: HB Antes CH: (563,301), HB Despues CH y Sinc: (565,301), Rect: (562, 298), PosFlotante: (565.00,301.00)
2025-05-19 17:11:52 - enemigo - [DEBUG] - [Enemigo_1] Posición DESPUÉS de mov/col: HB (565, 301), Rect (562, 298), Flot (565.00, 301.00)
2025-05-19 17:11:52 - enemigo - [DEBUG] - [Enemigo_2] --- Inicio Update IA --- Delta: 0.0160s. Pos ANTES: HB (551, 325), Rect (548, 322), Flot (551.00, 325.00)
2025-05-19 17:11:52 - enemigo - [DEBUG] - [Enemigo_2] Target (centro (622, 311)), Dist: 62.77. Mi Centro HB: (564, 335)
2025-05-19 17:11:52 - enemigo - [DEBUG] - [Enemigo_2] EN RANGO AGRO. Input IA (vel): (64.68, -26.76)
2025-05-19 17:11:52 - enemigo - [DEBUG] - [Enemigo_2] Pos flotante (post-IA y delta): (552.0349, 324.5718)
2025-05-19 17:11:52 - enemigo - [DEBUG] - [Enemigo_2] Solicita movimiento a CH (deltas enteros): dx_int=2, dy_int=-1. HB Actual: (551, 325) (Flotantes totales: dx=1.0349, dy=-0.4282)
2025-05-19 17:11:52 - enemigo - [DEBUG] - [Enemigo_2] Inicia _mover_y_colisionar_con_obstaculos. dx_int=2, dy_int=-1. HB Actual: (551, 325)
2025-05-19 17:11:52 - enemigo - [DEBUG] - [Enemigo_2] Hitbox recentrado (enemigo): (566, 334) (Rect center: (566, 334))
2025-05-19 17:11:52 - enemigo - [DEBUG] - [Enemigo_2] _mover_y_colisionar: HB Antes CH: (551,325), HB Despues CH y Sinc: (553,324), Rect: (550, 321), PosFlotante: (553.00,324.00)
2025-05-19 17:11:52 - enemigo - [DEBUG] - [Enemigo_2] Posición DESPUÉS de mov/col: HB (553, 324), Rect (550, 321), Flot (553.00, 324.00)
2025-05-19 17:11:52 - enemigo - [DEBUG] - [Enemigo_1] --- Inicio Update IA --- Delta: 0.0170s. Pos ANTES: HB (565, 301), Rect (562, 298), Flot (565.00, 301.00)
2025-05-19 17:11:52 - enemigo - [DEBUG] - [Enemigo_1] Target (centro (625, 311)), Dist: 47.00. Mi Centro HB: (578, 311)
2025-05-19 17:11:52 - enemigo - [DEBUG] - [Enemigo_1] Pos flotante (post-IA y delta): (566.1900, 301.0000)
2025-05-19 17:11:52 - enemigo - [DEBUG] - [Enemigo_1] Solicita movimiento a CH (deltas enteros): dx_int=2, dy_int=0. HB Actual: (565, 301) (Flotantes totales: dx=1.1900, dy=0.0000)
2025-05-19 17:11:52 - enemigo - [DEBUG] - [Enemigo_1] Inicia _mover_y_colisionar_con_obstaculos. dx_int=2, dy_int=0. HB Actual: (565, 301)
2025-05-19 17:11:52 - enemigo - [DEBUG] - [Enemigo_1] Hitbox recentrado (enemigo): (580, 311) (Rect center: (580, 311))
2025-05-19 17:11:52 - enemigo - [DEBUG] - [Enemigo_1] _mover_y_colisionar: HB Antes CH: (565,301), HB Despues CH y Sinc: (567,301), Rect: (564, 298), PosFlotante: (567.00,301.00)
2025-05-19 17:11:52 - enemigo - [DEBUG] - [Enemigo_1] Posición DESPUÉS de mov/col: HB (567, 301), Rect (564, 298), Flot (567.00, 301.00)
2025-05-19 17:11:52 - enemigo - [DEBUG] - [Enemigo_2] --- Inicio Update IA --- Delta: 0.0170s. Pos ANTES: HB (553, 324), Rect (550, 321), Flot (553.00, 324.00)
2025-05-19 17:11:52 - enemigo - [DEBUG] - [Enemigo_2] Target (centro (625, 311)), Dist: 63.32. Mi Centro HB: (566, 334)
2025-05-19 17:11:52 - enemigo - [DEBUG] - [Enemigo_2] EN RANGO AGRO. Input IA (vel): (65.22, -25.42)
2025-05-19 17:11:52 - enemigo - [DEBUG] - [Enemigo_2] Pos flotante (post-IA y delta): (554.1087, 323.5678)
2025-05-19 17:11:52 - enemigo - [DEBUG] - [Enemigo_2] Solicita movimiento a CH (deltas enteros): dx_int=2, dy_int=-1. HB Actual: (553, 324) (Flotantes totales: dx=1.1087, dy=-0.4322)
2025-05-19 17:11:52 - enemigo - [DEBUG] - [Enemigo_2] Inicia _mover_y_colisionar_con_obstaculos. dx_int=2, dy_int=-1. HB Actual: (553, 324)
2025-05-19 17:11:52 - enemigo - [DEBUG] - [Enemigo_2] Hitbox recentrado (enemigo): (568, 333) (Rect center: (568, 333))
2025-05-19 17:11:52 - enemigo - [DEBUG] - [Enemigo_2] _mover_y_colisionar: HB Antes CH: (553,324), HB Despues CH y Sinc: (555,323), Rect: (552, 320), PosFlotante: (555.00,323.00)
2025-05-19 17:11:52 - enemigo - [DEBUG] - [Enemigo_2] Posición DESPUÉS de mov/col: HB (555, 323), Rect (552, 320), Flot (555.00, 323.00)
2025-05-19 17:11:52 - enemigo - [DEBUG] - [Enemigo_1] --- Inicio Update IA --- Delta: 0.0160s. Pos ANTES: HB (567, 301), Rect (564, 298), Flot (567.00, 301.00)
2025-05-19 17:11:52 - enemigo - [DEBUG] - [Enemigo_1] Target (centro (629, 311)), Dist: 49.00. Mi Centro HB: (580, 311)
2025-05-19 17:11:52 - enemigo - [DEBUG] - [Enemigo_1] EN RANGO AGRO. Input IA (vel): (70.00, 0.00)
2025-05-19 17:11:52 - enemigo - [DEBUG] - [Enemigo_1] Pos flotante (post-IA y delta): (568.1200, 301.0000)
2025-05-19 17:11:52 - enemigo - [DEBUG] - [Enemigo_1] Solicita movimiento a CH (deltas enteros): dx_int=2, dy_int=0. HB Actual: (567, 301) (Flotantes totales: dx=1.1200, dy=0.0000)
2025-05-19 17:11:52 - enemigo - [DEBUG] - [Enemigo_1] Inicia _mover_y_colisionar_con_obstaculos. dx_int=2, dy_int=0. HB Actual: (567, 301)
2025-05-19 17:11:52 - enemigo - [DEBUG] - [Enemigo_1] Hitbox recentrado (enemigo): (582, 311) (Rect center: (582, 311))
2025-05-19 17:11:52 - enemigo - [DEBUG] - [Enemigo_1] _mover_y_colisionar: HB Antes CH: (567,301), HB Despues CH y Sinc: (569,301), Rect: (566, 298), PosFlotante: (569.00,301.00)
2025-05-19 17:11:52 - enemigo - [DEBUG] - [Enemigo_1] Posición DESPUÉS de mov/col: HB (569, 301), Rect (566, 298), Flot (569.00, 301.00)
2025-05-19 17:11:52 - enemigo - [DEBUG] - [Enemigo_2] --- Inicio Update IA --- Delta: 0.0160s. Pos ANTES: HB (555, 323), Rect (552, 320), Flot (555.00, 323.00)
2025-05-19 17:11:52 - enemigo - [DEBUG] - [Enemigo_2] Target (centro (629, 311)), Dist: 64.85. Mi Centro HB: (568, 333)
2025-05-19 17:11:52 - enemigo - [DEBUG] - [Enemigo_2] EN RANGO AGRO. Input IA (vel): (65.85, -23.75)
2025-05-19 17:11:52 - enemigo - [DEBUG] - [Enemigo_2] Pos flotante (post-IA y delta): (556.0536, 322.6200)
2025-05-19 17:11:52 - enemigo - [DEBUG] - [Enemigo_2] Solicita movimiento a CH (deltas enteros): dx_int=2, dy_int=-1. HB Actual: (555, 323) (Flotantes totales: dx=1.0536, dy=-0.3800)
2025-05-19 17:11:52 - enemigo - [DEBUG] - [Enemigo_2] Inicia _mover_y_colisionar_con_obstaculos. dx_int=2, dy_int=-1. HB Actual: (555, 323)
2025-05-19 17:11:52 - enemigo - [DEBUG] - [Enemigo_2] Hitbox recentrado (enemigo): (570, 332) (Rect center: (570, 332))
2025-05-19 17:11:52 - enemigo - [DEBUG] - [Enemigo_2] _mover_y_colisionar: HB Antes CH: (555,323), HB Despues CH y Sinc: (557,322), Rect: (554, 319), PosFlotante: (557.00,322.00)
2025-05-19 17:11:52 - enemigo - [DEBUG] - [Enemigo_2] Posición DESPUÉS de mov/col: HB (557, 322), Rect (554, 319), Flot (557.00, 322.00)
2025-05-19 17:11:52 - enemigo - [DEBUG] - [Enemigo_1] --- Inicio Update IA --- Delta: 0.0170s. Pos ANTES: HB (569, 301), Rect (566, 298), Flot (569.00, 301.00)
2025-05-19 17:11:52 - enemigo - [DEBUG] - [Enemigo_1] Target (centro (632, 311)), Dist: 50.00. Mi Centro HB: (582, 311)
2025-05-19 17:11:52 - enemigo - [DEBUG] - [Enemigo_1] Pos flotante (post-IA y delta): (570.1900, 301.0000)
2025-05-19 17:11:52 - enemigo - [DEBUG] - [Enemigo_1] Solicita movimiento a CH (deltas enteros): dx_int=2, dy_int=0. HB Actual: (569, 301) (Flotantes totales: dx=1.1900, dy=0.0000)
2025-05-19 17:11:52 - enemigo - [DEBUG] - [Enemigo_1] Inicia _mover_y_colisionar_con_obstaculos. dx_int=2, dy_int=0. HB Actual: (569, 301)
2025-05-19 17:11:52 - enemigo - [DEBUG] - [Enemigo_1] Hitbox recentrado (enemigo): (584, 311) (Rect center: (584, 311))
2025-05-19 17:11:52 - enemigo - [DEBUG] - [Enemigo_1] _mover_y_colisionar: HB Antes CH: (569,301), HB Despues CH y Sinc: (571,301), Rect: (568, 298), PosFlotante: (571.00,301.00)
2025-05-19 17:11:52 - enemigo - [DEBUG] - [Enemigo_1] Posición DESPUÉS de mov/col: HB (571, 301), Rect (568, 298), Flot (571.00, 301.00)
2025-05-19 17:11:52 - enemigo - [DEBUG] - [Enemigo_2] --- Inicio Update IA --- Delta: 0.0170s. Pos ANTES: HB (557, 322), Rect (554, 319), Flot (557.00, 322.00)
2025-05-19 17:11:52 - enemigo - [DEBUG] - [Enemigo_2] Target (centro (632, 311)), Dist: 65.46. Mi Centro HB: (570, 332)
2025-05-19 17:11:52 - enemigo - [DEBUG] - [Enemigo_2] EN RANGO AGRO. Input IA (vel): (66.30, -22.46)
2025-05-19 17:11:52 - enemigo - [DEBUG] - [Enemigo_2] Pos flotante (post-IA y delta): (558.1271, 321.6182)
2025-05-19 17:11:52 - enemigo - [DEBUG] - [Enemigo_2] Solicita movimiento a CH (deltas enteros): dx_int=2, dy_int=-1. HB Actual: (557, 322) (Flotantes totales: dx=1.1271, dy=-0.3818)
2025-05-19 17:11:52 - enemigo - [DEBUG] - [Enemigo_2] Inicia _mover_y_colisionar_con_obstaculos. dx_int=2, dy_int=-1. HB Actual: (557, 322)
2025-05-19 17:11:52 - enemigo - [DEBUG] - [Enemigo_2] Hitbox recentrado (enemigo): (572, 331) (Rect center: (572, 331))
2025-05-19 17:11:52 - enemigo - [DEBUG] - [Enemigo_2] _mover_y_colisionar: HB Antes CH: (557,322), HB Despues CH y Sinc: (559,321), Rect: (556, 318), PosFlotante: (559.00,321.00)
2025-05-19 17:11:52 - enemigo - [DEBUG] - [Enemigo_2] Posición DESPUÉS de mov/col: HB (559, 321), Rect (556, 318), Flot (559.00, 321.00)
2025-05-19 17:11:52 - enemigo - [DEBUG] - [Enemigo_1] --- Inicio Update IA --- Delta: 0.0160s. Pos ANTES: HB (571, 301), Rect (568, 298), Flot (571.00, 301.00)
2025-05-19 17:11:52 - enemigo - [DEBUG] - [Enemigo_1] Target (centro (628, 311)), Dist: 44.00. Mi Centro HB: (584, 311)
2025-05-19 17:11:52 - enemigo - [DEBUG] - [Enemigo_1] Pos flotante (post-IA y delta): (572.1200, 301.0000)
2025-05-19 17:11:52 - enemigo - [DEBUG] - [Enemigo_1] Solicita movimiento a CH (deltas enteros): dx_int=2, dy_int=0. HB Actual: (571, 301) (Flotantes totales: dx=1.1200, dy=0.0000)
2025-05-19 17:11:52 - enemigo - [DEBUG] - [Enemigo_1] Inicia _mover_y_colisionar_con_obstaculos. dx_int=2, dy_int=0. HB Actual: (571, 301)
2025-05-19 17:11:52 - enemigo - [DEBUG] - [Enemigo_1] Hitbox recentrado (enemigo): (586, 311) (Rect center: (586, 311))
2025-05-19 17:11:52 - enemigo - [DEBUG] - [Enemigo_1] _mover_y_colisionar: HB Antes CH: (571,301), HB Despues CH y Sinc: (573,301), Rect: (570, 298), PosFlotante: (573.00,301.00)
2025-05-19 17:11:52 - enemigo - [DEBUG] - [Enemigo_1] Posición DESPUÉS de mov/col: HB (573, 301), Rect (570, 298), Flot (573.00, 301.00)
2025-05-19 17:11:52 - enemigo - [DEBUG] - [Enemigo_2] --- Inicio Update IA --- Delta: 0.0160s. Pos ANTES: HB (559, 321), Rect (556, 318), Flot (559.00, 321.00)
2025-05-19 17:11:52 - enemigo - [DEBUG] - [Enemigo_2] Target (centro (628, 311)), Dist: 59.46. Mi Centro HB: (572, 331)
2025-05-19 17:11:52 - enemigo - [DEBUG] - [Enemigo_2] EN RANGO AGRO. Input IA (vel): (65.92, -23.54)
2025-05-19 17:11:52 - enemigo - [DEBUG] - [Enemigo_2] Pos flotante (post-IA y delta): (560.0548, 320.6233)
2025-05-19 17:11:52 - enemigo - [DEBUG] - [Enemigo_2] Solicita movimiento a CH (deltas enteros): dx_int=2, dy_int=-1. HB Actual: (559, 321) (Flotantes totales: dx=1.0548, dy=-0.3767)
2025-05-19 17:11:52 - enemigo - [DEBUG] - [Enemigo_2] Inicia _mover_y_colisionar_con_obstaculos. dx_int=2, dy_int=-1. HB Actual: (559, 321)
2025-05-19 17:11:52 - enemigo - [DEBUG] - [Enemigo_2] Hitbox recentrado (enemigo): (574, 331) (Rect center: (574, 331))
2025-05-19 17:11:52 - enemigo - [DEBUG] - [Enemigo_2] _mover_y_colisionar: HB Antes CH: (559,321), HB Despues CH y Sinc: (561,321), Rect: (558, 318), PosFlotante: (561.00,321.00)
2025-05-19 17:11:52 - enemigo - [DEBUG] - [Enemigo_2] Posición DESPUÉS de mov/col: HB (561, 321), Rect (558, 318), Flot (561.00, 321.00)
2025-05-19 17:11:52 - enemigo - [DEBUG] - [Enemigo_1] --- Inicio Update IA --- Delta: 0.0170s. Pos ANTES: HB (573, 301), Rect (570, 298), Flot (573.00, 301.00)
2025-05-19 17:11:52 - enemigo - [DEBUG] - [Enemigo_1] Target (centro (625, 311)), Dist: 39.00. Mi Centro HB: (586, 311)
2025-05-19 17:11:52 - enemigo - [DEBUG] - [Enemigo_1] Pos flotante (post-IA y delta): (574.1900, 301.0000)
2025-05-19 17:11:52 - enemigo - [DEBUG] - [Enemigo_1] Solicita movimiento a CH (deltas enteros): dx_int=2, dy_int=0. HB Actual: (573, 301) (Flotantes totales: dx=1.1900, dy=0.0000)
2025-05-19 17:11:52 - enemigo - [DEBUG] - [Enemigo_1] Inicia _mover_y_colisionar_con_obstaculos. dx_int=2, dy_int=0. HB Actual: (573, 301)
2025-05-19 17:11:52 - enemigo - [DEBUG] - [Enemigo_1] Hitbox recentrado (enemigo): (588, 311) (Rect center: (588, 311))
2025-05-19 17:11:52 - enemigo - [DEBUG] - [Enemigo_1] _mover_y_colisionar: HB Antes CH: (573,301), HB Despues CH y Sinc: (575,301), Rect: (572, 298), PosFlotante: (575.00,301.00)
2025-05-19 17:11:52 - enemigo - [DEBUG] - [Enemigo_1] Posición DESPUÉS de mov/col: HB (575, 301), Rect (572, 298), Flot (575.00, 301.00)
2025-05-19 17:11:52 - enemigo - [DEBUG] - [Enemigo_2] --- Inicio Update IA --- Delta: 0.0170s. Pos ANTES: HB (561, 321), Rect (558, 318), Flot (561.00, 321.00)
2025-05-19 17:11:52 - enemigo - [DEBUG] - [Enemigo_2] Target (centro (625, 311)), Dist: 54.78. Mi Centro HB: (574, 331)
2025-05-19 17:11:52 - enemigo - [DEBUG] - [Enemigo_2] EN RANGO AGRO. Input IA (vel): (65.17, -25.56)
2025-05-19 17:11:52 - enemigo - [DEBUG] - [Enemigo_2] Pos flotante (post-IA y delta): (562.1079, 320.5655)
2025-05-19 17:11:52 - enemigo - [DEBUG] - [Enemigo_2] Solicita movimiento a CH (deltas enteros): dx_int=2, dy_int=-1. HB Actual: (561, 321) (Flotantes totales: dx=1.1079, dy=-0.4345)
2025-05-19 17:11:52 - enemigo - [DEBUG] - [Enemigo_2] Inicia _mover_y_colisionar_con_obstaculos. dx_int=2, dy_int=-1. HB Actual: (561, 321)
2025-05-19 17:11:52 - enemigo - [DEBUG] - [Enemigo_2] Hitbox recentrado (enemigo): (576, 331) (Rect center: (576, 331))
2025-05-19 17:11:52 - enemigo - [DEBUG] - [Enemigo_2] _mover_y_colisionar: HB Antes CH: (561,321), HB Despues CH y Sinc: (563,321), Rect: (560, 318), PosFlotante: (563.00,321.00)
2025-05-19 17:11:52 - enemigo - [DEBUG] - [Enemigo_2] Posición DESPUÉS de mov/col: HB (563, 321), Rect (560, 318), Flot (563.00, 321.00)
2025-05-19 17:11:52 - enemigo - [DEBUG] - [Enemigo_1] --- Inicio Update IA --- Delta: 0.0160s. Pos ANTES: HB (575, 301), Rect (572, 298), Flot (575.00, 301.00)
2025-05-19 17:11:52 - enemigo - [DEBUG] - [Enemigo_1] Target (centro (621, 311)), Dist: 33.00. Mi Centro HB: (588, 311)
2025-05-19 17:11:52 - enemigo - [DEBUG] - [Enemigo_1] EN RANGO AGRO. Input IA (vel): (70.00, 0.00)
2025-05-19 17:11:52 - enemigo - [DEBUG] - [Enemigo_1] Pos flotante (post-IA y delta): (576.1200, 301.0000)
2025-05-19 17:11:52 - enemigo - [DEBUG] - [Enemigo_1] Solicita movimiento a CH (deltas enteros): dx_int=2, dy_int=0. HB Actual: (575, 301) (Flotantes totales: dx=1.1200, dy=0.0000)
2025-05-19 17:11:52 - enemigo - [DEBUG] - [Enemigo_1] Inicia _mover_y_colisionar_con_obstaculos. dx_int=2, dy_int=0. HB Actual: (575, 301)
2025-05-19 17:11:52 - enemigo - [DEBUG] - [Enemigo_1] Hitbox recentrado (enemigo): (590, 311) (Rect center: (590, 311))
2025-05-19 17:11:52 - enemigo - [DEBUG] - [Enemigo_1] _mover_y_colisionar: HB Antes CH: (575,301), HB Despues CH y Sinc: (577,301), Rect: (574, 298), PosFlotante: (577.00,301.00)
2025-05-19 17:11:52 - enemigo - [DEBUG] - [Enemigo_1] Posición DESPUÉS de mov/col: HB (577, 301), Rect (574, 298), Flot (577.00, 301.00)
2025-05-19 17:11:52 - enemigo - [DEBUG] - [Enemigo_2] --- Inicio Update IA --- Delta: 0.0160s. Pos ANTES: HB (563, 321), Rect (560, 318), Flot (563.00, 321.00)
2025-05-19 17:11:52 - enemigo - [DEBUG] - [Enemigo_2] Target (centro (621, 311)), Dist: 49.24. Mi Centro HB: (576, 331)
2025-05-19 17:11:52 - enemigo - [DEBUG] - [Enemigo_2] EN RANGO AGRO. Input IA (vel): (63.97, -28.43)
2025-05-19 17:11:52 - enemigo - [DEBUG] - [Enemigo_2] Pos flotante (post-IA y delta): (564.0235, 320.5451)
2025-05-19 17:11:52 - enemigo - [DEBUG] - [Enemigo_2] Solicita movimiento a CH (deltas enteros): dx_int=2, dy_int=-1. HB Actual: (563, 321) (Flotantes totales: dx=1.0235, dy=-0.4549)
2025-05-19 17:11:52 - enemigo - [DEBUG] - [Enemigo_2] Inicia _mover_y_colisionar_con_obstaculos. dx_int=2, dy_int=-1. HB Actual: (563, 321)
2025-05-19 17:11:52 - enemigo - [DEBUG] - [Enemigo_2] Hitbox recentrado (enemigo): (578, 331) (Rect center: (578, 331))
2025-05-19 17:11:52 - enemigo - [DEBUG] - [Enemigo_2] _mover_y_colisionar: HB Antes CH: (563,321), HB Despues CH y Sinc: (565,321), Rect: (562, 318), PosFlotante: (565.00,321.00)
2025-05-19 17:11:52 - enemigo - [DEBUG] - [Enemigo_2] Posición DESPUÉS de mov/col: HB (565, 321), Rect (562, 318), Flot (565.00, 321.00)
2025-05-19 17:11:52 - enemigo - [DEBUG] - [Enemigo_1] --- Inicio Update IA --- Delta: 0.0160s. Pos ANTES: HB (577, 301), Rect (574, 298), Flot (577.00, 301.00)
2025-05-19 17:11:52 - enemigo - [DEBUG] - [Enemigo_1] Target (centro (618, 311)), Dist: 28.00. Mi Centro HB: (590, 311)
2025-05-19 17:11:52 - enemigo - [DEBUG] - [Enemigo_1] Pos flotante (post-IA y delta): (578.1200, 301.0000)
2025-05-19 17:11:52 - enemigo - [DEBUG] - [Enemigo_1] Solicita movimiento a CH (deltas enteros): dx_int=2, dy_int=0. HB Actual: (577, 301) (Flotantes totales: dx=1.1200, dy=0.0000)
2025-05-19 17:11:52 - enemigo - [DEBUG] - [Enemigo_1] Inicia _mover_y_colisionar_con_obstaculos. dx_int=2, dy_int=0. HB Actual: (577, 301)
2025-05-19 17:11:52 - enemigo - [DEBUG] - [Enemigo_1] Hitbox recentrado (enemigo): (592, 311) (Rect center: (592, 311))
2025-05-19 17:11:52 - enemigo - [DEBUG] - [Enemigo_1] _mover_y_colisionar: HB Antes CH: (577,301), HB Despues CH y Sinc: (579,301), Rect: (576, 298), PosFlotante: (579.00,301.00)
2025-05-19 17:11:52 - enemigo - [DEBUG] - [Enemigo_1] Posición DESPUÉS de mov/col: HB (579, 301), Rect (576, 298), Flot (579.00, 301.00)
2025-05-19 17:11:52 - enemigo - [DEBUG] - [Enemigo_2] --- Inicio Update IA --- Delta: 0.0160s. Pos ANTES: HB (565, 321), Rect (562, 318), Flot (565.00, 321.00)
2025-05-19 17:11:52 - enemigo - [DEBUG] - [Enemigo_2] Target (centro (618, 311)), Dist: 44.72. Mi Centro HB: (578, 331)
2025-05-19 17:11:52 - enemigo - [DEBUG] - [Enemigo_2] EN RANGO AGRO. Input IA (vel): (62.61, -31.30)
2025-05-19 17:11:52 - enemigo - [DEBUG] - [Enemigo_2] Pos flotante (post-IA y delta): (566.0018, 320.4991)
2025-05-19 17:11:52 - enemigo - [DEBUG] - [Enemigo_2] Solicita movimiento a CH (deltas enteros): dx_int=2, dy_int=-1. HB Actual: (565, 321) (Flotantes totales: dx=1.0018, dy=-0.5009)
2025-05-19 17:11:52 - enemigo - [DEBUG] - [Enemigo_2] Inicia _mover_y_colisionar_con_obstaculos. dx_int=2, dy_int=-1. HB Actual: (565, 321)
2025-05-19 17:11:52 - enemigo - [DEBUG] - [Enemigo_2] Hitbox recentrado (enemigo): (580, 331) (Rect center: (580, 331))
2025-05-19 17:11:52 - enemigo - [DEBUG] - [Enemigo_2] _mover_y_colisionar: HB Antes CH: (565,321), HB Despues CH y Sinc: (567,321), Rect: (564, 318), PosFlotante: (567.00,321.00)
2025-05-19 17:11:52 - enemigo - [DEBUG] - [Enemigo_2] Posición DESPUÉS de mov/col: HB (567, 321), Rect (564, 318), Flot (567.00, 321.00)
2025-05-19 17:11:52 - enemigo - [DEBUG] - [Enemigo_1] --- Inicio Update IA --- Delta: 0.0160s. Pos ANTES: HB (579, 301), Rect (576, 298), Flot (579.00, 301.00)
2025-05-19 17:11:52 - enemigo - [DEBUG] - [Enemigo_1] Target (centro (617, 311)), Dist: 25.00. Mi Centro HB: (592, 311)
2025-05-19 17:11:52 - enemigo - [DEBUG] - [Enemigo_1] Pos flotante (post-IA y delta): (580.1200, 301.0000)
2025-05-19 17:11:52 - enemigo - [DEBUG] - [Enemigo_1] Solicita movimiento a CH (deltas enteros): dx_int=2, dy_int=0. HB Actual: (579, 301) (Flotantes totales: dx=1.1200, dy=0.0000)
2025-05-19 17:11:52 - enemigo - [DEBUG] - [Enemigo_1] Inicia _mover_y_colisionar_con_obstaculos. dx_int=2, dy_int=0. HB Actual: (579, 301)
2025-05-19 17:11:52 - enemigo - [DEBUG] - [Enemigo_1] Hitbox recentrado (enemigo): (594, 311) (Rect center: (594, 311))
2025-05-19 17:11:52 - enemigo - [DEBUG] - [Enemigo_1] _mover_y_colisionar: HB Antes CH: (579,301), HB Despues CH y Sinc: (581,301), Rect: (578, 298), PosFlotante: (581.00,301.00)
2025-05-19 17:11:52 - enemigo - [DEBUG] - [Enemigo_1] Posición DESPUÉS de mov/col: HB (581, 301), Rect (578, 298), Flot (581.00, 301.00)
2025-05-19 17:11:52 - enemigo - [DEBUG] - [Enemigo_2] --- Inicio Update IA --- Delta: 0.0160s. Pos ANTES: HB (567, 321), Rect (564, 318), Flot (567.00, 321.00)
2025-05-19 17:11:52 - enemigo - [DEBUG] - [Enemigo_2] Target (centro (617, 311)), Dist: 42.06. Mi Centro HB: (580, 331)
2025-05-19 17:11:52 - enemigo - [DEBUG] - [Enemigo_2] EN RANGO AGRO. Input IA (vel): (61.58, -33.29)
2025-05-19 17:11:52 - enemigo - [DEBUG] - [Enemigo_2] Pos flotante (post-IA y delta): (567.9853, 320.4674)
2025-05-19 17:11:52 - enemigo - [DEBUG] - [Enemigo_2] Solicita movimiento a CH (deltas enteros): dx_int=1, dy_int=-1. HB Actual: (567, 321) (Flotantes totales: dx=0.9853, dy=-0.5326)
2025-05-19 17:11:52 - enemigo - [DEBUG] - [Enemigo_2] Inicia _mover_y_colisionar_con_obstaculos. dx_int=1, dy_int=-1. HB Actual: (567, 321)
2025-05-19 17:11:52 - enemigo - [DEBUG] - [Enemigo_2] Hitbox recentrado (enemigo): (581, 331) (Rect center: (581, 331))
2025-05-19 17:11:52 - enemigo - [DEBUG] - [Enemigo_2] _mover_y_colisionar: HB Antes CH: (567,321), HB Despues CH y Sinc: (568,321), Rect: (565, 318), PosFlotante: (568.00,321.00)
2025-05-19 17:11:52 - enemigo - [DEBUG] - [Enemigo_2] Posición DESPUÉS de mov/col: HB (568, 321), Rect (565, 318), Flot (568.00, 321.00)
2025-05-19 17:11:52 - enemigo - [DEBUG] - [Enemigo_1] --- Inicio Update IA --- Delta: 0.0170s. Pos ANTES: HB (581, 301), Rect (578, 298), Flot (581.00, 301.00)
2025-05-19 17:11:52 - enemigo - [DEBUG] - [Enemigo_1] Target (centro (619, 311)), Dist: 25.00. Mi Centro HB: (594, 311)
2025-05-19 17:11:52 - enemigo - [DEBUG] - [Enemigo_1] Pos flotante (post-IA y delta): (582.1900, 301.0000)
2025-05-19 17:11:52 - enemigo - [DEBUG] - [Enemigo_1] Solicita movimiento a CH (deltas enteros): dx_int=2, dy_int=0. HB Actual: (581, 301) (Flotantes totales: dx=1.1900, dy=0.0000)
2025-05-19 17:11:52 - enemigo - [DEBUG] - [Enemigo_1] Inicia _mover_y_colisionar_con_obstaculos. dx_int=2, dy_int=0. HB Actual: (581, 301)
2025-05-19 17:11:52 - enemigo - [DEBUG] - [Enemigo_1] Hitbox recentrado (enemigo): (596, 311) (Rect center: (596, 311))
2025-05-19 17:11:52 - enemigo - [DEBUG] - [Enemigo_1] _mover_y_colisionar: HB Antes CH: (581,301), HB Despues CH y Sinc: (583,301), Rect: (580, 298), PosFlotante: (583.00,301.00)
2025-05-19 17:11:52 - enemigo - [DEBUG] - [Enemigo_1] Posición DESPUÉS de mov/col: HB (583, 301), Rect (580, 298), Flot (583.00, 301.00)
2025-05-19 17:11:52 - enemigo - [DEBUG] - [Enemigo_2] --- Inicio Update IA --- Delta: 0.0170s. Pos ANTES: HB (568, 321), Rect (565, 318), Flot (568.00, 321.00)
2025-05-19 17:11:52 - enemigo - [DEBUG] - [Enemigo_2] Target (centro (619, 311)), Dist: 42.94. Mi Centro HB: (581, 331)
2025-05-19 17:11:52 - enemigo - [DEBUG] - [Enemigo_2] EN RANGO AGRO. Input IA (vel): (61.94, -32.60)
2025-05-19 17:11:52 - enemigo - [DEBUG] - [Enemigo_2] Pos flotante (post-IA y delta): (569.0531, 320.4458)
2025-05-19 17:11:52 - enemigo - [DEBUG] - [Enemigo_2] Solicita movimiento a CH (deltas enteros): dx_int=2, dy_int=-1. HB Actual: (568, 321) (Flotantes totales: dx=1.0531, dy=-0.5542)
2025-05-19 17:11:52 - enemigo - [DEBUG] - [Enemigo_2] Inicia _mover_y_colisionar_con_obstaculos. dx_int=2, dy_int=-1. HB Actual: (568, 321)
2025-05-19 17:11:52 - enemigo - [DEBUG] - [Enemigo_2] Hitbox recentrado (enemigo): (583, 331) (Rect center: (583, 331))
2025-05-19 17:11:52 - enemigo - [DEBUG] - [Enemigo_2] _mover_y_colisionar: HB Antes CH: (568,321), HB Despues CH y Sinc: (570,321), Rect: (567, 318), PosFlotante: (570.00,321.00)
2025-05-19 17:11:52 - enemigo - [DEBUG] - [Enemigo_2] Posición DESPUÉS de mov/col: HB (570, 321), Rect (567, 318), Flot (570.00, 321.00)
2025-05-19 17:11:52 - enemigo - [DEBUG] - [Enemigo_1] --- Inicio Update IA --- Delta: 0.0160s. Pos ANTES: HB (583, 301), Rect (580, 298), Flot (583.00, 301.00)
2025-05-19 17:11:52 - enemigo - [DEBUG] - [Enemigo_1] Target (centro (621, 311)), Dist: 25.00. Mi Centro HB: (596, 311)
2025-05-19 17:11:52 - enemigo - [DEBUG] - [Enemigo_1] EN RANGO AGRO. Input IA (vel): (70.00, 0.00)
2025-05-19 17:11:52 - enemigo - [DEBUG] - [Enemigo_1] Pos flotante (post-IA y delta): (584.1200, 301.0000)
2025-05-19 17:11:52 - enemigo - [DEBUG] - [Enemigo_1] Solicita movimiento a CH (deltas enteros): dx_int=2, dy_int=0. HB Actual: (583, 301) (Flotantes totales: dx=1.1200, dy=0.0000)
2025-05-19 17:11:52 - enemigo - [DEBUG] - [Enemigo_1] Inicia _mover_y_colisionar_con_obstaculos. dx_int=2, dy_int=0. HB Actual: (583, 301)
2025-05-19 17:11:52 - enemigo - [DEBUG] - [Enemigo_1] Hitbox recentrado (enemigo): (598, 311) (Rect center: (598, 311))
2025-05-19 17:11:52 - enemigo - [DEBUG] - [Enemigo_1] _mover_y_colisionar: HB Antes CH: (583,301), HB Despues CH y Sinc: (585,301), Rect: (582, 298), PosFlotante: (585.00,301.00)
2025-05-19 17:11:52 - enemigo - [DEBUG] - [Enemigo_1] Posición DESPUÉS de mov/col: HB (585, 301), Rect (582, 298), Flot (585.00, 301.00)
2025-05-19 17:11:52 - enemigo - [DEBUG] - [Enemigo_2] --- Inicio Update IA --- Delta: 0.0160s. Pos ANTES: HB (570, 321), Rect (567, 318), Flot (570.00, 321.00)
2025-05-19 17:11:52 - enemigo - [DEBUG] - [Enemigo_2] Target (centro (621, 311)), Dist: 42.94. Mi Centro HB: (583, 331)
2025-05-19 17:11:52 - enemigo - [DEBUG] - [Enemigo_2] Pos flotante (post-IA y delta): (570.9911, 320.4784)
2025-05-19 17:11:52 - enemigo - [DEBUG] - [Enemigo_2] Solicita movimiento a CH (deltas enteros): dx_int=1, dy_int=-1. HB Actual: (570, 321) (Flotantes totales: dx=0.9911, dy=-0.5216)
2025-05-19 17:11:52 - enemigo - [DEBUG] - [Enemigo_2] Inicia _mover_y_colisionar_con_obstaculos. dx_int=1, dy_int=-1. HB Actual: (570, 321)
2025-05-19 17:11:52 - enemigo - [DEBUG] - [Enemigo_2] Hitbox recentrado (enemigo): (584, 331) (Rect center: (584, 331))
2025-05-19 17:11:52 - enemigo - [DEBUG] - [Enemigo_2] _mover_y_colisionar: HB Antes CH: (570,321), HB Despues CH y Sinc: (571,321), Rect: (568, 318), PosFlotante: (571.00,321.00)
2025-05-19 17:11:52 - enemigo - [DEBUG] - [Enemigo_2] Posición DESPUÉS de mov/col: HB (571, 321), Rect (568, 318), Flot (571.00, 321.00)
2025-05-19 17:11:52 - enemigo - [DEBUG] - [Enemigo_1] --- Inicio Update IA --- Delta: 0.0170s. Pos ANTES: HB (585, 301), Rect (582, 298), Flot (585.00, 301.00)
2025-05-19 17:11:52 - enemigo - [DEBUG] - [Enemigo_1] Target (centro (623, 311)), Dist: 25.00. Mi Centro HB: (598, 311)
2025-05-19 17:11:52 - enemigo - [DEBUG] - [Enemigo_1] Pos flotante (post-IA y delta): (586.1900, 301.0000)
2025-05-19 17:11:52 - enemigo - [DEBUG] - [Enemigo_1] Solicita movimiento a CH (deltas enteros): dx_int=2, dy_int=0. HB Actual: (585, 301) (Flotantes totales: dx=1.1900, dy=0.0000)
2025-05-19 17:11:52 - enemigo - [DEBUG] - [Enemigo_1] Inicia _mover_y_colisionar_con_obstaculos. dx_int=2, dy_int=0. HB Actual: (585, 301)
2025-05-19 17:11:52 - enemigo - [DEBUG] - [Enemigo_1] Hitbox recentrado (enemigo): (600, 311) (Rect center: (600, 311))
2025-05-19 17:11:52 - enemigo - [DEBUG] - [Enemigo_1] _mover_y_colisionar: HB Antes CH: (585,301), HB Despues CH y Sinc: (587,301), Rect: (584, 298), PosFlotante: (587.00,301.00)
2025-05-19 17:11:52 - enemigo - [DEBUG] - [Enemigo_1] Posición DESPUÉS de mov/col: HB (587, 301), Rect (584, 298), Flot (587.00, 301.00)
2025-05-19 17:11:52 - enemigo - [DEBUG] - [Enemigo_2] --- Inicio Update IA --- Delta: 0.0170s. Pos ANTES: HB (571, 321), Rect (568, 318), Flot (571.00, 321.00)
2025-05-19 17:11:52 - enemigo - [DEBUG] - [Enemigo_2] Target (centro (623, 311)), Dist: 43.83. Mi Centro HB: (584, 331)
2025-05-19 17:11:52 - enemigo - [DEBUG] - [Enemigo_2] EN RANGO AGRO. Input IA (vel): (62.29, -31.94)
2025-05-19 17:11:52 - enemigo - [DEBUG] - [Enemigo_2] Pos flotante (post-IA y delta): (572.0589, 320.4570)
2025-05-19 17:11:52 - enemigo - [DEBUG] - [Enemigo_2] Solicita movimiento a CH (deltas enteros): dx_int=2, dy_int=-1. HB Actual: (571, 321) (Flotantes totales: dx=1.0589, dy=-0.5430)
2025-05-19 17:11:52 - enemigo - [DEBUG] - [Enemigo_2] Inicia _mover_y_colisionar_con_obstaculos. dx_int=2, dy_int=-1. HB Actual: (571, 321)
2025-05-19 17:11:52 - enemigo - [DEBUG] - [Enemigo_2] Hitbox recentrado (enemigo): (586, 331) (Rect center: (586, 331))
2025-05-19 17:11:52 - enemigo - [DEBUG] - [Enemigo_2] _mover_y_colisionar: HB Antes CH: (571,321), HB Despues CH y Sinc: (573,321), Rect: (570, 318), PosFlotante: (573.00,321.00)
2025-05-19 17:11:52 - enemigo - [DEBUG] - [Enemigo_2] Posición DESPUÉS de mov/col: HB (573, 321), Rect (570, 318), Flot (573.00, 321.00)
2025-05-19 17:11:52 - enemigo - [DEBUG] - [Enemigo_1] --- Inicio Update IA --- Delta: 0.0170s. Pos ANTES: HB (587, 301), Rect (584, 298), Flot (587.00, 301.00)
2025-05-19 17:11:52 - enemigo - [DEBUG] - [Enemigo_1] Target (centro (625, 311)), Dist: 25.00. Mi Centro HB: (600, 311)
2025-05-19 17:11:52 - enemigo - [DEBUG] - [Enemigo_1] Pos flotante (post-IA y delta): (588.1900, 301.0000)
2025-05-19 17:11:52 - enemigo - [DEBUG] - [Enemigo_1] Solicita movimiento a CH (deltas enteros): dx_int=2, dy_int=0. HB Actual: (587, 301) (Flotantes totales: dx=1.1900, dy=0.0000)
2025-05-19 17:11:52 - enemigo - [DEBUG] - [Enemigo_1] Inicia _mover_y_colisionar_con_obstaculos. dx_int=2, dy_int=0. HB Actual: (587, 301)
2025-05-19 17:11:52 - enemigo - [DEBUG] - [Enemigo_1] Hitbox recentrado (enemigo): (602, 311) (Rect center: (602, 311))
2025-05-19 17:11:52 - enemigo - [DEBUG] - [Enemigo_1] _mover_y_colisionar: HB Antes CH: (587,301), HB Despues CH y Sinc: (589,301), Rect: (586, 298), PosFlotante: (589.00,301.00)
2025-05-19 17:11:52 - enemigo - [DEBUG] - [Enemigo_1] Posición DESPUÉS de mov/col: HB (589, 301), Rect (586, 298), Flot (589.00, 301.00)
2025-05-19 17:11:52 - enemigo - [DEBUG] - [Enemigo_2] --- Inicio Update IA --- Delta: 0.0170s. Pos ANTES: HB (573, 321), Rect (570, 318), Flot (573.00, 321.00)
2025-05-19 17:11:52 - enemigo - [DEBUG] - [Enemigo_2] Target (centro (625, 311)), Dist: 43.83. Mi Centro HB: (586, 331)
2025-05-19 17:11:52 - enemigo - [DEBUG] - [Enemigo_2] Pos flotante (post-IA y delta): (574.0589, 320.4570)
2025-05-19 17:11:52 - enemigo - [DEBUG] - [Enemigo_2] Solicita movimiento a CH (deltas enteros): dx_int=2, dy_int=-1. HB Actual: (573, 321) (Flotantes totales: dx=1.0589, dy=-0.5430)
2025-05-19 17:11:52 - enemigo - [DEBUG] - [Enemigo_2] Inicia _mover_y_colisionar_con_obstaculos. dx_int=2, dy_int=-1. HB Actual: (573, 321)
2025-05-19 17:11:52 - enemigo - [DEBUG] - [Enemigo_2] Hitbox recentrado (enemigo): (588, 331) (Rect center: (588, 331))
2025-05-19 17:11:52 - enemigo - [DEBUG] - [Enemigo_2] _mover_y_colisionar: HB Antes CH: (573,321), HB Despues CH y Sinc: (575,321), Rect: (572, 318), PosFlotante: (575.00,321.00)
2025-05-19 17:11:52 - enemigo - [DEBUG] - [Enemigo_2] Posición DESPUÉS de mov/col: HB (575, 321), Rect (572, 318), Flot (575.00, 321.00)
2025-05-19 17:11:52 - enemigo - [DEBUG] - [Enemigo_1] --- Inicio Update IA --- Delta: 0.0170s. Pos ANTES: HB (589, 301), Rect (586, 298), Flot (589.00, 301.00)
2025-05-19 17:11:52 - enemigo - [DEBUG] - [Enemigo_1] Target (centro (627, 311)), Dist: 25.00. Mi Centro HB: (602, 311)
2025-05-19 17:11:52 - enemigo - [DEBUG] - [Enemigo_1] EN RANGO AGRO. Input IA (vel): (70.00, 0.00)
2025-05-19 17:11:52 - enemigo - [DEBUG] - [Enemigo_1] Pos flotante (post-IA y delta): (590.1900, 301.0000)
2025-05-19 17:11:52 - enemigo - [DEBUG] - [Enemigo_1] Solicita movimiento a CH (deltas enteros): dx_int=2, dy_int=0. HB Actual: (589, 301) (Flotantes totales: dx=1.1900, dy=0.0000)
2025-05-19 17:11:52 - enemigo - [DEBUG] - [Enemigo_1] Inicia _mover_y_colisionar_con_obstaculos. dx_int=2, dy_int=0. HB Actual: (589, 301)
2025-05-19 17:11:52 - enemigo - [DEBUG] - [Enemigo_1] Hitbox recentrado (enemigo): (604, 311) (Rect center: (604, 311))
2025-05-19 17:11:52 - enemigo - [DEBUG] - [Enemigo_1] _mover_y_colisionar: HB Antes CH: (589,301), HB Despues CH y Sinc: (591,301), Rect: (588, 298), PosFlotante: (591.00,301.00)
2025-05-19 17:11:52 - enemigo - [DEBUG] - [Enemigo_1] Posición DESPUÉS de mov/col: HB (591, 301), Rect (588, 298), Flot (591.00, 301.00)
2025-05-19 17:11:52 - enemigo - [DEBUG] - [Enemigo_2] --- Inicio Update IA --- Delta: 0.0170s. Pos ANTES: HB (575, 321), Rect (572, 318), Flot (575.00, 321.00)
2025-05-19 17:11:52 - enemigo - [DEBUG] - [Enemigo_2] Target (centro (627, 311)), Dist: 43.83. Mi Centro HB: (588, 331)
2025-05-19 17:11:52 - enemigo - [DEBUG] - [Enemigo_2] Pos flotante (post-IA y delta): (576.0589, 320.4570)
2025-05-19 17:11:52 - enemigo - [DEBUG] - [Enemigo_2] Solicita movimiento a CH (deltas enteros): dx_int=2, dy_int=-1. HB Actual: (575, 321) (Flotantes totales: dx=1.0589, dy=-0.5430)
2025-05-19 17:11:52 - enemigo - [DEBUG] - [Enemigo_2] Inicia _mover_y_colisionar_con_obstaculos. dx_int=2, dy_int=-1. HB Actual: (575, 321)
2025-05-19 17:11:52 - enemigo - [DEBUG] - [Enemigo_2] Hitbox recentrado (enemigo): (590, 331) (Rect center: (590, 331))
2025-05-19 17:11:52 - enemigo - [DEBUG] - [Enemigo_2] _mover_y_colisionar: HB Antes CH: (575,321), HB Despues CH y Sinc: (577,321), Rect: (574, 318), PosFlotante: (577.00,321.00)
2025-05-19 17:11:52 - enemigo - [DEBUG] - [Enemigo_2] Posición DESPUÉS de mov/col: HB (577, 321), Rect (574, 318), Flot (577.00, 321.00)
2025-05-19 17:11:52 - enemigo - [DEBUG] - [Enemigo_1] --- Inicio Update IA --- Delta: 0.0170s. Pos ANTES: HB (591, 301), Rect (588, 298), Flot (591.00, 301.00)
2025-05-19 17:11:52 - enemigo - [DEBUG] - [Enemigo_1] Target (centro (629, 311)), Dist: 25.00. Mi Centro HB: (604, 311)
2025-05-19 17:11:52 - enemigo - [DEBUG] - [Enemigo_1] Pos flotante (post-IA y delta): (592.1900, 301.0000)
2025-05-19 17:11:52 - enemigo - [DEBUG] - [Enemigo_1] Solicita movimiento a CH (deltas enteros): dx_int=2, dy_int=0. HB Actual: (591, 301) (Flotantes totales: dx=1.1900, dy=0.0000)
2025-05-19 17:11:52 - enemigo - [DEBUG] - [Enemigo_1] Inicia _mover_y_colisionar_con_obstaculos. dx_int=2, dy_int=0. HB Actual: (591, 301)
2025-05-19 17:11:52 - enemigo - [DEBUG] - [Enemigo_1] Hitbox recentrado (enemigo): (606, 311) (Rect center: (606, 311))
2025-05-19 17:11:52 - enemigo - [DEBUG] - [Enemigo_1] _mover_y_colisionar: HB Antes CH: (591,301), HB Despues CH y Sinc: (593,301), Rect: (590, 298), PosFlotante: (593.00,301.00)
2025-05-19 17:11:52 - enemigo - [DEBUG] - [Enemigo_1] Posición DESPUÉS de mov/col: HB (593, 301), Rect (590, 298), Flot (593.00, 301.00)
2025-05-19 17:11:52 - enemigo - [DEBUG] - [Enemigo_2] --- Inicio Update IA --- Delta: 0.0170s. Pos ANTES: HB (577, 321), Rect (574, 318), Flot (577.00, 321.00)
2025-05-19 17:11:52 - enemigo - [DEBUG] - [Enemigo_2] Target (centro (629, 311)), Dist: 43.83. Mi Centro HB: (590, 331)
2025-05-19 17:11:52 - enemigo - [DEBUG] - [Enemigo_2] EN RANGO AGRO. Input IA (vel): (62.29, -31.94)
2025-05-19 17:11:52 - enemigo - [DEBUG] - [Enemigo_2] Pos flotante (post-IA y delta): (578.0589, 320.4570)
2025-05-19 17:11:52 - enemigo - [DEBUG] - [Enemigo_2] Solicita movimiento a CH (deltas enteros): dx_int=2, dy_int=-1. HB Actual: (577, 321) (Flotantes totales: dx=1.0589, dy=-0.5430)
2025-05-19 17:11:52 - enemigo - [DEBUG] - [Enemigo_2] Inicia _mover_y_colisionar_con_obstaculos. dx_int=2, dy_int=-1. HB Actual: (577, 321)
2025-05-19 17:11:52 - enemigo - [DEBUG] - [Enemigo_2] Hitbox recentrado (enemigo): (592, 331) (Rect center: (592, 331))
2025-05-19 17:11:52 - enemigo - [DEBUG] - [Enemigo_2] _mover_y_colisionar: HB Antes CH: (577,321), HB Despues CH y Sinc: (579,321), Rect: (576, 318), PosFlotante: (579.00,321.00)
2025-05-19 17:11:52 - enemigo - [DEBUG] - [Enemigo_2] Posición DESPUÉS de mov/col: HB (579, 321), Rect (576, 318), Flot (579.00, 321.00)
2025-05-19 17:11:52 - enemigo - [DEBUG] - [Enemigo_1] --- Inicio Update IA --- Delta: 0.0160s. Pos ANTES: HB (593, 301), Rect (590, 298), Flot (593.00, 301.00)
2025-05-19 17:11:52 - enemigo - [DEBUG] - [Enemigo_1] Target (centro (631, 311)), Dist: 25.00. Mi Centro HB: (606, 311)
2025-05-19 17:11:52 - enemigo - [DEBUG] - [Enemigo_1] Pos flotante (post-IA y delta): (594.1200, 301.0000)
2025-05-19 17:11:52 - enemigo - [DEBUG] - [Enemigo_1] Solicita movimiento a CH (deltas enteros): dx_int=2, dy_int=0. HB Actual: (593, 301) (Flotantes totales: dx=1.1200, dy=0.0000)
2025-05-19 17:11:52 - enemigo - [DEBUG] - [Enemigo_1] Inicia _mover_y_colisionar_con_obstaculos. dx_int=2, dy_int=0. HB Actual: (593, 301)
2025-05-19 17:11:52 - enemigo - [DEBUG] - [Enemigo_1] Hitbox recentrado (enemigo): (608, 311) (Rect center: (608, 311))
2025-05-19 17:11:52 - enemigo - [DEBUG] - [Enemigo_1] _mover_y_colisionar: HB Antes CH: (593,301), HB Despues CH y Sinc: (595,301), Rect: (592, 298), PosFlotante: (595.00,301.00)
2025-05-19 17:11:52 - enemigo - [DEBUG] - [Enemigo_1] Posición DESPUÉS de mov/col: HB (595, 301), Rect (592, 298), Flot (595.00, 301.00)
2025-05-19 17:11:52 - enemigo - [DEBUG] - [Enemigo_2] --- Inicio Update IA --- Delta: 0.0160s. Pos ANTES: HB (579, 321), Rect (576, 318), Flot (579.00, 321.00)
2025-05-19 17:11:52 - enemigo - [DEBUG] - [Enemigo_2] Target (centro (631, 311)), Dist: 43.83. Mi Centro HB: (592, 331)
2025-05-19 17:11:52 - enemigo - [DEBUG] - [Enemigo_2] Pos flotante (post-IA y delta): (579.9966, 320.4889)
2025-05-19 17:11:52 - enemigo - [DEBUG] - [Enemigo_2] Solicita movimiento a CH (deltas enteros): dx_int=1, dy_int=-1. HB Actual: (579, 321) (Flotantes totales: dx=0.9966, dy=-0.5111)
2025-05-19 17:11:52 - enemigo - [DEBUG] - [Enemigo_2] Inicia _mover_y_colisionar_con_obstaculos. dx_int=1, dy_int=-1. HB Actual: (579, 321)
2025-05-19 17:11:52 - enemigo - [DEBUG] - [Enemigo_2] Hitbox recentrado (enemigo): (593, 331) (Rect center: (593, 331))
2025-05-19 17:11:52 - enemigo - [DEBUG] - [Enemigo_2] _mover_y_colisionar: HB Antes CH: (579,321), HB Despues CH y Sinc: (580,321), Rect: (577, 318), PosFlotante: (580.00,321.00)
2025-05-19 17:11:52 - enemigo - [DEBUG] - [Enemigo_2] Posición DESPUÉS de mov/col: HB (580, 321), Rect (577, 318), Flot (580.00, 321.00)
2025-05-19 17:11:52 - enemigo - [DEBUG] - [Enemigo_1] --- Inicio Update IA --- Delta: 0.0160s. Pos ANTES: HB (595, 301), Rect (592, 298), Flot (595.00, 301.00)
2025-05-19 17:11:52 - enemigo - [DEBUG] - [Enemigo_1] Target (centro (633, 311)), Dist: 25.00. Mi Centro HB: (608, 311)
2025-05-19 17:11:52 - enemigo - [DEBUG] - [Enemigo_1] Pos flotante (post-IA y delta): (596.1200, 301.0000)
2025-05-19 17:11:52 - enemigo - [DEBUG] - [Enemigo_1] Solicita movimiento a CH (deltas enteros): dx_int=2, dy_int=0. HB Actual: (595, 301) (Flotantes totales: dx=1.1200, dy=0.0000)
2025-05-19 17:11:52 - enemigo - [DEBUG] - [Enemigo_1] Inicia _mover_y_colisionar_con_obstaculos. dx_int=2, dy_int=0. HB Actual: (595, 301)
2025-05-19 17:11:52 - enemigo - [DEBUG] - [Enemigo_1] Hitbox recentrado (enemigo): (610, 311) (Rect center: (610, 311))
2025-05-19 17:11:52 - enemigo - [DEBUG] - [Enemigo_1] _mover_y_colisionar: HB Antes CH: (595,301), HB Despues CH y Sinc: (597,301), Rect: (594, 298), PosFlotante: (597.00,301.00)
2025-05-19 17:11:52 - enemigo - [DEBUG] - [Enemigo_1] Posición DESPUÉS de mov/col: HB (597, 301), Rect (594, 298), Flot (597.00, 301.00)
2025-05-19 17:11:52 - enemigo - [DEBUG] - [Enemigo_2] --- Inicio Update IA --- Delta: 0.0160s. Pos ANTES: HB (580, 321), Rect (577, 318), Flot (580.00, 321.00)
2025-05-19 17:11:52 - enemigo - [DEBUG] - [Enemigo_2] Target (centro (633, 311)), Dist: 44.72. Mi Centro HB: (593, 331)
2025-05-19 17:11:52 - enemigo - [DEBUG] - [Enemigo_2] EN RANGO AGRO. Input IA (vel): (62.61, -31.30)
2025-05-19 17:11:52 - enemigo - [DEBUG] - [Enemigo_2] Pos flotante (post-IA y delta): (581.0018, 320.4991)
2025-05-19 17:11:52 - enemigo - [DEBUG] - [Enemigo_2] Solicita movimiento a CH (deltas enteros): dx_int=2, dy_int=-1. HB Actual: (580, 321) (Flotantes totales: dx=1.0018, dy=-0.5009)
2025-05-19 17:11:52 - enemigo - [DEBUG] - [Enemigo_2] Inicia _mover_y_colisionar_con_obstaculos. dx_int=2, dy_int=-1. HB Actual: (580, 321)
2025-05-19 17:11:52 - enemigo - [DEBUG] - [Enemigo_2] Hitbox recentrado (enemigo): (595, 331) (Rect center: (595, 331))
2025-05-19 17:11:52 - enemigo - [DEBUG] - [Enemigo_2] _mover_y_colisionar: HB Antes CH: (580,321), HB Despues CH y Sinc: (582,321), Rect: (579, 318), PosFlotante: (582.00,321.00)
2025-05-19 17:11:52 - enemigo - [DEBUG] - [Enemigo_2] Posición DESPUÉS de mov/col: HB (582, 321), Rect (579, 318), Flot (582.00, 321.00)
2025-05-19 17:11:52 - enemigo - [DEBUG] - [Enemigo_1] --- Inicio Update IA --- Delta: 0.0170s. Pos ANTES: HB (597, 301), Rect (594, 298), Flot (597.00, 301.00)
2025-05-19 17:11:52 - enemigo - [DEBUG] - [Enemigo_1] Target (centro (635, 311)), Dist: 25.00. Mi Centro HB: (610, 311)
2025-05-19 17:11:52 - enemigo - [DEBUG] - [Enemigo_1] EN RANGO AGRO. Input IA (vel): (70.00, 0.00)
2025-05-19 17:11:52 - enemigo - [DEBUG] - [Enemigo_1] Pos flotante (post-IA y delta): (598.1900, 301.0000)
2025-05-19 17:11:52 - enemigo - [DEBUG] - [Enemigo_1] Solicita movimiento a CH (deltas enteros): dx_int=2, dy_int=0. HB Actual: (597, 301) (Flotantes totales: dx=1.1900, dy=0.0000)
2025-05-19 17:11:52 - enemigo - [DEBUG] - [Enemigo_1] Inicia _mover_y_colisionar_con_obstaculos. dx_int=2, dy_int=0. HB Actual: (597, 301)
2025-05-19 17:11:52 - enemigo - [DEBUG] - [Enemigo_1] Hitbox recentrado (enemigo): (612, 311) (Rect center: (612, 311))
2025-05-19 17:11:52 - enemigo - [DEBUG] - [Enemigo_1] _mover_y_colisionar: HB Antes CH: (597,301), HB Despues CH y Sinc: (599,301), Rect: (596, 298), PosFlotante: (599.00,301.00)
2025-05-19 17:11:52 - enemigo - [DEBUG] - [Enemigo_1] Posición DESPUÉS de mov/col: HB (599, 301), Rect (596, 298), Flot (599.00, 301.00)
2025-05-19 17:11:52 - enemigo - [DEBUG] - [Enemigo_2] --- Inicio Update IA --- Delta: 0.0170s. Pos ANTES: HB (582, 321), Rect (579, 318), Flot (582.00, 321.00)
2025-05-19 17:11:52 - enemigo - [DEBUG] - [Enemigo_2] Target (centro (635, 311)), Dist: 44.72. Mi Centro HB: (595, 331)
2025-05-19 17:11:52 - enemigo - [DEBUG] - [Enemigo_2] Pos flotante (post-IA y delta): (583.0644, 320.4678)
2025-05-19 17:11:52 - enemigo - [DEBUG] - [Enemigo_2] Solicita movimiento a CH (deltas enteros): dx_int=2, dy_int=-1. HB Actual: (582, 321) (Flotantes totales: dx=1.0644, dy=-0.5322)
2025-05-19 17:11:52 - enemigo - [DEBUG] - [Enemigo_2] Inicia _mover_y_colisionar_con_obstaculos. dx_int=2, dy_int=-1. HB Actual: (582, 321)
2025-05-19 17:11:52 - enemigo - [DEBUG] - [Enemigo_2] Hitbox recentrado (enemigo): (597, 331) (Rect center: (597, 331))
2025-05-19 17:11:52 - enemigo - [DEBUG] - [Enemigo_2] _mover_y_colisionar: HB Antes CH: (582,321), HB Despues CH y Sinc: (584,321), Rect: (581, 318), PosFlotante: (584.00,321.00)
2025-05-19 17:11:52 - enemigo - [DEBUG] - [Enemigo_2] Posición DESPUÉS de mov/col: HB (584, 321), Rect (581, 318), Flot (584.00, 321.00)
2025-05-19 17:11:52 - enemigo - [DEBUG] - [Enemigo_1] --- Inicio Update IA --- Delta: 0.0160s. Pos ANTES: HB (599, 301), Rect (596, 298), Flot (599.00, 301.00)
2025-05-19 17:11:52 - enemigo - [DEBUG] - [Enemigo_1] Target (centro (637, 311)), Dist: 25.00. Mi Centro HB: (612, 311)
2025-05-19 17:11:52 - enemigo - [DEBUG] - [Enemigo_1] Pos flotante (post-IA y delta): (600.1200, 301.0000)
2025-05-19 17:11:52 - enemigo - [DEBUG] - [Enemigo_1] Solicita movimiento a CH (deltas enteros): dx_int=2, dy_int=0. HB Actual: (599, 301) (Flotantes totales: dx=1.1200, dy=0.0000)
2025-05-19 17:11:52 - enemigo - [DEBUG] - [Enemigo_1] Inicia _mover_y_colisionar_con_obstaculos. dx_int=2, dy_int=0. HB Actual: (599, 301)
2025-05-19 17:11:52 - enemigo - [DEBUG] - [Enemigo_1] Hitbox recentrado (enemigo): (614, 311) (Rect center: (614, 311))
2025-05-19 17:11:52 - enemigo - [DEBUG] - [Enemigo_1] _mover_y_colisionar: HB Antes CH: (599,301), HB Despues CH y Sinc: (601,301), Rect: (598, 298), PosFlotante: (601.00,301.00)
2025-05-19 17:11:52 - enemigo - [DEBUG] - [Enemigo_1] Posición DESPUÉS de mov/col: HB (601, 301), Rect (598, 298), Flot (601.00, 301.00)
2025-05-19 17:11:52 - enemigo - [DEBUG] - [Enemigo_2] --- Inicio Update IA --- Delta: 0.0160s. Pos ANTES: HB (584, 321), Rect (581, 318), Flot (584.00, 321.00)
2025-05-19 17:11:52 - enemigo - [DEBUG] - [Enemigo_2] Target (centro (637, 311)), Dist: 44.72. Mi Centro HB: (597, 331)
2025-05-19 17:11:52 - enemigo - [DEBUG] - [Enemigo_2] Pos flotante (post-IA y delta): (585.0018, 320.4991)
2025-05-19 17:11:52 - enemigo - [DEBUG] - [Enemigo_2] Solicita movimiento a CH (deltas enteros): dx_int=2, dy_int=-1. HB Actual: (584, 321) (Flotantes totales: dx=1.0018, dy=-0.5009)
2025-05-19 17:11:52 - enemigo - [DEBUG] - [Enemigo_2] Inicia _mover_y_colisionar_con_obstaculos. dx_int=2, dy_int=-1. HB Actual: (584, 321)
2025-05-19 17:11:52 - enemigo - [DEBUG] - [Enemigo_2] Hitbox recentrado (enemigo): (599, 331) (Rect center: (599, 331))
2025-05-19 17:11:52 - enemigo - [DEBUG] - [Enemigo_2] _mover_y_colisionar: HB Antes CH: (584,321), HB Despues CH y Sinc: (586,321), Rect: (583, 318), PosFlotante: (586.00,321.00)
2025-05-19 17:11:52 - enemigo - [DEBUG] - [Enemigo_2] Posición DESPUÉS de mov/col: HB (586, 321), Rect (583, 318), Flot (586.00, 321.00)
2025-05-19 17:11:52 - enemigo - [DEBUG] - [Enemigo_1] --- Inicio Update IA --- Delta: 0.0170s. Pos ANTES: HB (601, 301), Rect (598, 298), Flot (601.00, 301.00)
2025-05-19 17:11:52 - enemigo - [DEBUG] - [Enemigo_1] Target (centro (639, 311)), Dist: 25.00. Mi Centro HB: (614, 311)
2025-05-19 17:11:52 - enemigo - [DEBUG] - [Enemigo_1] Pos flotante (post-IA y delta): (602.1900, 301.0000)
2025-05-19 17:11:52 - enemigo - [DEBUG] - [Enemigo_1] Solicita movimiento a CH (deltas enteros): dx_int=2, dy_int=0. HB Actual: (601, 301) (Flotantes totales: dx=1.1900, dy=0.0000)
2025-05-19 17:11:52 - enemigo - [DEBUG] - [Enemigo_1] Inicia _mover_y_colisionar_con_obstaculos. dx_int=2, dy_int=0. HB Actual: (601, 301)
2025-05-19 17:11:52 - enemigo - [DEBUG] - [Enemigo_1] Hitbox recentrado (enemigo): (616, 311) (Rect center: (616, 311))
2025-05-19 17:11:52 - enemigo - [DEBUG] - [Enemigo_1] _mover_y_colisionar: HB Antes CH: (601,301), HB Despues CH y Sinc: (603,301), Rect: (600, 298), PosFlotante: (603.00,301.00)
2025-05-19 17:11:52 - enemigo - [DEBUG] - [Enemigo_1] Posición DESPUÉS de mov/col: HB (603, 301), Rect (600, 298), Flot (603.00, 301.00)
2025-05-19 17:11:52 - enemigo - [DEBUG] - [Enemigo_2] --- Inicio Update IA --- Delta: 0.0170s. Pos ANTES: HB (586, 321), Rect (583, 318), Flot (586.00, 321.00)
2025-05-19 17:11:52 - enemigo - [DEBUG] - [Enemigo_2] Target (centro (639, 311)), Dist: 44.72. Mi Centro HB: (599, 331)
2025-05-19 17:11:52 - enemigo - [DEBUG] - [Enemigo_2] EN RANGO AGRO. Input IA (vel): (62.61, -31.30)
2025-05-19 17:11:52 - enemigo - [DEBUG] - [Enemigo_2] Pos flotante (post-IA y delta): (587.0644, 320.4678)
2025-05-19 17:11:52 - enemigo - [DEBUG] - [Enemigo_2] Solicita movimiento a CH (deltas enteros): dx_int=2, dy_int=-1. HB Actual: (586, 321) (Flotantes totales: dx=1.0644, dy=-0.5322)
2025-05-19 17:11:52 - enemigo - [DEBUG] - [Enemigo_2] Inicia _mover_y_colisionar_con_obstaculos. dx_int=2, dy_int=-1. HB Actual: (586, 321)
2025-05-19 17:11:52 - enemigo - [DEBUG] - [Enemigo_2] Hitbox recentrado (enemigo): (601, 331) (Rect center: (601, 331))
2025-05-19 17:11:52 - enemigo - [DEBUG] - [Enemigo_2] _mover_y_colisionar: HB Antes CH: (586,321), HB Despues CH y Sinc: (588,321), Rect: (585, 318), PosFlotante: (588.00,321.00)
2025-05-19 17:11:52 - enemigo - [DEBUG] - [Enemigo_2] Posición DESPUÉS de mov/col: HB (588, 321), Rect (585, 318), Flot (588.00, 321.00)
2025-05-19 17:11:52 - enemigo - [DEBUG] - [Enemigo_1] --- Inicio Update IA --- Delta: 0.0170s. Pos ANTES: HB (603, 301), Rect (600, 298), Flot (603.00, 301.00)
2025-05-19 17:11:52 - enemigo - [DEBUG] - [Enemigo_1] Target (centro (641, 311)), Dist: 25.00. Mi Centro HB: (616, 311)
2025-05-19 17:11:52 - enemigo - [DEBUG] - [Enemigo_1] Pos flotante (post-IA y delta): (604.1900, 301.0000)
2025-05-19 17:11:52 - enemigo - [DEBUG] - [Enemigo_1] Solicita movimiento a CH (deltas enteros): dx_int=2, dy_int=0. HB Actual: (603, 301) (Flotantes totales: dx=1.1900, dy=0.0000)
2025-05-19 17:11:52 - enemigo - [DEBUG] - [Enemigo_1] Inicia _mover_y_colisionar_con_obstaculos. dx_int=2, dy_int=0. HB Actual: (603, 301)
2025-05-19 17:11:52 - enemigo - [DEBUG] - [Enemigo_1] Hitbox recentrado (enemigo): (618, 311) (Rect center: (618, 311))
2025-05-19 17:11:52 - enemigo - [DEBUG] - [Enemigo_1] _mover_y_colisionar: HB Antes CH: (603,301), HB Despues CH y Sinc: (605,301), Rect: (602, 298), PosFlotante: (605.00,301.00)
2025-05-19 17:11:52 - enemigo - [DEBUG] - [Enemigo_1] Posición DESPUÉS de mov/col: HB (605, 301), Rect (602, 298), Flot (605.00, 301.00)
2025-05-19 17:11:52 - enemigo - [DEBUG] - [Enemigo_2] --- Inicio Update IA --- Delta: 0.0170s. Pos ANTES: HB (588, 321), Rect (585, 318), Flot (588.00, 321.00)
2025-05-19 17:11:52 - enemigo - [DEBUG] - [Enemigo_2] Target (centro (641, 311)), Dist: 44.72. Mi Centro HB: (601, 331)
2025-05-19 17:11:52 - enemigo - [DEBUG] - [Enemigo_2] Pos flotante (post-IA y delta): (589.0644, 320.4678)
2025-05-19 17:11:52 - enemigo - [DEBUG] - [Enemigo_2] Solicita movimiento a CH (deltas enteros): dx_int=2, dy_int=-1. HB Actual: (588, 321) (Flotantes totales: dx=1.0644, dy=-0.5322)
2025-05-19 17:11:52 - enemigo - [DEBUG] - [Enemigo_2] Inicia _mover_y_colisionar_con_obstaculos. dx_int=2, dy_int=-1. HB Actual: (588, 321)
2025-05-19 17:11:52 - enemigo - [DEBUG] - [Enemigo_2] Hitbox recentrado (enemigo): (603, 331) (Rect center: (603, 331))
2025-05-19 17:11:52 - enemigo - [DEBUG] - [Enemigo_2] _mover_y_colisionar: HB Antes CH: (588,321), HB Despues CH y Sinc: (590,321), Rect: (587, 318), PosFlotante: (590.00,321.00)
2025-05-19 17:11:52 - enemigo - [DEBUG] - [Enemigo_2] Posición DESPUÉS de mov/col: HB (590, 321), Rect (587, 318), Flot (590.00, 321.00)
2025-05-19 17:11:52 - enemigo - [DEBUG] - [Enemigo_1] --- Inicio Update IA --- Delta: 0.0170s. Pos ANTES: HB (605, 301), Rect (602, 298), Flot (605.00, 301.00)
2025-05-19 17:11:52 - enemigo - [DEBUG] - [Enemigo_1] Target (centro (643, 311)), Dist: 25.00. Mi Centro HB: (618, 311)
2025-05-19 17:11:52 - enemigo - [DEBUG] - [Enemigo_1] EN RANGO AGRO. Input IA (vel): (70.00, 0.00)
2025-05-19 17:11:52 - enemigo - [DEBUG] - [Enemigo_1] Pos flotante (post-IA y delta): (606.1900, 301.0000)
2025-05-19 17:11:52 - enemigo - [DEBUG] - [Enemigo_1] Solicita movimiento a CH (deltas enteros): dx_int=2, dy_int=0. HB Actual: (605, 301) (Flotantes totales: dx=1.1900, dy=0.0000)
2025-05-19 17:11:52 - enemigo - [DEBUG] - [Enemigo_1] Inicia _mover_y_colisionar_con_obstaculos. dx_int=2, dy_int=0. HB Actual: (605, 301)
2025-05-19 17:11:52 - enemigo - [DEBUG] - [Enemigo_1] Hitbox recentrado (enemigo): (620, 311) (Rect center: (620, 311))
2025-05-19 17:11:52 - enemigo - [DEBUG] - [Enemigo_1] _mover_y_colisionar: HB Antes CH: (605,301), HB Despues CH y Sinc: (607,301), Rect: (604, 298), PosFlotante: (607.00,301.00)
2025-05-19 17:11:52 - enemigo - [DEBUG] - [Enemigo_1] Posición DESPUÉS de mov/col: HB (607, 301), Rect (604, 298), Flot (607.00, 301.00)
2025-05-19 17:11:52 - enemigo - [DEBUG] - [Enemigo_2] --- Inicio Update IA --- Delta: 0.0170s. Pos ANTES: HB (590, 321), Rect (587, 318), Flot (590.00, 321.00)
2025-05-19 17:11:52 - enemigo - [DEBUG] - [Enemigo_2] Target (centro (643, 311)), Dist: 44.72. Mi Centro HB: (603, 331)
2025-05-19 17:11:52 - enemigo - [DEBUG] - [Enemigo_2] Pos flotante (post-IA y delta): (591.0644, 320.4678)
2025-05-19 17:11:52 - enemigo - [DEBUG] - [Enemigo_2] Solicita movimiento a CH (deltas enteros): dx_int=2, dy_int=-1. HB Actual: (590, 321) (Flotantes totales: dx=1.0644, dy=-0.5322)
2025-05-19 17:11:52 - enemigo - [DEBUG] - [Enemigo_2] Inicia _mover_y_colisionar_con_obstaculos. dx_int=2, dy_int=-1. HB Actual: (590, 321)
2025-05-19 17:11:52 - enemigo - [DEBUG] - [Enemigo_2] Hitbox recentrado (enemigo): (605, 331) (Rect center: (605, 331))
2025-05-19 17:11:52 - enemigo - [DEBUG] - [Enemigo_2] _mover_y_colisionar: HB Antes CH: (590,321), HB Despues CH y Sinc: (592,321), Rect: (589, 318), PosFlotante: (592.00,321.00)
2025-05-19 17:11:52 - enemigo - [DEBUG] - [Enemigo_2] Posición DESPUÉS de mov/col: HB (592, 321), Rect (589, 318), Flot (592.00, 321.00)
2025-05-19 17:11:52 - enemigo - [DEBUG] - [Enemigo_1] --- Inicio Update IA --- Delta: 0.0170s. Pos ANTES: HB (607, 301), Rect (604, 298), Flot (607.00, 301.00)
2025-05-19 17:11:52 - enemigo - [DEBUG] - [Enemigo_1] Target (centro (645, 311)), Dist: 25.00. Mi Centro HB: (620, 311)
2025-05-19 17:11:52 - enemigo - [DEBUG] - [Enemigo_1] Pos flotante (post-IA y delta): (608.1900, 301.0000)
2025-05-19 17:11:52 - enemigo - [DEBUG] - [Enemigo_1] Solicita movimiento a CH (deltas enteros): dx_int=2, dy_int=0. HB Actual: (607, 301) (Flotantes totales: dx=1.1900, dy=0.0000)
2025-05-19 17:11:52 - enemigo - [DEBUG] - [Enemigo_1] Inicia _mover_y_colisionar_con_obstaculos. dx_int=2, dy_int=0. HB Actual: (607, 301)
2025-05-19 17:11:52 - enemigo - [DEBUG] - [Enemigo_1] Hitbox recentrado (enemigo): (622, 311) (Rect center: (622, 311))
2025-05-19 17:11:52 - enemigo - [DEBUG] - [Enemigo_1] _mover_y_colisionar: HB Antes CH: (607,301), HB Despues CH y Sinc: (609,301), Rect: (606, 298), PosFlotante: (609.00,301.00)
2025-05-19 17:11:52 - enemigo - [DEBUG] - [Enemigo_1] Posición DESPUÉS de mov/col: HB (609, 301), Rect (606, 298), Flot (609.00, 301.00)
2025-05-19 17:11:52 - enemigo - [DEBUG] - [Enemigo_2] --- Inicio Update IA --- Delta: 0.0170s. Pos ANTES: HB (592, 321), Rect (589, 318), Flot (592.00, 321.00)
2025-05-19 17:11:52 - enemigo - [DEBUG] - [Enemigo_2] Target (centro (645, 311)), Dist: 44.72. Mi Centro HB: (605, 331)
2025-05-19 17:11:52 - enemigo - [DEBUG] - [Enemigo_2] EN RANGO AGRO. Input IA (vel): (62.61, -31.30)
2025-05-19 17:11:52 - enemigo - [DEBUG] - [Enemigo_2] Pos flotante (post-IA y delta): (593.0644, 320.4678)
2025-05-19 17:11:52 - enemigo - [DEBUG] - [Enemigo_2] Solicita movimiento a CH (deltas enteros): dx_int=2, dy_int=-1. HB Actual: (592, 321) (Flotantes totales: dx=1.0644, dy=-0.5322)
2025-05-19 17:11:52 - enemigo - [DEBUG] - [Enemigo_2] Inicia _mover_y_colisionar_con_obstaculos. dx_int=2, dy_int=-1. HB Actual: (592, 321)
2025-05-19 17:11:52 - enemigo - [DEBUG] - [Enemigo_2] Hitbox recentrado (enemigo): (607, 331) (Rect center: (607, 331))
2025-05-19 17:11:52 - enemigo - [DEBUG] - [Enemigo_2] _mover_y_colisionar: HB Antes CH: (592,321), HB Despues CH y Sinc: (594,321), Rect: (591, 318), PosFlotante: (594.00,321.00)
2025-05-19 17:11:52 - enemigo - [DEBUG] - [Enemigo_2] Posición DESPUÉS de mov/col: HB (594, 321), Rect (591, 318), Flot (594.00, 321.00)
2025-05-19 17:11:52 - enemigo - [DEBUG] - [Enemigo_1] --- Inicio Update IA --- Delta: 0.0160s. Pos ANTES: HB (609, 301), Rect (606, 298), Flot (609.00, 301.00)
2025-05-19 17:11:52 - enemigo - [DEBUG] - [Enemigo_1] Target (centro (647, 311)), Dist: 25.00. Mi Centro HB: (622, 311)
2025-05-19 17:11:52 - enemigo - [DEBUG] - [Enemigo_1] Pos flotante (post-IA y delta): (610.1200, 301.0000)
2025-05-19 17:11:52 - enemigo - [DEBUG] - [Enemigo_1] Solicita movimiento a CH (deltas enteros): dx_int=2, dy_int=0. HB Actual: (609, 301) (Flotantes totales: dx=1.1200, dy=0.0000)
2025-05-19 17:11:52 - enemigo - [DEBUG] - [Enemigo_1] Inicia _mover_y_colisionar_con_obstaculos. dx_int=2, dy_int=0. HB Actual: (609, 301)
2025-05-19 17:11:52 - enemigo - [DEBUG] - [Enemigo_1] Hitbox recentrado (enemigo): (624, 311) (Rect center: (624, 311))
2025-05-19 17:11:52 - enemigo - [DEBUG] - [Enemigo_1] _mover_y_colisionar: HB Antes CH: (609,301), HB Despues CH y Sinc: (611,301), Rect: (608, 298), PosFlotante: (611.00,301.00)
2025-05-19 17:11:52 - enemigo - [DEBUG] - [Enemigo_1] Posición DESPUÉS de mov/col: HB (611, 301), Rect (608, 298), Flot (611.00, 301.00)
2025-05-19 17:11:52 - enemigo - [DEBUG] - [Enemigo_2] --- Inicio Update IA --- Delta: 0.0160s. Pos ANTES: HB (594, 321), Rect (591, 318), Flot (594.00, 321.00)
2025-05-19 17:11:52 - enemigo - [DEBUG] - [Enemigo_2] Target (centro (647, 311)), Dist: 44.72. Mi Centro HB: (607, 331)
2025-05-19 17:11:52 - enemigo - [DEBUG] - [Enemigo_2] Pos flotante (post-IA y delta): (595.0018, 320.4991)
2025-05-19 17:11:52 - enemigo - [DEBUG] - [Enemigo_2] Solicita movimiento a CH (deltas enteros): dx_int=2, dy_int=-1. HB Actual: (594, 321) (Flotantes totales: dx=1.0018, dy=-0.5009)
2025-05-19 17:11:52 - enemigo - [DEBUG] - [Enemigo_2] Inicia _mover_y_colisionar_con_obstaculos. dx_int=2, dy_int=-1. HB Actual: (594, 321)
2025-05-19 17:11:52 - enemigo - [DEBUG] - [Enemigo_2] Hitbox recentrado (enemigo): (609, 331) (Rect center: (609, 331))
2025-05-19 17:11:52 - enemigo - [DEBUG] - [Enemigo_2] _mover_y_colisionar: HB Antes CH: (594,321), HB Despues CH y Sinc: (596,321), Rect: (593, 318), PosFlotante: (596.00,321.00)
2025-05-19 17:11:52 - enemigo - [DEBUG] - [Enemigo_2] Posición DESPUÉS de mov/col: HB (596, 321), Rect (593, 318), Flot (596.00, 321.00)
2025-05-19 17:11:52 - enemigo - [DEBUG] - [Enemigo_1] --- Inicio Update IA --- Delta: 0.0160s. Pos ANTES: HB (611, 301), Rect (608, 298), Flot (611.00, 301.00)
2025-05-19 17:11:52 - enemigo - [DEBUG] - [Enemigo_1] Target (centro (649, 311)), Dist: 25.00. Mi Centro HB: (624, 311)
2025-05-19 17:11:52 - enemigo - [DEBUG] - [Enemigo_1] Pos flotante (post-IA y delta): (612.1200, 301.0000)
2025-05-19 17:11:52 - enemigo - [DEBUG] - [Enemigo_1] Solicita movimiento a CH (deltas enteros): dx_int=2, dy_int=0. HB Actual: (611, 301) (Flotantes totales: dx=1.1200, dy=0.0000)
2025-05-19 17:11:52 - enemigo - [DEBUG] - [Enemigo_1] Inicia _mover_y_colisionar_con_obstaculos. dx_int=2, dy_int=0. HB Actual: (611, 301)
2025-05-19 17:11:52 - enemigo - [DEBUG] - [Enemigo_1] Hitbox recentrado (enemigo): (626, 311) (Rect center: (626, 311))
2025-05-19 17:11:52 - enemigo - [DEBUG] - [Enemigo_1] _mover_y_colisionar: HB Antes CH: (611,301), HB Despues CH y Sinc: (613,301), Rect: (610, 298), PosFlotante: (613.00,301.00)
2025-05-19 17:11:52 - enemigo - [DEBUG] - [Enemigo_1] Posición DESPUÉS de mov/col: HB (613, 301), Rect (610, 298), Flot (613.00, 301.00)
2025-05-19 17:11:52 - enemigo - [DEBUG] - [Enemigo_2] --- Inicio Update IA --- Delta: 0.0160s. Pos ANTES: HB (596, 321), Rect (593, 318), Flot (596.00, 321.00)
2025-05-19 17:11:52 - enemigo - [DEBUG] - [Enemigo_2] Target (centro (649, 311)), Dist: 44.72. Mi Centro HB: (609, 331)
2025-05-19 17:11:52 - enemigo - [DEBUG] - [Enemigo_2] Pos flotante (post-IA y delta): (597.0018, 320.4991)
2025-05-19 17:11:52 - enemigo - [DEBUG] - [Enemigo_2] Solicita movimiento a CH (deltas enteros): dx_int=2, dy_int=-1. HB Actual: (596, 321) (Flotantes totales: dx=1.0018, dy=-0.5009)
2025-05-19 17:11:52 - enemigo - [DEBUG] - [Enemigo_2] Inicia _mover_y_colisionar_con_obstaculos. dx_int=2, dy_int=-1. HB Actual: (596, 321)
2025-05-19 17:11:52 - enemigo - [DEBUG] - [Enemigo_2] Hitbox recentrado (enemigo): (611, 331) (Rect center: (611, 331))
2025-05-19 17:11:52 - enemigo - [DEBUG] - [Enemigo_2] _mover_y_colisionar: HB Antes CH: (596,321), HB Despues CH y Sinc: (598,321), Rect: (595, 318), PosFlotante: (598.00,321.00)
2025-05-19 17:11:52 - enemigo - [DEBUG] - [Enemigo_2] Posición DESPUÉS de mov/col: HB (598, 321), Rect (595, 318), Flot (598.00, 321.00)
2025-05-19 17:11:52 - enemigo - [DEBUG] - [Enemigo_1] --- Inicio Update IA --- Delta: 0.0160s. Pos ANTES: HB (613, 301), Rect (610, 298), Flot (613.00, 301.00)
2025-05-19 17:11:52 - enemigo - [DEBUG] - [Enemigo_1] Target (centro (651, 311)), Dist: 25.00. Mi Centro HB: (626, 311)
2025-05-19 17:11:52 - enemigo - [DEBUG] - [Enemigo_1] EN RANGO AGRO. Input IA (vel): (70.00, 0.00)
2025-05-19 17:11:52 - enemigo - [DEBUG] - [Enemigo_1] Pos flotante (post-IA y delta): (614.1200, 301.0000)
2025-05-19 17:11:52 - enemigo - [DEBUG] - [Enemigo_1] Solicita movimiento a CH (deltas enteros): dx_int=2, dy_int=0. HB Actual: (613, 301) (Flotantes totales: dx=1.1200, dy=0.0000)
2025-05-19 17:11:52 - enemigo - [DEBUG] - [Enemigo_1] Inicia _mover_y_colisionar_con_obstaculos. dx_int=2, dy_int=0. HB Actual: (613, 301)
2025-05-19 17:11:52 - enemigo - [DEBUG] - [Enemigo_1] Hitbox recentrado (enemigo): (628, 311) (Rect center: (628, 311))
2025-05-19 17:11:52 - enemigo - [DEBUG] - [Enemigo_1] _mover_y_colisionar: HB Antes CH: (613,301), HB Despues CH y Sinc: (615,301), Rect: (612, 298), PosFlotante: (615.00,301.00)
2025-05-19 17:11:52 - enemigo - [DEBUG] - [Enemigo_1] Posición DESPUÉS de mov/col: HB (615, 301), Rect (612, 298), Flot (615.00, 301.00)
2025-05-19 17:11:52 - enemigo - [DEBUG] - [Enemigo_2] --- Inicio Update IA --- Delta: 0.0160s. Pos ANTES: HB (598, 321), Rect (595, 318), Flot (598.00, 321.00)
2025-05-19 17:11:52 - enemigo - [DEBUG] - [Enemigo_2] Target (centro (651, 311)), Dist: 44.72. Mi Centro HB: (611, 331)
2025-05-19 17:11:52 - enemigo - [DEBUG] - [Enemigo_2] Pos flotante (post-IA y delta): (599.0018, 320.4991)
2025-05-19 17:11:52 - enemigo - [DEBUG] - [Enemigo_2] Solicita movimiento a CH (deltas enteros): dx_int=2, dy_int=-1. HB Actual: (598, 321) (Flotantes totales: dx=1.0018, dy=-0.5009)
2025-05-19 17:11:52 - enemigo - [DEBUG] - [Enemigo_2] Inicia _mover_y_colisionar_con_obstaculos. dx_int=2, dy_int=-1. HB Actual: (598, 321)
2025-05-19 17:11:52 - enemigo - [DEBUG] - [Enemigo_2] Hitbox recentrado (enemigo): (613, 331) (Rect center: (613, 331))
2025-05-19 17:11:52 - enemigo - [DEBUG] - [Enemigo_2] _mover_y_colisionar: HB Antes CH: (598,321), HB Despues CH y Sinc: (600,321), Rect: (597, 318), PosFlotante: (600.00,321.00)
2025-05-19 17:11:52 - enemigo - [DEBUG] - [Enemigo_2] Posición DESPUÉS de mov/col: HB (600, 321), Rect (597, 318), Flot (600.00, 321.00)
2025-05-19 17:11:52 - enemigo - [DEBUG] - [Enemigo_1] --- Inicio Update IA --- Delta: 0.0160s. Pos ANTES: HB (615, 301), Rect (612, 298), Flot (615.00, 301.00)
2025-05-19 17:11:52 - enemigo - [DEBUG] - [Enemigo_1] Target (centro (653, 311)), Dist: 25.00. Mi Centro HB: (628, 311)
2025-05-19 17:11:52 - enemigo - [DEBUG] - [Enemigo_1] Pos flotante (post-IA y delta): (616.1200, 301.0000)
2025-05-19 17:11:52 - enemigo - [DEBUG] - [Enemigo_1] Solicita movimiento a CH (deltas enteros): dx_int=2, dy_int=0. HB Actual: (615, 301) (Flotantes totales: dx=1.1200, dy=0.0000)
2025-05-19 17:11:52 - enemigo - [DEBUG] - [Enemigo_1] Inicia _mover_y_colisionar_con_obstaculos. dx_int=2, dy_int=0. HB Actual: (615, 301)
2025-05-19 17:11:52 - enemigo - [DEBUG] - [Enemigo_1] Hitbox recentrado (enemigo): (630, 311) (Rect center: (630, 311))
2025-05-19 17:11:52 - enemigo - [DEBUG] - [Enemigo_1] _mover_y_colisionar: HB Antes CH: (615,301), HB Despues CH y Sinc: (617,301), Rect: (614, 298), PosFlotante: (617.00,301.00)
2025-05-19 17:11:52 - enemigo - [DEBUG] - [Enemigo_1] Posición DESPUÉS de mov/col: HB (617, 301), Rect (614, 298), Flot (617.00, 301.00)
2025-05-19 17:11:52 - enemigo - [DEBUG] - [Enemigo_2] --- Inicio Update IA --- Delta: 0.0160s. Pos ANTES: HB (600, 321), Rect (597, 318), Flot (600.00, 321.00)
2025-05-19 17:11:52 - enemigo - [DEBUG] - [Enemigo_2] Target (centro (653, 311)), Dist: 44.72. Mi Centro HB: (613, 331)
2025-05-19 17:11:52 - enemigo - [DEBUG] - [Enemigo_2] EN RANGO AGRO. Input IA (vel): (62.61, -31.30)
2025-05-19 17:11:52 - enemigo - [DEBUG] - [Enemigo_2] Pos flotante (post-IA y delta): (601.0018, 320.4991)
2025-05-19 17:11:52 - enemigo - [DEBUG] - [Enemigo_2] Solicita movimiento a CH (deltas enteros): dx_int=2, dy_int=-1. HB Actual: (600, 321) (Flotantes totales: dx=1.0018, dy=-0.5009)
2025-05-19 17:11:52 - enemigo - [DEBUG] - [Enemigo_2] Inicia _mover_y_colisionar_con_obstaculos. dx_int=2, dy_int=-1. HB Actual: (600, 321)
2025-05-19 17:11:52 - enemigo - [DEBUG] - [Enemigo_2] Hitbox recentrado (enemigo): (615, 331) (Rect center: (615, 331))
2025-05-19 17:11:52 - enemigo - [DEBUG] - [Enemigo_2] _mover_y_colisionar: HB Antes CH: (600,321), HB Despues CH y Sinc: (602,321), Rect: (599, 318), PosFlotante: (602.00,321.00)
2025-05-19 17:11:52 - enemigo - [DEBUG] - [Enemigo_2] Posición DESPUÉS de mov/col: HB (602, 321), Rect (599, 318), Flot (602.00, 321.00)
2025-05-19 17:11:52 - enemigo - [DEBUG] - [Enemigo_1] --- Inicio Update IA --- Delta: 0.0160s. Pos ANTES: HB (617, 301), Rect (614, 298), Flot (617.00, 301.00)
2025-05-19 17:11:52 - enemigo - [DEBUG] - [Enemigo_1] Target (centro (655, 311)), Dist: 25.00. Mi Centro HB: (630, 311)
2025-05-19 17:11:52 - enemigo - [DEBUG] - [Enemigo_1] Pos flotante (post-IA y delta): (618.1200, 301.0000)
2025-05-19 17:11:52 - enemigo - [DEBUG] - [Enemigo_1] Solicita movimiento a CH (deltas enteros): dx_int=2, dy_int=0. HB Actual: (617, 301) (Flotantes totales: dx=1.1200, dy=0.0000)
2025-05-19 17:11:52 - enemigo - [DEBUG] - [Enemigo_1] Inicia _mover_y_colisionar_con_obstaculos. dx_int=2, dy_int=0. HB Actual: (617, 301)
2025-05-19 17:11:52 - enemigo - [DEBUG] - [Enemigo_1] Hitbox recentrado (enemigo): (632, 311) (Rect center: (632, 311))
2025-05-19 17:11:52 - enemigo - [DEBUG] - [Enemigo_1] _mover_y_colisionar: HB Antes CH: (617,301), HB Despues CH y Sinc: (619,301), Rect: (616, 298), PosFlotante: (619.00,301.00)
2025-05-19 17:11:52 - enemigo - [DEBUG] - [Enemigo_1] Posición DESPUÉS de mov/col: HB (619, 301), Rect (616, 298), Flot (619.00, 301.00)
2025-05-19 17:11:52 - enemigo - [DEBUG] - [Enemigo_2] --- Inicio Update IA --- Delta: 0.0160s. Pos ANTES: HB (602, 321), Rect (599, 318), Flot (602.00, 321.00)
2025-05-19 17:11:52 - enemigo - [DEBUG] - [Enemigo_2] Target (centro (655, 311)), Dist: 44.72. Mi Centro HB: (615, 331)
2025-05-19 17:11:52 - enemigo - [DEBUG] - [Enemigo_2] Pos flotante (post-IA y delta): (603.0018, 320.4991)
2025-05-19 17:11:52 - enemigo - [DEBUG] - [Enemigo_2] Solicita movimiento a CH (deltas enteros): dx_int=2, dy_int=-1. HB Actual: (602, 321) (Flotantes totales: dx=1.0018, dy=-0.5009)
2025-05-19 17:11:52 - enemigo - [DEBUG] - [Enemigo_2] Inicia _mover_y_colisionar_con_obstaculos. dx_int=2, dy_int=-1. HB Actual: (602, 321)
2025-05-19 17:11:52 - enemigo - [DEBUG] - [Enemigo_2] Hitbox recentrado (enemigo): (617, 331) (Rect center: (617, 331))
2025-05-19 17:11:52 - enemigo - [DEBUG] - [Enemigo_2] _mover_y_colisionar: HB Antes CH: (602,321), HB Despues CH y Sinc: (604,321), Rect: (601, 318), PosFlotante: (604.00,321.00)
2025-05-19 17:11:52 - enemigo - [DEBUG] - [Enemigo_2] Posición DESPUÉS de mov/col: HB (604, 321), Rect (601, 318), Flot (604.00, 321.00)
2025-05-19 17:11:52 - enemigo - [DEBUG] - [Enemigo_1] --- Inicio Update IA --- Delta: 0.0160s. Pos ANTES: HB (619, 301), Rect (616, 298), Flot (619.00, 301.00)
2025-05-19 17:11:52 - enemigo - [DEBUG] - [Enemigo_1] Target (centro (657, 311)), Dist: 25.00. Mi Centro HB: (632, 311)
2025-05-19 17:11:52 - enemigo - [DEBUG] - [Enemigo_1] Pos flotante (post-IA y delta): (620.1200, 301.0000)
2025-05-19 17:11:52 - enemigo - [DEBUG] - [Enemigo_1] Solicita movimiento a CH (deltas enteros): dx_int=2, dy_int=0. HB Actual: (619, 301) (Flotantes totales: dx=1.1200, dy=0.0000)
2025-05-19 17:11:52 - enemigo - [DEBUG] - [Enemigo_1] Inicia _mover_y_colisionar_con_obstaculos. dx_int=2, dy_int=0. HB Actual: (619, 301)
2025-05-19 17:11:52 - enemigo - [DEBUG] - [Enemigo_1] Hitbox recentrado (enemigo): (634, 311) (Rect center: (634, 311))
2025-05-19 17:11:52 - enemigo - [DEBUG] - [Enemigo_1] _mover_y_colisionar: HB Antes CH: (619,301), HB Despues CH y Sinc: (621,301), Rect: (618, 298), PosFlotante: (621.00,301.00)
2025-05-19 17:11:52 - enemigo - [DEBUG] - [Enemigo_1] Posición DESPUÉS de mov/col: HB (621, 301), Rect (618, 298), Flot (621.00, 301.00)
2025-05-19 17:11:52 - enemigo - [DEBUG] - [Enemigo_2] --- Inicio Update IA --- Delta: 0.0160s. Pos ANTES: HB (604, 321), Rect (601, 318), Flot (604.00, 321.00)
2025-05-19 17:11:52 - enemigo - [DEBUG] - [Enemigo_2] Target (centro (657, 311)), Dist: 44.72. Mi Centro HB: (617, 331)
2025-05-19 17:11:52 - enemigo - [DEBUG] - [Enemigo_2] Pos flotante (post-IA y delta): (605.0018, 320.4991)
2025-05-19 17:11:52 - enemigo - [DEBUG] - [Enemigo_2] Solicita movimiento a CH (deltas enteros): dx_int=2, dy_int=-1. HB Actual: (604, 321) (Flotantes totales: dx=1.0018, dy=-0.5009)
2025-05-19 17:11:52 - enemigo - [DEBUG] - [Enemigo_2] Inicia _mover_y_colisionar_con_obstaculos. dx_int=2, dy_int=-1. HB Actual: (604, 321)
2025-05-19 17:11:52 - enemigo - [DEBUG] - [Enemigo_2] Hitbox recentrado (enemigo): (619, 331) (Rect center: (619, 331))
2025-05-19 17:11:52 - enemigo - [DEBUG] - [Enemigo_2] _mover_y_colisionar: HB Antes CH: (604,321), HB Despues CH y Sinc: (606,321), Rect: (603, 318), PosFlotante: (606.00,321.00)
2025-05-19 17:11:52 - enemigo - [DEBUG] - [Enemigo_2] Posición DESPUÉS de mov/col: HB (606, 321), Rect (603, 318), Flot (606.00, 321.00)
2025-05-19 17:11:52 - enemigo - [DEBUG] - [Enemigo_1] --- Inicio Update IA --- Delta: 0.0160s. Pos ANTES: HB (621, 301), Rect (618, 298), Flot (621.00, 301.00)
2025-05-19 17:11:52 - enemigo - [DEBUG] - [Enemigo_1] Target (centro (659, 311)), Dist: 25.00. Mi Centro HB: (634, 311)
2025-05-19 17:11:52 - enemigo - [DEBUG] - [Enemigo_1] EN RANGO AGRO. Input IA (vel): (70.00, 0.00)
2025-05-19 17:11:52 - enemigo - [DEBUG] - [Enemigo_1] Pos flotante (post-IA y delta): (622.1200, 301.0000)
2025-05-19 17:11:52 - enemigo - [DEBUG] - [Enemigo_1] Solicita movimiento a CH (deltas enteros): dx_int=2, dy_int=0. HB Actual: (621, 301) (Flotantes totales: dx=1.1200, dy=0.0000)
2025-05-19 17:11:52 - enemigo - [DEBUG] - [Enemigo_1] Inicia _mover_y_colisionar_con_obstaculos. dx_int=2, dy_int=0. HB Actual: (621, 301)
2025-05-19 17:11:52 - enemigo - [DEBUG] - [Enemigo_1] Hitbox recentrado (enemigo): (636, 311) (Rect center: (636, 311))
2025-05-19 17:11:52 - enemigo - [DEBUG] - [Enemigo_1] _mover_y_colisionar: HB Antes CH: (621,301), HB Despues CH y Sinc: (623,301), Rect: (620, 298), PosFlotante: (623.00,301.00)
2025-05-19 17:11:52 - enemigo - [DEBUG] - [Enemigo_1] Posición DESPUÉS de mov/col: HB (623, 301), Rect (620, 298), Flot (623.00, 301.00)
2025-05-19 17:11:52 - enemigo - [DEBUG] - [Enemigo_2] --- Inicio Update IA --- Delta: 0.0160s. Pos ANTES: HB (606, 321), Rect (603, 318), Flot (606.00, 321.00)
2025-05-19 17:11:52 - enemigo - [DEBUG] - [Enemigo_2] Target (centro (659, 311)), Dist: 44.72. Mi Centro HB: (619, 331)
2025-05-19 17:11:52 - enemigo - [DEBUG] - [Enemigo_2] Pos flotante (post-IA y delta): (607.0018, 320.4991)
2025-05-19 17:11:52 - enemigo - [DEBUG] - [Enemigo_2] Solicita movimiento a CH (deltas enteros): dx_int=2, dy_int=-1. HB Actual: (606, 321) (Flotantes totales: dx=1.0018, dy=-0.5009)
2025-05-19 17:11:52 - enemigo - [DEBUG] - [Enemigo_2] Inicia _mover_y_colisionar_con_obstaculos. dx_int=2, dy_int=-1. HB Actual: (606, 321)
2025-05-19 17:11:52 - enemigo - [DEBUG] - [Enemigo_2] Hitbox recentrado (enemigo): (621, 331) (Rect center: (621, 331))
2025-05-19 17:11:52 - enemigo - [DEBUG] - [Enemigo_2] _mover_y_colisionar: HB Antes CH: (606,321), HB Despues CH y Sinc: (608,321), Rect: (605, 318), PosFlotante: (608.00,321.00)
2025-05-19 17:11:52 - enemigo - [DEBUG] - [Enemigo_2] Posición DESPUÉS de mov/col: HB (608, 321), Rect (605, 318), Flot (608.00, 321.00)
2025-05-19 17:11:52 - enemigo - [DEBUG] - [Enemigo_1] --- Inicio Update IA --- Delta: 0.0170s. Pos ANTES: HB (623, 301), Rect (620, 298), Flot (623.00, 301.00)
2025-05-19 17:11:52 - enemigo - [DEBUG] - [Enemigo_1] Target (centro (661, 311)), Dist: 25.00. Mi Centro HB: (636, 311)
2025-05-19 17:11:52 - enemigo - [DEBUG] - [Enemigo_1] Pos flotante (post-IA y delta): (624.1900, 301.0000)
2025-05-19 17:11:52 - enemigo - [DEBUG] - [Enemigo_1] Solicita movimiento a CH (deltas enteros): dx_int=2, dy_int=0. HB Actual: (623, 301) (Flotantes totales: dx=1.1900, dy=0.0000)
2025-05-19 17:11:52 - enemigo - [DEBUG] - [Enemigo_1] Inicia _mover_y_colisionar_con_obstaculos. dx_int=2, dy_int=0. HB Actual: (623, 301)
2025-05-19 17:11:52 - enemigo - [DEBUG] - [Enemigo_1] Hitbox recentrado (enemigo): (638, 311) (Rect center: (638, 311))
2025-05-19 17:11:52 - enemigo - [DEBUG] - [Enemigo_1] _mover_y_colisionar: HB Antes CH: (623,301), HB Despues CH y Sinc: (625,301), Rect: (622, 298), PosFlotante: (625.00,301.00)
2025-05-19 17:11:52 - enemigo - [DEBUG] - [Enemigo_1] Posición DESPUÉS de mov/col: HB (625, 301), Rect (622, 298), Flot (625.00, 301.00)
2025-05-19 17:11:52 - enemigo - [DEBUG] - [Enemigo_2] --- Inicio Update IA --- Delta: 0.0170s. Pos ANTES: HB (608, 321), Rect (605, 318), Flot (608.00, 321.00)
2025-05-19 17:11:52 - enemigo - [DEBUG] - [Enemigo_2] Target (centro (661, 311)), Dist: 44.72. Mi Centro HB: (621, 331)
2025-05-19 17:11:52 - enemigo - [DEBUG] - [Enemigo_2] EN RANGO AGRO. Input IA (vel): (62.61, -31.30)
2025-05-19 17:11:52 - enemigo - [DEBUG] - [Enemigo_2] Pos flotante (post-IA y delta): (609.0644, 320.4678)
2025-05-19 17:11:52 - enemigo - [DEBUG] - [Enemigo_2] Solicita movimiento a CH (deltas enteros): dx_int=2, dy_int=-1. HB Actual: (608, 321) (Flotantes totales: dx=1.0644, dy=-0.5322)
2025-05-19 17:11:52 - enemigo - [DEBUG] - [Enemigo_2] Inicia _mover_y_colisionar_con_obstaculos. dx_int=2, dy_int=-1. HB Actual: (608, 321)
2025-05-19 17:11:52 - enemigo - [DEBUG] - [Enemigo_2] Hitbox recentrado (enemigo): (623, 331) (Rect center: (623, 331))
2025-05-19 17:11:52 - enemigo - [DEBUG] - [Enemigo_2] _mover_y_colisionar: HB Antes CH: (608,321), HB Despues CH y Sinc: (610,321), Rect: (607, 318), PosFlotante: (610.00,321.00)
2025-05-19 17:11:52 - enemigo - [DEBUG] - [Enemigo_2] Posición DESPUÉS de mov/col: HB (610, 321), Rect (607, 318), Flot (610.00, 321.00)
2025-05-19 17:11:52 - enemigo - [DEBUG] - [Enemigo_1] --- Inicio Update IA --- Delta: 0.0170s. Pos ANTES: HB (625, 301), Rect (622, 298), Flot (625.00, 301.00)
2025-05-19 17:11:52 - enemigo - [DEBUG] - [Enemigo_1] Target (centro (663, 311)), Dist: 25.00. Mi Centro HB: (638, 311)
2025-05-19 17:11:52 - enemigo - [DEBUG] - [Enemigo_1] Pos flotante (post-IA y delta): (626.1900, 301.0000)
2025-05-19 17:11:52 - enemigo - [DEBUG] - [Enemigo_1] Solicita movimiento a CH (deltas enteros): dx_int=2, dy_int=0. HB Actual: (625, 301) (Flotantes totales: dx=1.1900, dy=0.0000)
2025-05-19 17:11:52 - enemigo - [DEBUG] - [Enemigo_1] Inicia _mover_y_colisionar_con_obstaculos. dx_int=2, dy_int=0. HB Actual: (625, 301)
2025-05-19 17:11:52 - enemigo - [DEBUG] - [Enemigo_1] Hitbox recentrado (enemigo): (640, 311) (Rect center: (640, 311))
2025-05-19 17:11:52 - enemigo - [DEBUG] - [Enemigo_1] _mover_y_colisionar: HB Antes CH: (625,301), HB Despues CH y Sinc: (627,301), Rect: (624, 298), PosFlotante: (627.00,301.00)
2025-05-19 17:11:52 - enemigo - [DEBUG] - [Enemigo_1] Posición DESPUÉS de mov/col: HB (627, 301), Rect (624, 298), Flot (627.00, 301.00)
2025-05-19 17:11:52 - enemigo - [DEBUG] - [Enemigo_2] --- Inicio Update IA --- Delta: 0.0170s. Pos ANTES: HB (610, 321), Rect (607, 318), Flot (610.00, 321.00)
2025-05-19 17:11:52 - enemigo - [DEBUG] - [Enemigo_2] Target (centro (663, 311)), Dist: 44.72. Mi Centro HB: (623, 331)
2025-05-19 17:11:52 - enemigo - [DEBUG] - [Enemigo_2] Pos flotante (post-IA y delta): (611.0644, 320.4678)
2025-05-19 17:11:52 - enemigo - [DEBUG] - [Enemigo_2] Solicita movimiento a CH (deltas enteros): dx_int=2, dy_int=-1. HB Actual: (610, 321) (Flotantes totales: dx=1.0644, dy=-0.5322)
2025-05-19 17:11:52 - enemigo - [DEBUG] - [Enemigo_2] Inicia _mover_y_colisionar_con_obstaculos. dx_int=2, dy_int=-1. HB Actual: (610, 321)
2025-05-19 17:11:52 - enemigo - [DEBUG] - [Enemigo_2] Hitbox recentrado (enemigo): (625, 331) (Rect center: (625, 331))
2025-05-19 17:11:52 - enemigo - [DEBUG] - [Enemigo_2] _mover_y_colisionar: HB Antes CH: (610,321), HB Despues CH y Sinc: (612,321), Rect: (609, 318), PosFlotante: (612.00,321.00)
2025-05-19 17:11:52 - enemigo - [DEBUG] - [Enemigo_2] Posición DESPUÉS de mov/col: HB (612, 321), Rect (609, 318), Flot (612.00, 321.00)
2025-05-19 17:11:52 - enemigo - [DEBUG] - [Enemigo_1] --- Inicio Update IA --- Delta: 0.0170s. Pos ANTES: HB (627, 301), Rect (624, 298), Flot (627.00, 301.00)
2025-05-19 17:11:52 - enemigo - [DEBUG] - [Enemigo_1] Target (centro (665, 311)), Dist: 25.00. Mi Centro HB: (640, 311)
2025-05-19 17:11:52 - enemigo - [DEBUG] - [Enemigo_1] EN RANGO AGRO. Input IA (vel): (70.00, 0.00)
2025-05-19 17:11:52 - enemigo - [DEBUG] - [Enemigo_1] Pos flotante (post-IA y delta): (628.1900, 301.0000)
2025-05-19 17:11:52 - enemigo - [DEBUG] - [Enemigo_1] Solicita movimiento a CH (deltas enteros): dx_int=2, dy_int=0. HB Actual: (627, 301) (Flotantes totales: dx=1.1900, dy=0.0000)
2025-05-19 17:11:52 - enemigo - [DEBUG] - [Enemigo_1] Inicia _mover_y_colisionar_con_obstaculos. dx_int=2, dy_int=0. HB Actual: (627, 301)
2025-05-19 17:11:52 - enemigo - [DEBUG] - [Enemigo_1] Hitbox recentrado (enemigo): (642, 311) (Rect center: (642, 311))
2025-05-19 17:11:52 - enemigo - [DEBUG] - [Enemigo_1] _mover_y_colisionar: HB Antes CH: (627,301), HB Despues CH y Sinc: (629,301), Rect: (626, 298), PosFlotante: (629.00,301.00)
2025-05-19 17:11:52 - enemigo - [DEBUG] - [Enemigo_1] Posición DESPUÉS de mov/col: HB (629, 301), Rect (626, 298), Flot (629.00, 301.00)
2025-05-19 17:11:52 - enemigo - [DEBUG] - [Enemigo_2] --- Inicio Update IA --- Delta: 0.0170s. Pos ANTES: HB (612, 321), Rect (609, 318), Flot (612.00, 321.00)
2025-05-19 17:11:52 - enemigo - [DEBUG] - [Enemigo_2] Target (centro (665, 311)), Dist: 44.72. Mi Centro HB: (625, 331)
2025-05-19 17:11:52 - enemigo - [DEBUG] - [Enemigo_2] Pos flotante (post-IA y delta): (613.0644, 320.4678)
2025-05-19 17:11:52 - enemigo - [DEBUG] - [Enemigo_2] Solicita movimiento a CH (deltas enteros): dx_int=2, dy_int=-1. HB Actual: (612, 321) (Flotantes totales: dx=1.0644, dy=-0.5322)
2025-05-19 17:11:52 - enemigo - [DEBUG] - [Enemigo_2] Inicia _mover_y_colisionar_con_obstaculos. dx_int=2, dy_int=-1. HB Actual: (612, 321)
2025-05-19 17:11:52 - enemigo - [DEBUG] - [Enemigo_2] Hitbox recentrado (enemigo): (627, 331) (Rect center: (627, 331))
2025-05-19 17:11:52 - enemigo - [DEBUG] - [Enemigo_2] _mover_y_colisionar: HB Antes CH: (612,321), HB Despues CH y Sinc: (614,321), Rect: (611, 318), PosFlotante: (614.00,321.00)
2025-05-19 17:11:52 - enemigo - [DEBUG] - [Enemigo_2] Posición DESPUÉS de mov/col: HB (614, 321), Rect (611, 318), Flot (614.00, 321.00)
2025-05-19 17:11:52 - enemigo - [DEBUG] - [Enemigo_1] --- Inicio Update IA --- Delta: 0.0160s. Pos ANTES: HB (629, 301), Rect (626, 298), Flot (629.00, 301.00)
2025-05-19 17:11:52 - enemigo - [DEBUG] - [Enemigo_1] Target (centro (667, 311)), Dist: 25.00. Mi Centro HB: (642, 311)
2025-05-19 17:11:52 - enemigo - [DEBUG] - [Enemigo_1] Pos flotante (post-IA y delta): (630.1200, 301.0000)
2025-05-19 17:11:52 - enemigo - [DEBUG] - [Enemigo_1] Solicita movimiento a CH (deltas enteros): dx_int=2, dy_int=0. HB Actual: (629, 301) (Flotantes totales: dx=1.1200, dy=0.0000)
2025-05-19 17:11:52 - enemigo - [DEBUG] - [Enemigo_1] Inicia _mover_y_colisionar_con_obstaculos. dx_int=2, dy_int=0. HB Actual: (629, 301)
2025-05-19 17:11:52 - enemigo - [DEBUG] - [Enemigo_1] Hitbox recentrado (enemigo): (644, 311) (Rect center: (644, 311))
2025-05-19 17:11:52 - enemigo - [DEBUG] - [Enemigo_1] _mover_y_colisionar: HB Antes CH: (629,301), HB Despues CH y Sinc: (631,301), Rect: (628, 298), PosFlotante: (631.00,301.00)
2025-05-19 17:11:52 - enemigo - [DEBUG] - [Enemigo_1] Posición DESPUÉS de mov/col: HB (631, 301), Rect (628, 298), Flot (631.00, 301.00)
2025-05-19 17:11:52 - enemigo - [DEBUG] - [Enemigo_2] --- Inicio Update IA --- Delta: 0.0160s. Pos ANTES: HB (614, 321), Rect (611, 318), Flot (614.00, 321.00)
2025-05-19 17:11:52 - enemigo - [DEBUG] - [Enemigo_2] Target (centro (667, 311)), Dist: 44.72. Mi Centro HB: (627, 331)
2025-05-19 17:11:52 - enemigo - [DEBUG] - [Enemigo_2] Pos flotante (post-IA y delta): (615.0018, 320.4991)
2025-05-19 17:11:52 - enemigo - [DEBUG] - [Enemigo_2] Solicita movimiento a CH (deltas enteros): dx_int=2, dy_int=-1. HB Actual: (614, 321) (Flotantes totales: dx=1.0018, dy=-0.5009)
2025-05-19 17:11:52 - enemigo - [DEBUG] - [Enemigo_2] Inicia _mover_y_colisionar_con_obstaculos. dx_int=2, dy_int=-1. HB Actual: (614, 321)
2025-05-19 17:11:52 - enemigo - [DEBUG] - [Enemigo_2] Hitbox recentrado (enemigo): (629, 331) (Rect center: (629, 331))
2025-05-19 17:11:52 - enemigo - [DEBUG] - [Enemigo_2] _mover_y_colisionar: HB Antes CH: (614,321), HB Despues CH y Sinc: (616,321), Rect: (613, 318), PosFlotante: (616.00,321.00)
2025-05-19 17:11:52 - enemigo - [DEBUG] - [Enemigo_2] Posición DESPUÉS de mov/col: HB (616, 321), Rect (613, 318), Flot (616.00, 321.00)
2025-05-19 17:11:52 - enemigo - [DEBUG] - [Enemigo_1] --- Inicio Update IA --- Delta: 0.0170s. Pos ANTES: HB (631, 301), Rect (628, 298), Flot (631.00, 301.00)
2025-05-19 17:11:52 - enemigo - [DEBUG] - [Enemigo_1] Target (centro (669, 311)), Dist: 25.00. Mi Centro HB: (644, 311)
2025-05-19 17:11:52 - enemigo - [DEBUG] - [Enemigo_1] Pos flotante (post-IA y delta): (632.1900, 301.0000)
2025-05-19 17:11:52 - enemigo - [DEBUG] - [Enemigo_1] Solicita movimiento a CH (deltas enteros): dx_int=2, dy_int=0. HB Actual: (631, 301) (Flotantes totales: dx=1.1900, dy=0.0000)
2025-05-19 17:11:52 - enemigo - [DEBUG] - [Enemigo_1] Inicia _mover_y_colisionar_con_obstaculos. dx_int=2, dy_int=0. HB Actual: (631, 301)
2025-05-19 17:11:52 - enemigo - [DEBUG] - [Enemigo_1] Hitbox recentrado (enemigo): (646, 311) (Rect center: (646, 311))
2025-05-19 17:11:52 - enemigo - [DEBUG] - [Enemigo_1] _mover_y_colisionar: HB Antes CH: (631,301), HB Despues CH y Sinc: (633,301), Rect: (630, 298), PosFlotante: (633.00,301.00)
2025-05-19 17:11:52 - enemigo - [DEBUG] - [Enemigo_1] Posición DESPUÉS de mov/col: HB (633, 301), Rect (630, 298), Flot (633.00, 301.00)
2025-05-19 17:11:52 - enemigo - [DEBUG] - [Enemigo_2] --- Inicio Update IA --- Delta: 0.0170s. Pos ANTES: HB (616, 321), Rect (613, 318), Flot (616.00, 321.00)
2025-05-19 17:11:52 - enemigo - [DEBUG] - [Enemigo_2] Target (centro (669, 311)), Dist: 44.72. Mi Centro HB: (629, 331)
2025-05-19 17:11:52 - enemigo - [DEBUG] - [Enemigo_2] EN RANGO AGRO. Input IA (vel): (62.61, -31.30)
2025-05-19 17:11:52 - enemigo - [DEBUG] - [Enemigo_2] Pos flotante (post-IA y delta): (617.0644, 320.4678)
2025-05-19 17:11:52 - enemigo - [DEBUG] - [Enemigo_2] Solicita movimiento a CH (deltas enteros): dx_int=2, dy_int=-1. HB Actual: (616, 321) (Flotantes totales: dx=1.0644, dy=-0.5322)
2025-05-19 17:11:52 - enemigo - [DEBUG] - [Enemigo_2] Inicia _mover_y_colisionar_con_obstaculos. dx_int=2, dy_int=-1. HB Actual: (616, 321)
2025-05-19 17:11:52 - enemigo - [DEBUG] - [Enemigo_2] Hitbox recentrado (enemigo): (631, 331) (Rect center: (631, 331))
2025-05-19 17:11:52 - enemigo - [DEBUG] - [Enemigo_2] _mover_y_colisionar: HB Antes CH: (616,321), HB Despues CH y Sinc: (618,321), Rect: (615, 318), PosFlotante: (618.00,321.00)
2025-05-19 17:11:52 - enemigo - [DEBUG] - [Enemigo_2] Posición DESPUÉS de mov/col: HB (618, 321), Rect (615, 318), Flot (618.00, 321.00)
2025-05-19 17:11:52 - enemigo - [DEBUG] - [Enemigo_1] --- Inicio Update IA --- Delta: 0.0170s. Pos ANTES: HB (633, 301), Rect (630, 298), Flot (633.00, 301.00)
2025-05-19 17:11:52 - enemigo - [DEBUG] - [Enemigo_1] Target (centro (671, 311)), Dist: 25.00. Mi Centro HB: (646, 311)
2025-05-19 17:11:52 - enemigo - [DEBUG] - [Enemigo_1] Pos flotante (post-IA y delta): (634.1900, 301.0000)
2025-05-19 17:11:52 - enemigo - [DEBUG] - [Enemigo_1] Solicita movimiento a CH (deltas enteros): dx_int=2, dy_int=0. HB Actual: (633, 301) (Flotantes totales: dx=1.1900, dy=0.0000)
2025-05-19 17:11:52 - enemigo - [DEBUG] - [Enemigo_1] Inicia _mover_y_colisionar_con_obstaculos. dx_int=2, dy_int=0. HB Actual: (633, 301)
2025-05-19 17:11:52 - enemigo - [DEBUG] - [Enemigo_1] Hitbox recentrado (enemigo): (648, 311) (Rect center: (648, 311))
2025-05-19 17:11:52 - enemigo - [DEBUG] - [Enemigo_1] _mover_y_colisionar: HB Antes CH: (633,301), HB Despues CH y Sinc: (635,301), Rect: (632, 298), PosFlotante: (635.00,301.00)
2025-05-19 17:11:52 - enemigo - [DEBUG] - [Enemigo_1] Posición DESPUÉS de mov/col: HB (635, 301), Rect (632, 298), Flot (635.00, 301.00)
2025-05-19 17:11:52 - enemigo - [DEBUG] - [Enemigo_2] --- Inicio Update IA --- Delta: 0.0170s. Pos ANTES: HB (618, 321), Rect (615, 318), Flot (618.00, 321.00)
2025-05-19 17:11:52 - enemigo - [DEBUG] - [Enemigo_2] Target (centro (671, 311)), Dist: 44.72. Mi Centro HB: (631, 331)
2025-05-19 17:11:52 - enemigo - [DEBUG] - [Enemigo_2] Pos flotante (post-IA y delta): (619.0644, 320.4678)
2025-05-19 17:11:52 - enemigo - [DEBUG] - [Enemigo_2] Solicita movimiento a CH (deltas enteros): dx_int=2, dy_int=-1. HB Actual: (618, 321) (Flotantes totales: dx=1.0644, dy=-0.5322)
2025-05-19 17:11:52 - enemigo - [DEBUG] - [Enemigo_2] Inicia _mover_y_colisionar_con_obstaculos. dx_int=2, dy_int=-1. HB Actual: (618, 321)
2025-05-19 17:11:52 - enemigo - [DEBUG] - [Enemigo_2] Hitbox recentrado (enemigo): (633, 331) (Rect center: (633, 331))
2025-05-19 17:11:52 - enemigo - [DEBUG] - [Enemigo_2] _mover_y_colisionar: HB Antes CH: (618,321), HB Despues CH y Sinc: (620,321), Rect: (617, 318), PosFlotante: (620.00,321.00)
2025-05-19 17:11:52 - enemigo - [DEBUG] - [Enemigo_2] Posición DESPUÉS de mov/col: HB (620, 321), Rect (617, 318), Flot (620.00, 321.00)
2025-05-19 17:11:53 - enemigo - [DEBUG] - [Enemigo_1] --- Inicio Update IA --- Delta: 0.0160s. Pos ANTES: HB (635, 301), Rect (632, 298), Flot (635.00, 301.00)
2025-05-19 17:11:53 - enemigo - [DEBUG] - [Enemigo_1] Target (centro (673, 311)), Dist: 25.00. Mi Centro HB: (648, 311)
2025-05-19 17:11:53 - enemigo - [DEBUG] - [Enemigo_1] EN RANGO AGRO. Input IA (vel): (70.00, 0.00)
2025-05-19 17:11:53 - enemigo - [DEBUG] - [Enemigo_1] Pos flotante (post-IA y delta): (636.1200, 301.0000)
2025-05-19 17:11:53 - enemigo - [DEBUG] - [Enemigo_1] Solicita movimiento a CH (deltas enteros): dx_int=2, dy_int=0. HB Actual: (635, 301) (Flotantes totales: dx=1.1200, dy=0.0000)
2025-05-19 17:11:53 - enemigo - [DEBUG] - [Enemigo_1] Inicia _mover_y_colisionar_con_obstaculos. dx_int=2, dy_int=0. HB Actual: (635, 301)
2025-05-19 17:11:53 - enemigo - [DEBUG] - [Enemigo_1] Hitbox recentrado (enemigo): (650, 311) (Rect center: (650, 311))
2025-05-19 17:11:53 - enemigo - [DEBUG] - [Enemigo_1] _mover_y_colisionar: HB Antes CH: (635,301), HB Despues CH y Sinc: (637,301), Rect: (634, 298), PosFlotante: (637.00,301.00)
2025-05-19 17:11:53 - enemigo - [DEBUG] - [Enemigo_1] Posición DESPUÉS de mov/col: HB (637, 301), Rect (634, 298), Flot (637.00, 301.00)
2025-05-19 17:11:53 - enemigo - [DEBUG] - [Enemigo_2] --- Inicio Update IA --- Delta: 0.0160s. Pos ANTES: HB (620, 321), Rect (617, 318), Flot (620.00, 321.00)
2025-05-19 17:11:53 - enemigo - [DEBUG] - [Enemigo_2] Target (centro (673, 311)), Dist: 44.72. Mi Centro HB: (633, 331)
2025-05-19 17:11:53 - enemigo - [DEBUG] - [Enemigo_2] Pos flotante (post-IA y delta): (621.0018, 320.4991)
2025-05-19 17:11:53 - enemigo - [DEBUG] - [Enemigo_2] Solicita movimiento a CH (deltas enteros): dx_int=2, dy_int=-1. HB Actual: (620, 321) (Flotantes totales: dx=1.0018, dy=-0.5009)
2025-05-19 17:11:53 - enemigo - [DEBUG] - [Enemigo_2] Inicia _mover_y_colisionar_con_obstaculos. dx_int=2, dy_int=-1. HB Actual: (620, 321)
2025-05-19 17:11:53 - enemigo - [DEBUG] - [Enemigo_2] Hitbox recentrado (enemigo): (635, 331) (Rect center: (635, 331))
2025-05-19 17:11:53 - enemigo - [DEBUG] - [Enemigo_2] _mover_y_colisionar: HB Antes CH: (620,321), HB Despues CH y Sinc: (622,321), Rect: (619, 318), PosFlotante: (622.00,321.00)
2025-05-19 17:11:53 - enemigo - [DEBUG] - [Enemigo_2] Posición DESPUÉS de mov/col: HB (622, 321), Rect (619, 318), Flot (622.00, 321.00)
2025-05-19 17:11:53 - enemigo - [DEBUG] - [Enemigo_1] --- Inicio Update IA --- Delta: 0.0160s. Pos ANTES: HB (637, 301), Rect (634, 298), Flot (637.00, 301.00)
2025-05-19 17:11:53 - enemigo - [DEBUG] - [Enemigo_1] Target (centro (675, 311)), Dist: 25.00. Mi Centro HB: (650, 311)
2025-05-19 17:11:53 - enemigo - [DEBUG] - [Enemigo_1] Pos flotante (post-IA y delta): (638.1200, 301.0000)
2025-05-19 17:11:53 - enemigo - [DEBUG] - [Enemigo_1] Solicita movimiento a CH (deltas enteros): dx_int=2, dy_int=0. HB Actual: (637, 301) (Flotantes totales: dx=1.1200, dy=0.0000)
2025-05-19 17:11:53 - enemigo - [DEBUG] - [Enemigo_1] Inicia _mover_y_colisionar_con_obstaculos. dx_int=2, dy_int=0. HB Actual: (637, 301)
2025-05-19 17:11:53 - enemigo - [DEBUG] - [Enemigo_1] Hitbox recentrado (enemigo): (652, 311) (Rect center: (652, 311))
2025-05-19 17:11:53 - enemigo - [DEBUG] - [Enemigo_1] _mover_y_colisionar: HB Antes CH: (637,301), HB Despues CH y Sinc: (639,301), Rect: (636, 298), PosFlotante: (639.00,301.00)
2025-05-19 17:11:53 - enemigo - [DEBUG] - [Enemigo_1] Posición DESPUÉS de mov/col: HB (639, 301), Rect (636, 298), Flot (639.00, 301.00)
2025-05-19 17:11:53 - enemigo - [DEBUG] - [Enemigo_2] --- Inicio Update IA --- Delta: 0.0160s. Pos ANTES: HB (622, 321), Rect (619, 318), Flot (622.00, 321.00)
2025-05-19 17:11:53 - enemigo - [DEBUG] - [Enemigo_2] Target (centro (675, 311)), Dist: 44.72. Mi Centro HB: (635, 331)
2025-05-19 17:11:53 - enemigo - [DEBUG] - [Enemigo_2] Pos flotante (post-IA y delta): (623.0018, 320.4991)
2025-05-19 17:11:53 - enemigo - [DEBUG] - [Enemigo_2] Solicita movimiento a CH (deltas enteros): dx_int=2, dy_int=-1. HB Actual: (622, 321) (Flotantes totales: dx=1.0018, dy=-0.5009)
2025-05-19 17:11:53 - enemigo - [DEBUG] - [Enemigo_2] Inicia _mover_y_colisionar_con_obstaculos. dx_int=2, dy_int=-1. HB Actual: (622, 321)
2025-05-19 17:11:53 - enemigo - [DEBUG] - [Enemigo_2] Hitbox recentrado (enemigo): (637, 331) (Rect center: (637, 331))
2025-05-19 17:11:53 - enemigo - [DEBUG] - [Enemigo_2] _mover_y_colisionar: HB Antes CH: (622,321), HB Despues CH y Sinc: (624,321), Rect: (621, 318), PosFlotante: (624.00,321.00)
2025-05-19 17:11:53 - enemigo - [DEBUG] - [Enemigo_2] Posición DESPUÉS de mov/col: HB (624, 321), Rect (621, 318), Flot (624.00, 321.00)
2025-05-19 17:11:53 - enemigo - [DEBUG] - [Enemigo_1] --- Inicio Update IA --- Delta: 0.0160s. Pos ANTES: HB (639, 301), Rect (636, 298), Flot (639.00, 301.00)
2025-05-19 17:11:53 - enemigo - [DEBUG] - [Enemigo_1] Target (centro (677, 311)), Dist: 25.00. Mi Centro HB: (652, 311)
2025-05-19 17:11:53 - enemigo - [DEBUG] - [Enemigo_1] Pos flotante (post-IA y delta): (640.1200, 301.0000)
2025-05-19 17:11:53 - enemigo - [DEBUG] - [Enemigo_1] Solicita movimiento a CH (deltas enteros): dx_int=2, dy_int=0. HB Actual: (639, 301) (Flotantes totales: dx=1.1200, dy=0.0000)
2025-05-19 17:11:53 - enemigo - [DEBUG] - [Enemigo_1] Inicia _mover_y_colisionar_con_obstaculos. dx_int=2, dy_int=0. HB Actual: (639, 301)
2025-05-19 17:11:53 - enemigo - [DEBUG] - [Enemigo_1] Hitbox recentrado (enemigo): (654, 311) (Rect center: (654, 311))
2025-05-19 17:11:53 - enemigo - [DEBUG] - [Enemigo_1] _mover_y_colisionar: HB Antes CH: (639,301), HB Despues CH y Sinc: (641,301), Rect: (638, 298), PosFlotante: (641.00,301.00)
2025-05-19 17:11:53 - enemigo - [DEBUG] - [Enemigo_1] Posición DESPUÉS de mov/col: HB (641, 301), Rect (638, 298), Flot (641.00, 301.00)
2025-05-19 17:11:53 - enemigo - [DEBUG] - [Enemigo_2] --- Inicio Update IA --- Delta: 0.0160s. Pos ANTES: HB (624, 321), Rect (621, 318), Flot (624.00, 321.00)
2025-05-19 17:11:53 - enemigo - [DEBUG] - [Enemigo_2] Target (centro (677, 311)), Dist: 44.72. Mi Centro HB: (637, 331)
2025-05-19 17:11:53 - enemigo - [DEBUG] - [Enemigo_2] EN RANGO AGRO. Input IA (vel): (62.61, -31.30)
2025-05-19 17:11:53 - enemigo - [DEBUG] - [Enemigo_2] Pos flotante (post-IA y delta): (625.0018, 320.4991)
2025-05-19 17:11:53 - enemigo - [DEBUG] - [Enemigo_2] Solicita movimiento a CH (deltas enteros): dx_int=2, dy_int=-1. HB Actual: (624, 321) (Flotantes totales: dx=1.0018, dy=-0.5009)
2025-05-19 17:11:53 - enemigo - [DEBUG] - [Enemigo_2] Inicia _mover_y_colisionar_con_obstaculos. dx_int=2, dy_int=-1. HB Actual: (624, 321)
2025-05-19 17:11:53 - enemigo - [DEBUG] - [Enemigo_2] Hitbox recentrado (enemigo): (639, 331) (Rect center: (639, 331))
2025-05-19 17:11:53 - enemigo - [DEBUG] - [Enemigo_2] _mover_y_colisionar: HB Antes CH: (624,321), HB Despues CH y Sinc: (626,321), Rect: (623, 318), PosFlotante: (626.00,321.00)
2025-05-19 17:11:53 - enemigo - [DEBUG] - [Enemigo_2] Posición DESPUÉS de mov/col: HB (626, 321), Rect (623, 318), Flot (626.00, 321.00)
2025-05-19 17:11:53 - enemigo - [DEBUG] - [Enemigo_1] --- Inicio Update IA --- Delta: 0.0180s. Pos ANTES: HB (641, 301), Rect (638, 298), Flot (641.00, 301.00)
2025-05-19 17:11:53 - enemigo - [DEBUG] - [Enemigo_1] Target (centro (679, 311)), Dist: 25.00. Mi Centro HB: (654, 311)
2025-05-19 17:11:53 - enemigo - [DEBUG] - [Enemigo_1] Pos flotante (post-IA y delta): (642.2600, 301.0000)
2025-05-19 17:11:53 - enemigo - [DEBUG] - [Enemigo_1] Solicita movimiento a CH (deltas enteros): dx_int=2, dy_int=0. HB Actual: (641, 301) (Flotantes totales: dx=1.2600, dy=0.0000)
2025-05-19 17:11:53 - enemigo - [DEBUG] - [Enemigo_1] Inicia _mover_y_colisionar_con_obstaculos. dx_int=2, dy_int=0. HB Actual: (641, 301)
2025-05-19 17:11:53 - enemigo - [DEBUG] - [Enemigo_1] Hitbox recentrado (enemigo): (656, 311) (Rect center: (656, 311))
2025-05-19 17:11:53 - enemigo - [DEBUG] - [Enemigo_1] _mover_y_colisionar: HB Antes CH: (641,301), HB Despues CH y Sinc: (643,301), Rect: (640, 298), PosFlotante: (643.00,301.00)
2025-05-19 17:11:53 - enemigo - [DEBUG] - [Enemigo_1] Posición DESPUÉS de mov/col: HB (643, 301), Rect (640, 298), Flot (643.00, 301.00)
2025-05-19 17:11:53 - enemigo - [DEBUG] - [Enemigo_2] --- Inicio Update IA --- Delta: 0.0180s. Pos ANTES: HB (626, 321), Rect (623, 318), Flot (626.00, 321.00)
2025-05-19 17:11:53 - enemigo - [DEBUG] - [Enemigo_2] Target (centro (679, 311)), Dist: 44.72. Mi Centro HB: (639, 331)
2025-05-19 17:11:53 - enemigo - [DEBUG] - [Enemigo_2] Pos flotante (post-IA y delta): (627.1270, 320.4365)
2025-05-19 17:11:53 - enemigo - [DEBUG] - [Enemigo_2] Solicita movimiento a CH (deltas enteros): dx_int=2, dy_int=-1. HB Actual: (626, 321) (Flotantes totales: dx=1.1270, dy=-0.5635)
2025-05-19 17:11:53 - enemigo - [DEBUG] - [Enemigo_2] Inicia _mover_y_colisionar_con_obstaculos. dx_int=2, dy_int=-1. HB Actual: (626, 321)
2025-05-19 17:11:53 - enemigo - [DEBUG] - [Enemigo_2] Hitbox recentrado (enemigo): (641, 331) (Rect center: (641, 331))
2025-05-19 17:11:53 - enemigo - [DEBUG] - [Enemigo_2] _mover_y_colisionar: HB Antes CH: (626,321), HB Despues CH y Sinc: (628,321), Rect: (625, 318), PosFlotante: (628.00,321.00)
2025-05-19 17:11:53 - enemigo - [DEBUG] - [Enemigo_2] Posición DESPUÉS de mov/col: HB (628, 321), Rect (625, 318), Flot (628.00, 321.00)
2025-05-19 17:11:53 - enemigo - [DEBUG] - [Enemigo_1] --- Inicio Update IA --- Delta: 0.0160s. Pos ANTES: HB (643, 301), Rect (640, 298), Flot (643.00, 301.00)
2025-05-19 17:11:53 - enemigo - [DEBUG] - [Enemigo_1] Target (centro (681, 311)), Dist: 25.00. Mi Centro HB: (656, 311)
2025-05-19 17:11:53 - enemigo - [DEBUG] - [Enemigo_1] EN RANGO AGRO. Input IA (vel): (70.00, 0.00)
2025-05-19 17:11:53 - enemigo - [DEBUG] - [Enemigo_1] Pos flotante (post-IA y delta): (644.1200, 301.0000)
2025-05-19 17:11:53 - enemigo - [DEBUG] - [Enemigo_1] Solicita movimiento a CH (deltas enteros): dx_int=2, dy_int=0. HB Actual: (643, 301) (Flotantes totales: dx=1.1200, dy=0.0000)
2025-05-19 17:11:53 - enemigo - [DEBUG] - [Enemigo_1] Inicia _mover_y_colisionar_con_obstaculos. dx_int=2, dy_int=0. HB Actual: (643, 301)
2025-05-19 17:11:53 - enemigo - [DEBUG] - [Enemigo_1] Hitbox recentrado (enemigo): (658, 311) (Rect center: (658, 311))
2025-05-19 17:11:53 - enemigo - [DEBUG] - [Enemigo_1] _mover_y_colisionar: HB Antes CH: (643,301), HB Despues CH y Sinc: (645,301), Rect: (642, 298), PosFlotante: (645.00,301.00)
2025-05-19 17:11:53 - enemigo - [DEBUG] - [Enemigo_1] Posición DESPUÉS de mov/col: HB (645, 301), Rect (642, 298), Flot (645.00, 301.00)
2025-05-19 17:11:53 - enemigo - [DEBUG] - [Enemigo_2] --- Inicio Update IA --- Delta: 0.0160s. Pos ANTES: HB (628, 321), Rect (625, 318), Flot (628.00, 321.00)
2025-05-19 17:11:53 - enemigo - [DEBUG] - [Enemigo_2] Target (centro (681, 311)), Dist: 44.72. Mi Centro HB: (641, 331)
2025-05-19 17:11:53 - enemigo - [DEBUG] - [Enemigo_2] Pos flotante (post-IA y delta): (629.0018, 320.4991)
2025-05-19 17:11:53 - enemigo - [DEBUG] - [Enemigo_2] Solicita movimiento a CH (deltas enteros): dx_int=2, dy_int=-1. HB Actual: (628, 321) (Flotantes totales: dx=1.0018, dy=-0.5009)
2025-05-19 17:11:53 - enemigo - [DEBUG] - [Enemigo_2] Inicia _mover_y_colisionar_con_obstaculos. dx_int=2, dy_int=-1. HB Actual: (628, 321)
2025-05-19 17:11:53 - enemigo - [DEBUG] - [Enemigo_2] Hitbox recentrado (enemigo): (643, 331) (Rect center: (643, 331))
2025-05-19 17:11:53 - enemigo - [DEBUG] - [Enemigo_2] _mover_y_colisionar: HB Antes CH: (628,321), HB Despues CH y Sinc: (630,321), Rect: (627, 318), PosFlotante: (630.00,321.00)
2025-05-19 17:11:53 - enemigo - [DEBUG] - [Enemigo_2] Posición DESPUÉS de mov/col: HB (630, 321), Rect (627, 318), Flot (630.00, 321.00)
2025-05-19 17:11:53 - enemigo - [DEBUG] - [Enemigo_1] --- Inicio Update IA --- Delta: 0.0170s. Pos ANTES: HB (645, 301), Rect (642, 298), Flot (645.00, 301.00)
2025-05-19 17:11:53 - enemigo - [DEBUG] - [Enemigo_1] Target (centro (683, 311)), Dist: 25.00. Mi Centro HB: (658, 311)
2025-05-19 17:11:53 - enemigo - [DEBUG] - [Enemigo_1] Pos flotante (post-IA y delta): (646.1900, 301.0000)
2025-05-19 17:11:53 - enemigo - [DEBUG] - [Enemigo_1] Solicita movimiento a CH (deltas enteros): dx_int=2, dy_int=0. HB Actual: (645, 301) (Flotantes totales: dx=1.1900, dy=0.0000)
2025-05-19 17:11:53 - enemigo - [DEBUG] - [Enemigo_1] Inicia _mover_y_colisionar_con_obstaculos. dx_int=2, dy_int=0. HB Actual: (645, 301)
2025-05-19 17:11:53 - enemigo - [DEBUG] - [Enemigo_1] Hitbox recentrado (enemigo): (660, 311) (Rect center: (660, 311))
2025-05-19 17:11:53 - enemigo - [DEBUG] - [Enemigo_1] _mover_y_colisionar: HB Antes CH: (645,301), HB Despues CH y Sinc: (647,301), Rect: (644, 298), PosFlotante: (647.00,301.00)
2025-05-19 17:11:53 - enemigo - [DEBUG] - [Enemigo_1] Posición DESPUÉS de mov/col: HB (647, 301), Rect (644, 298), Flot (647.00, 301.00)
2025-05-19 17:11:53 - enemigo - [DEBUG] - [Enemigo_2] --- Inicio Update IA --- Delta: 0.0170s. Pos ANTES: HB (630, 321), Rect (627, 318), Flot (630.00, 321.00)
2025-05-19 17:11:53 - enemigo - [DEBUG] - [Enemigo_2] Target (centro (683, 311)), Dist: 44.72. Mi Centro HB: (643, 331)
2025-05-19 17:11:53 - enemigo - [DEBUG] - [Enemigo_2] EN RANGO AGRO. Input IA (vel): (62.61, -31.30)
2025-05-19 17:11:53 - enemigo - [DEBUG] - [Enemigo_2] Pos flotante (post-IA y delta): (631.0644, 320.4678)
2025-05-19 17:11:53 - enemigo - [DEBUG] - [Enemigo_2] Solicita movimiento a CH (deltas enteros): dx_int=2, dy_int=-1. HB Actual: (630, 321) (Flotantes totales: dx=1.0644, dy=-0.5322)
2025-05-19 17:11:53 - enemigo - [DEBUG] - [Enemigo_2] Inicia _mover_y_colisionar_con_obstaculos. dx_int=2, dy_int=-1. HB Actual: (630, 321)
2025-05-19 17:11:53 - enemigo - [DEBUG] - [Enemigo_2] Hitbox recentrado (enemigo): (645, 331) (Rect center: (645, 331))
2025-05-19 17:11:53 - enemigo - [DEBUG] - [Enemigo_2] _mover_y_colisionar: HB Antes CH: (630,321), HB Despues CH y Sinc: (632,321), Rect: (629, 318), PosFlotante: (632.00,321.00)
2025-05-19 17:11:53 - enemigo - [DEBUG] - [Enemigo_2] Posición DESPUÉS de mov/col: HB (632, 321), Rect (629, 318), Flot (632.00, 321.00)
2025-05-19 17:11:53 - enemigo - [DEBUG] - [Enemigo_1] --- Inicio Update IA --- Delta: 0.0170s. Pos ANTES: HB (647, 301), Rect (644, 298), Flot (647.00, 301.00)
2025-05-19 17:11:53 - enemigo - [DEBUG] - [Enemigo_1] Target (centro (685, 311)), Dist: 25.00. Mi Centro HB: (660, 311)
2025-05-19 17:11:53 - enemigo - [DEBUG] - [Enemigo_1] Pos flotante (post-IA y delta): (648.1900, 301.0000)
2025-05-19 17:11:53 - enemigo - [DEBUG] - [Enemigo_1] Solicita movimiento a CH (deltas enteros): dx_int=2, dy_int=0. HB Actual: (647, 301) (Flotantes totales: dx=1.1900, dy=0.0000)
2025-05-19 17:11:53 - enemigo - [DEBUG] - [Enemigo_1] Inicia _mover_y_colisionar_con_obstaculos. dx_int=2, dy_int=0. HB Actual: (647, 301)
2025-05-19 17:11:53 - enemigo - [DEBUG] - [Enemigo_1] Hitbox recentrado (enemigo): (662, 311) (Rect center: (662, 311))
2025-05-19 17:11:53 - enemigo - [DEBUG] - [Enemigo_1] _mover_y_colisionar: HB Antes CH: (647,301), HB Despues CH y Sinc: (649,301), Rect: (646, 298), PosFlotante: (649.00,301.00)
2025-05-19 17:11:53 - enemigo - [DEBUG] - [Enemigo_1] Posición DESPUÉS de mov/col: HB (649, 301), Rect (646, 298), Flot (649.00, 301.00)
2025-05-19 17:11:53 - enemigo - [DEBUG] - [Enemigo_2] --- Inicio Update IA --- Delta: 0.0170s. Pos ANTES: HB (632, 321), Rect (629, 318), Flot (632.00, 321.00)
2025-05-19 17:11:53 - enemigo - [DEBUG] - [Enemigo_2] Target (centro (685, 311)), Dist: 44.72. Mi Centro HB: (645, 331)
2025-05-19 17:11:53 - enemigo - [DEBUG] - [Enemigo_2] Pos flotante (post-IA y delta): (633.0644, 320.4678)
2025-05-19 17:11:53 - enemigo - [DEBUG] - [Enemigo_2] Solicita movimiento a CH (deltas enteros): dx_int=2, dy_int=-1. HB Actual: (632, 321) (Flotantes totales: dx=1.0644, dy=-0.5322)
2025-05-19 17:11:53 - enemigo - [DEBUG] - [Enemigo_2] Inicia _mover_y_colisionar_con_obstaculos. dx_int=2, dy_int=-1. HB Actual: (632, 321)
2025-05-19 17:11:53 - enemigo - [DEBUG] - [Enemigo_2] Hitbox recentrado (enemigo): (647, 331) (Rect center: (647, 331))
2025-05-19 17:11:53 - enemigo - [DEBUG] - [Enemigo_2] _mover_y_colisionar: HB Antes CH: (632,321), HB Despues CH y Sinc: (634,321), Rect: (631, 318), PosFlotante: (634.00,321.00)
2025-05-19 17:11:53 - enemigo - [DEBUG] - [Enemigo_2] Posición DESPUÉS de mov/col: HB (634, 321), Rect (631, 318), Flot (634.00, 321.00)
2025-05-19 17:11:53 - enemigo - [DEBUG] - [Enemigo_1] --- Inicio Update IA --- Delta: 0.0160s. Pos ANTES: HB (649, 301), Rect (646, 298), Flot (649.00, 301.00)
2025-05-19 17:11:53 - enemigo - [DEBUG] - [Enemigo_1] Target (centro (687, 311)), Dist: 25.00. Mi Centro HB: (662, 311)
2025-05-19 17:11:53 - enemigo - [DEBUG] - [Enemigo_1] EN RANGO AGRO. Input IA (vel): (70.00, 0.00)
2025-05-19 17:11:53 - enemigo - [DEBUG] - [Enemigo_1] Pos flotante (post-IA y delta): (650.1200, 301.0000)
2025-05-19 17:11:53 - enemigo - [DEBUG] - [Enemigo_1] Solicita movimiento a CH (deltas enteros): dx_int=2, dy_int=0. HB Actual: (649, 301) (Flotantes totales: dx=1.1200, dy=0.0000)
2025-05-19 17:11:53 - enemigo - [DEBUG] - [Enemigo_1] Inicia _mover_y_colisionar_con_obstaculos. dx_int=2, dy_int=0. HB Actual: (649, 301)
2025-05-19 17:11:53 - enemigo - [DEBUG] - [Enemigo_1] Hitbox recentrado (enemigo): (664, 311) (Rect center: (664, 311))
2025-05-19 17:11:53 - enemigo - [DEBUG] - [Enemigo_1] _mover_y_colisionar: HB Antes CH: (649,301), HB Despues CH y Sinc: (651,301), Rect: (648, 298), PosFlotante: (651.00,301.00)
2025-05-19 17:11:53 - enemigo - [DEBUG] - [Enemigo_1] Posición DESPUÉS de mov/col: HB (651, 301), Rect (648, 298), Flot (651.00, 301.00)
2025-05-19 17:11:53 - enemigo - [DEBUG] - [Enemigo_2] --- Inicio Update IA --- Delta: 0.0160s. Pos ANTES: HB (634, 321), Rect (631, 318), Flot (634.00, 321.00)
2025-05-19 17:11:53 - enemigo - [DEBUG] - [Enemigo_2] Target (centro (687, 311)), Dist: 44.72. Mi Centro HB: (647, 331)
2025-05-19 17:11:53 - enemigo - [DEBUG] - [Enemigo_2] Pos flotante (post-IA y delta): (635.0018, 320.4991)
2025-05-19 17:11:53 - enemigo - [DEBUG] - [Enemigo_2] Solicita movimiento a CH (deltas enteros): dx_int=2, dy_int=-1. HB Actual: (634, 321) (Flotantes totales: dx=1.0018, dy=-0.5009)
2025-05-19 17:11:53 - enemigo - [DEBUG] - [Enemigo_2] Inicia _mover_y_colisionar_con_obstaculos. dx_int=2, dy_int=-1. HB Actual: (634, 321)
2025-05-19 17:11:53 - enemigo - [DEBUG] - [Enemigo_2] Hitbox recentrado (enemigo): (649, 331) (Rect center: (649, 331))
2025-05-19 17:11:53 - enemigo - [DEBUG] - [Enemigo_2] _mover_y_colisionar: HB Antes CH: (634,321), HB Despues CH y Sinc: (636,321), Rect: (633, 318), PosFlotante: (636.00,321.00)
2025-05-19 17:11:53 - enemigo - [DEBUG] - [Enemigo_2] Posición DESPUÉS de mov/col: HB (636, 321), Rect (633, 318), Flot (636.00, 321.00)
2025-05-19 17:11:53 - enemigo - [DEBUG] - [Enemigo_1] --- Inicio Update IA --- Delta: 0.0160s. Pos ANTES: HB (651, 301), Rect (648, 298), Flot (651.00, 301.00)
2025-05-19 17:11:53 - enemigo - [DEBUG] - [Enemigo_1] Target (centro (689, 311)), Dist: 25.00. Mi Centro HB: (664, 311)
2025-05-19 17:11:53 - enemigo - [DEBUG] - [Enemigo_1] Pos flotante (post-IA y delta): (652.1200, 301.0000)
2025-05-19 17:11:53 - enemigo - [DEBUG] - [Enemigo_1] Solicita movimiento a CH (deltas enteros): dx_int=2, dy_int=0. HB Actual: (651, 301) (Flotantes totales: dx=1.1200, dy=0.0000)
2025-05-19 17:11:53 - enemigo - [DEBUG] - [Enemigo_1] Inicia _mover_y_colisionar_con_obstaculos. dx_int=2, dy_int=0. HB Actual: (651, 301)
2025-05-19 17:11:53 - enemigo - [DEBUG] - [Enemigo_1] Hitbox recentrado (enemigo): (666, 311) (Rect center: (666, 311))
2025-05-19 17:11:53 - enemigo - [DEBUG] - [Enemigo_1] _mover_y_colisionar: HB Antes CH: (651,301), HB Despues CH y Sinc: (653,301), Rect: (650, 298), PosFlotante: (653.00,301.00)
2025-05-19 17:11:53 - enemigo - [DEBUG] - [Enemigo_1] Posición DESPUÉS de mov/col: HB (653, 301), Rect (650, 298), Flot (653.00, 301.00)
2025-05-19 17:11:53 - enemigo - [DEBUG] - [Enemigo_2] --- Inicio Update IA --- Delta: 0.0160s. Pos ANTES: HB (636, 321), Rect (633, 318), Flot (636.00, 321.00)
2025-05-19 17:11:53 - enemigo - [DEBUG] - [Enemigo_2] Target (centro (689, 311)), Dist: 44.72. Mi Centro HB: (649, 331)
2025-05-19 17:11:53 - enemigo - [DEBUG] - [Enemigo_2] Pos flotante (post-IA y delta): (637.0018, 320.4991)
2025-05-19 17:11:53 - enemigo - [DEBUG] - [Enemigo_2] Solicita movimiento a CH (deltas enteros): dx_int=2, dy_int=-1. HB Actual: (636, 321) (Flotantes totales: dx=1.0018, dy=-0.5009)
2025-05-19 17:11:53 - enemigo - [DEBUG] - [Enemigo_2] Inicia _mover_y_colisionar_con_obstaculos. dx_int=2, dy_int=-1. HB Actual: (636, 321)
2025-05-19 17:11:53 - enemigo - [DEBUG] - [Enemigo_2] Hitbox recentrado (enemigo): (651, 331) (Rect center: (651, 331))
2025-05-19 17:11:53 - enemigo - [DEBUG] - [Enemigo_2] _mover_y_colisionar: HB Antes CH: (636,321), HB Despues CH y Sinc: (638,321), Rect: (635, 318), PosFlotante: (638.00,321.00)
2025-05-19 17:11:53 - enemigo - [DEBUG] - [Enemigo_2] Posición DESPUÉS de mov/col: HB (638, 321), Rect (635, 318), Flot (638.00, 321.00)
2025-05-19 17:11:53 - enemigo - [DEBUG] - [Enemigo_1] --- Inicio Update IA --- Delta: 0.0160s. Pos ANTES: HB (653, 301), Rect (650, 298), Flot (653.00, 301.00)
2025-05-19 17:11:53 - enemigo - [DEBUG] - [Enemigo_1] Target (centro (691, 311)), Dist: 25.00. Mi Centro HB: (666, 311)
2025-05-19 17:11:53 - enemigo - [DEBUG] - [Enemigo_1] Pos flotante (post-IA y delta): (654.1200, 301.0000)
2025-05-19 17:11:53 - enemigo - [DEBUG] - [Enemigo_1] Solicita movimiento a CH (deltas enteros): dx_int=2, dy_int=0. HB Actual: (653, 301) (Flotantes totales: dx=1.1200, dy=0.0000)
2025-05-19 17:11:53 - enemigo - [DEBUG] - [Enemigo_1] Inicia _mover_y_colisionar_con_obstaculos. dx_int=2, dy_int=0. HB Actual: (653, 301)
2025-05-19 17:11:53 - enemigo - [DEBUG] - [Enemigo_1] Hitbox recentrado (enemigo): (668, 311) (Rect center: (668, 311))
2025-05-19 17:11:53 - enemigo - [DEBUG] - [Enemigo_1] _mover_y_colisionar: HB Antes CH: (653,301), HB Despues CH y Sinc: (655,301), Rect: (652, 298), PosFlotante: (655.00,301.00)
2025-05-19 17:11:53 - enemigo - [DEBUG] - [Enemigo_1] Posición DESPUÉS de mov/col: HB (655, 301), Rect (652, 298), Flot (655.00, 301.00)
2025-05-19 17:11:53 - enemigo - [DEBUG] - [Enemigo_2] --- Inicio Update IA --- Delta: 0.0160s. Pos ANTES: HB (638, 321), Rect (635, 318), Flot (638.00, 321.00)
2025-05-19 17:11:53 - enemigo - [DEBUG] - [Enemigo_2] Target (centro (691, 311)), Dist: 44.72. Mi Centro HB: (651, 331)
2025-05-19 17:11:53 - enemigo - [DEBUG] - [Enemigo_2] EN RANGO AGRO. Input IA (vel): (62.61, -31.30)
2025-05-19 17:11:53 - enemigo - [DEBUG] - [Enemigo_2] Pos flotante (post-IA y delta): (639.0018, 320.4991)
2025-05-19 17:11:53 - enemigo - [DEBUG] - [Enemigo_2] Solicita movimiento a CH (deltas enteros): dx_int=2, dy_int=-1. HB Actual: (638, 321) (Flotantes totales: dx=1.0018, dy=-0.5009)
2025-05-19 17:11:53 - enemigo - [DEBUG] - [Enemigo_2] Inicia _mover_y_colisionar_con_obstaculos. dx_int=2, dy_int=-1. HB Actual: (638, 321)
2025-05-19 17:11:53 - enemigo - [DEBUG] - [Enemigo_2] Hitbox recentrado (enemigo): (653, 331) (Rect center: (653, 331))
2025-05-19 17:11:53 - enemigo - [DEBUG] - [Enemigo_2] _mover_y_colisionar: HB Antes CH: (638,321), HB Despues CH y Sinc: (640,321), Rect: (637, 318), PosFlotante: (640.00,321.00)
2025-05-19 17:11:53 - enemigo - [DEBUG] - [Enemigo_2] Posición DESPUÉS de mov/col: HB (640, 321), Rect (637, 318), Flot (640.00, 321.00)
2025-05-19 17:11:53 - enemigo - [DEBUG] - [Enemigo_1] --- Inicio Update IA --- Delta: 0.0160s. Pos ANTES: HB (655, 301), Rect (652, 298), Flot (655.00, 301.00)
2025-05-19 17:11:53 - enemigo - [DEBUG] - [Enemigo_1] Target (centro (693, 311)), Dist: 25.00. Mi Centro HB: (668, 311)
2025-05-19 17:11:53 - enemigo - [DEBUG] - [Enemigo_1] Pos flotante (post-IA y delta): (656.1200, 301.0000)
2025-05-19 17:11:53 - enemigo - [DEBUG] - [Enemigo_1] Solicita movimiento a CH (deltas enteros): dx_int=2, dy_int=0. HB Actual: (655, 301) (Flotantes totales: dx=1.1200, dy=0.0000)
2025-05-19 17:11:53 - enemigo - [DEBUG] - [Enemigo_1] Inicia _mover_y_colisionar_con_obstaculos. dx_int=2, dy_int=0. HB Actual: (655, 301)
2025-05-19 17:11:53 - enemigo - [DEBUG] - [Enemigo_1] Hitbox recentrado (enemigo): (670, 311) (Rect center: (670, 311))
2025-05-19 17:11:53 - enemigo - [DEBUG] - [Enemigo_1] _mover_y_colisionar: HB Antes CH: (655,301), HB Despues CH y Sinc: (657,301), Rect: (654, 298), PosFlotante: (657.00,301.00)
2025-05-19 17:11:53 - enemigo - [DEBUG] - [Enemigo_1] Posición DESPUÉS de mov/col: HB (657, 301), Rect (654, 298), Flot (657.00, 301.00)
2025-05-19 17:11:53 - enemigo - [DEBUG] - [Enemigo_2] --- Inicio Update IA --- Delta: 0.0160s. Pos ANTES: HB (640, 321), Rect (637, 318), Flot (640.00, 321.00)
2025-05-19 17:11:53 - enemigo - [DEBUG] - [Enemigo_2] Target (centro (693, 311)), Dist: 44.72. Mi Centro HB: (653, 331)
2025-05-19 17:11:53 - enemigo - [DEBUG] - [Enemigo_2] Pos flotante (post-IA y delta): (641.0018, 320.4991)
2025-05-19 17:11:53 - enemigo - [DEBUG] - [Enemigo_2] Solicita movimiento a CH (deltas enteros): dx_int=2, dy_int=-1. HB Actual: (640, 321) (Flotantes totales: dx=1.0018, dy=-0.5009)
2025-05-19 17:11:53 - enemigo - [DEBUG] - [Enemigo_2] Inicia _mover_y_colisionar_con_obstaculos. dx_int=2, dy_int=-1. HB Actual: (640, 321)
2025-05-19 17:11:53 - enemigo - [DEBUG] - [Enemigo_2] Hitbox recentrado (enemigo): (655, 331) (Rect center: (655, 331))
2025-05-19 17:11:53 - enemigo - [DEBUG] - [Enemigo_2] _mover_y_colisionar: HB Antes CH: (640,321), HB Despues CH y Sinc: (642,321), Rect: (639, 318), PosFlotante: (642.00,321.00)
2025-05-19 17:11:53 - enemigo - [DEBUG] - [Enemigo_2] Posición DESPUÉS de mov/col: HB (642, 321), Rect (639, 318), Flot (642.00, 321.00)
2025-05-19 17:11:53 - enemigo - [DEBUG] - [Enemigo_1] --- Inicio Update IA --- Delta: 0.0160s. Pos ANTES: HB (657, 301), Rect (654, 298), Flot (657.00, 301.00)
2025-05-19 17:11:53 - enemigo - [DEBUG] - [Enemigo_1] Target (centro (695, 311)), Dist: 25.00. Mi Centro HB: (670, 311)
2025-05-19 17:11:53 - enemigo - [DEBUG] - [Enemigo_1] EN RANGO AGRO. Input IA (vel): (70.00, 0.00)
2025-05-19 17:11:53 - enemigo - [DEBUG] - [Enemigo_1] Pos flotante (post-IA y delta): (658.1200, 301.0000)
2025-05-19 17:11:53 - enemigo - [DEBUG] - [Enemigo_1] Solicita movimiento a CH (deltas enteros): dx_int=2, dy_int=0. HB Actual: (657, 301) (Flotantes totales: dx=1.1200, dy=0.0000)
2025-05-19 17:11:53 - enemigo - [DEBUG] - [Enemigo_1] Inicia _mover_y_colisionar_con_obstaculos. dx_int=2, dy_int=0. HB Actual: (657, 301)
2025-05-19 17:11:53 - enemigo - [DEBUG] - [Enemigo_1] Hitbox recentrado (enemigo): (672, 311) (Rect center: (672, 311))
2025-05-19 17:11:53 - enemigo - [DEBUG] - [Enemigo_1] _mover_y_colisionar: HB Antes CH: (657,301), HB Despues CH y Sinc: (659,301), Rect: (656, 298), PosFlotante: (659.00,301.00)
2025-05-19 17:11:53 - enemigo - [DEBUG] - [Enemigo_1] Posición DESPUÉS de mov/col: HB (659, 301), Rect (656, 298), Flot (659.00, 301.00)
2025-05-19 17:11:53 - enemigo - [DEBUG] - [Enemigo_2] --- Inicio Update IA --- Delta: 0.0160s. Pos ANTES: HB (642, 321), Rect (639, 318), Flot (642.00, 321.00)
2025-05-19 17:11:53 - enemigo - [DEBUG] - [Enemigo_2] Target (centro (695, 311)), Dist: 44.72. Mi Centro HB: (655, 331)
2025-05-19 17:11:53 - enemigo - [DEBUG] - [Enemigo_2] Pos flotante (post-IA y delta): (643.0018, 320.4991)
2025-05-19 17:11:53 - enemigo - [DEBUG] - [Enemigo_2] Solicita movimiento a CH (deltas enteros): dx_int=2, dy_int=-1. HB Actual: (642, 321) (Flotantes totales: dx=1.0018, dy=-0.5009)
2025-05-19 17:11:53 - enemigo - [DEBUG] - [Enemigo_2] Inicia _mover_y_colisionar_con_obstaculos. dx_int=2, dy_int=-1. HB Actual: (642, 321)
2025-05-19 17:11:53 - enemigo - [DEBUG] - [Enemigo_2] Hitbox recentrado (enemigo): (657, 331) (Rect center: (657, 331))
2025-05-19 17:11:53 - enemigo - [DEBUG] - [Enemigo_2] _mover_y_colisionar: HB Antes CH: (642,321), HB Despues CH y Sinc: (644,321), Rect: (641, 318), PosFlotante: (644.00,321.00)
2025-05-19 17:11:53 - enemigo - [DEBUG] - [Enemigo_2] Posición DESPUÉS de mov/col: HB (644, 321), Rect (641, 318), Flot (644.00, 321.00)
2025-05-19 17:11:53 - enemigo - [DEBUG] - [Enemigo_1] --- Inicio Update IA --- Delta: 0.0170s. Pos ANTES: HB (659, 301), Rect (656, 298), Flot (659.00, 301.00)
2025-05-19 17:11:53 - enemigo - [DEBUG] - [Enemigo_1] Target (centro (697, 311)), Dist: 25.00. Mi Centro HB: (672, 311)
2025-05-19 17:11:53 - enemigo - [DEBUG] - [Enemigo_1] Pos flotante (post-IA y delta): (660.1900, 301.0000)
2025-05-19 17:11:53 - enemigo - [DEBUG] - [Enemigo_1] Solicita movimiento a CH (deltas enteros): dx_int=2, dy_int=0. HB Actual: (659, 301) (Flotantes totales: dx=1.1900, dy=0.0000)
2025-05-19 17:11:53 - enemigo - [DEBUG] - [Enemigo_1] Inicia _mover_y_colisionar_con_obstaculos. dx_int=2, dy_int=0. HB Actual: (659, 301)
2025-05-19 17:11:53 - enemigo - [DEBUG] - [Enemigo_1] Hitbox recentrado (enemigo): (674, 311) (Rect center: (674, 311))
2025-05-19 17:11:53 - enemigo - [DEBUG] - [Enemigo_1] _mover_y_colisionar: HB Antes CH: (659,301), HB Despues CH y Sinc: (661,301), Rect: (658, 298), PosFlotante: (661.00,301.00)
2025-05-19 17:11:53 - enemigo - [DEBUG] - [Enemigo_1] Posición DESPUÉS de mov/col: HB (661, 301), Rect (658, 298), Flot (661.00, 301.00)
2025-05-19 17:11:53 - enemigo - [DEBUG] - [Enemigo_2] --- Inicio Update IA --- Delta: 0.0170s. Pos ANTES: HB (644, 321), Rect (641, 318), Flot (644.00, 321.00)
2025-05-19 17:11:53 - enemigo - [DEBUG] - [Enemigo_2] Target (centro (697, 311)), Dist: 44.72. Mi Centro HB: (657, 331)
2025-05-19 17:11:53 - enemigo - [DEBUG] - [Enemigo_2] Pos flotante (post-IA y delta): (645.0644, 320.4678)
2025-05-19 17:11:53 - enemigo - [DEBUG] - [Enemigo_2] Solicita movimiento a CH (deltas enteros): dx_int=2, dy_int=-1. HB Actual: (644, 321) (Flotantes totales: dx=1.0644, dy=-0.5322)
2025-05-19 17:11:53 - enemigo - [DEBUG] - [Enemigo_2] Inicia _mover_y_colisionar_con_obstaculos. dx_int=2, dy_int=-1. HB Actual: (644, 321)
2025-05-19 17:11:53 - enemigo - [DEBUG] - [Enemigo_2] Hitbox recentrado (enemigo): (659, 331) (Rect center: (659, 331))
2025-05-19 17:11:53 - enemigo - [DEBUG] - [Enemigo_2] _mover_y_colisionar: HB Antes CH: (644,321), HB Despues CH y Sinc: (646,321), Rect: (643, 318), PosFlotante: (646.00,321.00)
2025-05-19 17:11:53 - enemigo - [DEBUG] - [Enemigo_2] Posición DESPUÉS de mov/col: HB (646, 321), Rect (643, 318), Flot (646.00, 321.00)
2025-05-19 17:11:53 - enemigo - [DEBUG] - [Enemigo_1] --- Inicio Update IA --- Delta: 0.0160s. Pos ANTES: HB (661, 301), Rect (658, 298), Flot (661.00, 301.00)
2025-05-19 17:11:53 - enemigo - [DEBUG] - [Enemigo_1] Target (centro (699, 311)), Dist: 25.00. Mi Centro HB: (674, 311)
2025-05-19 17:11:53 - enemigo - [DEBUG] - [Enemigo_1] Pos flotante (post-IA y delta): (662.1200, 301.0000)
2025-05-19 17:11:53 - enemigo - [DEBUG] - [Enemigo_1] Solicita movimiento a CH (deltas enteros): dx_int=2, dy_int=0. HB Actual: (661, 301) (Flotantes totales: dx=1.1200, dy=0.0000)
2025-05-19 17:11:53 - enemigo - [DEBUG] - [Enemigo_1] Inicia _mover_y_colisionar_con_obstaculos. dx_int=2, dy_int=0. HB Actual: (661, 301)
2025-05-19 17:11:53 - enemigo - [DEBUG] - [Enemigo_1] Hitbox recentrado (enemigo): (676, 311) (Rect center: (676, 311))
2025-05-19 17:11:53 - enemigo - [DEBUG] - [Enemigo_1] _mover_y_colisionar: HB Antes CH: (661,301), HB Despues CH y Sinc: (663,301), Rect: (660, 298), PosFlotante: (663.00,301.00)
2025-05-19 17:11:53 - enemigo - [DEBUG] - [Enemigo_1] Posición DESPUÉS de mov/col: HB (663, 301), Rect (660, 298), Flot (663.00, 301.00)
2025-05-19 17:11:53 - enemigo - [DEBUG] - [Enemigo_2] --- Inicio Update IA --- Delta: 0.0160s. Pos ANTES: HB (646, 321), Rect (643, 318), Flot (646.00, 321.00)
2025-05-19 17:11:53 - enemigo - [DEBUG] - [Enemigo_2] Target (centro (699, 311)), Dist: 44.72. Mi Centro HB: (659, 331)
2025-05-19 17:11:53 - enemigo - [DEBUG] - [Enemigo_2] EN RANGO AGRO. Input IA (vel): (62.61, -31.30)
2025-05-19 17:11:53 - enemigo - [DEBUG] - [Enemigo_2] Pos flotante (post-IA y delta): (647.0018, 320.4991)
2025-05-19 17:11:53 - enemigo - [DEBUG] - [Enemigo_2] Solicita movimiento a CH (deltas enteros): dx_int=2, dy_int=-1. HB Actual: (646, 321) (Flotantes totales: dx=1.0018, dy=-0.5009)
2025-05-19 17:11:53 - enemigo - [DEBUG] - [Enemigo_2] Inicia _mover_y_colisionar_con_obstaculos. dx_int=2, dy_int=-1. HB Actual: (646, 321)
2025-05-19 17:11:53 - enemigo - [DEBUG] - [Enemigo_2] Hitbox recentrado (enemigo): (661, 331) (Rect center: (661, 331))
2025-05-19 17:11:53 - enemigo - [DEBUG] - [Enemigo_2] _mover_y_colisionar: HB Antes CH: (646,321), HB Despues CH y Sinc: (648,321), Rect: (645, 318), PosFlotante: (648.00,321.00)
2025-05-19 17:11:53 - enemigo - [DEBUG] - [Enemigo_2] Posición DESPUÉS de mov/col: HB (648, 321), Rect (645, 318), Flot (648.00, 321.00)
2025-05-19 17:11:53 - enemigo - [DEBUG] - [Enemigo_1] --- Inicio Update IA --- Delta: 0.0160s. Pos ANTES: HB (663, 301), Rect (660, 298), Flot (663.00, 301.00)
2025-05-19 17:11:53 - enemigo - [DEBUG] - [Enemigo_1] Target (centro (701, 311)), Dist: 25.00. Mi Centro HB: (676, 311)
2025-05-19 17:11:53 - enemigo - [DEBUG] - [Enemigo_1] Pos flotante (post-IA y delta): (664.1200, 301.0000)
2025-05-19 17:11:53 - enemigo - [DEBUG] - [Enemigo_1] Solicita movimiento a CH (deltas enteros): dx_int=2, dy_int=0. HB Actual: (663, 301) (Flotantes totales: dx=1.1200, dy=0.0000)
2025-05-19 17:11:53 - enemigo - [DEBUG] - [Enemigo_1] Inicia _mover_y_colisionar_con_obstaculos. dx_int=2, dy_int=0. HB Actual: (663, 301)
2025-05-19 17:11:53 - enemigo - [DEBUG] - [Enemigo_1] Hitbox recentrado (enemigo): (678, 311) (Rect center: (678, 311))
2025-05-19 17:11:53 - enemigo - [DEBUG] - [Enemigo_1] _mover_y_colisionar: HB Antes CH: (663,301), HB Despues CH y Sinc: (665,301), Rect: (662, 298), PosFlotante: (665.00,301.00)
2025-05-19 17:11:53 - enemigo - [DEBUG] - [Enemigo_1] Posición DESPUÉS de mov/col: HB (665, 301), Rect (662, 298), Flot (665.00, 301.00)
2025-05-19 17:11:53 - enemigo - [DEBUG] - [Enemigo_2] --- Inicio Update IA --- Delta: 0.0160s. Pos ANTES: HB (648, 321), Rect (645, 318), Flot (648.00, 321.00)
2025-05-19 17:11:53 - enemigo - [DEBUG] - [Enemigo_2] Target (centro (701, 311)), Dist: 44.72. Mi Centro HB: (661, 331)
2025-05-19 17:11:53 - enemigo - [DEBUG] - [Enemigo_2] Pos flotante (post-IA y delta): (649.0018, 320.4991)
2025-05-19 17:11:53 - enemigo - [DEBUG] - [Enemigo_2] Solicita movimiento a CH (deltas enteros): dx_int=2, dy_int=-1. HB Actual: (648, 321) (Flotantes totales: dx=1.0018, dy=-0.5009)
2025-05-19 17:11:53 - enemigo - [DEBUG] - [Enemigo_2] Inicia _mover_y_colisionar_con_obstaculos. dx_int=2, dy_int=-1. HB Actual: (648, 321)
2025-05-19 17:11:53 - enemigo - [DEBUG] - [Enemigo_2] Hitbox recentrado (enemigo): (663, 331) (Rect center: (663, 331))
2025-05-19 17:11:53 - enemigo - [DEBUG] - [Enemigo_2] _mover_y_colisionar: HB Antes CH: (648,321), HB Despues CH y Sinc: (650,321), Rect: (647, 318), PosFlotante: (650.00,321.00)
2025-05-19 17:11:53 - enemigo - [DEBUG] - [Enemigo_2] Posición DESPUÉS de mov/col: HB (650, 321), Rect (647, 318), Flot (650.00, 321.00)
2025-05-19 17:11:53 - enemigo - [DEBUG] - [Enemigo_1] --- Inicio Update IA --- Delta: 0.0160s. Pos ANTES: HB (665, 301), Rect (662, 298), Flot (665.00, 301.00)
2025-05-19 17:11:53 - enemigo - [DEBUG] - [Enemigo_1] Target (centro (703, 311)), Dist: 25.00. Mi Centro HB: (678, 311)
2025-05-19 17:11:53 - enemigo - [DEBUG] - [Enemigo_1] EN RANGO AGRO. Input IA (vel): (70.00, 0.00)
2025-05-19 17:11:53 - enemigo - [DEBUG] - [Enemigo_1] Pos flotante (post-IA y delta): (666.1200, 301.0000)
2025-05-19 17:11:53 - enemigo - [DEBUG] - [Enemigo_1] Solicita movimiento a CH (deltas enteros): dx_int=2, dy_int=0. HB Actual: (665, 301) (Flotantes totales: dx=1.1200, dy=0.0000)
2025-05-19 17:11:53 - enemigo - [DEBUG] - [Enemigo_1] Inicia _mover_y_colisionar_con_obstaculos. dx_int=2, dy_int=0. HB Actual: (665, 301)
2025-05-19 17:11:53 - enemigo - [DEBUG] - [Enemigo_1] Hitbox recentrado (enemigo): (680, 311) (Rect center: (680, 311))
2025-05-19 17:11:53 - enemigo - [DEBUG] - [Enemigo_1] _mover_y_colisionar: HB Antes CH: (665,301), HB Despues CH y Sinc: (667,301), Rect: (664, 298), PosFlotante: (667.00,301.00)
2025-05-19 17:11:53 - enemigo - [DEBUG] - [Enemigo_1] Posición DESPUÉS de mov/col: HB (667, 301), Rect (664, 298), Flot (667.00, 301.00)
2025-05-19 17:11:53 - enemigo - [DEBUG] - [Enemigo_2] --- Inicio Update IA --- Delta: 0.0160s. Pos ANTES: HB (650, 321), Rect (647, 318), Flot (650.00, 321.00)
2025-05-19 17:11:53 - enemigo - [DEBUG] - [Enemigo_2] Target (centro (703, 311)), Dist: 44.72. Mi Centro HB: (663, 331)
2025-05-19 17:11:53 - enemigo - [DEBUG] - [Enemigo_2] Pos flotante (post-IA y delta): (651.0018, 320.4991)
2025-05-19 17:11:53 - enemigo - [DEBUG] - [Enemigo_2] Solicita movimiento a CH (deltas enteros): dx_int=2, dy_int=-1. HB Actual: (650, 321) (Flotantes totales: dx=1.0018, dy=-0.5009)
2025-05-19 17:11:53 - enemigo - [DEBUG] - [Enemigo_2] Inicia _mover_y_colisionar_con_obstaculos. dx_int=2, dy_int=-1. HB Actual: (650, 321)
2025-05-19 17:11:53 - enemigo - [DEBUG] - [Enemigo_2] Hitbox recentrado (enemigo): (665, 331) (Rect center: (665, 331))
2025-05-19 17:11:53 - enemigo - [DEBUG] - [Enemigo_2] _mover_y_colisionar: HB Antes CH: (650,321), HB Despues CH y Sinc: (652,321), Rect: (649, 318), PosFlotante: (652.00,321.00)
2025-05-19 17:11:53 - enemigo - [DEBUG] - [Enemigo_2] Posición DESPUÉS de mov/col: HB (652, 321), Rect (649, 318), Flot (652.00, 321.00)
2025-05-19 17:11:53 - enemigo - [DEBUG] - [Enemigo_1] --- Inicio Update IA --- Delta: 0.0160s. Pos ANTES: HB (667, 301), Rect (664, 298), Flot (667.00, 301.00)
2025-05-19 17:11:53 - enemigo - [DEBUG] - [Enemigo_1] Target (centro (705, 311)), Dist: 25.00. Mi Centro HB: (680, 311)
2025-05-19 17:11:53 - enemigo - [DEBUG] - [Enemigo_1] Pos flotante (post-IA y delta): (668.1200, 301.0000)
2025-05-19 17:11:53 - enemigo - [DEBUG] - [Enemigo_1] Solicita movimiento a CH (deltas enteros): dx_int=2, dy_int=0. HB Actual: (667, 301) (Flotantes totales: dx=1.1200, dy=0.0000)
2025-05-19 17:11:53 - enemigo - [DEBUG] - [Enemigo_1] Inicia _mover_y_colisionar_con_obstaculos. dx_int=2, dy_int=0. HB Actual: (667, 301)
2025-05-19 17:11:53 - enemigo - [DEBUG] - [Enemigo_1] Hitbox recentrado (enemigo): (682, 311) (Rect center: (682, 311))
2025-05-19 17:11:53 - enemigo - [DEBUG] - [Enemigo_1] _mover_y_colisionar: HB Antes CH: (667,301), HB Despues CH y Sinc: (669,301), Rect: (666, 298), PosFlotante: (669.00,301.00)
2025-05-19 17:11:53 - enemigo - [DEBUG] - [Enemigo_1] Posición DESPUÉS de mov/col: HB (669, 301), Rect (666, 298), Flot (669.00, 301.00)
2025-05-19 17:11:53 - enemigo - [DEBUG] - [Enemigo_2] --- Inicio Update IA --- Delta: 0.0160s. Pos ANTES: HB (652, 321), Rect (649, 318), Flot (652.00, 321.00)
2025-05-19 17:11:53 - enemigo - [DEBUG] - [Enemigo_2] Target (centro (705, 311)), Dist: 44.72. Mi Centro HB: (665, 331)
2025-05-19 17:11:53 - enemigo - [DEBUG] - [Enemigo_2] Pos flotante (post-IA y delta): (653.0018, 320.4991)
2025-05-19 17:11:53 - enemigo - [DEBUG] - [Enemigo_2] Solicita movimiento a CH (deltas enteros): dx_int=2, dy_int=-1. HB Actual: (652, 321) (Flotantes totales: dx=1.0018, dy=-0.5009)
2025-05-19 17:11:53 - enemigo - [DEBUG] - [Enemigo_2] Inicia _mover_y_colisionar_con_obstaculos. dx_int=2, dy_int=-1. HB Actual: (652, 321)
2025-05-19 17:11:53 - enemigo - [DEBUG] - [Enemigo_2] Hitbox recentrado (enemigo): (667, 331) (Rect center: (667, 331))
2025-05-19 17:11:53 - enemigo - [DEBUG] - [Enemigo_2] _mover_y_colisionar: HB Antes CH: (652,321), HB Despues CH y Sinc: (654,321), Rect: (651, 318), PosFlotante: (654.00,321.00)
2025-05-19 17:11:53 - enemigo - [DEBUG] - [Enemigo_2] Posición DESPUÉS de mov/col: HB (654, 321), Rect (651, 318), Flot (654.00, 321.00)
2025-05-19 17:11:53 - enemigo - [DEBUG] - [Enemigo_1] --- Inicio Update IA --- Delta: 0.0160s. Pos ANTES: HB (669, 301), Rect (666, 298), Flot (669.00, 301.00)
2025-05-19 17:11:53 - enemigo - [DEBUG] - [Enemigo_1] Target (centro (707, 311)), Dist: 25.00. Mi Centro HB: (682, 311)
2025-05-19 17:11:53 - enemigo - [DEBUG] - [Enemigo_1] Pos flotante (post-IA y delta): (670.1200, 301.0000)
2025-05-19 17:11:53 - enemigo - [DEBUG] - [Enemigo_1] Solicita movimiento a CH (deltas enteros): dx_int=2, dy_int=0. HB Actual: (669, 301) (Flotantes totales: dx=1.1200, dy=0.0000)
2025-05-19 17:11:53 - enemigo - [DEBUG] - [Enemigo_1] Inicia _mover_y_colisionar_con_obstaculos. dx_int=2, dy_int=0. HB Actual: (669, 301)
2025-05-19 17:11:53 - enemigo - [DEBUG] - [Enemigo_1] Hitbox recentrado (enemigo): (684, 311) (Rect center: (684, 311))
2025-05-19 17:11:53 - enemigo - [DEBUG] - [Enemigo_1] _mover_y_colisionar: HB Antes CH: (669,301), HB Despues CH y Sinc: (671,301), Rect: (668, 298), PosFlotante: (671.00,301.00)
2025-05-19 17:11:53 - enemigo - [DEBUG] - [Enemigo_1] Posición DESPUÉS de mov/col: HB (671, 301), Rect (668, 298), Flot (671.00, 301.00)
2025-05-19 17:11:53 - enemigo - [DEBUG] - [Enemigo_2] --- Inicio Update IA --- Delta: 0.0160s. Pos ANTES: HB (654, 321), Rect (651, 318), Flot (654.00, 321.00)
2025-05-19 17:11:53 - enemigo - [DEBUG] - [Enemigo_2] Target (centro (707, 311)), Dist: 44.72. Mi Centro HB: (667, 331)
2025-05-19 17:11:53 - enemigo - [DEBUG] - [Enemigo_2] EN RANGO AGRO. Input IA (vel): (62.61, -31.30)
2025-05-19 17:11:53 - enemigo - [DEBUG] - [Enemigo_2] Pos flotante (post-IA y delta): (655.0018, 320.4991)
2025-05-19 17:11:53 - enemigo - [DEBUG] - [Enemigo_2] Solicita movimiento a CH (deltas enteros): dx_int=2, dy_int=-1. HB Actual: (654, 321) (Flotantes totales: dx=1.0018, dy=-0.5009)
2025-05-19 17:11:53 - enemigo - [DEBUG] - [Enemigo_2] Inicia _mover_y_colisionar_con_obstaculos. dx_int=2, dy_int=-1. HB Actual: (654, 321)
2025-05-19 17:11:53 - enemigo - [DEBUG] - [Enemigo_2] Hitbox recentrado (enemigo): (669, 331) (Rect center: (669, 331))
2025-05-19 17:11:53 - enemigo - [DEBUG] - [Enemigo_2] _mover_y_colisionar: HB Antes CH: (654,321), HB Despues CH y Sinc: (656,321), Rect: (653, 318), PosFlotante: (656.00,321.00)
2025-05-19 17:11:53 - enemigo - [DEBUG] - [Enemigo_2] Posición DESPUÉS de mov/col: HB (656, 321), Rect (653, 318), Flot (656.00, 321.00)
2025-05-19 17:11:53 - enemigo - [DEBUG] - [Enemigo_1] --- Inicio Update IA --- Delta: 0.0170s. Pos ANTES: HB (671, 301), Rect (668, 298), Flot (671.00, 301.00)
2025-05-19 17:11:53 - enemigo - [DEBUG] - [Enemigo_1] Target (centro (709, 311)), Dist: 25.00. Mi Centro HB: (684, 311)
2025-05-19 17:11:53 - enemigo - [DEBUG] - [Enemigo_1] Pos flotante (post-IA y delta): (672.1900, 301.0000)
2025-05-19 17:11:53 - enemigo - [DEBUG] - [Enemigo_1] Solicita movimiento a CH (deltas enteros): dx_int=2, dy_int=0. HB Actual: (671, 301) (Flotantes totales: dx=1.1900, dy=0.0000)
2025-05-19 17:11:53 - enemigo - [DEBUG] - [Enemigo_1] Inicia _mover_y_colisionar_con_obstaculos. dx_int=2, dy_int=0. HB Actual: (671, 301)
2025-05-19 17:11:53 - enemigo - [DEBUG] - [Enemigo_1] Hitbox recentrado (enemigo): (686, 311) (Rect center: (686, 311))
2025-05-19 17:11:53 - enemigo - [DEBUG] - [Enemigo_1] _mover_y_colisionar: HB Antes CH: (671,301), HB Despues CH y Sinc: (673,301), Rect: (670, 298), PosFlotante: (673.00,301.00)
2025-05-19 17:11:53 - enemigo - [DEBUG] - [Enemigo_1] Posición DESPUÉS de mov/col: HB (673, 301), Rect (670, 298), Flot (673.00, 301.00)
2025-05-19 17:11:53 - enemigo - [DEBUG] - [Enemigo_2] --- Inicio Update IA --- Delta: 0.0170s. Pos ANTES: HB (656, 321), Rect (653, 318), Flot (656.00, 321.00)
2025-05-19 17:11:53 - enemigo - [DEBUG] - [Enemigo_2] Target (centro (709, 311)), Dist: 44.72. Mi Centro HB: (669, 331)
2025-05-19 17:11:53 - enemigo - [DEBUG] - [Enemigo_2] Pos flotante (post-IA y delta): (657.0644, 320.4678)
2025-05-19 17:11:53 - enemigo - [DEBUG] - [Enemigo_2] Solicita movimiento a CH (deltas enteros): dx_int=2, dy_int=-1. HB Actual: (656, 321) (Flotantes totales: dx=1.0644, dy=-0.5322)
2025-05-19 17:11:53 - enemigo - [DEBUG] - [Enemigo_2] Inicia _mover_y_colisionar_con_obstaculos. dx_int=2, dy_int=-1. HB Actual: (656, 321)
2025-05-19 17:11:53 - enemigo - [DEBUG] - [Enemigo_2] Hitbox recentrado (enemigo): (671, 331) (Rect center: (671, 331))
2025-05-19 17:11:53 - enemigo - [DEBUG] - [Enemigo_2] _mover_y_colisionar: HB Antes CH: (656,321), HB Despues CH y Sinc: (658,321), Rect: (655, 318), PosFlotante: (658.00,321.00)
2025-05-19 17:11:53 - enemigo - [DEBUG] - [Enemigo_2] Posición DESPUÉS de mov/col: HB (658, 321), Rect (655, 318), Flot (658.00, 321.00)
2025-05-19 17:11:53 - enemigo - [DEBUG] - [Enemigo_1] --- Inicio Update IA --- Delta: 0.0160s. Pos ANTES: HB (673, 301), Rect (670, 298), Flot (673.00, 301.00)
2025-05-19 17:11:53 - enemigo - [DEBUG] - [Enemigo_1] Target (centro (711, 311)), Dist: 25.00. Mi Centro HB: (686, 311)
2025-05-19 17:11:53 - enemigo - [DEBUG] - [Enemigo_1] EN RANGO AGRO. Input IA (vel): (70.00, 0.00)
2025-05-19 17:11:53 - enemigo - [DEBUG] - [Enemigo_1] Pos flotante (post-IA y delta): (674.1200, 301.0000)
2025-05-19 17:11:53 - enemigo - [DEBUG] - [Enemigo_1] Solicita movimiento a CH (deltas enteros): dx_int=2, dy_int=0. HB Actual: (673, 301) (Flotantes totales: dx=1.1200, dy=0.0000)
2025-05-19 17:11:53 - enemigo - [DEBUG] - [Enemigo_1] Inicia _mover_y_colisionar_con_obstaculos. dx_int=2, dy_int=0. HB Actual: (673, 301)
2025-05-19 17:11:53 - enemigo - [DEBUG] - [Enemigo_1] Hitbox recentrado (enemigo): (688, 311) (Rect center: (688, 311))
2025-05-19 17:11:53 - enemigo - [DEBUG] - [Enemigo_1] _mover_y_colisionar: HB Antes CH: (673,301), HB Despues CH y Sinc: (675,301), Rect: (672, 298), PosFlotante: (675.00,301.00)
2025-05-19 17:11:53 - enemigo - [DEBUG] - [Enemigo_1] Posición DESPUÉS de mov/col: HB (675, 301), Rect (672, 298), Flot (675.00, 301.00)
2025-05-19 17:11:53 - enemigo - [DEBUG] - [Enemigo_2] --- Inicio Update IA --- Delta: 0.0160s. Pos ANTES: HB (658, 321), Rect (655, 318), Flot (658.00, 321.00)
2025-05-19 17:11:53 - enemigo - [DEBUG] - [Enemigo_2] Target (centro (711, 311)), Dist: 44.72. Mi Centro HB: (671, 331)
2025-05-19 17:11:53 - enemigo - [DEBUG] - [Enemigo_2] Pos flotante (post-IA y delta): (659.0018, 320.4991)
2025-05-19 17:11:53 - enemigo - [DEBUG] - [Enemigo_2] Solicita movimiento a CH (deltas enteros): dx_int=2, dy_int=-1. HB Actual: (658, 321) (Flotantes totales: dx=1.0018, dy=-0.5009)
2025-05-19 17:11:53 - enemigo - [DEBUG] - [Enemigo_2] Inicia _mover_y_colisionar_con_obstaculos. dx_int=2, dy_int=-1. HB Actual: (658, 321)
2025-05-19 17:11:53 - enemigo - [DEBUG] - [Enemigo_2] Hitbox recentrado (enemigo): (673, 331) (Rect center: (673, 331))
2025-05-19 17:11:53 - enemigo - [DEBUG] - [Enemigo_2] _mover_y_colisionar: HB Antes CH: (658,321), HB Despues CH y Sinc: (660,321), Rect: (657, 318), PosFlotante: (660.00,321.00)
2025-05-19 17:11:53 - enemigo - [DEBUG] - [Enemigo_2] Posición DESPUÉS de mov/col: HB (660, 321), Rect (657, 318), Flot (660.00, 321.00)
2025-05-19 17:11:53 - enemigo - [DEBUG] - [Enemigo_1] --- Inicio Update IA --- Delta: 0.0160s. Pos ANTES: HB (675, 301), Rect (672, 298), Flot (675.00, 301.00)
2025-05-19 17:11:53 - enemigo - [DEBUG] - [Enemigo_1] Target (centro (713, 311)), Dist: 25.00. Mi Centro HB: (688, 311)
2025-05-19 17:11:53 - enemigo - [DEBUG] - [Enemigo_1] Pos flotante (post-IA y delta): (676.1200, 301.0000)
2025-05-19 17:11:53 - enemigo - [DEBUG] - [Enemigo_1] Solicita movimiento a CH (deltas enteros): dx_int=2, dy_int=0. HB Actual: (675, 301) (Flotantes totales: dx=1.1200, dy=0.0000)
2025-05-19 17:11:53 - enemigo - [DEBUG] - [Enemigo_1] Inicia _mover_y_colisionar_con_obstaculos. dx_int=2, dy_int=0. HB Actual: (675, 301)
2025-05-19 17:11:53 - enemigo - [DEBUG] - [Enemigo_1] Hitbox recentrado (enemigo): (690, 311) (Rect center: (690, 311))
2025-05-19 17:11:53 - enemigo - [DEBUG] - [Enemigo_1] _mover_y_colisionar: HB Antes CH: (675,301), HB Despues CH y Sinc: (677,301), Rect: (674, 298), PosFlotante: (677.00,301.00)
2025-05-19 17:11:53 - enemigo - [DEBUG] - [Enemigo_1] Posición DESPUÉS de mov/col: HB (677, 301), Rect (674, 298), Flot (677.00, 301.00)
2025-05-19 17:11:53 - enemigo - [DEBUG] - [Enemigo_2] --- Inicio Update IA --- Delta: 0.0160s. Pos ANTES: HB (660, 321), Rect (657, 318), Flot (660.00, 321.00)
2025-05-19 17:11:53 - enemigo - [DEBUG] - [Enemigo_2] Target (centro (713, 311)), Dist: 44.72. Mi Centro HB: (673, 331)
2025-05-19 17:11:53 - enemigo - [DEBUG] - [Enemigo_2] Pos flotante (post-IA y delta): (661.0018, 320.4991)
2025-05-19 17:11:53 - enemigo - [DEBUG] - [Enemigo_2] Solicita movimiento a CH (deltas enteros): dx_int=2, dy_int=-1. HB Actual: (660, 321) (Flotantes totales: dx=1.0018, dy=-0.5009)
2025-05-19 17:11:53 - enemigo - [DEBUG] - [Enemigo_2] Inicia _mover_y_colisionar_con_obstaculos. dx_int=2, dy_int=-1. HB Actual: (660, 321)
2025-05-19 17:11:53 - enemigo - [DEBUG] - [Enemigo_2] Hitbox recentrado (enemigo): (675, 331) (Rect center: (675, 331))
2025-05-19 17:11:53 - enemigo - [DEBUG] - [Enemigo_2] _mover_y_colisionar: HB Antes CH: (660,321), HB Despues CH y Sinc: (662,321), Rect: (659, 318), PosFlotante: (662.00,321.00)
2025-05-19 17:11:53 - enemigo - [DEBUG] - [Enemigo_2] Posición DESPUÉS de mov/col: HB (662, 321), Rect (659, 318), Flot (662.00, 321.00)
2025-05-19 17:11:53 - enemigo - [DEBUG] - [Enemigo_1] --- Inicio Update IA --- Delta: 0.0170s. Pos ANTES: HB (677, 301), Rect (674, 298), Flot (677.00, 301.00)
2025-05-19 17:11:53 - enemigo - [DEBUG] - [Enemigo_1] Target (centro (715, 311)), Dist: 25.00. Mi Centro HB: (690, 311)
2025-05-19 17:11:53 - enemigo - [DEBUG] - [Enemigo_1] Pos flotante (post-IA y delta): (678.1900, 301.0000)
2025-05-19 17:11:53 - enemigo - [DEBUG] - [Enemigo_1] Solicita movimiento a CH (deltas enteros): dx_int=2, dy_int=0. HB Actual: (677, 301) (Flotantes totales: dx=1.1900, dy=0.0000)
2025-05-19 17:11:53 - enemigo - [DEBUG] - [Enemigo_1] Inicia _mover_y_colisionar_con_obstaculos. dx_int=2, dy_int=0. HB Actual: (677, 301)
2025-05-19 17:11:53 - enemigo - [DEBUG] - [Enemigo_1] Hitbox recentrado (enemigo): (692, 311) (Rect center: (692, 311))
2025-05-19 17:11:53 - enemigo - [DEBUG] - [Enemigo_1] _mover_y_colisionar: HB Antes CH: (677,301), HB Despues CH y Sinc: (679,301), Rect: (676, 298), PosFlotante: (679.00,301.00)
2025-05-19 17:11:53 - enemigo - [DEBUG] - [Enemigo_1] Posición DESPUÉS de mov/col: HB (679, 301), Rect (676, 298), Flot (679.00, 301.00)
2025-05-19 17:11:53 - enemigo - [DEBUG] - [Enemigo_2] --- Inicio Update IA --- Delta: 0.0170s. Pos ANTES: HB (662, 321), Rect (659, 318), Flot (662.00, 321.00)
2025-05-19 17:11:53 - enemigo - [DEBUG] - [Enemigo_2] Target (centro (715, 311)), Dist: 44.72. Mi Centro HB: (675, 331)
2025-05-19 17:11:53 - enemigo - [DEBUG] - [Enemigo_2] EN RANGO AGRO. Input IA (vel): (62.61, -31.30)
2025-05-19 17:11:53 - enemigo - [DEBUG] - [Enemigo_2] Pos flotante (post-IA y delta): (663.0644, 320.4678)
2025-05-19 17:11:53 - enemigo - [DEBUG] - [Enemigo_2] Solicita movimiento a CH (deltas enteros): dx_int=2, dy_int=-1. HB Actual: (662, 321) (Flotantes totales: dx=1.0644, dy=-0.5322)
2025-05-19 17:11:53 - enemigo - [DEBUG] - [Enemigo_2] Inicia _mover_y_colisionar_con_obstaculos. dx_int=2, dy_int=-1. HB Actual: (662, 321)
2025-05-19 17:11:53 - enemigo - [DEBUG] - [Enemigo_2] Hitbox recentrado (enemigo): (677, 331) (Rect center: (677, 331))
2025-05-19 17:11:53 - enemigo - [DEBUG] - [Enemigo_2] _mover_y_colisionar: HB Antes CH: (662,321), HB Despues CH y Sinc: (664,321), Rect: (661, 318), PosFlotante: (664.00,321.00)
2025-05-19 17:11:53 - enemigo - [DEBUG] - [Enemigo_2] Posición DESPUÉS de mov/col: HB (664, 321), Rect (661, 318), Flot (664.00, 321.00)
2025-05-19 17:11:53 - enemigo - [DEBUG] - [Enemigo_1] --- Inicio Update IA --- Delta: 0.0170s. Pos ANTES: HB (679, 301), Rect (676, 298), Flot (679.00, 301.00)
2025-05-19 17:11:53 - enemigo - [DEBUG] - [Enemigo_1] Target (centro (717, 311)), Dist: 25.00. Mi Centro HB: (692, 311)
2025-05-19 17:11:53 - enemigo - [DEBUG] - [Enemigo_1] Pos flotante (post-IA y delta): (680.1900, 301.0000)
2025-05-19 17:11:53 - enemigo - [DEBUG] - [Enemigo_1] Solicita movimiento a CH (deltas enteros): dx_int=2, dy_int=0. HB Actual: (679, 301) (Flotantes totales: dx=1.1900, dy=0.0000)
2025-05-19 17:11:53 - enemigo - [DEBUG] - [Enemigo_1] Inicia _mover_y_colisionar_con_obstaculos. dx_int=2, dy_int=0. HB Actual: (679, 301)
2025-05-19 17:11:53 - enemigo - [DEBUG] - [Enemigo_1] Hitbox recentrado (enemigo): (694, 311) (Rect center: (694, 311))
2025-05-19 17:11:53 - enemigo - [DEBUG] - [Enemigo_1] _mover_y_colisionar: HB Antes CH: (679,301), HB Despues CH y Sinc: (681,301), Rect: (678, 298), PosFlotante: (681.00,301.00)
2025-05-19 17:11:53 - enemigo - [DEBUG] - [Enemigo_1] Posición DESPUÉS de mov/col: HB (681, 301), Rect (678, 298), Flot (681.00, 301.00)
2025-05-19 17:11:53 - enemigo - [DEBUG] - [Enemigo_2] --- Inicio Update IA --- Delta: 0.0170s. Pos ANTES: HB (664, 321), Rect (661, 318), Flot (664.00, 321.00)
2025-05-19 17:11:53 - enemigo - [DEBUG] - [Enemigo_2] Target (centro (717, 311)), Dist: 44.72. Mi Centro HB: (677, 331)
2025-05-19 17:11:53 - enemigo - [DEBUG] - [Enemigo_2] Pos flotante (post-IA y delta): (665.0644, 320.4678)
2025-05-19 17:11:53 - enemigo - [DEBUG] - [Enemigo_2] Solicita movimiento a CH (deltas enteros): dx_int=2, dy_int=-1. HB Actual: (664, 321) (Flotantes totales: dx=1.0644, dy=-0.5322)
2025-05-19 17:11:53 - enemigo - [DEBUG] - [Enemigo_2] Inicia _mover_y_colisionar_con_obstaculos. dx_int=2, dy_int=-1. HB Actual: (664, 321)
2025-05-19 17:11:53 - enemigo - [DEBUG] - [Enemigo_2] Hitbox recentrado (enemigo): (679, 331) (Rect center: (679, 331))
2025-05-19 17:11:53 - enemigo - [DEBUG] - [Enemigo_2] _mover_y_colisionar: HB Antes CH: (664,321), HB Despues CH y Sinc: (666,321), Rect: (663, 318), PosFlotante: (666.00,321.00)
2025-05-19 17:11:53 - enemigo - [DEBUG] - [Enemigo_2] Posición DESPUÉS de mov/col: HB (666, 321), Rect (663, 318), Flot (666.00, 321.00)
2025-05-19 17:11:53 - enemigo - [DEBUG] - [Enemigo_1] --- Inicio Update IA --- Delta: 0.0170s. Pos ANTES: HB (681, 301), Rect (678, 298), Flot (681.00, 301.00)
2025-05-19 17:11:53 - enemigo - [DEBUG] - [Enemigo_1] Target (centro (719, 311)), Dist: 25.00. Mi Centro HB: (694, 311)
2025-05-19 17:11:53 - enemigo - [DEBUG] - [Enemigo_1] EN RANGO AGRO. Input IA (vel): (70.00, 0.00)
2025-05-19 17:11:53 - enemigo - [DEBUG] - [Enemigo_1] Pos flotante (post-IA y delta): (682.1900, 301.0000)
2025-05-19 17:11:53 - enemigo - [DEBUG] - [Enemigo_1] Solicita movimiento a CH (deltas enteros): dx_int=2, dy_int=0. HB Actual: (681, 301) (Flotantes totales: dx=1.1900, dy=0.0000)
2025-05-19 17:11:53 - enemigo - [DEBUG] - [Enemigo_1] Inicia _mover_y_colisionar_con_obstaculos. dx_int=2, dy_int=0. HB Actual: (681, 301)
2025-05-19 17:11:53 - enemigo - [DEBUG] - [Enemigo_1] Hitbox recentrado (enemigo): (696, 311) (Rect center: (696, 311))
2025-05-19 17:11:53 - enemigo - [DEBUG] - [Enemigo_1] _mover_y_colisionar: HB Antes CH: (681,301), HB Despues CH y Sinc: (683,301), Rect: (680, 298), PosFlotante: (683.00,301.00)
2025-05-19 17:11:53 - enemigo - [DEBUG] - [Enemigo_1] Posición DESPUÉS de mov/col: HB (683, 301), Rect (680, 298), Flot (683.00, 301.00)
2025-05-19 17:11:53 - enemigo - [DEBUG] - [Enemigo_2] --- Inicio Update IA --- Delta: 0.0170s. Pos ANTES: HB (666, 321), Rect (663, 318), Flot (666.00, 321.00)
2025-05-19 17:11:53 - enemigo - [DEBUG] - [Enemigo_2] Target (centro (719, 311)), Dist: 44.72. Mi Centro HB: (679, 331)
2025-05-19 17:11:53 - enemigo - [DEBUG] - [Enemigo_2] Pos flotante (post-IA y delta): (667.0644, 320.4678)
2025-05-19 17:11:53 - enemigo - [DEBUG] - [Enemigo_2] Solicita movimiento a CH (deltas enteros): dx_int=2, dy_int=-1. HB Actual: (666, 321) (Flotantes totales: dx=1.0644, dy=-0.5322)
2025-05-19 17:11:53 - enemigo - [DEBUG] - [Enemigo_2] Inicia _mover_y_colisionar_con_obstaculos. dx_int=2, dy_int=-1. HB Actual: (666, 321)
2025-05-19 17:11:53 - enemigo - [DEBUG] - [Enemigo_2] Hitbox recentrado (enemigo): (681, 331) (Rect center: (681, 331))
2025-05-19 17:11:53 - enemigo - [DEBUG] - [Enemigo_2] _mover_y_colisionar: HB Antes CH: (666,321), HB Despues CH y Sinc: (668,321), Rect: (665, 318), PosFlotante: (668.00,321.00)
2025-05-19 17:11:53 - enemigo - [DEBUG] - [Enemigo_2] Posición DESPUÉS de mov/col: HB (668, 321), Rect (665, 318), Flot (668.00, 321.00)
2025-05-19 17:11:53 - enemigo - [DEBUG] - [Enemigo_1] --- Inicio Update IA --- Delta: 0.0160s. Pos ANTES: HB (683, 301), Rect (680, 298), Flot (683.00, 301.00)
2025-05-19 17:11:53 - enemigo - [DEBUG] - [Enemigo_1] Target (centro (721, 311)), Dist: 25.00. Mi Centro HB: (696, 311)
2025-05-19 17:11:53 - enemigo - [DEBUG] - [Enemigo_1] Pos flotante (post-IA y delta): (684.1200, 301.0000)
2025-05-19 17:11:53 - enemigo - [DEBUG] - [Enemigo_1] Solicita movimiento a CH (deltas enteros): dx_int=2, dy_int=0. HB Actual: (683, 301) (Flotantes totales: dx=1.1200, dy=0.0000)
2025-05-19 17:11:53 - enemigo - [DEBUG] - [Enemigo_1] Inicia _mover_y_colisionar_con_obstaculos. dx_int=2, dy_int=0. HB Actual: (683, 301)
2025-05-19 17:11:53 - enemigo - [DEBUG] - [Enemigo_1] Hitbox recentrado (enemigo): (698, 311) (Rect center: (698, 311))
2025-05-19 17:11:53 - enemigo - [DEBUG] - [Enemigo_1] _mover_y_colisionar: HB Antes CH: (683,301), HB Despues CH y Sinc: (685,301), Rect: (682, 298), PosFlotante: (685.00,301.00)
2025-05-19 17:11:53 - enemigo - [DEBUG] - [Enemigo_1] Posición DESPUÉS de mov/col: HB (685, 301), Rect (682, 298), Flot (685.00, 301.00)
2025-05-19 17:11:53 - enemigo - [DEBUG] - [Enemigo_2] --- Inicio Update IA --- Delta: 0.0160s. Pos ANTES: HB (668, 321), Rect (665, 318), Flot (668.00, 321.00)
2025-05-19 17:11:53 - enemigo - [DEBUG] - [Enemigo_2] Target (centro (721, 311)), Dist: 44.72. Mi Centro HB: (681, 331)
2025-05-19 17:11:53 - enemigo - [DEBUG] - [Enemigo_2] EN RANGO AGRO. Input IA (vel): (62.61, -31.30)
2025-05-19 17:11:53 - enemigo - [DEBUG] - [Enemigo_2] Pos flotante (post-IA y delta): (669.0018, 320.4991)
2025-05-19 17:11:53 - enemigo - [DEBUG] - [Enemigo_2] Solicita movimiento a CH (deltas enteros): dx_int=2, dy_int=-1. HB Actual: (668, 321) (Flotantes totales: dx=1.0018, dy=-0.5009)
2025-05-19 17:11:53 - enemigo - [DEBUG] - [Enemigo_2] Inicia _mover_y_colisionar_con_obstaculos. dx_int=2, dy_int=-1. HB Actual: (668, 321)
2025-05-19 17:11:53 - enemigo - [DEBUG] - [Enemigo_2] Hitbox recentrado (enemigo): (683, 331) (Rect center: (683, 331))
2025-05-19 17:11:53 - enemigo - [DEBUG] - [Enemigo_2] _mover_y_colisionar: HB Antes CH: (668,321), HB Despues CH y Sinc: (670,321), Rect: (667, 318), PosFlotante: (670.00,321.00)
2025-05-19 17:11:53 - enemigo - [DEBUG] - [Enemigo_2] Posición DESPUÉS de mov/col: HB (670, 321), Rect (667, 318), Flot (670.00, 321.00)
2025-05-19 17:11:53 - enemigo - [DEBUG] - [Enemigo_1] --- Inicio Update IA --- Delta: 0.0160s. Pos ANTES: HB (685, 301), Rect (682, 298), Flot (685.00, 301.00)
2025-05-19 17:11:53 - enemigo - [DEBUG] - [Enemigo_1] Target (centro (723, 311)), Dist: 25.00. Mi Centro HB: (698, 311)
2025-05-19 17:11:53 - enemigo - [DEBUG] - [Enemigo_1] Pos flotante (post-IA y delta): (686.1200, 301.0000)
2025-05-19 17:11:53 - enemigo - [DEBUG] - [Enemigo_1] Solicita movimiento a CH (deltas enteros): dx_int=2, dy_int=0. HB Actual: (685, 301) (Flotantes totales: dx=1.1200, dy=0.0000)
2025-05-19 17:11:53 - enemigo - [DEBUG] - [Enemigo_1] Inicia _mover_y_colisionar_con_obstaculos. dx_int=2, dy_int=0. HB Actual: (685, 301)
2025-05-19 17:11:53 - enemigo - [DEBUG] - [Enemigo_1] Hitbox recentrado (enemigo): (700, 311) (Rect center: (700, 311))
2025-05-19 17:11:53 - enemigo - [DEBUG] - [Enemigo_1] _mover_y_colisionar: HB Antes CH: (685,301), HB Despues CH y Sinc: (687,301), Rect: (684, 298), PosFlotante: (687.00,301.00)
2025-05-19 17:11:53 - enemigo - [DEBUG] - [Enemigo_1] Posición DESPUÉS de mov/col: HB (687, 301), Rect (684, 298), Flot (687.00, 301.00)
2025-05-19 17:11:53 - enemigo - [DEBUG] - [Enemigo_2] --- Inicio Update IA --- Delta: 0.0160s. Pos ANTES: HB (670, 321), Rect (667, 318), Flot (670.00, 321.00)
2025-05-19 17:11:53 - enemigo - [DEBUG] - [Enemigo_2] Target (centro (723, 311)), Dist: 44.72. Mi Centro HB: (683, 331)
2025-05-19 17:11:53 - enemigo - [DEBUG] - [Enemigo_2] Pos flotante (post-IA y delta): (671.0018, 320.4991)
2025-05-19 17:11:53 - enemigo - [DEBUG] - [Enemigo_2] Solicita movimiento a CH (deltas enteros): dx_int=2, dy_int=-1. HB Actual: (670, 321) (Flotantes totales: dx=1.0018, dy=-0.5009)
2025-05-19 17:11:53 - enemigo - [DEBUG] - [Enemigo_2] Inicia _mover_y_colisionar_con_obstaculos. dx_int=2, dy_int=-1. HB Actual: (670, 321)
2025-05-19 17:11:53 - enemigo - [DEBUG] - [Enemigo_2] Hitbox recentrado (enemigo): (685, 331) (Rect center: (685, 331))
2025-05-19 17:11:53 - enemigo - [DEBUG] - [Enemigo_2] _mover_y_colisionar: HB Antes CH: (670,321), HB Despues CH y Sinc: (672,321), Rect: (669, 318), PosFlotante: (672.00,321.00)
2025-05-19 17:11:53 - enemigo - [DEBUG] - [Enemigo_2] Posición DESPUÉS de mov/col: HB (672, 321), Rect (669, 318), Flot (672.00, 321.00)
2025-05-19 17:11:53 - enemigo - [DEBUG] - [Enemigo_1] --- Inicio Update IA --- Delta: 0.0160s. Pos ANTES: HB (687, 301), Rect (684, 298), Flot (687.00, 301.00)
2025-05-19 17:11:53 - enemigo - [DEBUG] - [Enemigo_1] Target (centro (725, 311)), Dist: 25.00. Mi Centro HB: (700, 311)
2025-05-19 17:11:53 - enemigo - [DEBUG] - [Enemigo_1] Pos flotante (post-IA y delta): (688.1200, 301.0000)
2025-05-19 17:11:53 - enemigo - [DEBUG] - [Enemigo_1] Solicita movimiento a CH (deltas enteros): dx_int=2, dy_int=0. HB Actual: (687, 301) (Flotantes totales: dx=1.1200, dy=0.0000)
2025-05-19 17:11:53 - enemigo - [DEBUG] - [Enemigo_1] Inicia _mover_y_colisionar_con_obstaculos. dx_int=2, dy_int=0. HB Actual: (687, 301)
2025-05-19 17:11:53 - enemigo - [DEBUG] - [Enemigo_1] Hitbox recentrado (enemigo): (702, 311) (Rect center: (702, 311))
2025-05-19 17:11:53 - enemigo - [DEBUG] - [Enemigo_1] _mover_y_colisionar: HB Antes CH: (687,301), HB Despues CH y Sinc: (689,301), Rect: (686, 298), PosFlotante: (689.00,301.00)
2025-05-19 17:11:53 - enemigo - [DEBUG] - [Enemigo_1] Posición DESPUÉS de mov/col: HB (689, 301), Rect (686, 298), Flot (689.00, 301.00)
2025-05-19 17:11:53 - enemigo - [DEBUG] - [Enemigo_2] --- Inicio Update IA --- Delta: 0.0160s. Pos ANTES: HB (672, 321), Rect (669, 318), Flot (672.00, 321.00)
2025-05-19 17:11:53 - enemigo - [DEBUG] - [Enemigo_2] Target (centro (725, 311)), Dist: 44.72. Mi Centro HB: (685, 331)
2025-05-19 17:11:53 - enemigo - [DEBUG] - [Enemigo_2] Pos flotante (post-IA y delta): (673.0018, 320.4991)
2025-05-19 17:11:53 - enemigo - [DEBUG] - [Enemigo_2] Solicita movimiento a CH (deltas enteros): dx_int=2, dy_int=-1. HB Actual: (672, 321) (Flotantes totales: dx=1.0018, dy=-0.5009)
2025-05-19 17:11:53 - enemigo - [DEBUG] - [Enemigo_2] Inicia _mover_y_colisionar_con_obstaculos. dx_int=2, dy_int=-1. HB Actual: (672, 321)
2025-05-19 17:11:53 - enemigo - [DEBUG] - [Enemigo_2] Hitbox recentrado (enemigo): (687, 331) (Rect center: (687, 331))
2025-05-19 17:11:53 - enemigo - [DEBUG] - [Enemigo_2] _mover_y_colisionar: HB Antes CH: (672,321), HB Despues CH y Sinc: (674,321), Rect: (671, 318), PosFlotante: (674.00,321.00)
2025-05-19 17:11:53 - enemigo - [DEBUG] - [Enemigo_2] Posición DESPUÉS de mov/col: HB (674, 321), Rect (671, 318), Flot (674.00, 321.00)
2025-05-19 17:11:53 - enemigo - [DEBUG] - [Enemigo_1] --- Inicio Update IA --- Delta: 0.0160s. Pos ANTES: HB (689, 301), Rect (686, 298), Flot (689.00, 301.00)
2025-05-19 17:11:53 - enemigo - [DEBUG] - [Enemigo_1] Target (centro (727, 311)), Dist: 25.00. Mi Centro HB: (702, 311)
2025-05-19 17:11:53 - enemigo - [DEBUG] - [Enemigo_1] EN RANGO AGRO. Input IA (vel): (70.00, 0.00)
2025-05-19 17:11:53 - enemigo - [DEBUG] - [Enemigo_1] Pos flotante (post-IA y delta): (690.1200, 301.0000)
2025-05-19 17:11:53 - enemigo - [DEBUG] - [Enemigo_1] Solicita movimiento a CH (deltas enteros): dx_int=2, dy_int=0. HB Actual: (689, 301) (Flotantes totales: dx=1.1200, dy=0.0000)
2025-05-19 17:11:53 - enemigo - [DEBUG] - [Enemigo_1] Inicia _mover_y_colisionar_con_obstaculos. dx_int=2, dy_int=0. HB Actual: (689, 301)
2025-05-19 17:11:53 - enemigo - [DEBUG] - [Enemigo_1] Hitbox recentrado (enemigo): (704, 311) (Rect center: (704, 311))
2025-05-19 17:11:53 - enemigo - [DEBUG] - [Enemigo_1] _mover_y_colisionar: HB Antes CH: (689,301), HB Despues CH y Sinc: (691,301), Rect: (688, 298), PosFlotante: (691.00,301.00)
2025-05-19 17:11:53 - enemigo - [DEBUG] - [Enemigo_1] Posición DESPUÉS de mov/col: HB (691, 301), Rect (688, 298), Flot (691.00, 301.00)
2025-05-19 17:11:53 - enemigo - [DEBUG] - [Enemigo_2] --- Inicio Update IA --- Delta: 0.0160s. Pos ANTES: HB (674, 321), Rect (671, 318), Flot (674.00, 321.00)
2025-05-19 17:11:53 - enemigo - [DEBUG] - [Enemigo_2] Target (centro (727, 311)), Dist: 44.72. Mi Centro HB: (687, 331)
2025-05-19 17:11:53 - enemigo - [DEBUG] - [Enemigo_2] Pos flotante (post-IA y delta): (675.0018, 320.4991)
2025-05-19 17:11:53 - enemigo - [DEBUG] - [Enemigo_2] Solicita movimiento a CH (deltas enteros): dx_int=2, dy_int=-1. HB Actual: (674, 321) (Flotantes totales: dx=1.0018, dy=-0.5009)
2025-05-19 17:11:53 - enemigo - [DEBUG] - [Enemigo_2] Inicia _mover_y_colisionar_con_obstaculos. dx_int=2, dy_int=-1. HB Actual: (674, 321)
2025-05-19 17:11:53 - enemigo - [DEBUG] - [Enemigo_2] Hitbox recentrado (enemigo): (689, 331) (Rect center: (689, 331))
2025-05-19 17:11:53 - enemigo - [DEBUG] - [Enemigo_2] _mover_y_colisionar: HB Antes CH: (674,321), HB Despues CH y Sinc: (676,321), Rect: (673, 318), PosFlotante: (676.00,321.00)
2025-05-19 17:11:53 - enemigo - [DEBUG] - [Enemigo_2] Posición DESPUÉS de mov/col: HB (676, 321), Rect (673, 318), Flot (676.00, 321.00)
2025-05-19 17:11:53 - enemigo - [DEBUG] - [Enemigo_1] --- Inicio Update IA --- Delta: 0.0170s. Pos ANTES: HB (691, 301), Rect (688, 298), Flot (691.00, 301.00)
2025-05-19 17:11:53 - enemigo - [DEBUG] - [Enemigo_1] Target (centro (729, 311)), Dist: 25.00. Mi Centro HB: (704, 311)
2025-05-19 17:11:53 - enemigo - [DEBUG] - [Enemigo_1] Pos flotante (post-IA y delta): (692.1900, 301.0000)
2025-05-19 17:11:53 - enemigo - [DEBUG] - [Enemigo_1] Solicita movimiento a CH (deltas enteros): dx_int=2, dy_int=0. HB Actual: (691, 301) (Flotantes totales: dx=1.1900, dy=0.0000)
2025-05-19 17:11:53 - enemigo - [DEBUG] - [Enemigo_1] Inicia _mover_y_colisionar_con_obstaculos. dx_int=2, dy_int=0. HB Actual: (691, 301)
2025-05-19 17:11:53 - enemigo - [DEBUG] - [Enemigo_1] Hitbox recentrado (enemigo): (706, 311) (Rect center: (706, 311))
2025-05-19 17:11:53 - enemigo - [DEBUG] - [Enemigo_1] _mover_y_colisionar: HB Antes CH: (691,301), HB Despues CH y Sinc: (693,301), Rect: (690, 298), PosFlotante: (693.00,301.00)
2025-05-19 17:11:53 - enemigo - [DEBUG] - [Enemigo_1] Posición DESPUÉS de mov/col: HB (693, 301), Rect (690, 298), Flot (693.00, 301.00)
2025-05-19 17:11:53 - enemigo - [DEBUG] - [Enemigo_2] --- Inicio Update IA --- Delta: 0.0170s. Pos ANTES: HB (676, 321), Rect (673, 318), Flot (676.00, 321.00)
2025-05-19 17:11:53 - enemigo - [DEBUG] - [Enemigo_2] Target (centro (729, 311)), Dist: 44.72. Mi Centro HB: (689, 331)
2025-05-19 17:11:53 - enemigo - [DEBUG] - [Enemigo_2] EN RANGO AGRO. Input IA (vel): (62.61, -31.30)
2025-05-19 17:11:53 - enemigo - [DEBUG] - [Enemigo_2] Pos flotante (post-IA y delta): (677.0644, 320.4678)
2025-05-19 17:11:53 - enemigo - [DEBUG] - [Enemigo_2] Solicita movimiento a CH (deltas enteros): dx_int=2, dy_int=-1. HB Actual: (676, 321) (Flotantes totales: dx=1.0644, dy=-0.5322)
2025-05-19 17:11:53 - enemigo - [DEBUG] - [Enemigo_2] Inicia _mover_y_colisionar_con_obstaculos. dx_int=2, dy_int=-1. HB Actual: (676, 321)
2025-05-19 17:11:53 - enemigo - [DEBUG] - [Enemigo_2] Hitbox recentrado (enemigo): (691, 331) (Rect center: (691, 331))
2025-05-19 17:11:53 - enemigo - [DEBUG] - [Enemigo_2] _mover_y_colisionar: HB Antes CH: (676,321), HB Despues CH y Sinc: (678,321), Rect: (675, 318), PosFlotante: (678.00,321.00)
2025-05-19 17:11:53 - enemigo - [DEBUG] - [Enemigo_2] Posición DESPUÉS de mov/col: HB (678, 321), Rect (675, 318), Flot (678.00, 321.00)
2025-05-19 17:11:53 - enemigo - [DEBUG] - [Enemigo_1] --- Inicio Update IA --- Delta: 0.0160s. Pos ANTES: HB (693, 301), Rect (690, 298), Flot (693.00, 301.00)
2025-05-19 17:11:53 - enemigo - [DEBUG] - [Enemigo_1] Target (centro (731, 311)), Dist: 25.00. Mi Centro HB: (706, 311)
2025-05-19 17:11:53 - enemigo - [DEBUG] - [Enemigo_1] Pos flotante (post-IA y delta): (694.1200, 301.0000)
2025-05-19 17:11:53 - enemigo - [DEBUG] - [Enemigo_1] Solicita movimiento a CH (deltas enteros): dx_int=2, dy_int=0. HB Actual: (693, 301) (Flotantes totales: dx=1.1200, dy=0.0000)
2025-05-19 17:11:53 - enemigo - [DEBUG] - [Enemigo_1] Inicia _mover_y_colisionar_con_obstaculos. dx_int=2, dy_int=0. HB Actual: (693, 301)
2025-05-19 17:11:53 - enemigo - [DEBUG] - [Enemigo_1] Hitbox recentrado (enemigo): (708, 311) (Rect center: (708, 311))
2025-05-19 17:11:53 - enemigo - [DEBUG] - [Enemigo_1] _mover_y_colisionar: HB Antes CH: (693,301), HB Despues CH y Sinc: (695,301), Rect: (692, 298), PosFlotante: (695.00,301.00)
2025-05-19 17:11:53 - enemigo - [DEBUG] - [Enemigo_1] Posición DESPUÉS de mov/col: HB (695, 301), Rect (692, 298), Flot (695.00, 301.00)
2025-05-19 17:11:53 - enemigo - [DEBUG] - [Enemigo_2] --- Inicio Update IA --- Delta: 0.0160s. Pos ANTES: HB (678, 321), Rect (675, 318), Flot (678.00, 321.00)
2025-05-19 17:11:53 - enemigo - [DEBUG] - [Enemigo_2] Target (centro (731, 311)), Dist: 44.72. Mi Centro HB: (691, 331)
2025-05-19 17:11:53 - enemigo - [DEBUG] - [Enemigo_2] Pos flotante (post-IA y delta): (679.0018, 320.4991)
2025-05-19 17:11:53 - enemigo - [DEBUG] - [Enemigo_2] Solicita movimiento a CH (deltas enteros): dx_int=2, dy_int=-1. HB Actual: (678, 321) (Flotantes totales: dx=1.0018, dy=-0.5009)
2025-05-19 17:11:53 - enemigo - [DEBUG] - [Enemigo_2] Inicia _mover_y_colisionar_con_obstaculos. dx_int=2, dy_int=-1. HB Actual: (678, 321)
2025-05-19 17:11:53 - enemigo - [DEBUG] - [Enemigo_2] Hitbox recentrado (enemigo): (693, 331) (Rect center: (693, 331))
2025-05-19 17:11:53 - enemigo - [DEBUG] - [Enemigo_2] _mover_y_colisionar: HB Antes CH: (678,321), HB Despues CH y Sinc: (680,321), Rect: (677, 318), PosFlotante: (680.00,321.00)
2025-05-19 17:11:53 - enemigo - [DEBUG] - [Enemigo_2] Posición DESPUÉS de mov/col: HB (680, 321), Rect (677, 318), Flot (680.00, 321.00)
2025-05-19 17:11:53 - enemigo - [DEBUG] - [Enemigo_1] --- Inicio Update IA --- Delta: 0.0160s. Pos ANTES: HB (695, 301), Rect (692, 298), Flot (695.00, 301.00)
2025-05-19 17:11:53 - enemigo - [DEBUG] - [Enemigo_1] Target (centro (733, 311)), Dist: 25.00. Mi Centro HB: (708, 311)
2025-05-19 17:11:53 - enemigo - [DEBUG] - [Enemigo_1] Pos flotante (post-IA y delta): (696.1200, 301.0000)
2025-05-19 17:11:53 - enemigo - [DEBUG] - [Enemigo_1] Solicita movimiento a CH (deltas enteros): dx_int=2, dy_int=0. HB Actual: (695, 301) (Flotantes totales: dx=1.1200, dy=0.0000)
2025-05-19 17:11:53 - enemigo - [DEBUG] - [Enemigo_1] Inicia _mover_y_colisionar_con_obstaculos. dx_int=2, dy_int=0. HB Actual: (695, 301)
2025-05-19 17:11:53 - enemigo - [DEBUG] - [Enemigo_1] Hitbox recentrado (enemigo): (710, 311) (Rect center: (710, 311))
2025-05-19 17:11:53 - enemigo - [DEBUG] - [Enemigo_1] _mover_y_colisionar: HB Antes CH: (695,301), HB Despues CH y Sinc: (697,301), Rect: (694, 298), PosFlotante: (697.00,301.00)
2025-05-19 17:11:53 - enemigo - [DEBUG] - [Enemigo_1] Posición DESPUÉS de mov/col: HB (697, 301), Rect (694, 298), Flot (697.00, 301.00)
2025-05-19 17:11:53 - enemigo - [DEBUG] - [Enemigo_2] --- Inicio Update IA --- Delta: 0.0160s. Pos ANTES: HB (680, 321), Rect (677, 318), Flot (680.00, 321.00)
2025-05-19 17:11:53 - enemigo - [DEBUG] - [Enemigo_2] Target (centro (733, 311)), Dist: 44.72. Mi Centro HB: (693, 331)
2025-05-19 17:11:53 - enemigo - [DEBUG] - [Enemigo_2] Pos flotante (post-IA y delta): (681.0018, 320.4991)
2025-05-19 17:11:53 - enemigo - [DEBUG] - [Enemigo_2] Solicita movimiento a CH (deltas enteros): dx_int=2, dy_int=-1. HB Actual: (680, 321) (Flotantes totales: dx=1.0018, dy=-0.5009)
2025-05-19 17:11:53 - enemigo - [DEBUG] - [Enemigo_2] Inicia _mover_y_colisionar_con_obstaculos. dx_int=2, dy_int=-1. HB Actual: (680, 321)
2025-05-19 17:11:53 - enemigo - [DEBUG] - [Enemigo_2] Hitbox recentrado (enemigo): (695, 331) (Rect center: (695, 331))
2025-05-19 17:11:53 - enemigo - [DEBUG] - [Enemigo_2] _mover_y_colisionar: HB Antes CH: (680,321), HB Despues CH y Sinc: (682,321), Rect: (679, 318), PosFlotante: (682.00,321.00)
2025-05-19 17:11:53 - enemigo - [DEBUG] - [Enemigo_2] Posición DESPUÉS de mov/col: HB (682, 321), Rect (679, 318), Flot (682.00, 321.00)
2025-05-19 17:11:53 - enemigo - [DEBUG] - [Enemigo_1] --- Inicio Update IA --- Delta: 0.0160s. Pos ANTES: HB (697, 301), Rect (694, 298), Flot (697.00, 301.00)
2025-05-19 17:11:53 - enemigo - [DEBUG] - [Enemigo_1] Target (centro (735, 311)), Dist: 25.00. Mi Centro HB: (710, 311)
2025-05-19 17:11:53 - enemigo - [DEBUG] - [Enemigo_1] EN RANGO AGRO. Input IA (vel): (70.00, 0.00)
2025-05-19 17:11:53 - enemigo - [DEBUG] - [Enemigo_1] Pos flotante (post-IA y delta): (698.1200, 301.0000)
2025-05-19 17:11:53 - enemigo - [DEBUG] - [Enemigo_1] Solicita movimiento a CH (deltas enteros): dx_int=2, dy_int=0. HB Actual: (697, 301) (Flotantes totales: dx=1.1200, dy=0.0000)
2025-05-19 17:11:53 - enemigo - [DEBUG] - [Enemigo_1] Inicia _mover_y_colisionar_con_obstaculos. dx_int=2, dy_int=0. HB Actual: (697, 301)
2025-05-19 17:11:53 - enemigo - [DEBUG] - [Enemigo_1] Hitbox recentrado (enemigo): (712, 311) (Rect center: (712, 311))
2025-05-19 17:11:53 - enemigo - [DEBUG] - [Enemigo_1] _mover_y_colisionar: HB Antes CH: (697,301), HB Despues CH y Sinc: (699,301), Rect: (696, 298), PosFlotante: (699.00,301.00)
2025-05-19 17:11:53 - enemigo - [DEBUG] - [Enemigo_1] Posición DESPUÉS de mov/col: HB (699, 301), Rect (696, 298), Flot (699.00, 301.00)
2025-05-19 17:11:53 - enemigo - [DEBUG] - [Enemigo_2] --- Inicio Update IA --- Delta: 0.0160s. Pos ANTES: HB (682, 321), Rect (679, 318), Flot (682.00, 321.00)
2025-05-19 17:11:53 - enemigo - [DEBUG] - [Enemigo_2] Target (centro (735, 311)), Dist: 44.72. Mi Centro HB: (695, 331)
2025-05-19 17:11:53 - enemigo - [DEBUG] - [Enemigo_2] Pos flotante (post-IA y delta): (683.0018, 320.4991)
2025-05-19 17:11:53 - enemigo - [DEBUG] - [Enemigo_2] Solicita movimiento a CH (deltas enteros): dx_int=2, dy_int=-1. HB Actual: (682, 321) (Flotantes totales: dx=1.0018, dy=-0.5009)
2025-05-19 17:11:53 - enemigo - [DEBUG] - [Enemigo_2] Inicia _mover_y_colisionar_con_obstaculos. dx_int=2, dy_int=-1. HB Actual: (682, 321)
2025-05-19 17:11:53 - enemigo - [DEBUG] - [Enemigo_2] Hitbox recentrado (enemigo): (697, 331) (Rect center: (697, 331))
2025-05-19 17:11:53 - enemigo - [DEBUG] - [Enemigo_2] _mover_y_colisionar: HB Antes CH: (682,321), HB Despues CH y Sinc: (684,321), Rect: (681, 318), PosFlotante: (684.00,321.00)
2025-05-19 17:11:53 - enemigo - [DEBUG] - [Enemigo_2] Posición DESPUÉS de mov/col: HB (684, 321), Rect (681, 318), Flot (684.00, 321.00)
2025-05-19 17:11:53 - enemigo - [DEBUG] - [Enemigo_1] --- Inicio Update IA --- Delta: 0.0170s. Pos ANTES: HB (699, 301), Rect (696, 298), Flot (699.00, 301.00)
2025-05-19 17:11:53 - enemigo - [DEBUG] - [Enemigo_1] Target (centro (737, 311)), Dist: 25.00. Mi Centro HB: (712, 311)
2025-05-19 17:11:53 - enemigo - [DEBUG] - [Enemigo_1] Pos flotante (post-IA y delta): (700.1900, 301.0000)
2025-05-19 17:11:53 - enemigo - [DEBUG] - [Enemigo_1] Solicita movimiento a CH (deltas enteros): dx_int=2, dy_int=0. HB Actual: (699, 301) (Flotantes totales: dx=1.1900, dy=0.0000)
2025-05-19 17:11:53 - enemigo - [DEBUG] - [Enemigo_1] Inicia _mover_y_colisionar_con_obstaculos. dx_int=2, dy_int=0. HB Actual: (699, 301)
2025-05-19 17:11:53 - enemigo - [DEBUG] - [Enemigo_1] Hitbox recentrado (enemigo): (714, 311) (Rect center: (714, 311))
2025-05-19 17:11:53 - enemigo - [DEBUG] - [Enemigo_1] _mover_y_colisionar: HB Antes CH: (699,301), HB Despues CH y Sinc: (701,301), Rect: (698, 298), PosFlotante: (701.00,301.00)
2025-05-19 17:11:53 - enemigo - [DEBUG] - [Enemigo_1] Posición DESPUÉS de mov/col: HB (701, 301), Rect (698, 298), Flot (701.00, 301.00)
2025-05-19 17:11:53 - enemigo - [DEBUG] - [Enemigo_2] --- Inicio Update IA --- Delta: 0.0170s. Pos ANTES: HB (684, 321), Rect (681, 318), Flot (684.00, 321.00)
2025-05-19 17:11:53 - enemigo - [DEBUG] - [Enemigo_2] Target (centro (737, 311)), Dist: 44.72. Mi Centro HB: (697, 331)
2025-05-19 17:11:53 - enemigo - [DEBUG] - [Enemigo_2] EN RANGO AGRO. Input IA (vel): (62.61, -31.30)
2025-05-19 17:11:53 - enemigo - [DEBUG] - [Enemigo_2] Pos flotante (post-IA y delta): (685.0644, 320.4678)
2025-05-19 17:11:53 - enemigo - [DEBUG] - [Enemigo_2] Solicita movimiento a CH (deltas enteros): dx_int=2, dy_int=-1. HB Actual: (684, 321) (Flotantes totales: dx=1.0644, dy=-0.5322)
2025-05-19 17:11:53 - enemigo - [DEBUG] - [Enemigo_2] Inicia _mover_y_colisionar_con_obstaculos. dx_int=2, dy_int=-1. HB Actual: (684, 321)
2025-05-19 17:11:53 - enemigo - [DEBUG] - [Enemigo_2] Hitbox recentrado (enemigo): (699, 331) (Rect center: (699, 331))
2025-05-19 17:11:53 - enemigo - [DEBUG] - [Enemigo_2] _mover_y_colisionar: HB Antes CH: (684,321), HB Despues CH y Sinc: (686,321), Rect: (683, 318), PosFlotante: (686.00,321.00)
2025-05-19 17:11:53 - enemigo - [DEBUG] - [Enemigo_2] Posición DESPUÉS de mov/col: HB (686, 321), Rect (683, 318), Flot (686.00, 321.00)
2025-05-19 17:11:53 - enemigo - [DEBUG] - [Enemigo_1] --- Inicio Update IA --- Delta: 0.0160s. Pos ANTES: HB (701, 301), Rect (698, 298), Flot (701.00, 301.00)
2025-05-19 17:11:53 - enemigo - [DEBUG] - [Enemigo_1] Target (centro (739, 311)), Dist: 25.00. Mi Centro HB: (714, 311)
2025-05-19 17:11:53 - enemigo - [DEBUG] - [Enemigo_1] Pos flotante (post-IA y delta): (702.1200, 301.0000)
2025-05-19 17:11:53 - enemigo - [DEBUG] - [Enemigo_1] Solicita movimiento a CH (deltas enteros): dx_int=2, dy_int=0. HB Actual: (701, 301) (Flotantes totales: dx=1.1200, dy=0.0000)
2025-05-19 17:11:53 - enemigo - [DEBUG] - [Enemigo_1] Inicia _mover_y_colisionar_con_obstaculos. dx_int=2, dy_int=0. HB Actual: (701, 301)
2025-05-19 17:11:53 - enemigo - [DEBUG] - [Enemigo_1] Hitbox recentrado (enemigo): (716, 311) (Rect center: (716, 311))
2025-05-19 17:11:53 - enemigo - [DEBUG] - [Enemigo_1] _mover_y_colisionar: HB Antes CH: (701,301), HB Despues CH y Sinc: (703,301), Rect: (700, 298), PosFlotante: (703.00,301.00)
2025-05-19 17:11:53 - enemigo - [DEBUG] - [Enemigo_1] Posición DESPUÉS de mov/col: HB (703, 301), Rect (700, 298), Flot (703.00, 301.00)
2025-05-19 17:11:53 - enemigo - [DEBUG] - [Enemigo_2] --- Inicio Update IA --- Delta: 0.0160s. Pos ANTES: HB (686, 321), Rect (683, 318), Flot (686.00, 321.00)
2025-05-19 17:11:53 - enemigo - [DEBUG] - [Enemigo_2] Target (centro (739, 311)), Dist: 44.72. Mi Centro HB: (699, 331)
2025-05-19 17:11:53 - enemigo - [DEBUG] - [Enemigo_2] Pos flotante (post-IA y delta): (687.0018, 320.4991)
2025-05-19 17:11:53 - enemigo - [DEBUG] - [Enemigo_2] Solicita movimiento a CH (deltas enteros): dx_int=2, dy_int=-1. HB Actual: (686, 321) (Flotantes totales: dx=1.0018, dy=-0.5009)
2025-05-19 17:11:53 - enemigo - [DEBUG] - [Enemigo_2] Inicia _mover_y_colisionar_con_obstaculos. dx_int=2, dy_int=-1. HB Actual: (686, 321)
2025-05-19 17:11:53 - enemigo - [DEBUG] - [Enemigo_2] Hitbox recentrado (enemigo): (701, 331) (Rect center: (701, 331))
2025-05-19 17:11:53 - enemigo - [DEBUG] - [Enemigo_2] _mover_y_colisionar: HB Antes CH: (686,321), HB Despues CH y Sinc: (688,321), Rect: (685, 318), PosFlotante: (688.00,321.00)
2025-05-19 17:11:53 - enemigo - [DEBUG] - [Enemigo_2] Posición DESPUÉS de mov/col: HB (688, 321), Rect (685, 318), Flot (688.00, 321.00)
2025-05-19 17:11:53 - enemigo - [DEBUG] - [Enemigo_1] --- Inicio Update IA --- Delta: 0.0160s. Pos ANTES: HB (703, 301), Rect (700, 298), Flot (703.00, 301.00)
2025-05-19 17:11:53 - enemigo - [DEBUG] - [Enemigo_1] Target (centro (741, 311)), Dist: 25.00. Mi Centro HB: (716, 311)
2025-05-19 17:11:53 - enemigo - [DEBUG] - [Enemigo_1] Pos flotante (post-IA y delta): (704.1200, 301.0000)
2025-05-19 17:11:53 - enemigo - [DEBUG] - [Enemigo_1] Solicita movimiento a CH (deltas enteros): dx_int=2, dy_int=0. HB Actual: (703, 301) (Flotantes totales: dx=1.1200, dy=0.0000)
2025-05-19 17:11:53 - enemigo - [DEBUG] - [Enemigo_1] Inicia _mover_y_colisionar_con_obstaculos. dx_int=2, dy_int=0. HB Actual: (703, 301)
2025-05-19 17:11:53 - enemigo - [DEBUG] - [Enemigo_1] Hitbox recentrado (enemigo): (718, 311) (Rect center: (718, 311))
2025-05-19 17:11:53 - enemigo - [DEBUG] - [Enemigo_1] _mover_y_colisionar: HB Antes CH: (703,301), HB Despues CH y Sinc: (705,301), Rect: (702, 298), PosFlotante: (705.00,301.00)
2025-05-19 17:11:53 - enemigo - [DEBUG] - [Enemigo_1] Posición DESPUÉS de mov/col: HB (705, 301), Rect (702, 298), Flot (705.00, 301.00)
2025-05-19 17:11:53 - enemigo - [DEBUG] - [Enemigo_2] --- Inicio Update IA --- Delta: 0.0160s. Pos ANTES: HB (688, 321), Rect (685, 318), Flot (688.00, 321.00)
2025-05-19 17:11:53 - enemigo - [DEBUG] - [Enemigo_2] Target (centro (741, 311)), Dist: 44.72. Mi Centro HB: (701, 331)
2025-05-19 17:11:53 - enemigo - [DEBUG] - [Enemigo_2] Pos flotante (post-IA y delta): (689.0018, 320.4991)
2025-05-19 17:11:53 - enemigo - [DEBUG] - [Enemigo_2] Solicita movimiento a CH (deltas enteros): dx_int=2, dy_int=-1. HB Actual: (688, 321) (Flotantes totales: dx=1.0018, dy=-0.5009)
2025-05-19 17:11:53 - enemigo - [DEBUG] - [Enemigo_2] Inicia _mover_y_colisionar_con_obstaculos. dx_int=2, dy_int=-1. HB Actual: (688, 321)
2025-05-19 17:11:53 - enemigo - [DEBUG] - [Enemigo_2] Hitbox recentrado (enemigo): (703, 331) (Rect center: (703, 331))
2025-05-19 17:11:53 - enemigo - [DEBUG] - [Enemigo_2] _mover_y_colisionar: HB Antes CH: (688,321), HB Despues CH y Sinc: (690,321), Rect: (687, 318), PosFlotante: (690.00,321.00)
2025-05-19 17:11:53 - enemigo - [DEBUG] - [Enemigo_2] Posición DESPUÉS de mov/col: HB (690, 321), Rect (687, 318), Flot (690.00, 321.00)
2025-05-19 17:11:53 - enemigo - [DEBUG] - [Enemigo_1] --- Inicio Update IA --- Delta: 0.0160s. Pos ANTES: HB (705, 301), Rect (702, 298), Flot (705.00, 301.00)
2025-05-19 17:11:53 - enemigo - [DEBUG] - [Enemigo_1] Target (centro (743, 311)), Dist: 25.00. Mi Centro HB: (718, 311)
2025-05-19 17:11:53 - enemigo - [DEBUG] - [Enemigo_1] EN RANGO AGRO. Input IA (vel): (70.00, 0.00)
2025-05-19 17:11:53 - enemigo - [DEBUG] - [Enemigo_1] Pos flotante (post-IA y delta): (706.1200, 301.0000)
2025-05-19 17:11:53 - enemigo - [DEBUG] - [Enemigo_1] Solicita movimiento a CH (deltas enteros): dx_int=2, dy_int=0. HB Actual: (705, 301) (Flotantes totales: dx=1.1200, dy=0.0000)
2025-05-19 17:11:53 - enemigo - [DEBUG] - [Enemigo_1] Inicia _mover_y_colisionar_con_obstaculos. dx_int=2, dy_int=0. HB Actual: (705, 301)
2025-05-19 17:11:53 - enemigo - [DEBUG] - [Enemigo_1] Hitbox recentrado (enemigo): (720, 311) (Rect center: (720, 311))
2025-05-19 17:11:53 - enemigo - [DEBUG] - [Enemigo_1] _mover_y_colisionar: HB Antes CH: (705,301), HB Despues CH y Sinc: (707,301), Rect: (704, 298), PosFlotante: (707.00,301.00)
2025-05-19 17:11:53 - enemigo - [DEBUG] - [Enemigo_1] Posición DESPUÉS de mov/col: HB (707, 301), Rect (704, 298), Flot (707.00, 301.00)
2025-05-19 17:11:53 - enemigo - [DEBUG] - [Enemigo_2] --- Inicio Update IA --- Delta: 0.0160s. Pos ANTES: HB (690, 321), Rect (687, 318), Flot (690.00, 321.00)
2025-05-19 17:11:53 - enemigo - [DEBUG] - [Enemigo_2] Target (centro (743, 311)), Dist: 44.72. Mi Centro HB: (703, 331)
2025-05-19 17:11:53 - enemigo - [DEBUG] - [Enemigo_2] Pos flotante (post-IA y delta): (691.0018, 320.4991)
2025-05-19 17:11:53 - enemigo - [DEBUG] - [Enemigo_2] Solicita movimiento a CH (deltas enteros): dx_int=2, dy_int=-1. HB Actual: (690, 321) (Flotantes totales: dx=1.0018, dy=-0.5009)
2025-05-19 17:11:53 - enemigo - [DEBUG] - [Enemigo_2] Inicia _mover_y_colisionar_con_obstaculos. dx_int=2, dy_int=-1. HB Actual: (690, 321)
2025-05-19 17:11:53 - enemigo - [DEBUG] - [Enemigo_2] Hitbox recentrado (enemigo): (705, 331) (Rect center: (705, 331))
2025-05-19 17:11:53 - enemigo - [DEBUG] - [Enemigo_2] _mover_y_colisionar: HB Antes CH: (690,321), HB Despues CH y Sinc: (692,321), Rect: (689, 318), PosFlotante: (692.00,321.00)
2025-05-19 17:11:53 - enemigo - [DEBUG] - [Enemigo_2] Posición DESPUÉS de mov/col: HB (692, 321), Rect (689, 318), Flot (692.00, 321.00)
2025-05-19 17:11:53 - enemigo - [DEBUG] - [Enemigo_1] --- Inicio Update IA --- Delta: 0.0160s. Pos ANTES: HB (707, 301), Rect (704, 298), Flot (707.00, 301.00)
2025-05-19 17:11:53 - enemigo - [DEBUG] - [Enemigo_1] Target (centro (745, 311)), Dist: 25.00. Mi Centro HB: (720, 311)
2025-05-19 17:11:53 - enemigo - [DEBUG] - [Enemigo_1] Pos flotante (post-IA y delta): (708.1200, 301.0000)
2025-05-19 17:11:53 - enemigo - [DEBUG] - [Enemigo_1] Solicita movimiento a CH (deltas enteros): dx_int=2, dy_int=0. HB Actual: (707, 301) (Flotantes totales: dx=1.1200, dy=0.0000)
2025-05-19 17:11:53 - enemigo - [DEBUG] - [Enemigo_1] Inicia _mover_y_colisionar_con_obstaculos. dx_int=2, dy_int=0. HB Actual: (707, 301)
2025-05-19 17:11:53 - enemigo - [DEBUG] - [Enemigo_1] Hitbox recentrado (enemigo): (722, 311) (Rect center: (722, 311))
2025-05-19 17:11:53 - enemigo - [DEBUG] - [Enemigo_1] _mover_y_colisionar: HB Antes CH: (707,301), HB Despues CH y Sinc: (709,301), Rect: (706, 298), PosFlotante: (709.00,301.00)
2025-05-19 17:11:53 - enemigo - [DEBUG] - [Enemigo_1] Posición DESPUÉS de mov/col: HB (709, 301), Rect (706, 298), Flot (709.00, 301.00)
2025-05-19 17:11:53 - enemigo - [DEBUG] - [Enemigo_2] --- Inicio Update IA --- Delta: 0.0160s. Pos ANTES: HB (692, 321), Rect (689, 318), Flot (692.00, 321.00)
2025-05-19 17:11:53 - enemigo - [DEBUG] - [Enemigo_2] Target (centro (745, 311)), Dist: 44.72. Mi Centro HB: (705, 331)
2025-05-19 17:11:53 - enemigo - [DEBUG] - [Enemigo_2] EN RANGO AGRO. Input IA (vel): (62.61, -31.30)
2025-05-19 17:11:53 - enemigo - [DEBUG] - [Enemigo_2] Pos flotante (post-IA y delta): (693.0018, 320.4991)
2025-05-19 17:11:53 - enemigo - [DEBUG] - [Enemigo_2] Solicita movimiento a CH (deltas enteros): dx_int=2, dy_int=-1. HB Actual: (692, 321) (Flotantes totales: dx=1.0018, dy=-0.5009)
2025-05-19 17:11:53 - enemigo - [DEBUG] - [Enemigo_2] Inicia _mover_y_colisionar_con_obstaculos. dx_int=2, dy_int=-1. HB Actual: (692, 321)
2025-05-19 17:11:53 - enemigo - [DEBUG] - [Enemigo_2] Hitbox recentrado (enemigo): (707, 331) (Rect center: (707, 331))
2025-05-19 17:11:53 - enemigo - [DEBUG] - [Enemigo_2] _mover_y_colisionar: HB Antes CH: (692,321), HB Despues CH y Sinc: (694,321), Rect: (691, 318), PosFlotante: (694.00,321.00)
2025-05-19 17:11:53 - enemigo - [DEBUG] - [Enemigo_2] Posición DESPUÉS de mov/col: HB (694, 321), Rect (691, 318), Flot (694.00, 321.00)
2025-05-19 17:11:53 - enemigo - [DEBUG] - [Enemigo_1] --- Inicio Update IA --- Delta: 0.0160s. Pos ANTES: HB (709, 301), Rect (706, 298), Flot (709.00, 301.00)
2025-05-19 17:11:53 - enemigo - [DEBUG] - [Enemigo_1] Target (centro (747, 311)), Dist: 25.00. Mi Centro HB: (722, 311)
2025-05-19 17:11:53 - enemigo - [DEBUG] - [Enemigo_1] Pos flotante (post-IA y delta): (710.1200, 301.0000)
2025-05-19 17:11:53 - enemigo - [DEBUG] - [Enemigo_1] Solicita movimiento a CH (deltas enteros): dx_int=2, dy_int=0. HB Actual: (709, 301) (Flotantes totales: dx=1.1200, dy=0.0000)
2025-05-19 17:11:53 - enemigo - [DEBUG] - [Enemigo_1] Inicia _mover_y_colisionar_con_obstaculos. dx_int=2, dy_int=0. HB Actual: (709, 301)
2025-05-19 17:11:53 - enemigo - [DEBUG] - [Enemigo_1] Hitbox recentrado (enemigo): (724, 311) (Rect center: (724, 311))
2025-05-19 17:11:53 - enemigo - [DEBUG] - [Enemigo_1] _mover_y_colisionar: HB Antes CH: (709,301), HB Despues CH y Sinc: (711,301), Rect: (708, 298), PosFlotante: (711.00,301.00)
2025-05-19 17:11:53 - enemigo - [DEBUG] - [Enemigo_1] Posición DESPUÉS de mov/col: HB (711, 301), Rect (708, 298), Flot (711.00, 301.00)
2025-05-19 17:11:53 - enemigo - [DEBUG] - [Enemigo_2] --- Inicio Update IA --- Delta: 0.0160s. Pos ANTES: HB (694, 321), Rect (691, 318), Flot (694.00, 321.00)
2025-05-19 17:11:53 - enemigo - [DEBUG] - [Enemigo_2] Target (centro (747, 311)), Dist: 44.72. Mi Centro HB: (707, 331)
2025-05-19 17:11:53 - enemigo - [DEBUG] - [Enemigo_2] Pos flotante (post-IA y delta): (695.0018, 320.4991)
2025-05-19 17:11:53 - enemigo - [DEBUG] - [Enemigo_2] Solicita movimiento a CH (deltas enteros): dx_int=2, dy_int=-1. HB Actual: (694, 321) (Flotantes totales: dx=1.0018, dy=-0.5009)
2025-05-19 17:11:53 - enemigo - [DEBUG] - [Enemigo_2] Inicia _mover_y_colisionar_con_obstaculos. dx_int=2, dy_int=-1. HB Actual: (694, 321)
2025-05-19 17:11:53 - enemigo - [DEBUG] - [Enemigo_2] Hitbox recentrado (enemigo): (709, 331) (Rect center: (709, 331))
2025-05-19 17:11:53 - enemigo - [DEBUG] - [Enemigo_2] _mover_y_colisionar: HB Antes CH: (694,321), HB Despues CH y Sinc: (696,321), Rect: (693, 318), PosFlotante: (696.00,321.00)
2025-05-19 17:11:53 - enemigo - [DEBUG] - [Enemigo_2] Posición DESPUÉS de mov/col: HB (696, 321), Rect (693, 318), Flot (696.00, 321.00)
2025-05-19 17:11:53 - enemigo - [DEBUG] - [Enemigo_1] --- Inicio Update IA --- Delta: 0.0160s. Pos ANTES: HB (711, 301), Rect (708, 298), Flot (711.00, 301.00)
2025-05-19 17:11:53 - enemigo - [DEBUG] - [Enemigo_1] Target (centro (749, 311)), Dist: 25.00. Mi Centro HB: (724, 311)
2025-05-19 17:11:53 - enemigo - [DEBUG] - [Enemigo_1] Pos flotante (post-IA y delta): (712.1200, 301.0000)
2025-05-19 17:11:53 - enemigo - [DEBUG] - [Enemigo_1] Solicita movimiento a CH (deltas enteros): dx_int=2, dy_int=0. HB Actual: (711, 301) (Flotantes totales: dx=1.1200, dy=0.0000)
2025-05-19 17:11:53 - enemigo - [DEBUG] - [Enemigo_1] Inicia _mover_y_colisionar_con_obstaculos. dx_int=2, dy_int=0. HB Actual: (711, 301)
2025-05-19 17:11:53 - enemigo - [DEBUG] - [Enemigo_1] Hitbox recentrado (enemigo): (726, 311) (Rect center: (726, 311))
2025-05-19 17:11:53 - enemigo - [DEBUG] - [Enemigo_1] _mover_y_colisionar: HB Antes CH: (711,301), HB Despues CH y Sinc: (713,301), Rect: (710, 298), PosFlotante: (713.00,301.00)
2025-05-19 17:11:53 - enemigo - [DEBUG] - [Enemigo_1] Posición DESPUÉS de mov/col: HB (713, 301), Rect (710, 298), Flot (713.00, 301.00)
2025-05-19 17:11:53 - enemigo - [DEBUG] - [Enemigo_2] --- Inicio Update IA --- Delta: 0.0160s. Pos ANTES: HB (696, 321), Rect (693, 318), Flot (696.00, 321.00)
2025-05-19 17:11:53 - enemigo - [DEBUG] - [Enemigo_2] Target (centro (749, 311)), Dist: 44.72. Mi Centro HB: (709, 331)
2025-05-19 17:11:53 - enemigo - [DEBUG] - [Enemigo_2] Pos flotante (post-IA y delta): (697.0018, 320.4991)
2025-05-19 17:11:53 - enemigo - [DEBUG] - [Enemigo_2] Solicita movimiento a CH (deltas enteros): dx_int=2, dy_int=-1. HB Actual: (696, 321) (Flotantes totales: dx=1.0018, dy=-0.5009)
2025-05-19 17:11:53 - enemigo - [DEBUG] - [Enemigo_2] Inicia _mover_y_colisionar_con_obstaculos. dx_int=2, dy_int=-1. HB Actual: (696, 321)
2025-05-19 17:11:53 - enemigo - [DEBUG] - [Enemigo_2] Hitbox recentrado (enemigo): (711, 331) (Rect center: (711, 331))
2025-05-19 17:11:53 - enemigo - [DEBUG] - [Enemigo_2] _mover_y_colisionar: HB Antes CH: (696,321), HB Despues CH y Sinc: (698,321), Rect: (695, 318), PosFlotante: (698.00,321.00)
2025-05-19 17:11:53 - enemigo - [DEBUG] - [Enemigo_2] Posición DESPUÉS de mov/col: HB (698, 321), Rect (695, 318), Flot (698.00, 321.00)
2025-05-19 17:11:53 - enemigo - [DEBUG] - [Enemigo_1] --- Inicio Update IA --- Delta: 0.0160s. Pos ANTES: HB (713, 301), Rect (710, 298), Flot (713.00, 301.00)
2025-05-19 17:11:53 - enemigo - [DEBUG] - [Enemigo_1] Target (centro (751, 311)), Dist: 25.00. Mi Centro HB: (726, 311)
2025-05-19 17:11:53 - enemigo - [DEBUG] - [Enemigo_1] EN RANGO AGRO. Input IA (vel): (70.00, 0.00)
2025-05-19 17:11:53 - enemigo - [DEBUG] - [Enemigo_1] Pos flotante (post-IA y delta): (714.1200, 301.0000)
2025-05-19 17:11:53 - enemigo - [DEBUG] - [Enemigo_1] Solicita movimiento a CH (deltas enteros): dx_int=2, dy_int=0. HB Actual: (713, 301) (Flotantes totales: dx=1.1200, dy=0.0000)
2025-05-19 17:11:53 - enemigo - [DEBUG] - [Enemigo_1] Inicia _mover_y_colisionar_con_obstaculos. dx_int=2, dy_int=0. HB Actual: (713, 301)
2025-05-19 17:11:53 - enemigo - [DEBUG] - [Enemigo_1] Hitbox recentrado (enemigo): (728, 311) (Rect center: (728, 311))
2025-05-19 17:11:53 - enemigo - [DEBUG] - [Enemigo_1] _mover_y_colisionar: HB Antes CH: (713,301), HB Despues CH y Sinc: (715,301), Rect: (712, 298), PosFlotante: (715.00,301.00)
2025-05-19 17:11:53 - enemigo - [DEBUG] - [Enemigo_1] Posición DESPUÉS de mov/col: HB (715, 301), Rect (712, 298), Flot (715.00, 301.00)
2025-05-19 17:11:53 - enemigo - [DEBUG] - [Enemigo_2] --- Inicio Update IA --- Delta: 0.0160s. Pos ANTES: HB (698, 321), Rect (695, 318), Flot (698.00, 321.00)
2025-05-19 17:11:53 - enemigo - [DEBUG] - [Enemigo_2] Target (centro (751, 311)), Dist: 44.72. Mi Centro HB: (711, 331)
2025-05-19 17:11:53 - enemigo - [DEBUG] - [Enemigo_2] Pos flotante (post-IA y delta): (699.0018, 320.4991)
2025-05-19 17:11:53 - enemigo - [DEBUG] - [Enemigo_2] Solicita movimiento a CH (deltas enteros): dx_int=2, dy_int=-1. HB Actual: (698, 321) (Flotantes totales: dx=1.0018, dy=-0.5009)
2025-05-19 17:11:53 - enemigo - [DEBUG] - [Enemigo_2] Inicia _mover_y_colisionar_con_obstaculos. dx_int=2, dy_int=-1. HB Actual: (698, 321)
2025-05-19 17:11:53 - enemigo - [DEBUG] - [Enemigo_2] Hitbox recentrado (enemigo): (713, 331) (Rect center: (713, 331))
2025-05-19 17:11:53 - enemigo - [DEBUG] - [Enemigo_2] _mover_y_colisionar: HB Antes CH: (698,321), HB Despues CH y Sinc: (700,321), Rect: (697, 318), PosFlotante: (700.00,321.00)
2025-05-19 17:11:53 - enemigo - [DEBUG] - [Enemigo_2] Posición DESPUÉS de mov/col: HB (700, 321), Rect (697, 318), Flot (700.00, 321.00)
2025-05-19 17:11:53 - enemigo - [DEBUG] - [Enemigo_1] --- Inicio Update IA --- Delta: 0.0160s. Pos ANTES: HB (715, 301), Rect (712, 298), Flot (715.00, 301.00)
2025-05-19 17:11:53 - enemigo - [DEBUG] - [Enemigo_1] Target (centro (753, 311)), Dist: 25.00. Mi Centro HB: (728, 311)
2025-05-19 17:11:53 - enemigo - [DEBUG] - [Enemigo_1] Pos flotante (post-IA y delta): (716.1200, 301.0000)
2025-05-19 17:11:53 - enemigo - [DEBUG] - [Enemigo_1] Solicita movimiento a CH (deltas enteros): dx_int=2, dy_int=0. HB Actual: (715, 301) (Flotantes totales: dx=1.1200, dy=0.0000)
2025-05-19 17:11:53 - enemigo - [DEBUG] - [Enemigo_1] Inicia _mover_y_colisionar_con_obstaculos. dx_int=2, dy_int=0. HB Actual: (715, 301)
2025-05-19 17:11:53 - enemigo - [DEBUG] - [Enemigo_1] Hitbox recentrado (enemigo): (730, 311) (Rect center: (730, 311))
2025-05-19 17:11:53 - enemigo - [DEBUG] - [Enemigo_1] _mover_y_colisionar: HB Antes CH: (715,301), HB Despues CH y Sinc: (717,301), Rect: (714, 298), PosFlotante: (717.00,301.00)
2025-05-19 17:11:53 - enemigo - [DEBUG] - [Enemigo_1] Posición DESPUÉS de mov/col: HB (717, 301), Rect (714, 298), Flot (717.00, 301.00)
2025-05-19 17:11:53 - enemigo - [DEBUG] - [Enemigo_2] --- Inicio Update IA --- Delta: 0.0160s. Pos ANTES: HB (700, 321), Rect (697, 318), Flot (700.00, 321.00)
2025-05-19 17:11:53 - enemigo - [DEBUG] - [Enemigo_2] Target (centro (753, 311)), Dist: 44.72. Mi Centro HB: (713, 331)
2025-05-19 17:11:53 - enemigo - [DEBUG] - [Enemigo_2] EN RANGO AGRO. Input IA (vel): (62.61, -31.30)
2025-05-19 17:11:53 - enemigo - [DEBUG] - [Enemigo_2] Pos flotante (post-IA y delta): (701.0018, 320.4991)
2025-05-19 17:11:53 - enemigo - [DEBUG] - [Enemigo_2] Solicita movimiento a CH (deltas enteros): dx_int=2, dy_int=-1. HB Actual: (700, 321) (Flotantes totales: dx=1.0018, dy=-0.5009)
2025-05-19 17:11:53 - enemigo - [DEBUG] - [Enemigo_2] Inicia _mover_y_colisionar_con_obstaculos. dx_int=2, dy_int=-1. HB Actual: (700, 321)
2025-05-19 17:11:53 - enemigo - [DEBUG] - [Enemigo_2] Hitbox recentrado (enemigo): (715, 331) (Rect center: (715, 331))
2025-05-19 17:11:53 - enemigo - [DEBUG] - [Enemigo_2] _mover_y_colisionar: HB Antes CH: (700,321), HB Despues CH y Sinc: (702,321), Rect: (699, 318), PosFlotante: (702.00,321.00)
2025-05-19 17:11:53 - enemigo - [DEBUG] - [Enemigo_2] Posición DESPUÉS de mov/col: HB (702, 321), Rect (699, 318), Flot (702.00, 321.00)
2025-05-19 17:11:53 - enemigo - [DEBUG] - [Enemigo_1] --- Inicio Update IA --- Delta: 0.0160s. Pos ANTES: HB (717, 301), Rect (714, 298), Flot (717.00, 301.00)
2025-05-19 17:11:53 - enemigo - [DEBUG] - [Enemigo_1] Target (centro (753, 311)), Dist: 23.00. Mi Centro HB: (730, 311)
2025-05-19 17:11:53 - enemigo - [DEBUG] - [Enemigo_1] Pos flotante (post-IA y delta): (718.1200, 301.0000)
2025-05-19 17:11:53 - enemigo - [DEBUG] - [Enemigo_1] Solicita movimiento a CH (deltas enteros): dx_int=2, dy_int=0. HB Actual: (717, 301) (Flotantes totales: dx=1.1200, dy=0.0000)
2025-05-19 17:11:53 - enemigo - [DEBUG] - [Enemigo_1] Inicia _mover_y_colisionar_con_obstaculos. dx_int=2, dy_int=0. HB Actual: (717, 301)
2025-05-19 17:11:53 - enemigo - [DEBUG] - [Enemigo_1] Hitbox recentrado (enemigo): (732, 311) (Rect center: (732, 311))
2025-05-19 17:11:53 - enemigo - [DEBUG] - [Enemigo_1] _mover_y_colisionar: HB Antes CH: (717,301), HB Despues CH y Sinc: (719,301), Rect: (716, 298), PosFlotante: (719.00,301.00)
2025-05-19 17:11:53 - enemigo - [DEBUG] - [Enemigo_1] Posición DESPUÉS de mov/col: HB (719, 301), Rect (716, 298), Flot (719.00, 301.00)
2025-05-19 17:11:53 - enemigo - [DEBUG] - [Enemigo_2] --- Inicio Update IA --- Delta: 0.0160s. Pos ANTES: HB (702, 321), Rect (699, 318), Flot (702.00, 321.00)
2025-05-19 17:11:53 - enemigo - [DEBUG] - [Enemigo_2] Target (centro (753, 311)), Dist: 42.94. Mi Centro HB: (715, 331)
2025-05-19 17:11:53 - enemigo - [DEBUG] - [Enemigo_2] EN RANGO AGRO. Input IA (vel): (61.94, -32.60)
2025-05-19 17:11:53 - enemigo - [DEBUG] - [Enemigo_2] Pos flotante (post-IA y delta): (702.9911, 320.4784)
2025-05-19 17:11:53 - enemigo - [DEBUG] - [Enemigo_2] Solicita movimiento a CH (deltas enteros): dx_int=1, dy_int=-1. HB Actual: (702, 321) (Flotantes totales: dx=0.9911, dy=-0.5216)
2025-05-19 17:11:53 - enemigo - [DEBUG] - [Enemigo_2] Inicia _mover_y_colisionar_con_obstaculos. dx_int=1, dy_int=-1. HB Actual: (702, 321)
2025-05-19 17:11:53 - enemigo - [DEBUG] - [Enemigo_2] Hitbox recentrado (enemigo): (716, 331) (Rect center: (716, 331))
2025-05-19 17:11:53 - enemigo - [DEBUG] - [Enemigo_2] _mover_y_colisionar: HB Antes CH: (702,321), HB Despues CH y Sinc: (703,321), Rect: (700, 318), PosFlotante: (703.00,321.00)
2025-05-19 17:11:53 - enemigo - [DEBUG] - [Enemigo_2] Posición DESPUÉS de mov/col: HB (703, 321), Rect (700, 318), Flot (703.00, 321.00)
2025-05-19 17:11:53 - enemigo - [DEBUG] - [Enemigo_1] --- Inicio Update IA --- Delta: 0.0170s. Pos ANTES: HB (719, 301), Rect (716, 298), Flot (719.00, 301.00)
2025-05-19 17:11:53 - enemigo - [DEBUG] - [Enemigo_1] Target (centro (753, 311)), Dist: 21.00. Mi Centro HB: (732, 311)
2025-05-19 17:11:53 - enemigo - [DEBUG] - [Enemigo_1] FUERA DE RANGO AGRO/DEMASIADO CERCA. No se calcula mov.
2025-05-19 17:11:53 - enemigo - [DEBUG] - [Enemigo_1] Pos flotante (post-IA y delta): (719.0000, 301.0000)
2025-05-19 17:11:53 - enemigo - [DEBUG] - [Enemigo_1] Sin mov. entero para CH. HB: (719, 301), PosFlotante re-sincronizada a (719.00,301.00)
2025-05-19 17:11:53 - enemigo - [DEBUG] - [Enemigo_2] --- Inicio Update IA --- Delta: 0.0170s. Pos ANTES: HB (703, 321), Rect (700, 318), Flot (703.00, 321.00)
2025-05-19 17:11:53 - enemigo - [DEBUG] - [Enemigo_2] Target (centro (753, 311)), Dist: 42.06. Mi Centro HB: (716, 331)
2025-05-19 17:11:53 - enemigo - [DEBUG] - [Enemigo_2] EN RANGO AGRO. Input IA (vel): (61.58, -33.29)
2025-05-19 17:11:53 - enemigo - [DEBUG] - [Enemigo_2] Pos flotante (post-IA y delta): (704.0469, 320.4341)
2025-05-19 17:11:53 - enemigo - [DEBUG] - [Enemigo_2] Solicita movimiento a CH (deltas enteros): dx_int=2, dy_int=-1. HB Actual: (703, 321) (Flotantes totales: dx=1.0469, dy=-0.5659)
2025-05-19 17:11:53 - enemigo - [DEBUG] - [Enemigo_2] Inicia _mover_y_colisionar_con_obstaculos. dx_int=2, dy_int=-1. HB Actual: (703, 321)
2025-05-19 17:11:53 - enemigo - [DEBUG] - [Enemigo_2] Hitbox recentrado (enemigo): (718, 331) (Rect center: (718, 331))
2025-05-19 17:11:53 - enemigo - [DEBUG] - [Enemigo_2] _mover_y_colisionar: HB Antes CH: (703,321), HB Despues CH y Sinc: (705,321), Rect: (702, 318), PosFlotante: (705.00,321.00)
2025-05-19 17:11:53 - enemigo - [DEBUG] - [Enemigo_2] Posición DESPUÉS de mov/col: HB (705, 321), Rect (702, 318), Flot (705.00, 321.00)
2025-05-19 17:11:53 - enemigo - [DEBUG] - [Enemigo_2] --- Inicio Update IA --- Delta: 0.0170s. Pos ANTES: HB (705, 321), Rect (702, 318), Flot (705.00, 321.00)
2025-05-19 17:11:53 - enemigo - [DEBUG] - [Enemigo_2] Target (centro (753, 311)), Dist: 40.31. Mi Centro HB: (718, 331)
2025-05-19 17:11:53 - enemigo - [DEBUG] - [Enemigo_2] EN RANGO AGRO. Input IA (vel): (60.78, -34.73)
2025-05-19 17:11:53 - enemigo - [DEBUG] - [Enemigo_2] Pos flotante (post-IA y delta): (706.0332, 320.4096)
2025-05-19 17:11:53 - enemigo - [DEBUG] - [Enemigo_2] Solicita movimiento a CH (deltas enteros): dx_int=2, dy_int=-1. HB Actual: (705, 321) (Flotantes totales: dx=1.0332, dy=-0.5904)
2025-05-19 17:11:53 - enemigo - [DEBUG] - [Enemigo_2] Inicia _mover_y_colisionar_con_obstaculos. dx_int=2, dy_int=-1. HB Actual: (705, 321)
2025-05-19 17:11:53 - enemigo - [DEBUG] - [Enemigo_2] Hitbox recentrado (enemigo): (720, 331) (Rect center: (720, 331))
2025-05-19 17:11:53 - enemigo - [DEBUG] - [Enemigo_2] _mover_y_colisionar: HB Antes CH: (705,321), HB Despues CH y Sinc: (707,321), Rect: (704, 318), PosFlotante: (707.00,321.00)
2025-05-19 17:11:53 - enemigo - [DEBUG] - [Enemigo_2] Posición DESPUÉS de mov/col: HB (707, 321), Rect (704, 318), Flot (707.00, 321.00)
2025-05-19 17:11:53 - enemigo - [DEBUG] - [Enemigo_1] --- Inicio Update IA --- Delta: 0.0160s. Pos ANTES: HB (719, 301), Rect (716, 298), Flot (719.00, 301.00)
2025-05-19 17:11:53 - enemigo - [DEBUG] - [Enemigo_2] --- Inicio Update IA --- Delta: 0.0160s. Pos ANTES: HB (707, 321), Rect (704, 318), Flot (707.00, 321.00)
2025-05-19 17:11:53 - enemigo - [DEBUG] - [Enemigo_2] Target (centro (753, 311)), Dist: 38.59. Mi Centro HB: (720, 331)
2025-05-19 17:11:53 - enemigo - [DEBUG] - [Enemigo_2] EN RANGO AGRO. Input IA (vel): (59.86, -36.28)
2025-05-19 17:11:53 - enemigo - [DEBUG] - [Enemigo_2] Pos flotante (post-IA y delta): (707.9578, 320.4195)
2025-05-19 17:11:53 - enemigo - [DEBUG] - [Enemigo_2] Solicita movimiento a CH (deltas enteros): dx_int=1, dy_int=-1. HB Actual: (707, 321) (Flotantes totales: dx=0.9578, dy=-0.5805)
2025-05-19 17:11:53 - enemigo - [DEBUG] - [Enemigo_2] Inicia _mover_y_colisionar_con_obstaculos. dx_int=1, dy_int=-1. HB Actual: (707, 321)
2025-05-19 17:11:53 - enemigo - [DEBUG] - [Enemigo_2] Hitbox recentrado (enemigo): (721, 331) (Rect center: (721, 331))
2025-05-19 17:11:53 - enemigo - [DEBUG] - [Enemigo_2] _mover_y_colisionar: HB Antes CH: (707,321), HB Despues CH y Sinc: (708,321), Rect: (705, 318), PosFlotante: (708.00,321.00)
2025-05-19 17:11:53 - enemigo - [DEBUG] - [Enemigo_2] Posición DESPUÉS de mov/col: HB (708, 321), Rect (705, 318), Flot (708.00, 321.00)
2025-05-19 17:11:53 - enemigo - [DEBUG] - [Enemigo_1] --- Inicio Update IA --- Delta: 0.0170s. Pos ANTES: HB (719, 301), Rect (716, 298), Flot (719.00, 301.00)
2025-05-19 17:11:53 - enemigo - [DEBUG] - [Enemigo_1] Target (centro (753, 311)), Dist: 21.00. Mi Centro HB: (732, 311)
2025-05-19 17:11:53 - enemigo - [DEBUG] - [Enemigo_1] FUERA DE RANGO AGRO/DEMASIADO CERCA. No se calcula mov.
2025-05-19 17:11:53 - enemigo - [DEBUG] - [Enemigo_1] Pos flotante (post-IA y delta): (719.0000, 301.0000)
2025-05-19 17:11:53 - enemigo - [DEBUG] - [Enemigo_1] Sin mov. entero para CH. HB: (719, 301), PosFlotante re-sincronizada a (719.00,301.00)
2025-05-19 17:11:53 - enemigo - [DEBUG] - [Enemigo_2] --- Inicio Update IA --- Delta: 0.0170s. Pos ANTES: HB (708, 321), Rect (705, 318), Flot (708.00, 321.00)
2025-05-19 17:11:53 - enemigo - [DEBUG] - [Enemigo_2] Target (centro (753, 311)), Dist: 37.74. Mi Centro HB: (721, 331)
2025-05-19 17:11:53 - enemigo - [DEBUG] - [Enemigo_2] EN RANGO AGRO. Input IA (vel): (59.36, -37.10)
2025-05-19 17:11:53 - enemigo - [DEBUG] - [Enemigo_2] Pos flotante (post-IA y delta): (709.0091, 320.3693)
2025-05-19 17:11:53 - enemigo - [DEBUG] - [Enemigo_2] Solicita movimiento a CH (deltas enteros): dx_int=2, dy_int=-1. HB Actual: (708, 321) (Flotantes totales: dx=1.0091, dy=-0.6307)
2025-05-19 17:11:53 - enemigo - [DEBUG] - [Enemigo_2] Inicia _mover_y_colisionar_con_obstaculos. dx_int=2, dy_int=-1. HB Actual: (708, 321)
2025-05-19 17:11:53 - enemigo - [DEBUG] - [Enemigo_2] Hitbox recentrado (enemigo): (723, 331) (Rect center: (723, 331))
2025-05-19 17:11:53 - enemigo - [DEBUG] - [Enemigo_2] _mover_y_colisionar: HB Antes CH: (708,321), HB Despues CH y Sinc: (710,321), Rect: (707, 318), PosFlotante: (710.00,321.00)
2025-05-19 17:11:53 - enemigo - [DEBUG] - [Enemigo_2] Posición DESPUÉS de mov/col: HB (710, 321), Rect (707, 318), Flot (710.00, 321.00)
2025-05-19 17:11:53 - enemigo - [DEBUG] - [Enemigo_2] --- Inicio Update IA --- Delta: 0.0170s. Pos ANTES: HB (710, 321), Rect (707, 318), Flot (710.00, 321.00)
2025-05-19 17:11:53 - enemigo - [DEBUG] - [Enemigo_2] Target (centro (753, 311)), Dist: 36.06. Mi Centro HB: (723, 331)
2025-05-19 17:11:53 - enemigo - [DEBUG] - [Enemigo_2] EN RANGO AGRO. Input IA (vel): (58.24, -38.83)
2025-05-19 17:11:53 - enemigo - [DEBUG] - [Enemigo_2] Pos flotante (post-IA y delta): (710.9901, 320.3399)
2025-05-19 17:11:53 - enemigo - [DEBUG] - [Enemigo_2] Solicita movimiento a CH (deltas enteros): dx_int=1, dy_int=-1. HB Actual: (710, 321) (Flotantes totales: dx=0.9901, dy=-0.6601)
2025-05-19 17:11:53 - enemigo - [DEBUG] - [Enemigo_2] Inicia _mover_y_colisionar_con_obstaculos. dx_int=1, dy_int=-1. HB Actual: (710, 321)
2025-05-19 17:11:53 - enemigo - [DEBUG] - [Enemigo_2] Hitbox recentrado (enemigo): (724, 331) (Rect center: (724, 331))
2025-05-19 17:11:53 - enemigo - [DEBUG] - [Enemigo_2] _mover_y_colisionar: HB Antes CH: (710,321), HB Despues CH y Sinc: (711,321), Rect: (708, 318), PosFlotante: (711.00,321.00)
2025-05-19 17:11:53 - enemigo - [DEBUG] - [Enemigo_2] Posición DESPUÉS de mov/col: HB (711, 321), Rect (708, 318), Flot (711.00, 321.00)
2025-05-19 17:11:53 - enemigo - [DEBUG] - [Enemigo_2] --- Inicio Update IA --- Delta: 0.0160s. Pos ANTES: HB (711, 321), Rect (708, 318), Flot (711.00, 321.00)
2025-05-19 17:11:53 - enemigo - [DEBUG] - [Enemigo_2] Target (centro (753, 311)), Dist: 35.23. Mi Centro HB: (724, 331)
2025-05-19 17:11:53 - enemigo - [DEBUG] - [Enemigo_2] EN RANGO AGRO. Input IA (vel): (57.62, -39.74)
2025-05-19 17:11:53 - enemigo - [DEBUG] - [Enemigo_2] Pos flotante (post-IA y delta): (711.9220, 320.3641)
2025-05-19 17:11:53 - enemigo - [DEBUG] - [Enemigo_2] Solicita movimiento a CH (deltas enteros): dx_int=1, dy_int=-1. HB Actual: (711, 321) (Flotantes totales: dx=0.9220, dy=-0.6359)
2025-05-19 17:11:53 - enemigo - [DEBUG] - [Enemigo_2] Inicia _mover_y_colisionar_con_obstaculos. dx_int=1, dy_int=-1. HB Actual: (711, 321)
2025-05-19 17:11:53 - enemigo - [DEBUG] - [Enemigo_2] Hitbox recentrado (enemigo): (725, 331) (Rect center: (725, 331))
2025-05-19 17:11:53 - enemigo - [DEBUG] - [Enemigo_2] _mover_y_colisionar: HB Antes CH: (711,321), HB Despues CH y Sinc: (712,321), Rect: (709, 318), PosFlotante: (712.00,321.00)
2025-05-19 17:11:53 - enemigo - [DEBUG] - [Enemigo_2] Posición DESPUÉS de mov/col: HB (712, 321), Rect (709, 318), Flot (712.00, 321.00)
2025-05-19 17:11:53 - enemigo - [DEBUG] - [Enemigo_2] --- Inicio Update IA --- Delta: 0.0170s. Pos ANTES: HB (712, 321), Rect (709, 318), Flot (712.00, 321.00)
2025-05-19 17:11:53 - enemigo - [DEBUG] - [Enemigo_2] Target (centro (753, 311)), Dist: 34.41. Mi Centro HB: (725, 331)
2025-05-19 17:11:53 - enemigo - [DEBUG] - [Enemigo_2] EN RANGO AGRO. Input IA (vel): (56.96, -40.69)
2025-05-19 17:11:53 - enemigo - [DEBUG] - [Enemigo_2] Pos flotante (post-IA y delta): (712.9683, 320.3083)
2025-05-19 17:11:53 - enemigo - [DEBUG] - [Enemigo_2] Solicita movimiento a CH (deltas enteros): dx_int=1, dy_int=-1. HB Actual: (712, 321) (Flotantes totales: dx=0.9683, dy=-0.6917)
2025-05-19 17:11:53 - enemigo - [DEBUG] - [Enemigo_2] Inicia _mover_y_colisionar_con_obstaculos. dx_int=1, dy_int=-1. HB Actual: (712, 321)
2025-05-19 17:11:53 - enemigo - [DEBUG] - [Enemigo_2] Hitbox recentrado (enemigo): (726, 331) (Rect center: (726, 331))
2025-05-19 17:11:53 - enemigo - [DEBUG] - [Enemigo_2] _mover_y_colisionar: HB Antes CH: (712,321), HB Despues CH y Sinc: (713,321), Rect: (710, 318), PosFlotante: (713.00,321.00)
2025-05-19 17:11:53 - enemigo - [DEBUG] - [Enemigo_2] Posición DESPUÉS de mov/col: HB (713, 321), Rect (710, 318), Flot (713.00, 321.00)
2025-05-19 17:11:53 - enemigo - [DEBUG] - [Enemigo_1] --- Inicio Update IA --- Delta: 0.0160s. Pos ANTES: HB (719, 301), Rect (716, 298), Flot (719.00, 301.00)
2025-05-19 17:11:53 - enemigo - [DEBUG] - [Enemigo_1] Target (centro (753, 311)), Dist: 21.00. Mi Centro HB: (732, 311)
2025-05-19 17:11:53 - enemigo - [DEBUG] - [Enemigo_1] FUERA DE RANGO AGRO/DEMASIADO CERCA. No se calcula mov.
2025-05-19 17:11:53 - enemigo - [DEBUG] - [Enemigo_1] Pos flotante (post-IA y delta): (719.0000, 301.0000)
2025-05-19 17:11:53 - enemigo - [DEBUG] - [Enemigo_1] Sin mov. entero para CH. HB: (719, 301), PosFlotante re-sincronizada a (719.00,301.00)
2025-05-19 17:11:53 - enemigo - [DEBUG] - [Enemigo_2] --- Inicio Update IA --- Delta: 0.0160s. Pos ANTES: HB (713, 321), Rect (710, 318), Flot (713.00, 321.00)
2025-05-19 17:11:53 - enemigo - [DEBUG] - [Enemigo_2] Target (centro (753, 311)), Dist: 33.60. Mi Centro HB: (726, 331)
2025-05-19 17:11:53 - enemigo - [DEBUG] - [Enemigo_2] EN RANGO AGRO. Input IA (vel): (56.25, -41.67)
2025-05-19 17:11:53 - enemigo - [DEBUG] - [Enemigo_2] Pos flotante (post-IA y delta): (713.9000, 320.3333)
2025-05-19 17:11:53 - enemigo - [DEBUG] - [Enemigo_2] Solicita movimiento a CH (deltas enteros): dx_int=1, dy_int=-1. HB Actual: (713, 321) (Flotantes totales: dx=0.9000, dy=-0.6667)
2025-05-19 17:11:53 - enemigo - [DEBUG] - [Enemigo_2] Inicia _mover_y_colisionar_con_obstaculos. dx_int=1, dy_int=-1. HB Actual: (713, 321)
2025-05-19 17:11:53 - enemigo - [DEBUG] - [Enemigo_2] Hitbox recentrado (enemigo): (727, 331) (Rect center: (727, 331))
2025-05-19 17:11:53 - enemigo - [DEBUG] - [Enemigo_2] _mover_y_colisionar: HB Antes CH: (713,321), HB Despues CH y Sinc: (714,321), Rect: (711, 318), PosFlotante: (714.00,321.00)
2025-05-19 17:11:53 - enemigo - [DEBUG] - [Enemigo_2] Posición DESPUÉS de mov/col: HB (714, 321), Rect (711, 318), Flot (714.00, 321.00)
2025-05-19 17:11:53 - enemigo - [DEBUG] - [Enemigo_2] --- Inicio Update IA --- Delta: 0.0160s. Pos ANTES: HB (714, 321), Rect (711, 318), Flot (714.00, 321.00)
2025-05-19 17:11:53 - enemigo - [DEBUG] - [Enemigo_2] Target (centro (753, 311)), Dist: 32.80. Mi Centro HB: (727, 331)
2025-05-19 17:11:53 - enemigo - [DEBUG] - [Enemigo_2] EN RANGO AGRO. Input IA (vel): (55.48, -42.68)
2025-05-19 17:11:53 - enemigo - [DEBUG] - [Enemigo_2] Pos flotante (post-IA y delta): (714.8877, 320.3171)
2025-05-19 17:11:53 - enemigo - [DEBUG] - [Enemigo_2] Solicita movimiento a CH (deltas enteros): dx_int=1, dy_int=-1. HB Actual: (714, 321) (Flotantes totales: dx=0.8877, dy=-0.6829)
2025-05-19 17:11:53 - enemigo - [DEBUG] - [Enemigo_2] Inicia _mover_y_colisionar_con_obstaculos. dx_int=1, dy_int=-1. HB Actual: (714, 321)
2025-05-19 17:11:53 - enemigo - [DEBUG] - [Enemigo_2] Hitbox recentrado (enemigo): (728, 331) (Rect center: (728, 331))
2025-05-19 17:11:53 - enemigo - [DEBUG] - [Enemigo_2] _mover_y_colisionar: HB Antes CH: (714,321), HB Despues CH y Sinc: (715,321), Rect: (712, 318), PosFlotante: (715.00,321.00)
2025-05-19 17:11:53 - enemigo - [DEBUG] - [Enemigo_2] Posición DESPUÉS de mov/col: HB (715, 321), Rect (712, 318), Flot (715.00, 321.00)
2025-05-19 17:11:53 - enemigo - [DEBUG] - [Enemigo_1] --- Inicio Update IA --- Delta: 0.0170s. Pos ANTES: HB (719, 301), Rect (716, 298), Flot (719.00, 301.00)
2025-05-19 17:11:53 - enemigo - [DEBUG] - [Enemigo_2] --- Inicio Update IA --- Delta: 0.0170s. Pos ANTES: HB (715, 321), Rect (712, 318), Flot (715.00, 321.00)
2025-05-19 17:11:53 - enemigo - [DEBUG] - [Enemigo_2] Target (centro (753, 311)), Dist: 32.02. Mi Centro HB: (728, 331)
2025-05-19 17:11:53 - enemigo - [DEBUG] - [Enemigo_2] EN RANGO AGRO. Input IA (vel): (54.66, -43.73)
2025-05-19 17:11:53 - enemigo - [DEBUG] - [Enemigo_2] Pos flotante (post-IA y delta): (715.9292, 320.2566)
2025-05-19 17:11:53 - enemigo - [DEBUG] - [Enemigo_2] Solicita movimiento a CH (deltas enteros): dx_int=1, dy_int=-1. HB Actual: (715, 321) (Flotantes totales: dx=0.9292, dy=-0.7434)
2025-05-19 17:11:53 - enemigo - [DEBUG] - [Enemigo_2] Inicia _mover_y_colisionar_con_obstaculos. dx_int=1, dy_int=-1. HB Actual: (715, 321)
2025-05-19 17:11:53 - enemigo - [DEBUG] - [Enemigo_2] Hitbox recentrado (enemigo): (729, 331) (Rect center: (729, 331))
2025-05-19 17:11:53 - enemigo - [DEBUG] - [Enemigo_2] _mover_y_colisionar: HB Antes CH: (715,321), HB Despues CH y Sinc: (716,321), Rect: (713, 318), PosFlotante: (716.00,321.00)
2025-05-19 17:11:53 - enemigo - [DEBUG] - [Enemigo_2] Posición DESPUÉS de mov/col: HB (716, 321), Rect (713, 318), Flot (716.00, 321.00)
2025-05-19 17:11:53 - enemigo - [DEBUG] - [Enemigo_2] --- Inicio Update IA --- Delta: 0.0170s. Pos ANTES: HB (716, 321), Rect (713, 318), Flot (716.00, 321.00)
2025-05-19 17:11:53 - enemigo - [DEBUG] - [Enemigo_2] Target (centro (753, 311)), Dist: 31.24. Mi Centro HB: (729, 331)
2025-05-19 17:11:53 - enemigo - [DEBUG] - [Enemigo_2] EN RANGO AGRO. Input IA (vel): (53.78, -44.81)
2025-05-19 17:11:53 - enemigo - [DEBUG] - [Enemigo_2] Pos flotante (post-IA y delta): (716.9142, 320.2382)
2025-05-19 17:11:53 - enemigo - [DEBUG] - [Enemigo_2] Solicita movimiento a CH (deltas enteros): dx_int=1, dy_int=-1. HB Actual: (716, 321) (Flotantes totales: dx=0.9142, dy=-0.7618)
2025-05-19 17:11:53 - enemigo - [DEBUG] - [Enemigo_2] Inicia _mover_y_colisionar_con_obstaculos. dx_int=1, dy_int=-1. HB Actual: (716, 321)
2025-05-19 17:11:53 - enemigo - [DEBUG] - [Enemigo_2] Hitbox recentrado (enemigo): (730, 331) (Rect center: (730, 331))
2025-05-19 17:11:53 - enemigo - [DEBUG] - [Enemigo_2] _mover_y_colisionar: HB Antes CH: (716,321), HB Despues CH y Sinc: (717,321), Rect: (714, 318), PosFlotante: (717.00,321.00)
2025-05-19 17:11:53 - enemigo - [DEBUG] - [Enemigo_2] Posición DESPUÉS de mov/col: HB (717, 321), Rect (714, 318), Flot (717.00, 321.00)
2025-05-19 17:11:53 - enemigo - [DEBUG] - [Enemigo_1] --- Inicio Update IA --- Delta: 0.0160s. Pos ANTES: HB (719, 301), Rect (716, 298), Flot (719.00, 301.00)
2025-05-19 17:11:53 - enemigo - [DEBUG] - [Enemigo_1] Target (centro (753, 311)), Dist: 21.00. Mi Centro HB: (732, 311)
2025-05-19 17:11:53 - enemigo - [DEBUG] - [Enemigo_1] FUERA DE RANGO AGRO/DEMASIADO CERCA. No se calcula mov.
2025-05-19 17:11:53 - enemigo - [DEBUG] - [Enemigo_1] Pos flotante (post-IA y delta): (719.0000, 301.0000)
2025-05-19 17:11:53 - enemigo - [DEBUG] - [Enemigo_1] Sin mov. entero para CH. HB: (719, 301), PosFlotante re-sincronizada a (719.00,301.00)
2025-05-19 17:11:53 - enemigo - [DEBUG] - [Enemigo_2] --- Inicio Update IA --- Delta: 0.0160s. Pos ANTES: HB (717, 321), Rect (714, 318), Flot (717.00, 321.00)
2025-05-19 17:11:53 - enemigo - [DEBUG] - [Enemigo_2] Target (centro (753, 311)), Dist: 30.48. Mi Centro HB: (730, 331)
2025-05-19 17:11:53 - enemigo - [DEBUG] - [Enemigo_2] EN RANGO AGRO. Input IA (vel): (52.82, -45.93)
2025-05-19 17:11:53 - enemigo - [DEBUG] - [Enemigo_2] Pos flotante (post-IA y delta): (717.8452, 320.2651)
2025-05-19 17:11:53 - enemigo - [DEBUG] - [Enemigo_2] Solicita movimiento a CH (deltas enteros): dx_int=1, dy_int=-1. HB Actual: (717, 321) (Flotantes totales: dx=0.8452, dy=-0.7349)
2025-05-19 17:11:53 - enemigo - [DEBUG] - [Enemigo_2] Inicia _mover_y_colisionar_con_obstaculos. dx_int=1, dy_int=-1. HB Actual: (717, 321)
2025-05-19 17:11:53 - enemigo - [DEBUG] - [Enemigo_2] Hitbox recentrado (enemigo): (731, 331) (Rect center: (731, 331))
2025-05-19 17:11:53 - enemigo - [DEBUG] - [Enemigo_2] _mover_y_colisionar: HB Antes CH: (717,321), HB Despues CH y Sinc: (718,321), Rect: (715, 318), PosFlotante: (718.00,321.00)
2025-05-19 17:11:53 - enemigo - [DEBUG] - [Enemigo_2] Posición DESPUÉS de mov/col: HB (718, 321), Rect (715, 318), Flot (718.00, 321.00)
2025-05-19 17:11:53 - enemigo - [DEBUG] - [Enemigo_2] --- Inicio Update IA --- Delta: 0.0160s. Pos ANTES: HB (718, 321), Rect (715, 318), Flot (718.00, 321.00)
2025-05-19 17:11:53 - enemigo - [DEBUG] - [Enemigo_2] Target (centro (753, 311)), Dist: 29.73. Mi Centro HB: (731, 331)
2025-05-19 17:11:53 - enemigo - [DEBUG] - [Enemigo_2] EN RANGO AGRO. Input IA (vel): (51.80, -47.09)
2025-05-19 17:11:53 - enemigo - [DEBUG] - [Enemigo_2] Pos flotante (post-IA y delta): (718.8287, 320.2466)
2025-05-19 17:11:53 - enemigo - [DEBUG] - [Enemigo_2] Solicita movimiento a CH (deltas enteros): dx_int=1, dy_int=-1. HB Actual: (718, 321) (Flotantes totales: dx=0.8287, dy=-0.7534)
2025-05-19 17:11:53 - enemigo - [DEBUG] - [Enemigo_2] Inicia _mover_y_colisionar_con_obstaculos. dx_int=1, dy_int=-1. HB Actual: (718, 321)
2025-05-19 17:11:53 - enemigo - [DEBUG] - [Enemigo_2] Hitbox recentrado (enemigo): (732, 331) (Rect center: (732, 331))
2025-05-19 17:11:53 - enemigo - [DEBUG] - [Enemigo_2] _mover_y_colisionar: HB Antes CH: (718,321), HB Despues CH y Sinc: (719,321), Rect: (716, 318), PosFlotante: (719.00,321.00)
2025-05-19 17:11:53 - enemigo - [DEBUG] - [Enemigo_2] Posición DESPUÉS de mov/col: HB (719, 321), Rect (716, 318), Flot (719.00, 321.00)
2025-05-19 17:11:53 - enemigo - [DEBUG] - [Enemigo_2] --- Inicio Update IA --- Delta: 0.0160s. Pos ANTES: HB (719, 321), Rect (716, 318), Flot (719.00, 321.00)
2025-05-19 17:11:53 - enemigo - [DEBUG] - [Enemigo_2] Target (centro (753, 311)), Dist: 29.00. Mi Centro HB: (732, 331)
2025-05-19 17:11:53 - enemigo - [DEBUG] - [Enemigo_2] EN RANGO AGRO. Input IA (vel): (50.69, -48.28)
2025-05-19 17:11:53 - enemigo - [DEBUG] - [Enemigo_2] Pos flotante (post-IA y delta): (719.8110, 320.2276)
2025-05-19 17:11:53 - enemigo - [DEBUG] - [Enemigo_2] Solicita movimiento a CH (deltas enteros): dx_int=1, dy_int=-1. HB Actual: (719, 321) (Flotantes totales: dx=0.8110, dy=-0.7724)
2025-05-19 17:11:53 - enemigo - [DEBUG] - [Enemigo_2] Inicia _mover_y_colisionar_con_obstaculos. dx_int=1, dy_int=-1. HB Actual: (719, 321)
2025-05-19 17:11:53 - enemigo - [DEBUG] - [Enemigo_2] Hitbox recentrado (enemigo): (733, 331) (Rect center: (733, 331))
2025-05-19 17:11:53 - enemigo - [DEBUG] - [Enemigo_2] _mover_y_colisionar: HB Antes CH: (719,321), HB Despues CH y Sinc: (720,321), Rect: (717, 318), PosFlotante: (720.00,321.00)
2025-05-19 17:11:53 - enemigo - [DEBUG] - [Enemigo_2] Posición DESPUÉS de mov/col: HB (720, 321), Rect (717, 318), Flot (720.00, 321.00)
2025-05-19 17:11:53 - enemigo - [DEBUG] - [Enemigo_2] --- Inicio Update IA --- Delta: 0.0160s. Pos ANTES: HB (720, 321), Rect (717, 318), Flot (720.00, 321.00)
2025-05-19 17:11:53 - enemigo - [DEBUG] - [Enemigo_2] Target (centro (753, 311)), Dist: 28.28. Mi Centro HB: (733, 331)
2025-05-19 17:11:53 - enemigo - [DEBUG] - [Enemigo_2] EN RANGO AGRO. Input IA (vel): (49.50, -49.50)
2025-05-19 17:11:53 - enemigo - [DEBUG] - [Enemigo_2] Pos flotante (post-IA y delta): (720.7920, 320.2080)
2025-05-19 17:11:53 - enemigo - [DEBUG] - [Enemigo_2] Solicita movimiento a CH (deltas enteros): dx_int=1, dy_int=-1. HB Actual: (720, 321) (Flotantes totales: dx=0.7920, dy=-0.7920)
2025-05-19 17:11:53 - enemigo - [DEBUG] - [Enemigo_2] Inicia _mover_y_colisionar_con_obstaculos. dx_int=1, dy_int=-1. HB Actual: (720, 321)
2025-05-19 17:11:53 - enemigo - [DEBUG] - [Enemigo_2] Hitbox recentrado (enemigo): (734, 331) (Rect center: (734, 331))
2025-05-19 17:11:53 - enemigo - [DEBUG] - [Enemigo_2] _mover_y_colisionar: HB Antes CH: (720,321), HB Despues CH y Sinc: (721,321), Rect: (718, 318), PosFlotante: (721.00,321.00)
2025-05-19 17:11:53 - enemigo - [DEBUG] - [Enemigo_2] Posición DESPUÉS de mov/col: HB (721, 321), Rect (718, 318), Flot (721.00, 321.00)
2025-05-19 17:11:53 - enemigo - [DEBUG] - [Enemigo_1] --- Inicio Update IA --- Delta: 0.0160s. Pos ANTES: HB (719, 301), Rect (716, 298), Flot (719.00, 301.00)
2025-05-19 17:11:53 - enemigo - [DEBUG] - [Enemigo_1] Target (centro (753, 311)), Dist: 21.00. Mi Centro HB: (732, 311)
2025-05-19 17:11:53 - enemigo - [DEBUG] - [Enemigo_1] FUERA DE RANGO AGRO/DEMASIADO CERCA. No se calcula mov.
2025-05-19 17:11:53 - enemigo - [DEBUG] - [Enemigo_1] Pos flotante (post-IA y delta): (719.0000, 301.0000)
2025-05-19 17:11:53 - enemigo - [DEBUG] - [Enemigo_1] Sin mov. entero para CH. HB: (719, 301), PosFlotante re-sincronizada a (719.00,301.00)
2025-05-19 17:11:53 - enemigo - [DEBUG] - [Enemigo_2] --- Inicio Update IA --- Delta: 0.0160s. Pos ANTES: HB (721, 321), Rect (718, 318), Flot (721.00, 321.00)
2025-05-19 17:11:53 - enemigo - [DEBUG] - [Enemigo_2] Target (centro (753, 311)), Dist: 27.59. Mi Centro HB: (734, 331)
2025-05-19 17:11:53 - enemigo - [DEBUG] - [Enemigo_2] EN RANGO AGRO. Input IA (vel): (48.21, -50.75)
2025-05-19 17:11:53 - enemigo - [DEBUG] - [Enemigo_2] Pos flotante (post-IA y delta): (721.7714, 320.1880)
2025-05-19 17:11:53 - enemigo - [DEBUG] - [Enemigo_2] Solicita movimiento a CH (deltas enteros): dx_int=1, dy_int=-1. HB Actual: (721, 321) (Flotantes totales: dx=0.7714, dy=-0.8120)
2025-05-19 17:11:53 - enemigo - [DEBUG] - [Enemigo_2] Inicia _mover_y_colisionar_con_obstaculos. dx_int=1, dy_int=-1. HB Actual: (721, 321)
2025-05-19 17:11:53 - enemigo - [DEBUG] - [Enemigo_2] Hitbox recentrado (enemigo): (735, 331) (Rect center: (735, 331))
2025-05-19 17:11:53 - enemigo - [DEBUG] - [Enemigo_2] _mover_y_colisionar: HB Antes CH: (721,321), HB Despues CH y Sinc: (722,321), Rect: (719, 318), PosFlotante: (722.00,321.00)
2025-05-19 17:11:53 - enemigo - [DEBUG] - [Enemigo_2] Posición DESPUÉS de mov/col: HB (722, 321), Rect (719, 318), Flot (722.00, 321.00)
2025-05-19 17:11:53 - enemigo - [DEBUG] - [Enemigo_2] --- Inicio Update IA --- Delta: 0.0160s. Pos ANTES: HB (722, 321), Rect (719, 318), Flot (722.00, 321.00)
2025-05-19 17:11:53 - enemigo - [DEBUG] - [Enemigo_2] Target (centro (753, 311)), Dist: 26.91. Mi Centro HB: (735, 331)
2025-05-19 17:11:53 - enemigo - [DEBUG] - [Enemigo_2] EN RANGO AGRO. Input IA (vel): (46.83, -52.03)
2025-05-19 17:11:53 - enemigo - [DEBUG] - [Enemigo_2] Pos flotante (post-IA y delta): (722.7492, 320.1675)
2025-05-19 17:11:53 - enemigo - [DEBUG] - [Enemigo_2] Solicita movimiento a CH (deltas enteros): dx_int=1, dy_int=-1. HB Actual: (722, 321) (Flotantes totales: dx=0.7492, dy=-0.8325)
2025-05-19 17:11:53 - enemigo - [DEBUG] - [Enemigo_2] Inicia _mover_y_colisionar_con_obstaculos. dx_int=1, dy_int=-1. HB Actual: (722, 321)
2025-05-19 17:11:53 - enemigo - [DEBUG] - [Enemigo_2] Hitbox recentrado (enemigo): (736, 331) (Rect center: (736, 331))
2025-05-19 17:11:53 - enemigo - [DEBUG] - [Enemigo_2] _mover_y_colisionar: HB Antes CH: (722,321), HB Despues CH y Sinc: (723,321), Rect: (720, 318), PosFlotante: (723.00,321.00)
2025-05-19 17:11:53 - enemigo - [DEBUG] - [Enemigo_2] Posición DESPUÉS de mov/col: HB (723, 321), Rect (720, 318), Flot (723.00, 321.00)
2025-05-19 17:11:53 - enemigo - [DEBUG] - [Enemigo_2] --- Inicio Update IA --- Delta: 0.0160s. Pos ANTES: HB (723, 321), Rect (720, 318), Flot (723.00, 321.00)
2025-05-19 17:11:53 - enemigo - [DEBUG] - [Enemigo_2] Target (centro (753, 311)), Dist: 26.25. Mi Centro HB: (736, 331)
2025-05-19 17:11:53 - enemigo - [DEBUG] - [Enemigo_2] EN RANGO AGRO. Input IA (vel): (45.34, -53.34)
2025-05-19 17:11:53 - enemigo - [DEBUG] - [Enemigo_2] Pos flotante (post-IA y delta): (723.7254, 320.1466)
2025-05-19 17:11:53 - enemigo - [DEBUG] - [Enemigo_2] Solicita movimiento a CH (deltas enteros): dx_int=1, dy_int=-1. HB Actual: (723, 321) (Flotantes totales: dx=0.7254, dy=-0.8534)
2025-05-19 17:11:53 - enemigo - [DEBUG] - [Enemigo_2] Inicia _mover_y_colisionar_con_obstaculos. dx_int=1, dy_int=-1. HB Actual: (723, 321)
2025-05-19 17:11:53 - enemigo - [DEBUG] - [Enemigo_2] Hitbox recentrado (enemigo): (737, 331) (Rect center: (737, 331))
2025-05-19 17:11:53 - enemigo - [DEBUG] - [Enemigo_2] _mover_y_colisionar: HB Antes CH: (723,321), HB Despues CH y Sinc: (724,321), Rect: (721, 318), PosFlotante: (724.00,321.00)
2025-05-19 17:11:53 - enemigo - [DEBUG] - [Enemigo_2] Posición DESPUÉS de mov/col: HB (724, 321), Rect (721, 318), Flot (724.00, 321.00)
2025-05-19 17:11:53 - enemigo - [DEBUG] - [Enemigo_1] --- Inicio Update IA --- Delta: 0.0170s. Pos ANTES: HB (719, 301), Rect (716, 298), Flot (719.00, 301.00)
2025-05-19 17:11:53 - enemigo - [DEBUG] - [Enemigo_2] --- Inicio Update IA --- Delta: 0.0170s. Pos ANTES: HB (724, 321), Rect (721, 318), Flot (724.00, 321.00)
2025-05-19 17:11:53 - enemigo - [DEBUG] - [Enemigo_2] Target (centro (753, 311)), Dist: 25.61. Mi Centro HB: (737, 331)
2025-05-19 17:11:53 - enemigo - [DEBUG] - [Enemigo_2] EN RANGO AGRO. Input IA (vel): (43.73, -54.66)
2025-05-19 17:11:53 - enemigo - [DEBUG] - [Enemigo_2] Pos flotante (post-IA y delta): (724.7434, 320.0708)
2025-05-19 17:11:53 - enemigo - [DEBUG] - [Enemigo_2] Solicita movimiento a CH (deltas enteros): dx_int=1, dy_int=-1. HB Actual: (724, 321) (Flotantes totales: dx=0.7434, dy=-0.9292)
2025-05-19 17:11:53 - enemigo - [DEBUG] - [Enemigo_2] Inicia _mover_y_colisionar_con_obstaculos. dx_int=1, dy_int=-1. HB Actual: (724, 321)
2025-05-19 17:11:53 - enemigo - [DEBUG] - [Enemigo_2] Hitbox recentrado (enemigo): (738, 331) (Rect center: (738, 331))
2025-05-19 17:11:53 - enemigo - [DEBUG] - [Enemigo_2] _mover_y_colisionar: HB Antes CH: (724,321), HB Despues CH y Sinc: (725,321), Rect: (722, 318), PosFlotante: (725.00,321.00)
2025-05-19 17:11:53 - enemigo - [DEBUG] - [Enemigo_2] Posición DESPUÉS de mov/col: HB (725, 321), Rect (722, 318), Flot (725.00, 321.00)
2025-05-19 17:11:53 - enemigo - [DEBUG] - [Enemigo_1] --- Inicio Update IA --- Delta: 0.0160s. Pos ANTES: HB (719, 301), Rect (716, 298), Flot (719.00, 301.00)
2025-05-19 17:11:53 - enemigo - [DEBUG] - [Enemigo_1] Target (centro (753, 311)), Dist: 21.00. Mi Centro HB: (732, 311)
2025-05-19 17:11:53 - enemigo - [DEBUG] - [Enemigo_1] FUERA DE RANGO AGRO/DEMASIADO CERCA. No se calcula mov.
2025-05-19 17:11:53 - enemigo - [DEBUG] - [Enemigo_1] Pos flotante (post-IA y delta): (719.0000, 301.0000)
2025-05-19 17:11:53 - enemigo - [DEBUG] - [Enemigo_1] Sin mov. entero para CH. HB: (719, 301), PosFlotante re-sincronizada a (719.00,301.00)
2025-05-19 17:11:53 - enemigo - [DEBUG] - [Enemigo_2] --- Inicio Update IA --- Delta: 0.0160s. Pos ANTES: HB (725, 321), Rect (722, 318), Flot (725.00, 321.00)
2025-05-19 17:11:53 - enemigo - [DEBUG] - [Enemigo_2] Target (centro (753, 311)), Dist: 25.00. Mi Centro HB: (738, 331)
2025-05-19 17:11:53 - enemigo - [DEBUG] - [Enemigo_2] EN RANGO AGRO. Input IA (vel): (42.00, -56.00)
2025-05-19 17:11:53 - enemigo - [DEBUG] - [Enemigo_2] Pos flotante (post-IA y delta): (725.6720, 320.1040)
2025-05-19 17:11:53 - enemigo - [DEBUG] - [Enemigo_2] Solicita movimiento a CH (deltas enteros): dx_int=1, dy_int=-1. HB Actual: (725, 321) (Flotantes totales: dx=0.6720, dy=-0.8960)
2025-05-19 17:11:53 - enemigo - [DEBUG] - [Enemigo_2] Inicia _mover_y_colisionar_con_obstaculos. dx_int=1, dy_int=-1. HB Actual: (725, 321)
2025-05-19 17:11:53 - enemigo - [DEBUG] - [Enemigo_2] Hitbox recentrado (enemigo): (739, 331) (Rect center: (739, 331))
2025-05-19 17:11:53 - enemigo - [DEBUG] - [Enemigo_2] _mover_y_colisionar: HB Antes CH: (725,321), HB Despues CH y Sinc: (726,321), Rect: (723, 318), PosFlotante: (726.00,321.00)
2025-05-19 17:11:53 - enemigo - [DEBUG] - [Enemigo_2] Posición DESPUÉS de mov/col: HB (726, 321), Rect (723, 318), Flot (726.00, 321.00)
2025-05-19 17:11:54 - enemigo - [DEBUG] - [Enemigo_2] --- Inicio Update IA --- Delta: 0.0170s. Pos ANTES: HB (726, 321), Rect (723, 318), Flot (726.00, 321.00)
2025-05-19 17:11:54 - enemigo - [DEBUG] - [Enemigo_2] Target (centro (753, 311)), Dist: 24.41. Mi Centro HB: (739, 331)
2025-05-19 17:11:54 - enemigo - [DEBUG] - [Enemigo_2] EN RANGO AGRO. Input IA (vel): (40.14, -57.35)
2025-05-19 17:11:54 - enemigo - [DEBUG] - [Enemigo_2] Pos flotante (post-IA y delta): (726.6824, 320.0251)
2025-05-19 17:11:54 - enemigo - [DEBUG] - [Enemigo_2] Solicita movimiento a CH (deltas enteros): dx_int=1, dy_int=-1. HB Actual: (726, 321) (Flotantes totales: dx=0.6824, dy=-0.9749)
2025-05-19 17:11:54 - enemigo - [DEBUG] - [Enemigo_2] Inicia _mover_y_colisionar_con_obstaculos. dx_int=1, dy_int=-1. HB Actual: (726, 321)
2025-05-19 17:11:54 - enemigo - [DEBUG] - [Enemigo_2] Hitbox recentrado (enemigo): (740, 331) (Rect center: (740, 331))
2025-05-19 17:11:54 - enemigo - [DEBUG] - [Enemigo_2] _mover_y_colisionar: HB Antes CH: (726,321), HB Despues CH y Sinc: (727,321), Rect: (724, 318), PosFlotante: (727.00,321.00)
2025-05-19 17:11:54 - enemigo - [DEBUG] - [Enemigo_2] Posición DESPUÉS de mov/col: HB (727, 321), Rect (724, 318), Flot (727.00, 321.00)
2025-05-19 17:11:54 - enemigo - [DEBUG] - [Enemigo_2] --- Inicio Update IA --- Delta: 0.0160s. Pos ANTES: HB (727, 321), Rect (724, 318), Flot (727.00, 321.00)
2025-05-19 17:11:54 - enemigo - [DEBUG] - [Enemigo_2] Target (centro (753, 311)), Dist: 23.85. Mi Centro HB: (740, 331)
2025-05-19 17:11:54 - enemigo - [DEBUG] - [Enemigo_2] EN RANGO AGRO. Input IA (vel): (38.15, -58.69)
2025-05-19 17:11:54 - enemigo - [DEBUG] - [Enemigo_2] Pos flotante (post-IA y delta): (727.6104, 320.0609)
2025-05-19 17:11:54 - enemigo - [DEBUG] - [Enemigo_2] Solicita movimiento a CH (deltas enteros): dx_int=1, dy_int=-1. HB Actual: (727, 321) (Flotantes totales: dx=0.6104, dy=-0.9391)
2025-05-19 17:11:54 - enemigo - [DEBUG] - [Enemigo_2] Inicia _mover_y_colisionar_con_obstaculos. dx_int=1, dy_int=-1. HB Actual: (727, 321)
2025-05-19 17:11:54 - enemigo - [DEBUG] - [Enemigo_2] Hitbox recentrado (enemigo): (741, 331) (Rect center: (741, 331))
2025-05-19 17:11:54 - enemigo - [DEBUG] - [Enemigo_2] _mover_y_colisionar: HB Antes CH: (727,321), HB Despues CH y Sinc: (728,321), Rect: (725, 318), PosFlotante: (728.00,321.00)
2025-05-19 17:11:54 - enemigo - [DEBUG] - [Enemigo_2] Posición DESPUÉS de mov/col: HB (728, 321), Rect (725, 318), Flot (728.00, 321.00)
2025-05-19 17:11:54 - enemigo - [DEBUG] - [Enemigo_2] --- Inicio Update IA --- Delta: 0.0160s. Pos ANTES: HB (728, 321), Rect (725, 318), Flot (728.00, 321.00)
2025-05-19 17:11:54 - enemigo - [DEBUG] - [Enemigo_2] Target (centro (753, 311)), Dist: 23.32. Mi Centro HB: (741, 331)
2025-05-19 17:11:54 - enemigo - [DEBUG] - [Enemigo_2] EN RANGO AGRO. Input IA (vel): (36.01, -60.02)
2025-05-19 17:11:54 - enemigo - [DEBUG] - [Enemigo_2] Pos flotante (post-IA y delta): (728.5762, 320.0396)
2025-05-19 17:11:54 - enemigo - [DEBUG] - [Enemigo_2] Solicita movimiento a CH (deltas enteros): dx_int=1, dy_int=-1. HB Actual: (728, 321) (Flotantes totales: dx=0.5762, dy=-0.9604)
2025-05-19 17:11:54 - enemigo - [DEBUG] - [Enemigo_2] Inicia _mover_y_colisionar_con_obstaculos. dx_int=1, dy_int=-1. HB Actual: (728, 321)
2025-05-19 17:11:54 - enemigo - [DEBUG] - [Enemigo_2] Hitbox recentrado (enemigo): (742, 331) (Rect center: (742, 331))
2025-05-19 17:11:54 - enemigo - [DEBUG] - [Enemigo_2] _mover_y_colisionar: HB Antes CH: (728,321), HB Despues CH y Sinc: (729,321), Rect: (726, 318), PosFlotante: (729.00,321.00)
2025-05-19 17:11:54 - enemigo - [DEBUG] - [Enemigo_2] Posición DESPUÉS de mov/col: HB (729, 321), Rect (726, 318), Flot (729.00, 321.00)
2025-05-19 17:11:54 - enemigo - [DEBUG] - [Enemigo_1] --- Inicio Update IA --- Delta: 0.0170s. Pos ANTES: HB (719, 301), Rect (716, 298), Flot (719.00, 301.00)
2025-05-19 17:11:54 - enemigo - [DEBUG] - [Enemigo_1] Target (centro (753, 311)), Dist: 21.00. Mi Centro HB: (732, 311)
2025-05-19 17:11:54 - enemigo - [DEBUG] - [Enemigo_1] FUERA DE RANGO AGRO/DEMASIADO CERCA. No se calcula mov.
2025-05-19 17:11:54 - enemigo - [DEBUG] - [Enemigo_1] Pos flotante (post-IA y delta): (719.0000, 301.0000)
2025-05-19 17:11:54 - enemigo - [DEBUG] - [Enemigo_1] Sin mov. entero para CH. HB: (719, 301), PosFlotante re-sincronizada a (719.00,301.00)
2025-05-19 17:11:54 - enemigo - [DEBUG] - [Enemigo_2] --- Inicio Update IA --- Delta: 0.0170s. Pos ANTES: HB (729, 321), Rect (726, 318), Flot (729.00, 321.00)
2025-05-19 17:11:54 - enemigo - [DEBUG] - [Enemigo_2] Target (centro (753, 311)), Dist: 22.83. Mi Centro HB: (742, 331)
2025-05-19 17:11:54 - enemigo - [DEBUG] - [Enemigo_2] EN RANGO AGRO. Input IA (vel): (33.73, -61.34)
2025-05-19 17:11:54 - enemigo - [DEBUG] - [Enemigo_2] Pos flotante (post-IA y delta): (729.5735, 319.9573)
2025-05-19 17:11:54 - enemigo - [DEBUG] - [Enemigo_2] Solicita movimiento a CH (deltas enteros): dx_int=1, dy_int=-2. HB Actual: (729, 321) (Flotantes totales: dx=0.5735, dy=-1.0427)
2025-05-19 17:11:54 - enemigo - [DEBUG] - [Enemigo_2] Inicia _mover_y_colisionar_con_obstaculos. dx_int=1, dy_int=-2. HB Actual: (729, 321)
2025-05-19 17:11:54 - enemigo - [DEBUG] - [Enemigo_2] Hitbox recentrado (enemigo): (743, 331) (Rect center: (743, 331))
2025-05-19 17:11:54 - enemigo - [DEBUG] - [Enemigo_2] _mover_y_colisionar: HB Antes CH: (729,321), HB Despues CH y Sinc: (730,321), Rect: (727, 318), PosFlotante: (730.00,321.00)
2025-05-19 17:11:54 - enemigo - [DEBUG] - [Enemigo_2] Posición DESPUÉS de mov/col: HB (730, 321), Rect (727, 318), Flot (730.00, 321.00)
2025-05-19 17:11:54 - enemigo - [DEBUG] - [Enemigo_1] --- Inicio Update IA --- Delta: 0.0160s. Pos ANTES: HB (719, 301), Rect (716, 298), Flot (719.00, 301.00)
2025-05-19 17:11:54 - enemigo - [DEBUG] - [Enemigo_2] --- Inicio Update IA --- Delta: 0.0160s. Pos ANTES: HB (730, 321), Rect (727, 318), Flot (730.00, 321.00)
2025-05-19 17:11:54 - enemigo - [DEBUG] - [Enemigo_2] Target (centro (753, 311)), Dist: 22.36. Mi Centro HB: (743, 331)
2025-05-19 17:11:54 - enemigo - [DEBUG] - [Enemigo_2] EN RANGO AGRO. Input IA (vel): (31.30, -62.61)
2025-05-19 17:11:54 - enemigo - [DEBUG] - [Enemigo_2] Pos flotante (post-IA y delta): (730.5009, 319.9982)
2025-05-19 17:11:54 - enemigo - [DEBUG] - [Enemigo_2] Solicita movimiento a CH (deltas enteros): dx_int=1, dy_int=-2. HB Actual: (730, 321) (Flotantes totales: dx=0.5009, dy=-1.0018)
2025-05-19 17:11:54 - enemigo - [DEBUG] - [Enemigo_2] Inicia _mover_y_colisionar_con_obstaculos. dx_int=1, dy_int=-2. HB Actual: (730, 321)
2025-05-19 17:11:54 - enemigo - [DEBUG] - [Enemigo_2] Hitbox recentrado (enemigo): (744, 331) (Rect center: (744, 331))
2025-05-19 17:11:54 - enemigo - [DEBUG] - [Enemigo_2] _mover_y_colisionar: HB Antes CH: (730,321), HB Despues CH y Sinc: (731,321), Rect: (728, 318), PosFlotante: (731.00,321.00)
2025-05-19 17:11:54 - enemigo - [DEBUG] - [Enemigo_2] Posición DESPUÉS de mov/col: HB (731, 321), Rect (728, 318), Flot (731.00, 321.00)
2025-05-19 17:11:54 - enemigo - [DEBUG] - [Enemigo_2] --- Inicio Update IA --- Delta: 0.0170s. Pos ANTES: HB (731, 321), Rect (728, 318), Flot (731.00, 321.00)
2025-05-19 17:11:54 - enemigo - [DEBUG] - [Enemigo_2] Target (centro (753, 311)), Dist: 21.93. Mi Centro HB: (744, 331)
2025-05-19 17:11:54 - enemigo - [DEBUG] - [Enemigo_2] FUERA DE RANGO AGRO/DEMASIADO CERCA. No se calcula mov.
2025-05-19 17:11:54 - enemigo - [DEBUG] - [Enemigo_2] Pos flotante (post-IA y delta): (731.0000, 321.0000)
2025-05-19 17:11:54 - enemigo - [DEBUG] - [Enemigo_2] Sin mov. entero para CH. HB: (731, 321), PosFlotante re-sincronizada a (731.00,321.00)
2025-05-19 17:11:54 - enemigo - [DEBUG] - [Enemigo_2] --- Inicio Update IA --- Delta: 0.0160s. Pos ANTES: HB (731, 321), Rect (728, 318), Flot (731.00, 321.00)
2025-05-19 17:11:54 - enemigo - [DEBUG] - [Enemigo_1] Target (centro (753, 311)), Dist: 21.00. Mi Centro HB: (732, 311)
2025-05-19 17:11:54 - enemigo - [DEBUG] - [Enemigo_1] FUERA DE RANGO AGRO/DEMASIADO CERCA. No se calcula mov.
2025-05-19 17:11:54 - enemigo - [DEBUG] - [Enemigo_1] Pos flotante (post-IA y delta): (719.0000, 301.0000)
2025-05-19 17:11:54 - enemigo - [DEBUG] - [Enemigo_1] Sin mov. entero para CH. HB: (719, 301), PosFlotante re-sincronizada a (719.00,301.00)
2025-05-19 17:11:54 - enemigo - [DEBUG] - [Enemigo_1] --- Inicio Update IA --- Delta: 0.0160s. Pos ANTES: HB (719, 301), Rect (716, 298), Flot (719.00, 301.00)
2025-05-19 17:11:54 - enemigo - [DEBUG] - [Enemigo_1] --- Inicio Update IA --- Delta: 0.0170s. Pos ANTES: HB (719, 301), Rect (716, 298), Flot (719.00, 301.00)
2025-05-19 17:11:54 - enemigo - [DEBUG] - [Enemigo_2] --- Inicio Update IA --- Delta: 0.0170s. Pos ANTES: HB (731, 321), Rect (728, 318), Flot (731.00, 321.00)
2025-05-19 17:11:54 - enemigo - [DEBUG] - [Enemigo_2] Target (centro (753, 311)), Dist: 21.93. Mi Centro HB: (744, 331)
2025-05-19 17:11:54 - enemigo - [DEBUG] - [Enemigo_2] FUERA DE RANGO AGRO/DEMASIADO CERCA. No se calcula mov.
2025-05-19 17:11:54 - enemigo - [DEBUG] - [Enemigo_2] Pos flotante (post-IA y delta): (731.0000, 321.0000)
2025-05-19 17:11:54 - enemigo - [DEBUG] - [Enemigo_2] Sin mov. entero para CH. HB: (731, 321), PosFlotante re-sincronizada a (731.00,321.00)
2025-05-19 17:11:54 - enemigo - [DEBUG] - [Enemigo_2] --- Inicio Update IA --- Delta: 0.0160s. Pos ANTES: HB (731, 321), Rect (728, 318), Flot (731.00, 321.00)
2025-05-19 17:11:54 - enemigo - [DEBUG] - [Enemigo_1] Target (centro (753, 311)), Dist: 21.00. Mi Centro HB: (732, 311)
2025-05-19 17:11:54 - enemigo - [DEBUG] - [Enemigo_1] FUERA DE RANGO AGRO/DEMASIADO CERCA. No se calcula mov.
2025-05-19 17:11:54 - enemigo - [DEBUG] - [Enemigo_1] Pos flotante (post-IA y delta): (719.0000, 301.0000)
2025-05-19 17:11:54 - enemigo - [DEBUG] - [Enemigo_1] Sin mov. entero para CH. HB: (719, 301), PosFlotante re-sincronizada a (719.00,301.00)
2025-05-19 17:11:54 - enemigo - [DEBUG] - [Enemigo_1] --- Inicio Update IA --- Delta: 0.0160s. Pos ANTES: HB (719, 301), Rect (716, 298), Flot (719.00, 301.00)
2025-05-19 17:11:54 - enemigo - [DEBUG] - [Enemigo_1] --- Inicio Update IA --- Delta: 0.0170s. Pos ANTES: HB (719, 301), Rect (716, 298), Flot (719.00, 301.00)
2025-05-19 17:11:54 - enemigo - [DEBUG] - [Enemigo_2] --- Inicio Update IA --- Delta: 0.0170s. Pos ANTES: HB (731, 321), Rect (728, 318), Flot (731.00, 321.00)
2025-05-19 17:11:54 - enemigo - [DEBUG] - [Enemigo_2] Target (centro (753, 311)), Dist: 21.93. Mi Centro HB: (744, 331)
2025-05-19 17:11:54 - enemigo - [DEBUG] - [Enemigo_2] FUERA DE RANGO AGRO/DEMASIADO CERCA. No se calcula mov.
2025-05-19 17:11:54 - enemigo - [DEBUG] - [Enemigo_2] Pos flotante (post-IA y delta): (731.0000, 321.0000)
2025-05-19 17:11:54 - enemigo - [DEBUG] - [Enemigo_2] Sin mov. entero para CH. HB: (731, 321), PosFlotante re-sincronizada a (731.00,321.00)
2025-05-19 17:11:54 - enemigo - [DEBUG] - [Enemigo_2] --- Inicio Update IA --- Delta: 0.0160s. Pos ANTES: HB (731, 321), Rect (728, 318), Flot (731.00, 321.00)
2025-05-19 17:11:54 - enemigo - [DEBUG] - [Enemigo_1] Target (centro (753, 311)), Dist: 21.00. Mi Centro HB: (732, 311)
2025-05-19 17:11:54 - enemigo - [DEBUG] - [Enemigo_1] FUERA DE RANGO AGRO/DEMASIADO CERCA. No se calcula mov.
2025-05-19 17:11:54 - enemigo - [DEBUG] - [Enemigo_1] Pos flotante (post-IA y delta): (719.0000, 301.0000)
2025-05-19 17:11:54 - enemigo - [DEBUG] - [Enemigo_1] Sin mov. entero para CH. HB: (719, 301), PosFlotante re-sincronizada a (719.00,301.00)
2025-05-19 17:11:54 - enemigo - [DEBUG] - [Enemigo_1] --- Inicio Update IA --- Delta: 0.0160s. Pos ANTES: HB (719, 301), Rect (716, 298), Flot (719.00, 301.00)
2025-05-19 17:11:54 - enemigo - [DEBUG] - [Enemigo_2] Target (centro (753, 311)), Dist: 21.93. Mi Centro HB: (744, 331)
2025-05-19 17:11:54 - enemigo - [DEBUG] - [Enemigo_2] FUERA DE RANGO AGRO/DEMASIADO CERCA. No se calcula mov.
2025-05-19 17:11:54 - enemigo - [DEBUG] - [Enemigo_2] Pos flotante (post-IA y delta): (731.0000, 321.0000)
2025-05-19 17:11:54 - enemigo - [DEBUG] - [Enemigo_2] Sin mov. entero para CH. HB: (731, 321), PosFlotante re-sincronizada a (731.00,321.00)
2025-05-19 17:11:54 - enemigo - [DEBUG] - [Enemigo_1] --- Inicio Update IA --- Delta: 0.0170s. Pos ANTES: HB (719, 301), Rect (716, 298), Flot (719.00, 301.00)
2025-05-19 17:11:54 - enemigo - [DEBUG] - [Enemigo_2] --- Inicio Update IA --- Delta: 0.0170s. Pos ANTES: HB (731, 321), Rect (728, 318), Flot (731.00, 321.00)
2025-05-19 17:11:54 - enemigo - [DEBUG] - [Enemigo_1] Target (centro (753, 311)), Dist: 21.00. Mi Centro HB: (732, 311)
2025-05-19 17:11:54 - enemigo - [DEBUG] - [Enemigo_1] FUERA DE RANGO AGRO/DEMASIADO CERCA. No se calcula mov.
2025-05-19 17:11:54 - enemigo - [DEBUG] - [Enemigo_1] Pos flotante (post-IA y delta): (719.0000, 301.0000)
2025-05-19 17:11:54 - enemigo - [DEBUG] - [Enemigo_1] Sin mov. entero para CH. HB: (719, 301), PosFlotante re-sincronizada a (719.00,301.00)
2025-05-19 17:11:54 - enemigo - [DEBUG] - [Enemigo_1] --- Inicio Update IA --- Delta: 0.0160s. Pos ANTES: HB (719, 301), Rect (716, 298), Flot (719.00, 301.00)
2025-05-19 17:11:54 - enemigo - [DEBUG] - [Enemigo_2] --- Inicio Update IA --- Delta: 0.0160s. Pos ANTES: HB (731, 321), Rect (728, 318), Flot (731.00, 321.00)
2025-05-19 17:11:54 - enemigo - [DEBUG] - [Enemigo_2] Target (centro (753, 311)), Dist: 21.93. Mi Centro HB: (744, 331)
2025-05-19 17:11:54 - enemigo - [DEBUG] - [Enemigo_2] FUERA DE RANGO AGRO/DEMASIADO CERCA. No se calcula mov.
2025-05-19 17:11:54 - enemigo - [DEBUG] - [Enemigo_2] Pos flotante (post-IA y delta): (731.0000, 321.0000)
2025-05-19 17:11:54 - enemigo - [DEBUG] - [Enemigo_2] Sin mov. entero para CH. HB: (731, 321), PosFlotante re-sincronizada a (731.00,321.00)
2025-05-19 17:11:54 - enemigo - [DEBUG] - [Enemigo_1] --- Inicio Update IA --- Delta: 0.0170s. Pos ANTES: HB (719, 301), Rect (716, 298), Flot (719.00, 301.00)
2025-05-19 17:11:54 - enemigo - [DEBUG] - [Enemigo_2] --- Inicio Update IA --- Delta: 0.0170s. Pos ANTES: HB (731, 321), Rect (728, 318), Flot (731.00, 321.00)
2025-05-19 17:11:54 - enemigo - [DEBUG] - [Enemigo_1] Target (centro (753, 311)), Dist: 21.00. Mi Centro HB: (732, 311)
2025-05-19 17:11:54 - enemigo - [DEBUG] - [Enemigo_1] FUERA DE RANGO AGRO/DEMASIADO CERCA. No se calcula mov.
2025-05-19 17:11:54 - enemigo - [DEBUG] - [Enemigo_1] Pos flotante (post-IA y delta): (719.0000, 301.0000)
2025-05-19 17:11:54 - enemigo - [DEBUG] - [Enemigo_1] Sin mov. entero para CH. HB: (719, 301), PosFlotante re-sincronizada a (719.00,301.00)
2025-05-19 17:11:54 - enemigo - [DEBUG] - [Enemigo_2] Target (centro (753, 311)), Dist: 21.93. Mi Centro HB: (744, 331)
2025-05-19 17:11:54 - enemigo - [DEBUG] - [Enemigo_2] FUERA DE RANGO AGRO/DEMASIADO CERCA. No se calcula mov.
2025-05-19 17:11:54 - enemigo - [DEBUG] - [Enemigo_2] Pos flotante (post-IA y delta): (731.0000, 321.0000)
2025-05-19 17:11:54 - enemigo - [DEBUG] - [Enemigo_2] Sin mov. entero para CH. HB: (731, 321), PosFlotante re-sincronizada a (731.00,321.00)
2025-05-19 17:11:54 - enemigo - [DEBUG] - [Enemigo_1] --- Inicio Update IA --- Delta: 0.0170s. Pos ANTES: HB (719, 301), Rect (716, 298), Flot (719.00, 301.00)
2025-05-19 17:11:54 - enemigo - [DEBUG] - [Enemigo_2] --- Inicio Update IA --- Delta: 0.0170s. Pos ANTES: HB (731, 321), Rect (728, 318), Flot (731.00, 321.00)
2025-05-19 17:11:54 - enemigo - [DEBUG] - [Enemigo_1] --- Inicio Update IA --- Delta: 0.0160s. Pos ANTES: HB (719, 301), Rect (716, 298), Flot (719.00, 301.00)
2025-05-19 17:11:54 - enemigo - [DEBUG] - [Enemigo_2] --- Inicio Update IA --- Delta: 0.0160s. Pos ANTES: HB (731, 321), Rect (728, 318), Flot (731.00, 321.00)
2025-05-19 17:11:54 - enemigo - [DEBUG] - [Enemigo_1] Target (centro (753, 311)), Dist: 21.00. Mi Centro HB: (732, 311)
2025-05-19 17:11:54 - enemigo - [DEBUG] - [Enemigo_1] FUERA DE RANGO AGRO/DEMASIADO CERCA. No se calcula mov.
2025-05-19 17:11:54 - enemigo - [DEBUG] - [Enemigo_1] Pos flotante (post-IA y delta): (719.0000, 301.0000)
2025-05-19 17:11:54 - enemigo - [DEBUG] - [Enemigo_1] Sin mov. entero para CH. HB: (719, 301), PosFlotante re-sincronizada a (719.00,301.00)
2025-05-19 17:11:54 - enemigo - [DEBUG] - [Enemigo_2] Target (centro (753, 311)), Dist: 21.93. Mi Centro HB: (744, 331)
2025-05-19 17:11:54 - enemigo - [DEBUG] - [Enemigo_2] FUERA DE RANGO AGRO/DEMASIADO CERCA. No se calcula mov.
2025-05-19 17:11:54 - enemigo - [DEBUG] - [Enemigo_2] Pos flotante (post-IA y delta): (731.0000, 321.0000)
2025-05-19 17:11:54 - enemigo - [DEBUG] - [Enemigo_2] Sin mov. entero para CH. HB: (731, 321), PosFlotante re-sincronizada a (731.00,321.00)
2025-05-19 17:11:54 - enemigo - [DEBUG] - [Enemigo_1] --- Inicio Update IA --- Delta: 0.0170s. Pos ANTES: HB (719, 301), Rect (716, 298), Flot (719.00, 301.00)
2025-05-19 17:11:54 - enemigo - [DEBUG] - [Enemigo_2] --- Inicio Update IA --- Delta: 0.0170s. Pos ANTES: HB (731, 321), Rect (728, 318), Flot (731.00, 321.00)
2025-05-19 17:11:54 - enemigo - [DEBUG] - [Enemigo_1] --- Inicio Update IA --- Delta: 0.0160s. Pos ANTES: HB (719, 301), Rect (716, 298), Flot (719.00, 301.00)
2025-05-19 17:11:54 - enemigo - [DEBUG] - [Enemigo_2] --- Inicio Update IA --- Delta: 0.0160s. Pos ANTES: HB (731, 321), Rect (728, 318), Flot (731.00, 321.00)
2025-05-19 17:11:54 - enemigo - [DEBUG] - [Enemigo_1] Target (centro (753, 311)), Dist: 21.00. Mi Centro HB: (732, 311)
2025-05-19 17:11:54 - enemigo - [DEBUG] - [Enemigo_1] FUERA DE RANGO AGRO/DEMASIADO CERCA. No se calcula mov.
2025-05-19 17:11:54 - enemigo - [DEBUG] - [Enemigo_1] Pos flotante (post-IA y delta): (719.0000, 301.0000)
2025-05-19 17:11:54 - enemigo - [DEBUG] - [Enemigo_1] Sin mov. entero para CH. HB: (719, 301), PosFlotante re-sincronizada a (719.00,301.00)
2025-05-19 17:11:54 - enemigo - [DEBUG] - [Enemigo_2] Target (centro (753, 311)), Dist: 21.93. Mi Centro HB: (744, 331)
2025-05-19 17:11:54 - enemigo - [DEBUG] - [Enemigo_2] FUERA DE RANGO AGRO/DEMASIADO CERCA. No se calcula mov.
2025-05-19 17:11:54 - enemigo - [DEBUG] - [Enemigo_2] Pos flotante (post-IA y delta): (731.0000, 321.0000)
2025-05-19 17:11:54 - enemigo - [DEBUG] - [Enemigo_2] Sin mov. entero para CH. HB: (731, 321), PosFlotante re-sincronizada a (731.00,321.00)
2025-05-19 17:11:54 - enemigo - [DEBUG] - [Enemigo_1] --- Inicio Update IA --- Delta: 0.0170s. Pos ANTES: HB (719, 301), Rect (716, 298), Flot (719.00, 301.00)
2025-05-19 17:11:54 - enemigo - [DEBUG] - [Enemigo_2] --- Inicio Update IA --- Delta: 0.0170s. Pos ANTES: HB (731, 321), Rect (728, 318), Flot (731.00, 321.00)
2025-05-19 17:11:54 - enemigo - [DEBUG] - [Enemigo_1] --- Inicio Update IA --- Delta: 0.0180s. Pos ANTES: HB (719, 301), Rect (716, 298), Flot (719.00, 301.00)
2025-05-19 17:11:54 - enemigo - [DEBUG] - [Enemigo_1] Target (centro (753, 311)), Dist: 21.00. Mi Centro HB: (732, 311)
2025-05-19 17:11:54 - enemigo - [DEBUG] - [Enemigo_1] FUERA DE RANGO AGRO/DEMASIADO CERCA. No se calcula mov.
2025-05-19 17:11:54 - enemigo - [DEBUG] - [Enemigo_1] Pos flotante (post-IA y delta): (719.0000, 301.0000)
2025-05-19 17:11:54 - enemigo - [DEBUG] - [Enemigo_1] Sin mov. entero para CH. HB: (719, 301), PosFlotante re-sincronizada a (719.00,301.00)
2025-05-19 17:11:54 - enemigo - [DEBUG] - [Enemigo_2] --- Inicio Update IA --- Delta: 0.0180s. Pos ANTES: HB (731, 321), Rect (728, 318), Flot (731.00, 321.00)
2025-05-19 17:11:54 - enemigo - [DEBUG] - [Enemigo_2] Target (centro (753, 311)), Dist: 21.93. Mi Centro HB: (744, 331)
2025-05-19 17:11:54 - enemigo - [DEBUG] - [Enemigo_2] FUERA DE RANGO AGRO/DEMASIADO CERCA. No se calcula mov.
2025-05-19 17:11:54 - enemigo - [DEBUG] - [Enemigo_2] Pos flotante (post-IA y delta): (731.0000, 321.0000)
2025-05-19 17:11:54 - enemigo - [DEBUG] - [Enemigo_2] Sin mov. entero para CH. HB: (731, 321), PosFlotante re-sincronizada a (731.00,321.00)
2025-05-19 17:11:54 - enemigo - [DEBUG] - [Enemigo_1] --- Inicio Update IA --- Delta: 0.0170s. Pos ANTES: HB (719, 301), Rect (716, 298), Flot (719.00, 301.00)
2025-05-19 17:11:54 - enemigo - [DEBUG] - [Enemigo_2] --- Inicio Update IA --- Delta: 0.0170s. Pos ANTES: HB (731, 321), Rect (728, 318), Flot (731.00, 321.00)
2025-05-19 17:11:54 - enemigo - [DEBUG] - [Enemigo_1] Target (centro (753, 311)), Dist: 21.00. Mi Centro HB: (732, 311)
2025-05-19 17:11:54 - enemigo - [DEBUG] - [Enemigo_1] FUERA DE RANGO AGRO/DEMASIADO CERCA. No se calcula mov.
2025-05-19 17:11:54 - enemigo - [DEBUG] - [Enemigo_1] Pos flotante (post-IA y delta): (719.0000, 301.0000)
2025-05-19 17:11:54 - enemigo - [DEBUG] - [Enemigo_1] Sin mov. entero para CH. HB: (719, 301), PosFlotante re-sincronizada a (719.00,301.00)
2025-05-19 17:11:54 - enemigo - [DEBUG] - [Enemigo_2] Target (centro (753, 311)), Dist: 21.93. Mi Centro HB: (744, 331)
2025-05-19 17:11:54 - enemigo - [DEBUG] - [Enemigo_2] FUERA DE RANGO AGRO/DEMASIADO CERCA. No se calcula mov.
2025-05-19 17:11:54 - enemigo - [DEBUG] - [Enemigo_2] Pos flotante (post-IA y delta): (731.0000, 321.0000)
2025-05-19 17:11:54 - enemigo - [DEBUG] - [Enemigo_2] Sin mov. entero para CH. HB: (731, 321), PosFlotante re-sincronizada a (731.00,321.00)
2025-05-19 17:11:54 - enemigo - [DEBUG] - [Enemigo_1] --- Inicio Update IA --- Delta: 0.0170s. Pos ANTES: HB (719, 301), Rect (716, 298), Flot (719.00, 301.00)
2025-05-19 17:11:54 - enemigo - [DEBUG] - [Enemigo_2] --- Inicio Update IA --- Delta: 0.0170s. Pos ANTES: HB (731, 321), Rect (728, 318), Flot (731.00, 321.00)
2025-05-19 17:11:54 - enemigo - [DEBUG] - [Enemigo_1] Target (centro (753, 311)), Dist: 21.00. Mi Centro HB: (732, 311)
2025-05-19 17:11:54 - enemigo - [DEBUG] - [Enemigo_1] FUERA DE RANGO AGRO/DEMASIADO CERCA. No se calcula mov.
2025-05-19 17:11:54 - enemigo - [DEBUG] - [Enemigo_1] Pos flotante (post-IA y delta): (719.0000, 301.0000)
2025-05-19 17:11:54 - enemigo - [DEBUG] - [Enemigo_1] Sin mov. entero para CH. HB: (719, 301), PosFlotante re-sincronizada a (719.00,301.00)
2025-05-19 17:11:54 - enemigo - [DEBUG] - [Enemigo_1] --- Inicio Update IA --- Delta: 0.0160s. Pos ANTES: HB (719, 301), Rect (716, 298), Flot (719.00, 301.00)
2025-05-19 17:11:54 - enemigo - [DEBUG] - [Enemigo_2] --- Inicio Update IA --- Delta: 0.0160s. Pos ANTES: HB (731, 321), Rect (728, 318), Flot (731.00, 321.00)
2025-05-19 17:11:54 - enemigo - [DEBUG] - [Enemigo_1] --- Inicio Update IA --- Delta: 0.0170s. Pos ANTES: HB (719, 301), Rect (716, 298), Flot (719.00, 301.00)
2025-05-19 17:11:54 - enemigo - [DEBUG] - [Enemigo_2] --- Inicio Update IA --- Delta: 0.0170s. Pos ANTES: HB (731, 321), Rect (728, 318), Flot (731.00, 321.00)
2025-05-19 17:11:54 - enemigo - [DEBUG] - [Enemigo_2] Target (centro (753, 311)), Dist: 21.93. Mi Centro HB: (744, 331)
2025-05-19 17:11:54 - enemigo - [DEBUG] - [Enemigo_2] FUERA DE RANGO AGRO/DEMASIADO CERCA. No se calcula mov.
2025-05-19 17:11:54 - enemigo - [DEBUG] - [Enemigo_2] Pos flotante (post-IA y delta): (731.0000, 321.0000)
2025-05-19 17:11:54 - enemigo - [DEBUG] - [Enemigo_2] Sin mov. entero para CH. HB: (731, 321), PosFlotante re-sincronizada a (731.00,321.00)
2025-05-19 17:11:54 - enemigo - [DEBUG] - [Enemigo_1] --- Inicio Update IA --- Delta: 0.0160s. Pos ANTES: HB (719, 301), Rect (716, 298), Flot (719.00, 301.00)
2025-05-19 17:11:54 - enemigo - [DEBUG] - [Enemigo_1] Target (centro (753, 311)), Dist: 21.00. Mi Centro HB: (732, 311)
2025-05-19 17:11:54 - enemigo - [DEBUG] - [Enemigo_1] FUERA DE RANGO AGRO/DEMASIADO CERCA. No se calcula mov.
2025-05-19 17:11:54 - enemigo - [DEBUG] - [Enemigo_1] Pos flotante (post-IA y delta): (719.0000, 301.0000)
2025-05-19 17:11:54 - enemigo - [DEBUG] - [Enemigo_1] Sin mov. entero para CH. HB: (719, 301), PosFlotante re-sincronizada a (719.00,301.00)
2025-05-19 17:11:54 - enemigo - [DEBUG] - [Enemigo_2] --- Inicio Update IA --- Delta: 0.0160s. Pos ANTES: HB (731, 321), Rect (728, 318), Flot (731.00, 321.00)
2025-05-19 17:11:54 - enemigo - [DEBUG] - [Enemigo_1] --- Inicio Update IA --- Delta: 0.0170s. Pos ANTES: HB (719, 301), Rect (716, 298), Flot (719.00, 301.00)
2025-05-19 17:11:54 - enemigo - [DEBUG] - [Enemigo_2] --- Inicio Update IA --- Delta: 0.0170s. Pos ANTES: HB (731, 321), Rect (728, 318), Flot (731.00, 321.00)
2025-05-19 17:11:54 - enemigo - [DEBUG] - [Enemigo_2] Target (centro (753, 311)), Dist: 21.93. Mi Centro HB: (744, 331)
2025-05-19 17:11:54 - enemigo - [DEBUG] - [Enemigo_2] FUERA DE RANGO AGRO/DEMASIADO CERCA. No se calcula mov.
2025-05-19 17:11:54 - enemigo - [DEBUG] - [Enemigo_2] Pos flotante (post-IA y delta): (731.0000, 321.0000)
2025-05-19 17:11:54 - enemigo - [DEBUG] - [Enemigo_2] Sin mov. entero para CH. HB: (731, 321), PosFlotante re-sincronizada a (731.00,321.00)
2025-05-19 17:11:54 - enemigo - [DEBUG] - [Enemigo_1] --- Inicio Update IA --- Delta: 0.0160s. Pos ANTES: HB (719, 301), Rect (716, 298), Flot (719.00, 301.00)
2025-05-19 17:11:54 - enemigo - [DEBUG] - [Enemigo_1] Target (centro (753, 311)), Dist: 21.00. Mi Centro HB: (732, 311)
2025-05-19 17:11:54 - enemigo - [DEBUG] - [Enemigo_1] FUERA DE RANGO AGRO/DEMASIADO CERCA. No se calcula mov.
2025-05-19 17:11:54 - enemigo - [DEBUG] - [Enemigo_1] Pos flotante (post-IA y delta): (719.0000, 301.0000)
2025-05-19 17:11:54 - enemigo - [DEBUG] - [Enemigo_1] Sin mov. entero para CH. HB: (719, 301), PosFlotante re-sincronizada a (719.00,301.00)
2025-05-19 17:11:54 - enemigo - [DEBUG] - [Enemigo_2] --- Inicio Update IA --- Delta: 0.0160s. Pos ANTES: HB (731, 321), Rect (728, 318), Flot (731.00, 321.00)
2025-05-19 17:11:54 - enemigo - [DEBUG] - [Enemigo_1] --- Inicio Update IA --- Delta: 0.0170s. Pos ANTES: HB (719, 301), Rect (716, 298), Flot (719.00, 301.00)
2025-05-19 17:11:54 - enemigo - [DEBUG] - [Enemigo_2] --- Inicio Update IA --- Delta: 0.0170s. Pos ANTES: HB (731, 321), Rect (728, 318), Flot (731.00, 321.00)
2025-05-19 17:11:54 - enemigo - [DEBUG] - [Enemigo_2] Target (centro (753, 311)), Dist: 21.93. Mi Centro HB: (744, 331)
2025-05-19 17:11:54 - enemigo - [DEBUG] - [Enemigo_2] FUERA DE RANGO AGRO/DEMASIADO CERCA. No se calcula mov.
2025-05-19 17:11:54 - enemigo - [DEBUG] - [Enemigo_2] Pos flotante (post-IA y delta): (731.0000, 321.0000)
2025-05-19 17:11:54 - enemigo - [DEBUG] - [Enemigo_2] Sin mov. entero para CH. HB: (731, 321), PosFlotante re-sincronizada a (731.00,321.00)
2025-05-19 17:11:54 - enemigo - [DEBUG] - [Enemigo_1] --- Inicio Update IA --- Delta: 0.0160s. Pos ANTES: HB (719, 301), Rect (716, 298), Flot (719.00, 301.00)
2025-05-19 17:11:54 - enemigo - [DEBUG] - [Enemigo_1] Target (centro (753, 311)), Dist: 21.00. Mi Centro HB: (732, 311)
2025-05-19 17:11:54 - enemigo - [DEBUG] - [Enemigo_1] FUERA DE RANGO AGRO/DEMASIADO CERCA. No se calcula mov.
2025-05-19 17:11:54 - enemigo - [DEBUG] - [Enemigo_1] Pos flotante (post-IA y delta): (719.0000, 301.0000)
2025-05-19 17:11:54 - enemigo - [DEBUG] - [Enemigo_1] Sin mov. entero para CH. HB: (719, 301), PosFlotante re-sincronizada a (719.00,301.00)
2025-05-19 17:11:54 - enemigo - [DEBUG] - [Enemigo_2] --- Inicio Update IA --- Delta: 0.0160s. Pos ANTES: HB (731, 321), Rect (728, 318), Flot (731.00, 321.00)
2025-05-19 17:11:54 - enemigo - [DEBUG] - [Enemigo_2] Target (centro (753, 311)), Dist: 21.93. Mi Centro HB: (744, 331)
2025-05-19 17:11:54 - enemigo - [DEBUG] - [Enemigo_2] FUERA DE RANGO AGRO/DEMASIADO CERCA. No se calcula mov.
2025-05-19 17:11:54 - enemigo - [DEBUG] - [Enemigo_2] Pos flotante (post-IA y delta): (731.0000, 321.0000)
2025-05-19 17:11:54 - enemigo - [DEBUG] - [Enemigo_2] Sin mov. entero para CH. HB: (731, 321), PosFlotante re-sincronizada a (731.00,321.00)
2025-05-19 17:11:54 - enemigo - [DEBUG] - [Enemigo_1] --- Inicio Update IA --- Delta: 0.0170s. Pos ANTES: HB (719, 301), Rect (716, 298), Flot (719.00, 301.00)
2025-05-19 17:11:54 - enemigo - [DEBUG] - [Enemigo_1] Target (centro (753, 311)), Dist: 21.00. Mi Centro HB: (732, 311)
2025-05-19 17:11:54 - enemigo - [DEBUG] - [Enemigo_1] FUERA DE RANGO AGRO/DEMASIADO CERCA. No se calcula mov.
2025-05-19 17:11:54 - enemigo - [DEBUG] - [Enemigo_1] Pos flotante (post-IA y delta): (719.0000, 301.0000)
2025-05-19 17:11:54 - enemigo - [DEBUG] - [Enemigo_1] Sin mov. entero para CH. HB: (719, 301), PosFlotante re-sincronizada a (719.00,301.00)
2025-05-19 17:11:54 - enemigo - [DEBUG] - [Enemigo_2] --- Inicio Update IA --- Delta: 0.0170s. Pos ANTES: HB (731, 321), Rect (728, 318), Flot (731.00, 321.00)
2025-05-19 17:11:54 - enemigo - [DEBUG] - [Enemigo_1] --- Inicio Update IA --- Delta: 0.0160s. Pos ANTES: HB (719, 301), Rect (716, 298), Flot (719.00, 301.00)
2025-05-19 17:11:54 - enemigo - [DEBUG] - [Enemigo_2] --- Inicio Update IA --- Delta: 0.0160s. Pos ANTES: HB (731, 321), Rect (728, 318), Flot (731.00, 321.00)
2025-05-19 17:11:54 - enemigo - [DEBUG] - [Enemigo_2] Target (centro (753, 311)), Dist: 21.93. Mi Centro HB: (744, 331)
2025-05-19 17:11:54 - enemigo - [DEBUG] - [Enemigo_2] FUERA DE RANGO AGRO/DEMASIADO CERCA. No se calcula mov.
2025-05-19 17:11:54 - enemigo - [DEBUG] - [Enemigo_2] Pos flotante (post-IA y delta): (731.0000, 321.0000)
2025-05-19 17:11:54 - enemigo - [DEBUG] - [Enemigo_2] Sin mov. entero para CH. HB: (731, 321), PosFlotante re-sincronizada a (731.00,321.00)
2025-05-19 17:11:54 - enemigo - [DEBUG] - [Enemigo_1] Target (centro (753, 311)), Dist: 21.00. Mi Centro HB: (732, 311)
2025-05-19 17:11:54 - enemigo - [DEBUG] - [Enemigo_1] FUERA DE RANGO AGRO/DEMASIADO CERCA. No se calcula mov.
2025-05-19 17:11:54 - enemigo - [DEBUG] - [Enemigo_1] Pos flotante (post-IA y delta): (719.0000, 301.0000)
2025-05-19 17:11:54 - enemigo - [DEBUG] - [Enemigo_1] Sin mov. entero para CH. HB: (719, 301), PosFlotante re-sincronizada a (719.00,301.00)
2025-05-19 17:11:55 - enemigo - [DEBUG] - [Enemigo_1] --- Inicio Update IA --- Delta: 0.0160s. Pos ANTES: HB (719, 301), Rect (716, 298), Flot (719.00, 301.00)
2025-05-19 17:11:55 - enemigo - [DEBUG] - [Enemigo_2] --- Inicio Update IA --- Delta: 0.0160s. Pos ANTES: HB (731, 321), Rect (728, 318), Flot (731.00, 321.00)
2025-05-19 17:11:55 - enemigo - [DEBUG] - [Enemigo_2] Target (centro (753, 311)), Dist: 21.93. Mi Centro HB: (744, 331)
2025-05-19 17:11:55 - enemigo - [DEBUG] - [Enemigo_2] FUERA DE RANGO AGRO/DEMASIADO CERCA. No se calcula mov.
2025-05-19 17:11:55 - enemigo - [DEBUG] - [Enemigo_2] Pos flotante (post-IA y delta): (731.0000, 321.0000)
2025-05-19 17:11:55 - enemigo - [DEBUG] - [Enemigo_2] Sin mov. entero para CH. HB: (731, 321), PosFlotante re-sincronizada a (731.00,321.00)
2025-05-19 17:11:55 - enemigo - [DEBUG] - [Enemigo_1] Target (centro (753, 311)), Dist: 21.00. Mi Centro HB: (732, 311)
2025-05-19 17:11:55 - enemigo - [DEBUG] - [Enemigo_1] FUERA DE RANGO AGRO/DEMASIADO CERCA. No se calcula mov.
2025-05-19 17:11:55 - enemigo - [DEBUG] - [Enemigo_1] Pos flotante (post-IA y delta): (719.0000, 301.0000)
2025-05-19 17:11:55 - enemigo - [DEBUG] - [Enemigo_1] Sin mov. entero para CH. HB: (719, 301), PosFlotante re-sincronizada a (719.00,301.00)
2025-05-19 17:11:55 - enemigo - [DEBUG] - [Enemigo_1] --- Inicio Update IA --- Delta: 0.0170s. Pos ANTES: HB (719, 301), Rect (716, 298), Flot (719.00, 301.00)
2025-05-19 17:11:55 - enemigo - [DEBUG] - [Enemigo_2] --- Inicio Update IA --- Delta: 0.0170s. Pos ANTES: HB (731, 321), Rect (728, 318), Flot (731.00, 321.00)
2025-05-19 17:11:55 - enemigo - [DEBUG] - [Enemigo_1] Target (centro (753, 311)), Dist: 21.00. Mi Centro HB: (732, 311)
2025-05-19 17:11:55 - enemigo - [DEBUG] - [Enemigo_1] FUERA DE RANGO AGRO/DEMASIADO CERCA. No se calcula mov.
2025-05-19 17:11:55 - enemigo - [DEBUG] - [Enemigo_1] Pos flotante (post-IA y delta): (719.0000, 301.0000)
2025-05-19 17:11:55 - enemigo - [DEBUG] - [Enemigo_1] Sin mov. entero para CH. HB: (719, 301), PosFlotante re-sincronizada a (719.00,301.00)
2025-05-19 17:11:55 - enemigo - [DEBUG] - [Enemigo_2] Target (centro (753, 311)), Dist: 21.93. Mi Centro HB: (744, 331)
2025-05-19 17:11:55 - enemigo - [DEBUG] - [Enemigo_2] FUERA DE RANGO AGRO/DEMASIADO CERCA. No se calcula mov.
2025-05-19 17:11:55 - enemigo - [DEBUG] - [Enemigo_2] Pos flotante (post-IA y delta): (731.0000, 321.0000)
2025-05-19 17:11:55 - enemigo - [DEBUG] - [Enemigo_2] Sin mov. entero para CH. HB: (731, 321), PosFlotante re-sincronizada a (731.00,321.00)
2025-05-19 17:11:55 - enemigo - [DEBUG] - [Enemigo_1] --- Inicio Update IA --- Delta: 0.0160s. Pos ANTES: HB (719, 301), Rect (716, 298), Flot (719.00, 301.00)
2025-05-19 17:11:55 - enemigo - [DEBUG] - [Enemigo_2] --- Inicio Update IA --- Delta: 0.0160s. Pos ANTES: HB (731, 321), Rect (728, 318), Flot (731.00, 321.00)
2025-05-19 17:11:55 - enemigo - [DEBUG] - [Enemigo_1] --- Inicio Update IA --- Delta: 0.0170s. Pos ANTES: HB (719, 301), Rect (716, 298), Flot (719.00, 301.00)
2025-05-19 17:11:55 - enemigo - [DEBUG] - [Enemigo_1] Target (centro (753, 311)), Dist: 21.00. Mi Centro HB: (732, 311)
2025-05-19 17:11:55 - enemigo - [DEBUG] - [Enemigo_1] FUERA DE RANGO AGRO/DEMASIADO CERCA. No se calcula mov.
2025-05-19 17:11:55 - enemigo - [DEBUG] - [Enemigo_1] Pos flotante (post-IA y delta): (719.0000, 301.0000)
2025-05-19 17:11:55 - enemigo - [DEBUG] - [Enemigo_1] Sin mov. entero para CH. HB: (719, 301), PosFlotante re-sincronizada a (719.00,301.00)
2025-05-19 17:11:55 - enemigo - [DEBUG] - [Enemigo_2] --- Inicio Update IA --- Delta: 0.0170s. Pos ANTES: HB (731, 321), Rect (728, 318), Flot (731.00, 321.00)
2025-05-19 17:11:55 - enemigo - [DEBUG] - [Enemigo_2] Target (centro (753, 311)), Dist: 21.93. Mi Centro HB: (744, 331)
2025-05-19 17:11:55 - enemigo - [DEBUG] - [Enemigo_2] FUERA DE RANGO AGRO/DEMASIADO CERCA. No se calcula mov.
2025-05-19 17:11:55 - enemigo - [DEBUG] - [Enemigo_2] Pos flotante (post-IA y delta): (731.0000, 321.0000)
2025-05-19 17:11:55 - enemigo - [DEBUG] - [Enemigo_2] Sin mov. entero para CH. HB: (731, 321), PosFlotante re-sincronizada a (731.00,321.00)
2025-05-19 17:11:55 - enemigo - [DEBUG] - [Enemigo_1] --- Inicio Update IA --- Delta: 0.0160s. Pos ANTES: HB (719, 301), Rect (716, 298), Flot (719.00, 301.00)
2025-05-19 17:11:55 - enemigo - [DEBUG] - [Enemigo_2] --- Inicio Update IA --- Delta: 0.0160s. Pos ANTES: HB (731, 321), Rect (728, 318), Flot (731.00, 321.00)
2025-05-19 17:11:55 - enemigo - [DEBUG] - [Enemigo_1] Target (centro (753, 311)), Dist: 21.00. Mi Centro HB: (732, 311)
2025-05-19 17:11:55 - enemigo - [DEBUG] - [Enemigo_1] FUERA DE RANGO AGRO/DEMASIADO CERCA. No se calcula mov.
2025-05-19 17:11:55 - enemigo - [DEBUG] - [Enemigo_1] Pos flotante (post-IA y delta): (719.0000, 301.0000)
2025-05-19 17:11:55 - enemigo - [DEBUG] - [Enemigo_1] Sin mov. entero para CH. HB: (719, 301), PosFlotante re-sincronizada a (719.00,301.00)
2025-05-19 17:11:55 - enemigo - [DEBUG] - [Enemigo_2] Target (centro (753, 311)), Dist: 21.93. Mi Centro HB: (744, 331)
2025-05-19 17:11:55 - enemigo - [DEBUG] - [Enemigo_2] FUERA DE RANGO AGRO/DEMASIADO CERCA. No se calcula mov.
2025-05-19 17:11:55 - enemigo - [DEBUG] - [Enemigo_2] Pos flotante (post-IA y delta): (731.0000, 321.0000)
2025-05-19 17:11:55 - enemigo - [DEBUG] - [Enemigo_2] Sin mov. entero para CH. HB: (731, 321), PosFlotante re-sincronizada a (731.00,321.00)
2025-05-19 17:11:55 - enemigo - [DEBUG] - [Enemigo_1] --- Inicio Update IA --- Delta: 0.0160s. Pos ANTES: HB (719, 301), Rect (716, 298), Flot (719.00, 301.00)
2025-05-19 17:11:55 - enemigo - [DEBUG] - [Enemigo_2] --- Inicio Update IA --- Delta: 0.0160s. Pos ANTES: HB (731, 321), Rect (728, 318), Flot (731.00, 321.00)
2025-05-19 17:11:55 - enemigo - [DEBUG] - [Enemigo_1] Target (centro (753, 311)), Dist: 21.00. Mi Centro HB: (732, 311)
2025-05-19 17:11:55 - enemigo - [DEBUG] - [Enemigo_1] FUERA DE RANGO AGRO/DEMASIADO CERCA. No se calcula mov.
2025-05-19 17:11:55 - enemigo - [DEBUG] - [Enemigo_1] Pos flotante (post-IA y delta): (719.0000, 301.0000)
2025-05-19 17:11:55 - enemigo - [DEBUG] - [Enemigo_1] Sin mov. entero para CH. HB: (719, 301), PosFlotante re-sincronizada a (719.00,301.00)
2025-05-19 17:11:55 - enemigo - [DEBUG] - [Enemigo_2] Target (centro (753, 311)), Dist: 21.93. Mi Centro HB: (744, 331)
2025-05-19 17:11:55 - enemigo - [DEBUG] - [Enemigo_2] FUERA DE RANGO AGRO/DEMASIADO CERCA. No se calcula mov.
2025-05-19 17:11:55 - enemigo - [DEBUG] - [Enemigo_2] Pos flotante (post-IA y delta): (731.0000, 321.0000)
2025-05-19 17:11:55 - enemigo - [DEBUG] - [Enemigo_2] Sin mov. entero para CH. HB: (731, 321), PosFlotante re-sincronizada a (731.00,321.00)
2025-05-19 17:11:55 - enemigo - [DEBUG] - [Enemigo_1] --- Inicio Update IA --- Delta: 0.0160s. Pos ANTES: HB (719, 301), Rect (716, 298), Flot (719.00, 301.00)
2025-05-19 17:11:55 - enemigo - [DEBUG] - [Enemigo_2] --- Inicio Update IA --- Delta: 0.0160s. Pos ANTES: HB (731, 321), Rect (728, 318), Flot (731.00, 321.00)
2025-05-19 17:11:55 - enemigo - [DEBUG] - [Enemigo_1] Target (centro (753, 311)), Dist: 21.00. Mi Centro HB: (732, 311)
2025-05-19 17:11:55 - enemigo - [DEBUG] - [Enemigo_1] FUERA DE RANGO AGRO/DEMASIADO CERCA. No se calcula mov.
2025-05-19 17:11:55 - enemigo - [DEBUG] - [Enemigo_1] Pos flotante (post-IA y delta): (719.0000, 301.0000)
2025-05-19 17:11:55 - enemigo - [DEBUG] - [Enemigo_1] Sin mov. entero para CH. HB: (719, 301), PosFlotante re-sincronizada a (719.00,301.00)
2025-05-19 17:11:55 - enemigo - [DEBUG] - [Enemigo_2] Target (centro (753, 311)), Dist: 21.93. Mi Centro HB: (744, 331)
2025-05-19 17:11:55 - enemigo - [DEBUG] - [Enemigo_2] FUERA DE RANGO AGRO/DEMASIADO CERCA. No se calcula mov.
2025-05-19 17:11:55 - enemigo - [DEBUG] - [Enemigo_2] Pos flotante (post-IA y delta): (731.0000, 321.0000)
2025-05-19 17:11:55 - enemigo - [DEBUG] - [Enemigo_2] Sin mov. entero para CH. HB: (731, 321), PosFlotante re-sincronizada a (731.00,321.00)
2025-05-19 17:11:55 - enemigo - [DEBUG] - [Enemigo_1] --- Inicio Update IA --- Delta: 0.0170s. Pos ANTES: HB (719, 301), Rect (716, 298), Flot (719.00, 301.00)
2025-05-19 17:11:55 - enemigo - [DEBUG] - [Enemigo_2] --- Inicio Update IA --- Delta: 0.0170s. Pos ANTES: HB (731, 321), Rect (728, 318), Flot (731.00, 321.00)
2025-05-19 17:11:55 - enemigo - [DEBUG] - [Enemigo_1] --- Inicio Update IA --- Delta: 0.0160s. Pos ANTES: HB (719, 301), Rect (716, 298), Flot (719.00, 301.00)
2025-05-19 17:11:55 - enemigo - [DEBUG] - [Enemigo_2] --- Inicio Update IA --- Delta: 0.0160s. Pos ANTES: HB (731, 321), Rect (728, 318), Flot (731.00, 321.00)
2025-05-19 17:11:55 - enemigo - [DEBUG] - [Enemigo_1] Target (centro (753, 311)), Dist: 21.00. Mi Centro HB: (732, 311)
2025-05-19 17:11:55 - enemigo - [DEBUG] - [Enemigo_1] FUERA DE RANGO AGRO/DEMASIADO CERCA. No se calcula mov.
2025-05-19 17:11:55 - enemigo - [DEBUG] - [Enemigo_1] Pos flotante (post-IA y delta): (719.0000, 301.0000)
2025-05-19 17:11:55 - enemigo - [DEBUG] - [Enemigo_1] Sin mov. entero para CH. HB: (719, 301), PosFlotante re-sincronizada a (719.00,301.00)
2025-05-19 17:11:55 - enemigo - [DEBUG] - [Enemigo_2] Target (centro (753, 311)), Dist: 21.93. Mi Centro HB: (744, 331)
2025-05-19 17:11:55 - enemigo - [DEBUG] - [Enemigo_2] FUERA DE RANGO AGRO/DEMASIADO CERCA. No se calcula mov.
2025-05-19 17:11:55 - enemigo - [DEBUG] - [Enemigo_2] Pos flotante (post-IA y delta): (731.0000, 321.0000)
2025-05-19 17:11:55 - enemigo - [DEBUG] - [Enemigo_2] Sin mov. entero para CH. HB: (731, 321), PosFlotante re-sincronizada a (731.00,321.00)
2025-05-19 17:11:55 - enemigo - [DEBUG] - [Enemigo_1] --- Inicio Update IA --- Delta: 0.0170s. Pos ANTES: HB (719, 301), Rect (716, 298), Flot (719.00, 301.00)
2025-05-19 17:11:55 - enemigo - [DEBUG] - [Enemigo_2] --- Inicio Update IA --- Delta: 0.0170s. Pos ANTES: HB (731, 321), Rect (728, 318), Flot (731.00, 321.00)
2025-05-19 17:11:55 - enemigo - [DEBUG] - [Enemigo_1] --- Inicio Update IA --- Delta: 0.0160s. Pos ANTES: HB (719, 301), Rect (716, 298), Flot (719.00, 301.00)
2025-05-19 17:11:55 - enemigo - [DEBUG] - [Enemigo_2] --- Inicio Update IA --- Delta: 0.0160s. Pos ANTES: HB (731, 321), Rect (728, 318), Flot (731.00, 321.00)
2025-05-19 17:11:55 - enemigo - [DEBUG] - [Enemigo_1] Target (centro (753, 311)), Dist: 21.00. Mi Centro HB: (732, 311)
2025-05-19 17:11:55 - enemigo - [DEBUG] - [Enemigo_1] FUERA DE RANGO AGRO/DEMASIADO CERCA. No se calcula mov.
2025-05-19 17:11:55 - enemigo - [DEBUG] - [Enemigo_1] Pos flotante (post-IA y delta): (719.0000, 301.0000)
2025-05-19 17:11:55 - enemigo - [DEBUG] - [Enemigo_1] Sin mov. entero para CH. HB: (719, 301), PosFlotante re-sincronizada a (719.00,301.00)
2025-05-19 17:11:55 - enemigo - [DEBUG] - [Enemigo_2] Target (centro (753, 311)), Dist: 21.93. Mi Centro HB: (744, 331)
2025-05-19 17:11:55 - enemigo - [DEBUG] - [Enemigo_2] FUERA DE RANGO AGRO/DEMASIADO CERCA. No se calcula mov.
2025-05-19 17:11:55 - enemigo - [DEBUG] - [Enemigo_2] Pos flotante (post-IA y delta): (731.0000, 321.0000)
2025-05-19 17:11:55 - enemigo - [DEBUG] - [Enemigo_2] Sin mov. entero para CH. HB: (731, 321), PosFlotante re-sincronizada a (731.00,321.00)
2025-05-19 17:11:55 - enemigo - [DEBUG] - [Enemigo_1] --- Inicio Update IA --- Delta: 0.0160s. Pos ANTES: HB (719, 301), Rect (716, 298), Flot (719.00, 301.00)
2025-05-19 17:11:55 - enemigo - [DEBUG] - [Enemigo_2] --- Inicio Update IA --- Delta: 0.0160s. Pos ANTES: HB (731, 321), Rect (728, 318), Flot (731.00, 321.00)
2025-05-19 17:11:55 - enemigo - [DEBUG] - [Enemigo_1] Target (centro (753, 311)), Dist: 21.00. Mi Centro HB: (732, 311)
2025-05-19 17:11:55 - enemigo - [DEBUG] - [Enemigo_1] FUERA DE RANGO AGRO/DEMASIADO CERCA. No se calcula mov.
2025-05-19 17:11:55 - enemigo - [DEBUG] - [Enemigo_1] Pos flotante (post-IA y delta): (719.0000, 301.0000)
2025-05-19 17:11:55 - enemigo - [DEBUG] - [Enemigo_1] Sin mov. entero para CH. HB: (719, 301), PosFlotante re-sincronizada a (719.00,301.00)
2025-05-19 17:11:55 - enemigo - [DEBUG] - [Enemigo_2] Target (centro (753, 311)), Dist: 21.93. Mi Centro HB: (744, 331)
2025-05-19 17:11:55 - enemigo - [DEBUG] - [Enemigo_2] FUERA DE RANGO AGRO/DEMASIADO CERCA. No se calcula mov.
2025-05-19 17:11:55 - enemigo - [DEBUG] - [Enemigo_2] Pos flotante (post-IA y delta): (731.0000, 321.0000)
2025-05-19 17:11:55 - enemigo - [DEBUG] - [Enemigo_2] Sin mov. entero para CH. HB: (731, 321), PosFlotante re-sincronizada a (731.00,321.00)
2025-05-19 17:11:55 - enemigo - [DEBUG] - [Enemigo_1] --- Inicio Update IA --- Delta: 0.0170s. Pos ANTES: HB (719, 301), Rect (716, 298), Flot (719.00, 301.00)
2025-05-19 17:11:55 - enemigo - [DEBUG] - [Enemigo_2] --- Inicio Update IA --- Delta: 0.0170s. Pos ANTES: HB (731, 321), Rect (728, 318), Flot (731.00, 321.00)
2025-05-19 17:11:55 - enemigo - [DEBUG] - [Enemigo_1] --- Inicio Update IA --- Delta: 0.0160s. Pos ANTES: HB (719, 301), Rect (716, 298), Flot (719.00, 301.00)
2025-05-19 17:11:55 - enemigo - [DEBUG] - [Enemigo_2] --- Inicio Update IA --- Delta: 0.0160s. Pos ANTES: HB (731, 321), Rect (728, 318), Flot (731.00, 321.00)
2025-05-19 17:11:55 - enemigo - [DEBUG] - [Enemigo_1] Target (centro (753, 311)), Dist: 21.00. Mi Centro HB: (732, 311)
2025-05-19 17:11:55 - enemigo - [DEBUG] - [Enemigo_1] FUERA DE RANGO AGRO/DEMASIADO CERCA. No se calcula mov.
2025-05-19 17:11:55 - enemigo - [DEBUG] - [Enemigo_1] Pos flotante (post-IA y delta): (719.0000, 301.0000)
2025-05-19 17:11:55 - enemigo - [DEBUG] - [Enemigo_1] Sin mov. entero para CH. HB: (719, 301), PosFlotante re-sincronizada a (719.00,301.00)
2025-05-19 17:11:55 - enemigo - [DEBUG] - [Enemigo_2] Target (centro (753, 311)), Dist: 21.93. Mi Centro HB: (744, 331)
2025-05-19 17:11:55 - enemigo - [DEBUG] - [Enemigo_2] FUERA DE RANGO AGRO/DEMASIADO CERCA. No se calcula mov.
2025-05-19 17:11:55 - enemigo - [DEBUG] - [Enemigo_2] Pos flotante (post-IA y delta): (731.0000, 321.0000)
2025-05-19 17:11:55 - enemigo - [DEBUG] - [Enemigo_2] Sin mov. entero para CH. HB: (731, 321), PosFlotante re-sincronizada a (731.00,321.00)
2025-05-19 17:11:55 - enemigo - [DEBUG] - [Enemigo_1] --- Inicio Update IA --- Delta: 0.0160s. Pos ANTES: HB (719, 301), Rect (716, 298), Flot (719.00, 301.00)
2025-05-19 17:11:55 - enemigo - [DEBUG] - [Enemigo_2] --- Inicio Update IA --- Delta: 0.0160s. Pos ANTES: HB (731, 321), Rect (728, 318), Flot (731.00, 321.00)
2025-05-19 17:11:55 - enemigo - [DEBUG] - [Enemigo_1] Target (centro (753, 311)), Dist: 21.00. Mi Centro HB: (732, 311)
2025-05-19 17:11:55 - enemigo - [DEBUG] - [Enemigo_1] FUERA DE RANGO AGRO/DEMASIADO CERCA. No se calcula mov.
2025-05-19 17:11:55 - enemigo - [DEBUG] - [Enemigo_1] Pos flotante (post-IA y delta): (719.0000, 301.0000)
2025-05-19 17:11:55 - enemigo - [DEBUG] - [Enemigo_1] Sin mov. entero para CH. HB: (719, 301), PosFlotante re-sincronizada a (719.00,301.00)
2025-05-19 17:11:55 - enemigo - [DEBUG] - [Enemigo_2] Target (centro (753, 311)), Dist: 21.93. Mi Centro HB: (744, 331)
2025-05-19 17:11:55 - enemigo - [DEBUG] - [Enemigo_2] FUERA DE RANGO AGRO/DEMASIADO CERCA. No se calcula mov.
2025-05-19 17:11:55 - enemigo - [DEBUG] - [Enemigo_2] Pos flotante (post-IA y delta): (731.0000, 321.0000)
2025-05-19 17:11:55 - enemigo - [DEBUG] - [Enemigo_2] Sin mov. entero para CH. HB: (731, 321), PosFlotante re-sincronizada a (731.00,321.00)
2025-05-19 17:11:55 - enemigo - [DEBUG] - [Enemigo_1] --- Inicio Update IA --- Delta: 0.0170s. Pos ANTES: HB (719, 301), Rect (716, 298), Flot (719.00, 301.00)
2025-05-19 17:11:55 - enemigo - [DEBUG] - [Enemigo_2] --- Inicio Update IA --- Delta: 0.0170s. Pos ANTES: HB (731, 321), Rect (728, 318), Flot (731.00, 321.00)
2025-05-19 17:11:55 - enemigo - [DEBUG] - [Enemigo_1] Target (centro (753, 311)), Dist: 21.00. Mi Centro HB: (732, 311)
2025-05-19 17:11:55 - enemigo - [DEBUG] - [Enemigo_1] FUERA DE RANGO AGRO/DEMASIADO CERCA. No se calcula mov.
2025-05-19 17:11:55 - enemigo - [DEBUG] - [Enemigo_1] Pos flotante (post-IA y delta): (719.0000, 301.0000)
2025-05-19 17:11:55 - enemigo - [DEBUG] - [Enemigo_1] Sin mov. entero para CH. HB: (719, 301), PosFlotante re-sincronizada a (719.00,301.00)
2025-05-19 17:11:55 - enemigo - [DEBUG] - [Enemigo_2] Target (centro (753, 311)), Dist: 21.93. Mi Centro HB: (744, 331)
2025-05-19 17:11:55 - enemigo - [DEBUG] - [Enemigo_2] FUERA DE RANGO AGRO/DEMASIADO CERCA. No se calcula mov.
2025-05-19 17:11:55 - enemigo - [DEBUG] - [Enemigo_2] Pos flotante (post-IA y delta): (731.0000, 321.0000)
2025-05-19 17:11:55 - enemigo - [DEBUG] - [Enemigo_2] Sin mov. entero para CH. HB: (731, 321), PosFlotante re-sincronizada a (731.00,321.00)
2025-05-19 17:11:55 - enemigo - [DEBUG] - [Enemigo_1] --- Inicio Update IA --- Delta: 0.0160s. Pos ANTES: HB (719, 301), Rect (716, 298), Flot (719.00, 301.00)
2025-05-19 17:11:55 - enemigo - [DEBUG] - [Enemigo_2] --- Inicio Update IA --- Delta: 0.0160s. Pos ANTES: HB (731, 321), Rect (728, 318), Flot (731.00, 321.00)
2025-05-19 17:11:55 - enemigo - [DEBUG] - [Enemigo_1] --- Inicio Update IA --- Delta: 0.0170s. Pos ANTES: HB (719, 301), Rect (716, 298), Flot (719.00, 301.00)
2025-05-19 17:11:55 - enemigo - [DEBUG] - [Enemigo_2] --- Inicio Update IA --- Delta: 0.0170s. Pos ANTES: HB (731, 321), Rect (728, 318), Flot (731.00, 321.00)
2025-05-19 17:11:55 - enemigo - [DEBUG] - [Enemigo_1] Target (centro (753, 311)), Dist: 21.00. Mi Centro HB: (732, 311)
2025-05-19 17:11:55 - enemigo - [DEBUG] - [Enemigo_1] FUERA DE RANGO AGRO/DEMASIADO CERCA. No se calcula mov.
2025-05-19 17:11:55 - enemigo - [DEBUG] - [Enemigo_1] Pos flotante (post-IA y delta): (719.0000, 301.0000)
2025-05-19 17:11:55 - enemigo - [DEBUG] - [Enemigo_1] Sin mov. entero para CH. HB: (719, 301), PosFlotante re-sincronizada a (719.00,301.00)
2025-05-19 17:11:55 - enemigo - [DEBUG] - [Enemigo_2] Target (centro (753, 311)), Dist: 21.93. Mi Centro HB: (744, 331)
2025-05-19 17:11:55 - enemigo - [DEBUG] - [Enemigo_2] FUERA DE RANGO AGRO/DEMASIADO CERCA. No se calcula mov.
2025-05-19 17:11:55 - enemigo - [DEBUG] - [Enemigo_2] Pos flotante (post-IA y delta): (731.0000, 321.0000)
2025-05-19 17:11:55 - enemigo - [DEBUG] - [Enemigo_2] Sin mov. entero para CH. HB: (731, 321), PosFlotante re-sincronizada a (731.00,321.00)
2025-05-19 17:11:55 - enemigo - [DEBUG] - [Enemigo_1] --- Inicio Update IA --- Delta: 0.0160s. Pos ANTES: HB (719, 301), Rect (716, 298), Flot (719.00, 301.00)
2025-05-19 17:11:55 - enemigo - [DEBUG] - [Enemigo_2] --- Inicio Update IA --- Delta: 0.0160s. Pos ANTES: HB (731, 321), Rect (728, 318), Flot (731.00, 321.00)
2025-05-19 17:11:55 - enemigo - [DEBUG] - [Enemigo_1] Target (centro (753, 311)), Dist: 21.00. Mi Centro HB: (732, 311)
2025-05-19 17:11:55 - enemigo - [DEBUG] - [Enemigo_1] FUERA DE RANGO AGRO/DEMASIADO CERCA. No se calcula mov.
2025-05-19 17:11:55 - enemigo - [DEBUG] - [Enemigo_1] Pos flotante (post-IA y delta): (719.0000, 301.0000)
2025-05-19 17:11:55 - enemigo - [DEBUG] - [Enemigo_1] Sin mov. entero para CH. HB: (719, 301), PosFlotante re-sincronizada a (719.00,301.00)
2025-05-19 17:11:55 - enemigo - [DEBUG] - [Enemigo_2] Target (centro (753, 311)), Dist: 21.93. Mi Centro HB: (744, 331)
2025-05-19 17:11:55 - enemigo - [DEBUG] - [Enemigo_2] FUERA DE RANGO AGRO/DEMASIADO CERCA. No se calcula mov.
2025-05-19 17:11:55 - enemigo - [DEBUG] - [Enemigo_2] Pos flotante (post-IA y delta): (731.0000, 321.0000)
2025-05-19 17:11:55 - enemigo - [DEBUG] - [Enemigo_2] Sin mov. entero para CH. HB: (731, 321), PosFlotante re-sincronizada a (731.00,321.00)
2025-05-19 17:11:55 - enemigo - [DEBUG] - [Enemigo_1] --- Inicio Update IA --- Delta: 0.0160s. Pos ANTES: HB (719, 301), Rect (716, 298), Flot (719.00, 301.00)
2025-05-19 17:11:55 - enemigo - [DEBUG] - [Enemigo_2] --- Inicio Update IA --- Delta: 0.0160s. Pos ANTES: HB (731, 321), Rect (728, 318), Flot (731.00, 321.00)
2025-05-19 17:11:55 - enemigo - [DEBUG] - [Enemigo_1] Target (centro (753, 311)), Dist: 21.00. Mi Centro HB: (732, 311)
2025-05-19 17:11:55 - enemigo - [DEBUG] - [Enemigo_1] FUERA DE RANGO AGRO/DEMASIADO CERCA. No se calcula mov.
2025-05-19 17:11:55 - enemigo - [DEBUG] - [Enemigo_1] Pos flotante (post-IA y delta): (719.0000, 301.0000)
2025-05-19 17:11:55 - enemigo - [DEBUG] - [Enemigo_1] Sin mov. entero para CH. HB: (719, 301), PosFlotante re-sincronizada a (719.00,301.00)
2025-05-19 17:11:55 - enemigo - [DEBUG] - [Enemigo_2] Target (centro (753, 311)), Dist: 21.93. Mi Centro HB: (744, 331)
2025-05-19 17:11:55 - enemigo - [DEBUG] - [Enemigo_2] FUERA DE RANGO AGRO/DEMASIADO CERCA. No se calcula mov.
2025-05-19 17:11:55 - enemigo - [DEBUG] - [Enemigo_2] Pos flotante (post-IA y delta): (731.0000, 321.0000)
2025-05-19 17:11:55 - enemigo - [DEBUG] - [Enemigo_2] Sin mov. entero para CH. HB: (731, 321), PosFlotante re-sincronizada a (731.00,321.00)
2025-05-19 17:11:55 - enemigo - [DEBUG] - [Enemigo_1] --- Inicio Update IA --- Delta: 0.0160s. Pos ANTES: HB (719, 301), Rect (716, 298), Flot (719.00, 301.00)
2025-05-19 17:11:55 - enemigo - [DEBUG] - [Enemigo_2] --- Inicio Update IA --- Delta: 0.0160s. Pos ANTES: HB (731, 321), Rect (728, 318), Flot (731.00, 321.00)
2025-05-19 17:11:55 - enemigo - [DEBUG] - [Enemigo_1] Target (centro (753, 311)), Dist: 21.00. Mi Centro HB: (732, 311)
2025-05-19 17:11:55 - enemigo - [DEBUG] - [Enemigo_1] FUERA DE RANGO AGRO/DEMASIADO CERCA. No se calcula mov.
2025-05-19 17:11:55 - enemigo - [DEBUG] - [Enemigo_1] Pos flotante (post-IA y delta): (719.0000, 301.0000)
2025-05-19 17:11:55 - enemigo - [DEBUG] - [Enemigo_1] Sin mov. entero para CH. HB: (719, 301), PosFlotante re-sincronizada a (719.00,301.00)
2025-05-19 17:11:55 - enemigo - [DEBUG] - [Enemigo_2] Target (centro (753, 311)), Dist: 21.93. Mi Centro HB: (744, 331)
2025-05-19 17:11:55 - enemigo - [DEBUG] - [Enemigo_2] FUERA DE RANGO AGRO/DEMASIADO CERCA. No se calcula mov.
2025-05-19 17:11:55 - enemigo - [DEBUG] - [Enemigo_2] Pos flotante (post-IA y delta): (731.0000, 321.0000)
2025-05-19 17:11:55 - enemigo - [DEBUG] - [Enemigo_2] Sin mov. entero para CH. HB: (731, 321), PosFlotante re-sincronizada a (731.00,321.00)
2025-05-19 17:11:55 - enemigo - [DEBUG] - [Enemigo_1] --- Inicio Update IA --- Delta: 0.0160s. Pos ANTES: HB (719, 301), Rect (716, 298), Flot (719.00, 301.00)
2025-05-19 17:11:55 - enemigo - [DEBUG] - [Enemigo_2] --- Inicio Update IA --- Delta: 0.0160s. Pos ANTES: HB (731, 321), Rect (728, 318), Flot (731.00, 321.00)
2025-05-19 17:11:55 - enemigo - [DEBUG] - [Enemigo_1] --- Inicio Update IA --- Delta: 0.0170s. Pos ANTES: HB (719, 301), Rect (716, 298), Flot (719.00, 301.00)
2025-05-19 17:11:55 - enemigo - [DEBUG] - [Enemigo_2] --- Inicio Update IA --- Delta: 0.0170s. Pos ANTES: HB (731, 321), Rect (728, 318), Flot (731.00, 321.00)
2025-05-19 17:11:56 - enemigo - [DEBUG] - [Enemigo_1] Target (centro (753, 311)), Dist: 21.00. Mi Centro HB: (732, 311)
2025-05-19 17:11:56 - enemigo - [DEBUG] - [Enemigo_1] FUERA DE RANGO AGRO/DEMASIADO CERCA. No se calcula mov.
2025-05-19 17:11:56 - enemigo - [DEBUG] - [Enemigo_1] Pos flotante (post-IA y delta): (719.0000, 301.0000)
2025-05-19 17:11:56 - enemigo - [DEBUG] - [Enemigo_1] Sin mov. entero para CH. HB: (719, 301), PosFlotante re-sincronizada a (719.00,301.00)
2025-05-19 17:11:56 - enemigo - [DEBUG] - [Enemigo_2] Target (centro (753, 311)), Dist: 21.93. Mi Centro HB: (744, 331)
2025-05-19 17:11:56 - enemigo - [DEBUG] - [Enemigo_2] FUERA DE RANGO AGRO/DEMASIADO CERCA. No se calcula mov.
2025-05-19 17:11:56 - enemigo - [DEBUG] - [Enemigo_2] Pos flotante (post-IA y delta): (731.0000, 321.0000)
2025-05-19 17:11:56 - enemigo - [DEBUG] - [Enemigo_2] Sin mov. entero para CH. HB: (731, 321), PosFlotante re-sincronizada a (731.00,321.00)
2025-05-19 17:11:56 - enemigo - [DEBUG] - [Enemigo_1] --- Inicio Update IA --- Delta: 0.0160s. Pos ANTES: HB (719, 301), Rect (716, 298), Flot (719.00, 301.00)
2025-05-19 17:11:56 - enemigo - [DEBUG] - [Enemigo_2] --- Inicio Update IA --- Delta: 0.0160s. Pos ANTES: HB (731, 321), Rect (728, 318), Flot (731.00, 321.00)
2025-05-19 17:11:56 - enemigo - [DEBUG] - [Enemigo_1] Target (centro (753, 311)), Dist: 21.00. Mi Centro HB: (732, 311)
2025-05-19 17:11:56 - enemigo - [DEBUG] - [Enemigo_1] FUERA DE RANGO AGRO/DEMASIADO CERCA. No se calcula mov.
2025-05-19 17:11:56 - enemigo - [DEBUG] - [Enemigo_1] Pos flotante (post-IA y delta): (719.0000, 301.0000)
2025-05-19 17:11:56 - enemigo - [DEBUG] - [Enemigo_1] Sin mov. entero para CH. HB: (719, 301), PosFlotante re-sincronizada a (719.00,301.00)
2025-05-19 17:11:56 - enemigo - [DEBUG] - [Enemigo_2] Target (centro (753, 311)), Dist: 21.93. Mi Centro HB: (744, 331)
2025-05-19 17:11:56 - enemigo - [DEBUG] - [Enemigo_2] FUERA DE RANGO AGRO/DEMASIADO CERCA. No se calcula mov.
2025-05-19 17:11:56 - enemigo - [DEBUG] - [Enemigo_2] Pos flotante (post-IA y delta): (731.0000, 321.0000)
2025-05-19 17:11:56 - enemigo - [DEBUG] - [Enemigo_2] Sin mov. entero para CH. HB: (731, 321), PosFlotante re-sincronizada a (731.00,321.00)
2025-05-19 17:11:56 - enemigo - [DEBUG] - [Enemigo_1] --- Inicio Update IA --- Delta: 0.0160s. Pos ANTES: HB (719, 301), Rect (716, 298), Flot (719.00, 301.00)
2025-05-19 17:11:56 - enemigo - [DEBUG] - [Enemigo_2] --- Inicio Update IA --- Delta: 0.0160s. Pos ANTES: HB (731, 321), Rect (728, 318), Flot (731.00, 321.00)
2025-05-19 17:11:56 - enemigo - [DEBUG] - [Enemigo_1] --- Inicio Update IA --- Delta: 0.0170s. Pos ANTES: HB (719, 301), Rect (716, 298), Flot (719.00, 301.00)
2025-05-19 17:11:56 - enemigo - [DEBUG] - [Enemigo_1] Target (centro (753, 311)), Dist: 21.00. Mi Centro HB: (732, 311)
2025-05-19 17:11:56 - enemigo - [DEBUG] - [Enemigo_1] FUERA DE RANGO AGRO/DEMASIADO CERCA. No se calcula mov.
2025-05-19 17:11:56 - enemigo - [DEBUG] - [Enemigo_1] Pos flotante (post-IA y delta): (719.0000, 301.0000)
2025-05-19 17:11:56 - enemigo - [DEBUG] - [Enemigo_1] Sin mov. entero para CH. HB: (719, 301), PosFlotante re-sincronizada a (719.00,301.00)
2025-05-19 17:11:56 - enemigo - [DEBUG] - [Enemigo_2] --- Inicio Update IA --- Delta: 0.0170s. Pos ANTES: HB (731, 321), Rect (728, 318), Flot (731.00, 321.00)
2025-05-19 17:11:56 - enemigo - [DEBUG] - [Enemigo_2] Target (centro (753, 311)), Dist: 21.93. Mi Centro HB: (744, 331)
2025-05-19 17:11:56 - enemigo - [DEBUG] - [Enemigo_2] FUERA DE RANGO AGRO/DEMASIADO CERCA. No se calcula mov.
2025-05-19 17:11:56 - enemigo - [DEBUG] - [Enemigo_2] Pos flotante (post-IA y delta): (731.0000, 321.0000)
2025-05-19 17:11:56 - enemigo - [DEBUG] - [Enemigo_2] Sin mov. entero para CH. HB: (731, 321), PosFlotante re-sincronizada a (731.00,321.00)
2025-05-19 17:11:56 - enemigo - [DEBUG] - [Enemigo_1] --- Inicio Update IA --- Delta: 0.0160s. Pos ANTES: HB (719, 301), Rect (716, 298), Flot (719.00, 301.00)
2025-05-19 17:11:56 - enemigo - [DEBUG] - [Enemigo_2] --- Inicio Update IA --- Delta: 0.0160s. Pos ANTES: HB (731, 321), Rect (728, 318), Flot (731.00, 321.00)
2025-05-19 17:11:56 - enemigo - [DEBUG] - [Enemigo_1] Target (centro (753, 311)), Dist: 21.00. Mi Centro HB: (732, 311)
2025-05-19 17:11:56 - enemigo - [DEBUG] - [Enemigo_1] FUERA DE RANGO AGRO/DEMASIADO CERCA. No se calcula mov.
2025-05-19 17:11:56 - enemigo - [DEBUG] - [Enemigo_1] Pos flotante (post-IA y delta): (719.0000, 301.0000)
2025-05-19 17:11:56 - enemigo - [DEBUG] - [Enemigo_1] Sin mov. entero para CH. HB: (719, 301), PosFlotante re-sincronizada a (719.00,301.00)
2025-05-19 17:11:56 - enemigo - [DEBUG] - [Enemigo_2] Target (centro (753, 311)), Dist: 21.93. Mi Centro HB: (744, 331)
2025-05-19 17:11:56 - enemigo - [DEBUG] - [Enemigo_2] FUERA DE RANGO AGRO/DEMASIADO CERCA. No se calcula mov.
2025-05-19 17:11:56 - enemigo - [DEBUG] - [Enemigo_2] Pos flotante (post-IA y delta): (731.0000, 321.0000)
2025-05-19 17:11:56 - enemigo - [DEBUG] - [Enemigo_2] Sin mov. entero para CH. HB: (731, 321), PosFlotante re-sincronizada a (731.00,321.00)
2025-05-19 17:11:56 - enemigo - [DEBUG] - [Enemigo_1] --- Inicio Update IA --- Delta: 0.0160s. Pos ANTES: HB (719, 301), Rect (716, 298), Flot (719.00, 301.00)
2025-05-19 17:11:56 - enemigo - [DEBUG] - [Enemigo_2] --- Inicio Update IA --- Delta: 0.0160s. Pos ANTES: HB (731, 321), Rect (728, 318), Flot (731.00, 321.00)
2025-05-19 17:11:56 - enemigo - [DEBUG] - [Enemigo_1] Target (centro (753, 311)), Dist: 21.00. Mi Centro HB: (732, 311)
2025-05-19 17:11:56 - enemigo - [DEBUG] - [Enemigo_1] FUERA DE RANGO AGRO/DEMASIADO CERCA. No se calcula mov.
2025-05-19 17:11:56 - enemigo - [DEBUG] - [Enemigo_1] Pos flotante (post-IA y delta): (719.0000, 301.0000)
2025-05-19 17:11:56 - enemigo - [DEBUG] - [Enemigo_1] Sin mov. entero para CH. HB: (719, 301), PosFlotante re-sincronizada a (719.00,301.00)
2025-05-19 17:11:56 - enemigo - [DEBUG] - [Enemigo_2] Target (centro (753, 311)), Dist: 21.93. Mi Centro HB: (744, 331)
2025-05-19 17:11:56 - enemigo - [DEBUG] - [Enemigo_2] FUERA DE RANGO AGRO/DEMASIADO CERCA. No se calcula mov.
2025-05-19 17:11:56 - enemigo - [DEBUG] - [Enemigo_2] Pos flotante (post-IA y delta): (731.0000, 321.0000)
2025-05-19 17:11:56 - enemigo - [DEBUG] - [Enemigo_2] Sin mov. entero para CH. HB: (731, 321), PosFlotante re-sincronizada a (731.00,321.00)
2025-05-19 17:11:56 - enemigo - [DEBUG] - [Enemigo_1] --- Inicio Update IA --- Delta: 0.0160s. Pos ANTES: HB (719, 301), Rect (716, 298), Flot (719.00, 301.00)
2025-05-19 17:11:56 - enemigo - [DEBUG] - [Enemigo_2] --- Inicio Update IA --- Delta: 0.0160s. Pos ANTES: HB (731, 321), Rect (728, 318), Flot (731.00, 321.00)
2025-05-19 17:11:56 - enemigo - [DEBUG] - [Enemigo_1] --- Inicio Update IA --- Delta: 0.0170s. Pos ANTES: HB (719, 301), Rect (716, 298), Flot (719.00, 301.00)
2025-05-19 17:11:56 - enemigo - [DEBUG] - [Enemigo_1] Target (centro (753, 311)), Dist: 21.00. Mi Centro HB: (732, 311)
2025-05-19 17:11:56 - enemigo - [DEBUG] - [Enemigo_1] FUERA DE RANGO AGRO/DEMASIADO CERCA. No se calcula mov.
2025-05-19 17:11:56 - enemigo - [DEBUG] - [Enemigo_1] Pos flotante (post-IA y delta): (719.0000, 301.0000)
2025-05-19 17:11:56 - enemigo - [DEBUG] - [Enemigo_1] Sin mov. entero para CH. HB: (719, 301), PosFlotante re-sincronizada a (719.00,301.00)
2025-05-19 17:11:56 - enemigo - [DEBUG] - [Enemigo_2] --- Inicio Update IA --- Delta: 0.0170s. Pos ANTES: HB (731, 321), Rect (728, 318), Flot (731.00, 321.00)
2025-05-19 17:11:56 - enemigo - [DEBUG] - [Enemigo_2] Target (centro (753, 311)), Dist: 21.93. Mi Centro HB: (744, 331)
2025-05-19 17:11:56 - enemigo - [DEBUG] - [Enemigo_2] FUERA DE RANGO AGRO/DEMASIADO CERCA. No se calcula mov.
2025-05-19 17:11:56 - enemigo - [DEBUG] - [Enemigo_2] Pos flotante (post-IA y delta): (731.0000, 321.0000)
2025-05-19 17:11:56 - enemigo - [DEBUG] - [Enemigo_2] Sin mov. entero para CH. HB: (731, 321), PosFlotante re-sincronizada a (731.00,321.00)
2025-05-19 17:11:56 - enemigo - [DEBUG] - [Enemigo_1] --- Inicio Update IA --- Delta: 0.0160s. Pos ANTES: HB (719, 301), Rect (716, 298), Flot (719.00, 301.00)
2025-05-19 17:11:56 - enemigo - [DEBUG] - [Enemigo_2] --- Inicio Update IA --- Delta: 0.0160s. Pos ANTES: HB (731, 321), Rect (728, 318), Flot (731.00, 321.00)
2025-05-19 17:11:56 - enemigo - [DEBUG] - [Enemigo_1] Target (centro (753, 311)), Dist: 21.00. Mi Centro HB: (732, 311)
2025-05-19 17:11:56 - enemigo - [DEBUG] - [Enemigo_1] FUERA DE RANGO AGRO/DEMASIADO CERCA. No se calcula mov.
2025-05-19 17:11:56 - enemigo - [DEBUG] - [Enemigo_1] Pos flotante (post-IA y delta): (719.0000, 301.0000)
2025-05-19 17:11:56 - enemigo - [DEBUG] - [Enemigo_1] Sin mov. entero para CH. HB: (719, 301), PosFlotante re-sincronizada a (719.00,301.00)
2025-05-19 17:11:56 - enemigo - [DEBUG] - [Enemigo_2] Target (centro (753, 311)), Dist: 21.93. Mi Centro HB: (744, 331)
2025-05-19 17:11:56 - enemigo - [DEBUG] - [Enemigo_2] FUERA DE RANGO AGRO/DEMASIADO CERCA. No se calcula mov.
2025-05-19 17:11:56 - enemigo - [DEBUG] - [Enemigo_2] Pos flotante (post-IA y delta): (731.0000, 321.0000)
2025-05-19 17:11:56 - enemigo - [DEBUG] - [Enemigo_2] Sin mov. entero para CH. HB: (731, 321), PosFlotante re-sincronizada a (731.00,321.00)
2025-05-19 17:11:56 - enemigo - [DEBUG] - [Enemigo_1] --- Inicio Update IA --- Delta: 0.0170s. Pos ANTES: HB (719, 301), Rect (716, 298), Flot (719.00, 301.00)
2025-05-19 17:11:56 - enemigo - [DEBUG] - [Enemigo_2] --- Inicio Update IA --- Delta: 0.0170s. Pos ANTES: HB (731, 321), Rect (728, 318), Flot (731.00, 321.00)
2025-05-19 17:11:56 - enemigo - [DEBUG] - [Enemigo_1] --- Inicio Update IA --- Delta: 0.0160s. Pos ANTES: HB (719, 301), Rect (716, 298), Flot (719.00, 301.00)
2025-05-19 17:11:56 - enemigo - [DEBUG] - [Enemigo_2] --- Inicio Update IA --- Delta: 0.0160s. Pos ANTES: HB (731, 321), Rect (728, 318), Flot (731.00, 321.00)
2025-05-19 17:11:56 - enemigo - [DEBUG] - [Enemigo_1] Target (centro (753, 311)), Dist: 21.00. Mi Centro HB: (732, 311)
2025-05-19 17:11:56 - enemigo - [DEBUG] - [Enemigo_1] FUERA DE RANGO AGRO/DEMASIADO CERCA. No se calcula mov.
2025-05-19 17:11:56 - enemigo - [DEBUG] - [Enemigo_1] Pos flotante (post-IA y delta): (719.0000, 301.0000)
2025-05-19 17:11:56 - enemigo - [DEBUG] - [Enemigo_1] Sin mov. entero para CH. HB: (719, 301), PosFlotante re-sincronizada a (719.00,301.00)
2025-05-19 17:11:56 - enemigo - [DEBUG] - [Enemigo_2] Target (centro (753, 311)), Dist: 21.93. Mi Centro HB: (744, 331)
2025-05-19 17:11:56 - enemigo - [DEBUG] - [Enemigo_2] FUERA DE RANGO AGRO/DEMASIADO CERCA. No se calcula mov.
2025-05-19 17:11:56 - enemigo - [DEBUG] - [Enemigo_2] Pos flotante (post-IA y delta): (731.0000, 321.0000)
2025-05-19 17:11:56 - enemigo - [DEBUG] - [Enemigo_2] Sin mov. entero para CH. HB: (731, 321), PosFlotante re-sincronizada a (731.00,321.00)
2025-05-19 17:11:56 - enemigo - [DEBUG] - [Enemigo_1] --- Inicio Update IA --- Delta: 0.0170s. Pos ANTES: HB (719, 301), Rect (716, 298), Flot (719.00, 301.00)
2025-05-19 17:11:56 - enemigo - [DEBUG] - [Enemigo_2] --- Inicio Update IA --- Delta: 0.0170s. Pos ANTES: HB (731, 321), Rect (728, 318), Flot (731.00, 321.00)
2025-05-19 17:11:56 - enemigo - [DEBUG] - [Enemigo_1] --- Inicio Update IA --- Delta: 0.0160s. Pos ANTES: HB (719, 301), Rect (716, 298), Flot (719.00, 301.00)
2025-05-19 17:11:56 - enemigo - [DEBUG] - [Enemigo_2] --- Inicio Update IA --- Delta: 0.0160s. Pos ANTES: HB (731, 321), Rect (728, 318), Flot (731.00, 321.00)
2025-05-19 17:11:56 - enemigo - [DEBUG] - [Enemigo_1] Target (centro (753, 311)), Dist: 21.00. Mi Centro HB: (732, 311)
2025-05-19 17:11:56 - enemigo - [DEBUG] - [Enemigo_1] FUERA DE RANGO AGRO/DEMASIADO CERCA. No se calcula mov.
2025-05-19 17:11:56 - enemigo - [DEBUG] - [Enemigo_1] Pos flotante (post-IA y delta): (719.0000, 301.0000)
2025-05-19 17:11:56 - enemigo - [DEBUG] - [Enemigo_1] Sin mov. entero para CH. HB: (719, 301), PosFlotante re-sincronizada a (719.00,301.00)
2025-05-19 17:11:56 - enemigo - [DEBUG] - [Enemigo_2] Target (centro (753, 311)), Dist: 21.93. Mi Centro HB: (744, 331)
2025-05-19 17:11:56 - enemigo - [DEBUG] - [Enemigo_2] FUERA DE RANGO AGRO/DEMASIADO CERCA. No se calcula mov.
2025-05-19 17:11:56 - enemigo - [DEBUG] - [Enemigo_2] Pos flotante (post-IA y delta): (731.0000, 321.0000)
2025-05-19 17:11:56 - enemigo - [DEBUG] - [Enemigo_2] Sin mov. entero para CH. HB: (731, 321), PosFlotante re-sincronizada a (731.00,321.00)
2025-05-19 17:11:56 - enemigo - [DEBUG] - [Enemigo_1] --- Inicio Update IA --- Delta: 0.0160s. Pos ANTES: HB (719, 301), Rect (716, 298), Flot (719.00, 301.00)
2025-05-19 17:11:56 - enemigo - [DEBUG] - [Enemigo_2] --- Inicio Update IA --- Delta: 0.0160s. Pos ANTES: HB (731, 321), Rect (728, 318), Flot (731.00, 321.00)
2025-05-19 17:11:56 - enemigo - [DEBUG] - [Enemigo_1] --- Inicio Update IA --- Delta: 0.0170s. Pos ANTES: HB (719, 301), Rect (716, 298), Flot (719.00, 301.00)
2025-05-19 17:11:56 - enemigo - [DEBUG] - [Enemigo_2] --- Inicio Update IA --- Delta: 0.0170s. Pos ANTES: HB (731, 321), Rect (728, 318), Flot (731.00, 321.00)
2025-05-19 17:11:56 - enemigo - [DEBUG] - [Enemigo_1] Target (centro (753, 311)), Dist: 21.00. Mi Centro HB: (732, 311)
2025-05-19 17:11:56 - enemigo - [DEBUG] - [Enemigo_1] FUERA DE RANGO AGRO/DEMASIADO CERCA. No se calcula mov.
2025-05-19 17:11:56 - enemigo - [DEBUG] - [Enemigo_1] Pos flotante (post-IA y delta): (719.0000, 301.0000)
2025-05-19 17:11:56 - enemigo - [DEBUG] - [Enemigo_1] Sin mov. entero para CH. HB: (719, 301), PosFlotante re-sincronizada a (719.00,301.00)
2025-05-19 17:11:56 - enemigo - [DEBUG] - [Enemigo_2] Target (centro (753, 311)), Dist: 21.93. Mi Centro HB: (744, 331)
2025-05-19 17:11:56 - enemigo - [DEBUG] - [Enemigo_2] FUERA DE RANGO AGRO/DEMASIADO CERCA. No se calcula mov.
2025-05-19 17:11:56 - enemigo - [DEBUG] - [Enemigo_2] Pos flotante (post-IA y delta): (731.0000, 321.0000)
2025-05-19 17:11:56 - enemigo - [DEBUG] - [Enemigo_2] Sin mov. entero para CH. HB: (731, 321), PosFlotante re-sincronizada a (731.00,321.00)
2025-05-19 17:11:56 - enemigo - [DEBUG] - [Enemigo_1] --- Inicio Update IA --- Delta: 0.0160s. Pos ANTES: HB (719, 301), Rect (716, 298), Flot (719.00, 301.00)
2025-05-19 17:11:56 - enemigo - [DEBUG] - [Enemigo_2] --- Inicio Update IA --- Delta: 0.0160s. Pos ANTES: HB (731, 321), Rect (728, 318), Flot (731.00, 321.00)
2025-05-19 17:11:56 - enemigo - [DEBUG] - [Enemigo_1] --- Inicio Update IA --- Delta: 0.0170s. Pos ANTES: HB (719, 301), Rect (716, 298), Flot (719.00, 301.00)
2025-05-19 17:11:56 - enemigo - [DEBUG] - [Enemigo_2] --- Inicio Update IA --- Delta: 0.0170s. Pos ANTES: HB (731, 321), Rect (728, 318), Flot (731.00, 321.00)
2025-05-19 17:11:56 - enemigo - [DEBUG] - [Enemigo_1] Target (centro (753, 311)), Dist: 21.00. Mi Centro HB: (732, 311)
2025-05-19 17:11:56 - enemigo - [DEBUG] - [Enemigo_1] FUERA DE RANGO AGRO/DEMASIADO CERCA. No se calcula mov.
2025-05-19 17:11:56 - enemigo - [DEBUG] - [Enemigo_1] Pos flotante (post-IA y delta): (719.0000, 301.0000)
2025-05-19 17:11:56 - enemigo - [DEBUG] - [Enemigo_1] Sin mov. entero para CH. HB: (719, 301), PosFlotante re-sincronizada a (719.00,301.00)
2025-05-19 17:11:56 - enemigo - [DEBUG] - [Enemigo_2] Target (centro (753, 311)), Dist: 21.93. Mi Centro HB: (744, 331)
2025-05-19 17:11:56 - enemigo - [DEBUG] - [Enemigo_2] FUERA DE RANGO AGRO/DEMASIADO CERCA. No se calcula mov.
2025-05-19 17:11:56 - enemigo - [DEBUG] - [Enemigo_2] Pos flotante (post-IA y delta): (731.0000, 321.0000)
2025-05-19 17:11:56 - enemigo - [DEBUG] - [Enemigo_2] Sin mov. entero para CH. HB: (731, 321), PosFlotante re-sincronizada a (731.00,321.00)
2025-05-19 17:11:56 - enemigo - [DEBUG] - [Enemigo_1] --- Inicio Update IA --- Delta: 0.0160s. Pos ANTES: HB (719, 301), Rect (716, 298), Flot (719.00, 301.00)
2025-05-19 17:11:56 - enemigo - [DEBUG] - [Enemigo_2] --- Inicio Update IA --- Delta: 0.0160s. Pos ANTES: HB (731, 321), Rect (728, 318), Flot (731.00, 321.00)
2025-05-19 17:11:56 - enemigo - [DEBUG] - [Enemigo_1] --- Inicio Update IA --- Delta: 0.0170s. Pos ANTES: HB (719, 301), Rect (716, 298), Flot (719.00, 301.00)
2025-05-19 17:11:56 - enemigo - [DEBUG] - [Enemigo_2] --- Inicio Update IA --- Delta: 0.0170s. Pos ANTES: HB (731, 321), Rect (728, 318), Flot (731.00, 321.00)
2025-05-19 17:11:56 - enemigo - [DEBUG] - [Enemigo_1] Target (centro (753, 311)), Dist: 21.00. Mi Centro HB: (732, 311)
2025-05-19 17:11:56 - enemigo - [DEBUG] - [Enemigo_1] FUERA DE RANGO AGRO/DEMASIADO CERCA. No se calcula mov.
2025-05-19 17:11:56 - enemigo - [DEBUG] - [Enemigo_1] Pos flotante (post-IA y delta): (719.0000, 301.0000)
2025-05-19 17:11:56 - enemigo - [DEBUG] - [Enemigo_1] Sin mov. entero para CH. HB: (719, 301), PosFlotante re-sincronizada a (719.00,301.00)
2025-05-19 17:11:56 - enemigo - [DEBUG] - [Enemigo_2] Target (centro (753, 311)), Dist: 21.93. Mi Centro HB: (744, 331)
2025-05-19 17:11:56 - enemigo - [DEBUG] - [Enemigo_2] FUERA DE RANGO AGRO/DEMASIADO CERCA. No se calcula mov.
2025-05-19 17:11:56 - enemigo - [DEBUG] - [Enemigo_2] Pos flotante (post-IA y delta): (731.0000, 321.0000)
2025-05-19 17:11:56 - enemigo - [DEBUG] - [Enemigo_2] Sin mov. entero para CH. HB: (731, 321), PosFlotante re-sincronizada a (731.00,321.00)
2025-05-19 17:11:56 - enemigo - [DEBUG] - [Enemigo_1] --- Inicio Update IA --- Delta: 0.0170s. Pos ANTES: HB (719, 301), Rect (716, 298), Flot (719.00, 301.00)
2025-05-19 17:11:56 - enemigo - [DEBUG] - [Enemigo_2] --- Inicio Update IA --- Delta: 0.0170s. Pos ANTES: HB (731, 321), Rect (728, 318), Flot (731.00, 321.00)
2025-05-19 17:11:56 - enemigo - [DEBUG] - [Enemigo_1] --- Inicio Update IA --- Delta: 0.0160s. Pos ANTES: HB (719, 301), Rect (716, 298), Flot (719.00, 301.00)
2025-05-19 17:11:56 - enemigo - [DEBUG] - [Enemigo_1] Target (centro (753, 311)), Dist: 21.00. Mi Centro HB: (732, 311)
2025-05-19 17:11:56 - enemigo - [DEBUG] - [Enemigo_1] FUERA DE RANGO AGRO/DEMASIADO CERCA. No se calcula mov.
2025-05-19 17:11:56 - enemigo - [DEBUG] - [Enemigo_1] Pos flotante (post-IA y delta): (719.0000, 301.0000)
2025-05-19 17:11:56 - enemigo - [DEBUG] - [Enemigo_1] Sin mov. entero para CH. HB: (719, 301), PosFlotante re-sincronizada a (719.00,301.00)
2025-05-19 17:11:56 - enemigo - [DEBUG] - [Enemigo_2] --- Inicio Update IA --- Delta: 0.0160s. Pos ANTES: HB (731, 321), Rect (728, 318), Flot (731.00, 321.00)
2025-05-19 17:11:56 - enemigo - [DEBUG] - [Enemigo_2] Target (centro (753, 311)), Dist: 21.93. Mi Centro HB: (744, 331)
2025-05-19 17:11:56 - enemigo - [DEBUG] - [Enemigo_2] FUERA DE RANGO AGRO/DEMASIADO CERCA. No se calcula mov.
2025-05-19 17:11:56 - enemigo - [DEBUG] - [Enemigo_2] Pos flotante (post-IA y delta): (731.0000, 321.0000)
2025-05-19 17:11:56 - enemigo - [DEBUG] - [Enemigo_2] Sin mov. entero para CH. HB: (731, 321), PosFlotante re-sincronizada a (731.00,321.00)
2025-05-19 17:11:56 - enemigo - [DEBUG] - [Enemigo_1] --- Inicio Update IA --- Delta: 0.0160s. Pos ANTES: HB (719, 301), Rect (716, 298), Flot (719.00, 301.00)
2025-05-19 17:11:56 - enemigo - [DEBUG] - [Enemigo_1] Target (centro (753, 311)), Dist: 21.00. Mi Centro HB: (732, 311)
2025-05-19 17:11:56 - enemigo - [DEBUG] - [Enemigo_1] FUERA DE RANGO AGRO/DEMASIADO CERCA. No se calcula mov.
2025-05-19 17:11:56 - enemigo - [DEBUG] - [Enemigo_1] Pos flotante (post-IA y delta): (719.0000, 301.0000)
2025-05-19 17:11:56 - enemigo - [DEBUG] - [Enemigo_1] Sin mov. entero para CH. HB: (719, 301), PosFlotante re-sincronizada a (719.00,301.00)
2025-05-19 17:11:56 - enemigo - [DEBUG] - [Enemigo_2] --- Inicio Update IA --- Delta: 0.0160s. Pos ANTES: HB (731, 321), Rect (728, 318), Flot (731.00, 321.00)
2025-05-19 17:11:56 - enemigo - [DEBUG] - [Enemigo_2] Target (centro (753, 311)), Dist: 21.93. Mi Centro HB: (744, 331)
2025-05-19 17:11:56 - enemigo - [DEBUG] - [Enemigo_2] FUERA DE RANGO AGRO/DEMASIADO CERCA. No se calcula mov.
2025-05-19 17:11:56 - enemigo - [DEBUG] - [Enemigo_2] Pos flotante (post-IA y delta): (731.0000, 321.0000)
2025-05-19 17:11:56 - enemigo - [DEBUG] - [Enemigo_2] Sin mov. entero para CH. HB: (731, 321), PosFlotante re-sincronizada a (731.00,321.00)
2025-05-19 17:11:56 - enemigo - [DEBUG] - [Enemigo_1] --- Inicio Update IA --- Delta: 0.0160s. Pos ANTES: HB (719, 301), Rect (716, 298), Flot (719.00, 301.00)
2025-05-19 17:11:56 - enemigo - [DEBUG] - [Enemigo_1] Target (centro (753, 311)), Dist: 21.00. Mi Centro HB: (732, 311)
2025-05-19 17:11:56 - enemigo - [DEBUG] - [Enemigo_1] FUERA DE RANGO AGRO/DEMASIADO CERCA. No se calcula mov.
2025-05-19 17:11:56 - enemigo - [DEBUG] - [Enemigo_1] Pos flotante (post-IA y delta): (719.0000, 301.0000)
2025-05-19 17:11:56 - enemigo - [DEBUG] - [Enemigo_1] Sin mov. entero para CH. HB: (719, 301), PosFlotante re-sincronizada a (719.00,301.00)
2025-05-19 17:11:56 - enemigo - [DEBUG] - [Enemigo_2] --- Inicio Update IA --- Delta: 0.0160s. Pos ANTES: HB (731, 321), Rect (728, 318), Flot (731.00, 321.00)
2025-05-19 17:11:56 - enemigo - [DEBUG] - [Enemigo_2] Target (centro (753, 311)), Dist: 21.93. Mi Centro HB: (744, 331)
2025-05-19 17:11:56 - enemigo - [DEBUG] - [Enemigo_2] FUERA DE RANGO AGRO/DEMASIADO CERCA. No se calcula mov.
2025-05-19 17:11:56 - enemigo - [DEBUG] - [Enemigo_2] Pos flotante (post-IA y delta): (731.0000, 321.0000)
2025-05-19 17:11:56 - enemigo - [DEBUG] - [Enemigo_2] Sin mov. entero para CH. HB: (731, 321), PosFlotante re-sincronizada a (731.00,321.00)
2025-05-19 17:11:56 - enemigo - [DEBUG] - [Enemigo_1] --- Inicio Update IA --- Delta: 0.0180s. Pos ANTES: HB (719, 301), Rect (716, 298), Flot (719.00, 301.00)
2025-05-19 17:11:56 - enemigo - [DEBUG] - [Enemigo_2] --- Inicio Update IA --- Delta: 0.0180s. Pos ANTES: HB (731, 321), Rect (728, 318), Flot (731.00, 321.00)
