2025-05-19 17:11:49 - jugador - [DEBUG] - [JUGADOR_0] Hitbox recalculado a: <rect(404, 306, 24, 22)>
2025-05-19 17:11:49 - jugador - [DEBUG] - [JUGADOR_0] Input teclado procesado: mov_x_input_raw=0, mov_y_input_raw=0
2025-05-19 17:11:49 - jugador - [DEBUG] - [JUGADOR_0] Delta flotante intentado: dx=0.0000, dy=0.0000 (delta_time: 0.0170)
2025-05-19 17:11:49 - jugador - [DEBUG] - [JUGADOR_0] Pos flotante (pre-límites): (404.0000, 306.0000)
2025-05-19 17:11:49 - jugador - [DEBUG] - [JUGADOR_0] Pos flotante (post-límites): (404.0000, 306.0000)
2025-05-19 17:11:49 - jugador - [DEBUG] - [JUGADOR_0] Sin mov. para CH (delta_int fue 0). HB: (404, 306), PosFlotante: (404.0000, 306.0000)
2025-05-19 17:11:49 - jugador - [DEBUG] - [JUGADOR_0] Delta flotante intentado: dx=0.0000, dy=0.0000 (delta_time: 0.0160)
2025-05-19 17:11:49 - jugador - [DEBUG] - [JUGADOR_0] Input teclado procesado: mov_x_input_raw=0, mov_y_input_raw=0
2025-05-19 17:11:49 - jugador - [DEBUG] - [JUGADOR_0] Pos flotante (pre-límites): (404.0000, 306.0000)
2025-05-19 17:11:49 - jugador - [DEBUG] - [JUGADOR_0] Pos flotante (post-límites): (404.0000, 306.0000)
2025-05-19 17:11:49 - jugador - [DEBUG] - [JUGADOR_0] Sin mov. para CH (delta_int fue 0). HB: (404, 306), PosFlotante: (404.0000, 306.0000)
2025-05-19 17:11:49 - jugador - [DEBUG] - [JUGADOR_0] Delta flotante intentado: dx=0.0000, dy=0.0000 (delta_time: 0.0160)
2025-05-19 17:11:49 - jugador - [DEBUG] - [JUGADOR_0] Delta flotante intentado: dx=0.0000, dy=0.0000 (delta_time: 0.0170)
2025-05-19 17:11:50 - jugador - [DEBUG] - [JUGADOR_0] Input teclado procesado: mov_x_input_raw=0, mov_y_input_raw=0
2025-05-19 17:11:50 - jugador - [DEBUG] - [JUGADOR_0] Pos flotante (pre-límites): (404.0000, 306.0000)
2025-05-19 17:11:50 - jugador - [DEBUG] - [JUGADOR_0] Pos flotante (post-límites): (404.0000, 306.0000)
2025-05-19 17:11:50 - jugador - [DEBUG] - [JUGADOR_0] Sin mov. para CH (delta_int fue 0). HB: (404, 306), PosFlotante: (404.0000, 306.0000)
2025-05-19 17:11:50 - jugador - [DEBUG] - [JUGADOR_0] Delta flotante intentado: dx=0.0000, dy=0.0000 (delta_time: 0.0160)
2025-05-19 17:11:50 - jugador - [DEBUG] - [JUGADOR_0] Input teclado procesado: mov_x_input_raw=0, mov_y_input_raw=0
2025-05-19 17:11:50 - jugador - [DEBUG] - [JUGADOR_0] Delta flotante intentado: dx=0.0000, dy=0.0000 (delta_time: 0.0170)
2025-05-19 17:11:50 - jugador - [DEBUG] - [JUGADOR_0] Pos flotante (pre-límites): (404.0000, 306.0000)
2025-05-19 17:11:50 - jugador - [DEBUG] - [JUGADOR_0] Pos flotante (post-límites): (404.0000, 306.0000)
2025-05-19 17:11:50 - jugador - [DEBUG] - [JUGADOR_0] Sin mov. para CH (delta_int fue 0). HB: (404, 306), PosFlotante: (404.0000, 306.0000)
2025-05-19 17:11:50 - jugador - [DEBUG] - [JUGADOR_0] Delta flotante intentado: dx=0.0000, dy=0.0000 (delta_time: 0.0160)
2025-05-19 17:11:50 - jugador - [DEBUG] - [JUGADOR_0] Input teclado procesado: mov_x_input_raw=0, mov_y_input_raw=0
2025-05-19 17:11:50 - jugador - [DEBUG] - [JUGADOR_0] Pos flotante (pre-límites): (404.0000, 306.0000)
2025-05-19 17:11:50 - jugador - [DEBUG] - [JUGADOR_0] Pos flotante (post-límites): (404.0000, 306.0000)
2025-05-19 17:11:50 - jugador - [DEBUG] - [JUGADOR_0] Sin mov. para CH (delta_int fue 0). HB: (404, 306), PosFlotante: (404.0000, 306.0000)
2025-05-19 17:11:50 - jugador - [DEBUG] - [JUGADOR_0] Delta flotante intentado: dx=0.0000, dy=0.0000 (delta_time: 0.0160)
2025-05-19 17:11:50 - jugador - [DEBUG] - [JUGADOR_0] Delta flotante intentado: dx=0.0000, dy=0.0000 (delta_time: 0.0180)
2025-05-19 17:11:50 - jugador - [DEBUG] - [JUGADOR_0] Input teclado procesado: mov_x_input_raw=0, mov_y_input_raw=0
2025-05-19 17:11:50 - jugador - [DEBUG] - [JUGADOR_0] Pos flotante (pre-límites): (404.0000, 306.0000)
2025-05-19 17:11:50 - jugador - [DEBUG] - [JUGADOR_0] Pos flotante (post-límites): (404.0000, 306.0000)
2025-05-19 17:11:50 - jugador - [DEBUG] - [JUGADOR_0] Sin mov. para CH (delta_int fue 0). HB: (404, 306), PosFlotante: (404.0000, 306.0000)
2025-05-19 17:11:50 - jugador - [DEBUG] - [JUGADOR_0] Delta flotante intentado: dx=0.0000, dy=0.0000 (delta_time: 0.0170)
2025-05-19 17:11:50 - jugador - [DEBUG] - [JUGADOR_0] Input teclado procesado: mov_x_input_raw=0, mov_y_input_raw=0
2025-05-19 17:11:50 - jugador - [DEBUG] - [JUGADOR_0] Pos flotante (pre-límites): (404.0000, 306.0000)
2025-05-19 17:11:50 - jugador - [DEBUG] - [JUGADOR_0] Pos flotante (post-límites): (404.0000, 306.0000)
2025-05-19 17:11:50 - jugador - [DEBUG] - [JUGADOR_0] Sin mov. para CH (delta_int fue 0). HB: (404, 306), PosFlotante: (404.0000, 306.0000)
2025-05-19 17:11:50 - jugador - [DEBUG] - [JUGADOR_0] Delta flotante intentado: dx=0.0000, dy=0.0000 (delta_time: 0.0170)
2025-05-19 17:11:50 - jugador - [DEBUG] - [JUGADOR_0] Delta flotante intentado: dx=0.0000, dy=0.0000 (delta_time: 0.0160)
2025-05-19 17:11:50 - jugador - [DEBUG] - [JUGADOR_0] Input teclado procesado: mov_x_input_raw=0, mov_y_input_raw=0
2025-05-19 17:11:50 - jugador - [DEBUG] - [JUGADOR_0] Pos flotante (pre-límites): (404.0000, 306.0000)
2025-05-19 17:11:50 - jugador - [DEBUG] - [JUGADOR_0] Pos flotante (post-límites): (404.0000, 306.0000)
2025-05-19 17:11:50 - jugador - [DEBUG] - [JUGADOR_0] Sin mov. para CH (delta_int fue 0). HB: (404, 306), PosFlotante: (404.0000, 306.0000)
2025-05-19 17:11:50 - jugador - [DEBUG] - [JUGADOR_0] Delta flotante intentado: dx=0.0000, dy=0.0000 (delta_time: 0.0170)
2025-05-19 17:11:50 - jugador - [DEBUG] - [JUGADOR_0] Input teclado procesado: mov_x_input_raw=180, mov_y_input_raw=0
2025-05-19 17:11:50 - jugador - [DEBUG] - [JUGADOR_0] Delta flotante intentado: dx=2.8800, dy=0.0000 (delta_time: 0.0160)
2025-05-19 17:11:50 - jugador - [DEBUG] - [JUGADOR_0] Pos flotante (pre-límites): (406.8800, 306.0000)
2025-05-19 17:11:50 - jugador - [DEBUG] - [JUGADOR_0] Pos flotante (post-límites): (406.8800, 306.0000)
2025-05-19 17:11:50 - jugador - [DEBUG] - [JUGADOR_0] Movimiento para CH: dx_int=3, dy_int=0. HB (antes CH): (404, 306), PosFlotante: (406.8800,306.0000)
2025-05-19 17:11:50 - jugador - [DEBUG] - [JUGADOR_0] Iniciando gestión de colisión con dx=3, dy=0. Hitbox actual: (404, 306)
2025-05-19 17:11:50 - jugador - [DEBUG] - [JUGADOR_0] Posición POST CH: HB: (407, 306), PosFlotante: (407.00, 306.00)
2025-05-19 17:11:50 - jugador - [DEBUG] - [JUGADOR_0] Delta flotante intentado: dx=3.0600, dy=0.0000 (delta_time: 0.0170)
2025-05-19 17:11:50 - jugador - [DEBUG] - [JUGADOR_0] Pos flotante (pre-límites): (410.0600, 306.0000)
2025-05-19 17:11:50 - jugador - [DEBUG] - [JUGADOR_0] Pos flotante (post-límites): (410.0600, 306.0000)
2025-05-19 17:11:50 - jugador - [DEBUG] - [JUGADOR_0] Movimiento para CH: dx_int=4, dy_int=0. HB (antes CH): (407, 306), PosFlotante: (410.0600,306.0000)
2025-05-19 17:11:50 - jugador - [DEBUG] - [JUGADOR_0] Iniciando gestión de colisión con dx=4, dy=0. Hitbox actual: (407, 306)
2025-05-19 17:11:50 - jugador - [DEBUG] - [JUGADOR_0] Posición POST CH: HB: (411, 306), PosFlotante: (411.00, 306.00)
2025-05-19 17:11:50 - jugador - [DEBUG] - [JUGADOR_0] Pos flotante (pre-límites): (413.8800, 306.0000)
2025-05-19 17:11:50 - jugador - [DEBUG] - [JUGADOR_0] Pos flotante (post-límites): (413.8800, 306.0000)
2025-05-19 17:11:50 - jugador - [DEBUG] - [JUGADOR_0] Movimiento para CH: dx_int=3, dy_int=0. HB (antes CH): (411, 306), PosFlotante: (413.8800,306.0000)
2025-05-19 17:11:50 - jugador - [DEBUG] - [JUGADOR_0] Iniciando gestión de colisión con dx=3, dy=0. Hitbox actual: (411, 306)
2025-05-19 17:11:50 - jugador - [DEBUG] - [JUGADOR_0] Posición POST CH: HB: (414, 306), PosFlotante: (414.00, 306.00)
2025-05-19 17:11:50 - jugador - [DEBUG] - [JUGADOR_0] Pos flotante (pre-límites): (416.8800, 306.0000)
2025-05-19 17:11:50 - jugador - [DEBUG] - [JUGADOR_0] Pos flotante (post-límites): (416.8800, 306.0000)
2025-05-19 17:11:50 - jugador - [DEBUG] - [JUGADOR_0] Movimiento para CH: dx_int=3, dy_int=0. HB (antes CH): (414, 306), PosFlotante: (416.8800,306.0000)
2025-05-19 17:11:50 - jugador - [DEBUG] - [JUGADOR_0] Iniciando gestión de colisión con dx=3, dy=0. Hitbox actual: (414, 306)
2025-05-19 17:11:50 - jugador - [DEBUG] - [JUGADOR_0] Posición POST CH: HB: (417, 306), PosFlotante: (417.00, 306.00)
2025-05-19 17:11:50 - jugador - [DEBUG] - [JUGADOR_0] Input teclado procesado: mov_x_input_raw=180, mov_y_input_raw=0
2025-05-19 17:11:50 - jugador - [DEBUG] - [JUGADOR_0] Delta flotante intentado: dx=2.8800, dy=0.0000 (delta_time: 0.0160)
2025-05-19 17:11:50 - jugador - [DEBUG] - [JUGADOR_0] Pos flotante (pre-límites): (419.8800, 306.0000)
2025-05-19 17:11:50 - jugador - [DEBUG] - [JUGADOR_0] Pos flotante (post-límites): (419.8800, 306.0000)
2025-05-19 17:11:50 - jugador - [DEBUG] - [JUGADOR_0] Movimiento para CH: dx_int=3, dy_int=0. HB (antes CH): (417, 306), PosFlotante: (419.8800,306.0000)
2025-05-19 17:11:50 - jugador - [DEBUG] - [JUGADOR_0] Iniciando gestión de colisión con dx=3, dy=0. Hitbox actual: (417, 306)
2025-05-19 17:11:50 - jugador - [DEBUG] - [JUGADOR_0] Posición POST CH: HB: (420, 306), PosFlotante: (420.00, 306.00)
2025-05-19 17:11:50 - jugador - [DEBUG] - [JUGADOR_0] Delta flotante intentado: dx=3.0600, dy=0.0000 (delta_time: 0.0170)
2025-05-19 17:11:50 - jugador - [DEBUG] - [JUGADOR_0] Pos flotante (pre-límites): (423.0600, 306.0000)
2025-05-19 17:11:50 - jugador - [DEBUG] - [JUGADOR_0] Pos flotante (post-límites): (423.0600, 306.0000)
2025-05-19 17:11:50 - jugador - [DEBUG] - [JUGADOR_0] Movimiento para CH: dx_int=4, dy_int=0. HB (antes CH): (420, 306), PosFlotante: (423.0600,306.0000)
2025-05-19 17:11:50 - jugador - [DEBUG] - [JUGADOR_0] Iniciando gestión de colisión con dx=4, dy=0. Hitbox actual: (420, 306)
2025-05-19 17:11:50 - jugador - [DEBUG] - [JUGADOR_0] Posición POST CH: HB: (424, 306), PosFlotante: (424.00, 306.00)
2025-05-19 17:11:50 - jugador - [DEBUG] - [JUGADOR_0] Pos flotante (pre-límites): (427.0600, 306.0000)
2025-05-19 17:11:50 - jugador - [DEBUG] - [JUGADOR_0] Pos flotante (post-límites): (427.0600, 306.0000)
2025-05-19 17:11:50 - jugador - [DEBUG] - [JUGADOR_0] Movimiento para CH: dx_int=4, dy_int=0. HB (antes CH): (424, 306), PosFlotante: (427.0600,306.0000)
2025-05-19 17:11:50 - jugador - [DEBUG] - [JUGADOR_0] Iniciando gestión de colisión con dx=4, dy=0. Hitbox actual: (424, 306)
2025-05-19 17:11:50 - jugador - [DEBUG] - [JUGADOR_0] Posición POST CH: HB: (428, 306), PosFlotante: (428.00, 306.00)
2025-05-19 17:11:50 - jugador - [DEBUG] - [JUGADOR_0] Pos flotante (pre-límites): (431.0600, 306.0000)
2025-05-19 17:11:50 - jugador - [DEBUG] - [JUGADOR_0] Pos flotante (post-límites): (431.0600, 306.0000)
2025-05-19 17:11:50 - jugador - [DEBUG] - [JUGADOR_0] Movimiento para CH: dx_int=4, dy_int=0. HB (antes CH): (428, 306), PosFlotante: (431.0600,306.0000)
2025-05-19 17:11:50 - jugador - [DEBUG] - [JUGADOR_0] Iniciando gestión de colisión con dx=4, dy=0. Hitbox actual: (428, 306)
2025-05-19 17:11:50 - jugador - [DEBUG] - [JUGADOR_0] Posición POST CH: HB: (432, 306), PosFlotante: (432.00, 306.00)
2025-05-19 17:11:50 - jugador - [DEBUG] - [JUGADOR_0] Input teclado procesado: mov_x_input_raw=180, mov_y_input_raw=0
2025-05-19 17:11:50 - jugador - [DEBUG] - [JUGADOR_0] Delta flotante intentado: dx=2.8800, dy=0.0000 (delta_time: 0.0160)
2025-05-19 17:11:50 - jugador - [DEBUG] - [JUGADOR_0] Pos flotante (pre-límites): (434.8800, 306.0000)
2025-05-19 17:11:50 - jugador - [DEBUG] - [JUGADOR_0] Pos flotante (post-límites): (434.8800, 306.0000)
2025-05-19 17:11:50 - jugador - [DEBUG] - [JUGADOR_0] Movimiento para CH: dx_int=3, dy_int=0. HB (antes CH): (432, 306), PosFlotante: (434.8800,306.0000)
2025-05-19 17:11:50 - jugador - [DEBUG] - [JUGADOR_0] Iniciando gestión de colisión con dx=3, dy=0. Hitbox actual: (432, 306)
2025-05-19 17:11:50 - jugador - [DEBUG] - [JUGADOR_0] Posición POST CH: HB: (435, 306), PosFlotante: (435.00, 306.00)
2025-05-19 17:11:50 - jugador - [DEBUG] - [JUGADOR_0] Pos flotante (pre-límites): (437.8800, 306.0000)
2025-05-19 17:11:50 - jugador - [DEBUG] - [JUGADOR_0] Pos flotante (post-límites): (437.8800, 306.0000)
2025-05-19 17:11:50 - jugador - [DEBUG] - [JUGADOR_0] Movimiento para CH: dx_int=3, dy_int=0. HB (antes CH): (435, 306), PosFlotante: (437.8800,306.0000)
2025-05-19 17:11:50 - jugador - [DEBUG] - [JUGADOR_0] Iniciando gestión de colisión con dx=3, dy=0. Hitbox actual: (435, 306)
2025-05-19 17:11:50 - jugador - [DEBUG] - [JUGADOR_0] Posición POST CH: HB: (438, 306), PosFlotante: (438.00, 306.00)
2025-05-19 17:11:50 - jugador - [DEBUG] - [JUGADOR_0] Pos flotante (pre-límites): (440.8800, 306.0000)
2025-05-19 17:11:50 - jugador - [DEBUG] - [JUGADOR_0] Pos flotante (post-límites): (440.8800, 306.0000)
2025-05-19 17:11:50 - jugador - [DEBUG] - [JUGADOR_0] Movimiento para CH: dx_int=3, dy_int=0. HB (antes CH): (438, 306), PosFlotante: (440.8800,306.0000)
2025-05-19 17:11:50 - jugador - [DEBUG] - [JUGADOR_0] Iniciando gestión de colisión con dx=3, dy=0. Hitbox actual: (438, 306)
2025-05-19 17:11:50 - jugador - [DEBUG] - [JUGADOR_0] Posición POST CH: HB: (441, 306), PosFlotante: (441.00, 306.00)
2025-05-19 17:11:50 - jugador - [DEBUG] - [JUGADOR_0] Pos flotante (pre-límites): (443.8800, 306.0000)
2025-05-19 17:11:50 - jugador - [DEBUG] - [JUGADOR_0] Pos flotante (post-límites): (443.8800, 306.0000)
2025-05-19 17:11:50 - jugador - [DEBUG] - [JUGADOR_0] Movimiento para CH: dx_int=3, dy_int=0. HB (antes CH): (441, 306), PosFlotante: (443.8800,306.0000)
2025-05-19 17:11:50 - jugador - [DEBUG] - [JUGADOR_0] Iniciando gestión de colisión con dx=3, dy=0. Hitbox actual: (441, 306)
2025-05-19 17:11:50 - jugador - [DEBUG] - [JUGADOR_0] Posición POST CH: HB: (444, 306), PosFlotante: (444.00, 306.00)
2025-05-19 17:11:50 - jugador - [DEBUG] - [JUGADOR_0] Input teclado procesado: mov_x_input_raw=180, mov_y_input_raw=0
2025-05-19 17:11:50 - jugador - [DEBUG] - [JUGADOR_0] Delta flotante intentado: dx=3.0600, dy=0.0000 (delta_time: 0.0170)
2025-05-19 17:11:50 - jugador - [DEBUG] - [JUGADOR_0] Pos flotante (pre-límites): (447.0600, 306.0000)
2025-05-19 17:11:50 - jugador - [DEBUG] - [JUGADOR_0] Pos flotante (post-límites): (447.0600, 306.0000)
2025-05-19 17:11:50 - jugador - [DEBUG] - [JUGADOR_0] Movimiento para CH: dx_int=4, dy_int=0. HB (antes CH): (444, 306), PosFlotante: (447.0600,306.0000)
2025-05-19 17:11:50 - jugador - [DEBUG] - [JUGADOR_0] Iniciando gestión de colisión con dx=4, dy=0. Hitbox actual: (444, 306)
2025-05-19 17:11:50 - jugador - [DEBUG] - [JUGADOR_0] Posición POST CH: HB: (448, 306), PosFlotante: (448.00, 306.00)
2025-05-19 17:11:50 - jugador - [DEBUG] - [JUGADOR_0] Input teclado procesado: mov_x_input_raw=180, mov_y_input_raw=-180
2025-05-19 17:11:50 - jugador - [DEBUG] - [JUGADOR_0] Delta flotante intentado: dx=2.8800, dy=-2.8800 (delta_time: 0.0160)
2025-05-19 17:11:50 - jugador - [DEBUG] - [JUGADOR_0] Pos flotante (pre-límites): (450.8800, 303.1200)
2025-05-19 17:11:50 - jugador - [DEBUG] - [JUGADOR_0] Pos flotante (post-límites): (450.8800, 303.1200)
2025-05-19 17:11:50 - jugador - [DEBUG] - [JUGADOR_0] Movimiento para CH: dx_int=3, dy_int=-3. HB (antes CH): (448, 306), PosFlotante: (450.8800,303.1200)
2025-05-19 17:11:50 - jugador - [DEBUG] - [JUGADOR_0] Iniciando gestión de colisión con dx=3, dy=-3. Hitbox actual: (448, 306)
2025-05-19 17:11:50 - jugador - [DEBUG] - [JUGADOR_0] Posición POST CH: HB: (451, 303), PosFlotante: (451.00, 303.00)
2025-05-19 17:11:50 - jugador - [DEBUG] - [JUGADOR_0] Delta flotante intentado: dx=3.0600, dy=-3.0600 (delta_time: 0.0170)
2025-05-19 17:11:50 - jugador - [DEBUG] - [JUGADOR_0] Pos flotante (pre-límites): (454.0600, 299.9400)
2025-05-19 17:11:50 - jugador - [DEBUG] - [JUGADOR_0] Pos flotante (post-límites): (454.0600, 299.9400)
2025-05-19 17:11:50 - jugador - [DEBUG] - [JUGADOR_0] Movimiento para CH: dx_int=4, dy_int=-4. HB (antes CH): (451, 303), PosFlotante: (454.0600,299.9400)
2025-05-19 17:11:50 - jugador - [DEBUG] - [JUGADOR_0] Iniciando gestión de colisión con dx=4, dy=-4. Hitbox actual: (451, 303)
2025-05-19 17:11:50 - jugador - [DEBUG] - [JUGADOR_0] Posición POST CH: HB: (455, 299), PosFlotante: (455.00, 299.00)
2025-05-19 17:11:50 - jugador - [DEBUG] - [JUGADOR_0] Pos flotante (pre-límites): (458.0600, 295.9400)
2025-05-19 17:11:50 - jugador - [DEBUG] - [JUGADOR_0] Pos flotante (post-límites): (458.0600, 295.9400)
2025-05-19 17:11:50 - jugador - [DEBUG] - [JUGADOR_0] Movimiento para CH: dx_int=4, dy_int=-4. HB (antes CH): (455, 299), PosFlotante: (458.0600,295.9400)
2025-05-19 17:11:50 - jugador - [DEBUG] - [JUGADOR_0] Iniciando gestión de colisión con dx=4, dy=-4. Hitbox actual: (455, 299)
2025-05-19 17:11:50 - jugador - [DEBUG] - [JUGADOR_0] Posición POST CH: HB: (459, 295), PosFlotante: (459.00, 295.00)
2025-05-19 17:11:50 - jugador - [DEBUG] - [JUGADOR_0] Input teclado procesado: mov_x_input_raw=180, mov_y_input_raw=-180
2025-05-19 17:11:50 - jugador - [DEBUG] - [JUGADOR_0] Delta flotante intentado: dx=2.8800, dy=-2.8800 (delta_time: 0.0160)
2025-05-19 17:11:50 - jugador - [DEBUG] - [JUGADOR_0] Pos flotante (pre-límites): (461.8800, 292.1200)
2025-05-19 17:11:50 - jugador - [DEBUG] - [JUGADOR_0] Pos flotante (post-límites): (461.8800, 292.1200)
2025-05-19 17:11:50 - jugador - [DEBUG] - [JUGADOR_0] Movimiento para CH: dx_int=3, dy_int=-3. HB (antes CH): (459, 295), PosFlotante: (461.8800,292.1200)
2025-05-19 17:11:50 - jugador - [DEBUG] - [JUGADOR_0] Iniciando gestión de colisión con dx=3, dy=-3. Hitbox actual: (459, 295)
2025-05-19 17:11:50 - jugador - [DEBUG] - [JUGADOR_0] Posición POST CH: HB: (462, 292), PosFlotante: (462.00, 292.00)
2025-05-19 17:11:50 - jugador - [DEBUG] - [JUGADOR_0] Input teclado procesado: mov_x_input_raw=-180, mov_y_input_raw=-180
2025-05-19 17:11:50 - jugador - [DEBUG] - [JUGADOR_0] Delta flotante intentado: dx=-3.0600, dy=-3.0600 (delta_time: 0.0170)
2025-05-19 17:11:50 - jugador - [DEBUG] - [JUGADOR_0] Pos flotante (pre-límites): (458.9400, 288.9400)
2025-05-19 17:11:50 - jugador - [DEBUG] - [JUGADOR_0] Pos flotante (post-límites): (458.9400, 288.9400)
2025-05-19 17:11:50 - jugador - [DEBUG] - [JUGADOR_0] Movimiento para CH: dx_int=-4, dy_int=-4. HB (antes CH): (462, 292), PosFlotante: (458.9400,288.9400)
2025-05-19 17:11:50 - jugador - [DEBUG] - [JUGADOR_0] Iniciando gestión de colisión con dx=-4, dy=-4. Hitbox actual: (462, 292)
2025-05-19 17:11:50 - jugador - [DEBUG] - [JUGADOR_0] Posición POST CH: HB: (458, 288), PosFlotante: (458.00, 288.00)
2025-05-19 17:11:50 - jugador - [DEBUG] - [JUGADOR_0] Delta flotante intentado: dx=-2.8800, dy=-2.8800 (delta_time: 0.0160)
2025-05-19 17:11:50 - jugador - [DEBUG] - [JUGADOR_0] Pos flotante (pre-límites): (455.1200, 285.1200)
2025-05-19 17:11:50 - jugador - [DEBUG] - [JUGADOR_0] Pos flotante (post-límites): (455.1200, 285.1200)
2025-05-19 17:11:50 - jugador - [DEBUG] - [JUGADOR_0] Movimiento para CH: dx_int=-3, dy_int=-3. HB (antes CH): (458, 288), PosFlotante: (455.1200,285.1200)
2025-05-19 17:11:50 - jugador - [DEBUG] - [JUGADOR_0] Iniciando gestión de colisión con dx=-3, dy=-3. Hitbox actual: (458, 288)
2025-05-19 17:11:50 - jugador - [DEBUG] - [JUGADOR_0] Posición POST CH: HB: (455, 285), PosFlotante: (455.00, 285.00)
2025-05-19 17:11:50 - jugador - [DEBUG] - [JUGADOR_0] Pos flotante (pre-límites): (452.1200, 282.1200)
2025-05-19 17:11:50 - jugador - [DEBUG] - [JUGADOR_0] Pos flotante (post-límites): (452.1200, 282.1200)
2025-05-19 17:11:50 - jugador - [DEBUG] - [JUGADOR_0] Movimiento para CH: dx_int=-3, dy_int=-3. HB (antes CH): (455, 285), PosFlotante: (452.1200,282.1200)
2025-05-19 17:11:50 - jugador - [DEBUG] - [JUGADOR_0] Iniciando gestión de colisión con dx=-3, dy=-3. Hitbox actual: (455, 285)
2025-05-19 17:11:50 - jugador - [DEBUG] - [JUGADOR_0] Posición POST CH: HB: (452, 282), PosFlotante: (452.00, 282.00)
2025-05-19 17:11:50 - jugador - [DEBUG] - [JUGADOR_0] Pos flotante (pre-límites): (448.9400, 278.9400)
2025-05-19 17:11:50 - jugador - [DEBUG] - [JUGADOR_0] Pos flotante (post-límites): (448.9400, 278.9400)
2025-05-19 17:11:50 - jugador - [DEBUG] - [JUGADOR_0] Movimiento para CH: dx_int=-4, dy_int=-4. HB (antes CH): (452, 282), PosFlotante: (448.9400,278.9400)
2025-05-19 17:11:50 - jugador - [DEBUG] - [JUGADOR_0] Iniciando gestión de colisión con dx=-4, dy=-4. Hitbox actual: (452, 282)
2025-05-19 17:11:50 - jugador - [DEBUG] - [JUGADOR_0] Posición POST CH: HB: (448, 278), PosFlotante: (448.00, 278.00)
2025-05-19 17:11:50 - jugador - [DEBUG] - [JUGADOR_0] Input teclado procesado: mov_x_input_raw=-180, mov_y_input_raw=0
2025-05-19 17:11:50 - jugador - [DEBUG] - [JUGADOR_0] Delta flotante intentado: dx=-2.8800, dy=0.0000 (delta_time: 0.0160)
2025-05-19 17:11:50 - jugador - [DEBUG] - [JUGADOR_0] Pos flotante (pre-límites): (445.1200, 278.0000)
2025-05-19 17:11:50 - jugador - [DEBUG] - [JUGADOR_0] Pos flotante (post-límites): (445.1200, 278.0000)
2025-05-19 17:11:50 - jugador - [DEBUG] - [JUGADOR_0] Movimiento para CH: dx_int=-3, dy_int=0. HB (antes CH): (448, 278), PosFlotante: (445.1200,278.0000)
2025-05-19 17:11:50 - jugador - [DEBUG] - [JUGADOR_0] Iniciando gestión de colisión con dx=-3, dy=0. Hitbox actual: (448, 278)
2025-05-19 17:11:50 - jugador - [DEBUG] - [JUGADOR_0] Posición POST CH: HB: (445, 278), PosFlotante: (445.00, 278.00)
2025-05-19 17:11:50 - jugador - [DEBUG] - [JUGADOR_0] Delta flotante intentado: dx=-3.0600, dy=0.0000 (delta_time: 0.0170)
2025-05-19 17:11:50 - jugador - [DEBUG] - [JUGADOR_0] Pos flotante (pre-límites): (441.9400, 278.0000)
2025-05-19 17:11:50 - jugador - [DEBUG] - [JUGADOR_0] Pos flotante (post-límites): (441.9400, 278.0000)
2025-05-19 17:11:50 - jugador - [DEBUG] - [JUGADOR_0] Movimiento para CH: dx_int=-4, dy_int=0. HB (antes CH): (445, 278), PosFlotante: (441.9400,278.0000)
2025-05-19 17:11:50 - jugador - [DEBUG] - [JUGADOR_0] Iniciando gestión de colisión con dx=-4, dy=0. Hitbox actual: (445, 278)
2025-05-19 17:11:50 - jugador - [DEBUG] - [JUGADOR_0] Posición POST CH: HB: (441, 278), PosFlotante: (441.00, 278.00)
2025-05-19 17:11:50 - jugador - [DEBUG] - [JUGADOR_0] Pos flotante (pre-límites): (438.1200, 278.0000)
2025-05-19 17:11:50 - jugador - [DEBUG] - [JUGADOR_0] Pos flotante (post-límites): (438.1200, 278.0000)
2025-05-19 17:11:50 - jugador - [DEBUG] - [JUGADOR_0] Movimiento para CH: dx_int=-3, dy_int=0. HB (antes CH): (441, 278), PosFlotante: (438.1200,278.0000)
2025-05-19 17:11:50 - jugador - [DEBUG] - [JUGADOR_0] Iniciando gestión de colisión con dx=-3, dy=0. Hitbox actual: (441, 278)
2025-05-19 17:11:50 - jugador - [DEBUG] - [JUGADOR_0] Posición POST CH: HB: (438, 278), PosFlotante: (438.00, 278.00)
2025-05-19 17:11:50 - jugador - [DEBUG] - [JUGADOR_0] Input teclado procesado: mov_x_input_raw=-180, mov_y_input_raw=0
2025-05-19 17:11:50 - jugador - [DEBUG] - [JUGADOR_0] Pos flotante (pre-límites): (434.9400, 278.0000)
2025-05-19 17:11:50 - jugador - [DEBUG] - [JUGADOR_0] Pos flotante (post-límites): (434.9400, 278.0000)
2025-05-19 17:11:50 - jugador - [DEBUG] - [JUGADOR_0] Movimiento para CH: dx_int=-4, dy_int=0. HB (antes CH): (438, 278), PosFlotante: (434.9400,278.0000)
2025-05-19 17:11:50 - jugador - [DEBUG] - [JUGADOR_0] Iniciando gestión de colisión con dx=-4, dy=0. Hitbox actual: (438, 278)
2025-05-19 17:11:50 - jugador - [DEBUG] - [JUGADOR_0] Posición POST CH: HB: (434, 278), PosFlotante: (434.00, 278.00)
2025-05-19 17:11:50 - jugador - [DEBUG] - [JUGADOR_0] Delta flotante intentado: dx=-2.8800, dy=0.0000 (delta_time: 0.0160)
2025-05-19 17:11:50 - jugador - [DEBUG] - [JUGADOR_0] Pos flotante (pre-límites): (431.1200, 278.0000)
2025-05-19 17:11:50 - jugador - [DEBUG] - [JUGADOR_0] Pos flotante (post-límites): (431.1200, 278.0000)
2025-05-19 17:11:50 - jugador - [DEBUG] - [JUGADOR_0] Movimiento para CH: dx_int=-3, dy_int=0. HB (antes CH): (434, 278), PosFlotante: (431.1200,278.0000)
2025-05-19 17:11:50 - jugador - [DEBUG] - [JUGADOR_0] Iniciando gestión de colisión con dx=-3, dy=0. Hitbox actual: (434, 278)
2025-05-19 17:11:50 - jugador - [DEBUG] - [JUGADOR_0] Posición POST CH: HB: (431, 278), PosFlotante: (431.00, 278.00)
2025-05-19 17:11:50 - jugador - [DEBUG] - [JUGADOR_0] Input teclado procesado: mov_x_input_raw=-180, mov_y_input_raw=180
2025-05-19 17:11:50 - jugador - [DEBUG] - [JUGADOR_0] Delta flotante intentado: dx=-2.8800, dy=2.8800 (delta_time: 0.0160)
2025-05-19 17:11:50 - jugador - [DEBUG] - [JUGADOR_0] Pos flotante (pre-límites): (428.1200, 280.8800)
2025-05-19 17:11:50 - jugador - [DEBUG] - [JUGADOR_0] Pos flotante (post-límites): (428.1200, 280.8800)
2025-05-19 17:11:50 - jugador - [DEBUG] - [JUGADOR_0] Movimiento para CH: dx_int=-3, dy_int=3. HB (antes CH): (431, 278), PosFlotante: (428.1200,280.8800)
2025-05-19 17:11:50 - jugador - [DEBUG] - [JUGADOR_0] Iniciando gestión de colisión con dx=-3, dy=3. Hitbox actual: (431, 278)
2025-05-19 17:11:50 - jugador - [DEBUG] - [JUGADOR_0] Posición POST CH: HB: (428, 281), PosFlotante: (428.00, 281.00)
2025-05-19 17:11:50 - jugador - [DEBUG] - [JUGADOR_0] Delta flotante intentado: dx=-3.0600, dy=3.0600 (delta_time: 0.0170)
2025-05-19 17:11:50 - jugador - [DEBUG] - [JUGADOR_0] Pos flotante (pre-límites): (424.9400, 284.0600)
2025-05-19 17:11:50 - jugador - [DEBUG] - [JUGADOR_0] Pos flotante (post-límites): (424.9400, 284.0600)
2025-05-19 17:11:50 - jugador - [DEBUG] - [JUGADOR_0] Movimiento para CH: dx_int=-4, dy_int=4. HB (antes CH): (428, 281), PosFlotante: (424.9400,284.0600)
2025-05-19 17:11:50 - jugador - [DEBUG] - [JUGADOR_0] Iniciando gestión de colisión con dx=-4, dy=4. Hitbox actual: (428, 281)
2025-05-19 17:11:50 - jugador - [DEBUG] - [JUGADOR_0] Posición POST CH: HB: (424, 285), PosFlotante: (424.00, 285.00)
2025-05-19 17:11:50 - jugador - [DEBUG] - [JUGADOR_0] Pos flotante (pre-límites): (420.9400, 288.0600)
2025-05-19 17:11:50 - jugador - [DEBUG] - [JUGADOR_0] Pos flotante (post-límites): (420.9400, 288.0600)
2025-05-19 17:11:50 - jugador - [DEBUG] - [JUGADOR_0] Movimiento para CH: dx_int=-4, dy_int=4. HB (antes CH): (424, 285), PosFlotante: (420.9400,288.0600)
2025-05-19 17:11:50 - jugador - [DEBUG] - [JUGADOR_0] Iniciando gestión de colisión con dx=-4, dy=4. Hitbox actual: (424, 285)
2025-05-19 17:11:50 - jugador - [DEBUG] - [JUGADOR_0] Posición POST CH: HB: (420, 289), PosFlotante: (420.00, 289.00)
2025-05-19 17:11:50 - jugador - [DEBUG] - [JUGADOR_0] Pos flotante (pre-límites): (416.9400, 292.0600)
2025-05-19 17:11:50 - jugador - [DEBUG] - [JUGADOR_0] Pos flotante (post-límites): (416.9400, 292.0600)
2025-05-19 17:11:50 - jugador - [DEBUG] - [JUGADOR_0] Movimiento para CH: dx_int=-4, dy_int=4. HB (antes CH): (420, 289), PosFlotante: (416.9400,292.0600)
2025-05-19 17:11:50 - jugador - [DEBUG] - [JUGADOR_0] Iniciando gestión de colisión con dx=-4, dy=4. Hitbox actual: (420, 289)
2025-05-19 17:11:50 - jugador - [DEBUG] - [JUGADOR_0] Posición POST CH: HB: (416, 293), PosFlotante: (416.00, 293.00)
2025-05-19 17:11:50 - jugador - [DEBUG] - [JUGADOR_0] Input teclado procesado: mov_x_input_raw=-180, mov_y_input_raw=180
2025-05-19 17:11:50 - jugador - [DEBUG] - [JUGADOR_0] Delta flotante intentado: dx=-3.0600, dy=3.0600 (delta_time: 0.0170)
2025-05-19 17:11:50 - jugador - [DEBUG] - [JUGADOR_0] Pos flotante (pre-límites): (412.9400, 296.0600)
2025-05-19 17:11:50 - jugador - [DEBUG] - [JUGADOR_0] Pos flotante (post-límites): (412.9400, 296.0600)
2025-05-19 17:11:50 - jugador - [DEBUG] - [JUGADOR_0] Movimiento para CH: dx_int=-4, dy_int=4. HB (antes CH): (416, 293), PosFlotante: (412.9400,296.0600)
2025-05-19 17:11:50 - jugador - [DEBUG] - [JUGADOR_0] Iniciando gestión de colisión con dx=-4, dy=4. Hitbox actual: (416, 293)
2025-05-19 17:11:50 - jugador - [DEBUG] - [JUGADOR_0] Posición POST CH: HB: (412, 297), PosFlotante: (412.00, 297.00)
2025-05-19 17:11:50 - jugador - [DEBUG] - [JUGADOR_0] Input teclado procesado: mov_x_input_raw=0, mov_y_input_raw=180
2025-05-19 17:11:50 - jugador - [DEBUG] - [JUGADOR_0] Delta flotante intentado: dx=0.0000, dy=2.8800 (delta_time: 0.0160)
2025-05-19 17:11:50 - jugador - [DEBUG] - [JUGADOR_0] Pos flotante (pre-límites): (412.0000, 299.8800)
2025-05-19 17:11:50 - jugador - [DEBUG] - [JUGADOR_0] Pos flotante (post-límites): (412.0000, 299.8800)
2025-05-19 17:11:50 - jugador - [DEBUG] - [JUGADOR_0] Movimiento para CH: dx_int=0, dy_int=3. HB (antes CH): (412, 297), PosFlotante: (412.0000,299.8800)
2025-05-19 17:11:50 - jugador - [DEBUG] - [JUGADOR_0] Iniciando gestión de colisión con dx=0, dy=3. Hitbox actual: (412, 297)
2025-05-19 17:11:50 - jugador - [DEBUG] - [JUGADOR_0] Posición POST CH: HB: (412, 300), PosFlotante: (412.00, 300.00)
2025-05-19 17:11:50 - jugador - [DEBUG] - [JUGADOR_0] Delta flotante intentado: dx=0.0000, dy=3.0600 (delta_time: 0.0170)
2025-05-19 17:11:50 - jugador - [DEBUG] - [JUGADOR_0] Pos flotante (pre-límites): (412.0000, 303.0600)
2025-05-19 17:11:50 - jugador - [DEBUG] - [JUGADOR_0] Pos flotante (post-límites): (412.0000, 303.0600)
2025-05-19 17:11:50 - jugador - [DEBUG] - [JUGADOR_0] Movimiento para CH: dx_int=0, dy_int=4. HB (antes CH): (412, 300), PosFlotante: (412.0000,303.0600)
2025-05-19 17:11:50 - jugador - [DEBUG] - [JUGADOR_0] Iniciando gestión de colisión con dx=0, dy=4. Hitbox actual: (412, 300)
2025-05-19 17:11:50 - jugador - [DEBUG] - [JUGADOR_0] Posición POST CH: HB: (412, 304), PosFlotante: (412.00, 304.00)
2025-05-19 17:11:50 - jugador - [DEBUG] - [JUGADOR_0] Pos flotante (pre-límites): (412.0000, 306.8800)
2025-05-19 17:11:50 - jugador - [DEBUG] - [JUGADOR_0] Pos flotante (post-límites): (412.0000, 306.8800)
2025-05-19 17:11:50 - jugador - [DEBUG] - [JUGADOR_0] Movimiento para CH: dx_int=0, dy_int=3. HB (antes CH): (412, 304), PosFlotante: (412.0000,306.8800)
2025-05-19 17:11:50 - jugador - [DEBUG] - [JUGADOR_0] Iniciando gestión de colisión con dx=0, dy=3. Hitbox actual: (412, 304)
2025-05-19 17:11:50 - jugador - [DEBUG] - [JUGADOR_0] Posición POST CH: HB: (412, 307), PosFlotante: (412.00, 307.00)
2025-05-19 17:11:50 - jugador - [DEBUG] - [JUGADOR_0] Pos flotante (pre-límites): (412.0000, 309.8800)
2025-05-19 17:11:50 - jugador - [DEBUG] - [JUGADOR_0] Pos flotante (post-límites): (412.0000, 309.8800)
2025-05-19 17:11:50 - jugador - [DEBUG] - [JUGADOR_0] Movimiento para CH: dx_int=0, dy_int=3. HB (antes CH): (412, 307), PosFlotante: (412.0000,309.8800)
2025-05-19 17:11:50 - jugador - [DEBUG] - [JUGADOR_0] Iniciando gestión de colisión con dx=0, dy=3. Hitbox actual: (412, 307)
2025-05-19 17:11:50 - jugador - [DEBUG] - [JUGADOR_0] Posición POST CH: HB: (412, 310), PosFlotante: (412.00, 310.00)
2025-05-19 17:11:50 - jugador - [INFO] - [JUGADOR_0] ATAQUE INICIADO (Cooldown: 700.0ms). Perfil: 'espada_predeterminada'
2025-05-19 17:11:50 - jugador - [DEBUG] - [JUGADOR_0] Input teclado procesado: mov_x_input_raw=0, mov_y_input_raw=180
2025-05-19 17:11:50 - jugador - [DEBUG] - [JUGADOR_0] Delta flotante intentado: dx=0.0000, dy=2.8800 (delta_time: 0.0160)
2025-05-19 17:11:50 - jugador - [DEBUG] - [JUGADOR_0] Pos flotante (pre-límites): (412.0000, 312.8800)
2025-05-19 17:11:50 - jugador - [DEBUG] - [JUGADOR_0] Pos flotante (post-límites): (412.0000, 312.8800)
2025-05-19 17:11:50 - jugador - [DEBUG] - [JUGADOR_0] Movimiento para CH: dx_int=0, dy_int=3. HB (antes CH): (412, 310), PosFlotante: (412.0000,312.8800)
2025-05-19 17:11:50 - jugador - [DEBUG] - [JUGADOR_0] Iniciando gestión de colisión con dx=0, dy=3. Hitbox actual: (412, 310)
2025-05-19 17:11:50 - jugador - [DEBUG] - [JUGADOR_0] Posición POST CH: HB: (412, 313), PosFlotante: (412.00, 313.00)
2025-05-19 17:11:50 - jugador - [DEBUG] - [JUGADOR_0] Hitbox ataque: <rect(390, 322, 69, 54)>, Dir: (0.00, 1.00)
2025-05-19 17:11:50 - jugador - [INFO] - [JUGADOR_0] GOLPEÓ a [Enemigo_2] con perfil 'espada_predeterminada'. Daño: 5.0
2025-05-19 17:11:50 - jugador - [DEBUG] - [JUGADOR_0] Pos flotante (pre-límites): (412.0000, 315.8800)
2025-05-19 17:11:50 - jugador - [DEBUG] - [JUGADOR_0] Pos flotante (post-límites): (412.0000, 315.8800)
2025-05-19 17:11:50 - jugador - [DEBUG] - [JUGADOR_0] Movimiento para CH: dx_int=0, dy_int=3. HB (antes CH): (412, 313), PosFlotante: (412.0000,315.8800)
2025-05-19 17:11:50 - jugador - [DEBUG] - [JUGADOR_0] Iniciando gestión de colisión con dx=0, dy=3. Hitbox actual: (412, 313)
2025-05-19 17:11:50 - jugador - [DEBUG] - [JUGADOR_0] Posición POST CH: HB: (412, 316), PosFlotante: (412.00, 316.00)
2025-05-19 17:11:50 - jugador - [DEBUG] - [JUGADOR_0] Hitbox ataque: <rect(390, 325, 69, 54)>, Dir: (0.00, 1.00)
2025-05-19 17:11:50 - jugador - [DEBUG] - [JUGADOR_0] Pos flotante (pre-límites): (412.0000, 318.8800)
2025-05-19 17:11:50 - jugador - [DEBUG] - [JUGADOR_0] Pos flotante (post-límites): (412.0000, 318.8800)
2025-05-19 17:11:50 - jugador - [DEBUG] - [JUGADOR_0] Movimiento para CH: dx_int=0, dy_int=3. HB (antes CH): (412, 316), PosFlotante: (412.0000,318.8800)
2025-05-19 17:11:50 - jugador - [DEBUG] - [JUGADOR_0] Iniciando gestión de colisión con dx=0, dy=3. Hitbox actual: (412, 316)
2025-05-19 17:11:50 - jugador - [DEBUG] - [JUGADOR_0] Posición POST CH: HB: (412, 319), PosFlotante: (412.00, 319.00)
2025-05-19 17:11:50 - jugador - [DEBUG] - [JUGADOR_0] Hitbox ataque: <rect(390, 328, 69, 54)>, Dir: (0.00, 1.00)
2025-05-19 17:11:50 - jugador - [DEBUG] - [JUGADOR_0] Pos flotante (pre-límites): (412.0000, 321.8800)
2025-05-19 17:11:50 - jugador - [DEBUG] - [JUGADOR_0] Pos flotante (post-límites): (412.0000, 321.8800)
2025-05-19 17:11:50 - jugador - [DEBUG] - [JUGADOR_0] Movimiento para CH: dx_int=0, dy_int=3. HB (antes CH): (412, 319), PosFlotante: (412.0000,321.8800)
2025-05-19 17:11:50 - jugador - [DEBUG] - [JUGADOR_0] Iniciando gestión de colisión con dx=0, dy=3. Hitbox actual: (412, 319)
2025-05-19 17:11:50 - jugador - [DEBUG] - [JUGADOR_0] Posición POST CH: HB: (412, 322), PosFlotante: (412.00, 322.00)
2025-05-19 17:11:50 - jugador - [DEBUG] - [JUGADOR_0] Hitbox ataque: <rect(390, 331, 69, 54)>, Dir: (0.00, 1.00)
2025-05-19 17:11:50 - jugador - [DEBUG] - [JUGADOR_0] Input teclado procesado: mov_x_input_raw=180, mov_y_input_raw=180
2025-05-19 17:11:50 - jugador - [DEBUG] - [JUGADOR_0] Delta flotante intentado: dx=2.8800, dy=2.8800 (delta_time: 0.0160)
2025-05-19 17:11:50 - jugador - [DEBUG] - [JUGADOR_0] Pos flotante (pre-límites): (414.8800, 324.8800)
2025-05-19 17:11:50 - jugador - [DEBUG] - [JUGADOR_0] Pos flotante (post-límites): (414.8800, 324.8800)
2025-05-19 17:11:50 - jugador - [DEBUG] - [JUGADOR_0] Movimiento para CH: dx_int=3, dy_int=3. HB (antes CH): (412, 322), PosFlotante: (414.8800,324.8800)
2025-05-19 17:11:50 - jugador - [DEBUG] - [JUGADOR_0] Iniciando gestión de colisión con dx=3, dy=3. Hitbox actual: (412, 322)
2025-05-19 17:11:51 - jugador - [DEBUG] - [JUGADOR_0] Posición POST CH: HB: (415, 325), PosFlotante: (415.00, 325.00)
2025-05-19 17:11:51 - jugador - [DEBUG] - [JUGADOR_0] Hitbox ataque: <rect(425, 302, 54, 69)>, Dir: (1.00, 0.00)
2025-05-19 17:11:51 - jugador - [DEBUG] - [JUGADOR_0] Pos flotante (pre-límites): (417.8800, 327.8800)
2025-05-19 17:11:51 - jugador - [DEBUG] - [JUGADOR_0] Pos flotante (post-límites): (417.8800, 327.8800)
2025-05-19 17:11:51 - jugador - [DEBUG] - [JUGADOR_0] Movimiento para CH: dx_int=3, dy_int=3. HB (antes CH): (415, 325), PosFlotante: (417.8800,327.8800)
2025-05-19 17:11:51 - jugador - [DEBUG] - [JUGADOR_0] Iniciando gestión de colisión con dx=3, dy=3. Hitbox actual: (415, 325)
2025-05-19 17:11:51 - jugador - [DEBUG] - [JUGADOR_0] Posición POST CH: HB: (418, 328), PosFlotante: (418.00, 328.00)
2025-05-19 17:11:51 - jugador - [DEBUG] - [JUGADOR_0] Hitbox ataque: <rect(428, 305, 54, 69)>, Dir: (1.00, 0.00)
2025-05-19 17:11:51 - jugador - [DEBUG] - [JUGADOR_0] Delta flotante intentado: dx=3.0600, dy=3.0600 (delta_time: 0.0170)
2025-05-19 17:11:51 - jugador - [DEBUG] - [JUGADOR_0] Pos flotante (pre-límites): (421.0600, 331.0600)
2025-05-19 17:11:51 - jugador - [DEBUG] - [JUGADOR_0] Pos flotante (post-límites): (421.0600, 331.0600)
2025-05-19 17:11:51 - jugador - [DEBUG] - [JUGADOR_0] Movimiento para CH: dx_int=4, dy_int=4. HB (antes CH): (418, 328), PosFlotante: (421.0600,331.0600)
2025-05-19 17:11:51 - jugador - [DEBUG] - [JUGADOR_0] Iniciando gestión de colisión con dx=4, dy=4. Hitbox actual: (418, 328)
2025-05-19 17:11:51 - jugador - [DEBUG] - [JUGADOR_0] Posición POST CH: HB: (422, 332), PosFlotante: (422.00, 332.00)
2025-05-19 17:11:51 - jugador - [DEBUG] - [JUGADOR_0] Hitbox ataque: <rect(432, 309, 54, 69)>, Dir: (1.00, 0.00)
2025-05-19 17:11:51 - jugador - [DEBUG] - [JUGADOR_0] Pos flotante (pre-límites): (424.8800, 334.8800)
2025-05-19 17:11:51 - jugador - [DEBUG] - [JUGADOR_0] Pos flotante (post-límites): (424.8800, 334.8800)
2025-05-19 17:11:51 - jugador - [DEBUG] - [JUGADOR_0] Movimiento para CH: dx_int=3, dy_int=3. HB (antes CH): (422, 332), PosFlotante: (424.8800,334.8800)
2025-05-19 17:11:51 - jugador - [DEBUG] - [JUGADOR_0] Iniciando gestión de colisión con dx=3, dy=3. Hitbox actual: (422, 332)
2025-05-19 17:11:51 - jugador - [DEBUG] - [JUGADOR_0] Posición POST CH: HB: (425, 335), PosFlotante: (425.00, 335.00)
2025-05-19 17:11:51 - jugador - [DEBUG] - [JUGADOR_0] Hitbox ataque: <rect(435, 312, 54, 69)>, Dir: (1.00, 0.00)
2025-05-19 17:11:51 - jugador - [DEBUG] - [JUGADOR_0] Input teclado procesado: mov_x_input_raw=180, mov_y_input_raw=180
2025-05-19 17:11:51 - jugador - [DEBUG] - [JUGADOR_0] Delta flotante intentado: dx=2.8800, dy=2.8800 (delta_time: 0.0160)
2025-05-19 17:11:51 - jugador - [DEBUG] - [JUGADOR_0] Pos flotante (pre-límites): (427.8800, 337.8800)
2025-05-19 17:11:51 - jugador - [DEBUG] - [JUGADOR_0] Pos flotante (post-límites): (427.8800, 337.8800)
2025-05-19 17:11:51 - jugador - [DEBUG] - [JUGADOR_0] Movimiento para CH: dx_int=3, dy_int=3. HB (antes CH): (425, 335), PosFlotante: (427.8800,337.8800)
2025-05-19 17:11:51 - jugador - [DEBUG] - [JUGADOR_0] Iniciando gestión de colisión con dx=3, dy=3. Hitbox actual: (425, 335)
2025-05-19 17:11:51 - jugador - [DEBUG] - [JUGADOR_0] Posición POST CH: HB: (428, 335), PosFlotante: (428.00, 335.00)
2025-05-19 17:11:51 - jugador - [DEBUG] - [JUGADOR_0] Hitbox ataque: <rect(438, 312, 54, 69)>, Dir: (1.00, 0.00)
2025-05-19 17:11:51 - jugador - [DEBUG] - [JUGADOR_0] Pos flotante (pre-límites): (430.8800, 337.8800)
2025-05-19 17:11:51 - jugador - [DEBUG] - [JUGADOR_0] Pos flotante (post-límites): (430.8800, 337.8800)
2025-05-19 17:11:51 - jugador - [DEBUG] - [JUGADOR_0] Movimiento para CH: dx_int=3, dy_int=3. HB (antes CH): (428, 335), PosFlotante: (430.8800,337.8800)
2025-05-19 17:11:51 - jugador - [DEBUG] - [JUGADOR_0] Iniciando gestión de colisión con dx=3, dy=3. Hitbox actual: (428, 335)
2025-05-19 17:11:51 - jugador - [DEBUG] - [JUGADOR_0] Posición POST CH: HB: (448, 338), PosFlotante: (448.00, 338.00)
2025-05-19 17:11:51 - jugador - [DEBUG] - [JUGADOR_0] Hitbox ataque: <rect(458, 315, 54, 69)>, Dir: (1.00, 0.00)
2025-05-19 17:11:51 - jugador - [DEBUG] - [JUGADOR_0] Delta flotante intentado: dx=3.0600, dy=3.0600 (delta_time: 0.0170)
2025-05-19 17:11:51 - jugador - [DEBUG] - [JUGADOR_0] Pos flotante (pre-límites): (451.0600, 341.0600)
2025-05-19 17:11:51 - jugador - [DEBUG] - [JUGADOR_0] Pos flotante (post-límites): (451.0600, 341.0600)
2025-05-19 17:11:51 - jugador - [DEBUG] - [JUGADOR_0] Movimiento para CH: dx_int=4, dy_int=4. HB (antes CH): (448, 338), PosFlotante: (451.0600,341.0600)
2025-05-19 17:11:51 - jugador - [DEBUG] - [JUGADOR_0] Iniciando gestión de colisión con dx=4, dy=4. Hitbox actual: (448, 338)
2025-05-19 17:11:51 - jugador - [DEBUG] - [JUGADOR_0] Posición POST CH: HB: (452, 342), PosFlotante: (452.00, 342.00)
2025-05-19 17:11:51 - jugador - [DEBUG] - [JUGADOR_0] Hitbox ataque: <rect(462, 319, 54, 69)>, Dir: (1.00, 0.00)
2025-05-19 17:11:51 - jugador - [DEBUG] - [JUGADOR_0] Pos flotante (pre-límites): (455.0600, 345.0600)
2025-05-19 17:11:51 - jugador - [DEBUG] - [JUGADOR_0] Pos flotante (post-límites): (455.0600, 345.0600)
2025-05-19 17:11:51 - jugador - [DEBUG] - [JUGADOR_0] Movimiento para CH: dx_int=4, dy_int=4. HB (antes CH): (452, 342), PosFlotante: (455.0600,345.0600)
2025-05-19 17:11:51 - jugador - [DEBUG] - [JUGADOR_0] Iniciando gestión de colisión con dx=4, dy=4. Hitbox actual: (452, 342)
2025-05-19 17:11:51 - jugador - [DEBUG] - [JUGADOR_0] Posición POST CH: HB: (456, 346), PosFlotante: (456.00, 346.00)
2025-05-19 17:11:51 - jugador - [DEBUG] - [JUGADOR_0] Hitbox ataque: <rect(466, 323, 54, 69)>, Dir: (1.00, 0.00)
2025-05-19 17:11:51 - jugador - [DEBUG] - [JUGADOR_0] Input teclado procesado: mov_x_input_raw=180, mov_y_input_raw=180
2025-05-19 17:11:51 - jugador - [DEBUG] - [JUGADOR_0] Delta flotante intentado: dx=2.8800, dy=2.8800 (delta_time: 0.0160)
2025-05-19 17:11:51 - jugador - [DEBUG] - [JUGADOR_0] Pos flotante (pre-límites): (458.8800, 348.8800)
2025-05-19 17:11:51 - jugador - [DEBUG] - [JUGADOR_0] Pos flotante (post-límites): (458.8800, 348.8800)
2025-05-19 17:11:51 - jugador - [DEBUG] - [JUGADOR_0] Movimiento para CH: dx_int=3, dy_int=3. HB (antes CH): (456, 346), PosFlotante: (458.8800,348.8800)
2025-05-19 17:11:51 - jugador - [DEBUG] - [JUGADOR_0] Iniciando gestión de colisión con dx=3, dy=3. Hitbox actual: (456, 346)
2025-05-19 17:11:51 - jugador - [DEBUG] - [JUGADOR_0] Posición POST CH: HB: (459, 349), PosFlotante: (459.00, 349.00)
2025-05-19 17:11:51 - jugador - [DEBUG] - [JUGADOR_0] Hitbox ataque: <rect(469, 326, 54, 69)>, Dir: (1.00, 0.00)
2025-05-19 17:11:51 - jugador - [DEBUG] - [JUGADOR_0] Pos flotante (pre-límites): (461.8800, 351.8800)
2025-05-19 17:11:51 - jugador - [DEBUG] - [JUGADOR_0] Pos flotante (post-límites): (461.8800, 351.8800)
2025-05-19 17:11:51 - jugador - [DEBUG] - [JUGADOR_0] Movimiento para CH: dx_int=3, dy_int=3. HB (antes CH): (459, 349), PosFlotante: (461.8800,351.8800)
2025-05-19 17:11:51 - jugador - [DEBUG] - [JUGADOR_0] Iniciando gestión de colisión con dx=3, dy=3. Hitbox actual: (459, 349)
2025-05-19 17:11:51 - jugador - [DEBUG] - [JUGADOR_0] Posición POST CH: HB: (462, 352), PosFlotante: (462.00, 352.00)
2025-05-19 17:11:51 - jugador - [DEBUG] - [JUGADOR_0] Hitbox ataque: <rect(472, 329, 54, 69)>, Dir: (1.00, 0.00)
2025-05-19 17:11:51 - jugador - [DEBUG] - [JUGADOR_0] Input teclado procesado: mov_x_input_raw=-180, mov_y_input_raw=180
2025-05-19 17:11:51 - jugador - [DEBUG] - [JUGADOR_0] Delta flotante intentado: dx=-2.8800, dy=2.8800 (delta_time: 0.0160)
2025-05-19 17:11:51 - jugador - [DEBUG] - [JUGADOR_0] Pos flotante (pre-límites): (459.1200, 354.8800)
2025-05-19 17:11:51 - jugador - [DEBUG] - [JUGADOR_0] Pos flotante (post-límites): (459.1200, 354.8800)
2025-05-19 17:11:51 - jugador - [DEBUG] - [JUGADOR_0] Movimiento para CH: dx_int=-3, dy_int=3. HB (antes CH): (462, 352), PosFlotante: (459.1200,354.8800)
2025-05-19 17:11:51 - jugador - [DEBUG] - [JUGADOR_0] Iniciando gestión de colisión con dx=-3, dy=3. Hitbox actual: (462, 352)
2025-05-19 17:11:51 - jugador - [DEBUG] - [JUGADOR_0] Posición POST CH: HB: (459, 355), PosFlotante: (459.00, 355.00)
2025-05-19 17:11:51 - jugador - [DEBUG] - [JUGADOR_0] Hitbox ataque: <rect(419, 332, 54, 69)>, Dir: (-1.00, 0.00)
2025-05-19 17:11:51 - jugador - [DEBUG] - [JUGADOR_0] Pos flotante (pre-límites): (456.1200, 357.8800)
2025-05-19 17:11:51 - jugador - [DEBUG] - [JUGADOR_0] Pos flotante (post-límites): (456.1200, 357.8800)
2025-05-19 17:11:51 - jugador - [DEBUG] - [JUGADOR_0] Movimiento para CH: dx_int=-3, dy_int=3. HB (antes CH): (459, 355), PosFlotante: (456.1200,357.8800)
2025-05-19 17:11:51 - jugador - [DEBUG] - [JUGADOR_0] Iniciando gestión de colisión con dx=-3, dy=3. Hitbox actual: (459, 355)
2025-05-19 17:11:51 - jugador - [DEBUG] - [JUGADOR_0] Posición POST CH: HB: (457, 358), PosFlotante: (457.00, 358.00)
2025-05-19 17:11:51 - jugador - [DEBUG] - [JUGADOR_0] Hitbox ataque: <rect(417, 335, 54, 69)>, Dir: (-1.00, 0.00)
2025-05-19 17:11:51 - jugador - [DEBUG] - [JUGADOR_0] Input teclado procesado: mov_x_input_raw=-180, mov_y_input_raw=0
2025-05-19 17:11:51 - jugador - [DEBUG] - [JUGADOR_0] Delta flotante intentado: dx=-3.0600, dy=0.0000 (delta_time: 0.0170)
2025-05-19 17:11:51 - jugador - [DEBUG] - [JUGADOR_0] Pos flotante (pre-límites): (453.9400, 358.0000)
2025-05-19 17:11:51 - jugador - [DEBUG] - [JUGADOR_0] Pos flotante (post-límites): (453.9400, 358.0000)
2025-05-19 17:11:51 - jugador - [DEBUG] - [JUGADOR_0] Movimiento para CH: dx_int=-4, dy_int=0. HB (antes CH): (457, 358), PosFlotante: (453.9400,358.0000)
2025-05-19 17:11:51 - jugador - [DEBUG] - [JUGADOR_0] Iniciando gestión de colisión con dx=-4, dy=0. Hitbox actual: (457, 358)
2025-05-19 17:11:51 - jugador - [DEBUG] - [JUGADOR_0] Posición POST CH: HB: (459, 358), PosFlotante: (459.00, 358.00)
2025-05-19 17:11:51 - jugador - [DEBUG] - [JUGADOR_0] ATAQUE FINALIZADO (Duración: 260ms). Enemigos golpeados: 1
2025-05-19 17:11:51 - jugador - [DEBUG] - [JUGADOR_0] Delta flotante intentado: dx=-2.8800, dy=0.0000 (delta_time: 0.0160)
2025-05-19 17:11:51 - jugador - [DEBUG] - [JUGADOR_0] Pos flotante (pre-límites): (456.1200, 358.0000)
2025-05-19 17:11:51 - jugador - [DEBUG] - [JUGADOR_0] Pos flotante (post-límites): (456.1200, 358.0000)
2025-05-19 17:11:51 - jugador - [DEBUG] - [JUGADOR_0] Movimiento para CH: dx_int=-3, dy_int=0. HB (antes CH): (459, 358), PosFlotante: (456.1200,358.0000)
2025-05-19 17:11:51 - jugador - [DEBUG] - [JUGADOR_0] Iniciando gestión de colisión con dx=-3, dy=0. Hitbox actual: (459, 358)
2025-05-19 17:11:51 - jugador - [DEBUG] - [JUGADOR_0] Posición POST CH: HB: (461, 358), PosFlotante: (461.00, 358.00)
2025-05-19 17:11:51 - jugador - [DEBUG] - [JUGADOR_0] Pos flotante (pre-límites): (458.1200, 358.0000)
2025-05-19 17:11:51 - jugador - [DEBUG] - [JUGADOR_0] Pos flotante (post-límites): (458.1200, 358.0000)
2025-05-19 17:11:51 - jugador - [DEBUG] - [JUGADOR_0] Movimiento para CH: dx_int=-3, dy_int=0. HB (antes CH): (461, 358), PosFlotante: (458.1200,358.0000)
2025-05-19 17:11:51 - jugador - [DEBUG] - [JUGADOR_0] Iniciando gestión de colisión con dx=-3, dy=0. Hitbox actual: (461, 358)
2025-05-19 17:11:51 - jugador - [DEBUG] - [JUGADOR_0] Posición POST CH: HB: (463, 358), PosFlotante: (463.00, 358.00)
2025-05-19 17:11:51 - jugador - [DEBUG] - [JUGADOR_0] Pos flotante (pre-límites): (460.1200, 358.0000)
2025-05-19 17:11:51 - jugador - [DEBUG] - [JUGADOR_0] Pos flotante (post-límites): (460.1200, 358.0000)
2025-05-19 17:11:51 - jugador - [DEBUG] - [JUGADOR_0] Movimiento para CH: dx_int=-3, dy_int=0. HB (antes CH): (463, 358), PosFlotante: (460.1200,358.0000)
2025-05-19 17:11:51 - jugador - [DEBUG] - [JUGADOR_0] Iniciando gestión de colisión con dx=-3, dy=0. Hitbox actual: (463, 358)
2025-05-19 17:11:51 - jugador - [DEBUG] - [JUGADOR_0] Posición POST CH: HB: (465, 358), PosFlotante: (465.00, 358.00)
2025-05-19 17:11:51 - jugador - [DEBUG] - [JUGADOR_0] Input teclado procesado: mov_x_input_raw=-180, mov_y_input_raw=0
2025-05-19 17:11:51 - jugador - [DEBUG] - [JUGADOR_0] Delta flotante intentado: dx=-3.0600, dy=0.0000 (delta_time: 0.0170)
2025-05-19 17:11:51 - jugador - [DEBUG] - [JUGADOR_0] Pos flotante (pre-límites): (461.9400, 358.0000)
2025-05-19 17:11:51 - jugador - [DEBUG] - [JUGADOR_0] Pos flotante (post-límites): (461.9400, 358.0000)
2025-05-19 17:11:51 - jugador - [DEBUG] - [JUGADOR_0] Movimiento para CH: dx_int=-4, dy_int=0. HB (antes CH): (465, 358), PosFlotante: (461.9400,358.0000)
2025-05-19 17:11:51 - jugador - [DEBUG] - [JUGADOR_0] Iniciando gestión de colisión con dx=-4, dy=0. Hitbox actual: (465, 358)
2025-05-19 17:11:51 - jugador - [DEBUG] - [JUGADOR_0] Posición POST CH: HB: (467, 358), PosFlotante: (467.00, 358.00)
2025-05-19 17:11:51 - jugador - [DEBUG] - [JUGADOR_0] Delta flotante intentado: dx=-2.8800, dy=0.0000 (delta_time: 0.0160)
2025-05-19 17:11:51 - jugador - [DEBUG] - [JUGADOR_0] Pos flotante (pre-límites): (464.1200, 358.0000)
2025-05-19 17:11:51 - jugador - [DEBUG] - [JUGADOR_0] Pos flotante (post-límites): (464.1200, 358.0000)
2025-05-19 17:11:51 - jugador - [DEBUG] - [JUGADOR_0] Movimiento para CH: dx_int=-3, dy_int=0. HB (antes CH): (467, 358), PosFlotante: (464.1200,358.0000)
2025-05-19 17:11:51 - jugador - [DEBUG] - [JUGADOR_0] Iniciando gestión de colisión con dx=-3, dy=0. Hitbox actual: (467, 358)
2025-05-19 17:11:51 - jugador - [DEBUG] - [JUGADOR_0] Posición POST CH: HB: (469, 358), PosFlotante: (469.00, 358.00)
2025-05-19 17:11:51 - jugador - [DEBUG] - [JUGADOR_0] Pos flotante (pre-límites): (465.9400, 358.0000)
2025-05-19 17:11:51 - jugador - [DEBUG] - [JUGADOR_0] Pos flotante (post-límites): (465.9400, 358.0000)
2025-05-19 17:11:51 - jugador - [DEBUG] - [JUGADOR_0] Movimiento para CH: dx_int=-4, dy_int=0. HB (antes CH): (469, 358), PosFlotante: (465.9400,358.0000)
2025-05-19 17:11:51 - jugador - [DEBUG] - [JUGADOR_0] Iniciando gestión de colisión con dx=-4, dy=0. Hitbox actual: (469, 358)
2025-05-19 17:11:51 - jugador - [DEBUG] - [JUGADOR_0] Posición POST CH: HB: (471, 358), PosFlotante: (471.00, 358.00)
2025-05-19 17:11:51 - jugador - [DEBUG] - [JUGADOR_0] Input teclado procesado: mov_x_input_raw=-180, mov_y_input_raw=-180
2025-05-19 17:11:51 - jugador - [DEBUG] - [JUGADOR_0] Delta flotante intentado: dx=-3.0600, dy=-3.0600 (delta_time: 0.0170)
2025-05-19 17:11:51 - jugador - [DEBUG] - [JUGADOR_0] Pos flotante (pre-límites): (467.9400, 354.9400)
2025-05-19 17:11:51 - jugador - [DEBUG] - [JUGADOR_0] Pos flotante (post-límites): (467.9400, 354.9400)
2025-05-19 17:11:51 - jugador - [DEBUG] - [JUGADOR_0] Movimiento para CH: dx_int=-4, dy_int=-4. HB (antes CH): (471, 358), PosFlotante: (467.9400,354.9400)
2025-05-19 17:11:51 - jugador - [DEBUG] - [JUGADOR_0] Iniciando gestión de colisión con dx=-4, dy=-4. Hitbox actual: (471, 358)
2025-05-19 17:11:51 - jugador - [DEBUG] - [JUGADOR_0] Posición POST CH: HB: (473, 354), PosFlotante: (473.00, 354.00)
2025-05-19 17:11:51 - jugador - [DEBUG] - [JUGADOR_0] Pos flotante (pre-límites): (469.9400, 350.9400)
2025-05-19 17:11:51 - jugador - [DEBUG] - [JUGADOR_0] Pos flotante (post-límites): (469.9400, 350.9400)
2025-05-19 17:11:51 - jugador - [DEBUG] - [JUGADOR_0] Movimiento para CH: dx_int=-4, dy_int=-4. HB (antes CH): (473, 354), PosFlotante: (469.9400,350.9400)
2025-05-19 17:11:51 - jugador - [DEBUG] - [JUGADOR_0] Iniciando gestión de colisión con dx=-4, dy=-4. Hitbox actual: (473, 354)
2025-05-19 17:11:51 - jugador - [DEBUG] - [JUGADOR_0] Posición POST CH: HB: (475, 350), PosFlotante: (475.00, 350.00)
2025-05-19 17:11:51 - jugador - [DEBUG] - [JUGADOR_0] Pos flotante (pre-límites): (471.9400, 346.9400)
2025-05-19 17:11:51 - jugador - [DEBUG] - [JUGADOR_0] Pos flotante (post-límites): (471.9400, 346.9400)
2025-05-19 17:11:51 - jugador - [DEBUG] - [JUGADOR_0] Movimiento para CH: dx_int=-4, dy_int=-4. HB (antes CH): (475, 350), PosFlotante: (471.9400,346.9400)
2025-05-19 17:11:51 - jugador - [DEBUG] - [JUGADOR_0] Iniciando gestión de colisión con dx=-4, dy=-4. Hitbox actual: (475, 350)
2025-05-19 17:11:51 - jugador - [DEBUG] - [JUGADOR_0] Posición POST CH: HB: (477, 346), PosFlotante: (477.00, 346.00)
2025-05-19 17:11:51 - jugador - [DEBUG] - [JUGADOR_0] Input teclado procesado: mov_x_input_raw=-180, mov_y_input_raw=-180
2025-05-19 17:11:51 - jugador - [DEBUG] - [JUGADOR_0] Delta flotante intentado: dx=-3.0600, dy=-3.0600 (delta_time: 0.0170)
2025-05-19 17:11:51 - jugador - [DEBUG] - [JUGADOR_0] Pos flotante (pre-límites): (473.9400, 342.9400)
2025-05-19 17:11:51 - jugador - [DEBUG] - [JUGADOR_0] Pos flotante (post-límites): (473.9400, 342.9400)
2025-05-19 17:11:51 - jugador - [DEBUG] - [JUGADOR_0] Movimiento para CH: dx_int=-4, dy_int=-4. HB (antes CH): (477, 346), PosFlotante: (473.9400,342.9400)
2025-05-19 17:11:51 - jugador - [DEBUG] - [JUGADOR_0] Iniciando gestión de colisión con dx=-4, dy=-4. Hitbox actual: (477, 346)
2025-05-19 17:11:51 - jugador - [DEBUG] - [JUGADOR_0] Posición POST CH: HB: (479, 342), PosFlotante: (479.00, 342.00)
2025-05-19 17:11:51 - jugador - [DEBUG] - [JUGADOR_0] Pos flotante (pre-límites): (475.9400, 338.9400)
2025-05-19 17:11:51 - jugador - [DEBUG] - [JUGADOR_0] Pos flotante (post-límites): (475.9400, 338.9400)
2025-05-19 17:11:51 - jugador - [DEBUG] - [JUGADOR_0] Movimiento para CH: dx_int=-4, dy_int=-4. HB (antes CH): (479, 342), PosFlotante: (475.9400,338.9400)
2025-05-19 17:11:51 - jugador - [DEBUG] - [JUGADOR_0] Iniciando gestión de colisión con dx=-4, dy=-4. Hitbox actual: (479, 342)
2025-05-19 17:11:51 - jugador - [DEBUG] - [JUGADOR_0] Posición POST CH: HB: (481, 338), PosFlotante: (481.00, 338.00)
2025-05-19 17:11:51 - jugador - [DEBUG] - [JUGADOR_0] Pos flotante (pre-límites): (477.9400, 334.9400)
2025-05-19 17:11:51 - jugador - [DEBUG] - [JUGADOR_0] Pos flotante (post-límites): (477.9400, 334.9400)
2025-05-19 17:11:51 - jugador - [DEBUG] - [JUGADOR_0] Movimiento para CH: dx_int=-4, dy_int=-4. HB (antes CH): (481, 338), PosFlotante: (477.9400,334.9400)
2025-05-19 17:11:51 - jugador - [DEBUG] - [JUGADOR_0] Iniciando gestión de colisión con dx=-4, dy=-4. Hitbox actual: (481, 338)
2025-05-19 17:11:51 - jugador - [DEBUG] - [JUGADOR_0] Posición POST CH: HB: (483, 335), PosFlotante: (483.00, 335.00)
2025-05-19 17:11:51 - jugador - [DEBUG] - [JUGADOR_0] Input teclado procesado: mov_x_input_raw=-180, mov_y_input_raw=-180
2025-05-19 17:11:51 - jugador - [DEBUG] - [JUGADOR_0] Delta flotante intentado: dx=-3.0600, dy=-3.0600 (delta_time: 0.0170)
2025-05-19 17:11:51 - jugador - [DEBUG] - [JUGADOR_0] Pos flotante (pre-límites): (479.9400, 331.9400)
2025-05-19 17:11:51 - jugador - [DEBUG] - [JUGADOR_0] Pos flotante (post-límites): (479.9400, 331.9400)
2025-05-19 17:11:51 - jugador - [DEBUG] - [JUGADOR_0] Movimiento para CH: dx_int=-4, dy_int=-4. HB (antes CH): (483, 335), PosFlotante: (479.9400,331.9400)
2025-05-19 17:11:51 - jugador - [DEBUG] - [JUGADOR_0] Iniciando gestión de colisión con dx=-4, dy=-4. Hitbox actual: (483, 335)
2025-05-19 17:11:51 - jugador - [DEBUG] - [JUGADOR_0] Posición POST CH: HB: (484, 335), PosFlotante: (484.00, 335.00)
2025-05-19 17:11:51 - jugador - [DEBUG] - [JUGADOR_0] Delta flotante intentado: dx=-2.8800, dy=-2.8800 (delta_time: 0.0160)
2025-05-19 17:11:51 - jugador - [DEBUG] - [JUGADOR_0] Pos flotante (pre-límites): (481.1200, 332.1200)
2025-05-19 17:11:51 - jugador - [DEBUG] - [JUGADOR_0] Pos flotante (post-límites): (481.1200, 332.1200)
2025-05-19 17:11:51 - jugador - [DEBUG] - [JUGADOR_0] Movimiento para CH: dx_int=-3, dy_int=-3. HB (antes CH): (484, 335), PosFlotante: (481.1200,332.1200)
2025-05-19 17:11:51 - jugador - [DEBUG] - [JUGADOR_0] Iniciando gestión de colisión con dx=-3, dy=-3. Hitbox actual: (484, 335)
2025-05-19 17:11:51 - jugador - [DEBUG] - [JUGADOR_0] Posición POST CH: HB: (485, 335), PosFlotante: (485.00, 335.00)
2025-05-19 17:11:51 - jugador - [DEBUG] - [JUGADOR_0] Input teclado procesado: mov_x_input_raw=0, mov_y_input_raw=-180
2025-05-19 17:11:51 - jugador - [DEBUG] - [JUGADOR_0] Delta flotante intentado: dx=0.0000, dy=-2.8800 (delta_time: 0.0160)
2025-05-19 17:11:51 - jugador - [DEBUG] - [JUGADOR_0] Pos flotante (pre-límites): (485.0000, 332.1200)
2025-05-19 17:11:51 - jugador - [DEBUG] - [JUGADOR_0] Pos flotante (post-límites): (485.0000, 332.1200)
2025-05-19 17:11:51 - jugador - [DEBUG] - [JUGADOR_0] Movimiento para CH: dx_int=0, dy_int=-3. HB (antes CH): (485, 335), PosFlotante: (485.0000,332.1200)
2025-05-19 17:11:51 - jugador - [DEBUG] - [JUGADOR_0] Iniciando gestión de colisión con dx=0, dy=-3. Hitbox actual: (485, 335)
2025-05-19 17:11:51 - jugador - [DEBUG] - [JUGADOR_0] Posición POST CH: HB: (486, 335), PosFlotante: (486.00, 335.00)
2025-05-19 17:11:51 - jugador - [DEBUG] - [JUGADOR_0] Input teclado procesado: mov_x_input_raw=180, mov_y_input_raw=-180
2025-05-19 17:11:51 - jugador - [DEBUG] - [JUGADOR_0] Delta flotante intentado: dx=3.0600, dy=-3.0600 (delta_time: 0.0170)
2025-05-19 17:11:51 - jugador - [DEBUG] - [JUGADOR_0] Pos flotante (pre-límites): (489.0600, 331.9400)
2025-05-19 17:11:51 - jugador - [DEBUG] - [JUGADOR_0] Pos flotante (post-límites): (489.0600, 331.9400)
2025-05-19 17:11:51 - jugador - [DEBUG] - [JUGADOR_0] Movimiento para CH: dx_int=4, dy_int=-4. HB (antes CH): (486, 335), PosFlotante: (489.0600,331.9400)
2025-05-19 17:11:51 - jugador - [DEBUG] - [JUGADOR_0] Iniciando gestión de colisión con dx=4, dy=-4. Hitbox actual: (486, 335)
2025-05-19 17:11:51 - jugador - [DEBUG] - [JUGADOR_0] Posición POST CH: HB: (492, 335), PosFlotante: (492.00, 335.00)
2025-05-19 17:11:51 - jugador - [DEBUG] - [JUGADOR_0] Delta flotante intentado: dx=2.8800, dy=-2.8800 (delta_time: 0.0160)
2025-05-19 17:11:51 - jugador - [DEBUG] - [JUGADOR_0] Pos flotante (pre-límites): (494.8800, 332.1200)
2025-05-19 17:11:51 - jugador - [DEBUG] - [JUGADOR_0] Pos flotante (post-límites): (494.8800, 332.1200)
2025-05-19 17:11:51 - jugador - [DEBUG] - [JUGADOR_0] Movimiento para CH: dx_int=3, dy_int=-3. HB (antes CH): (492, 335), PosFlotante: (494.8800,332.1200)
2025-05-19 17:11:51 - jugador - [DEBUG] - [JUGADOR_0] Iniciando gestión de colisión con dx=3, dy=-3. Hitbox actual: (492, 335)
2025-05-19 17:11:51 - jugador - [DEBUG] - [JUGADOR_0] Posición POST CH: HB: (495, 335), PosFlotante: (495.00, 335.00)
2025-05-19 17:11:51 - jugador - [DEBUG] - [JUGADOR_0] Pos flotante (pre-límites): (497.8800, 332.1200)
2025-05-19 17:11:51 - jugador - [DEBUG] - [JUGADOR_0] Pos flotante (post-límites): (497.8800, 332.1200)
2025-05-19 17:11:51 - jugador - [DEBUG] - [JUGADOR_0] Movimiento para CH: dx_int=3, dy_int=-3. HB (antes CH): (495, 335), PosFlotante: (497.8800,332.1200)
2025-05-19 17:11:51 - jugador - [DEBUG] - [JUGADOR_0] Iniciando gestión de colisión con dx=3, dy=-3. Hitbox actual: (495, 335)
2025-05-19 17:11:51 - jugador - [DEBUG] - [JUGADOR_0] Posición POST CH: HB: (498, 335), PosFlotante: (498.00, 335.00)
2025-05-19 17:11:51 - jugador - [DEBUG] - [JUGADOR_0] Pos flotante (pre-límites): (501.0600, 331.9400)
2025-05-19 17:11:51 - jugador - [DEBUG] - [JUGADOR_0] Pos flotante (post-límites): (501.0600, 331.9400)
2025-05-19 17:11:51 - jugador - [DEBUG] - [JUGADOR_0] Movimiento para CH: dx_int=4, dy_int=-4. HB (antes CH): (498, 335), PosFlotante: (501.0600,331.9400)
2025-05-19 17:11:51 - jugador - [DEBUG] - [JUGADOR_0] Iniciando gestión de colisión con dx=4, dy=-4. Hitbox actual: (498, 335)
2025-05-19 17:11:51 - jugador - [DEBUG] - [JUGADOR_0] Posición POST CH: HB: (502, 335), PosFlotante: (502.00, 335.00)
2025-05-19 17:11:51 - jugador - [DEBUG] - [JUGADOR_0] Intento de ataque en cooldown (700.0ms). Tiempo desde último: 592ms
2025-05-19 17:11:51 - jugador - [DEBUG] - [JUGADOR_0] Input teclado procesado: mov_x_input_raw=180, mov_y_input_raw=-180
2025-05-19 17:11:51 - jugador - [DEBUG] - [JUGADOR_0] Delta flotante intentado: dx=3.0600, dy=-3.0600 (delta_time: 0.0170)
2025-05-19 17:11:51 - jugador - [DEBUG] - [JUGADOR_0] Pos flotante (pre-límites): (505.0600, 331.9400)
2025-05-19 17:11:51 - jugador - [DEBUG] - [JUGADOR_0] Pos flotante (post-límites): (505.0600, 331.9400)
2025-05-19 17:11:51 - jugador - [DEBUG] - [JUGADOR_0] Movimiento para CH: dx_int=4, dy_int=-4. HB (antes CH): (502, 335), PosFlotante: (505.0600,331.9400)
2025-05-19 17:11:51 - jugador - [DEBUG] - [JUGADOR_0] Iniciando gestión de colisión con dx=4, dy=-4. Hitbox actual: (502, 335)
2025-05-19 17:11:51 - jugador - [DEBUG] - [JUGADOR_0] Posición POST CH: HB: (506, 335), PosFlotante: (506.00, 335.00)
2025-05-19 17:11:51 - jugador - [DEBUG] - [JUGADOR_0] Input teclado procesado: mov_x_input_raw=180, mov_y_input_raw=0
2025-05-19 17:11:51 - jugador - [DEBUG] - [JUGADOR_0] Delta flotante intentado: dx=3.0600, dy=0.0000 (delta_time: 0.0170)
2025-05-19 17:11:51 - jugador - [DEBUG] - [JUGADOR_0] Pos flotante (pre-límites): (509.0600, 335.0000)
2025-05-19 17:11:51 - jugador - [DEBUG] - [JUGADOR_0] Pos flotante (post-límites): (509.0600, 335.0000)
2025-05-19 17:11:51 - jugador - [DEBUG] - [JUGADOR_0] Movimiento para CH: dx_int=4, dy_int=0. HB (antes CH): (506, 335), PosFlotante: (509.0600,335.0000)
2025-05-19 17:11:51 - jugador - [DEBUG] - [JUGADOR_0] Iniciando gestión de colisión con dx=4, dy=0. Hitbox actual: (506, 335)
2025-05-19 17:11:51 - jugador - [DEBUG] - [JUGADOR_0] Posición POST CH: HB: (510, 335), PosFlotante: (510.00, 335.00)
2025-05-19 17:11:51 - jugador - [DEBUG] - [JUGADOR_0] Delta flotante intentado: dx=2.8800, dy=0.0000 (delta_time: 0.0160)
2025-05-19 17:11:51 - jugador - [DEBUG] - [JUGADOR_0] Pos flotante (pre-límites): (512.8800, 335.0000)
2025-05-19 17:11:51 - jugador - [DEBUG] - [JUGADOR_0] Pos flotante (post-límites): (512.8800, 335.0000)
2025-05-19 17:11:51 - jugador - [DEBUG] - [JUGADOR_0] Movimiento para CH: dx_int=3, dy_int=0. HB (antes CH): (510, 335), PosFlotante: (512.8800,335.0000)
2025-05-19 17:11:51 - jugador - [DEBUG] - [JUGADOR_0] Iniciando gestión de colisión con dx=3, dy=0. Hitbox actual: (510, 335)
2025-05-19 17:11:51 - jugador - [DEBUG] - [JUGADOR_0] Posición POST CH: HB: (513, 335), PosFlotante: (513.00, 335.00)
2025-05-19 17:11:51 - jugador - [DEBUG] - [JUGADOR_0] Pos flotante (pre-límites): (515.8800, 335.0000)
2025-05-19 17:11:51 - jugador - [DEBUG] - [JUGADOR_0] Pos flotante (post-límites): (515.8800, 335.0000)
2025-05-19 17:11:51 - jugador - [DEBUG] - [JUGADOR_0] Movimiento para CH: dx_int=3, dy_int=0. HB (antes CH): (513, 335), PosFlotante: (515.8800,335.0000)
2025-05-19 17:11:51 - jugador - [DEBUG] - [JUGADOR_0] Iniciando gestión de colisión con dx=3, dy=0. Hitbox actual: (513, 335)
2025-05-19 17:11:51 - jugador - [DEBUG] - [JUGADOR_0] Posición POST CH: HB: (516, 335), PosFlotante: (516.00, 335.00)
2025-05-19 17:11:51 - jugador - [DEBUG] - [JUGADOR_0] Pos flotante (pre-límites): (518.8800, 335.0000)
2025-05-19 17:11:51 - jugador - [DEBUG] - [JUGADOR_0] Pos flotante (post-límites): (518.8800, 335.0000)
2025-05-19 17:11:51 - jugador - [DEBUG] - [JUGADOR_0] Movimiento para CH: dx_int=3, dy_int=0. HB (antes CH): (516, 335), PosFlotante: (518.8800,335.0000)
2025-05-19 17:11:51 - jugador - [DEBUG] - [JUGADOR_0] Iniciando gestión de colisión con dx=3, dy=0. Hitbox actual: (516, 335)
2025-05-19 17:11:51 - jugador - [DEBUG] - [JUGADOR_0] Posición POST CH: HB: (519, 335), PosFlotante: (519.00, 335.00)
2025-05-19 17:11:51 - jugador - [DEBUG] - [JUGADOR_0] Input teclado procesado: mov_x_input_raw=-180, mov_y_input_raw=0
2025-05-19 17:11:51 - jugador - [DEBUG] - [JUGADOR_0] Delta flotante intentado: dx=-2.8800, dy=0.0000 (delta_time: 0.0160)
2025-05-19 17:11:51 - jugador - [DEBUG] - [JUGADOR_0] Pos flotante (pre-límites): (516.1200, 335.0000)
2025-05-19 17:11:51 - jugador - [DEBUG] - [JUGADOR_0] Pos flotante (post-límites): (516.1200, 335.0000)
2025-05-19 17:11:51 - jugador - [DEBUG] - [JUGADOR_0] Movimiento para CH: dx_int=-3, dy_int=0. HB (antes CH): (519, 335), PosFlotante: (516.1200,335.0000)
2025-05-19 17:11:51 - jugador - [DEBUG] - [JUGADOR_0] Iniciando gestión de colisión con dx=-3, dy=0. Hitbox actual: (519, 335)
2025-05-19 17:11:51 - jugador - [DEBUG] - [JUGADOR_0] Pos flotante (pre-límites): (513.1200, 335.0000)
2025-05-19 17:11:51 - jugador - [DEBUG] - [JUGADOR_0] Pos flotante (post-límites): (513.1200, 335.0000)
2025-05-19 17:11:51 - jugador - [DEBUG] - [JUGADOR_0] Movimiento para CH: dx_int=-3, dy_int=0. HB (antes CH): (516, 335), PosFlotante: (513.1200,335.0000)
2025-05-19 17:11:51 - jugador - [DEBUG] - [JUGADOR_0] Iniciando gestión de colisión con dx=-3, dy=0. Hitbox actual: (516, 335)
2025-05-19 17:11:51 - jugador - [DEBUG] - [JUGADOR_0] Posición POST CH: HB: (513, 335), PosFlotante: (513.00, 335.00)
2025-05-19 17:11:51 - jugador - [DEBUG] - [JUGADOR_0] Pos flotante (pre-límites): (510.1200, 335.0000)
2025-05-19 17:11:51 - jugador - [DEBUG] - [JUGADOR_0] Pos flotante (post-límites): (510.1200, 335.0000)
2025-05-19 17:11:51 - jugador - [DEBUG] - [JUGADOR_0] Movimiento para CH: dx_int=-3, dy_int=0. HB (antes CH): (513, 335), PosFlotante: (510.1200,335.0000)
2025-05-19 17:11:51 - jugador - [DEBUG] - [JUGADOR_0] Iniciando gestión de colisión con dx=-3, dy=0. Hitbox actual: (513, 335)
2025-05-19 17:11:51 - jugador - [DEBUG] - [JUGADOR_0] Posición POST CH: HB: (510, 335), PosFlotante: (510.00, 335.00)
2025-05-19 17:11:51 - jugador - [DEBUG] - [JUGADOR_0] Pos flotante (pre-límites): (507.1200, 335.0000)
2025-05-19 17:11:51 - jugador - [DEBUG] - [JUGADOR_0] Pos flotante (post-límites): (507.1200, 335.0000)
2025-05-19 17:11:51 - jugador - [DEBUG] - [JUGADOR_0] Movimiento para CH: dx_int=-3, dy_int=0. HB (antes CH): (510, 335), PosFlotante: (507.1200,335.0000)
2025-05-19 17:11:51 - jugador - [DEBUG] - [JUGADOR_0] Iniciando gestión de colisión con dx=-3, dy=0. Hitbox actual: (510, 335)
2025-05-19 17:11:51 - jugador - [DEBUG] - [JUGADOR_0] Posición POST CH: HB: (512, 335), PosFlotante: (512.00, 335.00)
2025-05-19 17:11:51 - jugador - [DEBUG] - [JUGADOR_0] Input teclado procesado: mov_x_input_raw=-180, mov_y_input_raw=0
2025-05-19 17:11:51 - jugador - [DEBUG] - [JUGADOR_0] Delta flotante intentado: dx=-3.0600, dy=0.0000 (delta_time: 0.0170)
2025-05-19 17:11:51 - jugador - [DEBUG] - [JUGADOR_0] Pos flotante (pre-límites): (508.9400, 335.0000)
2025-05-19 17:11:51 - jugador - [DEBUG] - [JUGADOR_0] Pos flotante (post-límites): (508.9400, 335.0000)
2025-05-19 17:11:51 - jugador - [DEBUG] - [JUGADOR_0] Movimiento para CH: dx_int=-4, dy_int=0. HB (antes CH): (512, 335), PosFlotante: (508.9400,335.0000)
2025-05-19 17:11:51 - jugador - [DEBUG] - [JUGADOR_0] Iniciando gestión de colisión con dx=-4, dy=0. Hitbox actual: (512, 335)
2025-05-19 17:11:51 - jugador - [DEBUG] - [JUGADOR_0] Posición POST CH: HB: (514, 335), PosFlotante: (514.00, 335.00)
2025-05-19 17:11:51 - jugador - [DEBUG] - [JUGADOR_0] Pos flotante (pre-límites): (510.9400, 335.0000)
2025-05-19 17:11:51 - jugador - [DEBUG] - [JUGADOR_0] Pos flotante (post-límites): (510.9400, 335.0000)
2025-05-19 17:11:51 - jugador - [DEBUG] - [JUGADOR_0] Movimiento para CH: dx_int=-4, dy_int=0. HB (antes CH): (514, 335), PosFlotante: (510.9400,335.0000)
2025-05-19 17:11:51 - jugador - [DEBUG] - [JUGADOR_0] Iniciando gestión de colisión con dx=-4, dy=0. Hitbox actual: (514, 335)
2025-05-19 17:11:51 - jugador - [DEBUG] - [JUGADOR_0] Posición POST CH: HB: (516, 335), PosFlotante: (516.00, 335.00)
2025-05-19 17:11:51 - jugador - [DEBUG] - [JUGADOR_0] Delta flotante intentado: dx=-2.8800, dy=0.0000 (delta_time: 0.0160)
2025-05-19 17:11:51 - jugador - [DEBUG] - [JUGADOR_0] Pos flotante (pre-límites): (513.1200, 335.0000)
2025-05-19 17:11:51 - jugador - [DEBUG] - [JUGADOR_0] Pos flotante (post-límites): (513.1200, 335.0000)
2025-05-19 17:11:51 - jugador - [DEBUG] - [JUGADOR_0] Movimiento para CH: dx_int=-3, dy_int=0. HB (antes CH): (516, 335), PosFlotante: (513.1200,335.0000)
2025-05-19 17:11:51 - jugador - [DEBUG] - [JUGADOR_0] Iniciando gestión de colisión con dx=-3, dy=0. Hitbox actual: (516, 335)
2025-05-19 17:11:51 - jugador - [DEBUG] - [JUGADOR_0] Posición POST CH: HB: (518, 335), PosFlotante: (518.00, 335.00)
2025-05-19 17:11:51 - jugador - [DEBUG] - [JUGADOR_0] Pos flotante (pre-límites): (515.1200, 335.0000)
2025-05-19 17:11:51 - jugador - [DEBUG] - [JUGADOR_0] Pos flotante (post-límites): (515.1200, 335.0000)
2025-05-19 17:11:51 - jugador - [DEBUG] - [JUGADOR_0] Movimiento para CH: dx_int=-3, dy_int=0. HB (antes CH): (518, 335), PosFlotante: (515.1200,335.0000)
2025-05-19 17:11:51 - jugador - [DEBUG] - [JUGADOR_0] Iniciando gestión de colisión con dx=-3, dy=0. Hitbox actual: (518, 335)
2025-05-19 17:11:51 - jugador - [DEBUG] - [JUGADOR_0] Posición POST CH: HB: (520, 335), PosFlotante: (520.00, 335.00)
2025-05-19 17:11:51 - jugador - [DEBUG] - [JUGADOR_0] Input teclado procesado: mov_x_input_raw=-180, mov_y_input_raw=0
2025-05-19 17:11:51 - jugador - [DEBUG] - [JUGADOR_0] Delta flotante intentado: dx=-3.0600, dy=0.0000 (delta_time: 0.0170)
2025-05-19 17:11:51 - jugador - [DEBUG] - [JUGADOR_0] Pos flotante (pre-límites): (516.9400, 335.0000)
2025-05-19 17:11:51 - jugador - [DEBUG] - [JUGADOR_0] Pos flotante (post-límites): (516.9400, 335.0000)
2025-05-19 17:11:51 - jugador - [DEBUG] - [JUGADOR_0] Movimiento para CH: dx_int=-4, dy_int=0. HB (antes CH): (520, 335), PosFlotante: (516.9400,335.0000)
2025-05-19 17:11:51 - jugador - [DEBUG] - [JUGADOR_0] Iniciando gestión de colisión con dx=-4, dy=0. Hitbox actual: (520, 335)
2025-05-19 17:11:51 - jugador - [DEBUG] - [JUGADOR_0] Posición POST CH: HB: (522, 335), PosFlotante: (522.00, 335.00)
2025-05-19 17:11:51 - jugador - [INFO] - [JUGADOR_0] ATAQUE INICIADO (Cooldown: 700.0ms). Perfil: 'espada_predeterminada'
2025-05-19 17:11:51 - jugador - [DEBUG] - [JUGADOR_0] Delta flotante intentado: dx=-2.8800, dy=0.0000 (delta_time: 0.0160)
2025-05-19 17:11:51 - jugador - [DEBUG] - [JUGADOR_0] Pos flotante (pre-límites): (519.1200, 335.0000)
2025-05-19 17:11:51 - jugador - [DEBUG] - [JUGADOR_0] Pos flotante (post-límites): (519.1200, 335.0000)
2025-05-19 17:11:51 - jugador - [DEBUG] - [JUGADOR_0] Movimiento para CH: dx_int=-3, dy_int=0. HB (antes CH): (522, 335), PosFlotante: (519.1200,335.0000)
2025-05-19 17:11:51 - jugador - [DEBUG] - [JUGADOR_0] Iniciando gestión de colisión con dx=-3, dy=0. Hitbox actual: (522, 335)
2025-05-19 17:11:51 - jugador - [DEBUG] - [JUGADOR_0] Posición POST CH: HB: (524, 335), PosFlotante: (524.00, 335.00)
2025-05-19 17:11:51 - jugador - [DEBUG] - [JUGADOR_0] Hitbox ataque: <rect(484, 312, 54, 69)>, Dir: (-1.00, 0.00)
2025-05-19 17:11:51 - jugador - [INFO] - [JUGADOR_0] GOLPEÓ a [Enemigo_2] con perfil 'espada_predeterminada'. Daño: 5.0
2025-05-19 17:11:51 - jugador - [DEBUG] - [JUGADOR_0] Pos flotante (pre-límites): (521.1200, 335.0000)
2025-05-19 17:11:51 - jugador - [DEBUG] - [JUGADOR_0] Pos flotante (post-límites): (521.1200, 335.0000)
2025-05-19 17:11:51 - jugador - [DEBUG] - [JUGADOR_0] Movimiento para CH: dx_int=-3, dy_int=0. HB (antes CH): (524, 335), PosFlotante: (521.1200,335.0000)
2025-05-19 17:11:51 - jugador - [DEBUG] - [JUGADOR_0] Iniciando gestión de colisión con dx=-3, dy=0. Hitbox actual: (524, 335)
2025-05-19 17:11:51 - jugador - [DEBUG] - [JUGADOR_0] Posición POST CH: HB: (526, 335), PosFlotante: (526.00, 335.00)
2025-05-19 17:11:51 - jugador - [DEBUG] - [JUGADOR_0] Hitbox ataque: <rect(486, 312, 54, 69)>, Dir: (-1.00, 0.00)
2025-05-19 17:11:51 - jugador - [DEBUG] - [JUGADOR_0] Pos flotante (pre-límites): (522.9400, 335.0000)
2025-05-19 17:11:51 - jugador - [DEBUG] - [JUGADOR_0] Pos flotante (post-límites): (522.9400, 335.0000)
2025-05-19 17:11:51 - jugador - [DEBUG] - [JUGADOR_0] Movimiento para CH: dx_int=-4, dy_int=0. HB (antes CH): (526, 335), PosFlotante: (522.9400,335.0000)
2025-05-19 17:11:51 - jugador - [DEBUG] - [JUGADOR_0] Iniciando gestión de colisión con dx=-4, dy=0. Hitbox actual: (526, 335)
2025-05-19 17:11:51 - jugador - [DEBUG] - [JUGADOR_0] Posición POST CH: HB: (528, 335), PosFlotante: (528.00, 335.00)
2025-05-19 17:11:51 - jugador - [DEBUG] - [JUGADOR_0] Hitbox ataque: <rect(488, 312, 54, 69)>, Dir: (-1.00, 0.00)
2025-05-19 17:11:51 - jugador - [DEBUG] - [JUGADOR_0] Input teclado procesado: mov_x_input_raw=-180, mov_y_input_raw=0
2025-05-19 17:11:51 - jugador - [DEBUG] - [JUGADOR_0] Pos flotante (pre-límites): (525.1200, 335.0000)
2025-05-19 17:11:51 - jugador - [DEBUG] - [JUGADOR_0] Pos flotante (post-límites): (525.1200, 335.0000)
2025-05-19 17:11:51 - jugador - [DEBUG] - [JUGADOR_0] Movimiento para CH: dx_int=-3, dy_int=0. HB (antes CH): (528, 335), PosFlotante: (525.1200,335.0000)
2025-05-19 17:11:51 - jugador - [DEBUG] - [JUGADOR_0] Iniciando gestión de colisión con dx=-3, dy=0. Hitbox actual: (528, 335)
2025-05-19 17:11:51 - jugador - [DEBUG] - [JUGADOR_0] Posición POST CH: HB: (530, 335), PosFlotante: (530.00, 335.00)
2025-05-19 17:11:51 - jugador - [DEBUG] - [JUGADOR_0] Hitbox ataque: <rect(490, 312, 54, 69)>, Dir: (-1.00, 0.00)
2025-05-19 17:11:51 - jugador - [DEBUG] - [JUGADOR_0] Delta flotante intentado: dx=-2.8800, dy=0.0000 (delta_time: 0.0160)
2025-05-19 17:11:51 - jugador - [DEBUG] - [JUGADOR_0] Pos flotante (pre-límites): (527.1200, 335.0000)
2025-05-19 17:11:51 - jugador - [DEBUG] - [JUGADOR_0] Pos flotante (post-límites): (527.1200, 335.0000)
2025-05-19 17:11:51 - jugador - [DEBUG] - [JUGADOR_0] Movimiento para CH: dx_int=-3, dy_int=0. HB (antes CH): (530, 335), PosFlotante: (527.1200,335.0000)
2025-05-19 17:11:51 - jugador - [DEBUG] - [JUGADOR_0] Iniciando gestión de colisión con dx=-3, dy=0. Hitbox actual: (530, 335)
2025-05-19 17:11:51 - jugador - [DEBUG] - [JUGADOR_0] Posición POST CH: HB: (532, 335), PosFlotante: (532.00, 335.00)
2025-05-19 17:11:51 - jugador - [DEBUG] - [JUGADOR_0] Hitbox ataque: <rect(492, 312, 54, 69)>, Dir: (-1.00, 0.00)
2025-05-19 17:11:51 - jugador - [DEBUG] - [JUGADOR_0] Pos flotante (pre-límites): (529.1200, 335.0000)
2025-05-19 17:11:51 - jugador - [DEBUG] - [JUGADOR_0] Pos flotante (post-límites): (529.1200, 335.0000)
2025-05-19 17:11:51 - jugador - [DEBUG] - [JUGADOR_0] Movimiento para CH: dx_int=-3, dy_int=0. HB (antes CH): (532, 335), PosFlotante: (529.1200,335.0000)
2025-05-19 17:11:51 - jugador - [DEBUG] - [JUGADOR_0] Iniciando gestión de colisión con dx=-3, dy=0. Hitbox actual: (532, 335)
2025-05-19 17:11:51 - jugador - [DEBUG] - [JUGADOR_0] Posición POST CH: HB: (534, 335), PosFlotante: (534.00, 335.00)
2025-05-19 17:11:51 - jugador - [DEBUG] - [JUGADOR_0] Hitbox ataque: <rect(494, 312, 54, 69)>, Dir: (-1.00, 0.00)
2025-05-19 17:11:51 - jugador - [DEBUG] - [JUGADOR_0] Delta flotante intentado: dx=-3.2400, dy=0.0000 (delta_time: 0.0180)
2025-05-19 17:11:51 - jugador - [DEBUG] - [JUGADOR_0] Pos flotante (pre-límites): (530.7600, 335.0000)
2025-05-19 17:11:51 - jugador - [DEBUG] - [JUGADOR_0] Pos flotante (post-límites): (530.7600, 335.0000)
2025-05-19 17:11:51 - jugador - [DEBUG] - [JUGADOR_0] Movimiento para CH: dx_int=-4, dy_int=0. HB (antes CH): (534, 335), PosFlotante: (530.7600,335.0000)
2025-05-19 17:11:51 - jugador - [DEBUG] - [JUGADOR_0] Iniciando gestión de colisión con dx=-4, dy=0. Hitbox actual: (534, 335)
2025-05-19 17:11:51 - jugador - [DEBUG] - [JUGADOR_0] Posición POST CH: HB: (536, 335), PosFlotante: (536.00, 335.00)
2025-05-19 17:11:51 - jugador - [DEBUG] - [JUGADOR_0] Hitbox ataque: <rect(496, 312, 54, 69)>, Dir: (-1.00, 0.00)
2025-05-19 17:11:51 - jugador - [DEBUG] - [JUGADOR_0] Input teclado procesado: mov_x_input_raw=-180, mov_y_input_raw=0
2025-05-19 17:11:51 - jugador - [DEBUG] - [JUGADOR_0] Delta flotante intentado: dx=-3.0600, dy=0.0000 (delta_time: 0.0170)
2025-05-19 17:11:51 - jugador - [DEBUG] - [JUGADOR_0] Pos flotante (pre-límites): (532.9400, 335.0000)
2025-05-19 17:11:51 - jugador - [DEBUG] - [JUGADOR_0] Pos flotante (post-límites): (532.9400, 335.0000)
2025-05-19 17:11:51 - jugador - [DEBUG] - [JUGADOR_0] Movimiento para CH: dx_int=-4, dy_int=0. HB (antes CH): (536, 335), PosFlotante: (532.9400,335.0000)
2025-05-19 17:11:51 - jugador - [DEBUG] - [JUGADOR_0] Iniciando gestión de colisión con dx=-4, dy=0. Hitbox actual: (536, 335)
2025-05-19 17:11:51 - jugador - [DEBUG] - [JUGADOR_0] Posición POST CH: HB: (538, 335), PosFlotante: (538.00, 335.00)
2025-05-19 17:11:51 - jugador - [DEBUG] - [JUGADOR_0] Hitbox ataque: <rect(498, 312, 54, 69)>, Dir: (-1.00, 0.00)
2025-05-19 17:11:51 - jugador - [DEBUG] - [JUGADOR_0] Pos flotante (pre-límites): (534.9400, 335.0000)
2025-05-19 17:11:51 - jugador - [DEBUG] - [JUGADOR_0] Pos flotante (post-límites): (534.9400, 335.0000)
2025-05-19 17:11:51 - jugador - [DEBUG] - [JUGADOR_0] Movimiento para CH: dx_int=-4, dy_int=0. HB (antes CH): (538, 335), PosFlotante: (534.9400,335.0000)
2025-05-19 17:11:51 - jugador - [DEBUG] - [JUGADOR_0] Iniciando gestión de colisión con dx=-4, dy=0. Hitbox actual: (538, 335)
2025-05-19 17:11:51 - jugador - [DEBUG] - [JUGADOR_0] Posición POST CH: HB: (540, 335), PosFlotante: (540.00, 335.00)
2025-05-19 17:11:51 - jugador - [DEBUG] - [JUGADOR_0] Hitbox ataque: <rect(500, 312, 54, 69)>, Dir: (-1.00, 0.00)
2025-05-19 17:11:51 - jugador - [DEBUG] - [JUGADOR_0] Intento de ataque en cooldown (700.0ms). Tiempo desde último: 149ms
2025-05-19 17:11:51 - jugador - [DEBUG] - [JUGADOR_0] Input teclado procesado: mov_x_input_raw=-180, mov_y_input_raw=-180
2025-05-19 17:11:51 - jugador - [DEBUG] - [JUGADOR_0] Delta flotante intentado: dx=-2.8800, dy=-2.8800 (delta_time: 0.0160)
2025-05-19 17:11:51 - jugador - [DEBUG] - [JUGADOR_0] Pos flotante (pre-límites): (537.1200, 332.1200)
2025-05-19 17:11:51 - jugador - [DEBUG] - [JUGADOR_0] Pos flotante (post-límites): (537.1200, 332.1200)
2025-05-19 17:11:51 - jugador - [DEBUG] - [JUGADOR_0] Movimiento para CH: dx_int=-3, dy_int=-3. HB (antes CH): (540, 335), PosFlotante: (537.1200,332.1200)
2025-05-19 17:11:51 - jugador - [DEBUG] - [JUGADOR_0] Iniciando gestión de colisión con dx=-3, dy=-3. Hitbox actual: (540, 335)
2025-05-19 17:11:51 - jugador - [DEBUG] - [JUGADOR_0] Posición POST CH: HB: (542, 332), PosFlotante: (542.00, 332.00)
2025-05-19 17:11:51 - jugador - [DEBUG] - [JUGADOR_0] Hitbox ataque: <rect(502, 309, 54, 69)>, Dir: (-1.00, 0.00)
2025-05-19 17:11:51 - jugador - [INFO] - [JUGADOR_0] GOLPEÓ a [Enemigo_1] con perfil 'espada_predeterminada'. Daño: 5.0
2025-05-19 17:11:51 - jugador - [DEBUG] - [JUGADOR_0] Delta flotante intentado: dx=-3.0600, dy=-3.0600 (delta_time: 0.0170)
2025-05-19 17:11:51 - jugador - [DEBUG] - [JUGADOR_0] Pos flotante (pre-límites): (538.9400, 328.9400)
2025-05-19 17:11:51 - jugador - [DEBUG] - [JUGADOR_0] Pos flotante (post-límites): (538.9400, 328.9400)
2025-05-19 17:11:51 - jugador - [DEBUG] - [JUGADOR_0] Movimiento para CH: dx_int=-4, dy_int=-4. HB (antes CH): (542, 332), PosFlotante: (538.9400,328.9400)
2025-05-19 17:11:51 - jugador - [DEBUG] - [JUGADOR_0] Iniciando gestión de colisión con dx=-4, dy=-4. Hitbox actual: (542, 332)
2025-05-19 17:11:51 - jugador - [DEBUG] - [JUGADOR_0] Posición POST CH: HB: (544, 328), PosFlotante: (544.00, 328.00)
2025-05-19 17:11:51 - jugador - [DEBUG] - [JUGADOR_0] Hitbox ataque: <rect(504, 305, 54, 69)>, Dir: (-1.00, 0.00)
2025-05-19 17:11:51 - jugador - [DEBUG] - [JUGADOR_0] Pos flotante (pre-límites): (540.9400, 324.9400)
2025-05-19 17:11:51 - jugador - [DEBUG] - [JUGADOR_0] Pos flotante (post-límites): (540.9400, 324.9400)
2025-05-19 17:11:51 - jugador - [DEBUG] - [JUGADOR_0] Movimiento para CH: dx_int=-4, dy_int=-4. HB (antes CH): (544, 328), PosFlotante: (540.9400,324.9400)
2025-05-19 17:11:51 - jugador - [DEBUG] - [JUGADOR_0] Iniciando gestión de colisión con dx=-4, dy=-4. Hitbox actual: (544, 328)
2025-05-19 17:11:51 - jugador - [DEBUG] - [JUGADOR_0] Posición POST CH: HB: (546, 324), PosFlotante: (546.00, 324.00)
2025-05-19 17:11:51 - jugador - [DEBUG] - [JUGADOR_0] Hitbox ataque: <rect(506, 301, 54, 69)>, Dir: (-1.00, 0.00)
2025-05-19 17:11:51 - jugador - [DEBUG] - [JUGADOR_0] Pos flotante (pre-límites): (542.9400, 320.9400)
2025-05-19 17:11:51 - jugador - [DEBUG] - [JUGADOR_0] Pos flotante (post-límites): (542.9400, 320.9400)
2025-05-19 17:11:51 - jugador - [DEBUG] - [JUGADOR_0] Movimiento para CH: dx_int=-4, dy_int=-4. HB (antes CH): (546, 324), PosFlotante: (542.9400,320.9400)
2025-05-19 17:11:51 - jugador - [DEBUG] - [JUGADOR_0] Iniciando gestión de colisión con dx=-4, dy=-4. Hitbox actual: (546, 324)
2025-05-19 17:11:51 - jugador - [DEBUG] - [JUGADOR_0] Posición POST CH: HB: (548, 320), PosFlotante: (548.00, 320.00)
2025-05-19 17:11:51 - jugador - [DEBUG] - [JUGADOR_0] Hitbox ataque: <rect(508, 297, 54, 69)>, Dir: (-1.00, 0.00)
2025-05-19 17:11:51 - jugador - [DEBUG] - [JUGADOR_0] Input teclado procesado: mov_x_input_raw=-180, mov_y_input_raw=-180
2025-05-19 17:11:51 - jugador - [DEBUG] - [JUGADOR_0] Delta flotante intentado: dx=-2.8800, dy=-2.8800 (delta_time: 0.0160)
2025-05-19 17:11:51 - jugador - [DEBUG] - [JUGADOR_0] Pos flotante (pre-límites): (545.1200, 317.1200)
2025-05-19 17:11:51 - jugador - [DEBUG] - [JUGADOR_0] Pos flotante (post-límites): (545.1200, 317.1200)
2025-05-19 17:11:51 - jugador - [DEBUG] - [JUGADOR_0] Movimiento para CH: dx_int=-3, dy_int=-3. HB (antes CH): (548, 320), PosFlotante: (545.1200,317.1200)
2025-05-19 17:11:51 - jugador - [DEBUG] - [JUGADOR_0] Iniciando gestión de colisión con dx=-3, dy=-3. Hitbox actual: (548, 320)
2025-05-19 17:11:51 - jugador - [DEBUG] - [JUGADOR_0] Posición POST CH: HB: (549, 317), PosFlotante: (549.00, 317.00)
2025-05-19 17:11:51 - jugador - [DEBUG] - [JUGADOR_0] Hitbox ataque: <rect(509, 294, 54, 69)>, Dir: (-1.00, 0.00)
2025-05-19 17:11:51 - jugador - [DEBUG] - [JUGADOR_0] Pos flotante (pre-límites): (546.1200, 314.1200)
2025-05-19 17:11:51 - jugador - [DEBUG] - [JUGADOR_0] Pos flotante (post-límites): (546.1200, 314.1200)
2025-05-19 17:11:51 - jugador - [DEBUG] - [JUGADOR_0] Movimiento para CH: dx_int=-3, dy_int=-3. HB (antes CH): (549, 317), PosFlotante: (546.1200,314.1200)
2025-05-19 17:11:51 - jugador - [DEBUG] - [JUGADOR_0] Iniciando gestión de colisión con dx=-3, dy=-3. Hitbox actual: (549, 317)
2025-05-19 17:11:51 - jugador - [DEBUG] - [JUGADOR_0] Posición POST CH: HB: (550, 314), PosFlotante: (550.00, 314.00)
2025-05-19 17:11:51 - jugador - [DEBUG] - [JUGADOR_0] Hitbox ataque: <rect(510, 291, 54, 69)>, Dir: (-1.00, 0.00)
2025-05-19 17:11:52 - jugador - [DEBUG] - [JUGADOR_0] Pos flotante (pre-límites): (547.1200, 311.1200)
2025-05-19 17:11:52 - jugador - [DEBUG] - [JUGADOR_0] Pos flotante (post-límites): (547.1200, 311.1200)
2025-05-19 17:11:52 - jugador - [DEBUG] - [JUGADOR_0] Movimiento para CH: dx_int=-3, dy_int=-3. HB (antes CH): (550, 314), PosFlotante: (547.1200,311.1200)
2025-05-19 17:11:52 - jugador - [DEBUG] - [JUGADOR_0] Iniciando gestión de colisión con dx=-3, dy=-3. Hitbox actual: (550, 314)
2025-05-19 17:11:52 - jugador - [DEBUG] - [JUGADOR_0] Posición POST CH: HB: (551, 311), PosFlotante: (551.00, 311.00)
2025-05-19 17:11:52 - jugador - [DEBUG] - [JUGADOR_0] Hitbox ataque: <rect(511, 288, 54, 69)>, Dir: (-1.00, 0.00)
2025-05-19 17:11:52 - jugador - [DEBUG] - [JUGADOR_0] Delta flotante intentado: dx=-3.0600, dy=-3.0600 (delta_time: 0.0170)
2025-05-19 17:11:52 - jugador - [DEBUG] - [JUGADOR_0] Pos flotante (pre-límites): (547.9400, 307.9400)
2025-05-19 17:11:52 - jugador - [DEBUG] - [JUGADOR_0] Pos flotante (post-límites): (547.9400, 307.9400)
2025-05-19 17:11:52 - jugador - [DEBUG] - [JUGADOR_0] Movimiento para CH: dx_int=-4, dy_int=-4. HB (antes CH): (551, 311), PosFlotante: (547.9400,307.9400)
2025-05-19 17:11:52 - jugador - [DEBUG] - [JUGADOR_0] Iniciando gestión de colisión con dx=-4, dy=-4. Hitbox actual: (551, 311)
2025-05-19 17:11:52 - jugador - [DEBUG] - [JUGADOR_0] Posición POST CH: HB: (547, 310), PosFlotante: (547.00, 310.00)
2025-05-19 17:11:52 - jugador - [DEBUG] - [JUGADOR_0] ATAQUE FINALIZADO (Duración: 260ms). Enemigos golpeados: 2
2025-05-19 17:11:52 - jugador - [DEBUG] - [JUGADOR_0] Input teclado procesado: mov_x_input_raw=-180, mov_y_input_raw=-180
2025-05-19 17:11:52 - jugador - [DEBUG] - [JUGADOR_0] Delta flotante intentado: dx=-2.8800, dy=-2.8800 (delta_time: 0.0160)
2025-05-19 17:11:52 - jugador - [DEBUG] - [JUGADOR_0] Pos flotante (pre-límites): (544.1200, 307.1200)
2025-05-19 17:11:52 - jugador - [DEBUG] - [JUGADOR_0] Pos flotante (post-límites): (544.1200, 307.1200)
2025-05-19 17:11:52 - jugador - [DEBUG] - [JUGADOR_0] Movimiento para CH: dx_int=-3, dy_int=-3. HB (antes CH): (547, 310), PosFlotante: (544.1200,307.1200)
2025-05-19 17:11:52 - jugador - [DEBUG] - [JUGADOR_0] Iniciando gestión de colisión con dx=-3, dy=-3. Hitbox actual: (547, 310)
2025-05-19 17:11:52 - jugador - [DEBUG] - [JUGADOR_0] Posición POST CH: HB: (544, 310), PosFlotante: (544.00, 310.00)
2025-05-19 17:11:52 - jugador - [DEBUG] - [JUGADOR_0] Pos flotante (pre-límites): (541.1200, 307.1200)
2025-05-19 17:11:52 - jugador - [DEBUG] - [JUGADOR_0] Pos flotante (post-límites): (541.1200, 307.1200)
2025-05-19 17:11:52 - jugador - [DEBUG] - [JUGADOR_0] Movimiento para CH: dx_int=-3, dy_int=-3. HB (antes CH): (544, 310), PosFlotante: (541.1200,307.1200)
2025-05-19 17:11:52 - jugador - [DEBUG] - [JUGADOR_0] Iniciando gestión de colisión con dx=-3, dy=-3. Hitbox actual: (544, 310)
2025-05-19 17:11:52 - jugador - [DEBUG] - [JUGADOR_0] Posición POST CH: HB: (541, 310), PosFlotante: (541.00, 310.00)
2025-05-19 17:11:52 - jugador - [DEBUG] - [JUGADOR_0] Pos flotante (pre-límites): (538.1200, 307.1200)
2025-05-19 17:11:52 - jugador - [DEBUG] - [JUGADOR_0] Pos flotante (post-límites): (538.1200, 307.1200)
2025-05-19 17:11:52 - jugador - [DEBUG] - [JUGADOR_0] Movimiento para CH: dx_int=-3, dy_int=-3. HB (antes CH): (541, 310), PosFlotante: (538.1200,307.1200)
2025-05-19 17:11:52 - jugador - [DEBUG] - [JUGADOR_0] Iniciando gestión de colisión con dx=-3, dy=-3. Hitbox actual: (541, 310)
2025-05-19 17:11:52 - jugador - [DEBUG] - [JUGADOR_0] Posición POST CH: HB: (540, 310), PosFlotante: (540.00, 310.00)
2025-05-19 17:11:52 - jugador - [DEBUG] - [JUGADOR_0] Pos flotante (pre-límites): (537.1200, 307.1200)
2025-05-19 17:11:52 - jugador - [DEBUG] - [JUGADOR_0] Pos flotante (post-límites): (537.1200, 307.1200)
2025-05-19 17:11:52 - jugador - [DEBUG] - [JUGADOR_0] Movimiento para CH: dx_int=-3, dy_int=-3. HB (antes CH): (540, 310), PosFlotante: (537.1200,307.1200)
2025-05-19 17:11:52 - jugador - [DEBUG] - [JUGADOR_0] Iniciando gestión de colisión con dx=-3, dy=-3. Hitbox actual: (540, 310)
2025-05-19 17:11:52 - jugador - [DEBUG] - [JUGADOR_0] Intento de ataque en cooldown (700.0ms). Tiempo desde último: 345ms
2025-05-19 17:11:52 - jugador - [DEBUG] - [JUGADOR_0] Input teclado procesado: mov_x_input_raw=-180, mov_y_input_raw=-180
2025-05-19 17:11:52 - jugador - [DEBUG] - [JUGADOR_0] Delta flotante intentado: dx=-3.0600, dy=-3.0600 (delta_time: 0.0170)
2025-05-19 17:11:52 - jugador - [DEBUG] - [JUGADOR_0] Pos flotante (pre-límites): (536.9400, 306.9400)
2025-05-19 17:11:52 - jugador - [DEBUG] - [JUGADOR_0] Pos flotante (post-límites): (536.9400, 306.9400)
2025-05-19 17:11:52 - jugador - [DEBUG] - [JUGADOR_0] Movimiento para CH: dx_int=-4, dy_int=-4. HB (antes CH): (540, 310), PosFlotante: (536.9400,306.9400)
2025-05-19 17:11:52 - jugador - [DEBUG] - [JUGADOR_0] Iniciando gestión de colisión con dx=-4, dy=-4. Hitbox actual: (540, 310)
2025-05-19 17:11:52 - jugador - [DEBUG] - [JUGADOR_0] Input teclado procesado: mov_x_input_raw=180, mov_y_input_raw=-180
2025-05-19 17:11:52 - jugador - [DEBUG] - [JUGADOR_0] Delta flotante intentado: dx=2.8800, dy=-2.8800 (delta_time: 0.0160)
2025-05-19 17:11:52 - jugador - [DEBUG] - [JUGADOR_0] Pos flotante (pre-límites): (542.8800, 307.1200)
2025-05-19 17:11:52 - jugador - [DEBUG] - [JUGADOR_0] Pos flotante (post-límites): (542.8800, 307.1200)
2025-05-19 17:11:52 - jugador - [DEBUG] - [JUGADOR_0] Movimiento para CH: dx_int=3, dy_int=-3. HB (antes CH): (540, 310), PosFlotante: (542.8800,307.1200)
2025-05-19 17:11:52 - jugador - [DEBUG] - [JUGADOR_0] Iniciando gestión de colisión con dx=3, dy=-3. Hitbox actual: (540, 310)
2025-05-19 17:11:52 - jugador - [DEBUG] - [JUGADOR_0] Posición POST CH: HB: (543, 310), PosFlotante: (543.00, 310.00)
2025-05-19 17:11:52 - jugador - [DEBUG] - [JUGADOR_0] Pos flotante (pre-límites): (545.8800, 307.1200)
2025-05-19 17:11:52 - jugador - [DEBUG] - [JUGADOR_0] Pos flotante (post-límites): (545.8800, 307.1200)
2025-05-19 17:11:52 - jugador - [DEBUG] - [JUGADOR_0] Movimiento para CH: dx_int=3, dy_int=-3. HB (antes CH): (543, 310), PosFlotante: (545.8800,307.1200)
2025-05-19 17:11:52 - jugador - [DEBUG] - [JUGADOR_0] Iniciando gestión de colisión con dx=3, dy=-3. Hitbox actual: (543, 310)
2025-05-19 17:11:52 - jugador - [DEBUG] - [JUGADOR_0] Posición POST CH: HB: (546, 310), PosFlotante: (546.00, 310.00)
2025-05-19 17:11:52 - jugador - [DEBUG] - [JUGADOR_0] Pos flotante (pre-límites): (548.8800, 307.1200)
2025-05-19 17:11:52 - jugador - [DEBUG] - [JUGADOR_0] Pos flotante (post-límites): (548.8800, 307.1200)
2025-05-19 17:11:52 - jugador - [DEBUG] - [JUGADOR_0] Movimiento para CH: dx_int=3, dy_int=-3. HB (antes CH): (546, 310), PosFlotante: (548.8800,307.1200)
2025-05-19 17:11:52 - jugador - [DEBUG] - [JUGADOR_0] Iniciando gestión de colisión con dx=3, dy=-3. Hitbox actual: (546, 310)
2025-05-19 17:11:52 - jugador - [DEBUG] - [JUGADOR_0] Posición POST CH: HB: (549, 310), PosFlotante: (549.00, 310.00)
2025-05-19 17:11:52 - jugador - [DEBUG] - [JUGADOR_0] Pos flotante (pre-límites): (551.8800, 307.1200)
2025-05-19 17:11:52 - jugador - [DEBUG] - [JUGADOR_0] Pos flotante (post-límites): (551.8800, 307.1200)
2025-05-19 17:11:52 - jugador - [DEBUG] - [JUGADOR_0] Movimiento para CH: dx_int=3, dy_int=-3. HB (antes CH): (549, 310), PosFlotante: (551.8800,307.1200)
2025-05-19 17:11:52 - jugador - [DEBUG] - [JUGADOR_0] Iniciando gestión de colisión con dx=3, dy=-3. Hitbox actual: (549, 310)
2025-05-19 17:11:52 - jugador - [DEBUG] - [JUGADOR_0] Posición POST CH: HB: (552, 310), PosFlotante: (552.00, 310.00)
2025-05-19 17:11:52 - jugador - [DEBUG] - [JUGADOR_0] Input teclado procesado: mov_x_input_raw=180, mov_y_input_raw=-180
2025-05-19 17:11:52 - jugador - [DEBUG] - [JUGADOR_0] Delta flotante intentado: dx=2.8800, dy=-2.8800 (delta_time: 0.0160)
2025-05-19 17:11:52 - jugador - [DEBUG] - [JUGADOR_0] Pos flotante (pre-límites): (554.8800, 307.1200)
2025-05-19 17:11:52 - jugador - [DEBUG] - [JUGADOR_0] Pos flotante (post-límites): (554.8800, 307.1200)
2025-05-19 17:11:52 - jugador - [DEBUG] - [JUGADOR_0] Movimiento para CH: dx_int=3, dy_int=-3. HB (antes CH): (552, 310), PosFlotante: (554.8800,307.1200)
2025-05-19 17:11:52 - jugador - [DEBUG] - [JUGADOR_0] Iniciando gestión de colisión con dx=3, dy=-3. Hitbox actual: (552, 310)
2025-05-19 17:11:52 - jugador - [DEBUG] - [JUGADOR_0] Posición POST CH: HB: (555, 310), PosFlotante: (555.00, 310.00)
2025-05-19 17:11:52 - jugador - [DEBUG] - [JUGADOR_0] Pos flotante (pre-límites): (557.8800, 307.1200)
2025-05-19 17:11:52 - jugador - [DEBUG] - [JUGADOR_0] Pos flotante (post-límites): (557.8800, 307.1200)
2025-05-19 17:11:52 - jugador - [DEBUG] - [JUGADOR_0] Movimiento para CH: dx_int=3, dy_int=-3. HB (antes CH): (555, 310), PosFlotante: (557.8800,307.1200)
2025-05-19 17:11:52 - jugador - [DEBUG] - [JUGADOR_0] Iniciando gestión de colisión con dx=3, dy=-3. Hitbox actual: (555, 310)
2025-05-19 17:11:52 - jugador - [DEBUG] - [JUGADOR_0] Posición POST CH: HB: (569, 307), PosFlotante: (569.00, 307.00)
2025-05-19 17:11:52 - jugador - [DEBUG] - [JUGADOR_0] Pos flotante (pre-límites): (571.8800, 304.1200)
2025-05-19 17:11:52 - jugador - [DEBUG] - [JUGADOR_0] Pos flotante (post-límites): (571.8800, 304.1200)
2025-05-19 17:11:52 - jugador - [DEBUG] - [JUGADOR_0] Movimiento para CH: dx_int=3, dy_int=-3. HB (antes CH): (569, 307), PosFlotante: (571.8800,304.1200)
2025-05-19 17:11:52 - jugador - [DEBUG] - [JUGADOR_0] Iniciando gestión de colisión con dx=3, dy=-3. Hitbox actual: (569, 307)
2025-05-19 17:11:52 - jugador - [DEBUG] - [JUGADOR_0] Posición POST CH: HB: (572, 304), PosFlotante: (572.00, 304.00)
2025-05-19 17:11:52 - jugador - [DEBUG] - [JUGADOR_0] Delta flotante intentado: dx=3.0600, dy=-3.0600 (delta_time: 0.0170)
2025-05-19 17:11:52 - jugador - [DEBUG] - [JUGADOR_0] Pos flotante (pre-límites): (575.0600, 300.9400)
2025-05-19 17:11:52 - jugador - [DEBUG] - [JUGADOR_0] Pos flotante (post-límites): (575.0600, 300.9400)
2025-05-19 17:11:52 - jugador - [DEBUG] - [JUGADOR_0] Movimiento para CH: dx_int=4, dy_int=-4. HB (antes CH): (572, 304), PosFlotante: (575.0600,300.9400)
2025-05-19 17:11:52 - jugador - [DEBUG] - [JUGADOR_0] Iniciando gestión de colisión con dx=4, dy=-4. Hitbox actual: (572, 304)
2025-05-19 17:11:52 - jugador - [DEBUG] - [JUGADOR_0] Posición POST CH: HB: (576, 300), PosFlotante: (576.00, 300.00)
2025-05-19 17:11:52 - jugador - [DEBUG] - [JUGADOR_0] Input teclado procesado: mov_x_input_raw=180, mov_y_input_raw=0
2025-05-19 17:11:52 - jugador - [DEBUG] - [JUGADOR_0] Delta flotante intentado: dx=2.8800, dy=0.0000 (delta_time: 0.0160)
2025-05-19 17:11:52 - jugador - [DEBUG] - [JUGADOR_0] Pos flotante (pre-límites): (578.8800, 300.0000)
2025-05-19 17:11:52 - jugador - [DEBUG] - [JUGADOR_0] Pos flotante (post-límites): (578.8800, 300.0000)
2025-05-19 17:11:52 - jugador - [DEBUG] - [JUGADOR_0] Movimiento para CH: dx_int=3, dy_int=0. HB (antes CH): (576, 300), PosFlotante: (578.8800,300.0000)
2025-05-19 17:11:52 - jugador - [DEBUG] - [JUGADOR_0] Iniciando gestión de colisión con dx=3, dy=0. Hitbox actual: (576, 300)
2025-05-19 17:11:52 - jugador - [DEBUG] - [JUGADOR_0] Posición POST CH: HB: (579, 300), PosFlotante: (579.00, 300.00)
2025-05-19 17:11:52 - jugador - [DEBUG] - [JUGADOR_0] Delta flotante intentado: dx=3.0600, dy=0.0000 (delta_time: 0.0170)
2025-05-19 17:11:52 - jugador - [DEBUG] - [JUGADOR_0] Pos flotante (pre-límites): (582.0600, 300.0000)
2025-05-19 17:11:52 - jugador - [DEBUG] - [JUGADOR_0] Pos flotante (post-límites): (582.0600, 300.0000)
2025-05-19 17:11:52 - jugador - [DEBUG] - [JUGADOR_0] Movimiento para CH: dx_int=4, dy_int=0. HB (antes CH): (579, 300), PosFlotante: (582.0600,300.0000)
2025-05-19 17:11:52 - jugador - [DEBUG] - [JUGADOR_0] Iniciando gestión de colisión con dx=4, dy=0. Hitbox actual: (579, 300)
2025-05-19 17:11:52 - jugador - [DEBUG] - [JUGADOR_0] Posición POST CH: HB: (583, 300), PosFlotante: (583.00, 300.00)
2025-05-19 17:11:52 - jugador - [DEBUG] - [JUGADOR_0] Pos flotante (pre-límites): (586.0600, 300.0000)
2025-05-19 17:11:52 - jugador - [DEBUG] - [JUGADOR_0] Pos flotante (post-límites): (586.0600, 300.0000)
2025-05-19 17:11:52 - jugador - [DEBUG] - [JUGADOR_0] Movimiento para CH: dx_int=4, dy_int=0. HB (antes CH): (583, 300), PosFlotante: (586.0600,300.0000)
2025-05-19 17:11:52 - jugador - [DEBUG] - [JUGADOR_0] Iniciando gestión de colisión con dx=4, dy=0. Hitbox actual: (583, 300)
2025-05-19 17:11:52 - jugador - [DEBUG] - [JUGADOR_0] Posición POST CH: HB: (587, 300), PosFlotante: (587.00, 300.00)
2025-05-19 17:11:52 - jugador - [DEBUG] - [JUGADOR_0] Input teclado procesado: mov_x_input_raw=180, mov_y_input_raw=0
2025-05-19 17:11:52 - jugador - [DEBUG] - [JUGADOR_0] Pos flotante (pre-límites): (590.0600, 300.0000)
2025-05-19 17:11:52 - jugador - [DEBUG] - [JUGADOR_0] Pos flotante (post-límites): (590.0600, 300.0000)
2025-05-19 17:11:52 - jugador - [DEBUG] - [JUGADOR_0] Movimiento para CH: dx_int=4, dy_int=0. HB (antes CH): (587, 300), PosFlotante: (590.0600,300.0000)
2025-05-19 17:11:52 - jugador - [DEBUG] - [JUGADOR_0] Iniciando gestión de colisión con dx=4, dy=0. Hitbox actual: (587, 300)
2025-05-19 17:11:52 - jugador - [DEBUG] - [JUGADOR_0] Posición POST CH: HB: (591, 300), PosFlotante: (591.00, 300.00)
2025-05-19 17:11:52 - jugador - [DEBUG] - [JUGADOR_0] Intento de ataque en cooldown (700.0ms). Tiempo desde último: 558ms
2025-05-19 17:11:52 - jugador - [DEBUG] - [JUGADOR_0] Delta flotante intentado: dx=2.8800, dy=0.0000 (delta_time: 0.0160)
2025-05-19 17:11:52 - jugador - [DEBUG] - [JUGADOR_0] Pos flotante (pre-límites): (593.8800, 300.0000)
2025-05-19 17:11:52 - jugador - [DEBUG] - [JUGADOR_0] Pos flotante (post-límites): (593.8800, 300.0000)
2025-05-19 17:11:52 - jugador - [DEBUG] - [JUGADOR_0] Movimiento para CH: dx_int=3, dy_int=0. HB (antes CH): (591, 300), PosFlotante: (593.8800,300.0000)
2025-05-19 17:11:52 - jugador - [DEBUG] - [JUGADOR_0] Iniciando gestión de colisión con dx=3, dy=0. Hitbox actual: (591, 300)
2025-05-19 17:11:52 - jugador - [DEBUG] - [JUGADOR_0] Posición POST CH: HB: (594, 300), PosFlotante: (594.00, 300.00)
2025-05-19 17:11:52 - jugador - [DEBUG] - [JUGADOR_0] Pos flotante (pre-límites): (596.8800, 300.0000)
2025-05-19 17:11:52 - jugador - [DEBUG] - [JUGADOR_0] Pos flotante (post-límites): (596.8800, 300.0000)
2025-05-19 17:11:52 - jugador - [DEBUG] - [JUGADOR_0] Movimiento para CH: dx_int=3, dy_int=0. HB (antes CH): (594, 300), PosFlotante: (596.8800,300.0000)
2025-05-19 17:11:52 - jugador - [DEBUG] - [JUGADOR_0] Iniciando gestión de colisión con dx=3, dy=0. Hitbox actual: (594, 300)
2025-05-19 17:11:52 - jugador - [DEBUG] - [JUGADOR_0] Posición POST CH: HB: (597, 300), PosFlotante: (597.00, 300.00)
2025-05-19 17:11:52 - jugador - [DEBUG] - [JUGADOR_0] Pos flotante (pre-límites): (599.8800, 300.0000)
2025-05-19 17:11:52 - jugador - [DEBUG] - [JUGADOR_0] Pos flotante (post-límites): (599.8800, 300.0000)
2025-05-19 17:11:52 - jugador - [DEBUG] - [JUGADOR_0] Movimiento para CH: dx_int=3, dy_int=0. HB (antes CH): (597, 300), PosFlotante: (599.8800,300.0000)
2025-05-19 17:11:52 - jugador - [DEBUG] - [JUGADOR_0] Iniciando gestión de colisión con dx=3, dy=0. Hitbox actual: (597, 300)
2025-05-19 17:11:52 - jugador - [DEBUG] - [JUGADOR_0] Posición POST CH: HB: (600, 300), PosFlotante: (600.00, 300.00)
2025-05-19 17:11:52 - jugador - [DEBUG] - [JUGADOR_0] Input teclado procesado: mov_x_input_raw=180, mov_y_input_raw=0
2025-05-19 17:11:52 - jugador - [DEBUG] - [JUGADOR_0] Pos flotante (pre-límites): (602.8800, 300.0000)
2025-05-19 17:11:52 - jugador - [DEBUG] - [JUGADOR_0] Pos flotante (post-límites): (602.8800, 300.0000)
2025-05-19 17:11:52 - jugador - [DEBUG] - [JUGADOR_0] Movimiento para CH: dx_int=3, dy_int=0. HB (antes CH): (600, 300), PosFlotante: (602.8800,300.0000)
2025-05-19 17:11:52 - jugador - [DEBUG] - [JUGADOR_0] Iniciando gestión de colisión con dx=3, dy=0. Hitbox actual: (600, 300)
2025-05-19 17:11:52 - jugador - [DEBUG] - [JUGADOR_0] Posición POST CH: HB: (603, 300), PosFlotante: (603.00, 300.00)
2025-05-19 17:11:52 - jugador - [DEBUG] - [JUGADOR_0] Delta flotante intentado: dx=2.8800, dy=0.0000 (delta_time: 0.0160)
2025-05-19 17:11:52 - jugador - [DEBUG] - [JUGADOR_0] Pos flotante (pre-límites): (605.8800, 300.0000)
2025-05-19 17:11:52 - jugador - [DEBUG] - [JUGADOR_0] Pos flotante (post-límites): (605.8800, 300.0000)
2025-05-19 17:11:52 - jugador - [DEBUG] - [JUGADOR_0] Movimiento para CH: dx_int=3, dy_int=0. HB (antes CH): (603, 300), PosFlotante: (605.8800,300.0000)
2025-05-19 17:11:52 - jugador - [DEBUG] - [JUGADOR_0] Iniciando gestión de colisión con dx=3, dy=0. Hitbox actual: (603, 300)
2025-05-19 17:11:52 - jugador - [DEBUG] - [JUGADOR_0] Posición POST CH: HB: (606, 300), PosFlotante: (606.00, 300.00)
2025-05-19 17:11:52 - jugador - [DEBUG] - [JUGADOR_0] Delta flotante intentado: dx=3.0600, dy=0.0000 (delta_time: 0.0170)
2025-05-19 17:11:52 - jugador - [DEBUG] - [JUGADOR_0] Pos flotante (pre-límites): (609.0600, 300.0000)
2025-05-19 17:11:52 - jugador - [DEBUG] - [JUGADOR_0] Pos flotante (post-límites): (609.0600, 300.0000)
2025-05-19 17:11:52 - jugador - [DEBUG] - [JUGADOR_0] Movimiento para CH: dx_int=4, dy_int=0. HB (antes CH): (606, 300), PosFlotante: (609.0600,300.0000)
2025-05-19 17:11:52 - jugador - [DEBUG] - [JUGADOR_0] Iniciando gestión de colisión con dx=4, dy=0. Hitbox actual: (606, 300)
2025-05-19 17:11:52 - jugador - [DEBUG] - [JUGADOR_0] Posición POST CH: HB: (610, 300), PosFlotante: (610.00, 300.00)
2025-05-19 17:11:52 - jugador - [DEBUG] - [JUGADOR_0] Pos flotante (pre-límites): (612.8800, 300.0000)
2025-05-19 17:11:52 - jugador - [DEBUG] - [JUGADOR_0] Pos flotante (post-límites): (612.8800, 300.0000)
2025-05-19 17:11:52 - jugador - [DEBUG] - [JUGADOR_0] Movimiento para CH: dx_int=3, dy_int=0. HB (antes CH): (610, 300), PosFlotante: (612.8800,300.0000)
2025-05-19 17:11:52 - jugador - [DEBUG] - [JUGADOR_0] Iniciando gestión de colisión con dx=3, dy=0. Hitbox actual: (610, 300)
2025-05-19 17:11:52 - jugador - [DEBUG] - [JUGADOR_0] Posición POST CH: HB: (613, 300), PosFlotante: (613.00, 300.00)
2025-05-19 17:11:52 - jugador - [DEBUG] - [JUGADOR_0] Input teclado procesado: mov_x_input_raw=180, mov_y_input_raw=0
2025-05-19 17:11:52 - jugador - [DEBUG] - [JUGADOR_0] Pos flotante (pre-límites): (616.0600, 300.0000)
2025-05-19 17:11:52 - jugador - [DEBUG] - [JUGADOR_0] Pos flotante (post-límites): (616.0600, 300.0000)
2025-05-19 17:11:52 - jugador - [DEBUG] - [JUGADOR_0] Movimiento para CH: dx_int=4, dy_int=0. HB (antes CH): (613, 300), PosFlotante: (616.0600,300.0000)
2025-05-19 17:11:52 - jugador - [DEBUG] - [JUGADOR_0] Iniciando gestión de colisión con dx=4, dy=0. Hitbox actual: (613, 300)
2025-05-19 17:11:52 - jugador - [DEBUG] - [JUGADOR_0] Posición POST CH: HB: (617, 300), PosFlotante: (617.00, 300.00)
2025-05-19 17:11:52 - jugador - [DEBUG] - [JUGADOR_0] Delta flotante intentado: dx=2.8800, dy=0.0000 (delta_time: 0.0160)
2025-05-19 17:11:52 - jugador - [DEBUG] - [JUGADOR_0] Pos flotante (pre-límites): (619.8800, 300.0000)
2025-05-19 17:11:52 - jugador - [DEBUG] - [JUGADOR_0] Pos flotante (post-límites): (619.8800, 300.0000)
2025-05-19 17:11:52 - jugador - [DEBUG] - [JUGADOR_0] Movimiento para CH: dx_int=3, dy_int=0. HB (antes CH): (617, 300), PosFlotante: (619.8800,300.0000)
2025-05-19 17:11:52 - jugador - [DEBUG] - [JUGADOR_0] Iniciando gestión de colisión con dx=3, dy=0. Hitbox actual: (617, 300)
2025-05-19 17:11:52 - jugador - [DEBUG] - [JUGADOR_0] Posición POST CH: HB: (620, 300), PosFlotante: (620.00, 300.00)
2025-05-19 17:11:52 - jugador - [DEBUG] - [JUGADOR_0] Input teclado procesado: mov_x_input_raw=-180, mov_y_input_raw=0
2025-05-19 17:11:52 - jugador - [DEBUG] - [JUGADOR_0] Delta flotante intentado: dx=-3.0600, dy=0.0000 (delta_time: 0.0170)
2025-05-19 17:11:52 - jugador - [DEBUG] - [JUGADOR_0] Pos flotante (pre-límites): (616.9400, 300.0000)
2025-05-19 17:11:52 - jugador - [DEBUG] - [JUGADOR_0] Pos flotante (post-límites): (616.9400, 300.0000)
2025-05-19 17:11:52 - jugador - [DEBUG] - [JUGADOR_0] Movimiento para CH: dx_int=-4, dy_int=0. HB (antes CH): (620, 300), PosFlotante: (616.9400,300.0000)
2025-05-19 17:11:52 - jugador - [DEBUG] - [JUGADOR_0] Iniciando gestión de colisión con dx=-4, dy=0. Hitbox actual: (620, 300)
2025-05-19 17:11:52 - jugador - [DEBUG] - [JUGADOR_0] Posición POST CH: HB: (616, 300), PosFlotante: (616.00, 300.00)
2025-05-19 17:11:52 - jugador - [DEBUG] - [JUGADOR_0] Delta flotante intentado: dx=-2.8800, dy=0.0000 (delta_time: 0.0160)
2025-05-19 17:11:52 - jugador - [DEBUG] - [JUGADOR_0] Pos flotante (pre-límites): (613.1200, 300.0000)
2025-05-19 17:11:52 - jugador - [DEBUG] - [JUGADOR_0] Pos flotante (post-límites): (613.1200, 300.0000)
2025-05-19 17:11:52 - jugador - [DEBUG] - [JUGADOR_0] Movimiento para CH: dx_int=-3, dy_int=0. HB (antes CH): (616, 300), PosFlotante: (613.1200,300.0000)
2025-05-19 17:11:52 - jugador - [DEBUG] - [JUGADOR_0] Iniciando gestión de colisión con dx=-3, dy=0. Hitbox actual: (616, 300)
2025-05-19 17:11:52 - jugador - [DEBUG] - [JUGADOR_0] Posición POST CH: HB: (613, 300), PosFlotante: (613.00, 300.00)
2025-05-19 17:11:52 - jugador - [DEBUG] - [JUGADOR_0] Pos flotante (pre-límites): (609.9400, 300.0000)
2025-05-19 17:11:52 - jugador - [DEBUG] - [JUGADOR_0] Pos flotante (post-límites): (609.9400, 300.0000)
2025-05-19 17:11:52 - jugador - [DEBUG] - [JUGADOR_0] Movimiento para CH: dx_int=-4, dy_int=0. HB (antes CH): (613, 300), PosFlotante: (609.9400,300.0000)
2025-05-19 17:11:52 - jugador - [DEBUG] - [JUGADOR_0] Iniciando gestión de colisión con dx=-4, dy=0. Hitbox actual: (613, 300)
2025-05-19 17:11:52 - jugador - [DEBUG] - [JUGADOR_0] Posición POST CH: HB: (609, 300), PosFlotante: (609.00, 300.00)
2025-05-19 17:11:52 - jugador - [DEBUG] - [JUGADOR_0] Pos flotante (pre-límites): (606.1200, 300.0000)
2025-05-19 17:11:52 - jugador - [DEBUG] - [JUGADOR_0] Pos flotante (post-límites): (606.1200, 300.0000)
2025-05-19 17:11:52 - jugador - [DEBUG] - [JUGADOR_0] Movimiento para CH: dx_int=-3, dy_int=0. HB (antes CH): (609, 300), PosFlotante: (606.1200,300.0000)
2025-05-19 17:11:52 - jugador - [DEBUG] - [JUGADOR_0] Iniciando gestión de colisión con dx=-3, dy=0. Hitbox actual: (609, 300)
2025-05-19 17:11:52 - jugador - [DEBUG] - [JUGADOR_0] Posición POST CH: HB: (606, 300), PosFlotante: (606.00, 300.00)
2025-05-19 17:11:52 - jugador - [INFO] - [JUGADOR_0] ATAQUE INICIADO (Cooldown: 700.0ms). Perfil: 'espada_predeterminada'
2025-05-19 17:11:52 - jugador - [DEBUG] - [JUGADOR_0] Input teclado procesado: mov_x_input_raw=-180, mov_y_input_raw=0
2025-05-19 17:11:52 - jugador - [DEBUG] - [JUGADOR_0] Pos flotante (pre-límites): (603.1200, 300.0000)
2025-05-19 17:11:52 - jugador - [DEBUG] - [JUGADOR_0] Pos flotante (post-límites): (603.1200, 300.0000)
2025-05-19 17:11:52 - jugador - [DEBUG] - [JUGADOR_0] Movimiento para CH: dx_int=-3, dy_int=0. HB (antes CH): (606, 300), PosFlotante: (603.1200,300.0000)
2025-05-19 17:11:52 - jugador - [DEBUG] - [JUGADOR_0] Iniciando gestión de colisión con dx=-3, dy=0. Hitbox actual: (606, 300)
2025-05-19 17:11:52 - jugador - [DEBUG] - [JUGADOR_0] Posición POST CH: HB: (605, 300), PosFlotante: (605.00, 300.00)
2025-05-19 17:11:52 - jugador - [DEBUG] - [JUGADOR_0] Hitbox ataque: <rect(565, 277, 54, 69)>, Dir: (-1.00, 0.00)
2025-05-19 17:11:52 - jugador - [INFO] - [JUGADOR_0] GOLPEÓ a [Enemigo_1] con perfil 'espada_predeterminada'. Daño: 5.0
2025-05-19 17:11:52 - jugador - [INFO] - [JUGADOR_0] GOLPEÓ a [Enemigo_2] con perfil 'espada_predeterminada'. Daño: 5.0
2025-05-19 17:11:52 - jugador - [DEBUG] - [JUGADOR_0] Delta flotante intentado: dx=-2.8800, dy=0.0000 (delta_time: 0.0160)
2025-05-19 17:11:52 - jugador - [DEBUG] - [JUGADOR_0] Pos flotante (pre-límites): (602.1200, 300.0000)
2025-05-19 17:11:52 - jugador - [DEBUG] - [JUGADOR_0] Pos flotante (post-límites): (602.1200, 300.0000)
2025-05-19 17:11:52 - jugador - [DEBUG] - [JUGADOR_0] Movimiento para CH: dx_int=-3, dy_int=0. HB (antes CH): (605, 300), PosFlotante: (602.1200,300.0000)
2025-05-19 17:11:52 - jugador - [DEBUG] - [JUGADOR_0] Iniciando gestión de colisión con dx=-3, dy=0. Hitbox actual: (605, 300)
2025-05-19 17:11:52 - jugador - [DEBUG] - [JUGADOR_0] Posición POST CH: HB: (607, 300), PosFlotante: (607.00, 300.00)
2025-05-19 17:11:52 - jugador - [DEBUG] - [JUGADOR_0] Hitbox ataque: <rect(567, 277, 54, 69)>, Dir: (-1.00, 0.00)
2025-05-19 17:11:52 - jugador - [DEBUG] - [JUGADOR_0] Delta flotante intentado: dx=-3.0600, dy=0.0000 (delta_time: 0.0170)
2025-05-19 17:11:52 - jugador - [DEBUG] - [JUGADOR_0] Pos flotante (pre-límites): (603.9400, 300.0000)
2025-05-19 17:11:52 - jugador - [DEBUG] - [JUGADOR_0] Pos flotante (post-límites): (603.9400, 300.0000)
2025-05-19 17:11:52 - jugador - [DEBUG] - [JUGADOR_0] Movimiento para CH: dx_int=-4, dy_int=0. HB (antes CH): (607, 300), PosFlotante: (603.9400,300.0000)
2025-05-19 17:11:52 - jugador - [DEBUG] - [JUGADOR_0] Iniciando gestión de colisión con dx=-4, dy=0. Hitbox actual: (607, 300)
2025-05-19 17:11:52 - jugador - [DEBUG] - [JUGADOR_0] Posición POST CH: HB: (609, 300), PosFlotante: (609.00, 300.00)
2025-05-19 17:11:52 - jugador - [DEBUG] - [JUGADOR_0] Hitbox ataque: <rect(569, 277, 54, 69)>, Dir: (-1.00, 0.00)
2025-05-19 17:11:52 - jugador - [DEBUG] - [JUGADOR_0] Pos flotante (pre-límites): (606.1200, 300.0000)
2025-05-19 17:11:52 - jugador - [DEBUG] - [JUGADOR_0] Pos flotante (post-límites): (606.1200, 300.0000)
2025-05-19 17:11:52 - jugador - [DEBUG] - [JUGADOR_0] Movimiento para CH: dx_int=-3, dy_int=0. HB (antes CH): (609, 300), PosFlotante: (606.1200,300.0000)
2025-05-19 17:11:52 - jugador - [DEBUG] - [JUGADOR_0] Iniciando gestión de colisión con dx=-3, dy=0. Hitbox actual: (609, 300)
2025-05-19 17:11:52 - jugador - [DEBUG] - [JUGADOR_0] Posición POST CH: HB: (611, 300), PosFlotante: (611.00, 300.00)
2025-05-19 17:11:52 - jugador - [DEBUG] - [JUGADOR_0] Hitbox ataque: <rect(571, 277, 54, 69)>, Dir: (-1.00, 0.00)
2025-05-19 17:11:52 - jugador - [DEBUG] - [JUGADOR_0] Input teclado procesado: mov_x_input_raw=-180, mov_y_input_raw=0
2025-05-19 17:11:52 - jugador - [DEBUG] - [JUGADOR_0] Pos flotante (pre-límites): (607.9400, 300.0000)
2025-05-19 17:11:52 - jugador - [DEBUG] - [JUGADOR_0] Pos flotante (post-límites): (607.9400, 300.0000)
2025-05-19 17:11:52 - jugador - [DEBUG] - [JUGADOR_0] Movimiento para CH: dx_int=-4, dy_int=0. HB (antes CH): (611, 300), PosFlotante: (607.9400,300.0000)
2025-05-19 17:11:52 - jugador - [DEBUG] - [JUGADOR_0] Iniciando gestión de colisión con dx=-4, dy=0. Hitbox actual: (611, 300)
2025-05-19 17:11:52 - jugador - [DEBUG] - [JUGADOR_0] Posición POST CH: HB: (613, 300), PosFlotante: (613.00, 300.00)
2025-05-19 17:11:52 - jugador - [DEBUG] - [JUGADOR_0] Hitbox ataque: <rect(573, 277, 54, 69)>, Dir: (-1.00, 0.00)
2025-05-19 17:11:52 - jugador - [DEBUG] - [JUGADOR_0] Pos flotante (pre-límites): (609.9400, 300.0000)
2025-05-19 17:11:52 - jugador - [DEBUG] - [JUGADOR_0] Pos flotante (post-límites): (609.9400, 300.0000)
2025-05-19 17:11:52 - jugador - [DEBUG] - [JUGADOR_0] Movimiento para CH: dx_int=-4, dy_int=0. HB (antes CH): (613, 300), PosFlotante: (609.9400,300.0000)
2025-05-19 17:11:52 - jugador - [DEBUG] - [JUGADOR_0] Iniciando gestión de colisión con dx=-4, dy=0. Hitbox actual: (613, 300)
2025-05-19 17:11:52 - jugador - [DEBUG] - [JUGADOR_0] Posición POST CH: HB: (615, 300), PosFlotante: (615.00, 300.00)
2025-05-19 17:11:52 - jugador - [DEBUG] - [JUGADOR_0] Hitbox ataque: <rect(575, 277, 54, 69)>, Dir: (-1.00, 0.00)
2025-05-19 17:11:52 - jugador - [DEBUG] - [JUGADOR_0] Delta flotante intentado: dx=-3.0600, dy=0.0000 (delta_time: 0.0170)
2025-05-19 17:11:52 - jugador - [DEBUG] - [JUGADOR_0] Pos flotante (pre-límites): (611.9400, 300.0000)
2025-05-19 17:11:52 - jugador - [DEBUG] - [JUGADOR_0] Pos flotante (post-límites): (611.9400, 300.0000)
2025-05-19 17:11:52 - jugador - [DEBUG] - [JUGADOR_0] Movimiento para CH: dx_int=-4, dy_int=0. HB (antes CH): (615, 300), PosFlotante: (611.9400,300.0000)
2025-05-19 17:11:52 - jugador - [DEBUG] - [JUGADOR_0] Iniciando gestión de colisión con dx=-4, dy=0. Hitbox actual: (615, 300)
2025-05-19 17:11:52 - jugador - [DEBUG] - [JUGADOR_0] Posición POST CH: HB: (617, 300), PosFlotante: (617.00, 300.00)
2025-05-19 17:11:52 - jugador - [DEBUG] - [JUGADOR_0] Hitbox ataque: <rect(577, 277, 54, 69)>, Dir: (-1.00, 0.00)
2025-05-19 17:11:52 - jugador - [DEBUG] - [JUGADOR_0] Input teclado procesado: mov_x_input_raw=-180, mov_y_input_raw=0
2025-05-19 17:11:52 - jugador - [DEBUG] - [JUGADOR_0] Pos flotante (pre-límites): (613.9400, 300.0000)
2025-05-19 17:11:52 - jugador - [DEBUG] - [JUGADOR_0] Pos flotante (post-límites): (613.9400, 300.0000)
2025-05-19 17:11:52 - jugador - [DEBUG] - [JUGADOR_0] Movimiento para CH: dx_int=-4, dy_int=0. HB (antes CH): (617, 300), PosFlotante: (613.9400,300.0000)
2025-05-19 17:11:52 - jugador - [DEBUG] - [JUGADOR_0] Iniciando gestión de colisión con dx=-4, dy=0. Hitbox actual: (617, 300)
2025-05-19 17:11:52 - jugador - [DEBUG] - [JUGADOR_0] Posición POST CH: HB: (619, 300), PosFlotante: (619.00, 300.00)
2025-05-19 17:11:52 - jugador - [DEBUG] - [JUGADOR_0] Hitbox ataque: <rect(579, 277, 54, 69)>, Dir: (-1.00, 0.00)
2025-05-19 17:11:52 - jugador - [DEBUG] - [JUGADOR_0] Delta flotante intentado: dx=-2.8800, dy=0.0000 (delta_time: 0.0160)
2025-05-19 17:11:52 - jugador - [DEBUG] - [JUGADOR_0] Pos flotante (pre-límites): (616.1200, 300.0000)
2025-05-19 17:11:52 - jugador - [DEBUG] - [JUGADOR_0] Pos flotante (post-límites): (616.1200, 300.0000)
2025-05-19 17:11:52 - jugador - [DEBUG] - [JUGADOR_0] Movimiento para CH: dx_int=-3, dy_int=0. HB (antes CH): (619, 300), PosFlotante: (616.1200,300.0000)
2025-05-19 17:11:52 - jugador - [DEBUG] - [JUGADOR_0] Iniciando gestión de colisión con dx=-3, dy=0. Hitbox actual: (619, 300)
2025-05-19 17:11:52 - jugador - [DEBUG] - [JUGADOR_0] Posición POST CH: HB: (621, 300), PosFlotante: (621.00, 300.00)
2025-05-19 17:11:52 - jugador - [DEBUG] - [JUGADOR_0] Hitbox ataque: <rect(581, 277, 54, 69)>, Dir: (-1.00, 0.00)
2025-05-19 17:11:52 - jugador - [DEBUG] - [JUGADOR_0] Pos flotante (pre-límites): (618.1200, 300.0000)
2025-05-19 17:11:52 - jugador - [DEBUG] - [JUGADOR_0] Pos flotante (post-límites): (618.1200, 300.0000)
2025-05-19 17:11:52 - jugador - [DEBUG] - [JUGADOR_0] Movimiento para CH: dx_int=-3, dy_int=0. HB (antes CH): (621, 300), PosFlotante: (618.1200,300.0000)
2025-05-19 17:11:52 - jugador - [DEBUG] - [JUGADOR_0] Iniciando gestión de colisión con dx=-3, dy=0. Hitbox actual: (621, 300)
2025-05-19 17:11:52 - jugador - [DEBUG] - [JUGADOR_0] Posición POST CH: HB: (623, 300), PosFlotante: (623.00, 300.00)
2025-05-19 17:11:52 - jugador - [DEBUG] - [JUGADOR_0] Hitbox ataque: <rect(583, 277, 54, 69)>, Dir: (-1.00, 0.00)
2025-05-19 17:11:52 - jugador - [DEBUG] - [JUGADOR_0] Delta flotante intentado: dx=-3.0600, dy=0.0000 (delta_time: 0.0170)
2025-05-19 17:11:52 - jugador - [DEBUG] - [JUGADOR_0] Pos flotante (pre-límites): (619.9400, 300.0000)
2025-05-19 17:11:52 - jugador - [DEBUG] - [JUGADOR_0] Pos flotante (post-límites): (619.9400, 300.0000)
2025-05-19 17:11:52 - jugador - [DEBUG] - [JUGADOR_0] Movimiento para CH: dx_int=-4, dy_int=0. HB (antes CH): (623, 300), PosFlotante: (619.9400,300.0000)
2025-05-19 17:11:52 - jugador - [DEBUG] - [JUGADOR_0] Iniciando gestión de colisión con dx=-4, dy=0. Hitbox actual: (623, 300)
2025-05-19 17:11:52 - jugador - [DEBUG] - [JUGADOR_0] Posición POST CH: HB: (625, 300), PosFlotante: (625.00, 300.00)
2025-05-19 17:11:52 - jugador - [DEBUG] - [JUGADOR_0] Hitbox ataque: <rect(585, 277, 54, 69)>, Dir: (-1.00, 0.00)
2025-05-19 17:11:52 - jugador - [DEBUG] - [JUGADOR_0] Intento de ataque en cooldown (700.0ms). Tiempo desde último: 182ms
2025-05-19 17:11:52 - jugador - [DEBUG] - [JUGADOR_0] Input teclado procesado: mov_x_input_raw=-180, mov_y_input_raw=0
2025-05-19 17:11:52 - jugador - [DEBUG] - [JUGADOR_0] Delta flotante intentado: dx=-2.8800, dy=0.0000 (delta_time: 0.0160)
2025-05-19 17:11:52 - jugador - [DEBUG] - [JUGADOR_0] Pos flotante (pre-límites): (622.1200, 300.0000)
2025-05-19 17:11:52 - jugador - [DEBUG] - [JUGADOR_0] Pos flotante (post-límites): (622.1200, 300.0000)
2025-05-19 17:11:52 - jugador - [DEBUG] - [JUGADOR_0] Movimiento para CH: dx_int=-3, dy_int=0. HB (antes CH): (625, 300), PosFlotante: (622.1200,300.0000)
2025-05-19 17:11:52 - jugador - [DEBUG] - [JUGADOR_0] Iniciando gestión de colisión con dx=-3, dy=0. Hitbox actual: (625, 300)
2025-05-19 17:11:52 - jugador - [DEBUG] - [JUGADOR_0] Posición POST CH: HB: (627, 300), PosFlotante: (627.00, 300.00)
2025-05-19 17:11:52 - jugador - [DEBUG] - [JUGADOR_0] Hitbox ataque: <rect(587, 277, 54, 69)>, Dir: (-1.00, 0.00)
2025-05-19 17:11:52 - jugador - [DEBUG] - [JUGADOR_0] Pos flotante (pre-límites): (623.9400, 300.0000)
2025-05-19 17:11:52 - jugador - [DEBUG] - [JUGADOR_0] Pos flotante (post-límites): (623.9400, 300.0000)
2025-05-19 17:11:52 - jugador - [DEBUG] - [JUGADOR_0] Movimiento para CH: dx_int=-4, dy_int=0. HB (antes CH): (627, 300), PosFlotante: (623.9400,300.0000)
2025-05-19 17:11:52 - jugador - [DEBUG] - [JUGADOR_0] Iniciando gestión de colisión con dx=-4, dy=0. Hitbox actual: (627, 300)
2025-05-19 17:11:52 - jugador - [DEBUG] - [JUGADOR_0] Posición POST CH: HB: (629, 300), PosFlotante: (629.00, 300.00)
2025-05-19 17:11:52 - jugador - [DEBUG] - [JUGADOR_0] Hitbox ataque: <rect(589, 277, 54, 69)>, Dir: (-1.00, 0.00)
2025-05-19 17:11:52 - jugador - [DEBUG] - [JUGADOR_0] Delta flotante intentado: dx=-3.0600, dy=0.0000 (delta_time: 0.0170)
2025-05-19 17:11:52 - jugador - [DEBUG] - [JUGADOR_0] Pos flotante (pre-límites): (625.9400, 300.0000)
2025-05-19 17:11:52 - jugador - [DEBUG] - [JUGADOR_0] Pos flotante (post-límites): (625.9400, 300.0000)
2025-05-19 17:11:52 - jugador - [DEBUG] - [JUGADOR_0] Movimiento para CH: dx_int=-4, dy_int=0. HB (antes CH): (629, 300), PosFlotante: (625.9400,300.0000)
2025-05-19 17:11:52 - jugador - [DEBUG] - [JUGADOR_0] Iniciando gestión de colisión con dx=-4, dy=0. Hitbox actual: (629, 300)
2025-05-19 17:11:52 - jugador - [DEBUG] - [JUGADOR_0] Posición POST CH: HB: (631, 300), PosFlotante: (631.00, 300.00)
2025-05-19 17:11:52 - jugador - [DEBUG] - [JUGADOR_0] Hitbox ataque: <rect(591, 277, 54, 69)>, Dir: (-1.00, 0.00)
2025-05-19 17:11:52 - jugador - [DEBUG] - [JUGADOR_0] Pos flotante (pre-límites): (627.9400, 300.0000)
2025-05-19 17:11:52 - jugador - [DEBUG] - [JUGADOR_0] Pos flotante (post-límites): (627.9400, 300.0000)
2025-05-19 17:11:52 - jugador - [DEBUG] - [JUGADOR_0] Movimiento para CH: dx_int=-4, dy_int=0. HB (antes CH): (631, 300), PosFlotante: (627.9400,300.0000)
2025-05-19 17:11:52 - jugador - [DEBUG] - [JUGADOR_0] Iniciando gestión de colisión con dx=-4, dy=0. Hitbox actual: (631, 300)
2025-05-19 17:11:52 - jugador - [DEBUG] - [JUGADOR_0] Posición POST CH: HB: (633, 300), PosFlotante: (633.00, 300.00)
2025-05-19 17:11:52 - jugador - [DEBUG] - [JUGADOR_0] Hitbox ataque: <rect(593, 277, 54, 69)>, Dir: (-1.00, 0.00)
2025-05-19 17:11:52 - jugador - [DEBUG] - [JUGADOR_0] Input teclado procesado: mov_x_input_raw=-180, mov_y_input_raw=0
2025-05-19 17:11:52 - jugador - [DEBUG] - [JUGADOR_0] Pos flotante (pre-límites): (629.9400, 300.0000)
2025-05-19 17:11:52 - jugador - [DEBUG] - [JUGADOR_0] Pos flotante (post-límites): (629.9400, 300.0000)
2025-05-19 17:11:52 - jugador - [DEBUG] - [JUGADOR_0] Movimiento para CH: dx_int=-4, dy_int=0. HB (antes CH): (633, 300), PosFlotante: (629.9400,300.0000)
2025-05-19 17:11:52 - jugador - [DEBUG] - [JUGADOR_0] Iniciando gestión de colisión con dx=-4, dy=0. Hitbox actual: (633, 300)
2025-05-19 17:11:52 - jugador - [DEBUG] - [JUGADOR_0] Posición POST CH: HB: (635, 300), PosFlotante: (635.00, 300.00)
2025-05-19 17:11:52 - jugador - [DEBUG] - [JUGADOR_0] Hitbox ataque: <rect(595, 277, 54, 69)>, Dir: (-1.00, 0.00)
2025-05-19 17:11:52 - jugador - [DEBUG] - [JUGADOR_0] Delta flotante intentado: dx=-2.8800, dy=0.0000 (delta_time: 0.0160)
2025-05-19 17:11:52 - jugador - [DEBUG] - [JUGADOR_0] Pos flotante (pre-límites): (632.1200, 300.0000)
2025-05-19 17:11:52 - jugador - [DEBUG] - [JUGADOR_0] Pos flotante (post-límites): (632.1200, 300.0000)
2025-05-19 17:11:52 - jugador - [DEBUG] - [JUGADOR_0] Movimiento para CH: dx_int=-3, dy_int=0. HB (antes CH): (635, 300), PosFlotante: (632.1200,300.0000)
2025-05-19 17:11:52 - jugador - [DEBUG] - [JUGADOR_0] Iniciando gestión de colisión con dx=-3, dy=0. Hitbox actual: (635, 300)
2025-05-19 17:11:52 - jugador - [DEBUG] - [JUGADOR_0] Posición POST CH: HB: (637, 300), PosFlotante: (637.00, 300.00)
2025-05-19 17:11:52 - jugador - [DEBUG] - [JUGADOR_0] ATAQUE FINALIZADO (Duración: 260ms). Enemigos golpeados: 2
2025-05-19 17:11:52 - jugador - [DEBUG] - [JUGADOR_0] Pos flotante (pre-límites): (634.1200, 300.0000)
2025-05-19 17:11:52 - jugador - [DEBUG] - [JUGADOR_0] Pos flotante (post-límites): (634.1200, 300.0000)
2025-05-19 17:11:52 - jugador - [DEBUG] - [JUGADOR_0] Movimiento para CH: dx_int=-3, dy_int=0. HB (antes CH): (637, 300), PosFlotante: (634.1200,300.0000)
2025-05-19 17:11:52 - jugador - [DEBUG] - [JUGADOR_0] Iniciando gestión de colisión con dx=-3, dy=0. Hitbox actual: (637, 300)
2025-05-19 17:11:52 - jugador - [DEBUG] - [JUGADOR_0] Posición POST CH: HB: (639, 300), PosFlotante: (639.00, 300.00)
2025-05-19 17:11:52 - jugador - [DEBUG] - [JUGADOR_0] Pos flotante (pre-límites): (636.1200, 300.0000)
2025-05-19 17:11:52 - jugador - [DEBUG] - [JUGADOR_0] Pos flotante (post-límites): (636.1200, 300.0000)
2025-05-19 17:11:52 - jugador - [DEBUG] - [JUGADOR_0] Movimiento para CH: dx_int=-3, dy_int=0. HB (antes CH): (639, 300), PosFlotante: (636.1200,300.0000)
2025-05-19 17:11:52 - jugador - [DEBUG] - [JUGADOR_0] Iniciando gestión de colisión con dx=-3, dy=0. Hitbox actual: (639, 300)
2025-05-19 17:11:52 - jugador - [DEBUG] - [JUGADOR_0] Posición POST CH: HB: (641, 300), PosFlotante: (641.00, 300.00)
2025-05-19 17:11:52 - jugador - [DEBUG] - [JUGADOR_0] Input teclado procesado: mov_x_input_raw=-180, mov_y_input_raw=0
2025-05-19 17:11:52 - jugador - [DEBUG] - [JUGADOR_0] Pos flotante (pre-límites): (638.1200, 300.0000)
2025-05-19 17:11:52 - jugador - [DEBUG] - [JUGADOR_0] Pos flotante (post-límites): (638.1200, 300.0000)
2025-05-19 17:11:52 - jugador - [DEBUG] - [JUGADOR_0] Movimiento para CH: dx_int=-3, dy_int=0. HB (antes CH): (641, 300), PosFlotante: (638.1200,300.0000)
2025-05-19 17:11:52 - jugador - [DEBUG] - [JUGADOR_0] Iniciando gestión de colisión con dx=-3, dy=0. Hitbox actual: (641, 300)
2025-05-19 17:11:52 - jugador - [DEBUG] - [JUGADOR_0] Posición POST CH: HB: (643, 300), PosFlotante: (643.00, 300.00)
2025-05-19 17:11:52 - jugador - [DEBUG] - [JUGADOR_0] Delta flotante intentado: dx=-2.8800, dy=0.0000 (delta_time: 0.0160)
2025-05-19 17:11:52 - jugador - [DEBUG] - [JUGADOR_0] Pos flotante (pre-límites): (640.1200, 300.0000)
2025-05-19 17:11:52 - jugador - [DEBUG] - [JUGADOR_0] Pos flotante (post-límites): (640.1200, 300.0000)
2025-05-19 17:11:52 - jugador - [DEBUG] - [JUGADOR_0] Movimiento para CH: dx_int=-3, dy_int=0. HB (antes CH): (643, 300), PosFlotante: (640.1200,300.0000)
2025-05-19 17:11:52 - jugador - [DEBUG] - [JUGADOR_0] Iniciando gestión de colisión con dx=-3, dy=0. Hitbox actual: (643, 300)
2025-05-19 17:11:52 - jugador - [DEBUG] - [JUGADOR_0] Posición POST CH: HB: (645, 300), PosFlotante: (645.00, 300.00)
2025-05-19 17:11:52 - jugador - [DEBUG] - [JUGADOR_0] Intento de ataque en cooldown (700.0ms). Tiempo desde último: 346ms
2025-05-19 17:11:52 - jugador - [DEBUG] - [JUGADOR_0] Pos flotante (pre-límites): (642.1200, 300.0000)
2025-05-19 17:11:52 - jugador - [DEBUG] - [JUGADOR_0] Pos flotante (post-límites): (642.1200, 300.0000)
2025-05-19 17:11:52 - jugador - [DEBUG] - [JUGADOR_0] Movimiento para CH: dx_int=-3, dy_int=0. HB (antes CH): (645, 300), PosFlotante: (642.1200,300.0000)
2025-05-19 17:11:52 - jugador - [DEBUG] - [JUGADOR_0] Iniciando gestión de colisión con dx=-3, dy=0. Hitbox actual: (645, 300)
2025-05-19 17:11:52 - jugador - [DEBUG] - [JUGADOR_0] Posición POST CH: HB: (647, 300), PosFlotante: (647.00, 300.00)
2025-05-19 17:11:52 - jugador - [DEBUG] - [JUGADOR_0] Pos flotante (pre-límites): (644.1200, 300.0000)
2025-05-19 17:11:52 - jugador - [DEBUG] - [JUGADOR_0] Pos flotante (post-límites): (644.1200, 300.0000)
2025-05-19 17:11:52 - jugador - [DEBUG] - [JUGADOR_0] Movimiento para CH: dx_int=-3, dy_int=0. HB (antes CH): (647, 300), PosFlotante: (644.1200,300.0000)
2025-05-19 17:11:52 - jugador - [DEBUG] - [JUGADOR_0] Iniciando gestión de colisión con dx=-3, dy=0. Hitbox actual: (647, 300)
2025-05-19 17:11:52 - jugador - [DEBUG] - [JUGADOR_0] Posición POST CH: HB: (649, 300), PosFlotante: (649.00, 300.00)
2025-05-19 17:11:52 - jugador - [DEBUG] - [JUGADOR_0] Input teclado procesado: mov_x_input_raw=-180, mov_y_input_raw=0
2025-05-19 17:11:52 - jugador - [DEBUG] - [JUGADOR_0] Delta flotante intentado: dx=-3.0600, dy=0.0000 (delta_time: 0.0170)
2025-05-19 17:11:52 - jugador - [DEBUG] - [JUGADOR_0] Pos flotante (pre-límites): (645.9400, 300.0000)
2025-05-19 17:11:52 - jugador - [DEBUG] - [JUGADOR_0] Pos flotante (post-límites): (645.9400, 300.0000)
2025-05-19 17:11:52 - jugador - [DEBUG] - [JUGADOR_0] Movimiento para CH: dx_int=-4, dy_int=0. HB (antes CH): (649, 300), PosFlotante: (645.9400,300.0000)
2025-05-19 17:11:52 - jugador - [DEBUG] - [JUGADOR_0] Iniciando gestión de colisión con dx=-4, dy=0. Hitbox actual: (649, 300)
2025-05-19 17:11:52 - jugador - [DEBUG] - [JUGADOR_0] Posición POST CH: HB: (651, 300), PosFlotante: (651.00, 300.00)
2025-05-19 17:11:52 - jugador - [DEBUG] - [JUGADOR_0] Pos flotante (pre-límites): (647.9400, 300.0000)
2025-05-19 17:11:52 - jugador - [DEBUG] - [JUGADOR_0] Pos flotante (post-límites): (647.9400, 300.0000)
2025-05-19 17:11:52 - jugador - [DEBUG] - [JUGADOR_0] Movimiento para CH: dx_int=-4, dy_int=0. HB (antes CH): (651, 300), PosFlotante: (647.9400,300.0000)
2025-05-19 17:11:52 - jugador - [DEBUG] - [JUGADOR_0] Iniciando gestión de colisión con dx=-4, dy=0. Hitbox actual: (651, 300)
2025-05-19 17:11:52 - jugador - [DEBUG] - [JUGADOR_0] Posición POST CH: HB: (653, 300), PosFlotante: (653.00, 300.00)
2025-05-19 17:11:52 - jugador - [DEBUG] - [JUGADOR_0] Pos flotante (pre-límites): (649.9400, 300.0000)
2025-05-19 17:11:52 - jugador - [DEBUG] - [JUGADOR_0] Pos flotante (post-límites): (649.9400, 300.0000)
2025-05-19 17:11:52 - jugador - [DEBUG] - [JUGADOR_0] Movimiento para CH: dx_int=-4, dy_int=0. HB (antes CH): (653, 300), PosFlotante: (649.9400,300.0000)
2025-05-19 17:11:52 - jugador - [DEBUG] - [JUGADOR_0] Iniciando gestión de colisión con dx=-4, dy=0. Hitbox actual: (653, 300)
2025-05-19 17:11:52 - jugador - [DEBUG] - [JUGADOR_0] Posición POST CH: HB: (655, 300), PosFlotante: (655.00, 300.00)
2025-05-19 17:11:52 - jugador - [DEBUG] - [JUGADOR_0] Delta flotante intentado: dx=-2.8800, dy=0.0000 (delta_time: 0.0160)
2025-05-19 17:11:52 - jugador - [DEBUG] - [JUGADOR_0] Pos flotante (pre-límites): (652.1200, 300.0000)
2025-05-19 17:11:52 - jugador - [DEBUG] - [JUGADOR_0] Pos flotante (post-límites): (652.1200, 300.0000)
2025-05-19 17:11:52 - jugador - [DEBUG] - [JUGADOR_0] Movimiento para CH: dx_int=-3, dy_int=0. HB (antes CH): (655, 300), PosFlotante: (652.1200,300.0000)
2025-05-19 17:11:52 - jugador - [DEBUG] - [JUGADOR_0] Iniciando gestión de colisión con dx=-3, dy=0. Hitbox actual: (655, 300)
2025-05-19 17:11:52 - jugador - [DEBUG] - [JUGADOR_0] Posición POST CH: HB: (657, 300), PosFlotante: (657.00, 300.00)
2025-05-19 17:11:52 - jugador - [DEBUG] - [JUGADOR_0] Input teclado procesado: mov_x_input_raw=-180, mov_y_input_raw=0
2025-05-19 17:11:52 - jugador - [DEBUG] - [JUGADOR_0] Delta flotante intentado: dx=-3.0600, dy=0.0000 (delta_time: 0.0170)
2025-05-19 17:11:52 - jugador - [DEBUG] - [JUGADOR_0] Pos flotante (pre-límites): (653.9400, 300.0000)
2025-05-19 17:11:52 - jugador - [DEBUG] - [JUGADOR_0] Pos flotante (post-límites): (653.9400, 300.0000)
2025-05-19 17:11:52 - jugador - [DEBUG] - [JUGADOR_0] Movimiento para CH: dx_int=-4, dy_int=0. HB (antes CH): (657, 300), PosFlotante: (653.9400,300.0000)
2025-05-19 17:11:52 - jugador - [DEBUG] - [JUGADOR_0] Iniciando gestión de colisión con dx=-4, dy=0. Hitbox actual: (657, 300)
2025-05-19 17:11:52 - jugador - [DEBUG] - [JUGADOR_0] Posición POST CH: HB: (659, 300), PosFlotante: (659.00, 300.00)
2025-05-19 17:11:52 - jugador - [DEBUG] - [JUGADOR_0] Pos flotante (pre-límites): (655.9400, 300.0000)
2025-05-19 17:11:52 - jugador - [DEBUG] - [JUGADOR_0] Pos flotante (post-límites): (655.9400, 300.0000)
2025-05-19 17:11:52 - jugador - [DEBUG] - [JUGADOR_0] Movimiento para CH: dx_int=-4, dy_int=0. HB (antes CH): (659, 300), PosFlotante: (655.9400,300.0000)
2025-05-19 17:11:52 - jugador - [DEBUG] - [JUGADOR_0] Iniciando gestión de colisión con dx=-4, dy=0. Hitbox actual: (659, 300)
2025-05-19 17:11:52 - jugador - [DEBUG] - [JUGADOR_0] Posición POST CH: HB: (661, 300), PosFlotante: (661.00, 300.00)
2025-05-19 17:11:53 - jugador - [DEBUG] - [JUGADOR_0] Delta flotante intentado: dx=-2.8800, dy=0.0000 (delta_time: 0.0160)
2025-05-19 17:11:53 - jugador - [DEBUG] - [JUGADOR_0] Pos flotante (pre-límites): (658.1200, 300.0000)
2025-05-19 17:11:53 - jugador - [DEBUG] - [JUGADOR_0] Pos flotante (post-límites): (658.1200, 300.0000)
2025-05-19 17:11:53 - jugador - [DEBUG] - [JUGADOR_0] Movimiento para CH: dx_int=-3, dy_int=0. HB (antes CH): (661, 300), PosFlotante: (658.1200,300.0000)
2025-05-19 17:11:53 - jugador - [DEBUG] - [JUGADOR_0] Iniciando gestión de colisión con dx=-3, dy=0. Hitbox actual: (661, 300)
2025-05-19 17:11:53 - jugador - [DEBUG] - [JUGADOR_0] Posición POST CH: HB: (663, 300), PosFlotante: (663.00, 300.00)
2025-05-19 17:11:53 - jugador - [DEBUG] - [JUGADOR_0] Pos flotante (pre-límites): (660.1200, 300.0000)
2025-05-19 17:11:53 - jugador - [DEBUG] - [JUGADOR_0] Pos flotante (post-límites): (660.1200, 300.0000)
2025-05-19 17:11:53 - jugador - [DEBUG] - [JUGADOR_0] Movimiento para CH: dx_int=-3, dy_int=0. HB (antes CH): (663, 300), PosFlotante: (660.1200,300.0000)
2025-05-19 17:11:53 - jugador - [DEBUG] - [JUGADOR_0] Iniciando gestión de colisión con dx=-3, dy=0. Hitbox actual: (663, 300)
2025-05-19 17:11:53 - jugador - [DEBUG] - [JUGADOR_0] Posición POST CH: HB: (665, 300), PosFlotante: (665.00, 300.00)
2025-05-19 17:11:53 - jugador - [DEBUG] - [JUGADOR_0] Input teclado procesado: mov_x_input_raw=-180, mov_y_input_raw=0
2025-05-19 17:11:53 - jugador - [DEBUG] - [JUGADOR_0] Pos flotante (pre-límites): (662.1200, 300.0000)
2025-05-19 17:11:53 - jugador - [DEBUG] - [JUGADOR_0] Pos flotante (post-límites): (662.1200, 300.0000)
2025-05-19 17:11:53 - jugador - [DEBUG] - [JUGADOR_0] Movimiento para CH: dx_int=-3, dy_int=0. HB (antes CH): (665, 300), PosFlotante: (662.1200,300.0000)
2025-05-19 17:11:53 - jugador - [DEBUG] - [JUGADOR_0] Iniciando gestión de colisión con dx=-3, dy=0. Hitbox actual: (665, 300)
2025-05-19 17:11:53 - jugador - [DEBUG] - [JUGADOR_0] Posición POST CH: HB: (667, 300), PosFlotante: (667.00, 300.00)
2025-05-19 17:11:53 - jugador - [DEBUG] - [JUGADOR_0] Delta flotante intentado: dx=-3.2400, dy=0.0000 (delta_time: 0.0180)
2025-05-19 17:11:53 - jugador - [DEBUG] - [JUGADOR_0] Pos flotante (pre-límites): (663.7600, 300.0000)
2025-05-19 17:11:53 - jugador - [DEBUG] - [JUGADOR_0] Pos flotante (post-límites): (663.7600, 300.0000)
2025-05-19 17:11:53 - jugador - [DEBUG] - [JUGADOR_0] Movimiento para CH: dx_int=-4, dy_int=0. HB (antes CH): (667, 300), PosFlotante: (663.7600,300.0000)
2025-05-19 17:11:53 - jugador - [DEBUG] - [JUGADOR_0] Iniciando gestión de colisión con dx=-4, dy=0. Hitbox actual: (667, 300)
2025-05-19 17:11:53 - jugador - [DEBUG] - [JUGADOR_0] Posición POST CH: HB: (669, 300), PosFlotante: (669.00, 300.00)
2025-05-19 17:11:53 - jugador - [DEBUG] - [JUGADOR_0] Delta flotante intentado: dx=-2.8800, dy=0.0000 (delta_time: 0.0160)
2025-05-19 17:11:53 - jugador - [DEBUG] - [JUGADOR_0] Pos flotante (pre-límites): (666.1200, 300.0000)
2025-05-19 17:11:53 - jugador - [DEBUG] - [JUGADOR_0] Pos flotante (post-límites): (666.1200, 300.0000)
2025-05-19 17:11:53 - jugador - [DEBUG] - [JUGADOR_0] Movimiento para CH: dx_int=-3, dy_int=0. HB (antes CH): (669, 300), PosFlotante: (666.1200,300.0000)
2025-05-19 17:11:53 - jugador - [DEBUG] - [JUGADOR_0] Iniciando gestión de colisión con dx=-3, dy=0. Hitbox actual: (669, 300)
2025-05-19 17:11:53 - jugador - [DEBUG] - [JUGADOR_0] Posición POST CH: HB: (671, 300), PosFlotante: (671.00, 300.00)
2025-05-19 17:11:53 - jugador - [DEBUG] - [JUGADOR_0] Delta flotante intentado: dx=-3.0600, dy=0.0000 (delta_time: 0.0170)
2025-05-19 17:11:53 - jugador - [DEBUG] - [JUGADOR_0] Pos flotante (pre-límites): (667.9400, 300.0000)
2025-05-19 17:11:53 - jugador - [DEBUG] - [JUGADOR_0] Pos flotante (post-límites): (667.9400, 300.0000)
2025-05-19 17:11:53 - jugador - [DEBUG] - [JUGADOR_0] Movimiento para CH: dx_int=-4, dy_int=0. HB (antes CH): (671, 300), PosFlotante: (667.9400,300.0000)
2025-05-19 17:11:53 - jugador - [DEBUG] - [JUGADOR_0] Iniciando gestión de colisión con dx=-4, dy=0. Hitbox actual: (671, 300)
2025-05-19 17:11:53 - jugador - [DEBUG] - [JUGADOR_0] Posición POST CH: HB: (673, 300), PosFlotante: (673.00, 300.00)
2025-05-19 17:11:53 - jugador - [DEBUG] - [JUGADOR_0] Input teclado procesado: mov_x_input_raw=-180, mov_y_input_raw=0
2025-05-19 17:11:53 - jugador - [DEBUG] - [JUGADOR_0] Pos flotante (pre-límites): (669.9400, 300.0000)
2025-05-19 17:11:53 - jugador - [DEBUG] - [JUGADOR_0] Pos flotante (post-límites): (669.9400, 300.0000)
2025-05-19 17:11:53 - jugador - [DEBUG] - [JUGADOR_0] Movimiento para CH: dx_int=-4, dy_int=0. HB (antes CH): (673, 300), PosFlotante: (669.9400,300.0000)
2025-05-19 17:11:53 - jugador - [DEBUG] - [JUGADOR_0] Iniciando gestión de colisión con dx=-4, dy=0. Hitbox actual: (673, 300)
2025-05-19 17:11:53 - jugador - [DEBUG] - [JUGADOR_0] Posición POST CH: HB: (675, 300), PosFlotante: (675.00, 300.00)
2025-05-19 17:11:53 - jugador - [DEBUG] - [JUGADOR_0] Delta flotante intentado: dx=-2.8800, dy=0.0000 (delta_time: 0.0160)
2025-05-19 17:11:53 - jugador - [DEBUG] - [JUGADOR_0] Pos flotante (pre-límites): (672.1200, 300.0000)
2025-05-19 17:11:53 - jugador - [DEBUG] - [JUGADOR_0] Pos flotante (post-límites): (672.1200, 300.0000)
2025-05-19 17:11:53 - jugador - [DEBUG] - [JUGADOR_0] Movimiento para CH: dx_int=-3, dy_int=0. HB (antes CH): (675, 300), PosFlotante: (672.1200,300.0000)
2025-05-19 17:11:53 - jugador - [DEBUG] - [JUGADOR_0] Iniciando gestión de colisión con dx=-3, dy=0. Hitbox actual: (675, 300)
2025-05-19 17:11:53 - jugador - [DEBUG] - [JUGADOR_0] Posición POST CH: HB: (677, 300), PosFlotante: (677.00, 300.00)
2025-05-19 17:11:53 - jugador - [DEBUG] - [JUGADOR_0] Pos flotante (pre-límites): (674.1200, 300.0000)
2025-05-19 17:11:53 - jugador - [DEBUG] - [JUGADOR_0] Pos flotante (post-límites): (674.1200, 300.0000)
2025-05-19 17:11:53 - jugador - [DEBUG] - [JUGADOR_0] Movimiento para CH: dx_int=-3, dy_int=0. HB (antes CH): (677, 300), PosFlotante: (674.1200,300.0000)
2025-05-19 17:11:53 - jugador - [DEBUG] - [JUGADOR_0] Iniciando gestión de colisión con dx=-3, dy=0. Hitbox actual: (677, 300)
2025-05-19 17:11:53 - jugador - [DEBUG] - [JUGADOR_0] Posición POST CH: HB: (679, 300), PosFlotante: (679.00, 300.00)
2025-05-19 17:11:53 - jugador - [DEBUG] - [JUGADOR_0] Pos flotante (pre-límites): (676.1200, 300.0000)
2025-05-19 17:11:53 - jugador - [DEBUG] - [JUGADOR_0] Pos flotante (post-límites): (676.1200, 300.0000)
2025-05-19 17:11:53 - jugador - [DEBUG] - [JUGADOR_0] Movimiento para CH: dx_int=-3, dy_int=0. HB (antes CH): (679, 300), PosFlotante: (676.1200,300.0000)
2025-05-19 17:11:53 - jugador - [DEBUG] - [JUGADOR_0] Iniciando gestión de colisión con dx=-3, dy=0. Hitbox actual: (679, 300)
2025-05-19 17:11:53 - jugador - [DEBUG] - [JUGADOR_0] Posición POST CH: HB: (681, 300), PosFlotante: (681.00, 300.00)
2025-05-19 17:11:53 - jugador - [DEBUG] - [JUGADOR_0] Input teclado procesado: mov_x_input_raw=-180, mov_y_input_raw=0
2025-05-19 17:11:53 - jugador - [DEBUG] - [JUGADOR_0] Pos flotante (pre-límites): (678.1200, 300.0000)
2025-05-19 17:11:53 - jugador - [DEBUG] - [JUGADOR_0] Pos flotante (post-límites): (678.1200, 300.0000)
2025-05-19 17:11:53 - jugador - [DEBUG] - [JUGADOR_0] Movimiento para CH: dx_int=-3, dy_int=0. HB (antes CH): (681, 300), PosFlotante: (678.1200,300.0000)
2025-05-19 17:11:53 - jugador - [DEBUG] - [JUGADOR_0] Iniciando gestión de colisión con dx=-3, dy=0. Hitbox actual: (681, 300)
2025-05-19 17:11:53 - jugador - [DEBUG] - [JUGADOR_0] Posición POST CH: HB: (683, 300), PosFlotante: (683.00, 300.00)
2025-05-19 17:11:53 - jugador - [DEBUG] - [JUGADOR_0] Delta flotante intentado: dx=-2.8800, dy=0.0000 (delta_time: 0.0160)
2025-05-19 17:11:53 - jugador - [DEBUG] - [JUGADOR_0] Pos flotante (pre-límites): (680.1200, 300.0000)
2025-05-19 17:11:53 - jugador - [DEBUG] - [JUGADOR_0] Pos flotante (post-límites): (680.1200, 300.0000)
2025-05-19 17:11:53 - jugador - [DEBUG] - [JUGADOR_0] Movimiento para CH: dx_int=-3, dy_int=0. HB (antes CH): (683, 300), PosFlotante: (680.1200,300.0000)
2025-05-19 17:11:53 - jugador - [DEBUG] - [JUGADOR_0] Iniciando gestión de colisión con dx=-3, dy=0. Hitbox actual: (683, 300)
2025-05-19 17:11:53 - jugador - [DEBUG] - [JUGADOR_0] Posición POST CH: HB: (685, 300), PosFlotante: (685.00, 300.00)
2025-05-19 17:11:53 - jugador - [DEBUG] - [JUGADOR_0] Intento de ataque en cooldown (700.0ms). Tiempo desde último: 676ms
2025-05-19 17:11:53 - jugador - [DEBUG] - [JUGADOR_0] Delta flotante intentado: dx=-3.0600, dy=0.0000 (delta_time: 0.0170)
2025-05-19 17:11:53 - jugador - [DEBUG] - [JUGADOR_0] Pos flotante (pre-límites): (681.9400, 300.0000)
2025-05-19 17:11:53 - jugador - [DEBUG] - [JUGADOR_0] Pos flotante (post-límites): (681.9400, 300.0000)
2025-05-19 17:11:53 - jugador - [DEBUG] - [JUGADOR_0] Movimiento para CH: dx_int=-4, dy_int=0. HB (antes CH): (685, 300), PosFlotante: (681.9400,300.0000)
2025-05-19 17:11:53 - jugador - [DEBUG] - [JUGADOR_0] Iniciando gestión de colisión con dx=-4, dy=0. Hitbox actual: (685, 300)
2025-05-19 17:11:53 - jugador - [DEBUG] - [JUGADOR_0] Posición POST CH: HB: (687, 300), PosFlotante: (687.00, 300.00)
2025-05-19 17:11:53 - jugador - [DEBUG] - [JUGADOR_0] Pos flotante (pre-límites): (684.1200, 300.0000)
2025-05-19 17:11:53 - jugador - [DEBUG] - [JUGADOR_0] Pos flotante (post-límites): (684.1200, 300.0000)
2025-05-19 17:11:53 - jugador - [DEBUG] - [JUGADOR_0] Movimiento para CH: dx_int=-3, dy_int=0. HB (antes CH): (687, 300), PosFlotante: (684.1200,300.0000)
2025-05-19 17:11:53 - jugador - [DEBUG] - [JUGADOR_0] Iniciando gestión de colisión con dx=-3, dy=0. Hitbox actual: (687, 300)
2025-05-19 17:11:53 - jugador - [DEBUG] - [JUGADOR_0] Posición POST CH: HB: (689, 300), PosFlotante: (689.00, 300.00)
2025-05-19 17:11:53 - jugador - [DEBUG] - [JUGADOR_0] Input teclado procesado: mov_x_input_raw=-180, mov_y_input_raw=0
2025-05-19 17:11:53 - jugador - [DEBUG] - [JUGADOR_0] Pos flotante (pre-límites): (686.1200, 300.0000)
2025-05-19 17:11:53 - jugador - [DEBUG] - [JUGADOR_0] Pos flotante (post-límites): (686.1200, 300.0000)
2025-05-19 17:11:53 - jugador - [DEBUG] - [JUGADOR_0] Movimiento para CH: dx_int=-3, dy_int=0. HB (antes CH): (689, 300), PosFlotante: (686.1200,300.0000)
2025-05-19 17:11:53 - jugador - [DEBUG] - [JUGADOR_0] Iniciando gestión de colisión con dx=-3, dy=0. Hitbox actual: (689, 300)
2025-05-19 17:11:53 - jugador - [DEBUG] - [JUGADOR_0] Posición POST CH: HB: (691, 300), PosFlotante: (691.00, 300.00)
2025-05-19 17:11:53 - jugador - [DEBUG] - [JUGADOR_0] Delta flotante intentado: dx=-2.8800, dy=0.0000 (delta_time: 0.0160)
2025-05-19 17:11:53 - jugador - [DEBUG] - [JUGADOR_0] Pos flotante (pre-límites): (688.1200, 300.0000)
2025-05-19 17:11:53 - jugador - [DEBUG] - [JUGADOR_0] Pos flotante (post-límites): (688.1200, 300.0000)
2025-05-19 17:11:53 - jugador - [DEBUG] - [JUGADOR_0] Movimiento para CH: dx_int=-3, dy_int=0. HB (antes CH): (691, 300), PosFlotante: (688.1200,300.0000)
2025-05-19 17:11:53 - jugador - [DEBUG] - [JUGADOR_0] Iniciando gestión de colisión con dx=-3, dy=0. Hitbox actual: (691, 300)
2025-05-19 17:11:53 - jugador - [DEBUG] - [JUGADOR_0] Posición POST CH: HB: (693, 300), PosFlotante: (693.00, 300.00)
2025-05-19 17:11:53 - jugador - [DEBUG] - [JUGADOR_0] Pos flotante (pre-límites): (690.1200, 300.0000)
2025-05-19 17:11:53 - jugador - [DEBUG] - [JUGADOR_0] Pos flotante (post-límites): (690.1200, 300.0000)
2025-05-19 17:11:53 - jugador - [DEBUG] - [JUGADOR_0] Movimiento para CH: dx_int=-3, dy_int=0. HB (antes CH): (693, 300), PosFlotante: (690.1200,300.0000)
2025-05-19 17:11:53 - jugador - [DEBUG] - [JUGADOR_0] Iniciando gestión de colisión con dx=-3, dy=0. Hitbox actual: (693, 300)
2025-05-19 17:11:53 - jugador - [DEBUG] - [JUGADOR_0] Posición POST CH: HB: (695, 300), PosFlotante: (695.00, 300.00)
2025-05-19 17:11:53 - jugador - [DEBUG] - [JUGADOR_0] Pos flotante (pre-límites): (692.1200, 300.0000)
2025-05-19 17:11:53 - jugador - [DEBUG] - [JUGADOR_0] Pos flotante (post-límites): (692.1200, 300.0000)
2025-05-19 17:11:53 - jugador - [DEBUG] - [JUGADOR_0] Movimiento para CH: dx_int=-3, dy_int=0. HB (antes CH): (695, 300), PosFlotante: (692.1200,300.0000)
2025-05-19 17:11:53 - jugador - [DEBUG] - [JUGADOR_0] Iniciando gestión de colisión con dx=-3, dy=0. Hitbox actual: (695, 300)
2025-05-19 17:11:53 - jugador - [DEBUG] - [JUGADOR_0] Posición POST CH: HB: (697, 300), PosFlotante: (697.00, 300.00)
2025-05-19 17:11:53 - jugador - [DEBUG] - [JUGADOR_0] Input teclado procesado: mov_x_input_raw=-180, mov_y_input_raw=0
2025-05-19 17:11:53 - jugador - [DEBUG] - [JUGADOR_0] Delta flotante intentado: dx=-3.0600, dy=0.0000 (delta_time: 0.0170)
2025-05-19 17:11:53 - jugador - [DEBUG] - [JUGADOR_0] Pos flotante (pre-límites): (693.9400, 300.0000)
2025-05-19 17:11:53 - jugador - [DEBUG] - [JUGADOR_0] Pos flotante (post-límites): (693.9400, 300.0000)
2025-05-19 17:11:53 - jugador - [DEBUG] - [JUGADOR_0] Movimiento para CH: dx_int=-4, dy_int=0. HB (antes CH): (697, 300), PosFlotante: (693.9400,300.0000)
2025-05-19 17:11:53 - jugador - [DEBUG] - [JUGADOR_0] Iniciando gestión de colisión con dx=-4, dy=0. Hitbox actual: (697, 300)
2025-05-19 17:11:53 - jugador - [DEBUG] - [JUGADOR_0] Posición POST CH: HB: (699, 300), PosFlotante: (699.00, 300.00)
2025-05-19 17:11:53 - jugador - [DEBUG] - [JUGADOR_0] Delta flotante intentado: dx=-2.8800, dy=0.0000 (delta_time: 0.0160)
2025-05-19 17:11:53 - jugador - [DEBUG] - [JUGADOR_0] Pos flotante (pre-límites): (696.1200, 300.0000)
2025-05-19 17:11:53 - jugador - [DEBUG] - [JUGADOR_0] Pos flotante (post-límites): (696.1200, 300.0000)
2025-05-19 17:11:53 - jugador - [DEBUG] - [JUGADOR_0] Movimiento para CH: dx_int=-3, dy_int=0. HB (antes CH): (699, 300), PosFlotante: (696.1200,300.0000)
2025-05-19 17:11:53 - jugador - [DEBUG] - [JUGADOR_0] Iniciando gestión de colisión con dx=-3, dy=0. Hitbox actual: (699, 300)
2025-05-19 17:11:53 - jugador - [DEBUG] - [JUGADOR_0] Posición POST CH: HB: (701, 300), PosFlotante: (701.00, 300.00)
2025-05-19 17:11:53 - jugador - [DEBUG] - [JUGADOR_0] Pos flotante (pre-límites): (698.1200, 300.0000)
2025-05-19 17:11:53 - jugador - [DEBUG] - [JUGADOR_0] Pos flotante (post-límites): (698.1200, 300.0000)
2025-05-19 17:11:53 - jugador - [DEBUG] - [JUGADOR_0] Movimiento para CH: dx_int=-3, dy_int=0. HB (antes CH): (701, 300), PosFlotante: (698.1200,300.0000)
2025-05-19 17:11:53 - jugador - [DEBUG] - [JUGADOR_0] Iniciando gestión de colisión con dx=-3, dy=0. Hitbox actual: (701, 300)
2025-05-19 17:11:53 - jugador - [DEBUG] - [JUGADOR_0] Posición POST CH: HB: (703, 300), PosFlotante: (703.00, 300.00)
2025-05-19 17:11:53 - jugador - [DEBUG] - [JUGADOR_0] Pos flotante (pre-límites): (699.9400, 300.0000)
2025-05-19 17:11:53 - jugador - [DEBUG] - [JUGADOR_0] Pos flotante (post-límites): (699.9400, 300.0000)
2025-05-19 17:11:53 - jugador - [DEBUG] - [JUGADOR_0] Movimiento para CH: dx_int=-4, dy_int=0. HB (antes CH): (703, 300), PosFlotante: (699.9400,300.0000)
2025-05-19 17:11:53 - jugador - [DEBUG] - [JUGADOR_0] Iniciando gestión de colisión con dx=-4, dy=0. Hitbox actual: (703, 300)
2025-05-19 17:11:53 - jugador - [DEBUG] - [JUGADOR_0] Posición POST CH: HB: (705, 300), PosFlotante: (705.00, 300.00)
2025-05-19 17:11:53 - jugador - [DEBUG] - [JUGADOR_0] Input teclado procesado: mov_x_input_raw=-180, mov_y_input_raw=0
2025-05-19 17:11:53 - jugador - [DEBUG] - [JUGADOR_0] Delta flotante intentado: dx=-3.0600, dy=0.0000 (delta_time: 0.0170)
2025-05-19 17:11:53 - jugador - [DEBUG] - [JUGADOR_0] Pos flotante (pre-límites): (701.9400, 300.0000)
2025-05-19 17:11:53 - jugador - [DEBUG] - [JUGADOR_0] Pos flotante (post-límites): (701.9400, 300.0000)
2025-05-19 17:11:53 - jugador - [DEBUG] - [JUGADOR_0] Movimiento para CH: dx_int=-4, dy_int=0. HB (antes CH): (705, 300), PosFlotante: (701.9400,300.0000)
2025-05-19 17:11:53 - jugador - [DEBUG] - [JUGADOR_0] Iniciando gestión de colisión con dx=-4, dy=0. Hitbox actual: (705, 300)
2025-05-19 17:11:53 - jugador - [DEBUG] - [JUGADOR_0] Posición POST CH: HB: (707, 300), PosFlotante: (707.00, 300.00)
2025-05-19 17:11:53 - jugador - [DEBUG] - [JUGADOR_0] Pos flotante (pre-límites): (703.9400, 300.0000)
2025-05-19 17:11:53 - jugador - [DEBUG] - [JUGADOR_0] Pos flotante (post-límites): (703.9400, 300.0000)
2025-05-19 17:11:53 - jugador - [DEBUG] - [JUGADOR_0] Movimiento para CH: dx_int=-4, dy_int=0. HB (antes CH): (707, 300), PosFlotante: (703.9400,300.0000)
2025-05-19 17:11:53 - jugador - [DEBUG] - [JUGADOR_0] Iniciando gestión de colisión con dx=-4, dy=0. Hitbox actual: (707, 300)
2025-05-19 17:11:53 - jugador - [DEBUG] - [JUGADOR_0] Posición POST CH: HB: (709, 300), PosFlotante: (709.00, 300.00)
2025-05-19 17:11:53 - jugador - [DEBUG] - [JUGADOR_0] Delta flotante intentado: dx=-2.8800, dy=0.0000 (delta_time: 0.0160)
2025-05-19 17:11:53 - jugador - [DEBUG] - [JUGADOR_0] Pos flotante (pre-límites): (706.1200, 300.0000)
2025-05-19 17:11:53 - jugador - [DEBUG] - [JUGADOR_0] Pos flotante (post-límites): (706.1200, 300.0000)
2025-05-19 17:11:53 - jugador - [DEBUG] - [JUGADOR_0] Movimiento para CH: dx_int=-3, dy_int=0. HB (antes CH): (709, 300), PosFlotante: (706.1200,300.0000)
2025-05-19 17:11:53 - jugador - [DEBUG] - [JUGADOR_0] Iniciando gestión de colisión con dx=-3, dy=0. Hitbox actual: (709, 300)
2025-05-19 17:11:53 - jugador - [DEBUG] - [JUGADOR_0] Posición POST CH: HB: (711, 300), PosFlotante: (711.00, 300.00)
2025-05-19 17:11:53 - jugador - [DEBUG] - [JUGADOR_0] Pos flotante (pre-límites): (708.1200, 300.0000)
2025-05-19 17:11:53 - jugador - [DEBUG] - [JUGADOR_0] Pos flotante (post-límites): (708.1200, 300.0000)
2025-05-19 17:11:53 - jugador - [DEBUG] - [JUGADOR_0] Movimiento para CH: dx_int=-3, dy_int=0. HB (antes CH): (711, 300), PosFlotante: (708.1200,300.0000)
2025-05-19 17:11:53 - jugador - [DEBUG] - [JUGADOR_0] Iniciando gestión de colisión con dx=-3, dy=0. Hitbox actual: (711, 300)
2025-05-19 17:11:53 - jugador - [DEBUG] - [JUGADOR_0] Posición POST CH: HB: (713, 300), PosFlotante: (713.00, 300.00)
2025-05-19 17:11:53 - jugador - [DEBUG] - [JUGADOR_0] Input teclado procesado: mov_x_input_raw=-180, mov_y_input_raw=0
2025-05-19 17:11:53 - jugador - [DEBUG] - [JUGADOR_0] Pos flotante (pre-límites): (710.1200, 300.0000)
2025-05-19 17:11:53 - jugador - [DEBUG] - [JUGADOR_0] Pos flotante (post-límites): (710.1200, 300.0000)
2025-05-19 17:11:53 - jugador - [DEBUG] - [JUGADOR_0] Movimiento para CH: dx_int=-3, dy_int=0. HB (antes CH): (713, 300), PosFlotante: (710.1200,300.0000)
2025-05-19 17:11:53 - jugador - [DEBUG] - [JUGADOR_0] Iniciando gestión de colisión con dx=-3, dy=0. Hitbox actual: (713, 300)
2025-05-19 17:11:53 - jugador - [DEBUG] - [JUGADOR_0] Posición POST CH: HB: (715, 300), PosFlotante: (715.00, 300.00)
2025-05-19 17:11:53 - jugador - [DEBUG] - [JUGADOR_0] Pos flotante (pre-límites): (712.1200, 300.0000)
2025-05-19 17:11:53 - jugador - [DEBUG] - [JUGADOR_0] Pos flotante (post-límites): (712.1200, 300.0000)
2025-05-19 17:11:53 - jugador - [DEBUG] - [JUGADOR_0] Movimiento para CH: dx_int=-3, dy_int=0. HB (antes CH): (715, 300), PosFlotante: (712.1200,300.0000)
2025-05-19 17:11:53 - jugador - [DEBUG] - [JUGADOR_0] Iniciando gestión de colisión con dx=-3, dy=0. Hitbox actual: (715, 300)
2025-05-19 17:11:53 - jugador - [DEBUG] - [JUGADOR_0] Posición POST CH: HB: (717, 300), PosFlotante: (717.00, 300.00)
2025-05-19 17:11:53 - jugador - [DEBUG] - [JUGADOR_0] Delta flotante intentado: dx=-3.0600, dy=0.0000 (delta_time: 0.0170)
2025-05-19 17:11:53 - jugador - [DEBUG] - [JUGADOR_0] Pos flotante (pre-límites): (713.9400, 300.0000)
2025-05-19 17:11:53 - jugador - [DEBUG] - [JUGADOR_0] Pos flotante (post-límites): (713.9400, 300.0000)
2025-05-19 17:11:53 - jugador - [DEBUG] - [JUGADOR_0] Movimiento para CH: dx_int=-4, dy_int=0. HB (antes CH): (717, 300), PosFlotante: (713.9400,300.0000)
2025-05-19 17:11:53 - jugador - [DEBUG] - [JUGADOR_0] Iniciando gestión de colisión con dx=-4, dy=0. Hitbox actual: (717, 300)
2025-05-19 17:11:53 - jugador - [DEBUG] - [JUGADOR_0] Posición POST CH: HB: (719, 300), PosFlotante: (719.00, 300.00)
2025-05-19 17:11:53 - jugador - [DEBUG] - [JUGADOR_0] Delta flotante intentado: dx=-2.8800, dy=0.0000 (delta_time: 0.0160)
2025-05-19 17:11:53 - jugador - [DEBUG] - [JUGADOR_0] Pos flotante (pre-límites): (716.1200, 300.0000)
2025-05-19 17:11:53 - jugador - [DEBUG] - [JUGADOR_0] Pos flotante (post-límites): (716.1200, 300.0000)
2025-05-19 17:11:53 - jugador - [DEBUG] - [JUGADOR_0] Movimiento para CH: dx_int=-3, dy_int=0. HB (antes CH): (719, 300), PosFlotante: (716.1200,300.0000)
2025-05-19 17:11:53 - jugador - [DEBUG] - [JUGADOR_0] Iniciando gestión de colisión con dx=-3, dy=0. Hitbox actual: (719, 300)
2025-05-19 17:11:53 - jugador - [DEBUG] - [JUGADOR_0] Posición POST CH: HB: (721, 300), PosFlotante: (721.00, 300.00)
2025-05-19 17:11:53 - jugador - [DEBUG] - [JUGADOR_0] Input teclado procesado: mov_x_input_raw=-180, mov_y_input_raw=0
2025-05-19 17:11:53 - jugador - [DEBUG] - [JUGADOR_0] Pos flotante (pre-límites): (718.1200, 300.0000)
2025-05-19 17:11:53 - jugador - [DEBUG] - [JUGADOR_0] Pos flotante (post-límites): (718.1200, 300.0000)
2025-05-19 17:11:53 - jugador - [DEBUG] - [JUGADOR_0] Movimiento para CH: dx_int=-3, dy_int=0. HB (antes CH): (721, 300), PosFlotante: (718.1200,300.0000)
2025-05-19 17:11:53 - jugador - [DEBUG] - [JUGADOR_0] Iniciando gestión de colisión con dx=-3, dy=0. Hitbox actual: (721, 300)
2025-05-19 17:11:53 - jugador - [DEBUG] - [JUGADOR_0] Posición POST CH: HB: (723, 300), PosFlotante: (723.00, 300.00)
2025-05-19 17:11:53 - jugador - [DEBUG] - [JUGADOR_0] Pos flotante (pre-límites): (720.1200, 300.0000)
2025-05-19 17:11:53 - jugador - [DEBUG] - [JUGADOR_0] Pos flotante (post-límites): (720.1200, 300.0000)
2025-05-19 17:11:53 - jugador - [DEBUG] - [JUGADOR_0] Movimiento para CH: dx_int=-3, dy_int=0. HB (antes CH): (723, 300), PosFlotante: (720.1200,300.0000)
2025-05-19 17:11:53 - jugador - [DEBUG] - [JUGADOR_0] Iniciando gestión de colisión con dx=-3, dy=0. Hitbox actual: (723, 300)
2025-05-19 17:11:53 - jugador - [DEBUG] - [JUGADOR_0] Posición POST CH: HB: (725, 300), PosFlotante: (725.00, 300.00)
2025-05-19 17:11:53 - jugador - [DEBUG] - [JUGADOR_0] Delta flotante intentado: dx=-3.0600, dy=0.0000 (delta_time: 0.0170)
2025-05-19 17:11:53 - jugador - [DEBUG] - [JUGADOR_0] Pos flotante (pre-límites): (721.9400, 300.0000)
2025-05-19 17:11:53 - jugador - [DEBUG] - [JUGADOR_0] Pos flotante (post-límites): (721.9400, 300.0000)
2025-05-19 17:11:53 - jugador - [DEBUG] - [JUGADOR_0] Movimiento para CH: dx_int=-4, dy_int=0. HB (antes CH): (725, 300), PosFlotante: (721.9400,300.0000)
2025-05-19 17:11:53 - jugador - [DEBUG] - [JUGADOR_0] Iniciando gestión de colisión con dx=-4, dy=0. Hitbox actual: (725, 300)
2025-05-19 17:11:53 - jugador - [DEBUG] - [JUGADOR_0] Posición POST CH: HB: (727, 300), PosFlotante: (727.00, 300.00)
2025-05-19 17:11:53 - jugador - [DEBUG] - [JUGADOR_0] Delta flotante intentado: dx=-2.8800, dy=0.0000 (delta_time: 0.0160)
2025-05-19 17:11:53 - jugador - [DEBUG] - [JUGADOR_0] Pos flotante (pre-límites): (724.1200, 300.0000)
2025-05-19 17:11:53 - jugador - [DEBUG] - [JUGADOR_0] Pos flotante (post-límites): (724.1200, 300.0000)
2025-05-19 17:11:53 - jugador - [DEBUG] - [JUGADOR_0] Movimiento para CH: dx_int=-3, dy_int=0. HB (antes CH): (727, 300), PosFlotante: (724.1200,300.0000)
2025-05-19 17:11:53 - jugador - [DEBUG] - [JUGADOR_0] Iniciando gestión de colisión con dx=-3, dy=0. Hitbox actual: (727, 300)
2025-05-19 17:11:53 - jugador - [DEBUG] - [JUGADOR_0] Posición POST CH: HB: (729, 300), PosFlotante: (729.00, 300.00)
2025-05-19 17:11:53 - jugador - [DEBUG] - [JUGADOR_0] Input teclado procesado: mov_x_input_raw=-180, mov_y_input_raw=0
2025-05-19 17:11:53 - jugador - [DEBUG] - [JUGADOR_0] Pos flotante (pre-límites): (726.1200, 300.0000)
2025-05-19 17:11:53 - jugador - [DEBUG] - [JUGADOR_0] Pos flotante (post-límites): (726.1200, 300.0000)
2025-05-19 17:11:53 - jugador - [DEBUG] - [JUGADOR_0] Movimiento para CH: dx_int=-3, dy_int=0. HB (antes CH): (729, 300), PosFlotante: (726.1200,300.0000)
2025-05-19 17:11:53 - jugador - [DEBUG] - [JUGADOR_0] Iniciando gestión de colisión con dx=-3, dy=0. Hitbox actual: (729, 300)
2025-05-19 17:11:53 - jugador - [DEBUG] - [JUGADOR_0] Posición POST CH: HB: (731, 300), PosFlotante: (731.00, 300.00)
2025-05-19 17:11:53 - jugador - [DEBUG] - [JUGADOR_0] Pos flotante (pre-límites): (728.1200, 300.0000)
2025-05-19 17:11:53 - jugador - [DEBUG] - [JUGADOR_0] Pos flotante (post-límites): (728.1200, 300.0000)
2025-05-19 17:11:53 - jugador - [DEBUG] - [JUGADOR_0] Movimiento para CH: dx_int=-3, dy_int=0. HB (antes CH): (731, 300), PosFlotante: (728.1200,300.0000)
2025-05-19 17:11:53 - jugador - [DEBUG] - [JUGADOR_0] Iniciando gestión de colisión con dx=-3, dy=0. Hitbox actual: (731, 300)
2025-05-19 17:11:53 - jugador - [DEBUG] - [JUGADOR_0] Posición POST CH: HB: (733, 300), PosFlotante: (733.00, 300.00)
2025-05-19 17:11:53 - jugador - [DEBUG] - [JUGADOR_0] Pos flotante (pre-límites): (730.1200, 300.0000)
2025-05-19 17:11:53 - jugador - [DEBUG] - [JUGADOR_0] Pos flotante (post-límites): (730.1200, 300.0000)
2025-05-19 17:11:53 - jugador - [DEBUG] - [JUGADOR_0] Movimiento para CH: dx_int=-3, dy_int=0. HB (antes CH): (733, 300), PosFlotante: (730.1200,300.0000)
2025-05-19 17:11:53 - jugador - [DEBUG] - [JUGADOR_0] Iniciando gestión de colisión con dx=-3, dy=0. Hitbox actual: (733, 300)
2025-05-19 17:11:53 - jugador - [DEBUG] - [JUGADOR_0] Posición POST CH: HB: (735, 300), PosFlotante: (735.00, 300.00)
2025-05-19 17:11:53 - jugador - [DEBUG] - [JUGADOR_0] Delta flotante intentado: dx=-2.8800, dy=0.0000 (delta_time: 0.0160)
2025-05-19 17:11:53 - jugador - [DEBUG] - [JUGADOR_0] Pos flotante (pre-límites): (732.1200, 300.0000)
2025-05-19 17:11:53 - jugador - [DEBUG] - [JUGADOR_0] Pos flotante (post-límites): (732.1200, 300.0000)
2025-05-19 17:11:53 - jugador - [DEBUG] - [JUGADOR_0] Movimiento para CH: dx_int=-3, dy_int=0. HB (antes CH): (735, 300), PosFlotante: (732.1200,300.0000)
2025-05-19 17:11:53 - jugador - [DEBUG] - [JUGADOR_0] Iniciando gestión de colisión con dx=-3, dy=0. Hitbox actual: (735, 300)
2025-05-19 17:11:53 - jugador - [DEBUG] - [JUGADOR_0] Posición POST CH: HB: (737, 300), PosFlotante: (737.00, 300.00)
2025-05-19 17:11:53 - jugador - [DEBUG] - [JUGADOR_0] Input teclado procesado: mov_x_input_raw=-180, mov_y_input_raw=0
2025-05-19 17:11:53 - jugador - [DEBUG] - [JUGADOR_0] Pos flotante (pre-límites): (734.1200, 300.0000)
2025-05-19 17:11:53 - jugador - [DEBUG] - [JUGADOR_0] Pos flotante (post-límites): (734.1200, 300.0000)
2025-05-19 17:11:53 - jugador - [DEBUG] - [JUGADOR_0] Movimiento para CH: dx_int=-3, dy_int=0. HB (antes CH): (737, 300), PosFlotante: (734.1200,300.0000)
2025-05-19 17:11:53 - jugador - [DEBUG] - [JUGADOR_0] Iniciando gestión de colisión con dx=-3, dy=0. Hitbox actual: (737, 300)
2025-05-19 17:11:53 - jugador - [DEBUG] - [JUGADOR_0] Posición POST CH: HB: (739, 300), PosFlotante: (739.00, 300.00)
2025-05-19 17:11:53 - jugador - [DEBUG] - [JUGADOR_0] Pos flotante (pre-límites): (736.1200, 300.0000)
2025-05-19 17:11:53 - jugador - [DEBUG] - [JUGADOR_0] Pos flotante (post-límites): (736.1200, 300.0000)
2025-05-19 17:11:53 - jugador - [DEBUG] - [JUGADOR_0] Movimiento para CH: dx_int=-3, dy_int=0. HB (antes CH): (739, 300), PosFlotante: (736.1200,300.0000)
2025-05-19 17:11:53 - jugador - [DEBUG] - [JUGADOR_0] Iniciando gestión de colisión con dx=-3, dy=0. Hitbox actual: (739, 300)
2025-05-19 17:11:53 - jugador - [DEBUG] - [JUGADOR_0] Posición POST CH: HB: (741, 300), PosFlotante: (741.00, 300.00)
2025-05-19 17:11:53 - jugador - [DEBUG] - [JUGADOR_0] Input teclado procesado: mov_x_input_raw=0, mov_y_input_raw=0
2025-05-19 17:11:53 - jugador - [DEBUG] - [JUGADOR_0] Delta flotante intentado: dx=0.0000, dy=0.0000 (delta_time: 0.0160)
2025-05-19 17:11:53 - jugador - [DEBUG] - [JUGADOR_0] Pos flotante (pre-límites): (741.0000, 300.0000)
2025-05-19 17:11:53 - jugador - [DEBUG] - [JUGADOR_0] Pos flotante (post-límites): (741.0000, 300.0000)
2025-05-19 17:11:53 - jugador - [DEBUG] - [JUGADOR_0] Sin mov. para CH (delta_int fue 0). HB: (741, 300), PosFlotante: (741.0000, 300.0000)
2025-05-19 17:11:53 - jugador - [DEBUG] - [JUGADOR_0] Delta flotante intentado: dx=0.0000, dy=0.0000 (delta_time: 0.0170)
2025-05-19 17:11:53 - jugador - [INFO] - [JUGADOR_0] ATAQUE INICIADO (Cooldown: 700.0ms). Perfil: 'espada_predeterminada'
2025-05-19 17:11:53 - jugador - [DEBUG] - [JUGADOR_0] Input teclado procesado: mov_x_input_raw=0, mov_y_input_raw=0
2025-05-19 17:11:53 - jugador - [DEBUG] - [JUGADOR_0] Delta flotante intentado: dx=0.0000, dy=0.0000 (delta_time: 0.0160)
2025-05-19 17:11:53 - jugador - [DEBUG] - [JUGADOR_0] Pos flotante (pre-límites): (741.0000, 300.0000)
2025-05-19 17:11:53 - jugador - [DEBUG] - [JUGADOR_0] Pos flotante (post-límites): (741.0000, 300.0000)
2025-05-19 17:11:53 - jugador - [DEBUG] - [JUGADOR_0] Sin mov. para CH (delta_int fue 0). HB: (741, 300), PosFlotante: (741.0000, 300.0000)
2025-05-19 17:11:53 - jugador - [DEBUG] - [JUGADOR_0] Hitbox ataque: <rect(701, 277, 54, 69)>, Dir: (-1.00, 0.00)
2025-05-19 17:11:53 - jugador - [INFO] - [JUGADOR_0] GOLPEÓ a [Enemigo_1] con perfil 'espada_predeterminada'. Daño: 5.0
2025-05-19 17:11:53 - jugador - [INFO] - [JUGADOR_0] GOLPEÓ a [Enemigo_2] con perfil 'espada_predeterminada'. Daño: 5.0
2025-05-19 17:11:53 - jugador - [DEBUG] - [JUGADOR_0] Delta flotante intentado: dx=0.0000, dy=0.0000 (delta_time: 0.0170)
2025-05-19 17:11:53 - jugador - [DEBUG] - [JUGADOR_0] Input teclado procesado: mov_x_input_raw=0, mov_y_input_raw=0
2025-05-19 17:11:53 - jugador - [DEBUG] - [JUGADOR_0] Pos flotante (pre-límites): (741.0000, 300.0000)
2025-05-19 17:11:53 - jugador - [DEBUG] - [JUGADOR_0] Pos flotante (post-límites): (741.0000, 300.0000)
2025-05-19 17:11:53 - jugador - [DEBUG] - [JUGADOR_0] Sin mov. para CH (delta_int fue 0). HB: (741, 300), PosFlotante: (741.0000, 300.0000)
2025-05-19 17:11:53 - jugador - [DEBUG] - [JUGADOR_0] Hitbox ataque: <rect(701, 277, 54, 69)>, Dir: (-1.00, 0.00)
2025-05-19 17:11:53 - jugador - [DEBUG] - [JUGADOR_0] Delta flotante intentado: dx=0.0000, dy=0.0000 (delta_time: 0.0160)
2025-05-19 17:11:53 - jugador - [DEBUG] - [JUGADOR_0] Delta flotante intentado: dx=0.0000, dy=0.0000 (delta_time: 0.0170)
2025-05-19 17:11:53 - jugador - [DEBUG] - [JUGADOR_0] Input teclado procesado: mov_x_input_raw=0, mov_y_input_raw=0
2025-05-19 17:11:53 - jugador - [DEBUG] - [JUGADOR_0] Pos flotante (pre-límites): (741.0000, 300.0000)
2025-05-19 17:11:53 - jugador - [DEBUG] - [JUGADOR_0] Pos flotante (post-límites): (741.0000, 300.0000)
2025-05-19 17:11:53 - jugador - [DEBUG] - [JUGADOR_0] Sin mov. para CH (delta_int fue 0). HB: (741, 300), PosFlotante: (741.0000, 300.0000)
2025-05-19 17:11:53 - jugador - [DEBUG] - [JUGADOR_0] Hitbox ataque: <rect(701, 277, 54, 69)>, Dir: (-1.00, 0.00)
2025-05-19 17:11:53 - jugador - [DEBUG] - [JUGADOR_0] Delta flotante intentado: dx=0.0000, dy=0.0000 (delta_time: 0.0160)
2025-05-19 17:11:53 - jugador - [DEBUG] - [JUGADOR_0] Input teclado procesado: mov_x_input_raw=0, mov_y_input_raw=0
2025-05-19 17:11:53 - jugador - [DEBUG] - [JUGADOR_0] Pos flotante (pre-límites): (741.0000, 300.0000)
2025-05-19 17:11:53 - jugador - [DEBUG] - [JUGADOR_0] Pos flotante (post-límites): (741.0000, 300.0000)
2025-05-19 17:11:53 - jugador - [DEBUG] - [JUGADOR_0] Sin mov. para CH (delta_int fue 0). HB: (741, 300), PosFlotante: (741.0000, 300.0000)
2025-05-19 17:11:53 - jugador - [DEBUG] - [JUGADOR_0] Hitbox ataque: <rect(701, 277, 54, 69)>, Dir: (-1.00, 0.00)
2025-05-19 17:11:53 - jugador - [DEBUG] - [JUGADOR_0] Delta flotante intentado: dx=0.0000, dy=0.0000 (delta_time: 0.0160)
2025-05-19 17:11:53 - jugador - [DEBUG] - [JUGADOR_0] Input teclado procesado: mov_x_input_raw=0, mov_y_input_raw=0
2025-05-19 17:11:53 - jugador - [DEBUG] - [JUGADOR_0] Delta flotante intentado: dx=0.0000, dy=0.0000 (delta_time: 0.0170)
2025-05-19 17:11:53 - jugador - [DEBUG] - [JUGADOR_0] Pos flotante (pre-límites): (741.0000, 300.0000)
2025-05-19 17:11:53 - jugador - [DEBUG] - [JUGADOR_0] Pos flotante (post-límites): (741.0000, 300.0000)
2025-05-19 17:11:53 - jugador - [DEBUG] - [JUGADOR_0] Sin mov. para CH (delta_int fue 0). HB: (741, 300), PosFlotante: (741.0000, 300.0000)
2025-05-19 17:11:53 - jugador - [DEBUG] - [JUGADOR_0] ATAQUE FINALIZADO (Duración: 260ms). Enemigos golpeados: 2
2025-05-19 17:11:53 - jugador - [DEBUG] - [JUGADOR_0] Delta flotante intentado: dx=0.0000, dy=0.0000 (delta_time: 0.0160)
2025-05-19 17:11:54 - jugador - [DEBUG] - [JUGADOR_0] Input teclado procesado: mov_x_input_raw=0, mov_y_input_raw=0
2025-05-19 17:11:54 - jugador - [DEBUG] - [JUGADOR_0] Pos flotante (pre-límites): (741.0000, 300.0000)
2025-05-19 17:11:54 - jugador - [DEBUG] - [JUGADOR_0] Pos flotante (post-límites): (741.0000, 300.0000)
2025-05-19 17:11:54 - jugador - [DEBUG] - [JUGADOR_0] Sin mov. para CH (delta_int fue 0). HB: (741, 300), PosFlotante: (741.0000, 300.0000)
2025-05-19 17:11:54 - jugador - [DEBUG] - [JUGADOR_0] Delta flotante intentado: dx=0.0000, dy=0.0000 (delta_time: 0.0170)
2025-05-19 17:11:54 - jugador - [DEBUG] - [JUGADOR_0] Delta flotante intentado: dx=0.0000, dy=0.0000 (delta_time: 0.0160)
2025-05-19 17:11:54 - jugador - [DEBUG] - [JUGADOR_0] Input teclado procesado: mov_x_input_raw=0, mov_y_input_raw=0
2025-05-19 17:11:54 - jugador - [DEBUG] - [JUGADOR_0] Pos flotante (pre-límites): (741.0000, 300.0000)
2025-05-19 17:11:54 - jugador - [DEBUG] - [JUGADOR_0] Pos flotante (post-límites): (741.0000, 300.0000)
2025-05-19 17:11:54 - jugador - [DEBUG] - [JUGADOR_0] Sin mov. para CH (delta_int fue 0). HB: (741, 300), PosFlotante: (741.0000, 300.0000)
2025-05-19 17:11:54 - jugador - [DEBUG] - [JUGADOR_0] Delta flotante intentado: dx=0.0000, dy=0.0000 (delta_time: 0.0160)
2025-05-19 17:11:54 - jugador - [DEBUG] - [JUGADOR_0] Delta flotante intentado: dx=0.0000, dy=0.0000 (delta_time: 0.0170)
2025-05-19 17:11:54 - jugador - [DEBUG] - [JUGADOR_0] Input teclado procesado: mov_x_input_raw=0, mov_y_input_raw=0
2025-05-19 17:11:54 - jugador - [DEBUG] - [JUGADOR_0] Pos flotante (pre-límites): (741.0000, 300.0000)
2025-05-19 17:11:54 - jugador - [DEBUG] - [JUGADOR_0] Pos flotante (post-límites): (741.0000, 300.0000)
2025-05-19 17:11:54 - jugador - [DEBUG] - [JUGADOR_0] Sin mov. para CH (delta_int fue 0). HB: (741, 300), PosFlotante: (741.0000, 300.0000)
2025-05-19 17:11:54 - jugador - [DEBUG] - [JUGADOR_0] Delta flotante intentado: dx=0.0000, dy=0.0000 (delta_time: 0.0160)
2025-05-19 17:11:54 - jugador - [DEBUG] - [JUGADOR_0] Delta flotante intentado: dx=0.0000, dy=0.0000 (delta_time: 0.0170)
2025-05-19 17:11:54 - jugador - [DEBUG] - [JUGADOR_0] Input teclado procesado: mov_x_input_raw=0, mov_y_input_raw=0
2025-05-19 17:11:54 - jugador - [DEBUG] - [JUGADOR_0] Pos flotante (pre-límites): (741.0000, 300.0000)
2025-05-19 17:11:54 - jugador - [DEBUG] - [JUGADOR_0] Pos flotante (post-límites): (741.0000, 300.0000)
2025-05-19 17:11:54 - jugador - [DEBUG] - [JUGADOR_0] Sin mov. para CH (delta_int fue 0). HB: (741, 300), PosFlotante: (741.0000, 300.0000)
2025-05-19 17:11:54 - jugador - [DEBUG] - [JUGADOR_0] Delta flotante intentado: dx=0.0000, dy=0.0000 (delta_time: 0.0160)
2025-05-19 17:11:54 - jugador - [DEBUG] - [JUGADOR_0] Input teclado procesado: mov_x_input_raw=0, mov_y_input_raw=0
2025-05-19 17:11:54 - jugador - [DEBUG] - [JUGADOR_0] Delta flotante intentado: dx=0.0000, dy=0.0000 (delta_time: 0.0170)
2025-05-19 17:11:54 - jugador - [DEBUG] - [JUGADOR_0] Pos flotante (pre-límites): (741.0000, 300.0000)
2025-05-19 17:11:54 - jugador - [DEBUG] - [JUGADOR_0] Pos flotante (post-límites): (741.0000, 300.0000)
2025-05-19 17:11:54 - jugador - [DEBUG] - [JUGADOR_0] Sin mov. para CH (delta_int fue 0). HB: (741, 300), PosFlotante: (741.0000, 300.0000)
2025-05-19 17:11:54 - jugador - [DEBUG] - [JUGADOR_0] Delta flotante intentado: dx=0.0000, dy=0.0000 (delta_time: 0.0160)
2025-05-19 17:11:54 - jugador - [DEBUG] - [JUGADOR_0] Input teclado procesado: mov_x_input_raw=0, mov_y_input_raw=0
2025-05-19 17:11:54 - jugador - [DEBUG] - [JUGADOR_0] Delta flotante intentado: dx=0.0000, dy=0.0000 (delta_time: 0.0170)
2025-05-19 17:11:54 - jugador - [DEBUG] - [JUGADOR_0] Pos flotante (pre-límites): (741.0000, 300.0000)
2025-05-19 17:11:54 - jugador - [DEBUG] - [JUGADOR_0] Pos flotante (post-límites): (741.0000, 300.0000)
2025-05-19 17:11:54 - jugador - [DEBUG] - [JUGADOR_0] Sin mov. para CH (delta_int fue 0). HB: (741, 300), PosFlotante: (741.0000, 300.0000)
2025-05-19 17:11:54 - jugador - [DEBUG] - [JUGADOR_0] Input teclado procesado: mov_x_input_raw=0, mov_y_input_raw=0
2025-05-19 17:11:54 - jugador - [DEBUG] - [JUGADOR_0] Delta flotante intentado: dx=0.0000, dy=0.0000 (delta_time: 0.0170)
2025-05-19 17:11:54 - jugador - [DEBUG] - [JUGADOR_0] Pos flotante (pre-límites): (741.0000, 300.0000)
2025-05-19 17:11:54 - jugador - [DEBUG] - [JUGADOR_0] Pos flotante (post-límites): (741.0000, 300.0000)
2025-05-19 17:11:54 - jugador - [DEBUG] - [JUGADOR_0] Sin mov. para CH (delta_int fue 0). HB: (741, 300), PosFlotante: (741.0000, 300.0000)
2025-05-19 17:11:54 - jugador - [DEBUG] - [JUGADOR_0] Delta flotante intentado: dx=0.0000, dy=0.0000 (delta_time: 0.0160)
2025-05-19 17:11:54 - jugador - [INFO] - [JUGADOR_0] ATAQUE INICIADO (Cooldown: 700.0ms). Perfil: 'espada_predeterminada'
2025-05-19 17:11:54 - jugador - [DEBUG] - [JUGADOR_0] Hitbox ataque: <rect(701, 277, 54, 69)>, Dir: (-1.00, 0.00)
2025-05-19 17:11:54 - jugador - [INFO] - [JUGADOR_0] GOLPEÓ a [Enemigo_1] con perfil 'espada_predeterminada'. Daño: 5.0
2025-05-19 17:11:54 - jugador - [INFO] - [JUGADOR_0] GOLPEÓ a [Enemigo_2] con perfil 'espada_predeterminada'. Daño: 5.0
2025-05-19 17:11:54 - jugador - [DEBUG] - [JUGADOR_0] Input teclado procesado: mov_x_input_raw=0, mov_y_input_raw=0
2025-05-19 17:11:54 - jugador - [DEBUG] - [JUGADOR_0] Delta flotante intentado: dx=0.0000, dy=0.0000 (delta_time: 0.0170)
2025-05-19 17:11:54 - jugador - [DEBUG] - [JUGADOR_0] Pos flotante (pre-límites): (741.0000, 300.0000)
2025-05-19 17:11:54 - jugador - [DEBUG] - [JUGADOR_0] Pos flotante (post-límites): (741.0000, 300.0000)
2025-05-19 17:11:54 - jugador - [DEBUG] - [JUGADOR_0] Sin mov. para CH (delta_int fue 0). HB: (741, 300), PosFlotante: (741.0000, 300.0000)
2025-05-19 17:11:54 - jugador - [DEBUG] - [JUGADOR_0] Delta flotante intentado: dx=0.0000, dy=0.0000 (delta_time: 0.0160)
2025-05-19 17:11:54 - jugador - [DEBUG] - [JUGADOR_0] Hitbox ataque: <rect(701, 277, 54, 69)>, Dir: (-1.00, 0.00)
2025-05-19 17:11:54 - jugador - [DEBUG] - [JUGADOR_0] Input teclado procesado: mov_x_input_raw=0, mov_y_input_raw=0
2025-05-19 17:11:54 - jugador - [DEBUG] - [JUGADOR_0] Delta flotante intentado: dx=0.0000, dy=0.0000 (delta_time: 0.0170)
2025-05-19 17:11:54 - jugador - [DEBUG] - [JUGADOR_0] Pos flotante (pre-límites): (741.0000, 300.0000)
2025-05-19 17:11:54 - jugador - [DEBUG] - [JUGADOR_0] Pos flotante (post-límites): (741.0000, 300.0000)
2025-05-19 17:11:54 - jugador - [DEBUG] - [JUGADOR_0] Sin mov. para CH (delta_int fue 0). HB: (741, 300), PosFlotante: (741.0000, 300.0000)
2025-05-19 17:11:54 - jugador - [DEBUG] - [JUGADOR_0] Delta flotante intentado: dx=0.0000, dy=0.0000 (delta_time: 0.0180)
2025-05-19 17:11:54 - jugador - [DEBUG] - [JUGADOR_0] Hitbox ataque: <rect(701, 277, 54, 69)>, Dir: (-1.00, 0.00)
2025-05-19 17:11:54 - jugador - [DEBUG] - [JUGADOR_0] Input teclado procesado: mov_x_input_raw=0, mov_y_input_raw=0
2025-05-19 17:11:54 - jugador - [DEBUG] - [JUGADOR_0] Delta flotante intentado: dx=0.0000, dy=0.0000 (delta_time: 0.0170)
2025-05-19 17:11:54 - jugador - [DEBUG] - [JUGADOR_0] Pos flotante (pre-límites): (741.0000, 300.0000)
2025-05-19 17:11:54 - jugador - [DEBUG] - [JUGADOR_0] Pos flotante (post-límites): (741.0000, 300.0000)
2025-05-19 17:11:54 - jugador - [DEBUG] - [JUGADOR_0] Sin mov. para CH (delta_int fue 0). HB: (741, 300), PosFlotante: (741.0000, 300.0000)
2025-05-19 17:11:54 - jugador - [DEBUG] - [JUGADOR_0] Hitbox ataque: <rect(701, 277, 54, 69)>, Dir: (-1.00, 0.00)
2025-05-19 17:11:54 - jugador - [DEBUG] - [JUGADOR_0] Input teclado procesado: mov_x_input_raw=0, mov_y_input_raw=0
2025-05-19 17:11:54 - jugador - [DEBUG] - [JUGADOR_0] Delta flotante intentado: dx=0.0000, dy=0.0000 (delta_time: 0.0170)
2025-05-19 17:11:54 - jugador - [DEBUG] - [JUGADOR_0] Pos flotante (pre-límites): (741.0000, 300.0000)
2025-05-19 17:11:54 - jugador - [DEBUG] - [JUGADOR_0] Pos flotante (post-límites): (741.0000, 300.0000)
2025-05-19 17:11:54 - jugador - [DEBUG] - [JUGADOR_0] Sin mov. para CH (delta_int fue 0). HB: (741, 300), PosFlotante: (741.0000, 300.0000)
2025-05-19 17:11:54 - jugador - [DEBUG] - [JUGADOR_0] Delta flotante intentado: dx=0.0000, dy=0.0000 (delta_time: 0.0160)
2025-05-19 17:11:54 - jugador - [DEBUG] - [JUGADOR_0] Input teclado procesado: mov_x_input_raw=0, mov_y_input_raw=0
2025-05-19 17:11:54 - jugador - [DEBUG] - [JUGADOR_0] Delta flotante intentado: dx=0.0000, dy=0.0000 (delta_time: 0.0170)
2025-05-19 17:11:54 - jugador - [DEBUG] - [JUGADOR_0] Pos flotante (pre-límites): (741.0000, 300.0000)
2025-05-19 17:11:54 - jugador - [DEBUG] - [JUGADOR_0] Pos flotante (post-límites): (741.0000, 300.0000)
2025-05-19 17:11:54 - jugador - [DEBUG] - [JUGADOR_0] Sin mov. para CH (delta_int fue 0). HB: (741, 300), PosFlotante: (741.0000, 300.0000)
2025-05-19 17:11:54 - jugador - [DEBUG] - [JUGADOR_0] Hitbox ataque: <rect(701, 277, 54, 69)>, Dir: (-1.00, 0.00)
2025-05-19 17:11:54 - jugador - [DEBUG] - [JUGADOR_0] Delta flotante intentado: dx=0.0000, dy=0.0000 (delta_time: 0.0160)
2025-05-19 17:11:54 - jugador - [DEBUG] - [JUGADOR_0] ATAQUE FINALIZADO (Duración: 260ms). Enemigos golpeados: 2
2025-05-19 17:11:54 - jugador - [DEBUG] - [JUGADOR_0] Input teclado procesado: mov_x_input_raw=0, mov_y_input_raw=0
2025-05-19 17:11:54 - jugador - [DEBUG] - [JUGADOR_0] Delta flotante intentado: dx=0.0000, dy=0.0000 (delta_time: 0.0170)
2025-05-19 17:11:54 - jugador - [DEBUG] - [JUGADOR_0] Pos flotante (pre-límites): (741.0000, 300.0000)
2025-05-19 17:11:54 - jugador - [DEBUG] - [JUGADOR_0] Pos flotante (post-límites): (741.0000, 300.0000)
2025-05-19 17:11:54 - jugador - [DEBUG] - [JUGADOR_0] Sin mov. para CH (delta_int fue 0). HB: (741, 300), PosFlotante: (741.0000, 300.0000)
2025-05-19 17:11:54 - jugador - [DEBUG] - [JUGADOR_0] Delta flotante intentado: dx=0.0000, dy=0.0000 (delta_time: 0.0160)
2025-05-19 17:11:54 - jugador - [DEBUG] - [JUGADOR_0] Input teclado procesado: mov_x_input_raw=0, mov_y_input_raw=0
2025-05-19 17:11:54 - jugador - [DEBUG] - [JUGADOR_0] Delta flotante intentado: dx=0.0000, dy=0.0000 (delta_time: 0.0170)
2025-05-19 17:11:54 - jugador - [DEBUG] - [JUGADOR_0] Pos flotante (pre-límites): (741.0000, 300.0000)
2025-05-19 17:11:54 - jugador - [DEBUG] - [JUGADOR_0] Pos flotante (post-límites): (741.0000, 300.0000)
2025-05-19 17:11:54 - jugador - [DEBUG] - [JUGADOR_0] Sin mov. para CH (delta_int fue 0). HB: (741, 300), PosFlotante: (741.0000, 300.0000)
2025-05-19 17:11:54 - jugador - [DEBUG] - [JUGADOR_0] Delta flotante intentado: dx=0.0000, dy=0.0000 (delta_time: 0.0160)
2025-05-19 17:11:54 - jugador - [DEBUG] - [JUGADOR_0] Input teclado procesado: mov_x_input_raw=0, mov_y_input_raw=0
2025-05-19 17:11:54 - jugador - [DEBUG] - [JUGADOR_0] Pos flotante (pre-límites): (741.0000, 300.0000)
2025-05-19 17:11:54 - jugador - [DEBUG] - [JUGADOR_0] Pos flotante (post-límites): (741.0000, 300.0000)
2025-05-19 17:11:54 - jugador - [DEBUG] - [JUGADOR_0] Sin mov. para CH (delta_int fue 0). HB: (741, 300), PosFlotante: (741.0000, 300.0000)
2025-05-19 17:11:54 - jugador - [DEBUG] - [JUGADOR_0] Delta flotante intentado: dx=0.0000, dy=0.0000 (delta_time: 0.0170)
2025-05-19 17:11:54 - jugador - [DEBUG] - [JUGADOR_0] Input teclado procesado: mov_x_input_raw=0, mov_y_input_raw=0
2025-05-19 17:11:54 - jugador - [DEBUG] - [JUGADOR_0] Delta flotante intentado: dx=0.0000, dy=0.0000 (delta_time: 0.0160)
2025-05-19 17:11:54 - jugador - [DEBUG] - [JUGADOR_0] Pos flotante (pre-límites): (741.0000, 300.0000)
2025-05-19 17:11:54 - jugador - [DEBUG] - [JUGADOR_0] Pos flotante (post-límites): (741.0000, 300.0000)
2025-05-19 17:11:54 - jugador - [DEBUG] - [JUGADOR_0] Sin mov. para CH (delta_int fue 0). HB: (741, 300), PosFlotante: (741.0000, 300.0000)
2025-05-19 17:11:55 - jugador - [DEBUG] - [JUGADOR_0] Input teclado procesado: mov_x_input_raw=0, mov_y_input_raw=0
2025-05-19 17:11:55 - jugador - [DEBUG] - [JUGADOR_0] Delta flotante intentado: dx=0.0000, dy=0.0000 (delta_time: 0.0160)
2025-05-19 17:11:55 - jugador - [DEBUG] - [JUGADOR_0] Pos flotante (pre-límites): (741.0000, 300.0000)
2025-05-19 17:11:55 - jugador - [DEBUG] - [JUGADOR_0] Pos flotante (post-límites): (741.0000, 300.0000)
2025-05-19 17:11:55 - jugador - [DEBUG] - [JUGADOR_0] Sin mov. para CH (delta_int fue 0). HB: (741, 300), PosFlotante: (741.0000, 300.0000)
2025-05-19 17:11:55 - jugador - [DEBUG] - [JUGADOR_0] Delta flotante intentado: dx=0.0000, dy=0.0000 (delta_time: 0.0170)
2025-05-19 17:11:55 - jugador - [DEBUG] - [JUGADOR_0] Input teclado procesado: mov_x_input_raw=0, mov_y_input_raw=0
2025-05-19 17:11:55 - jugador - [DEBUG] - [JUGADOR_0] Pos flotante (pre-límites): (741.0000, 300.0000)
2025-05-19 17:11:55 - jugador - [DEBUG] - [JUGADOR_0] Pos flotante (post-límites): (741.0000, 300.0000)
2025-05-19 17:11:55 - jugador - [DEBUG] - [JUGADOR_0] Sin mov. para CH (delta_int fue 0). HB: (741, 300), PosFlotante: (741.0000, 300.0000)
2025-05-19 17:11:55 - jugador - [DEBUG] - [JUGADOR_0] Delta flotante intentado: dx=0.0000, dy=0.0000 (delta_time: 0.0160)
2025-05-19 17:11:55 - jugador - [DEBUG] - [JUGADOR_0] Input teclado procesado: mov_x_input_raw=0, mov_y_input_raw=0
2025-05-19 17:11:55 - jugador - [DEBUG] - [JUGADOR_0] Delta flotante intentado: dx=0.0000, dy=0.0000 (delta_time: 0.0170)
2025-05-19 17:11:55 - jugador - [DEBUG] - [JUGADOR_0] Pos flotante (pre-límites): (741.0000, 300.0000)
2025-05-19 17:11:55 - jugador - [DEBUG] - [JUGADOR_0] Pos flotante (post-límites): (741.0000, 300.0000)
2025-05-19 17:11:55 - jugador - [DEBUG] - [JUGADOR_0] Sin mov. para CH (delta_int fue 0). HB: (741, 300), PosFlotante: (741.0000, 300.0000)
2025-05-19 17:11:55 - jugador - [DEBUG] - [JUGADOR_0] Delta flotante intentado: dx=0.0000, dy=0.0000 (delta_time: 0.0160)
2025-05-19 17:11:55 - jugador - [DEBUG] - [JUGADOR_0] Input teclado procesado: mov_x_input_raw=0, mov_y_input_raw=0
2025-05-19 17:11:55 - jugador - [DEBUG] - [JUGADOR_0] Pos flotante (pre-límites): (741.0000, 300.0000)
2025-05-19 17:11:55 - jugador - [DEBUG] - [JUGADOR_0] Pos flotante (post-límites): (741.0000, 300.0000)
2025-05-19 17:11:55 - jugador - [DEBUG] - [JUGADOR_0] Sin mov. para CH (delta_int fue 0). HB: (741, 300), PosFlotante: (741.0000, 300.0000)
2025-05-19 17:11:55 - jugador - [DEBUG] - [JUGADOR_0] Delta flotante intentado: dx=0.0000, dy=0.0000 (delta_time: 0.0160)
2025-05-19 17:11:55 - jugador - [DEBUG] - [JUGADOR_0] Input teclado procesado: mov_x_input_raw=0, mov_y_input_raw=0
2025-05-19 17:11:55 - jugador - [DEBUG] - [JUGADOR_0] Pos flotante (pre-límites): (741.0000, 300.0000)
2025-05-19 17:11:55 - jugador - [DEBUG] - [JUGADOR_0] Pos flotante (post-límites): (741.0000, 300.0000)
2025-05-19 17:11:55 - jugador - [DEBUG] - [JUGADOR_0] Sin mov. para CH (delta_int fue 0). HB: (741, 300), PosFlotante: (741.0000, 300.0000)
2025-05-19 17:11:55 - jugador - [DEBUG] - [JUGADOR_0] Delta flotante intentado: dx=0.0000, dy=0.0000 (delta_time: 0.0160)
2025-05-19 17:11:55 - jugador - [DEBUG] - [JUGADOR_0] Input teclado procesado: mov_x_input_raw=0, mov_y_input_raw=0
2025-05-19 17:11:55 - jugador - [DEBUG] - [JUGADOR_0] Pos flotante (pre-límites): (741.0000, 300.0000)
2025-05-19 17:11:55 - jugador - [DEBUG] - [JUGADOR_0] Pos flotante (post-límites): (741.0000, 300.0000)
2025-05-19 17:11:55 - jugador - [DEBUG] - [JUGADOR_0] Sin mov. para CH (delta_int fue 0). HB: (741, 300), PosFlotante: (741.0000, 300.0000)
2025-05-19 17:11:55 - jugador - [DEBUG] - [JUGADOR_0] Delta flotante intentado: dx=0.0000, dy=0.0000 (delta_time: 0.0170)
2025-05-19 17:11:55 - jugador - [DEBUG] - [JUGADOR_0] Delta flotante intentado: dx=0.0000, dy=0.0000 (delta_time: 0.0160)
2025-05-19 17:11:55 - jugador - [DEBUG] - [JUGADOR_0] Input teclado procesado: mov_x_input_raw=0, mov_y_input_raw=0
2025-05-19 17:11:55 - jugador - [DEBUG] - [JUGADOR_0] Pos flotante (pre-límites): (741.0000, 300.0000)
2025-05-19 17:11:55 - jugador - [DEBUG] - [JUGADOR_0] Pos flotante (post-límites): (741.0000, 300.0000)
2025-05-19 17:11:55 - jugador - [DEBUG] - [JUGADOR_0] Sin mov. para CH (delta_int fue 0). HB: (741, 300), PosFlotante: (741.0000, 300.0000)
2025-05-19 17:11:55 - jugador - [DEBUG] - [JUGADOR_0] Delta flotante intentado: dx=0.0000, dy=0.0000 (delta_time: 0.0170)
2025-05-19 17:11:55 - jugador - [DEBUG] - [JUGADOR_0] Delta flotante intentado: dx=0.0000, dy=0.0000 (delta_time: 0.0160)
2025-05-19 17:11:55 - jugador - [DEBUG] - [JUGADOR_0] Input teclado procesado: mov_x_input_raw=0, mov_y_input_raw=0
2025-05-19 17:11:55 - jugador - [DEBUG] - [JUGADOR_0] Pos flotante (pre-límites): (741.0000, 300.0000)
2025-05-19 17:11:55 - jugador - [DEBUG] - [JUGADOR_0] Pos flotante (post-límites): (741.0000, 300.0000)
2025-05-19 17:11:55 - jugador - [DEBUG] - [JUGADOR_0] Sin mov. para CH (delta_int fue 0). HB: (741, 300), PosFlotante: (741.0000, 300.0000)
2025-05-19 17:11:55 - jugador - [DEBUG] - [JUGADOR_0] Delta flotante intentado: dx=0.0000, dy=0.0000 (delta_time: 0.0160)
2025-05-19 17:11:55 - jugador - [DEBUG] - [JUGADOR_0] Input teclado procesado: mov_x_input_raw=0, mov_y_input_raw=0
2025-05-19 17:11:55 - jugador - [DEBUG] - [JUGADOR_0] Pos flotante (pre-límites): (741.0000, 300.0000)
2025-05-19 17:11:55 - jugador - [DEBUG] - [JUGADOR_0] Pos flotante (post-límites): (741.0000, 300.0000)
2025-05-19 17:11:55 - jugador - [DEBUG] - [JUGADOR_0] Sin mov. para CH (delta_int fue 0). HB: (741, 300), PosFlotante: (741.0000, 300.0000)
2025-05-19 17:11:55 - jugador - [INFO] - [JUGADOR_0] ATAQUE INICIADO (Cooldown: 700.0ms). Perfil: 'espada_predeterminada'
2025-05-19 17:11:55 - jugador - [DEBUG] - [JUGADOR_0] Delta flotante intentado: dx=0.0000, dy=0.0000 (delta_time: 0.0170)
2025-05-19 17:11:55 - jugador - [DEBUG] - [JUGADOR_0] Hitbox ataque: <rect(701, 277, 54, 69)>, Dir: (-1.00, 0.00)
2025-05-19 17:11:55 - jugador - [INFO] - [JUGADOR_0] GOLPEÓ a [Enemigo_1] con perfil 'espada_predeterminada'. Daño: 5.0
2025-05-19 17:11:55 - jugador - [INFO] - [JUGADOR_0] GOLPEÓ a [Enemigo_2] con perfil 'espada_predeterminada'. Daño: 5.0
2025-05-19 17:11:55 - jugador - [DEBUG] - [JUGADOR_0] Delta flotante intentado: dx=0.0000, dy=0.0000 (delta_time: 0.0160)
2025-05-19 17:11:55 - jugador - [DEBUG] - [JUGADOR_0] Input teclado procesado: mov_x_input_raw=0, mov_y_input_raw=0
2025-05-19 17:11:55 - jugador - [DEBUG] - [JUGADOR_0] Pos flotante (pre-límites): (741.0000, 300.0000)
2025-05-19 17:11:55 - jugador - [DEBUG] - [JUGADOR_0] Pos flotante (post-límites): (741.0000, 300.0000)
2025-05-19 17:11:55 - jugador - [DEBUG] - [JUGADOR_0] Sin mov. para CH (delta_int fue 0). HB: (741, 300), PosFlotante: (741.0000, 300.0000)
2025-05-19 17:11:55 - jugador - [DEBUG] - [JUGADOR_0] Hitbox ataque: <rect(701, 277, 54, 69)>, Dir: (-1.00, 0.00)
2025-05-19 17:11:55 - jugador - [DEBUG] - [JUGADOR_0] Delta flotante intentado: dx=0.0000, dy=0.0000 (delta_time: 0.0160)
2025-05-19 17:11:55 - jugador - [DEBUG] - [JUGADOR_0] Input teclado procesado: mov_x_input_raw=0, mov_y_input_raw=0
2025-05-19 17:11:55 - jugador - [DEBUG] - [JUGADOR_0] Pos flotante (pre-límites): (741.0000, 300.0000)
2025-05-19 17:11:55 - jugador - [DEBUG] - [JUGADOR_0] Pos flotante (post-límites): (741.0000, 300.0000)
2025-05-19 17:11:55 - jugador - [DEBUG] - [JUGADOR_0] Sin mov. para CH (delta_int fue 0). HB: (741, 300), PosFlotante: (741.0000, 300.0000)
2025-05-19 17:11:55 - jugador - [DEBUG] - [JUGADOR_0] Hitbox ataque: <rect(701, 277, 54, 69)>, Dir: (-1.00, 0.00)
2025-05-19 17:11:55 - jugador - [DEBUG] - [JUGADOR_0] Delta flotante intentado: dx=0.0000, dy=0.0000 (delta_time: 0.0170)
2025-05-19 17:11:55 - jugador - [DEBUG] - [JUGADOR_0] Input teclado procesado: mov_x_input_raw=0, mov_y_input_raw=0
2025-05-19 17:11:55 - jugador - [DEBUG] - [JUGADOR_0] Pos flotante (pre-límites): (741.0000, 300.0000)
2025-05-19 17:11:55 - jugador - [DEBUG] - [JUGADOR_0] Pos flotante (post-límites): (741.0000, 300.0000)
2025-05-19 17:11:55 - jugador - [DEBUG] - [JUGADOR_0] Sin mov. para CH (delta_int fue 0). HB: (741, 300), PosFlotante: (741.0000, 300.0000)
2025-05-19 17:11:55 - jugador - [DEBUG] - [JUGADOR_0] Delta flotante intentado: dx=0.0000, dy=0.0000 (delta_time: 0.0160)
2025-05-19 17:11:55 - jugador - [DEBUG] - [JUGADOR_0] Hitbox ataque: <rect(701, 277, 54, 69)>, Dir: (-1.00, 0.00)
2025-05-19 17:11:55 - jugador - [DEBUG] - [JUGADOR_0] Delta flotante intentado: dx=0.0000, dy=0.0000 (delta_time: 0.0170)
2025-05-19 17:11:55 - jugador - [DEBUG] - [JUGADOR_0] Input teclado procesado: mov_x_input_raw=0, mov_y_input_raw=0
2025-05-19 17:11:55 - jugador - [DEBUG] - [JUGADOR_0] Pos flotante (pre-límites): (741.0000, 300.0000)
2025-05-19 17:11:55 - jugador - [DEBUG] - [JUGADOR_0] Pos flotante (post-límites): (741.0000, 300.0000)
2025-05-19 17:11:55 - jugador - [DEBUG] - [JUGADOR_0] Sin mov. para CH (delta_int fue 0). HB: (741, 300), PosFlotante: (741.0000, 300.0000)
2025-05-19 17:11:55 - jugador - [DEBUG] - [JUGADOR_0] Delta flotante intentado: dx=0.0000, dy=0.0000 (delta_time: 0.0160)
2025-05-19 17:11:55 - jugador - [DEBUG] - [JUGADOR_0] Hitbox ataque: <rect(701, 277, 54, 69)>, Dir: (-1.00, 0.00)
2025-05-19 17:11:55 - jugador - [DEBUG] - [JUGADOR_0] ATAQUE FINALIZADO (Duración: 260ms). Enemigos golpeados: 2
2025-05-19 17:11:55 - jugador - [DEBUG] - [JUGADOR_0] Input teclado procesado: mov_x_input_raw=0, mov_y_input_raw=0
2025-05-19 17:11:55 - jugador - [DEBUG] - [JUGADOR_0] Pos flotante (pre-límites): (741.0000, 300.0000)
2025-05-19 17:11:55 - jugador - [DEBUG] - [JUGADOR_0] Pos flotante (post-límites): (741.0000, 300.0000)
2025-05-19 17:11:55 - jugador - [DEBUG] - [JUGADOR_0] Sin mov. para CH (delta_int fue 0). HB: (741, 300), PosFlotante: (741.0000, 300.0000)
2025-05-19 17:11:55 - jugador - [DEBUG] - [JUGADOR_0] Delta flotante intentado: dx=0.0000, dy=0.0000 (delta_time: 0.0160)
2025-05-19 17:11:55 - jugador - [DEBUG] - [JUGADOR_0] Input teclado procesado: mov_x_input_raw=0, mov_y_input_raw=0
2025-05-19 17:11:55 - jugador - [DEBUG] - [JUGADOR_0] Pos flotante (pre-límites): (741.0000, 300.0000)
2025-05-19 17:11:55 - jugador - [DEBUG] - [JUGADOR_0] Pos flotante (post-límites): (741.0000, 300.0000)
2025-05-19 17:11:55 - jugador - [DEBUG] - [JUGADOR_0] Sin mov. para CH (delta_int fue 0). HB: (741, 300), PosFlotante: (741.0000, 300.0000)
2025-05-19 17:11:55 - jugador - [DEBUG] - [JUGADOR_0] Delta flotante intentado: dx=0.0000, dy=0.0000 (delta_time: 0.0160)
2025-05-19 17:11:55 - jugador - [DEBUG] - [JUGADOR_0] Input teclado procesado: mov_x_input_raw=0, mov_y_input_raw=0
2025-05-19 17:11:55 - jugador - [DEBUG] - [JUGADOR_0] Pos flotante (pre-límites): (741.0000, 300.0000)
2025-05-19 17:11:55 - jugador - [DEBUG] - [JUGADOR_0] Pos flotante (post-límites): (741.0000, 300.0000)
2025-05-19 17:11:55 - jugador - [DEBUG] - [JUGADOR_0] Sin mov. para CH (delta_int fue 0). HB: (741, 300), PosFlotante: (741.0000, 300.0000)
2025-05-19 17:11:55 - jugador - [DEBUG] - [JUGADOR_0] Delta flotante intentado: dx=0.0000, dy=0.0000 (delta_time: 0.0160)
2025-05-19 17:11:55 - jugador - [DEBUG] - [JUGADOR_0] Delta flotante intentado: dx=0.0000, dy=0.0000 (delta_time: 0.0170)
2025-05-19 17:11:56 - jugador - [DEBUG] - [JUGADOR_0] Input teclado procesado: mov_x_input_raw=0, mov_y_input_raw=0
2025-05-19 17:11:56 - jugador - [DEBUG] - [JUGADOR_0] Pos flotante (pre-límites): (741.0000, 300.0000)
2025-05-19 17:11:56 - jugador - [DEBUG] - [JUGADOR_0] Pos flotante (post-límites): (741.0000, 300.0000)
2025-05-19 17:11:56 - jugador - [DEBUG] - [JUGADOR_0] Sin mov. para CH (delta_int fue 0). HB: (741, 300), PosFlotante: (741.0000, 300.0000)
2025-05-19 17:11:56 - jugador - [DEBUG] - [JUGADOR_0] Delta flotante intentado: dx=0.0000, dy=0.0000 (delta_time: 0.0160)
2025-05-19 17:11:56 - jugador - [DEBUG] - [JUGADOR_0] Input teclado procesado: mov_x_input_raw=0, mov_y_input_raw=0
2025-05-19 17:11:56 - jugador - [DEBUG] - [JUGADOR_0] Pos flotante (pre-límites): (741.0000, 300.0000)
2025-05-19 17:11:56 - jugador - [DEBUG] - [JUGADOR_0] Pos flotante (post-límites): (741.0000, 300.0000)
2025-05-19 17:11:56 - jugador - [DEBUG] - [JUGADOR_0] Sin mov. para CH (delta_int fue 0). HB: (741, 300), PosFlotante: (741.0000, 300.0000)
2025-05-19 17:11:56 - jugador - [DEBUG] - [JUGADOR_0] Delta flotante intentado: dx=0.0000, dy=0.0000 (delta_time: 0.0160)
2025-05-19 17:11:56 - jugador - [DEBUG] - [JUGADOR_0] Input teclado procesado: mov_x_input_raw=0, mov_y_input_raw=0
2025-05-19 17:11:56 - jugador - [DEBUG] - [JUGADOR_0] Delta flotante intentado: dx=0.0000, dy=0.0000 (delta_time: 0.0170)
2025-05-19 17:11:56 - jugador - [DEBUG] - [JUGADOR_0] Pos flotante (pre-límites): (741.0000, 300.0000)
2025-05-19 17:11:56 - jugador - [DEBUG] - [JUGADOR_0] Pos flotante (post-límites): (741.0000, 300.0000)
2025-05-19 17:11:56 - jugador - [DEBUG] - [JUGADOR_0] Sin mov. para CH (delta_int fue 0). HB: (741, 300), PosFlotante: (741.0000, 300.0000)
2025-05-19 17:11:56 - jugador - [DEBUG] - [JUGADOR_0] Delta flotante intentado: dx=0.0000, dy=0.0000 (delta_time: 0.0160)
2025-05-19 17:11:56 - jugador - [DEBUG] - [JUGADOR_0] Input teclado procesado: mov_x_input_raw=0, mov_y_input_raw=0
2025-05-19 17:11:56 - jugador - [DEBUG] - [JUGADOR_0] Pos flotante (pre-límites): (741.0000, 300.0000)
2025-05-19 17:11:56 - jugador - [DEBUG] - [JUGADOR_0] Pos flotante (post-límites): (741.0000, 300.0000)
2025-05-19 17:11:56 - jugador - [DEBUG] - [JUGADOR_0] Sin mov. para CH (delta_int fue 0). HB: (741, 300), PosFlotante: (741.0000, 300.0000)
2025-05-19 17:11:56 - jugador - [DEBUG] - [JUGADOR_0] Delta flotante intentado: dx=0.0000, dy=0.0000 (delta_time: 0.0160)
2025-05-19 17:11:56 - jugador - [INFO] - [JUGADOR_0] ATAQUE INICIADO (Cooldown: 700.0ms). Perfil: 'espada_predeterminada'
2025-05-19 17:11:56 - jugador - [DEBUG] - [JUGADOR_0] Input teclado procesado: mov_x_input_raw=0, mov_y_input_raw=0
2025-05-19 17:11:56 - jugador - [DEBUG] - [JUGADOR_0] Pos flotante (pre-límites): (741.0000, 300.0000)
2025-05-19 17:11:56 - jugador - [DEBUG] - [JUGADOR_0] Pos flotante (post-límites): (741.0000, 300.0000)
2025-05-19 17:11:56 - jugador - [DEBUG] - [JUGADOR_0] Sin mov. para CH (delta_int fue 0). HB: (741, 300), PosFlotante: (741.0000, 300.0000)
2025-05-19 17:11:56 - jugador - [DEBUG] - [JUGADOR_0] Hitbox ataque: <rect(701, 277, 54, 69)>, Dir: (-1.00, 0.00)
2025-05-19 17:11:56 - jugador - [INFO] - [JUGADOR_0] GOLPEÓ a [Enemigo_1] con perfil 'espada_predeterminada'. Daño: 5.0
2025-05-19 17:11:56 - jugador - [INFO] - [JUGADOR_0] GOLPEÓ a [Enemigo_2] con perfil 'espada_predeterminada'. Daño: 5.0
2025-05-19 17:11:56 - jugador - [DEBUG] - [JUGADOR_0] Delta flotante intentado: dx=0.0000, dy=0.0000 (delta_time: 0.0160)
2025-05-19 17:11:56 - jugador - [DEBUG] - [JUGADOR_0] Input teclado procesado: mov_x_input_raw=0, mov_y_input_raw=0
2025-05-19 17:11:56 - jugador - [DEBUG] - [JUGADOR_0] Delta flotante intentado: dx=0.0000, dy=0.0000 (delta_time: 0.0170)
2025-05-19 17:11:56 - jugador - [DEBUG] - [JUGADOR_0] Pos flotante (pre-límites): (741.0000, 300.0000)
2025-05-19 17:11:56 - jugador - [DEBUG] - [JUGADOR_0] Pos flotante (post-límites): (741.0000, 300.0000)
2025-05-19 17:11:56 - jugador - [DEBUG] - [JUGADOR_0] Sin mov. para CH (delta_int fue 0). HB: (741, 300), PosFlotante: (741.0000, 300.0000)
2025-05-19 17:11:56 - jugador - [DEBUG] - [JUGADOR_0] Hitbox ataque: <rect(701, 277, 54, 69)>, Dir: (-1.00, 0.00)
2025-05-19 17:11:56 - jugador - [DEBUG] - [JUGADOR_0] Delta flotante intentado: dx=0.0000, dy=0.0000 (delta_time: 0.0160)
2025-05-19 17:11:56 - jugador - [DEBUG] - [JUGADOR_0] Input teclado procesado: mov_x_input_raw=0, mov_y_input_raw=0
2025-05-19 17:11:56 - jugador - [DEBUG] - [JUGADOR_0] Pos flotante (pre-límites): (741.0000, 300.0000)
2025-05-19 17:11:56 - jugador - [DEBUG] - [JUGADOR_0] Pos flotante (post-límites): (741.0000, 300.0000)
2025-05-19 17:11:56 - jugador - [DEBUG] - [JUGADOR_0] Sin mov. para CH (delta_int fue 0). HB: (741, 300), PosFlotante: (741.0000, 300.0000)
2025-05-19 17:11:56 - jugador - [DEBUG] - [JUGADOR_0] Hitbox ataque: <rect(701, 277, 54, 69)>, Dir: (-1.00, 0.00)
2025-05-19 17:11:56 - jugador - [DEBUG] - [JUGADOR_0] Delta flotante intentado: dx=0.0000, dy=0.0000 (delta_time: 0.0170)
2025-05-19 17:11:56 - jugador - [DEBUG] - [JUGADOR_0] Delta flotante intentado: dx=0.0000, dy=0.0000 (delta_time: 0.0160)
2025-05-19 17:11:56 - jugador - [DEBUG] - [JUGADOR_0] Input teclado procesado: mov_x_input_raw=0, mov_y_input_raw=0
2025-05-19 17:11:56 - jugador - [DEBUG] - [JUGADOR_0] Pos flotante (pre-límites): (741.0000, 300.0000)
2025-05-19 17:11:56 - jugador - [DEBUG] - [JUGADOR_0] Pos flotante (post-límites): (741.0000, 300.0000)
2025-05-19 17:11:56 - jugador - [DEBUG] - [JUGADOR_0] Sin mov. para CH (delta_int fue 0). HB: (741, 300), PosFlotante: (741.0000, 300.0000)
2025-05-19 17:11:56 - jugador - [DEBUG] - [JUGADOR_0] Hitbox ataque: <rect(701, 277, 54, 69)>, Dir: (-1.00, 0.00)
2025-05-19 17:11:56 - jugador - [DEBUG] - [JUGADOR_0] Delta flotante intentado: dx=0.0000, dy=0.0000 (delta_time: 0.0170)
2025-05-19 17:11:56 - jugador - [DEBUG] - [JUGADOR_0] Delta flotante intentado: dx=0.0000, dy=0.0000 (delta_time: 0.0160)
2025-05-19 17:11:56 - jugador - [DEBUG] - [JUGADOR_0] Input teclado procesado: mov_x_input_raw=0, mov_y_input_raw=0
2025-05-19 17:11:56 - jugador - [DEBUG] - [JUGADOR_0] Pos flotante (pre-límites): (741.0000, 300.0000)
2025-05-19 17:11:56 - jugador - [DEBUG] - [JUGADOR_0] Pos flotante (post-límites): (741.0000, 300.0000)
2025-05-19 17:11:56 - jugador - [DEBUG] - [JUGADOR_0] Sin mov. para CH (delta_int fue 0). HB: (741, 300), PosFlotante: (741.0000, 300.0000)
2025-05-19 17:11:56 - jugador - [DEBUG] - [JUGADOR_0] Hitbox ataque: <rect(701, 277, 54, 69)>, Dir: (-1.00, 0.00)
2025-05-19 17:11:56 - jugador - [DEBUG] - [JUGADOR_0] ATAQUE FINALIZADO (Duración: 260ms). Enemigos golpeados: 2
2025-05-19 17:11:56 - jugador - [DEBUG] - [JUGADOR_0] Delta flotante intentado: dx=0.0000, dy=0.0000 (delta_time: 0.0160)
2025-05-19 17:11:56 - jugador - [DEBUG] - [JUGADOR_0] Delta flotante intentado: dx=0.0000, dy=0.0000 (delta_time: 0.0170)
2025-05-19 17:11:56 - jugador - [DEBUG] - [JUGADOR_0] Input teclado procesado: mov_x_input_raw=0, mov_y_input_raw=0
2025-05-19 17:11:56 - jugador - [DEBUG] - [JUGADOR_0] Pos flotante (pre-límites): (741.0000, 300.0000)
2025-05-19 17:11:56 - jugador - [DEBUG] - [JUGADOR_0] Pos flotante (post-límites): (741.0000, 300.0000)
2025-05-19 17:11:56 - jugador - [DEBUG] - [JUGADOR_0] Sin mov. para CH (delta_int fue 0). HB: (741, 300), PosFlotante: (741.0000, 300.0000)
2025-05-19 17:11:56 - jugador - [DEBUG] - [JUGADOR_0] Delta flotante intentado: dx=0.0000, dy=0.0000 (delta_time: 0.0160)
2025-05-19 17:11:56 - jugador - [DEBUG] - [JUGADOR_0] Delta flotante intentado: dx=0.0000, dy=0.0000 (delta_time: 0.0170)
2025-05-19 17:11:56 - jugador - [DEBUG] - [JUGADOR_0] Input teclado procesado: mov_x_input_raw=0, mov_y_input_raw=0
2025-05-19 17:11:56 - jugador - [DEBUG] - [JUGADOR_0] Pos flotante (pre-límites): (741.0000, 300.0000)
2025-05-19 17:11:56 - jugador - [DEBUG] - [JUGADOR_0] Pos flotante (post-límites): (741.0000, 300.0000)
2025-05-19 17:11:56 - jugador - [DEBUG] - [JUGADOR_0] Sin mov. para CH (delta_int fue 0). HB: (741, 300), PosFlotante: (741.0000, 300.0000)
2025-05-19 17:11:56 - jugador - [DEBUG] - [JUGADOR_0] Delta flotante intentado: dx=0.0000, dy=0.0000 (delta_time: 0.0160)
2025-05-19 17:11:56 - jugador - [DEBUG] - [JUGADOR_0] Delta flotante intentado: dx=0.0000, dy=0.0000 (delta_time: 0.0170)
2025-05-19 17:11:56 - jugador - [DEBUG] - [JUGADOR_0] Input teclado procesado: mov_x_input_raw=0, mov_y_input_raw=0
2025-05-19 17:11:56 - jugador - [DEBUG] - [JUGADOR_0] Pos flotante (pre-límites): (741.0000, 300.0000)
2025-05-19 17:11:56 - jugador - [DEBUG] - [JUGADOR_0] Pos flotante (post-límites): (741.0000, 300.0000)
2025-05-19 17:11:56 - jugador - [DEBUG] - [JUGADOR_0] Sin mov. para CH (delta_int fue 0). HB: (741, 300), PosFlotante: (741.0000, 300.0000)
2025-05-19 17:11:56 - jugador - [DEBUG] - [JUGADOR_0] Delta flotante intentado: dx=0.0000, dy=0.0000 (delta_time: 0.0170)
2025-05-19 17:11:56 - jugador - [DEBUG] - [JUGADOR_0] Input teclado procesado: mov_x_input_raw=0, mov_y_input_raw=0
2025-05-19 17:11:56 - jugador - [DEBUG] - [JUGADOR_0] Delta flotante intentado: dx=0.0000, dy=0.0000 (delta_time: 0.0160)
2025-05-19 17:11:56 - jugador - [DEBUG] - [JUGADOR_0] Pos flotante (pre-límites): (741.0000, 300.0000)
2025-05-19 17:11:56 - jugador - [DEBUG] - [JUGADOR_0] Pos flotante (post-límites): (741.0000, 300.0000)
2025-05-19 17:11:56 - jugador - [DEBUG] - [JUGADOR_0] Sin mov. para CH (delta_int fue 0). HB: (741, 300), PosFlotante: (741.0000, 300.0000)
2025-05-19 17:11:56 - jugador - [DEBUG] - [JUGADOR_0] Input teclado procesado: mov_x_input_raw=0, mov_y_input_raw=0
2025-05-19 17:11:56 - jugador - [DEBUG] - [JUGADOR_0] Delta flotante intentado: dx=0.0000, dy=0.0000 (delta_time: 0.0160)
2025-05-19 17:11:56 - jugador - [DEBUG] - [JUGADOR_0] Pos flotante (pre-límites): (741.0000, 300.0000)
2025-05-19 17:11:56 - jugador - [DEBUG] - [JUGADOR_0] Pos flotante (post-límites): (741.0000, 300.0000)
2025-05-19 17:11:56 - jugador - [DEBUG] - [JUGADOR_0] Sin mov. para CH (delta_int fue 0). HB: (741, 300), PosFlotante: (741.0000, 300.0000)
2025-05-19 17:11:56 - jugador - [DEBUG] - [JUGADOR_0] Input teclado procesado: mov_x_input_raw=0, mov_y_input_raw=0
2025-05-19 17:11:56 - jugador - [DEBUG] - [JUGADOR_0] Delta flotante intentado: dx=0.0000, dy=0.0000 (delta_time: 0.0160)
2025-05-19 17:11:56 - jugador - [DEBUG] - [JUGADOR_0] Pos flotante (pre-límites): (741.0000, 300.0000)
2025-05-19 17:11:56 - jugador - [DEBUG] - [JUGADOR_0] Pos flotante (post-límites): (741.0000, 300.0000)
2025-05-19 17:11:56 - jugador - [DEBUG] - [JUGADOR_0] Sin mov. para CH (delta_int fue 0). HB: (741, 300), PosFlotante: (741.0000, 300.0000)
2025-05-19 17:11:56 - jugador - [DEBUG] - [JUGADOR_0] Delta flotante intentado: dx=0.0000, dy=0.0000 (delta_time: 0.0180)
