2025-05-19 16:56:56 - jugador - [DEBUG] - [JUGADOR_0] Hitbox recalculado a: <rect(404, 306, 24, 22)>
2025-05-19 16:56:56 - jugador - [DEBUG] - [JUGADOR_0] Input teclado procesado: mov_x_input_raw=0, mov_y_input_raw=0
2025-05-19 16:56:56 - jugador - [DEBUG] - [JUGADOR_0] Delta flotante intentado: dx=0.0000, dy=0.0000 (delta_time: 0.0170)
2025-05-19 16:56:56 - jugador - [DEBUG] - [JUGADOR_0] Pos flotante (pre-límites): (404.0000, 306.0000)
2025-05-19 16:56:56 - jugador - [DEBUG] - [JUGADOR_0] Pos flotante (post-límites): (404.0000, 306.0000)
2025-05-19 16:56:56 - jugador - [DEBUG] - [JUGADOR_0] Sin mov. para CH (delta_int fue 0). HB: (404, 306), PosFlotante: (404.0000, 306.0000)
2025-05-19 16:56:56 - jugador - [DEBUG] - [JUGADOR_0] Delta flotante intentado: dx=0.0000, dy=0.0000 (delta_time: 0.0160)
2025-05-19 16:56:56 - jugador - [DEBUG] - [JUGADOR_0] Input teclado procesado: mov_x_input_raw=0, mov_y_input_raw=0
2025-05-19 16:56:56 - jugador - [DEBUG] - [JUGADOR_0] Delta flotante intentado: dx=0.0000, dy=0.0000 (delta_time: 0.0170)
2025-05-19 16:56:56 - jugador - [DEBUG] - [JUGADOR_0] Pos flotante (pre-límites): (404.0000, 306.0000)
2025-05-19 16:56:56 - jugador - [DEBUG] - [JUGADOR_0] Pos flotante (post-límites): (404.0000, 306.0000)
2025-05-19 16:56:56 - jugador - [DEBUG] - [JUGADOR_0] Sin mov. para CH (delta_int fue 0). HB: (404, 306), PosFlotante: (404.0000, 306.0000)
2025-05-19 16:56:56 - jugador - [DEBUG] - [JUGADOR_0] Delta flotante intentado: dx=0.0000, dy=0.0000 (delta_time: 0.0160)
2025-05-19 16:56:56 - jugador - [DEBUG] - [JUGADOR_0] Input teclado procesado: mov_x_input_raw=0, mov_y_input_raw=0
2025-05-19 16:56:56 - jugador - [DEBUG] - [JUGADOR_0] Pos flotante (pre-límites): (404.0000, 306.0000)
2025-05-19 16:56:56 - jugador - [DEBUG] - [JUGADOR_0] Pos flotante (post-límites): (404.0000, 306.0000)
2025-05-19 16:56:56 - jugador - [DEBUG] - [JUGADOR_0] Sin mov. para CH (delta_int fue 0). HB: (404, 306), PosFlotante: (404.0000, 306.0000)
2025-05-19 16:56:56 - jugador - [DEBUG] - [JUGADOR_0] Delta flotante intentado: dx=0.0000, dy=0.0000 (delta_time: 0.0170)
2025-05-19 16:56:56 - jugador - [DEBUG] - [JUGADOR_0] Delta flotante intentado: dx=0.0000, dy=0.0000 (delta_time: 0.0160)
2025-05-19 16:56:56 - jugador - [DEBUG] - [JUGADOR_0] Input teclado procesado: mov_x_input_raw=0, mov_y_input_raw=0
2025-05-19 16:56:56 - jugador - [DEBUG] - [JUGADOR_0] Pos flotante (pre-límites): (404.0000, 306.0000)
2025-05-19 16:56:56 - jugador - [DEBUG] - [JUGADOR_0] Pos flotante (post-límites): (404.0000, 306.0000)
2025-05-19 16:56:56 - jugador - [DEBUG] - [JUGADOR_0] Sin mov. para CH (delta_int fue 0). HB: (404, 306), PosFlotante: (404.0000, 306.0000)
2025-05-19 16:56:56 - jugador - [DEBUG] - [JUGADOR_0] Delta flotante intentado: dx=0.0000, dy=0.0000 (delta_time: 0.0170)
2025-05-19 16:56:56 - jugador - [DEBUG] - [JUGADOR_0] Delta flotante intentado: dx=0.0000, dy=0.0000 (delta_time: 0.0160)
2025-05-19 16:56:56 - jugador - [DEBUG] - [JUGADOR_0] Input teclado procesado: mov_x_input_raw=0, mov_y_input_raw=0
2025-05-19 16:56:56 - jugador - [DEBUG] - [JUGADOR_0] Pos flotante (pre-límites): (404.0000, 306.0000)
2025-05-19 16:56:56 - jugador - [DEBUG] - [JUGADOR_0] Pos flotante (post-límites): (404.0000, 306.0000)
2025-05-19 16:56:56 - jugador - [DEBUG] - [JUGADOR_0] Sin mov. para CH (delta_int fue 0). HB: (404, 306), PosFlotante: (404.0000, 306.0000)
2025-05-19 16:56:56 - jugador - [DEBUG] - [JUGADOR_0] Delta flotante intentado: dx=0.0000, dy=0.0000 (delta_time: 0.0170)
2025-05-19 16:56:57 - jugador - [DEBUG] - [JUGADOR_0] Input teclado procesado: mov_x_input_raw=0, mov_y_input_raw=0
2025-05-19 16:56:57 - jugador - [DEBUG] - [JUGADOR_0] Pos flotante (pre-límites): (404.0000, 306.0000)
2025-05-19 16:56:57 - jugador - [DEBUG] - [JUGADOR_0] Pos flotante (post-límites): (404.0000, 306.0000)
2025-05-19 16:56:57 - jugador - [DEBUG] - [JUGADOR_0] Sin mov. para CH (delta_int fue 0). HB: (404, 306), PosFlotante: (404.0000, 306.0000)
2025-05-19 16:56:57 - jugador - [DEBUG] - [JUGADOR_0] Delta flotante intentado: dx=0.0000, dy=0.0000 (delta_time: 0.0160)
2025-05-19 16:56:57 - jugador - [DEBUG] - [JUGADOR_0] Delta flotante intentado: dx=0.0000, dy=0.0000 (delta_time: 0.0170)
2025-05-19 16:56:57 - jugador - [DEBUG] - [JUGADOR_0] Input teclado procesado: mov_x_input_raw=0, mov_y_input_raw=0
2025-05-19 16:56:57 - jugador - [DEBUG] - [JUGADOR_0] Pos flotante (pre-límites): (404.0000, 306.0000)
2025-05-19 16:56:57 - jugador - [DEBUG] - [JUGADOR_0] Pos flotante (post-límites): (404.0000, 306.0000)
2025-05-19 16:56:57 - jugador - [DEBUG] - [JUGADOR_0] Sin mov. para CH (delta_int fue 0). HB: (404, 306), PosFlotante: (404.0000, 306.0000)
2025-05-19 16:56:57 - jugador - [DEBUG] - [JUGADOR_0] Delta flotante intentado: dx=0.0000, dy=0.0000 (delta_time: 0.0160)
2025-05-19 16:56:57 - jugador - [DEBUG] - [JUGADOR_0] Delta flotante intentado: dx=0.0000, dy=0.0000 (delta_time: 0.0170)
2025-05-19 16:56:57 - jugador - [DEBUG] - [JUGADOR_0] Input teclado procesado: mov_x_input_raw=0, mov_y_input_raw=0
2025-05-19 16:56:57 - jugador - [DEBUG] - [JUGADOR_0] Pos flotante (pre-límites): (404.0000, 306.0000)
2025-05-19 16:56:57 - jugador - [DEBUG] - [JUGADOR_0] Pos flotante (post-límites): (404.0000, 306.0000)
2025-05-19 16:56:57 - jugador - [DEBUG] - [JUGADOR_0] Sin mov. para CH (delta_int fue 0). HB: (404, 306), PosFlotante: (404.0000, 306.0000)
2025-05-19 16:56:57 - jugador - [DEBUG] - [JUGADOR_0] Delta flotante intentado: dx=0.0000, dy=0.0000 (delta_time: 0.0160)
2025-05-19 16:56:57 - jugador - [DEBUG] - [JUGADOR_0] Delta flotante intentado: dx=0.0000, dy=0.0000 (delta_time: 0.0170)
2025-05-19 16:56:57 - jugador - [DEBUG] - [JUGADOR_0] Input teclado procesado: mov_x_input_raw=0, mov_y_input_raw=0
2025-05-19 16:56:57 - jugador - [DEBUG] - [JUGADOR_0] Delta flotante intentado: dx=0.0000, dy=0.0000 (delta_time: 0.0160)
2025-05-19 16:56:57 - jugador - [DEBUG] - [JUGADOR_0] Pos flotante (pre-límites): (404.0000, 306.0000)
2025-05-19 16:56:57 - jugador - [DEBUG] - [JUGADOR_0] Pos flotante (post-límites): (404.0000, 306.0000)
2025-05-19 16:56:57 - jugador - [DEBUG] - [JUGADOR_0] Sin mov. para CH (delta_int fue 0). HB: (404, 306), PosFlotante: (404.0000, 306.0000)
2025-05-19 16:56:57 - jugador - [DEBUG] - [JUGADOR_0] Delta flotante intentado: dx=0.0000, dy=0.0000 (delta_time: 0.0170)
2025-05-19 16:56:57 - jugador - [DEBUG] - [JUGADOR_0] Input teclado procesado: mov_x_input_raw=0, mov_y_input_raw=0
2025-05-19 16:56:57 - jugador - [DEBUG] - [JUGADOR_0] Delta flotante intentado: dx=0.0000, dy=0.0000 (delta_time: 0.0160)
2025-05-19 16:56:57 - jugador - [DEBUG] - [JUGADOR_0] Pos flotante (pre-límites): (404.0000, 306.0000)
2025-05-19 16:56:57 - jugador - [DEBUG] - [JUGADOR_0] Pos flotante (post-límites): (404.0000, 306.0000)
2025-05-19 16:56:57 - jugador - [DEBUG] - [JUGADOR_0] Sin mov. para CH (delta_int fue 0). HB: (404, 306), PosFlotante: (404.0000, 306.0000)
2025-05-19 16:56:57 - jugador - [DEBUG] - [JUGADOR_0] Delta flotante intentado: dx=0.0000, dy=0.0000 (delta_time: 0.0170)
2025-05-19 16:56:57 - jugador - [DEBUG] - [JUGADOR_0] Input teclado procesado: mov_x_input_raw=0, mov_y_input_raw=0
2025-05-19 16:56:57 - jugador - [DEBUG] - [JUGADOR_0] Pos flotante (pre-límites): (404.0000, 306.0000)
2025-05-19 16:56:57 - jugador - [DEBUG] - [JUGADOR_0] Pos flotante (post-límites): (404.0000, 306.0000)
2025-05-19 16:56:57 - jugador - [DEBUG] - [JUGADOR_0] Sin mov. para CH (delta_int fue 0). HB: (404, 306), PosFlotante: (404.0000, 306.0000)
2025-05-19 16:56:57 - jugador - [DEBUG] - [JUGADOR_0] Delta flotante intentado: dx=0.0000, dy=0.0000 (delta_time: 0.0170)
2025-05-19 16:56:57 - jugador - [DEBUG] - [JUGADOR_0] Input teclado procesado: mov_x_input_raw=0, mov_y_input_raw=0
2025-05-19 16:56:57 - jugador - [DEBUG] - [JUGADOR_0] Pos flotante (pre-límites): (404.0000, 306.0000)
2025-05-19 16:56:57 - jugador - [DEBUG] - [JUGADOR_0] Pos flotante (post-límites): (404.0000, 306.0000)
2025-05-19 16:56:57 - jugador - [DEBUG] - [JUGADOR_0] Sin mov. para CH (delta_int fue 0). HB: (404, 306), PosFlotante: (404.0000, 306.0000)
2025-05-19 16:56:57 - jugador - [DEBUG] - [JUGADOR_0] Delta flotante intentado: dx=0.0000, dy=0.0000 (delta_time: 0.0170)
2025-05-19 16:56:57 - jugador - [DEBUG] - [JUGADOR_0] Input teclado procesado: mov_x_input_raw=0, mov_y_input_raw=0
2025-05-19 16:56:57 - jugador - [DEBUG] - [JUGADOR_0] Pos flotante (pre-límites): (404.0000, 306.0000)
2025-05-19 16:56:57 - jugador - [DEBUG] - [JUGADOR_0] Pos flotante (post-límites): (404.0000, 306.0000)
2025-05-19 16:56:57 - jugador - [DEBUG] - [JUGADOR_0] Sin mov. para CH (delta_int fue 0). HB: (404, 306), PosFlotante: (404.0000, 306.0000)
2025-05-19 16:56:57 - jugador - [DEBUG] - [JUGADOR_0] Delta flotante intentado: dx=0.0000, dy=0.0000 (delta_time: 0.0160)
2025-05-19 16:56:57 - jugador - [DEBUG] - [JUGADOR_0] Input teclado procesado: mov_x_input_raw=0, mov_y_input_raw=180
2025-05-19 16:56:57 - jugador - [DEBUG] - [JUGADOR_0] Delta flotante intentado: dx=0.0000, dy=2.8800 (delta_time: 0.0160)
2025-05-19 16:56:57 - jugador - [DEBUG] - [JUGADOR_0] Pos flotante (pre-límites): (404.0000, 308.8800)
2025-05-19 16:56:57 - jugador - [DEBUG] - [JUGADOR_0] Pos flotante (post-límites): (404.0000, 308.8800)
2025-05-19 16:56:57 - jugador - [DEBUG] - [JUGADOR_0] Movimiento para CH: dx_int=0, dy_int=3. HB (antes CH): (404, 306), PosFlotante: (404.0000,308.8800)
2025-05-19 16:56:57 - jugador - [DEBUG] - [JUGADOR_0] Iniciando gestión de colisión con dx=0, dy=3. Hitbox actual: (404, 306)
2025-05-19 16:56:57 - jugador - [DEBUG] - [JUGADOR_0] Posición POST CH: HB: (404, 309), PosFlotante: (404.00, 309.00)
2025-05-19 16:56:57 - jugador - [DEBUG] - [JUGADOR_0] Delta flotante intentado: dx=0.0000, dy=3.0600 (delta_time: 0.0170)
2025-05-19 16:56:57 - jugador - [DEBUG] - [JUGADOR_0] Pos flotante (pre-límites): (404.0000, 312.0600)
2025-05-19 16:56:57 - jugador - [DEBUG] - [JUGADOR_0] Pos flotante (post-límites): (404.0000, 312.0600)
2025-05-19 16:56:57 - jugador - [DEBUG] - [JUGADOR_0] Movimiento para CH: dx_int=0, dy_int=4. HB (antes CH): (404, 309), PosFlotante: (404.0000,312.0600)
2025-05-19 16:56:57 - jugador - [DEBUG] - [JUGADOR_0] Iniciando gestión de colisión con dx=0, dy=4. Hitbox actual: (404, 309)
2025-05-19 16:56:57 - jugador - [DEBUG] - [JUGADOR_0] Posición POST CH: HB: (404, 313), PosFlotante: (404.00, 313.00)
2025-05-19 16:56:57 - jugador - [DEBUG] - [JUGADOR_0] Pos flotante (pre-límites): (404.0000, 315.8800)
2025-05-19 16:56:57 - jugador - [DEBUG] - [JUGADOR_0] Pos flotante (post-límites): (404.0000, 315.8800)
2025-05-19 16:56:57 - jugador - [DEBUG] - [JUGADOR_0] Movimiento para CH: dx_int=0, dy_int=3. HB (antes CH): (404, 313), PosFlotante: (404.0000,315.8800)
2025-05-19 16:56:57 - jugador - [DEBUG] - [JUGADOR_0] Iniciando gestión de colisión con dx=0, dy=3. Hitbox actual: (404, 313)
2025-05-19 16:56:57 - jugador - [DEBUG] - [JUGADOR_0] Posición POST CH: HB: (404, 316), PosFlotante: (404.00, 316.00)
2025-05-19 16:56:57 - jugador - [DEBUG] - [JUGADOR_0] Input teclado procesado: mov_x_input_raw=180, mov_y_input_raw=180
2025-05-19 16:56:57 - jugador - [DEBUG] - [JUGADOR_0] Delta flotante intentado: dx=3.0600, dy=3.0600 (delta_time: 0.0170)
2025-05-19 16:56:57 - jugador - [DEBUG] - [JUGADOR_0] Pos flotante (pre-límites): (407.0600, 319.0600)
2025-05-19 16:56:57 - jugador - [DEBUG] - [JUGADOR_0] Pos flotante (post-límites): (407.0600, 319.0600)
2025-05-19 16:56:57 - jugador - [DEBUG] - [JUGADOR_0] Movimiento para CH: dx_int=4, dy_int=4. HB (antes CH): (404, 316), PosFlotante: (407.0600,319.0600)
2025-05-19 16:56:57 - jugador - [DEBUG] - [JUGADOR_0] Iniciando gestión de colisión con dx=4, dy=4. Hitbox actual: (404, 316)
2025-05-19 16:56:57 - jugador - [DEBUG] - [JUGADOR_0] Posición POST CH: HB: (408, 320), PosFlotante: (408.00, 320.00)
2025-05-19 16:56:57 - jugador - [DEBUG] - [JUGADOR_0] Delta flotante intentado: dx=2.8800, dy=2.8800 (delta_time: 0.0160)
2025-05-19 16:56:57 - jugador - [DEBUG] - [JUGADOR_0] Pos flotante (pre-límites): (410.8800, 322.8800)
2025-05-19 16:56:57 - jugador - [DEBUG] - [JUGADOR_0] Pos flotante (post-límites): (410.8800, 322.8800)
2025-05-19 16:56:57 - jugador - [DEBUG] - [JUGADOR_0] Movimiento para CH: dx_int=3, dy_int=3. HB (antes CH): (408, 320), PosFlotante: (410.8800,322.8800)
2025-05-19 16:56:57 - jugador - [DEBUG] - [JUGADOR_0] Iniciando gestión de colisión con dx=3, dy=3. Hitbox actual: (408, 320)
2025-05-19 16:56:57 - jugador - [DEBUG] - [JUGADOR_0] Posición POST CH: HB: (411, 323), PosFlotante: (411.00, 323.00)
2025-05-19 16:56:57 - jugador - [DEBUG] - [JUGADOR_0] Pos flotante (pre-límites): (413.8800, 325.8800)
2025-05-19 16:56:57 - jugador - [DEBUG] - [JUGADOR_0] Pos flotante (post-límites): (413.8800, 325.8800)
2025-05-19 16:56:57 - jugador - [DEBUG] - [JUGADOR_0] Movimiento para CH: dx_int=3, dy_int=3. HB (antes CH): (411, 323), PosFlotante: (413.8800,325.8800)
2025-05-19 16:56:57 - jugador - [DEBUG] - [JUGADOR_0] Iniciando gestión de colisión con dx=3, dy=3. Hitbox actual: (411, 323)
2025-05-19 16:56:57 - jugador - [DEBUG] - [JUGADOR_0] Posición POST CH: HB: (414, 326), PosFlotante: (414.00, 326.00)
2025-05-19 16:56:57 - jugador - [DEBUG] - [JUGADOR_0] Pos flotante (pre-límites): (416.8800, 328.8800)
2025-05-19 16:56:57 - jugador - [DEBUG] - [JUGADOR_0] Pos flotante (post-límites): (416.8800, 328.8800)
2025-05-19 16:56:57 - jugador - [DEBUG] - [JUGADOR_0] Movimiento para CH: dx_int=3, dy_int=3. HB (antes CH): (414, 326), PosFlotante: (416.8800,328.8800)
2025-05-19 16:56:57 - jugador - [DEBUG] - [JUGADOR_0] Iniciando gestión de colisión con dx=3, dy=3. Hitbox actual: (414, 326)
2025-05-19 16:56:57 - jugador - [DEBUG] - [JUGADOR_0] Posición POST CH: HB: (417, 329), PosFlotante: (417.00, 329.00)
2025-05-19 16:56:57 - jugador - [DEBUG] - [JUGADOR_0] Input teclado procesado: mov_x_input_raw=180, mov_y_input_raw=180
2025-05-19 16:56:57 - jugador - [DEBUG] - [JUGADOR_0] Delta flotante intentado: dx=3.0600, dy=3.0600 (delta_time: 0.0170)
2025-05-19 16:56:57 - jugador - [DEBUG] - [JUGADOR_0] Pos flotante (pre-límites): (420.0600, 332.0600)
2025-05-19 16:56:57 - jugador - [DEBUG] - [JUGADOR_0] Pos flotante (post-límites): (420.0600, 332.0600)
2025-05-19 16:56:57 - jugador - [DEBUG] - [JUGADOR_0] Movimiento para CH: dx_int=4, dy_int=4. HB (antes CH): (417, 329), PosFlotante: (420.0600,332.0600)
2025-05-19 16:56:57 - jugador - [DEBUG] - [JUGADOR_0] Iniciando gestión de colisión con dx=4, dy=4. Hitbox actual: (417, 329)
2025-05-19 16:56:57 - jugador - [DEBUG] - [JUGADOR_0] Posición POST CH: HB: (421, 333), PosFlotante: (421.00, 333.00)
2025-05-19 16:56:57 - jugador - [DEBUG] - [JUGADOR_0] Input teclado procesado: mov_x_input_raw=180, mov_y_input_raw=0
2025-05-19 16:56:57 - jugador - [DEBUG] - [JUGADOR_0] Delta flotante intentado: dx=2.8800, dy=0.0000 (delta_time: 0.0160)
2025-05-19 16:56:57 - jugador - [DEBUG] - [JUGADOR_0] Pos flotante (pre-límites): (423.8800, 333.0000)
2025-05-19 16:56:57 - jugador - [DEBUG] - [JUGADOR_0] Pos flotante (post-límites): (423.8800, 333.0000)
2025-05-19 16:56:57 - jugador - [DEBUG] - [JUGADOR_0] Movimiento para CH: dx_int=3, dy_int=0. HB (antes CH): (421, 333), PosFlotante: (423.8800,333.0000)
2025-05-19 16:56:57 - jugador - [DEBUG] - [JUGADOR_0] Iniciando gestión de colisión con dx=3, dy=0. Hitbox actual: (421, 333)
2025-05-19 16:56:57 - jugador - [DEBUG] - [JUGADOR_0] Posición POST CH: HB: (424, 333), PosFlotante: (424.00, 333.00)
2025-05-19 16:56:57 - jugador - [DEBUG] - [JUGADOR_0] Delta flotante intentado: dx=3.0600, dy=0.0000 (delta_time: 0.0170)
2025-05-19 16:56:57 - jugador - [DEBUG] - [JUGADOR_0] Pos flotante (pre-límites): (427.0600, 333.0000)
2025-05-19 16:56:57 - jugador - [DEBUG] - [JUGADOR_0] Pos flotante (post-límites): (427.0600, 333.0000)
2025-05-19 16:56:57 - jugador - [DEBUG] - [JUGADOR_0] Movimiento para CH: dx_int=4, dy_int=0. HB (antes CH): (424, 333), PosFlotante: (427.0600,333.0000)
2025-05-19 16:56:57 - jugador - [DEBUG] - [JUGADOR_0] Iniciando gestión de colisión con dx=4, dy=0. Hitbox actual: (424, 333)
2025-05-19 16:56:57 - jugador - [DEBUG] - [JUGADOR_0] Posición POST CH: HB: (428, 333), PosFlotante: (428.00, 333.00)
2025-05-19 16:56:57 - jugador - [DEBUG] - [JUGADOR_0] Pos flotante (pre-límites): (431.0600, 333.0000)
2025-05-19 16:56:57 - jugador - [DEBUG] - [JUGADOR_0] Pos flotante (post-límites): (431.0600, 333.0000)
2025-05-19 16:56:57 - jugador - [DEBUG] - [JUGADOR_0] Movimiento para CH: dx_int=4, dy_int=0. HB (antes CH): (428, 333), PosFlotante: (431.0600,333.0000)
2025-05-19 16:56:57 - jugador - [DEBUG] - [JUGADOR_0] Iniciando gestión de colisión con dx=4, dy=0. Hitbox actual: (428, 333)
2025-05-19 16:56:57 - jugador - [DEBUG] - [JUGADOR_0] Posición POST CH: HB: (432, 333), PosFlotante: (432.00, 333.00)
2025-05-19 16:56:57 - jugador - [INFO] - [JUGADOR_0] ATAQUE INICIADO (Cooldown: 700.0ms). Perfil: 'espada_predeterminada'
2025-05-19 16:56:57 - jugador - [DEBUG] - [JUGADOR_0] Pos flotante (pre-límites): (435.0600, 333.0000)
2025-05-19 16:56:57 - jugador - [DEBUG] - [JUGADOR_0] Pos flotante (post-límites): (435.0600, 333.0000)
2025-05-19 16:56:57 - jugador - [DEBUG] - [JUGADOR_0] Movimiento para CH: dx_int=4, dy_int=0. HB (antes CH): (432, 333), PosFlotante: (435.0600,333.0000)
2025-05-19 16:56:57 - jugador - [DEBUG] - [JUGADOR_0] Iniciando gestión de colisión con dx=4, dy=0. Hitbox actual: (432, 333)
2025-05-19 16:56:57 - jugador - [DEBUG] - [JUGADOR_0] Posición POST CH: HB: (436, 333), PosFlotante: (436.00, 333.00)
2025-05-19 16:56:57 - jugador - [DEBUG] - [JUGADOR_0] Hitbox ataque: <rect(421, 310, 54, 69)>, Dir: (1.00, 0.00)
2025-05-19 16:56:57 - jugador - [DEBUG] - [JUGADOR_0] Input teclado procesado: mov_x_input_raw=180, mov_y_input_raw=0
2025-05-19 16:56:57 - jugador - [DEBUG] - [JUGADOR_0] Delta flotante intentado: dx=2.8800, dy=0.0000 (delta_time: 0.0160)
2025-05-19 16:56:57 - jugador - [DEBUG] - [JUGADOR_0] Pos flotante (pre-límites): (438.8800, 333.0000)
2025-05-19 16:56:57 - jugador - [DEBUG] - [JUGADOR_0] Pos flotante (post-límites): (438.8800, 333.0000)
2025-05-19 16:56:57 - jugador - [DEBUG] - [JUGADOR_0] Movimiento para CH: dx_int=3, dy_int=0. HB (antes CH): (436, 333), PosFlotante: (438.8800,333.0000)
2025-05-19 16:56:57 - jugador - [DEBUG] - [JUGADOR_0] Iniciando gestión de colisión con dx=3, dy=0. Hitbox actual: (436, 333)
2025-05-19 16:56:57 - jugador - [DEBUG] - [JUGADOR_0] Posición POST CH: HB: (439, 333), PosFlotante: (439.00, 333.00)
2025-05-19 16:56:57 - jugador - [DEBUG] - [JUGADOR_0] Hitbox ataque: <rect(424, 310, 54, 69)>, Dir: (1.00, 0.00)
2025-05-19 16:56:57 - jugador - [DEBUG] - [JUGADOR_0] Pos flotante (pre-límites): (441.8800, 333.0000)
2025-05-19 16:56:57 - jugador - [DEBUG] - [JUGADOR_0] Pos flotante (post-límites): (441.8800, 333.0000)
2025-05-19 16:56:57 - jugador - [DEBUG] - [JUGADOR_0] Movimiento para CH: dx_int=3, dy_int=0. HB (antes CH): (439, 333), PosFlotante: (441.8800,333.0000)
2025-05-19 16:56:57 - jugador - [DEBUG] - [JUGADOR_0] Iniciando gestión de colisión con dx=3, dy=0. Hitbox actual: (439, 333)
2025-05-19 16:56:57 - jugador - [DEBUG] - [JUGADOR_0] Posición POST CH: HB: (442, 333), PosFlotante: (442.00, 333.00)
2025-05-19 16:56:57 - jugador - [DEBUG] - [JUGADOR_0] Hitbox ataque: <rect(427, 310, 54, 69)>, Dir: (1.00, 0.00)
2025-05-19 16:56:57 - jugador - [DEBUG] - [JUGADOR_0] Delta flotante intentado: dx=3.0600, dy=0.0000 (delta_time: 0.0170)
2025-05-19 16:56:57 - jugador - [DEBUG] - [JUGADOR_0] Pos flotante (pre-límites): (445.0600, 333.0000)
2025-05-19 16:56:57 - jugador - [DEBUG] - [JUGADOR_0] Pos flotante (post-límites): (445.0600, 333.0000)
2025-05-19 16:56:57 - jugador - [DEBUG] - [JUGADOR_0] Movimiento para CH: dx_int=4, dy_int=0. HB (antes CH): (442, 333), PosFlotante: (445.0600,333.0000)
2025-05-19 16:56:57 - jugador - [DEBUG] - [JUGADOR_0] Iniciando gestión de colisión con dx=4, dy=0. Hitbox actual: (442, 333)
2025-05-19 16:56:57 - jugador - [DEBUG] - [JUGADOR_0] Posición POST CH: HB: (446, 333), PosFlotante: (446.00, 333.00)
2025-05-19 16:56:57 - jugador - [DEBUG] - [JUGADOR_0] Hitbox ataque: <rect(431, 310, 54, 69)>, Dir: (1.00, 0.00)
2025-05-19 16:56:57 - jugador - [INFO] - [JUGADOR_0] GOLPEÓ a [Enemigo_2] con perfil 'espada_predeterminada'. Daño: 10.0
2025-05-19 16:56:57 - jugador - [DEBUG] - [JUGADOR_0] Pos flotante (pre-límites): (449.0600, 333.0000)
2025-05-19 16:56:57 - jugador - [DEBUG] - [JUGADOR_0] Pos flotante (post-límites): (449.0600, 333.0000)
2025-05-19 16:56:57 - jugador - [DEBUG] - [JUGADOR_0] Movimiento para CH: dx_int=4, dy_int=0. HB (antes CH): (446, 333), PosFlotante: (449.0600,333.0000)
2025-05-19 16:56:57 - jugador - [DEBUG] - [JUGADOR_0] Iniciando gestión de colisión con dx=4, dy=0. Hitbox actual: (446, 333)
2025-05-19 16:56:57 - jugador - [DEBUG] - [JUGADOR_0] Posición POST CH: HB: (450, 333), PosFlotante: (450.00, 333.00)
2025-05-19 16:56:57 - jugador - [DEBUG] - [JUGADOR_0] Hitbox ataque: <rect(435, 310, 54, 69)>, Dir: (1.00, 0.00)
2025-05-19 16:56:57 - jugador - [DEBUG] - [JUGADOR_0] Input teclado procesado: mov_x_input_raw=180, mov_y_input_raw=0
2025-05-19 16:56:57 - jugador - [DEBUG] - [JUGADOR_0] Delta flotante intentado: dx=2.8800, dy=0.0000 (delta_time: 0.0160)
2025-05-19 16:56:57 - jugador - [DEBUG] - [JUGADOR_0] Pos flotante (pre-límites): (452.8800, 333.0000)
2025-05-19 16:56:57 - jugador - [DEBUG] - [JUGADOR_0] Pos flotante (post-límites): (452.8800, 333.0000)
2025-05-19 16:56:57 - jugador - [DEBUG] - [JUGADOR_0] Movimiento para CH: dx_int=3, dy_int=0. HB (antes CH): (450, 333), PosFlotante: (452.8800,333.0000)
2025-05-19 16:56:57 - jugador - [DEBUG] - [JUGADOR_0] Iniciando gestión de colisión con dx=3, dy=0. Hitbox actual: (450, 333)
2025-05-19 16:56:57 - jugador - [DEBUG] - [JUGADOR_0] Posición POST CH: HB: (453, 333), PosFlotante: (453.00, 333.00)
2025-05-19 16:56:57 - jugador - [DEBUG] - [JUGADOR_0] Hitbox ataque: <rect(438, 310, 54, 69)>, Dir: (1.00, 0.00)
2025-05-19 16:56:57 - jugador - [DEBUG] - [JUGADOR_0] Pos flotante (pre-límites): (455.8800, 333.0000)
2025-05-19 16:56:57 - jugador - [DEBUG] - [JUGADOR_0] Pos flotante (post-límites): (455.8800, 333.0000)
2025-05-19 16:56:57 - jugador - [DEBUG] - [JUGADOR_0] Movimiento para CH: dx_int=3, dy_int=0. HB (antes CH): (453, 333), PosFlotante: (455.8800,333.0000)
2025-05-19 16:56:57 - jugador - [DEBUG] - [JUGADOR_0] Iniciando gestión de colisión con dx=3, dy=0. Hitbox actual: (453, 333)
2025-05-19 16:56:57 - jugador - [DEBUG] - [JUGADOR_0] Posición POST CH: HB: (456, 333), PosFlotante: (456.00, 333.00)
2025-05-19 16:56:57 - jugador - [DEBUG] - [JUGADOR_0] Hitbox ataque: <rect(441, 310, 54, 69)>, Dir: (1.00, 0.00)
2025-05-19 16:56:57 - jugador - [DEBUG] - [JUGADOR_0] Pos flotante (pre-límites): (458.8800, 333.0000)
2025-05-19 16:56:57 - jugador - [DEBUG] - [JUGADOR_0] Pos flotante (post-límites): (458.8800, 333.0000)
2025-05-19 16:56:57 - jugador - [DEBUG] - [JUGADOR_0] Movimiento para CH: dx_int=3, dy_int=0. HB (antes CH): (456, 333), PosFlotante: (458.8800,333.0000)
2025-05-19 16:56:57 - jugador - [DEBUG] - [JUGADOR_0] Iniciando gestión de colisión con dx=3, dy=0. Hitbox actual: (456, 333)
2025-05-19 16:56:57 - jugador - [DEBUG] - [JUGADOR_0] Posición POST CH: HB: (459, 333), PosFlotante: (459.00, 333.00)
2025-05-19 16:56:57 - jugador - [DEBUG] - [JUGADOR_0] Hitbox ataque: <rect(444, 310, 54, 69)>, Dir: (1.00, 0.00)
2025-05-19 16:56:57 - jugador - [DEBUG] - [JUGADOR_0] Input teclado procesado: mov_x_input_raw=180, mov_y_input_raw=0
2025-05-19 16:56:57 - jugador - [DEBUG] - [JUGADOR_0] Delta flotante intentado: dx=3.0600, dy=0.0000 (delta_time: 0.0170)
2025-05-19 16:56:57 - jugador - [DEBUG] - [JUGADOR_0] Pos flotante (pre-límites): (462.0600, 333.0000)
2025-05-19 16:56:57 - jugador - [DEBUG] - [JUGADOR_0] Pos flotante (post-límites): (462.0600, 333.0000)
2025-05-19 16:56:57 - jugador - [DEBUG] - [JUGADOR_0] Movimiento para CH: dx_int=4, dy_int=0. HB (antes CH): (459, 333), PosFlotante: (462.0600,333.0000)
2025-05-19 16:56:57 - jugador - [DEBUG] - [JUGADOR_0] Iniciando gestión de colisión con dx=4, dy=0. Hitbox actual: (459, 333)
2025-05-19 16:56:57 - jugador - [DEBUG] - [JUGADOR_0] Posición POST CH: HB: (463, 333), PosFlotante: (463.00, 333.00)
2025-05-19 16:56:57 - jugador - [DEBUG] - [JUGADOR_0] Hitbox ataque: <rect(448, 310, 54, 69)>, Dir: (1.00, 0.00)
2025-05-19 16:56:57 - jugador - [DEBUG] - [JUGADOR_0] Pos flotante (pre-límites): (466.0600, 333.0000)
2025-05-19 16:56:57 - jugador - [DEBUG] - [JUGADOR_0] Pos flotante (post-límites): (466.0600, 333.0000)
2025-05-19 16:56:57 - jugador - [DEBUG] - [JUGADOR_0] Movimiento para CH: dx_int=4, dy_int=0. HB (antes CH): (463, 333), PosFlotante: (466.0600,333.0000)
2025-05-19 16:56:57 - jugador - [DEBUG] - [JUGADOR_0] Iniciando gestión de colisión con dx=4, dy=0. Hitbox actual: (463, 333)
2025-05-19 16:56:57 - jugador - [DEBUG] - [JUGADOR_0] Posición POST CH: HB: (467, 333), PosFlotante: (467.00, 333.00)
2025-05-19 16:56:57 - jugador - [DEBUG] - [JUGADOR_0] Hitbox ataque: <rect(452, 310, 54, 69)>, Dir: (1.00, 0.00)
2025-05-19 16:56:57 - jugador - [DEBUG] - [JUGADOR_0] Pos flotante (pre-límites): (470.0600, 333.0000)
2025-05-19 16:56:57 - jugador - [DEBUG] - [JUGADOR_0] Pos flotante (post-límites): (470.0600, 333.0000)
2025-05-19 16:56:57 - jugador - [DEBUG] - [JUGADOR_0] Movimiento para CH: dx_int=4, dy_int=0. HB (antes CH): (467, 333), PosFlotante: (470.0600,333.0000)
2025-05-19 16:56:57 - jugador - [DEBUG] - [JUGADOR_0] Iniciando gestión de colisión con dx=4, dy=0. Hitbox actual: (467, 333)
2025-05-19 16:56:57 - jugador - [DEBUG] - [JUGADOR_0] Posición POST CH: HB: (471, 333), PosFlotante: (471.00, 333.00)
2025-05-19 16:56:57 - jugador - [DEBUG] - [JUGADOR_0] Hitbox ataque: <rect(456, 310, 54, 69)>, Dir: (1.00, 0.00)
2025-05-19 16:56:57 - jugador - [DEBUG] - [JUGADOR_0] Input teclado procesado: mov_x_input_raw=180, mov_y_input_raw=0
2025-05-19 16:56:57 - jugador - [DEBUG] - [JUGADOR_0] Delta flotante intentado: dx=3.0600, dy=0.0000 (delta_time: 0.0170)
2025-05-19 16:56:57 - jugador - [DEBUG] - [JUGADOR_0] Pos flotante (pre-límites): (474.0600, 333.0000)
2025-05-19 16:56:57 - jugador - [DEBUG] - [JUGADOR_0] Pos flotante (post-límites): (474.0600, 333.0000)
2025-05-19 16:56:57 - jugador - [DEBUG] - [JUGADOR_0] Movimiento para CH: dx_int=4, dy_int=0. HB (antes CH): (471, 333), PosFlotante: (474.0600,333.0000)
2025-05-19 16:56:57 - jugador - [DEBUG] - [JUGADOR_0] Iniciando gestión de colisión con dx=4, dy=0. Hitbox actual: (471, 333)
2025-05-19 16:56:57 - jugador - [DEBUG] - [JUGADOR_0] Posición POST CH: HB: (475, 333), PosFlotante: (475.00, 333.00)
2025-05-19 16:56:57 - jugador - [DEBUG] - [JUGADOR_0] Hitbox ataque: <rect(460, 310, 54, 69)>, Dir: (1.00, 0.00)
2025-05-19 16:56:57 - jugador - [DEBUG] - [JUGADOR_0] Pos flotante (pre-límites): (478.0600, 333.0000)
2025-05-19 16:56:57 - jugador - [DEBUG] - [JUGADOR_0] Pos flotante (post-límites): (478.0600, 333.0000)
2025-05-19 16:56:57 - jugador - [DEBUG] - [JUGADOR_0] Movimiento para CH: dx_int=4, dy_int=0. HB (antes CH): (475, 333), PosFlotante: (478.0600,333.0000)
2025-05-19 16:56:57 - jugador - [DEBUG] - [JUGADOR_0] Iniciando gestión de colisión con dx=4, dy=0. Hitbox actual: (475, 333)
2025-05-19 16:56:57 - jugador - [DEBUG] - [JUGADOR_0] Posición POST CH: HB: (479, 333), PosFlotante: (479.00, 333.00)
2025-05-19 16:56:57 - jugador - [DEBUG] - [JUGADOR_0] Hitbox ataque: <rect(464, 310, 54, 69)>, Dir: (1.00, 0.00)
2025-05-19 16:56:57 - jugador - [DEBUG] - [JUGADOR_0] Delta flotante intentado: dx=2.8800, dy=0.0000 (delta_time: 0.0160)
2025-05-19 16:56:57 - jugador - [DEBUG] - [JUGADOR_0] Pos flotante (pre-límites): (481.8800, 333.0000)
2025-05-19 16:56:57 - jugador - [DEBUG] - [JUGADOR_0] Pos flotante (post-límites): (481.8800, 333.0000)
2025-05-19 16:56:57 - jugador - [DEBUG] - [JUGADOR_0] Movimiento para CH: dx_int=3, dy_int=0. HB (antes CH): (479, 333), PosFlotante: (481.8800,333.0000)
2025-05-19 16:56:57 - jugador - [DEBUG] - [JUGADOR_0] Iniciando gestión de colisión con dx=3, dy=0. Hitbox actual: (479, 333)
2025-05-19 16:56:57 - jugador - [DEBUG] - [JUGADOR_0] Posición POST CH: HB: (481, 333), PosFlotante: (481.00, 333.00)
2025-05-19 16:56:57 - jugador - [DEBUG] - [JUGADOR_0] Hitbox ataque: <rect(466, 310, 54, 69)>, Dir: (1.00, 0.00)
2025-05-19 16:56:57 - jugador - [DEBUG] - [JUGADOR_0] Pos flotante (pre-límites): (483.8800, 333.0000)
2025-05-19 16:56:57 - jugador - [DEBUG] - [JUGADOR_0] Pos flotante (post-límites): (483.8800, 333.0000)
2025-05-19 16:56:57 - jugador - [DEBUG] - [JUGADOR_0] Movimiento para CH: dx_int=3, dy_int=0. HB (antes CH): (481, 333), PosFlotante: (483.8800,333.0000)
2025-05-19 16:56:57 - jugador - [DEBUG] - [JUGADOR_0] Iniciando gestión de colisión con dx=3, dy=0. Hitbox actual: (481, 333)
2025-05-19 16:56:57 - jugador - [DEBUG] - [JUGADOR_0] Input teclado procesado: mov_x_input_raw=180, mov_y_input_raw=0
2025-05-19 16:56:57 - jugador - [DEBUG] - [JUGADOR_0] Delta flotante intentado: dx=3.0600, dy=0.0000 (delta_time: 0.0170)
2025-05-19 16:56:57 - jugador - [DEBUG] - [JUGADOR_0] Pos flotante (pre-límites): (484.0600, 333.0000)
2025-05-19 16:56:57 - jugador - [DEBUG] - [JUGADOR_0] Pos flotante (post-límites): (484.0600, 333.0000)
2025-05-19 16:56:57 - jugador - [DEBUG] - [JUGADOR_0] Movimiento para CH: dx_int=4, dy_int=0. HB (antes CH): (481, 333), PosFlotante: (484.0600,333.0000)
2025-05-19 16:56:57 - jugador - [DEBUG] - [JUGADOR_0] Iniciando gestión de colisión con dx=4, dy=0. Hitbox actual: (481, 333)
2025-05-19 16:56:57 - jugador - [DEBUG] - [JUGADOR_0] ATAQUE FINALIZADO (Duración: 260ms). Enemigos golpeados: 1
2025-05-19 16:56:57 - jugador - [DEBUG] - [JUGADOR_0] Delta flotante intentado: dx=2.8800, dy=0.0000 (delta_time: 0.0160)
2025-05-19 16:56:57 - jugador - [DEBUG] - [JUGADOR_0] Posición POST CH: HB: (481, 333), PosFlotante: (481.00, 333.00)
2025-05-19 16:56:57 - jugador - [DEBUG] - [JUGADOR_0] Pos flotante (pre-límites): (483.8800, 333.0000)
2025-05-19 16:56:57 - jugador - [DEBUG] - [JUGADOR_0] Pos flotante (post-límites): (483.8800, 333.0000)
2025-05-19 16:56:57 - jugador - [DEBUG] - [JUGADOR_0] Movimiento para CH: dx_int=3, dy_int=0. HB (antes CH): (481, 333), PosFlotante: (483.8800,333.0000)
2025-05-19 16:56:57 - jugador - [DEBUG] - [JUGADOR_0] Iniciando gestión de colisión con dx=3, dy=0. Hitbox actual: (481, 333)
2025-05-19 16:56:57 - jugador - [DEBUG] - [JUGADOR_0] Input teclado procesado: mov_x_input_raw=180, mov_y_input_raw=0
2025-05-19 16:56:58 - jugador - [DEBUG] - [JUGADOR_0] Delta flotante intentado: dx=2.8800, dy=0.0000 (delta_time: 0.0160)
2025-05-19 16:56:58 - jugador - [DEBUG] - [JUGADOR_0] Posición POST CH: HB: (481, 333), PosFlotante: (481.00, 333.00)
2025-05-19 16:56:58 - jugador - [DEBUG] - [JUGADOR_0] Delta flotante intentado: dx=3.0600, dy=0.0000 (delta_time: 0.0170)
2025-05-19 16:56:58 - jugador - [DEBUG] - [JUGADOR_0] Pos flotante (pre-límites): (484.0600, 333.0000)
2025-05-19 16:56:58 - jugador - [DEBUG] - [JUGADOR_0] Pos flotante (post-límites): (484.0600, 333.0000)
2025-05-19 16:56:58 - jugador - [DEBUG] - [JUGADOR_0] Movimiento para CH: dx_int=4, dy_int=0. HB (antes CH): (481, 333), PosFlotante: (484.0600,333.0000)
2025-05-19 16:56:58 - jugador - [DEBUG] - [JUGADOR_0] Iniciando gestión de colisión con dx=4, dy=0. Hitbox actual: (481, 333)
2025-05-19 16:56:58 - jugador - [DEBUG] - [JUGADOR_0] Input teclado procesado: mov_x_input_raw=180, mov_y_input_raw=0
2025-05-19 16:56:58 - jugador - [DEBUG] - [JUGADOR_0] Pos flotante (pre-límites): (483.8800, 333.0000)
2025-05-19 16:56:58 - jugador - [DEBUG] - [JUGADOR_0] Pos flotante (post-límites): (483.8800, 333.0000)
2025-05-19 16:56:58 - jugador - [DEBUG] - [JUGADOR_0] Movimiento para CH: dx_int=3, dy_int=0. HB (antes CH): (481, 333), PosFlotante: (483.8800,333.0000)
2025-05-19 16:56:58 - jugador - [DEBUG] - [JUGADOR_0] Iniciando gestión de colisión con dx=3, dy=0. Hitbox actual: (481, 333)
2025-05-19 16:56:58 - jugador - [DEBUG] - [JUGADOR_0] Delta flotante intentado: dx=2.8800, dy=0.0000 (delta_time: 0.0160)
2025-05-19 16:56:58 - jugador - [DEBUG] - [JUGADOR_0] Posición POST CH: HB: (481, 333), PosFlotante: (481.00, 333.00)
2025-05-19 16:56:58 - jugador - [DEBUG] - [JUGADOR_0] Input teclado procesado: mov_x_input_raw=180, mov_y_input_raw=0
2025-05-19 16:56:58 - jugador - [DEBUG] - [JUGADOR_0] Pos flotante (pre-límites): (483.8800, 333.0000)
2025-05-19 16:56:58 - jugador - [DEBUG] - [JUGADOR_0] Pos flotante (post-límites): (483.8800, 333.0000)
2025-05-19 16:56:58 - jugador - [DEBUG] - [JUGADOR_0] Movimiento para CH: dx_int=3, dy_int=0. HB (antes CH): (481, 333), PosFlotante: (483.8800,333.0000)
2025-05-19 16:56:58 - jugador - [DEBUG] - [JUGADOR_0] Iniciando gestión de colisión con dx=3, dy=0. Hitbox actual: (481, 333)
2025-05-19 16:56:58 - jugador - [DEBUG] - [JUGADOR_0] Input teclado procesado: mov_x_input_raw=180, mov_y_input_raw=180
2025-05-19 16:56:58 - jugador - [DEBUG] - [JUGADOR_0] Delta flotante intentado: dx=3.0600, dy=3.0600 (delta_time: 0.0170)
2025-05-19 16:56:58 - jugador - [DEBUG] - [JUGADOR_0] Pos flotante (pre-límites): (484.0600, 336.0600)
2025-05-19 16:56:58 - jugador - [DEBUG] - [JUGADOR_0] Pos flotante (post-límites): (484.0600, 336.0600)
2025-05-19 16:56:58 - jugador - [DEBUG] - [JUGADOR_0] Movimiento para CH: dx_int=4, dy_int=4. HB (antes CH): (481, 333), PosFlotante: (484.0600,336.0600)
2025-05-19 16:56:58 - jugador - [DEBUG] - [JUGADOR_0] Iniciando gestión de colisión con dx=4, dy=4. Hitbox actual: (481, 333)
2025-05-19 16:56:58 - jugador - [DEBUG] - [JUGADOR_0] Posición POST CH: HB: (481, 337), PosFlotante: (481.00, 337.00)
2025-05-19 16:56:58 - jugador - [DEBUG] - [JUGADOR_0] Pos flotante (pre-límites): (484.0600, 340.0600)
2025-05-19 16:56:58 - jugador - [DEBUG] - [JUGADOR_0] Pos flotante (post-límites): (484.0600, 340.0600)
2025-05-19 16:56:58 - jugador - [DEBUG] - [JUGADOR_0] Movimiento para CH: dx_int=4, dy_int=4. HB (antes CH): (481, 337), PosFlotante: (484.0600,340.0600)
2025-05-19 16:56:58 - jugador - [DEBUG] - [JUGADOR_0] Iniciando gestión de colisión con dx=4, dy=4. Hitbox actual: (481, 337)
2025-05-19 16:56:58 - jugador - [DEBUG] - [JUGADOR_0] Posición POST CH: HB: (485, 341), PosFlotante: (485.00, 341.00)
2025-05-19 16:56:58 - jugador - [DEBUG] - [JUGADOR_0] Pos flotante (pre-límites): (488.0600, 344.0600)
2025-05-19 16:56:58 - jugador - [DEBUG] - [JUGADOR_0] Pos flotante (post-límites): (488.0600, 344.0600)
2025-05-19 16:56:58 - jugador - [DEBUG] - [JUGADOR_0] Movimiento para CH: dx_int=4, dy_int=4. HB (antes CH): (485, 341), PosFlotante: (488.0600,344.0600)
2025-05-19 16:56:58 - jugador - [DEBUG] - [JUGADOR_0] Iniciando gestión de colisión con dx=4, dy=4. Hitbox actual: (485, 341)
2025-05-19 16:56:58 - jugador - [DEBUG] - [JUGADOR_0] Posición POST CH: HB: (489, 345), PosFlotante: (489.00, 345.00)
2025-05-19 16:56:58 - jugador - [DEBUG] - [JUGADOR_0] Input teclado procesado: mov_x_input_raw=180, mov_y_input_raw=180
2025-05-19 16:56:58 - jugador - [DEBUG] - [JUGADOR_0] Delta flotante intentado: dx=2.8800, dy=2.8800 (delta_time: 0.0160)
2025-05-19 16:56:58 - jugador - [DEBUG] - [JUGADOR_0] Pos flotante (pre-límites): (491.8800, 347.8800)
2025-05-19 16:56:58 - jugador - [DEBUG] - [JUGADOR_0] Pos flotante (post-límites): (491.8800, 347.8800)
2025-05-19 16:56:58 - jugador - [DEBUG] - [JUGADOR_0] Movimiento para CH: dx_int=3, dy_int=3. HB (antes CH): (489, 345), PosFlotante: (491.8800,347.8800)
2025-05-19 16:56:58 - jugador - [DEBUG] - [JUGADOR_0] Iniciando gestión de colisión con dx=3, dy=3. Hitbox actual: (489, 345)
2025-05-19 16:56:58 - jugador - [DEBUG] - [JUGADOR_0] Posición POST CH: HB: (492, 348), PosFlotante: (492.00, 348.00)
2025-05-19 16:56:58 - jugador - [DEBUG] - [JUGADOR_0] Intento de ataque en cooldown (700.0ms). Tiempo desde último: 524ms
2025-05-19 16:56:58 - jugador - [DEBUG] - [JUGADOR_0] Delta flotante intentado: dx=3.0600, dy=3.0600 (delta_time: 0.0170)
2025-05-19 16:56:58 - jugador - [DEBUG] - [JUGADOR_0] Pos flotante (pre-límites): (495.0600, 351.0600)
2025-05-19 16:56:58 - jugador - [DEBUG] - [JUGADOR_0] Pos flotante (post-límites): (495.0600, 351.0600)
2025-05-19 16:56:58 - jugador - [DEBUG] - [JUGADOR_0] Movimiento para CH: dx_int=4, dy_int=4. HB (antes CH): (492, 348), PosFlotante: (495.0600,351.0600)
2025-05-19 16:56:58 - jugador - [DEBUG] - [JUGADOR_0] Iniciando gestión de colisión con dx=4, dy=4. Hitbox actual: (492, 348)
2025-05-19 16:56:58 - jugador - [DEBUG] - [JUGADOR_0] Posición POST CH: HB: (496, 352), PosFlotante: (496.00, 352.00)
2025-05-19 16:56:58 - jugador - [DEBUG] - [JUGADOR_0] Pos flotante (pre-límites): (498.8800, 354.8800)
2025-05-19 16:56:58 - jugador - [DEBUG] - [JUGADOR_0] Pos flotante (post-límites): (498.8800, 354.8800)
2025-05-19 16:56:58 - jugador - [DEBUG] - [JUGADOR_0] Movimiento para CH: dx_int=3, dy_int=3. HB (antes CH): (496, 352), PosFlotante: (498.8800,354.8800)
2025-05-19 16:56:58 - jugador - [DEBUG] - [JUGADOR_0] Iniciando gestión de colisión con dx=3, dy=3. Hitbox actual: (496, 352)
2025-05-19 16:56:58 - jugador - [DEBUG] - [JUGADOR_0] Posición POST CH: HB: (499, 355), PosFlotante: (499.00, 355.00)
2025-05-19 16:56:58 - jugador - [DEBUG] - [JUGADOR_0] Pos flotante (pre-límites): (502.0600, 358.0600)
2025-05-19 16:56:58 - jugador - [DEBUG] - [JUGADOR_0] Pos flotante (post-límites): (502.0600, 358.0600)
2025-05-19 16:56:58 - jugador - [DEBUG] - [JUGADOR_0] Movimiento para CH: dx_int=4, dy_int=4. HB (antes CH): (499, 355), PosFlotante: (502.0600,358.0600)
2025-05-19 16:56:58 - jugador - [DEBUG] - [JUGADOR_0] Iniciando gestión de colisión con dx=4, dy=4. Hitbox actual: (499, 355)
2025-05-19 16:56:58 - jugador - [DEBUG] - [JUGADOR_0] Posición POST CH: HB: (503, 359), PosFlotante: (503.00, 359.00)
2025-05-19 16:56:58 - jugador - [DEBUG] - [JUGADOR_0] Input teclado procesado: mov_x_input_raw=180, mov_y_input_raw=180
2025-05-19 16:56:58 - jugador - [DEBUG] - [JUGADOR_0] Pos flotante (pre-límites): (506.0600, 362.0600)
2025-05-19 16:56:58 - jugador - [DEBUG] - [JUGADOR_0] Pos flotante (post-límites): (506.0600, 362.0600)
2025-05-19 16:56:58 - jugador - [DEBUG] - [JUGADOR_0] Movimiento para CH: dx_int=4, dy_int=4. HB (antes CH): (503, 359), PosFlotante: (506.0600,362.0600)
2025-05-19 16:56:58 - jugador - [DEBUG] - [JUGADOR_0] Iniciando gestión de colisión con dx=4, dy=4. Hitbox actual: (503, 359)
2025-05-19 16:56:58 - jugador - [DEBUG] - [JUGADOR_0] Posición POST CH: HB: (507, 363), PosFlotante: (507.00, 363.00)
2025-05-19 16:56:58 - jugador - [DEBUG] - [JUGADOR_0] Delta flotante intentado: dx=2.8800, dy=2.8800 (delta_time: 0.0160)
2025-05-19 16:56:58 - jugador - [DEBUG] - [JUGADOR_0] Pos flotante (pre-límites): (509.8800, 365.8800)
2025-05-19 16:56:58 - jugador - [DEBUG] - [JUGADOR_0] Pos flotante (post-límites): (509.8800, 365.8800)
2025-05-19 16:56:58 - jugador - [DEBUG] - [JUGADOR_0] Movimiento para CH: dx_int=3, dy_int=3. HB (antes CH): (507, 363), PosFlotante: (509.8800,365.8800)
2025-05-19 16:56:58 - jugador - [DEBUG] - [JUGADOR_0] Iniciando gestión de colisión con dx=3, dy=3. Hitbox actual: (507, 363)
2025-05-19 16:56:58 - jugador - [DEBUG] - [JUGADOR_0] Posición POST CH: HB: (510, 366), PosFlotante: (510.00, 366.00)
2025-05-19 16:56:58 - jugador - [DEBUG] - [JUGADOR_0] Pos flotante (pre-límites): (512.8800, 368.8800)
2025-05-19 16:56:58 - jugador - [DEBUG] - [JUGADOR_0] Pos flotante (post-límites): (512.8800, 368.8800)
2025-05-19 16:56:58 - jugador - [DEBUG] - [JUGADOR_0] Movimiento para CH: dx_int=3, dy_int=3. HB (antes CH): (510, 366), PosFlotante: (512.8800,368.8800)
2025-05-19 16:56:58 - jugador - [DEBUG] - [JUGADOR_0] Iniciando gestión de colisión con dx=3, dy=3. Hitbox actual: (510, 366)
2025-05-19 16:56:58 - jugador - [DEBUG] - [JUGADOR_0] Posición POST CH: HB: (513, 369), PosFlotante: (513.00, 369.00)
2025-05-19 16:56:58 - jugador - [DEBUG] - [JUGADOR_0] Pos flotante (pre-límites): (515.8800, 371.8800)
2025-05-19 16:56:58 - jugador - [DEBUG] - [JUGADOR_0] Pos flotante (post-límites): (515.8800, 371.8800)
2025-05-19 16:56:58 - jugador - [DEBUG] - [JUGADOR_0] Movimiento para CH: dx_int=3, dy_int=3. HB (antes CH): (513, 369), PosFlotante: (515.8800,371.8800)
2025-05-19 16:56:58 - jugador - [DEBUG] - [JUGADOR_0] Iniciando gestión de colisión con dx=3, dy=3. Hitbox actual: (513, 369)
2025-05-19 16:56:58 - jugador - [DEBUG] - [JUGADOR_0] Posición POST CH: HB: (516, 372), PosFlotante: (516.00, 372.00)
2025-05-19 16:56:58 - jugador - [DEBUG] - [JUGADOR_0] Input teclado procesado: mov_x_input_raw=180, mov_y_input_raw=180
2025-05-19 16:56:58 - jugador - [DEBUG] - [JUGADOR_0] Pos flotante (pre-límites): (518.8800, 374.8800)
2025-05-19 16:56:58 - jugador - [DEBUG] - [JUGADOR_0] Pos flotante (post-límites): (518.8800, 374.8800)
2025-05-19 16:56:58 - jugador - [DEBUG] - [JUGADOR_0] Movimiento para CH: dx_int=3, dy_int=3. HB (antes CH): (516, 372), PosFlotante: (518.8800,374.8800)
2025-05-19 16:56:58 - jugador - [DEBUG] - [JUGADOR_0] Iniciando gestión de colisión con dx=3, dy=3. Hitbox actual: (516, 372)
2025-05-19 16:56:58 - jugador - [DEBUG] - [JUGADOR_0] Posición POST CH: HB: (519, 375), PosFlotante: (519.00, 375.00)
2025-05-19 16:56:58 - jugador - [DEBUG] - [JUGADOR_0] Delta flotante intentado: dx=3.0600, dy=3.0600 (delta_time: 0.0170)
2025-05-19 16:56:58 - jugador - [DEBUG] - [JUGADOR_0] Pos flotante (pre-límites): (522.0600, 378.0600)
2025-05-19 16:56:58 - jugador - [DEBUG] - [JUGADOR_0] Pos flotante (post-límites): (522.0600, 378.0600)
2025-05-19 16:56:58 - jugador - [DEBUG] - [JUGADOR_0] Movimiento para CH: dx_int=4, dy_int=4. HB (antes CH): (519, 375), PosFlotante: (522.0600,378.0600)
2025-05-19 16:56:58 - jugador - [DEBUG] - [JUGADOR_0] Iniciando gestión de colisión con dx=4, dy=4. Hitbox actual: (519, 375)
2025-05-19 16:56:58 - jugador - [DEBUG] - [JUGADOR_0] Posición POST CH: HB: (523, 379), PosFlotante: (523.00, 379.00)
2025-05-19 16:56:58 - jugador - [DEBUG] - [JUGADOR_0] Input teclado procesado: mov_x_input_raw=180, mov_y_input_raw=0
2025-05-19 16:56:58 - jugador - [DEBUG] - [JUGADOR_0] Delta flotante intentado: dx=2.8800, dy=0.0000 (delta_time: 0.0160)
2025-05-19 16:56:58 - jugador - [DEBUG] - [JUGADOR_0] Pos flotante (pre-límites): (525.8800, 379.0000)
2025-05-19 16:56:58 - jugador - [DEBUG] - [JUGADOR_0] Pos flotante (post-límites): (525.8800, 379.0000)
2025-05-19 16:56:58 - jugador - [DEBUG] - [JUGADOR_0] Movimiento para CH: dx_int=3, dy_int=0. HB (antes CH): (523, 379), PosFlotante: (525.8800,379.0000)
2025-05-19 16:56:58 - jugador - [DEBUG] - [JUGADOR_0] Iniciando gestión de colisión con dx=3, dy=0. Hitbox actual: (523, 379)
2025-05-19 16:56:58 - jugador - [DEBUG] - [JUGADOR_0] Posición POST CH: HB: (526, 379), PosFlotante: (526.00, 379.00)
2025-05-19 16:56:58 - jugador - [DEBUG] - [JUGADOR_0] Delta flotante intentado: dx=3.0600, dy=0.0000 (delta_time: 0.0170)
2025-05-19 16:56:58 - jugador - [DEBUG] - [JUGADOR_0] Pos flotante (pre-límites): (529.0600, 379.0000)
2025-05-19 16:56:58 - jugador - [DEBUG] - [JUGADOR_0] Pos flotante (post-límites): (529.0600, 379.0000)
2025-05-19 16:56:58 - jugador - [DEBUG] - [JUGADOR_0] Movimiento para CH: dx_int=4, dy_int=0. HB (antes CH): (526, 379), PosFlotante: (529.0600,379.0000)
2025-05-19 16:56:58 - jugador - [DEBUG] - [JUGADOR_0] Iniciando gestión de colisión con dx=4, dy=0. Hitbox actual: (526, 379)
2025-05-19 16:56:58 - jugador - [DEBUG] - [JUGADOR_0] Posición POST CH: HB: (530, 379), PosFlotante: (530.00, 379.00)
2025-05-19 16:56:58 - jugador - [DEBUG] - [JUGADOR_0] Input teclado procesado: mov_x_input_raw=-180, mov_y_input_raw=0
2025-05-19 16:56:58 - jugador - [DEBUG] - [JUGADOR_0] Delta flotante intentado: dx=-2.8800, dy=0.0000 (delta_time: 0.0160)
2025-05-19 16:56:58 - jugador - [DEBUG] - [JUGADOR_0] Pos flotante (pre-límites): (527.1200, 379.0000)
2025-05-19 16:56:58 - jugador - [DEBUG] - [JUGADOR_0] Pos flotante (post-límites): (527.1200, 379.0000)
2025-05-19 16:56:58 - jugador - [DEBUG] - [JUGADOR_0] Movimiento para CH: dx_int=-3, dy_int=0. HB (antes CH): (530, 379), PosFlotante: (527.1200,379.0000)
2025-05-19 16:56:58 - jugador - [DEBUG] - [JUGADOR_0] Iniciando gestión de colisión con dx=-3, dy=0. Hitbox actual: (530, 379)
2025-05-19 16:56:58 - jugador - [DEBUG] - [JUGADOR_0] Posición POST CH: HB: (527, 379), PosFlotante: (527.00, 379.00)
2025-05-19 16:56:58 - jugador - [DEBUG] - [JUGADOR_0] Pos flotante (pre-límites): (524.1200, 379.0000)
2025-05-19 16:56:58 - jugador - [DEBUG] - [JUGADOR_0] Pos flotante (post-límites): (524.1200, 379.0000)
2025-05-19 16:56:58 - jugador - [DEBUG] - [JUGADOR_0] Movimiento para CH: dx_int=-3, dy_int=0. HB (antes CH): (527, 379), PosFlotante: (524.1200,379.0000)
2025-05-19 16:56:58 - jugador - [DEBUG] - [JUGADOR_0] Iniciando gestión de colisión con dx=-3, dy=0. Hitbox actual: (527, 379)
2025-05-19 16:56:58 - jugador - [DEBUG] - [JUGADOR_0] Posición POST CH: HB: (524, 379), PosFlotante: (524.00, 379.00)
2025-05-19 16:56:58 - jugador - [DEBUG] - [JUGADOR_0] Pos flotante (pre-límites): (521.1200, 379.0000)
2025-05-19 16:56:58 - jugador - [DEBUG] - [JUGADOR_0] Pos flotante (post-límites): (521.1200, 379.0000)
2025-05-19 16:56:58 - jugador - [DEBUG] - [JUGADOR_0] Movimiento para CH: dx_int=-3, dy_int=0. HB (antes CH): (524, 379), PosFlotante: (521.1200,379.0000)
2025-05-19 16:56:58 - jugador - [DEBUG] - [JUGADOR_0] Iniciando gestión de colisión con dx=-3, dy=0. Hitbox actual: (524, 379)
2025-05-19 16:56:58 - jugador - [DEBUG] - [JUGADOR_0] Posición POST CH: HB: (521, 379), PosFlotante: (521.00, 379.00)
2025-05-19 16:56:58 - jugador - [DEBUG] - [JUGADOR_0] Pos flotante (pre-límites): (518.1200, 379.0000)
2025-05-19 16:56:58 - jugador - [DEBUG] - [JUGADOR_0] Pos flotante (post-límites): (518.1200, 379.0000)
2025-05-19 16:56:58 - jugador - [DEBUG] - [JUGADOR_0] Movimiento para CH: dx_int=-3, dy_int=0. HB (antes CH): (521, 379), PosFlotante: (518.1200,379.0000)
2025-05-19 16:56:58 - jugador - [DEBUG] - [JUGADOR_0] Iniciando gestión de colisión con dx=-3, dy=0. Hitbox actual: (521, 379)
2025-05-19 16:56:58 - jugador - [DEBUG] - [JUGADOR_0] Posición POST CH: HB: (518, 379), PosFlotante: (518.00, 379.00)
2025-05-19 16:56:58 - jugador - [DEBUG] - [JUGADOR_0] Input teclado procesado: mov_x_input_raw=-180, mov_y_input_raw=0
2025-05-19 16:56:58 - jugador - [DEBUG] - [JUGADOR_0] Delta flotante intentado: dx=-3.0600, dy=0.0000 (delta_time: 0.0170)
2025-05-19 16:56:58 - jugador - [DEBUG] - [JUGADOR_0] Pos flotante (pre-límites): (514.9400, 379.0000)
2025-05-19 16:56:58 - jugador - [DEBUG] - [JUGADOR_0] Pos flotante (post-límites): (514.9400, 379.0000)
2025-05-19 16:56:58 - jugador - [DEBUG] - [JUGADOR_0] Movimiento para CH: dx_int=-4, dy_int=0. HB (antes CH): (518, 379), PosFlotante: (514.9400,379.0000)
2025-05-19 16:56:58 - jugador - [DEBUG] - [JUGADOR_0] Iniciando gestión de colisión con dx=-4, dy=0. Hitbox actual: (518, 379)
2025-05-19 16:56:58 - jugador - [DEBUG] - [JUGADOR_0] Posición POST CH: HB: (514, 379), PosFlotante: (514.00, 379.00)
2025-05-19 16:56:58 - jugador - [DEBUG] - [JUGADOR_0] Delta flotante intentado: dx=-2.8800, dy=0.0000 (delta_time: 0.0160)
2025-05-19 16:56:58 - jugador - [DEBUG] - [JUGADOR_0] Pos flotante (pre-límites): (511.1200, 379.0000)
2025-05-19 16:56:58 - jugador - [DEBUG] - [JUGADOR_0] Pos flotante (post-límites): (511.1200, 379.0000)
2025-05-19 16:56:58 - jugador - [DEBUG] - [JUGADOR_0] Movimiento para CH: dx_int=-3, dy_int=0. HB (antes CH): (514, 379), PosFlotante: (511.1200,379.0000)
2025-05-19 16:56:58 - jugador - [DEBUG] - [JUGADOR_0] Iniciando gestión de colisión con dx=-3, dy=0. Hitbox actual: (514, 379)
2025-05-19 16:56:58 - jugador - [DEBUG] - [JUGADOR_0] Posición POST CH: HB: (511, 379), PosFlotante: (511.00, 379.00)
2025-05-19 16:56:58 - jugador - [DEBUG] - [JUGADOR_0] Pos flotante (pre-límites): (508.1200, 379.0000)
2025-05-19 16:56:58 - jugador - [DEBUG] - [JUGADOR_0] Pos flotante (post-límites): (508.1200, 379.0000)
2025-05-19 16:56:58 - jugador - [DEBUG] - [JUGADOR_0] Movimiento para CH: dx_int=-3, dy_int=0. HB (antes CH): (511, 379), PosFlotante: (508.1200,379.0000)
2025-05-19 16:56:58 - jugador - [DEBUG] - [JUGADOR_0] Iniciando gestión de colisión con dx=-3, dy=0. Hitbox actual: (511, 379)
2025-05-19 16:56:58 - jugador - [DEBUG] - [JUGADOR_0] Posición POST CH: HB: (509, 379), PosFlotante: (509.00, 379.00)
2025-05-19 16:56:58 - jugador - [DEBUG] - [JUGADOR_0] Pos flotante (pre-límites): (506.1200, 379.0000)
2025-05-19 16:56:58 - jugador - [DEBUG] - [JUGADOR_0] Pos flotante (post-límites): (506.1200, 379.0000)
2025-05-19 16:56:58 - jugador - [DEBUG] - [JUGADOR_0] Movimiento para CH: dx_int=-3, dy_int=0. HB (antes CH): (509, 379), PosFlotante: (506.1200,379.0000)
2025-05-19 16:56:58 - jugador - [DEBUG] - [JUGADOR_0] Iniciando gestión de colisión con dx=-3, dy=0. Hitbox actual: (509, 379)
2025-05-19 16:56:58 - jugador - [DEBUG] - [JUGADOR_0] Posición POST CH: HB: (510, 379), PosFlotante: (510.00, 379.00)
2025-05-19 16:56:58 - jugador - [DEBUG] - [JUGADOR_0] Input teclado procesado: mov_x_input_raw=-180, mov_y_input_raw=0
2025-05-19 16:56:58 - jugador - [DEBUG] - [JUGADOR_0] Pos flotante (pre-límites): (507.1200, 379.0000)
2025-05-19 16:56:58 - jugador - [DEBUG] - [JUGADOR_0] Pos flotante (post-límites): (507.1200, 379.0000)
2025-05-19 16:56:58 - jugador - [DEBUG] - [JUGADOR_0] Movimiento para CH: dx_int=-3, dy_int=0. HB (antes CH): (510, 379), PosFlotante: (507.1200,379.0000)
2025-05-19 16:56:58 - jugador - [DEBUG] - [JUGADOR_0] Iniciando gestión de colisión con dx=-3, dy=0. Hitbox actual: (510, 379)
2025-05-19 16:56:58 - jugador - [DEBUG] - [JUGADOR_0] Delta flotante intentado: dx=-3.0600, dy=0.0000 (delta_time: 0.0170)
2025-05-19 16:56:58 - jugador - [DEBUG] - [JUGADOR_0] Pos flotante (pre-límites): (507.9400, 379.0000)
2025-05-19 16:56:58 - jugador - [DEBUG] - [JUGADOR_0] Pos flotante (post-límites): (507.9400, 379.0000)
2025-05-19 16:56:58 - jugador - [DEBUG] - [JUGADOR_0] Movimiento para CH: dx_int=-4, dy_int=0. HB (antes CH): (511, 379), PosFlotante: (507.9400,379.0000)
2025-05-19 16:56:58 - jugador - [DEBUG] - [JUGADOR_0] Iniciando gestión de colisión con dx=-4, dy=0. Hitbox actual: (511, 379)
2025-05-19 16:56:58 - jugador - [DEBUG] - [JUGADOR_0] Posición POST CH: HB: (513, 379), PosFlotante: (513.00, 379.00)
2025-05-19 16:56:58 - jugador - [DEBUG] - [JUGADOR_0] Pos flotante (pre-límites): (509.9400, 379.0000)
2025-05-19 16:56:58 - jugador - [DEBUG] - [JUGADOR_0] Pos flotante (post-límites): (509.9400, 379.0000)
2025-05-19 16:56:58 - jugador - [DEBUG] - [JUGADOR_0] Movimiento para CH: dx_int=-4, dy_int=0. HB (antes CH): (513, 379), PosFlotante: (509.9400,379.0000)
2025-05-19 16:56:58 - jugador - [DEBUG] - [JUGADOR_0] Iniciando gestión de colisión con dx=-4, dy=0. Hitbox actual: (513, 379)
2025-05-19 16:56:58 - jugador - [DEBUG] - [JUGADOR_0] Posición POST CH: HB: (515, 379), PosFlotante: (515.00, 379.00)
2025-05-19 16:56:58 - jugador - [DEBUG] - [JUGADOR_0] Input teclado procesado: mov_x_input_raw=-180, mov_y_input_raw=0
2025-05-19 16:56:58 - jugador - [DEBUG] - [JUGADOR_0] Delta flotante intentado: dx=-2.8800, dy=0.0000 (delta_time: 0.0160)
2025-05-19 16:56:58 - jugador - [DEBUG] - [JUGADOR_0] Pos flotante (pre-límites): (512.1200, 379.0000)
2025-05-19 16:56:58 - jugador - [DEBUG] - [JUGADOR_0] Pos flotante (post-límites): (512.1200, 379.0000)
2025-05-19 16:56:58 - jugador - [DEBUG] - [JUGADOR_0] Movimiento para CH: dx_int=-3, dy_int=0. HB (antes CH): (515, 379), PosFlotante: (512.1200,379.0000)
2025-05-19 16:56:58 - jugador - [DEBUG] - [JUGADOR_0] Iniciando gestión de colisión con dx=-3, dy=0. Hitbox actual: (515, 379)
2025-05-19 16:56:58 - jugador - [DEBUG] - [JUGADOR_0] Posición POST CH: HB: (517, 379), PosFlotante: (517.00, 379.00)
2025-05-19 16:56:58 - jugador - [DEBUG] - [JUGADOR_0] Pos flotante (pre-límites): (514.1200, 379.0000)
2025-05-19 16:56:58 - jugador - [DEBUG] - [JUGADOR_0] Pos flotante (post-límites): (514.1200, 379.0000)
2025-05-19 16:56:58 - jugador - [DEBUG] - [JUGADOR_0] Movimiento para CH: dx_int=-3, dy_int=0. HB (antes CH): (517, 379), PosFlotante: (514.1200,379.0000)
2025-05-19 16:56:58 - jugador - [DEBUG] - [JUGADOR_0] Iniciando gestión de colisión con dx=-3, dy=0. Hitbox actual: (517, 379)
2025-05-19 16:56:58 - jugador - [DEBUG] - [JUGADOR_0] Posición POST CH: HB: (519, 379), PosFlotante: (519.00, 379.00)
2025-05-19 16:56:58 - jugador - [DEBUG] - [JUGADOR_0] Delta flotante intentado: dx=-3.0600, dy=0.0000 (delta_time: 0.0170)
2025-05-19 16:56:58 - jugador - [DEBUG] - [JUGADOR_0] Pos flotante (pre-límites): (515.9400, 379.0000)
2025-05-19 16:56:58 - jugador - [DEBUG] - [JUGADOR_0] Pos flotante (post-límites): (515.9400, 379.0000)
2025-05-19 16:56:58 - jugador - [DEBUG] - [JUGADOR_0] Movimiento para CH: dx_int=-4, dy_int=0. HB (antes CH): (519, 379), PosFlotante: (515.9400,379.0000)
2025-05-19 16:56:58 - jugador - [DEBUG] - [JUGADOR_0] Iniciando gestión de colisión con dx=-4, dy=0. Hitbox actual: (519, 379)
2025-05-19 16:56:58 - jugador - [DEBUG] - [JUGADOR_0] Posición POST CH: HB: (521, 379), PosFlotante: (521.00, 379.00)
2025-05-19 16:56:58 - jugador - [DEBUG] - [JUGADOR_0] Pos flotante (pre-límites): (518.1200, 379.0000)
2025-05-19 16:56:58 - jugador - [DEBUG] - [JUGADOR_0] Pos flotante (post-límites): (518.1200, 379.0000)
2025-05-19 16:56:58 - jugador - [DEBUG] - [JUGADOR_0] Movimiento para CH: dx_int=-3, dy_int=0. HB (antes CH): (521, 379), PosFlotante: (518.1200,379.0000)
2025-05-19 16:56:58 - jugador - [DEBUG] - [JUGADOR_0] Iniciando gestión de colisión con dx=-3, dy=0. Hitbox actual: (521, 379)
2025-05-19 16:56:58 - jugador - [DEBUG] - [JUGADOR_0] Posición POST CH: HB: (523, 379), PosFlotante: (523.00, 379.00)
2025-05-19 16:56:58 - jugador - [DEBUG] - [JUGADOR_0] Input teclado procesado: mov_x_input_raw=-180, mov_y_input_raw=-180
2025-05-19 16:56:58 - jugador - [DEBUG] - [JUGADOR_0] Delta flotante intentado: dx=-3.0600, dy=-3.0600 (delta_time: 0.0170)
2025-05-19 16:56:58 - jugador - [DEBUG] - [JUGADOR_0] Pos flotante (pre-límites): (519.9400, 375.9400)
2025-05-19 16:56:58 - jugador - [DEBUG] - [JUGADOR_0] Pos flotante (post-límites): (519.9400, 375.9400)
2025-05-19 16:56:58 - jugador - [DEBUG] - [JUGADOR_0] Movimiento para CH: dx_int=-4, dy_int=-4. HB (antes CH): (523, 379), PosFlotante: (519.9400,375.9400)
2025-05-19 16:56:58 - jugador - [DEBUG] - [JUGADOR_0] Iniciando gestión de colisión con dx=-4, dy=-4. Hitbox actual: (523, 379)
2025-05-19 16:56:58 - jugador - [DEBUG] - [JUGADOR_0] Posición POST CH: HB: (525, 375), PosFlotante: (525.00, 375.00)
2025-05-19 16:56:58 - jugador - [DEBUG] - [JUGADOR_0] Delta flotante intentado: dx=-2.8800, dy=-2.8800 (delta_time: 0.0160)
2025-05-19 16:56:58 - jugador - [DEBUG] - [JUGADOR_0] Pos flotante (pre-límites): (522.1200, 372.1200)
2025-05-19 16:56:58 - jugador - [DEBUG] - [JUGADOR_0] Pos flotante (post-límites): (522.1200, 372.1200)
2025-05-19 16:56:58 - jugador - [DEBUG] - [JUGADOR_0] Movimiento para CH: dx_int=-3, dy_int=-3. HB (antes CH): (525, 375), PosFlotante: (522.1200,372.1200)
2025-05-19 16:56:58 - jugador - [DEBUG] - [JUGADOR_0] Iniciando gestión de colisión con dx=-3, dy=-3. Hitbox actual: (525, 375)
2025-05-19 16:56:58 - jugador - [DEBUG] - [JUGADOR_0] Posición POST CH: HB: (527, 372), PosFlotante: (527.00, 372.00)
2025-05-19 16:56:58 - jugador - [DEBUG] - [JUGADOR_0] Input teclado procesado: mov_x_input_raw=180, mov_y_input_raw=-180
2025-05-19 16:56:58 - jugador - [DEBUG] - [JUGADOR_0] Delta flotante intentado: dx=2.8800, dy=-2.8800 (delta_time: 0.0160)
2025-05-19 16:56:58 - jugador - [DEBUG] - [JUGADOR_0] Pos flotante (pre-límites): (529.8800, 369.1200)
2025-05-19 16:56:58 - jugador - [DEBUG] - [JUGADOR_0] Pos flotante (post-límites): (529.8800, 369.1200)
2025-05-19 16:56:58 - jugador - [DEBUG] - [JUGADOR_0] Movimiento para CH: dx_int=3, dy_int=-3. HB (antes CH): (527, 372), PosFlotante: (529.8800,369.1200)
2025-05-19 16:56:58 - jugador - [DEBUG] - [JUGADOR_0] Iniciando gestión de colisión con dx=3, dy=-3. Hitbox actual: (527, 372)
2025-05-19 16:56:58 - jugador - [DEBUG] - [JUGADOR_0] Posición POST CH: HB: (532, 369), PosFlotante: (532.00, 369.00)
2025-05-19 16:56:58 - jugador - [DEBUG] - [JUGADOR_0] Delta flotante intentado: dx=3.0600, dy=-3.0600 (delta_time: 0.0170)
2025-05-19 16:56:58 - jugador - [DEBUG] - [JUGADOR_0] Pos flotante (pre-límites): (535.0600, 365.9400)
2025-05-19 16:56:58 - jugador - [DEBUG] - [JUGADOR_0] Pos flotante (post-límites): (535.0600, 365.9400)
2025-05-19 16:56:58 - jugador - [DEBUG] - [JUGADOR_0] Movimiento para CH: dx_int=4, dy_int=-4. HB (antes CH): (532, 369), PosFlotante: (535.0600,365.9400)
2025-05-19 16:56:58 - jugador - [DEBUG] - [JUGADOR_0] Iniciando gestión de colisión con dx=4, dy=-4. Hitbox actual: (532, 369)
2025-05-19 16:56:58 - jugador - [DEBUG] - [JUGADOR_0] Posición POST CH: HB: (536, 365), PosFlotante: (536.00, 365.00)
2025-05-19 16:56:58 - jugador - [INFO] - [JUGADOR_0] ATAQUE INICIADO (Cooldown: 700.0ms). Perfil: 'espada_predeterminada'
2025-05-19 16:56:58 - jugador - [DEBUG] - [JUGADOR_0] Pos flotante (pre-límites): (538.8800, 362.1200)
2025-05-19 16:56:58 - jugador - [DEBUG] - [JUGADOR_0] Pos flotante (post-límites): (538.8800, 362.1200)
2025-05-19 16:56:58 - jugador - [DEBUG] - [JUGADOR_0] Movimiento para CH: dx_int=3, dy_int=-3. HB (antes CH): (536, 365), PosFlotante: (538.8800,362.1200)
2025-05-19 16:56:58 - jugador - [DEBUG] - [JUGADOR_0] Iniciando gestión de colisión con dx=3, dy=-3. Hitbox actual: (536, 365)
2025-05-19 16:56:58 - jugador - [DEBUG] - [JUGADOR_0] Posición POST CH: HB: (539, 362), PosFlotante: (539.00, 362.00)
2025-05-19 16:56:58 - jugador - [DEBUG] - [JUGADOR_0] Hitbox ataque: <rect(524, 339, 54, 69)>, Dir: (1.00, 0.00)
2025-05-19 16:56:58 - jugador - [INFO] - [JUGADOR_0] GOLPEÓ a [Enemigo_2] con perfil 'espada_predeterminada'. Daño: 10.0
2025-05-19 16:56:58 - jugador - [DEBUG] - [JUGADOR_0] Pos flotante (pre-límites): (541.8800, 359.1200)
2025-05-19 16:56:58 - jugador - [DEBUG] - [JUGADOR_0] Pos flotante (post-límites): (541.8800, 359.1200)
2025-05-19 16:56:58 - jugador - [DEBUG] - [JUGADOR_0] Movimiento para CH: dx_int=3, dy_int=-3. HB (antes CH): (539, 362), PosFlotante: (541.8800,359.1200)
2025-05-19 16:56:58 - jugador - [DEBUG] - [JUGADOR_0] Iniciando gestión de colisión con dx=3, dy=-3. Hitbox actual: (539, 362)
2025-05-19 16:56:58 - jugador - [DEBUG] - [JUGADOR_0] Posición POST CH: HB: (542, 359), PosFlotante: (542.00, 359.00)
2025-05-19 16:56:58 - jugador - [DEBUG] - [JUGADOR_0] Hitbox ataque: <rect(527, 336, 54, 69)>, Dir: (1.00, 0.00)
2025-05-19 16:56:58 - jugador - [DEBUG] - [JUGADOR_0] Input teclado procesado: mov_x_input_raw=180, mov_y_input_raw=-180
2025-05-19 16:56:58 - jugador - [DEBUG] - [JUGADOR_0] Delta flotante intentado: dx=2.8800, dy=-2.8800 (delta_time: 0.0160)
2025-05-19 16:56:58 - jugador - [DEBUG] - [JUGADOR_0] Pos flotante (pre-límites): (544.8800, 356.1200)
2025-05-19 16:56:58 - jugador - [DEBUG] - [JUGADOR_0] Pos flotante (post-límites): (544.8800, 356.1200)
2025-05-19 16:56:58 - jugador - [DEBUG] - [JUGADOR_0] Movimiento para CH: dx_int=3, dy_int=-3. HB (antes CH): (542, 359), PosFlotante: (544.8800,356.1200)
2025-05-19 16:56:58 - jugador - [DEBUG] - [JUGADOR_0] Iniciando gestión de colisión con dx=3, dy=-3. Hitbox actual: (542, 359)
2025-05-19 16:56:58 - jugador - [DEBUG] - [JUGADOR_0] Posición POST CH: HB: (545, 356), PosFlotante: (545.00, 356.00)
2025-05-19 16:56:58 - jugador - [DEBUG] - [JUGADOR_0] Hitbox ataque: <rect(530, 333, 54, 69)>, Dir: (1.00, 0.00)
2025-05-19 16:56:58 - jugador - [DEBUG] - [JUGADOR_0] Delta flotante intentado: dx=3.0600, dy=-3.0600 (delta_time: 0.0170)
2025-05-19 16:56:58 - jugador - [DEBUG] - [JUGADOR_0] Pos flotante (pre-límites): (548.0600, 352.9400)
2025-05-19 16:56:58 - jugador - [DEBUG] - [JUGADOR_0] Pos flotante (post-límites): (548.0600, 352.9400)
2025-05-19 16:56:58 - jugador - [DEBUG] - [JUGADOR_0] Movimiento para CH: dx_int=4, dy_int=-4. HB (antes CH): (545, 356), PosFlotante: (548.0600,352.9400)
2025-05-19 16:56:58 - jugador - [DEBUG] - [JUGADOR_0] Iniciando gestión de colisión con dx=4, dy=-4. Hitbox actual: (545, 356)
2025-05-19 16:56:58 - jugador - [DEBUG] - [JUGADOR_0] Posición POST CH: HB: (549, 352), PosFlotante: (549.00, 352.00)
2025-05-19 16:56:58 - jugador - [DEBUG] - [JUGADOR_0] Hitbox ataque: <rect(534, 329, 54, 69)>, Dir: (1.00, 0.00)
2025-05-19 16:56:58 - jugador - [DEBUG] - [JUGADOR_0] Pos flotante (pre-límites): (552.0600, 348.9400)
2025-05-19 16:56:58 - jugador - [DEBUG] - [JUGADOR_0] Pos flotante (post-límites): (552.0600, 348.9400)
2025-05-19 16:56:58 - jugador - [DEBUG] - [JUGADOR_0] Movimiento para CH: dx_int=4, dy_int=-4. HB (antes CH): (549, 352), PosFlotante: (552.0600,348.9400)
2025-05-19 16:56:58 - jugador - [DEBUG] - [JUGADOR_0] Iniciando gestión de colisión con dx=4, dy=-4. Hitbox actual: (549, 352)
2025-05-19 16:56:58 - jugador - [DEBUG] - [JUGADOR_0] Posición POST CH: HB: (553, 348), PosFlotante: (553.00, 348.00)
2025-05-19 16:56:58 - jugador - [DEBUG] - [JUGADOR_0] Hitbox ataque: <rect(538, 325, 54, 69)>, Dir: (1.00, 0.00)
2025-05-19 16:56:58 - jugador - [DEBUG] - [JUGADOR_0] Pos flotante (pre-límites): (555.8800, 345.1200)
2025-05-19 16:56:58 - jugador - [DEBUG] - [JUGADOR_0] Pos flotante (post-límites): (555.8800, 345.1200)
2025-05-19 16:56:58 - jugador - [DEBUG] - [JUGADOR_0] Movimiento para CH: dx_int=3, dy_int=-3. HB (antes CH): (553, 348), PosFlotante: (555.8800,345.1200)
2025-05-19 16:56:58 - jugador - [DEBUG] - [JUGADOR_0] Iniciando gestión de colisión con dx=3, dy=-3. Hitbox actual: (553, 348)
2025-05-19 16:56:58 - jugador - [DEBUG] - [JUGADOR_0] Posición POST CH: HB: (556, 345), PosFlotante: (556.00, 345.00)
2025-05-19 16:56:58 - jugador - [DEBUG] - [JUGADOR_0] Hitbox ataque: <rect(541, 322, 54, 69)>, Dir: (1.00, 0.00)
2025-05-19 16:56:58 - jugador - [DEBUG] - [JUGADOR_0] Input teclado procesado: mov_x_input_raw=180, mov_y_input_raw=-180
2025-05-19 16:56:58 - jugador - [DEBUG] - [JUGADOR_0] Delta flotante intentado: dx=2.8800, dy=-2.8800 (delta_time: 0.0160)
2025-05-19 16:56:58 - jugador - [DEBUG] - [JUGADOR_0] Pos flotante (pre-límites): (558.8800, 342.1200)
2025-05-19 16:56:58 - jugador - [DEBUG] - [JUGADOR_0] Pos flotante (post-límites): (558.8800, 342.1200)
2025-05-19 16:56:58 - jugador - [DEBUG] - [JUGADOR_0] Movimiento para CH: dx_int=3, dy_int=-3. HB (antes CH): (556, 345), PosFlotante: (558.8800,342.1200)
2025-05-19 16:56:58 - jugador - [DEBUG] - [JUGADOR_0] Iniciando gestión de colisión con dx=3, dy=-3. Hitbox actual: (556, 345)
2025-05-19 16:56:58 - jugador - [DEBUG] - [JUGADOR_0] Posición POST CH: HB: (559, 342), PosFlotante: (559.00, 342.00)
2025-05-19 16:56:58 - jugador - [DEBUG] - [JUGADOR_0] Hitbox ataque: <rect(544, 319, 54, 69)>, Dir: (1.00, 0.00)
2025-05-19 16:56:58 - jugador - [INFO] - [JUGADOR_0] GOLPEÓ a [Enemigo_1] con perfil 'espada_predeterminada'. Daño: 10.0
2025-05-19 16:56:58 - jugador - [DEBUG] - [JUGADOR_0] Pos flotante (pre-límites): (561.8800, 339.1200)
2025-05-19 16:56:58 - jugador - [DEBUG] - [JUGADOR_0] Pos flotante (post-límites): (561.8800, 339.1200)
2025-05-19 16:56:58 - jugador - [DEBUG] - [JUGADOR_0] Movimiento para CH: dx_int=3, dy_int=-3. HB (antes CH): (559, 342), PosFlotante: (561.8800,339.1200)
2025-05-19 16:56:58 - jugador - [DEBUG] - [JUGADOR_0] Iniciando gestión de colisión con dx=3, dy=-3. Hitbox actual: (559, 342)
2025-05-19 16:56:58 - jugador - [DEBUG] - [JUGADOR_0] Posición POST CH: HB: (562, 339), PosFlotante: (562.00, 339.00)
2025-05-19 16:56:58 - jugador - [DEBUG] - [JUGADOR_0] Hitbox ataque: <rect(547, 316, 54, 69)>, Dir: (1.00, 0.00)
2025-05-19 16:56:58 - jugador - [DEBUG] - [JUGADOR_0] Input teclado procesado: mov_x_input_raw=180, mov_y_input_raw=0
2025-05-19 16:56:58 - jugador - [DEBUG] - [JUGADOR_0] Delta flotante intentado: dx=2.8800, dy=0.0000 (delta_time: 0.0160)
2025-05-19 16:56:58 - jugador - [DEBUG] - [JUGADOR_0] Pos flotante (pre-límites): (564.8800, 339.0000)
2025-05-19 16:56:58 - jugador - [DEBUG] - [JUGADOR_0] Pos flotante (post-límites): (564.8800, 339.0000)
2025-05-19 16:56:58 - jugador - [DEBUG] - [JUGADOR_0] Movimiento para CH: dx_int=3, dy_int=0. HB (antes CH): (562, 339), PosFlotante: (564.8800,339.0000)
2025-05-19 16:56:58 - jugador - [DEBUG] - [JUGADOR_0] Iniciando gestión de colisión con dx=3, dy=0. Hitbox actual: (562, 339)
2025-05-19 16:56:58 - jugador - [DEBUG] - [JUGADOR_0] Posición POST CH: HB: (565, 339), PosFlotante: (565.00, 339.00)
2025-05-19 16:56:58 - jugador - [DEBUG] - [JUGADOR_0] Hitbox ataque: <rect(550, 316, 54, 69)>, Dir: (1.00, 0.00)
2025-05-19 16:56:58 - jugador - [DEBUG] - [JUGADOR_0] Pos flotante (pre-límites): (567.8800, 339.0000)
2025-05-19 16:56:58 - jugador - [DEBUG] - [JUGADOR_0] Pos flotante (post-límites): (567.8800, 339.0000)
2025-05-19 16:56:58 - jugador - [DEBUG] - [JUGADOR_0] Movimiento para CH: dx_int=3, dy_int=0. HB (antes CH): (565, 339), PosFlotante: (567.8800,339.0000)
2025-05-19 16:56:58 - jugador - [DEBUG] - [JUGADOR_0] Iniciando gestión de colisión con dx=3, dy=0. Hitbox actual: (565, 339)
2025-05-19 16:56:58 - jugador - [DEBUG] - [JUGADOR_0] Posición POST CH: HB: (568, 339), PosFlotante: (568.00, 339.00)
2025-05-19 16:56:58 - jugador - [DEBUG] - [JUGADOR_0] Hitbox ataque: <rect(553, 316, 54, 69)>, Dir: (1.00, 0.00)
2025-05-19 16:56:58 - jugador - [DEBUG] - [JUGADOR_0] Delta flotante intentado: dx=3.0600, dy=0.0000 (delta_time: 0.0170)
2025-05-19 16:56:58 - jugador - [DEBUG] - [JUGADOR_0] Pos flotante (pre-límites): (571.0600, 339.0000)
2025-05-19 16:56:58 - jugador - [DEBUG] - [JUGADOR_0] Pos flotante (post-límites): (571.0600, 339.0000)
2025-05-19 16:56:58 - jugador - [DEBUG] - [JUGADOR_0] Movimiento para CH: dx_int=4, dy_int=0. HB (antes CH): (568, 339), PosFlotante: (571.0600,339.0000)
2025-05-19 16:56:58 - jugador - [DEBUG] - [JUGADOR_0] Iniciando gestión de colisión con dx=4, dy=0. Hitbox actual: (568, 339)
2025-05-19 16:56:58 - jugador - [DEBUG] - [JUGADOR_0] Posición POST CH: HB: (572, 339), PosFlotante: (572.00, 339.00)
2025-05-19 16:56:58 - jugador - [DEBUG] - [JUGADOR_0] Hitbox ataque: <rect(557, 316, 54, 69)>, Dir: (1.00, 0.00)
2025-05-19 16:56:58 - jugador - [DEBUG] - [JUGADOR_0] Pos flotante (pre-límites): (575.0600, 339.0000)
2025-05-19 16:56:58 - jugador - [DEBUG] - [JUGADOR_0] Pos flotante (post-límites): (575.0600, 339.0000)
2025-05-19 16:56:58 - jugador - [DEBUG] - [JUGADOR_0] Movimiento para CH: dx_int=4, dy_int=0. HB (antes CH): (572, 339), PosFlotante: (575.0600,339.0000)
2025-05-19 16:56:58 - jugador - [DEBUG] - [JUGADOR_0] Iniciando gestión de colisión con dx=4, dy=0. Hitbox actual: (572, 339)
2025-05-19 16:56:58 - jugador - [DEBUG] - [JUGADOR_0] Posición POST CH: HB: (576, 339), PosFlotante: (576.00, 339.00)
2025-05-19 16:56:58 - jugador - [DEBUG] - [JUGADOR_0] Hitbox ataque: <rect(561, 316, 54, 69)>, Dir: (1.00, 0.00)
2025-05-19 16:56:58 - jugador - [DEBUG] - [JUGADOR_0] Input teclado procesado: mov_x_input_raw=180, mov_y_input_raw=0
2025-05-19 16:56:58 - jugador - [DEBUG] - [JUGADOR_0] Pos flotante (pre-límites): (579.0600, 339.0000)
2025-05-19 16:56:58 - jugador - [DEBUG] - [JUGADOR_0] Pos flotante (post-límites): (579.0600, 339.0000)
2025-05-19 16:56:58 - jugador - [DEBUG] - [JUGADOR_0] Movimiento para CH: dx_int=4, dy_int=0. HB (antes CH): (576, 339), PosFlotante: (579.0600,339.0000)
2025-05-19 16:56:58 - jugador - [DEBUG] - [JUGADOR_0] Iniciando gestión de colisión con dx=4, dy=0. Hitbox actual: (576, 339)
2025-05-19 16:56:58 - jugador - [DEBUG] - [JUGADOR_0] Posición POST CH: HB: (580, 339), PosFlotante: (580.00, 339.00)
2025-05-19 16:56:58 - jugador - [DEBUG] - [JUGADOR_0] Hitbox ataque: <rect(565, 316, 54, 69)>, Dir: (1.00, 0.00)
2025-05-19 16:56:58 - jugador - [DEBUG] - [JUGADOR_0] Delta flotante intentado: dx=2.8800, dy=0.0000 (delta_time: 0.0160)
2025-05-19 16:56:58 - jugador - [DEBUG] - [JUGADOR_0] Pos flotante (pre-límites): (582.8800, 339.0000)
2025-05-19 16:56:58 - jugador - [DEBUG] - [JUGADOR_0] Pos flotante (post-límites): (582.8800, 339.0000)
2025-05-19 16:56:58 - jugador - [DEBUG] - [JUGADOR_0] Movimiento para CH: dx_int=3, dy_int=0. HB (antes CH): (580, 339), PosFlotante: (582.8800,339.0000)
2025-05-19 16:56:58 - jugador - [DEBUG] - [JUGADOR_0] Iniciando gestión de colisión con dx=3, dy=0. Hitbox actual: (580, 339)
2025-05-19 16:56:58 - jugador - [DEBUG] - [JUGADOR_0] Posición POST CH: HB: (583, 339), PosFlotante: (583.00, 339.00)
2025-05-19 16:56:58 - jugador - [DEBUG] - [JUGADOR_0] Hitbox ataque: <rect(568, 316, 54, 69)>, Dir: (1.00, 0.00)
2025-05-19 16:56:58 - jugador - [DEBUG] - [JUGADOR_0] Delta flotante intentado: dx=3.0600, dy=0.0000 (delta_time: 0.0170)
2025-05-19 16:56:58 - jugador - [DEBUG] - [JUGADOR_0] Pos flotante (pre-límites): (586.0600, 339.0000)
2025-05-19 16:56:58 - jugador - [DEBUG] - [JUGADOR_0] Pos flotante (post-límites): (586.0600, 339.0000)
2025-05-19 16:56:58 - jugador - [DEBUG] - [JUGADOR_0] Movimiento para CH: dx_int=4, dy_int=0. HB (antes CH): (583, 339), PosFlotante: (586.0600,339.0000)
2025-05-19 16:56:58 - jugador - [DEBUG] - [JUGADOR_0] Iniciando gestión de colisión con dx=4, dy=0. Hitbox actual: (583, 339)
2025-05-19 16:56:58 - jugador - [DEBUG] - [JUGADOR_0] Posición POST CH: HB: (587, 339), PosFlotante: (587.00, 339.00)
2025-05-19 16:56:58 - jugador - [DEBUG] - [JUGADOR_0] Hitbox ataque: <rect(572, 316, 54, 69)>, Dir: (1.00, 0.00)
2025-05-19 16:56:58 - jugador - [DEBUG] - [JUGADOR_0] Pos flotante (pre-límites): (589.8800, 339.0000)
2025-05-19 16:56:58 - jugador - [DEBUG] - [JUGADOR_0] Pos flotante (post-límites): (589.8800, 339.0000)
2025-05-19 16:56:58 - jugador - [DEBUG] - [JUGADOR_0] Movimiento para CH: dx_int=3, dy_int=0. HB (antes CH): (587, 339), PosFlotante: (589.8800,339.0000)
2025-05-19 16:56:58 - jugador - [DEBUG] - [JUGADOR_0] Iniciando gestión de colisión con dx=3, dy=0. Hitbox actual: (587, 339)
2025-05-19 16:56:58 - jugador - [DEBUG] - [JUGADOR_0] Posición POST CH: HB: (590, 339), PosFlotante: (590.00, 339.00)
2025-05-19 16:56:58 - jugador - [DEBUG] - [JUGADOR_0] Hitbox ataque: <rect(575, 316, 54, 69)>, Dir: (1.00, 0.00)
2025-05-19 16:56:58 - jugador - [DEBUG] - [JUGADOR_0] Input teclado procesado: mov_x_input_raw=180, mov_y_input_raw=0
2025-05-19 16:56:58 - jugador - [DEBUG] - [JUGADOR_0] Pos flotante (pre-límites): (593.0600, 339.0000)
2025-05-19 16:56:58 - jugador - [DEBUG] - [JUGADOR_0] Pos flotante (post-límites): (593.0600, 339.0000)
2025-05-19 16:56:58 - jugador - [DEBUG] - [JUGADOR_0] Movimiento para CH: dx_int=4, dy_int=0. HB (antes CH): (590, 339), PosFlotante: (593.0600,339.0000)
2025-05-19 16:56:58 - jugador - [DEBUG] - [JUGADOR_0] Iniciando gestión de colisión con dx=4, dy=0. Hitbox actual: (590, 339)
2025-05-19 16:56:58 - jugador - [DEBUG] - [JUGADOR_0] Posición POST CH: HB: (594, 339), PosFlotante: (594.00, 339.00)
2025-05-19 16:56:58 - jugador - [DEBUG] - [JUGADOR_0] ATAQUE FINALIZADO (Duración: 260ms). Enemigos golpeados: 2
2025-05-19 16:56:58 - jugador - [DEBUG] - [JUGADOR_0] Delta flotante intentado: dx=2.8800, dy=0.0000 (delta_time: 0.0160)
2025-05-19 16:56:58 - jugador - [DEBUG] - [JUGADOR_0] Pos flotante (pre-límites): (596.8800, 339.0000)
2025-05-19 16:56:58 - jugador - [DEBUG] - [JUGADOR_0] Pos flotante (post-límites): (596.8800, 339.0000)
2025-05-19 16:56:58 - jugador - [DEBUG] - [JUGADOR_0] Movimiento para CH: dx_int=3, dy_int=0. HB (antes CH): (594, 339), PosFlotante: (596.8800,339.0000)
2025-05-19 16:56:58 - jugador - [DEBUG] - [JUGADOR_0] Iniciando gestión de colisión con dx=3, dy=0. Hitbox actual: (594, 339)
2025-05-19 16:56:58 - jugador - [DEBUG] - [JUGADOR_0] Posición POST CH: HB: (597, 339), PosFlotante: (597.00, 339.00)
2025-05-19 16:56:58 - jugador - [DEBUG] - [JUGADOR_0] Delta flotante intentado: dx=3.0600, dy=0.0000 (delta_time: 0.0170)
2025-05-19 16:56:58 - jugador - [DEBUG] - [JUGADOR_0] Pos flotante (pre-límites): (600.0600, 339.0000)
2025-05-19 16:56:58 - jugador - [DEBUG] - [JUGADOR_0] Pos flotante (post-límites): (600.0600, 339.0000)
2025-05-19 16:56:58 - jugador - [DEBUG] - [JUGADOR_0] Movimiento para CH: dx_int=4, dy_int=0. HB (antes CH): (597, 339), PosFlotante: (600.0600,339.0000)
2025-05-19 16:56:58 - jugador - [DEBUG] - [JUGADOR_0] Iniciando gestión de colisión con dx=4, dy=0. Hitbox actual: (597, 339)
2025-05-19 16:56:58 - jugador - [DEBUG] - [JUGADOR_0] Posición POST CH: HB: (601, 339), PosFlotante: (601.00, 339.00)
2025-05-19 16:56:58 - jugador - [DEBUG] - [JUGADOR_0] Input teclado procesado: mov_x_input_raw=-180, mov_y_input_raw=0
2025-05-19 16:56:58 - jugador - [DEBUG] - [JUGADOR_0] Delta flotante intentado: dx=-2.8800, dy=0.0000 (delta_time: 0.0160)
2025-05-19 16:56:58 - jugador - [DEBUG] - [JUGADOR_0] Pos flotante (pre-límites): (598.1200, 339.0000)
2025-05-19 16:56:58 - jugador - [DEBUG] - [JUGADOR_0] Pos flotante (post-límites): (598.1200, 339.0000)
2025-05-19 16:56:58 - jugador - [DEBUG] - [JUGADOR_0] Movimiento para CH: dx_int=-3, dy_int=0. HB (antes CH): (601, 339), PosFlotante: (598.1200,339.0000)
2025-05-19 16:56:58 - jugador - [DEBUG] - [JUGADOR_0] Iniciando gestión de colisión con dx=-3, dy=0. Hitbox actual: (601, 339)
2025-05-19 16:56:58 - jugador - [DEBUG] - [JUGADOR_0] Posición POST CH: HB: (598, 339), PosFlotante: (598.00, 339.00)
2025-05-19 16:56:59 - jugador - [DEBUG] - [JUGADOR_0] Delta flotante intentado: dx=-3.0600, dy=0.0000 (delta_time: 0.0170)
2025-05-19 16:56:59 - jugador - [DEBUG] - [JUGADOR_0] Pos flotante (pre-límites): (594.9400, 339.0000)
2025-05-19 16:56:59 - jugador - [DEBUG] - [JUGADOR_0] Pos flotante (post-límites): (594.9400, 339.0000)
2025-05-19 16:56:59 - jugador - [DEBUG] - [JUGADOR_0] Movimiento para CH: dx_int=-4, dy_int=0. HB (antes CH): (598, 339), PosFlotante: (594.9400,339.0000)
2025-05-19 16:56:59 - jugador - [DEBUG] - [JUGADOR_0] Iniciando gestión de colisión con dx=-4, dy=0. Hitbox actual: (598, 339)
2025-05-19 16:56:59 - jugador - [DEBUG] - [JUGADOR_0] Posición POST CH: HB: (594, 339), PosFlotante: (594.00, 339.00)
2025-05-19 16:56:59 - jugador - [DEBUG] - [JUGADOR_0] Pos flotante (pre-límites): (591.1200, 339.0000)
2025-05-19 16:56:59 - jugador - [DEBUG] - [JUGADOR_0] Pos flotante (post-límites): (591.1200, 339.0000)
2025-05-19 16:56:59 - jugador - [DEBUG] - [JUGADOR_0] Movimiento para CH: dx_int=-3, dy_int=0. HB (antes CH): (594, 339), PosFlotante: (591.1200,339.0000)
2025-05-19 16:56:59 - jugador - [DEBUG] - [JUGADOR_0] Iniciando gestión de colisión con dx=-3, dy=0. Hitbox actual: (594, 339)
2025-05-19 16:56:59 - jugador - [DEBUG] - [JUGADOR_0] Posición POST CH: HB: (591, 339), PosFlotante: (591.00, 339.00)
2025-05-19 16:56:59 - jugador - [DEBUG] - [JUGADOR_0] Pos flotante (pre-límites): (587.9400, 339.0000)
2025-05-19 16:56:59 - jugador - [DEBUG] - [JUGADOR_0] Pos flotante (post-límites): (587.9400, 339.0000)
2025-05-19 16:56:59 - jugador - [DEBUG] - [JUGADOR_0] Movimiento para CH: dx_int=-4, dy_int=0. HB (antes CH): (591, 339), PosFlotante: (587.9400,339.0000)
2025-05-19 16:56:59 - jugador - [DEBUG] - [JUGADOR_0] Iniciando gestión de colisión con dx=-4, dy=0. Hitbox actual: (591, 339)
2025-05-19 16:56:59 - jugador - [DEBUG] - [JUGADOR_0] Input teclado procesado: mov_x_input_raw=-180, mov_y_input_raw=0
2025-05-19 16:56:59 - jugador - [DEBUG] - [JUGADOR_0] Posición POST CH: HB: (592, 339), PosFlotante: (592.00, 339.00)
2025-05-19 16:56:59 - jugador - [DEBUG] - [JUGADOR_0] Delta flotante intentado: dx=-2.8800, dy=0.0000 (delta_time: 0.0160)
2025-05-19 16:56:59 - jugador - [DEBUG] - [JUGADOR_0] Pos flotante (pre-límites): (589.1200, 339.0000)
2025-05-19 16:56:59 - jugador - [DEBUG] - [JUGADOR_0] Pos flotante (post-límites): (589.1200, 339.0000)
2025-05-19 16:56:59 - jugador - [DEBUG] - [JUGADOR_0] Movimiento para CH: dx_int=-3, dy_int=0. HB (antes CH): (592, 339), PosFlotante: (589.1200,339.0000)
2025-05-19 16:56:59 - jugador - [DEBUG] - [JUGADOR_0] Iniciando gestión de colisión con dx=-3, dy=0. Hitbox actual: (592, 339)
2025-05-19 16:56:59 - jugador - [DEBUG] - [JUGADOR_0] Posición POST CH: HB: (593, 339), PosFlotante: (593.00, 339.00)
2025-05-19 16:56:59 - jugador - [DEBUG] - [JUGADOR_0] Pos flotante (pre-límites): (590.1200, 339.0000)
2025-05-19 16:56:59 - jugador - [DEBUG] - [JUGADOR_0] Pos flotante (post-límites): (590.1200, 339.0000)
2025-05-19 16:56:59 - jugador - [DEBUG] - [JUGADOR_0] Movimiento para CH: dx_int=-3, dy_int=0. HB (antes CH): (593, 339), PosFlotante: (590.1200,339.0000)
2025-05-19 16:56:59 - jugador - [DEBUG] - [JUGADOR_0] Iniciando gestión de colisión con dx=-3, dy=0. Hitbox actual: (593, 339)
2025-05-19 16:56:59 - jugador - [DEBUG] - [JUGADOR_0] Posición POST CH: HB: (594, 339), PosFlotante: (594.00, 339.00)
2025-05-19 16:56:59 - jugador - [DEBUG] - [JUGADOR_0] Pos flotante (pre-límites): (591.1200, 339.0000)
2025-05-19 16:56:59 - jugador - [DEBUG] - [JUGADOR_0] Pos flotante (post-límites): (591.1200, 339.0000)
2025-05-19 16:56:59 - jugador - [DEBUG] - [JUGADOR_0] Movimiento para CH: dx_int=-3, dy_int=0. HB (antes CH): (594, 339), PosFlotante: (591.1200,339.0000)
2025-05-19 16:56:59 - jugador - [DEBUG] - [JUGADOR_0] Iniciando gestión de colisión con dx=-3, dy=0. Hitbox actual: (594, 339)
2025-05-19 16:56:59 - jugador - [DEBUG] - [JUGADOR_0] Posición POST CH: HB: (595, 339), PosFlotante: (595.00, 339.00)
2025-05-19 16:56:59 - jugador - [DEBUG] - [JUGADOR_0] Input teclado procesado: mov_x_input_raw=-180, mov_y_input_raw=0
2025-05-19 16:56:59 - jugador - [DEBUG] - [JUGADOR_0] Pos flotante (pre-límites): (592.1200, 339.0000)
2025-05-19 16:56:59 - jugador - [DEBUG] - [JUGADOR_0] Pos flotante (post-límites): (592.1200, 339.0000)
2025-05-19 16:56:59 - jugador - [DEBUG] - [JUGADOR_0] Movimiento para CH: dx_int=-3, dy_int=0. HB (antes CH): (595, 339), PosFlotante: (592.1200,339.0000)
2025-05-19 16:56:59 - jugador - [DEBUG] - [JUGADOR_0] Iniciando gestión de colisión con dx=-3, dy=0. Hitbox actual: (595, 339)
2025-05-19 16:56:59 - jugador - [DEBUG] - [JUGADOR_0] Posición POST CH: HB: (596, 339), PosFlotante: (596.00, 339.00)
2025-05-19 16:56:59 - jugador - [DEBUG] - [JUGADOR_0] Delta flotante intentado: dx=-3.0600, dy=0.0000 (delta_time: 0.0170)
2025-05-19 16:56:59 - jugador - [DEBUG] - [JUGADOR_0] Pos flotante (pre-límites): (592.9400, 339.0000)
2025-05-19 16:56:59 - jugador - [DEBUG] - [JUGADOR_0] Pos flotante (post-límites): (592.9400, 339.0000)
2025-05-19 16:56:59 - jugador - [DEBUG] - [JUGADOR_0] Movimiento para CH: dx_int=-4, dy_int=0. HB (antes CH): (596, 339), PosFlotante: (592.9400,339.0000)
2025-05-19 16:56:59 - jugador - [DEBUG] - [JUGADOR_0] Iniciando gestión de colisión con dx=-4, dy=0. Hitbox actual: (596, 339)
2025-05-19 16:56:59 - jugador - [DEBUG] - [JUGADOR_0] Posición POST CH: HB: (598, 339), PosFlotante: (598.00, 339.00)
2025-05-19 16:56:59 - jugador - [DEBUG] - [JUGADOR_0] Delta flotante intentado: dx=-2.8800, dy=0.0000 (delta_time: 0.0160)
2025-05-19 16:56:59 - jugador - [DEBUG] - [JUGADOR_0] Pos flotante (pre-límites): (595.1200, 339.0000)
2025-05-19 16:56:59 - jugador - [DEBUG] - [JUGADOR_0] Pos flotante (post-límites): (595.1200, 339.0000)
2025-05-19 16:56:59 - jugador - [DEBUG] - [JUGADOR_0] Movimiento para CH: dx_int=-3, dy_int=0. HB (antes CH): (598, 339), PosFlotante: (595.1200,339.0000)
2025-05-19 16:56:59 - jugador - [DEBUG] - [JUGADOR_0] Iniciando gestión de colisión con dx=-3, dy=0. Hitbox actual: (598, 339)
2025-05-19 16:56:59 - jugador - [DEBUG] - [JUGADOR_0] Posición POST CH: HB: (599, 339), PosFlotante: (599.00, 339.00)
2025-05-19 16:56:59 - jugador - [DEBUG] - [JUGADOR_0] Pos flotante (pre-límites): (596.1200, 339.0000)
2025-05-19 16:56:59 - jugador - [DEBUG] - [JUGADOR_0] Pos flotante (post-límites): (596.1200, 339.0000)
2025-05-19 16:56:59 - jugador - [DEBUG] - [JUGADOR_0] Movimiento para CH: dx_int=-3, dy_int=0. HB (antes CH): (599, 339), PosFlotante: (596.1200,339.0000)
2025-05-19 16:56:59 - jugador - [DEBUG] - [JUGADOR_0] Iniciando gestión de colisión con dx=-3, dy=0. Hitbox actual: (599, 339)
2025-05-19 16:56:59 - jugador - [DEBUG] - [JUGADOR_0] Posición POST CH: HB: (600, 339), PosFlotante: (600.00, 339.00)
2025-05-19 16:56:59 - jugador - [DEBUG] - [JUGADOR_0] Input teclado procesado: mov_x_input_raw=-180, mov_y_input_raw=0
2025-05-19 16:56:59 - jugador - [DEBUG] - [JUGADOR_0] Pos flotante (pre-límites): (597.1200, 339.0000)
2025-05-19 16:56:59 - jugador - [DEBUG] - [JUGADOR_0] Pos flotante (post-límites): (597.1200, 339.0000)
2025-05-19 16:56:59 - jugador - [DEBUG] - [JUGADOR_0] Movimiento para CH: dx_int=-3, dy_int=0. HB (antes CH): (600, 339), PosFlotante: (597.1200,339.0000)
2025-05-19 16:56:59 - jugador - [DEBUG] - [JUGADOR_0] Iniciando gestión de colisión con dx=-3, dy=0. Hitbox actual: (600, 339)
2025-05-19 16:56:59 - jugador - [DEBUG] - [JUGADOR_0] Posición POST CH: HB: (601, 339), PosFlotante: (601.00, 339.00)
2025-05-19 16:56:59 - jugador - [DEBUG] - [JUGADOR_0] Delta flotante intentado: dx=-3.0600, dy=0.0000 (delta_time: 0.0170)
2025-05-19 16:56:59 - jugador - [DEBUG] - [JUGADOR_0] Pos flotante (pre-límites): (597.9400, 339.0000)
2025-05-19 16:56:59 - jugador - [DEBUG] - [JUGADOR_0] Pos flotante (post-límites): (597.9400, 339.0000)
2025-05-19 16:56:59 - jugador - [DEBUG] - [JUGADOR_0] Movimiento para CH: dx_int=-4, dy_int=0. HB (antes CH): (601, 339), PosFlotante: (597.9400,339.0000)
2025-05-19 16:56:59 - jugador - [DEBUG] - [JUGADOR_0] Iniciando gestión de colisión con dx=-4, dy=0. Hitbox actual: (601, 339)
2025-05-19 16:56:59 - jugador - [DEBUG] - [JUGADOR_0] Posición POST CH: HB: (603, 339), PosFlotante: (603.00, 339.00)
2025-05-19 16:56:59 - jugador - [DEBUG] - [JUGADOR_0] Pos flotante (pre-límites): (599.9400, 339.0000)
2025-05-19 16:56:59 - jugador - [DEBUG] - [JUGADOR_0] Pos flotante (post-límites): (599.9400, 339.0000)
2025-05-19 16:56:59 - jugador - [DEBUG] - [JUGADOR_0] Movimiento para CH: dx_int=-4, dy_int=0. HB (antes CH): (603, 339), PosFlotante: (599.9400,339.0000)
2025-05-19 16:56:59 - jugador - [DEBUG] - [JUGADOR_0] Iniciando gestión de colisión con dx=-4, dy=0. Hitbox actual: (603, 339)
2025-05-19 16:56:59 - jugador - [DEBUG] - [JUGADOR_0] Posición POST CH: HB: (605, 339), PosFlotante: (605.00, 339.00)
2025-05-19 16:56:59 - jugador - [DEBUG] - [JUGADOR_0] Delta flotante intentado: dx=-2.8800, dy=0.0000 (delta_time: 0.0160)
2025-05-19 16:56:59 - jugador - [DEBUG] - [JUGADOR_0] Pos flotante (pre-límites): (602.1200, 339.0000)
2025-05-19 16:56:59 - jugador - [DEBUG] - [JUGADOR_0] Pos flotante (post-límites): (602.1200, 339.0000)
2025-05-19 16:56:59 - jugador - [DEBUG] - [JUGADOR_0] Movimiento para CH: dx_int=-3, dy_int=0. HB (antes CH): (605, 339), PosFlotante: (602.1200,339.0000)
2025-05-19 16:56:59 - jugador - [DEBUG] - [JUGADOR_0] Iniciando gestión de colisión con dx=-3, dy=0. Hitbox actual: (605, 339)
2025-05-19 16:56:59 - jugador - [DEBUG] - [JUGADOR_0] Posición POST CH: HB: (606, 339), PosFlotante: (606.00, 339.00)
2025-05-19 16:56:59 - jugador - [DEBUG] - [JUGADOR_0] Input teclado procesado: mov_x_input_raw=-180, mov_y_input_raw=0
2025-05-19 16:56:59 - jugador - [DEBUG] - [JUGADOR_0] Pos flotante (pre-límites): (603.1200, 339.0000)
2025-05-19 16:56:59 - jugador - [DEBUG] - [JUGADOR_0] Pos flotante (post-límites): (603.1200, 339.0000)
2025-05-19 16:56:59 - jugador - [DEBUG] - [JUGADOR_0] Movimiento para CH: dx_int=-3, dy_int=0. HB (antes CH): (606, 339), PosFlotante: (603.1200,339.0000)
2025-05-19 16:56:59 - jugador - [DEBUG] - [JUGADOR_0] Iniciando gestión de colisión con dx=-3, dy=0. Hitbox actual: (606, 339)
2025-05-19 16:56:59 - jugador - [DEBUG] - [JUGADOR_0] Posición POST CH: HB: (607, 339), PosFlotante: (607.00, 339.00)
2025-05-19 16:56:59 - jugador - [DEBUG] - [JUGADOR_0] Pos flotante (pre-límites): (604.1200, 339.0000)
2025-05-19 16:56:59 - jugador - [DEBUG] - [JUGADOR_0] Pos flotante (post-límites): (604.1200, 339.0000)
2025-05-19 16:56:59 - jugador - [DEBUG] - [JUGADOR_0] Movimiento para CH: dx_int=-3, dy_int=0. HB (antes CH): (607, 339), PosFlotante: (604.1200,339.0000)
2025-05-19 16:56:59 - jugador - [DEBUG] - [JUGADOR_0] Iniciando gestión de colisión con dx=-3, dy=0. Hitbox actual: (607, 339)
2025-05-19 16:56:59 - jugador - [DEBUG] - [JUGADOR_0] Posición POST CH: HB: (608, 339), PosFlotante: (608.00, 339.00)
2025-05-19 16:56:59 - jugador - [DEBUG] - [JUGADOR_0] Delta flotante intentado: dx=-3.0600, dy=0.0000 (delta_time: 0.0170)
2025-05-19 16:56:59 - jugador - [DEBUG] - [JUGADOR_0] Pos flotante (pre-límites): (604.9400, 339.0000)
2025-05-19 16:56:59 - jugador - [DEBUG] - [JUGADOR_0] Pos flotante (post-límites): (604.9400, 339.0000)
2025-05-19 16:56:59 - jugador - [DEBUG] - [JUGADOR_0] Movimiento para CH: dx_int=-4, dy_int=0. HB (antes CH): (608, 339), PosFlotante: (604.9400,339.0000)
2025-05-19 16:56:59 - jugador - [DEBUG] - [JUGADOR_0] Iniciando gestión de colisión con dx=-4, dy=0. Hitbox actual: (608, 339)
2025-05-19 16:56:59 - jugador - [DEBUG] - [JUGADOR_0] Posición POST CH: HB: (610, 339), PosFlotante: (610.00, 339.00)
2025-05-19 16:56:59 - jugador - [DEBUG] - [JUGADOR_0] Delta flotante intentado: dx=-2.8800, dy=0.0000 (delta_time: 0.0160)
2025-05-19 16:56:59 - jugador - [DEBUG] - [JUGADOR_0] Pos flotante (pre-límites): (607.1200, 339.0000)
2025-05-19 16:56:59 - jugador - [DEBUG] - [JUGADOR_0] Pos flotante (post-límites): (607.1200, 339.0000)
2025-05-19 16:56:59 - jugador - [DEBUG] - [JUGADOR_0] Movimiento para CH: dx_int=-3, dy_int=0. HB (antes CH): (610, 339), PosFlotante: (607.1200,339.0000)
2025-05-19 16:56:59 - jugador - [DEBUG] - [JUGADOR_0] Iniciando gestión de colisión con dx=-3, dy=0. Hitbox actual: (610, 339)
2025-05-19 16:56:59 - jugador - [DEBUG] - [JUGADOR_0] Posición POST CH: HB: (611, 339), PosFlotante: (611.00, 339.00)
2025-05-19 16:56:59 - jugador - [DEBUG] - [JUGADOR_0] Intento de ataque en cooldown (700.0ms). Tiempo desde último: 639ms
2025-05-19 16:56:59 - jugador - [DEBUG] - [JUGADOR_0] Input teclado procesado: mov_x_input_raw=-180, mov_y_input_raw=0
2025-05-19 16:56:59 - jugador - [DEBUG] - [JUGADOR_0] Pos flotante (pre-límites): (608.1200, 339.0000)
2025-05-19 16:56:59 - jugador - [DEBUG] - [JUGADOR_0] Pos flotante (post-límites): (608.1200, 339.0000)
2025-05-19 16:56:59 - jugador - [DEBUG] - [JUGADOR_0] Movimiento para CH: dx_int=-3, dy_int=0. HB (antes CH): (611, 339), PosFlotante: (608.1200,339.0000)
2025-05-19 16:56:59 - jugador - [DEBUG] - [JUGADOR_0] Iniciando gestión de colisión con dx=-3, dy=0. Hitbox actual: (611, 339)
2025-05-19 16:56:59 - jugador - [DEBUG] - [JUGADOR_0] Posición POST CH: HB: (612, 339), PosFlotante: (612.00, 339.00)
2025-05-19 16:56:59 - jugador - [DEBUG] - [JUGADOR_0] Pos flotante (pre-límites): (609.1200, 339.0000)
2025-05-19 16:56:59 - jugador - [DEBUG] - [JUGADOR_0] Pos flotante (post-límites): (609.1200, 339.0000)
2025-05-19 16:56:59 - jugador - [DEBUG] - [JUGADOR_0] Movimiento para CH: dx_int=-3, dy_int=0. HB (antes CH): (612, 339), PosFlotante: (609.1200,339.0000)
2025-05-19 16:56:59 - jugador - [DEBUG] - [JUGADOR_0] Iniciando gestión de colisión con dx=-3, dy=0. Hitbox actual: (612, 339)
2025-05-19 16:56:59 - jugador - [DEBUG] - [JUGADOR_0] Posición POST CH: HB: (613, 339), PosFlotante: (613.00, 339.00)
2025-05-19 16:56:59 - jugador - [DEBUG] - [JUGADOR_0] Delta flotante intentado: dx=-3.0600, dy=0.0000 (delta_time: 0.0170)
2025-05-19 16:56:59 - jugador - [DEBUG] - [JUGADOR_0] Pos flotante (pre-límites): (609.9400, 339.0000)
2025-05-19 16:56:59 - jugador - [DEBUG] - [JUGADOR_0] Pos flotante (post-límites): (609.9400, 339.0000)
2025-05-19 16:56:59 - jugador - [DEBUG] - [JUGADOR_0] Movimiento para CH: dx_int=-4, dy_int=0. HB (antes CH): (613, 339), PosFlotante: (609.9400,339.0000)
2025-05-19 16:56:59 - jugador - [DEBUG] - [JUGADOR_0] Iniciando gestión de colisión con dx=-4, dy=0. Hitbox actual: (613, 339)
2025-05-19 16:56:59 - jugador - [DEBUG] - [JUGADOR_0] Posición POST CH: HB: (615, 339), PosFlotante: (615.00, 339.00)
2025-05-19 16:56:59 - jugador - [DEBUG] - [JUGADOR_0] Delta flotante intentado: dx=-2.8800, dy=0.0000 (delta_time: 0.0160)
2025-05-19 16:56:59 - jugador - [DEBUG] - [JUGADOR_0] Pos flotante (pre-límites): (612.1200, 339.0000)
2025-05-19 16:56:59 - jugador - [DEBUG] - [JUGADOR_0] Pos flotante (post-límites): (612.1200, 339.0000)
2025-05-19 16:56:59 - jugador - [DEBUG] - [JUGADOR_0] Movimiento para CH: dx_int=-3, dy_int=0. HB (antes CH): (615, 339), PosFlotante: (612.1200,339.0000)
2025-05-19 16:56:59 - jugador - [DEBUG] - [JUGADOR_0] Iniciando gestión de colisión con dx=-3, dy=0. Hitbox actual: (615, 339)
2025-05-19 16:56:59 - jugador - [DEBUG] - [JUGADOR_0] Posición POST CH: HB: (616, 339), PosFlotante: (616.00, 339.00)
2025-05-19 16:56:59 - jugador - [DEBUG] - [JUGADOR_0] Input teclado procesado: mov_x_input_raw=-180, mov_y_input_raw=0
2025-05-19 16:56:59 - jugador - [DEBUG] - [JUGADOR_0] Pos flotante (pre-límites): (613.1200, 339.0000)
2025-05-19 16:56:59 - jugador - [DEBUG] - [JUGADOR_0] Pos flotante (post-límites): (613.1200, 339.0000)
2025-05-19 16:56:59 - jugador - [DEBUG] - [JUGADOR_0] Movimiento para CH: dx_int=-3, dy_int=0. HB (antes CH): (616, 339), PosFlotante: (613.1200,339.0000)
2025-05-19 16:56:59 - jugador - [DEBUG] - [JUGADOR_0] Iniciando gestión de colisión con dx=-3, dy=0. Hitbox actual: (616, 339)
2025-05-19 16:56:59 - jugador - [DEBUG] - [JUGADOR_0] Posición POST CH: HB: (617, 339), PosFlotante: (617.00, 339.00)
2025-05-19 16:56:59 - jugador - [DEBUG] - [JUGADOR_0] Pos flotante (pre-límites): (613.9400, 339.0000)
2025-05-19 16:56:59 - jugador - [DEBUG] - [JUGADOR_0] Pos flotante (post-límites): (613.9400, 339.0000)
2025-05-19 16:56:59 - jugador - [DEBUG] - [JUGADOR_0] Movimiento para CH: dx_int=-4, dy_int=0. HB (antes CH): (617, 339), PosFlotante: (613.9400,339.0000)
2025-05-19 16:56:59 - jugador - [DEBUG] - [JUGADOR_0] Iniciando gestión de colisión con dx=-4, dy=0. Hitbox actual: (617, 339)
2025-05-19 16:56:59 - jugador - [DEBUG] - [JUGADOR_0] Posición POST CH: HB: (619, 339), PosFlotante: (619.00, 339.00)
2025-05-19 16:56:59 - jugador - [DEBUG] - [JUGADOR_0] Pos flotante (pre-límites): (616.1200, 339.0000)
2025-05-19 16:56:59 - jugador - [DEBUG] - [JUGADOR_0] Pos flotante (post-límites): (616.1200, 339.0000)
2025-05-19 16:56:59 - jugador - [DEBUG] - [JUGADOR_0] Movimiento para CH: dx_int=-3, dy_int=0. HB (antes CH): (619, 339), PosFlotante: (616.1200,339.0000)
2025-05-19 16:56:59 - jugador - [DEBUG] - [JUGADOR_0] Iniciando gestión de colisión con dx=-3, dy=0. Hitbox actual: (619, 339)
2025-05-19 16:56:59 - jugador - [DEBUG] - [JUGADOR_0] Posición POST CH: HB: (620, 339), PosFlotante: (620.00, 339.00)
2025-05-19 16:56:59 - jugador - [DEBUG] - [JUGADOR_0] Input teclado procesado: mov_x_input_raw=-180, mov_y_input_raw=0
2025-05-19 16:56:59 - jugador - [DEBUG] - [JUGADOR_0] Delta flotante intentado: dx=-3.0600, dy=0.0000 (delta_time: 0.0170)
2025-05-19 16:56:59 - jugador - [DEBUG] - [JUGADOR_0] Pos flotante (pre-límites): (616.9400, 339.0000)
2025-05-19 16:56:59 - jugador - [DEBUG] - [JUGADOR_0] Pos flotante (post-límites): (616.9400, 339.0000)
2025-05-19 16:56:59 - jugador - [DEBUG] - [JUGADOR_0] Movimiento para CH: dx_int=-4, dy_int=0. HB (antes CH): (620, 339), PosFlotante: (616.9400,339.0000)
2025-05-19 16:56:59 - jugador - [DEBUG] - [JUGADOR_0] Iniciando gestión de colisión con dx=-4, dy=0. Hitbox actual: (620, 339)
2025-05-19 16:56:59 - jugador - [DEBUG] - [JUGADOR_0] Posición POST CH: HB: (622, 339), PosFlotante: (622.00, 339.00)
2025-05-19 16:56:59 - jugador - [DEBUG] - [JUGADOR_0] Pos flotante (pre-límites): (618.9400, 339.0000)
2025-05-19 16:56:59 - jugador - [DEBUG] - [JUGADOR_0] Pos flotante (post-límites): (618.9400, 339.0000)
2025-05-19 16:56:59 - jugador - [DEBUG] - [JUGADOR_0] Movimiento para CH: dx_int=-4, dy_int=0. HB (antes CH): (622, 339), PosFlotante: (618.9400,339.0000)
2025-05-19 16:56:59 - jugador - [DEBUG] - [JUGADOR_0] Iniciando gestión de colisión con dx=-4, dy=0. Hitbox actual: (622, 339)
2025-05-19 16:56:59 - jugador - [DEBUG] - [JUGADOR_0] Posición POST CH: HB: (624, 339), PosFlotante: (624.00, 339.00)
2025-05-19 16:56:59 - jugador - [DEBUG] - [JUGADOR_0] Pos flotante (pre-límites): (620.9400, 339.0000)
2025-05-19 16:56:59 - jugador - [DEBUG] - [JUGADOR_0] Pos flotante (post-límites): (620.9400, 339.0000)
2025-05-19 16:56:59 - jugador - [DEBUG] - [JUGADOR_0] Movimiento para CH: dx_int=-4, dy_int=0. HB (antes CH): (624, 339), PosFlotante: (620.9400,339.0000)
2025-05-19 16:56:59 - jugador - [DEBUG] - [JUGADOR_0] Iniciando gestión de colisión con dx=-4, dy=0. Hitbox actual: (624, 339)
2025-05-19 16:56:59 - jugador - [DEBUG] - [JUGADOR_0] Posición POST CH: HB: (626, 339), PosFlotante: (626.00, 339.00)
2025-05-19 16:56:59 - jugador - [DEBUG] - [JUGADOR_0] Pos flotante (pre-límites): (622.9400, 339.0000)
2025-05-19 16:56:59 - jugador - [DEBUG] - [JUGADOR_0] Pos flotante (post-límites): (622.9400, 339.0000)
2025-05-19 16:56:59 - jugador - [DEBUG] - [JUGADOR_0] Movimiento para CH: dx_int=-4, dy_int=0. HB (antes CH): (626, 339), PosFlotante: (622.9400,339.0000)
2025-05-19 16:56:59 - jugador - [DEBUG] - [JUGADOR_0] Iniciando gestión de colisión con dx=-4, dy=0. Hitbox actual: (626, 339)
2025-05-19 16:56:59 - jugador - [DEBUG] - [JUGADOR_0] Posición POST CH: HB: (628, 339), PosFlotante: (628.00, 339.00)
2025-05-19 16:56:59 - jugador - [DEBUG] - [JUGADOR_0] Input teclado procesado: mov_x_input_raw=-180, mov_y_input_raw=0
2025-05-19 16:56:59 - jugador - [DEBUG] - [JUGADOR_0] Delta flotante intentado: dx=-2.8800, dy=0.0000 (delta_time: 0.0160)
2025-05-19 16:56:59 - jugador - [DEBUG] - [JUGADOR_0] Pos flotante (pre-límites): (625.1200, 339.0000)
2025-05-19 16:56:59 - jugador - [DEBUG] - [JUGADOR_0] Pos flotante (post-límites): (625.1200, 339.0000)
2025-05-19 16:56:59 - jugador - [DEBUG] - [JUGADOR_0] Movimiento para CH: dx_int=-3, dy_int=0. HB (antes CH): (628, 339), PosFlotante: (625.1200,339.0000)
2025-05-19 16:56:59 - jugador - [DEBUG] - [JUGADOR_0] Iniciando gestión de colisión con dx=-3, dy=0. Hitbox actual: (628, 339)
2025-05-19 16:56:59 - jugador - [DEBUG] - [JUGADOR_0] Posición POST CH: HB: (629, 339), PosFlotante: (629.00, 339.00)
2025-05-19 16:56:59 - jugador - [DEBUG] - [JUGADOR_0] Delta flotante intentado: dx=-3.0600, dy=0.0000 (delta_time: 0.0170)
2025-05-19 16:56:59 - jugador - [DEBUG] - [JUGADOR_0] Pos flotante (pre-límites): (625.9400, 339.0000)
2025-05-19 16:56:59 - jugador - [DEBUG] - [JUGADOR_0] Pos flotante (post-límites): (625.9400, 339.0000)
2025-05-19 16:56:59 - jugador - [DEBUG] - [JUGADOR_0] Movimiento para CH: dx_int=-4, dy_int=0. HB (antes CH): (629, 339), PosFlotante: (625.9400,339.0000)
2025-05-19 16:56:59 - jugador - [DEBUG] - [JUGADOR_0] Iniciando gestión de colisión con dx=-4, dy=0. Hitbox actual: (629, 339)
2025-05-19 16:56:59 - jugador - [DEBUG] - [JUGADOR_0] Posición POST CH: HB: (631, 339), PosFlotante: (631.00, 339.00)
2025-05-19 16:56:59 - jugador - [DEBUG] - [JUGADOR_0] Pos flotante (pre-límites): (627.9400, 339.0000)
2025-05-19 16:56:59 - jugador - [DEBUG] - [JUGADOR_0] Pos flotante (post-límites): (627.9400, 339.0000)
2025-05-19 16:56:59 - jugador - [DEBUG] - [JUGADOR_0] Movimiento para CH: dx_int=-4, dy_int=0. HB (antes CH): (631, 339), PosFlotante: (627.9400,339.0000)
2025-05-19 16:56:59 - jugador - [DEBUG] - [JUGADOR_0] Iniciando gestión de colisión con dx=-4, dy=0. Hitbox actual: (631, 339)
2025-05-19 16:56:59 - jugador - [DEBUG] - [JUGADOR_0] Posición POST CH: HB: (633, 339), PosFlotante: (633.00, 339.00)
2025-05-19 16:56:59 - jugador - [INFO] - [JUGADOR_0] ATAQUE INICIADO (Cooldown: 700.0ms). Perfil: 'espada_predeterminada'
2025-05-19 16:56:59 - jugador - [DEBUG] - [JUGADOR_0] Input teclado procesado: mov_x_input_raw=-180, mov_y_input_raw=0
2025-05-19 16:56:59 - jugador - [DEBUG] - [JUGADOR_0] Delta flotante intentado: dx=-2.8800, dy=0.0000 (delta_time: 0.0160)
2025-05-19 16:56:59 - jugador - [DEBUG] - [JUGADOR_0] Pos flotante (pre-límites): (630.1200, 339.0000)
2025-05-19 16:56:59 - jugador - [DEBUG] - [JUGADOR_0] Pos flotante (post-límites): (630.1200, 339.0000)
2025-05-19 16:56:59 - jugador - [DEBUG] - [JUGADOR_0] Movimiento para CH: dx_int=-3, dy_int=0. HB (antes CH): (633, 339), PosFlotante: (630.1200,339.0000)
2025-05-19 16:56:59 - jugador - [DEBUG] - [JUGADOR_0] Iniciando gestión de colisión con dx=-3, dy=0. Hitbox actual: (633, 339)
2025-05-19 16:56:59 - jugador - [DEBUG] - [JUGADOR_0] Posición POST CH: HB: (634, 339), PosFlotante: (634.00, 339.00)
2025-05-19 16:56:59 - jugador - [DEBUG] - [JUGADOR_0] Hitbox ataque: <rect(619, 316, 54, 69)>, Dir: (-1.00, 0.00)
2025-05-19 16:56:59 - jugador - [INFO] - [JUGADOR_0] GOLPEÓ a [Enemigo_1] con perfil 'espada_predeterminada'. Daño: 10.0
2025-05-19 16:56:59 - jugador - [INFO] - [JUGADOR_0] GOLPEÓ a [Enemigo_2] con perfil 'espada_predeterminada'. Daño: 10.0
2025-05-19 16:56:59 - jugador - [DEBUG] - [JUGADOR_0] Delta flotante intentado: dx=-3.0600, dy=0.0000 (delta_time: 0.0170)
2025-05-19 16:56:59 - jugador - [DEBUG] - [JUGADOR_0] Pos flotante (pre-límites): (630.9400, 339.0000)
2025-05-19 16:56:59 - jugador - [DEBUG] - [JUGADOR_0] Pos flotante (post-límites): (630.9400, 339.0000)
2025-05-19 16:56:59 - jugador - [DEBUG] - [JUGADOR_0] Movimiento para CH: dx_int=-4, dy_int=0. HB (antes CH): (634, 339), PosFlotante: (630.9400,339.0000)
2025-05-19 16:56:59 - jugador - [DEBUG] - [JUGADOR_0] Iniciando gestión de colisión con dx=-4, dy=0. Hitbox actual: (634, 339)
2025-05-19 16:56:59 - jugador - [DEBUG] - [JUGADOR_0] Posición POST CH: HB: (636, 339), PosFlotante: (636.00, 339.00)
2025-05-19 16:56:59 - jugador - [DEBUG] - [JUGADOR_0] Hitbox ataque: <rect(621, 316, 54, 69)>, Dir: (-1.00, 0.00)
2025-05-19 16:56:59 - jugador - [DEBUG] - [JUGADOR_0] Pos flotante (pre-límites): (632.9400, 339.0000)
2025-05-19 16:56:59 - jugador - [DEBUG] - [JUGADOR_0] Pos flotante (post-límites): (632.9400, 339.0000)
2025-05-19 16:56:59 - jugador - [DEBUG] - [JUGADOR_0] Movimiento para CH: dx_int=-4, dy_int=0. HB (antes CH): (636, 339), PosFlotante: (632.9400,339.0000)
2025-05-19 16:56:59 - jugador - [DEBUG] - [JUGADOR_0] Iniciando gestión de colisión con dx=-4, dy=0. Hitbox actual: (636, 339)
2025-05-19 16:56:59 - jugador - [DEBUG] - [JUGADOR_0] Posición POST CH: HB: (638, 339), PosFlotante: (638.00, 339.00)
2025-05-19 16:56:59 - jugador - [DEBUG] - [JUGADOR_0] Hitbox ataque: <rect(623, 316, 54, 69)>, Dir: (-1.00, 0.00)
2025-05-19 16:56:59 - jugador - [DEBUG] - [JUGADOR_0] Pos flotante (pre-límites): (635.1200, 339.0000)
2025-05-19 16:56:59 - jugador - [DEBUG] - [JUGADOR_0] Pos flotante (post-límites): (635.1200, 339.0000)
2025-05-19 16:56:59 - jugador - [DEBUG] - [JUGADOR_0] Movimiento para CH: dx_int=-3, dy_int=0. HB (antes CH): (638, 339), PosFlotante: (635.1200,339.0000)
2025-05-19 16:56:59 - jugador - [DEBUG] - [JUGADOR_0] Iniciando gestión de colisión con dx=-3, dy=0. Hitbox actual: (638, 339)
2025-05-19 16:56:59 - jugador - [DEBUG] - [JUGADOR_0] Posición POST CH: HB: (640, 339), PosFlotante: (640.00, 339.00)
2025-05-19 16:56:59 - jugador - [DEBUG] - [JUGADOR_0] Hitbox ataque: <rect(625, 316, 54, 69)>, Dir: (-1.00, 0.00)
2025-05-19 16:56:59 - jugador - [DEBUG] - [JUGADOR_0] Input teclado procesado: mov_x_input_raw=-180, mov_y_input_raw=0
2025-05-19 16:56:59 - jugador - [DEBUG] - [JUGADOR_0] Delta flotante intentado: dx=-2.8800, dy=0.0000 (delta_time: 0.0160)
2025-05-19 16:56:59 - jugador - [DEBUG] - [JUGADOR_0] Pos flotante (pre-límites): (637.1200, 339.0000)
2025-05-19 16:56:59 - jugador - [DEBUG] - [JUGADOR_0] Pos flotante (post-límites): (637.1200, 339.0000)
2025-05-19 16:56:59 - jugador - [DEBUG] - [JUGADOR_0] Movimiento para CH: dx_int=-3, dy_int=0. HB (antes CH): (640, 339), PosFlotante: (637.1200,339.0000)
2025-05-19 16:56:59 - jugador - [DEBUG] - [JUGADOR_0] Iniciando gestión de colisión con dx=-3, dy=0. Hitbox actual: (640, 339)
2025-05-19 16:56:59 - jugador - [DEBUG] - [JUGADOR_0] Posición POST CH: HB: (642, 339), PosFlotante: (642.00, 339.00)
2025-05-19 16:56:59 - jugador - [DEBUG] - [JUGADOR_0] Hitbox ataque: <rect(627, 316, 54, 69)>, Dir: (-1.00, 0.00)
2025-05-19 16:56:59 - jugador - [DEBUG] - [JUGADOR_0] Pos flotante (pre-límites): (639.1200, 339.0000)
2025-05-19 16:56:59 - jugador - [DEBUG] - [JUGADOR_0] Pos flotante (post-límites): (639.1200, 339.0000)
2025-05-19 16:56:59 - jugador - [DEBUG] - [JUGADOR_0] Movimiento para CH: dx_int=-3, dy_int=0. HB (antes CH): (642, 339), PosFlotante: (639.1200,339.0000)
2025-05-19 16:56:59 - jugador - [DEBUG] - [JUGADOR_0] Iniciando gestión de colisión con dx=-3, dy=0. Hitbox actual: (642, 339)
2025-05-19 16:56:59 - jugador - [DEBUG] - [JUGADOR_0] Posición POST CH: HB: (644, 339), PosFlotante: (644.00, 339.00)
2025-05-19 16:56:59 - jugador - [DEBUG] - [JUGADOR_0] Hitbox ataque: <rect(629, 316, 54, 69)>, Dir: (-1.00, 0.00)
2025-05-19 16:56:59 - jugador - [DEBUG] - [JUGADOR_0] Delta flotante intentado: dx=-3.0600, dy=0.0000 (delta_time: 0.0170)
2025-05-19 16:56:59 - jugador - [DEBUG] - [JUGADOR_0] Pos flotante (pre-límites): (640.9400, 339.0000)
2025-05-19 16:56:59 - jugador - [DEBUG] - [JUGADOR_0] Pos flotante (post-límites): (640.9400, 339.0000)
2025-05-19 16:56:59 - jugador - [DEBUG] - [JUGADOR_0] Movimiento para CH: dx_int=-4, dy_int=0. HB (antes CH): (644, 339), PosFlotante: (640.9400,339.0000)
2025-05-19 16:56:59 - jugador - [DEBUG] - [JUGADOR_0] Iniciando gestión de colisión con dx=-4, dy=0. Hitbox actual: (644, 339)
2025-05-19 16:56:59 - jugador - [DEBUG] - [JUGADOR_0] Posición POST CH: HB: (646, 339), PosFlotante: (646.00, 339.00)
2025-05-19 16:56:59 - jugador - [DEBUG] - [JUGADOR_0] Hitbox ataque: <rect(631, 316, 54, 69)>, Dir: (-1.00, 0.00)
2025-05-19 16:56:59 - jugador - [DEBUG] - [JUGADOR_0] Pos flotante (pre-límites): (643.1200, 339.0000)
2025-05-19 16:56:59 - jugador - [DEBUG] - [JUGADOR_0] Pos flotante (post-límites): (643.1200, 339.0000)
2025-05-19 16:56:59 - jugador - [DEBUG] - [JUGADOR_0] Movimiento para CH: dx_int=-3, dy_int=0. HB (antes CH): (646, 339), PosFlotante: (643.1200,339.0000)
2025-05-19 16:56:59 - jugador - [DEBUG] - [JUGADOR_0] Iniciando gestión de colisión con dx=-3, dy=0. Hitbox actual: (646, 339)
2025-05-19 16:56:59 - jugador - [DEBUG] - [JUGADOR_0] Posición POST CH: HB: (648, 339), PosFlotante: (648.00, 339.00)
2025-05-19 16:56:59 - jugador - [DEBUG] - [JUGADOR_0] Hitbox ataque: <rect(633, 316, 54, 69)>, Dir: (-1.00, 0.00)
2025-05-19 16:56:59 - jugador - [DEBUG] - [JUGADOR_0] Input teclado procesado: mov_x_input_raw=-180, mov_y_input_raw=0
2025-05-19 16:56:59 - jugador - [DEBUG] - [JUGADOR_0] Pos flotante (pre-límites): (644.9400, 339.0000)
2025-05-19 16:56:59 - jugador - [DEBUG] - [JUGADOR_0] Pos flotante (post-límites): (644.9400, 339.0000)
2025-05-19 16:56:59 - jugador - [DEBUG] - [JUGADOR_0] Movimiento para CH: dx_int=-4, dy_int=0. HB (antes CH): (648, 339), PosFlotante: (644.9400,339.0000)
2025-05-19 16:56:59 - jugador - [DEBUG] - [JUGADOR_0] Iniciando gestión de colisión con dx=-4, dy=0. Hitbox actual: (648, 339)
2025-05-19 16:56:59 - jugador - [DEBUG] - [JUGADOR_0] Posición POST CH: HB: (650, 339), PosFlotante: (650.00, 339.00)
2025-05-19 16:56:59 - jugador - [DEBUG] - [JUGADOR_0] Hitbox ataque: <rect(635, 316, 54, 69)>, Dir: (-1.00, 0.00)
2025-05-19 16:56:59 - jugador - [DEBUG] - [JUGADOR_0] Pos flotante (pre-límites): (646.9400, 339.0000)
2025-05-19 16:56:59 - jugador - [DEBUG] - [JUGADOR_0] Pos flotante (post-límites): (646.9400, 339.0000)
2025-05-19 16:56:59 - jugador - [DEBUG] - [JUGADOR_0] Movimiento para CH: dx_int=-4, dy_int=0. HB (antes CH): (650, 339), PosFlotante: (646.9400,339.0000)
2025-05-19 16:56:59 - jugador - [DEBUG] - [JUGADOR_0] Iniciando gestión de colisión con dx=-4, dy=0. Hitbox actual: (650, 339)
2025-05-19 16:56:59 - jugador - [DEBUG] - [JUGADOR_0] Posición POST CH: HB: (652, 339), PosFlotante: (652.00, 339.00)
2025-05-19 16:56:59 - jugador - [DEBUG] - [JUGADOR_0] Hitbox ataque: <rect(637, 316, 54, 69)>, Dir: (-1.00, 0.00)
2025-05-19 16:56:59 - jugador - [DEBUG] - [JUGADOR_0] Delta flotante intentado: dx=-2.8800, dy=0.0000 (delta_time: 0.0160)
2025-05-19 16:56:59 - jugador - [DEBUG] - [JUGADOR_0] Pos flotante (pre-límites): (649.1200, 339.0000)
2025-05-19 16:56:59 - jugador - [DEBUG] - [JUGADOR_0] Pos flotante (post-límites): (649.1200, 339.0000)
2025-05-19 16:56:59 - jugador - [DEBUG] - [JUGADOR_0] Movimiento para CH: dx_int=-3, dy_int=0. HB (antes CH): (652, 339), PosFlotante: (649.1200,339.0000)
2025-05-19 16:56:59 - jugador - [DEBUG] - [JUGADOR_0] Iniciando gestión de colisión con dx=-3, dy=0. Hitbox actual: (652, 339)
2025-05-19 16:56:59 - jugador - [DEBUG] - [JUGADOR_0] Posición POST CH: HB: (654, 339), PosFlotante: (654.00, 339.00)
2025-05-19 16:56:59 - jugador - [DEBUG] - [JUGADOR_0] Hitbox ataque: <rect(639, 316, 54, 69)>, Dir: (-1.00, 0.00)
2025-05-19 16:56:59 - jugador - [DEBUG] - [JUGADOR_0] Pos flotante (pre-límites): (651.1200, 339.0000)
2025-05-19 16:56:59 - jugador - [DEBUG] - [JUGADOR_0] Pos flotante (post-límites): (651.1200, 339.0000)
2025-05-19 16:56:59 - jugador - [DEBUG] - [JUGADOR_0] Movimiento para CH: dx_int=-3, dy_int=0. HB (antes CH): (654, 339), PosFlotante: (651.1200,339.0000)
2025-05-19 16:56:59 - jugador - [DEBUG] - [JUGADOR_0] Iniciando gestión de colisión con dx=-3, dy=0. Hitbox actual: (654, 339)
2025-05-19 16:56:59 - jugador - [DEBUG] - [JUGADOR_0] Posición POST CH: HB: (656, 339), PosFlotante: (656.00, 339.00)
2025-05-19 16:56:59 - jugador - [DEBUG] - [JUGADOR_0] Hitbox ataque: <rect(641, 316, 54, 69)>, Dir: (-1.00, 0.00)
2025-05-19 16:56:59 - jugador - [DEBUG] - [JUGADOR_0] Intento de ataque en cooldown (700.0ms). Tiempo desde último: 197ms
2025-05-19 16:56:59 - jugador - [DEBUG] - [JUGADOR_0] Input teclado procesado: mov_x_input_raw=-180, mov_y_input_raw=0
2025-05-19 16:56:59 - jugador - [DEBUG] - [JUGADOR_0] Pos flotante (pre-límites): (653.1200, 339.0000)
2025-05-19 16:56:59 - jugador - [DEBUG] - [JUGADOR_0] Pos flotante (post-límites): (653.1200, 339.0000)
2025-05-19 16:56:59 - jugador - [DEBUG] - [JUGADOR_0] Movimiento para CH: dx_int=-3, dy_int=0. HB (antes CH): (656, 339), PosFlotante: (653.1200,339.0000)
2025-05-19 16:56:59 - jugador - [DEBUG] - [JUGADOR_0] Iniciando gestión de colisión con dx=-3, dy=0. Hitbox actual: (656, 339)
2025-05-19 16:56:59 - jugador - [DEBUG] - [JUGADOR_0] Posición POST CH: HB: (658, 339), PosFlotante: (658.00, 339.00)
2025-05-19 16:56:59 - jugador - [DEBUG] - [JUGADOR_0] Hitbox ataque: <rect(643, 316, 54, 69)>, Dir: (-1.00, 0.00)
2025-05-19 16:56:59 - jugador - [DEBUG] - [JUGADOR_0] Delta flotante intentado: dx=-3.0600, dy=0.0000 (delta_time: 0.0170)
2025-05-19 16:56:59 - jugador - [DEBUG] - [JUGADOR_0] Pos flotante (pre-límites): (654.9400, 339.0000)
2025-05-19 16:56:59 - jugador - [DEBUG] - [JUGADOR_0] Pos flotante (post-límites): (654.9400, 339.0000)
2025-05-19 16:56:59 - jugador - [DEBUG] - [JUGADOR_0] Movimiento para CH: dx_int=-4, dy_int=0. HB (antes CH): (658, 339), PosFlotante: (654.9400,339.0000)
2025-05-19 16:56:59 - jugador - [DEBUG] - [JUGADOR_0] Iniciando gestión de colisión con dx=-4, dy=0. Hitbox actual: (658, 339)
2025-05-19 16:56:59 - jugador - [DEBUG] - [JUGADOR_0] Posición POST CH: HB: (660, 339), PosFlotante: (660.00, 339.00)
2025-05-19 16:56:59 - jugador - [DEBUG] - [JUGADOR_0] Hitbox ataque: <rect(645, 316, 54, 69)>, Dir: (-1.00, 0.00)
2025-05-19 16:56:59 - jugador - [DEBUG] - [JUGADOR_0] Delta flotante intentado: dx=-2.8800, dy=0.0000 (delta_time: 0.0160)
2025-05-19 16:56:59 - jugador - [DEBUG] - [JUGADOR_0] Pos flotante (pre-límites): (657.1200, 339.0000)
2025-05-19 16:56:59 - jugador - [DEBUG] - [JUGADOR_0] Pos flotante (post-límites): (657.1200, 339.0000)
2025-05-19 16:56:59 - jugador - [DEBUG] - [JUGADOR_0] Movimiento para CH: dx_int=-3, dy_int=0. HB (antes CH): (660, 339), PosFlotante: (657.1200,339.0000)
2025-05-19 16:56:59 - jugador - [DEBUG] - [JUGADOR_0] Iniciando gestión de colisión con dx=-3, dy=0. Hitbox actual: (660, 339)
2025-05-19 16:56:59 - jugador - [DEBUG] - [JUGADOR_0] Posición POST CH: HB: (662, 339), PosFlotante: (662.00, 339.00)
2025-05-19 16:56:59 - jugador - [DEBUG] - [JUGADOR_0] Hitbox ataque: <rect(647, 316, 54, 69)>, Dir: (-1.00, 0.00)
2025-05-19 16:56:59 - jugador - [DEBUG] - [JUGADOR_0] Pos flotante (pre-límites): (658.9400, 339.0000)
2025-05-19 16:56:59 - jugador - [DEBUG] - [JUGADOR_0] Pos flotante (post-límites): (658.9400, 339.0000)
2025-05-19 16:56:59 - jugador - [DEBUG] - [JUGADOR_0] Movimiento para CH: dx_int=-4, dy_int=0. HB (antes CH): (662, 339), PosFlotante: (658.9400,339.0000)
2025-05-19 16:56:59 - jugador - [DEBUG] - [JUGADOR_0] Iniciando gestión de colisión con dx=-4, dy=0. Hitbox actual: (662, 339)
2025-05-19 16:56:59 - jugador - [DEBUG] - [JUGADOR_0] Posición POST CH: HB: (664, 339), PosFlotante: (664.00, 339.00)
2025-05-19 16:56:59 - jugador - [DEBUG] - [JUGADOR_0] Hitbox ataque: <rect(649, 316, 54, 69)>, Dir: (-1.00, 0.00)
2025-05-19 16:56:59 - jugador - [DEBUG] - [JUGADOR_0] Input teclado procesado: mov_x_input_raw=-180, mov_y_input_raw=0
2025-05-19 16:56:59 - jugador - [DEBUG] - [JUGADOR_0] Pos flotante (pre-límites): (661.1200, 339.0000)
2025-05-19 16:56:59 - jugador - [DEBUG] - [JUGADOR_0] Pos flotante (post-límites): (661.1200, 339.0000)
2025-05-19 16:56:59 - jugador - [DEBUG] - [JUGADOR_0] Movimiento para CH: dx_int=-3, dy_int=0. HB (antes CH): (664, 339), PosFlotante: (661.1200,339.0000)
2025-05-19 16:56:59 - jugador - [DEBUG] - [JUGADOR_0] Iniciando gestión de colisión con dx=-3, dy=0. Hitbox actual: (664, 339)
2025-05-19 16:56:59 - jugador - [DEBUG] - [JUGADOR_0] Posición POST CH: HB: (666, 339), PosFlotante: (666.00, 339.00)
2025-05-19 16:56:59 - jugador - [DEBUG] - [JUGADOR_0] ATAQUE FINALIZADO (Duración: 260ms). Enemigos golpeados: 2
2025-05-19 16:56:59 - jugador - [DEBUG] - [JUGADOR_0] Pos flotante (pre-límites): (663.1200, 339.0000)
2025-05-19 16:56:59 - jugador - [DEBUG] - [JUGADOR_0] Pos flotante (post-límites): (663.1200, 339.0000)
2025-05-19 16:56:59 - jugador - [DEBUG] - [JUGADOR_0] Movimiento para CH: dx_int=-3, dy_int=0. HB (antes CH): (666, 339), PosFlotante: (663.1200,339.0000)
2025-05-19 16:56:59 - jugador - [DEBUG] - [JUGADOR_0] Iniciando gestión de colisión con dx=-3, dy=0. Hitbox actual: (666, 339)
2025-05-19 16:56:59 - jugador - [DEBUG] - [JUGADOR_0] Posición POST CH: HB: (668, 339), PosFlotante: (668.00, 339.00)
2025-05-19 16:56:59 - jugador - [DEBUG] - [JUGADOR_0] Delta flotante intentado: dx=-3.0600, dy=0.0000 (delta_time: 0.0170)
2025-05-19 16:56:59 - jugador - [DEBUG] - [JUGADOR_0] Pos flotante (pre-límites): (664.9400, 339.0000)
2025-05-19 16:56:59 - jugador - [DEBUG] - [JUGADOR_0] Pos flotante (post-límites): (664.9400, 339.0000)
2025-05-19 16:56:59 - jugador - [DEBUG] - [JUGADOR_0] Movimiento para CH: dx_int=-4, dy_int=0. HB (antes CH): (668, 339), PosFlotante: (664.9400,339.0000)
2025-05-19 16:56:59 - jugador - [DEBUG] - [JUGADOR_0] Iniciando gestión de colisión con dx=-4, dy=0. Hitbox actual: (668, 339)
2025-05-19 16:56:59 - jugador - [DEBUG] - [JUGADOR_0] Posición POST CH: HB: (670, 339), PosFlotante: (670.00, 339.00)
2025-05-19 16:56:59 - jugador - [DEBUG] - [JUGADOR_0] Delta flotante intentado: dx=-2.8800, dy=0.0000 (delta_time: 0.0160)
2025-05-19 16:56:59 - jugador - [DEBUG] - [JUGADOR_0] Pos flotante (pre-límites): (667.1200, 339.0000)
2025-05-19 16:56:59 - jugador - [DEBUG] - [JUGADOR_0] Pos flotante (post-límites): (667.1200, 339.0000)
2025-05-19 16:56:59 - jugador - [DEBUG] - [JUGADOR_0] Movimiento para CH: dx_int=-3, dy_int=0. HB (antes CH): (670, 339), PosFlotante: (667.1200,339.0000)
2025-05-19 16:56:59 - jugador - [DEBUG] - [JUGADOR_0] Iniciando gestión de colisión con dx=-3, dy=0. Hitbox actual: (670, 339)
2025-05-19 16:56:59 - jugador - [DEBUG] - [JUGADOR_0] Posición POST CH: HB: (672, 339), PosFlotante: (672.00, 339.00)
2025-05-19 16:56:59 - jugador - [DEBUG] - [JUGADOR_0] Input teclado procesado: mov_x_input_raw=-180, mov_y_input_raw=0
2025-05-19 16:56:59 - jugador - [DEBUG] - [JUGADOR_0] Pos flotante (pre-límites): (668.9400, 339.0000)
2025-05-19 16:56:59 - jugador - [DEBUG] - [JUGADOR_0] Pos flotante (post-límites): (668.9400, 339.0000)
2025-05-19 16:56:59 - jugador - [DEBUG] - [JUGADOR_0] Movimiento para CH: dx_int=-4, dy_int=0. HB (antes CH): (672, 339), PosFlotante: (668.9400,339.0000)
2025-05-19 16:56:59 - jugador - [DEBUG] - [JUGADOR_0] Iniciando gestión de colisión con dx=-4, dy=0. Hitbox actual: (672, 339)
2025-05-19 16:56:59 - jugador - [DEBUG] - [JUGADOR_0] Posición POST CH: HB: (674, 339), PosFlotante: (674.00, 339.00)
2025-05-19 16:56:59 - jugador - [DEBUG] - [JUGADOR_0] Pos flotante (pre-límites): (671.1200, 339.0000)
2025-05-19 16:56:59 - jugador - [DEBUG] - [JUGADOR_0] Pos flotante (post-límites): (671.1200, 339.0000)
2025-05-19 16:56:59 - jugador - [DEBUG] - [JUGADOR_0] Movimiento para CH: dx_int=-3, dy_int=0. HB (antes CH): (674, 339), PosFlotante: (671.1200,339.0000)
2025-05-19 16:56:59 - jugador - [DEBUG] - [JUGADOR_0] Iniciando gestión de colisión con dx=-3, dy=0. Hitbox actual: (674, 339)
2025-05-19 16:56:59 - jugador - [DEBUG] - [JUGADOR_0] Posición POST CH: HB: (676, 339), PosFlotante: (676.00, 339.00)
2025-05-19 16:56:59 - jugador - [DEBUG] - [JUGADOR_0] Delta flotante intentado: dx=-3.0600, dy=0.0000 (delta_time: 0.0170)
2025-05-19 16:56:59 - jugador - [DEBUG] - [JUGADOR_0] Pos flotante (pre-límites): (672.9400, 339.0000)
2025-05-19 16:56:59 - jugador - [DEBUG] - [JUGADOR_0] Pos flotante (post-límites): (672.9400, 339.0000)
2025-05-19 16:56:59 - jugador - [DEBUG] - [JUGADOR_0] Movimiento para CH: dx_int=-4, dy_int=0. HB (antes CH): (676, 339), PosFlotante: (672.9400,339.0000)
2025-05-19 16:56:59 - jugador - [DEBUG] - [JUGADOR_0] Iniciando gestión de colisión con dx=-4, dy=0. Hitbox actual: (676, 339)
2025-05-19 16:56:59 - jugador - [DEBUG] - [JUGADOR_0] Posición POST CH: HB: (678, 339), PosFlotante: (678.00, 339.00)
2025-05-19 16:56:59 - jugador - [DEBUG] - [JUGADOR_0] Input teclado procesado: mov_x_input_raw=-180, mov_y_input_raw=0
2025-05-19 16:56:59 - jugador - [DEBUG] - [JUGADOR_0] Pos flotante (pre-límites): (674.9400, 339.0000)
2025-05-19 16:56:59 - jugador - [DEBUG] - [JUGADOR_0] Pos flotante (post-límites): (674.9400, 339.0000)
2025-05-19 16:56:59 - jugador - [DEBUG] - [JUGADOR_0] Movimiento para CH: dx_int=-4, dy_int=0. HB (antes CH): (678, 339), PosFlotante: (674.9400,339.0000)
2025-05-19 16:56:59 - jugador - [DEBUG] - [JUGADOR_0] Iniciando gestión de colisión con dx=-4, dy=0. Hitbox actual: (678, 339)
2025-05-19 16:56:59 - jugador - [DEBUG] - [JUGADOR_0] Posición POST CH: HB: (680, 339), PosFlotante: (680.00, 339.00)
2025-05-19 16:56:59 - jugador - [DEBUG] - [JUGADOR_0] Pos flotante (pre-límites): (676.9400, 339.0000)
2025-05-19 16:56:59 - jugador - [DEBUG] - [JUGADOR_0] Pos flotante (post-límites): (676.9400, 339.0000)
2025-05-19 16:56:59 - jugador - [DEBUG] - [JUGADOR_0] Movimiento para CH: dx_int=-4, dy_int=0. HB (antes CH): (680, 339), PosFlotante: (676.9400,339.0000)
2025-05-19 16:56:59 - jugador - [DEBUG] - [JUGADOR_0] Iniciando gestión de colisión con dx=-4, dy=0. Hitbox actual: (680, 339)
2025-05-19 16:56:59 - jugador - [DEBUG] - [JUGADOR_0] Posición POST CH: HB: (682, 339), PosFlotante: (682.00, 339.00)
2025-05-19 16:56:59 - jugador - [DEBUG] - [JUGADOR_0] Delta flotante intentado: dx=-2.8800, dy=0.0000 (delta_time: 0.0160)
2025-05-19 16:56:59 - jugador - [DEBUG] - [JUGADOR_0] Pos flotante (pre-límites): (679.1200, 339.0000)
2025-05-19 16:56:59 - jugador - [DEBUG] - [JUGADOR_0] Pos flotante (post-límites): (679.1200, 339.0000)
2025-05-19 16:56:59 - jugador - [DEBUG] - [JUGADOR_0] Movimiento para CH: dx_int=-3, dy_int=0. HB (antes CH): (682, 339), PosFlotante: (679.1200,339.0000)
2025-05-19 16:56:59 - jugador - [DEBUG] - [JUGADOR_0] Iniciando gestión de colisión con dx=-3, dy=0. Hitbox actual: (682, 339)
2025-05-19 16:56:59 - jugador - [DEBUG] - [JUGADOR_0] Posición POST CH: HB: (684, 339), PosFlotante: (684.00, 339.00)
2025-05-19 16:56:59 - jugador - [DEBUG] - [JUGADOR_0] Input teclado procesado: mov_x_input_raw=-180, mov_y_input_raw=0
2025-05-19 16:56:59 - jugador - [DEBUG] - [JUGADOR_0] Delta flotante intentado: dx=-3.0600, dy=0.0000 (delta_time: 0.0170)
2025-05-19 16:56:59 - jugador - [DEBUG] - [JUGADOR_0] Pos flotante (pre-límites): (680.9400, 339.0000)
2025-05-19 16:56:59 - jugador - [DEBUG] - [JUGADOR_0] Pos flotante (post-límites): (680.9400, 339.0000)
2025-05-19 16:56:59 - jugador - [DEBUG] - [JUGADOR_0] Movimiento para CH: dx_int=-4, dy_int=0. HB (antes CH): (684, 339), PosFlotante: (680.9400,339.0000)
2025-05-19 16:56:59 - jugador - [DEBUG] - [JUGADOR_0] Iniciando gestión de colisión con dx=-4, dy=0. Hitbox actual: (684, 339)
2025-05-19 16:56:59 - jugador - [DEBUG] - [JUGADOR_0] Posición POST CH: HB: (686, 339), PosFlotante: (686.00, 339.00)
2025-05-19 16:56:59 - jugador - [DEBUG] - [JUGADOR_0] Intento de ataque en cooldown (700.0ms). Tiempo desde último: 445ms
2025-05-19 16:56:59 - jugador - [DEBUG] - [JUGADOR_0] Pos flotante (pre-límites): (683.1200, 339.0000)
2025-05-19 16:56:59 - jugador - [DEBUG] - [JUGADOR_0] Pos flotante (post-límites): (683.1200, 339.0000)
2025-05-19 16:56:59 - jugador - [DEBUG] - [JUGADOR_0] Movimiento para CH: dx_int=-3, dy_int=0. HB (antes CH): (686, 339), PosFlotante: (683.1200,339.0000)
2025-05-19 16:56:59 - jugador - [DEBUG] - [JUGADOR_0] Iniciando gestión de colisión con dx=-3, dy=0. Hitbox actual: (686, 339)
2025-05-19 16:56:59 - jugador - [DEBUG] - [JUGADOR_0] Posición POST CH: HB: (688, 339), PosFlotante: (688.00, 339.00)
2025-05-19 16:57:00 - jugador - [DEBUG] - [JUGADOR_0] Pos flotante (pre-límites): (684.9400, 339.0000)
2025-05-19 16:57:00 - jugador - [DEBUG] - [JUGADOR_0] Pos flotante (post-límites): (684.9400, 339.0000)
2025-05-19 16:57:00 - jugador - [DEBUG] - [JUGADOR_0] Movimiento para CH: dx_int=-4, dy_int=0. HB (antes CH): (688, 339), PosFlotante: (684.9400,339.0000)
2025-05-19 16:57:00 - jugador - [DEBUG] - [JUGADOR_0] Iniciando gestión de colisión con dx=-4, dy=0. Hitbox actual: (688, 339)
2025-05-19 16:57:00 - jugador - [DEBUG] - [JUGADOR_0] Posición POST CH: HB: (690, 339), PosFlotante: (690.00, 339.00)
2025-05-19 16:57:00 - jugador - [DEBUG] - [JUGADOR_0] Input teclado procesado: mov_x_input_raw=-180, mov_y_input_raw=0
2025-05-19 16:57:00 - jugador - [DEBUG] - [JUGADOR_0] Delta flotante intentado: dx=-3.0600, dy=0.0000 (delta_time: 0.0170)
2025-05-19 16:57:00 - jugador - [DEBUG] - [JUGADOR_0] Pos flotante (pre-límites): (686.9400, 339.0000)
2025-05-19 16:57:00 - jugador - [DEBUG] - [JUGADOR_0] Pos flotante (post-límites): (686.9400, 339.0000)
2025-05-19 16:57:00 - jugador - [DEBUG] - [JUGADOR_0] Movimiento para CH: dx_int=-4, dy_int=0. HB (antes CH): (690, 339), PosFlotante: (686.9400,339.0000)
2025-05-19 16:57:00 - jugador - [DEBUG] - [JUGADOR_0] Iniciando gestión de colisión con dx=-4, dy=0. Hitbox actual: (690, 339)
2025-05-19 16:57:00 - jugador - [DEBUG] - [JUGADOR_0] Posición POST CH: HB: (692, 339), PosFlotante: (692.00, 339.00)
2025-05-19 16:57:00 - jugador - [DEBUG] - [JUGADOR_0] Delta flotante intentado: dx=-2.8800, dy=0.0000 (delta_time: 0.0160)
2025-05-19 16:57:00 - jugador - [DEBUG] - [JUGADOR_0] Pos flotante (pre-límites): (689.1200, 339.0000)
2025-05-19 16:57:00 - jugador - [DEBUG] - [JUGADOR_0] Pos flotante (post-límites): (689.1200, 339.0000)
2025-05-19 16:57:00 - jugador - [DEBUG] - [JUGADOR_0] Movimiento para CH: dx_int=-3, dy_int=0. HB (antes CH): (692, 339), PosFlotante: (689.1200,339.0000)
2025-05-19 16:57:00 - jugador - [DEBUG] - [JUGADOR_0] Iniciando gestión de colisión con dx=-3, dy=0. Hitbox actual: (692, 339)
2025-05-19 16:57:00 - jugador - [DEBUG] - [JUGADOR_0] Posición POST CH: HB: (694, 339), PosFlotante: (694.00, 339.00)
2025-05-19 16:57:00 - jugador - [DEBUG] - [JUGADOR_0] Pos flotante (pre-límites): (690.9400, 339.0000)
2025-05-19 16:57:00 - jugador - [DEBUG] - [JUGADOR_0] Pos flotante (post-límites): (690.9400, 339.0000)
2025-05-19 16:57:00 - jugador - [DEBUG] - [JUGADOR_0] Movimiento para CH: dx_int=-4, dy_int=0. HB (antes CH): (694, 339), PosFlotante: (690.9400,339.0000)
2025-05-19 16:57:00 - jugador - [DEBUG] - [JUGADOR_0] Iniciando gestión de colisión con dx=-4, dy=0. Hitbox actual: (694, 339)
2025-05-19 16:57:00 - jugador - [DEBUG] - [JUGADOR_0] Posición POST CH: HB: (696, 339), PosFlotante: (696.00, 339.00)
2025-05-19 16:57:00 - jugador - [DEBUG] - [JUGADOR_0] Input teclado procesado: mov_x_input_raw=-180, mov_y_input_raw=0
2025-05-19 16:57:00 - jugador - [DEBUG] - [JUGADOR_0] Delta flotante intentado: dx=-3.0600, dy=0.0000 (delta_time: 0.0170)
2025-05-19 16:57:00 - jugador - [DEBUG] - [JUGADOR_0] Pos flotante (pre-límites): (692.9400, 339.0000)
2025-05-19 16:57:00 - jugador - [DEBUG] - [JUGADOR_0] Pos flotante (post-límites): (692.9400, 339.0000)
2025-05-19 16:57:00 - jugador - [DEBUG] - [JUGADOR_0] Movimiento para CH: dx_int=-4, dy_int=0. HB (antes CH): (696, 339), PosFlotante: (692.9400,339.0000)
2025-05-19 16:57:00 - jugador - [DEBUG] - [JUGADOR_0] Iniciando gestión de colisión con dx=-4, dy=0. Hitbox actual: (696, 339)
2025-05-19 16:57:00 - jugador - [DEBUG] - [JUGADOR_0] Posición POST CH: HB: (698, 339), PosFlotante: (698.00, 339.00)
2025-05-19 16:57:00 - jugador - [DEBUG] - [JUGADOR_0] Pos flotante (pre-límites): (694.9400, 339.0000)
2025-05-19 16:57:00 - jugador - [DEBUG] - [JUGADOR_0] Pos flotante (post-límites): (694.9400, 339.0000)
2025-05-19 16:57:00 - jugador - [DEBUG] - [JUGADOR_0] Movimiento para CH: dx_int=-4, dy_int=0. HB (antes CH): (698, 339), PosFlotante: (694.9400,339.0000)
2025-05-19 16:57:00 - jugador - [DEBUG] - [JUGADOR_0] Iniciando gestión de colisión con dx=-4, dy=0. Hitbox actual: (698, 339)
2025-05-19 16:57:00 - jugador - [DEBUG] - [JUGADOR_0] Posición POST CH: HB: (700, 339), PosFlotante: (700.00, 339.00)
2025-05-19 16:57:00 - jugador - [DEBUG] - [JUGADOR_0] Pos flotante (pre-límites): (696.9400, 339.0000)
2025-05-19 16:57:00 - jugador - [DEBUG] - [JUGADOR_0] Pos flotante (post-límites): (696.9400, 339.0000)
2025-05-19 16:57:00 - jugador - [DEBUG] - [JUGADOR_0] Movimiento para CH: dx_int=-4, dy_int=0. HB (antes CH): (700, 339), PosFlotante: (696.9400,339.0000)
2025-05-19 16:57:00 - jugador - [DEBUG] - [JUGADOR_0] Iniciando gestión de colisión con dx=-4, dy=0. Hitbox actual: (700, 339)
2025-05-19 16:57:00 - jugador - [DEBUG] - [JUGADOR_0] Posición POST CH: HB: (702, 339), PosFlotante: (702.00, 339.00)
2025-05-19 16:57:00 - jugador - [DEBUG] - [JUGADOR_0] Input teclado procesado: mov_x_input_raw=-180, mov_y_input_raw=0
2025-05-19 16:57:00 - jugador - [DEBUG] - [JUGADOR_0] Delta flotante intentado: dx=-3.0600, dy=0.0000 (delta_time: 0.0170)
2025-05-19 16:57:00 - jugador - [DEBUG] - [JUGADOR_0] Pos flotante (pre-límites): (698.9400, 339.0000)
2025-05-19 16:57:00 - jugador - [DEBUG] - [JUGADOR_0] Pos flotante (post-límites): (698.9400, 339.0000)
2025-05-19 16:57:00 - jugador - [DEBUG] - [JUGADOR_0] Movimiento para CH: dx_int=-4, dy_int=0. HB (antes CH): (702, 339), PosFlotante: (698.9400,339.0000)
2025-05-19 16:57:00 - jugador - [DEBUG] - [JUGADOR_0] Iniciando gestión de colisión con dx=-4, dy=0. Hitbox actual: (702, 339)
2025-05-19 16:57:00 - jugador - [DEBUG] - [JUGADOR_0] Posición POST CH: HB: (704, 339), PosFlotante: (704.00, 339.00)
2025-05-19 16:57:00 - jugador - [DEBUG] - [JUGADOR_0] Delta flotante intentado: dx=-2.8800, dy=0.0000 (delta_time: 0.0160)
2025-05-19 16:57:00 - jugador - [DEBUG] - [JUGADOR_0] Pos flotante (pre-límites): (701.1200, 339.0000)
2025-05-19 16:57:00 - jugador - [DEBUG] - [JUGADOR_0] Pos flotante (post-límites): (701.1200, 339.0000)
2025-05-19 16:57:00 - jugador - [DEBUG] - [JUGADOR_0] Movimiento para CH: dx_int=-3, dy_int=0. HB (antes CH): (704, 339), PosFlotante: (701.1200,339.0000)
2025-05-19 16:57:00 - jugador - [DEBUG] - [JUGADOR_0] Iniciando gestión de colisión con dx=-3, dy=0. Hitbox actual: (704, 339)
2025-05-19 16:57:00 - jugador - [DEBUG] - [JUGADOR_0] Posición POST CH: HB: (706, 339), PosFlotante: (706.00, 339.00)
2025-05-19 16:57:00 - jugador - [DEBUG] - [JUGADOR_0] Pos flotante (pre-límites): (703.1200, 339.0000)
2025-05-19 16:57:00 - jugador - [DEBUG] - [JUGADOR_0] Pos flotante (post-límites): (703.1200, 339.0000)
2025-05-19 16:57:00 - jugador - [DEBUG] - [JUGADOR_0] Movimiento para CH: dx_int=-3, dy_int=0. HB (antes CH): (706, 339), PosFlotante: (703.1200,339.0000)
2025-05-19 16:57:00 - jugador - [DEBUG] - [JUGADOR_0] Iniciando gestión de colisión con dx=-3, dy=0. Hitbox actual: (706, 339)
2025-05-19 16:57:00 - jugador - [DEBUG] - [JUGADOR_0] Posición POST CH: HB: (708, 339), PosFlotante: (708.00, 339.00)
2025-05-19 16:57:00 - jugador - [DEBUG] - [JUGADOR_0] Pos flotante (pre-límites): (704.9400, 339.0000)
2025-05-19 16:57:00 - jugador - [DEBUG] - [JUGADOR_0] Pos flotante (post-límites): (704.9400, 339.0000)
2025-05-19 16:57:00 - jugador - [DEBUG] - [JUGADOR_0] Movimiento para CH: dx_int=-4, dy_int=0. HB (antes CH): (708, 339), PosFlotante: (704.9400,339.0000)
2025-05-19 16:57:00 - jugador - [DEBUG] - [JUGADOR_0] Iniciando gestión de colisión con dx=-4, dy=0. Hitbox actual: (708, 339)
2025-05-19 16:57:00 - jugador - [DEBUG] - [JUGADOR_0] Posición POST CH: HB: (710, 339), PosFlotante: (710.00, 339.00)
2025-05-19 16:57:00 - jugador - [DEBUG] - [JUGADOR_0] Input teclado procesado: mov_x_input_raw=-180, mov_y_input_raw=-180
2025-05-19 16:57:00 - jugador - [DEBUG] - [JUGADOR_0] Delta flotante intentado: dx=-2.8800, dy=-2.8800 (delta_time: 0.0160)
2025-05-19 16:57:00 - jugador - [DEBUG] - [JUGADOR_0] Pos flotante (pre-límites): (707.1200, 336.1200)
2025-05-19 16:57:00 - jugador - [DEBUG] - [JUGADOR_0] Pos flotante (post-límites): (707.1200, 336.1200)
2025-05-19 16:57:00 - jugador - [DEBUG] - [JUGADOR_0] Movimiento para CH: dx_int=-3, dy_int=-3. HB (antes CH): (710, 339), PosFlotante: (707.1200,336.1200)
2025-05-19 16:57:00 - jugador - [DEBUG] - [JUGADOR_0] Iniciando gestión de colisión con dx=-3, dy=-3. Hitbox actual: (710, 339)
2025-05-19 16:57:00 - jugador - [DEBUG] - [JUGADOR_0] Posición POST CH: HB: (712, 336), PosFlotante: (712.00, 336.00)
2025-05-19 16:57:00 - jugador - [DEBUG] - [JUGADOR_0] Delta flotante intentado: dx=-3.0600, dy=-3.0600 (delta_time: 0.0170)
2025-05-19 16:57:00 - jugador - [DEBUG] - [JUGADOR_0] Pos flotante (pre-límites): (708.9400, 332.9400)
2025-05-19 16:57:00 - jugador - [DEBUG] - [JUGADOR_0] Pos flotante (post-límites): (708.9400, 332.9400)
2025-05-19 16:57:00 - jugador - [DEBUG] - [JUGADOR_0] Movimiento para CH: dx_int=-4, dy_int=-4. HB (antes CH): (712, 336), PosFlotante: (708.9400,332.9400)
2025-05-19 16:57:00 - jugador - [DEBUG] - [JUGADOR_0] Iniciando gestión de colisión con dx=-4, dy=-4. Hitbox actual: (712, 336)
2025-05-19 16:57:00 - jugador - [DEBUG] - [JUGADOR_0] Posición POST CH: HB: (711, 366), PosFlotante: (711.00, 366.00)
2025-05-19 16:57:00 - jugador - [DEBUG] - [JUGADOR_0] Pos flotante (pre-límites): (707.9400, 362.9400)
2025-05-19 16:57:00 - jugador - [DEBUG] - [JUGADOR_0] Pos flotante (post-límites): (707.9400, 362.9400)
2025-05-19 16:57:00 - jugador - [DEBUG] - [JUGADOR_0] Movimiento para CH: dx_int=-4, dy_int=-4. HB (antes CH): (711, 366), PosFlotante: (707.9400,362.9400)
2025-05-19 16:57:00 - jugador - [DEBUG] - [JUGADOR_0] Iniciando gestión de colisión con dx=-4, dy=-4. Hitbox actual: (711, 366)
2025-05-19 16:57:00 - jugador - [DEBUG] - [JUGADOR_0] Posición POST CH: HB: (715, 362), PosFlotante: (715.00, 362.00)
2025-05-19 16:57:00 - jugador - [DEBUG] - [JUGADOR_0] Input teclado procesado: mov_x_input_raw=-180, mov_y_input_raw=-180
2025-05-19 16:57:00 - jugador - [DEBUG] - [JUGADOR_0] Pos flotante (pre-límites): (711.9400, 358.9400)
2025-05-19 16:57:00 - jugador - [DEBUG] - [JUGADOR_0] Pos flotante (post-límites): (711.9400, 358.9400)
2025-05-19 16:57:00 - jugador - [DEBUG] - [JUGADOR_0] Movimiento para CH: dx_int=-4, dy_int=-4. HB (antes CH): (715, 362), PosFlotante: (711.9400,358.9400)
2025-05-19 16:57:00 - jugador - [DEBUG] - [JUGADOR_0] Iniciando gestión de colisión con dx=-4, dy=-4. Hitbox actual: (715, 362)
2025-05-19 16:57:00 - jugador - [DEBUG] - [JUGADOR_0] Posición POST CH: HB: (717, 358), PosFlotante: (717.00, 358.00)
2025-05-19 16:57:00 - jugador - [DEBUG] - [JUGADOR_0] Delta flotante intentado: dx=-3.0600, dy=-3.0600 (delta_time: 0.0170)
2025-05-19 16:57:00 - jugador - [DEBUG] - [JUGADOR_0] Pos flotante (pre-límites): (713.9400, 354.9400)
2025-05-19 16:57:00 - jugador - [DEBUG] - [JUGADOR_0] Pos flotante (post-límites): (713.9400, 354.9400)
2025-05-19 16:57:00 - jugador - [DEBUG] - [JUGADOR_0] Movimiento para CH: dx_int=-4, dy_int=-4. HB (antes CH): (717, 358), PosFlotante: (713.9400,354.9400)
2025-05-19 16:57:00 - jugador - [DEBUG] - [JUGADOR_0] Iniciando gestión de colisión con dx=-4, dy=-4. Hitbox actual: (717, 358)
2025-05-19 16:57:00 - jugador - [DEBUG] - [JUGADOR_0] Posición POST CH: HB: (719, 354), PosFlotante: (719.00, 354.00)
2025-05-19 16:57:00 - jugador - [DEBUG] - [JUGADOR_0] Pos flotante (pre-límites): (715.9400, 350.9400)
2025-05-19 16:57:00 - jugador - [DEBUG] - [JUGADOR_0] Pos flotante (post-límites): (715.9400, 350.9400)
2025-05-19 16:57:00 - jugador - [DEBUG] - [JUGADOR_0] Movimiento para CH: dx_int=-4, dy_int=-4. HB (antes CH): (719, 354), PosFlotante: (715.9400,350.9400)
2025-05-19 16:57:00 - jugador - [DEBUG] - [JUGADOR_0] Iniciando gestión de colisión con dx=-4, dy=-4. Hitbox actual: (719, 354)
2025-05-19 16:57:00 - jugador - [DEBUG] - [JUGADOR_0] Posición POST CH: HB: (721, 350), PosFlotante: (721.00, 350.00)
2025-05-19 16:57:00 - jugador - [DEBUG] - [JUGADOR_0] Delta flotante intentado: dx=-2.8800, dy=-2.8800 (delta_time: 0.0160)
2025-05-19 16:57:00 - jugador - [DEBUG] - [JUGADOR_0] Pos flotante (pre-límites): (718.1200, 347.1200)
2025-05-19 16:57:00 - jugador - [DEBUG] - [JUGADOR_0] Pos flotante (post-límites): (718.1200, 347.1200)
2025-05-19 16:57:00 - jugador - [DEBUG] - [JUGADOR_0] Movimiento para CH: dx_int=-3, dy_int=-3. HB (antes CH): (721, 350), PosFlotante: (718.1200,347.1200)
2025-05-19 16:57:00 - jugador - [DEBUG] - [JUGADOR_0] Iniciando gestión de colisión con dx=-3, dy=-3. Hitbox actual: (721, 350)
2025-05-19 16:57:00 - jugador - [DEBUG] - [JUGADOR_0] Posición POST CH: HB: (723, 347), PosFlotante: (723.00, 347.00)
2025-05-19 16:57:00 - jugador - [DEBUG] - [JUGADOR_0] Input teclado procesado: mov_x_input_raw=-180, mov_y_input_raw=-180
2025-05-19 16:57:00 - jugador - [DEBUG] - [JUGADOR_0] Delta flotante intentado: dx=-3.0600, dy=-3.0600 (delta_time: 0.0170)
2025-05-19 16:57:00 - jugador - [DEBUG] - [JUGADOR_0] Pos flotante (pre-límites): (719.9400, 343.9400)
2025-05-19 16:57:00 - jugador - [DEBUG] - [JUGADOR_0] Pos flotante (post-límites): (719.9400, 343.9400)
2025-05-19 16:57:00 - jugador - [DEBUG] - [JUGADOR_0] Movimiento para CH: dx_int=-4, dy_int=-4. HB (antes CH): (723, 347), PosFlotante: (719.9400,343.9400)
2025-05-19 16:57:00 - jugador - [DEBUG] - [JUGADOR_0] Iniciando gestión de colisión con dx=-4, dy=-4. Hitbox actual: (723, 347)
2025-05-19 16:57:00 - jugador - [DEBUG] - [JUGADOR_0] Posición POST CH: HB: (725, 343), PosFlotante: (725.00, 343.00)
2025-05-19 16:57:00 - jugador - [DEBUG] - [JUGADOR_0] Pos flotante (pre-límites): (721.9400, 339.9400)
2025-05-19 16:57:00 - jugador - [DEBUG] - [JUGADOR_0] Pos flotante (post-límites): (721.9400, 339.9400)
2025-05-19 16:57:00 - jugador - [DEBUG] - [JUGADOR_0] Movimiento para CH: dx_int=-4, dy_int=-4. HB (antes CH): (725, 343), PosFlotante: (721.9400,339.9400)
2025-05-19 16:57:00 - jugador - [DEBUG] - [JUGADOR_0] Iniciando gestión de colisión con dx=-4, dy=-4. Hitbox actual: (725, 343)
2025-05-19 16:57:00 - jugador - [DEBUG] - [JUGADOR_0] Posición POST CH: HB: (727, 339), PosFlotante: (727.00, 339.00)
2025-05-19 16:57:00 - jugador - [DEBUG] - [JUGADOR_0] Delta flotante intentado: dx=-2.8800, dy=-2.8800 (delta_time: 0.0160)
2025-05-19 16:57:00 - jugador - [DEBUG] - [JUGADOR_0] Pos flotante (pre-límites): (724.1200, 336.1200)
2025-05-19 16:57:00 - jugador - [DEBUG] - [JUGADOR_0] Pos flotante (post-límites): (724.1200, 336.1200)
2025-05-19 16:57:00 - jugador - [DEBUG] - [JUGADOR_0] Movimiento para CH: dx_int=-3, dy_int=-3. HB (antes CH): (727, 339), PosFlotante: (724.1200,336.1200)
2025-05-19 16:57:00 - jugador - [DEBUG] - [JUGADOR_0] Iniciando gestión de colisión con dx=-3, dy=-3. Hitbox actual: (727, 339)
2025-05-19 16:57:00 - jugador - [DEBUG] - [JUGADOR_0] Posición POST CH: HB: (729, 336), PosFlotante: (729.00, 336.00)
2025-05-19 16:57:00 - jugador - [DEBUG] - [JUGADOR_0] Pos flotante (pre-límites): (725.9400, 332.9400)
2025-05-19 16:57:00 - jugador - [DEBUG] - [JUGADOR_0] Pos flotante (post-límites): (725.9400, 332.9400)
2025-05-19 16:57:00 - jugador - [DEBUG] - [JUGADOR_0] Movimiento para CH: dx_int=-4, dy_int=-4. HB (antes CH): (729, 336), PosFlotante: (725.9400,332.9400)
2025-05-19 16:57:00 - jugador - [DEBUG] - [JUGADOR_0] Iniciando gestión de colisión con dx=-4, dy=-4. Hitbox actual: (729, 336)
2025-05-19 16:57:00 - jugador - [DEBUG] - [JUGADOR_0] Posición POST CH: HB: (731, 332), PosFlotante: (731.00, 332.00)
2025-05-19 16:57:00 - jugador - [INFO] - [JUGADOR_0] ATAQUE INICIADO (Cooldown: 700.0ms). Perfil: 'espada_predeterminada'
2025-05-19 16:57:00 - jugador - [DEBUG] - [JUGADOR_0] Input teclado procesado: mov_x_input_raw=-180, mov_y_input_raw=-180
2025-05-19 16:57:00 - jugador - [DEBUG] - [JUGADOR_0] Delta flotante intentado: dx=-3.0600, dy=-3.0600 (delta_time: 0.0170)
2025-05-19 16:57:00 - jugador - [DEBUG] - [JUGADOR_0] Pos flotante (pre-límites): (727.9400, 328.9400)
2025-05-19 16:57:00 - jugador - [DEBUG] - [JUGADOR_0] Pos flotante (post-límites): (727.9400, 328.9400)
2025-05-19 16:57:00 - jugador - [DEBUG] - [JUGADOR_0] Movimiento para CH: dx_int=-4, dy_int=-4. HB (antes CH): (731, 332), PosFlotante: (727.9400,328.9400)
2025-05-19 16:57:00 - jugador - [DEBUG] - [JUGADOR_0] Iniciando gestión de colisión con dx=-4, dy=-4. Hitbox actual: (731, 332)
2025-05-19 16:57:00 - jugador - [DEBUG] - [JUGADOR_0] Posición POST CH: HB: (732, 328), PosFlotante: (732.00, 328.00)
2025-05-19 16:57:00 - jugador - [DEBUG] - [JUGADOR_0] Hitbox ataque: <rect(717, 305, 54, 69)>, Dir: (-1.00, 0.00)
2025-05-19 16:57:00 - jugador - [INFO] - [JUGADOR_0] GOLPEÓ a [Enemigo_1] con perfil 'espada_predeterminada'. Daño: 10.0
2025-05-19 16:57:00 - jugador - [INFO] - [JUGADOR_0] GOLPEÓ a [Enemigo_2] con perfil 'espada_predeterminada'. Daño: 10.0
2025-05-19 16:57:00 - jugador - [DEBUG] - [JUGADOR_0] Pos flotante (pre-límites): (729.1200, 325.1200)
2025-05-19 16:57:00 - jugador - [DEBUG] - [JUGADOR_0] Pos flotante (post-límites): (729.1200, 325.1200)
2025-05-19 16:57:00 - jugador - [DEBUG] - [JUGADOR_0] Movimiento para CH: dx_int=-3, dy_int=-3. HB (antes CH): (732, 328), PosFlotante: (729.1200,325.1200)
2025-05-19 16:57:00 - jugador - [DEBUG] - [JUGADOR_0] Iniciando gestión de colisión con dx=-3, dy=-3. Hitbox actual: (732, 328)
2025-05-19 16:57:00 - jugador - [DEBUG] - [JUGADOR_0] Posición POST CH: HB: (729, 325), PosFlotante: (729.00, 325.00)
2025-05-19 16:57:00 - jugador - [DEBUG] - [JUGADOR_0] Hitbox ataque: <rect(714, 302, 54, 69)>, Dir: (-1.00, 0.00)
2025-05-19 16:57:00 - jugador - [DEBUG] - [JUGADOR_0] Pos flotante (pre-límites): (725.9400, 321.9400)
2025-05-19 16:57:00 - jugador - [DEBUG] - [JUGADOR_0] Pos flotante (post-límites): (725.9400, 321.9400)
2025-05-19 16:57:00 - jugador - [DEBUG] - [JUGADOR_0] Movimiento para CH: dx_int=-4, dy_int=-4. HB (antes CH): (729, 325), PosFlotante: (725.9400,321.9400)
2025-05-19 16:57:00 - jugador - [DEBUG] - [JUGADOR_0] Iniciando gestión de colisión con dx=-4, dy=-4. Hitbox actual: (729, 325)
2025-05-19 16:57:00 - jugador - [DEBUG] - [JUGADOR_0] Posición POST CH: HB: (730, 321), PosFlotante: (730.00, 321.00)
2025-05-19 16:57:00 - jugador - [DEBUG] - [JUGADOR_0] Hitbox ataque: <rect(715, 298, 54, 69)>, Dir: (-1.00, 0.00)
2025-05-19 16:57:00 - jugador - [DEBUG] - [JUGADOR_0] Pos flotante (pre-límites): (726.9400, 317.9400)
2025-05-19 16:57:00 - jugador - [DEBUG] - [JUGADOR_0] Pos flotante (post-límites): (726.9400, 317.9400)
2025-05-19 16:57:00 - jugador - [DEBUG] - [JUGADOR_0] Movimiento para CH: dx_int=-4, dy_int=-4. HB (antes CH): (730, 321), PosFlotante: (726.9400,317.9400)
2025-05-19 16:57:00 - jugador - [DEBUG] - [JUGADOR_0] Iniciando gestión de colisión con dx=-4, dy=-4. Hitbox actual: (730, 321)
2025-05-19 16:57:00 - jugador - [DEBUG] - [JUGADOR_0] Posición POST CH: HB: (732, 317), PosFlotante: (732.00, 317.00)
2025-05-19 16:57:00 - jugador - [DEBUG] - [JUGADOR_0] Hitbox ataque: <rect(717, 294, 54, 69)>, Dir: (-1.00, 0.00)
2025-05-19 16:57:00 - jugador - [DEBUG] - [JUGADOR_0] Input teclado procesado: mov_x_input_raw=-180, mov_y_input_raw=-180
2025-05-19 16:57:00 - jugador - [DEBUG] - [JUGADOR_0] Delta flotante intentado: dx=-3.0600, dy=-3.0600 (delta_time: 0.0170)
2025-05-19 16:57:00 - jugador - [DEBUG] - [JUGADOR_0] Pos flotante (pre-límites): (728.9400, 313.9400)
2025-05-19 16:57:00 - jugador - [DEBUG] - [JUGADOR_0] Pos flotante (post-límites): (728.9400, 313.9400)
2025-05-19 16:57:00 - jugador - [DEBUG] - [JUGADOR_0] Movimiento para CH: dx_int=-4, dy_int=-4. HB (antes CH): (732, 317), PosFlotante: (728.9400,313.9400)
2025-05-19 16:57:00 - jugador - [DEBUG] - [JUGADOR_0] Iniciando gestión de colisión con dx=-4, dy=-4. Hitbox actual: (732, 317)
2025-05-19 16:57:00 - jugador - [DEBUG] - [JUGADOR_0] Posición POST CH: HB: (734, 313), PosFlotante: (734.00, 313.00)
2025-05-19 16:57:00 - jugador - [DEBUG] - [JUGADOR_0] Hitbox ataque: <rect(719, 290, 54, 69)>, Dir: (-1.00, 0.00)
2025-05-19 16:57:00 - jugador - [DEBUG] - [JUGADOR_0] Pos flotante (pre-límites): (730.9400, 309.9400)
2025-05-19 16:57:00 - jugador - [DEBUG] - [JUGADOR_0] Pos flotante (post-límites): (730.9400, 309.9400)
2025-05-19 16:57:00 - jugador - [DEBUG] - [JUGADOR_0] Movimiento para CH: dx_int=-4, dy_int=-4. HB (antes CH): (734, 313), PosFlotante: (730.9400,309.9400)
2025-05-19 16:57:00 - jugador - [DEBUG] - [JUGADOR_0] Iniciando gestión de colisión con dx=-4, dy=-4. Hitbox actual: (734, 313)
2025-05-19 16:57:00 - jugador - [DEBUG] - [JUGADOR_0] Posición POST CH: HB: (736, 309), PosFlotante: (736.00, 309.00)
2025-05-19 16:57:00 - jugador - [DEBUG] - [JUGADOR_0] Hitbox ataque: <rect(721, 286, 54, 69)>, Dir: (-1.00, 0.00)
2025-05-19 16:57:00 - jugador - [DEBUG] - [JUGADOR_0] Pos flotante (pre-límites): (732.9400, 305.9400)
2025-05-19 16:57:00 - jugador - [DEBUG] - [JUGADOR_0] Pos flotante (post-límites): (732.9400, 305.9400)
2025-05-19 16:57:00 - jugador - [DEBUG] - [JUGADOR_0] Movimiento para CH: dx_int=-4, dy_int=-4. HB (antes CH): (736, 309), PosFlotante: (732.9400,305.9400)
2025-05-19 16:57:00 - jugador - [DEBUG] - [JUGADOR_0] Iniciando gestión de colisión con dx=-4, dy=-4. Hitbox actual: (736, 309)
2025-05-19 16:57:00 - jugador - [DEBUG] - [JUGADOR_0] Posición POST CH: HB: (738, 305), PosFlotante: (738.00, 305.00)
2025-05-19 16:57:00 - jugador - [DEBUG] - [JUGADOR_0] Hitbox ataque: <rect(723, 282, 54, 69)>, Dir: (-1.00, 0.00)
2025-05-19 16:57:00 - jugador - [DEBUG] - [JUGADOR_0] Delta flotante intentado: dx=-2.8800, dy=-2.8800 (delta_time: 0.0160)
2025-05-19 16:57:00 - jugador - [DEBUG] - [JUGADOR_0] Pos flotante (pre-límites): (735.1200, 302.1200)
2025-05-19 16:57:00 - jugador - [DEBUG] - [JUGADOR_0] Pos flotante (post-límites): (735.1200, 302.1200)
2025-05-19 16:57:00 - jugador - [DEBUG] - [JUGADOR_0] Movimiento para CH: dx_int=-3, dy_int=-3. HB (antes CH): (738, 305), PosFlotante: (735.1200,302.1200)
2025-05-19 16:57:00 - jugador - [DEBUG] - [JUGADOR_0] Iniciando gestión de colisión con dx=-3, dy=-3. Hitbox actual: (738, 305)
2025-05-19 16:57:00 - jugador - [DEBUG] - [JUGADOR_0] Posición POST CH: HB: (739, 302), PosFlotante: (739.00, 302.00)
2025-05-19 16:57:00 - jugador - [DEBUG] - [JUGADOR_0] Hitbox ataque: <rect(724, 279, 54, 69)>, Dir: (-1.00, 0.00)
2025-05-19 16:57:00 - jugador - [DEBUG] - [JUGADOR_0] Input teclado procesado: mov_x_input_raw=-180, mov_y_input_raw=-180
2025-05-19 16:57:00 - jugador - [DEBUG] - [JUGADOR_0] Delta flotante intentado: dx=-3.0600, dy=-3.0600 (delta_time: 0.0170)
2025-05-19 16:57:00 - jugador - [DEBUG] - [JUGADOR_0] Pos flotante (pre-límites): (735.9400, 298.9400)
2025-05-19 16:57:00 - jugador - [DEBUG] - [JUGADOR_0] Pos flotante (post-límites): (735.9400, 298.9400)
2025-05-19 16:57:00 - jugador - [DEBUG] - [JUGADOR_0] Movimiento para CH: dx_int=-4, dy_int=-4. HB (antes CH): (739, 302), PosFlotante: (735.9400,298.9400)
2025-05-19 16:57:00 - jugador - [DEBUG] - [JUGADOR_0] Iniciando gestión de colisión con dx=-4, dy=-4. Hitbox actual: (739, 302)
2025-05-19 16:57:00 - jugador - [DEBUG] - [JUGADOR_0] Posición POST CH: HB: (740, 298), PosFlotante: (740.00, 298.00)
2025-05-19 16:57:00 - jugador - [DEBUG] - [JUGADOR_0] Hitbox ataque: <rect(725, 275, 54, 69)>, Dir: (-1.00, 0.00)
2025-05-19 16:57:00 - jugador - [DEBUG] - [JUGADOR_0] Pos flotante (pre-límites): (737.1200, 295.1200)
2025-05-19 16:57:00 - jugador - [DEBUG] - [JUGADOR_0] Pos flotante (post-límites): (737.1200, 295.1200)
2025-05-19 16:57:00 - jugador - [DEBUG] - [JUGADOR_0] Movimiento para CH: dx_int=-3, dy_int=-3. HB (antes CH): (740, 298), PosFlotante: (737.1200,295.1200)
2025-05-19 16:57:00 - jugador - [DEBUG] - [JUGADOR_0] Iniciando gestión de colisión con dx=-3, dy=-3. Hitbox actual: (740, 298)
2025-05-19 16:57:00 - jugador - [DEBUG] - [JUGADOR_0] Posición POST CH: HB: (737, 295), PosFlotante: (737.00, 295.00)
2025-05-19 16:57:00 - jugador - [DEBUG] - [JUGADOR_0] Hitbox ataque: <rect(722, 272, 54, 69)>, Dir: (-1.00, 0.00)
2025-05-19 16:57:00 - jugador - [DEBUG] - [JUGADOR_0] Pos flotante (pre-límites): (734.1200, 292.1200)
2025-05-19 16:57:00 - jugador - [DEBUG] - [JUGADOR_0] Pos flotante (post-límites): (734.1200, 292.1200)
2025-05-19 16:57:00 - jugador - [DEBUG] - [JUGADOR_0] Movimiento para CH: dx_int=-3, dy_int=-3. HB (antes CH): (737, 295), PosFlotante: (734.1200,292.1200)
2025-05-19 16:57:00 - jugador - [DEBUG] - [JUGADOR_0] Iniciando gestión de colisión con dx=-3, dy=-3. Hitbox actual: (737, 295)
2025-05-19 16:57:00 - jugador - [DEBUG] - [JUGADOR_0] Posición POST CH: HB: (734, 292), PosFlotante: (734.00, 292.00)
2025-05-19 16:57:00 - jugador - [DEBUG] - [JUGADOR_0] Hitbox ataque: <rect(719, 269, 54, 69)>, Dir: (-1.00, 0.00)
2025-05-19 16:57:00 - jugador - [DEBUG] - [JUGADOR_0] Pos flotante (pre-límites): (730.9400, 288.9400)
2025-05-19 16:57:00 - jugador - [DEBUG] - [JUGADOR_0] Pos flotante (post-límites): (730.9400, 288.9400)
2025-05-19 16:57:00 - jugador - [DEBUG] - [JUGADOR_0] Movimiento para CH: dx_int=-4, dy_int=-4. HB (antes CH): (734, 292), PosFlotante: (730.9400,288.9400)
2025-05-19 16:57:00 - jugador - [DEBUG] - [JUGADOR_0] Iniciando gestión de colisión con dx=-4, dy=-4. Hitbox actual: (734, 292)
2025-05-19 16:57:00 - jugador - [DEBUG] - [JUGADOR_0] Posición POST CH: HB: (730, 288), PosFlotante: (730.00, 288.00)
2025-05-19 16:57:00 - jugador - [DEBUG] - [JUGADOR_0] Hitbox ataque: <rect(715, 265, 54, 69)>, Dir: (-1.00, 0.00)
2025-05-19 16:57:00 - jugador - [DEBUG] - [JUGADOR_0] Input teclado procesado: mov_x_input_raw=-180, mov_y_input_raw=-180
2025-05-19 16:57:00 - jugador - [DEBUG] - [JUGADOR_0] Delta flotante intentado: dx=-3.0600, dy=-3.0600 (delta_time: 0.0170)
2025-05-19 16:57:00 - jugador - [DEBUG] - [JUGADOR_0] Pos flotante (pre-límites): (726.9400, 284.9400)
2025-05-19 16:57:00 - jugador - [DEBUG] - [JUGADOR_0] Pos flotante (post-límites): (726.9400, 284.9400)
2025-05-19 16:57:00 - jugador - [DEBUG] - [JUGADOR_0] Movimiento para CH: dx_int=-4, dy_int=-4. HB (antes CH): (730, 288), PosFlotante: (726.9400,284.9400)
2025-05-19 16:57:00 - jugador - [DEBUG] - [JUGADOR_0] Iniciando gestión de colisión con dx=-4, dy=-4. Hitbox actual: (730, 288)
2025-05-19 16:57:00 - jugador - [DEBUG] - [JUGADOR_0] Posición POST CH: HB: (726, 284), PosFlotante: (726.00, 284.00)
2025-05-19 16:57:00 - jugador - [DEBUG] - [JUGADOR_0] Hitbox ataque: <rect(711, 261, 54, 69)>, Dir: (-1.00, 0.00)
2025-05-19 16:57:00 - jugador - [DEBUG] - [JUGADOR_0] Pos flotante (pre-límites): (722.9400, 280.9400)
2025-05-19 16:57:00 - jugador - [DEBUG] - [JUGADOR_0] Pos flotante (post-límites): (722.9400, 280.9400)
2025-05-19 16:57:00 - jugador - [DEBUG] - [JUGADOR_0] Movimiento para CH: dx_int=-4, dy_int=-4. HB (antes CH): (726, 284), PosFlotante: (722.9400,280.9400)
2025-05-19 16:57:00 - jugador - [DEBUG] - [JUGADOR_0] Iniciando gestión de colisión con dx=-4, dy=-4. Hitbox actual: (726, 284)
2025-05-19 16:57:00 - jugador - [DEBUG] - [JUGADOR_0] Posición POST CH: HB: (722, 280), PosFlotante: (722.00, 280.00)
2025-05-19 16:57:00 - jugador - [DEBUG] - [JUGADOR_0] Hitbox ataque: <rect(707, 257, 54, 69)>, Dir: (-1.00, 0.00)
2025-05-19 16:57:00 - jugador - [DEBUG] - [JUGADOR_0] Delta flotante intentado: dx=-2.8800, dy=-2.8800 (delta_time: 0.0160)
2025-05-19 16:57:00 - jugador - [DEBUG] - [JUGADOR_0] Pos flotante (pre-límites): (719.1200, 277.1200)
2025-05-19 16:57:00 - jugador - [DEBUG] - [JUGADOR_0] Pos flotante (post-límites): (719.1200, 277.1200)
2025-05-19 16:57:00 - jugador - [DEBUG] - [JUGADOR_0] Movimiento para CH: dx_int=-3, dy_int=-3. HB (antes CH): (722, 280), PosFlotante: (719.1200,277.1200)
2025-05-19 16:57:00 - jugador - [DEBUG] - [JUGADOR_0] Iniciando gestión de colisión con dx=-3, dy=-3. Hitbox actual: (722, 280)
2025-05-19 16:57:00 - jugador - [DEBUG] - [JUGADOR_0] Posición POST CH: HB: (719, 277), PosFlotante: (719.00, 277.00)
2025-05-19 16:57:00 - jugador - [DEBUG] - [JUGADOR_0] Hitbox ataque: <rect(704, 254, 54, 69)>, Dir: (-1.00, 0.00)
2025-05-19 16:57:00 - jugador - [DEBUG] - [JUGADOR_0] Pos flotante (pre-límites): (715.9400, 273.9400)
2025-05-19 16:57:00 - jugador - [DEBUG] - [JUGADOR_0] Pos flotante (post-límites): (715.9400, 273.9400)
2025-05-19 16:57:00 - jugador - [DEBUG] - [JUGADOR_0] Movimiento para CH: dx_int=-4, dy_int=-4. HB (antes CH): (719, 277), PosFlotante: (715.9400,273.9400)
2025-05-19 16:57:00 - jugador - [DEBUG] - [JUGADOR_0] Iniciando gestión de colisión con dx=-4, dy=-4. Hitbox actual: (719, 277)
2025-05-19 16:57:00 - jugador - [DEBUG] - [JUGADOR_0] Posición POST CH: HB: (715, 273), PosFlotante: (715.00, 273.00)
2025-05-19 16:57:00 - jugador - [DEBUG] - [JUGADOR_0] Hitbox ataque: <rect(700, 250, 54, 69)>, Dir: (-1.00, 0.00)
2025-05-19 16:57:00 - jugador - [DEBUG] - [JUGADOR_0] Input teclado procesado: mov_x_input_raw=-180, mov_y_input_raw=-180
2025-05-19 16:57:00 - jugador - [DEBUG] - [JUGADOR_0] Pos flotante (pre-límites): (712.1200, 270.1200)
2025-05-19 16:57:00 - jugador - [DEBUG] - [JUGADOR_0] Pos flotante (post-límites): (712.1200, 270.1200)
2025-05-19 16:57:00 - jugador - [DEBUG] - [JUGADOR_0] Movimiento para CH: dx_int=-3, dy_int=-3. HB (antes CH): (715, 273), PosFlotante: (712.1200,270.1200)
2025-05-19 16:57:00 - jugador - [DEBUG] - [JUGADOR_0] Iniciando gestión de colisión con dx=-3, dy=-3. Hitbox actual: (715, 273)
2025-05-19 16:57:00 - jugador - [DEBUG] - [JUGADOR_0] Posición POST CH: HB: (712, 270), PosFlotante: (712.00, 270.00)
2025-05-19 16:57:00 - jugador - [DEBUG] - [JUGADOR_0] ATAQUE FINALIZADO (Duración: 260ms). Enemigos golpeados: 2
2025-05-19 16:57:00 - jugador - [DEBUG] - [JUGADOR_0] Pos flotante (pre-límites): (709.1200, 267.1200)
2025-05-19 16:57:00 - jugador - [DEBUG] - [JUGADOR_0] Pos flotante (post-límites): (709.1200, 267.1200)
2025-05-19 16:57:00 - jugador - [DEBUG] - [JUGADOR_0] Movimiento para CH: dx_int=-3, dy_int=-3. HB (antes CH): (712, 270), PosFlotante: (709.1200,267.1200)
2025-05-19 16:57:00 - jugador - [DEBUG] - [JUGADOR_0] Iniciando gestión de colisión con dx=-3, dy=-3. Hitbox actual: (712, 270)
2025-05-19 16:57:00 - jugador - [DEBUG] - [JUGADOR_0] Posición POST CH: HB: (709, 267), PosFlotante: (709.00, 267.00)
2025-05-19 16:57:00 - jugador - [DEBUG] - [JUGADOR_0] Delta flotante intentado: dx=-3.0600, dy=-3.0600 (delta_time: 0.0170)
2025-05-19 16:57:00 - jugador - [DEBUG] - [JUGADOR_0] Pos flotante (pre-límites): (705.9400, 263.9400)
2025-05-19 16:57:00 - jugador - [DEBUG] - [JUGADOR_0] Pos flotante (post-límites): (705.9400, 263.9400)
2025-05-19 16:57:00 - jugador - [DEBUG] - [JUGADOR_0] Movimiento para CH: dx_int=-4, dy_int=-4. HB (antes CH): (709, 267), PosFlotante: (705.9400,263.9400)
2025-05-19 16:57:00 - jugador - [DEBUG] - [JUGADOR_0] Iniciando gestión de colisión con dx=-4, dy=-4. Hitbox actual: (709, 267)
2025-05-19 16:57:00 - jugador - [DEBUG] - [JUGADOR_0] Posición POST CH: HB: (705, 263), PosFlotante: (705.00, 263.00)
2025-05-19 16:57:00 - jugador - [DEBUG] - [JUGADOR_0] Delta flotante intentado: dx=-2.8800, dy=-2.8800 (delta_time: 0.0160)
2025-05-19 16:57:00 - jugador - [DEBUG] - [JUGADOR_0] Pos flotante (pre-límites): (702.1200, 260.1200)
2025-05-19 16:57:00 - jugador - [DEBUG] - [JUGADOR_0] Pos flotante (post-límites): (702.1200, 260.1200)
2025-05-19 16:57:00 - jugador - [DEBUG] - [JUGADOR_0] Movimiento para CH: dx_int=-3, dy_int=-3. HB (antes CH): (705, 263), PosFlotante: (702.1200,260.1200)
2025-05-19 16:57:00 - jugador - [DEBUG] - [JUGADOR_0] Iniciando gestión de colisión con dx=-3, dy=-3. Hitbox actual: (705, 263)
2025-05-19 16:57:00 - jugador - [DEBUG] - [JUGADOR_0] Posición POST CH: HB: (702, 260), PosFlotante: (702.00, 260.00)
2025-05-19 16:57:00 - jugador - [DEBUG] - [JUGADOR_0] Input teclado procesado: mov_x_input_raw=-180, mov_y_input_raw=-180
2025-05-19 16:57:00 - jugador - [DEBUG] - [JUGADOR_0] Pos flotante (pre-límites): (699.1200, 257.1200)
2025-05-19 16:57:00 - jugador - [DEBUG] - [JUGADOR_0] Pos flotante (post-límites): (699.1200, 257.1200)
2025-05-19 16:57:00 - jugador - [DEBUG] - [JUGADOR_0] Movimiento para CH: dx_int=-3, dy_int=-3. HB (antes CH): (702, 260), PosFlotante: (699.1200,257.1200)
2025-05-19 16:57:00 - jugador - [DEBUG] - [JUGADOR_0] Iniciando gestión de colisión con dx=-3, dy=-3. Hitbox actual: (702, 260)
2025-05-19 16:57:00 - jugador - [DEBUG] - [JUGADOR_0] Posición POST CH: HB: (699, 257), PosFlotante: (699.00, 257.00)
2025-05-19 16:57:00 - jugador - [DEBUG] - [JUGADOR_0] Intento de ataque en cooldown (700.0ms). Tiempo desde último: 347ms
2025-05-19 16:57:00 - jugador - [DEBUG] - [JUGADOR_0] Pos flotante (pre-límites): (696.1200, 254.1200)
2025-05-19 16:57:00 - jugador - [DEBUG] - [JUGADOR_0] Pos flotante (post-límites): (696.1200, 254.1200)
2025-05-19 16:57:00 - jugador - [DEBUG] - [JUGADOR_0] Movimiento para CH: dx_int=-3, dy_int=-3. HB (antes CH): (699, 257), PosFlotante: (696.1200,254.1200)
2025-05-19 16:57:00 - jugador - [DEBUG] - [JUGADOR_0] Iniciando gestión de colisión con dx=-3, dy=-3. Hitbox actual: (699, 257)
2025-05-19 16:57:00 - jugador - [DEBUG] - [JUGADOR_0] Posición POST CH: HB: (696, 254), PosFlotante: (696.00, 254.00)
2025-05-19 16:57:00 - jugador - [DEBUG] - [JUGADOR_0] Pos flotante (pre-límites): (693.1200, 251.1200)
2025-05-19 16:57:00 - jugador - [DEBUG] - [JUGADOR_0] Pos flotante (post-límites): (693.1200, 251.1200)
2025-05-19 16:57:00 - jugador - [DEBUG] - [JUGADOR_0] Movimiento para CH: dx_int=-3, dy_int=-3. HB (antes CH): (696, 254), PosFlotante: (693.1200,251.1200)
2025-05-19 16:57:00 - jugador - [DEBUG] - [JUGADOR_0] Iniciando gestión de colisión con dx=-3, dy=-3. Hitbox actual: (696, 254)
2025-05-19 16:57:00 - jugador - [DEBUG] - [JUGADOR_0] Posición POST CH: HB: (693, 251), PosFlotante: (693.00, 251.00)
2025-05-19 16:57:00 - jugador - [DEBUG] - [JUGADOR_0] Input teclado procesado: mov_x_input_raw=-180, mov_y_input_raw=0
2025-05-19 16:57:00 - jugador - [DEBUG] - [JUGADOR_0] Delta flotante intentado: dx=-3.0600, dy=0.0000 (delta_time: 0.0170)
2025-05-19 16:57:00 - jugador - [DEBUG] - [JUGADOR_0] Pos flotante (pre-límites): (689.9400, 251.0000)
2025-05-19 16:57:00 - jugador - [DEBUG] - [JUGADOR_0] Pos flotante (post-límites): (689.9400, 251.0000)
2025-05-19 16:57:00 - jugador - [DEBUG] - [JUGADOR_0] Movimiento para CH: dx_int=-4, dy_int=0. HB (antes CH): (693, 251), PosFlotante: (689.9400,251.0000)
2025-05-19 16:57:00 - jugador - [DEBUG] - [JUGADOR_0] Iniciando gestión de colisión con dx=-4, dy=0. Hitbox actual: (693, 251)
2025-05-19 16:57:00 - jugador - [DEBUG] - [JUGADOR_0] Posición POST CH: HB: (689, 251), PosFlotante: (689.00, 251.00)
2025-05-19 16:57:00 - jugador - [DEBUG] - [JUGADOR_0] Pos flotante (pre-límites): (685.9400, 251.0000)
2025-05-19 16:57:00 - jugador - [DEBUG] - [JUGADOR_0] Pos flotante (post-límites): (685.9400, 251.0000)
2025-05-19 16:57:00 - jugador - [DEBUG] - [JUGADOR_0] Movimiento para CH: dx_int=-4, dy_int=0. HB (antes CH): (689, 251), PosFlotante: (685.9400,251.0000)
2025-05-19 16:57:00 - jugador - [DEBUG] - [JUGADOR_0] Iniciando gestión de colisión con dx=-4, dy=0. Hitbox actual: (689, 251)
2025-05-19 16:57:00 - jugador - [DEBUG] - [JUGADOR_0] Posición POST CH: HB: (685, 251), PosFlotante: (685.00, 251.00)
2025-05-19 16:57:00 - jugador - [DEBUG] - [JUGADOR_0] Delta flotante intentado: dx=-2.8800, dy=0.0000 (delta_time: 0.0160)
2025-05-19 16:57:00 - jugador - [DEBUG] - [JUGADOR_0] Pos flotante (pre-límites): (682.1200, 251.0000)
2025-05-19 16:57:00 - jugador - [DEBUG] - [JUGADOR_0] Pos flotante (post-límites): (682.1200, 251.0000)
2025-05-19 16:57:00 - jugador - [DEBUG] - [JUGADOR_0] Movimiento para CH: dx_int=-3, dy_int=0. HB (antes CH): (685, 251), PosFlotante: (682.1200,251.0000)
2025-05-19 16:57:00 - jugador - [DEBUG] - [JUGADOR_0] Iniciando gestión de colisión con dx=-3, dy=0. Hitbox actual: (685, 251)
2025-05-19 16:57:00 - jugador - [DEBUG] - [JUGADOR_0] Posición POST CH: HB: (682, 251), PosFlotante: (682.00, 251.00)
2025-05-19 16:57:00 - jugador - [DEBUG] - [JUGADOR_0] Pos flotante (pre-límites): (679.1200, 251.0000)
2025-05-19 16:57:00 - jugador - [DEBUG] - [JUGADOR_0] Pos flotante (post-límites): (679.1200, 251.0000)
2025-05-19 16:57:00 - jugador - [DEBUG] - [JUGADOR_0] Movimiento para CH: dx_int=-3, dy_int=0. HB (antes CH): (682, 251), PosFlotante: (679.1200,251.0000)
2025-05-19 16:57:00 - jugador - [DEBUG] - [JUGADOR_0] Iniciando gestión de colisión con dx=-3, dy=0. Hitbox actual: (682, 251)
2025-05-19 16:57:00 - jugador - [DEBUG] - [JUGADOR_0] Posición POST CH: HB: (679, 251), PosFlotante: (679.00, 251.00)
2025-05-19 16:57:00 - jugador - [DEBUG] - [JUGADOR_0] Input teclado procesado: mov_x_input_raw=-180, mov_y_input_raw=0
2025-05-19 16:57:00 - jugador - [DEBUG] - [JUGADOR_0] Pos flotante (pre-límites): (676.1200, 251.0000)
2025-05-19 16:57:00 - jugador - [DEBUG] - [JUGADOR_0] Pos flotante (post-límites): (676.1200, 251.0000)
2025-05-19 16:57:00 - jugador - [DEBUG] - [JUGADOR_0] Movimiento para CH: dx_int=-3, dy_int=0. HB (antes CH): (679, 251), PosFlotante: (676.1200,251.0000)
2025-05-19 16:57:00 - jugador - [DEBUG] - [JUGADOR_0] Iniciando gestión de colisión con dx=-3, dy=0. Hitbox actual: (679, 251)
2025-05-19 16:57:00 - jugador - [DEBUG] - [JUGADOR_0] Posición POST CH: HB: (676, 251), PosFlotante: (676.00, 251.00)
2025-05-19 16:57:00 - jugador - [DEBUG] - [JUGADOR_0] Pos flotante (pre-límites): (673.1200, 251.0000)
2025-05-19 16:57:00 - jugador - [DEBUG] - [JUGADOR_0] Pos flotante (post-límites): (673.1200, 251.0000)
2025-05-19 16:57:00 - jugador - [DEBUG] - [JUGADOR_0] Movimiento para CH: dx_int=-3, dy_int=0. HB (antes CH): (676, 251), PosFlotante: (673.1200,251.0000)
2025-05-19 16:57:00 - jugador - [DEBUG] - [JUGADOR_0] Iniciando gestión de colisión con dx=-3, dy=0. Hitbox actual: (676, 251)
2025-05-19 16:57:00 - jugador - [DEBUG] - [JUGADOR_0] Posición POST CH: HB: (673, 251), PosFlotante: (673.00, 251.00)
2025-05-19 16:57:00 - jugador - [DEBUG] - [JUGADOR_0] Delta flotante intentado: dx=-2.8800, dy=0.0000 (delta_time: 0.0160)
2025-05-19 16:57:00 - jugador - [DEBUG] - [JUGADOR_0] Pos flotante (pre-límites): (670.1200, 251.0000)
2025-05-19 16:57:00 - jugador - [DEBUG] - [JUGADOR_0] Pos flotante (post-límites): (670.1200, 251.0000)
2025-05-19 16:57:00 - jugador - [DEBUG] - [JUGADOR_0] Movimiento para CH: dx_int=-3, dy_int=0. HB (antes CH): (673, 251), PosFlotante: (670.1200,251.0000)
2025-05-19 16:57:00 - jugador - [DEBUG] - [JUGADOR_0] Iniciando gestión de colisión con dx=-3, dy=0. Hitbox actual: (673, 251)
2025-05-19 16:57:00 - jugador - [DEBUG] - [JUGADOR_0] Posición POST CH: HB: (670, 251), PosFlotante: (670.00, 251.00)
2025-05-19 16:57:00 - jugador - [DEBUG] - [JUGADOR_0] Input teclado procesado: mov_x_input_raw=-180, mov_y_input_raw=180
2025-05-19 16:57:00 - jugador - [DEBUG] - [JUGADOR_0] Delta flotante intentado: dx=-2.8800, dy=2.8800 (delta_time: 0.0160)
2025-05-19 16:57:00 - jugador - [DEBUG] - [JUGADOR_0] Pos flotante (pre-límites): (667.1200, 253.8800)
2025-05-19 16:57:00 - jugador - [DEBUG] - [JUGADOR_0] Pos flotante (post-límites): (667.1200, 253.8800)
2025-05-19 16:57:00 - jugador - [DEBUG] - [JUGADOR_0] Movimiento para CH: dx_int=-3, dy_int=3. HB (antes CH): (670, 251), PosFlotante: (667.1200,253.8800)
2025-05-19 16:57:00 - jugador - [DEBUG] - [JUGADOR_0] Iniciando gestión de colisión con dx=-3, dy=3. Hitbox actual: (670, 251)
2025-05-19 16:57:00 - jugador - [DEBUG] - [JUGADOR_0] Posición POST CH: HB: (667, 254), PosFlotante: (667.00, 254.00)
2025-05-19 16:57:00 - jugador - [DEBUG] - [JUGADOR_0] Delta flotante intentado: dx=-3.0600, dy=3.0600 (delta_time: 0.0170)
2025-05-19 16:57:00 - jugador - [DEBUG] - [JUGADOR_0] Pos flotante (pre-límites): (663.9400, 257.0600)
2025-05-19 16:57:00 - jugador - [DEBUG] - [JUGADOR_0] Pos flotante (post-límites): (663.9400, 257.0600)
2025-05-19 16:57:00 - jugador - [DEBUG] - [JUGADOR_0] Movimiento para CH: dx_int=-4, dy_int=4. HB (antes CH): (667, 254), PosFlotante: (663.9400,257.0600)
2025-05-19 16:57:00 - jugador - [DEBUG] - [JUGADOR_0] Iniciando gestión de colisión con dx=-4, dy=4. Hitbox actual: (667, 254)
2025-05-19 16:57:00 - jugador - [DEBUG] - [JUGADOR_0] Posición POST CH: HB: (663, 258), PosFlotante: (663.00, 258.00)
2025-05-19 16:57:00 - jugador - [DEBUG] - [JUGADOR_0] Pos flotante (pre-límites): (660.1200, 260.8800)
2025-05-19 16:57:00 - jugador - [DEBUG] - [JUGADOR_0] Pos flotante (post-límites): (660.1200, 260.8800)
2025-05-19 16:57:00 - jugador - [DEBUG] - [JUGADOR_0] Movimiento para CH: dx_int=-3, dy_int=3. HB (antes CH): (663, 258), PosFlotante: (660.1200,260.8800)
2025-05-19 16:57:00 - jugador - [DEBUG] - [JUGADOR_0] Iniciando gestión de colisión con dx=-3, dy=3. Hitbox actual: (663, 258)
2025-05-19 16:57:00 - jugador - [DEBUG] - [JUGADOR_0] Posición POST CH: HB: (660, 261), PosFlotante: (660.00, 261.00)
2025-05-19 16:57:00 - jugador - [DEBUG] - [JUGADOR_0] Input teclado procesado: mov_x_input_raw=0, mov_y_input_raw=180
2025-05-19 16:57:00 - jugador - [DEBUG] - [JUGADOR_0] Delta flotante intentado: dx=0.0000, dy=2.8800 (delta_time: 0.0160)
2025-05-19 16:57:00 - jugador - [DEBUG] - [JUGADOR_0] Pos flotante (pre-límites): (660.0000, 263.8800)
2025-05-19 16:57:00 - jugador - [DEBUG] - [JUGADOR_0] Pos flotante (post-límites): (660.0000, 263.8800)
2025-05-19 16:57:00 - jugador - [DEBUG] - [JUGADOR_0] Movimiento para CH: dx_int=0, dy_int=3. HB (antes CH): (660, 261), PosFlotante: (660.0000,263.8800)
2025-05-19 16:57:00 - jugador - [DEBUG] - [JUGADOR_0] Iniciando gestión de colisión con dx=0, dy=3. Hitbox actual: (660, 261)
2025-05-19 16:57:00 - jugador - [DEBUG] - [JUGADOR_0] Posición POST CH: HB: (660, 264), PosFlotante: (660.00, 264.00)
2025-05-19 16:57:00 - jugador - [DEBUG] - [JUGADOR_0] Input teclado procesado: mov_x_input_raw=180, mov_y_input_raw=180
2025-05-19 16:57:00 - jugador - [DEBUG] - [JUGADOR_0] Delta flotante intentado: dx=2.8800, dy=2.8800 (delta_time: 0.0160)
2025-05-19 16:57:00 - jugador - [DEBUG] - [JUGADOR_0] Pos flotante (pre-límites): (662.8800, 266.8800)
2025-05-19 16:57:00 - jugador - [DEBUG] - [JUGADOR_0] Pos flotante (post-límites): (662.8800, 266.8800)
2025-05-19 16:57:00 - jugador - [DEBUG] - [JUGADOR_0] Movimiento para CH: dx_int=3, dy_int=3. HB (antes CH): (660, 264), PosFlotante: (662.8800,266.8800)
2025-05-19 16:57:00 - jugador - [DEBUG] - [JUGADOR_0] Iniciando gestión de colisión con dx=3, dy=3. Hitbox actual: (660, 264)
2025-05-19 16:57:00 - jugador - [DEBUG] - [JUGADOR_0] Posición POST CH: HB: (663, 267), PosFlotante: (663.00, 267.00)
2025-05-19 16:57:00 - jugador - [DEBUG] - [JUGADOR_0] Pos flotante (pre-límites): (665.8800, 269.8800)
2025-05-19 16:57:00 - jugador - [DEBUG] - [JUGADOR_0] Pos flotante (post-límites): (665.8800, 269.8800)
2025-05-19 16:57:00 - jugador - [DEBUG] - [JUGADOR_0] Movimiento para CH: dx_int=3, dy_int=3. HB (antes CH): (663, 267), PosFlotante: (665.8800,269.8800)
2025-05-19 16:57:00 - jugador - [DEBUG] - [JUGADOR_0] Iniciando gestión de colisión con dx=3, dy=3. Hitbox actual: (663, 267)
2025-05-19 16:57:00 - jugador - [DEBUG] - [JUGADOR_0] Posición POST CH: HB: (666, 270), PosFlotante: (666.00, 270.00)
2025-05-19 16:57:00 - jugador - [DEBUG] - [JUGADOR_0] Pos flotante (pre-límites): (668.8800, 272.8800)
2025-05-19 16:57:00 - jugador - [DEBUG] - [JUGADOR_0] Pos flotante (post-límites): (668.8800, 272.8800)
2025-05-19 16:57:00 - jugador - [DEBUG] - [JUGADOR_0] Movimiento para CH: dx_int=3, dy_int=3. HB (antes CH): (666, 270), PosFlotante: (668.8800,272.8800)
2025-05-19 16:57:00 - jugador - [DEBUG] - [JUGADOR_0] Iniciando gestión de colisión con dx=3, dy=3. Hitbox actual: (666, 270)
2025-05-19 16:57:00 - jugador - [DEBUG] - [JUGADOR_0] Posición POST CH: HB: (669, 273), PosFlotante: (669.00, 273.00)
2025-05-19 16:57:00 - jugador - [DEBUG] - [JUGADOR_0] Delta flotante intentado: dx=3.0600, dy=3.0600 (delta_time: 0.0170)
2025-05-19 16:57:00 - jugador - [DEBUG] - [JUGADOR_0] Pos flotante (pre-límites): (672.0600, 276.0600)
2025-05-19 16:57:00 - jugador - [DEBUG] - [JUGADOR_0] Pos flotante (post-límites): (672.0600, 276.0600)
2025-05-19 16:57:00 - jugador - [DEBUG] - [JUGADOR_0] Movimiento para CH: dx_int=4, dy_int=4. HB (antes CH): (669, 273), PosFlotante: (672.0600,276.0600)
2025-05-19 16:57:00 - jugador - [DEBUG] - [JUGADOR_0] Iniciando gestión de colisión con dx=4, dy=4. Hitbox actual: (669, 273)
2025-05-19 16:57:00 - jugador - [DEBUG] - [JUGADOR_0] Posición POST CH: HB: (669, 277), PosFlotante: (669.00, 277.00)
2025-05-19 16:57:01 - jugador - [DEBUG] - [JUGADOR_0] Input teclado procesado: mov_x_input_raw=180, mov_y_input_raw=180
2025-05-19 16:57:01 - jugador - [DEBUG] - [JUGADOR_0] Delta flotante intentado: dx=2.8800, dy=2.8800 (delta_time: 0.0160)
2025-05-19 16:57:01 - jugador - [DEBUG] - [JUGADOR_0] Pos flotante (pre-límites): (671.8800, 279.8800)
2025-05-19 16:57:01 - jugador - [DEBUG] - [JUGADOR_0] Pos flotante (post-límites): (671.8800, 279.8800)
2025-05-19 16:57:01 - jugador - [DEBUG] - [JUGADOR_0] Movimiento para CH: dx_int=3, dy_int=3. HB (antes CH): (669, 277), PosFlotante: (671.8800,279.8800)
2025-05-19 16:57:01 - jugador - [DEBUG] - [JUGADOR_0] Iniciando gestión de colisión con dx=3, dy=3. Hitbox actual: (669, 277)
2025-05-19 16:57:01 - jugador - [DEBUG] - [JUGADOR_0] Posición POST CH: HB: (667, 280), PosFlotante: (667.00, 280.00)
2025-05-19 16:57:01 - jugador - [DEBUG] - [JUGADOR_0] Pos flotante (pre-límites): (669.8800, 282.8800)
2025-05-19 16:57:01 - jugador - [DEBUG] - [JUGADOR_0] Pos flotante (post-límites): (669.8800, 282.8800)
2025-05-19 16:57:01 - jugador - [DEBUG] - [JUGADOR_0] Movimiento para CH: dx_int=3, dy_int=3. HB (antes CH): (667, 280), PosFlotante: (669.8800,282.8800)
2025-05-19 16:57:01 - jugador - [DEBUG] - [JUGADOR_0] Iniciando gestión de colisión con dx=3, dy=3. Hitbox actual: (667, 280)
2025-05-19 16:57:01 - jugador - [DEBUG] - [JUGADOR_0] Posición POST CH: HB: (665, 283), PosFlotante: (665.00, 283.00)
2025-05-19 16:57:01 - jugador - [DEBUG] - [JUGADOR_0] Pos flotante (pre-límites): (668.0600, 286.0600)
2025-05-19 16:57:01 - jugador - [DEBUG] - [JUGADOR_0] Pos flotante (post-límites): (668.0600, 286.0600)
2025-05-19 16:57:01 - jugador - [DEBUG] - [JUGADOR_0] Movimiento para CH: dx_int=4, dy_int=4. HB (antes CH): (665, 283), PosFlotante: (668.0600,286.0600)
2025-05-19 16:57:01 - jugador - [DEBUG] - [JUGADOR_0] Iniciando gestión de colisión con dx=4, dy=4. Hitbox actual: (665, 283)
2025-05-19 16:57:01 - jugador - [DEBUG] - [JUGADOR_0] Posición POST CH: HB: (663, 287), PosFlotante: (663.00, 287.00)
2025-05-19 16:57:01 - jugador - [DEBUG] - [JUGADOR_0] Pos flotante (pre-límites): (665.8800, 289.8800)
2025-05-19 16:57:01 - jugador - [DEBUG] - [JUGADOR_0] Pos flotante (post-límites): (665.8800, 289.8800)
2025-05-19 16:57:01 - jugador - [DEBUG] - [JUGADOR_0] Movimiento para CH: dx_int=3, dy_int=3. HB (antes CH): (663, 287), PosFlotante: (665.8800,289.8800)
2025-05-19 16:57:01 - jugador - [DEBUG] - [JUGADOR_0] Iniciando gestión de colisión con dx=3, dy=3. Hitbox actual: (663, 287)
2025-05-19 16:57:01 - jugador - [DEBUG] - [JUGADOR_0] Posición POST CH: HB: (661, 290), PosFlotante: (661.00, 290.00)
2025-05-19 16:57:01 - jugador - [DEBUG] - [JUGADOR_0] Input teclado procesado: mov_x_input_raw=180, mov_y_input_raw=180
2025-05-19 16:57:01 - jugador - [DEBUG] - [JUGADOR_0] Delta flotante intentado: dx=3.0600, dy=3.0600 (delta_time: 0.0170)
2025-05-19 16:57:01 - jugador - [DEBUG] - [JUGADOR_0] Pos flotante (pre-límites): (664.0600, 293.0600)
2025-05-19 16:57:01 - jugador - [DEBUG] - [JUGADOR_0] Pos flotante (post-límites): (664.0600, 293.0600)
2025-05-19 16:57:01 - jugador - [DEBUG] - [JUGADOR_0] Movimiento para CH: dx_int=4, dy_int=4. HB (antes CH): (661, 290), PosFlotante: (664.0600,293.0600)
2025-05-19 16:57:01 - jugador - [DEBUG] - [JUGADOR_0] Iniciando gestión de colisión con dx=4, dy=4. Hitbox actual: (661, 290)
2025-05-19 16:57:01 - jugador - [DEBUG] - [JUGADOR_0] Posición POST CH: HB: (659, 294), PosFlotante: (659.00, 294.00)
2025-05-19 16:57:01 - jugador - [DEBUG] - [JUGADOR_0] Delta flotante intentado: dx=2.8800, dy=2.8800 (delta_time: 0.0160)
2025-05-19 16:57:01 - jugador - [DEBUG] - [JUGADOR_0] Pos flotante (pre-límites): (661.8800, 296.8800)
2025-05-19 16:57:01 - jugador - [DEBUG] - [JUGADOR_0] Pos flotante (post-límites): (661.8800, 296.8800)
2025-05-19 16:57:01 - jugador - [DEBUG] - [JUGADOR_0] Movimiento para CH: dx_int=3, dy_int=3. HB (antes CH): (659, 294), PosFlotante: (661.8800,296.8800)
2025-05-19 16:57:01 - jugador - [DEBUG] - [JUGADOR_0] Iniciando gestión de colisión con dx=3, dy=3. Hitbox actual: (659, 294)
2025-05-19 16:57:01 - jugador - [DEBUG] - [JUGADOR_0] Posición POST CH: HB: (658, 297), PosFlotante: (658.00, 297.00)
2025-05-19 16:57:01 - jugador - [DEBUG] - [JUGADOR_0] Pos flotante (pre-límites): (660.8800, 299.8800)
2025-05-19 16:57:01 - jugador - [DEBUG] - [JUGADOR_0] Pos flotante (post-límites): (660.8800, 299.8800)
2025-05-19 16:57:01 - jugador - [DEBUG] - [JUGADOR_0] Movimiento para CH: dx_int=3, dy_int=3. HB (antes CH): (658, 297), PosFlotante: (660.8800,299.8800)
2025-05-19 16:57:01 - jugador - [DEBUG] - [JUGADOR_0] Iniciando gestión de colisión con dx=3, dy=3. Hitbox actual: (658, 297)
2025-05-19 16:57:01 - jugador - [DEBUG] - [JUGADOR_0] Posición POST CH: HB: (657, 300), PosFlotante: (657.00, 300.00)
2025-05-19 16:57:01 - jugador - [DEBUG] - [JUGADOR_0] Pos flotante (pre-límites): (660.0600, 303.0600)
2025-05-19 16:57:01 - jugador - [DEBUG] - [JUGADOR_0] Pos flotante (post-límites): (660.0600, 303.0600)
2025-05-19 16:57:01 - jugador - [DEBUG] - [JUGADOR_0] Movimiento para CH: dx_int=4, dy_int=4. HB (antes CH): (657, 300), PosFlotante: (660.0600,303.0600)
2025-05-19 16:57:01 - jugador - [DEBUG] - [JUGADOR_0] Iniciando gestión de colisión con dx=4, dy=4. Hitbox actual: (657, 300)
2025-05-19 16:57:01 - jugador - [DEBUG] - [JUGADOR_0] Posición POST CH: HB: (659, 304), PosFlotante: (659.00, 304.00)
2025-05-19 16:57:01 - jugador - [INFO] - [JUGADOR_0] ATAQUE INICIADO (Cooldown: 700.0ms). Perfil: 'espada_predeterminada'
2025-05-19 16:57:01 - jugador - [DEBUG] - [JUGADOR_0] Input teclado procesado: mov_x_input_raw=180, mov_y_input_raw=180
2025-05-19 16:57:01 - jugador - [DEBUG] - [JUGADOR_0] Delta flotante intentado: dx=3.0600, dy=3.0600 (delta_time: 0.0170)
2025-05-19 16:57:01 - jugador - [DEBUG] - [JUGADOR_0] Pos flotante (pre-límites): (662.0600, 307.0600)
2025-05-19 16:57:01 - jugador - [DEBUG] - [JUGADOR_0] Pos flotante (post-límites): (662.0600, 307.0600)
2025-05-19 16:57:01 - jugador - [DEBUG] - [JUGADOR_0] Movimiento para CH: dx_int=4, dy_int=4. HB (antes CH): (659, 304), PosFlotante: (662.0600,307.0600)
2025-05-19 16:57:01 - jugador - [DEBUG] - [JUGADOR_0] Iniciando gestión de colisión con dx=4, dy=4. Hitbox actual: (659, 304)
2025-05-19 16:57:01 - jugador - [DEBUG] - [JUGADOR_0] Posición POST CH: HB: (657, 308), PosFlotante: (657.00, 308.00)
2025-05-19 16:57:01 - jugador - [DEBUG] - [JUGADOR_0] Hitbox ataque: <rect(642, 285, 54, 69)>, Dir: (1.00, 0.00)
2025-05-19 16:57:01 - jugador - [INFO] - [JUGADOR_0] GOLPEÓ a [Enemigo_1] con perfil 'espada_predeterminada'. Daño: 10.0
2025-05-19 16:57:01 - jugador - [INFO] - [JUGADOR_0] GOLPEÓ a [Enemigo_2] con perfil 'espada_predeterminada'. Daño: 10.0
2025-05-19 16:57:01 - jugador - [DEBUG] - [JUGADOR_0] Delta flotante intentado: dx=2.8800, dy=2.8800 (delta_time: 0.0160)
2025-05-19 16:57:01 - jugador - [DEBUG] - [JUGADOR_0] Pos flotante (pre-límites): (659.8800, 310.8800)
2025-05-19 16:57:01 - jugador - [DEBUG] - [JUGADOR_0] Pos flotante (post-límites): (659.8800, 310.8800)
2025-05-19 16:57:01 - jugador - [DEBUG] - [JUGADOR_0] Movimiento para CH: dx_int=3, dy_int=3. HB (antes CH): (657, 308), PosFlotante: (659.8800,310.8800)
2025-05-19 16:57:01 - jugador - [DEBUG] - [JUGADOR_0] Iniciando gestión de colisión con dx=3, dy=3. Hitbox actual: (657, 308)
2025-05-19 16:57:01 - jugador - [DEBUG] - [JUGADOR_0] Posición POST CH: HB: (655, 311), PosFlotante: (655.00, 311.00)
2025-05-19 16:57:01 - jugador - [DEBUG] - [JUGADOR_0] Hitbox ataque: <rect(640, 288, 54, 69)>, Dir: (1.00, 0.00)
2025-05-19 16:57:01 - jugador - [DEBUG] - [JUGADOR_0] Pos flotante (pre-límites): (657.8800, 313.8800)
2025-05-19 16:57:01 - jugador - [DEBUG] - [JUGADOR_0] Pos flotante (post-límites): (657.8800, 313.8800)
2025-05-19 16:57:01 - jugador - [DEBUG] - [JUGADOR_0] Movimiento para CH: dx_int=3, dy_int=3. HB (antes CH): (655, 311), PosFlotante: (657.8800,313.8800)
2025-05-19 16:57:01 - jugador - [DEBUG] - [JUGADOR_0] Iniciando gestión de colisión con dx=3, dy=3. Hitbox actual: (655, 311)
2025-05-19 16:57:01 - jugador - [DEBUG] - [JUGADOR_0] Posición POST CH: HB: (653, 314), PosFlotante: (653.00, 314.00)
2025-05-19 16:57:01 - jugador - [DEBUG] - [JUGADOR_0] Hitbox ataque: <rect(638, 291, 54, 69)>, Dir: (1.00, 0.00)
2025-05-19 16:57:01 - jugador - [DEBUG] - [JUGADOR_0] Pos flotante (pre-límites): (655.8800, 316.8800)
2025-05-19 16:57:01 - jugador - [DEBUG] - [JUGADOR_0] Pos flotante (post-límites): (655.8800, 316.8800)
2025-05-19 16:57:01 - jugador - [DEBUG] - [JUGADOR_0] Movimiento para CH: dx_int=3, dy_int=3. HB (antes CH): (653, 314), PosFlotante: (655.8800,316.8800)
2025-05-19 16:57:01 - jugador - [DEBUG] - [JUGADOR_0] Iniciando gestión de colisión con dx=3, dy=3. Hitbox actual: (653, 314)
2025-05-19 16:57:01 - jugador - [DEBUG] - [JUGADOR_0] Posición POST CH: HB: (651, 317), PosFlotante: (651.00, 317.00)
2025-05-19 16:57:01 - jugador - [DEBUG] - [JUGADOR_0] Hitbox ataque: <rect(636, 294, 54, 69)>, Dir: (1.00, 0.00)
2025-05-19 16:57:01 - jugador - [DEBUG] - [JUGADOR_0] Input teclado procesado: mov_x_input_raw=180, mov_y_input_raw=180
2025-05-19 16:57:01 - jugador - [DEBUG] - [JUGADOR_0] Delta flotante intentado: dx=3.0600, dy=3.0600 (delta_time: 0.0170)
2025-05-19 16:57:01 - jugador - [DEBUG] - [JUGADOR_0] Pos flotante (pre-límites): (654.0600, 320.0600)
2025-05-19 16:57:01 - jugador - [DEBUG] - [JUGADOR_0] Pos flotante (post-límites): (654.0600, 320.0600)
2025-05-19 16:57:01 - jugador - [DEBUG] - [JUGADOR_0] Movimiento para CH: dx_int=4, dy_int=4. HB (antes CH): (651, 317), PosFlotante: (654.0600,320.0600)
2025-05-19 16:57:01 - jugador - [DEBUG] - [JUGADOR_0] Iniciando gestión de colisión con dx=4, dy=4. Hitbox actual: (651, 317)
2025-05-19 16:57:01 - jugador - [DEBUG] - [JUGADOR_0] Posición POST CH: HB: (649, 321), PosFlotante: (649.00, 321.00)
2025-05-19 16:57:01 - jugador - [DEBUG] - [JUGADOR_0] Hitbox ataque: <rect(634, 298, 54, 69)>, Dir: (1.00, 0.00)
2025-05-19 16:57:01 - jugador - [DEBUG] - [JUGADOR_0] Delta flotante intentado: dx=2.8800, dy=2.8800 (delta_time: 0.0160)
2025-05-19 16:57:01 - jugador - [DEBUG] - [JUGADOR_0] Pos flotante (pre-límites): (651.8800, 323.8800)
2025-05-19 16:57:01 - jugador - [DEBUG] - [JUGADOR_0] Pos flotante (post-límites): (651.8800, 323.8800)
2025-05-19 16:57:01 - jugador - [DEBUG] - [JUGADOR_0] Movimiento para CH: dx_int=3, dy_int=3. HB (antes CH): (649, 321), PosFlotante: (651.8800,323.8800)
2025-05-19 16:57:01 - jugador - [DEBUG] - [JUGADOR_0] Iniciando gestión de colisión con dx=3, dy=3. Hitbox actual: (649, 321)
2025-05-19 16:57:01 - jugador - [DEBUG] - [JUGADOR_0] Posición POST CH: HB: (648, 324), PosFlotante: (648.00, 324.00)
2025-05-19 16:57:01 - jugador - [DEBUG] - [JUGADOR_0] Hitbox ataque: <rect(633, 301, 54, 69)>, Dir: (1.00, 0.00)
2025-05-19 16:57:01 - jugador - [DEBUG] - [JUGADOR_0] Pos flotante (pre-límites): (651.0600, 327.0600)
2025-05-19 16:57:01 - jugador - [DEBUG] - [JUGADOR_0] Pos flotante (post-límites): (651.0600, 327.0600)
2025-05-19 16:57:01 - jugador - [DEBUG] - [JUGADOR_0] Movimiento para CH: dx_int=4, dy_int=4. HB (antes CH): (648, 324), PosFlotante: (651.0600,327.0600)
2025-05-19 16:57:01 - jugador - [DEBUG] - [JUGADOR_0] Iniciando gestión de colisión con dx=4, dy=4. Hitbox actual: (648, 324)
2025-05-19 16:57:01 - jugador - [DEBUG] - [JUGADOR_0] Posición POST CH: HB: (647, 328), PosFlotante: (647.00, 328.00)
2025-05-19 16:57:01 - jugador - [DEBUG] - [JUGADOR_0] Hitbox ataque: <rect(632, 305, 54, 69)>, Dir: (1.00, 0.00)
2025-05-19 16:57:01 - jugador - [DEBUG] - [JUGADOR_0] Input teclado procesado: mov_x_input_raw=180, mov_y_input_raw=180
2025-05-19 16:57:01 - jugador - [DEBUG] - [JUGADOR_0] Pos flotante (pre-límites): (649.8800, 330.8800)
2025-05-19 16:57:01 - jugador - [DEBUG] - [JUGADOR_0] Pos flotante (post-límites): (649.8800, 330.8800)
2025-05-19 16:57:01 - jugador - [DEBUG] - [JUGADOR_0] Movimiento para CH: dx_int=3, dy_int=3. HB (antes CH): (647, 328), PosFlotante: (649.8800,330.8800)
2025-05-19 16:57:01 - jugador - [DEBUG] - [JUGADOR_0] Iniciando gestión de colisión con dx=3, dy=3. Hitbox actual: (647, 328)
2025-05-19 16:57:01 - jugador - [DEBUG] - [JUGADOR_0] Posición POST CH: HB: (650, 331), PosFlotante: (650.00, 331.00)
2025-05-19 16:57:01 - jugador - [DEBUG] - [JUGADOR_0] Hitbox ataque: <rect(635, 308, 54, 69)>, Dir: (1.00, 0.00)
2025-05-19 16:57:01 - jugador - [DEBUG] - [JUGADOR_0] Pos flotante (pre-límites): (652.8800, 333.8800)
2025-05-19 16:57:01 - jugador - [DEBUG] - [JUGADOR_0] Pos flotante (post-límites): (652.8800, 333.8800)
2025-05-19 16:57:01 - jugador - [DEBUG] - [JUGADOR_0] Movimiento para CH: dx_int=3, dy_int=3. HB (antes CH): (650, 331), PosFlotante: (652.8800,333.8800)
2025-05-19 16:57:01 - jugador - [DEBUG] - [JUGADOR_0] Iniciando gestión de colisión con dx=3, dy=3. Hitbox actual: (650, 331)
2025-05-19 16:57:01 - jugador - [DEBUG] - [JUGADOR_0] Posición POST CH: HB: (653, 334), PosFlotante: (653.00, 334.00)
2025-05-19 16:57:01 - jugador - [DEBUG] - [JUGADOR_0] Hitbox ataque: <rect(638, 311, 54, 69)>, Dir: (1.00, 0.00)
2025-05-19 16:57:01 - jugador - [DEBUG] - [JUGADOR_0] Delta flotante intentado: dx=2.8800, dy=2.8800 (delta_time: 0.0160)
2025-05-19 16:57:01 - jugador - [DEBUG] - [JUGADOR_0] Pos flotante (pre-límites): (655.8800, 336.8800)
2025-05-19 16:57:01 - jugador - [DEBUG] - [JUGADOR_0] Pos flotante (post-límites): (655.8800, 336.8800)
2025-05-19 16:57:01 - jugador - [DEBUG] - [JUGADOR_0] Movimiento para CH: dx_int=3, dy_int=3. HB (antes CH): (653, 334), PosFlotante: (655.8800,336.8800)
2025-05-19 16:57:01 - jugador - [DEBUG] - [JUGADOR_0] Iniciando gestión de colisión con dx=3, dy=3. Hitbox actual: (653, 334)
2025-05-19 16:57:01 - jugador - [DEBUG] - [JUGADOR_0] Posición POST CH: HB: (656, 337), PosFlotante: (656.00, 337.00)
2025-05-19 16:57:01 - jugador - [DEBUG] - [JUGADOR_0] Hitbox ataque: <rect(641, 314, 54, 69)>, Dir: (1.00, 0.00)
2025-05-19 16:57:01 - jugador - [DEBUG] - [JUGADOR_0] Delta flotante intentado: dx=3.0600, dy=3.0600 (delta_time: 0.0170)
2025-05-19 16:57:01 - jugador - [DEBUG] - [JUGADOR_0] Pos flotante (pre-límites): (659.0600, 340.0600)
2025-05-19 16:57:01 - jugador - [DEBUG] - [JUGADOR_0] Pos flotante (post-límites): (659.0600, 340.0600)
2025-05-19 16:57:01 - jugador - [DEBUG] - [JUGADOR_0] Movimiento para CH: dx_int=4, dy_int=4. HB (antes CH): (656, 337), PosFlotante: (659.0600,340.0600)
2025-05-19 16:57:01 - jugador - [DEBUG] - [JUGADOR_0] Iniciando gestión de colisión con dx=4, dy=4. Hitbox actual: (656, 337)
2025-05-19 16:57:01 - jugador - [DEBUG] - [JUGADOR_0] Posición POST CH: HB: (660, 341), PosFlotante: (660.00, 341.00)
2025-05-19 16:57:01 - jugador - [DEBUG] - [JUGADOR_0] Hitbox ataque: <rect(645, 318, 54, 69)>, Dir: (1.00, 0.00)
2025-05-19 16:57:01 - jugador - [DEBUG] - [JUGADOR_0] Input teclado procesado: mov_x_input_raw=180, mov_y_input_raw=180
2025-05-19 16:57:01 - jugador - [DEBUG] - [JUGADOR_0] Pos flotante (pre-límites): (663.0600, 344.0600)
2025-05-19 16:57:01 - jugador - [DEBUG] - [JUGADOR_0] Pos flotante (post-límites): (663.0600, 344.0600)
2025-05-19 16:57:01 - jugador - [DEBUG] - [JUGADOR_0] Movimiento para CH: dx_int=4, dy_int=4. HB (antes CH): (660, 341), PosFlotante: (663.0600,344.0600)
2025-05-19 16:57:01 - jugador - [DEBUG] - [JUGADOR_0] Iniciando gestión de colisión con dx=4, dy=4. Hitbox actual: (660, 341)
2025-05-19 16:57:01 - jugador - [DEBUG] - [JUGADOR_0] Posición POST CH: HB: (664, 345), PosFlotante: (664.00, 345.00)
2025-05-19 16:57:01 - jugador - [DEBUG] - [JUGADOR_0] Hitbox ataque: <rect(649, 322, 54, 69)>, Dir: (1.00, 0.00)
2025-05-19 16:57:01 - jugador - [DEBUG] - [JUGADOR_0] Pos flotante (pre-límites): (666.8800, 347.8800)
2025-05-19 16:57:01 - jugador - [DEBUG] - [JUGADOR_0] Pos flotante (post-límites): (666.8800, 347.8800)
2025-05-19 16:57:01 - jugador - [DEBUG] - [JUGADOR_0] Movimiento para CH: dx_int=3, dy_int=3. HB (antes CH): (664, 345), PosFlotante: (666.8800,347.8800)
2025-05-19 16:57:01 - jugador - [DEBUG] - [JUGADOR_0] Iniciando gestión de colisión con dx=3, dy=3. Hitbox actual: (664, 345)
2025-05-19 16:57:01 - jugador - [DEBUG] - [JUGADOR_0] Posición POST CH: HB: (667, 348), PosFlotante: (667.00, 348.00)
2025-05-19 16:57:01 - jugador - [DEBUG] - [JUGADOR_0] Hitbox ataque: <rect(652, 325, 54, 69)>, Dir: (1.00, 0.00)
2025-05-19 16:57:01 - jugador - [DEBUG] - [JUGADOR_0] Intento de ataque en cooldown (700.0ms). Tiempo desde último: 212ms
2025-05-19 16:57:01 - jugador - [DEBUG] - [JUGADOR_0] Delta flotante intentado: dx=2.8800, dy=2.8800 (delta_time: 0.0160)
2025-05-19 16:57:01 - jugador - [DEBUG] - [JUGADOR_0] Pos flotante (pre-límites): (669.8800, 350.8800)
2025-05-19 16:57:01 - jugador - [DEBUG] - [JUGADOR_0] Pos flotante (post-límites): (669.8800, 350.8800)
2025-05-19 16:57:01 - jugador - [DEBUG] - [JUGADOR_0] Movimiento para CH: dx_int=3, dy_int=3. HB (antes CH): (667, 348), PosFlotante: (669.8800,350.8800)
2025-05-19 16:57:01 - jugador - [DEBUG] - [JUGADOR_0] Iniciando gestión de colisión con dx=3, dy=3. Hitbox actual: (667, 348)
2025-05-19 16:57:01 - jugador - [DEBUG] - [JUGADOR_0] Posición POST CH: HB: (670, 351), PosFlotante: (670.00, 351.00)
2025-05-19 16:57:01 - jugador - [DEBUG] - [JUGADOR_0] Hitbox ataque: <rect(655, 328, 54, 69)>, Dir: (1.00, 0.00)
2025-05-19 16:57:01 - jugador - [DEBUG] - [JUGADOR_0] Pos flotante (pre-límites): (672.8800, 353.8800)
2025-05-19 16:57:01 - jugador - [DEBUG] - [JUGADOR_0] Pos flotante (post-límites): (672.8800, 353.8800)
2025-05-19 16:57:01 - jugador - [DEBUG] - [JUGADOR_0] Movimiento para CH: dx_int=3, dy_int=3. HB (antes CH): (670, 351), PosFlotante: (672.8800,353.8800)
2025-05-19 16:57:01 - jugador - [DEBUG] - [JUGADOR_0] Iniciando gestión de colisión con dx=3, dy=3. Hitbox actual: (670, 351)
2025-05-19 16:57:01 - jugador - [DEBUG] - [JUGADOR_0] Posición POST CH: HB: (673, 354), PosFlotante: (673.00, 354.00)
2025-05-19 16:57:01 - jugador - [DEBUG] - [JUGADOR_0] Hitbox ataque: <rect(658, 331, 54, 69)>, Dir: (1.00, 0.00)
2025-05-19 16:57:01 - jugador - [DEBUG] - [JUGADOR_0] Input teclado procesado: mov_x_input_raw=180, mov_y_input_raw=180
2025-05-19 16:57:01 - jugador - [DEBUG] - [JUGADOR_0] Pos flotante (pre-límites): (675.8800, 356.8800)
2025-05-19 16:57:01 - jugador - [DEBUG] - [JUGADOR_0] Pos flotante (post-límites): (675.8800, 356.8800)
2025-05-19 16:57:01 - jugador - [DEBUG] - [JUGADOR_0] Movimiento para CH: dx_int=3, dy_int=3. HB (antes CH): (673, 354), PosFlotante: (675.8800,356.8800)
2025-05-19 16:57:01 - jugador - [DEBUG] - [JUGADOR_0] Iniciando gestión de colisión con dx=3, dy=3. Hitbox actual: (673, 354)
2025-05-19 16:57:01 - jugador - [DEBUG] - [JUGADOR_0] Posición POST CH: HB: (676, 357), PosFlotante: (676.00, 357.00)
2025-05-19 16:57:01 - jugador - [DEBUG] - [JUGADOR_0] Hitbox ataque: <rect(661, 334, 54, 69)>, Dir: (1.00, 0.00)
2025-05-19 16:57:01 - jugador - [DEBUG] - [JUGADOR_0] Pos flotante (pre-límites): (678.8800, 359.8800)
2025-05-19 16:57:01 - jugador - [DEBUG] - [JUGADOR_0] Pos flotante (post-límites): (678.8800, 359.8800)
2025-05-19 16:57:01 - jugador - [DEBUG] - [JUGADOR_0] Movimiento para CH: dx_int=3, dy_int=3. HB (antes CH): (676, 357), PosFlotante: (678.8800,359.8800)
2025-05-19 16:57:01 - jugador - [DEBUG] - [JUGADOR_0] Iniciando gestión de colisión con dx=3, dy=3. Hitbox actual: (676, 357)
2025-05-19 16:57:01 - jugador - [DEBUG] - [JUGADOR_0] Posición POST CH: HB: (679, 360), PosFlotante: (679.00, 360.00)
2025-05-19 16:57:01 - jugador - [DEBUG] - [JUGADOR_0] ATAQUE FINALIZADO (Duración: 260ms). Enemigos golpeados: 2
2025-05-19 16:57:01 - jugador - [DEBUG] - [JUGADOR_0] Delta flotante intentado: dx=2.8800, dy=2.8800 (delta_time: 0.0160)
2025-05-19 16:57:01 - jugador - [DEBUG] - [JUGADOR_0] Pos flotante (pre-límites): (681.8800, 362.8800)
2025-05-19 16:57:01 - jugador - [DEBUG] - [JUGADOR_0] Pos flotante (post-límites): (681.8800, 362.8800)
2025-05-19 16:57:01 - jugador - [DEBUG] - [JUGADOR_0] Movimiento para CH: dx_int=3, dy_int=3. HB (antes CH): (679, 360), PosFlotante: (681.8800,362.8800)
2025-05-19 16:57:01 - jugador - [DEBUG] - [JUGADOR_0] Iniciando gestión de colisión con dx=3, dy=3. Hitbox actual: (679, 360)
2025-05-19 16:57:01 - jugador - [DEBUG] - [JUGADOR_0] Posición POST CH: HB: (682, 363), PosFlotante: (682.00, 363.00)
2025-05-19 16:57:01 - jugador - [DEBUG] - [JUGADOR_0] Delta flotante intentado: dx=3.0600, dy=3.0600 (delta_time: 0.0170)
2025-05-19 16:57:01 - jugador - [DEBUG] - [JUGADOR_0] Pos flotante (pre-límites): (685.0600, 366.0600)
2025-05-19 16:57:01 - jugador - [DEBUG] - [JUGADOR_0] Pos flotante (post-límites): (685.0600, 366.0600)
2025-05-19 16:57:01 - jugador - [DEBUG] - [JUGADOR_0] Movimiento para CH: dx_int=4, dy_int=4. HB (antes CH): (682, 363), PosFlotante: (685.0600,366.0600)
2025-05-19 16:57:01 - jugador - [DEBUG] - [JUGADOR_0] Iniciando gestión de colisión con dx=4, dy=4. Hitbox actual: (682, 363)
2025-05-19 16:57:01 - jugador - [DEBUG] - [JUGADOR_0] Posición POST CH: HB: (686, 367), PosFlotante: (686.00, 367.00)
2025-05-19 16:57:01 - jugador - [DEBUG] - [JUGADOR_0] Input teclado procesado: mov_x_input_raw=180, mov_y_input_raw=180
2025-05-19 16:57:01 - jugador - [DEBUG] - [JUGADOR_0] Pos flotante (pre-límites): (688.8800, 369.8800)
2025-05-19 16:57:01 - jugador - [DEBUG] - [JUGADOR_0] Pos flotante (post-límites): (688.8800, 369.8800)
2025-05-19 16:57:01 - jugador - [DEBUG] - [JUGADOR_0] Movimiento para CH: dx_int=3, dy_int=3. HB (antes CH): (686, 367), PosFlotante: (688.8800,369.8800)
2025-05-19 16:57:01 - jugador - [DEBUG] - [JUGADOR_0] Iniciando gestión de colisión con dx=3, dy=3. Hitbox actual: (686, 367)
2025-05-19 16:57:01 - jugador - [DEBUG] - [JUGADOR_0] Posición POST CH: HB: (689, 370), PosFlotante: (689.00, 370.00)
2025-05-19 16:57:01 - jugador - [DEBUG] - [JUGADOR_0] Pos flotante (pre-límites): (692.0600, 373.0600)
2025-05-19 16:57:01 - jugador - [DEBUG] - [JUGADOR_0] Pos flotante (post-límites): (692.0600, 373.0600)
2025-05-19 16:57:01 - jugador - [DEBUG] - [JUGADOR_0] Movimiento para CH: dx_int=4, dy_int=4. HB (antes CH): (689, 370), PosFlotante: (692.0600,373.0600)
2025-05-19 16:57:01 - jugador - [DEBUG] - [JUGADOR_0] Iniciando gestión de colisión con dx=4, dy=4. Hitbox actual: (689, 370)
2025-05-19 16:57:01 - jugador - [DEBUG] - [JUGADOR_0] Posición POST CH: HB: (693, 374), PosFlotante: (693.00, 374.00)
2025-05-19 16:57:01 - jugador - [DEBUG] - [JUGADOR_0] Delta flotante intentado: dx=2.8800, dy=2.8800 (delta_time: 0.0160)
2025-05-19 16:57:01 - jugador - [DEBUG] - [JUGADOR_0] Pos flotante (pre-límites): (695.8800, 376.8800)
2025-05-19 16:57:01 - jugador - [DEBUG] - [JUGADOR_0] Pos flotante (post-límites): (695.8800, 376.8800)
2025-05-19 16:57:01 - jugador - [DEBUG] - [JUGADOR_0] Movimiento para CH: dx_int=3, dy_int=3. HB (antes CH): (693, 374), PosFlotante: (695.8800,376.8800)
2025-05-19 16:57:01 - jugador - [DEBUG] - [JUGADOR_0] Iniciando gestión de colisión con dx=3, dy=3. Hitbox actual: (693, 374)
2025-05-19 16:57:01 - jugador - [DEBUG] - [JUGADOR_0] Posición POST CH: HB: (696, 377), PosFlotante: (696.00, 377.00)
2025-05-19 16:57:01 - jugador - [DEBUG] - [JUGADOR_0] Input teclado procesado: mov_x_input_raw=180, mov_y_input_raw=180
2025-05-19 16:57:01 - jugador - [DEBUG] - [JUGADOR_0] Delta flotante intentado: dx=3.0600, dy=3.0600 (delta_time: 0.0170)
2025-05-19 16:57:01 - jugador - [DEBUG] - [JUGADOR_0] Pos flotante (pre-límites): (699.0600, 380.0600)
2025-05-19 16:57:01 - jugador - [DEBUG] - [JUGADOR_0] Pos flotante (post-límites): (699.0600, 380.0600)
2025-05-19 16:57:01 - jugador - [DEBUG] - [JUGADOR_0] Movimiento para CH: dx_int=4, dy_int=4. HB (antes CH): (696, 377), PosFlotante: (699.0600,380.0600)
2025-05-19 16:57:01 - jugador - [DEBUG] - [JUGADOR_0] Iniciando gestión de colisión con dx=4, dy=4. Hitbox actual: (696, 377)
2025-05-19 16:57:01 - jugador - [DEBUG] - [JUGADOR_0] Posición POST CH: HB: (700, 381), PosFlotante: (700.00, 381.00)
2025-05-19 16:57:01 - jugador - [DEBUG] - [JUGADOR_0] Input teclado procesado: mov_x_input_raw=180, mov_y_input_raw=0
2025-05-19 16:57:01 - jugador - [DEBUG] - [JUGADOR_0] Delta flotante intentado: dx=2.8800, dy=0.0000 (delta_time: 0.0160)
2025-05-19 16:57:01 - jugador - [DEBUG] - [JUGADOR_0] Pos flotante (pre-límites): (702.8800, 381.0000)
2025-05-19 16:57:01 - jugador - [DEBUG] - [JUGADOR_0] Pos flotante (post-límites): (702.8800, 381.0000)
2025-05-19 16:57:01 - jugador - [DEBUG] - [JUGADOR_0] Movimiento para CH: dx_int=3, dy_int=0. HB (antes CH): (700, 381), PosFlotante: (702.8800,381.0000)
2025-05-19 16:57:01 - jugador - [DEBUG] - [JUGADOR_0] Iniciando gestión de colisión con dx=3, dy=0. Hitbox actual: (700, 381)
2025-05-19 16:57:01 - jugador - [DEBUG] - [JUGADOR_0] Posición POST CH: HB: (703, 381), PosFlotante: (703.00, 381.00)
2025-05-19 16:57:01 - jugador - [DEBUG] - [JUGADOR_0] Pos flotante (pre-límites): (705.8800, 381.0000)
2025-05-19 16:57:01 - jugador - [DEBUG] - [JUGADOR_0] Pos flotante (post-límites): (705.8800, 381.0000)
2025-05-19 16:57:01 - jugador - [DEBUG] - [JUGADOR_0] Movimiento para CH: dx_int=3, dy_int=0. HB (antes CH): (703, 381), PosFlotante: (705.8800,381.0000)
2025-05-19 16:57:01 - jugador - [DEBUG] - [JUGADOR_0] Iniciando gestión de colisión con dx=3, dy=0. Hitbox actual: (703, 381)
2025-05-19 16:57:01 - jugador - [DEBUG] - [JUGADOR_0] Posición POST CH: HB: (706, 381), PosFlotante: (706.00, 381.00)
2025-05-19 16:57:01 - jugador - [DEBUG] - [JUGADOR_0] Pos flotante (pre-límites): (708.8800, 381.0000)
2025-05-19 16:57:01 - jugador - [DEBUG] - [JUGADOR_0] Pos flotante (post-límites): (708.8800, 381.0000)
2025-05-19 16:57:01 - jugador - [DEBUG] - [JUGADOR_0] Movimiento para CH: dx_int=3, dy_int=0. HB (antes CH): (706, 381), PosFlotante: (708.8800,381.0000)
2025-05-19 16:57:01 - jugador - [DEBUG] - [JUGADOR_0] Iniciando gestión de colisión con dx=3, dy=0. Hitbox actual: (706, 381)
2025-05-19 16:57:01 - jugador - [DEBUG] - [JUGADOR_0] Posición POST CH: HB: (709, 381), PosFlotante: (709.00, 381.00)
2025-05-19 16:57:01 - jugador - [DEBUG] - [JUGADOR_0] Pos flotante (pre-límites): (711.8800, 381.0000)
2025-05-19 16:57:01 - jugador - [DEBUG] - [JUGADOR_0] Pos flotante (post-límites): (711.8800, 381.0000)
2025-05-19 16:57:01 - jugador - [DEBUG] - [JUGADOR_0] Movimiento para CH: dx_int=3, dy_int=0. HB (antes CH): (709, 381), PosFlotante: (711.8800,381.0000)
2025-05-19 16:57:01 - jugador - [DEBUG] - [JUGADOR_0] Iniciando gestión de colisión con dx=3, dy=0. Hitbox actual: (709, 381)
2025-05-19 16:57:01 - jugador - [DEBUG] - [JUGADOR_0] Posición POST CH: HB: (712, 381), PosFlotante: (712.00, 381.00)
2025-05-19 16:57:01 - jugador - [DEBUG] - [JUGADOR_0] Input teclado procesado: mov_x_input_raw=180, mov_y_input_raw=0
2025-05-19 16:57:01 - jugador - [DEBUG] - [JUGADOR_0] Delta flotante intentado: dx=2.8800, dy=0.0000 (delta_time: 0.0160)
2025-05-19 16:57:01 - jugador - [DEBUG] - [JUGADOR_0] Pos flotante (pre-límites): (714.8800, 381.0000)
2025-05-19 16:57:01 - jugador - [DEBUG] - [JUGADOR_0] Pos flotante (post-límites): (714.8800, 381.0000)
2025-05-19 16:57:01 - jugador - [DEBUG] - [JUGADOR_0] Movimiento para CH: dx_int=3, dy_int=0. HB (antes CH): (712, 381), PosFlotante: (714.8800,381.0000)
2025-05-19 16:57:01 - jugador - [DEBUG] - [JUGADOR_0] Iniciando gestión de colisión con dx=3, dy=0. Hitbox actual: (712, 381)
2025-05-19 16:57:01 - jugador - [DEBUG] - [JUGADOR_0] Posición POST CH: HB: (715, 381), PosFlotante: (715.00, 381.00)
2025-05-19 16:57:01 - jugador - [DEBUG] - [JUGADOR_0] Pos flotante (pre-límites): (717.8800, 381.0000)
2025-05-19 16:57:01 - jugador - [DEBUG] - [JUGADOR_0] Pos flotante (post-límites): (717.8800, 381.0000)
2025-05-19 16:57:01 - jugador - [DEBUG] - [JUGADOR_0] Movimiento para CH: dx_int=3, dy_int=0. HB (antes CH): (715, 381), PosFlotante: (717.8800,381.0000)
2025-05-19 16:57:01 - jugador - [DEBUG] - [JUGADOR_0] Iniciando gestión de colisión con dx=3, dy=0. Hitbox actual: (715, 381)
2025-05-19 16:57:01 - jugador - [DEBUG] - [JUGADOR_0] Posición POST CH: HB: (718, 381), PosFlotante: (718.00, 381.00)
2025-05-19 16:57:01 - jugador - [DEBUG] - [JUGADOR_0] Pos flotante (pre-límites): (720.8800, 381.0000)
2025-05-19 16:57:01 - jugador - [DEBUG] - [JUGADOR_0] Pos flotante (post-límites): (720.8800, 381.0000)
2025-05-19 16:57:01 - jugador - [DEBUG] - [JUGADOR_0] Movimiento para CH: dx_int=3, dy_int=0. HB (antes CH): (718, 381), PosFlotante: (720.8800,381.0000)
2025-05-19 16:57:01 - jugador - [DEBUG] - [JUGADOR_0] Iniciando gestión de colisión con dx=3, dy=0. Hitbox actual: (718, 381)
2025-05-19 16:57:01 - jugador - [DEBUG] - [JUGADOR_0] Posición POST CH: HB: (721, 381), PosFlotante: (721.00, 381.00)
2025-05-19 16:57:01 - jugador - [DEBUG] - [JUGADOR_0] Pos flotante (pre-límites): (723.8800, 381.0000)
2025-05-19 16:57:01 - jugador - [DEBUG] - [JUGADOR_0] Pos flotante (post-límites): (723.8800, 381.0000)
2025-05-19 16:57:01 - jugador - [DEBUG] - [JUGADOR_0] Movimiento para CH: dx_int=3, dy_int=0. HB (antes CH): (721, 381), PosFlotante: (723.8800,381.0000)
2025-05-19 16:57:01 - jugador - [DEBUG] - [JUGADOR_0] Iniciando gestión de colisión con dx=3, dy=0. Hitbox actual: (721, 381)
2025-05-19 16:57:01 - jugador - [DEBUG] - [JUGADOR_0] Posición POST CH: HB: (724, 381), PosFlotante: (724.00, 381.00)
2025-05-19 16:57:01 - jugador - [DEBUG] - [JUGADOR_0] Input teclado procesado: mov_x_input_raw=180, mov_y_input_raw=-180
2025-05-19 16:57:01 - jugador - [DEBUG] - [JUGADOR_0] Delta flotante intentado: dx=2.8800, dy=-2.8800 (delta_time: 0.0160)
2025-05-19 16:57:01 - jugador - [DEBUG] - [JUGADOR_0] Pos flotante (pre-límites): (726.8800, 378.1200)
2025-05-19 16:57:01 - jugador - [DEBUG] - [JUGADOR_0] Pos flotante (post-límites): (726.8800, 378.1200)
2025-05-19 16:57:01 - jugador - [DEBUG] - [JUGADOR_0] Movimiento para CH: dx_int=3, dy_int=-3. HB (antes CH): (724, 381), PosFlotante: (726.8800,378.1200)
2025-05-19 16:57:01 - jugador - [DEBUG] - [JUGADOR_0] Iniciando gestión de colisión con dx=3, dy=-3. Hitbox actual: (724, 381)
2025-05-19 16:57:01 - jugador - [DEBUG] - [JUGADOR_0] Posición POST CH: HB: (727, 378), PosFlotante: (727.00, 378.00)
2025-05-19 16:57:01 - jugador - [DEBUG] - [JUGADOR_0] Pos flotante (pre-límites): (729.8800, 375.1200)
2025-05-19 16:57:01 - jugador - [DEBUG] - [JUGADOR_0] Pos flotante (post-límites): (729.8800, 375.1200)
2025-05-19 16:57:01 - jugador - [DEBUG] - [JUGADOR_0] Movimiento para CH: dx_int=3, dy_int=-3. HB (antes CH): (727, 378), PosFlotante: (729.8800,375.1200)
2025-05-19 16:57:01 - jugador - [DEBUG] - [JUGADOR_0] Iniciando gestión de colisión con dx=3, dy=-3. Hitbox actual: (727, 378)
2025-05-19 16:57:01 - jugador - [DEBUG] - [JUGADOR_0] Posición POST CH: HB: (730, 375), PosFlotante: (730.00, 375.00)
2025-05-19 16:57:01 - jugador - [DEBUG] - [JUGADOR_0] Pos flotante (pre-límites): (732.8800, 372.1200)
2025-05-19 16:57:01 - jugador - [DEBUG] - [JUGADOR_0] Pos flotante (post-límites): (732.8800, 372.1200)
2025-05-19 16:57:01 - jugador - [DEBUG] - [JUGADOR_0] Movimiento para CH: dx_int=3, dy_int=-3. HB (antes CH): (730, 375), PosFlotante: (732.8800,372.1200)
2025-05-19 16:57:01 - jugador - [DEBUG] - [JUGADOR_0] Iniciando gestión de colisión con dx=3, dy=-3. Hitbox actual: (730, 375)
2025-05-19 16:57:01 - jugador - [DEBUG] - [JUGADOR_0] Posición POST CH: HB: (733, 372), PosFlotante: (733.00, 372.00)
2025-05-19 16:57:01 - jugador - [DEBUG] - [JUGADOR_0] Input teclado procesado: mov_x_input_raw=0, mov_y_input_raw=-180
2025-05-19 16:57:01 - jugador - [DEBUG] - [JUGADOR_0] Delta flotante intentado: dx=0.0000, dy=-3.0600 (delta_time: 0.0170)
2025-05-19 16:57:01 - jugador - [DEBUG] - [JUGADOR_0] Pos flotante (pre-límites): (733.0000, 368.9400)
2025-05-19 16:57:01 - jugador - [DEBUG] - [JUGADOR_0] Pos flotante (post-límites): (733.0000, 368.9400)
2025-05-19 16:57:01 - jugador - [DEBUG] - [JUGADOR_0] Movimiento para CH: dx_int=0, dy_int=-4. HB (antes CH): (733, 372), PosFlotante: (733.0000,368.9400)
2025-05-19 16:57:01 - jugador - [DEBUG] - [JUGADOR_0] Iniciando gestión de colisión con dx=0, dy=-4. Hitbox actual: (733, 372)
2025-05-19 16:57:01 - jugador - [DEBUG] - [JUGADOR_0] Posición POST CH: HB: (733, 368), PosFlotante: (733.00, 368.00)
2025-05-19 16:57:01 - jugador - [DEBUG] - [JUGADOR_0] Input teclado procesado: mov_x_input_raw=-180, mov_y_input_raw=-180
2025-05-19 16:57:01 - jugador - [DEBUG] - [JUGADOR_0] Delta flotante intentado: dx=-3.0600, dy=-3.0600 (delta_time: 0.0170)
2025-05-19 16:57:01 - jugador - [DEBUG] - [JUGADOR_0] Pos flotante (pre-límites): (729.9400, 364.9400)
2025-05-19 16:57:01 - jugador - [DEBUG] - [JUGADOR_0] Pos flotante (post-límites): (729.9400, 364.9400)
2025-05-19 16:57:01 - jugador - [DEBUG] - [JUGADOR_0] Movimiento para CH: dx_int=-4, dy_int=-4. HB (antes CH): (733, 368), PosFlotante: (729.9400,364.9400)
2025-05-19 16:57:01 - jugador - [DEBUG] - [JUGADOR_0] Iniciando gestión de colisión con dx=-4, dy=-4. Hitbox actual: (733, 368)
2025-05-19 16:57:01 - jugador - [DEBUG] - [JUGADOR_0] Posición POST CH: HB: (729, 364), PosFlotante: (729.00, 364.00)
2025-05-19 16:57:01 - jugador - [DEBUG] - [JUGADOR_0] Pos flotante (pre-límites): (725.9400, 360.9400)
2025-05-19 16:57:01 - jugador - [DEBUG] - [JUGADOR_0] Pos flotante (post-límites): (725.9400, 360.9400)
2025-05-19 16:57:01 - jugador - [DEBUG] - [JUGADOR_0] Movimiento para CH: dx_int=-4, dy_int=-4. HB (antes CH): (729, 364), PosFlotante: (725.9400,360.9400)
2025-05-19 16:57:01 - jugador - [DEBUG] - [JUGADOR_0] Iniciando gestión de colisión con dx=-4, dy=-4. Hitbox actual: (729, 364)
2025-05-19 16:57:01 - jugador - [DEBUG] - [JUGADOR_0] Posición POST CH: HB: (725, 360), PosFlotante: (725.00, 360.00)
2025-05-19 16:57:01 - jugador - [DEBUG] - [JUGADOR_0] Delta flotante intentado: dx=-2.8800, dy=-2.8800 (delta_time: 0.0160)
2025-05-19 16:57:01 - jugador - [DEBUG] - [JUGADOR_0] Pos flotante (pre-límites): (722.1200, 357.1200)
2025-05-19 16:57:01 - jugador - [DEBUG] - [JUGADOR_0] Pos flotante (post-límites): (722.1200, 357.1200)
2025-05-19 16:57:01 - jugador - [DEBUG] - [JUGADOR_0] Movimiento para CH: dx_int=-3, dy_int=-3. HB (antes CH): (725, 360), PosFlotante: (722.1200,357.1200)
2025-05-19 16:57:01 - jugador - [DEBUG] - [JUGADOR_0] Iniciando gestión de colisión con dx=-3, dy=-3. Hitbox actual: (725, 360)
2025-05-19 16:57:01 - jugador - [DEBUG] - [JUGADOR_0] Posición POST CH: HB: (722, 357), PosFlotante: (722.00, 357.00)
2025-05-19 16:57:01 - jugador - [DEBUG] - [JUGADOR_0] Input teclado procesado: mov_x_input_raw=-180, mov_y_input_raw=0
2025-05-19 16:57:01 - jugador - [DEBUG] - [JUGADOR_0] Delta flotante intentado: dx=-3.0600, dy=0.0000 (delta_time: 0.0170)
2025-05-19 16:57:01 - jugador - [DEBUG] - [JUGADOR_0] Pos flotante (pre-límites): (718.9400, 357.0000)
2025-05-19 16:57:01 - jugador - [DEBUG] - [JUGADOR_0] Pos flotante (post-límites): (718.9400, 357.0000)
2025-05-19 16:57:01 - jugador - [DEBUG] - [JUGADOR_0] Movimiento para CH: dx_int=-4, dy_int=0. HB (antes CH): (722, 357), PosFlotante: (718.9400,357.0000)
2025-05-19 16:57:01 - jugador - [DEBUG] - [JUGADOR_0] Iniciando gestión de colisión con dx=-4, dy=0. Hitbox actual: (722, 357)
2025-05-19 16:57:01 - jugador - [DEBUG] - [JUGADOR_0] Delta flotante intentado: dx=-2.8800, dy=0.0000 (delta_time: 0.0160)
2025-05-19 16:57:01 - jugador - [DEBUG] - [JUGADOR_0] Pos flotante (pre-límites): (719.1200, 357.0000)
2025-05-19 16:57:01 - jugador - [DEBUG] - [JUGADOR_0] Pos flotante (post-límites): (719.1200, 357.0000)
2025-05-19 16:57:01 - jugador - [DEBUG] - [JUGADOR_0] Movimiento para CH: dx_int=-3, dy_int=0. HB (antes CH): (722, 357), PosFlotante: (719.1200,357.0000)
2025-05-19 16:57:01 - jugador - [DEBUG] - [JUGADOR_0] Iniciando gestión de colisión con dx=-3, dy=0. Hitbox actual: (722, 357)
2025-05-19 16:57:01 - jugador - [DEBUG] - [JUGADOR_0] Posición POST CH: HB: (724, 357), PosFlotante: (724.00, 357.00)
2025-05-19 16:57:01 - jugador - [DEBUG] - [JUGADOR_0] Pos flotante (pre-límites): (721.1200, 357.0000)
2025-05-19 16:57:01 - jugador - [DEBUG] - [JUGADOR_0] Pos flotante (post-límites): (721.1200, 357.0000)
2025-05-19 16:57:01 - jugador - [DEBUG] - [JUGADOR_0] Movimiento para CH: dx_int=-3, dy_int=0. HB (antes CH): (724, 357), PosFlotante: (721.1200,357.0000)
2025-05-19 16:57:01 - jugador - [DEBUG] - [JUGADOR_0] Iniciando gestión de colisión con dx=-3, dy=0. Hitbox actual: (724, 357)
2025-05-19 16:57:01 - jugador - [DEBUG] - [JUGADOR_0] Posición POST CH: HB: (726, 357), PosFlotante: (726.00, 357.00)
2025-05-19 16:57:01 - jugador - [DEBUG] - [JUGADOR_0] Pos flotante (pre-límites): (722.9400, 357.0000)
2025-05-19 16:57:01 - jugador - [DEBUG] - [JUGADOR_0] Pos flotante (post-límites): (722.9400, 357.0000)
2025-05-19 16:57:01 - jugador - [DEBUG] - [JUGADOR_0] Movimiento para CH: dx_int=-4, dy_int=0. HB (antes CH): (726, 357), PosFlotante: (722.9400,357.0000)
2025-05-19 16:57:01 - jugador - [DEBUG] - [JUGADOR_0] Iniciando gestión de colisión con dx=-4, dy=0. Hitbox actual: (726, 357)
2025-05-19 16:57:01 - jugador - [DEBUG] - [JUGADOR_0] Posición POST CH: HB: (728, 357), PosFlotante: (728.00, 357.00)
2025-05-19 16:57:01 - jugador - [DEBUG] - [JUGADOR_0] Input teclado procesado: mov_x_input_raw=-180, mov_y_input_raw=0
2025-05-19 16:57:01 - jugador - [DEBUG] - [JUGADOR_0] Pos flotante (pre-límites): (725.1200, 357.0000)
2025-05-19 16:57:01 - jugador - [DEBUG] - [JUGADOR_0] Pos flotante (post-límites): (725.1200, 357.0000)
2025-05-19 16:57:01 - jugador - [DEBUG] - [JUGADOR_0] Movimiento para CH: dx_int=-3, dy_int=0. HB (antes CH): (728, 357), PosFlotante: (725.1200,357.0000)
2025-05-19 16:57:01 - jugador - [DEBUG] - [JUGADOR_0] Iniciando gestión de colisión con dx=-3, dy=0. Hitbox actual: (728, 357)
2025-05-19 16:57:01 - jugador - [DEBUG] - [JUGADOR_0] Posición POST CH: HB: (730, 357), PosFlotante: (730.00, 357.00)
2025-05-19 16:57:01 - jugador - [DEBUG] - [JUGADOR_0] Delta flotante intentado: dx=-3.0600, dy=0.0000 (delta_time: 0.0170)
2025-05-19 16:57:01 - jugador - [DEBUG] - [JUGADOR_0] Pos flotante (pre-límites): (726.9400, 357.0000)
2025-05-19 16:57:01 - jugador - [DEBUG] - [JUGADOR_0] Pos flotante (post-límites): (726.9400, 357.0000)
2025-05-19 16:57:01 - jugador - [DEBUG] - [JUGADOR_0] Movimiento para CH: dx_int=-4, dy_int=0. HB (antes CH): (730, 357), PosFlotante: (726.9400,357.0000)
2025-05-19 16:57:01 - jugador - [DEBUG] - [JUGADOR_0] Iniciando gestión de colisión con dx=-4, dy=0. Hitbox actual: (730, 357)
2025-05-19 16:57:01 - jugador - [DEBUG] - [JUGADOR_0] Posición POST CH: HB: (732, 357), PosFlotante: (732.00, 357.00)
2025-05-19 16:57:01 - jugador - [DEBUG] - [JUGADOR_0] Pos flotante (pre-límites): (728.9400, 357.0000)
2025-05-19 16:57:01 - jugador - [DEBUG] - [JUGADOR_0] Pos flotante (post-límites): (728.9400, 357.0000)
2025-05-19 16:57:01 - jugador - [DEBUG] - [JUGADOR_0] Movimiento para CH: dx_int=-4, dy_int=0. HB (antes CH): (732, 357), PosFlotante: (728.9400,357.0000)
2025-05-19 16:57:01 - jugador - [DEBUG] - [JUGADOR_0] Iniciando gestión de colisión con dx=-4, dy=0. Hitbox actual: (732, 357)
2025-05-19 16:57:01 - jugador - [DEBUG] - [JUGADOR_0] Posición POST CH: HB: (734, 357), PosFlotante: (734.00, 357.00)
2025-05-19 16:57:01 - jugador - [INFO] - [JUGADOR_0] ATAQUE INICIADO (Cooldown: 700.0ms). Perfil: 'espada_predeterminada'
2025-05-19 16:57:01 - jugador - [DEBUG] - [JUGADOR_0] Input teclado procesado: mov_x_input_raw=-180, mov_y_input_raw=0
2025-05-19 16:57:01 - jugador - [DEBUG] - [JUGADOR_0] Delta flotante intentado: dx=-2.8800, dy=0.0000 (delta_time: 0.0160)
2025-05-19 16:57:01 - jugador - [DEBUG] - [JUGADOR_0] Pos flotante (pre-límites): (731.1200, 357.0000)
2025-05-19 16:57:01 - jugador - [DEBUG] - [JUGADOR_0] Pos flotante (post-límites): (731.1200, 357.0000)
2025-05-19 16:57:01 - jugador - [DEBUG] - [JUGADOR_0] Movimiento para CH: dx_int=-3, dy_int=0. HB (antes CH): (734, 357), PosFlotante: (731.1200,357.0000)
2025-05-19 16:57:01 - jugador - [DEBUG] - [JUGADOR_0] Iniciando gestión de colisión con dx=-3, dy=0. Hitbox actual: (734, 357)
2025-05-19 16:57:01 - jugador - [DEBUG] - [JUGADOR_0] Posición POST CH: HB: (736, 357), PosFlotante: (736.00, 357.00)
2025-05-19 16:57:01 - jugador - [DEBUG] - [JUGADOR_0] Hitbox ataque: <rect(721, 334, 54, 69)>, Dir: (-1.00, 0.00)
2025-05-19 16:57:01 - jugador - [INFO] - [JUGADOR_0] GOLPEÓ a [Enemigo_1] con perfil 'espada_predeterminada'. Daño: 10.0
2025-05-19 16:57:01 - jugador - [INFO] - [JUGADOR_0] GOLPEÓ a [Enemigo_2] con perfil 'espada_predeterminada'. Daño: 10.0
2025-05-19 16:57:01 - jugador - [DEBUG] - [JUGADOR_0] Pos flotante (pre-límites): (733.1200, 357.0000)
2025-05-19 16:57:01 - jugador - [DEBUG] - [JUGADOR_0] Pos flotante (post-límites): (733.1200, 357.0000)
2025-05-19 16:57:01 - jugador - [DEBUG] - [JUGADOR_0] Movimiento para CH: dx_int=-3, dy_int=0. HB (antes CH): (736, 357), PosFlotante: (733.1200,357.0000)
2025-05-19 16:57:01 - jugador - [DEBUG] - [JUGADOR_0] Iniciando gestión de colisión con dx=-3, dy=0. Hitbox actual: (736, 357)
2025-05-19 16:57:01 - jugador - [DEBUG] - [JUGADOR_0] Posición POST CH: HB: (738, 357), PosFlotante: (738.00, 357.00)
2025-05-19 16:57:01 - jugador - [DEBUG] - [JUGADOR_0] Hitbox ataque: <rect(723, 334, 54, 69)>, Dir: (-1.00, 0.00)
2025-05-19 16:57:01 - jugador - [DEBUG] - [JUGADOR_0] Pos flotante (pre-límites): (735.1200, 357.0000)
2025-05-19 16:57:01 - jugador - [DEBUG] - [JUGADOR_0] Pos flotante (post-límites): (735.1200, 357.0000)
2025-05-19 16:57:01 - jugador - [DEBUG] - [JUGADOR_0] Movimiento para CH: dx_int=-3, dy_int=0. HB (antes CH): (738, 357), PosFlotante: (735.1200,357.0000)
2025-05-19 16:57:01 - jugador - [DEBUG] - [JUGADOR_0] Iniciando gestión de colisión con dx=-3, dy=0. Hitbox actual: (738, 357)
2025-05-19 16:57:01 - jugador - [DEBUG] - [JUGADOR_0] Posición POST CH: HB: (740, 357), PosFlotante: (740.00, 357.00)
2025-05-19 16:57:01 - jugador - [DEBUG] - [JUGADOR_0] Hitbox ataque: <rect(725, 334, 54, 69)>, Dir: (-1.00, 0.00)
2025-05-19 16:57:01 - jugador - [DEBUG] - [JUGADOR_0] Delta flotante intentado: dx=-3.0600, dy=0.0000 (delta_time: 0.0170)
2025-05-19 16:57:01 - jugador - [DEBUG] - [JUGADOR_0] Pos flotante (pre-límites): (736.9400, 357.0000)
2025-05-19 16:57:01 - jugador - [DEBUG] - [JUGADOR_0] Pos flotante (post-límites): (736.9400, 357.0000)
2025-05-19 16:57:01 - jugador - [DEBUG] - [JUGADOR_0] Movimiento para CH: dx_int=-4, dy_int=0. HB (antes CH): (740, 357), PosFlotante: (736.9400,357.0000)
2025-05-19 16:57:01 - jugador - [DEBUG] - [JUGADOR_0] Iniciando gestión de colisión con dx=-4, dy=0. Hitbox actual: (740, 357)
2025-05-19 16:57:01 - jugador - [DEBUG] - [JUGADOR_0] Posición POST CH: HB: (742, 357), PosFlotante: (742.00, 357.00)
2025-05-19 16:57:01 - jugador - [DEBUG] - [JUGADOR_0] Hitbox ataque: <rect(727, 334, 54, 69)>, Dir: (-1.00, 0.00)
2025-05-19 16:57:01 - jugador - [DEBUG] - [JUGADOR_0] Input teclado procesado: mov_x_input_raw=-180, mov_y_input_raw=0
2025-05-19 16:57:01 - jugador - [DEBUG] - [JUGADOR_0] Delta flotante intentado: dx=-2.8800, dy=0.0000 (delta_time: 0.0160)
2025-05-19 16:57:01 - jugador - [DEBUG] - [JUGADOR_0] Pos flotante (pre-límites): (739.1200, 357.0000)
2025-05-19 16:57:01 - jugador - [DEBUG] - [JUGADOR_0] Pos flotante (post-límites): (739.1200, 357.0000)
2025-05-19 16:57:01 - jugador - [DEBUG] - [JUGADOR_0] Movimiento para CH: dx_int=-3, dy_int=0. HB (antes CH): (742, 357), PosFlotante: (739.1200,357.0000)
2025-05-19 16:57:01 - jugador - [DEBUG] - [JUGADOR_0] Iniciando gestión de colisión con dx=-3, dy=0. Hitbox actual: (742, 357)
2025-05-19 16:57:01 - jugador - [DEBUG] - [JUGADOR_0] Posición POST CH: HB: (744, 357), PosFlotante: (744.00, 357.00)
2025-05-19 16:57:01 - jugador - [DEBUG] - [JUGADOR_0] Hitbox ataque: <rect(729, 334, 54, 69)>, Dir: (-1.00, 0.00)
2025-05-19 16:57:01 - jugador - [DEBUG] - [JUGADOR_0] Pos flotante (pre-límites): (741.1200, 357.0000)
2025-05-19 16:57:01 - jugador - [DEBUG] - [JUGADOR_0] Pos flotante (post-límites): (741.1200, 357.0000)
2025-05-19 16:57:01 - jugador - [DEBUG] - [JUGADOR_0] Movimiento para CH: dx_int=-3, dy_int=0. HB (antes CH): (744, 357), PosFlotante: (741.1200,357.0000)
2025-05-19 16:57:01 - jugador - [DEBUG] - [JUGADOR_0] Iniciando gestión de colisión con dx=-3, dy=0. Hitbox actual: (744, 357)
2025-05-19 16:57:01 - jugador - [DEBUG] - [JUGADOR_0] Posición POST CH: HB: (746, 357), PosFlotante: (746.00, 357.00)
2025-05-19 16:57:01 - jugador - [DEBUG] - [JUGADOR_0] Hitbox ataque: <rect(731, 334, 54, 69)>, Dir: (-1.00, 0.00)
2025-05-19 16:57:01 - jugador - [DEBUG] - [JUGADOR_0] Pos flotante (pre-límites): (743.1200, 357.0000)
2025-05-19 16:57:01 - jugador - [DEBUG] - [JUGADOR_0] Pos flotante (post-límites): (743.1200, 357.0000)
2025-05-19 16:57:01 - jugador - [DEBUG] - [JUGADOR_0] Movimiento para CH: dx_int=-3, dy_int=0. HB (antes CH): (746, 357), PosFlotante: (743.1200,357.0000)
2025-05-19 16:57:01 - jugador - [DEBUG] - [JUGADOR_0] Iniciando gestión de colisión con dx=-3, dy=0. Hitbox actual: (746, 357)
2025-05-19 16:57:01 - jugador - [DEBUG] - [JUGADOR_0] Posición POST CH: HB: (748, 357), PosFlotante: (748.00, 357.00)
2025-05-19 16:57:01 - jugador - [DEBUG] - [JUGADOR_0] Hitbox ataque: <rect(733, 334, 54, 69)>, Dir: (-1.00, 0.00)
2025-05-19 16:57:01 - jugador - [DEBUG] - [JUGADOR_0] Pos flotante (pre-límites): (745.1200, 357.0000)
2025-05-19 16:57:01 - jugador - [DEBUG] - [JUGADOR_0] Pos flotante (post-límites): (745.1200, 357.0000)
2025-05-19 16:57:01 - jugador - [DEBUG] - [JUGADOR_0] Movimiento para CH: dx_int=-3, dy_int=0. HB (antes CH): (748, 357), PosFlotante: (745.1200,357.0000)
2025-05-19 16:57:01 - jugador - [DEBUG] - [JUGADOR_0] Iniciando gestión de colisión con dx=-3, dy=0. Hitbox actual: (748, 357)
2025-05-19 16:57:01 - jugador - [DEBUG] - [JUGADOR_0] Posición POST CH: HB: (750, 357), PosFlotante: (750.00, 357.00)
2025-05-19 16:57:01 - jugador - [DEBUG] - [JUGADOR_0] Hitbox ataque: <rect(735, 334, 54, 69)>, Dir: (-1.00, 0.00)
2025-05-19 16:57:01 - jugador - [DEBUG] - [JUGADOR_0] Input teclado procesado: mov_x_input_raw=-180, mov_y_input_raw=0
2025-05-19 16:57:01 - jugador - [DEBUG] - [JUGADOR_0] Delta flotante intentado: dx=-2.8800, dy=0.0000 (delta_time: 0.0160)
2025-05-19 16:57:01 - jugador - [DEBUG] - [JUGADOR_0] Pos flotante (pre-límites): (747.1200, 357.0000)
2025-05-19 16:57:01 - jugador - [DEBUG] - [JUGADOR_0] Pos flotante (post-límites): (747.1200, 357.0000)
2025-05-19 16:57:01 - jugador - [DEBUG] - [JUGADOR_0] Movimiento para CH: dx_int=-3, dy_int=0. HB (antes CH): (750, 357), PosFlotante: (747.1200,357.0000)
2025-05-19 16:57:01 - jugador - [DEBUG] - [JUGADOR_0] Iniciando gestión de colisión con dx=-3, dy=0. Hitbox actual: (750, 357)
2025-05-19 16:57:01 - jugador - [DEBUG] - [JUGADOR_0] Posición POST CH: HB: (752, 357), PosFlotante: (752.00, 357.00)
2025-05-19 16:57:01 - jugador - [DEBUG] - [JUGADOR_0] Hitbox ataque: <rect(737, 334, 54, 69)>, Dir: (-1.00, 0.00)
2025-05-19 16:57:02 - jugador - [DEBUG] - [JUGADOR_0] Pos flotante (pre-límites): (749.1200, 357.0000)
2025-05-19 16:57:02 - jugador - [DEBUG] - [JUGADOR_0] Pos flotante (post-límites): (749.1200, 357.0000)
2025-05-19 16:57:02 - jugador - [DEBUG] - [JUGADOR_0] Movimiento para CH: dx_int=-3, dy_int=0. HB (antes CH): (752, 357), PosFlotante: (749.1200,357.0000)
2025-05-19 16:57:02 - jugador - [DEBUG] - [JUGADOR_0] Iniciando gestión de colisión con dx=-3, dy=0. Hitbox actual: (752, 357)
2025-05-19 16:57:02 - jugador - [DEBUG] - [JUGADOR_0] Posición POST CH: HB: (754, 357), PosFlotante: (754.00, 357.00)
2025-05-19 16:57:02 - jugador - [DEBUG] - [JUGADOR_0] Hitbox ataque: <rect(739, 334, 54, 69)>, Dir: (-1.00, 0.00)
2025-05-19 16:57:02 - jugador - [DEBUG] - [JUGADOR_0] Pos flotante (pre-límites): (751.1200, 357.0000)
2025-05-19 16:57:02 - jugador - [DEBUG] - [JUGADOR_0] Pos flotante (post-límites): (751.1200, 357.0000)
2025-05-19 16:57:02 - jugador - [DEBUG] - [JUGADOR_0] Movimiento para CH: dx_int=-3, dy_int=0. HB (antes CH): (754, 357), PosFlotante: (751.1200,357.0000)
2025-05-19 16:57:02 - jugador - [DEBUG] - [JUGADOR_0] Iniciando gestión de colisión con dx=-3, dy=0. Hitbox actual: (754, 357)
2025-05-19 16:57:02 - jugador - [DEBUG] - [JUGADOR_0] Posición POST CH: HB: (756, 357), PosFlotante: (756.00, 357.00)
2025-05-19 16:57:02 - jugador - [DEBUG] - [JUGADOR_0] Hitbox ataque: <rect(741, 334, 54, 69)>, Dir: (-1.00, 0.00)
2025-05-19 16:57:02 - jugador - [DEBUG] - [JUGADOR_0] Pos flotante (pre-límites): (753.1200, 357.0000)
2025-05-19 16:57:02 - jugador - [DEBUG] - [JUGADOR_0] Pos flotante (post-límites): (753.1200, 357.0000)
2025-05-19 16:57:02 - jugador - [DEBUG] - [JUGADOR_0] Movimiento para CH: dx_int=-3, dy_int=0. HB (antes CH): (756, 357), PosFlotante: (753.1200,357.0000)
2025-05-19 16:57:02 - jugador - [DEBUG] - [JUGADOR_0] Iniciando gestión de colisión con dx=-3, dy=0. Hitbox actual: (756, 357)
2025-05-19 16:57:02 - jugador - [DEBUG] - [JUGADOR_0] Posición POST CH: HB: (758, 357), PosFlotante: (758.00, 357.00)
2025-05-19 16:57:02 - jugador - [DEBUG] - [JUGADOR_0] Hitbox ataque: <rect(743, 334, 54, 69)>, Dir: (-1.00, 0.00)
2025-05-19 16:57:02 - jugador - [DEBUG] - [JUGADOR_0] Input teclado procesado: mov_x_input_raw=-180, mov_y_input_raw=0
2025-05-19 16:57:02 - jugador - [DEBUG] - [JUGADOR_0] Delta flotante intentado: dx=-3.0600, dy=0.0000 (delta_time: 0.0170)
2025-05-19 16:57:02 - jugador - [DEBUG] - [JUGADOR_0] Pos flotante (pre-límites): (754.9400, 357.0000)
2025-05-19 16:57:02 - jugador - [DEBUG] - [JUGADOR_0] Pos flotante (post-límites): (754.9400, 357.0000)
2025-05-19 16:57:02 - jugador - [DEBUG] - [JUGADOR_0] Movimiento para CH: dx_int=-4, dy_int=0. HB (antes CH): (758, 357), PosFlotante: (754.9400,357.0000)
2025-05-19 16:57:02 - jugador - [DEBUG] - [JUGADOR_0] Iniciando gestión de colisión con dx=-4, dy=0. Hitbox actual: (758, 357)
2025-05-19 16:57:02 - jugador - [DEBUG] - [JUGADOR_0] Posición POST CH: HB: (760, 357), PosFlotante: (760.00, 357.00)
2025-05-19 16:57:02 - jugador - [DEBUG] - [JUGADOR_0] Hitbox ataque: <rect(745, 334, 54, 69)>, Dir: (-1.00, 0.00)
2025-05-19 16:57:02 - jugador - [DEBUG] - [JUGADOR_0] Pos flotante (pre-límites): (756.9400, 357.0000)
2025-05-19 16:57:02 - jugador - [DEBUG] - [JUGADOR_0] Pos flotante (post-límites): (756.9400, 357.0000)
2025-05-19 16:57:02 - jugador - [DEBUG] - [JUGADOR_0] Movimiento para CH: dx_int=-4, dy_int=0. HB (antes CH): (760, 357), PosFlotante: (756.9400,357.0000)
2025-05-19 16:57:02 - jugador - [DEBUG] - [JUGADOR_0] Iniciando gestión de colisión con dx=-4, dy=0. Hitbox actual: (760, 357)
2025-05-19 16:57:02 - jugador - [DEBUG] - [JUGADOR_0] Posición POST CH: HB: (762, 357), PosFlotante: (762.00, 357.00)
2025-05-19 16:57:02 - jugador - [DEBUG] - [JUGADOR_0] Hitbox ataque: <rect(747, 334, 54, 69)>, Dir: (-1.00, 0.00)
2025-05-19 16:57:02 - jugador - [DEBUG] - [JUGADOR_0] Pos flotante (pre-límites): (758.9400, 357.0000)
2025-05-19 16:57:02 - jugador - [DEBUG] - [JUGADOR_0] Pos flotante (post-límites): (758.9400, 357.0000)
2025-05-19 16:57:02 - jugador - [DEBUG] - [JUGADOR_0] Movimiento para CH: dx_int=-4, dy_int=0. HB (antes CH): (762, 357), PosFlotante: (758.9400,357.0000)
2025-05-19 16:57:02 - jugador - [DEBUG] - [JUGADOR_0] Iniciando gestión de colisión con dx=-4, dy=0. Hitbox actual: (762, 357)
2025-05-19 16:57:02 - jugador - [DEBUG] - [JUGADOR_0] Posición POST CH: HB: (764, 357), PosFlotante: (764.00, 357.00)
2025-05-19 16:57:02 - jugador - [DEBUG] - [JUGADOR_0] Hitbox ataque: <rect(749, 334, 54, 69)>, Dir: (-1.00, 0.00)
2025-05-19 16:57:02 - jugador - [DEBUG] - [JUGADOR_0] Intento de ataque en cooldown (700.0ms). Tiempo desde último: 244ms
2025-05-19 16:57:02 - jugador - [DEBUG] - [JUGADOR_0] Input teclado procesado: mov_x_input_raw=-180, mov_y_input_raw=0
2025-05-19 16:57:02 - jugador - [DEBUG] - [JUGADOR_0] Delta flotante intentado: dx=-2.8800, dy=0.0000 (delta_time: 0.0160)
2025-05-19 16:57:02 - jugador - [DEBUG] - [JUGADOR_0] Pos flotante (pre-límites): (761.1200, 357.0000)
2025-05-19 16:57:02 - jugador - [DEBUG] - [JUGADOR_0] Pos flotante (post-límites): (761.1200, 357.0000)
2025-05-19 16:57:02 - jugador - [DEBUG] - [JUGADOR_0] Movimiento para CH: dx_int=-3, dy_int=0. HB (antes CH): (764, 357), PosFlotante: (761.1200,357.0000)
2025-05-19 16:57:02 - jugador - [DEBUG] - [JUGADOR_0] Iniciando gestión de colisión con dx=-3, dy=0. Hitbox actual: (764, 357)
2025-05-19 16:57:02 - jugador - [DEBUG] - [JUGADOR_0] Posición POST CH: HB: (766, 357), PosFlotante: (766.00, 357.00)
2025-05-19 16:57:02 - jugador - [DEBUG] - [JUGADOR_0] Hitbox ataque: <rect(751, 334, 54, 69)>, Dir: (-1.00, 0.00)
2025-05-19 16:57:02 - jugador - [DEBUG] - [JUGADOR_0] Pos flotante (pre-límites): (763.1200, 357.0000)
2025-05-19 16:57:02 - jugador - [DEBUG] - [JUGADOR_0] Pos flotante (post-límites): (763.1200, 357.0000)
2025-05-19 16:57:02 - jugador - [DEBUG] - [JUGADOR_0] Movimiento para CH: dx_int=-3, dy_int=0. HB (antes CH): (766, 357), PosFlotante: (763.1200,357.0000)
2025-05-19 16:57:02 - jugador - [DEBUG] - [JUGADOR_0] Iniciando gestión de colisión con dx=-3, dy=0. Hitbox actual: (766, 357)
2025-05-19 16:57:02 - jugador - [DEBUG] - [JUGADOR_0] Posición POST CH: HB: (768, 357), PosFlotante: (768.00, 357.00)
2025-05-19 16:57:02 - jugador - [DEBUG] - [JUGADOR_0] ATAQUE FINALIZADO (Duración: 260ms). Enemigos golpeados: 2
2025-05-19 16:57:02 - jugador - [DEBUG] - [JUGADOR_0] Delta flotante intentado: dx=-3.0600, dy=0.0000 (delta_time: 0.0170)
2025-05-19 16:57:02 - jugador - [DEBUG] - [JUGADOR_0] Pos flotante (pre-límites): (764.9400, 357.0000)
2025-05-19 16:57:02 - jugador - [DEBUG] - [JUGADOR_0] Pos flotante (post-límites): (764.9400, 357.0000)
2025-05-19 16:57:02 - jugador - [DEBUG] - [JUGADOR_0] Movimiento para CH: dx_int=-4, dy_int=0. HB (antes CH): (768, 357), PosFlotante: (764.9400,357.0000)
2025-05-19 16:57:02 - jugador - [DEBUG] - [JUGADOR_0] Iniciando gestión de colisión con dx=-4, dy=0. Hitbox actual: (768, 357)
2025-05-19 16:57:02 - jugador - [DEBUG] - [JUGADOR_0] Posición POST CH: HB: (770, 357), PosFlotante: (770.00, 357.00)
2025-05-19 16:57:02 - jugador - [DEBUG] - [JUGADOR_0] Pos flotante (pre-límites): (766.9400, 357.0000)
2025-05-19 16:57:02 - jugador - [DEBUG] - [JUGADOR_0] Pos flotante (post-límites): (766.9400, 357.0000)
2025-05-19 16:57:02 - jugador - [DEBUG] - [JUGADOR_0] Movimiento para CH: dx_int=-4, dy_int=0. HB (antes CH): (770, 357), PosFlotante: (766.9400,357.0000)
2025-05-19 16:57:02 - jugador - [DEBUG] - [JUGADOR_0] Iniciando gestión de colisión con dx=-4, dy=0. Hitbox actual: (770, 357)
2025-05-19 16:57:02 - jugador - [DEBUG] - [JUGADOR_0] Posición POST CH: HB: (772, 357), PosFlotante: (772.00, 357.00)
2025-05-19 16:57:02 - jugador - [DEBUG] - [JUGADOR_0] Input teclado procesado: mov_x_input_raw=-180, mov_y_input_raw=0
2025-05-19 16:57:02 - jugador - [DEBUG] - [JUGADOR_0] Pos flotante (pre-límites): (768.9400, 357.0000)
2025-05-19 16:57:02 - jugador - [DEBUG] - [JUGADOR_0] Pos flotante (post-límites): (768.9400, 357.0000)
2025-05-19 16:57:02 - jugador - [DEBUG] - [JUGADOR_0] Movimiento para CH: dx_int=-4, dy_int=0. HB (antes CH): (772, 357), PosFlotante: (768.9400,357.0000)
2025-05-19 16:57:02 - jugador - [DEBUG] - [JUGADOR_0] Iniciando gestión de colisión con dx=-4, dy=0. Hitbox actual: (772, 357)
2025-05-19 16:57:02 - jugador - [DEBUG] - [JUGADOR_0] Posición POST CH: HB: (774, 357), PosFlotante: (774.00, 357.00)
2025-05-19 16:57:02 - jugador - [DEBUG] - [JUGADOR_0] Delta flotante intentado: dx=-2.8800, dy=0.0000 (delta_time: 0.0160)
2025-05-19 16:57:02 - jugador - [DEBUG] - [JUGADOR_0] Pos flotante (pre-límites): (771.1200, 357.0000)
2025-05-19 16:57:02 - jugador - [DEBUG] - [JUGADOR_0] Pos flotante (post-límites): (771.1200, 357.0000)
2025-05-19 16:57:02 - jugador - [DEBUG] - [JUGADOR_0] Movimiento para CH: dx_int=-3, dy_int=0. HB (antes CH): (774, 357), PosFlotante: (771.1200,357.0000)
2025-05-19 16:57:02 - jugador - [DEBUG] - [JUGADOR_0] Iniciando gestión de colisión con dx=-3, dy=0. Hitbox actual: (774, 357)
2025-05-19 16:57:02 - jugador - [DEBUG] - [JUGADOR_0] Posición POST CH: HB: (776, 357), PosFlotante: (776.00, 357.00)
2025-05-19 16:57:02 - jugador - [DEBUG] - [JUGADOR_0] Delta flotante intentado: dx=-3.0600, dy=0.0000 (delta_time: 0.0170)
2025-05-19 16:57:02 - jugador - [DEBUG] - [JUGADOR_0] Pos flotante (pre-límites): (772.9400, 357.0000)
2025-05-19 16:57:02 - jugador - [DEBUG] - [JUGADOR_0] Pos flotante (post-límites): (772.9400, 357.0000)
2025-05-19 16:57:02 - jugador - [DEBUG] - [JUGADOR_0] Movimiento para CH: dx_int=-4, dy_int=0. HB (antes CH): (776, 357), PosFlotante: (772.9400,357.0000)
2025-05-19 16:57:02 - jugador - [DEBUG] - [JUGADOR_0] Iniciando gestión de colisión con dx=-4, dy=0. Hitbox actual: (776, 357)
2025-05-19 16:57:02 - jugador - [DEBUG] - [JUGADOR_0] Posición POST CH: HB: (778, 357), PosFlotante: (778.00, 357.00)
2025-05-19 16:57:02 - jugador - [DEBUG] - [JUGADOR_0] Pos flotante (pre-límites): (775.1200, 357.0000)
2025-05-19 16:57:02 - jugador - [DEBUG] - [JUGADOR_0] Pos flotante (post-límites): (775.1200, 357.0000)
2025-05-19 16:57:02 - jugador - [DEBUG] - [JUGADOR_0] Movimiento para CH: dx_int=-3, dy_int=0. HB (antes CH): (778, 357), PosFlotante: (775.1200,357.0000)
2025-05-19 16:57:02 - jugador - [DEBUG] - [JUGADOR_0] Iniciando gestión de colisión con dx=-3, dy=0. Hitbox actual: (778, 357)
2025-05-19 16:57:02 - jugador - [DEBUG] - [JUGADOR_0] Posición POST CH: HB: (780, 357), PosFlotante: (780.00, 357.00)
2025-05-19 16:57:02 - jugador - [DEBUG] - [JUGADOR_0] Input teclado procesado: mov_x_input_raw=-180, mov_y_input_raw=0
2025-05-19 16:57:02 - jugador - [DEBUG] - [JUGADOR_0] Pos flotante (pre-límites): (777.1200, 357.0000)
2025-05-19 16:57:02 - jugador - [DEBUG] - [JUGADOR_0] Pos flotante (post-límites): (777.1200, 357.0000)
2025-05-19 16:57:02 - jugador - [DEBUG] - [JUGADOR_0] Movimiento para CH: dx_int=-3, dy_int=0. HB (antes CH): (780, 357), PosFlotante: (777.1200,357.0000)
2025-05-19 16:57:02 - jugador - [DEBUG] - [JUGADOR_0] Iniciando gestión de colisión con dx=-3, dy=0. Hitbox actual: (780, 357)
2025-05-19 16:57:02 - jugador - [DEBUG] - [JUGADOR_0] Posición POST CH: HB: (782, 357), PosFlotante: (782.00, 357.00)
2025-05-19 16:57:02 - jugador - [DEBUG] - [JUGADOR_0] Delta flotante intentado: dx=-2.8800, dy=0.0000 (delta_time: 0.0160)
2025-05-19 16:57:02 - jugador - [DEBUG] - [JUGADOR_0] Pos flotante (pre-límites): (779.1200, 357.0000)
2025-05-19 16:57:02 - jugador - [DEBUG] - [JUGADOR_0] Pos flotante (post-límites): (779.1200, 357.0000)
2025-05-19 16:57:02 - jugador - [DEBUG] - [JUGADOR_0] Movimiento para CH: dx_int=-3, dy_int=0. HB (antes CH): (782, 357), PosFlotante: (779.1200,357.0000)
2025-05-19 16:57:02 - jugador - [DEBUG] - [JUGADOR_0] Iniciando gestión de colisión con dx=-3, dy=0. Hitbox actual: (782, 357)
2025-05-19 16:57:02 - jugador - [DEBUG] - [JUGADOR_0] Posición POST CH: HB: (784, 357), PosFlotante: (784.00, 357.00)
2025-05-19 16:57:02 - jugador - [DEBUG] - [JUGADOR_0] Delta flotante intentado: dx=-3.2400, dy=0.0000 (delta_time: 0.0180)
2025-05-19 16:57:02 - jugador - [DEBUG] - [JUGADOR_0] Pos flotante (pre-límites): (780.7600, 357.0000)
2025-05-19 16:57:02 - jugador - [DEBUG] - [JUGADOR_0] Pos flotante (post-límites): (780.7600, 357.0000)
2025-05-19 16:57:02 - jugador - [DEBUG] - [JUGADOR_0] Movimiento para CH: dx_int=-4, dy_int=0. HB (antes CH): (784, 357), PosFlotante: (780.7600,357.0000)
2025-05-19 16:57:02 - jugador - [DEBUG] - [JUGADOR_0] Iniciando gestión de colisión con dx=-4, dy=0. Hitbox actual: (784, 357)
2025-05-19 16:57:02 - jugador - [DEBUG] - [JUGADOR_0] Posición POST CH: HB: (786, 357), PosFlotante: (786.00, 357.00)
2025-05-19 16:57:02 - jugador - [DEBUG] - [JUGADOR_0] Input teclado procesado: mov_x_input_raw=-180, mov_y_input_raw=0
2025-05-19 16:57:02 - jugador - [DEBUG] - [JUGADOR_0] Delta flotante intentado: dx=-3.0600, dy=0.0000 (delta_time: 0.0170)
2025-05-19 16:57:02 - jugador - [DEBUG] - [JUGADOR_0] Pos flotante (pre-límites): (782.9400, 357.0000)
2025-05-19 16:57:02 - jugador - [DEBUG] - [JUGADOR_0] Pos flotante (post-límites): (782.9400, 357.0000)
2025-05-19 16:57:02 - jugador - [DEBUG] - [JUGADOR_0] Movimiento para CH: dx_int=-4, dy_int=0. HB (antes CH): (786, 357), PosFlotante: (782.9400,357.0000)
2025-05-19 16:57:02 - jugador - [DEBUG] - [JUGADOR_0] Iniciando gestión de colisión con dx=-4, dy=0. Hitbox actual: (786, 357)
2025-05-19 16:57:02 - jugador - [DEBUG] - [JUGADOR_0] Posición POST CH: HB: (788, 357), PosFlotante: (788.00, 357.00)
2025-05-19 16:57:02 - jugador - [DEBUG] - [JUGADOR_0] Pos flotante (pre-límites): (784.9400, 357.0000)
2025-05-19 16:57:02 - jugador - [DEBUG] - [JUGADOR_0] Pos flotante (post-límites): (784.9400, 357.0000)
2025-05-19 16:57:02 - jugador - [DEBUG] - [JUGADOR_0] Movimiento para CH: dx_int=-4, dy_int=0. HB (antes CH): (788, 357), PosFlotante: (784.9400,357.0000)
2025-05-19 16:57:02 - jugador - [DEBUG] - [JUGADOR_0] Iniciando gestión de colisión con dx=-4, dy=0. Hitbox actual: (788, 357)
2025-05-19 16:57:02 - jugador - [DEBUG] - [JUGADOR_0] Posición POST CH: HB: (790, 357), PosFlotante: (790.00, 357.00)
2025-05-19 16:57:02 - jugador - [DEBUG] - [JUGADOR_0] Intento de ataque en cooldown (700.0ms). Tiempo desde último: 460ms
2025-05-19 16:57:02 - jugador - [DEBUG] - [JUGADOR_0] Delta flotante intentado: dx=-2.8800, dy=0.0000 (delta_time: 0.0160)
2025-05-19 16:57:02 - jugador - [DEBUG] - [JUGADOR_0] Pos flotante (pre-límites): (787.1200, 357.0000)
2025-05-19 16:57:02 - jugador - [DEBUG] - [JUGADOR_0] Pos flotante (post-límites): (787.1200, 357.0000)
2025-05-19 16:57:02 - jugador - [DEBUG] - [JUGADOR_0] Movimiento para CH: dx_int=-3, dy_int=0. HB (antes CH): (790, 357), PosFlotante: (787.1200,357.0000)
2025-05-19 16:57:02 - jugador - [DEBUG] - [JUGADOR_0] Iniciando gestión de colisión con dx=-3, dy=0. Hitbox actual: (790, 357)
2025-05-19 16:57:02 - jugador - [DEBUG] - [JUGADOR_0] Posición POST CH: HB: (792, 357), PosFlotante: (792.00, 357.00)
2025-05-19 16:57:02 - jugador - [DEBUG] - [JUGADOR_0] Pos flotante (pre-límites): (789.1200, 357.0000)
2025-05-19 16:57:02 - jugador - [DEBUG] - [JUGADOR_0] Pos flotante (post-límites): (789.1200, 357.0000)
2025-05-19 16:57:02 - jugador - [DEBUG] - [JUGADOR_0] Movimiento para CH: dx_int=-3, dy_int=0. HB (antes CH): (792, 357), PosFlotante: (789.1200,357.0000)
2025-05-19 16:57:02 - jugador - [DEBUG] - [JUGADOR_0] Iniciando gestión de colisión con dx=-3, dy=0. Hitbox actual: (792, 357)
2025-05-19 16:57:02 - jugador - [DEBUG] - [JUGADOR_0] Posición POST CH: HB: (794, 357), PosFlotante: (794.00, 357.00)
2025-05-19 16:57:02 - jugador - [DEBUG] - [JUGADOR_0] Input teclado procesado: mov_x_input_raw=-180, mov_y_input_raw=0
2025-05-19 16:57:02 - jugador - [DEBUG] - [JUGADOR_0] Delta flotante intentado: dx=-3.0600, dy=0.0000 (delta_time: 0.0170)
2025-05-19 16:57:02 - jugador - [DEBUG] - [JUGADOR_0] Pos flotante (pre-límites): (790.9400, 357.0000)
2025-05-19 16:57:02 - jugador - [DEBUG] - [JUGADOR_0] Pos flotante (post-límites): (790.9400, 357.0000)
2025-05-19 16:57:02 - jugador - [DEBUG] - [JUGADOR_0] Movimiento para CH: dx_int=-4, dy_int=0. HB (antes CH): (794, 357), PosFlotante: (790.9400,357.0000)
2025-05-19 16:57:02 - jugador - [DEBUG] - [JUGADOR_0] Iniciando gestión de colisión con dx=-4, dy=0. Hitbox actual: (794, 357)
2025-05-19 16:57:02 - jugador - [DEBUG] - [JUGADOR_0] Posición POST CH: HB: (796, 357), PosFlotante: (796.00, 357.00)
2025-05-19 16:57:02 - jugador - [DEBUG] - [JUGADOR_0] Pos flotante (pre-límites): (792.9400, 357.0000)
2025-05-19 16:57:02 - jugador - [DEBUG] - [JUGADOR_0] Pos flotante (post-límites): (792.9400, 357.0000)
2025-05-19 16:57:02 - jugador - [DEBUG] - [JUGADOR_0] Movimiento para CH: dx_int=-4, dy_int=0. HB (antes CH): (796, 357), PosFlotante: (792.9400,357.0000)
2025-05-19 16:57:02 - jugador - [DEBUG] - [JUGADOR_0] Iniciando gestión de colisión con dx=-4, dy=0. Hitbox actual: (796, 357)
2025-05-19 16:57:02 - jugador - [DEBUG] - [JUGADOR_0] Posición POST CH: HB: (798, 357), PosFlotante: (798.00, 357.00)
2025-05-19 16:57:02 - jugador - [DEBUG] - [JUGADOR_0] Input teclado procesado: mov_x_input_raw=-180, mov_y_input_raw=-180
2025-05-19 16:57:02 - jugador - [DEBUG] - [JUGADOR_0] Delta flotante intentado: dx=-3.0600, dy=-3.0600 (delta_time: 0.0170)
2025-05-19 16:57:02 - jugador - [DEBUG] - [JUGADOR_0] Pos flotante (pre-límites): (794.9400, 353.9400)
2025-05-19 16:57:02 - jugador - [DEBUG] - [JUGADOR_0] Pos flotante (post-límites): (794.9400, 353.9400)
2025-05-19 16:57:02 - jugador - [DEBUG] - [JUGADOR_0] Movimiento para CH: dx_int=-4, dy_int=-4. HB (antes CH): (798, 357), PosFlotante: (794.9400,353.9400)
2025-05-19 16:57:02 - jugador - [DEBUG] - [JUGADOR_0] Iniciando gestión de colisión con dx=-4, dy=-4. Hitbox actual: (798, 357)
2025-05-19 16:57:02 - jugador - [DEBUG] - [JUGADOR_0] Posición POST CH: HB: (800, 353), PosFlotante: (800.00, 353.00)
2025-05-19 16:57:02 - jugador - [DEBUG] - [JUGADOR_0] Delta flotante intentado: dx=-2.8800, dy=-2.8800 (delta_time: 0.0160)
2025-05-19 16:57:02 - jugador - [DEBUG] - [JUGADOR_0] Pos flotante (pre-límites): (797.1200, 350.1200)
2025-05-19 16:57:02 - jugador - [DEBUG] - [JUGADOR_0] Pos flotante (post-límites): (797.1200, 350.1200)
2025-05-19 16:57:02 - jugador - [DEBUG] - [JUGADOR_0] Movimiento para CH: dx_int=-3, dy_int=-3. HB (antes CH): (800, 353), PosFlotante: (797.1200,350.1200)
2025-05-19 16:57:02 - jugador - [DEBUG] - [JUGADOR_0] Iniciando gestión de colisión con dx=-3, dy=-3. Hitbox actual: (800, 353)
2025-05-19 16:57:02 - jugador - [DEBUG] - [JUGADOR_0] Posición POST CH: HB: (802, 350), PosFlotante: (802.00, 350.00)
2025-05-19 16:57:02 - jugador - [DEBUG] - [JUGADOR_0] Pos flotante (pre-límites): (798.9400, 346.9400)
2025-05-19 16:57:02 - jugador - [DEBUG] - [JUGADOR_0] Pos flotante (post-límites): (798.9400, 346.9400)
2025-05-19 16:57:02 - jugador - [DEBUG] - [JUGADOR_0] Movimiento para CH: dx_int=-4, dy_int=-4. HB (antes CH): (802, 350), PosFlotante: (798.9400,346.9400)
2025-05-19 16:57:02 - jugador - [DEBUG] - [JUGADOR_0] Iniciando gestión de colisión con dx=-4, dy=-4. Hitbox actual: (802, 350)
2025-05-19 16:57:02 - jugador - [DEBUG] - [JUGADOR_0] Posición POST CH: HB: (804, 346), PosFlotante: (804.00, 346.00)
2025-05-19 16:57:02 - jugador - [DEBUG] - [JUGADOR_0] Input teclado procesado: mov_x_input_raw=-180, mov_y_input_raw=-180
2025-05-19 16:57:02 - jugador - [DEBUG] - [JUGADOR_0] Delta flotante intentado: dx=-3.0600, dy=-3.0600 (delta_time: 0.0170)
2025-05-19 16:57:02 - jugador - [DEBUG] - [JUGADOR_0] Pos flotante (pre-límites): (800.9400, 342.9400)
2025-05-19 16:57:02 - jugador - [DEBUG] - [JUGADOR_0] Pos flotante (post-límites): (800.9400, 342.9400)
2025-05-19 16:57:02 - jugador - [DEBUG] - [JUGADOR_0] Movimiento para CH: dx_int=-4, dy_int=-4. HB (antes CH): (804, 346), PosFlotante: (800.9400,342.9400)
2025-05-19 16:57:02 - jugador - [DEBUG] - [JUGADOR_0] Iniciando gestión de colisión con dx=-4, dy=-4. Hitbox actual: (804, 346)
2025-05-19 16:57:02 - jugador - [DEBUG] - [JUGADOR_0] Posición POST CH: HB: (806, 342), PosFlotante: (806.00, 342.00)
2025-05-19 16:57:02 - jugador - [DEBUG] - [JUGADOR_0] Input teclado procesado: mov_x_input_raw=0, mov_y_input_raw=-180
2025-05-19 16:57:02 - jugador - [DEBUG] - [JUGADOR_0] Delta flotante intentado: dx=0.0000, dy=-3.0600 (delta_time: 0.0170)
2025-05-19 16:57:02 - jugador - [DEBUG] - [JUGADOR_0] Pos flotante (pre-límites): (806.0000, 338.9400)
2025-05-19 16:57:02 - jugador - [DEBUG] - [JUGADOR_0] Pos flotante (post-límites): (806.0000, 338.9400)
2025-05-19 16:57:02 - jugador - [DEBUG] - [JUGADOR_0] Movimiento para CH: dx_int=0, dy_int=-4. HB (antes CH): (806, 342), PosFlotante: (806.0000,338.9400)
2025-05-19 16:57:02 - jugador - [DEBUG] - [JUGADOR_0] Iniciando gestión de colisión con dx=0, dy=-4. Hitbox actual: (806, 342)
2025-05-19 16:57:02 - jugador - [DEBUG] - [JUGADOR_0] Posición POST CH: HB: (808, 338), PosFlotante: (808.00, 338.00)
2025-05-19 16:57:02 - jugador - [DEBUG] - [JUGADOR_0] Pos flotante (pre-límites): (808.0000, 334.9400)
2025-05-19 16:57:02 - jugador - [DEBUG] - [JUGADOR_0] Pos flotante (post-límites): (808.0000, 334.9400)
2025-05-19 16:57:02 - jugador - [DEBUG] - [JUGADOR_0] Movimiento para CH: dx_int=0, dy_int=-4. HB (antes CH): (808, 338), PosFlotante: (808.0000,334.9400)
2025-05-19 16:57:02 - jugador - [DEBUG] - [JUGADOR_0] Iniciando gestión de colisión con dx=0, dy=-4. Hitbox actual: (808, 338)
2025-05-19 16:57:02 - jugador - [DEBUG] - [JUGADOR_0] Posición POST CH: HB: (809, 334), PosFlotante: (809.00, 334.00)
2025-05-19 16:57:02 - jugador - [DEBUG] - [JUGADOR_0] Delta flotante intentado: dx=0.0000, dy=-2.8800 (delta_time: 0.0160)
2025-05-19 16:57:02 - jugador - [DEBUG] - [JUGADOR_0] Pos flotante (pre-límites): (809.0000, 331.1200)
2025-05-19 16:57:02 - jugador - [DEBUG] - [JUGADOR_0] Pos flotante (post-límites): (809.0000, 331.1200)
2025-05-19 16:57:02 - jugador - [DEBUG] - [JUGADOR_0] Movimiento para CH: dx_int=0, dy_int=-3. HB (antes CH): (809, 334), PosFlotante: (809.0000,331.1200)
2025-05-19 16:57:02 - jugador - [DEBUG] - [JUGADOR_0] Iniciando gestión de colisión con dx=0, dy=-3. Hitbox actual: (809, 334)
2025-05-19 16:57:02 - jugador - [DEBUG] - [JUGADOR_0] Posición POST CH: HB: (809, 331), PosFlotante: (809.00, 331.00)
2025-05-19 16:57:02 - jugador - [DEBUG] - [JUGADOR_0] Pos flotante (pre-límites): (809.0000, 327.9400)
2025-05-19 16:57:02 - jugador - [DEBUG] - [JUGADOR_0] Pos flotante (post-límites): (809.0000, 327.9400)
2025-05-19 16:57:02 - jugador - [DEBUG] - [JUGADOR_0] Movimiento para CH: dx_int=0, dy_int=-4. HB (antes CH): (809, 331), PosFlotante: (809.0000,327.9400)
2025-05-19 16:57:02 - jugador - [DEBUG] - [JUGADOR_0] Iniciando gestión de colisión con dx=0, dy=-4. Hitbox actual: (809, 331)
2025-05-19 16:57:02 - jugador - [DEBUG] - [JUGADOR_0] Posición POST CH: HB: (809, 327), PosFlotante: (809.00, 327.00)
2025-05-19 16:57:02 - jugador - [DEBUG] - [JUGADOR_0] Input teclado procesado: mov_x_input_raw=0, mov_y_input_raw=-180
2025-05-19 16:57:02 - jugador - [DEBUG] - [JUGADOR_0] Pos flotante (pre-límites): (809.0000, 324.1200)
2025-05-19 16:57:02 - jugador - [DEBUG] - [JUGADOR_0] Pos flotante (post-límites): (809.0000, 324.1200)
2025-05-19 16:57:02 - jugador - [DEBUG] - [JUGADOR_0] Movimiento para CH: dx_int=0, dy_int=-3. HB (antes CH): (809, 327), PosFlotante: (809.0000,324.1200)
2025-05-19 16:57:02 - jugador - [DEBUG] - [JUGADOR_0] Iniciando gestión de colisión con dx=0, dy=-3. Hitbox actual: (809, 327)
2025-05-19 16:57:02 - jugador - [DEBUG] - [JUGADOR_0] Posición POST CH: HB: (809, 324), PosFlotante: (809.00, 324.00)
2025-05-19 16:57:02 - jugador - [DEBUG] - [JUGADOR_0] Pos flotante (pre-límites): (809.0000, 321.1200)
2025-05-19 16:57:02 - jugador - [DEBUG] - [JUGADOR_0] Pos flotante (post-límites): (809.0000, 321.1200)
2025-05-19 16:57:02 - jugador - [DEBUG] - [JUGADOR_0] Movimiento para CH: dx_int=0, dy_int=-3. HB (antes CH): (809, 324), PosFlotante: (809.0000,321.1200)
2025-05-19 16:57:02 - jugador - [DEBUG] - [JUGADOR_0] Iniciando gestión de colisión con dx=0, dy=-3. Hitbox actual: (809, 324)
2025-05-19 16:57:02 - jugador - [DEBUG] - [JUGADOR_0] Posición POST CH: HB: (809, 321), PosFlotante: (809.00, 321.00)
2025-05-19 16:57:02 - jugador - [DEBUG] - [JUGADOR_0] Delta flotante intentado: dx=0.0000, dy=-3.0600 (delta_time: 0.0170)
2025-05-19 16:57:02 - jugador - [DEBUG] - [JUGADOR_0] Pos flotante (pre-límites): (809.0000, 317.9400)
2025-05-19 16:57:02 - jugador - [DEBUG] - [JUGADOR_0] Pos flotante (post-límites): (809.0000, 317.9400)
2025-05-19 16:57:02 - jugador - [DEBUG] - [JUGADOR_0] Movimiento para CH: dx_int=0, dy_int=-4. HB (antes CH): (809, 321), PosFlotante: (809.0000,317.9400)
2025-05-19 16:57:02 - jugador - [DEBUG] - [JUGADOR_0] Iniciando gestión de colisión con dx=0, dy=-4. Hitbox actual: (809, 321)
2025-05-19 16:57:02 - jugador - [DEBUG] - [JUGADOR_0] Posición POST CH: HB: (809, 317), PosFlotante: (809.00, 317.00)
2025-05-19 16:57:02 - jugador - [DEBUG] - [JUGADOR_0] Input teclado procesado: mov_x_input_raw=0, mov_y_input_raw=-180
2025-05-19 16:57:02 - jugador - [DEBUG] - [JUGADOR_0] Pos flotante (pre-límites): (809.0000, 313.9400)
2025-05-19 16:57:02 - jugador - [DEBUG] - [JUGADOR_0] Pos flotante (post-límites): (809.0000, 313.9400)
2025-05-19 16:57:02 - jugador - [DEBUG] - [JUGADOR_0] Movimiento para CH: dx_int=0, dy_int=-4. HB (antes CH): (809, 317), PosFlotante: (809.0000,313.9400)
2025-05-19 16:57:02 - jugador - [DEBUG] - [JUGADOR_0] Iniciando gestión de colisión con dx=0, dy=-4. Hitbox actual: (809, 317)
2025-05-19 16:57:02 - jugador - [DEBUG] - [JUGADOR_0] Posición POST CH: HB: (809, 313), PosFlotante: (809.00, 313.00)
2025-05-19 16:57:02 - jugador - [DEBUG] - [JUGADOR_0] Pos flotante (pre-límites): (809.0000, 309.9400)
2025-05-19 16:57:02 - jugador - [DEBUG] - [JUGADOR_0] Pos flotante (post-límites): (809.0000, 309.9400)
2025-05-19 16:57:02 - jugador - [DEBUG] - [JUGADOR_0] Movimiento para CH: dx_int=0, dy_int=-4. HB (antes CH): (809, 313), PosFlotante: (809.0000,309.9400)
2025-05-19 16:57:02 - jugador - [DEBUG] - [JUGADOR_0] Iniciando gestión de colisión con dx=0, dy=-4. Hitbox actual: (809, 313)
2025-05-19 16:57:02 - jugador - [DEBUG] - [JUGADOR_0] Posición POST CH: HB: (809, 309), PosFlotante: (809.00, 309.00)
2025-05-19 16:57:02 - jugador - [DEBUG] - [JUGADOR_0] Input teclado procesado: mov_x_input_raw=-180, mov_y_input_raw=-180
2025-05-19 16:57:02 - jugador - [DEBUG] - [JUGADOR_0] Delta flotante intentado: dx=-3.0600, dy=-3.0600 (delta_time: 0.0170)
2025-05-19 16:57:02 - jugador - [DEBUG] - [JUGADOR_0] Pos flotante (pre-límites): (805.9400, 305.9400)
2025-05-19 16:57:02 - jugador - [DEBUG] - [JUGADOR_0] Pos flotante (post-límites): (805.9400, 305.9400)
2025-05-19 16:57:02 - jugador - [DEBUG] - [JUGADOR_0] Movimiento para CH: dx_int=-4, dy_int=-4. HB (antes CH): (809, 309), PosFlotante: (805.9400,305.9400)
2025-05-19 16:57:02 - jugador - [DEBUG] - [JUGADOR_0] Iniciando gestión de colisión con dx=-4, dy=-4. Hitbox actual: (809, 309)
2025-05-19 16:57:02 - jugador - [DEBUG] - [JUGADOR_0] Posición POST CH: HB: (809, 305), PosFlotante: (809.00, 305.00)
2025-05-19 16:57:02 - jugador - [DEBUG] - [JUGADOR_0] Delta flotante intentado: dx=-2.8800, dy=-2.8800 (delta_time: 0.0160)
2025-05-19 16:57:02 - jugador - [DEBUG] - [JUGADOR_0] Pos flotante (pre-límites): (806.1200, 302.1200)
2025-05-19 16:57:02 - jugador - [DEBUG] - [JUGADOR_0] Pos flotante (post-límites): (806.1200, 302.1200)
2025-05-19 16:57:02 - jugador - [DEBUG] - [JUGADOR_0] Movimiento para CH: dx_int=-3, dy_int=-3. HB (antes CH): (809, 305), PosFlotante: (806.1200,302.1200)
2025-05-19 16:57:02 - jugador - [DEBUG] - [JUGADOR_0] Iniciando gestión de colisión con dx=-3, dy=-3. Hitbox actual: (809, 305)
2025-05-19 16:57:02 - jugador - [DEBUG] - [JUGADOR_0] Posición POST CH: HB: (806, 302), PosFlotante: (806.00, 302.00)
2025-05-19 16:57:02 - jugador - [DEBUG] - [JUGADOR_0] Pos flotante (pre-límites): (803.1200, 299.1200)
2025-05-19 16:57:02 - jugador - [DEBUG] - [JUGADOR_0] Pos flotante (post-límites): (803.1200, 299.1200)
2025-05-19 16:57:02 - jugador - [DEBUG] - [JUGADOR_0] Movimiento para CH: dx_int=-3, dy_int=-3. HB (antes CH): (806, 302), PosFlotante: (803.1200,299.1200)
2025-05-19 16:57:02 - jugador - [DEBUG] - [JUGADOR_0] Iniciando gestión de colisión con dx=-3, dy=-3. Hitbox actual: (806, 302)
2025-05-19 16:57:02 - jugador - [DEBUG] - [JUGADOR_0] Posición POST CH: HB: (803, 299), PosFlotante: (803.00, 299.00)
2025-05-19 16:57:02 - jugador - [DEBUG] - [JUGADOR_0] Pos flotante (pre-límites): (799.9400, 295.9400)
2025-05-19 16:57:02 - jugador - [DEBUG] - [JUGADOR_0] Pos flotante (post-límites): (799.9400, 295.9400)
2025-05-19 16:57:02 - jugador - [DEBUG] - [JUGADOR_0] Movimiento para CH: dx_int=-4, dy_int=-4. HB (antes CH): (803, 299), PosFlotante: (799.9400,295.9400)
2025-05-19 16:57:02 - jugador - [DEBUG] - [JUGADOR_0] Iniciando gestión de colisión con dx=-4, dy=-4. Hitbox actual: (803, 299)
2025-05-19 16:57:02 - jugador - [DEBUG] - [JUGADOR_0] Posición POST CH: HB: (799, 295), PosFlotante: (799.00, 295.00)
2025-05-19 16:57:02 - jugador - [DEBUG] - [JUGADOR_0] Input teclado procesado: mov_x_input_raw=-180, mov_y_input_raw=-180
2025-05-19 16:57:02 - jugador - [DEBUG] - [JUGADOR_0] Delta flotante intentado: dx=-3.0600, dy=-3.0600 (delta_time: 0.0170)
2025-05-19 16:57:02 - jugador - [DEBUG] - [JUGADOR_0] Pos flotante (pre-límites): (795.9400, 291.9400)
2025-05-19 16:57:02 - jugador - [DEBUG] - [JUGADOR_0] Pos flotante (post-límites): (795.9400, 291.9400)
2025-05-19 16:57:02 - jugador - [DEBUG] - [JUGADOR_0] Movimiento para CH: dx_int=-4, dy_int=-4. HB (antes CH): (799, 295), PosFlotante: (795.9400,291.9400)
2025-05-19 16:57:02 - jugador - [DEBUG] - [JUGADOR_0] Iniciando gestión de colisión con dx=-4, dy=-4. Hitbox actual: (799, 295)
2025-05-19 16:57:02 - jugador - [DEBUG] - [JUGADOR_0] Posición POST CH: HB: (795, 291), PosFlotante: (795.00, 291.00)
2025-05-19 16:57:02 - jugador - [DEBUG] - [JUGADOR_0] Input teclado procesado: mov_x_input_raw=-180, mov_y_input_raw=0
2025-05-19 16:57:02 - jugador - [DEBUG] - [JUGADOR_0] Delta flotante intentado: dx=-3.0600, dy=0.0000 (delta_time: 0.0170)
2025-05-19 16:57:02 - jugador - [DEBUG] - [JUGADOR_0] Pos flotante (pre-límites): (791.9400, 291.0000)
2025-05-19 16:57:02 - jugador - [DEBUG] - [JUGADOR_0] Pos flotante (post-límites): (791.9400, 291.0000)
2025-05-19 16:57:02 - jugador - [DEBUG] - [JUGADOR_0] Movimiento para CH: dx_int=-4, dy_int=0. HB (antes CH): (795, 291), PosFlotante: (791.9400,291.0000)
2025-05-19 16:57:02 - jugador - [DEBUG] - [JUGADOR_0] Iniciando gestión de colisión con dx=-4, dy=0. Hitbox actual: (795, 291)
2025-05-19 16:57:02 - jugador - [DEBUG] - [JUGADOR_0] Posición POST CH: HB: (791, 291), PosFlotante: (791.00, 291.00)
2025-05-19 16:57:02 - jugador - [DEBUG] - [JUGADOR_0] Delta flotante intentado: dx=-2.8800, dy=0.0000 (delta_time: 0.0160)
2025-05-19 16:57:02 - jugador - [DEBUG] - [JUGADOR_0] Pos flotante (pre-límites): (788.1200, 291.0000)
2025-05-19 16:57:02 - jugador - [DEBUG] - [JUGADOR_0] Pos flotante (post-límites): (788.1200, 291.0000)
2025-05-19 16:57:02 - jugador - [DEBUG] - [JUGADOR_0] Movimiento para CH: dx_int=-3, dy_int=0. HB (antes CH): (791, 291), PosFlotante: (788.1200,291.0000)
2025-05-19 16:57:02 - jugador - [DEBUG] - [JUGADOR_0] Iniciando gestión de colisión con dx=-3, dy=0. Hitbox actual: (791, 291)
2025-05-19 16:57:02 - jugador - [DEBUG] - [JUGADOR_0] Posición POST CH: HB: (788, 291), PosFlotante: (788.00, 291.00)
2025-05-19 16:57:02 - jugador - [INFO] - [JUGADOR_0] ATAQUE INICIADO (Cooldown: 700.0ms). Perfil: 'espada_predeterminada'
2025-05-19 16:57:02 - jugador - [DEBUG] - [JUGADOR_0] Pos flotante (pre-límites): (784.9400, 291.0000)
2025-05-19 16:57:02 - jugador - [DEBUG] - [JUGADOR_0] Pos flotante (post-límites): (784.9400, 291.0000)
2025-05-19 16:57:02 - jugador - [DEBUG] - [JUGADOR_0] Movimiento para CH: dx_int=-4, dy_int=0. HB (antes CH): (788, 291), PosFlotante: (784.9400,291.0000)
2025-05-19 16:57:02 - jugador - [DEBUG] - [JUGADOR_0] Iniciando gestión de colisión con dx=-4, dy=0. Hitbox actual: (788, 291)
2025-05-19 16:57:02 - jugador - [DEBUG] - [JUGADOR_0] Posición POST CH: HB: (784, 291), PosFlotante: (784.00, 291.00)
2025-05-19 16:57:02 - jugador - [DEBUG] - [JUGADOR_0] Hitbox ataque: <rect(769, 268, 54, 69)>, Dir: (-1.00, 0.00)
2025-05-19 16:57:02 - jugador - [INFO] - [JUGADOR_0] GOLPEÓ a [Enemigo_1] con perfil 'espada_predeterminada'. Daño: 10.0
2025-05-19 16:57:02 - jugador - [DEBUG] - [JUGADOR_0] Pos flotante (pre-límites): (780.9400, 291.0000)
2025-05-19 16:57:02 - jugador - [DEBUG] - [JUGADOR_0] Pos flotante (post-límites): (780.9400, 291.0000)
2025-05-19 16:57:02 - jugador - [DEBUG] - [JUGADOR_0] Movimiento para CH: dx_int=-4, dy_int=0. HB (antes CH): (784, 291), PosFlotante: (780.9400,291.0000)
2025-05-19 16:57:02 - jugador - [DEBUG] - [JUGADOR_0] Iniciando gestión de colisión con dx=-4, dy=0. Hitbox actual: (784, 291)
2025-05-19 16:57:02 - jugador - [DEBUG] - [JUGADOR_0] Posición POST CH: HB: (780, 291), PosFlotante: (780.00, 291.00)
2025-05-19 16:57:02 - jugador - [DEBUG] - [JUGADOR_0] Hitbox ataque: <rect(765, 268, 54, 69)>, Dir: (-1.00, 0.00)
2025-05-19 16:57:02 - jugador - [INFO] - [JUGADOR_0] GOLPEÓ a [Enemigo_2] con perfil 'espada_predeterminada'. Daño: 10.0
2025-05-19 16:57:02 - jugador - [DEBUG] - [JUGADOR_0] Input teclado procesado: mov_x_input_raw=-180, mov_y_input_raw=0
2025-05-19 16:57:02 - jugador - [DEBUG] - [JUGADOR_0] Delta flotante intentado: dx=-3.0600, dy=0.0000 (delta_time: 0.0170)
2025-05-19 16:57:02 - jugador - [DEBUG] - [JUGADOR_0] Pos flotante (pre-límites): (776.9400, 291.0000)
2025-05-19 16:57:02 - jugador - [DEBUG] - [JUGADOR_0] Pos flotante (post-límites): (776.9400, 291.0000)
2025-05-19 16:57:02 - jugador - [DEBUG] - [JUGADOR_0] Movimiento para CH: dx_int=-4, dy_int=0. HB (antes CH): (780, 291), PosFlotante: (776.9400,291.0000)
2025-05-19 16:57:02 - jugador - [DEBUG] - [JUGADOR_0] Iniciando gestión de colisión con dx=-4, dy=0. Hitbox actual: (780, 291)
2025-05-19 16:57:02 - jugador - [DEBUG] - [JUGADOR_0] Posición POST CH: HB: (776, 291), PosFlotante: (776.00, 291.00)
2025-05-19 16:57:02 - jugador - [DEBUG] - [JUGADOR_0] Hitbox ataque: <rect(761, 268, 54, 69)>, Dir: (-1.00, 0.00)
2025-05-19 16:57:02 - jugador - [DEBUG] - [JUGADOR_0] Delta flotante intentado: dx=-2.8800, dy=0.0000 (delta_time: 0.0160)
2025-05-19 16:57:02 - jugador - [DEBUG] - [JUGADOR_0] Pos flotante (pre-límites): (773.1200, 291.0000)
2025-05-19 16:57:02 - jugador - [DEBUG] - [JUGADOR_0] Pos flotante (post-límites): (773.1200, 291.0000)
2025-05-19 16:57:02 - jugador - [DEBUG] - [JUGADOR_0] Movimiento para CH: dx_int=-3, dy_int=0. HB (antes CH): (776, 291), PosFlotante: (773.1200,291.0000)
2025-05-19 16:57:02 - jugador - [DEBUG] - [JUGADOR_0] Iniciando gestión de colisión con dx=-3, dy=0. Hitbox actual: (776, 291)
2025-05-19 16:57:02 - jugador - [DEBUG] - [JUGADOR_0] Posición POST CH: HB: (758, 291), PosFlotante: (758.00, 291.00)
2025-05-19 16:57:02 - jugador - [DEBUG] - [JUGADOR_0] Hitbox ataque: <rect(743, 268, 54, 69)>, Dir: (-1.00, 0.00)
2025-05-19 16:57:02 - jugador - [DEBUG] - [JUGADOR_0] Input teclado procesado: mov_x_input_raw=-180, mov_y_input_raw=180
2025-05-19 16:57:02 - jugador - [DEBUG] - [JUGADOR_0] Delta flotante intentado: dx=-3.0600, dy=3.0600 (delta_time: 0.0170)
2025-05-19 16:57:02 - jugador - [DEBUG] - [JUGADOR_0] Pos flotante (pre-límites): (754.9400, 294.0600)
2025-05-19 16:57:02 - jugador - [DEBUG] - [JUGADOR_0] Pos flotante (post-límites): (754.9400, 294.0600)
2025-05-19 16:57:02 - jugador - [DEBUG] - [JUGADOR_0] Movimiento para CH: dx_int=-4, dy_int=4. HB (antes CH): (758, 291), PosFlotante: (754.9400,294.0600)
2025-05-19 16:57:02 - jugador - [DEBUG] - [JUGADOR_0] Iniciando gestión de colisión con dx=-4, dy=4. Hitbox actual: (758, 291)
2025-05-19 16:57:02 - jugador - [DEBUG] - [JUGADOR_0] Posición POST CH: HB: (754, 295), PosFlotante: (754.00, 295.00)
2025-05-19 16:57:02 - jugador - [DEBUG] - [JUGADOR_0] Hitbox ataque: <rect(739, 272, 54, 69)>, Dir: (-1.00, 0.00)
2025-05-19 16:57:02 - jugador - [DEBUG] - [JUGADOR_0] Input teclado procesado: mov_x_input_raw=0, mov_y_input_raw=180
2025-05-19 16:57:02 - jugador - [DEBUG] - [JUGADOR_0] Delta flotante intentado: dx=0.0000, dy=3.0600 (delta_time: 0.0170)
2025-05-19 16:57:02 - jugador - [DEBUG] - [JUGADOR_0] Pos flotante (pre-límites): (754.0000, 298.0600)
2025-05-19 16:57:02 - jugador - [DEBUG] - [JUGADOR_0] Pos flotante (post-límites): (754.0000, 298.0600)
2025-05-19 16:57:02 - jugador - [DEBUG] - [JUGADOR_0] Movimiento para CH: dx_int=0, dy_int=4. HB (antes CH): (754, 295), PosFlotante: (754.0000,298.0600)
2025-05-19 16:57:02 - jugador - [DEBUG] - [JUGADOR_0] Iniciando gestión de colisión con dx=0, dy=4. Hitbox actual: (754, 295)
2025-05-19 16:57:02 - jugador - [DEBUG] - [JUGADOR_0] Posición POST CH: HB: (754, 299), PosFlotante: (754.00, 299.00)
2025-05-19 16:57:02 - jugador - [DEBUG] - [JUGADOR_0] Hitbox ataque: <rect(732, 283, 69, 54)>, Dir: (0.00, 1.00)
2025-05-19 16:57:02 - jugador - [DEBUG] - [JUGADOR_0] Delta flotante intentado: dx=0.0000, dy=2.8800 (delta_time: 0.0160)
2025-05-19 16:57:02 - jugador - [DEBUG] - [JUGADOR_0] Pos flotante (pre-límites): (754.0000, 301.8800)
2025-05-19 16:57:02 - jugador - [DEBUG] - [JUGADOR_0] Pos flotante (post-límites): (754.0000, 301.8800)
2025-05-19 16:57:02 - jugador - [DEBUG] - [JUGADOR_0] Movimiento para CH: dx_int=0, dy_int=3. HB (antes CH): (754, 299), PosFlotante: (754.0000,301.8800)
2025-05-19 16:57:02 - jugador - [DEBUG] - [JUGADOR_0] Iniciando gestión de colisión con dx=0, dy=3. Hitbox actual: (754, 299)
2025-05-19 16:57:02 - jugador - [DEBUG] - [JUGADOR_0] Posición POST CH: HB: (754, 302), PosFlotante: (754.00, 302.00)
2025-05-19 16:57:02 - jugador - [DEBUG] - [JUGADOR_0] Hitbox ataque: <rect(732, 286, 69, 54)>, Dir: (0.00, 1.00)
2025-05-19 16:57:02 - jugador - [DEBUG] - [JUGADOR_0] Pos flotante (pre-límites): (754.0000, 304.8800)
2025-05-19 16:57:02 - jugador - [DEBUG] - [JUGADOR_0] Pos flotante (post-límites): (754.0000, 304.8800)
2025-05-19 16:57:02 - jugador - [DEBUG] - [JUGADOR_0] Movimiento para CH: dx_int=0, dy_int=3. HB (antes CH): (754, 302), PosFlotante: (754.0000,304.8800)
2025-05-19 16:57:02 - jugador - [DEBUG] - [JUGADOR_0] Iniciando gestión de colisión con dx=0, dy=3. Hitbox actual: (754, 302)
2025-05-19 16:57:02 - jugador - [DEBUG] - [JUGADOR_0] Posición POST CH: HB: (754, 305), PosFlotante: (754.00, 305.00)
2025-05-19 16:57:02 - jugador - [DEBUG] - [JUGADOR_0] Hitbox ataque: <rect(732, 289, 69, 54)>, Dir: (0.00, 1.00)
2025-05-19 16:57:02 - jugador - [DEBUG] - [JUGADOR_0] Pos flotante (pre-límites): (754.0000, 308.0600)
2025-05-19 16:57:02 - jugador - [DEBUG] - [JUGADOR_0] Pos flotante (post-límites): (754.0000, 308.0600)
2025-05-19 16:57:02 - jugador - [DEBUG] - [JUGADOR_0] Movimiento para CH: dx_int=0, dy_int=4. HB (antes CH): (754, 305), PosFlotante: (754.0000,308.0600)
2025-05-19 16:57:02 - jugador - [DEBUG] - [JUGADOR_0] Iniciando gestión de colisión con dx=0, dy=4. Hitbox actual: (754, 305)
2025-05-19 16:57:02 - jugador - [DEBUG] - [JUGADOR_0] Posición POST CH: HB: (752, 309), PosFlotante: (752.00, 309.00)
2025-05-19 16:57:02 - jugador - [DEBUG] - [JUGADOR_0] Hitbox ataque: <rect(730, 293, 69, 54)>, Dir: (0.00, 1.00)
2025-05-19 16:57:02 - jugador - [DEBUG] - [JUGADOR_0] Input teclado procesado: mov_x_input_raw=0, mov_y_input_raw=180
2025-05-19 16:57:02 - jugador - [DEBUG] - [JUGADOR_0] Delta flotante intentado: dx=0.0000, dy=3.0600 (delta_time: 0.0170)
2025-05-19 16:57:02 - jugador - [DEBUG] - [JUGADOR_0] Pos flotante (pre-límites): (752.0000, 312.0600)
2025-05-19 16:57:02 - jugador - [DEBUG] - [JUGADOR_0] Pos flotante (post-límites): (752.0000, 312.0600)
2025-05-19 16:57:02 - jugador - [DEBUG] - [JUGADOR_0] Movimiento para CH: dx_int=0, dy_int=4. HB (antes CH): (752, 309), PosFlotante: (752.0000,312.0600)
2025-05-19 16:57:02 - jugador - [DEBUG] - [JUGADOR_0] Iniciando gestión de colisión con dx=0, dy=4. Hitbox actual: (752, 309)
2025-05-19 16:57:02 - jugador - [DEBUG] - [JUGADOR_0] Posición POST CH: HB: (750, 313), PosFlotante: (750.00, 313.00)
2025-05-19 16:57:02 - jugador - [DEBUG] - [JUGADOR_0] Hitbox ataque: <rect(728, 297, 69, 54)>, Dir: (0.00, 1.00)
2025-05-19 16:57:02 - jugador - [DEBUG] - [JUGADOR_0] Pos flotante (pre-límites): (750.0000, 316.0600)
2025-05-19 16:57:02 - jugador - [DEBUG] - [JUGADOR_0] Pos flotante (post-límites): (750.0000, 316.0600)
2025-05-19 16:57:02 - jugador - [DEBUG] - [JUGADOR_0] Movimiento para CH: dx_int=0, dy_int=4. HB (antes CH): (750, 313), PosFlotante: (750.0000,316.0600)
2025-05-19 16:57:02 - jugador - [DEBUG] - [JUGADOR_0] Iniciando gestión de colisión con dx=0, dy=4. Hitbox actual: (750, 313)
2025-05-19 16:57:02 - jugador - [DEBUG] - [JUGADOR_0] Posición POST CH: HB: (748, 317), PosFlotante: (748.00, 317.00)
2025-05-19 16:57:02 - jugador - [DEBUG] - [JUGADOR_0] Hitbox ataque: <rect(726, 301, 69, 54)>, Dir: (0.00, 1.00)
2025-05-19 16:57:02 - jugador - [DEBUG] - [JUGADOR_0] Input teclado procesado: mov_x_input_raw=180, mov_y_input_raw=180
2025-05-19 16:57:02 - jugador - [DEBUG] - [JUGADOR_0] Delta flotante intentado: dx=2.8800, dy=2.8800 (delta_time: 0.0160)
2025-05-19 16:57:02 - jugador - [DEBUG] - [JUGADOR_0] Pos flotante (pre-límites): (750.8800, 319.8800)
2025-05-19 16:57:02 - jugador - [DEBUG] - [JUGADOR_0] Pos flotante (post-límites): (750.8800, 319.8800)
2025-05-19 16:57:02 - jugador - [DEBUG] - [JUGADOR_0] Movimiento para CH: dx_int=3, dy_int=3. HB (antes CH): (748, 317), PosFlotante: (750.8800,319.8800)
2025-05-19 16:57:02 - jugador - [DEBUG] - [JUGADOR_0] Iniciando gestión de colisión con dx=3, dy=3. Hitbox actual: (748, 317)
2025-05-19 16:57:02 - jugador - [DEBUG] - [JUGADOR_0] Posición POST CH: HB: (746, 320), PosFlotante: (746.00, 320.00)
2025-05-19 16:57:02 - jugador - [DEBUG] - [JUGADOR_0] Hitbox ataque: <rect(731, 297, 54, 69)>, Dir: (1.00, 0.00)
2025-05-19 16:57:02 - jugador - [DEBUG] - [JUGADOR_0] Delta flotante intentado: dx=3.0600, dy=3.0600 (delta_time: 0.0170)
2025-05-19 16:57:02 - jugador - [DEBUG] - [JUGADOR_0] Pos flotante (pre-límites): (749.0600, 323.0600)
2025-05-19 16:57:02 - jugador - [DEBUG] - [JUGADOR_0] Pos flotante (post-límites): (749.0600, 323.0600)
2025-05-19 16:57:02 - jugador - [DEBUG] - [JUGADOR_0] Movimiento para CH: dx_int=4, dy_int=4. HB (antes CH): (746, 320), PosFlotante: (749.0600,323.0600)
2025-05-19 16:57:02 - jugador - [DEBUG] - [JUGADOR_0] Iniciando gestión de colisión con dx=4, dy=4. Hitbox actual: (746, 320)
2025-05-19 16:57:02 - jugador - [DEBUG] - [JUGADOR_0] Posición POST CH: HB: (744, 324), PosFlotante: (744.00, 324.00)
2025-05-19 16:57:02 - jugador - [DEBUG] - [JUGADOR_0] Hitbox ataque: <rect(729, 301, 54, 69)>, Dir: (1.00, 0.00)
2025-05-19 16:57:02 - jugador - [DEBUG] - [JUGADOR_0] Pos flotante (pre-límites): (746.8800, 326.8800)
2025-05-19 16:57:02 - jugador - [DEBUG] - [JUGADOR_0] Pos flotante (post-límites): (746.8800, 326.8800)
2025-05-19 16:57:02 - jugador - [DEBUG] - [JUGADOR_0] Movimiento para CH: dx_int=3, dy_int=3. HB (antes CH): (744, 324), PosFlotante: (746.8800,326.8800)
2025-05-19 16:57:02 - jugador - [DEBUG] - [JUGADOR_0] Iniciando gestión de colisión con dx=3, dy=3. Hitbox actual: (744, 324)
2025-05-19 16:57:02 - jugador - [DEBUG] - [JUGADOR_0] Posición POST CH: HB: (743, 327), PosFlotante: (743.00, 327.00)
2025-05-19 16:57:02 - jugador - [DEBUG] - [JUGADOR_0] Hitbox ataque: <rect(728, 304, 54, 69)>, Dir: (1.00, 0.00)
2025-05-19 16:57:02 - jugador - [DEBUG] - [JUGADOR_0] Pos flotante (pre-límites): (746.0600, 330.0600)
2025-05-19 16:57:02 - jugador - [DEBUG] - [JUGADOR_0] Pos flotante (post-límites): (746.0600, 330.0600)
2025-05-19 16:57:02 - jugador - [DEBUG] - [JUGADOR_0] Movimiento para CH: dx_int=4, dy_int=4. HB (antes CH): (743, 327), PosFlotante: (746.0600,330.0600)
2025-05-19 16:57:02 - jugador - [DEBUG] - [JUGADOR_0] Iniciando gestión de colisión con dx=4, dy=4. Hitbox actual: (743, 327)
2025-05-19 16:57:02 - jugador - [DEBUG] - [JUGADOR_0] Posición POST CH: HB: (747, 331), PosFlotante: (747.00, 331.00)
2025-05-19 16:57:02 - jugador - [DEBUG] - [JUGADOR_0] Hitbox ataque: <rect(732, 308, 54, 69)>, Dir: (1.00, 0.00)
2025-05-19 16:57:02 - jugador - [DEBUG] - [JUGADOR_0] Input teclado procesado: mov_x_input_raw=180, mov_y_input_raw=180
2025-05-19 16:57:02 - jugador - [DEBUG] - [JUGADOR_0] Pos flotante (pre-límites): (750.0600, 334.0600)
2025-05-19 16:57:02 - jugador - [DEBUG] - [JUGADOR_0] Pos flotante (post-límites): (750.0600, 334.0600)
2025-05-19 16:57:02 - jugador - [DEBUG] - [JUGADOR_0] Movimiento para CH: dx_int=4, dy_int=4. HB (antes CH): (747, 331), PosFlotante: (750.0600,334.0600)
2025-05-19 16:57:02 - jugador - [DEBUG] - [JUGADOR_0] Iniciando gestión de colisión con dx=4, dy=4. Hitbox actual: (747, 331)
2025-05-19 16:57:02 - jugador - [DEBUG] - [JUGADOR_0] Posición POST CH: HB: (746, 335), PosFlotante: (746.00, 335.00)
2025-05-19 16:57:02 - jugador - [DEBUG] - [JUGADOR_0] Hitbox ataque: <rect(731, 312, 54, 69)>, Dir: (1.00, 0.00)
2025-05-19 16:57:02 - jugador - [DEBUG] - [JUGADOR_0] Delta flotante intentado: dx=3.0600, dy=3.0600 (delta_time: 0.0170)
2025-05-19 16:57:02 - jugador - [DEBUG] - [JUGADOR_0] Pos flotante (pre-límites): (749.0600, 338.0600)
2025-05-19 16:57:02 - jugador - [DEBUG] - [JUGADOR_0] Pos flotante (post-límites): (749.0600, 338.0600)
2025-05-19 16:57:02 - jugador - [DEBUG] - [JUGADOR_0] Movimiento para CH: dx_int=4, dy_int=4. HB (antes CH): (746, 335), PosFlotante: (749.0600,338.0600)
2025-05-19 16:57:02 - jugador - [DEBUG] - [JUGADOR_0] Iniciando gestión de colisión con dx=4, dy=4. Hitbox actual: (746, 335)
2025-05-19 16:57:02 - jugador - [DEBUG] - [JUGADOR_0] Posición POST CH: HB: (744, 339), PosFlotante: (744.00, 339.00)
2025-05-19 16:57:02 - jugador - [DEBUG] - [JUGADOR_0] ATAQUE FINALIZADO (Duración: 260ms). Enemigos golpeados: 2
2025-05-19 16:57:03 - jugador - [DEBUG] - [JUGADOR_0] Pos flotante (pre-límites): (747.0600, 342.0600)
2025-05-19 16:57:03 - jugador - [DEBUG] - [JUGADOR_0] Pos flotante (post-límites): (747.0600, 342.0600)
2025-05-19 16:57:03 - jugador - [DEBUG] - [JUGADOR_0] Movimiento para CH: dx_int=4, dy_int=4. HB (antes CH): (744, 339), PosFlotante: (747.0600,342.0600)
2025-05-19 16:57:03 - jugador - [DEBUG] - [JUGADOR_0] Iniciando gestión de colisión con dx=4, dy=4. Hitbox actual: (744, 339)
2025-05-19 16:57:03 - jugador - [DEBUG] - [JUGADOR_0] Posición POST CH: HB: (742, 343), PosFlotante: (742.00, 343.00)
2025-05-19 16:57:03 - jugador - [DEBUG] - [JUGADOR_0] Delta flotante intentado: dx=2.8800, dy=2.8800 (delta_time: 0.0160)
2025-05-19 16:57:03 - jugador - [DEBUG] - [JUGADOR_0] Pos flotante (pre-límites): (744.8800, 345.8800)
2025-05-19 16:57:03 - jugador - [DEBUG] - [JUGADOR_0] Pos flotante (post-límites): (744.8800, 345.8800)
2025-05-19 16:57:03 - jugador - [DEBUG] - [JUGADOR_0] Movimiento para CH: dx_int=3, dy_int=3. HB (antes CH): (742, 343), PosFlotante: (744.8800,345.8800)
2025-05-19 16:57:03 - jugador - [DEBUG] - [JUGADOR_0] Iniciando gestión de colisión con dx=3, dy=3. Hitbox actual: (742, 343)
2025-05-19 16:57:03 - jugador - [DEBUG] - [JUGADOR_0] Posición POST CH: HB: (741, 346), PosFlotante: (741.00, 346.00)
2025-05-19 16:57:03 - jugador - [DEBUG] - [JUGADOR_0] Input teclado procesado: mov_x_input_raw=180, mov_y_input_raw=180
2025-05-19 16:57:03 - jugador - [DEBUG] - [JUGADOR_0] Pos flotante (pre-límites): (743.8800, 348.8800)
2025-05-19 16:57:03 - jugador - [DEBUG] - [JUGADOR_0] Pos flotante (post-límites): (743.8800, 348.8800)
2025-05-19 16:57:03 - jugador - [DEBUG] - [JUGADOR_0] Movimiento para CH: dx_int=3, dy_int=3. HB (antes CH): (741, 346), PosFlotante: (743.8800,348.8800)
2025-05-19 16:57:03 - jugador - [DEBUG] - [JUGADOR_0] Iniciando gestión de colisión con dx=3, dy=3. Hitbox actual: (741, 346)
2025-05-19 16:57:03 - jugador - [DEBUG] - [JUGADOR_0] Posición POST CH: HB: (740, 349), PosFlotante: (740.00, 349.00)
2025-05-19 16:57:03 - jugador - [DEBUG] - [JUGADOR_0] Pos flotante (pre-límites): (742.8800, 351.8800)
2025-05-19 16:57:03 - jugador - [DEBUG] - [JUGADOR_0] Pos flotante (post-límites): (742.8800, 351.8800)
2025-05-19 16:57:03 - jugador - [DEBUG] - [JUGADOR_0] Movimiento para CH: dx_int=3, dy_int=3. HB (antes CH): (740, 349), PosFlotante: (742.8800,351.8800)
2025-05-19 16:57:03 - jugador - [DEBUG] - [JUGADOR_0] Iniciando gestión de colisión con dx=3, dy=3. Hitbox actual: (740, 349)
2025-05-19 16:57:03 - jugador - [DEBUG] - [JUGADOR_0] Posición POST CH: HB: (739, 352), PosFlotante: (739.00, 352.00)
2025-05-19 16:57:03 - jugador - [DEBUG] - [JUGADOR_0] Pos flotante (pre-límites): (741.8800, 354.8800)
2025-05-19 16:57:03 - jugador - [DEBUG] - [JUGADOR_0] Pos flotante (post-límites): (741.8800, 354.8800)
2025-05-19 16:57:03 - jugador - [DEBUG] - [JUGADOR_0] Movimiento para CH: dx_int=3, dy_int=3. HB (antes CH): (739, 352), PosFlotante: (741.8800,354.8800)
2025-05-19 16:57:03 - jugador - [DEBUG] - [JUGADOR_0] Iniciando gestión de colisión con dx=3, dy=3. Hitbox actual: (739, 352)
2025-05-19 16:57:03 - jugador - [DEBUG] - [JUGADOR_0] Posición POST CH: HB: (738, 355), PosFlotante: (738.00, 355.00)
2025-05-19 16:57:03 - jugador - [DEBUG] - [JUGADOR_0] Delta flotante intentado: dx=3.0600, dy=3.0600 (delta_time: 0.0170)
2025-05-19 16:57:03 - jugador - [DEBUG] - [JUGADOR_0] Pos flotante (pre-límites): (741.0600, 358.0600)
2025-05-19 16:57:03 - jugador - [DEBUG] - [JUGADOR_0] Pos flotante (post-límites): (741.0600, 358.0600)
2025-05-19 16:57:03 - jugador - [DEBUG] - [JUGADOR_0] Movimiento para CH: dx_int=4, dy_int=4. HB (antes CH): (738, 355), PosFlotante: (741.0600,358.0600)
2025-05-19 16:57:03 - jugador - [DEBUG] - [JUGADOR_0] Iniciando gestión de colisión con dx=4, dy=4. Hitbox actual: (738, 355)
2025-05-19 16:57:03 - jugador - [DEBUG] - [JUGADOR_0] Posición POST CH: HB: (737, 359), PosFlotante: (737.00, 359.00)
2025-05-19 16:57:03 - jugador - [DEBUG] - [JUGADOR_0] Input teclado procesado: mov_x_input_raw=180, mov_y_input_raw=180
2025-05-19 16:57:03 - jugador - [DEBUG] - [JUGADOR_0] Pos flotante (pre-límites): (740.0600, 362.0600)
2025-05-19 16:57:03 - jugador - [DEBUG] - [JUGADOR_0] Pos flotante (post-límites): (740.0600, 362.0600)
2025-05-19 16:57:03 - jugador - [DEBUG] - [JUGADOR_0] Movimiento para CH: dx_int=4, dy_int=4. HB (antes CH): (737, 359), PosFlotante: (740.0600,362.0600)
2025-05-19 16:57:03 - jugador - [DEBUG] - [JUGADOR_0] Iniciando gestión de colisión con dx=4, dy=4. Hitbox actual: (737, 359)
2025-05-19 16:57:03 - jugador - [DEBUG] - [JUGADOR_0] Posición POST CH: HB: (741, 363), PosFlotante: (741.00, 363.00)
2025-05-19 16:57:03 - jugador - [DEBUG] - [JUGADOR_0] Delta flotante intentado: dx=2.8800, dy=2.8800 (delta_time: 0.0160)
2025-05-19 16:57:03 - jugador - [DEBUG] - [JUGADOR_0] Pos flotante (pre-límites): (743.8800, 365.8800)
2025-05-19 16:57:03 - jugador - [DEBUG] - [JUGADOR_0] Pos flotante (post-límites): (743.8800, 365.8800)
2025-05-19 16:57:03 - jugador - [DEBUG] - [JUGADOR_0] Movimiento para CH: dx_int=3, dy_int=3. HB (antes CH): (741, 363), PosFlotante: (743.8800,365.8800)
2025-05-19 16:57:03 - jugador - [DEBUG] - [JUGADOR_0] Iniciando gestión de colisión con dx=3, dy=3. Hitbox actual: (741, 363)
2025-05-19 16:57:03 - jugador - [DEBUG] - [JUGADOR_0] Posición POST CH: HB: (744, 366), PosFlotante: (744.00, 366.00)
2025-05-19 16:57:03 - jugador - [DEBUG] - [JUGADOR_0] Pos flotante (pre-límites): (746.8800, 368.8800)
2025-05-19 16:57:03 - jugador - [DEBUG] - [JUGADOR_0] Pos flotante (post-límites): (746.8800, 368.8800)
2025-05-19 16:57:03 - jugador - [DEBUG] - [JUGADOR_0] Movimiento para CH: dx_int=3, dy_int=3. HB (antes CH): (744, 366), PosFlotante: (746.8800,368.8800)
2025-05-19 16:57:03 - jugador - [DEBUG] - [JUGADOR_0] Iniciando gestión de colisión con dx=3, dy=3. Hitbox actual: (744, 366)
2025-05-19 16:57:03 - jugador - [DEBUG] - [JUGADOR_0] Posición POST CH: HB: (747, 369), PosFlotante: (747.00, 369.00)
2025-05-19 16:57:03 - jugador - [DEBUG] - [JUGADOR_0] Pos flotante (pre-límites): (749.8800, 371.8800)
2025-05-19 16:57:03 - jugador - [DEBUG] - [JUGADOR_0] Pos flotante (post-límites): (749.8800, 371.8800)
2025-05-19 16:57:03 - jugador - [DEBUG] - [JUGADOR_0] Movimiento para CH: dx_int=3, dy_int=3. HB (antes CH): (747, 369), PosFlotante: (749.8800,371.8800)
2025-05-19 16:57:03 - jugador - [DEBUG] - [JUGADOR_0] Iniciando gestión de colisión con dx=3, dy=3. Hitbox actual: (747, 369)
2025-05-19 16:57:03 - jugador - [DEBUG] - [JUGADOR_0] Posición POST CH: HB: (750, 372), PosFlotante: (750.00, 372.00)
2025-05-19 16:57:03 - jugador - [DEBUG] - [JUGADOR_0] Input teclado procesado: mov_x_input_raw=180, mov_y_input_raw=180
2025-05-19 16:57:03 - jugador - [DEBUG] - [JUGADOR_0] Pos flotante (pre-límites): (752.8800, 374.8800)
2025-05-19 16:57:03 - jugador - [DEBUG] - [JUGADOR_0] Pos flotante (post-límites): (752.8800, 374.8800)
2025-05-19 16:57:03 - jugador - [DEBUG] - [JUGADOR_0] Movimiento para CH: dx_int=3, dy_int=3. HB (antes CH): (750, 372), PosFlotante: (752.8800,374.8800)
2025-05-19 16:57:03 - jugador - [DEBUG] - [JUGADOR_0] Iniciando gestión de colisión con dx=3, dy=3. Hitbox actual: (750, 372)
2025-05-19 16:57:03 - jugador - [DEBUG] - [JUGADOR_0] Posición POST CH: HB: (753, 375), PosFlotante: (753.00, 375.00)
2025-05-19 16:57:03 - jugador - [DEBUG] - [JUGADOR_0] Delta flotante intentado: dx=3.0600, dy=3.0600 (delta_time: 0.0170)
2025-05-19 16:57:03 - jugador - [DEBUG] - [JUGADOR_0] Pos flotante (pre-límites): (756.0600, 378.0600)
2025-05-19 16:57:03 - jugador - [DEBUG] - [JUGADOR_0] Pos flotante (post-límites): (756.0600, 378.0600)
2025-05-19 16:57:03 - jugador - [DEBUG] - [JUGADOR_0] Movimiento para CH: dx_int=4, dy_int=4. HB (antes CH): (753, 375), PosFlotante: (756.0600,378.0600)
2025-05-19 16:57:03 - jugador - [DEBUG] - [JUGADOR_0] Iniciando gestión de colisión con dx=4, dy=4. Hitbox actual: (753, 375)
2025-05-19 16:57:03 - jugador - [DEBUG] - [JUGADOR_0] Posición POST CH: HB: (757, 379), PosFlotante: (757.00, 379.00)
2025-05-19 16:57:03 - jugador - [DEBUG] - [JUGADOR_0] Intento de ataque en cooldown (700.0ms). Tiempo desde último: 479ms
2025-05-19 16:57:03 - jugador - [DEBUG] - [JUGADOR_0] Delta flotante intentado: dx=2.8800, dy=2.8800 (delta_time: 0.0160)
2025-05-19 16:57:03 - jugador - [DEBUG] - [JUGADOR_0] Pos flotante (pre-límites): (759.8800, 381.8800)
2025-05-19 16:57:03 - jugador - [DEBUG] - [JUGADOR_0] Pos flotante (post-límites): (759.8800, 381.8800)
2025-05-19 16:57:03 - jugador - [DEBUG] - [JUGADOR_0] Movimiento para CH: dx_int=3, dy_int=3. HB (antes CH): (757, 379), PosFlotante: (759.8800,381.8800)
2025-05-19 16:57:03 - jugador - [DEBUG] - [JUGADOR_0] Iniciando gestión de colisión con dx=3, dy=3. Hitbox actual: (757, 379)
2025-05-19 16:57:03 - jugador - [DEBUG] - [JUGADOR_0] Posición POST CH: HB: (760, 382), PosFlotante: (760.00, 382.00)
2025-05-19 16:57:03 - jugador - [DEBUG] - [JUGADOR_0] Input teclado procesado: mov_x_input_raw=180, mov_y_input_raw=0
2025-05-19 16:57:03 - jugador - [DEBUG] - [JUGADOR_0] Delta flotante intentado: dx=2.8800, dy=0.0000 (delta_time: 0.0160)
2025-05-19 16:57:03 - jugador - [DEBUG] - [JUGADOR_0] Pos flotante (pre-límites): (762.8800, 382.0000)
2025-05-19 16:57:03 - jugador - [DEBUG] - [JUGADOR_0] Pos flotante (post-límites): (762.8800, 382.0000)
2025-05-19 16:57:03 - jugador - [DEBUG] - [JUGADOR_0] Movimiento para CH: dx_int=3, dy_int=0. HB (antes CH): (760, 382), PosFlotante: (762.8800,382.0000)
2025-05-19 16:57:03 - jugador - [DEBUG] - [JUGADOR_0] Iniciando gestión de colisión con dx=3, dy=0. Hitbox actual: (760, 382)
2025-05-19 16:57:03 - jugador - [DEBUG] - [JUGADOR_0] Posición POST CH: HB: (763, 382), PosFlotante: (763.00, 382.00)
2025-05-19 16:57:03 - jugador - [DEBUG] - [JUGADOR_0] Pos flotante (pre-límites): (765.8800, 382.0000)
2025-05-19 16:57:03 - jugador - [DEBUG] - [JUGADOR_0] Pos flotante (post-límites): (765.8800, 382.0000)
2025-05-19 16:57:03 - jugador - [DEBUG] - [JUGADOR_0] Movimiento para CH: dx_int=3, dy_int=0. HB (antes CH): (763, 382), PosFlotante: (765.8800,382.0000)
2025-05-19 16:57:03 - jugador - [DEBUG] - [JUGADOR_0] Iniciando gestión de colisión con dx=3, dy=0. Hitbox actual: (763, 382)
2025-05-19 16:57:03 - jugador - [DEBUG] - [JUGADOR_0] Posición POST CH: HB: (766, 382), PosFlotante: (766.00, 382.00)
2025-05-19 16:57:03 - jugador - [DEBUG] - [JUGADOR_0] Pos flotante (pre-límites): (768.8800, 382.0000)
2025-05-19 16:57:03 - jugador - [DEBUG] - [JUGADOR_0] Pos flotante (post-límites): (768.8800, 382.0000)
2025-05-19 16:57:03 - jugador - [DEBUG] - [JUGADOR_0] Movimiento para CH: dx_int=3, dy_int=0. HB (antes CH): (766, 382), PosFlotante: (768.8800,382.0000)
2025-05-19 16:57:03 - jugador - [DEBUG] - [JUGADOR_0] Iniciando gestión de colisión con dx=3, dy=0. Hitbox actual: (766, 382)
2025-05-19 16:57:03 - jugador - [DEBUG] - [JUGADOR_0] Posición POST CH: HB: (769, 382), PosFlotante: (769.00, 382.00)
2025-05-19 16:57:03 - jugador - [DEBUG] - [JUGADOR_0] Delta flotante intentado: dx=3.0600, dy=0.0000 (delta_time: 0.0170)
2025-05-19 16:57:03 - jugador - [DEBUG] - [JUGADOR_0] Pos flotante (pre-límites): (772.0600, 382.0000)
2025-05-19 16:57:03 - jugador - [DEBUG] - [JUGADOR_0] Pos flotante (post-límites): (772.0600, 382.0000)
2025-05-19 16:57:03 - jugador - [DEBUG] - [JUGADOR_0] Movimiento para CH: dx_int=4, dy_int=0. HB (antes CH): (769, 382), PosFlotante: (772.0600,382.0000)
2025-05-19 16:57:03 - jugador - [DEBUG] - [JUGADOR_0] Iniciando gestión de colisión con dx=4, dy=0. Hitbox actual: (769, 382)
2025-05-19 16:57:03 - jugador - [DEBUG] - [JUGADOR_0] Posición POST CH: HB: (773, 382), PosFlotante: (773.00, 382.00)
2025-05-19 16:57:03 - jugador - [DEBUG] - [JUGADOR_0] Input teclado procesado: mov_x_input_raw=180, mov_y_input_raw=0
2025-05-19 16:57:03 - jugador - [DEBUG] - [JUGADOR_0] Pos flotante (pre-límites): (776.0600, 382.0000)
2025-05-19 16:57:03 - jugador - [DEBUG] - [JUGADOR_0] Pos flotante (post-límites): (776.0600, 382.0000)
2025-05-19 16:57:03 - jugador - [DEBUG] - [JUGADOR_0] Movimiento para CH: dx_int=4, dy_int=0. HB (antes CH): (773, 382), PosFlotante: (776.0600,382.0000)
2025-05-19 16:57:03 - jugador - [DEBUG] - [JUGADOR_0] Iniciando gestión de colisión con dx=4, dy=0. Hitbox actual: (773, 382)
2025-05-19 16:57:03 - jugador - [DEBUG] - [JUGADOR_0] Posición POST CH: HB: (777, 382), PosFlotante: (777.00, 382.00)
2025-05-19 16:57:03 - jugador - [DEBUG] - [JUGADOR_0] Delta flotante intentado: dx=2.8800, dy=0.0000 (delta_time: 0.0160)
2025-05-19 16:57:03 - jugador - [DEBUG] - [JUGADOR_0] Pos flotante (pre-límites): (779.8800, 382.0000)
2025-05-19 16:57:03 - jugador - [DEBUG] - [JUGADOR_0] Pos flotante (post-límites): (779.8800, 382.0000)
2025-05-19 16:57:03 - jugador - [DEBUG] - [JUGADOR_0] Movimiento para CH: dx_int=3, dy_int=0. HB (antes CH): (777, 382), PosFlotante: (779.8800,382.0000)
2025-05-19 16:57:03 - jugador - [DEBUG] - [JUGADOR_0] Iniciando gestión de colisión con dx=3, dy=0. Hitbox actual: (777, 382)
2025-05-19 16:57:03 - jugador - [DEBUG] - [JUGADOR_0] Posición POST CH: HB: (780, 382), PosFlotante: (780.00, 382.00)
2025-05-19 16:57:03 - jugador - [DEBUG] - [JUGADOR_0] Delta flotante intentado: dx=3.0600, dy=0.0000 (delta_time: 0.0170)
2025-05-19 16:57:03 - jugador - [DEBUG] - [JUGADOR_0] Pos flotante (pre-límites): (783.0600, 382.0000)
2025-05-19 16:57:03 - jugador - [DEBUG] - [JUGADOR_0] Pos flotante (post-límites): (783.0600, 382.0000)
2025-05-19 16:57:03 - jugador - [DEBUG] - [JUGADOR_0] Movimiento para CH: dx_int=4, dy_int=0. HB (antes CH): (780, 382), PosFlotante: (783.0600,382.0000)
2025-05-19 16:57:03 - jugador - [DEBUG] - [JUGADOR_0] Iniciando gestión de colisión con dx=4, dy=0. Hitbox actual: (780, 382)
2025-05-19 16:57:03 - jugador - [DEBUG] - [JUGADOR_0] Posición POST CH: HB: (784, 382), PosFlotante: (784.00, 382.00)
2025-05-19 16:57:03 - jugador - [DEBUG] - [JUGADOR_0] Input teclado procesado: mov_x_input_raw=180, mov_y_input_raw=-180
2025-05-19 16:57:03 - jugador - [DEBUG] - [JUGADOR_0] Delta flotante intentado: dx=2.8800, dy=-2.8800 (delta_time: 0.0160)
2025-05-19 16:57:03 - jugador - [DEBUG] - [JUGADOR_0] Pos flotante (pre-límites): (786.8800, 379.1200)
2025-05-19 16:57:03 - jugador - [DEBUG] - [JUGADOR_0] Pos flotante (post-límites): (786.8800, 379.1200)
2025-05-19 16:57:03 - jugador - [DEBUG] - [JUGADOR_0] Movimiento para CH: dx_int=3, dy_int=-3. HB (antes CH): (784, 382), PosFlotante: (786.8800,379.1200)
2025-05-19 16:57:03 - jugador - [DEBUG] - [JUGADOR_0] Iniciando gestión de colisión con dx=3, dy=-3. Hitbox actual: (784, 382)
2025-05-19 16:57:03 - jugador - [DEBUG] - [JUGADOR_0] Posición POST CH: HB: (787, 380), PosFlotante: (787.00, 380.00)
2025-05-19 16:57:03 - jugador - [DEBUG] - [JUGADOR_0] Pos flotante (pre-límites): (789.8800, 377.1200)
2025-05-19 16:57:03 - jugador - [DEBUG] - [JUGADOR_0] Pos flotante (post-límites): (789.8800, 377.1200)
2025-05-19 16:57:03 - jugador - [DEBUG] - [JUGADOR_0] Movimiento para CH: dx_int=3, dy_int=-3. HB (antes CH): (787, 380), PosFlotante: (789.8800,377.1200)
2025-05-19 16:57:03 - jugador - [DEBUG] - [JUGADOR_0] Iniciando gestión de colisión con dx=3, dy=-3. Hitbox actual: (787, 380)
2025-05-19 16:57:03 - jugador - [DEBUG] - [JUGADOR_0] Posición POST CH: HB: (794, 377), PosFlotante: (794.00, 377.00)
2025-05-19 16:57:03 - jugador - [DEBUG] - [JUGADOR_0] Delta flotante intentado: dx=3.0600, dy=-3.0600 (delta_time: 0.0170)
2025-05-19 16:57:03 - jugador - [DEBUG] - [JUGADOR_0] Pos flotante (pre-límites): (797.0600, 373.9400)
2025-05-19 16:57:03 - jugador - [DEBUG] - [JUGADOR_0] Pos flotante (post-límites): (797.0600, 373.9400)
2025-05-19 16:57:03 - jugador - [DEBUG] - [JUGADOR_0] Movimiento para CH: dx_int=4, dy_int=-4. HB (antes CH): (794, 377), PosFlotante: (797.0600,373.9400)
2025-05-19 16:57:03 - jugador - [DEBUG] - [JUGADOR_0] Iniciando gestión de colisión con dx=4, dy=-4. Hitbox actual: (794, 377)
2025-05-19 16:57:03 - jugador - [DEBUG] - [JUGADOR_0] Posición POST CH: HB: (798, 373), PosFlotante: (798.00, 373.00)
2025-05-19 16:57:03 - jugador - [DEBUG] - [JUGADOR_0] Input teclado procesado: mov_x_input_raw=180, mov_y_input_raw=-180
2025-05-19 16:57:03 - jugador - [DEBUG] - [JUGADOR_0] Pos flotante (pre-límites): (801.0600, 369.9400)
2025-05-19 16:57:03 - jugador - [DEBUG] - [JUGADOR_0] Pos flotante (post-límites): (801.0600, 369.9400)
2025-05-19 16:57:03 - jugador - [DEBUG] - [JUGADOR_0] Movimiento para CH: dx_int=4, dy_int=-4. HB (antes CH): (798, 373), PosFlotante: (801.0600,369.9400)
2025-05-19 16:57:03 - jugador - [DEBUG] - [JUGADOR_0] Iniciando gestión de colisión con dx=4, dy=-4. Hitbox actual: (798, 373)
2025-05-19 16:57:03 - jugador - [DEBUG] - [JUGADOR_0] Posición POST CH: HB: (802, 369), PosFlotante: (802.00, 369.00)
2025-05-19 16:57:03 - jugador - [DEBUG] - [JUGADOR_0] Delta flotante intentado: dx=2.8800, dy=-2.8800 (delta_time: 0.0160)
2025-05-19 16:57:03 - jugador - [DEBUG] - [JUGADOR_0] Pos flotante (pre-límites): (804.8800, 366.1200)
2025-05-19 16:57:03 - jugador - [DEBUG] - [JUGADOR_0] Pos flotante (post-límites): (804.8800, 366.1200)
2025-05-19 16:57:03 - jugador - [DEBUG] - [JUGADOR_0] Movimiento para CH: dx_int=3, dy_int=-3. HB (antes CH): (802, 369), PosFlotante: (804.8800,366.1200)
2025-05-19 16:57:03 - jugador - [DEBUG] - [JUGADOR_0] Iniciando gestión de colisión con dx=3, dy=-3. Hitbox actual: (802, 369)
2025-05-19 16:57:03 - jugador - [DEBUG] - [JUGADOR_0] Posición POST CH: HB: (805, 366), PosFlotante: (805.00, 366.00)
2025-05-19 16:57:03 - jugador - [DEBUG] - [JUGADOR_0] Pos flotante (pre-límites): (807.8800, 363.1200)
2025-05-19 16:57:03 - jugador - [DEBUG] - [JUGADOR_0] Pos flotante (post-límites): (807.8800, 363.1200)
2025-05-19 16:57:03 - jugador - [DEBUG] - [JUGADOR_0] Movimiento para CH: dx_int=3, dy_int=-3. HB (antes CH): (805, 366), PosFlotante: (807.8800,363.1200)
2025-05-19 16:57:03 - jugador - [DEBUG] - [JUGADOR_0] Iniciando gestión de colisión con dx=3, dy=-3. Hitbox actual: (805, 366)
2025-05-19 16:57:03 - jugador - [DEBUG] - [JUGADOR_0] Posición POST CH: HB: (808, 363), PosFlotante: (808.00, 363.00)
2025-05-19 16:57:03 - jugador - [DEBUG] - [JUGADOR_0] Delta flotante intentado: dx=3.0600, dy=-3.0600 (delta_time: 0.0170)
2025-05-19 16:57:03 - jugador - [DEBUG] - [JUGADOR_0] Pos flotante (pre-límites): (811.0600, 359.9400)
2025-05-19 16:57:03 - jugador - [DEBUG] - [JUGADOR_0] Pos flotante (post-límites): (811.0600, 359.9400)
2025-05-19 16:57:03 - jugador - [DEBUG] - [JUGADOR_0] Movimiento para CH: dx_int=4, dy_int=-4. HB (antes CH): (808, 363), PosFlotante: (811.0600,359.9400)
2025-05-19 16:57:03 - jugador - [DEBUG] - [JUGADOR_0] Iniciando gestión de colisión con dx=4, dy=-4. Hitbox actual: (808, 363)
2025-05-19 16:57:03 - jugador - [DEBUG] - [JUGADOR_0] Posición POST CH: HB: (812, 359), PosFlotante: (812.00, 359.00)
2025-05-19 16:57:03 - jugador - [INFO] - [JUGADOR_0] ATAQUE INICIADO (Cooldown: 700.0ms). Perfil: 'espada_predeterminada'
2025-05-19 16:57:03 - jugador - [DEBUG] - [JUGADOR_0] Input teclado procesado: mov_x_input_raw=180, mov_y_input_raw=-180
2025-05-19 16:57:03 - jugador - [DEBUG] - [JUGADOR_0] Pos flotante (pre-límites): (815.0600, 355.9400)
2025-05-19 16:57:03 - jugador - [DEBUG] - [JUGADOR_0] Pos flotante (post-límites): (815.0600, 355.9400)
2025-05-19 16:57:03 - jugador - [DEBUG] - [JUGADOR_0] Movimiento para CH: dx_int=4, dy_int=-4. HB (antes CH): (812, 359), PosFlotante: (815.0600,355.9400)
2025-05-19 16:57:03 - jugador - [DEBUG] - [JUGADOR_0] Iniciando gestión de colisión con dx=4, dy=-4. Hitbox actual: (812, 359)
2025-05-19 16:57:03 - jugador - [DEBUG] - [JUGADOR_0] Posición POST CH: HB: (816, 355), PosFlotante: (816.00, 355.00)
2025-05-19 16:57:03 - jugador - [DEBUG] - [JUGADOR_0] Hitbox ataque: <rect(801, 332, 54, 69)>, Dir: (1.00, 0.00)
2025-05-19 16:57:03 - jugador - [INFO] - [JUGADOR_0] GOLPEÓ a [Enemigo_2] con perfil 'espada_predeterminada'. Daño: 10.0
2025-05-19 16:57:03 - jugador - [DEBUG] - [JUGADOR_0] Delta flotante intentado: dx=2.8800, dy=-2.8800 (delta_time: 0.0160)
2025-05-19 16:57:03 - jugador - [DEBUG] - [JUGADOR_0] Pos flotante (pre-límites): (818.8800, 352.1200)
2025-05-19 16:57:03 - jugador - [DEBUG] - [JUGADOR_0] Pos flotante (post-límites): (818.8800, 352.1200)
2025-05-19 16:57:03 - jugador - [DEBUG] - [JUGADOR_0] Movimiento para CH: dx_int=3, dy_int=-3. HB (antes CH): (816, 355), PosFlotante: (818.8800,352.1200)
2025-05-19 16:57:03 - jugador - [DEBUG] - [JUGADOR_0] Iniciando gestión de colisión con dx=3, dy=-3. Hitbox actual: (816, 355)
2025-05-19 16:57:03 - jugador - [DEBUG] - [JUGADOR_0] Posición POST CH: HB: (819, 352), PosFlotante: (819.00, 352.00)
2025-05-19 16:57:03 - jugador - [DEBUG] - [JUGADOR_0] Hitbox ataque: <rect(804, 329, 54, 69)>, Dir: (1.00, 0.00)
2025-05-19 16:57:03 - jugador - [DEBUG] - [JUGADOR_0] Pos flotante (pre-límites): (822.0600, 348.9400)
2025-05-19 16:57:03 - jugador - [DEBUG] - [JUGADOR_0] Pos flotante (post-límites): (822.0600, 348.9400)
2025-05-19 16:57:03 - jugador - [DEBUG] - [JUGADOR_0] Movimiento para CH: dx_int=4, dy_int=-4. HB (antes CH): (819, 352), PosFlotante: (822.0600,348.9400)
2025-05-19 16:57:03 - jugador - [DEBUG] - [JUGADOR_0] Iniciando gestión de colisión con dx=4, dy=-4. Hitbox actual: (819, 352)
2025-05-19 16:57:03 - jugador - [DEBUG] - [JUGADOR_0] Posición POST CH: HB: (823, 348), PosFlotante: (823.00, 348.00)
2025-05-19 16:57:03 - jugador - [DEBUG] - [JUGADOR_0] Hitbox ataque: <rect(808, 325, 54, 69)>, Dir: (1.00, 0.00)
2025-05-19 16:57:03 - jugador - [DEBUG] - [JUGADOR_0] Input teclado procesado: mov_x_input_raw=-180, mov_y_input_raw=-180
2025-05-19 16:57:03 - jugador - [DEBUG] - [JUGADOR_0] Delta flotante intentado: dx=-3.0600, dy=-3.0600 (delta_time: 0.0170)
2025-05-19 16:57:03 - jugador - [DEBUG] - [JUGADOR_0] Pos flotante (pre-límites): (819.9400, 344.9400)
2025-05-19 16:57:03 - jugador - [DEBUG] - [JUGADOR_0] Pos flotante (post-límites): (819.9400, 344.9400)
2025-05-19 16:57:03 - jugador - [DEBUG] - [JUGADOR_0] Movimiento para CH: dx_int=-4, dy_int=-4. HB (antes CH): (823, 348), PosFlotante: (819.9400,344.9400)
2025-05-19 16:57:03 - jugador - [DEBUG] - [JUGADOR_0] Iniciando gestión de colisión con dx=-4, dy=-4. Hitbox actual: (823, 348)
2025-05-19 16:57:03 - jugador - [DEBUG] - [JUGADOR_0] Posición POST CH: HB: (819, 344), PosFlotante: (819.00, 344.00)
2025-05-19 16:57:03 - jugador - [DEBUG] - [JUGADOR_0] Hitbox ataque: <rect(804, 321, 54, 69)>, Dir: (-1.00, 0.00)
2025-05-19 16:57:03 - jugador - [DEBUG] - [JUGADOR_0] Input teclado procesado: mov_x_input_raw=-180, mov_y_input_raw=0
2025-05-19 16:57:03 - jugador - [DEBUG] - [JUGADOR_0] Delta flotante intentado: dx=-3.0600, dy=0.0000 (delta_time: 0.0170)
2025-05-19 16:57:03 - jugador - [DEBUG] - [JUGADOR_0] Pos flotante (pre-límites): (815.9400, 344.0000)
2025-05-19 16:57:03 - jugador - [DEBUG] - [JUGADOR_0] Pos flotante (post-límites): (815.9400, 344.0000)
2025-05-19 16:57:03 - jugador - [DEBUG] - [JUGADOR_0] Movimiento para CH: dx_int=-4, dy_int=0. HB (antes CH): (819, 344), PosFlotante: (815.9400,344.0000)
2025-05-19 16:57:03 - jugador - [DEBUG] - [JUGADOR_0] Iniciando gestión de colisión con dx=-4, dy=0. Hitbox actual: (819, 344)
2025-05-19 16:57:03 - jugador - [DEBUG] - [JUGADOR_0] Posición POST CH: HB: (815, 344), PosFlotante: (815.00, 344.00)
2025-05-19 16:57:03 - jugador - [DEBUG] - [JUGADOR_0] Hitbox ataque: <rect(800, 321, 54, 69)>, Dir: (-1.00, 0.00)
2025-05-19 16:57:03 - jugador - [INFO] - [JUGADOR_0] GOLPEÓ a [Enemigo_1] con perfil 'espada_predeterminada'. Daño: 10.0
2025-05-19 16:57:03 - jugador - [DEBUG] - [JUGADOR_0] Pos flotante (pre-límites): (811.9400, 344.0000)
2025-05-19 16:57:03 - jugador - [DEBUG] - [JUGADOR_0] Pos flotante (post-límites): (811.9400, 344.0000)
2025-05-19 16:57:03 - jugador - [DEBUG] - [JUGADOR_0] Movimiento para CH: dx_int=-4, dy_int=0. HB (antes CH): (815, 344), PosFlotante: (811.9400,344.0000)
2025-05-19 16:57:03 - jugador - [DEBUG] - [JUGADOR_0] Iniciando gestión de colisión con dx=-4, dy=0. Hitbox actual: (815, 344)
2025-05-19 16:57:03 - jugador - [DEBUG] - [JUGADOR_0] Posición POST CH: HB: (812, 344), PosFlotante: (812.00, 344.00)
2025-05-19 16:57:03 - jugador - [DEBUG] - [JUGADOR_0] Hitbox ataque: <rect(797, 321, 54, 69)>, Dir: (-1.00, 0.00)
2025-05-19 16:57:03 - jugador - [DEBUG] - [JUGADOR_0] Delta flotante intentado: dx=-2.8800, dy=0.0000 (delta_time: 0.0160)
2025-05-19 16:57:03 - jugador - [DEBUG] - [JUGADOR_0] Pos flotante (pre-límites): (809.1200, 344.0000)
2025-05-19 16:57:03 - jugador - [DEBUG] - [JUGADOR_0] Pos flotante (post-límites): (809.1200, 344.0000)
2025-05-19 16:57:03 - jugador - [DEBUG] - [JUGADOR_0] Movimiento para CH: dx_int=-3, dy_int=0. HB (antes CH): (812, 344), PosFlotante: (809.1200,344.0000)
2025-05-19 16:57:03 - jugador - [DEBUG] - [JUGADOR_0] Iniciando gestión de colisión con dx=-3, dy=0. Hitbox actual: (812, 344)
2025-05-19 16:57:03 - jugador - [DEBUG] - [JUGADOR_0] Posición POST CH: HB: (813, 344), PosFlotante: (813.00, 344.00)
2025-05-19 16:57:03 - jugador - [DEBUG] - [JUGADOR_0] Hitbox ataque: <rect(798, 321, 54, 69)>, Dir: (-1.00, 0.00)
2025-05-19 16:57:03 - jugador - [DEBUG] - [JUGADOR_0] Input teclado procesado: mov_x_input_raw=-180, mov_y_input_raw=0
2025-05-19 16:57:03 - jugador - [DEBUG] - [JUGADOR_0] Delta flotante intentado: dx=-3.0600, dy=0.0000 (delta_time: 0.0170)
2025-05-19 16:57:03 - jugador - [DEBUG] - [JUGADOR_0] Pos flotante (pre-límites): (809.9400, 344.0000)
2025-05-19 16:57:03 - jugador - [DEBUG] - [JUGADOR_0] Pos flotante (post-límites): (809.9400, 344.0000)
2025-05-19 16:57:03 - jugador - [DEBUG] - [JUGADOR_0] Movimiento para CH: dx_int=-4, dy_int=0. HB (antes CH): (813, 344), PosFlotante: (809.9400,344.0000)
2025-05-19 16:57:03 - jugador - [DEBUG] - [JUGADOR_0] Iniciando gestión de colisión con dx=-4, dy=0. Hitbox actual: (813, 344)
2025-05-19 16:57:03 - jugador - [DEBUG] - [JUGADOR_0] Posición POST CH: HB: (814, 344), PosFlotante: (814.00, 344.00)
2025-05-19 16:57:03 - jugador - [DEBUG] - [JUGADOR_0] Hitbox ataque: <rect(799, 321, 54, 69)>, Dir: (-1.00, 0.00)
2025-05-19 16:57:03 - jugador - [DEBUG] - [JUGADOR_0] Pos flotante (pre-límites): (810.9400, 344.0000)
2025-05-19 16:57:03 - jugador - [DEBUG] - [JUGADOR_0] Pos flotante (post-límites): (810.9400, 344.0000)
2025-05-19 16:57:03 - jugador - [DEBUG] - [JUGADOR_0] Movimiento para CH: dx_int=-4, dy_int=0. HB (antes CH): (814, 344), PosFlotante: (810.9400,344.0000)
2025-05-19 16:57:03 - jugador - [DEBUG] - [JUGADOR_0] Iniciando gestión de colisión con dx=-4, dy=0. Hitbox actual: (814, 344)
2025-05-19 16:57:03 - jugador - [DEBUG] - [JUGADOR_0] Posición POST CH: HB: (815, 344), PosFlotante: (815.00, 344.00)
2025-05-19 16:57:03 - jugador - [DEBUG] - [JUGADOR_0] Hitbox ataque: <rect(800, 321, 54, 69)>, Dir: (-1.00, 0.00)
2025-05-19 16:57:03 - jugador - [DEBUG] - [JUGADOR_0] Pos flotante (pre-límites): (811.9400, 344.0000)
2025-05-19 16:57:03 - jugador - [DEBUG] - [JUGADOR_0] Pos flotante (post-límites): (811.9400, 344.0000)
2025-05-19 16:57:03 - jugador - [DEBUG] - [JUGADOR_0] Movimiento para CH: dx_int=-4, dy_int=0. HB (antes CH): (815, 344), PosFlotante: (811.9400,344.0000)
2025-05-19 16:57:03 - jugador - [DEBUG] - [JUGADOR_0] Iniciando gestión de colisión con dx=-4, dy=0. Hitbox actual: (815, 344)
2025-05-19 16:57:03 - jugador - [DEBUG] - [JUGADOR_0] Posición POST CH: HB: (816, 344), PosFlotante: (816.00, 344.00)
2025-05-19 16:57:03 - jugador - [DEBUG] - [JUGADOR_0] Hitbox ataque: <rect(801, 321, 54, 69)>, Dir: (-1.00, 0.00)
2025-05-19 16:57:03 - jugador - [DEBUG] - [JUGADOR_0] Input teclado procesado: mov_x_input_raw=-180, mov_y_input_raw=0
2025-05-19 16:57:03 - jugador - [DEBUG] - [JUGADOR_0] Delta flotante intentado: dx=-3.0600, dy=0.0000 (delta_time: 0.0170)
2025-05-19 16:57:03 - jugador - [DEBUG] - [JUGADOR_0] Pos flotante (pre-límites): (812.9400, 344.0000)
2025-05-19 16:57:03 - jugador - [DEBUG] - [JUGADOR_0] Pos flotante (post-límites): (812.9400, 344.0000)
2025-05-19 16:57:03 - jugador - [DEBUG] - [JUGADOR_0] Movimiento para CH: dx_int=-4, dy_int=0. HB (antes CH): (816, 344), PosFlotante: (812.9400,344.0000)
2025-05-19 16:57:03 - jugador - [DEBUG] - [JUGADOR_0] Iniciando gestión de colisión con dx=-4, dy=0. Hitbox actual: (816, 344)
2025-05-19 16:57:03 - jugador - [DEBUG] - [JUGADOR_0] Posición POST CH: HB: (817, 344), PosFlotante: (817.00, 344.00)
2025-05-19 16:57:03 - jugador - [DEBUG] - [JUGADOR_0] Hitbox ataque: <rect(802, 321, 54, 69)>, Dir: (-1.00, 0.00)
2025-05-19 16:57:03 - jugador - [DEBUG] - [JUGADOR_0] Intento de ataque en cooldown (700.0ms). Tiempo desde último: 184ms
2025-05-19 16:57:03 - jugador - [DEBUG] - [JUGADOR_0] Delta flotante intentado: dx=-2.8800, dy=0.0000 (delta_time: 0.0160)
2025-05-19 16:57:03 - jugador - [DEBUG] - [JUGADOR_0] Pos flotante (pre-límites): (814.1200, 344.0000)
2025-05-19 16:57:03 - jugador - [DEBUG] - [JUGADOR_0] Pos flotante (post-límites): (814.1200, 344.0000)
2025-05-19 16:57:03 - jugador - [DEBUG] - [JUGADOR_0] Movimiento para CH: dx_int=-3, dy_int=0. HB (antes CH): (817, 344), PosFlotante: (814.1200,344.0000)
2025-05-19 16:57:03 - jugador - [DEBUG] - [JUGADOR_0] Iniciando gestión de colisión con dx=-3, dy=0. Hitbox actual: (817, 344)
2025-05-19 16:57:03 - jugador - [DEBUG] - [JUGADOR_0] Posición POST CH: HB: (818, 344), PosFlotante: (818.00, 344.00)
2025-05-19 16:57:03 - jugador - [DEBUG] - [JUGADOR_0] Hitbox ataque: <rect(803, 321, 54, 69)>, Dir: (-1.00, 0.00)
2025-05-19 16:57:03 - jugador - [DEBUG] - [JUGADOR_0] Pos flotante (pre-límites): (815.1200, 344.0000)
2025-05-19 16:57:03 - jugador - [DEBUG] - [JUGADOR_0] Pos flotante (post-límites): (815.1200, 344.0000)
2025-05-19 16:57:03 - jugador - [DEBUG] - [JUGADOR_0] Movimiento para CH: dx_int=-3, dy_int=0. HB (antes CH): (818, 344), PosFlotante: (815.1200,344.0000)
2025-05-19 16:57:03 - jugador - [DEBUG] - [JUGADOR_0] Iniciando gestión de colisión con dx=-3, dy=0. Hitbox actual: (818, 344)
2025-05-19 16:57:03 - jugador - [DEBUG] - [JUGADOR_0] Posición POST CH: HB: (820, 344), PosFlotante: (820.00, 344.00)
2025-05-19 16:57:03 - jugador - [DEBUG] - [JUGADOR_0] Hitbox ataque: <rect(805, 321, 54, 69)>, Dir: (-1.00, 0.00)
2025-05-19 16:57:03 - jugador - [DEBUG] - [JUGADOR_0] Pos flotante (pre-límites): (816.9400, 344.0000)
2025-05-19 16:57:03 - jugador - [DEBUG] - [JUGADOR_0] Pos flotante (post-límites): (816.9400, 344.0000)
2025-05-19 16:57:03 - jugador - [DEBUG] - [JUGADOR_0] Movimiento para CH: dx_int=-4, dy_int=0. HB (antes CH): (820, 344), PosFlotante: (816.9400,344.0000)
2025-05-19 16:57:03 - jugador - [DEBUG] - [JUGADOR_0] Iniciando gestión de colisión con dx=-4, dy=0. Hitbox actual: (820, 344)
2025-05-19 16:57:03 - jugador - [DEBUG] - [JUGADOR_0] Posición POST CH: HB: (822, 344), PosFlotante: (822.00, 344.00)
2025-05-19 16:57:03 - jugador - [DEBUG] - [JUGADOR_0] Hitbox ataque: <rect(807, 321, 54, 69)>, Dir: (-1.00, 0.00)
2025-05-19 16:57:03 - jugador - [DEBUG] - [JUGADOR_0] Input teclado procesado: mov_x_input_raw=-180, mov_y_input_raw=0
2025-05-19 16:57:03 - jugador - [DEBUG] - [JUGADOR_0] Delta flotante intentado: dx=-3.0600, dy=0.0000 (delta_time: 0.0170)
2025-05-19 16:57:03 - jugador - [DEBUG] - [JUGADOR_0] Pos flotante (pre-límites): (818.9400, 344.0000)
2025-05-19 16:57:03 - jugador - [DEBUG] - [JUGADOR_0] Pos flotante (post-límites): (818.9400, 344.0000)
2025-05-19 16:57:03 - jugador - [DEBUG] - [JUGADOR_0] Movimiento para CH: dx_int=-4, dy_int=0. HB (antes CH): (822, 344), PosFlotante: (818.9400,344.0000)
2025-05-19 16:57:03 - jugador - [DEBUG] - [JUGADOR_0] Iniciando gestión de colisión con dx=-4, dy=0. Hitbox actual: (822, 344)
2025-05-19 16:57:03 - jugador - [DEBUG] - [JUGADOR_0] Posición POST CH: HB: (824, 344), PosFlotante: (824.00, 344.00)
2025-05-19 16:57:03 - jugador - [DEBUG] - [JUGADOR_0] Hitbox ataque: <rect(809, 321, 54, 69)>, Dir: (-1.00, 0.00)
2025-05-19 16:57:03 - jugador - [DEBUG] - [JUGADOR_0] Delta flotante intentado: dx=-2.8800, dy=0.0000 (delta_time: 0.0160)
2025-05-19 16:57:03 - jugador - [DEBUG] - [JUGADOR_0] Pos flotante (pre-límites): (821.1200, 344.0000)
2025-05-19 16:57:03 - jugador - [DEBUG] - [JUGADOR_0] Pos flotante (post-límites): (821.1200, 344.0000)
2025-05-19 16:57:03 - jugador - [DEBUG] - [JUGADOR_0] Movimiento para CH: dx_int=-3, dy_int=0. HB (antes CH): (824, 344), PosFlotante: (821.1200,344.0000)
2025-05-19 16:57:03 - jugador - [DEBUG] - [JUGADOR_0] Iniciando gestión de colisión con dx=-3, dy=0. Hitbox actual: (824, 344)
2025-05-19 16:57:03 - jugador - [DEBUG] - [JUGADOR_0] Posición POST CH: HB: (826, 344), PosFlotante: (826.00, 344.00)
2025-05-19 16:57:03 - jugador - [DEBUG] - [JUGADOR_0] Hitbox ataque: <rect(811, 321, 54, 69)>, Dir: (-1.00, 0.00)
2025-05-19 16:57:03 - jugador - [DEBUG] - [JUGADOR_0] Pos flotante (pre-límites): (822.9400, 344.0000)
2025-05-19 16:57:03 - jugador - [DEBUG] - [JUGADOR_0] Pos flotante (post-límites): (822.9400, 344.0000)
2025-05-19 16:57:03 - jugador - [DEBUG] - [JUGADOR_0] Movimiento para CH: dx_int=-4, dy_int=0. HB (antes CH): (826, 344), PosFlotante: (822.9400,344.0000)
2025-05-19 16:57:03 - jugador - [DEBUG] - [JUGADOR_0] Iniciando gestión de colisión con dx=-4, dy=0. Hitbox actual: (826, 344)
2025-05-19 16:57:03 - jugador - [DEBUG] - [JUGADOR_0] Posición POST CH: HB: (828, 344), PosFlotante: (828.00, 344.00)
2025-05-19 16:57:03 - jugador - [DEBUG] - [JUGADOR_0] ATAQUE FINALIZADO (Duración: 260ms). Enemigos golpeados: 2
2025-05-19 16:57:03 - jugador - [DEBUG] - [JUGADOR_0] Pos flotante (pre-límites): (824.9400, 344.0000)
2025-05-19 16:57:03 - jugador - [DEBUG] - [JUGADOR_0] Pos flotante (post-límites): (824.9400, 344.0000)
2025-05-19 16:57:03 - jugador - [DEBUG] - [JUGADOR_0] Movimiento para CH: dx_int=-4, dy_int=0. HB (antes CH): (828, 344), PosFlotante: (824.9400,344.0000)
2025-05-19 16:57:03 - jugador - [DEBUG] - [JUGADOR_0] Iniciando gestión de colisión con dx=-4, dy=0. Hitbox actual: (828, 344)
2025-05-19 16:57:03 - jugador - [DEBUG] - [JUGADOR_0] Posición POST CH: HB: (830, 344), PosFlotante: (830.00, 344.00)
2025-05-19 16:57:03 - jugador - [DEBUG] - [JUGADOR_0] Input teclado procesado: mov_x_input_raw=-180, mov_y_input_raw=0
2025-05-19 16:57:03 - jugador - [DEBUG] - [JUGADOR_0] Delta flotante intentado: dx=-2.8800, dy=0.0000 (delta_time: 0.0160)
2025-05-19 16:57:03 - jugador - [DEBUG] - [JUGADOR_0] Pos flotante (pre-límites): (827.1200, 344.0000)
2025-05-19 16:57:03 - jugador - [DEBUG] - [JUGADOR_0] Pos flotante (post-límites): (827.1200, 344.0000)
2025-05-19 16:57:03 - jugador - [DEBUG] - [JUGADOR_0] Movimiento para CH: dx_int=-3, dy_int=0. HB (antes CH): (830, 344), PosFlotante: (827.1200,344.0000)
2025-05-19 16:57:03 - jugador - [DEBUG] - [JUGADOR_0] Iniciando gestión de colisión con dx=-3, dy=0. Hitbox actual: (830, 344)
2025-05-19 16:57:03 - jugador - [DEBUG] - [JUGADOR_0] Posición POST CH: HB: (832, 344), PosFlotante: (832.00, 344.00)
2025-05-19 16:57:03 - jugador - [DEBUG] - [JUGADOR_0] Pos flotante (pre-límites): (829.1200, 344.0000)
2025-05-19 16:57:03 - jugador - [DEBUG] - [JUGADOR_0] Pos flotante (post-límites): (829.1200, 344.0000)
2025-05-19 16:57:03 - jugador - [DEBUG] - [JUGADOR_0] Movimiento para CH: dx_int=-3, dy_int=0. HB (antes CH): (832, 344), PosFlotante: (829.1200,344.0000)
2025-05-19 16:57:03 - jugador - [DEBUG] - [JUGADOR_0] Iniciando gestión de colisión con dx=-3, dy=0. Hitbox actual: (832, 344)
2025-05-19 16:57:03 - jugador - [DEBUG] - [JUGADOR_0] Posición POST CH: HB: (834, 344), PosFlotante: (834.00, 344.00)
2025-05-19 16:57:03 - jugador - [DEBUG] - [JUGADOR_0] Pos flotante (pre-límites): (831.1200, 344.0000)
2025-05-19 16:57:03 - jugador - [DEBUG] - [JUGADOR_0] Pos flotante (post-límites): (831.1200, 344.0000)
2025-05-19 16:57:03 - jugador - [DEBUG] - [JUGADOR_0] Movimiento para CH: dx_int=-3, dy_int=0. HB (antes CH): (834, 344), PosFlotante: (831.1200,344.0000)
2025-05-19 16:57:03 - jugador - [DEBUG] - [JUGADOR_0] Iniciando gestión de colisión con dx=-3, dy=0. Hitbox actual: (834, 344)
2025-05-19 16:57:03 - jugador - [DEBUG] - [JUGADOR_0] Posición POST CH: HB: (836, 344), PosFlotante: (836.00, 344.00)
2025-05-19 16:57:03 - jugador - [DEBUG] - [JUGADOR_0] Pos flotante (pre-límites): (833.1200, 344.0000)
2025-05-19 16:57:03 - jugador - [DEBUG] - [JUGADOR_0] Pos flotante (post-límites): (833.1200, 344.0000)
2025-05-19 16:57:03 - jugador - [DEBUG] - [JUGADOR_0] Movimiento para CH: dx_int=-3, dy_int=0. HB (antes CH): (836, 344), PosFlotante: (833.1200,344.0000)
2025-05-19 16:57:03 - jugador - [DEBUG] - [JUGADOR_0] Iniciando gestión de colisión con dx=-3, dy=0. Hitbox actual: (836, 344)
2025-05-19 16:57:03 - jugador - [DEBUG] - [JUGADOR_0] Posición POST CH: HB: (838, 344), PosFlotante: (838.00, 344.00)
2025-05-19 16:57:03 - jugador - [DEBUG] - [JUGADOR_0] Input teclado procesado: mov_x_input_raw=-180, mov_y_input_raw=0
2025-05-19 16:57:03 - jugador - [DEBUG] - [JUGADOR_0] Delta flotante intentado: dx=-3.0600, dy=0.0000 (delta_time: 0.0170)
2025-05-19 16:57:03 - jugador - [DEBUG] - [JUGADOR_0] Pos flotante (pre-límites): (834.9400, 344.0000)
2025-05-19 16:57:03 - jugador - [DEBUG] - [JUGADOR_0] Pos flotante (post-límites): (834.9400, 344.0000)
2025-05-19 16:57:03 - jugador - [DEBUG] - [JUGADOR_0] Movimiento para CH: dx_int=-4, dy_int=0. HB (antes CH): (838, 344), PosFlotante: (834.9400,344.0000)
2025-05-19 16:57:03 - jugador - [DEBUG] - [JUGADOR_0] Iniciando gestión de colisión con dx=-4, dy=0. Hitbox actual: (838, 344)
2025-05-19 16:57:03 - jugador - [DEBUG] - [JUGADOR_0] Posición POST CH: HB: (840, 344), PosFlotante: (840.00, 344.00)
2025-05-19 16:57:03 - jugador - [DEBUG] - [JUGADOR_0] Intento de ataque en cooldown (700.0ms). Tiempo desde último: 381ms
2025-05-19 16:57:03 - jugador - [DEBUG] - [JUGADOR_0] Delta flotante intentado: dx=-2.8800, dy=0.0000 (delta_time: 0.0160)
2025-05-19 16:57:03 - jugador - [DEBUG] - [JUGADOR_0] Pos flotante (pre-límites): (837.1200, 344.0000)
2025-05-19 16:57:03 - jugador - [DEBUG] - [JUGADOR_0] Pos flotante (post-límites): (837.1200, 344.0000)
2025-05-19 16:57:03 - jugador - [DEBUG] - [JUGADOR_0] Movimiento para CH: dx_int=-3, dy_int=0. HB (antes CH): (840, 344), PosFlotante: (837.1200,344.0000)
2025-05-19 16:57:03 - jugador - [DEBUG] - [JUGADOR_0] Iniciando gestión de colisión con dx=-3, dy=0. Hitbox actual: (840, 344)
2025-05-19 16:57:03 - jugador - [DEBUG] - [JUGADOR_0] Posición POST CH: HB: (842, 344), PosFlotante: (842.00, 344.00)
2025-05-19 16:57:03 - jugador - [DEBUG] - [JUGADOR_0] Pos flotante (pre-límites): (839.1200, 344.0000)
2025-05-19 16:57:03 - jugador - [DEBUG] - [JUGADOR_0] Pos flotante (post-límites): (839.1200, 344.0000)
2025-05-19 16:57:03 - jugador - [DEBUG] - [JUGADOR_0] Movimiento para CH: dx_int=-3, dy_int=0. HB (antes CH): (842, 344), PosFlotante: (839.1200,344.0000)
2025-05-19 16:57:03 - jugador - [DEBUG] - [JUGADOR_0] Iniciando gestión de colisión con dx=-3, dy=0. Hitbox actual: (842, 344)
2025-05-19 16:57:03 - jugador - [DEBUG] - [JUGADOR_0] Posición POST CH: HB: (844, 344), PosFlotante: (844.00, 344.00)
2025-05-19 16:57:03 - jugador - [DEBUG] - [JUGADOR_0] Pos flotante (pre-límites): (841.1200, 344.0000)
2025-05-19 16:57:03 - jugador - [DEBUG] - [JUGADOR_0] Pos flotante (post-límites): (841.1200, 344.0000)
2025-05-19 16:57:03 - jugador - [DEBUG] - [JUGADOR_0] Movimiento para CH: dx_int=-3, dy_int=0. HB (antes CH): (844, 344), PosFlotante: (841.1200,344.0000)
2025-05-19 16:57:03 - jugador - [DEBUG] - [JUGADOR_0] Iniciando gestión de colisión con dx=-3, dy=0. Hitbox actual: (844, 344)
2025-05-19 16:57:03 - jugador - [DEBUG] - [JUGADOR_0] Posición POST CH: HB: (846, 344), PosFlotante: (846.00, 344.00)
2025-05-19 16:57:03 - jugador - [DEBUG] - [JUGADOR_0] Input teclado procesado: mov_x_input_raw=-180, mov_y_input_raw=0
2025-05-19 16:57:03 - jugador - [DEBUG] - [JUGADOR_0] Delta flotante intentado: dx=-3.0600, dy=0.0000 (delta_time: 0.0170)
2025-05-19 16:57:03 - jugador - [DEBUG] - [JUGADOR_0] Pos flotante (pre-límites): (842.9400, 344.0000)
2025-05-19 16:57:03 - jugador - [DEBUG] - [JUGADOR_0] Pos flotante (post-límites): (842.9400, 344.0000)
2025-05-19 16:57:03 - jugador - [DEBUG] - [JUGADOR_0] Movimiento para CH: dx_int=-4, dy_int=0. HB (antes CH): (846, 344), PosFlotante: (842.9400,344.0000)
2025-05-19 16:57:03 - jugador - [DEBUG] - [JUGADOR_0] Iniciando gestión de colisión con dx=-4, dy=0. Hitbox actual: (846, 344)
2025-05-19 16:57:03 - jugador - [DEBUG] - [JUGADOR_0] Posición POST CH: HB: (848, 344), PosFlotante: (848.00, 344.00)
2025-05-19 16:57:03 - jugador - [DEBUG] - [JUGADOR_0] Pos flotante (pre-límites): (844.9400, 344.0000)
2025-05-19 16:57:03 - jugador - [DEBUG] - [JUGADOR_0] Pos flotante (post-límites): (844.9400, 344.0000)
2025-05-19 16:57:03 - jugador - [DEBUG] - [JUGADOR_0] Movimiento para CH: dx_int=-4, dy_int=0. HB (antes CH): (848, 344), PosFlotante: (844.9400,344.0000)
2025-05-19 16:57:03 - jugador - [DEBUG] - [JUGADOR_0] Iniciando gestión de colisión con dx=-4, dy=0. Hitbox actual: (848, 344)
2025-05-19 16:57:03 - jugador - [DEBUG] - [JUGADOR_0] Posición POST CH: HB: (850, 344), PosFlotante: (850.00, 344.00)
2025-05-19 16:57:03 - jugador - [DEBUG] - [JUGADOR_0] Pos flotante (pre-límites): (846.9400, 344.0000)
2025-05-19 16:57:03 - jugador - [DEBUG] - [JUGADOR_0] Pos flotante (post-límites): (846.9400, 344.0000)
2025-05-19 16:57:03 - jugador - [DEBUG] - [JUGADOR_0] Movimiento para CH: dx_int=-4, dy_int=0. HB (antes CH): (850, 344), PosFlotante: (846.9400,344.0000)
2025-05-19 16:57:03 - jugador - [DEBUG] - [JUGADOR_0] Iniciando gestión de colisión con dx=-4, dy=0. Hitbox actual: (850, 344)
2025-05-19 16:57:03 - jugador - [DEBUG] - [JUGADOR_0] Posición POST CH: HB: (852, 344), PosFlotante: (852.00, 344.00)
2025-05-19 16:57:03 - jugador - [DEBUG] - [JUGADOR_0] Input teclado procesado: mov_x_input_raw=-180, mov_y_input_raw=0
2025-05-19 16:57:03 - jugador - [DEBUG] - [JUGADOR_0] Delta flotante intentado: dx=-3.0600, dy=0.0000 (delta_time: 0.0170)
2025-05-19 16:57:03 - jugador - [DEBUG] - [JUGADOR_0] Pos flotante (pre-límites): (848.9400, 344.0000)
2025-05-19 16:57:03 - jugador - [DEBUG] - [JUGADOR_0] Pos flotante (post-límites): (848.9400, 344.0000)
2025-05-19 16:57:03 - jugador - [DEBUG] - [JUGADOR_0] Movimiento para CH: dx_int=-4, dy_int=0. HB (antes CH): (852, 344), PosFlotante: (848.9400,344.0000)
2025-05-19 16:57:03 - jugador - [DEBUG] - [JUGADOR_0] Iniciando gestión de colisión con dx=-4, dy=0. Hitbox actual: (852, 344)
2025-05-19 16:57:03 - jugador - [DEBUG] - [JUGADOR_0] Posición POST CH: HB: (854, 344), PosFlotante: (854.00, 344.00)
2025-05-19 16:57:03 - jugador - [DEBUG] - [JUGADOR_0] Input teclado procesado: mov_x_input_raw=-180, mov_y_input_raw=180
2025-05-19 16:57:03 - jugador - [DEBUG] - [JUGADOR_0] Delta flotante intentado: dx=-3.0600, dy=3.0600 (delta_time: 0.0170)
2025-05-19 16:57:03 - jugador - [DEBUG] - [JUGADOR_0] Pos flotante (pre-límites): (850.9400, 347.0600)
2025-05-19 16:57:03 - jugador - [DEBUG] - [JUGADOR_0] Pos flotante (post-límites): (850.9400, 347.0600)
2025-05-19 16:57:03 - jugador - [DEBUG] - [JUGADOR_0] Movimiento para CH: dx_int=-4, dy_int=4. HB (antes CH): (854, 344), PosFlotante: (850.9400,347.0600)
2025-05-19 16:57:03 - jugador - [DEBUG] - [JUGADOR_0] Iniciando gestión de colisión con dx=-4, dy=4. Hitbox actual: (854, 344)
2025-05-19 16:57:03 - jugador - [DEBUG] - [JUGADOR_0] Posición POST CH: HB: (856, 348), PosFlotante: (856.00, 348.00)
2025-05-19 16:57:03 - jugador - [DEBUG] - [JUGADOR_0] Pos flotante (pre-límites): (852.9400, 351.0600)
2025-05-19 16:57:03 - jugador - [DEBUG] - [JUGADOR_0] Pos flotante (post-límites): (852.9400, 351.0600)
2025-05-19 16:57:03 - jugador - [DEBUG] - [JUGADOR_0] Movimiento para CH: dx_int=-4, dy_int=4. HB (antes CH): (856, 348), PosFlotante: (852.9400,351.0600)
2025-05-19 16:57:03 - jugador - [DEBUG] - [JUGADOR_0] Iniciando gestión de colisión con dx=-4, dy=4. Hitbox actual: (856, 348)
2025-05-19 16:57:03 - jugador - [DEBUG] - [JUGADOR_0] Posición POST CH: HB: (858, 352), PosFlotante: (858.00, 352.00)
2025-05-19 16:57:03 - jugador - [DEBUG] - [JUGADOR_0] Delta flotante intentado: dx=-2.8800, dy=2.8800 (delta_time: 0.0160)
2025-05-19 16:57:03 - jugador - [DEBUG] - [JUGADOR_0] Pos flotante (pre-límites): (855.1200, 354.8800)
2025-05-19 16:57:03 - jugador - [DEBUG] - [JUGADOR_0] Pos flotante (post-límites): (855.1200, 354.8800)
2025-05-19 16:57:03 - jugador - [DEBUG] - [JUGADOR_0] Movimiento para CH: dx_int=-3, dy_int=3. HB (antes CH): (858, 352), PosFlotante: (855.1200,354.8800)
2025-05-19 16:57:03 - jugador - [DEBUG] - [JUGADOR_0] Iniciando gestión de colisión con dx=-3, dy=3. Hitbox actual: (858, 352)
2025-05-19 16:57:03 - jugador - [DEBUG] - [JUGADOR_0] Posición POST CH: HB: (860, 355), PosFlotante: (860.00, 355.00)
2025-05-19 16:57:04 - jugador - [DEBUG] - [JUGADOR_0] Pos flotante (pre-límites): (857.1200, 357.8800)
2025-05-19 16:57:04 - jugador - [DEBUG] - [JUGADOR_0] Pos flotante (post-límites): (857.1200, 357.8800)
2025-05-19 16:57:04 - jugador - [DEBUG] - [JUGADOR_0] Movimiento para CH: dx_int=-3, dy_int=3. HB (antes CH): (860, 355), PosFlotante: (857.1200,357.8800)
2025-05-19 16:57:04 - jugador - [DEBUG] - [JUGADOR_0] Iniciando gestión de colisión con dx=-3, dy=3. Hitbox actual: (860, 355)
2025-05-19 16:57:04 - jugador - [DEBUG] - [JUGADOR_0] Posición POST CH: HB: (862, 358), PosFlotante: (862.00, 358.00)
2025-05-19 16:57:04 - jugador - [DEBUG] - [JUGADOR_0] Input teclado procesado: mov_x_input_raw=-180, mov_y_input_raw=180
2025-05-19 16:57:04 - jugador - [DEBUG] - [JUGADOR_0] Delta flotante intentado: dx=-3.0600, dy=3.0600 (delta_time: 0.0170)
2025-05-19 16:57:04 - jugador - [DEBUG] - [JUGADOR_0] Pos flotante (pre-límites): (858.9400, 361.0600)
2025-05-19 16:57:04 - jugador - [DEBUG] - [JUGADOR_0] Pos flotante (post-límites): (858.9400, 361.0600)
2025-05-19 16:57:04 - jugador - [DEBUG] - [JUGADOR_0] Movimiento para CH: dx_int=-4, dy_int=4. HB (antes CH): (862, 358), PosFlotante: (858.9400,361.0600)
2025-05-19 16:57:04 - jugador - [DEBUG] - [JUGADOR_0] Iniciando gestión de colisión con dx=-4, dy=4. Hitbox actual: (862, 358)
2025-05-19 16:57:04 - jugador - [DEBUG] - [JUGADOR_0] Posición POST CH: HB: (864, 362), PosFlotante: (864.00, 362.00)
2025-05-19 16:57:04 - jugador - [DEBUG] - [JUGADOR_0] Intento de ataque en cooldown (700.0ms). Tiempo desde último: 581ms
2025-05-19 16:57:04 - jugador - [DEBUG] - [JUGADOR_0] Pos flotante (pre-límites): (860.9400, 365.0600)
2025-05-19 16:57:04 - jugador - [DEBUG] - [JUGADOR_0] Pos flotante (post-límites): (860.9400, 365.0600)
2025-05-19 16:57:04 - jugador - [DEBUG] - [JUGADOR_0] Movimiento para CH: dx_int=-4, dy_int=4. HB (antes CH): (864, 362), PosFlotante: (860.9400,365.0600)
2025-05-19 16:57:04 - jugador - [DEBUG] - [JUGADOR_0] Iniciando gestión de colisión con dx=-4, dy=4. Hitbox actual: (864, 362)
2025-05-19 16:57:04 - jugador - [DEBUG] - [JUGADOR_0] Posición POST CH: HB: (865, 366), PosFlotante: (865.00, 366.00)
2025-05-19 16:57:04 - jugador - [DEBUG] - [JUGADOR_0] Delta flotante intentado: dx=-2.8800, dy=2.8800 (delta_time: 0.0160)
2025-05-19 16:57:04 - jugador - [DEBUG] - [JUGADOR_0] Pos flotante (pre-límites): (862.1200, 368.8800)
2025-05-19 16:57:04 - jugador - [DEBUG] - [JUGADOR_0] Pos flotante (post-límites): (862.1200, 368.8800)
2025-05-19 16:57:04 - jugador - [DEBUG] - [JUGADOR_0] Movimiento para CH: dx_int=-3, dy_int=3. HB (antes CH): (865, 366), PosFlotante: (862.1200,368.8800)
2025-05-19 16:57:04 - jugador - [DEBUG] - [JUGADOR_0] Iniciando gestión de colisión con dx=-3, dy=3. Hitbox actual: (865, 366)
2025-05-19 16:57:04 - jugador - [DEBUG] - [JUGADOR_0] Posición POST CH: HB: (862, 369), PosFlotante: (862.00, 369.00)
2025-05-19 16:57:04 - jugador - [DEBUG] - [JUGADOR_0] Pos flotante (pre-límites): (859.1200, 371.8800)
2025-05-19 16:57:04 - jugador - [DEBUG] - [JUGADOR_0] Pos flotante (post-límites): (859.1200, 371.8800)
2025-05-19 16:57:04 - jugador - [DEBUG] - [JUGADOR_0] Movimiento para CH: dx_int=-3, dy_int=3. HB (antes CH): (862, 369), PosFlotante: (859.1200,371.8800)
2025-05-19 16:57:04 - jugador - [DEBUG] - [JUGADOR_0] Iniciando gestión de colisión con dx=-3, dy=3. Hitbox actual: (862, 369)
2025-05-19 16:57:04 - jugador - [DEBUG] - [JUGADOR_0] Posición POST CH: HB: (859, 372), PosFlotante: (859.00, 372.00)
2025-05-19 16:57:04 - jugador - [DEBUG] - [JUGADOR_0] Input teclado procesado: mov_x_input_raw=-180, mov_y_input_raw=180
2025-05-19 16:57:04 - jugador - [DEBUG] - [JUGADOR_0] Delta flotante intentado: dx=-3.0600, dy=3.0600 (delta_time: 0.0170)
2025-05-19 16:57:04 - jugador - [DEBUG] - [JUGADOR_0] Pos flotante (pre-límites): (855.9400, 375.0600)
2025-05-19 16:57:04 - jugador - [DEBUG] - [JUGADOR_0] Pos flotante (post-límites): (855.9400, 375.0600)
2025-05-19 16:57:04 - jugador - [DEBUG] - [JUGADOR_0] Movimiento para CH: dx_int=-4, dy_int=4. HB (antes CH): (859, 372), PosFlotante: (855.9400,375.0600)
2025-05-19 16:57:04 - jugador - [DEBUG] - [JUGADOR_0] Iniciando gestión de colisión con dx=-4, dy=4. Hitbox actual: (859, 372)
2025-05-19 16:57:04 - jugador - [DEBUG] - [JUGADOR_0] Posición POST CH: HB: (859, 376), PosFlotante: (859.00, 376.00)
2025-05-19 16:57:04 - jugador - [DEBUG] - [JUGADOR_0] Pos flotante (pre-límites): (855.9400, 379.0600)
2025-05-19 16:57:04 - jugador - [DEBUG] - [JUGADOR_0] Pos flotante (post-límites): (855.9400, 379.0600)
2025-05-19 16:57:04 - jugador - [DEBUG] - [JUGADOR_0] Movimiento para CH: dx_int=-4, dy_int=4. HB (antes CH): (859, 376), PosFlotante: (855.9400,379.0600)
2025-05-19 16:57:04 - jugador - [DEBUG] - [JUGADOR_0] Iniciando gestión de colisión con dx=-4, dy=4. Hitbox actual: (859, 376)
2025-05-19 16:57:04 - jugador - [DEBUG] - [JUGADOR_0] Posición POST CH: HB: (861, 380), PosFlotante: (861.00, 380.00)
2025-05-19 16:57:04 - jugador - [DEBUG] - [JUGADOR_0] Pos flotante (pre-límites): (857.9400, 383.0600)
2025-05-19 16:57:04 - jugador - [DEBUG] - [JUGADOR_0] Pos flotante (post-límites): (857.9400, 383.0600)
2025-05-19 16:57:04 - jugador - [DEBUG] - [JUGADOR_0] Movimiento para CH: dx_int=-4, dy_int=4. HB (antes CH): (861, 380), PosFlotante: (857.9400,383.0600)
2025-05-19 16:57:04 - jugador - [DEBUG] - [JUGADOR_0] Iniciando gestión de colisión con dx=-4, dy=4. Hitbox actual: (861, 380)
2025-05-19 16:57:04 - jugador - [DEBUG] - [JUGADOR_0] Posición POST CH: HB: (863, 384), PosFlotante: (863.00, 384.00)
2025-05-19 16:57:04 - jugador - [DEBUG] - [JUGADOR_0] Input teclado procesado: mov_x_input_raw=-180, mov_y_input_raw=180
2025-05-19 16:57:04 - jugador - [DEBUG] - [JUGADOR_0] Delta flotante intentado: dx=-2.8800, dy=2.8800 (delta_time: 0.0160)
2025-05-19 16:57:04 - jugador - [DEBUG] - [JUGADOR_0] Pos flotante (pre-límites): (860.1200, 386.8800)
2025-05-19 16:57:04 - jugador - [DEBUG] - [JUGADOR_0] Pos flotante (post-límites): (860.1200, 386.8800)
2025-05-19 16:57:04 - jugador - [DEBUG] - [JUGADOR_0] Movimiento para CH: dx_int=-3, dy_int=3. HB (antes CH): (863, 384), PosFlotante: (860.1200,386.8800)
2025-05-19 16:57:04 - jugador - [DEBUG] - [JUGADOR_0] Iniciando gestión de colisión con dx=-3, dy=3. Hitbox actual: (863, 384)
2025-05-19 16:57:04 - jugador - [DEBUG] - [JUGADOR_0] Posición POST CH: HB: (864, 387), PosFlotante: (864.00, 387.00)
2025-05-19 16:57:04 - jugador - [DEBUG] - [JUGADOR_0] Delta flotante intentado: dx=-3.0600, dy=3.0600 (delta_time: 0.0170)
2025-05-19 16:57:04 - jugador - [DEBUG] - [JUGADOR_0] Pos flotante (pre-límites): (860.9400, 390.0600)
2025-05-19 16:57:04 - jugador - [DEBUG] - [JUGADOR_0] Pos flotante (post-límites): (860.9400, 390.0600)
2025-05-19 16:57:04 - jugador - [DEBUG] - [JUGADOR_0] Movimiento para CH: dx_int=-4, dy_int=4. HB (antes CH): (864, 387), PosFlotante: (860.9400,390.0600)
2025-05-19 16:57:04 - jugador - [DEBUG] - [JUGADOR_0] Iniciando gestión de colisión con dx=-4, dy=4. Hitbox actual: (864, 387)
2025-05-19 16:57:04 - jugador - [DEBUG] - [JUGADOR_0] Posición POST CH: HB: (865, 391), PosFlotante: (865.00, 391.00)
2025-05-19 16:57:04 - jugador - [DEBUG] - [JUGADOR_0] Input teclado procesado: mov_x_input_raw=180, mov_y_input_raw=180
2025-05-19 16:57:04 - jugador - [DEBUG] - [JUGADOR_0] Delta flotante intentado: dx=2.8800, dy=2.8800 (delta_time: 0.0160)
2025-05-19 16:57:04 - jugador - [DEBUG] - [JUGADOR_0] Pos flotante (pre-límites): (867.8800, 393.8800)
2025-05-19 16:57:04 - jugador - [DEBUG] - [JUGADOR_0] Pos flotante (post-límites): (867.8800, 393.8800)
2025-05-19 16:57:04 - jugador - [DEBUG] - [JUGADOR_0] Movimiento para CH: dx_int=3, dy_int=3. HB (antes CH): (865, 391), PosFlotante: (867.8800,393.8800)
2025-05-19 16:57:04 - jugador - [DEBUG] - [JUGADOR_0] Iniciando gestión de colisión con dx=3, dy=3. Hitbox actual: (865, 391)
2025-05-19 16:57:04 - jugador - [DEBUG] - [JUGADOR_0] Posición POST CH: HB: (869, 394), PosFlotante: (869.00, 394.00)
2025-05-19 16:57:04 - jugador - [DEBUG] - [JUGADOR_0] Pos flotante (pre-límites): (871.8800, 396.8800)
2025-05-19 16:57:04 - jugador - [DEBUG] - [JUGADOR_0] Pos flotante (post-límites): (871.8800, 396.8800)
2025-05-19 16:57:04 - jugador - [DEBUG] - [JUGADOR_0] Movimiento para CH: dx_int=3, dy_int=3. HB (antes CH): (869, 394), PosFlotante: (871.8800,396.8800)
2025-05-19 16:57:04 - jugador - [DEBUG] - [JUGADOR_0] Iniciando gestión de colisión con dx=3, dy=3. Hitbox actual: (869, 394)
2025-05-19 16:57:04 - jugador - [DEBUG] - [JUGADOR_0] Posición POST CH: HB: (872, 397), PosFlotante: (872.00, 397.00)
2025-05-19 16:57:04 - jugador - [DEBUG] - [JUGADOR_0] Delta flotante intentado: dx=3.0600, dy=3.0600 (delta_time: 0.0170)
2025-05-19 16:57:04 - jugador - [DEBUG] - [JUGADOR_0] Pos flotante (pre-límites): (875.0600, 400.0600)
2025-05-19 16:57:04 - jugador - [DEBUG] - [JUGADOR_0] Pos flotante (post-límites): (875.0600, 400.0600)
2025-05-19 16:57:04 - jugador - [DEBUG] - [JUGADOR_0] Movimiento para CH: dx_int=4, dy_int=4. HB (antes CH): (872, 397), PosFlotante: (875.0600,400.0600)
2025-05-19 16:57:04 - jugador - [DEBUG] - [JUGADOR_0] Iniciando gestión de colisión con dx=4, dy=4. Hitbox actual: (872, 397)
2025-05-19 16:57:04 - jugador - [DEBUG] - [JUGADOR_0] Posición POST CH: HB: (876, 401), PosFlotante: (876.00, 401.00)
2025-05-19 16:57:04 - jugador - [DEBUG] - [JUGADOR_0] Pos flotante (pre-límites): (878.8800, 403.8800)
2025-05-19 16:57:04 - jugador - [DEBUG] - [JUGADOR_0] Pos flotante (post-límites): (878.8800, 403.8800)
2025-05-19 16:57:04 - jugador - [DEBUG] - [JUGADOR_0] Movimiento para CH: dx_int=3, dy_int=3. HB (antes CH): (876, 401), PosFlotante: (878.8800,403.8800)
2025-05-19 16:57:04 - jugador - [DEBUG] - [JUGADOR_0] Iniciando gestión de colisión con dx=3, dy=3. Hitbox actual: (876, 401)
2025-05-19 16:57:04 - jugador - [DEBUG] - [JUGADOR_0] Posición POST CH: HB: (879, 404), PosFlotante: (879.00, 404.00)
2025-05-19 16:57:04 - jugador - [DEBUG] - [JUGADOR_0] Input teclado procesado: mov_x_input_raw=-180, mov_y_input_raw=180
2025-05-19 16:57:04 - jugador - [DEBUG] - [JUGADOR_0] Delta flotante intentado: dx=-2.8800, dy=2.8800 (delta_time: 0.0160)
2025-05-19 16:57:04 - jugador - [DEBUG] - [JUGADOR_0] Pos flotante (pre-límites): (876.1200, 406.8800)
2025-05-19 16:57:04 - jugador - [DEBUG] - [JUGADOR_0] Pos flotante (post-límites): (876.1200, 406.8800)
2025-05-19 16:57:04 - jugador - [DEBUG] - [JUGADOR_0] Movimiento para CH: dx_int=-3, dy_int=3. HB (antes CH): (879, 404), PosFlotante: (876.1200,406.8800)
2025-05-19 16:57:04 - jugador - [DEBUG] - [JUGADOR_0] Iniciando gestión de colisión con dx=-3, dy=3. Hitbox actual: (879, 404)
2025-05-19 16:57:04 - jugador - [DEBUG] - [JUGADOR_0] Posición POST CH: HB: (876, 407), PosFlotante: (876.00, 407.00)
2025-05-19 16:57:04 - jugador - [DEBUG] - [JUGADOR_0] Pos flotante (pre-límites): (873.1200, 409.8800)
2025-05-19 16:57:04 - jugador - [DEBUG] - [JUGADOR_0] Pos flotante (post-límites): (873.1200, 409.8800)
2025-05-19 16:57:04 - jugador - [DEBUG] - [JUGADOR_0] Movimiento para CH: dx_int=-3, dy_int=3. HB (antes CH): (876, 407), PosFlotante: (873.1200,409.8800)
2025-05-19 16:57:04 - jugador - [DEBUG] - [JUGADOR_0] Iniciando gestión de colisión con dx=-3, dy=3. Hitbox actual: (876, 407)
2025-05-19 16:57:04 - jugador - [DEBUG] - [JUGADOR_0] Posición POST CH: HB: (873, 410), PosFlotante: (873.00, 410.00)
2025-05-19 16:57:04 - jugador - [DEBUG] - [JUGADOR_0] Pos flotante (pre-límites): (870.1200, 412.8800)
2025-05-19 16:57:04 - jugador - [DEBUG] - [JUGADOR_0] Pos flotante (post-límites): (870.1200, 412.8800)
2025-05-19 16:57:04 - jugador - [DEBUG] - [JUGADOR_0] Movimiento para CH: dx_int=-3, dy_int=3. HB (antes CH): (873, 410), PosFlotante: (870.1200,412.8800)
2025-05-19 16:57:04 - jugador - [DEBUG] - [JUGADOR_0] Iniciando gestión de colisión con dx=-3, dy=3. Hitbox actual: (873, 410)
2025-05-19 16:57:04 - jugador - [DEBUG] - [JUGADOR_0] Posición POST CH: HB: (870, 413), PosFlotante: (870.00, 413.00)
2025-05-19 16:57:04 - jugador - [DEBUG] - [JUGADOR_0] Delta flotante intentado: dx=-3.0600, dy=3.0600 (delta_time: 0.0170)
2025-05-19 16:57:04 - jugador - [DEBUG] - [JUGADOR_0] Pos flotante (pre-límites): (866.9400, 416.0600)
2025-05-19 16:57:04 - jugador - [DEBUG] - [JUGADOR_0] Pos flotante (post-límites): (866.9400, 416.0600)
2025-05-19 16:57:04 - jugador - [DEBUG] - [JUGADOR_0] Movimiento para CH: dx_int=-4, dy_int=4. HB (antes CH): (870, 413), PosFlotante: (866.9400,416.0600)
2025-05-19 16:57:04 - jugador - [DEBUG] - [JUGADOR_0] Iniciando gestión de colisión con dx=-4, dy=4. Hitbox actual: (870, 413)
2025-05-19 16:57:04 - jugador - [DEBUG] - [JUGADOR_0] Posición POST CH: HB: (866, 417), PosFlotante: (866.00, 417.00)
2025-05-19 16:57:04 - jugador - [DEBUG] - [JUGADOR_0] Input teclado procesado: mov_x_input_raw=-180, mov_y_input_raw=180
2025-05-19 16:57:04 - jugador - [DEBUG] - [JUGADOR_0] Pos flotante (pre-límites): (862.9400, 420.0600)
2025-05-19 16:57:04 - jugador - [DEBUG] - [JUGADOR_0] Pos flotante (post-límites): (862.9400, 420.0600)
2025-05-19 16:57:04 - jugador - [DEBUG] - [JUGADOR_0] Movimiento para CH: dx_int=-4, dy_int=4. HB (antes CH): (866, 417), PosFlotante: (862.9400,420.0600)
2025-05-19 16:57:04 - jugador - [DEBUG] - [JUGADOR_0] Iniciando gestión de colisión con dx=-4, dy=4. Hitbox actual: (866, 417)
2025-05-19 16:57:04 - jugador - [DEBUG] - [JUGADOR_0] Posición POST CH: HB: (862, 421), PosFlotante: (862.00, 421.00)
2025-05-19 16:57:04 - jugador - [INFO] - [JUGADOR_0] ATAQUE INICIADO (Cooldown: 700.0ms). Perfil: 'espada_predeterminada'
2025-05-19 16:57:04 - jugador - [DEBUG] - [JUGADOR_0] Delta flotante intentado: dx=-2.8800, dy=2.8800 (delta_time: 0.0160)
2025-05-19 16:57:04 - jugador - [DEBUG] - [JUGADOR_0] Pos flotante (pre-límites): (859.1200, 423.8800)
2025-05-19 16:57:04 - jugador - [DEBUG] - [JUGADOR_0] Pos flotante (post-límites): (859.1200, 423.8800)
2025-05-19 16:57:04 - jugador - [DEBUG] - [JUGADOR_0] Movimiento para CH: dx_int=-3, dy_int=3. HB (antes CH): (862, 421), PosFlotante: (859.1200,423.8800)
2025-05-19 16:57:04 - jugador - [DEBUG] - [JUGADOR_0] Iniciando gestión de colisión con dx=-3, dy=3. Hitbox actual: (862, 421)
2025-05-19 16:57:04 - jugador - [DEBUG] - [JUGADOR_0] Posición POST CH: HB: (859, 424), PosFlotante: (859.00, 424.00)
2025-05-19 16:57:04 - jugador - [DEBUG] - [JUGADOR_0] Hitbox ataque: <rect(844, 401, 54, 69)>, Dir: (-1.00, 0.00)
2025-05-19 16:57:04 - jugador - [INFO] - [JUGADOR_0] GOLPEÓ a [Enemigo_2] con perfil 'espada_predeterminada'. Daño: 10.0
2025-05-19 16:57:04 - jugador - [DEBUG] - [JUGADOR_0] Pos flotante (pre-límites): (856.1200, 426.8800)
2025-05-19 16:57:04 - jugador - [DEBUG] - [JUGADOR_0] Pos flotante (post-límites): (856.1200, 426.8800)
2025-05-19 16:57:04 - jugador - [DEBUG] - [JUGADOR_0] Movimiento para CH: dx_int=-3, dy_int=3. HB (antes CH): (859, 424), PosFlotante: (856.1200,426.8800)
2025-05-19 16:57:04 - jugador - [DEBUG] - [JUGADOR_0] Iniciando gestión de colisión con dx=-3, dy=3. Hitbox actual: (859, 424)
2025-05-19 16:57:04 - jugador - [DEBUG] - [JUGADOR_0] Posición POST CH: HB: (856, 427), PosFlotante: (856.00, 427.00)
2025-05-19 16:57:04 - jugador - [DEBUG] - [JUGADOR_0] Hitbox ataque: <rect(841, 404, 54, 69)>, Dir: (-1.00, 0.00)
2025-05-19 16:57:04 - jugador - [DEBUG] - [JUGADOR_0] Delta flotante intentado: dx=-3.0600, dy=3.0600 (delta_time: 0.0170)
2025-05-19 16:57:04 - jugador - [DEBUG] - [JUGADOR_0] Pos flotante (pre-límites): (852.9400, 430.0600)
2025-05-19 16:57:04 - jugador - [DEBUG] - [JUGADOR_0] Pos flotante (post-límites): (852.9400, 430.0600)
2025-05-19 16:57:04 - jugador - [DEBUG] - [JUGADOR_0] Movimiento para CH: dx_int=-4, dy_int=4. HB (antes CH): (856, 427), PosFlotante: (852.9400,430.0600)
2025-05-19 16:57:04 - jugador - [DEBUG] - [JUGADOR_0] Iniciando gestión de colisión con dx=-4, dy=4. Hitbox actual: (856, 427)
2025-05-19 16:57:04 - jugador - [DEBUG] - [JUGADOR_0] Posición POST CH: HB: (852, 431), PosFlotante: (852.00, 431.00)
2025-05-19 16:57:04 - jugador - [DEBUG] - [JUGADOR_0] Hitbox ataque: <rect(837, 408, 54, 69)>, Dir: (-1.00, 0.00)
2025-05-19 16:57:04 - jugador - [DEBUG] - [JUGADOR_0] Input teclado procesado: mov_x_input_raw=-180, mov_y_input_raw=180
2025-05-19 16:57:04 - jugador - [DEBUG] - [JUGADOR_0] Pos flotante (pre-límites): (849.1200, 433.8800)
2025-05-19 16:57:04 - jugador - [DEBUG] - [JUGADOR_0] Pos flotante (post-límites): (849.1200, 433.8800)
2025-05-19 16:57:04 - jugador - [DEBUG] - [JUGADOR_0] Movimiento para CH: dx_int=-3, dy_int=3. HB (antes CH): (852, 431), PosFlotante: (849.1200,433.8800)
2025-05-19 16:57:04 - jugador - [DEBUG] - [JUGADOR_0] Iniciando gestión de colisión con dx=-3, dy=3. Hitbox actual: (852, 431)
2025-05-19 16:57:04 - jugador - [DEBUG] - [JUGADOR_0] Posición POST CH: HB: (849, 434), PosFlotante: (849.00, 434.00)
2025-05-19 16:57:04 - jugador - [DEBUG] - [JUGADOR_0] Hitbox ataque: <rect(834, 411, 54, 69)>, Dir: (-1.00, 0.00)
2025-05-19 16:57:04 - jugador - [DEBUG] - [JUGADOR_0] Input teclado procesado: mov_x_input_raw=0, mov_y_input_raw=180
2025-05-19 16:57:04 - jugador - [DEBUG] - [JUGADOR_0] Delta flotante intentado: dx=0.0000, dy=3.0600 (delta_time: 0.0170)
2025-05-19 16:57:04 - jugador - [DEBUG] - [JUGADOR_0] Pos flotante (pre-límites): (849.0000, 437.0600)
2025-05-19 16:57:04 - jugador - [DEBUG] - [JUGADOR_0] Pos flotante (post-límites): (849.0000, 437.0600)
2025-05-19 16:57:04 - jugador - [DEBUG] - [JUGADOR_0] Movimiento para CH: dx_int=0, dy_int=4. HB (antes CH): (849, 434), PosFlotante: (849.0000,437.0600)
2025-05-19 16:57:04 - jugador - [DEBUG] - [JUGADOR_0] Iniciando gestión de colisión con dx=0, dy=4. Hitbox actual: (849, 434)
2025-05-19 16:57:04 - jugador - [DEBUG] - [JUGADOR_0] Posición POST CH: HB: (849, 438), PosFlotante: (849.00, 438.00)
2025-05-19 16:57:04 - jugador - [DEBUG] - [JUGADOR_0] Hitbox ataque: <rect(827, 422, 69, 54)>, Dir: (0.00, 1.00)
2025-05-19 16:57:04 - jugador - [DEBUG] - [JUGADOR_0] Delta flotante intentado: dx=0.0000, dy=2.8800 (delta_time: 0.0160)
2025-05-19 16:57:04 - jugador - [DEBUG] - [JUGADOR_0] Pos flotante (pre-límites): (849.0000, 440.8800)
2025-05-19 16:57:04 - jugador - [DEBUG] - [JUGADOR_0] Pos flotante (post-límites): (849.0000, 440.8800)
2025-05-19 16:57:04 - jugador - [DEBUG] - [JUGADOR_0] Movimiento para CH: dx_int=0, dy_int=3. HB (antes CH): (849, 438), PosFlotante: (849.0000,440.8800)
2025-05-19 16:57:04 - jugador - [DEBUG] - [JUGADOR_0] Iniciando gestión de colisión con dx=0, dy=3. Hitbox actual: (849, 438)
2025-05-19 16:57:04 - jugador - [DEBUG] - [JUGADOR_0] Posición POST CH: HB: (849, 441), PosFlotante: (849.00, 441.00)
2025-05-19 16:57:04 - jugador - [DEBUG] - [JUGADOR_0] Hitbox ataque: <rect(827, 425, 69, 54)>, Dir: (0.00, 1.00)
2025-05-19 16:57:04 - jugador - [DEBUG] - [JUGADOR_0] Pos flotante (pre-límites): (849.0000, 443.8800)
2025-05-19 16:57:04 - jugador - [DEBUG] - [JUGADOR_0] Pos flotante (post-límites): (849.0000, 443.8800)
2025-05-19 16:57:04 - jugador - [DEBUG] - [JUGADOR_0] Movimiento para CH: dx_int=0, dy_int=3. HB (antes CH): (849, 441), PosFlotante: (849.0000,443.8800)
2025-05-19 16:57:04 - jugador - [DEBUG] - [JUGADOR_0] Iniciando gestión de colisión con dx=0, dy=3. Hitbox actual: (849, 441)
2025-05-19 16:57:04 - jugador - [DEBUG] - [JUGADOR_0] Posición POST CH: HB: (849, 444), PosFlotante: (849.00, 444.00)
2025-05-19 16:57:04 - jugador - [DEBUG] - [JUGADOR_0] Hitbox ataque: <rect(827, 428, 69, 54)>, Dir: (0.00, 1.00)
2025-05-19 16:57:04 - jugador - [DEBUG] - [JUGADOR_0] Pos flotante (pre-límites): (849.0000, 447.0600)
2025-05-19 16:57:04 - jugador - [DEBUG] - [JUGADOR_0] Pos flotante (post-límites): (849.0000, 447.0600)
2025-05-19 16:57:04 - jugador - [DEBUG] - [JUGADOR_0] Movimiento para CH: dx_int=0, dy_int=4. HB (antes CH): (849, 444), PosFlotante: (849.0000,447.0600)
2025-05-19 16:57:04 - jugador - [DEBUG] - [JUGADOR_0] Iniciando gestión de colisión con dx=0, dy=4. Hitbox actual: (849, 444)
2025-05-19 16:57:04 - jugador - [DEBUG] - [JUGADOR_0] Posición POST CH: HB: (849, 448), PosFlotante: (849.00, 448.00)
2025-05-19 16:57:04 - jugador - [DEBUG] - [JUGADOR_0] Hitbox ataque: <rect(827, 432, 69, 54)>, Dir: (0.00, 1.00)
2025-05-19 16:57:04 - jugador - [DEBUG] - [JUGADOR_0] Input teclado procesado: mov_x_input_raw=0, mov_y_input_raw=180
2025-05-19 16:57:04 - jugador - [DEBUG] - [JUGADOR_0] Pos flotante (pre-límites): (849.0000, 450.8800)
2025-05-19 16:57:04 - jugador - [DEBUG] - [JUGADOR_0] Pos flotante (post-límites): (849.0000, 450.8800)
2025-05-19 16:57:04 - jugador - [DEBUG] - [JUGADOR_0] Movimiento para CH: dx_int=0, dy_int=3. HB (antes CH): (849, 448), PosFlotante: (849.0000,450.8800)
2025-05-19 16:57:04 - jugador - [DEBUG] - [JUGADOR_0] Iniciando gestión de colisión con dx=0, dy=3. Hitbox actual: (849, 448)
2025-05-19 16:57:04 - jugador - [DEBUG] - [JUGADOR_0] Posición POST CH: HB: (849, 451), PosFlotante: (849.00, 451.00)
2025-05-19 16:57:04 - jugador - [DEBUG] - [JUGADOR_0] Hitbox ataque: <rect(827, 435, 69, 54)>, Dir: (0.00, 1.00)
2025-05-19 16:57:04 - jugador - [DEBUG] - [JUGADOR_0] Delta flotante intentado: dx=0.0000, dy=2.8800 (delta_time: 0.0160)
2025-05-19 16:57:04 - jugador - [DEBUG] - [JUGADOR_0] Pos flotante (pre-límites): (849.0000, 453.8800)
2025-05-19 16:57:04 - jugador - [DEBUG] - [JUGADOR_0] Pos flotante (post-límites): (849.0000, 453.8800)
2025-05-19 16:57:04 - jugador - [DEBUG] - [JUGADOR_0] Movimiento para CH: dx_int=0, dy_int=3. HB (antes CH): (849, 451), PosFlotante: (849.0000,453.8800)
2025-05-19 16:57:04 - jugador - [DEBUG] - [JUGADOR_0] Iniciando gestión de colisión con dx=0, dy=3. Hitbox actual: (849, 451)
2025-05-19 16:57:04 - jugador - [DEBUG] - [JUGADOR_0] Posición POST CH: HB: (849, 454), PosFlotante: (849.00, 454.00)
2025-05-19 16:57:04 - jugador - [DEBUG] - [JUGADOR_0] Hitbox ataque: <rect(827, 438, 69, 54)>, Dir: (0.00, 1.00)
2025-05-19 16:57:04 - jugador - [DEBUG] - [JUGADOR_0] Input teclado procesado: mov_x_input_raw=-180, mov_y_input_raw=180
2025-05-19 16:57:04 - jugador - [DEBUG] - [JUGADOR_0] Delta flotante intentado: dx=-3.0600, dy=3.0600 (delta_time: 0.0170)
2025-05-19 16:57:04 - jugador - [DEBUG] - [JUGADOR_0] Pos flotante (pre-límites): (845.9400, 457.0600)
2025-05-19 16:57:04 - jugador - [DEBUG] - [JUGADOR_0] Pos flotante (post-límites): (845.9400, 457.0600)
2025-05-19 16:57:04 - jugador - [DEBUG] - [JUGADOR_0] Movimiento para CH: dx_int=-4, dy_int=4. HB (antes CH): (849, 454), PosFlotante: (845.9400,457.0600)
2025-05-19 16:57:04 - jugador - [DEBUG] - [JUGADOR_0] Iniciando gestión de colisión con dx=-4, dy=4. Hitbox actual: (849, 454)
2025-05-19 16:57:04 - jugador - [DEBUG] - [JUGADOR_0] Posición POST CH: HB: (845, 458), PosFlotante: (845.00, 458.00)
2025-05-19 16:57:04 - jugador - [DEBUG] - [JUGADOR_0] Hitbox ataque: <rect(830, 435, 54, 69)>, Dir: (-1.00, 0.00)
2025-05-19 16:57:04 - jugador - [DEBUG] - [JUGADOR_0] Pos flotante (pre-límites): (841.9400, 461.0600)
2025-05-19 16:57:04 - jugador - [DEBUG] - [JUGADOR_0] Pos flotante (post-límites): (841.9400, 461.0600)
2025-05-19 16:57:04 - jugador - [DEBUG] - [JUGADOR_0] Movimiento para CH: dx_int=-4, dy_int=4. HB (antes CH): (845, 458), PosFlotante: (841.9400,461.0600)
2025-05-19 16:57:04 - jugador - [DEBUG] - [JUGADOR_0] Iniciando gestión de colisión con dx=-4, dy=4. Hitbox actual: (845, 458)
2025-05-19 16:57:04 - jugador - [DEBUG] - [JUGADOR_0] Posición POST CH: HB: (841, 462), PosFlotante: (841.00, 462.00)
2025-05-19 16:57:04 - jugador - [DEBUG] - [JUGADOR_0] Hitbox ataque: <rect(826, 439, 54, 69)>, Dir: (-1.00, 0.00)
2025-05-19 16:57:04 - jugador - [DEBUG] - [JUGADOR_0] Delta flotante intentado: dx=-2.8800, dy=2.8800 (delta_time: 0.0160)
2025-05-19 16:57:04 - jugador - [DEBUG] - [JUGADOR_0] Pos flotante (pre-límites): (838.1200, 464.8800)
2025-05-19 16:57:04 - jugador - [DEBUG] - [JUGADOR_0] Pos flotante (post-límites): (838.1200, 464.8800)
2025-05-19 16:57:04 - jugador - [DEBUG] - [JUGADOR_0] Movimiento para CH: dx_int=-3, dy_int=3. HB (antes CH): (841, 462), PosFlotante: (838.1200,464.8800)
2025-05-19 16:57:04 - jugador - [DEBUG] - [JUGADOR_0] Iniciando gestión de colisión con dx=-3, dy=3. Hitbox actual: (841, 462)
2025-05-19 16:57:04 - jugador - [DEBUG] - [JUGADOR_0] Posición POST CH: HB: (838, 465), PosFlotante: (838.00, 465.00)
2025-05-19 16:57:04 - jugador - [DEBUG] - [JUGADOR_0] Hitbox ataque: <rect(823, 442, 54, 69)>, Dir: (-1.00, 0.00)
2025-05-19 16:57:04 - jugador - [DEBUG] - [JUGADOR_0] Pos flotante (pre-límites): (834.9400, 468.0600)
2025-05-19 16:57:04 - jugador - [DEBUG] - [JUGADOR_0] Pos flotante (post-límites): (834.9400, 468.0600)
2025-05-19 16:57:04 - jugador - [DEBUG] - [JUGADOR_0] Movimiento para CH: dx_int=-4, dy_int=4. HB (antes CH): (838, 465), PosFlotante: (834.9400,468.0600)
2025-05-19 16:57:04 - jugador - [DEBUG] - [JUGADOR_0] Iniciando gestión de colisión con dx=-4, dy=4. Hitbox actual: (838, 465)
2025-05-19 16:57:04 - jugador - [DEBUG] - [JUGADOR_0] Posición POST CH: HB: (834, 469), PosFlotante: (834.00, 469.00)
2025-05-19 16:57:04 - jugador - [DEBUG] - [JUGADOR_0] Hitbox ataque: <rect(819, 446, 54, 69)>, Dir: (-1.00, 0.00)
2025-05-19 16:57:04 - jugador - [DEBUG] - [JUGADOR_0] Input teclado procesado: mov_x_input_raw=-180, mov_y_input_raw=0
2025-05-19 16:57:04 - jugador - [DEBUG] - [JUGADOR_0] Delta flotante intentado: dx=-2.8800, dy=0.0000 (delta_time: 0.0160)
2025-05-19 16:57:04 - jugador - [DEBUG] - [JUGADOR_0] Pos flotante (pre-límites): (831.1200, 469.0000)
2025-05-19 16:57:04 - jugador - [DEBUG] - [JUGADOR_0] Pos flotante (post-límites): (831.1200, 469.0000)
2025-05-19 16:57:04 - jugador - [DEBUG] - [JUGADOR_0] Movimiento para CH: dx_int=-3, dy_int=0. HB (antes CH): (834, 469), PosFlotante: (831.1200,469.0000)
2025-05-19 16:57:04 - jugador - [DEBUG] - [JUGADOR_0] Iniciando gestión de colisión con dx=-3, dy=0. Hitbox actual: (834, 469)
2025-05-19 16:57:04 - jugador - [DEBUG] - [JUGADOR_0] Posición POST CH: HB: (831, 469), PosFlotante: (831.00, 469.00)
2025-05-19 16:57:04 - jugador - [DEBUG] - [JUGADOR_0] Hitbox ataque: <rect(816, 446, 54, 69)>, Dir: (-1.00, 0.00)
2025-05-19 16:57:04 - jugador - [DEBUG] - [JUGADOR_0] Pos flotante (pre-límites): (828.1200, 469.0000)
2025-05-19 16:57:04 - jugador - [DEBUG] - [JUGADOR_0] Pos flotante (post-límites): (828.1200, 469.0000)
2025-05-19 16:57:04 - jugador - [DEBUG] - [JUGADOR_0] Movimiento para CH: dx_int=-3, dy_int=0. HB (antes CH): (831, 469), PosFlotante: (828.1200,469.0000)
2025-05-19 16:57:04 - jugador - [DEBUG] - [JUGADOR_0] Iniciando gestión de colisión con dx=-3, dy=0. Hitbox actual: (831, 469)
2025-05-19 16:57:04 - jugador - [DEBUG] - [JUGADOR_0] Posición POST CH: HB: (828, 469), PosFlotante: (828.00, 469.00)
2025-05-19 16:57:04 - jugador - [DEBUG] - [JUGADOR_0] Hitbox ataque: <rect(813, 446, 54, 69)>, Dir: (-1.00, 0.00)
2025-05-19 16:57:04 - jugador - [DEBUG] - [JUGADOR_0] Pos flotante (pre-límites): (825.1200, 469.0000)
2025-05-19 16:57:04 - jugador - [DEBUG] - [JUGADOR_0] Pos flotante (post-límites): (825.1200, 469.0000)
2025-05-19 16:57:04 - jugador - [DEBUG] - [JUGADOR_0] Movimiento para CH: dx_int=-3, dy_int=0. HB (antes CH): (828, 469), PosFlotante: (825.1200,469.0000)
2025-05-19 16:57:04 - jugador - [DEBUG] - [JUGADOR_0] Iniciando gestión de colisión con dx=-3, dy=0. Hitbox actual: (828, 469)
2025-05-19 16:57:04 - jugador - [DEBUG] - [JUGADOR_0] Posición POST CH: HB: (825, 469), PosFlotante: (825.00, 469.00)
2025-05-19 16:57:04 - jugador - [DEBUG] - [JUGADOR_0] ATAQUE FINALIZADO (Duración: 260ms). Enemigos golpeados: 1
2025-05-19 16:57:04 - jugador - [DEBUG] - [JUGADOR_0] Pos flotante (pre-límites): (822.1200, 469.0000)
2025-05-19 16:57:04 - jugador - [DEBUG] - [JUGADOR_0] Pos flotante (post-límites): (822.1200, 469.0000)
2025-05-19 16:57:04 - jugador - [DEBUG] - [JUGADOR_0] Movimiento para CH: dx_int=-3, dy_int=0. HB (antes CH): (825, 469), PosFlotante: (822.1200,469.0000)
2025-05-19 16:57:04 - jugador - [DEBUG] - [JUGADOR_0] Iniciando gestión de colisión con dx=-3, dy=0. Hitbox actual: (825, 469)
2025-05-19 16:57:04 - jugador - [DEBUG] - [JUGADOR_0] Posición POST CH: HB: (822, 469), PosFlotante: (822.00, 469.00)
2025-05-19 16:57:04 - jugador - [DEBUG] - [JUGADOR_0] Input teclado procesado: mov_x_input_raw=-180, mov_y_input_raw=0
2025-05-19 16:57:04 - jugador - [DEBUG] - [JUGADOR_0] Delta flotante intentado: dx=-3.0600, dy=0.0000 (delta_time: 0.0170)
2025-05-19 16:57:04 - jugador - [DEBUG] - [JUGADOR_0] Pos flotante (pre-límites): (818.9400, 469.0000)
2025-05-19 16:57:04 - jugador - [DEBUG] - [JUGADOR_0] Pos flotante (post-límites): (818.9400, 469.0000)
2025-05-19 16:57:04 - jugador - [DEBUG] - [JUGADOR_0] Movimiento para CH: dx_int=-4, dy_int=0. HB (antes CH): (822, 469), PosFlotante: (818.9400,469.0000)
2025-05-19 16:57:04 - jugador - [DEBUG] - [JUGADOR_0] Iniciando gestión de colisión con dx=-4, dy=0. Hitbox actual: (822, 469)
2025-05-19 16:57:04 - jugador - [DEBUG] - [JUGADOR_0] Posición POST CH: HB: (818, 469), PosFlotante: (818.00, 469.00)
2025-05-19 16:57:04 - jugador - [DEBUG] - [JUGADOR_0] Pos flotante (pre-límites): (814.9400, 469.0000)
2025-05-19 16:57:04 - jugador - [DEBUG] - [JUGADOR_0] Pos flotante (post-límites): (814.9400, 469.0000)
2025-05-19 16:57:04 - jugador - [DEBUG] - [JUGADOR_0] Movimiento para CH: dx_int=-4, dy_int=0. HB (antes CH): (818, 469), PosFlotante: (814.9400,469.0000)
2025-05-19 16:57:04 - jugador - [DEBUG] - [JUGADOR_0] Iniciando gestión de colisión con dx=-4, dy=0. Hitbox actual: (818, 469)
2025-05-19 16:57:04 - jugador - [DEBUG] - [JUGADOR_0] Posición POST CH: HB: (814, 469), PosFlotante: (814.00, 469.00)
2025-05-19 16:57:04 - jugador - [DEBUG] - [JUGADOR_0] Input teclado procesado: mov_x_input_raw=-180, mov_y_input_raw=-180
2025-05-19 16:57:04 - jugador - [DEBUG] - [JUGADOR_0] Delta flotante intentado: dx=-3.0600, dy=-3.0600 (delta_time: 0.0170)
2025-05-19 16:57:04 - jugador - [DEBUG] - [JUGADOR_0] Pos flotante (pre-límites): (810.9400, 465.9400)
2025-05-19 16:57:04 - jugador - [DEBUG] - [JUGADOR_0] Pos flotante (post-límites): (810.9400, 465.9400)
2025-05-19 16:57:04 - jugador - [DEBUG] - [JUGADOR_0] Movimiento para CH: dx_int=-4, dy_int=-4. HB (antes CH): (814, 469), PosFlotante: (810.9400,465.9400)
2025-05-19 16:57:04 - jugador - [DEBUG] - [JUGADOR_0] Iniciando gestión de colisión con dx=-4, dy=-4. Hitbox actual: (814, 469)
2025-05-19 16:57:04 - jugador - [DEBUG] - [JUGADOR_0] Posición POST CH: HB: (810, 465), PosFlotante: (810.00, 465.00)
2025-05-19 16:57:04 - jugador - [DEBUG] - [JUGADOR_0] Delta flotante intentado: dx=-2.8800, dy=-2.8800 (delta_time: 0.0160)
2025-05-19 16:57:04 - jugador - [DEBUG] - [JUGADOR_0] Pos flotante (pre-límites): (807.1200, 462.1200)
2025-05-19 16:57:04 - jugador - [DEBUG] - [JUGADOR_0] Pos flotante (post-límites): (807.1200, 462.1200)
2025-05-19 16:57:04 - jugador - [DEBUG] - [JUGADOR_0] Movimiento para CH: dx_int=-3, dy_int=-3. HB (antes CH): (810, 465), PosFlotante: (807.1200,462.1200)
2025-05-19 16:57:04 - jugador - [DEBUG] - [JUGADOR_0] Iniciando gestión de colisión con dx=-3, dy=-3. Hitbox actual: (810, 465)
2025-05-19 16:57:04 - jugador - [DEBUG] - [JUGADOR_0] Posición POST CH: HB: (807, 462), PosFlotante: (807.00, 462.00)
2025-05-19 16:57:04 - jugador - [DEBUG] - [JUGADOR_0] Pos flotante (pre-límites): (803.9400, 458.9400)
2025-05-19 16:57:04 - jugador - [DEBUG] - [JUGADOR_0] Pos flotante (post-límites): (803.9400, 458.9400)
2025-05-19 16:57:04 - jugador - [DEBUG] - [JUGADOR_0] Movimiento para CH: dx_int=-4, dy_int=-4. HB (antes CH): (807, 462), PosFlotante: (803.9400,458.9400)
2025-05-19 16:57:04 - jugador - [DEBUG] - [JUGADOR_0] Iniciando gestión de colisión con dx=-4, dy=-4. Hitbox actual: (807, 462)
2025-05-19 16:57:04 - jugador - [DEBUG] - [JUGADOR_0] Posición POST CH: HB: (803, 458), PosFlotante: (803.00, 458.00)
2025-05-19 16:57:04 - jugador - [DEBUG] - [JUGADOR_0] Input teclado procesado: mov_x_input_raw=-180, mov_y_input_raw=-180
2025-05-19 16:57:04 - jugador - [DEBUG] - [JUGADOR_0] Delta flotante intentado: dx=-3.0600, dy=-3.0600 (delta_time: 0.0170)
2025-05-19 16:57:04 - jugador - [DEBUG] - [JUGADOR_0] Pos flotante (pre-límites): (799.9400, 454.9400)
2025-05-19 16:57:04 - jugador - [DEBUG] - [JUGADOR_0] Pos flotante (post-límites): (799.9400, 454.9400)
2025-05-19 16:57:04 - jugador - [DEBUG] - [JUGADOR_0] Movimiento para CH: dx_int=-4, dy_int=-4. HB (antes CH): (803, 458), PosFlotante: (799.9400,454.9400)
2025-05-19 16:57:04 - jugador - [DEBUG] - [JUGADOR_0] Iniciando gestión de colisión con dx=-4, dy=-4. Hitbox actual: (803, 458)
2025-05-19 16:57:04 - jugador - [DEBUG] - [JUGADOR_0] Posición POST CH: HB: (799, 454), PosFlotante: (799.00, 454.00)
2025-05-19 16:57:04 - jugador - [DEBUG] - [JUGADOR_0] Delta flotante intentado: dx=-3.2400, dy=-3.2400 (delta_time: 0.0180)
2025-05-19 16:57:04 - jugador - [DEBUG] - [JUGADOR_0] Pos flotante (pre-límites): (795.7600, 450.7600)
2025-05-19 16:57:04 - jugador - [DEBUG] - [JUGADOR_0] Pos flotante (post-límites): (795.7600, 450.7600)
2025-05-19 16:57:04 - jugador - [DEBUG] - [JUGADOR_0] Movimiento para CH: dx_int=-4, dy_int=-4. HB (antes CH): (799, 454), PosFlotante: (795.7600,450.7600)
2025-05-19 16:57:04 - jugador - [DEBUG] - [JUGADOR_0] Iniciando gestión de colisión con dx=-4, dy=-4. Hitbox actual: (799, 454)
2025-05-19 16:57:04 - jugador - [DEBUG] - [JUGADOR_0] Posición POST CH: HB: (795, 450), PosFlotante: (795.00, 450.00)
2025-05-19 16:57:04 - jugador - [DEBUG] - [JUGADOR_0] Pos flotante (pre-límites): (791.9400, 446.9400)
2025-05-19 16:57:04 - jugador - [DEBUG] - [JUGADOR_0] Pos flotante (post-límites): (791.9400, 446.9400)
2025-05-19 16:57:04 - jugador - [DEBUG] - [JUGADOR_0] Movimiento para CH: dx_int=-4, dy_int=-4. HB (antes CH): (795, 450), PosFlotante: (791.9400,446.9400)
2025-05-19 16:57:04 - jugador - [DEBUG] - [JUGADOR_0] Iniciando gestión de colisión con dx=-4, dy=-4. Hitbox actual: (795, 450)
2025-05-19 16:57:04 - jugador - [DEBUG] - [JUGADOR_0] Posición POST CH: HB: (791, 446), PosFlotante: (791.00, 446.00)
2025-05-19 16:57:04 - jugador - [DEBUG] - [JUGADOR_0] Input teclado procesado: mov_x_input_raw=-180, mov_y_input_raw=-180
2025-05-19 16:57:04 - jugador - [DEBUG] - [JUGADOR_0] Delta flotante intentado: dx=-3.0600, dy=-3.0600 (delta_time: 0.0170)
2025-05-19 16:57:04 - jugador - [DEBUG] - [JUGADOR_0] Pos flotante (pre-límites): (787.9400, 442.9400)
2025-05-19 16:57:04 - jugador - [DEBUG] - [JUGADOR_0] Pos flotante (post-límites): (787.9400, 442.9400)
2025-05-19 16:57:04 - jugador - [DEBUG] - [JUGADOR_0] Movimiento para CH: dx_int=-4, dy_int=-4. HB (antes CH): (791, 446), PosFlotante: (787.9400,442.9400)
2025-05-19 16:57:04 - jugador - [DEBUG] - [JUGADOR_0] Iniciando gestión de colisión con dx=-4, dy=-4. Hitbox actual: (791, 446)
2025-05-19 16:57:04 - jugador - [DEBUG] - [JUGADOR_0] Posición POST CH: HB: (787, 442), PosFlotante: (787.00, 442.00)
2025-05-19 16:57:04 - jugador - [DEBUG] - [JUGADOR_0] Input teclado procesado: mov_x_input_raw=0, mov_y_input_raw=-180
2025-05-19 16:57:04 - jugador - [DEBUG] - [JUGADOR_0] Delta flotante intentado: dx=0.0000, dy=-3.0600 (delta_time: 0.0170)
2025-05-19 16:57:04 - jugador - [DEBUG] - [JUGADOR_0] Pos flotante (pre-límites): (787.0000, 438.9400)
2025-05-19 16:57:04 - jugador - [DEBUG] - [JUGADOR_0] Pos flotante (post-límites): (787.0000, 438.9400)
2025-05-19 16:57:04 - jugador - [DEBUG] - [JUGADOR_0] Movimiento para CH: dx_int=0, dy_int=-4. HB (antes CH): (787, 442), PosFlotante: (787.0000,438.9400)
2025-05-19 16:57:04 - jugador - [DEBUG] - [JUGADOR_0] Iniciando gestión de colisión con dx=0, dy=-4. Hitbox actual: (787, 442)
2025-05-19 16:57:04 - jugador - [DEBUG] - [JUGADOR_0] Posición POST CH: HB: (787, 438), PosFlotante: (787.00, 438.00)
2025-05-19 16:57:04 - jugador - [DEBUG] - [JUGADOR_0] Delta flotante intentado: dx=0.0000, dy=-2.8800 (delta_time: 0.0160)
2025-05-19 16:57:04 - jugador - [DEBUG] - [JUGADOR_0] Pos flotante (pre-límites): (787.0000, 435.1200)
2025-05-19 16:57:04 - jugador - [DEBUG] - [JUGADOR_0] Pos flotante (post-límites): (787.0000, 435.1200)
2025-05-19 16:57:04 - jugador - [DEBUG] - [JUGADOR_0] Movimiento para CH: dx_int=0, dy_int=-3. HB (antes CH): (787, 438), PosFlotante: (787.0000,435.1200)
2025-05-19 16:57:04 - jugador - [DEBUG] - [JUGADOR_0] Iniciando gestión de colisión con dx=0, dy=-3. Hitbox actual: (787, 438)
2025-05-19 16:57:04 - jugador - [DEBUG] - [JUGADOR_0] Posición POST CH: HB: (787, 435), PosFlotante: (787.00, 435.00)
2025-05-19 16:57:04 - jugador - [DEBUG] - [JUGADOR_0] Pos flotante (pre-límites): (787.0000, 432.1200)
2025-05-19 16:57:04 - jugador - [DEBUG] - [JUGADOR_0] Pos flotante (post-límites): (787.0000, 432.1200)
2025-05-19 16:57:04 - jugador - [DEBUG] - [JUGADOR_0] Movimiento para CH: dx_int=0, dy_int=-3. HB (antes CH): (787, 435), PosFlotante: (787.0000,432.1200)
2025-05-19 16:57:04 - jugador - [DEBUG] - [JUGADOR_0] Iniciando gestión de colisión con dx=0, dy=-3. Hitbox actual: (787, 435)
2025-05-19 16:57:04 - jugador - [DEBUG] - [JUGADOR_0] Posición POST CH: HB: (787, 432), PosFlotante: (787.00, 432.00)
2025-05-19 16:57:04 - jugador - [DEBUG] - [JUGADOR_0] Pos flotante (pre-límites): (787.0000, 428.9400)
2025-05-19 16:57:04 - jugador - [DEBUG] - [JUGADOR_0] Pos flotante (post-límites): (787.0000, 428.9400)
2025-05-19 16:57:04 - jugador - [DEBUG] - [JUGADOR_0] Movimiento para CH: dx_int=0, dy_int=-4. HB (antes CH): (787, 432), PosFlotante: (787.0000,428.9400)
2025-05-19 16:57:04 - jugador - [DEBUG] - [JUGADOR_0] Iniciando gestión de colisión con dx=0, dy=-4. Hitbox actual: (787, 432)
2025-05-19 16:57:04 - jugador - [DEBUG] - [JUGADOR_0] Posición POST CH: HB: (787, 428), PosFlotante: (787.00, 428.00)
2025-05-19 16:57:04 - jugador - [DEBUG] - [JUGADOR_0] Input teclado procesado: mov_x_input_raw=0, mov_y_input_raw=-180
2025-05-19 16:57:04 - jugador - [DEBUG] - [JUGADOR_0] Delta flotante intentado: dx=0.0000, dy=-3.0600 (delta_time: 0.0170)
2025-05-19 16:57:04 - jugador - [DEBUG] - [JUGADOR_0] Pos flotante (pre-límites): (787.0000, 424.9400)
2025-05-19 16:57:04 - jugador - [DEBUG] - [JUGADOR_0] Pos flotante (post-límites): (787.0000, 424.9400)
2025-05-19 16:57:04 - jugador - [DEBUG] - [JUGADOR_0] Movimiento para CH: dx_int=0, dy_int=-4. HB (antes CH): (787, 428), PosFlotante: (787.0000,424.9400)
2025-05-19 16:57:04 - jugador - [DEBUG] - [JUGADOR_0] Iniciando gestión de colisión con dx=0, dy=-4. Hitbox actual: (787, 428)
2025-05-19 16:57:04 - jugador - [DEBUG] - [JUGADOR_0] Posición POST CH: HB: (787, 424), PosFlotante: (787.00, 424.00)
2025-05-19 16:57:04 - jugador - [DEBUG] - [JUGADOR_0] Pos flotante (pre-límites): (787.0000, 420.9400)
2025-05-19 16:57:04 - jugador - [DEBUG] - [JUGADOR_0] Pos flotante (post-límites): (787.0000, 420.9400)
2025-05-19 16:57:04 - jugador - [DEBUG] - [JUGADOR_0] Movimiento para CH: dx_int=0, dy_int=-4. HB (antes CH): (787, 424), PosFlotante: (787.0000,420.9400)
2025-05-19 16:57:04 - jugador - [DEBUG] - [JUGADOR_0] Iniciando gestión de colisión con dx=0, dy=-4. Hitbox actual: (787, 424)
2025-05-19 16:57:04 - jugador - [DEBUG] - [JUGADOR_0] Posición POST CH: HB: (787, 420), PosFlotante: (787.00, 420.00)
2025-05-19 16:57:04 - jugador - [DEBUG] - [JUGADOR_0] Pos flotante (pre-límites): (787.0000, 416.9400)
2025-05-19 16:57:04 - jugador - [DEBUG] - [JUGADOR_0] Pos flotante (post-límites): (787.0000, 416.9400)
2025-05-19 16:57:04 - jugador - [DEBUG] - [JUGADOR_0] Movimiento para CH: dx_int=0, dy_int=-4. HB (antes CH): (787, 420), PosFlotante: (787.0000,416.9400)
2025-05-19 16:57:04 - jugador - [DEBUG] - [JUGADOR_0] Iniciando gestión de colisión con dx=0, dy=-4. Hitbox actual: (787, 420)
2025-05-19 16:57:04 - jugador - [DEBUG] - [JUGADOR_0] Posición POST CH: HB: (787, 416), PosFlotante: (787.00, 416.00)
2025-05-19 16:57:04 - jugador - [DEBUG] - [JUGADOR_0] Input teclado procesado: mov_x_input_raw=0, mov_y_input_raw=-180
2025-05-19 16:57:04 - jugador - [DEBUG] - [JUGADOR_0] Delta flotante intentado: dx=0.0000, dy=-3.0600 (delta_time: 0.0170)
2025-05-19 16:57:04 - jugador - [DEBUG] - [JUGADOR_0] Pos flotante (pre-límites): (787.0000, 412.9400)
2025-05-19 16:57:04 - jugador - [DEBUG] - [JUGADOR_0] Pos flotante (post-límites): (787.0000, 412.9400)
2025-05-19 16:57:04 - jugador - [DEBUG] - [JUGADOR_0] Movimiento para CH: dx_int=0, dy_int=-4. HB (antes CH): (787, 416), PosFlotante: (787.0000,412.9400)
2025-05-19 16:57:04 - jugador - [DEBUG] - [JUGADOR_0] Iniciando gestión de colisión con dx=0, dy=-4. Hitbox actual: (787, 416)
2025-05-19 16:57:04 - jugador - [DEBUG] - [JUGADOR_0] Posición POST CH: HB: (787, 412), PosFlotante: (787.00, 412.00)
2025-05-19 16:57:04 - jugador - [DEBUG] - [JUGADOR_0] Input teclado procesado: mov_x_input_raw=-180, mov_y_input_raw=-180
2025-05-19 16:57:04 - jugador - [DEBUG] - [JUGADOR_0] Delta flotante intentado: dx=-2.8800, dy=-2.8800 (delta_time: 0.0160)
2025-05-19 16:57:04 - jugador - [DEBUG] - [JUGADOR_0] Pos flotante (pre-límites): (784.1200, 409.1200)
2025-05-19 16:57:04 - jugador - [DEBUG] - [JUGADOR_0] Pos flotante (post-límites): (784.1200, 409.1200)
2025-05-19 16:57:04 - jugador - [DEBUG] - [JUGADOR_0] Movimiento para CH: dx_int=-3, dy_int=-3. HB (antes CH): (787, 412), PosFlotante: (784.1200,409.1200)
2025-05-19 16:57:04 - jugador - [DEBUG] - [JUGADOR_0] Iniciando gestión de colisión con dx=-3, dy=-3. Hitbox actual: (787, 412)
2025-05-19 16:57:04 - jugador - [DEBUG] - [JUGADOR_0] Posición POST CH: HB: (784, 409), PosFlotante: (784.00, 409.00)
2025-05-19 16:57:04 - jugador - [DEBUG] - [JUGADOR_0] Delta flotante intentado: dx=-3.0600, dy=-3.0600 (delta_time: 0.0170)
2025-05-19 16:57:04 - jugador - [DEBUG] - [JUGADOR_0] Pos flotante (pre-límites): (780.9400, 405.9400)
2025-05-19 16:57:04 - jugador - [DEBUG] - [JUGADOR_0] Pos flotante (post-límites): (780.9400, 405.9400)
2025-05-19 16:57:04 - jugador - [DEBUG] - [JUGADOR_0] Movimiento para CH: dx_int=-4, dy_int=-4. HB (antes CH): (784, 409), PosFlotante: (780.9400,405.9400)
2025-05-19 16:57:04 - jugador - [DEBUG] - [JUGADOR_0] Iniciando gestión de colisión con dx=-4, dy=-4. Hitbox actual: (784, 409)
2025-05-19 16:57:04 - jugador - [DEBUG] - [JUGADOR_0] Posición POST CH: HB: (780, 405), PosFlotante: (780.00, 405.00)
2025-05-19 16:57:04 - jugador - [DEBUG] - [JUGADOR_0] Pos flotante (pre-límites): (776.9400, 401.9400)
2025-05-19 16:57:04 - jugador - [DEBUG] - [JUGADOR_0] Pos flotante (post-límites): (776.9400, 401.9400)
2025-05-19 16:57:04 - jugador - [DEBUG] - [JUGADOR_0] Movimiento para CH: dx_int=-4, dy_int=-4. HB (antes CH): (780, 405), PosFlotante: (776.9400,401.9400)
2025-05-19 16:57:04 - jugador - [DEBUG] - [JUGADOR_0] Iniciando gestión de colisión con dx=-4, dy=-4. Hitbox actual: (780, 405)
2025-05-19 16:57:04 - jugador - [DEBUG] - [JUGADOR_0] Posición POST CH: HB: (776, 401), PosFlotante: (776.00, 401.00)
2025-05-19 16:57:04 - jugador - [DEBUG] - [JUGADOR_0] Input teclado procesado: mov_x_input_raw=-180, mov_y_input_raw=0
2025-05-19 16:57:04 - jugador - [DEBUG] - [JUGADOR_0] Delta flotante intentado: dx=-2.8800, dy=0.0000 (delta_time: 0.0160)
2025-05-19 16:57:04 - jugador - [DEBUG] - [JUGADOR_0] Pos flotante (pre-límites): (773.1200, 401.0000)
2025-05-19 16:57:04 - jugador - [DEBUG] - [JUGADOR_0] Pos flotante (post-límites): (773.1200, 401.0000)
2025-05-19 16:57:04 - jugador - [DEBUG] - [JUGADOR_0] Movimiento para CH: dx_int=-3, dy_int=0. HB (antes CH): (776, 401), PosFlotante: (773.1200,401.0000)
2025-05-19 16:57:04 - jugador - [DEBUG] - [JUGADOR_0] Iniciando gestión de colisión con dx=-3, dy=0. Hitbox actual: (776, 401)
2025-05-19 16:57:04 - jugador - [DEBUG] - [JUGADOR_0] Posición POST CH: HB: (773, 401), PosFlotante: (773.00, 401.00)
2025-05-19 16:57:04 - jugador - [DEBUG] - [JUGADOR_0] Delta flotante intentado: dx=-3.0600, dy=0.0000 (delta_time: 0.0170)
2025-05-19 16:57:04 - jugador - [DEBUG] - [JUGADOR_0] Pos flotante (pre-límites): (769.9400, 401.0000)
2025-05-19 16:57:04 - jugador - [DEBUG] - [JUGADOR_0] Pos flotante (post-límites): (769.9400, 401.0000)
2025-05-19 16:57:04 - jugador - [DEBUG] - [JUGADOR_0] Movimiento para CH: dx_int=-4, dy_int=0. HB (antes CH): (773, 401), PosFlotante: (769.9400,401.0000)
2025-05-19 16:57:04 - jugador - [DEBUG] - [JUGADOR_0] Iniciando gestión de colisión con dx=-4, dy=0. Hitbox actual: (773, 401)
2025-05-19 16:57:04 - jugador - [DEBUG] - [JUGADOR_0] Posición POST CH: HB: (769, 401), PosFlotante: (769.00, 401.00)
2025-05-19 16:57:04 - jugador - [DEBUG] - [JUGADOR_0] Pos flotante (pre-límites): (766.1200, 401.0000)
2025-05-19 16:57:04 - jugador - [DEBUG] - [JUGADOR_0] Pos flotante (post-límites): (766.1200, 401.0000)
2025-05-19 16:57:04 - jugador - [DEBUG] - [JUGADOR_0] Movimiento para CH: dx_int=-3, dy_int=0. HB (antes CH): (769, 401), PosFlotante: (766.1200,401.0000)
2025-05-19 16:57:04 - jugador - [DEBUG] - [JUGADOR_0] Iniciando gestión de colisión con dx=-3, dy=0. Hitbox actual: (769, 401)
2025-05-19 16:57:04 - jugador - [DEBUG] - [JUGADOR_0] Posición POST CH: HB: (766, 401), PosFlotante: (766.00, 401.00)
2025-05-19 16:57:04 - jugador - [DEBUG] - [JUGADOR_0] Pos flotante (pre-límites): (763.1200, 401.0000)
2025-05-19 16:57:04 - jugador - [DEBUG] - [JUGADOR_0] Pos flotante (post-límites): (763.1200, 401.0000)
2025-05-19 16:57:04 - jugador - [DEBUG] - [JUGADOR_0] Movimiento para CH: dx_int=-3, dy_int=0. HB (antes CH): (766, 401), PosFlotante: (763.1200,401.0000)
2025-05-19 16:57:04 - jugador - [DEBUG] - [JUGADOR_0] Iniciando gestión de colisión con dx=-3, dy=0. Hitbox actual: (766, 401)
2025-05-19 16:57:04 - jugador - [DEBUG] - [JUGADOR_0] Posición POST CH: HB: (763, 401), PosFlotante: (763.00, 401.00)
2025-05-19 16:57:05 - jugador - [DEBUG] - [JUGADOR_0] Intento de ataque en cooldown (700.0ms). Tiempo desde último: 697ms
2025-05-19 16:57:05 - jugador - [DEBUG] - [JUGADOR_0] Input teclado procesado: mov_x_input_raw=-180, mov_y_input_raw=0
2025-05-19 16:57:05 - jugador - [DEBUG] - [JUGADOR_0] Pos flotante (pre-límites): (759.9400, 401.0000)
2025-05-19 16:57:05 - jugador - [DEBUG] - [JUGADOR_0] Pos flotante (post-límites): (759.9400, 401.0000)
2025-05-19 16:57:05 - jugador - [DEBUG] - [JUGADOR_0] Movimiento para CH: dx_int=-4, dy_int=0. HB (antes CH): (763, 401), PosFlotante: (759.9400,401.0000)
2025-05-19 16:57:05 - jugador - [DEBUG] - [JUGADOR_0] Iniciando gestión de colisión con dx=-4, dy=0. Hitbox actual: (763, 401)
2025-05-19 16:57:05 - jugador - [DEBUG] - [JUGADOR_0] Posición POST CH: HB: (759, 401), PosFlotante: (759.00, 401.00)
2025-05-19 16:57:05 - jugador - [DEBUG] - [JUGADOR_0] Input teclado procesado: mov_x_input_raw=180, mov_y_input_raw=0
2025-05-19 16:57:05 - jugador - [DEBUG] - [JUGADOR_0] Delta flotante intentado: dx=3.0600, dy=0.0000 (delta_time: 0.0170)
2025-05-19 16:57:05 - jugador - [DEBUG] - [JUGADOR_0] Pos flotante (pre-límites): (762.0600, 401.0000)
2025-05-19 16:57:05 - jugador - [DEBUG] - [JUGADOR_0] Pos flotante (post-límites): (762.0600, 401.0000)
2025-05-19 16:57:05 - jugador - [DEBUG] - [JUGADOR_0] Movimiento para CH: dx_int=4, dy_int=0. HB (antes CH): (759, 401), PosFlotante: (762.0600,401.0000)
2025-05-19 16:57:05 - jugador - [DEBUG] - [JUGADOR_0] Iniciando gestión de colisión con dx=4, dy=0. Hitbox actual: (759, 401)
2025-05-19 16:57:05 - jugador - [DEBUG] - [JUGADOR_0] Pos flotante (pre-límites): (766.0600, 401.0000)
2025-05-19 16:57:05 - jugador - [DEBUG] - [JUGADOR_0] Pos flotante (post-límites): (766.0600, 401.0000)
2025-05-19 16:57:05 - jugador - [DEBUG] - [JUGADOR_0] Movimiento para CH: dx_int=4, dy_int=0. HB (antes CH): (763, 401), PosFlotante: (766.0600,401.0000)
2025-05-19 16:57:05 - jugador - [DEBUG] - [JUGADOR_0] Iniciando gestión de colisión con dx=4, dy=0. Hitbox actual: (763, 401)
2025-05-19 16:57:05 - jugador - [DEBUG] - [JUGADOR_0] Posición POST CH: HB: (767, 401), PosFlotante: (767.00, 401.00)
2025-05-19 16:57:05 - jugador - [DEBUG] - [JUGADOR_0] Delta flotante intentado: dx=2.8800, dy=0.0000 (delta_time: 0.0160)
2025-05-19 16:57:05 - jugador - [DEBUG] - [JUGADOR_0] Pos flotante (pre-límites): (769.8800, 401.0000)
2025-05-19 16:57:05 - jugador - [DEBUG] - [JUGADOR_0] Pos flotante (post-límites): (769.8800, 401.0000)
2025-05-19 16:57:05 - jugador - [DEBUG] - [JUGADOR_0] Movimiento para CH: dx_int=3, dy_int=0. HB (antes CH): (767, 401), PosFlotante: (769.8800,401.0000)
2025-05-19 16:57:05 - jugador - [DEBUG] - [JUGADOR_0] Iniciando gestión de colisión con dx=3, dy=0. Hitbox actual: (767, 401)
2025-05-19 16:57:05 - jugador - [DEBUG] - [JUGADOR_0] Posición POST CH: HB: (770, 401), PosFlotante: (770.00, 401.00)
2025-05-19 16:57:05 - jugador - [DEBUG] - [JUGADOR_0] Pos flotante (pre-límites): (772.8800, 401.0000)
2025-05-19 16:57:05 - jugador - [DEBUG] - [JUGADOR_0] Pos flotante (post-límites): (772.8800, 401.0000)
2025-05-19 16:57:05 - jugador - [DEBUG] - [JUGADOR_0] Movimiento para CH: dx_int=3, dy_int=0. HB (antes CH): (770, 401), PosFlotante: (772.8800,401.0000)
2025-05-19 16:57:05 - jugador - [DEBUG] - [JUGADOR_0] Iniciando gestión de colisión con dx=3, dy=0. Hitbox actual: (770, 401)
2025-05-19 16:57:05 - jugador - [DEBUG] - [JUGADOR_0] Posición POST CH: HB: (771, 401), PosFlotante: (771.00, 401.00)
2025-05-19 16:57:05 - jugador - [DEBUG] - [JUGADOR_0] Input teclado procesado: mov_x_input_raw=180, mov_y_input_raw=0
2025-05-19 16:57:05 - jugador - [DEBUG] - [JUGADOR_0] Pos flotante (pre-límites): (773.8800, 401.0000)
2025-05-19 16:57:05 - jugador - [DEBUG] - [JUGADOR_0] Pos flotante (post-límites): (773.8800, 401.0000)
2025-05-19 16:57:05 - jugador - [DEBUG] - [JUGADOR_0] Movimiento para CH: dx_int=3, dy_int=0. HB (antes CH): (771, 401), PosFlotante: (773.8800,401.0000)
2025-05-19 16:57:05 - jugador - [DEBUG] - [JUGADOR_0] Iniciando gestión de colisión con dx=3, dy=0. Hitbox actual: (771, 401)
2025-05-19 16:57:05 - jugador - [DEBUG] - [JUGADOR_0] Posición POST CH: HB: (769, 401), PosFlotante: (769.00, 401.00)
2025-05-19 16:57:05 - jugador - [DEBUG] - [JUGADOR_0] Pos flotante (pre-límites): (771.8800, 401.0000)
2025-05-19 16:57:05 - jugador - [DEBUG] - [JUGADOR_0] Pos flotante (post-límites): (771.8800, 401.0000)
2025-05-19 16:57:05 - jugador - [DEBUG] - [JUGADOR_0] Movimiento para CH: dx_int=3, dy_int=0. HB (antes CH): (769, 401), PosFlotante: (771.8800,401.0000)
2025-05-19 16:57:05 - jugador - [DEBUG] - [JUGADOR_0] Iniciando gestión de colisión con dx=3, dy=0. Hitbox actual: (769, 401)
2025-05-19 16:57:05 - jugador - [DEBUG] - [JUGADOR_0] Posición POST CH: HB: (767, 401), PosFlotante: (767.00, 401.00)
2025-05-19 16:57:05 - jugador - [DEBUG] - [JUGADOR_0] Input teclado procesado: mov_x_input_raw=-180, mov_y_input_raw=0
2025-05-19 16:57:05 - jugador - [DEBUG] - [JUGADOR_0] Delta flotante intentado: dx=-2.8800, dy=0.0000 (delta_time: 0.0160)
2025-05-19 16:57:05 - jugador - [DEBUG] - [JUGADOR_0] Pos flotante (pre-límites): (764.1200, 401.0000)
2025-05-19 16:57:05 - jugador - [DEBUG] - [JUGADOR_0] Pos flotante (post-límites): (764.1200, 401.0000)
2025-05-19 16:57:05 - jugador - [DEBUG] - [JUGADOR_0] Movimiento para CH: dx_int=-3, dy_int=0. HB (antes CH): (767, 401), PosFlotante: (764.1200,401.0000)
2025-05-19 16:57:05 - jugador - [DEBUG] - [JUGADOR_0] Iniciando gestión de colisión con dx=-3, dy=0. Hitbox actual: (767, 401)
2025-05-19 16:57:05 - jugador - [DEBUG] - [JUGADOR_0] Posición POST CH: HB: (762, 401), PosFlotante: (762.00, 401.00)
2025-05-19 16:57:05 - jugador - [DEBUG] - [JUGADOR_0] Pos flotante (pre-límites): (759.1200, 401.0000)
2025-05-19 16:57:05 - jugador - [DEBUG] - [JUGADOR_0] Pos flotante (post-límites): (759.1200, 401.0000)
2025-05-19 16:57:05 - jugador - [DEBUG] - [JUGADOR_0] Movimiento para CH: dx_int=-3, dy_int=0. HB (antes CH): (762, 401), PosFlotante: (759.1200,401.0000)
2025-05-19 16:57:05 - jugador - [DEBUG] - [JUGADOR_0] Iniciando gestión de colisión con dx=-3, dy=0. Hitbox actual: (762, 401)
2025-05-19 16:57:05 - jugador - [DEBUG] - [JUGADOR_0] Posición POST CH: HB: (759, 401), PosFlotante: (759.00, 401.00)
2025-05-19 16:57:05 - jugador - [DEBUG] - [JUGADOR_0] Delta flotante intentado: dx=-3.0600, dy=0.0000 (delta_time: 0.0170)
2025-05-19 16:57:05 - jugador - [DEBUG] - [JUGADOR_0] Pos flotante (pre-límites): (755.9400, 401.0000)
2025-05-19 16:57:05 - jugador - [DEBUG] - [JUGADOR_0] Pos flotante (post-límites): (755.9400, 401.0000)
2025-05-19 16:57:05 - jugador - [DEBUG] - [JUGADOR_0] Movimiento para CH: dx_int=-4, dy_int=0. HB (antes CH): (759, 401), PosFlotante: (755.9400,401.0000)
2025-05-19 16:57:05 - jugador - [DEBUG] - [JUGADOR_0] Iniciando gestión de colisión con dx=-4, dy=0. Hitbox actual: (759, 401)
2025-05-19 16:57:05 - jugador - [DEBUG] - [JUGADOR_0] Posición POST CH: HB: (755, 401), PosFlotante: (755.00, 401.00)
2025-05-19 16:57:05 - jugador - [DEBUG] - [JUGADOR_0] Pos flotante (pre-límites): (751.9400, 401.0000)
2025-05-19 16:57:05 - jugador - [DEBUG] - [JUGADOR_0] Pos flotante (post-límites): (751.9400, 401.0000)
2025-05-19 16:57:05 - jugador - [DEBUG] - [JUGADOR_0] Movimiento para CH: dx_int=-4, dy_int=0. HB (antes CH): (755, 401), PosFlotante: (751.9400,401.0000)
2025-05-19 16:57:05 - jugador - [DEBUG] - [JUGADOR_0] Iniciando gestión de colisión con dx=-4, dy=0. Hitbox actual: (755, 401)
2025-05-19 16:57:05 - jugador - [DEBUG] - [JUGADOR_0] Posición POST CH: HB: (751, 401), PosFlotante: (751.00, 401.00)
2025-05-19 16:57:05 - jugador - [DEBUG] - [JUGADOR_0] Input teclado procesado: mov_x_input_raw=180, mov_y_input_raw=0
2025-05-19 16:57:05 - jugador - [DEBUG] - [JUGADOR_0] Delta flotante intentado: dx=2.8800, dy=0.0000 (delta_time: 0.0160)
2025-05-19 16:57:05 - jugador - [DEBUG] - [JUGADOR_0] Pos flotante (pre-límites): (753.8800, 401.0000)
2025-05-19 16:57:05 - jugador - [DEBUG] - [JUGADOR_0] Pos flotante (post-límites): (753.8800, 401.0000)
2025-05-19 16:57:05 - jugador - [DEBUG] - [JUGADOR_0] Movimiento para CH: dx_int=3, dy_int=0. HB (antes CH): (751, 401), PosFlotante: (753.8800,401.0000)
2025-05-19 16:57:05 - jugador - [DEBUG] - [JUGADOR_0] Iniciando gestión de colisión con dx=3, dy=0. Hitbox actual: (751, 401)
2025-05-19 16:57:05 - jugador - [DEBUG] - [JUGADOR_0] Posición POST CH: HB: (754, 401), PosFlotante: (754.00, 401.00)
2025-05-19 16:57:05 - jugador - [DEBUG] - [JUGADOR_0] Pos flotante (pre-límites): (756.8800, 401.0000)
2025-05-19 16:57:05 - jugador - [DEBUG] - [JUGADOR_0] Pos flotante (post-límites): (756.8800, 401.0000)
2025-05-19 16:57:05 - jugador - [DEBUG] - [JUGADOR_0] Movimiento para CH: dx_int=3, dy_int=0. HB (antes CH): (754, 401), PosFlotante: (756.8800,401.0000)
2025-05-19 16:57:05 - jugador - [DEBUG] - [JUGADOR_0] Iniciando gestión de colisión con dx=3, dy=0. Hitbox actual: (754, 401)
2025-05-19 16:57:05 - jugador - [DEBUG] - [JUGADOR_0] Delta flotante intentado: dx=3.0600, dy=0.0000 (delta_time: 0.0170)
2025-05-19 16:57:05 - jugador - [DEBUG] - [JUGADOR_0] Pos flotante (pre-límites): (758.0600, 401.0000)
2025-05-19 16:57:05 - jugador - [DEBUG] - [JUGADOR_0] Pos flotante (post-límites): (758.0600, 401.0000)
2025-05-19 16:57:05 - jugador - [DEBUG] - [JUGADOR_0] Movimiento para CH: dx_int=4, dy_int=0. HB (antes CH): (755, 401), PosFlotante: (758.0600,401.0000)
2025-05-19 16:57:05 - jugador - [DEBUG] - [JUGADOR_0] Iniciando gestión de colisión con dx=4, dy=0. Hitbox actual: (755, 401)
2025-05-19 16:57:05 - jugador - [DEBUG] - [JUGADOR_0] Posición POST CH: HB: (753, 401), PosFlotante: (753.00, 401.00)
2025-05-19 16:57:05 - jugador - [INFO] - [JUGADOR_0] ATAQUE INICIADO (Cooldown: 700.0ms). Perfil: 'espada_predeterminada'
2025-05-19 16:57:05 - jugador - [DEBUG] - [JUGADOR_0] Pos flotante (pre-límites): (756.0600, 401.0000)
2025-05-19 16:57:05 - jugador - [DEBUG] - [JUGADOR_0] Pos flotante (post-límites): (756.0600, 401.0000)
2025-05-19 16:57:05 - jugador - [DEBUG] - [JUGADOR_0] Movimiento para CH: dx_int=4, dy_int=0. HB (antes CH): (753, 401), PosFlotante: (756.0600,401.0000)
2025-05-19 16:57:05 - jugador - [DEBUG] - [JUGADOR_0] Iniciando gestión de colisión con dx=4, dy=0. Hitbox actual: (753, 401)
2025-05-19 16:57:05 - jugador - [DEBUG] - [JUGADOR_0] Posición POST CH: HB: (751, 401), PosFlotante: (751.00, 401.00)
2025-05-19 16:57:05 - jugador - [DEBUG] - [JUGADOR_0] Hitbox ataque: <rect(736, 378, 54, 69)>, Dir: (1.00, 0.00)
2025-05-19 16:57:05 - jugador - [INFO] - [JUGADOR_0] GOLPEÓ a [Enemigo_1] con perfil 'espada_predeterminada'. Daño: 10.0
2025-05-19 16:57:05 - jugador - [INFO] - [JUGADOR_0] GOLPEÓ a [Enemigo_2] con perfil 'espada_predeterminada'. Daño: 10.0
2025-05-19 16:57:05 - jugador - [DEBUG] - [JUGADOR_0] Input teclado procesado: mov_x_input_raw=180, mov_y_input_raw=0
2025-05-19 16:57:05 - jugador - [DEBUG] - [JUGADOR_0] Pos flotante (pre-límites): (754.0600, 401.0000)
2025-05-19 16:57:05 - jugador - [DEBUG] - [JUGADOR_0] Pos flotante (post-límites): (754.0600, 401.0000)
2025-05-19 16:57:05 - jugador - [DEBUG] - [JUGADOR_0] Movimiento para CH: dx_int=4, dy_int=0. HB (antes CH): (751, 401), PosFlotante: (754.0600,401.0000)
2025-05-19 16:57:05 - jugador - [DEBUG] - [JUGADOR_0] Iniciando gestión de colisión con dx=4, dy=0. Hitbox actual: (751, 401)
2025-05-19 16:57:05 - jugador - [DEBUG] - [JUGADOR_0] Posición POST CH: HB: (749, 401), PosFlotante: (749.00, 401.00)
2025-05-19 16:57:05 - jugador - [DEBUG] - [JUGADOR_0] Hitbox ataque: <rect(734, 378, 54, 69)>, Dir: (1.00, 0.00)
2025-05-19 16:57:05 - jugador - [DEBUG] - [JUGADOR_0] Delta flotante intentado: dx=2.8800, dy=0.0000 (delta_time: 0.0160)
2025-05-19 16:57:05 - jugador - [DEBUG] - [JUGADOR_0] Pos flotante (pre-límites): (751.8800, 401.0000)
2025-05-19 16:57:05 - jugador - [DEBUG] - [JUGADOR_0] Pos flotante (post-límites): (751.8800, 401.0000)
2025-05-19 16:57:05 - jugador - [DEBUG] - [JUGADOR_0] Movimiento para CH: dx_int=3, dy_int=0. HB (antes CH): (749, 401), PosFlotante: (751.8800,401.0000)
2025-05-19 16:57:05 - jugador - [DEBUG] - [JUGADOR_0] Iniciando gestión de colisión con dx=3, dy=0. Hitbox actual: (749, 401)
2025-05-19 16:57:05 - jugador - [DEBUG] - [JUGADOR_0] Posición POST CH: HB: (747, 401), PosFlotante: (747.00, 401.00)
2025-05-19 16:57:05 - jugador - [DEBUG] - [JUGADOR_0] Hitbox ataque: <rect(732, 378, 54, 69)>, Dir: (1.00, 0.00)
2025-05-19 16:57:05 - jugador - [DEBUG] - [JUGADOR_0] Input teclado procesado: mov_x_input_raw=-180, mov_y_input_raw=0
2025-05-19 16:57:05 - jugador - [DEBUG] - [JUGADOR_0] Delta flotante intentado: dx=-2.8800, dy=0.0000 (delta_time: 0.0160)
2025-05-19 16:57:05 - jugador - [DEBUG] - [JUGADOR_0] Pos flotante (pre-límites): (744.1200, 401.0000)
2025-05-19 16:57:05 - jugador - [DEBUG] - [JUGADOR_0] Pos flotante (post-límites): (744.1200, 401.0000)
2025-05-19 16:57:05 - jugador - [DEBUG] - [JUGADOR_0] Movimiento para CH: dx_int=-3, dy_int=0. HB (antes CH): (747, 401), PosFlotante: (744.1200,401.0000)
2025-05-19 16:57:05 - jugador - [DEBUG] - [JUGADOR_0] Iniciando gestión de colisión con dx=-3, dy=0. Hitbox actual: (747, 401)
2025-05-19 16:57:05 - jugador - [DEBUG] - [JUGADOR_0] Posición POST CH: HB: (742, 401), PosFlotante: (742.00, 401.00)
2025-05-19 16:57:05 - jugador - [DEBUG] - [JUGADOR_0] Hitbox ataque: <rect(727, 378, 54, 69)>, Dir: (-1.00, 0.00)
2025-05-19 16:57:05 - jugador - [DEBUG] - [JUGADOR_0] Pos flotante (pre-límites): (739.1200, 401.0000)
2025-05-19 16:57:05 - jugador - [DEBUG] - [JUGADOR_0] Pos flotante (post-límites): (739.1200, 401.0000)
2025-05-19 16:57:05 - jugador - [DEBUG] - [JUGADOR_0] Movimiento para CH: dx_int=-3, dy_int=0. HB (antes CH): (742, 401), PosFlotante: (739.1200,401.0000)
2025-05-19 16:57:05 - jugador - [DEBUG] - [JUGADOR_0] Iniciando gestión de colisión con dx=-3, dy=0. Hitbox actual: (742, 401)
2025-05-19 16:57:05 - jugador - [DEBUG] - [JUGADOR_0] Posición POST CH: HB: (739, 401), PosFlotante: (739.00, 401.00)
2025-05-19 16:57:05 - jugador - [DEBUG] - [JUGADOR_0] Hitbox ataque: <rect(724, 378, 54, 69)>, Dir: (-1.00, 0.00)
2025-05-19 16:57:05 - jugador - [DEBUG] - [JUGADOR_0] Pos flotante (pre-límites): (736.1200, 401.0000)
2025-05-19 16:57:05 - jugador - [DEBUG] - [JUGADOR_0] Pos flotante (post-límites): (736.1200, 401.0000)
2025-05-19 16:57:05 - jugador - [DEBUG] - [JUGADOR_0] Movimiento para CH: dx_int=-3, dy_int=0. HB (antes CH): (739, 401), PosFlotante: (736.1200,401.0000)
2025-05-19 16:57:05 - jugador - [DEBUG] - [JUGADOR_0] Iniciando gestión de colisión con dx=-3, dy=0. Hitbox actual: (739, 401)
2025-05-19 16:57:05 - jugador - [DEBUG] - [JUGADOR_0] Posición POST CH: HB: (736, 401), PosFlotante: (736.00, 401.00)
2025-05-19 16:57:05 - jugador - [DEBUG] - [JUGADOR_0] Hitbox ataque: <rect(721, 378, 54, 69)>, Dir: (-1.00, 0.00)
2025-05-19 16:57:05 - jugador - [DEBUG] - [JUGADOR_0] Pos flotante (pre-límites): (733.1200, 401.0000)
2025-05-19 16:57:05 - jugador - [DEBUG] - [JUGADOR_0] Pos flotante (post-límites): (733.1200, 401.0000)
2025-05-19 16:57:05 - jugador - [DEBUG] - [JUGADOR_0] Movimiento para CH: dx_int=-3, dy_int=0. HB (antes CH): (736, 401), PosFlotante: (733.1200,401.0000)
2025-05-19 16:57:05 - jugador - [DEBUG] - [JUGADOR_0] Iniciando gestión de colisión con dx=-3, dy=0. Hitbox actual: (736, 401)
2025-05-19 16:57:05 - jugador - [DEBUG] - [JUGADOR_0] Posición POST CH: HB: (733, 401), PosFlotante: (733.00, 401.00)
2025-05-19 16:57:05 - jugador - [DEBUG] - [JUGADOR_0] Hitbox ataque: <rect(718, 378, 54, 69)>, Dir: (-1.00, 0.00)
2025-05-19 16:57:05 - jugador - [DEBUG] - [JUGADOR_0] Input teclado procesado: mov_x_input_raw=180, mov_y_input_raw=0
2025-05-19 16:57:05 - jugador - [DEBUG] - [JUGADOR_0] Delta flotante intentado: dx=2.8800, dy=0.0000 (delta_time: 0.0160)
2025-05-19 16:57:05 - jugador - [DEBUG] - [JUGADOR_0] Pos flotante (pre-límites): (735.8800, 401.0000)
2025-05-19 16:57:05 - jugador - [DEBUG] - [JUGADOR_0] Pos flotante (post-límites): (735.8800, 401.0000)
2025-05-19 16:57:05 - jugador - [DEBUG] - [JUGADOR_0] Movimiento para CH: dx_int=3, dy_int=0. HB (antes CH): (733, 401), PosFlotante: (735.8800,401.0000)
2025-05-19 16:57:05 - jugador - [DEBUG] - [JUGADOR_0] Iniciando gestión de colisión con dx=3, dy=0. Hitbox actual: (733, 401)
2025-05-19 16:57:05 - jugador - [DEBUG] - [JUGADOR_0] Hitbox ataque: <rect(721, 378, 54, 69)>, Dir: (1.00, 0.00)
2025-05-19 16:57:05 - jugador - [DEBUG] - [JUGADOR_0] Delta flotante intentado: dx=3.0600, dy=0.0000 (delta_time: 0.0170)
2025-05-19 16:57:05 - jugador - [DEBUG] - [JUGADOR_0] Pos flotante (pre-límites): (739.0600, 401.0000)
2025-05-19 16:57:05 - jugador - [DEBUG] - [JUGADOR_0] Pos flotante (post-límites): (739.0600, 401.0000)
2025-05-19 16:57:05 - jugador - [DEBUG] - [JUGADOR_0] Movimiento para CH: dx_int=4, dy_int=0. HB (antes CH): (736, 401), PosFlotante: (739.0600,401.0000)
2025-05-19 16:57:05 - jugador - [DEBUG] - [JUGADOR_0] Iniciando gestión de colisión con dx=4, dy=0. Hitbox actual: (736, 401)
2025-05-19 16:57:05 - jugador - [DEBUG] - [JUGADOR_0] Posición POST CH: HB: (735, 401), PosFlotante: (735.00, 401.00)
2025-05-19 16:57:05 - jugador - [DEBUG] - [JUGADOR_0] Hitbox ataque: <rect(720, 378, 54, 69)>, Dir: (1.00, 0.00)
2025-05-19 16:57:05 - jugador - [DEBUG] - [JUGADOR_0] Pos flotante (pre-límites): (738.0600, 401.0000)
2025-05-19 16:57:05 - jugador - [DEBUG] - [JUGADOR_0] Pos flotante (post-límites): (738.0600, 401.0000)
2025-05-19 16:57:05 - jugador - [DEBUG] - [JUGADOR_0] Movimiento para CH: dx_int=4, dy_int=0. HB (antes CH): (735, 401), PosFlotante: (738.0600,401.0000)
2025-05-19 16:57:05 - jugador - [DEBUG] - [JUGADOR_0] Iniciando gestión de colisión con dx=4, dy=0. Hitbox actual: (735, 401)
2025-05-19 16:57:05 - jugador - [DEBUG] - [JUGADOR_0] Posición POST CH: HB: (733, 401), PosFlotante: (733.00, 401.00)
2025-05-19 16:57:05 - jugador - [DEBUG] - [JUGADOR_0] Hitbox ataque: <rect(718, 378, 54, 69)>, Dir: (1.00, 0.00)
2025-05-19 16:57:05 - jugador - [DEBUG] - [JUGADOR_0] Posición POST CH: HB: (731, 401), PosFlotante: (731.00, 401.00)
2025-05-19 16:57:05 - jugador - [DEBUG] - [JUGADOR_0] Hitbox ataque: <rect(716, 378, 54, 69)>, Dir: (1.00, 0.00)
2025-05-19 16:57:05 - jugador - [DEBUG] - [JUGADOR_0] Input teclado procesado: mov_x_input_raw=180, mov_y_input_raw=0
2025-05-19 16:57:05 - jugador - [DEBUG] - [JUGADOR_0] Delta flotante intentado: dx=2.8800, dy=0.0000 (delta_time: 0.0160)
2025-05-19 16:57:05 - jugador - [DEBUG] - [JUGADOR_0] Pos flotante (pre-límites): (733.8800, 401.0000)
2025-05-19 16:57:05 - jugador - [DEBUG] - [JUGADOR_0] Pos flotante (post-límites): (733.8800, 401.0000)
2025-05-19 16:57:05 - jugador - [DEBUG] - [JUGADOR_0] Movimiento para CH: dx_int=3, dy_int=0. HB (antes CH): (731, 401), PosFlotante: (733.8800,401.0000)
2025-05-19 16:57:05 - jugador - [DEBUG] - [JUGADOR_0] Iniciando gestión de colisión con dx=3, dy=0. Hitbox actual: (731, 401)
2025-05-19 16:57:05 - jugador - [DEBUG] - [JUGADOR_0] Posición POST CH: HB: (729, 401), PosFlotante: (729.00, 401.00)
2025-05-19 16:57:05 - jugador - [DEBUG] - [JUGADOR_0] Hitbox ataque: <rect(714, 378, 54, 69)>, Dir: (1.00, 0.00)
2025-05-19 16:57:05 - jugador - [DEBUG] - [JUGADOR_0] Intento de ataque en cooldown (700.0ms). Tiempo desde último: 195ms
2025-05-19 16:57:05 - jugador - [DEBUG] - [JUGADOR_0] Pos flotante (pre-límites): (731.8800, 401.0000)
2025-05-19 16:57:05 - jugador - [DEBUG] - [JUGADOR_0] Pos flotante (post-límites): (731.8800, 401.0000)
2025-05-19 16:57:05 - jugador - [DEBUG] - [JUGADOR_0] Movimiento para CH: dx_int=3, dy_int=0. HB (antes CH): (729, 401), PosFlotante: (731.8800,401.0000)
2025-05-19 16:57:05 - jugador - [DEBUG] - [JUGADOR_0] Iniciando gestión de colisión con dx=3, dy=0. Hitbox actual: (729, 401)
2025-05-19 16:57:05 - jugador - [DEBUG] - [JUGADOR_0] Posición POST CH: HB: (727, 401), PosFlotante: (727.00, 401.00)
2025-05-19 16:57:05 - jugador - [DEBUG] - [JUGADOR_0] Hitbox ataque: <rect(712, 378, 54, 69)>, Dir: (1.00, 0.00)
2025-05-19 16:57:05 - jugador - [DEBUG] - [JUGADOR_0] Input teclado procesado: mov_x_input_raw=-180, mov_y_input_raw=0
2025-05-19 16:57:05 - jugador - [DEBUG] - [JUGADOR_0] Delta flotante intentado: dx=-3.0600, dy=0.0000 (delta_time: 0.0170)
2025-05-19 16:57:05 - jugador - [DEBUG] - [JUGADOR_0] Pos flotante (pre-límites): (723.9400, 401.0000)
2025-05-19 16:57:05 - jugador - [DEBUG] - [JUGADOR_0] Pos flotante (post-límites): (723.9400, 401.0000)
2025-05-19 16:57:05 - jugador - [DEBUG] - [JUGADOR_0] Movimiento para CH: dx_int=-4, dy_int=0. HB (antes CH): (727, 401), PosFlotante: (723.9400,401.0000)
2025-05-19 16:57:05 - jugador - [DEBUG] - [JUGADOR_0] Iniciando gestión de colisión con dx=-4, dy=0. Hitbox actual: (727, 401)
2025-05-19 16:57:05 - jugador - [DEBUG] - [JUGADOR_0] Posición POST CH: HB: (721, 401), PosFlotante: (721.00, 401.00)
2025-05-19 16:57:05 - jugador - [DEBUG] - [JUGADOR_0] Hitbox ataque: <rect(706, 378, 54, 69)>, Dir: (-1.00, 0.00)
2025-05-19 16:57:05 - jugador - [DEBUG] - [JUGADOR_0] Pos flotante (pre-límites): (717.9400, 401.0000)
2025-05-19 16:57:05 - jugador - [DEBUG] - [JUGADOR_0] Pos flotante (post-límites): (717.9400, 401.0000)
2025-05-19 16:57:05 - jugador - [DEBUG] - [JUGADOR_0] Movimiento para CH: dx_int=-4, dy_int=0. HB (antes CH): (721, 401), PosFlotante: (717.9400,401.0000)
2025-05-19 16:57:05 - jugador - [DEBUG] - [JUGADOR_0] Iniciando gestión de colisión con dx=-4, dy=0. Hitbox actual: (721, 401)
2025-05-19 16:57:05 - jugador - [DEBUG] - [JUGADOR_0] Posición POST CH: HB: (717, 401), PosFlotante: (717.00, 401.00)
2025-05-19 16:57:05 - jugador - [DEBUG] - [JUGADOR_0] Hitbox ataque: <rect(702, 378, 54, 69)>, Dir: (-1.00, 0.00)
2025-05-19 16:57:05 - jugador - [DEBUG] - [JUGADOR_0] Delta flotante intentado: dx=-2.8800, dy=0.0000 (delta_time: 0.0160)
2025-05-19 16:57:05 - jugador - [DEBUG] - [JUGADOR_0] Pos flotante (pre-límites): (714.1200, 401.0000)
2025-05-19 16:57:05 - jugador - [DEBUG] - [JUGADOR_0] Pos flotante (post-límites): (714.1200, 401.0000)
2025-05-19 16:57:05 - jugador - [DEBUG] - [JUGADOR_0] Movimiento para CH: dx_int=-3, dy_int=0. HB (antes CH): (717, 401), PosFlotante: (714.1200,401.0000)
2025-05-19 16:57:05 - jugador - [DEBUG] - [JUGADOR_0] Iniciando gestión de colisión con dx=-3, dy=0. Hitbox actual: (717, 401)
2025-05-19 16:57:05 - jugador - [DEBUG] - [JUGADOR_0] Posición POST CH: HB: (714, 401), PosFlotante: (714.00, 401.00)
2025-05-19 16:57:05 - jugador - [DEBUG] - [JUGADOR_0] Hitbox ataque: <rect(699, 378, 54, 69)>, Dir: (-1.00, 0.00)
2025-05-19 16:57:05 - jugador - [DEBUG] - [JUGADOR_0] Pos flotante (pre-límites): (710.9400, 401.0000)
2025-05-19 16:57:05 - jugador - [DEBUG] - [JUGADOR_0] Pos flotante (post-límites): (710.9400, 401.0000)
2025-05-19 16:57:05 - jugador - [DEBUG] - [JUGADOR_0] Movimiento para CH: dx_int=-4, dy_int=0. HB (antes CH): (714, 401), PosFlotante: (710.9400,401.0000)
2025-05-19 16:57:05 - jugador - [DEBUG] - [JUGADOR_0] Iniciando gestión de colisión con dx=-4, dy=0. Hitbox actual: (714, 401)
2025-05-19 16:57:05 - jugador - [DEBUG] - [JUGADOR_0] Posición POST CH: HB: (710, 401), PosFlotante: (710.00, 401.00)
2025-05-19 16:57:05 - jugador - [DEBUG] - [JUGADOR_0] ATAQUE FINALIZADO (Duración: 260ms). Enemigos golpeados: 2
2025-05-19 16:57:05 - jugador - [DEBUG] - [JUGADOR_0] Input teclado procesado: mov_x_input_raw=180, mov_y_input_raw=0
2025-05-19 16:57:05 - jugador - [DEBUG] - [JUGADOR_0] Delta flotante intentado: dx=2.8800, dy=0.0000 (delta_time: 0.0160)
2025-05-19 16:57:05 - jugador - [DEBUG] - [JUGADOR_0] Pos flotante (pre-límites): (712.8800, 401.0000)
2025-05-19 16:57:05 - jugador - [DEBUG] - [JUGADOR_0] Pos flotante (post-límites): (712.8800, 401.0000)
2025-05-19 16:57:05 - jugador - [DEBUG] - [JUGADOR_0] Movimiento para CH: dx_int=3, dy_int=0. HB (antes CH): (710, 401), PosFlotante: (712.8800,401.0000)
2025-05-19 16:57:05 - jugador - [DEBUG] - [JUGADOR_0] Iniciando gestión de colisión con dx=3, dy=0. Hitbox actual: (710, 401)
2025-05-19 16:57:05 - jugador - [DEBUG] - [JUGADOR_0] Posición POST CH: HB: (713, 401), PosFlotante: (713.00, 401.00)
2025-05-19 16:57:05 - jugador - [DEBUG] - [JUGADOR_0] Delta flotante intentado: dx=3.0600, dy=0.0000 (delta_time: 0.0170)
2025-05-19 16:57:05 - jugador - [DEBUG] - [JUGADOR_0] Pos flotante (pre-límites): (716.0600, 401.0000)
2025-05-19 16:57:05 - jugador - [DEBUG] - [JUGADOR_0] Pos flotante (post-límites): (716.0600, 401.0000)
2025-05-19 16:57:05 - jugador - [DEBUG] - [JUGADOR_0] Movimiento para CH: dx_int=4, dy_int=0. HB (antes CH): (713, 401), PosFlotante: (716.0600,401.0000)
2025-05-19 16:57:05 - jugador - [DEBUG] - [JUGADOR_0] Iniciando gestión de colisión con dx=4, dy=0. Hitbox actual: (713, 401)
2025-05-19 16:57:05 - jugador - [DEBUG] - [JUGADOR_0] Posición POST CH: HB: (715, 401), PosFlotante: (715.00, 401.00)
2025-05-19 16:57:05 - jugador - [DEBUG] - [JUGADOR_0] Pos flotante (pre-límites): (717.8800, 401.0000)
2025-05-19 16:57:05 - jugador - [DEBUG] - [JUGADOR_0] Pos flotante (post-límites): (717.8800, 401.0000)
2025-05-19 16:57:05 - jugador - [DEBUG] - [JUGADOR_0] Movimiento para CH: dx_int=3, dy_int=0. HB (antes CH): (715, 401), PosFlotante: (717.8800,401.0000)
2025-05-19 16:57:05 - jugador - [DEBUG] - [JUGADOR_0] Iniciando gestión de colisión con dx=3, dy=0. Hitbox actual: (715, 401)
2025-05-19 16:57:05 - jugador - [DEBUG] - [JUGADOR_0] Posición POST CH: HB: (711, 401), PosFlotante: (711.00, 401.00)
2025-05-19 16:57:05 - jugador - [DEBUG] - [JUGADOR_0] Input teclado procesado: mov_x_input_raw=180, mov_y_input_raw=0
2025-05-19 16:57:05 - jugador - [DEBUG] - [JUGADOR_0] Pos flotante (pre-límites): (714.0600, 401.0000)
2025-05-19 16:57:05 - jugador - [DEBUG] - [JUGADOR_0] Pos flotante (post-límites): (714.0600, 401.0000)
2025-05-19 16:57:05 - jugador - [DEBUG] - [JUGADOR_0] Movimiento para CH: dx_int=4, dy_int=0. HB (antes CH): (711, 401), PosFlotante: (714.0600,401.0000)
2025-05-19 16:57:05 - jugador - [DEBUG] - [JUGADOR_0] Iniciando gestión de colisión con dx=4, dy=0. Hitbox actual: (711, 401)
2025-05-19 16:57:05 - jugador - [DEBUG] - [JUGADOR_0] Posición POST CH: HB: (709, 401), PosFlotante: (709.00, 401.00)
2025-05-19 16:57:05 - jugador - [DEBUG] - [JUGADOR_0] Delta flotante intentado: dx=2.8800, dy=0.0000 (delta_time: 0.0160)
2025-05-19 16:57:05 - jugador - [DEBUG] - [JUGADOR_0] Pos flotante (pre-límites): (711.8800, 401.0000)
2025-05-19 16:57:05 - jugador - [DEBUG] - [JUGADOR_0] Pos flotante (post-límites): (711.8800, 401.0000)
2025-05-19 16:57:05 - jugador - [DEBUG] - [JUGADOR_0] Movimiento para CH: dx_int=3, dy_int=0. HB (antes CH): (709, 401), PosFlotante: (711.8800,401.0000)
2025-05-19 16:57:05 - jugador - [DEBUG] - [JUGADOR_0] Iniciando gestión de colisión con dx=3, dy=0. Hitbox actual: (709, 401)
2025-05-19 16:57:05 - jugador - [DEBUG] - [JUGADOR_0] Posición POST CH: HB: (707, 401), PosFlotante: (707.00, 401.00)
2025-05-19 16:57:05 - jugador - [DEBUG] - [JUGADOR_0] Delta flotante intentado: dx=3.0600, dy=0.0000 (delta_time: 0.0170)
2025-05-19 16:57:05 - jugador - [DEBUG] - [JUGADOR_0] Pos flotante (pre-límites): (710.0600, 401.0000)
2025-05-19 16:57:05 - jugador - [DEBUG] - [JUGADOR_0] Pos flotante (post-límites): (710.0600, 401.0000)
2025-05-19 16:57:05 - jugador - [DEBUG] - [JUGADOR_0] Movimiento para CH: dx_int=4, dy_int=0. HB (antes CH): (707, 401), PosFlotante: (710.0600,401.0000)
2025-05-19 16:57:05 - jugador - [DEBUG] - [JUGADOR_0] Iniciando gestión de colisión con dx=4, dy=0. Hitbox actual: (707, 401)
2025-05-19 16:57:05 - jugador - [DEBUG] - [JUGADOR_0] Posición POST CH: HB: (705, 401), PosFlotante: (705.00, 401.00)
2025-05-19 16:57:05 - jugador - [DEBUG] - [JUGADOR_0] Input teclado procesado: mov_x_input_raw=-180, mov_y_input_raw=0
2025-05-19 16:57:05 - jugador - [DEBUG] - [JUGADOR_0] Delta flotante intentado: dx=-2.8800, dy=0.0000 (delta_time: 0.0160)
2025-05-19 16:57:05 - jugador - [DEBUG] - [JUGADOR_0] Pos flotante (pre-límites): (702.1200, 401.0000)
2025-05-19 16:57:05 - jugador - [DEBUG] - [JUGADOR_0] Pos flotante (post-límites): (702.1200, 401.0000)
2025-05-19 16:57:05 - jugador - [DEBUG] - [JUGADOR_0] Movimiento para CH: dx_int=-3, dy_int=0. HB (antes CH): (705, 401), PosFlotante: (702.1200,401.0000)
2025-05-19 16:57:05 - jugador - [DEBUG] - [JUGADOR_0] Iniciando gestión de colisión con dx=-3, dy=0. Hitbox actual: (705, 401)
2025-05-19 16:57:05 - jugador - [DEBUG] - [JUGADOR_0] Posición POST CH: HB: (700, 401), PosFlotante: (700.00, 401.00)
2025-05-19 16:57:05 - jugador - [DEBUG] - [JUGADOR_0] Pos flotante (pre-límites): (697.1200, 401.0000)
2025-05-19 16:57:05 - jugador - [DEBUG] - [JUGADOR_0] Pos flotante (post-límites): (697.1200, 401.0000)
2025-05-19 16:57:05 - jugador - [DEBUG] - [JUGADOR_0] Movimiento para CH: dx_int=-3, dy_int=0. HB (antes CH): (700, 401), PosFlotante: (697.1200,401.0000)
2025-05-19 16:57:05 - jugador - [DEBUG] - [JUGADOR_0] Iniciando gestión de colisión con dx=-3, dy=0. Hitbox actual: (700, 401)
2025-05-19 16:57:05 - jugador - [DEBUG] - [JUGADOR_0] Posición POST CH: HB: (697, 401), PosFlotante: (697.00, 401.00)
2025-05-19 16:57:05 - jugador - [DEBUG] - [JUGADOR_0] Pos flotante (pre-límites): (694.1200, 401.0000)
2025-05-19 16:57:05 - jugador - [DEBUG] - [JUGADOR_0] Pos flotante (post-límites): (694.1200, 401.0000)
2025-05-19 16:57:05 - jugador - [DEBUG] - [JUGADOR_0] Movimiento para CH: dx_int=-3, dy_int=0. HB (antes CH): (697, 401), PosFlotante: (694.1200,401.0000)
2025-05-19 16:57:05 - jugador - [DEBUG] - [JUGADOR_0] Iniciando gestión de colisión con dx=-3, dy=0. Hitbox actual: (697, 401)
2025-05-19 16:57:05 - jugador - [DEBUG] - [JUGADOR_0] Posición POST CH: HB: (694, 401), PosFlotante: (694.00, 401.00)
2025-05-19 16:57:05 - jugador - [DEBUG] - [JUGADOR_0] Pos flotante (pre-límites): (691.1200, 401.0000)
2025-05-19 16:57:05 - jugador - [DEBUG] - [JUGADOR_0] Pos flotante (post-límites): (691.1200, 401.0000)
2025-05-19 16:57:05 - jugador - [DEBUG] - [JUGADOR_0] Movimiento para CH: dx_int=-3, dy_int=0. HB (antes CH): (694, 401), PosFlotante: (691.1200,401.0000)
2025-05-19 16:57:05 - jugador - [DEBUG] - [JUGADOR_0] Iniciando gestión de colisión con dx=-3, dy=0. Hitbox actual: (694, 401)
2025-05-19 16:57:05 - jugador - [DEBUG] - [JUGADOR_0] Posición POST CH: HB: (691, 401), PosFlotante: (691.00, 401.00)
2025-05-19 16:57:05 - jugador - [DEBUG] - [JUGADOR_0] Input teclado procesado: mov_x_input_raw=-180, mov_y_input_raw=0
2025-05-19 16:57:05 - jugador - [DEBUG] - [JUGADOR_0] Delta flotante intentado: dx=-3.0600, dy=0.0000 (delta_time: 0.0170)
2025-05-19 16:57:05 - jugador - [DEBUG] - [JUGADOR_0] Pos flotante (pre-límites): (687.9400, 401.0000)
2025-05-19 16:57:05 - jugador - [DEBUG] - [JUGADOR_0] Pos flotante (post-límites): (687.9400, 401.0000)
2025-05-19 16:57:05 - jugador - [DEBUG] - [JUGADOR_0] Movimiento para CH: dx_int=-4, dy_int=0. HB (antes CH): (691, 401), PosFlotante: (687.9400,401.0000)
2025-05-19 16:57:05 - jugador - [DEBUG] - [JUGADOR_0] Iniciando gestión de colisión con dx=-4, dy=0. Hitbox actual: (691, 401)
2025-05-19 16:57:05 - jugador - [DEBUG] - [JUGADOR_0] Posición POST CH: HB: (687, 401), PosFlotante: (687.00, 401.00)
2025-05-19 16:57:05 - jugador - [DEBUG] - [JUGADOR_0] Input teclado procesado: mov_x_input_raw=-180, mov_y_input_raw=-180
2025-05-19 16:57:05 - jugador - [DEBUG] - [JUGADOR_0] Delta flotante intentado: dx=-2.8800, dy=-2.8800 (delta_time: 0.0160)
2025-05-19 16:57:05 - jugador - [DEBUG] - [JUGADOR_0] Pos flotante (pre-límites): (684.1200, 398.1200)
2025-05-19 16:57:05 - jugador - [DEBUG] - [JUGADOR_0] Pos flotante (post-límites): (684.1200, 398.1200)
2025-05-19 16:57:05 - jugador - [DEBUG] - [JUGADOR_0] Movimiento para CH: dx_int=-3, dy_int=-3. HB (antes CH): (687, 401), PosFlotante: (684.1200,398.1200)
2025-05-19 16:57:05 - jugador - [DEBUG] - [JUGADOR_0] Iniciando gestión de colisión con dx=-3, dy=-3. Hitbox actual: (687, 401)
2025-05-19 16:57:05 - jugador - [DEBUG] - [JUGADOR_0] Posición POST CH: HB: (684, 398), PosFlotante: (684.00, 398.00)
2025-05-19 16:57:05 - jugador - [DEBUG] - [JUGADOR_0] Delta flotante intentado: dx=-3.0600, dy=-3.0600 (delta_time: 0.0170)
2025-05-19 16:57:05 - jugador - [DEBUG] - [JUGADOR_0] Pos flotante (pre-límites): (680.9400, 394.9400)
2025-05-19 16:57:05 - jugador - [DEBUG] - [JUGADOR_0] Pos flotante (post-límites): (680.9400, 394.9400)
2025-05-19 16:57:05 - jugador - [DEBUG] - [JUGADOR_0] Movimiento para CH: dx_int=-4, dy_int=-4. HB (antes CH): (684, 398), PosFlotante: (680.9400,394.9400)
2025-05-19 16:57:05 - jugador - [DEBUG] - [JUGADOR_0] Iniciando gestión de colisión con dx=-4, dy=-4. Hitbox actual: (684, 398)
2025-05-19 16:57:05 - jugador - [DEBUG] - [JUGADOR_0] Posición POST CH: HB: (680, 394), PosFlotante: (680.00, 394.00)
2025-05-19 16:57:05 - jugador - [DEBUG] - [JUGADOR_0] Pos flotante (pre-límites): (676.9400, 390.9400)
2025-05-19 16:57:05 - jugador - [DEBUG] - [JUGADOR_0] Pos flotante (post-límites): (676.9400, 390.9400)
2025-05-19 16:57:05 - jugador - [DEBUG] - [JUGADOR_0] Movimiento para CH: dx_int=-4, dy_int=-4. HB (antes CH): (680, 394), PosFlotante: (676.9400,390.9400)
2025-05-19 16:57:05 - jugador - [DEBUG] - [JUGADOR_0] Iniciando gestión de colisión con dx=-4, dy=-4. Hitbox actual: (680, 394)
2025-05-19 16:57:05 - jugador - [DEBUG] - [JUGADOR_0] Posición POST CH: HB: (676, 390), PosFlotante: (676.00, 390.00)
2025-05-19 16:57:05 - jugador - [DEBUG] - [JUGADOR_0] Pos flotante (pre-límites): (672.9400, 386.9400)
2025-05-19 16:57:05 - jugador - [DEBUG] - [JUGADOR_0] Pos flotante (post-límites): (672.9400, 386.9400)
2025-05-19 16:57:05 - jugador - [DEBUG] - [JUGADOR_0] Movimiento para CH: dx_int=-4, dy_int=-4. HB (antes CH): (676, 390), PosFlotante: (672.9400,386.9400)
2025-05-19 16:57:05 - jugador - [DEBUG] - [JUGADOR_0] Iniciando gestión de colisión con dx=-4, dy=-4. Hitbox actual: (676, 390)
2025-05-19 16:57:05 - jugador - [DEBUG] - [JUGADOR_0] Posición POST CH: HB: (672, 386), PosFlotante: (672.00, 386.00)
2025-05-19 16:57:05 - jugador - [DEBUG] - [JUGADOR_0] Input teclado procesado: mov_x_input_raw=-180, mov_y_input_raw=-180
2025-05-19 16:57:05 - jugador - [DEBUG] - [JUGADOR_0] Delta flotante intentado: dx=-3.0600, dy=-3.0600 (delta_time: 0.0170)
2025-05-19 16:57:05 - jugador - [DEBUG] - [JUGADOR_0] Pos flotante (pre-límites): (668.9400, 382.9400)
2025-05-19 16:57:05 - jugador - [DEBUG] - [JUGADOR_0] Pos flotante (post-límites): (668.9400, 382.9400)
2025-05-19 16:57:05 - jugador - [DEBUG] - [JUGADOR_0] Movimiento para CH: dx_int=-4, dy_int=-4. HB (antes CH): (672, 386), PosFlotante: (668.9400,382.9400)
2025-05-19 16:57:05 - jugador - [DEBUG] - [JUGADOR_0] Iniciando gestión de colisión con dx=-4, dy=-4. Hitbox actual: (672, 386)
2025-05-19 16:57:05 - jugador - [DEBUG] - [JUGADOR_0] Posición POST CH: HB: (668, 382), PosFlotante: (668.00, 382.00)
2025-05-19 16:57:05 - jugador - [DEBUG] - [JUGADOR_0] Pos flotante (pre-límites): (664.9400, 378.9400)
2025-05-19 16:57:05 - jugador - [DEBUG] - [JUGADOR_0] Pos flotante (post-límites): (664.9400, 378.9400)
2025-05-19 16:57:05 - jugador - [DEBUG] - [JUGADOR_0] Movimiento para CH: dx_int=-4, dy_int=-4. HB (antes CH): (668, 382), PosFlotante: (664.9400,378.9400)
2025-05-19 16:57:05 - jugador - [DEBUG] - [JUGADOR_0] Iniciando gestión de colisión con dx=-4, dy=-4. Hitbox actual: (668, 382)
2025-05-19 16:57:05 - jugador - [DEBUG] - [JUGADOR_0] Posición POST CH: HB: (664, 378), PosFlotante: (664.00, 378.00)
2025-05-19 16:57:05 - jugador - [DEBUG] - [JUGADOR_0] Input teclado procesado: mov_x_input_raw=-180, mov_y_input_raw=0
2025-05-19 16:57:05 - jugador - [DEBUG] - [JUGADOR_0] Delta flotante intentado: dx=-3.0600, dy=0.0000 (delta_time: 0.0170)
2025-05-19 16:57:05 - jugador - [DEBUG] - [JUGADOR_0] Pos flotante (pre-límites): (660.9400, 378.0000)
2025-05-19 16:57:05 - jugador - [DEBUG] - [JUGADOR_0] Pos flotante (post-límites): (660.9400, 378.0000)
2025-05-19 16:57:05 - jugador - [DEBUG] - [JUGADOR_0] Movimiento para CH: dx_int=-4, dy_int=0. HB (antes CH): (664, 378), PosFlotante: (660.9400,378.0000)
2025-05-19 16:57:05 - jugador - [DEBUG] - [JUGADOR_0] Iniciando gestión de colisión con dx=-4, dy=0. Hitbox actual: (664, 378)
2025-05-19 16:57:05 - jugador - [DEBUG] - [JUGADOR_0] Posición POST CH: HB: (660, 378), PosFlotante: (660.00, 378.00)
2025-05-19 16:57:05 - jugador - [DEBUG] - [JUGADOR_0] Pos flotante (pre-límites): (656.9400, 378.0000)
2025-05-19 16:57:05 - jugador - [DEBUG] - [JUGADOR_0] Pos flotante (post-límites): (656.9400, 378.0000)
2025-05-19 16:57:05 - jugador - [DEBUG] - [JUGADOR_0] Movimiento para CH: dx_int=-4, dy_int=0. HB (antes CH): (660, 378), PosFlotante: (656.9400,378.0000)
2025-05-19 16:57:05 - jugador - [DEBUG] - [JUGADOR_0] Iniciando gestión de colisión con dx=-4, dy=0. Hitbox actual: (660, 378)
2025-05-19 16:57:05 - jugador - [DEBUG] - [JUGADOR_0] Posición POST CH: HB: (656, 378), PosFlotante: (656.00, 378.00)
2025-05-19 16:57:05 - jugador - [DEBUG] - [JUGADOR_0] Pos flotante (pre-límites): (652.9400, 378.0000)
2025-05-19 16:57:05 - jugador - [DEBUG] - [JUGADOR_0] Pos flotante (post-límites): (652.9400, 378.0000)
2025-05-19 16:57:05 - jugador - [DEBUG] - [JUGADOR_0] Movimiento para CH: dx_int=-4, dy_int=0. HB (antes CH): (656, 378), PosFlotante: (652.9400,378.0000)
2025-05-19 16:57:05 - jugador - [DEBUG] - [JUGADOR_0] Iniciando gestión de colisión con dx=-4, dy=0. Hitbox actual: (656, 378)
2025-05-19 16:57:05 - jugador - [DEBUG] - [JUGADOR_0] Posición POST CH: HB: (652, 378), PosFlotante: (652.00, 378.00)
2025-05-19 16:57:05 - jugador - [DEBUG] - [JUGADOR_0] Input teclado procesado: mov_x_input_raw=-180, mov_y_input_raw=0
2025-05-19 16:57:05 - jugador - [DEBUG] - [JUGADOR_0] Delta flotante intentado: dx=-3.0600, dy=0.0000 (delta_time: 0.0170)
2025-05-19 16:57:05 - jugador - [DEBUG] - [JUGADOR_0] Pos flotante (pre-límites): (648.9400, 378.0000)
2025-05-19 16:57:05 - jugador - [DEBUG] - [JUGADOR_0] Pos flotante (post-límites): (648.9400, 378.0000)
2025-05-19 16:57:05 - jugador - [DEBUG] - [JUGADOR_0] Movimiento para CH: dx_int=-4, dy_int=0. HB (antes CH): (652, 378), PosFlotante: (648.9400,378.0000)
2025-05-19 16:57:05 - jugador - [DEBUG] - [JUGADOR_0] Iniciando gestión de colisión con dx=-4, dy=0. Hitbox actual: (652, 378)
2025-05-19 16:57:05 - jugador - [DEBUG] - [JUGADOR_0] Posición POST CH: HB: (648, 378), PosFlotante: (648.00, 378.00)
2025-05-19 16:57:05 - jugador - [DEBUG] - [JUGADOR_0] Input teclado procesado: mov_x_input_raw=-180, mov_y_input_raw=180
2025-05-19 16:57:05 - jugador - [DEBUG] - [JUGADOR_0] Delta flotante intentado: dx=-3.0600, dy=3.0600 (delta_time: 0.0170)
2025-05-19 16:57:05 - jugador - [DEBUG] - [JUGADOR_0] Pos flotante (pre-límites): (644.9400, 381.0600)
2025-05-19 16:57:05 - jugador - [DEBUG] - [JUGADOR_0] Pos flotante (post-límites): (644.9400, 381.0600)
2025-05-19 16:57:05 - jugador - [DEBUG] - [JUGADOR_0] Movimiento para CH: dx_int=-4, dy_int=4. HB (antes CH): (648, 378), PosFlotante: (644.9400,381.0600)
2025-05-19 16:57:05 - jugador - [DEBUG] - [JUGADOR_0] Iniciando gestión de colisión con dx=-4, dy=4. Hitbox actual: (648, 378)
2025-05-19 16:57:05 - jugador - [DEBUG] - [JUGADOR_0] Posición POST CH: HB: (644, 382), PosFlotante: (644.00, 382.00)
2025-05-19 16:57:05 - jugador - [DEBUG] - [JUGADOR_0] Delta flotante intentado: dx=-2.8800, dy=2.8800 (delta_time: 0.0160)
2025-05-19 16:57:05 - jugador - [DEBUG] - [JUGADOR_0] Pos flotante (pre-límites): (641.1200, 384.8800)
2025-05-19 16:57:05 - jugador - [DEBUG] - [JUGADOR_0] Pos flotante (post-límites): (641.1200, 384.8800)
2025-05-19 16:57:05 - jugador - [DEBUG] - [JUGADOR_0] Movimiento para CH: dx_int=-3, dy_int=3. HB (antes CH): (644, 382), PosFlotante: (641.1200,384.8800)
2025-05-19 16:57:05 - jugador - [DEBUG] - [JUGADOR_0] Iniciando gestión de colisión con dx=-3, dy=3. Hitbox actual: (644, 382)
2025-05-19 16:57:05 - jugador - [DEBUG] - [JUGADOR_0] Posición POST CH: HB: (641, 385), PosFlotante: (641.00, 385.00)
2025-05-19 16:57:05 - jugador - [DEBUG] - [JUGADOR_0] Pos flotante (pre-límites): (638.1200, 387.8800)
2025-05-19 16:57:05 - jugador - [DEBUG] - [JUGADOR_0] Pos flotante (post-límites): (638.1200, 387.8800)
2025-05-19 16:57:05 - jugador - [DEBUG] - [JUGADOR_0] Movimiento para CH: dx_int=-3, dy_int=3. HB (antes CH): (641, 385), PosFlotante: (638.1200,387.8800)
2025-05-19 16:57:05 - jugador - [DEBUG] - [JUGADOR_0] Iniciando gestión de colisión con dx=-3, dy=3. Hitbox actual: (641, 385)
2025-05-19 16:57:05 - jugador - [DEBUG] - [JUGADOR_0] Posición POST CH: HB: (638, 388), PosFlotante: (638.00, 388.00)
2025-05-19 16:57:05 - jugador - [DEBUG] - [JUGADOR_0] Pos flotante (pre-límites): (635.1200, 390.8800)
2025-05-19 16:57:05 - jugador - [DEBUG] - [JUGADOR_0] Pos flotante (post-límites): (635.1200, 390.8800)
2025-05-19 16:57:05 - jugador - [DEBUG] - [JUGADOR_0] Movimiento para CH: dx_int=-3, dy_int=3. HB (antes CH): (638, 388), PosFlotante: (635.1200,390.8800)
2025-05-19 16:57:05 - jugador - [DEBUG] - [JUGADOR_0] Iniciando gestión de colisión con dx=-3, dy=3. Hitbox actual: (638, 388)
2025-05-19 16:57:05 - jugador - [DEBUG] - [JUGADOR_0] Posición POST CH: HB: (635, 391), PosFlotante: (635.00, 391.00)
2025-05-19 16:57:05 - jugador - [DEBUG] - [JUGADOR_0] Input teclado procesado: mov_x_input_raw=-180, mov_y_input_raw=180
2025-05-19 16:57:05 - jugador - [DEBUG] - [JUGADOR_0] Delta flotante intentado: dx=-3.0600, dy=3.0600 (delta_time: 0.0170)
2025-05-19 16:57:05 - jugador - [DEBUG] - [JUGADOR_0] Pos flotante (pre-límites): (631.9400, 394.0600)
2025-05-19 16:57:05 - jugador - [DEBUG] - [JUGADOR_0] Pos flotante (post-límites): (631.9400, 394.0600)
2025-05-19 16:57:05 - jugador - [DEBUG] - [JUGADOR_0] Movimiento para CH: dx_int=-4, dy_int=4. HB (antes CH): (635, 391), PosFlotante: (631.9400,394.0600)
2025-05-19 16:57:05 - jugador - [DEBUG] - [JUGADOR_0] Iniciando gestión de colisión con dx=-4, dy=4. Hitbox actual: (635, 391)
2025-05-19 16:57:05 - jugador - [DEBUG] - [JUGADOR_0] Posición POST CH: HB: (631, 395), PosFlotante: (631.00, 395.00)
2025-05-19 16:57:05 - jugador - [DEBUG] - [JUGADOR_0] Delta flotante intentado: dx=-2.8800, dy=2.8800 (delta_time: 0.0160)
2025-05-19 16:57:05 - jugador - [DEBUG] - [JUGADOR_0] Pos flotante (pre-límites): (628.1200, 397.8800)
2025-05-19 16:57:05 - jugador - [DEBUG] - [JUGADOR_0] Pos flotante (post-límites): (628.1200, 397.8800)
2025-05-19 16:57:05 - jugador - [DEBUG] - [JUGADOR_0] Movimiento para CH: dx_int=-3, dy_int=3. HB (antes CH): (631, 395), PosFlotante: (628.1200,397.8800)
2025-05-19 16:57:05 - jugador - [DEBUG] - [JUGADOR_0] Iniciando gestión de colisión con dx=-3, dy=3. Hitbox actual: (631, 395)
2025-05-19 16:57:05 - jugador - [DEBUG] - [JUGADOR_0] Posición POST CH: HB: (628, 398), PosFlotante: (628.00, 398.00)
2025-05-19 16:57:05 - jugador - [DEBUG] - [JUGADOR_0] Pos flotante (pre-límites): (625.1200, 400.8800)
2025-05-19 16:57:05 - jugador - [DEBUG] - [JUGADOR_0] Pos flotante (post-límites): (625.1200, 400.8800)
2025-05-19 16:57:05 - jugador - [DEBUG] - [JUGADOR_0] Movimiento para CH: dx_int=-3, dy_int=3. HB (antes CH): (628, 398), PosFlotante: (625.1200,400.8800)
2025-05-19 16:57:05 - jugador - [DEBUG] - [JUGADOR_0] Iniciando gestión de colisión con dx=-3, dy=3. Hitbox actual: (628, 398)
2025-05-19 16:57:05 - jugador - [DEBUG] - [JUGADOR_0] Posición POST CH: HB: (625, 401), PosFlotante: (625.00, 401.00)
2025-05-19 16:57:05 - jugador - [DEBUG] - [JUGADOR_0] Pos flotante (pre-límites): (622.1200, 403.8800)
2025-05-19 16:57:05 - jugador - [DEBUG] - [JUGADOR_0] Pos flotante (post-límites): (622.1200, 403.8800)
2025-05-19 16:57:05 - jugador - [DEBUG] - [JUGADOR_0] Movimiento para CH: dx_int=-3, dy_int=3. HB (antes CH): (625, 401), PosFlotante: (622.1200,403.8800)
2025-05-19 16:57:05 - jugador - [DEBUG] - [JUGADOR_0] Iniciando gestión de colisión con dx=-3, dy=3. Hitbox actual: (625, 401)
2025-05-19 16:57:06 - jugador - [DEBUG] - [JUGADOR_0] Posición POST CH: HB: (622, 404), PosFlotante: (622.00, 404.00)
2025-05-19 16:57:06 - jugador - [DEBUG] - [JUGADOR_0] Input teclado procesado: mov_x_input_raw=-180, mov_y_input_raw=180
2025-05-19 16:57:06 - jugador - [DEBUG] - [JUGADOR_0] Pos flotante (pre-límites): (619.1200, 406.8800)
2025-05-19 16:57:06 - jugador - [DEBUG] - [JUGADOR_0] Pos flotante (post-límites): (619.1200, 406.8800)
2025-05-19 16:57:06 - jugador - [DEBUG] - [JUGADOR_0] Movimiento para CH: dx_int=-3, dy_int=3. HB (antes CH): (622, 404), PosFlotante: (619.1200,406.8800)
2025-05-19 16:57:06 - jugador - [DEBUG] - [JUGADOR_0] Iniciando gestión de colisión con dx=-3, dy=3. Hitbox actual: (622, 404)
2025-05-19 16:57:06 - jugador - [DEBUG] - [JUGADOR_0] Posición POST CH: HB: (619, 407), PosFlotante: (619.00, 407.00)
2025-05-19 16:57:06 - jugador - [DEBUG] - [JUGADOR_0] Delta flotante intentado: dx=-3.0600, dy=3.0600 (delta_time: 0.0170)
2025-05-19 16:57:06 - jugador - [DEBUG] - [JUGADOR_0] Pos flotante (pre-límites): (615.9400, 410.0600)
2025-05-19 16:57:06 - jugador - [DEBUG] - [JUGADOR_0] Pos flotante (post-límites): (615.9400, 410.0600)
2025-05-19 16:57:06 - jugador - [DEBUG] - [JUGADOR_0] Movimiento para CH: dx_int=-4, dy_int=4. HB (antes CH): (619, 407), PosFlotante: (615.9400,410.0600)
2025-05-19 16:57:06 - jugador - [DEBUG] - [JUGADOR_0] Iniciando gestión de colisión con dx=-4, dy=4. Hitbox actual: (619, 407)
2025-05-19 16:57:06 - jugador - [DEBUG] - [JUGADOR_0] Posición POST CH: HB: (615, 411), PosFlotante: (615.00, 411.00)
2025-05-19 16:57:06 - jugador - [DEBUG] - [JUGADOR_0] Delta flotante intentado: dx=-2.8800, dy=2.8800 (delta_time: 0.0160)
2025-05-19 16:57:06 - jugador - [DEBUG] - [JUGADOR_0] Pos flotante (pre-límites): (612.1200, 413.8800)
2025-05-19 16:57:06 - jugador - [DEBUG] - [JUGADOR_0] Pos flotante (post-límites): (612.1200, 413.8800)
2025-05-19 16:57:06 - jugador - [DEBUG] - [JUGADOR_0] Movimiento para CH: dx_int=-3, dy_int=3. HB (antes CH): (615, 411), PosFlotante: (612.1200,413.8800)
2025-05-19 16:57:06 - jugador - [DEBUG] - [JUGADOR_0] Iniciando gestión de colisión con dx=-3, dy=3. Hitbox actual: (615, 411)
2025-05-19 16:57:06 - jugador - [DEBUG] - [JUGADOR_0] Posición POST CH: HB: (612, 414), PosFlotante: (612.00, 414.00)
2025-05-19 16:57:06 - jugador - [DEBUG] - [JUGADOR_0] Pos flotante (pre-límites): (609.1200, 416.8800)
2025-05-19 16:57:06 - jugador - [DEBUG] - [JUGADOR_0] Pos flotante (post-límites): (609.1200, 416.8800)
2025-05-19 16:57:06 - jugador - [DEBUG] - [JUGADOR_0] Movimiento para CH: dx_int=-3, dy_int=3. HB (antes CH): (612, 414), PosFlotante: (609.1200,416.8800)
2025-05-19 16:57:06 - jugador - [DEBUG] - [JUGADOR_0] Iniciando gestión de colisión con dx=-3, dy=3. Hitbox actual: (612, 414)
2025-05-19 16:57:06 - jugador - [DEBUG] - [JUGADOR_0] Posición POST CH: HB: (609, 417), PosFlotante: (609.00, 417.00)
2025-05-19 16:57:06 - jugador - [DEBUG] - [JUGADOR_0] Input teclado procesado: mov_x_input_raw=-180, mov_y_input_raw=180
2025-05-19 16:57:06 - jugador - [DEBUG] - [JUGADOR_0] Pos flotante (pre-límites): (605.9400, 420.0600)
2025-05-19 16:57:06 - jugador - [DEBUG] - [JUGADOR_0] Pos flotante (post-límites): (605.9400, 420.0600)
2025-05-19 16:57:06 - jugador - [DEBUG] - [JUGADOR_0] Movimiento para CH: dx_int=-4, dy_int=4. HB (antes CH): (609, 417), PosFlotante: (605.9400,420.0600)
2025-05-19 16:57:06 - jugador - [DEBUG] - [JUGADOR_0] Iniciando gestión de colisión con dx=-4, dy=4. Hitbox actual: (609, 417)
2025-05-19 16:57:06 - jugador - [DEBUG] - [JUGADOR_0] Posición POST CH: HB: (605, 421), PosFlotante: (605.00, 421.00)
2025-05-19 16:57:06 - jugador - [DEBUG] - [JUGADOR_0] Pos flotante (pre-límites): (602.1200, 423.8800)
2025-05-19 16:57:06 - jugador - [DEBUG] - [JUGADOR_0] Pos flotante (post-límites): (602.1200, 423.8800)
2025-05-19 16:57:06 - jugador - [DEBUG] - [JUGADOR_0] Movimiento para CH: dx_int=-3, dy_int=3. HB (antes CH): (605, 421), PosFlotante: (602.1200,423.8800)
2025-05-19 16:57:06 - jugador - [DEBUG] - [JUGADOR_0] Iniciando gestión de colisión con dx=-3, dy=3. Hitbox actual: (605, 421)
2025-05-19 16:57:06 - jugador - [DEBUG] - [JUGADOR_0] Posición POST CH: HB: (602, 424), PosFlotante: (602.00, 424.00)
2025-05-19 16:57:06 - jugador - [DEBUG] - [JUGADOR_0] Delta flotante intentado: dx=-2.8800, dy=2.8800 (delta_time: 0.0160)
2025-05-19 16:57:06 - jugador - [DEBUG] - [JUGADOR_0] Pos flotante (pre-límites): (599.1200, 426.8800)
2025-05-19 16:57:06 - jugador - [DEBUG] - [JUGADOR_0] Pos flotante (post-límites): (599.1200, 426.8800)
2025-05-19 16:57:06 - jugador - [DEBUG] - [JUGADOR_0] Movimiento para CH: dx_int=-3, dy_int=3. HB (antes CH): (602, 424), PosFlotante: (599.1200,426.8800)
2025-05-19 16:57:06 - jugador - [DEBUG] - [JUGADOR_0] Iniciando gestión de colisión con dx=-3, dy=3. Hitbox actual: (602, 424)
2025-05-19 16:57:06 - jugador - [DEBUG] - [JUGADOR_0] Posición POST CH: HB: (599, 427), PosFlotante: (599.00, 427.00)
2025-05-19 16:57:06 - jugador - [DEBUG] - [JUGADOR_0] Delta flotante intentado: dx=-3.0600, dy=3.0600 (delta_time: 0.0170)
2025-05-19 16:57:06 - jugador - [DEBUG] - [JUGADOR_0] Pos flotante (pre-límites): (595.9400, 430.0600)
2025-05-19 16:57:06 - jugador - [DEBUG] - [JUGADOR_0] Pos flotante (post-límites): (595.9400, 430.0600)
2025-05-19 16:57:06 - jugador - [DEBUG] - [JUGADOR_0] Movimiento para CH: dx_int=-4, dy_int=4. HB (antes CH): (599, 427), PosFlotante: (595.9400,430.0600)
2025-05-19 16:57:06 - jugador - [DEBUG] - [JUGADOR_0] Iniciando gestión de colisión con dx=-4, dy=4. Hitbox actual: (599, 427)
2025-05-19 16:57:06 - jugador - [DEBUG] - [JUGADOR_0] Posición POST CH: HB: (595, 431), PosFlotante: (595.00, 431.00)
2025-05-19 16:57:06 - jugador - [DEBUG] - [JUGADOR_0] Input teclado procesado: mov_x_input_raw=-180, mov_y_input_raw=180
2025-05-19 16:57:06 - jugador - [DEBUG] - [JUGADOR_0] Pos flotante (pre-límites): (592.1200, 433.8800)
2025-05-19 16:57:06 - jugador - [DEBUG] - [JUGADOR_0] Pos flotante (post-límites): (592.1200, 433.8800)
2025-05-19 16:57:06 - jugador - [DEBUG] - [JUGADOR_0] Movimiento para CH: dx_int=-3, dy_int=3. HB (antes CH): (595, 431), PosFlotante: (592.1200,433.8800)
2025-05-19 16:57:06 - jugador - [DEBUG] - [JUGADOR_0] Iniciando gestión de colisión con dx=-3, dy=3. Hitbox actual: (595, 431)
2025-05-19 16:57:06 - jugador - [DEBUG] - [JUGADOR_0] Posición POST CH: HB: (592, 434), PosFlotante: (592.00, 434.00)
2025-05-19 16:57:06 - jugador - [DEBUG] - [JUGADOR_0] Pos flotante (pre-límites): (588.9400, 437.0600)
2025-05-19 16:57:06 - jugador - [DEBUG] - [JUGADOR_0] Pos flotante (post-límites): (588.9400, 437.0600)
2025-05-19 16:57:06 - jugador - [DEBUG] - [JUGADOR_0] Movimiento para CH: dx_int=-4, dy_int=4. HB (antes CH): (592, 434), PosFlotante: (588.9400,437.0600)
2025-05-19 16:57:06 - jugador - [DEBUG] - [JUGADOR_0] Iniciando gestión de colisión con dx=-4, dy=4. Hitbox actual: (592, 434)
2025-05-19 16:57:06 - jugador - [DEBUG] - [JUGADOR_0] Posición POST CH: HB: (588, 438), PosFlotante: (588.00, 438.00)
2025-05-19 16:57:06 - jugador - [DEBUG] - [JUGADOR_0] Delta flotante intentado: dx=-2.8800, dy=2.8800 (delta_time: 0.0160)
2025-05-19 16:57:06 - jugador - [DEBUG] - [JUGADOR_0] Pos flotante (pre-límites): (585.1200, 440.8800)
2025-05-19 16:57:06 - jugador - [DEBUG] - [JUGADOR_0] Pos flotante (post-límites): (585.1200, 440.8800)
2025-05-19 16:57:06 - jugador - [DEBUG] - [JUGADOR_0] Movimiento para CH: dx_int=-3, dy_int=3. HB (antes CH): (588, 438), PosFlotante: (585.1200,440.8800)
2025-05-19 16:57:06 - jugador - [DEBUG] - [JUGADOR_0] Iniciando gestión de colisión con dx=-3, dy=3. Hitbox actual: (588, 438)
2025-05-19 16:57:06 - jugador - [DEBUG] - [JUGADOR_0] Posición POST CH: HB: (585, 441), PosFlotante: (585.00, 441.00)
2025-05-19 16:57:06 - jugador - [DEBUG] - [JUGADOR_0] Input teclado procesado: mov_x_input_raw=0, mov_y_input_raw=180
2025-05-19 16:57:06 - jugador - [DEBUG] - [JUGADOR_0] Delta flotante intentado: dx=0.0000, dy=2.8800 (delta_time: 0.0160)
2025-05-19 16:57:06 - jugador - [DEBUG] - [JUGADOR_0] Pos flotante (pre-límites): (585.0000, 443.8800)
2025-05-19 16:57:06 - jugador - [DEBUG] - [JUGADOR_0] Pos flotante (post-límites): (585.0000, 443.8800)
2025-05-19 16:57:06 - jugador - [DEBUG] - [JUGADOR_0] Movimiento para CH: dx_int=0, dy_int=3. HB (antes CH): (585, 441), PosFlotante: (585.0000,443.8800)
2025-05-19 16:57:06 - jugador - [DEBUG] - [JUGADOR_0] Iniciando gestión de colisión con dx=0, dy=3. Hitbox actual: (585, 441)
2025-05-19 16:57:06 - jugador - [DEBUG] - [JUGADOR_0] Posición POST CH: HB: (585, 444), PosFlotante: (585.00, 444.00)
2025-05-19 16:57:06 - jugador - [DEBUG] - [JUGADOR_0] Delta flotante intentado: dx=0.0000, dy=3.0600 (delta_time: 0.0170)
2025-05-19 16:57:06 - jugador - [DEBUG] - [JUGADOR_0] Pos flotante (pre-límites): (585.0000, 447.0600)
2025-05-19 16:57:06 - jugador - [DEBUG] - [JUGADOR_0] Pos flotante (post-límites): (585.0000, 447.0600)
2025-05-19 16:57:06 - jugador - [DEBUG] - [JUGADOR_0] Movimiento para CH: dx_int=0, dy_int=4. HB (antes CH): (585, 444), PosFlotante: (585.0000,447.0600)
2025-05-19 16:57:06 - jugador - [DEBUG] - [JUGADOR_0] Iniciando gestión de colisión con dx=0, dy=4. Hitbox actual: (585, 444)
2025-05-19 16:57:06 - jugador - [DEBUG] - [JUGADOR_0] Posición POST CH: HB: (585, 448), PosFlotante: (585.00, 448.00)
2025-05-19 16:57:06 - jugador - [DEBUG] - [JUGADOR_0] Pos flotante (pre-límites): (585.0000, 450.8800)
2025-05-19 16:57:06 - jugador - [DEBUG] - [JUGADOR_0] Pos flotante (post-límites): (585.0000, 450.8800)
2025-05-19 16:57:06 - jugador - [DEBUG] - [JUGADOR_0] Movimiento para CH: dx_int=0, dy_int=3. HB (antes CH): (585, 448), PosFlotante: (585.0000,450.8800)
2025-05-19 16:57:06 - jugador - [DEBUG] - [JUGADOR_0] Iniciando gestión de colisión con dx=0, dy=3. Hitbox actual: (585, 448)
2025-05-19 16:57:06 - jugador - [DEBUG] - [JUGADOR_0] Posición POST CH: HB: (585, 451), PosFlotante: (585.00, 451.00)
2025-05-19 16:57:06 - jugador - [DEBUG] - [JUGADOR_0] Pos flotante (pre-límites): (585.0000, 454.0600)
2025-05-19 16:57:06 - jugador - [DEBUG] - [JUGADOR_0] Pos flotante (post-límites): (585.0000, 454.0600)
2025-05-19 16:57:06 - jugador - [DEBUG] - [JUGADOR_0] Movimiento para CH: dx_int=0, dy_int=4. HB (antes CH): (585, 451), PosFlotante: (585.0000,454.0600)
2025-05-19 16:57:06 - jugador - [DEBUG] - [JUGADOR_0] Iniciando gestión de colisión con dx=0, dy=4. Hitbox actual: (585, 451)
2025-05-19 16:57:06 - jugador - [DEBUG] - [JUGADOR_0] Posición POST CH: HB: (585, 455), PosFlotante: (585.00, 455.00)
2025-05-19 16:57:06 - jugador - [DEBUG] - [JUGADOR_0] Input teclado procesado: mov_x_input_raw=0, mov_y_input_raw=180
2025-05-19 16:57:06 - jugador - [DEBUG] - [JUGADOR_0] Delta flotante intentado: dx=0.0000, dy=3.0600 (delta_time: 0.0170)
2025-05-19 16:57:06 - jugador - [DEBUG] - [JUGADOR_0] Pos flotante (pre-límites): (585.0000, 458.0600)
2025-05-19 16:57:06 - jugador - [DEBUG] - [JUGADOR_0] Pos flotante (post-límites): (585.0000, 458.0600)
2025-05-19 16:57:06 - jugador - [DEBUG] - [JUGADOR_0] Movimiento para CH: dx_int=0, dy_int=4. HB (antes CH): (585, 455), PosFlotante: (585.0000,458.0600)
2025-05-19 16:57:06 - jugador - [DEBUG] - [JUGADOR_0] Iniciando gestión de colisión con dx=0, dy=4. Hitbox actual: (585, 455)
2025-05-19 16:57:06 - jugador - [DEBUG] - [JUGADOR_0] Posición POST CH: HB: (585, 459), PosFlotante: (585.00, 459.00)
2025-05-19 16:57:06 - jugador - [DEBUG] - [JUGADOR_0] Pos flotante (pre-límites): (585.0000, 462.0600)
2025-05-19 16:57:06 - jugador - [DEBUG] - [JUGADOR_0] Pos flotante (post-límites): (585.0000, 462.0600)
2025-05-19 16:57:06 - jugador - [DEBUG] - [JUGADOR_0] Movimiento para CH: dx_int=0, dy_int=4. HB (antes CH): (585, 459), PosFlotante: (585.0000,462.0600)
2025-05-19 16:57:06 - jugador - [DEBUG] - [JUGADOR_0] Iniciando gestión de colisión con dx=0, dy=4. Hitbox actual: (585, 459)
2025-05-19 16:57:06 - jugador - [DEBUG] - [JUGADOR_0] Posición POST CH: HB: (585, 463), PosFlotante: (585.00, 463.00)
2025-05-19 16:57:06 - jugador - [DEBUG] - [JUGADOR_0] Delta flotante intentado: dx=0.0000, dy=2.8800 (delta_time: 0.0160)
2025-05-19 16:57:06 - jugador - [DEBUG] - [JUGADOR_0] Pos flotante (pre-límites): (585.0000, 465.8800)
2025-05-19 16:57:06 - jugador - [DEBUG] - [JUGADOR_0] Pos flotante (post-límites): (585.0000, 465.8800)
2025-05-19 16:57:06 - jugador - [DEBUG] - [JUGADOR_0] Movimiento para CH: dx_int=0, dy_int=3. HB (antes CH): (585, 463), PosFlotante: (585.0000,465.8800)
2025-05-19 16:57:06 - jugador - [DEBUG] - [JUGADOR_0] Iniciando gestión de colisión con dx=0, dy=3. Hitbox actual: (585, 463)
2025-05-19 16:57:06 - jugador - [DEBUG] - [JUGADOR_0] Posición POST CH: HB: (585, 466), PosFlotante: (585.00, 466.00)
2025-05-19 16:57:06 - jugador - [DEBUG] - [JUGADOR_0] Input teclado procesado: mov_x_input_raw=180, mov_y_input_raw=180
2025-05-19 16:57:06 - jugador - [DEBUG] - [JUGADOR_0] Delta flotante intentado: dx=2.8800, dy=2.8800 (delta_time: 0.0160)
2025-05-19 16:57:06 - jugador - [DEBUG] - [JUGADOR_0] Pos flotante (pre-límites): (587.8800, 468.8800)
2025-05-19 16:57:06 - jugador - [DEBUG] - [JUGADOR_0] Pos flotante (post-límites): (587.8800, 468.8800)
2025-05-19 16:57:06 - jugador - [DEBUG] - [JUGADOR_0] Movimiento para CH: dx_int=3, dy_int=3. HB (antes CH): (585, 466), PosFlotante: (587.8800,468.8800)
2025-05-19 16:57:06 - jugador - [DEBUG] - [JUGADOR_0] Iniciando gestión de colisión con dx=3, dy=3. Hitbox actual: (585, 466)
2025-05-19 16:57:06 - jugador - [DEBUG] - [JUGADOR_0] Posición POST CH: HB: (588, 469), PosFlotante: (588.00, 469.00)
2025-05-19 16:57:06 - jugador - [DEBUG] - [JUGADOR_0] Delta flotante intentado: dx=3.0600, dy=3.0600 (delta_time: 0.0170)
2025-05-19 16:57:06 - jugador - [DEBUG] - [JUGADOR_0] Pos flotante (pre-límites): (591.0600, 472.0600)
2025-05-19 16:57:06 - jugador - [DEBUG] - [JUGADOR_0] Pos flotante (post-límites): (591.0600, 472.0600)
2025-05-19 16:57:06 - jugador - [DEBUG] - [JUGADOR_0] Movimiento para CH: dx_int=4, dy_int=4. HB (antes CH): (588, 469), PosFlotante: (591.0600,472.0600)
2025-05-19 16:57:06 - jugador - [DEBUG] - [JUGADOR_0] Iniciando gestión de colisión con dx=4, dy=4. Hitbox actual: (588, 469)
2025-05-19 16:57:06 - jugador - [DEBUG] - [JUGADOR_0] Posición POST CH: HB: (592, 473), PosFlotante: (592.00, 473.00)
2025-05-19 16:57:06 - jugador - [DEBUG] - [JUGADOR_0] Pos flotante (pre-límites): (594.8800, 475.8800)
2025-05-19 16:57:06 - jugador - [DEBUG] - [JUGADOR_0] Pos flotante (post-límites): (594.8800, 475.8800)
2025-05-19 16:57:06 - jugador - [DEBUG] - [JUGADOR_0] Movimiento para CH: dx_int=3, dy_int=3. HB (antes CH): (592, 473), PosFlotante: (594.8800,475.8800)
2025-05-19 16:57:06 - jugador - [DEBUG] - [JUGADOR_0] Iniciando gestión de colisión con dx=3, dy=3. Hitbox actual: (592, 473)
2025-05-19 16:57:06 - jugador - [DEBUG] - [JUGADOR_0] Posición POST CH: HB: (595, 476), PosFlotante: (595.00, 476.00)
2025-05-19 16:57:06 - jugador - [DEBUG] - [JUGADOR_0] Pos flotante (pre-límites): (598.0600, 479.0600)
2025-05-19 16:57:06 - jugador - [DEBUG] - [JUGADOR_0] Pos flotante (post-límites): (598.0600, 479.0600)
2025-05-19 16:57:06 - jugador - [DEBUG] - [JUGADOR_0] Movimiento para CH: dx_int=4, dy_int=4. HB (antes CH): (595, 476), PosFlotante: (598.0600,479.0600)
2025-05-19 16:57:06 - jugador - [DEBUG] - [JUGADOR_0] Iniciando gestión de colisión con dx=4, dy=4. Hitbox actual: (595, 476)
2025-05-19 16:57:06 - jugador - [DEBUG] - [JUGADOR_0] Posición POST CH: HB: (599, 480), PosFlotante: (599.00, 480.00)
2025-05-19 16:57:06 - jugador - [DEBUG] - [JUGADOR_0] Input teclado procesado: mov_x_input_raw=180, mov_y_input_raw=180
2025-05-19 16:57:06 - jugador - [DEBUG] - [JUGADOR_0] Delta flotante intentado: dx=3.0600, dy=3.0600 (delta_time: 0.0170)
2025-05-19 16:57:06 - jugador - [DEBUG] - [JUGADOR_0] Pos flotante (pre-límites): (602.0600, 483.0600)
2025-05-19 16:57:06 - jugador - [DEBUG] - [JUGADOR_0] Pos flotante (post-límites): (602.0600, 483.0600)
2025-05-19 16:57:06 - jugador - [DEBUG] - [JUGADOR_0] Movimiento para CH: dx_int=4, dy_int=4. HB (antes CH): (599, 480), PosFlotante: (602.0600,483.0600)
2025-05-19 16:57:06 - jugador - [DEBUG] - [JUGADOR_0] Iniciando gestión de colisión con dx=4, dy=4. Hitbox actual: (599, 480)
2025-05-19 16:57:06 - jugador - [DEBUG] - [JUGADOR_0] Posición POST CH: HB: (603, 484), PosFlotante: (603.00, 484.00)
2025-05-19 16:57:06 - jugador - [DEBUG] - [JUGADOR_0] Delta flotante intentado: dx=2.8800, dy=2.8800 (delta_time: 0.0160)
2025-05-19 16:57:06 - jugador - [DEBUG] - [JUGADOR_0] Pos flotante (pre-límites): (605.8800, 486.8800)
2025-05-19 16:57:06 - jugador - [DEBUG] - [JUGADOR_0] Pos flotante (post-límites): (605.8800, 486.8800)
2025-05-19 16:57:06 - jugador - [DEBUG] - [JUGADOR_0] Movimiento para CH: dx_int=3, dy_int=3. HB (antes CH): (603, 484), PosFlotante: (605.8800,486.8800)
2025-05-19 16:57:06 - jugador - [DEBUG] - [JUGADOR_0] Iniciando gestión de colisión con dx=3, dy=3. Hitbox actual: (603, 484)
2025-05-19 16:57:06 - jugador - [DEBUG] - [JUGADOR_0] Posición POST CH: HB: (606, 487), PosFlotante: (606.00, 487.00)
2025-05-19 16:57:06 - jugador - [DEBUG] - [JUGADOR_0] Pos flotante (pre-límites): (608.8800, 489.8800)
2025-05-19 16:57:06 - jugador - [DEBUG] - [JUGADOR_0] Pos flotante (post-límites): (608.8800, 489.8800)
2025-05-19 16:57:06 - jugador - [DEBUG] - [JUGADOR_0] Movimiento para CH: dx_int=3, dy_int=3. HB (antes CH): (606, 487), PosFlotante: (608.8800,489.8800)
2025-05-19 16:57:06 - jugador - [DEBUG] - [JUGADOR_0] Iniciando gestión de colisión con dx=3, dy=3. Hitbox actual: (606, 487)
2025-05-19 16:57:06 - jugador - [DEBUG] - [JUGADOR_0] Posición POST CH: HB: (609, 490), PosFlotante: (609.00, 490.00)
2025-05-19 16:57:06 - jugador - [DEBUG] - [JUGADOR_0] Pos flotante (pre-límites): (612.0600, 493.0600)
2025-05-19 16:57:06 - jugador - [DEBUG] - [JUGADOR_0] Pos flotante (post-límites): (612.0600, 493.0600)
2025-05-19 16:57:06 - jugador - [DEBUG] - [JUGADOR_0] Movimiento para CH: dx_int=4, dy_int=4. HB (antes CH): (609, 490), PosFlotante: (612.0600,493.0600)
2025-05-19 16:57:06 - jugador - [DEBUG] - [JUGADOR_0] Iniciando gestión de colisión con dx=4, dy=4. Hitbox actual: (609, 490)
2025-05-19 16:57:06 - jugador - [DEBUG] - [JUGADOR_0] Posición POST CH: HB: (613, 494), PosFlotante: (613.00, 494.00)
2025-05-19 16:57:06 - jugador - [DEBUG] - [JUGADOR_0] Input teclado procesado: mov_x_input_raw=180, mov_y_input_raw=180
2025-05-19 16:57:06 - jugador - [DEBUG] - [JUGADOR_0] Pos flotante (pre-límites): (615.8800, 496.8800)
2025-05-19 16:57:06 - jugador - [DEBUG] - [JUGADOR_0] Pos flotante (post-límites): (615.8800, 496.8800)
2025-05-19 16:57:06 - jugador - [DEBUG] - [JUGADOR_0] Movimiento para CH: dx_int=3, dy_int=3. HB (antes CH): (613, 494), PosFlotante: (615.8800,496.8800)
2025-05-19 16:57:06 - jugador - [DEBUG] - [JUGADOR_0] Iniciando gestión de colisión con dx=3, dy=3. Hitbox actual: (613, 494)
2025-05-19 16:57:06 - jugador - [DEBUG] - [JUGADOR_0] Posición POST CH: HB: (616, 497), PosFlotante: (616.00, 497.00)
2025-05-19 16:57:06 - jugador - [DEBUG] - [JUGADOR_0] Delta flotante intentado: dx=2.8800, dy=2.8800 (delta_time: 0.0160)
2025-05-19 16:57:06 - jugador - [DEBUG] - [JUGADOR_0] Pos flotante (pre-límites): (618.8800, 499.8800)
2025-05-19 16:57:06 - jugador - [DEBUG] - [JUGADOR_0] Pos flotante (post-límites): (618.8800, 499.8800)
2025-05-19 16:57:06 - jugador - [DEBUG] - [JUGADOR_0] Movimiento para CH: dx_int=3, dy_int=3. HB (antes CH): (616, 497), PosFlotante: (618.8800,499.8800)
2025-05-19 16:57:06 - jugador - [DEBUG] - [JUGADOR_0] Iniciando gestión de colisión con dx=3, dy=3. Hitbox actual: (616, 497)
2025-05-19 16:57:06 - jugador - [DEBUG] - [JUGADOR_0] Posición POST CH: HB: (619, 500), PosFlotante: (619.00, 500.00)
2025-05-19 16:57:06 - jugador - [INFO] - [JUGADOR_0] ATAQUE INICIADO (Cooldown: 700.0ms). Perfil: 'espada_predeterminada'
2025-05-19 16:57:06 - jugador - [DEBUG] - [JUGADOR_0] Pos flotante (pre-límites): (621.8800, 502.8800)
2025-05-19 16:57:06 - jugador - [DEBUG] - [JUGADOR_0] Pos flotante (post-límites): (621.8800, 502.8800)
2025-05-19 16:57:06 - jugador - [DEBUG] - [JUGADOR_0] Movimiento para CH: dx_int=3, dy_int=3. HB (antes CH): (619, 500), PosFlotante: (621.8800,502.8800)
2025-05-19 16:57:06 - jugador - [DEBUG] - [JUGADOR_0] Iniciando gestión de colisión con dx=3, dy=3. Hitbox actual: (619, 500)
2025-05-19 16:57:06 - jugador - [DEBUG] - [JUGADOR_0] Posición POST CH: HB: (622, 503), PosFlotante: (622.00, 503.00)
2025-05-19 16:57:06 - jugador - [DEBUG] - [JUGADOR_0] Hitbox ataque: <rect(607, 480, 54, 69)>, Dir: (1.00, 0.00)
2025-05-19 16:57:06 - jugador - [DEBUG] - [JUGADOR_0] Delta flotante intentado: dx=3.0600, dy=3.0600 (delta_time: 0.0170)
2025-05-19 16:57:06 - jugador - [DEBUG] - [JUGADOR_0] Pos flotante (pre-límites): (625.0600, 506.0600)
2025-05-19 16:57:06 - jugador - [DEBUG] - [JUGADOR_0] Pos flotante (post-límites): (625.0600, 506.0600)
2025-05-19 16:57:06 - jugador - [DEBUG] - [JUGADOR_0] Movimiento para CH: dx_int=4, dy_int=4. HB (antes CH): (622, 503), PosFlotante: (625.0600,506.0600)
2025-05-19 16:57:06 - jugador - [DEBUG] - [JUGADOR_0] Iniciando gestión de colisión con dx=4, dy=4. Hitbox actual: (622, 503)
2025-05-19 16:57:06 - jugador - [DEBUG] - [JUGADOR_0] Posición POST CH: HB: (626, 507), PosFlotante: (626.00, 507.00)
2025-05-19 16:57:06 - jugador - [DEBUG] - [JUGADOR_0] Hitbox ataque: <rect(611, 484, 54, 69)>, Dir: (1.00, 0.00)
2025-05-19 16:57:06 - jugador - [DEBUG] - [JUGADOR_0] Input teclado procesado: mov_x_input_raw=180, mov_y_input_raw=180
2025-05-19 16:57:06 - jugador - [DEBUG] - [JUGADOR_0] Pos flotante (pre-límites): (629.0600, 510.0600)
2025-05-19 16:57:06 - jugador - [DEBUG] - [JUGADOR_0] Pos flotante (post-límites): (629.0600, 510.0600)
2025-05-19 16:57:06 - jugador - [DEBUG] - [JUGADOR_0] Movimiento para CH: dx_int=4, dy_int=4. HB (antes CH): (626, 507), PosFlotante: (629.0600,510.0600)
2025-05-19 16:57:06 - jugador - [DEBUG] - [JUGADOR_0] Iniciando gestión de colisión con dx=4, dy=4. Hitbox actual: (626, 507)
2025-05-19 16:57:06 - jugador - [DEBUG] - [JUGADOR_0] Posición POST CH: HB: (630, 511), PosFlotante: (630.00, 511.00)
2025-05-19 16:57:06 - jugador - [DEBUG] - [JUGADOR_0] Hitbox ataque: <rect(615, 488, 54, 69)>, Dir: (1.00, 0.00)
2025-05-19 16:57:06 - jugador - [DEBUG] - [JUGADOR_0] Delta flotante intentado: dx=2.8800, dy=2.8800 (delta_time: 0.0160)
2025-05-19 16:57:06 - jugador - [DEBUG] - [JUGADOR_0] Pos flotante (pre-límites): (632.8800, 513.8800)
2025-05-19 16:57:06 - jugador - [DEBUG] - [JUGADOR_0] Pos flotante (post-límites): (632.8800, 513.8800)
2025-05-19 16:57:06 - jugador - [DEBUG] - [JUGADOR_0] Movimiento para CH: dx_int=3, dy_int=3. HB (antes CH): (630, 511), PosFlotante: (632.8800,513.8800)
2025-05-19 16:57:06 - jugador - [DEBUG] - [JUGADOR_0] Iniciando gestión de colisión con dx=3, dy=3. Hitbox actual: (630, 511)
2025-05-19 16:57:06 - jugador - [DEBUG] - [JUGADOR_0] Posición POST CH: HB: (633, 514), PosFlotante: (633.00, 514.00)
2025-05-19 16:57:06 - jugador - [DEBUG] - [JUGADOR_0] Hitbox ataque: <rect(618, 491, 54, 69)>, Dir: (1.00, 0.00)
2025-05-19 16:57:06 - jugador - [DEBUG] - [JUGADOR_0] Pos flotante (pre-límites): (635.8800, 516.8800)
2025-05-19 16:57:06 - jugador - [DEBUG] - [JUGADOR_0] Pos flotante (post-límites): (635.8800, 516.8800)
2025-05-19 16:57:06 - jugador - [DEBUG] - [JUGADOR_0] Movimiento para CH: dx_int=3, dy_int=3. HB (antes CH): (633, 514), PosFlotante: (635.8800,516.8800)
2025-05-19 16:57:06 - jugador - [DEBUG] - [JUGADOR_0] Iniciando gestión de colisión con dx=3, dy=3. Hitbox actual: (633, 514)
2025-05-19 16:57:06 - jugador - [DEBUG] - [JUGADOR_0] Posición POST CH: HB: (636, 517), PosFlotante: (636.00, 517.00)
2025-05-19 16:57:06 - jugador - [DEBUG] - [JUGADOR_0] Hitbox ataque: <rect(621, 494, 54, 69)>, Dir: (1.00, 0.00)
2025-05-19 16:57:06 - jugador - [DEBUG] - [JUGADOR_0] Pos flotante (pre-límites): (638.8800, 519.8800)
2025-05-19 16:57:06 - jugador - [DEBUG] - [JUGADOR_0] Pos flotante (post-límites): (638.8800, 519.8800)
2025-05-19 16:57:06 - jugador - [DEBUG] - [JUGADOR_0] Movimiento para CH: dx_int=3, dy_int=3. HB (antes CH): (636, 517), PosFlotante: (638.8800,519.8800)
2025-05-19 16:57:06 - jugador - [DEBUG] - [JUGADOR_0] Iniciando gestión de colisión con dx=3, dy=3. Hitbox actual: (636, 517)
2025-05-19 16:57:06 - jugador - [DEBUG] - [JUGADOR_0] Posición POST CH: HB: (639, 520), PosFlotante: (639.00, 520.00)
2025-05-19 16:57:06 - jugador - [DEBUG] - [JUGADOR_0] Hitbox ataque: <rect(624, 497, 54, 69)>, Dir: (1.00, 0.00)
2025-05-19 16:57:06 - jugador - [DEBUG] - [JUGADOR_0] Input teclado procesado: mov_x_input_raw=180, mov_y_input_raw=180
2025-05-19 16:57:06 - jugador - [DEBUG] - [JUGADOR_0] Pos flotante (pre-límites): (641.8800, 522.8800)
2025-05-19 16:57:06 - jugador - [DEBUG] - [JUGADOR_0] Pos flotante (post-límites): (641.8800, 522.8800)
2025-05-19 16:57:06 - jugador - [DEBUG] - [JUGADOR_0] Movimiento para CH: dx_int=3, dy_int=3. HB (antes CH): (639, 520), PosFlotante: (641.8800,522.8800)
2025-05-19 16:57:06 - jugador - [DEBUG] - [JUGADOR_0] Iniciando gestión de colisión con dx=3, dy=3. Hitbox actual: (639, 520)
2025-05-19 16:57:06 - jugador - [DEBUG] - [JUGADOR_0] Posición POST CH: HB: (642, 523), PosFlotante: (642.00, 523.00)
2025-05-19 16:57:06 - jugador - [DEBUG] - [JUGADOR_0] Hitbox ataque: <rect(627, 500, 54, 69)>, Dir: (1.00, 0.00)
2025-05-19 16:57:06 - jugador - [DEBUG] - [JUGADOR_0] Delta flotante intentado: dx=2.8800, dy=2.8800 (delta_time: 0.0160)
2025-05-19 16:57:06 - jugador - [DEBUG] - [JUGADOR_0] Pos flotante (pre-límites): (644.8800, 525.8800)
2025-05-19 16:57:06 - jugador - [DEBUG] - [JUGADOR_0] Pos flotante (post-límites): (644.8800, 525.8800)
2025-05-19 16:57:06 - jugador - [DEBUG] - [JUGADOR_0] Movimiento para CH: dx_int=3, dy_int=3. HB (antes CH): (642, 523), PosFlotante: (644.8800,525.8800)
2025-05-19 16:57:06 - jugador - [DEBUG] - [JUGADOR_0] Iniciando gestión de colisión con dx=3, dy=3. Hitbox actual: (642, 523)
2025-05-19 16:57:06 - jugador - [DEBUG] - [JUGADOR_0] Posición POST CH: HB: (645, 526), PosFlotante: (645.00, 526.00)
2025-05-19 16:57:06 - jugador - [DEBUG] - [JUGADOR_0] Hitbox ataque: <rect(630, 503, 54, 69)>, Dir: (1.00, 0.00)
2025-05-19 16:57:06 - jugador - [DEBUG] - [JUGADOR_0] Pos flotante (pre-límites): (647.8800, 528.8800)
2025-05-19 16:57:06 - jugador - [DEBUG] - [JUGADOR_0] Pos flotante (post-límites): (647.8800, 528.8800)
2025-05-19 16:57:06 - jugador - [DEBUG] - [JUGADOR_0] Movimiento para CH: dx_int=3, dy_int=3. HB (antes CH): (645, 526), PosFlotante: (647.8800,528.8800)
2025-05-19 16:57:06 - jugador - [DEBUG] - [JUGADOR_0] Iniciando gestión de colisión con dx=3, dy=3. Hitbox actual: (645, 526)
2025-05-19 16:57:06 - jugador - [DEBUG] - [JUGADOR_0] Posición POST CH: HB: (648, 529), PosFlotante: (648.00, 529.00)
2025-05-19 16:57:06 - jugador - [DEBUG] - [JUGADOR_0] Hitbox ataque: <rect(633, 506, 54, 69)>, Dir: (1.00, 0.00)
2025-05-19 16:57:06 - jugador - [DEBUG] - [JUGADOR_0] Pos flotante (pre-límites): (650.8800, 531.8800)
2025-05-19 16:57:06 - jugador - [DEBUG] - [JUGADOR_0] Pos flotante (post-límites): (650.8800, 531.8800)
2025-05-19 16:57:06 - jugador - [DEBUG] - [JUGADOR_0] Movimiento para CH: dx_int=3, dy_int=3. HB (antes CH): (648, 529), PosFlotante: (650.8800,531.8800)
2025-05-19 16:57:06 - jugador - [DEBUG] - [JUGADOR_0] Iniciando gestión de colisión con dx=3, dy=3. Hitbox actual: (648, 529)
2025-05-19 16:57:06 - jugador - [DEBUG] - [JUGADOR_0] Posición POST CH: HB: (651, 532), PosFlotante: (651.00, 532.00)
2025-05-19 16:57:06 - jugador - [DEBUG] - [JUGADOR_0] Hitbox ataque: <rect(636, 509, 54, 69)>, Dir: (1.00, 0.00)
2025-05-19 16:57:06 - jugador - [DEBUG] - [JUGADOR_0] Input teclado procesado: mov_x_input_raw=-180, mov_y_input_raw=180
2025-05-19 16:57:06 - jugador - [DEBUG] - [JUGADOR_0] Delta flotante intentado: dx=-3.0600, dy=3.0600 (delta_time: 0.0170)
2025-05-19 16:57:06 - jugador - [DEBUG] - [JUGADOR_0] Pos flotante (pre-límites): (647.9400, 535.0600)
2025-05-19 16:57:06 - jugador - [DEBUG] - [JUGADOR_0] Pos flotante (post-límites): (647.9400, 535.0600)
2025-05-19 16:57:06 - jugador - [DEBUG] - [JUGADOR_0] Movimiento para CH: dx_int=-4, dy_int=4. HB (antes CH): (651, 532), PosFlotante: (647.9400,535.0600)
2025-05-19 16:57:06 - jugador - [DEBUG] - [JUGADOR_0] Iniciando gestión de colisión con dx=-4, dy=4. Hitbox actual: (651, 532)
2025-05-19 16:57:06 - jugador - [DEBUG] - [JUGADOR_0] Posición POST CH: HB: (647, 536), PosFlotante: (647.00, 536.00)
2025-05-19 16:57:06 - jugador - [DEBUG] - [JUGADOR_0] Hitbox ataque: <rect(632, 513, 54, 69)>, Dir: (-1.00, 0.00)
2025-05-19 16:57:06 - jugador - [DEBUG] - [JUGADOR_0] Pos flotante (pre-límites): (643.9400, 539.0600)
2025-05-19 16:57:06 - jugador - [DEBUG] - [JUGADOR_0] Pos flotante (post-límites): (643.9400, 539.0600)
2025-05-19 16:57:06 - jugador - [DEBUG] - [JUGADOR_0] Movimiento para CH: dx_int=-4, dy_int=4. HB (antes CH): (647, 536), PosFlotante: (643.9400,539.0600)
2025-05-19 16:57:06 - jugador - [DEBUG] - [JUGADOR_0] Iniciando gestión de colisión con dx=-4, dy=4. Hitbox actual: (647, 536)
2025-05-19 16:57:06 - jugador - [DEBUG] - [JUGADOR_0] Posición POST CH: HB: (643, 540), PosFlotante: (643.00, 540.00)
2025-05-19 16:57:06 - jugador - [DEBUG] - [JUGADOR_0] Hitbox ataque: <rect(628, 517, 54, 69)>, Dir: (-1.00, 0.00)
2025-05-19 16:57:06 - jugador - [DEBUG] - [JUGADOR_0] Input teclado procesado: mov_x_input_raw=-180, mov_y_input_raw=0
2025-05-19 16:57:06 - jugador - [DEBUG] - [JUGADOR_0] Delta flotante intentado: dx=-3.0600, dy=0.0000 (delta_time: 0.0170)
2025-05-19 16:57:06 - jugador - [DEBUG] - [JUGADOR_0] Pos flotante (pre-límites): (639.9400, 540.0000)
2025-05-19 16:57:06 - jugador - [DEBUG] - [JUGADOR_0] Pos flotante (post-límites): (639.9400, 540.0000)
2025-05-19 16:57:06 - jugador - [DEBUG] - [JUGADOR_0] Movimiento para CH: dx_int=-4, dy_int=0. HB (antes CH): (643, 540), PosFlotante: (639.9400,540.0000)
2025-05-19 16:57:06 - jugador - [DEBUG] - [JUGADOR_0] Iniciando gestión de colisión con dx=-4, dy=0. Hitbox actual: (643, 540)
2025-05-19 16:57:06 - jugador - [DEBUG] - [JUGADOR_0] Posición POST CH: HB: (639, 540), PosFlotante: (639.00, 540.00)
2025-05-19 16:57:06 - jugador - [DEBUG] - [JUGADOR_0] Hitbox ataque: <rect(624, 517, 54, 69)>, Dir: (-1.00, 0.00)
2025-05-19 16:57:06 - jugador - [DEBUG] - [JUGADOR_0] Intento de ataque en cooldown (700.0ms). Tiempo desde último: 213ms
2025-05-19 16:57:06 - jugador - [DEBUG] - [JUGADOR_0] Delta flotante intentado: dx=-2.8800, dy=0.0000 (delta_time: 0.0160)
2025-05-19 16:57:06 - jugador - [DEBUG] - [JUGADOR_0] Pos flotante (pre-límites): (636.1200, 540.0000)
2025-05-19 16:57:06 - jugador - [DEBUG] - [JUGADOR_0] Pos flotante (post-límites): (636.1200, 540.0000)
2025-05-19 16:57:06 - jugador - [DEBUG] - [JUGADOR_0] Movimiento para CH: dx_int=-3, dy_int=0. HB (antes CH): (639, 540), PosFlotante: (636.1200,540.0000)
2025-05-19 16:57:06 - jugador - [DEBUG] - [JUGADOR_0] Iniciando gestión de colisión con dx=-3, dy=0. Hitbox actual: (639, 540)
2025-05-19 16:57:06 - jugador - [DEBUG] - [JUGADOR_0] Posición POST CH: HB: (636, 540), PosFlotante: (636.00, 540.00)
2025-05-19 16:57:06 - jugador - [DEBUG] - [JUGADOR_0] Hitbox ataque: <rect(621, 517, 54, 69)>, Dir: (-1.00, 0.00)
2025-05-19 16:57:06 - jugador - [DEBUG] - [JUGADOR_0] Pos flotante (pre-límites): (632.9400, 540.0000)
2025-05-19 16:57:06 - jugador - [DEBUG] - [JUGADOR_0] Pos flotante (post-límites): (632.9400, 540.0000)
2025-05-19 16:57:06 - jugador - [DEBUG] - [JUGADOR_0] Movimiento para CH: dx_int=-4, dy_int=0. HB (antes CH): (636, 540), PosFlotante: (632.9400,540.0000)
2025-05-19 16:57:06 - jugador - [DEBUG] - [JUGADOR_0] Iniciando gestión de colisión con dx=-4, dy=0. Hitbox actual: (636, 540)
2025-05-19 16:57:06 - jugador - [DEBUG] - [JUGADOR_0] Posición POST CH: HB: (632, 540), PosFlotante: (632.00, 540.00)
2025-05-19 16:57:06 - jugador - [DEBUG] - [JUGADOR_0] Hitbox ataque: <rect(617, 517, 54, 69)>, Dir: (-1.00, 0.00)
2025-05-19 16:57:06 - jugador - [DEBUG] - [JUGADOR_0] Pos flotante (pre-límites): (629.1200, 540.0000)
2025-05-19 16:57:06 - jugador - [DEBUG] - [JUGADOR_0] Pos flotante (post-límites): (629.1200, 540.0000)
2025-05-19 16:57:06 - jugador - [DEBUG] - [JUGADOR_0] Movimiento para CH: dx_int=-3, dy_int=0. HB (antes CH): (632, 540), PosFlotante: (629.1200,540.0000)
2025-05-19 16:57:06 - jugador - [DEBUG] - [JUGADOR_0] Iniciando gestión de colisión con dx=-3, dy=0. Hitbox actual: (632, 540)
2025-05-19 16:57:06 - jugador - [DEBUG] - [JUGADOR_0] Posición POST CH: HB: (629, 540), PosFlotante: (629.00, 540.00)
2025-05-19 16:57:06 - jugador - [DEBUG] - [JUGADOR_0] Hitbox ataque: <rect(614, 517, 54, 69)>, Dir: (-1.00, 0.00)
2025-05-19 16:57:06 - jugador - [DEBUG] - [JUGADOR_0] Input teclado procesado: mov_x_input_raw=-180, mov_y_input_raw=0
2025-05-19 16:57:06 - jugador - [DEBUG] - [JUGADOR_0] Pos flotante (pre-límites): (626.1200, 540.0000)
2025-05-19 16:57:06 - jugador - [DEBUG] - [JUGADOR_0] Pos flotante (post-límites): (626.1200, 540.0000)
2025-05-19 16:57:06 - jugador - [DEBUG] - [JUGADOR_0] Movimiento para CH: dx_int=-3, dy_int=0. HB (antes CH): (629, 540), PosFlotante: (626.1200,540.0000)
2025-05-19 16:57:06 - jugador - [DEBUG] - [JUGADOR_0] Iniciando gestión de colisión con dx=-3, dy=0. Hitbox actual: (629, 540)
2025-05-19 16:57:06 - jugador - [DEBUG] - [JUGADOR_0] Posición POST CH: HB: (626, 540), PosFlotante: (626.00, 540.00)
2025-05-19 16:57:06 - jugador - [DEBUG] - [JUGADOR_0] ATAQUE FINALIZADO (Duración: 260ms). Enemigos golpeados: 0
2025-05-19 16:57:06 - jugador - [DEBUG] - [JUGADOR_0] Delta flotante intentado: dx=-2.8800, dy=0.0000 (delta_time: 0.0160)
2025-05-19 16:57:06 - jugador - [DEBUG] - [JUGADOR_0] Pos flotante (pre-límites): (623.1200, 540.0000)
2025-05-19 16:57:06 - jugador - [DEBUG] - [JUGADOR_0] Pos flotante (post-límites): (623.1200, 540.0000)
2025-05-19 16:57:06 - jugador - [DEBUG] - [JUGADOR_0] Movimiento para CH: dx_int=-3, dy_int=0. HB (antes CH): (626, 540), PosFlotante: (623.1200,540.0000)
2025-05-19 16:57:06 - jugador - [DEBUG] - [JUGADOR_0] Iniciando gestión de colisión con dx=-3, dy=0. Hitbox actual: (626, 540)
2025-05-19 16:57:06 - jugador - [DEBUG] - [JUGADOR_0] Posición POST CH: HB: (623, 540), PosFlotante: (623.00, 540.00)
2025-05-19 16:57:06 - jugador - [DEBUG] - [JUGADOR_0] Delta flotante intentado: dx=-3.0600, dy=0.0000 (delta_time: 0.0170)
2025-05-19 16:57:06 - jugador - [DEBUG] - [JUGADOR_0] Pos flotante (pre-límites): (619.9400, 540.0000)
2025-05-19 16:57:06 - jugador - [DEBUG] - [JUGADOR_0] Pos flotante (post-límites): (619.9400, 540.0000)
2025-05-19 16:57:06 - jugador - [DEBUG] - [JUGADOR_0] Movimiento para CH: dx_int=-4, dy_int=0. HB (antes CH): (623, 540), PosFlotante: (619.9400,540.0000)
2025-05-19 16:57:06 - jugador - [DEBUG] - [JUGADOR_0] Iniciando gestión de colisión con dx=-4, dy=0. Hitbox actual: (623, 540)
2025-05-19 16:57:06 - jugador - [DEBUG] - [JUGADOR_0] Posición POST CH: HB: (619, 540), PosFlotante: (619.00, 540.00)
2025-05-19 16:57:06 - jugador - [DEBUG] - [JUGADOR_0] Pos flotante (pre-límites): (616.1200, 540.0000)
2025-05-19 16:57:06 - jugador - [DEBUG] - [JUGADOR_0] Pos flotante (post-límites): (616.1200, 540.0000)
2025-05-19 16:57:06 - jugador - [DEBUG] - [JUGADOR_0] Movimiento para CH: dx_int=-3, dy_int=0. HB (antes CH): (619, 540), PosFlotante: (616.1200,540.0000)
2025-05-19 16:57:06 - jugador - [DEBUG] - [JUGADOR_0] Iniciando gestión de colisión con dx=-3, dy=0. Hitbox actual: (619, 540)
2025-05-19 16:57:06 - jugador - [DEBUG] - [JUGADOR_0] Posición POST CH: HB: (616, 540), PosFlotante: (616.00, 540.00)
2025-05-19 16:57:06 - jugador - [DEBUG] - [JUGADOR_0] Input teclado procesado: mov_x_input_raw=-180, mov_y_input_raw=0
2025-05-19 16:57:06 - jugador - [DEBUG] - [JUGADOR_0] Pos flotante (pre-límites): (612.9400, 540.0000)
2025-05-19 16:57:06 - jugador - [DEBUG] - [JUGADOR_0] Pos flotante (post-límites): (612.9400, 540.0000)
2025-05-19 16:57:06 - jugador - [DEBUG] - [JUGADOR_0] Movimiento para CH: dx_int=-4, dy_int=0. HB (antes CH): (616, 540), PosFlotante: (612.9400,540.0000)
2025-05-19 16:57:06 - jugador - [DEBUG] - [JUGADOR_0] Iniciando gestión de colisión con dx=-4, dy=0. Hitbox actual: (616, 540)
2025-05-19 16:57:06 - jugador - [DEBUG] - [JUGADOR_0] Posición POST CH: HB: (612, 540), PosFlotante: (612.00, 540.00)
2025-05-19 16:57:06 - jugador - [DEBUG] - [JUGADOR_0] Delta flotante intentado: dx=-2.8800, dy=0.0000 (delta_time: 0.0160)
2025-05-19 16:57:06 - jugador - [DEBUG] - [JUGADOR_0] Pos flotante (pre-límites): (609.1200, 540.0000)
2025-05-19 16:57:06 - jugador - [DEBUG] - [JUGADOR_0] Pos flotante (post-límites): (609.1200, 540.0000)
2025-05-19 16:57:06 - jugador - [DEBUG] - [JUGADOR_0] Movimiento para CH: dx_int=-3, dy_int=0. HB (antes CH): (612, 540), PosFlotante: (609.1200,540.0000)
2025-05-19 16:57:06 - jugador - [DEBUG] - [JUGADOR_0] Iniciando gestión de colisión con dx=-3, dy=0. Hitbox actual: (612, 540)
2025-05-19 16:57:06 - jugador - [DEBUG] - [JUGADOR_0] Posición POST CH: HB: (609, 540), PosFlotante: (609.00, 540.00)
2025-05-19 16:57:06 - jugador - [DEBUG] - [JUGADOR_0] Delta flotante intentado: dx=-3.0600, dy=0.0000 (delta_time: 0.0170)
2025-05-19 16:57:06 - jugador - [DEBUG] - [JUGADOR_0] Pos flotante (pre-límites): (605.9400, 540.0000)
2025-05-19 16:57:06 - jugador - [DEBUG] - [JUGADOR_0] Pos flotante (post-límites): (605.9400, 540.0000)
2025-05-19 16:57:06 - jugador - [DEBUG] - [JUGADOR_0] Movimiento para CH: dx_int=-4, dy_int=0. HB (antes CH): (609, 540), PosFlotante: (605.9400,540.0000)
2025-05-19 16:57:06 - jugador - [DEBUG] - [JUGADOR_0] Iniciando gestión de colisión con dx=-4, dy=0. Hitbox actual: (609, 540)
2025-05-19 16:57:06 - jugador - [DEBUG] - [JUGADOR_0] Posición POST CH: HB: (605, 540), PosFlotante: (605.00, 540.00)
2025-05-19 16:57:06 - jugador - [DEBUG] - [JUGADOR_0] Pos flotante (pre-límites): (602.1200, 540.0000)
2025-05-19 16:57:06 - jugador - [DEBUG] - [JUGADOR_0] Pos flotante (post-límites): (602.1200, 540.0000)
2025-05-19 16:57:06 - jugador - [DEBUG] - [JUGADOR_0] Movimiento para CH: dx_int=-3, dy_int=0. HB (antes CH): (605, 540), PosFlotante: (602.1200,540.0000)
2025-05-19 16:57:06 - jugador - [DEBUG] - [JUGADOR_0] Iniciando gestión de colisión con dx=-3, dy=0. Hitbox actual: (605, 540)
2025-05-19 16:57:06 - jugador - [DEBUG] - [JUGADOR_0] Posición POST CH: HB: (602, 540), PosFlotante: (602.00, 540.00)
2025-05-19 16:57:06 - jugador - [DEBUG] - [JUGADOR_0] Input teclado procesado: mov_x_input_raw=-180, mov_y_input_raw=0
2025-05-19 16:57:06 - jugador - [DEBUG] - [JUGADOR_0] Pos flotante (pre-límites): (599.1200, 540.0000)
2025-05-19 16:57:06 - jugador - [DEBUG] - [JUGADOR_0] Pos flotante (post-límites): (599.1200, 540.0000)
2025-05-19 16:57:06 - jugador - [DEBUG] - [JUGADOR_0] Movimiento para CH: dx_int=-3, dy_int=0. HB (antes CH): (602, 540), PosFlotante: (599.1200,540.0000)
2025-05-19 16:57:06 - jugador - [DEBUG] - [JUGADOR_0] Iniciando gestión de colisión con dx=-3, dy=0. Hitbox actual: (602, 540)
2025-05-19 16:57:06 - jugador - [DEBUG] - [JUGADOR_0] Posición POST CH: HB: (599, 540), PosFlotante: (599.00, 540.00)
2025-05-19 16:57:06 - jugador - [DEBUG] - [JUGADOR_0] Pos flotante (pre-límites): (595.9400, 540.0000)
2025-05-19 16:57:06 - jugador - [DEBUG] - [JUGADOR_0] Pos flotante (post-límites): (595.9400, 540.0000)
2025-05-19 16:57:06 - jugador - [DEBUG] - [JUGADOR_0] Movimiento para CH: dx_int=-4, dy_int=0. HB (antes CH): (599, 540), PosFlotante: (595.9400,540.0000)
2025-05-19 16:57:06 - jugador - [DEBUG] - [JUGADOR_0] Iniciando gestión de colisión con dx=-4, dy=0. Hitbox actual: (599, 540)
2025-05-19 16:57:06 - jugador - [DEBUG] - [JUGADOR_0] Posición POST CH: HB: (595, 540), PosFlotante: (595.00, 540.00)
2025-05-19 16:57:06 - jugador - [DEBUG] - [JUGADOR_0] Delta flotante intentado: dx=-2.8800, dy=0.0000 (delta_time: 0.0160)
2025-05-19 16:57:06 - jugador - [DEBUG] - [JUGADOR_0] Pos flotante (pre-límites): (592.1200, 540.0000)
2025-05-19 16:57:06 - jugador - [DEBUG] - [JUGADOR_0] Pos flotante (post-límites): (592.1200, 540.0000)
2025-05-19 16:57:06 - jugador - [DEBUG] - [JUGADOR_0] Movimiento para CH: dx_int=-3, dy_int=0. HB (antes CH): (595, 540), PosFlotante: (592.1200,540.0000)
2025-05-19 16:57:06 - jugador - [DEBUG] - [JUGADOR_0] Iniciando gestión de colisión con dx=-3, dy=0. Hitbox actual: (595, 540)
2025-05-19 16:57:06 - jugador - [DEBUG] - [JUGADOR_0] Posición POST CH: HB: (592, 540), PosFlotante: (592.00, 540.00)
2025-05-19 16:57:06 - jugador - [DEBUG] - [JUGADOR_0] Pos flotante (pre-límites): (589.1200, 540.0000)
2025-05-19 16:57:06 - jugador - [DEBUG] - [JUGADOR_0] Pos flotante (post-límites): (589.1200, 540.0000)
2025-05-19 16:57:06 - jugador - [DEBUG] - [JUGADOR_0] Movimiento para CH: dx_int=-3, dy_int=0. HB (antes CH): (592, 540), PosFlotante: (589.1200,540.0000)
2025-05-19 16:57:06 - jugador - [DEBUG] - [JUGADOR_0] Iniciando gestión de colisión con dx=-3, dy=0. Hitbox actual: (592, 540)
2025-05-19 16:57:06 - jugador - [DEBUG] - [JUGADOR_0] Posición POST CH: HB: (589, 540), PosFlotante: (589.00, 540.00)
2025-05-19 16:57:06 - jugador - [DEBUG] - [JUGADOR_0] Input teclado procesado: mov_x_input_raw=-180, mov_y_input_raw=0
2025-05-19 16:57:06 - jugador - [DEBUG] - [JUGADOR_0] Delta flotante intentado: dx=-3.0600, dy=0.0000 (delta_time: 0.0170)
2025-05-19 16:57:06 - jugador - [DEBUG] - [JUGADOR_0] Pos flotante (pre-límites): (585.9400, 540.0000)
2025-05-19 16:57:06 - jugador - [DEBUG] - [JUGADOR_0] Pos flotante (post-límites): (585.9400, 540.0000)
2025-05-19 16:57:06 - jugador - [DEBUG] - [JUGADOR_0] Movimiento para CH: dx_int=-4, dy_int=0. HB (antes CH): (589, 540), PosFlotante: (585.9400,540.0000)
2025-05-19 16:57:06 - jugador - [DEBUG] - [JUGADOR_0] Iniciando gestión de colisión con dx=-4, dy=0. Hitbox actual: (589, 540)
2025-05-19 16:57:06 - jugador - [DEBUG] - [JUGADOR_0] Posición POST CH: HB: (585, 540), PosFlotante: (585.00, 540.00)
2025-05-19 16:57:06 - jugador - [DEBUG] - [JUGADOR_0] Pos flotante (pre-límites): (582.1200, 540.0000)
2025-05-19 16:57:06 - jugador - [DEBUG] - [JUGADOR_0] Pos flotante (post-límites): (582.1200, 540.0000)
2025-05-19 16:57:06 - jugador - [DEBUG] - [JUGADOR_0] Movimiento para CH: dx_int=-3, dy_int=0. HB (antes CH): (585, 540), PosFlotante: (582.1200,540.0000)
2025-05-19 16:57:06 - jugador - [DEBUG] - [JUGADOR_0] Iniciando gestión de colisión con dx=-3, dy=0. Hitbox actual: (585, 540)
2025-05-19 16:57:06 - jugador - [DEBUG] - [JUGADOR_0] Posición POST CH: HB: (582, 540), PosFlotante: (582.00, 540.00)
2025-05-19 16:57:06 - jugador - [DEBUG] - [JUGADOR_0] Pos flotante (pre-límites): (578.9400, 540.0000)
2025-05-19 16:57:06 - jugador - [DEBUG] - [JUGADOR_0] Pos flotante (post-límites): (578.9400, 540.0000)
2025-05-19 16:57:06 - jugador - [DEBUG] - [JUGADOR_0] Movimiento para CH: dx_int=-4, dy_int=0. HB (antes CH): (582, 540), PosFlotante: (578.9400,540.0000)
2025-05-19 16:57:06 - jugador - [DEBUG] - [JUGADOR_0] Iniciando gestión de colisión con dx=-4, dy=0. Hitbox actual: (582, 540)
2025-05-19 16:57:06 - jugador - [DEBUG] - [JUGADOR_0] Posición POST CH: HB: (578, 540), PosFlotante: (578.00, 540.00)
2025-05-19 16:57:06 - jugador - [DEBUG] - [JUGADOR_0] Delta flotante intentado: dx=-2.8800, dy=0.0000 (delta_time: 0.0160)
2025-05-19 16:57:06 - jugador - [DEBUG] - [JUGADOR_0] Pos flotante (pre-límites): (575.1200, 540.0000)
2025-05-19 16:57:06 - jugador - [DEBUG] - [JUGADOR_0] Pos flotante (post-límites): (575.1200, 540.0000)
2025-05-19 16:57:06 - jugador - [DEBUG] - [JUGADOR_0] Movimiento para CH: dx_int=-3, dy_int=0. HB (antes CH): (578, 540), PosFlotante: (575.1200,540.0000)
2025-05-19 16:57:06 - jugador - [DEBUG] - [JUGADOR_0] Iniciando gestión de colisión con dx=-3, dy=0. Hitbox actual: (578, 540)
2025-05-19 16:57:06 - jugador - [DEBUG] - [JUGADOR_0] Posición POST CH: HB: (575, 540), PosFlotante: (575.00, 540.00)
2025-05-19 16:57:06 - jugador - [DEBUG] - [JUGADOR_0] Input teclado procesado: mov_x_input_raw=-180, mov_y_input_raw=0
2025-05-19 16:57:06 - jugador - [DEBUG] - [JUGADOR_0] Pos flotante (pre-límites): (572.1200, 540.0000)
2025-05-19 16:57:06 - jugador - [DEBUG] - [JUGADOR_0] Pos flotante (post-límites): (572.1200, 540.0000)
2025-05-19 16:57:06 - jugador - [DEBUG] - [JUGADOR_0] Movimiento para CH: dx_int=-3, dy_int=0. HB (antes CH): (575, 540), PosFlotante: (572.1200,540.0000)
2025-05-19 16:57:06 - jugador - [DEBUG] - [JUGADOR_0] Iniciando gestión de colisión con dx=-3, dy=0. Hitbox actual: (575, 540)
2025-05-19 16:57:06 - jugador - [DEBUG] - [JUGADOR_0] Posición POST CH: HB: (572, 540), PosFlotante: (572.00, 540.00)
2025-05-19 16:57:07 - jugador - [DEBUG] - [JUGADOR_0] Pos flotante (pre-límites): (569.1200, 540.0000)
2025-05-19 16:57:07 - jugador - [DEBUG] - [JUGADOR_0] Pos flotante (post-límites): (569.1200, 540.0000)
2025-05-19 16:57:07 - jugador - [DEBUG] - [JUGADOR_0] Movimiento para CH: dx_int=-3, dy_int=0. HB (antes CH): (572, 540), PosFlotante: (569.1200,540.0000)
2025-05-19 16:57:07 - jugador - [DEBUG] - [JUGADOR_0] Iniciando gestión de colisión con dx=-3, dy=0. Hitbox actual: (572, 540)
2025-05-19 16:57:07 - jugador - [DEBUG] - [JUGADOR_0] Posición POST CH: HB: (569, 540), PosFlotante: (569.00, 540.00)
2025-05-19 16:57:07 - jugador - [DEBUG] - [JUGADOR_0] Delta flotante intentado: dx=-3.0600, dy=0.0000 (delta_time: 0.0170)
2025-05-19 16:57:07 - jugador - [DEBUG] - [JUGADOR_0] Pos flotante (pre-límites): (565.9400, 540.0000)
2025-05-19 16:57:07 - jugador - [DEBUG] - [JUGADOR_0] Pos flotante (post-límites): (565.9400, 540.0000)
2025-05-19 16:57:07 - jugador - [DEBUG] - [JUGADOR_0] Movimiento para CH: dx_int=-4, dy_int=0. HB (antes CH): (569, 540), PosFlotante: (565.9400,540.0000)
2025-05-19 16:57:07 - jugador - [DEBUG] - [JUGADOR_0] Iniciando gestión de colisión con dx=-4, dy=0. Hitbox actual: (569, 540)
2025-05-19 16:57:07 - jugador - [DEBUG] - [JUGADOR_0] Posición POST CH: HB: (565, 540), PosFlotante: (565.00, 540.00)
2025-05-19 16:57:07 - jugador - [DEBUG] - [JUGADOR_0] Input teclado procesado: mov_x_input_raw=-180, mov_y_input_raw=0
2025-05-19 16:57:07 - jugador - [DEBUG] - [JUGADOR_0] Pos flotante (pre-límites): (561.9400, 540.0000)
2025-05-19 16:57:07 - jugador - [DEBUG] - [JUGADOR_0] Pos flotante (post-límites): (561.9400, 540.0000)
2025-05-19 16:57:07 - jugador - [DEBUG] - [JUGADOR_0] Movimiento para CH: dx_int=-4, dy_int=0. HB (antes CH): (565, 540), PosFlotante: (561.9400,540.0000)
2025-05-19 16:57:07 - jugador - [DEBUG] - [JUGADOR_0] Iniciando gestión de colisión con dx=-4, dy=0. Hitbox actual: (565, 540)
2025-05-19 16:57:07 - jugador - [DEBUG] - [JUGADOR_0] Posición POST CH: HB: (561, 540), PosFlotante: (561.00, 540.00)
2025-05-19 16:57:07 - jugador - [DEBUG] - [JUGADOR_0] Pos flotante (pre-límites): (557.9400, 540.0000)
2025-05-19 16:57:07 - jugador - [DEBUG] - [JUGADOR_0] Pos flotante (post-límites): (557.9400, 540.0000)
2025-05-19 16:57:07 - jugador - [DEBUG] - [JUGADOR_0] Movimiento para CH: dx_int=-4, dy_int=0. HB (antes CH): (561, 540), PosFlotante: (557.9400,540.0000)
2025-05-19 16:57:07 - jugador - [DEBUG] - [JUGADOR_0] Iniciando gestión de colisión con dx=-4, dy=0. Hitbox actual: (561, 540)
2025-05-19 16:57:07 - jugador - [DEBUG] - [JUGADOR_0] Posición POST CH: HB: (557, 540), PosFlotante: (557.00, 540.00)
2025-05-19 16:57:07 - jugador - [DEBUG] - [JUGADOR_0] Delta flotante intentado: dx=-2.8800, dy=0.0000 (delta_time: 0.0160)
2025-05-19 16:57:07 - jugador - [DEBUG] - [JUGADOR_0] Pos flotante (pre-límites): (554.1200, 540.0000)
2025-05-19 16:57:07 - jugador - [DEBUG] - [JUGADOR_0] Pos flotante (post-límites): (554.1200, 540.0000)
2025-05-19 16:57:07 - jugador - [DEBUG] - [JUGADOR_0] Movimiento para CH: dx_int=-3, dy_int=0. HB (antes CH): (557, 540), PosFlotante: (554.1200,540.0000)
2025-05-19 16:57:07 - jugador - [DEBUG] - [JUGADOR_0] Iniciando gestión de colisión con dx=-3, dy=0. Hitbox actual: (557, 540)
2025-05-19 16:57:07 - jugador - [DEBUG] - [JUGADOR_0] Posición POST CH: HB: (554, 540), PosFlotante: (554.00, 540.00)
2025-05-19 16:57:07 - jugador - [DEBUG] - [JUGADOR_0] Delta flotante intentado: dx=-3.0600, dy=0.0000 (delta_time: 0.0170)
2025-05-19 16:57:07 - jugador - [DEBUG] - [JUGADOR_0] Pos flotante (pre-límites): (550.9400, 540.0000)
2025-05-19 16:57:07 - jugador - [DEBUG] - [JUGADOR_0] Pos flotante (post-límites): (550.9400, 540.0000)
2025-05-19 16:57:07 - jugador - [DEBUG] - [JUGADOR_0] Movimiento para CH: dx_int=-4, dy_int=0. HB (antes CH): (554, 540), PosFlotante: (550.9400,540.0000)
2025-05-19 16:57:07 - jugador - [DEBUG] - [JUGADOR_0] Iniciando gestión de colisión con dx=-4, dy=0. Hitbox actual: (554, 540)
2025-05-19 16:57:07 - jugador - [DEBUG] - [JUGADOR_0] Posición POST CH: HB: (550, 540), PosFlotante: (550.00, 540.00)
2025-05-19 16:57:07 - jugador - [DEBUG] - [JUGADOR_0] Input teclado procesado: mov_x_input_raw=-180, mov_y_input_raw=0
2025-05-19 16:57:07 - jugador - [DEBUG] - [JUGADOR_0] Pos flotante (pre-límites): (547.1200, 540.0000)
2025-05-19 16:57:07 - jugador - [DEBUG] - [JUGADOR_0] Pos flotante (post-límites): (547.1200, 540.0000)
2025-05-19 16:57:07 - jugador - [DEBUG] - [JUGADOR_0] Movimiento para CH: dx_int=-3, dy_int=0. HB (antes CH): (550, 540), PosFlotante: (547.1200,540.0000)
2025-05-19 16:57:07 - jugador - [DEBUG] - [JUGADOR_0] Iniciando gestión de colisión con dx=-3, dy=0. Hitbox actual: (550, 540)
2025-05-19 16:57:07 - jugador - [DEBUG] - [JUGADOR_0] Posición POST CH: HB: (547, 540), PosFlotante: (547.00, 540.00)
2025-05-19 16:57:07 - jugador - [DEBUG] - [JUGADOR_0] Pos flotante (pre-límites): (544.1200, 540.0000)
2025-05-19 16:57:07 - jugador - [DEBUG] - [JUGADOR_0] Pos flotante (post-límites): (544.1200, 540.0000)
2025-05-19 16:57:07 - jugador - [DEBUG] - [JUGADOR_0] Movimiento para CH: dx_int=-3, dy_int=0. HB (antes CH): (547, 540), PosFlotante: (544.1200,540.0000)
2025-05-19 16:57:07 - jugador - [DEBUG] - [JUGADOR_0] Iniciando gestión de colisión con dx=-3, dy=0. Hitbox actual: (547, 540)
2025-05-19 16:57:07 - jugador - [DEBUG] - [JUGADOR_0] Posición POST CH: HB: (544, 540), PosFlotante: (544.00, 540.00)
2025-05-19 16:57:07 - jugador - [DEBUG] - [JUGADOR_0] Delta flotante intentado: dx=-2.8800, dy=0.0000 (delta_time: 0.0160)
2025-05-19 16:57:07 - jugador - [DEBUG] - [JUGADOR_0] Pos flotante (pre-límites): (541.1200, 540.0000)
2025-05-19 16:57:07 - jugador - [DEBUG] - [JUGADOR_0] Pos flotante (post-límites): (541.1200, 540.0000)
2025-05-19 16:57:07 - jugador - [DEBUG] - [JUGADOR_0] Movimiento para CH: dx_int=-3, dy_int=0. HB (antes CH): (544, 540), PosFlotante: (541.1200,540.0000)
2025-05-19 16:57:07 - jugador - [DEBUG] - [JUGADOR_0] Iniciando gestión de colisión con dx=-3, dy=0. Hitbox actual: (544, 540)
2025-05-19 16:57:07 - jugador - [DEBUG] - [JUGADOR_0] Posición POST CH: HB: (541, 540), PosFlotante: (541.00, 540.00)
2025-05-19 16:57:07 - jugador - [DEBUG] - [JUGADOR_0] Pos flotante (pre-límites): (538.1200, 540.0000)
2025-05-19 16:57:07 - jugador - [DEBUG] - [JUGADOR_0] Pos flotante (post-límites): (538.1200, 540.0000)
2025-05-19 16:57:07 - jugador - [DEBUG] - [JUGADOR_0] Movimiento para CH: dx_int=-3, dy_int=0. HB (antes CH): (541, 540), PosFlotante: (538.1200,540.0000)
2025-05-19 16:57:07 - jugador - [DEBUG] - [JUGADOR_0] Iniciando gestión de colisión con dx=-3, dy=0. Hitbox actual: (541, 540)
2025-05-19 16:57:07 - jugador - [DEBUG] - [JUGADOR_0] Posición POST CH: HB: (538, 540), PosFlotante: (538.00, 540.00)
2025-05-19 16:57:07 - jugador - [DEBUG] - [JUGADOR_0] Input teclado procesado: mov_x_input_raw=-180, mov_y_input_raw=0
2025-05-19 16:57:07 - jugador - [DEBUG] - [JUGADOR_0] Delta flotante intentado: dx=-3.0600, dy=0.0000 (delta_time: 0.0170)
2025-05-19 16:57:07 - jugador - [DEBUG] - [JUGADOR_0] Pos flotante (pre-límites): (534.9400, 540.0000)
2025-05-19 16:57:07 - jugador - [DEBUG] - [JUGADOR_0] Pos flotante (post-límites): (534.9400, 540.0000)
2025-05-19 16:57:07 - jugador - [DEBUG] - [JUGADOR_0] Movimiento para CH: dx_int=-4, dy_int=0. HB (antes CH): (538, 540), PosFlotante: (534.9400,540.0000)
2025-05-19 16:57:07 - jugador - [DEBUG] - [JUGADOR_0] Iniciando gestión de colisión con dx=-4, dy=0. Hitbox actual: (538, 540)
2025-05-19 16:57:07 - jugador - [DEBUG] - [JUGADOR_0] Posición POST CH: HB: (534, 540), PosFlotante: (534.00, 540.00)
2025-05-19 16:57:07 - jugador - [DEBUG] - [JUGADOR_0] Pos flotante (pre-límites): (531.1200, 540.0000)
2025-05-19 16:57:07 - jugador - [DEBUG] - [JUGADOR_0] Pos flotante (post-límites): (531.1200, 540.0000)
2025-05-19 16:57:07 - jugador - [DEBUG] - [JUGADOR_0] Movimiento para CH: dx_int=-3, dy_int=0. HB (antes CH): (534, 540), PosFlotante: (531.1200,540.0000)
2025-05-19 16:57:07 - jugador - [DEBUG] - [JUGADOR_0] Iniciando gestión de colisión con dx=-3, dy=0. Hitbox actual: (534, 540)
2025-05-19 16:57:07 - jugador - [DEBUG] - [JUGADOR_0] Posición POST CH: HB: (531, 540), PosFlotante: (531.00, 540.00)
2025-05-19 16:57:07 - jugador - [DEBUG] - [JUGADOR_0] Pos flotante (pre-límites): (527.9400, 540.0000)
2025-05-19 16:57:07 - jugador - [DEBUG] - [JUGADOR_0] Pos flotante (post-límites): (527.9400, 540.0000)
2025-05-19 16:57:07 - jugador - [DEBUG] - [JUGADOR_0] Movimiento para CH: dx_int=-4, dy_int=0. HB (antes CH): (531, 540), PosFlotante: (527.9400,540.0000)
2025-05-19 16:57:07 - jugador - [DEBUG] - [JUGADOR_0] Iniciando gestión de colisión con dx=-4, dy=0. Hitbox actual: (531, 540)
2025-05-19 16:57:07 - jugador - [DEBUG] - [JUGADOR_0] Posición POST CH: HB: (527, 540), PosFlotante: (527.00, 540.00)
2025-05-19 16:57:07 - jugador - [DEBUG] - [JUGADOR_0] Delta flotante intentado: dx=-2.8800, dy=0.0000 (delta_time: 0.0160)
2025-05-19 16:57:07 - jugador - [DEBUG] - [JUGADOR_0] Pos flotante (pre-límites): (524.1200, 540.0000)
2025-05-19 16:57:07 - jugador - [DEBUG] - [JUGADOR_0] Pos flotante (post-límites): (524.1200, 540.0000)
2025-05-19 16:57:07 - jugador - [DEBUG] - [JUGADOR_0] Movimiento para CH: dx_int=-3, dy_int=0. HB (antes CH): (527, 540), PosFlotante: (524.1200,540.0000)
2025-05-19 16:57:07 - jugador - [DEBUG] - [JUGADOR_0] Iniciando gestión de colisión con dx=-3, dy=0. Hitbox actual: (527, 540)
2025-05-19 16:57:07 - jugador - [DEBUG] - [JUGADOR_0] Posición POST CH: HB: (524, 540), PosFlotante: (524.00, 540.00)
2025-05-19 16:57:07 - jugador - [DEBUG] - [JUGADOR_0] Input teclado procesado: mov_x_input_raw=-180, mov_y_input_raw=0
2025-05-19 16:57:07 - jugador - [DEBUG] - [JUGADOR_0] Delta flotante intentado: dx=-3.0600, dy=0.0000 (delta_time: 0.0170)
2025-05-19 16:57:07 - jugador - [DEBUG] - [JUGADOR_0] Pos flotante (pre-límites): (520.9400, 540.0000)
2025-05-19 16:57:07 - jugador - [DEBUG] - [JUGADOR_0] Pos flotante (post-límites): (520.9400, 540.0000)
2025-05-19 16:57:07 - jugador - [DEBUG] - [JUGADOR_0] Movimiento para CH: dx_int=-4, dy_int=0. HB (antes CH): (524, 540), PosFlotante: (520.9400,540.0000)
2025-05-19 16:57:07 - jugador - [DEBUG] - [JUGADOR_0] Iniciando gestión de colisión con dx=-4, dy=0. Hitbox actual: (524, 540)
2025-05-19 16:57:07 - jugador - [DEBUG] - [JUGADOR_0] Posición POST CH: HB: (520, 540), PosFlotante: (520.00, 540.00)
2025-05-19 16:57:07 - jugador - [DEBUG] - [JUGADOR_0] Pos flotante (pre-límites): (517.1200, 540.0000)
2025-05-19 16:57:07 - jugador - [DEBUG] - [JUGADOR_0] Pos flotante (post-límites): (517.1200, 540.0000)
2025-05-19 16:57:07 - jugador - [DEBUG] - [JUGADOR_0] Movimiento para CH: dx_int=-3, dy_int=0. HB (antes CH): (520, 540), PosFlotante: (517.1200,540.0000)
2025-05-19 16:57:07 - jugador - [DEBUG] - [JUGADOR_0] Iniciando gestión de colisión con dx=-3, dy=0. Hitbox actual: (520, 540)
2025-05-19 16:57:07 - jugador - [DEBUG] - [JUGADOR_0] Posición POST CH: HB: (517, 540), PosFlotante: (517.00, 540.00)
2025-05-19 16:57:07 - jugador - [DEBUG] - [JUGADOR_0] Input teclado procesado: mov_x_input_raw=180, mov_y_input_raw=180
2025-05-19 16:57:07 - jugador - [DEBUG] - [JUGADOR_0] Delta flotante intentado: dx=2.8800, dy=2.8800 (delta_time: 0.0160)
2025-05-19 16:57:07 - jugador - [DEBUG] - [JUGADOR_0] Pos flotante (pre-límites): (519.8800, 542.8800)
2025-05-19 16:57:07 - jugador - [DEBUG] - [JUGADOR_0] Pos flotante (post-límites): (519.8800, 542.8800)
2025-05-19 16:57:07 - jugador - [DEBUG] - [JUGADOR_0] Movimiento para CH: dx_int=3, dy_int=3. HB (antes CH): (517, 540), PosFlotante: (519.8800,542.8800)
2025-05-19 16:57:07 - jugador - [DEBUG] - [JUGADOR_0] Iniciando gestión de colisión con dx=3, dy=3. Hitbox actual: (517, 540)
2025-05-19 16:57:07 - jugador - [DEBUG] - [JUGADOR_0] Posición POST CH: HB: (520, 543), PosFlotante: (520.00, 543.00)
2025-05-19 16:57:07 - jugador - [DEBUG] - [JUGADOR_0] Delta flotante intentado: dx=3.0600, dy=3.0600 (delta_time: 0.0170)
2025-05-19 16:57:07 - jugador - [DEBUG] - [JUGADOR_0] Pos flotante (pre-límites): (523.0600, 546.0600)
2025-05-19 16:57:07 - jugador - [DEBUG] - [JUGADOR_0] Pos flotante (post-límites): (523.0600, 546.0600)
2025-05-19 16:57:07 - jugador - [DEBUG] - [JUGADOR_0] Movimiento para CH: dx_int=4, dy_int=4. HB (antes CH): (520, 543), PosFlotante: (523.0600,546.0600)
2025-05-19 16:57:07 - jugador - [DEBUG] - [JUGADOR_0] Iniciando gestión de colisión con dx=4, dy=4. Hitbox actual: (520, 543)
2025-05-19 16:57:07 - jugador - [DEBUG] - [JUGADOR_0] Posición POST CH: HB: (524, 547), PosFlotante: (524.00, 547.00)
2025-05-19 16:57:07 - jugador - [DEBUG] - [JUGADOR_0] Pos flotante (pre-límites): (526.8800, 549.8800)
2025-05-19 16:57:07 - jugador - [DEBUG] - [JUGADOR_0] Pos flotante (post-límites): (526.8800, 549.8800)
2025-05-19 16:57:07 - jugador - [DEBUG] - [JUGADOR_0] Movimiento para CH: dx_int=3, dy_int=3. HB (antes CH): (524, 547), PosFlotante: (526.8800,549.8800)
2025-05-19 16:57:07 - jugador - [DEBUG] - [JUGADOR_0] Iniciando gestión de colisión con dx=3, dy=3. Hitbox actual: (524, 547)
2025-05-19 16:57:07 - jugador - [DEBUG] - [JUGADOR_0] Posición POST CH: HB: (527, 550), PosFlotante: (527.00, 550.00)
2025-05-19 16:57:07 - jugador - [DEBUG] - [JUGADOR_0] Input teclado procesado: mov_x_input_raw=180, mov_y_input_raw=0
2025-05-19 16:57:07 - jugador - [DEBUG] - [JUGADOR_0] Delta flotante intentado: dx=3.0600, dy=0.0000 (delta_time: 0.0170)
2025-05-19 16:57:07 - jugador - [DEBUG] - [JUGADOR_0] Pos flotante (pre-límites): (530.0600, 550.0000)
2025-05-19 16:57:07 - jugador - [DEBUG] - [JUGADOR_0] Pos flotante (post-límites): (530.0600, 550.0000)
2025-05-19 16:57:07 - jugador - [DEBUG] - [JUGADOR_0] Movimiento para CH: dx_int=4, dy_int=0. HB (antes CH): (527, 550), PosFlotante: (530.0600,550.0000)
2025-05-19 16:57:07 - jugador - [DEBUG] - [JUGADOR_0] Iniciando gestión de colisión con dx=4, dy=0. Hitbox actual: (527, 550)
2025-05-19 16:57:07 - jugador - [DEBUG] - [JUGADOR_0] Posición POST CH: HB: (531, 550), PosFlotante: (531.00, 550.00)
2025-05-19 16:57:07 - jugador - [DEBUG] - [JUGADOR_0] Input teclado procesado: mov_x_input_raw=-180, mov_y_input_raw=0
2025-05-19 16:57:07 - jugador - [DEBUG] - [JUGADOR_0] Delta flotante intentado: dx=-3.0600, dy=0.0000 (delta_time: 0.0170)
2025-05-19 16:57:07 - jugador - [DEBUG] - [JUGADOR_0] Pos flotante (pre-límites): (527.9400, 550.0000)
2025-05-19 16:57:07 - jugador - [DEBUG] - [JUGADOR_0] Pos flotante (post-límites): (527.9400, 550.0000)
2025-05-19 16:57:07 - jugador - [DEBUG] - [JUGADOR_0] Movimiento para CH: dx_int=-4, dy_int=0. HB (antes CH): (531, 550), PosFlotante: (527.9400,550.0000)
2025-05-19 16:57:07 - jugador - [DEBUG] - [JUGADOR_0] Iniciando gestión de colisión con dx=-4, dy=0. Hitbox actual: (531, 550)
2025-05-19 16:57:07 - jugador - [INFO] - [JUGADOR_0] ATAQUE INICIADO (Cooldown: 700.0ms). Perfil: 'duracion_hitbox_ataque_espada'
2025-05-19 16:57:07 - jugador - [DEBUG] - [JUGADOR_0] Delta flotante intentado: dx=-2.8800, dy=0.0000 (delta_time: 0.0160)
2025-05-19 16:57:07 - jugador - [DEBUG] - [JUGADOR_0] Pos flotante (pre-límites): (524.1200, 550.0000)
2025-05-19 16:57:07 - jugador - [DEBUG] - [JUGADOR_0] Pos flotante (post-límites): (524.1200, 550.0000)
2025-05-19 16:57:07 - jugador - [DEBUG] - [JUGADOR_0] Movimiento para CH: dx_int=-3, dy_int=0. HB (antes CH): (527, 550), PosFlotante: (524.1200,550.0000)
2025-05-19 16:57:07 - jugador - [DEBUG] - [JUGADOR_0] Iniciando gestión de colisión con dx=-3, dy=0. Hitbox actual: (527, 550)
2025-05-19 16:57:07 - jugador - [DEBUG] - [JUGADOR_0] Posición POST CH: HB: (524, 550), PosFlotante: (524.00, 550.00)
2025-05-19 16:57:07 - jugador - [DEBUG] - [JUGADOR_0] Hitbox ataque: <rect(496, 554, 30, 15)>, Dir: (-1.00, 0.00)
2025-05-19 16:57:07 - jugador - [DEBUG] - [JUGADOR_0] Pos flotante (pre-límites): (520.9400, 550.0000)
2025-05-19 16:57:07 - jugador - [DEBUG] - [JUGADOR_0] Pos flotante (post-límites): (520.9400, 550.0000)
2025-05-19 16:57:07 - jugador - [DEBUG] - [JUGADOR_0] Movimiento para CH: dx_int=-4, dy_int=0. HB (antes CH): (524, 550), PosFlotante: (520.9400,550.0000)
2025-05-19 16:57:07 - jugador - [DEBUG] - [JUGADOR_0] Iniciando gestión de colisión con dx=-4, dy=0. Hitbox actual: (524, 550)
2025-05-19 16:57:07 - jugador - [DEBUG] - [JUGADOR_0] Posición POST CH: HB: (520, 550), PosFlotante: (520.00, 550.00)
2025-05-19 16:57:07 - jugador - [DEBUG] - [JUGADOR_0] Hitbox ataque: <rect(492, 554, 30, 15)>, Dir: (-1.00, 0.00)
2025-05-19 16:57:07 - jugador - [DEBUG] - [JUGADOR_0] Pos flotante (pre-límites): (517.1200, 550.0000)
2025-05-19 16:57:07 - jugador - [DEBUG] - [JUGADOR_0] Pos flotante (post-límites): (517.1200, 550.0000)
2025-05-19 16:57:07 - jugador - [DEBUG] - [JUGADOR_0] Movimiento para CH: dx_int=-3, dy_int=0. HB (antes CH): (520, 550), PosFlotante: (517.1200,550.0000)
2025-05-19 16:57:07 - jugador - [DEBUG] - [JUGADOR_0] Iniciando gestión de colisión con dx=-3, dy=0. Hitbox actual: (520, 550)
2025-05-19 16:57:07 - jugador - [DEBUG] - [JUGADOR_0] Posición POST CH: HB: (517, 550), PosFlotante: (517.00, 550.00)
2025-05-19 16:57:07 - jugador - [DEBUG] - [JUGADOR_0] Hitbox ataque: <rect(489, 554, 30, 15)>, Dir: (-1.00, 0.00)
2025-05-19 16:57:07 - jugador - [DEBUG] - [JUGADOR_0] Input teclado procesado: mov_x_input_raw=-180, mov_y_input_raw=0
2025-05-19 16:57:07 - jugador - [DEBUG] - [JUGADOR_0] Pos flotante (pre-límites): (514.1200, 550.0000)
2025-05-19 16:57:07 - jugador - [DEBUG] - [JUGADOR_0] Pos flotante (post-límites): (514.1200, 550.0000)
2025-05-19 16:57:07 - jugador - [DEBUG] - [JUGADOR_0] Movimiento para CH: dx_int=-3, dy_int=0. HB (antes CH): (517, 550), PosFlotante: (514.1200,550.0000)
2025-05-19 16:57:07 - jugador - [DEBUG] - [JUGADOR_0] Iniciando gestión de colisión con dx=-3, dy=0. Hitbox actual: (517, 550)
2025-05-19 16:57:07 - jugador - [DEBUG] - [JUGADOR_0] Posición POST CH: HB: (514, 550), PosFlotante: (514.00, 550.00)
2025-05-19 16:57:07 - jugador - [DEBUG] - [JUGADOR_0] Hitbox ataque: <rect(486, 554, 30, 15)>, Dir: (-1.00, 0.00)
2025-05-19 16:57:07 - jugador - [DEBUG] - [JUGADOR_0] Delta flotante intentado: dx=-2.8800, dy=0.0000 (delta_time: 0.0160)
2025-05-19 16:57:07 - jugador - [DEBUG] - [JUGADOR_0] Pos flotante (pre-límites): (511.1200, 550.0000)
2025-05-19 16:57:07 - jugador - [DEBUG] - [JUGADOR_0] Pos flotante (post-límites): (511.1200, 550.0000)
2025-05-19 16:57:07 - jugador - [DEBUG] - [JUGADOR_0] Movimiento para CH: dx_int=-3, dy_int=0. HB (antes CH): (514, 550), PosFlotante: (511.1200,550.0000)
2025-05-19 16:57:07 - jugador - [DEBUG] - [JUGADOR_0] Iniciando gestión de colisión con dx=-3, dy=0. Hitbox actual: (514, 550)
2025-05-19 16:57:07 - jugador - [DEBUG] - [JUGADOR_0] Posición POST CH: HB: (511, 550), PosFlotante: (511.00, 550.00)
2025-05-19 16:57:07 - jugador - [DEBUG] - [JUGADOR_0] Hitbox ataque: <rect(483, 554, 30, 15)>, Dir: (-1.00, 0.00)
2025-05-19 16:57:07 - jugador - [DEBUG] - [JUGADOR_0] Pos flotante (pre-límites): (508.1200, 550.0000)
2025-05-19 16:57:07 - jugador - [DEBUG] - [JUGADOR_0] Pos flotante (post-límites): (508.1200, 550.0000)
2025-05-19 16:57:07 - jugador - [DEBUG] - [JUGADOR_0] Movimiento para CH: dx_int=-3, dy_int=0. HB (antes CH): (511, 550), PosFlotante: (508.1200,550.0000)
2025-05-19 16:57:07 - jugador - [DEBUG] - [JUGADOR_0] Iniciando gestión de colisión con dx=-3, dy=0. Hitbox actual: (511, 550)
2025-05-19 16:57:07 - jugador - [DEBUG] - [JUGADOR_0] Posición POST CH: HB: (508, 550), PosFlotante: (508.00, 550.00)
2025-05-19 16:57:07 - jugador - [DEBUG] - [JUGADOR_0] Hitbox ataque: <rect(480, 554, 30, 15)>, Dir: (-1.00, 0.00)
2025-05-19 16:57:07 - jugador - [DEBUG] - [JUGADOR_0] Pos flotante (pre-límites): (505.1200, 550.0000)
2025-05-19 16:57:07 - jugador - [DEBUG] - [JUGADOR_0] Pos flotante (post-límites): (505.1200, 550.0000)
2025-05-19 16:57:07 - jugador - [DEBUG] - [JUGADOR_0] Movimiento para CH: dx_int=-3, dy_int=0. HB (antes CH): (508, 550), PosFlotante: (505.1200,550.0000)
2025-05-19 16:57:07 - jugador - [DEBUG] - [JUGADOR_0] Iniciando gestión de colisión con dx=-3, dy=0. Hitbox actual: (508, 550)
2025-05-19 16:57:07 - jugador - [DEBUG] - [JUGADOR_0] Posición POST CH: HB: (505, 550), PosFlotante: (505.00, 550.00)
2025-05-19 16:57:07 - jugador - [DEBUG] - [JUGADOR_0] Hitbox ataque: <rect(477, 554, 30, 15)>, Dir: (-1.00, 0.00)
2025-05-19 16:57:07 - jugador - [DEBUG] - [JUGADOR_0] Input teclado procesado: mov_x_input_raw=-180, mov_y_input_raw=0
2025-05-19 16:57:07 - jugador - [DEBUG] - [JUGADOR_0] Delta flotante intentado: dx=-3.0600, dy=0.0000 (delta_time: 0.0170)
2025-05-19 16:57:07 - jugador - [DEBUG] - [JUGADOR_0] Pos flotante (pre-límites): (501.9400, 550.0000)
2025-05-19 16:57:07 - jugador - [DEBUG] - [JUGADOR_0] Pos flotante (post-límites): (501.9400, 550.0000)
2025-05-19 16:57:07 - jugador - [DEBUG] - [JUGADOR_0] Movimiento para CH: dx_int=-4, dy_int=0. HB (antes CH): (505, 550), PosFlotante: (501.9400,550.0000)
2025-05-19 16:57:07 - jugador - [DEBUG] - [JUGADOR_0] Iniciando gestión de colisión con dx=-4, dy=0. Hitbox actual: (505, 550)
2025-05-19 16:57:07 - jugador - [DEBUG] - [JUGADOR_0] Posición POST CH: HB: (501, 550), PosFlotante: (501.00, 550.00)
2025-05-19 16:57:07 - jugador - [DEBUG] - [JUGADOR_0] Hitbox ataque: <rect(473, 554, 30, 15)>, Dir: (-1.00, 0.00)
2025-05-19 16:57:07 - jugador - [DEBUG] - [JUGADOR_0] Delta flotante intentado: dx=-2.8800, dy=0.0000 (delta_time: 0.0160)
2025-05-19 16:57:07 - jugador - [DEBUG] - [JUGADOR_0] Pos flotante (pre-límites): (498.1200, 550.0000)
2025-05-19 16:57:07 - jugador - [DEBUG] - [JUGADOR_0] Pos flotante (post-límites): (498.1200, 550.0000)
2025-05-19 16:57:07 - jugador - [DEBUG] - [JUGADOR_0] Movimiento para CH: dx_int=-3, dy_int=0. HB (antes CH): (501, 550), PosFlotante: (498.1200,550.0000)
2025-05-19 16:57:07 - jugador - [DEBUG] - [JUGADOR_0] Iniciando gestión de colisión con dx=-3, dy=0. Hitbox actual: (501, 550)
2025-05-19 16:57:07 - jugador - [DEBUG] - [JUGADOR_0] Posición POST CH: HB: (498, 550), PosFlotante: (498.00, 550.00)
2025-05-19 16:57:07 - jugador - [DEBUG] - [JUGADOR_0] Hitbox ataque: <rect(470, 554, 30, 15)>, Dir: (-1.00, 0.00)
2025-05-19 16:57:07 - jugador - [DEBUG] - [JUGADOR_0] Pos flotante (pre-límites): (494.9400, 550.0000)
2025-05-19 16:57:07 - jugador - [DEBUG] - [JUGADOR_0] Pos flotante (post-límites): (494.9400, 550.0000)
2025-05-19 16:57:07 - jugador - [DEBUG] - [JUGADOR_0] Movimiento para CH: dx_int=-4, dy_int=0. HB (antes CH): (498, 550), PosFlotante: (494.9400,550.0000)
2025-05-19 16:57:07 - jugador - [DEBUG] - [JUGADOR_0] Iniciando gestión de colisión con dx=-4, dy=0. Hitbox actual: (498, 550)
2025-05-19 16:57:07 - jugador - [DEBUG] - [JUGADOR_0] Posición POST CH: HB: (494, 550), PosFlotante: (494.00, 550.00)
2025-05-19 16:57:07 - jugador - [DEBUG] - [JUGADOR_0] Hitbox ataque: <rect(466, 554, 30, 15)>, Dir: (-1.00, 0.00)
2025-05-19 16:57:07 - jugador - [DEBUG] - [JUGADOR_0] Pos flotante (pre-límites): (491.1200, 550.0000)
2025-05-19 16:57:07 - jugador - [DEBUG] - [JUGADOR_0] Pos flotante (post-límites): (491.1200, 550.0000)
2025-05-19 16:57:07 - jugador - [DEBUG] - [JUGADOR_0] Movimiento para CH: dx_int=-3, dy_int=0. HB (antes CH): (494, 550), PosFlotante: (491.1200,550.0000)
2025-05-19 16:57:07 - jugador - [DEBUG] - [JUGADOR_0] Iniciando gestión de colisión con dx=-3, dy=0. Hitbox actual: (494, 550)
2025-05-19 16:57:07 - jugador - [DEBUG] - [JUGADOR_0] Posición POST CH: HB: (491, 550), PosFlotante: (491.00, 550.00)
2025-05-19 16:57:07 - jugador - [DEBUG] - [JUGADOR_0] Hitbox ataque: <rect(463, 554, 30, 15)>, Dir: (-1.00, 0.00)
2025-05-19 16:57:07 - jugador - [DEBUG] - [JUGADOR_0] Input teclado procesado: mov_x_input_raw=-180, mov_y_input_raw=0
2025-05-19 16:57:07 - jugador - [DEBUG] - [JUGADOR_0] Pos flotante (pre-límites): (488.1200, 550.0000)
2025-05-19 16:57:07 - jugador - [DEBUG] - [JUGADOR_0] Pos flotante (post-límites): (488.1200, 550.0000)
2025-05-19 16:57:07 - jugador - [DEBUG] - [JUGADOR_0] Movimiento para CH: dx_int=-3, dy_int=0. HB (antes CH): (491, 550), PosFlotante: (488.1200,550.0000)
2025-05-19 16:57:07 - jugador - [DEBUG] - [JUGADOR_0] Iniciando gestión de colisión con dx=-3, dy=0. Hitbox actual: (491, 550)
2025-05-19 16:57:07 - jugador - [DEBUG] - [JUGADOR_0] Posición POST CH: HB: (488, 550), PosFlotante: (488.00, 550.00)
2025-05-19 16:57:07 - jugador - [DEBUG] - [JUGADOR_0] Hitbox ataque: <rect(460, 554, 30, 15)>, Dir: (-1.00, 0.00)
2025-05-19 16:57:07 - jugador - [DEBUG] - [JUGADOR_0] Delta flotante intentado: dx=-2.8800, dy=0.0000 (delta_time: 0.0160)
2025-05-19 16:57:07 - jugador - [DEBUG] - [JUGADOR_0] Pos flotante (pre-límites): (485.1200, 550.0000)
2025-05-19 16:57:07 - jugador - [DEBUG] - [JUGADOR_0] Pos flotante (post-límites): (485.1200, 550.0000)
2025-05-19 16:57:07 - jugador - [DEBUG] - [JUGADOR_0] Movimiento para CH: dx_int=-3, dy_int=0. HB (antes CH): (488, 550), PosFlotante: (485.1200,550.0000)
2025-05-19 16:57:07 - jugador - [DEBUG] - [JUGADOR_0] Iniciando gestión de colisión con dx=-3, dy=0. Hitbox actual: (488, 550)
2025-05-19 16:57:07 - jugador - [DEBUG] - [JUGADOR_0] Posición POST CH: HB: (485, 550), PosFlotante: (485.00, 550.00)
2025-05-19 16:57:07 - jugador - [DEBUG] - [JUGADOR_0] Hitbox ataque: <rect(457, 554, 30, 15)>, Dir: (-1.00, 0.00)
2025-05-19 16:57:07 - jugador - [DEBUG] - [JUGADOR_0] Pos flotante (pre-límites): (482.1200, 550.0000)
2025-05-19 16:57:07 - jugador - [DEBUG] - [JUGADOR_0] Pos flotante (post-límites): (482.1200, 550.0000)
2025-05-19 16:57:07 - jugador - [DEBUG] - [JUGADOR_0] Movimiento para CH: dx_int=-3, dy_int=0. HB (antes CH): (485, 550), PosFlotante: (482.1200,550.0000)
2025-05-19 16:57:07 - jugador - [DEBUG] - [JUGADOR_0] Iniciando gestión de colisión con dx=-3, dy=0. Hitbox actual: (485, 550)
2025-05-19 16:57:07 - jugador - [DEBUG] - [JUGADOR_0] Posición POST CH: HB: (482, 550), PosFlotante: (482.00, 550.00)
2025-05-19 16:57:07 - jugador - [DEBUG] - [JUGADOR_0] Hitbox ataque: <rect(454, 554, 30, 15)>, Dir: (-1.00, 0.00)
2025-05-19 16:57:07 - jugador - [DEBUG] - [JUGADOR_0] Pos flotante (pre-límites): (479.1200, 550.0000)
2025-05-19 16:57:07 - jugador - [DEBUG] - [JUGADOR_0] Pos flotante (post-límites): (479.1200, 550.0000)
2025-05-19 16:57:07 - jugador - [DEBUG] - [JUGADOR_0] Movimiento para CH: dx_int=-3, dy_int=0. HB (antes CH): (482, 550), PosFlotante: (479.1200,550.0000)
2025-05-19 16:57:07 - jugador - [DEBUG] - [JUGADOR_0] Iniciando gestión de colisión con dx=-3, dy=0. Hitbox actual: (482, 550)
2025-05-19 16:57:07 - jugador - [DEBUG] - [JUGADOR_0] Posición POST CH: HB: (479, 550), PosFlotante: (479.00, 550.00)
2025-05-19 16:57:07 - jugador - [DEBUG] - [JUGADOR_0] Hitbox ataque: <rect(451, 554, 30, 15)>, Dir: (-1.00, 0.00)
2025-05-19 16:57:07 - jugador - [DEBUG] - [JUGADOR_0] Intento de ataque en cooldown (700.0ms). Tiempo desde último: 243ms
2025-05-19 16:57:07 - jugador - [DEBUG] - [JUGADOR_0] Input teclado procesado: mov_x_input_raw=-180, mov_y_input_raw=0
2025-05-19 16:57:07 - jugador - [DEBUG] - [JUGADOR_0] Pos flotante (pre-límites): (476.1200, 550.0000)
2025-05-19 16:57:07 - jugador - [DEBUG] - [JUGADOR_0] Pos flotante (post-límites): (476.1200, 550.0000)
2025-05-19 16:57:07 - jugador - [DEBUG] - [JUGADOR_0] Movimiento para CH: dx_int=-3, dy_int=0. HB (antes CH): (479, 550), PosFlotante: (476.1200,550.0000)
2025-05-19 16:57:07 - jugador - [DEBUG] - [JUGADOR_0] Iniciando gestión de colisión con dx=-3, dy=0. Hitbox actual: (479, 550)
2025-05-19 16:57:07 - jugador - [DEBUG] - [JUGADOR_0] Posición POST CH: HB: (476, 550), PosFlotante: (476.00, 550.00)
2025-05-19 16:57:07 - jugador - [DEBUG] - [JUGADOR_0] Hitbox ataque: <rect(448, 554, 30, 15)>, Dir: (-1.00, 0.00)
2025-05-19 16:57:07 - jugador - [DEBUG] - [JUGADOR_0] Delta flotante intentado: dx=-2.8800, dy=0.0000 (delta_time: 0.0160)
2025-05-19 16:57:07 - jugador - [DEBUG] - [JUGADOR_0] Pos flotante (pre-límites): (473.1200, 550.0000)
2025-05-19 16:57:07 - jugador - [DEBUG] - [JUGADOR_0] Pos flotante (post-límites): (473.1200, 550.0000)
2025-05-19 16:57:07 - jugador - [DEBUG] - [JUGADOR_0] Movimiento para CH: dx_int=-3, dy_int=0. HB (antes CH): (476, 550), PosFlotante: (473.1200,550.0000)
2025-05-19 16:57:07 - jugador - [DEBUG] - [JUGADOR_0] Iniciando gestión de colisión con dx=-3, dy=0. Hitbox actual: (476, 550)
2025-05-19 16:57:07 - jugador - [DEBUG] - [JUGADOR_0] Posición POST CH: HB: (473, 550), PosFlotante: (473.00, 550.00)
2025-05-19 16:57:07 - jugador - [DEBUG] - [JUGADOR_0] Hitbox ataque: <rect(445, 554, 30, 15)>, Dir: (-1.00, 0.00)
2025-05-19 16:57:07 - jugador - [DEBUG] - [JUGADOR_0] Delta flotante intentado: dx=-3.0600, dy=0.0000 (delta_time: 0.0170)
2025-05-19 16:57:07 - jugador - [DEBUG] - [JUGADOR_0] Pos flotante (pre-límites): (469.9400, 550.0000)
2025-05-19 16:57:07 - jugador - [DEBUG] - [JUGADOR_0] Pos flotante (post-límites): (469.9400, 550.0000)
2025-05-19 16:57:07 - jugador - [DEBUG] - [JUGADOR_0] Movimiento para CH: dx_int=-4, dy_int=0. HB (antes CH): (473, 550), PosFlotante: (469.9400,550.0000)
2025-05-19 16:57:07 - jugador - [DEBUG] - [JUGADOR_0] Iniciando gestión de colisión con dx=-4, dy=0. Hitbox actual: (473, 550)
2025-05-19 16:57:07 - jugador - [DEBUG] - [JUGADOR_0] Posición POST CH: HB: (469, 550), PosFlotante: (469.00, 550.00)
2025-05-19 16:57:07 - jugador - [DEBUG] - [JUGADOR_0] Hitbox ataque: <rect(441, 554, 30, 15)>, Dir: (-1.00, 0.00)
2025-05-19 16:57:07 - jugador - [DEBUG] - [JUGADOR_0] Pos flotante (pre-límites): (465.9400, 550.0000)
2025-05-19 16:57:07 - jugador - [DEBUG] - [JUGADOR_0] Pos flotante (post-límites): (465.9400, 550.0000)
2025-05-19 16:57:07 - jugador - [DEBUG] - [JUGADOR_0] Movimiento para CH: dx_int=-4, dy_int=0. HB (antes CH): (469, 550), PosFlotante: (465.9400,550.0000)
2025-05-19 16:57:07 - jugador - [DEBUG] - [JUGADOR_0] Iniciando gestión de colisión con dx=-4, dy=0. Hitbox actual: (469, 550)
2025-05-19 16:57:07 - jugador - [DEBUG] - [JUGADOR_0] Posición POST CH: HB: (465, 550), PosFlotante: (465.00, 550.00)
2025-05-19 16:57:07 - jugador - [DEBUG] - [JUGADOR_0] Hitbox ataque: <rect(437, 554, 30, 15)>, Dir: (-1.00, 0.00)
2025-05-19 16:57:07 - jugador - [DEBUG] - [JUGADOR_0] Input teclado procesado: mov_x_input_raw=-180, mov_y_input_raw=0
2025-05-19 16:57:07 - jugador - [DEBUG] - [JUGADOR_0] Delta flotante intentado: dx=-2.8800, dy=0.0000 (delta_time: 0.0160)
2025-05-19 16:57:07 - jugador - [DEBUG] - [JUGADOR_0] Pos flotante (pre-límites): (462.1200, 550.0000)
2025-05-19 16:57:07 - jugador - [DEBUG] - [JUGADOR_0] Pos flotante (post-límites): (462.1200, 550.0000)
2025-05-19 16:57:07 - jugador - [DEBUG] - [JUGADOR_0] Movimiento para CH: dx_int=-3, dy_int=0. HB (antes CH): (465, 550), PosFlotante: (462.1200,550.0000)
2025-05-19 16:57:07 - jugador - [DEBUG] - [JUGADOR_0] Iniciando gestión de colisión con dx=-3, dy=0. Hitbox actual: (465, 550)
2025-05-19 16:57:07 - jugador - [DEBUG] - [JUGADOR_0] Posición POST CH: HB: (462, 550), PosFlotante: (462.00, 550.00)
2025-05-19 16:57:07 - jugador - [DEBUG] - [JUGADOR_0] ATAQUE FINALIZADO (Duración: 300ms). Enemigos golpeados: 0
2025-05-19 16:57:07 - jugador - [DEBUG] - [JUGADOR_0] Pos flotante (pre-límites): (459.1200, 550.0000)
2025-05-19 16:57:07 - jugador - [DEBUG] - [JUGADOR_0] Pos flotante (post-límites): (459.1200, 550.0000)
2025-05-19 16:57:07 - jugador - [DEBUG] - [JUGADOR_0] Movimiento para CH: dx_int=-3, dy_int=0. HB (antes CH): (462, 550), PosFlotante: (459.1200,550.0000)
2025-05-19 16:57:07 - jugador - [DEBUG] - [JUGADOR_0] Iniciando gestión de colisión con dx=-3, dy=0. Hitbox actual: (462, 550)
2025-05-19 16:57:07 - jugador - [DEBUG] - [JUGADOR_0] Posición POST CH: HB: (459, 550), PosFlotante: (459.00, 550.00)
2025-05-19 16:57:07 - jugador - [DEBUG] - [JUGADOR_0] Pos flotante (pre-límites): (456.1200, 550.0000)
2025-05-19 16:57:07 - jugador - [DEBUG] - [JUGADOR_0] Pos flotante (post-límites): (456.1200, 550.0000)
2025-05-19 16:57:07 - jugador - [DEBUG] - [JUGADOR_0] Movimiento para CH: dx_int=-3, dy_int=0. HB (antes CH): (459, 550), PosFlotante: (456.1200,550.0000)
2025-05-19 16:57:07 - jugador - [DEBUG] - [JUGADOR_0] Iniciando gestión de colisión con dx=-3, dy=0. Hitbox actual: (459, 550)
2025-05-19 16:57:07 - jugador - [DEBUG] - [JUGADOR_0] Posición POST CH: HB: (456, 550), PosFlotante: (456.00, 550.00)
2025-05-19 16:57:07 - jugador - [DEBUG] - [JUGADOR_0] Delta flotante intentado: dx=-3.0600, dy=0.0000 (delta_time: 0.0170)
2025-05-19 16:57:07 - jugador - [DEBUG] - [JUGADOR_0] Pos flotante (pre-límites): (452.9400, 550.0000)
2025-05-19 16:57:07 - jugador - [DEBUG] - [JUGADOR_0] Pos flotante (post-límites): (452.9400, 550.0000)
2025-05-19 16:57:07 - jugador - [DEBUG] - [JUGADOR_0] Movimiento para CH: dx_int=-4, dy_int=0. HB (antes CH): (456, 550), PosFlotante: (452.9400,550.0000)
2025-05-19 16:57:07 - jugador - [DEBUG] - [JUGADOR_0] Iniciando gestión de colisión con dx=-4, dy=0. Hitbox actual: (456, 550)
2025-05-19 16:57:07 - jugador - [DEBUG] - [JUGADOR_0] Posición POST CH: HB: (452, 550), PosFlotante: (452.00, 550.00)
2025-05-19 16:57:07 - jugador - [DEBUG] - [JUGADOR_0] Input teclado procesado: mov_x_input_raw=180, mov_y_input_raw=0
2025-05-19 16:57:07 - jugador - [DEBUG] - [JUGADOR_0] Delta flotante intentado: dx=2.8800, dy=0.0000 (delta_time: 0.0160)
2025-05-19 16:57:07 - jugador - [DEBUG] - [JUGADOR_0] Pos flotante (pre-límites): (454.8800, 550.0000)
2025-05-19 16:57:07 - jugador - [DEBUG] - [JUGADOR_0] Pos flotante (post-límites): (454.8800, 550.0000)
2025-05-19 16:57:07 - jugador - [DEBUG] - [JUGADOR_0] Movimiento para CH: dx_int=3, dy_int=0. HB (antes CH): (452, 550), PosFlotante: (454.8800,550.0000)
2025-05-19 16:57:07 - jugador - [DEBUG] - [JUGADOR_0] Iniciando gestión de colisión con dx=3, dy=0. Hitbox actual: (452, 550)
2025-05-19 16:57:07 - jugador - [DEBUG] - [JUGADOR_0] Posición POST CH: HB: (455, 550), PosFlotante: (455.00, 550.00)
2025-05-19 16:57:07 - jugador - [DEBUG] - [JUGADOR_0] Pos flotante (pre-límites): (457.8800, 550.0000)
2025-05-19 16:57:07 - jugador - [DEBUG] - [JUGADOR_0] Pos flotante (post-límites): (457.8800, 550.0000)
2025-05-19 16:57:07 - jugador - [DEBUG] - [JUGADOR_0] Movimiento para CH: dx_int=3, dy_int=0. HB (antes CH): (455, 550), PosFlotante: (457.8800,550.0000)
2025-05-19 16:57:07 - jugador - [DEBUG] - [JUGADOR_0] Iniciando gestión de colisión con dx=3, dy=0. Hitbox actual: (455, 550)
2025-05-19 16:57:07 - jugador - [DEBUG] - [JUGADOR_0] Posición POST CH: HB: (458, 550), PosFlotante: (458.00, 550.00)
2025-05-19 16:57:07 - jugador - [DEBUG] - [JUGADOR_0] Pos flotante (pre-límites): (460.8800, 550.0000)
2025-05-19 16:57:07 - jugador - [DEBUG] - [JUGADOR_0] Pos flotante (post-límites): (460.8800, 550.0000)
2025-05-19 16:57:07 - jugador - [DEBUG] - [JUGADOR_0] Movimiento para CH: dx_int=3, dy_int=0. HB (antes CH): (458, 550), PosFlotante: (460.8800,550.0000)
2025-05-19 16:57:07 - jugador - [DEBUG] - [JUGADOR_0] Iniciando gestión de colisión con dx=3, dy=0. Hitbox actual: (458, 550)
2025-05-19 16:57:07 - jugador - [DEBUG] - [JUGADOR_0] Posición POST CH: HB: (461, 550), PosFlotante: (461.00, 550.00)
2025-05-19 16:57:07 - jugador - [DEBUG] - [JUGADOR_0] Pos flotante (pre-límites): (463.8800, 550.0000)
2025-05-19 16:57:07 - jugador - [DEBUG] - [JUGADOR_0] Pos flotante (post-límites): (463.8800, 550.0000)
2025-05-19 16:57:07 - jugador - [DEBUG] - [JUGADOR_0] Movimiento para CH: dx_int=3, dy_int=0. HB (antes CH): (461, 550), PosFlotante: (463.8800,550.0000)
2025-05-19 16:57:07 - jugador - [DEBUG] - [JUGADOR_0] Iniciando gestión de colisión con dx=3, dy=0. Hitbox actual: (461, 550)
2025-05-19 16:57:07 - jugador - [DEBUG] - [JUGADOR_0] Posición POST CH: HB: (464, 550), PosFlotante: (464.00, 550.00)
2025-05-19 16:57:07 - jugador - [DEBUG] - [JUGADOR_0] Input teclado procesado: mov_x_input_raw=180, mov_y_input_raw=0
2025-05-19 16:57:07 - jugador - [DEBUG] - [JUGADOR_0] Delta flotante intentado: dx=3.0600, dy=0.0000 (delta_time: 0.0170)
2025-05-19 16:57:07 - jugador - [DEBUG] - [JUGADOR_0] Pos flotante (pre-límites): (467.0600, 550.0000)
2025-05-19 16:57:07 - jugador - [DEBUG] - [JUGADOR_0] Pos flotante (post-límites): (467.0600, 550.0000)
2025-05-19 16:57:07 - jugador - [DEBUG] - [JUGADOR_0] Movimiento para CH: dx_int=4, dy_int=0. HB (antes CH): (464, 550), PosFlotante: (467.0600,550.0000)
2025-05-19 16:57:07 - jugador - [DEBUG] - [JUGADOR_0] Iniciando gestión de colisión con dx=4, dy=0. Hitbox actual: (464, 550)
2025-05-19 16:57:07 - jugador - [DEBUG] - [JUGADOR_0] Posición POST CH: HB: (468, 550), PosFlotante: (468.00, 550.00)
2025-05-19 16:57:07 - jugador - [DEBUG] - [JUGADOR_0] Delta flotante intentado: dx=2.8800, dy=0.0000 (delta_time: 0.0160)
2025-05-19 16:57:07 - jugador - [DEBUG] - [JUGADOR_0] Pos flotante (pre-límites): (470.8800, 550.0000)
2025-05-19 16:57:07 - jugador - [DEBUG] - [JUGADOR_0] Pos flotante (post-límites): (470.8800, 550.0000)
2025-05-19 16:57:07 - jugador - [DEBUG] - [JUGADOR_0] Movimiento para CH: dx_int=3, dy_int=0. HB (antes CH): (468, 550), PosFlotante: (470.8800,550.0000)
2025-05-19 16:57:07 - jugador - [DEBUG] - [JUGADOR_0] Iniciando gestión de colisión con dx=3, dy=0. Hitbox actual: (468, 550)
2025-05-19 16:57:07 - jugador - [DEBUG] - [JUGADOR_0] Posición POST CH: HB: (471, 550), PosFlotante: (471.00, 550.00)
2025-05-19 16:57:07 - jugador - [DEBUG] - [JUGADOR_0] Pos flotante (pre-límites): (473.8800, 550.0000)
2025-05-19 16:57:07 - jugador - [DEBUG] - [JUGADOR_0] Pos flotante (post-límites): (473.8800, 550.0000)
2025-05-19 16:57:07 - jugador - [DEBUG] - [JUGADOR_0] Movimiento para CH: dx_int=3, dy_int=0. HB (antes CH): (471, 550), PosFlotante: (473.8800,550.0000)
2025-05-19 16:57:07 - jugador - [DEBUG] - [JUGADOR_0] Iniciando gestión de colisión con dx=3, dy=0. Hitbox actual: (471, 550)
2025-05-19 16:57:07 - jugador - [DEBUG] - [JUGADOR_0] Posición POST CH: HB: (474, 550), PosFlotante: (474.00, 550.00)
2025-05-19 16:57:07 - jugador - [DEBUG] - [JUGADOR_0] Pos flotante (pre-límites): (477.0600, 550.0000)
2025-05-19 16:57:07 - jugador - [DEBUG] - [JUGADOR_0] Pos flotante (post-límites): (477.0600, 550.0000)
2025-05-19 16:57:07 - jugador - [DEBUG] - [JUGADOR_0] Movimiento para CH: dx_int=4, dy_int=0. HB (antes CH): (474, 550), PosFlotante: (477.0600,550.0000)
2025-05-19 16:57:07 - jugador - [DEBUG] - [JUGADOR_0] Iniciando gestión de colisión con dx=4, dy=0. Hitbox actual: (474, 550)
2025-05-19 16:57:07 - jugador - [DEBUG] - [JUGADOR_0] Posición POST CH: HB: (478, 550), PosFlotante: (478.00, 550.00)
2025-05-19 16:57:07 - jugador - [DEBUG] - [JUGADOR_0] Input teclado procesado: mov_x_input_raw=180, mov_y_input_raw=0
2025-05-19 16:57:07 - jugador - [DEBUG] - [JUGADOR_0] Delta flotante intentado: dx=3.0600, dy=0.0000 (delta_time: 0.0170)
2025-05-19 16:57:07 - jugador - [DEBUG] - [JUGADOR_0] Pos flotante (pre-límites): (481.0600, 550.0000)
2025-05-19 16:57:07 - jugador - [DEBUG] - [JUGADOR_0] Pos flotante (post-límites): (481.0600, 550.0000)
2025-05-19 16:57:07 - jugador - [DEBUG] - [JUGADOR_0] Movimiento para CH: dx_int=4, dy_int=0. HB (antes CH): (478, 550), PosFlotante: (481.0600,550.0000)
2025-05-19 16:57:07 - jugador - [DEBUG] - [JUGADOR_0] Iniciando gestión de colisión con dx=4, dy=0. Hitbox actual: (478, 550)
2025-05-19 16:57:07 - jugador - [DEBUG] - [JUGADOR_0] Posición POST CH: HB: (482, 550), PosFlotante: (482.00, 550.00)
2025-05-19 16:57:07 - jugador - [DEBUG] - [JUGADOR_0] Delta flotante intentado: dx=2.8800, dy=0.0000 (delta_time: 0.0160)
2025-05-19 16:57:07 - jugador - [DEBUG] - [JUGADOR_0] Pos flotante (pre-límites): (484.8800, 550.0000)
2025-05-19 16:57:07 - jugador - [DEBUG] - [JUGADOR_0] Pos flotante (post-límites): (484.8800, 550.0000)
2025-05-19 16:57:07 - jugador - [DEBUG] - [JUGADOR_0] Movimiento para CH: dx_int=3, dy_int=0. HB (antes CH): (482, 550), PosFlotante: (484.8800,550.0000)
2025-05-19 16:57:07 - jugador - [DEBUG] - [JUGADOR_0] Iniciando gestión de colisión con dx=3, dy=0. Hitbox actual: (482, 550)
2025-05-19 16:57:07 - jugador - [DEBUG] - [JUGADOR_0] Posición POST CH: HB: (485, 550), PosFlotante: (485.00, 550.00)
2025-05-19 16:57:07 - jugador - [DEBUG] - [JUGADOR_0] Pos flotante (pre-límites): (488.0600, 550.0000)
2025-05-19 16:57:07 - jugador - [DEBUG] - [JUGADOR_0] Pos flotante (post-límites): (488.0600, 550.0000)
2025-05-19 16:57:07 - jugador - [DEBUG] - [JUGADOR_0] Movimiento para CH: dx_int=4, dy_int=0. HB (antes CH): (485, 550), PosFlotante: (488.0600,550.0000)
2025-05-19 16:57:07 - jugador - [DEBUG] - [JUGADOR_0] Iniciando gestión de colisión con dx=4, dy=0. Hitbox actual: (485, 550)
2025-05-19 16:57:07 - jugador - [DEBUG] - [JUGADOR_0] Posición POST CH: HB: (489, 550), PosFlotante: (489.00, 550.00)
2025-05-19 16:57:07 - jugador - [DEBUG] - [JUGADOR_0] Pos flotante (pre-límites): (491.8800, 550.0000)
2025-05-19 16:57:07 - jugador - [DEBUG] - [JUGADOR_0] Pos flotante (post-límites): (491.8800, 550.0000)
2025-05-19 16:57:07 - jugador - [DEBUG] - [JUGADOR_0] Movimiento para CH: dx_int=3, dy_int=0. HB (antes CH): (489, 550), PosFlotante: (491.8800,550.0000)
2025-05-19 16:57:07 - jugador - [DEBUG] - [JUGADOR_0] Iniciando gestión de colisión con dx=3, dy=0. Hitbox actual: (489, 550)
2025-05-19 16:57:07 - jugador - [DEBUG] - [JUGADOR_0] Posición POST CH: HB: (492, 550), PosFlotante: (492.00, 550.00)
2025-05-19 16:57:07 - jugador - [DEBUG] - [JUGADOR_0] Input teclado procesado: mov_x_input_raw=180, mov_y_input_raw=0
2025-05-19 16:57:07 - jugador - [DEBUG] - [JUGADOR_0] Pos flotante (pre-límites): (494.8800, 550.0000)
2025-05-19 16:57:07 - jugador - [DEBUG] - [JUGADOR_0] Pos flotante (post-límites): (494.8800, 550.0000)
2025-05-19 16:57:07 - jugador - [DEBUG] - [JUGADOR_0] Movimiento para CH: dx_int=3, dy_int=0. HB (antes CH): (492, 550), PosFlotante: (494.8800,550.0000)
2025-05-19 16:57:07 - jugador - [DEBUG] - [JUGADOR_0] Iniciando gestión de colisión con dx=3, dy=0. Hitbox actual: (492, 550)
2025-05-19 16:57:07 - jugador - [DEBUG] - [JUGADOR_0] Posición POST CH: HB: (495, 550), PosFlotante: (495.00, 550.00)
2025-05-19 16:57:07 - jugador - [DEBUG] - [JUGADOR_0] Delta flotante intentado: dx=2.8800, dy=0.0000 (delta_time: 0.0160)
2025-05-19 16:57:07 - jugador - [DEBUG] - [JUGADOR_0] Pos flotante (pre-límites): (497.8800, 550.0000)
2025-05-19 16:57:07 - jugador - [DEBUG] - [JUGADOR_0] Pos flotante (post-límites): (497.8800, 550.0000)
2025-05-19 16:57:07 - jugador - [DEBUG] - [JUGADOR_0] Movimiento para CH: dx_int=3, dy_int=0. HB (antes CH): (495, 550), PosFlotante: (497.8800,550.0000)
2025-05-19 16:57:07 - jugador - [DEBUG] - [JUGADOR_0] Iniciando gestión de colisión con dx=3, dy=0. Hitbox actual: (495, 550)
2025-05-19 16:57:07 - jugador - [DEBUG] - [JUGADOR_0] Posición POST CH: HB: (497, 550), PosFlotante: (497.00, 550.00)
2025-05-19 16:57:07 - jugador - [DEBUG] - [JUGADOR_0] Pos flotante (pre-límites): (499.8800, 550.0000)
2025-05-19 16:57:07 - jugador - [DEBUG] - [JUGADOR_0] Pos flotante (post-límites): (499.8800, 550.0000)
2025-05-19 16:57:07 - jugador - [DEBUG] - [JUGADOR_0] Movimiento para CH: dx_int=3, dy_int=0. HB (antes CH): (497, 550), PosFlotante: (499.8800,550.0000)
2025-05-19 16:57:07 - jugador - [DEBUG] - [JUGADOR_0] Iniciando gestión de colisión con dx=3, dy=0. Hitbox actual: (497, 550)
2025-05-19 16:57:07 - jugador - [DEBUG] - [JUGADOR_0] Posición POST CH: HB: (493, 550), PosFlotante: (493.00, 550.00)
2025-05-19 16:57:07 - jugador - [DEBUG] - [JUGADOR_0] Input teclado procesado: mov_x_input_raw=180, mov_y_input_raw=0
2025-05-19 16:57:07 - jugador - [DEBUG] - [JUGADOR_0] Delta flotante intentado: dx=3.0600, dy=0.0000 (delta_time: 0.0170)
2025-05-19 16:57:07 - jugador - [DEBUG] - [JUGADOR_0] Pos flotante (pre-límites): (496.0600, 550.0000)
2025-05-19 16:57:07 - jugador - [DEBUG] - [JUGADOR_0] Pos flotante (post-límites): (496.0600, 550.0000)
2025-05-19 16:57:07 - jugador - [DEBUG] - [JUGADOR_0] Movimiento para CH: dx_int=4, dy_int=0. HB (antes CH): (493, 550), PosFlotante: (496.0600,550.0000)
2025-05-19 16:57:07 - jugador - [DEBUG] - [JUGADOR_0] Iniciando gestión de colisión con dx=4, dy=0. Hitbox actual: (493, 550)
2025-05-19 16:57:07 - jugador - [DEBUG] - [JUGADOR_0] Posición POST CH: HB: (491, 550), PosFlotante: (491.00, 550.00)
2025-05-19 16:57:08 - jugador - [DEBUG] - [JUGADOR_0] Delta flotante intentado: dx=2.8800, dy=0.0000 (delta_time: 0.0160)
2025-05-19 16:57:08 - jugador - [DEBUG] - [JUGADOR_0] Pos flotante (pre-límites): (493.8800, 550.0000)
2025-05-19 16:57:08 - jugador - [DEBUG] - [JUGADOR_0] Pos flotante (post-límites): (493.8800, 550.0000)
2025-05-19 16:57:08 - jugador - [DEBUG] - [JUGADOR_0] Movimiento para CH: dx_int=3, dy_int=0. HB (antes CH): (491, 550), PosFlotante: (493.8800,550.0000)
2025-05-19 16:57:08 - jugador - [DEBUG] - [JUGADOR_0] Iniciando gestión de colisión con dx=3, dy=0. Hitbox actual: (491, 550)
2025-05-19 16:57:08 - jugador - [DEBUG] - [JUGADOR_0] Posición POST CH: HB: (489, 550), PosFlotante: (489.00, 550.00)
2025-05-19 16:57:08 - jugador - [DEBUG] - [JUGADOR_0] Pos flotante (pre-límites): (492.0600, 550.0000)
2025-05-19 16:57:08 - jugador - [DEBUG] - [JUGADOR_0] Pos flotante (post-límites): (492.0600, 550.0000)
2025-05-19 16:57:08 - jugador - [DEBUG] - [JUGADOR_0] Movimiento para CH: dx_int=4, dy_int=0. HB (antes CH): (489, 550), PosFlotante: (492.0600,550.0000)
2025-05-19 16:57:08 - jugador - [DEBUG] - [JUGADOR_0] Iniciando gestión de colisión con dx=4, dy=0. Hitbox actual: (489, 550)
2025-05-19 16:57:08 - jugador - [DEBUG] - [JUGADOR_0] Posición POST CH: HB: (487, 550), PosFlotante: (487.00, 550.00)
2025-05-19 16:57:08 - jugador - [DEBUG] - [JUGADOR_0] Input teclado procesado: mov_x_input_raw=-180, mov_y_input_raw=0
2025-05-19 16:57:08 - jugador - [DEBUG] - [JUGADOR_0] Delta flotante intentado: dx=-2.8800, dy=0.0000 (delta_time: 0.0160)
2025-05-19 16:57:08 - jugador - [DEBUG] - [JUGADOR_0] Pos flotante (pre-límites): (484.1200, 550.0000)
2025-05-19 16:57:08 - jugador - [DEBUG] - [JUGADOR_0] Pos flotante (post-límites): (484.1200, 550.0000)
2025-05-19 16:57:08 - jugador - [DEBUG] - [JUGADOR_0] Movimiento para CH: dx_int=-3, dy_int=0. HB (antes CH): (487, 550), PosFlotante: (484.1200,550.0000)
2025-05-19 16:57:08 - jugador - [DEBUG] - [JUGADOR_0] Iniciando gestión de colisión con dx=-3, dy=0. Hitbox actual: (487, 550)
2025-05-19 16:57:08 - jugador - [DEBUG] - [JUGADOR_0] Posición POST CH: HB: (482, 550), PosFlotante: (482.00, 550.00)
2025-05-19 16:57:08 - jugador - [DEBUG] - [JUGADOR_0] Delta flotante intentado: dx=-3.0600, dy=0.0000 (delta_time: 0.0170)
2025-05-19 16:57:08 - jugador - [DEBUG] - [JUGADOR_0] Pos flotante (pre-límites): (478.9400, 550.0000)
2025-05-19 16:57:08 - jugador - [DEBUG] - [JUGADOR_0] Pos flotante (post-límites): (478.9400, 550.0000)
2025-05-19 16:57:08 - jugador - [DEBUG] - [JUGADOR_0] Movimiento para CH: dx_int=-4, dy_int=0. HB (antes CH): (482, 550), PosFlotante: (478.9400,550.0000)
2025-05-19 16:57:08 - jugador - [DEBUG] - [JUGADOR_0] Iniciando gestión de colisión con dx=-4, dy=0. Hitbox actual: (482, 550)
2025-05-19 16:57:08 - jugador - [DEBUG] - [JUGADOR_0] Posición POST CH: HB: (478, 550), PosFlotante: (478.00, 550.00)
2025-05-19 16:57:08 - jugador - [DEBUG] - [JUGADOR_0] Pos flotante (pre-límites): (474.9400, 550.0000)
2025-05-19 16:57:08 - jugador - [DEBUG] - [JUGADOR_0] Pos flotante (post-límites): (474.9400, 550.0000)
2025-05-19 16:57:08 - jugador - [DEBUG] - [JUGADOR_0] Movimiento para CH: dx_int=-4, dy_int=0. HB (antes CH): (478, 550), PosFlotante: (474.9400,550.0000)
2025-05-19 16:57:08 - jugador - [DEBUG] - [JUGADOR_0] Iniciando gestión de colisión con dx=-4, dy=0. Hitbox actual: (478, 550)
2025-05-19 16:57:08 - jugador - [DEBUG] - [JUGADOR_0] Posición POST CH: HB: (474, 550), PosFlotante: (474.00, 550.00)
2025-05-19 16:57:08 - jugador - [DEBUG] - [JUGADOR_0] Pos flotante (pre-límites): (471.1200, 550.0000)
2025-05-19 16:57:08 - jugador - [DEBUG] - [JUGADOR_0] Pos flotante (post-límites): (471.1200, 550.0000)
2025-05-19 16:57:08 - jugador - [DEBUG] - [JUGADOR_0] Movimiento para CH: dx_int=-3, dy_int=0. HB (antes CH): (474, 550), PosFlotante: (471.1200,550.0000)
2025-05-19 16:57:08 - jugador - [DEBUG] - [JUGADOR_0] Iniciando gestión de colisión con dx=-3, dy=0. Hitbox actual: (474, 550)
2025-05-19 16:57:08 - jugador - [DEBUG] - [JUGADOR_0] Posición POST CH: HB: (471, 550), PosFlotante: (471.00, 550.00)
2025-05-19 16:57:08 - jugador - [DEBUG] - [JUGADOR_0] Input teclado procesado: mov_x_input_raw=-180, mov_y_input_raw=0
2025-05-19 16:57:08 - jugador - [DEBUG] - [JUGADOR_0] Delta flotante intentado: dx=-2.8800, dy=0.0000 (delta_time: 0.0160)
2025-05-19 16:57:08 - jugador - [DEBUG] - [JUGADOR_0] Pos flotante (pre-límites): (468.1200, 550.0000)
2025-05-19 16:57:08 - jugador - [DEBUG] - [JUGADOR_0] Pos flotante (post-límites): (468.1200, 550.0000)
2025-05-19 16:57:08 - jugador - [DEBUG] - [JUGADOR_0] Movimiento para CH: dx_int=-3, dy_int=0. HB (antes CH): (471, 550), PosFlotante: (468.1200,550.0000)
2025-05-19 16:57:08 - jugador - [DEBUG] - [JUGADOR_0] Iniciando gestión de colisión con dx=-3, dy=0. Hitbox actual: (471, 550)
2025-05-19 16:57:08 - jugador - [DEBUG] - [JUGADOR_0] Posición POST CH: HB: (468, 550), PosFlotante: (468.00, 550.00)
2025-05-19 16:57:08 - jugador - [DEBUG] - [JUGADOR_0] Pos flotante (pre-límites): (465.1200, 550.0000)
2025-05-19 16:57:08 - jugador - [DEBUG] - [JUGADOR_0] Pos flotante (post-límites): (465.1200, 550.0000)
2025-05-19 16:57:08 - jugador - [DEBUG] - [JUGADOR_0] Movimiento para CH: dx_int=-3, dy_int=0. HB (antes CH): (468, 550), PosFlotante: (465.1200,550.0000)
2025-05-19 16:57:08 - jugador - [DEBUG] - [JUGADOR_0] Iniciando gestión de colisión con dx=-3, dy=0. Hitbox actual: (468, 550)
2025-05-19 16:57:08 - jugador - [DEBUG] - [JUGADOR_0] Posición POST CH: HB: (465, 550), PosFlotante: (465.00, 550.00)
2025-05-19 16:57:08 - jugador - [DEBUG] - [JUGADOR_0] Pos flotante (pre-límites): (462.1200, 550.0000)
2025-05-19 16:57:08 - jugador - [DEBUG] - [JUGADOR_0] Pos flotante (post-límites): (462.1200, 550.0000)
2025-05-19 16:57:08 - jugador - [DEBUG] - [JUGADOR_0] Movimiento para CH: dx_int=-3, dy_int=0. HB (antes CH): (465, 550), PosFlotante: (462.1200,550.0000)
2025-05-19 16:57:08 - jugador - [DEBUG] - [JUGADOR_0] Iniciando gestión de colisión con dx=-3, dy=0. Hitbox actual: (465, 550)
2025-05-19 16:57:08 - jugador - [DEBUG] - [JUGADOR_0] Posición POST CH: HB: (462, 550), PosFlotante: (462.00, 550.00)
2025-05-19 16:57:08 - jugador - [DEBUG] - [JUGADOR_0] Delta flotante intentado: dx=-3.0600, dy=0.0000 (delta_time: 0.0170)
2025-05-19 16:57:08 - jugador - [DEBUG] - [JUGADOR_0] Pos flotante (pre-límites): (458.9400, 550.0000)
2025-05-19 16:57:08 - jugador - [DEBUG] - [JUGADOR_0] Pos flotante (post-límites): (458.9400, 550.0000)
2025-05-19 16:57:08 - jugador - [DEBUG] - [JUGADOR_0] Movimiento para CH: dx_int=-4, dy_int=0. HB (antes CH): (462, 550), PosFlotante: (458.9400,550.0000)
2025-05-19 16:57:08 - jugador - [DEBUG] - [JUGADOR_0] Iniciando gestión de colisión con dx=-4, dy=0. Hitbox actual: (462, 550)
2025-05-19 16:57:08 - jugador - [DEBUG] - [JUGADOR_0] Posición POST CH: HB: (458, 550), PosFlotante: (458.00, 550.00)
2025-05-19 16:57:08 - jugador - [DEBUG] - [JUGADOR_0] Input teclado procesado: mov_x_input_raw=-180, mov_y_input_raw=0
2025-05-19 16:57:08 - jugador - [DEBUG] - [JUGADOR_0] Delta flotante intentado: dx=-2.8800, dy=0.0000 (delta_time: 0.0160)
2025-05-19 16:57:08 - jugador - [DEBUG] - [JUGADOR_0] Pos flotante (pre-límites): (455.1200, 550.0000)
2025-05-19 16:57:08 - jugador - [DEBUG] - [JUGADOR_0] Pos flotante (post-límites): (455.1200, 550.0000)
2025-05-19 16:57:08 - jugador - [DEBUG] - [JUGADOR_0] Movimiento para CH: dx_int=-3, dy_int=0. HB (antes CH): (458, 550), PosFlotante: (455.1200,550.0000)
2025-05-19 16:57:08 - jugador - [DEBUG] - [JUGADOR_0] Iniciando gestión de colisión con dx=-3, dy=0. Hitbox actual: (458, 550)
2025-05-19 16:57:08 - jugador - [DEBUG] - [JUGADOR_0] Posición POST CH: HB: (455, 550), PosFlotante: (455.00, 550.00)
2025-05-19 16:57:08 - jugador - [DEBUG] - [JUGADOR_0] Pos flotante (pre-límites): (451.9400, 550.0000)
2025-05-19 16:57:08 - jugador - [DEBUG] - [JUGADOR_0] Pos flotante (post-límites): (451.9400, 550.0000)
2025-05-19 16:57:08 - jugador - [DEBUG] - [JUGADOR_0] Movimiento para CH: dx_int=-4, dy_int=0. HB (antes CH): (455, 550), PosFlotante: (451.9400,550.0000)
2025-05-19 16:57:08 - jugador - [DEBUG] - [JUGADOR_0] Iniciando gestión de colisión con dx=-4, dy=0. Hitbox actual: (455, 550)
2025-05-19 16:57:08 - jugador - [DEBUG] - [JUGADOR_0] Posición POST CH: HB: (451, 550), PosFlotante: (451.00, 550.00)
2025-05-19 16:57:08 - jugador - [DEBUG] - [JUGADOR_0] Pos flotante (pre-límites): (448.1200, 550.0000)
2025-05-19 16:57:08 - jugador - [DEBUG] - [JUGADOR_0] Pos flotante (post-límites): (448.1200, 550.0000)
2025-05-19 16:57:08 - jugador - [DEBUG] - [JUGADOR_0] Movimiento para CH: dx_int=-3, dy_int=0. HB (antes CH): (451, 550), PosFlotante: (448.1200,550.0000)
2025-05-19 16:57:08 - jugador - [DEBUG] - [JUGADOR_0] Iniciando gestión de colisión con dx=-3, dy=0. Hitbox actual: (451, 550)
2025-05-19 16:57:08 - jugador - [DEBUG] - [JUGADOR_0] Posición POST CH: HB: (448, 550), PosFlotante: (448.00, 550.00)
2025-05-19 16:57:08 - jugador - [DEBUG] - [JUGADOR_0] Pos flotante (pre-límites): (445.1200, 550.0000)
2025-05-19 16:57:08 - jugador - [DEBUG] - [JUGADOR_0] Pos flotante (post-límites): (445.1200, 550.0000)
2025-05-19 16:57:08 - jugador - [DEBUG] - [JUGADOR_0] Movimiento para CH: dx_int=-3, dy_int=0. HB (antes CH): (448, 550), PosFlotante: (445.1200,550.0000)
2025-05-19 16:57:08 - jugador - [DEBUG] - [JUGADOR_0] Iniciando gestión de colisión con dx=-3, dy=0. Hitbox actual: (448, 550)
2025-05-19 16:57:08 - jugador - [DEBUG] - [JUGADOR_0] Posición POST CH: HB: (445, 550), PosFlotante: (445.00, 550.00)
2025-05-19 16:57:08 - jugador - [INFO] - [JUGADOR_0] ATAQUE INICIADO (Cooldown: 700.0ms). Perfil: 'duracion_hitbox_ataque_espada'
2025-05-19 16:57:08 - jugador - [DEBUG] - [JUGADOR_0] Input teclado procesado: mov_x_input_raw=-180, mov_y_input_raw=0
2025-05-19 16:57:08 - jugador - [DEBUG] - [JUGADOR_0] Delta flotante intentado: dx=-2.8800, dy=0.0000 (delta_time: 0.0160)
2025-05-19 16:57:08 - jugador - [DEBUG] - [JUGADOR_0] Pos flotante (pre-límites): (442.1200, 550.0000)
2025-05-19 16:57:08 - jugador - [DEBUG] - [JUGADOR_0] Pos flotante (post-límites): (442.1200, 550.0000)
2025-05-19 16:57:08 - jugador - [DEBUG] - [JUGADOR_0] Movimiento para CH: dx_int=-3, dy_int=0. HB (antes CH): (445, 550), PosFlotante: (442.1200,550.0000)
2025-05-19 16:57:08 - jugador - [DEBUG] - [JUGADOR_0] Iniciando gestión de colisión con dx=-3, dy=0. Hitbox actual: (445, 550)
2025-05-19 16:57:08 - jugador - [DEBUG] - [JUGADOR_0] Posición POST CH: HB: (442, 550), PosFlotante: (442.00, 550.00)
2025-05-19 16:57:08 - jugador - [DEBUG] - [JUGADOR_0] Hitbox ataque: <rect(414, 554, 30, 15)>, Dir: (-1.00, 0.00)
2025-05-19 16:57:08 - jugador - [DEBUG] - [JUGADOR_0] Delta flotante intentado: dx=-3.0600, dy=0.0000 (delta_time: 0.0170)
2025-05-19 16:57:08 - jugador - [DEBUG] - [JUGADOR_0] Pos flotante (pre-límites): (438.9400, 550.0000)
2025-05-19 16:57:08 - jugador - [DEBUG] - [JUGADOR_0] Pos flotante (post-límites): (438.9400, 550.0000)
2025-05-19 16:57:08 - jugador - [DEBUG] - [JUGADOR_0] Movimiento para CH: dx_int=-4, dy_int=0. HB (antes CH): (442, 550), PosFlotante: (438.9400,550.0000)
2025-05-19 16:57:08 - jugador - [DEBUG] - [JUGADOR_0] Iniciando gestión de colisión con dx=-4, dy=0. Hitbox actual: (442, 550)
2025-05-19 16:57:08 - jugador - [DEBUG] - [JUGADOR_0] Posición POST CH: HB: (438, 550), PosFlotante: (438.00, 550.00)
2025-05-19 16:57:08 - jugador - [DEBUG] - [JUGADOR_0] Hitbox ataque: <rect(410, 554, 30, 15)>, Dir: (-1.00, 0.00)
2025-05-19 16:57:08 - jugador - [DEBUG] - [JUGADOR_0] Pos flotante (pre-límites): (435.1200, 550.0000)
2025-05-19 16:57:08 - jugador - [DEBUG] - [JUGADOR_0] Pos flotante (post-límites): (435.1200, 550.0000)
2025-05-19 16:57:08 - jugador - [DEBUG] - [JUGADOR_0] Movimiento para CH: dx_int=-3, dy_int=0. HB (antes CH): (438, 550), PosFlotante: (435.1200,550.0000)
2025-05-19 16:57:08 - jugador - [DEBUG] - [JUGADOR_0] Iniciando gestión de colisión con dx=-3, dy=0. Hitbox actual: (438, 550)
2025-05-19 16:57:08 - jugador - [DEBUG] - [JUGADOR_0] Posición POST CH: HB: (435, 550), PosFlotante: (435.00, 550.00)
2025-05-19 16:57:08 - jugador - [DEBUG] - [JUGADOR_0] Hitbox ataque: <rect(407, 554, 30, 15)>, Dir: (-1.00, 0.00)
2025-05-19 16:57:08 - jugador - [DEBUG] - [JUGADOR_0] Pos flotante (pre-límites): (432.1200, 550.0000)
2025-05-19 16:57:08 - jugador - [DEBUG] - [JUGADOR_0] Pos flotante (post-límites): (432.1200, 550.0000)
2025-05-19 16:57:08 - jugador - [DEBUG] - [JUGADOR_0] Movimiento para CH: dx_int=-3, dy_int=0. HB (antes CH): (435, 550), PosFlotante: (432.1200,550.0000)
2025-05-19 16:57:08 - jugador - [DEBUG] - [JUGADOR_0] Iniciando gestión de colisión con dx=-3, dy=0. Hitbox actual: (435, 550)
2025-05-19 16:57:08 - jugador - [DEBUG] - [JUGADOR_0] Posición POST CH: HB: (432, 550), PosFlotante: (432.00, 550.00)
2025-05-19 16:57:08 - jugador - [DEBUG] - [JUGADOR_0] Hitbox ataque: <rect(404, 554, 30, 15)>, Dir: (-1.00, 0.00)
2025-05-19 16:57:08 - jugador - [DEBUG] - [JUGADOR_0] Input teclado procesado: mov_x_input_raw=-180, mov_y_input_raw=0
2025-05-19 16:57:08 - jugador - [DEBUG] - [JUGADOR_0] Delta flotante intentado: dx=-2.8800, dy=0.0000 (delta_time: 0.0160)
2025-05-19 16:57:08 - jugador - [DEBUG] - [JUGADOR_0] Pos flotante (pre-límites): (429.1200, 550.0000)
2025-05-19 16:57:08 - jugador - [DEBUG] - [JUGADOR_0] Pos flotante (post-límites): (429.1200, 550.0000)
2025-05-19 16:57:08 - jugador - [DEBUG] - [JUGADOR_0] Movimiento para CH: dx_int=-3, dy_int=0. HB (antes CH): (432, 550), PosFlotante: (429.1200,550.0000)
2025-05-19 16:57:08 - jugador - [DEBUG] - [JUGADOR_0] Iniciando gestión de colisión con dx=-3, dy=0. Hitbox actual: (432, 550)
2025-05-19 16:57:08 - jugador - [DEBUG] - [JUGADOR_0] Posición POST CH: HB: (429, 550), PosFlotante: (429.00, 550.00)
2025-05-19 16:57:08 - jugador - [DEBUG] - [JUGADOR_0] Hitbox ataque: <rect(401, 554, 30, 15)>, Dir: (-1.00, 0.00)
2025-05-19 16:57:08 - jugador - [DEBUG] - [JUGADOR_0] Pos flotante (pre-límites): (426.1200, 550.0000)
2025-05-19 16:57:08 - jugador - [DEBUG] - [JUGADOR_0] Pos flotante (post-límites): (426.1200, 550.0000)
2025-05-19 16:57:08 - jugador - [DEBUG] - [JUGADOR_0] Movimiento para CH: dx_int=-3, dy_int=0. HB (antes CH): (429, 550), PosFlotante: (426.1200,550.0000)
2025-05-19 16:57:08 - jugador - [DEBUG] - [JUGADOR_0] Iniciando gestión de colisión con dx=-3, dy=0. Hitbox actual: (429, 550)
2025-05-19 16:57:08 - jugador - [DEBUG] - [JUGADOR_0] Posición POST CH: HB: (426, 550), PosFlotante: (426.00, 550.00)
2025-05-19 16:57:08 - jugador - [DEBUG] - [JUGADOR_0] Hitbox ataque: <rect(398, 554, 30, 15)>, Dir: (-1.00, 0.00)
2025-05-19 16:57:08 - jugador - [DEBUG] - [JUGADOR_0] Delta flotante intentado: dx=-3.0600, dy=0.0000 (delta_time: 0.0170)
2025-05-19 16:57:08 - jugador - [DEBUG] - [JUGADOR_0] Pos flotante (pre-límites): (422.9400, 550.0000)
2025-05-19 16:57:08 - jugador - [DEBUG] - [JUGADOR_0] Pos flotante (post-límites): (422.9400, 550.0000)
2025-05-19 16:57:08 - jugador - [DEBUG] - [JUGADOR_0] Movimiento para CH: dx_int=-4, dy_int=0. HB (antes CH): (426, 550), PosFlotante: (422.9400,550.0000)
2025-05-19 16:57:08 - jugador - [DEBUG] - [JUGADOR_0] Iniciando gestión de colisión con dx=-4, dy=0. Hitbox actual: (426, 550)
2025-05-19 16:57:08 - jugador - [DEBUG] - [JUGADOR_0] Posición POST CH: HB: (422, 550), PosFlotante: (422.00, 550.00)
2025-05-19 16:57:08 - jugador - [DEBUG] - [JUGADOR_0] Hitbox ataque: <rect(394, 554, 30, 15)>, Dir: (-1.00, 0.00)
2025-05-19 16:57:08 - jugador - [DEBUG] - [JUGADOR_0] Pos flotante (pre-límites): (418.9400, 550.0000)
2025-05-19 16:57:08 - jugador - [DEBUG] - [JUGADOR_0] Pos flotante (post-límites): (418.9400, 550.0000)
2025-05-19 16:57:08 - jugador - [DEBUG] - [JUGADOR_0] Movimiento para CH: dx_int=-4, dy_int=0. HB (antes CH): (422, 550), PosFlotante: (418.9400,550.0000)
2025-05-19 16:57:08 - jugador - [DEBUG] - [JUGADOR_0] Iniciando gestión de colisión con dx=-4, dy=0. Hitbox actual: (422, 550)
2025-05-19 16:57:08 - jugador - [DEBUG] - [JUGADOR_0] Posición POST CH: HB: (418, 550), PosFlotante: (418.00, 550.00)
2025-05-19 16:57:08 - jugador - [DEBUG] - [JUGADOR_0] Hitbox ataque: <rect(390, 554, 30, 15)>, Dir: (-1.00, 0.00)
2025-05-19 16:57:08 - jugador - [DEBUG] - [JUGADOR_0] Input teclado procesado: mov_x_input_raw=-180, mov_y_input_raw=0
2025-05-19 16:57:08 - jugador - [DEBUG] - [JUGADOR_0] Delta flotante intentado: dx=-2.8800, dy=0.0000 (delta_time: 0.0160)
2025-05-19 16:57:08 - jugador - [DEBUG] - [JUGADOR_0] Pos flotante (pre-límites): (415.1200, 550.0000)
2025-05-19 16:57:08 - jugador - [DEBUG] - [JUGADOR_0] Pos flotante (post-límites): (415.1200, 550.0000)
2025-05-19 16:57:08 - jugador - [DEBUG] - [JUGADOR_0] Movimiento para CH: dx_int=-3, dy_int=0. HB (antes CH): (418, 550), PosFlotante: (415.1200,550.0000)
2025-05-19 16:57:08 - jugador - [DEBUG] - [JUGADOR_0] Iniciando gestión de colisión con dx=-3, dy=0. Hitbox actual: (418, 550)
2025-05-19 16:57:08 - jugador - [DEBUG] - [JUGADOR_0] Posición POST CH: HB: (415, 550), PosFlotante: (415.00, 550.00)
2025-05-19 16:57:08 - jugador - [DEBUG] - [JUGADOR_0] Hitbox ataque: <rect(387, 554, 30, 15)>, Dir: (-1.00, 0.00)
2025-05-19 16:57:08 - jugador - [DEBUG] - [JUGADOR_0] Pos flotante (pre-límites): (412.1200, 550.0000)
2025-05-19 16:57:08 - jugador - [DEBUG] - [JUGADOR_0] Pos flotante (post-límites): (412.1200, 550.0000)
2025-05-19 16:57:08 - jugador - [DEBUG] - [JUGADOR_0] Movimiento para CH: dx_int=-3, dy_int=0. HB (antes CH): (415, 550), PosFlotante: (412.1200,550.0000)
2025-05-19 16:57:08 - jugador - [DEBUG] - [JUGADOR_0] Iniciando gestión de colisión con dx=-3, dy=0. Hitbox actual: (415, 550)
2025-05-19 16:57:08 - jugador - [DEBUG] - [JUGADOR_0] Posición POST CH: HB: (412, 550), PosFlotante: (412.00, 550.00)
2025-05-19 16:57:08 - jugador - [DEBUG] - [JUGADOR_0] Hitbox ataque: <rect(384, 554, 30, 15)>, Dir: (-1.00, 0.00)
2025-05-19 16:57:08 - jugador - [DEBUG] - [JUGADOR_0] Pos flotante (pre-límites): (409.1200, 550.0000)
2025-05-19 16:57:08 - jugador - [DEBUG] - [JUGADOR_0] Pos flotante (post-límites): (409.1200, 550.0000)
2025-05-19 16:57:08 - jugador - [DEBUG] - [JUGADOR_0] Movimiento para CH: dx_int=-3, dy_int=0. HB (antes CH): (412, 550), PosFlotante: (409.1200,550.0000)
2025-05-19 16:57:08 - jugador - [DEBUG] - [JUGADOR_0] Iniciando gestión de colisión con dx=-3, dy=0. Hitbox actual: (412, 550)
2025-05-19 16:57:08 - jugador - [DEBUG] - [JUGADOR_0] Posición POST CH: HB: (409, 550), PosFlotante: (409.00, 550.00)
2025-05-19 16:57:08 - jugador - [DEBUG] - [JUGADOR_0] Hitbox ataque: <rect(381, 554, 30, 15)>, Dir: (-1.00, 0.00)
2025-05-19 16:57:08 - jugador - [DEBUG] - [JUGADOR_0] Pos flotante (pre-límites): (406.1200, 550.0000)
2025-05-19 16:57:08 - jugador - [DEBUG] - [JUGADOR_0] Pos flotante (post-límites): (406.1200, 550.0000)
2025-05-19 16:57:08 - jugador - [DEBUG] - [JUGADOR_0] Movimiento para CH: dx_int=-3, dy_int=0. HB (antes CH): (409, 550), PosFlotante: (406.1200,550.0000)
2025-05-19 16:57:08 - jugador - [DEBUG] - [JUGADOR_0] Iniciando gestión de colisión con dx=-3, dy=0. Hitbox actual: (409, 550)
2025-05-19 16:57:08 - jugador - [DEBUG] - [JUGADOR_0] Posición POST CH: HB: (406, 550), PosFlotante: (406.00, 550.00)
2025-05-19 16:57:08 - jugador - [DEBUG] - [JUGADOR_0] Hitbox ataque: <rect(378, 554, 30, 15)>, Dir: (-1.00, 0.00)
2025-05-19 16:57:08 - jugador - [DEBUG] - [JUGADOR_0] Input teclado procesado: mov_x_input_raw=-180, mov_y_input_raw=0
2025-05-19 16:57:08 - jugador - [DEBUG] - [JUGADOR_0] Delta flotante intentado: dx=-2.8800, dy=0.0000 (delta_time: 0.0160)
2025-05-19 16:57:08 - jugador - [DEBUG] - [JUGADOR_0] Pos flotante (pre-límites): (403.1200, 550.0000)
2025-05-19 16:57:08 - jugador - [DEBUG] - [JUGADOR_0] Pos flotante (post-límites): (403.1200, 550.0000)
2025-05-19 16:57:08 - jugador - [DEBUG] - [JUGADOR_0] Movimiento para CH: dx_int=-3, dy_int=0. HB (antes CH): (406, 550), PosFlotante: (403.1200,550.0000)
2025-05-19 16:57:08 - jugador - [DEBUG] - [JUGADOR_0] Iniciando gestión de colisión con dx=-3, dy=0. Hitbox actual: (406, 550)
2025-05-19 16:57:08 - jugador - [DEBUG] - [JUGADOR_0] Posición POST CH: HB: (403, 550), PosFlotante: (403.00, 550.00)
2025-05-19 16:57:08 - jugador - [DEBUG] - [JUGADOR_0] Hitbox ataque: <rect(375, 554, 30, 15)>, Dir: (-1.00, 0.00)
2025-05-19 16:57:08 - jugador - [DEBUG] - [JUGADOR_0] Input teclado procesado: mov_x_input_raw=180, mov_y_input_raw=0
2025-05-19 16:57:08 - jugador - [DEBUG] - [JUGADOR_0] Delta flotante intentado: dx=2.8800, dy=0.0000 (delta_time: 0.0160)
2025-05-19 16:57:08 - jugador - [DEBUG] - [JUGADOR_0] Pos flotante (pre-límites): (405.8800, 550.0000)
2025-05-19 16:57:08 - jugador - [DEBUG] - [JUGADOR_0] Pos flotante (post-límites): (405.8800, 550.0000)
2025-05-19 16:57:08 - jugador - [DEBUG] - [JUGADOR_0] Movimiento para CH: dx_int=3, dy_int=0. HB (antes CH): (403, 550), PosFlotante: (405.8800,550.0000)
2025-05-19 16:57:08 - jugador - [DEBUG] - [JUGADOR_0] Iniciando gestión de colisión con dx=3, dy=0. Hitbox actual: (403, 550)
2025-05-19 16:57:08 - jugador - [DEBUG] - [JUGADOR_0] Hitbox ataque: <rect(428, 554, 30, 15)>, Dir: (1.00, 0.00)
2025-05-19 16:57:08 - jugador - [DEBUG] - [JUGADOR_0] Pos flotante (pre-límites): (408.8800, 550.0000)
2025-05-19 16:57:08 - jugador - [DEBUG] - [JUGADOR_0] Pos flotante (post-límites): (408.8800, 550.0000)
2025-05-19 16:57:08 - jugador - [DEBUG] - [JUGADOR_0] Movimiento para CH: dx_int=3, dy_int=0. HB (antes CH): (406, 550), PosFlotante: (408.8800,550.0000)
2025-05-19 16:57:08 - jugador - [DEBUG] - [JUGADOR_0] Iniciando gestión de colisión con dx=3, dy=0. Hitbox actual: (406, 550)
2025-05-19 16:57:08 - jugador - [DEBUG] - [JUGADOR_0] Posición POST CH: HB: (409, 550), PosFlotante: (409.00, 550.00)
2025-05-19 16:57:08 - jugador - [DEBUG] - [JUGADOR_0] Hitbox ataque: <rect(431, 554, 30, 15)>, Dir: (1.00, 0.00)
2025-05-19 16:57:08 - jugador - [INFO] - [JUGADOR_0] GOLPEÓ a [Enemigo_2] con perfil 'duracion_hitbox_ataque_espada'. Daño: 10.0
2025-05-19 16:57:08 - jugador - [DEBUG] - [JUGADOR_0] Delta flotante intentado: dx=3.0600, dy=0.0000 (delta_time: 0.0170)
2025-05-19 16:57:08 - jugador - [DEBUG] - [JUGADOR_0] Pos flotante (pre-límites): (412.0600, 550.0000)
2025-05-19 16:57:08 - jugador - [DEBUG] - [JUGADOR_0] Pos flotante (post-límites): (412.0600, 550.0000)
2025-05-19 16:57:08 - jugador - [DEBUG] - [JUGADOR_0] Movimiento para CH: dx_int=4, dy_int=0. HB (antes CH): (409, 550), PosFlotante: (412.0600,550.0000)
2025-05-19 16:57:08 - jugador - [DEBUG] - [JUGADOR_0] Iniciando gestión de colisión con dx=4, dy=0. Hitbox actual: (409, 550)
2025-05-19 16:57:08 - jugador - [DEBUG] - [JUGADOR_0] Posición POST CH: HB: (413, 550), PosFlotante: (413.00, 550.00)
2025-05-19 16:57:08 - jugador - [DEBUG] - [JUGADOR_0] Hitbox ataque: <rect(435, 554, 30, 15)>, Dir: (1.00, 0.00)
2025-05-19 16:57:08 - jugador - [DEBUG] - [JUGADOR_0] Input teclado procesado: mov_x_input_raw=180, mov_y_input_raw=0
2025-05-19 16:57:08 - jugador - [DEBUG] - [JUGADOR_0] Pos flotante (pre-límites): (416.0600, 550.0000)
2025-05-19 16:57:08 - jugador - [DEBUG] - [JUGADOR_0] Pos flotante (post-límites): (416.0600, 550.0000)
2025-05-19 16:57:08 - jugador - [DEBUG] - [JUGADOR_0] Movimiento para CH: dx_int=4, dy_int=0. HB (antes CH): (413, 550), PosFlotante: (416.0600,550.0000)
2025-05-19 16:57:08 - jugador - [DEBUG] - [JUGADOR_0] Iniciando gestión de colisión con dx=4, dy=0. Hitbox actual: (413, 550)
2025-05-19 16:57:08 - jugador - [DEBUG] - [JUGADOR_0] Posición POST CH: HB: (417, 550), PosFlotante: (417.00, 550.00)
2025-05-19 16:57:08 - jugador - [DEBUG] - [JUGADOR_0] Hitbox ataque: <rect(439, 554, 30, 15)>, Dir: (1.00, 0.00)
2025-05-19 16:57:08 - jugador - [DEBUG] - [JUGADOR_0] Delta flotante intentado: dx=2.8800, dy=0.0000 (delta_time: 0.0160)
2025-05-19 16:57:08 - jugador - [DEBUG] - [JUGADOR_0] Pos flotante (pre-límites): (419.8800, 550.0000)
2025-05-19 16:57:08 - jugador - [DEBUG] - [JUGADOR_0] Pos flotante (post-límites): (419.8800, 550.0000)
2025-05-19 16:57:08 - jugador - [DEBUG] - [JUGADOR_0] Movimiento para CH: dx_int=3, dy_int=0. HB (antes CH): (417, 550), PosFlotante: (419.8800,550.0000)
2025-05-19 16:57:08 - jugador - [DEBUG] - [JUGADOR_0] Iniciando gestión de colisión con dx=3, dy=0. Hitbox actual: (417, 550)
2025-05-19 16:57:08 - jugador - [DEBUG] - [JUGADOR_0] Posición POST CH: HB: (420, 550), PosFlotante: (420.00, 550.00)
2025-05-19 16:57:08 - jugador - [DEBUG] - [JUGADOR_0] Hitbox ataque: <rect(442, 554, 30, 15)>, Dir: (1.00, 0.00)
2025-05-19 16:57:08 - jugador - [DEBUG] - [JUGADOR_0] Pos flotante (pre-límites): (423.0600, 550.0000)
2025-05-19 16:57:08 - jugador - [DEBUG] - [JUGADOR_0] Pos flotante (post-límites): (423.0600, 550.0000)
2025-05-19 16:57:08 - jugador - [DEBUG] - [JUGADOR_0] Movimiento para CH: dx_int=4, dy_int=0. HB (antes CH): (420, 550), PosFlotante: (423.0600,550.0000)
2025-05-19 16:57:08 - jugador - [DEBUG] - [JUGADOR_0] Iniciando gestión de colisión con dx=4, dy=0. Hitbox actual: (420, 550)
2025-05-19 16:57:08 - jugador - [DEBUG] - [JUGADOR_0] Posición POST CH: HB: (424, 550), PosFlotante: (424.00, 550.00)
2025-05-19 16:57:08 - jugador - [DEBUG] - [JUGADOR_0] Hitbox ataque: <rect(446, 554, 30, 15)>, Dir: (1.00, 0.00)
2025-05-19 16:57:08 - jugador - [DEBUG] - [JUGADOR_0] Delta flotante intentado: dx=3.0600, dy=0.0000 (delta_time: 0.0170)
2025-05-19 16:57:08 - jugador - [DEBUG] - [JUGADOR_0] Pos flotante (pre-límites): (427.0600, 550.0000)
2025-05-19 16:57:08 - jugador - [DEBUG] - [JUGADOR_0] Pos flotante (post-límites): (427.0600, 550.0000)
2025-05-19 16:57:08 - jugador - [DEBUG] - [JUGADOR_0] Movimiento para CH: dx_int=4, dy_int=0. HB (antes CH): (424, 550), PosFlotante: (427.0600,550.0000)
2025-05-19 16:57:08 - jugador - [DEBUG] - [JUGADOR_0] Iniciando gestión de colisión con dx=4, dy=0. Hitbox actual: (424, 550)
2025-05-19 16:57:08 - jugador - [DEBUG] - [JUGADOR_0] Posición POST CH: HB: (423, 550), PosFlotante: (423.00, 550.00)
2025-05-19 16:57:08 - jugador - [DEBUG] - [JUGADOR_0] ATAQUE FINALIZADO (Duración: 300ms). Enemigos golpeados: 1
2025-05-19 16:57:08 - jugador - [DEBUG] - [JUGADOR_0] Input teclado procesado: mov_x_input_raw=180, mov_y_input_raw=0
2025-05-19 16:57:08 - jugador - [DEBUG] - [JUGADOR_0] Pos flotante (pre-límites): (426.0600, 550.0000)
2025-05-19 16:57:08 - jugador - [DEBUG] - [JUGADOR_0] Pos flotante (post-límites): (426.0600, 550.0000)
2025-05-19 16:57:08 - jugador - [DEBUG] - [JUGADOR_0] Movimiento para CH: dx_int=4, dy_int=0. HB (antes CH): (423, 550), PosFlotante: (426.0600,550.0000)
2025-05-19 16:57:08 - jugador - [DEBUG] - [JUGADOR_0] Iniciando gestión de colisión con dx=4, dy=0. Hitbox actual: (423, 550)
2025-05-19 16:57:08 - jugador - [DEBUG] - [JUGADOR_0] Posición POST CH: HB: (421, 550), PosFlotante: (421.00, 550.00)
2025-05-19 16:57:08 - jugador - [DEBUG] - [JUGADOR_0] Delta flotante intentado: dx=2.8800, dy=0.0000 (delta_time: 0.0160)
2025-05-19 16:57:08 - jugador - [DEBUG] - [JUGADOR_0] Pos flotante (pre-límites): (423.8800, 550.0000)
2025-05-19 16:57:08 - jugador - [DEBUG] - [JUGADOR_0] Pos flotante (post-límites): (423.8800, 550.0000)
2025-05-19 16:57:08 - jugador - [DEBUG] - [JUGADOR_0] Movimiento para CH: dx_int=3, dy_int=0. HB (antes CH): (421, 550), PosFlotante: (423.8800,550.0000)
2025-05-19 16:57:08 - jugador - [DEBUG] - [JUGADOR_0] Iniciando gestión de colisión con dx=3, dy=0. Hitbox actual: (421, 550)
2025-05-19 16:57:08 - jugador - [DEBUG] - [JUGADOR_0] Posición POST CH: HB: (419, 550), PosFlotante: (419.00, 550.00)
2025-05-19 16:57:08 - jugador - [DEBUG] - [JUGADOR_0] Delta flotante intentado: dx=3.0600, dy=0.0000 (delta_time: 0.0170)
2025-05-19 16:57:08 - jugador - [DEBUG] - [JUGADOR_0] Pos flotante (pre-límites): (422.0600, 550.0000)
2025-05-19 16:57:08 - jugador - [DEBUG] - [JUGADOR_0] Pos flotante (post-límites): (422.0600, 550.0000)
2025-05-19 16:57:08 - jugador - [DEBUG] - [JUGADOR_0] Movimiento para CH: dx_int=4, dy_int=0. HB (antes CH): (419, 550), PosFlotante: (422.0600,550.0000)
2025-05-19 16:57:08 - jugador - [DEBUG] - [JUGADOR_0] Iniciando gestión de colisión con dx=4, dy=0. Hitbox actual: (419, 550)
2025-05-19 16:57:08 - jugador - [DEBUG] - [JUGADOR_0] Posición POST CH: HB: (417, 550), PosFlotante: (417.00, 550.00)
2025-05-19 16:57:08 - jugador - [DEBUG] - [JUGADOR_0] Input teclado procesado: mov_x_input_raw=180, mov_y_input_raw=0
2025-05-19 16:57:08 - jugador - [DEBUG] - [JUGADOR_0] Pos flotante (pre-límites): (420.0600, 550.0000)
2025-05-19 16:57:08 - jugador - [DEBUG] - [JUGADOR_0] Pos flotante (post-límites): (420.0600, 550.0000)
2025-05-19 16:57:08 - jugador - [DEBUG] - [JUGADOR_0] Movimiento para CH: dx_int=4, dy_int=0. HB (antes CH): (417, 550), PosFlotante: (420.0600,550.0000)
2025-05-19 16:57:08 - jugador - [DEBUG] - [JUGADOR_0] Iniciando gestión de colisión con dx=4, dy=0. Hitbox actual: (417, 550)
2025-05-19 16:57:08 - jugador - [DEBUG] - [JUGADOR_0] Posición POST CH: HB: (415, 550), PosFlotante: (415.00, 550.00)
2025-05-19 16:57:08 - jugador - [DEBUG] - [JUGADOR_0] Delta flotante intentado: dx=2.8800, dy=0.0000 (delta_time: 0.0160)
2025-05-19 16:57:08 - jugador - [DEBUG] - [JUGADOR_0] Pos flotante (pre-límites): (417.8800, 550.0000)
2025-05-19 16:57:08 - jugador - [DEBUG] - [JUGADOR_0] Pos flotante (post-límites): (417.8800, 550.0000)
2025-05-19 16:57:08 - jugador - [DEBUG] - [JUGADOR_0] Movimiento para CH: dx_int=3, dy_int=0. HB (antes CH): (415, 550), PosFlotante: (417.8800,550.0000)
2025-05-19 16:57:08 - jugador - [DEBUG] - [JUGADOR_0] Iniciando gestión de colisión con dx=3, dy=0. Hitbox actual: (415, 550)
2025-05-19 16:57:08 - jugador - [DEBUG] - [JUGADOR_0] Posición POST CH: HB: (413, 550), PosFlotante: (413.00, 550.00)
2025-05-19 16:57:08 - jugador - [DEBUG] - [JUGADOR_0] Pos flotante (pre-límites): (415.8800, 550.0000)
2025-05-19 16:57:08 - jugador - [DEBUG] - [JUGADOR_0] Pos flotante (post-límites): (415.8800, 550.0000)
2025-05-19 16:57:08 - jugador - [DEBUG] - [JUGADOR_0] Movimiento para CH: dx_int=3, dy_int=0. HB (antes CH): (413, 550), PosFlotante: (415.8800,550.0000)
2025-05-19 16:57:08 - jugador - [DEBUG] - [JUGADOR_0] Iniciando gestión de colisión con dx=3, dy=0. Hitbox actual: (413, 550)
2025-05-19 16:57:08 - jugador - [DEBUG] - [JUGADOR_0] Posición POST CH: HB: (411, 550), PosFlotante: (411.00, 550.00)
2025-05-19 16:57:08 - jugador - [DEBUG] - [JUGADOR_0] Pos flotante (pre-límites): (413.8800, 550.0000)
2025-05-19 16:57:08 - jugador - [DEBUG] - [JUGADOR_0] Pos flotante (post-límites): (413.8800, 550.0000)
2025-05-19 16:57:08 - jugador - [DEBUG] - [JUGADOR_0] Movimiento para CH: dx_int=3, dy_int=0. HB (antes CH): (411, 550), PosFlotante: (413.8800,550.0000)
2025-05-19 16:57:08 - jugador - [DEBUG] - [JUGADOR_0] Iniciando gestión de colisión con dx=3, dy=0. Hitbox actual: (411, 550)
2025-05-19 16:57:08 - jugador - [DEBUG] - [JUGADOR_0] Posición POST CH: HB: (409, 550), PosFlotante: (409.00, 550.00)
2025-05-19 16:57:08 - jugador - [DEBUG] - [JUGADOR_0] Input teclado procesado: mov_x_input_raw=180, mov_y_input_raw=0
2025-05-19 16:57:08 - jugador - [DEBUG] - [JUGADOR_0] Pos flotante (pre-límites): (411.8800, 550.0000)
2025-05-19 16:57:08 - jugador - [DEBUG] - [JUGADOR_0] Pos flotante (post-límites): (411.8800, 550.0000)
2025-05-19 16:57:08 - jugador - [DEBUG] - [JUGADOR_0] Movimiento para CH: dx_int=3, dy_int=0. HB (antes CH): (409, 550), PosFlotante: (411.8800,550.0000)
2025-05-19 16:57:08 - jugador - [DEBUG] - [JUGADOR_0] Iniciando gestión de colisión con dx=3, dy=0. Hitbox actual: (409, 550)
2025-05-19 16:57:08 - jugador - [DEBUG] - [JUGADOR_0] Posición POST CH: HB: (407, 550), PosFlotante: (407.00, 550.00)
2025-05-19 16:57:08 - jugador - [DEBUG] - [JUGADOR_0] Delta flotante intentado: dx=2.8800, dy=0.0000 (delta_time: 0.0160)
2025-05-19 16:57:08 - jugador - [DEBUG] - [JUGADOR_0] Pos flotante (pre-límites): (409.8800, 550.0000)
2025-05-19 16:57:08 - jugador - [DEBUG] - [JUGADOR_0] Pos flotante (post-límites): (409.8800, 550.0000)
2025-05-19 16:57:08 - jugador - [DEBUG] - [JUGADOR_0] Movimiento para CH: dx_int=3, dy_int=0. HB (antes CH): (407, 550), PosFlotante: (409.8800,550.0000)
2025-05-19 16:57:08 - jugador - [DEBUG] - [JUGADOR_0] Iniciando gestión de colisión con dx=3, dy=0. Hitbox actual: (407, 550)
2025-05-19 16:57:08 - jugador - [DEBUG] - [JUGADOR_0] Posición POST CH: HB: (405, 550), PosFlotante: (405.00, 550.00)
2025-05-19 16:57:08 - jugador - [DEBUG] - [JUGADOR_0] Input teclado procesado: mov_x_input_raw=-180, mov_y_input_raw=0
2025-05-19 16:57:08 - jugador - [DEBUG] - [JUGADOR_0] Delta flotante intentado: dx=-2.8800, dy=0.0000 (delta_time: 0.0160)
2025-05-19 16:57:08 - jugador - [DEBUG] - [JUGADOR_0] Pos flotante (pre-límites): (402.1200, 550.0000)
2025-05-19 16:57:08 - jugador - [DEBUG] - [JUGADOR_0] Pos flotante (post-límites): (402.1200, 550.0000)
2025-05-19 16:57:08 - jugador - [DEBUG] - [JUGADOR_0] Movimiento para CH: dx_int=-3, dy_int=0. HB (antes CH): (405, 550), PosFlotante: (402.1200,550.0000)
2025-05-19 16:57:08 - jugador - [DEBUG] - [JUGADOR_0] Iniciando gestión de colisión con dx=-3, dy=0. Hitbox actual: (405, 550)
2025-05-19 16:57:08 - jugador - [DEBUG] - [JUGADOR_0] Posición POST CH: HB: (400, 550), PosFlotante: (400.00, 550.00)
2025-05-19 16:57:08 - jugador - [DEBUG] - [JUGADOR_0] Pos flotante (pre-límites): (397.1200, 550.0000)
2025-05-19 16:57:08 - jugador - [DEBUG] - [JUGADOR_0] Pos flotante (post-límites): (397.1200, 550.0000)
2025-05-19 16:57:08 - jugador - [DEBUG] - [JUGADOR_0] Movimiento para CH: dx_int=-3, dy_int=0. HB (antes CH): (400, 550), PosFlotante: (397.1200,550.0000)
2025-05-19 16:57:08 - jugador - [DEBUG] - [JUGADOR_0] Iniciando gestión de colisión con dx=-3, dy=0. Hitbox actual: (400, 550)
2025-05-19 16:57:08 - jugador - [DEBUG] - [JUGADOR_0] Posición POST CH: HB: (397, 550), PosFlotante: (397.00, 550.00)
2025-05-19 16:57:08 - jugador - [DEBUG] - [JUGADOR_0] Delta flotante intentado: dx=-3.0600, dy=0.0000 (delta_time: 0.0170)
2025-05-19 16:57:08 - jugador - [DEBUG] - [JUGADOR_0] Pos flotante (pre-límites): (393.9400, 550.0000)
2025-05-19 16:57:08 - jugador - [DEBUG] - [JUGADOR_0] Pos flotante (post-límites): (393.9400, 550.0000)
2025-05-19 16:57:08 - jugador - [DEBUG] - [JUGADOR_0] Movimiento para CH: dx_int=-4, dy_int=0. HB (antes CH): (397, 550), PosFlotante: (393.9400,550.0000)
2025-05-19 16:57:08 - jugador - [DEBUG] - [JUGADOR_0] Iniciando gestión de colisión con dx=-4, dy=0. Hitbox actual: (397, 550)
2025-05-19 16:57:08 - jugador - [DEBUG] - [JUGADOR_0] Posición POST CH: HB: (393, 550), PosFlotante: (393.00, 550.00)
2025-05-19 16:57:08 - jugador - [DEBUG] - [JUGADOR_0] Pos flotante (pre-límites): (390.1200, 550.0000)
2025-05-19 16:57:08 - jugador - [DEBUG] - [JUGADOR_0] Pos flotante (post-límites): (390.1200, 550.0000)
2025-05-19 16:57:08 - jugador - [DEBUG] - [JUGADOR_0] Movimiento para CH: dx_int=-3, dy_int=0. HB (antes CH): (393, 550), PosFlotante: (390.1200,550.0000)
2025-05-19 16:57:08 - jugador - [DEBUG] - [JUGADOR_0] Iniciando gestión de colisión con dx=-3, dy=0. Hitbox actual: (393, 550)
2025-05-19 16:57:08 - jugador - [DEBUG] - [JUGADOR_0] Posición POST CH: HB: (390, 550), PosFlotante: (390.00, 550.00)
2025-05-19 16:57:08 - jugador - [DEBUG] - [JUGADOR_0] Input teclado procesado: mov_x_input_raw=-180, mov_y_input_raw=0
2025-05-19 16:57:08 - jugador - [DEBUG] - [JUGADOR_0] Pos flotante (pre-límites): (386.9400, 550.0000)
2025-05-19 16:57:08 - jugador - [DEBUG] - [JUGADOR_0] Pos flotante (post-límites): (386.9400, 550.0000)
2025-05-19 16:57:08 - jugador - [DEBUG] - [JUGADOR_0] Movimiento para CH: dx_int=-4, dy_int=0. HB (antes CH): (390, 550), PosFlotante: (386.9400,550.0000)
2025-05-19 16:57:08 - jugador - [DEBUG] - [JUGADOR_0] Iniciando gestión de colisión con dx=-4, dy=0. Hitbox actual: (390, 550)
2025-05-19 16:57:08 - jugador - [DEBUG] - [JUGADOR_0] Posición POST CH: HB: (386, 550), PosFlotante: (386.00, 550.00)
2025-05-19 16:57:08 - jugador - [DEBUG] - [JUGADOR_0] Delta flotante intentado: dx=-3.0600, dy=0.0000 (delta_time: 0.0170)
2025-05-19 16:57:08 - jugador - [DEBUG] - [JUGADOR_0] Pos flotante (pre-límites): (382.9400, 550.0000)
2025-05-19 16:57:08 - jugador - [DEBUG] - [JUGADOR_0] Pos flotante (post-límites): (382.9400, 550.0000)
2025-05-19 16:57:08 - jugador - [DEBUG] - [JUGADOR_0] Movimiento para CH: dx_int=-4, dy_int=0. HB (antes CH): (386, 550), PosFlotante: (382.9400,550.0000)
2025-05-19 16:57:08 - jugador - [DEBUG] - [JUGADOR_0] Iniciando gestión de colisión con dx=-4, dy=0. Hitbox actual: (386, 550)
2025-05-19 16:57:08 - jugador - [DEBUG] - [JUGADOR_0] Posición POST CH: HB: (382, 550), PosFlotante: (382.00, 550.00)
2025-05-19 16:57:08 - jugador - [DEBUG] - [JUGADOR_0] Pos flotante (pre-límites): (378.9400, 550.0000)
2025-05-19 16:57:08 - jugador - [DEBUG] - [JUGADOR_0] Pos flotante (post-límites): (378.9400, 550.0000)
2025-05-19 16:57:08 - jugador - [DEBUG] - [JUGADOR_0] Movimiento para CH: dx_int=-4, dy_int=0. HB (antes CH): (382, 550), PosFlotante: (378.9400,550.0000)
2025-05-19 16:57:08 - jugador - [DEBUG] - [JUGADOR_0] Iniciando gestión de colisión con dx=-4, dy=0. Hitbox actual: (382, 550)
2025-05-19 16:57:08 - jugador - [DEBUG] - [JUGADOR_0] Posición POST CH: HB: (378, 550), PosFlotante: (378.00, 550.00)
2025-05-19 16:57:08 - jugador - [DEBUG] - [JUGADOR_0] Input teclado procesado: mov_x_input_raw=-180, mov_y_input_raw=0
2025-05-19 16:57:08 - jugador - [DEBUG] - [JUGADOR_0] Delta flotante intentado: dx=-2.8800, dy=0.0000 (delta_time: 0.0160)
2025-05-19 16:57:08 - jugador - [DEBUG] - [JUGADOR_0] Pos flotante (pre-límites): (375.1200, 550.0000)
2025-05-19 16:57:08 - jugador - [DEBUG] - [JUGADOR_0] Pos flotante (post-límites): (375.1200, 550.0000)
2025-05-19 16:57:08 - jugador - [DEBUG] - [JUGADOR_0] Movimiento para CH: dx_int=-3, dy_int=0. HB (antes CH): (378, 550), PosFlotante: (375.1200,550.0000)
2025-05-19 16:57:08 - jugador - [DEBUG] - [JUGADOR_0] Iniciando gestión de colisión con dx=-3, dy=0. Hitbox actual: (378, 550)
2025-05-19 16:57:08 - jugador - [DEBUG] - [JUGADOR_0] Posición POST CH: HB: (375, 550), PosFlotante: (375.00, 550.00)
2025-05-19 16:57:08 - jugador - [DEBUG] - [JUGADOR_0] Pos flotante (pre-límites): (371.9400, 550.0000)
2025-05-19 16:57:08 - jugador - [DEBUG] - [JUGADOR_0] Pos flotante (post-límites): (371.9400, 550.0000)
2025-05-19 16:57:08 - jugador - [DEBUG] - [JUGADOR_0] Movimiento para CH: dx_int=-4, dy_int=0. HB (antes CH): (375, 550), PosFlotante: (371.9400,550.0000)
2025-05-19 16:57:08 - jugador - [DEBUG] - [JUGADOR_0] Iniciando gestión de colisión con dx=-4, dy=0. Hitbox actual: (375, 550)
2025-05-19 16:57:08 - jugador - [DEBUG] - [JUGADOR_0] Posición POST CH: HB: (371, 550), PosFlotante: (371.00, 550.00)
2025-05-19 16:57:08 - jugador - [DEBUG] - [JUGADOR_0] Input teclado procesado: mov_x_input_raw=180, mov_y_input_raw=0
2025-05-19 16:57:08 - jugador - [DEBUG] - [JUGADOR_0] Delta flotante intentado: dx=2.8800, dy=0.0000 (delta_time: 0.0160)
2025-05-19 16:57:08 - jugador - [DEBUG] - [JUGADOR_0] Pos flotante (pre-límites): (373.8800, 550.0000)
2025-05-19 16:57:08 - jugador - [DEBUG] - [JUGADOR_0] Pos flotante (post-límites): (373.8800, 550.0000)
2025-05-19 16:57:08 - jugador - [DEBUG] - [JUGADOR_0] Movimiento para CH: dx_int=3, dy_int=0. HB (antes CH): (371, 550), PosFlotante: (373.8800,550.0000)
2025-05-19 16:57:08 - jugador - [DEBUG] - [JUGADOR_0] Iniciando gestión de colisión con dx=3, dy=0. Hitbox actual: (371, 550)
2025-05-19 16:57:08 - jugador - [DEBUG] - [JUGADOR_0] Posición POST CH: HB: (374, 550), PosFlotante: (374.00, 550.00)
2025-05-19 16:57:08 - jugador - [DEBUG] - [JUGADOR_0] Delta flotante intentado: dx=3.0600, dy=0.0000 (delta_time: 0.0170)
2025-05-19 16:57:08 - jugador - [DEBUG] - [JUGADOR_0] Pos flotante (pre-límites): (377.0600, 550.0000)
2025-05-19 16:57:08 - jugador - [DEBUG] - [JUGADOR_0] Pos flotante (post-límites): (377.0600, 550.0000)
2025-05-19 16:57:08 - jugador - [DEBUG] - [JUGADOR_0] Movimiento para CH: dx_int=4, dy_int=0. HB (antes CH): (374, 550), PosFlotante: (377.0600,550.0000)
2025-05-19 16:57:08 - jugador - [DEBUG] - [JUGADOR_0] Iniciando gestión de colisión con dx=4, dy=0. Hitbox actual: (374, 550)
2025-05-19 16:57:08 - jugador - [DEBUG] - [JUGADOR_0] Posición POST CH: HB: (378, 550), PosFlotante: (378.00, 550.00)
2025-05-19 16:57:08 - jugador - [DEBUG] - [JUGADOR_0] Pos flotante (pre-límites): (380.8800, 550.0000)
2025-05-19 16:57:08 - jugador - [DEBUG] - [JUGADOR_0] Pos flotante (post-límites): (380.8800, 550.0000)
2025-05-19 16:57:08 - jugador - [DEBUG] - [JUGADOR_0] Movimiento para CH: dx_int=3, dy_int=0. HB (antes CH): (378, 550), PosFlotante: (380.8800,550.0000)
2025-05-19 16:57:08 - jugador - [DEBUG] - [JUGADOR_0] Iniciando gestión de colisión con dx=3, dy=0. Hitbox actual: (378, 550)
2025-05-19 16:57:08 - jugador - [DEBUG] - [JUGADOR_0] Posición POST CH: HB: (381, 550), PosFlotante: (381.00, 550.00)
2025-05-19 16:57:08 - jugador - [DEBUG] - [JUGADOR_0] Pos flotante (pre-límites): (383.8800, 550.0000)
2025-05-19 16:57:08 - jugador - [DEBUG] - [JUGADOR_0] Pos flotante (post-límites): (383.8800, 550.0000)
2025-05-19 16:57:08 - jugador - [DEBUG] - [JUGADOR_0] Movimiento para CH: dx_int=3, dy_int=0. HB (antes CH): (381, 550), PosFlotante: (383.8800,550.0000)
2025-05-19 16:57:08 - jugador - [DEBUG] - [JUGADOR_0] Iniciando gestión de colisión con dx=3, dy=0. Hitbox actual: (381, 550)
2025-05-19 16:57:08 - jugador - [DEBUG] - [JUGADOR_0] Posición POST CH: HB: (379, 550), PosFlotante: (379.00, 550.00)
2025-05-19 16:57:08 - jugador - [DEBUG] - [JUGADOR_0] Input teclado procesado: mov_x_input_raw=180, mov_y_input_raw=0
2025-05-19 16:57:08 - jugador - [DEBUG] - [JUGADOR_0] Pos flotante (pre-límites): (382.0600, 550.0000)
2025-05-19 16:57:08 - jugador - [DEBUG] - [JUGADOR_0] Pos flotante (post-límites): (382.0600, 550.0000)
2025-05-19 16:57:08 - jugador - [DEBUG] - [JUGADOR_0] Movimiento para CH: dx_int=4, dy_int=0. HB (antes CH): (379, 550), PosFlotante: (382.0600,550.0000)
2025-05-19 16:57:08 - jugador - [DEBUG] - [JUGADOR_0] Iniciando gestión de colisión con dx=4, dy=0. Hitbox actual: (379, 550)
2025-05-19 16:57:08 - jugador - [DEBUG] - [JUGADOR_0] Posición POST CH: HB: (377, 550), PosFlotante: (377.00, 550.00)
2025-05-19 16:57:08 - jugador - [DEBUG] - [JUGADOR_0] Delta flotante intentado: dx=2.8800, dy=0.0000 (delta_time: 0.0160)
2025-05-19 16:57:08 - jugador - [DEBUG] - [JUGADOR_0] Pos flotante (pre-límites): (379.8800, 550.0000)
2025-05-19 16:57:08 - jugador - [DEBUG] - [JUGADOR_0] Pos flotante (post-límites): (379.8800, 550.0000)
2025-05-19 16:57:08 - jugador - [DEBUG] - [JUGADOR_0] Movimiento para CH: dx_int=3, dy_int=0. HB (antes CH): (377, 550), PosFlotante: (379.8800,550.0000)
2025-05-19 16:57:08 - jugador - [DEBUG] - [JUGADOR_0] Iniciando gestión de colisión con dx=3, dy=0. Hitbox actual: (377, 550)
2025-05-19 16:57:08 - jugador - [DEBUG] - [JUGADOR_0] Posición POST CH: HB: (375, 550), PosFlotante: (375.00, 550.00)
2025-05-19 16:57:08 - jugador - [DEBUG] - [JUGADOR_0] Pos flotante (pre-límites): (377.8800, 550.0000)
2025-05-19 16:57:08 - jugador - [DEBUG] - [JUGADOR_0] Pos flotante (post-límites): (377.8800, 550.0000)
2025-05-19 16:57:08 - jugador - [DEBUG] - [JUGADOR_0] Movimiento para CH: dx_int=3, dy_int=0. HB (antes CH): (375, 550), PosFlotante: (377.8800,550.0000)
2025-05-19 16:57:08 - jugador - [DEBUG] - [JUGADOR_0] Iniciando gestión de colisión con dx=3, dy=0. Hitbox actual: (375, 550)
2025-05-19 16:57:08 - jugador - [DEBUG] - [JUGADOR_0] Posición POST CH: HB: (373, 550), PosFlotante: (373.00, 550.00)
2025-05-19 16:57:08 - jugador - [DEBUG] - [JUGADOR_0] Pos flotante (pre-límites): (375.8800, 550.0000)
2025-05-19 16:57:08 - jugador - [DEBUG] - [JUGADOR_0] Pos flotante (post-límites): (375.8800, 550.0000)
2025-05-19 16:57:08 - jugador - [DEBUG] - [JUGADOR_0] Movimiento para CH: dx_int=3, dy_int=0. HB (antes CH): (373, 550), PosFlotante: (375.8800,550.0000)
2025-05-19 16:57:08 - jugador - [DEBUG] - [JUGADOR_0] Iniciando gestión de colisión con dx=3, dy=0. Hitbox actual: (373, 550)
2025-05-19 16:57:08 - jugador - [DEBUG] - [JUGADOR_0] Posición POST CH: HB: (371, 550), PosFlotante: (371.00, 550.00)
2025-05-19 16:57:08 - jugador - [DEBUG] - [JUGADOR_0] Input teclado procesado: mov_x_input_raw=180, mov_y_input_raw=0
2025-05-19 16:57:08 - jugador - [DEBUG] - [JUGADOR_0] Delta flotante intentado: dx=3.0600, dy=0.0000 (delta_time: 0.0170)
2025-05-19 16:57:08 - jugador - [DEBUG] - [JUGADOR_0] Pos flotante (pre-límites): (374.0600, 550.0000)
2025-05-19 16:57:08 - jugador - [DEBUG] - [JUGADOR_0] Pos flotante (post-límites): (374.0600, 550.0000)
2025-05-19 16:57:08 - jugador - [DEBUG] - [JUGADOR_0] Movimiento para CH: dx_int=4, dy_int=0. HB (antes CH): (371, 550), PosFlotante: (374.0600,550.0000)
2025-05-19 16:57:08 - jugador - [DEBUG] - [JUGADOR_0] Iniciando gestión de colisión con dx=4, dy=0. Hitbox actual: (371, 550)
2025-05-19 16:57:08 - jugador - [DEBUG] - [JUGADOR_0] Posición POST CH: HB: (369, 550), PosFlotante: (369.00, 550.00)
2025-05-19 16:57:09 - jugador - [DEBUG] - [JUGADOR_0] Pos flotante (pre-límites): (372.0600, 550.0000)
2025-05-19 16:57:09 - jugador - [DEBUG] - [JUGADOR_0] Pos flotante (post-límites): (372.0600, 550.0000)
2025-05-19 16:57:09 - jugador - [DEBUG] - [JUGADOR_0] Movimiento para CH: dx_int=4, dy_int=0. HB (antes CH): (369, 550), PosFlotante: (372.0600,550.0000)
2025-05-19 16:57:09 - jugador - [DEBUG] - [JUGADOR_0] Iniciando gestión de colisión con dx=4, dy=0. Hitbox actual: (369, 550)
2025-05-19 16:57:09 - jugador - [DEBUG] - [JUGADOR_0] Posición POST CH: HB: (367, 550), PosFlotante: (367.00, 550.00)
2025-05-19 16:57:09 - jugador - [DEBUG] - [JUGADOR_0] Delta flotante intentado: dx=2.8800, dy=0.0000 (delta_time: 0.0160)
2025-05-19 16:57:09 - jugador - [DEBUG] - [JUGADOR_0] Pos flotante (pre-límites): (369.8800, 550.0000)
2025-05-19 16:57:09 - jugador - [DEBUG] - [JUGADOR_0] Pos flotante (post-límites): (369.8800, 550.0000)
2025-05-19 16:57:09 - jugador - [DEBUG] - [JUGADOR_0] Movimiento para CH: dx_int=3, dy_int=0. HB (antes CH): (367, 550), PosFlotante: (369.8800,550.0000)
2025-05-19 16:57:09 - jugador - [DEBUG] - [JUGADOR_0] Iniciando gestión de colisión con dx=3, dy=0. Hitbox actual: (367, 550)
2025-05-19 16:57:09 - jugador - [DEBUG] - [JUGADOR_0] Posición POST CH: HB: (365, 550), PosFlotante: (365.00, 550.00)
2025-05-19 16:57:09 - jugador - [DEBUG] - [JUGADOR_0] Pos flotante (pre-límites): (367.8800, 550.0000)
2025-05-19 16:57:09 - jugador - [DEBUG] - [JUGADOR_0] Pos flotante (post-límites): (367.8800, 550.0000)
2025-05-19 16:57:09 - jugador - [DEBUG] - [JUGADOR_0] Movimiento para CH: dx_int=3, dy_int=0. HB (antes CH): (365, 550), PosFlotante: (367.8800,550.0000)
2025-05-19 16:57:09 - jugador - [DEBUG] - [JUGADOR_0] Iniciando gestión de colisión con dx=3, dy=0. Hitbox actual: (365, 550)
2025-05-19 16:57:09 - jugador - [DEBUG] - [JUGADOR_0] Posición POST CH: HB: (363, 550), PosFlotante: (363.00, 550.00)
2025-05-19 16:57:09 - jugador - [DEBUG] - [JUGADOR_0] Input teclado procesado: mov_x_input_raw=180, mov_y_input_raw=0
2025-05-19 16:57:09 - jugador - [DEBUG] - [JUGADOR_0] Delta flotante intentado: dx=3.0600, dy=0.0000 (delta_time: 0.0170)
2025-05-19 16:57:09 - jugador - [DEBUG] - [JUGADOR_0] Pos flotante (pre-límites): (366.0600, 550.0000)
2025-05-19 16:57:09 - jugador - [DEBUG] - [JUGADOR_0] Pos flotante (post-límites): (366.0600, 550.0000)
2025-05-19 16:57:09 - jugador - [DEBUG] - [JUGADOR_0] Movimiento para CH: dx_int=4, dy_int=0. HB (antes CH): (363, 550), PosFlotante: (366.0600,550.0000)
2025-05-19 16:57:09 - jugador - [DEBUG] - [JUGADOR_0] Iniciando gestión de colisión con dx=4, dy=0. Hitbox actual: (363, 550)
2025-05-19 16:57:09 - jugador - [DEBUG] - [JUGADOR_0] Posición POST CH: HB: (361, 550), PosFlotante: (361.00, 550.00)
2025-05-19 16:57:09 - jugador - [DEBUG] - [JUGADOR_0] Pos flotante (pre-límites): (364.0600, 550.0000)
2025-05-19 16:57:09 - jugador - [DEBUG] - [JUGADOR_0] Pos flotante (post-límites): (364.0600, 550.0000)
2025-05-19 16:57:09 - jugador - [DEBUG] - [JUGADOR_0] Movimiento para CH: dx_int=4, dy_int=0. HB (antes CH): (361, 550), PosFlotante: (364.0600,550.0000)
2025-05-19 16:57:09 - jugador - [DEBUG] - [JUGADOR_0] Iniciando gestión de colisión con dx=4, dy=0. Hitbox actual: (361, 550)
2025-05-19 16:57:09 - jugador - [DEBUG] - [JUGADOR_0] Posición POST CH: HB: (359, 550), PosFlotante: (359.00, 550.00)
2025-05-19 16:57:09 - jugador - [DEBUG] - [JUGADOR_0] Delta flotante intentado: dx=2.8800, dy=0.0000 (delta_time: 0.0160)
2025-05-19 16:57:09 - jugador - [DEBUG] - [JUGADOR_0] Pos flotante (pre-límites): (361.8800, 550.0000)
2025-05-19 16:57:09 - jugador - [DEBUG] - [JUGADOR_0] Pos flotante (post-límites): (361.8800, 550.0000)
2025-05-19 16:57:09 - jugador - [DEBUG] - [JUGADOR_0] Movimiento para CH: dx_int=3, dy_int=0. HB (antes CH): (359, 550), PosFlotante: (361.8800,550.0000)
2025-05-19 16:57:09 - jugador - [DEBUG] - [JUGADOR_0] Iniciando gestión de colisión con dx=3, dy=0. Hitbox actual: (359, 550)
2025-05-19 16:57:09 - jugador - [DEBUG] - [JUGADOR_0] Posición POST CH: HB: (357, 550), PosFlotante: (357.00, 550.00)
2025-05-19 16:57:09 - jugador - [INFO] - [JUGADOR_0] ATAQUE INICIADO (Cooldown: 700.0ms). Perfil: 'duracion_hitbox_ataque_espada'
2025-05-19 16:57:09 - jugador - [DEBUG] - [JUGADOR_0] Input teclado procesado: mov_x_input_raw=180, mov_y_input_raw=0
2025-05-19 16:57:09 - jugador - [DEBUG] - [JUGADOR_0] Delta flotante intentado: dx=3.0600, dy=0.0000 (delta_time: 0.0170)
2025-05-19 16:57:09 - jugador - [DEBUG] - [JUGADOR_0] Pos flotante (pre-límites): (360.0600, 550.0000)
2025-05-19 16:57:09 - jugador - [DEBUG] - [JUGADOR_0] Pos flotante (post-límites): (360.0600, 550.0000)
2025-05-19 16:57:09 - jugador - [DEBUG] - [JUGADOR_0] Movimiento para CH: dx_int=4, dy_int=0. HB (antes CH): (357, 550), PosFlotante: (360.0600,550.0000)
2025-05-19 16:57:09 - jugador - [DEBUG] - [JUGADOR_0] Iniciando gestión de colisión con dx=4, dy=0. Hitbox actual: (357, 550)
2025-05-19 16:57:09 - jugador - [DEBUG] - [JUGADOR_0] Posición POST CH: HB: (355, 550), PosFlotante: (355.00, 550.00)
2025-05-19 16:57:09 - jugador - [DEBUG] - [JUGADOR_0] Hitbox ataque: <rect(377, 554, 30, 15)>, Dir: (1.00, 0.00)
2025-05-19 16:57:09 - jugador - [INFO] - [JUGADOR_0] GOLPEÓ a [Enemigo_2] con perfil 'duracion_hitbox_ataque_espada'. Daño: 10.0
2025-05-19 16:57:09 - jugador - [DEBUG] - [JUGADOR_0] Pos flotante (pre-límites): (358.0600, 550.0000)
2025-05-19 16:57:09 - jugador - [DEBUG] - [JUGADOR_0] Pos flotante (post-límites): (358.0600, 550.0000)
2025-05-19 16:57:09 - jugador - [DEBUG] - [JUGADOR_0] Movimiento para CH: dx_int=4, dy_int=0. HB (antes CH): (355, 550), PosFlotante: (358.0600,550.0000)
2025-05-19 16:57:09 - jugador - [DEBUG] - [JUGADOR_0] Iniciando gestión de colisión con dx=4, dy=0. Hitbox actual: (355, 550)
2025-05-19 16:57:09 - jugador - [DEBUG] - [JUGADOR_0] Posición POST CH: HB: (353, 550), PosFlotante: (353.00, 550.00)
2025-05-19 16:57:09 - jugador - [DEBUG] - [JUGADOR_0] Hitbox ataque: <rect(375, 554, 30, 15)>, Dir: (1.00, 0.00)
2025-05-19 16:57:09 - jugador - [DEBUG] - [JUGADOR_0] Pos flotante (pre-límites): (356.0600, 550.0000)
2025-05-19 16:57:09 - jugador - [DEBUG] - [JUGADOR_0] Pos flotante (post-límites): (356.0600, 550.0000)
2025-05-19 16:57:09 - jugador - [DEBUG] - [JUGADOR_0] Movimiento para CH: dx_int=4, dy_int=0. HB (antes CH): (353, 550), PosFlotante: (356.0600,550.0000)
2025-05-19 16:57:09 - jugador - [DEBUG] - [JUGADOR_0] Iniciando gestión de colisión con dx=4, dy=0. Hitbox actual: (353, 550)
2025-05-19 16:57:09 - jugador - [DEBUG] - [JUGADOR_0] Posición POST CH: HB: (351, 550), PosFlotante: (351.00, 550.00)
2025-05-19 16:57:09 - jugador - [DEBUG] - [JUGADOR_0] Hitbox ataque: <rect(373, 554, 30, 15)>, Dir: (1.00, 0.00)
2025-05-19 16:57:09 - jugador - [DEBUG] - [JUGADOR_0] Pos flotante (pre-límites): (354.0600, 550.0000)
2025-05-19 16:57:09 - jugador - [DEBUG] - [JUGADOR_0] Pos flotante (post-límites): (354.0600, 550.0000)
2025-05-19 16:57:09 - jugador - [DEBUG] - [JUGADOR_0] Movimiento para CH: dx_int=4, dy_int=0. HB (antes CH): (351, 550), PosFlotante: (354.0600,550.0000)
2025-05-19 16:57:09 - jugador - [DEBUG] - [JUGADOR_0] Iniciando gestión de colisión con dx=4, dy=0. Hitbox actual: (351, 550)
2025-05-19 16:57:09 - jugador - [DEBUG] - [JUGADOR_0] Posición POST CH: HB: (349, 550), PosFlotante: (349.00, 550.00)
2025-05-19 16:57:09 - jugador - [DEBUG] - [JUGADOR_0] Hitbox ataque: <rect(371, 554, 30, 15)>, Dir: (1.00, 0.00)
2025-05-19 16:57:09 - jugador - [DEBUG] - [JUGADOR_0] Input teclado procesado: mov_x_input_raw=180, mov_y_input_raw=0
2025-05-19 16:57:09 - jugador - [DEBUG] - [JUGADOR_0] Delta flotante intentado: dx=2.8800, dy=0.0000 (delta_time: 0.0160)
2025-05-19 16:57:09 - jugador - [DEBUG] - [JUGADOR_0] Pos flotante (pre-límites): (351.8800, 550.0000)
2025-05-19 16:57:09 - jugador - [DEBUG] - [JUGADOR_0] Pos flotante (post-límites): (351.8800, 550.0000)
2025-05-19 16:57:09 - jugador - [DEBUG] - [JUGADOR_0] Movimiento para CH: dx_int=3, dy_int=0. HB (antes CH): (349, 550), PosFlotante: (351.8800,550.0000)
2025-05-19 16:57:09 - jugador - [DEBUG] - [JUGADOR_0] Iniciando gestión de colisión con dx=3, dy=0. Hitbox actual: (349, 550)
2025-05-19 16:57:09 - jugador - [DEBUG] - [JUGADOR_0] Posición POST CH: HB: (347, 550), PosFlotante: (347.00, 550.00)
2025-05-19 16:57:09 - jugador - [DEBUG] - [JUGADOR_0] Hitbox ataque: <rect(369, 554, 30, 15)>, Dir: (1.00, 0.00)
2025-05-19 16:57:09 - jugador - [DEBUG] - [JUGADOR_0] Delta flotante intentado: dx=3.0600, dy=0.0000 (delta_time: 0.0170)
2025-05-19 16:57:09 - jugador - [DEBUG] - [JUGADOR_0] Pos flotante (pre-límites): (350.0600, 550.0000)
2025-05-19 16:57:09 - jugador - [DEBUG] - [JUGADOR_0] Pos flotante (post-límites): (350.0600, 550.0000)
2025-05-19 16:57:09 - jugador - [DEBUG] - [JUGADOR_0] Movimiento para CH: dx_int=4, dy_int=0. HB (antes CH): (347, 550), PosFlotante: (350.0600,550.0000)
2025-05-19 16:57:09 - jugador - [DEBUG] - [JUGADOR_0] Iniciando gestión de colisión con dx=4, dy=0. Hitbox actual: (347, 550)
2025-05-19 16:57:09 - jugador - [DEBUG] - [JUGADOR_0] Posición POST CH: HB: (345, 550), PosFlotante: (345.00, 550.00)
2025-05-19 16:57:09 - jugador - [DEBUG] - [JUGADOR_0] Hitbox ataque: <rect(367, 554, 30, 15)>, Dir: (1.00, 0.00)
2025-05-19 16:57:09 - jugador - [DEBUG] - [JUGADOR_0] Pos flotante (pre-límites): (348.0600, 550.0000)
2025-05-19 16:57:09 - jugador - [DEBUG] - [JUGADOR_0] Pos flotante (post-límites): (348.0600, 550.0000)
2025-05-19 16:57:09 - jugador - [DEBUG] - [JUGADOR_0] Movimiento para CH: dx_int=4, dy_int=0. HB (antes CH): (345, 550), PosFlotante: (348.0600,550.0000)
2025-05-19 16:57:09 - jugador - [DEBUG] - [JUGADOR_0] Iniciando gestión de colisión con dx=4, dy=0. Hitbox actual: (345, 550)
2025-05-19 16:57:09 - jugador - [DEBUG] - [JUGADOR_0] Posición POST CH: HB: (343, 550), PosFlotante: (343.00, 550.00)
2025-05-19 16:57:09 - jugador - [DEBUG] - [JUGADOR_0] Hitbox ataque: <rect(365, 554, 30, 15)>, Dir: (1.00, 0.00)
2025-05-19 16:57:09 - jugador - [DEBUG] - [JUGADOR_0] Pos flotante (pre-límites): (345.8800, 550.0000)
2025-05-19 16:57:09 - jugador - [DEBUG] - [JUGADOR_0] Pos flotante (post-límites): (345.8800, 550.0000)
2025-05-19 16:57:09 - jugador - [DEBUG] - [JUGADOR_0] Movimiento para CH: dx_int=3, dy_int=0. HB (antes CH): (343, 550), PosFlotante: (345.8800,550.0000)
2025-05-19 16:57:09 - jugador - [DEBUG] - [JUGADOR_0] Iniciando gestión de colisión con dx=3, dy=0. Hitbox actual: (343, 550)
2025-05-19 16:57:09 - jugador - [DEBUG] - [JUGADOR_0] Posición POST CH: HB: (341, 550), PosFlotante: (341.00, 550.00)
2025-05-19 16:57:09 - jugador - [DEBUG] - [JUGADOR_0] Hitbox ataque: <rect(363, 554, 30, 15)>, Dir: (1.00, 0.00)
2025-05-19 16:57:09 - jugador - [DEBUG] - [JUGADOR_0] Input teclado procesado: mov_x_input_raw=180, mov_y_input_raw=0
2025-05-19 16:57:09 - jugador - [DEBUG] - [JUGADOR_0] Delta flotante intentado: dx=2.8800, dy=0.0000 (delta_time: 0.0160)
2025-05-19 16:57:09 - jugador - [DEBUG] - [JUGADOR_0] Pos flotante (pre-límites): (343.8800, 550.0000)
2025-05-19 16:57:09 - jugador - [DEBUG] - [JUGADOR_0] Pos flotante (post-límites): (343.8800, 550.0000)
2025-05-19 16:57:09 - jugador - [DEBUG] - [JUGADOR_0] Movimiento para CH: dx_int=3, dy_int=0. HB (antes CH): (341, 550), PosFlotante: (343.8800,550.0000)
2025-05-19 16:57:09 - jugador - [DEBUG] - [JUGADOR_0] Iniciando gestión de colisión con dx=3, dy=0. Hitbox actual: (341, 550)
2025-05-19 16:57:09 - jugador - [DEBUG] - [JUGADOR_0] Posición POST CH: HB: (339, 550), PosFlotante: (339.00, 550.00)
2025-05-19 16:57:09 - jugador - [DEBUG] - [JUGADOR_0] Hitbox ataque: <rect(361, 554, 30, 15)>, Dir: (1.00, 0.00)
2025-05-19 16:57:09 - jugador - [DEBUG] - [JUGADOR_0] Pos flotante (pre-límites): (341.8800, 550.0000)
2025-05-19 16:57:09 - jugador - [DEBUG] - [JUGADOR_0] Pos flotante (post-límites): (341.8800, 550.0000)
2025-05-19 16:57:09 - jugador - [DEBUG] - [JUGADOR_0] Movimiento para CH: dx_int=3, dy_int=0. HB (antes CH): (339, 550), PosFlotante: (341.8800,550.0000)
2025-05-19 16:57:09 - jugador - [DEBUG] - [JUGADOR_0] Iniciando gestión de colisión con dx=3, dy=0. Hitbox actual: (339, 550)
2025-05-19 16:57:09 - jugador - [DEBUG] - [JUGADOR_0] Posición POST CH: HB: (337, 550), PosFlotante: (337.00, 550.00)
2025-05-19 16:57:09 - jugador - [DEBUG] - [JUGADOR_0] Hitbox ataque: <rect(359, 554, 30, 15)>, Dir: (1.00, 0.00)
2025-05-19 16:57:09 - jugador - [DEBUG] - [JUGADOR_0] Pos flotante (pre-límites): (339.8800, 550.0000)
2025-05-19 16:57:09 - jugador - [DEBUG] - [JUGADOR_0] Pos flotante (post-límites): (339.8800, 550.0000)
2025-05-19 16:57:09 - jugador - [DEBUG] - [JUGADOR_0] Movimiento para CH: dx_int=3, dy_int=0. HB (antes CH): (337, 550), PosFlotante: (339.8800,550.0000)
2025-05-19 16:57:09 - jugador - [DEBUG] - [JUGADOR_0] Iniciando gestión de colisión con dx=3, dy=0. Hitbox actual: (337, 550)
2025-05-19 16:57:09 - jugador - [DEBUG] - [JUGADOR_0] Posición POST CH: HB: (335, 550), PosFlotante: (335.00, 550.00)
2025-05-19 16:57:09 - jugador - [DEBUG] - [JUGADOR_0] Hitbox ataque: <rect(357, 554, 30, 15)>, Dir: (1.00, 0.00)
2025-05-19 16:57:09 - jugador - [DEBUG] - [JUGADOR_0] Pos flotante (pre-límites): (337.8800, 550.0000)
2025-05-19 16:57:09 - jugador - [DEBUG] - [JUGADOR_0] Pos flotante (post-límites): (337.8800, 550.0000)
2025-05-19 16:57:09 - jugador - [DEBUG] - [JUGADOR_0] Movimiento para CH: dx_int=3, dy_int=0. HB (antes CH): (335, 550), PosFlotante: (337.8800,550.0000)
2025-05-19 16:57:09 - jugador - [DEBUG] - [JUGADOR_0] Iniciando gestión de colisión con dx=3, dy=0. Hitbox actual: (335, 550)
2025-05-19 16:57:09 - jugador - [DEBUG] - [JUGADOR_0] Posición POST CH: HB: (333, 550), PosFlotante: (333.00, 550.00)
2025-05-19 16:57:09 - jugador - [DEBUG] - [JUGADOR_0] Hitbox ataque: <rect(355, 554, 30, 15)>, Dir: (1.00, 0.00)
2025-05-19 16:57:09 - jugador - [DEBUG] - [JUGADOR_0] Input teclado procesado: mov_x_input_raw=180, mov_y_input_raw=0
2025-05-19 16:57:09 - jugador - [DEBUG] - [JUGADOR_0] Delta flotante intentado: dx=3.0600, dy=0.0000 (delta_time: 0.0170)
2025-05-19 16:57:09 - jugador - [DEBUG] - [JUGADOR_0] Pos flotante (pre-límites): (336.0600, 550.0000)
2025-05-19 16:57:09 - jugador - [DEBUG] - [JUGADOR_0] Pos flotante (post-límites): (336.0600, 550.0000)
2025-05-19 16:57:09 - jugador - [DEBUG] - [JUGADOR_0] Movimiento para CH: dx_int=4, dy_int=0. HB (antes CH): (333, 550), PosFlotante: (336.0600,550.0000)
2025-05-19 16:57:09 - jugador - [DEBUG] - [JUGADOR_0] Iniciando gestión de colisión con dx=4, dy=0. Hitbox actual: (333, 550)
2025-05-19 16:57:09 - jugador - [DEBUG] - [JUGADOR_0] Posición POST CH: HB: (331, 550), PosFlotante: (331.00, 550.00)
2025-05-19 16:57:09 - jugador - [DEBUG] - [JUGADOR_0] Hitbox ataque: <rect(353, 554, 30, 15)>, Dir: (1.00, 0.00)
2025-05-19 16:57:09 - jugador - [DEBUG] - [JUGADOR_0] Delta flotante intentado: dx=2.8800, dy=0.0000 (delta_time: 0.0160)
2025-05-19 16:57:09 - jugador - [DEBUG] - [JUGADOR_0] Pos flotante (pre-límites): (333.8800, 550.0000)
2025-05-19 16:57:09 - jugador - [DEBUG] - [JUGADOR_0] Pos flotante (post-límites): (333.8800, 550.0000)
2025-05-19 16:57:09 - jugador - [DEBUG] - [JUGADOR_0] Movimiento para CH: dx_int=3, dy_int=0. HB (antes CH): (331, 550), PosFlotante: (333.8800,550.0000)
2025-05-19 16:57:09 - jugador - [DEBUG] - [JUGADOR_0] Iniciando gestión de colisión con dx=3, dy=0. Hitbox actual: (331, 550)
2025-05-19 16:57:09 - jugador - [DEBUG] - [JUGADOR_0] Posición POST CH: HB: (329, 550), PosFlotante: (329.00, 550.00)
2025-05-19 16:57:09 - jugador - [DEBUG] - [JUGADOR_0] Hitbox ataque: <rect(351, 554, 30, 15)>, Dir: (1.00, 0.00)
2025-05-19 16:57:09 - jugador - [DEBUG] - [JUGADOR_0] Pos flotante (pre-límites): (331.8800, 550.0000)
2025-05-19 16:57:09 - jugador - [DEBUG] - [JUGADOR_0] Pos flotante (post-límites): (331.8800, 550.0000)
2025-05-19 16:57:09 - jugador - [DEBUG] - [JUGADOR_0] Movimiento para CH: dx_int=3, dy_int=0. HB (antes CH): (329, 550), PosFlotante: (331.8800,550.0000)
2025-05-19 16:57:09 - jugador - [DEBUG] - [JUGADOR_0] Iniciando gestión de colisión con dx=3, dy=0. Hitbox actual: (329, 550)
2025-05-19 16:57:09 - jugador - [DEBUG] - [JUGADOR_0] Posición POST CH: HB: (327, 550), PosFlotante: (327.00, 550.00)
2025-05-19 16:57:09 - jugador - [DEBUG] - [JUGADOR_0] Hitbox ataque: <rect(349, 554, 30, 15)>, Dir: (1.00, 0.00)
2025-05-19 16:57:09 - jugador - [DEBUG] - [JUGADOR_0] Pos flotante (pre-límites): (330.0600, 550.0000)
2025-05-19 16:57:09 - jugador - [DEBUG] - [JUGADOR_0] Pos flotante (post-límites): (330.0600, 550.0000)
2025-05-19 16:57:09 - jugador - [DEBUG] - [JUGADOR_0] Movimiento para CH: dx_int=4, dy_int=0. HB (antes CH): (327, 550), PosFlotante: (330.0600,550.0000)
2025-05-19 16:57:09 - jugador - [DEBUG] - [JUGADOR_0] Iniciando gestión de colisión con dx=4, dy=0. Hitbox actual: (327, 550)
2025-05-19 16:57:09 - jugador - [DEBUG] - [JUGADOR_0] Posición POST CH: HB: (325, 550), PosFlotante: (325.00, 550.00)
2025-05-19 16:57:09 - jugador - [DEBUG] - [JUGADOR_0] Hitbox ataque: <rect(347, 554, 30, 15)>, Dir: (1.00, 0.00)
2025-05-19 16:57:09 - jugador - [DEBUG] - [JUGADOR_0] Input teclado procesado: mov_x_input_raw=0, mov_y_input_raw=0
2025-05-19 16:57:09 - jugador - [DEBUG] - [JUGADOR_0] Delta flotante intentado: dx=0.0000, dy=0.0000 (delta_time: 0.0170)
2025-05-19 16:57:09 - jugador - [DEBUG] - [JUGADOR_0] Pos flotante (pre-límites): (325.0000, 550.0000)
2025-05-19 16:57:09 - jugador - [DEBUG] - [JUGADOR_0] Pos flotante (post-límites): (325.0000, 550.0000)
2025-05-19 16:57:09 - jugador - [DEBUG] - [JUGADOR_0] Sin mov. para CH (delta_int fue 0). HB: (325, 550), PosFlotante: (325.0000, 550.0000)
2025-05-19 16:57:09 - jugador - [DEBUG] - [JUGADOR_0] Delta flotante intentado: dx=0.0000, dy=0.0000 (delta_time: 0.0160)
2025-05-19 16:57:09 - jugador - [DEBUG] - [JUGADOR_0] ATAQUE FINALIZADO (Duración: 300ms). Enemigos golpeados: 1
2025-05-19 16:57:09 - jugador - [DEBUG] - [JUGADOR_0] Input teclado procesado: mov_x_input_raw=0, mov_y_input_raw=0
2025-05-19 16:57:09 - jugador - [DEBUG] - [JUGADOR_0] Delta flotante intentado: dx=0.0000, dy=0.0000 (delta_time: 0.0170)
2025-05-19 16:57:09 - jugador - [DEBUG] - [JUGADOR_0] Pos flotante (pre-límites): (325.0000, 550.0000)
2025-05-19 16:57:09 - jugador - [DEBUG] - [JUGADOR_0] Pos flotante (post-límites): (325.0000, 550.0000)
2025-05-19 16:57:09 - jugador - [DEBUG] - [JUGADOR_0] Sin mov. para CH (delta_int fue 0). HB: (325, 550), PosFlotante: (325.0000, 550.0000)
2025-05-19 16:57:09 - jugador - [DEBUG] - [JUGADOR_0] Input teclado procesado: mov_x_input_raw=180, mov_y_input_raw=0
2025-05-19 16:57:09 - jugador - [DEBUG] - [JUGADOR_0] Delta flotante intentado: dx=3.0600, dy=0.0000 (delta_time: 0.0170)
2025-05-19 16:57:09 - jugador - [DEBUG] - [JUGADOR_0] Pos flotante (pre-límites): (328.0600, 550.0000)
2025-05-19 16:57:09 - jugador - [DEBUG] - [JUGADOR_0] Pos flotante (post-límites): (328.0600, 550.0000)
2025-05-19 16:57:09 - jugador - [DEBUG] - [JUGADOR_0] Movimiento para CH: dx_int=4, dy_int=0. HB (antes CH): (325, 550), PosFlotante: (328.0600,550.0000)
2025-05-19 16:57:09 - jugador - [DEBUG] - [JUGADOR_0] Iniciando gestión de colisión con dx=4, dy=0. Hitbox actual: (325, 550)
2025-05-19 16:57:09 - jugador - [DEBUG] - [JUGADOR_0] Posición POST CH: HB: (321, 550), PosFlotante: (321.00, 550.00)
2025-05-19 16:57:09 - jugador - [DEBUG] - [JUGADOR_0] Delta flotante intentado: dx=2.8800, dy=0.0000 (delta_time: 0.0160)
2025-05-19 16:57:09 - jugador - [DEBUG] - [JUGADOR_0] Pos flotante (pre-límites): (323.8800, 550.0000)
2025-05-19 16:57:09 - jugador - [DEBUG] - [JUGADOR_0] Pos flotante (post-límites): (323.8800, 550.0000)
2025-05-19 16:57:09 - jugador - [DEBUG] - [JUGADOR_0] Movimiento para CH: dx_int=3, dy_int=0. HB (antes CH): (321, 550), PosFlotante: (323.8800,550.0000)
2025-05-19 16:57:09 - jugador - [DEBUG] - [JUGADOR_0] Iniciando gestión de colisión con dx=3, dy=0. Hitbox actual: (321, 550)
2025-05-19 16:57:09 - jugador - [DEBUG] - [JUGADOR_0] Posición POST CH: HB: (319, 550), PosFlotante: (319.00, 550.00)
2025-05-19 16:57:09 - jugador - [DEBUG] - [JUGADOR_0] Pos flotante (pre-límites): (321.8800, 550.0000)
2025-05-19 16:57:09 - jugador - [DEBUG] - [JUGADOR_0] Pos flotante (post-límites): (321.8800, 550.0000)
2025-05-19 16:57:09 - jugador - [DEBUG] - [JUGADOR_0] Movimiento para CH: dx_int=3, dy_int=0. HB (antes CH): (319, 550), PosFlotante: (321.8800,550.0000)
2025-05-19 16:57:09 - jugador - [DEBUG] - [JUGADOR_0] Iniciando gestión de colisión con dx=3, dy=0. Hitbox actual: (319, 550)
2025-05-19 16:57:09 - jugador - [DEBUG] - [JUGADOR_0] Posición POST CH: HB: (317, 550), PosFlotante: (317.00, 550.00)
2025-05-19 16:57:09 - jugador - [DEBUG] - [JUGADOR_0] Pos flotante (pre-límites): (320.0600, 550.0000)
2025-05-19 16:57:09 - jugador - [DEBUG] - [JUGADOR_0] Pos flotante (post-límites): (320.0600, 550.0000)
2025-05-19 16:57:09 - jugador - [DEBUG] - [JUGADOR_0] Movimiento para CH: dx_int=4, dy_int=0. HB (antes CH): (317, 550), PosFlotante: (320.0600,550.0000)
2025-05-19 16:57:09 - jugador - [DEBUG] - [JUGADOR_0] Iniciando gestión de colisión con dx=4, dy=0. Hitbox actual: (317, 550)
2025-05-19 16:57:09 - jugador - [DEBUG] - [JUGADOR_0] Posición POST CH: HB: (315, 550), PosFlotante: (315.00, 550.00)
2025-05-19 16:57:09 - jugador - [DEBUG] - [JUGADOR_0] Input teclado procesado: mov_x_input_raw=180, mov_y_input_raw=0
2025-05-19 16:57:09 - jugador - [DEBUG] - [JUGADOR_0] Delta flotante intentado: dx=3.0600, dy=0.0000 (delta_time: 0.0170)
2025-05-19 16:57:09 - jugador - [DEBUG] - [JUGADOR_0] Pos flotante (pre-límites): (318.0600, 550.0000)
2025-05-19 16:57:09 - jugador - [DEBUG] - [JUGADOR_0] Pos flotante (post-límites): (318.0600, 550.0000)
2025-05-19 16:57:09 - jugador - [DEBUG] - [JUGADOR_0] Movimiento para CH: dx_int=4, dy_int=0. HB (antes CH): (315, 550), PosFlotante: (318.0600,550.0000)
2025-05-19 16:57:09 - jugador - [DEBUG] - [JUGADOR_0] Iniciando gestión de colisión con dx=4, dy=0. Hitbox actual: (315, 550)
2025-05-19 16:57:09 - jugador - [DEBUG] - [JUGADOR_0] Posición POST CH: HB: (313, 550), PosFlotante: (313.00, 550.00)
2025-05-19 16:57:09 - jugador - [DEBUG] - [JUGADOR_0] Input teclado procesado: mov_x_input_raw=0, mov_y_input_raw=0
2025-05-19 16:57:09 - jugador - [DEBUG] - [JUGADOR_0] Delta flotante intentado: dx=0.0000, dy=0.0000 (delta_time: 0.0160)
2025-05-19 16:57:09 - jugador - [DEBUG] - [JUGADOR_0] Pos flotante (pre-límites): (313.0000, 550.0000)
2025-05-19 16:57:09 - jugador - [DEBUG] - [JUGADOR_0] Pos flotante (post-límites): (313.0000, 550.0000)
2025-05-19 16:57:09 - jugador - [DEBUG] - [JUGADOR_0] Sin mov. para CH (delta_int fue 0). HB: (313, 550), PosFlotante: (313.0000, 550.0000)
2025-05-19 16:57:09 - jugador - [DEBUG] - [JUGADOR_0] Delta flotante intentado: dx=0.0000, dy=0.0000 (delta_time: 0.0170)
2025-05-19 16:57:09 - jugador - [DEBUG] - [JUGADOR_0] Input teclado procesado: mov_x_input_raw=180, mov_y_input_raw=0
2025-05-19 16:57:09 - jugador - [DEBUG] - [JUGADOR_0] Delta flotante intentado: dx=3.0600, dy=0.0000 (delta_time: 0.0170)
2025-05-19 16:57:09 - jugador - [DEBUG] - [JUGADOR_0] Pos flotante (pre-límites): (316.0600, 550.0000)
2025-05-19 16:57:09 - jugador - [DEBUG] - [JUGADOR_0] Pos flotante (post-límites): (316.0600, 550.0000)
2025-05-19 16:57:09 - jugador - [DEBUG] - [JUGADOR_0] Movimiento para CH: dx_int=4, dy_int=0. HB (antes CH): (313, 550), PosFlotante: (316.0600,550.0000)
2025-05-19 16:57:09 - jugador - [DEBUG] - [JUGADOR_0] Iniciando gestión de colisión con dx=4, dy=0. Hitbox actual: (313, 550)
2025-05-19 16:57:09 - jugador - [DEBUG] - [JUGADOR_0] Posición POST CH: HB: (309, 550), PosFlotante: (309.00, 550.00)
2025-05-19 16:57:09 - jugador - [DEBUG] - [JUGADOR_0] Pos flotante (pre-límites): (312.0600, 550.0000)
2025-05-19 16:57:09 - jugador - [DEBUG] - [JUGADOR_0] Pos flotante (post-límites): (312.0600, 550.0000)
2025-05-19 16:57:09 - jugador - [DEBUG] - [JUGADOR_0] Movimiento para CH: dx_int=4, dy_int=0. HB (antes CH): (309, 550), PosFlotante: (312.0600,550.0000)
2025-05-19 16:57:09 - jugador - [DEBUG] - [JUGADOR_0] Iniciando gestión de colisión con dx=4, dy=0. Hitbox actual: (309, 550)
2025-05-19 16:57:09 - jugador - [DEBUG] - [JUGADOR_0] Posición POST CH: HB: (307, 550), PosFlotante: (307.00, 550.00)
2025-05-19 16:57:09 - jugador - [DEBUG] - [JUGADOR_0] Pos flotante (pre-límites): (310.0600, 550.0000)
2025-05-19 16:57:09 - jugador - [DEBUG] - [JUGADOR_0] Pos flotante (post-límites): (310.0600, 550.0000)
2025-05-19 16:57:09 - jugador - [DEBUG] - [JUGADOR_0] Movimiento para CH: dx_int=4, dy_int=0. HB (antes CH): (307, 550), PosFlotante: (310.0600,550.0000)
2025-05-19 16:57:09 - jugador - [DEBUG] - [JUGADOR_0] Iniciando gestión de colisión con dx=4, dy=0. Hitbox actual: (307, 550)
2025-05-19 16:57:09 - jugador - [DEBUG] - [JUGADOR_0] Posición POST CH: HB: (305, 550), PosFlotante: (305.00, 550.00)
2025-05-19 16:57:09 - jugador - [DEBUG] - [JUGADOR_0] Input teclado procesado: mov_x_input_raw=180, mov_y_input_raw=0
2025-05-19 16:57:09 - jugador - [DEBUG] - [JUGADOR_0] Delta flotante intentado: dx=3.0600, dy=0.0000 (delta_time: 0.0170)
2025-05-19 16:57:09 - jugador - [DEBUG] - [JUGADOR_0] Pos flotante (pre-límites): (308.0600, 550.0000)
2025-05-19 16:57:09 - jugador - [DEBUG] - [JUGADOR_0] Pos flotante (post-límites): (308.0600, 550.0000)
2025-05-19 16:57:09 - jugador - [DEBUG] - [JUGADOR_0] Movimiento para CH: dx_int=4, dy_int=0. HB (antes CH): (305, 550), PosFlotante: (308.0600,550.0000)
2025-05-19 16:57:09 - jugador - [DEBUG] - [JUGADOR_0] Iniciando gestión de colisión con dx=4, dy=0. Hitbox actual: (305, 550)
2025-05-19 16:57:09 - jugador - [DEBUG] - [JUGADOR_0] Posición POST CH: HB: (303, 550), PosFlotante: (303.00, 550.00)
2025-05-19 16:57:09 - jugador - [DEBUG] - [JUGADOR_0] Delta flotante intentado: dx=2.8800, dy=0.0000 (delta_time: 0.0160)
2025-05-19 16:57:09 - jugador - [DEBUG] - [JUGADOR_0] Pos flotante (pre-límites): (305.8800, 550.0000)
2025-05-19 16:57:09 - jugador - [DEBUG] - [JUGADOR_0] Pos flotante (post-límites): (305.8800, 550.0000)
2025-05-19 16:57:09 - jugador - [DEBUG] - [JUGADOR_0] Movimiento para CH: dx_int=3, dy_int=0. HB (antes CH): (303, 550), PosFlotante: (305.8800,550.0000)
2025-05-19 16:57:09 - jugador - [DEBUG] - [JUGADOR_0] Iniciando gestión de colisión con dx=3, dy=0. Hitbox actual: (303, 550)
2025-05-19 16:57:09 - jugador - [DEBUG] - [JUGADOR_0] Posición POST CH: HB: (301, 550), PosFlotante: (301.00, 550.00)
2025-05-19 16:57:09 - jugador - [DEBUG] - [JUGADOR_0] Pos flotante (pre-límites): (304.0600, 550.0000)
2025-05-19 16:57:09 - jugador - [DEBUG] - [JUGADOR_0] Pos flotante (post-límites): (304.0600, 550.0000)
2025-05-19 16:57:09 - jugador - [DEBUG] - [JUGADOR_0] Movimiento para CH: dx_int=4, dy_int=0. HB (antes CH): (301, 550), PosFlotante: (304.0600,550.0000)
2025-05-19 16:57:09 - jugador - [DEBUG] - [JUGADOR_0] Iniciando gestión de colisión con dx=4, dy=0. Hitbox actual: (301, 550)
2025-05-19 16:57:09 - jugador - [DEBUG] - [JUGADOR_0] Posición POST CH: HB: (299, 550), PosFlotante: (299.00, 550.00)
2025-05-19 16:57:09 - jugador - [DEBUG] - [JUGADOR_0] Pos flotante (pre-límites): (302.0600, 550.0000)
2025-05-19 16:57:09 - jugador - [DEBUG] - [JUGADOR_0] Pos flotante (post-límites): (302.0600, 550.0000)
2025-05-19 16:57:09 - jugador - [DEBUG] - [JUGADOR_0] Movimiento para CH: dx_int=4, dy_int=0. HB (antes CH): (299, 550), PosFlotante: (302.0600,550.0000)
2025-05-19 16:57:09 - jugador - [DEBUG] - [JUGADOR_0] Iniciando gestión de colisión con dx=4, dy=0. Hitbox actual: (299, 550)
2025-05-19 16:57:09 - jugador - [DEBUG] - [JUGADOR_0] Posición POST CH: HB: (297, 550), PosFlotante: (297.00, 550.00)
2025-05-19 16:57:09 - jugador - [DEBUG] - [JUGADOR_0] Input teclado procesado: mov_x_input_raw=180, mov_y_input_raw=0
2025-05-19 16:57:09 - jugador - [DEBUG] - [JUGADOR_0] Delta flotante intentado: dx=2.8800, dy=0.0000 (delta_time: 0.0160)
2025-05-19 16:57:09 - jugador - [DEBUG] - [JUGADOR_0] Pos flotante (pre-límites): (299.8800, 550.0000)
2025-05-19 16:57:09 - jugador - [DEBUG] - [JUGADOR_0] Pos flotante (post-límites): (299.8800, 550.0000)
2025-05-19 16:57:09 - jugador - [DEBUG] - [JUGADOR_0] Movimiento para CH: dx_int=3, dy_int=0. HB (antes CH): (297, 550), PosFlotante: (299.8800,550.0000)
2025-05-19 16:57:09 - jugador - [DEBUG] - [JUGADOR_0] Iniciando gestión de colisión con dx=3, dy=0. Hitbox actual: (297, 550)
2025-05-19 16:57:09 - jugador - [DEBUG] - [JUGADOR_0] Posición POST CH: HB: (295, 550), PosFlotante: (295.00, 550.00)
2025-05-19 16:57:09 - jugador - [DEBUG] - [JUGADOR_0] Pos flotante (pre-límites): (297.8800, 550.0000)
2025-05-19 16:57:09 - jugador - [DEBUG] - [JUGADOR_0] Pos flotante (post-límites): (297.8800, 550.0000)
2025-05-19 16:57:09 - jugador - [DEBUG] - [JUGADOR_0] Movimiento para CH: dx_int=3, dy_int=0. HB (antes CH): (295, 550), PosFlotante: (297.8800,550.0000)
2025-05-19 16:57:09 - jugador - [DEBUG] - [JUGADOR_0] Iniciando gestión de colisión con dx=3, dy=0. Hitbox actual: (295, 550)
2025-05-19 16:57:09 - jugador - [DEBUG] - [JUGADOR_0] Posición POST CH: HB: (293, 550), PosFlotante: (293.00, 550.00)
2025-05-19 16:57:09 - jugador - [DEBUG] - [JUGADOR_0] Delta flotante intentado: dx=3.0600, dy=0.0000 (delta_time: 0.0170)
2025-05-19 16:57:09 - jugador - [DEBUG] - [JUGADOR_0] Pos flotante (pre-límites): (296.0600, 550.0000)
2025-05-19 16:57:09 - jugador - [DEBUG] - [JUGADOR_0] Pos flotante (post-límites): (296.0600, 550.0000)
2025-05-19 16:57:09 - jugador - [DEBUG] - [JUGADOR_0] Movimiento para CH: dx_int=4, dy_int=0. HB (antes CH): (293, 550), PosFlotante: (296.0600,550.0000)
2025-05-19 16:57:09 - jugador - [DEBUG] - [JUGADOR_0] Iniciando gestión de colisión con dx=4, dy=0. Hitbox actual: (293, 550)
2025-05-19 16:57:09 - jugador - [DEBUG] - [JUGADOR_0] Posición POST CH: HB: (291, 550), PosFlotante: (291.00, 550.00)
2025-05-19 16:57:09 - jugador - [DEBUG] - [JUGADOR_0] Pos flotante (pre-límites): (293.8800, 550.0000)
2025-05-19 16:57:09 - jugador - [DEBUG] - [JUGADOR_0] Pos flotante (post-límites): (293.8800, 550.0000)
2025-05-19 16:57:09 - jugador - [DEBUG] - [JUGADOR_0] Movimiento para CH: dx_int=3, dy_int=0. HB (antes CH): (291, 550), PosFlotante: (293.8800,550.0000)
2025-05-19 16:57:09 - jugador - [DEBUG] - [JUGADOR_0] Iniciando gestión de colisión con dx=3, dy=0. Hitbox actual: (291, 550)
2025-05-19 16:57:09 - jugador - [DEBUG] - [JUGADOR_0] Posición POST CH: HB: (289, 550), PosFlotante: (289.00, 550.00)
2025-05-19 16:57:09 - jugador - [DEBUG] - [JUGADOR_0] Input teclado procesado: mov_x_input_raw=180, mov_y_input_raw=0
2025-05-19 16:57:09 - jugador - [DEBUG] - [JUGADOR_0] Pos flotante (pre-límites): (292.0600, 550.0000)
2025-05-19 16:57:09 - jugador - [DEBUG] - [JUGADOR_0] Pos flotante (post-límites): (292.0600, 550.0000)
2025-05-19 16:57:09 - jugador - [DEBUG] - [JUGADOR_0] Movimiento para CH: dx_int=4, dy_int=0. HB (antes CH): (289, 550), PosFlotante: (292.0600,550.0000)
2025-05-19 16:57:09 - jugador - [DEBUG] - [JUGADOR_0] Iniciando gestión de colisión con dx=4, dy=0. Hitbox actual: (289, 550)
2025-05-19 16:57:09 - jugador - [DEBUG] - [JUGADOR_0] Posición POST CH: HB: (287, 550), PosFlotante: (287.00, 550.00)
2025-05-19 16:57:09 - jugador - [DEBUG] - [JUGADOR_0] Pos flotante (pre-límites): (290.0600, 550.0000)
2025-05-19 16:57:09 - jugador - [DEBUG] - [JUGADOR_0] Pos flotante (post-límites): (290.0600, 550.0000)
2025-05-19 16:57:09 - jugador - [DEBUG] - [JUGADOR_0] Movimiento para CH: dx_int=4, dy_int=0. HB (antes CH): (287, 550), PosFlotante: (290.0600,550.0000)
2025-05-19 16:57:09 - jugador - [DEBUG] - [JUGADOR_0] Iniciando gestión de colisión con dx=4, dy=0. Hitbox actual: (287, 550)
2025-05-19 16:57:09 - jugador - [DEBUG] - [JUGADOR_0] Posición POST CH: HB: (285, 550), PosFlotante: (285.00, 550.00)
2025-05-19 16:57:09 - jugador - [DEBUG] - [JUGADOR_0] Delta flotante intentado: dx=2.8800, dy=0.0000 (delta_time: 0.0160)
2025-05-19 16:57:09 - jugador - [DEBUG] - [JUGADOR_0] Pos flotante (pre-límites): (287.8800, 550.0000)
2025-05-19 16:57:09 - jugador - [DEBUG] - [JUGADOR_0] Pos flotante (post-límites): (287.8800, 550.0000)
2025-05-19 16:57:09 - jugador - [DEBUG] - [JUGADOR_0] Movimiento para CH: dx_int=3, dy_int=0. HB (antes CH): (285, 550), PosFlotante: (287.8800,550.0000)
2025-05-19 16:57:09 - jugador - [DEBUG] - [JUGADOR_0] Iniciando gestión de colisión con dx=3, dy=0. Hitbox actual: (285, 550)
2025-05-19 16:57:09 - jugador - [DEBUG] - [JUGADOR_0] Posición POST CH: HB: (283, 550), PosFlotante: (283.00, 550.00)
2025-05-19 16:57:09 - jugador - [DEBUG] - [JUGADOR_0] Input teclado procesado: mov_x_input_raw=180, mov_y_input_raw=0
2025-05-19 16:57:09 - jugador - [DEBUG] - [JUGADOR_0] Delta flotante intentado: dx=3.0600, dy=0.0000 (delta_time: 0.0170)
2025-05-19 16:57:09 - jugador - [DEBUG] - [JUGADOR_0] Pos flotante (pre-límites): (286.0600, 550.0000)
2025-05-19 16:57:09 - jugador - [DEBUG] - [JUGADOR_0] Pos flotante (post-límites): (286.0600, 550.0000)
2025-05-19 16:57:09 - jugador - [DEBUG] - [JUGADOR_0] Movimiento para CH: dx_int=4, dy_int=0. HB (antes CH): (283, 550), PosFlotante: (286.0600,550.0000)
2025-05-19 16:57:09 - jugador - [DEBUG] - [JUGADOR_0] Iniciando gestión de colisión con dx=4, dy=0. Hitbox actual: (283, 550)
2025-05-19 16:57:09 - jugador - [DEBUG] - [JUGADOR_0] Posición POST CH: HB: (281, 550), PosFlotante: (281.00, 550.00)
2025-05-19 16:57:09 - jugador - [DEBUG] - [JUGADOR_0] Pos flotante (pre-límites): (283.8800, 550.0000)
2025-05-19 16:57:09 - jugador - [DEBUG] - [JUGADOR_0] Pos flotante (post-límites): (283.8800, 550.0000)
2025-05-19 16:57:09 - jugador - [DEBUG] - [JUGADOR_0] Movimiento para CH: dx_int=3, dy_int=0. HB (antes CH): (281, 550), PosFlotante: (283.8800,550.0000)
2025-05-19 16:57:09 - jugador - [DEBUG] - [JUGADOR_0] Iniciando gestión de colisión con dx=3, dy=0. Hitbox actual: (281, 550)
2025-05-19 16:57:09 - jugador - [DEBUG] - [JUGADOR_0] Posición POST CH: HB: (279, 550), PosFlotante: (279.00, 550.00)
2025-05-19 16:57:09 - jugador - [DEBUG] - [JUGADOR_0] Pos flotante (pre-límites): (282.0600, 550.0000)
2025-05-19 16:57:09 - jugador - [DEBUG] - [JUGADOR_0] Pos flotante (post-límites): (282.0600, 550.0000)
2025-05-19 16:57:09 - jugador - [DEBUG] - [JUGADOR_0] Movimiento para CH: dx_int=4, dy_int=0. HB (antes CH): (279, 550), PosFlotante: (282.0600,550.0000)
2025-05-19 16:57:09 - jugador - [DEBUG] - [JUGADOR_0] Iniciando gestión de colisión con dx=4, dy=0. Hitbox actual: (279, 550)
2025-05-19 16:57:09 - jugador - [DEBUG] - [JUGADOR_0] Posición POST CH: HB: (277, 550), PosFlotante: (277.00, 550.00)
2025-05-19 16:57:09 - jugador - [DEBUG] - [JUGADOR_0] Delta flotante intentado: dx=2.8800, dy=0.0000 (delta_time: 0.0160)
2025-05-19 16:57:09 - jugador - [DEBUG] - [JUGADOR_0] Pos flotante (pre-límites): (279.8800, 550.0000)
2025-05-19 16:57:09 - jugador - [DEBUG] - [JUGADOR_0] Pos flotante (post-límites): (279.8800, 550.0000)
2025-05-19 16:57:09 - jugador - [DEBUG] - [JUGADOR_0] Movimiento para CH: dx_int=3, dy_int=0. HB (antes CH): (277, 550), PosFlotante: (279.8800,550.0000)
2025-05-19 16:57:09 - jugador - [DEBUG] - [JUGADOR_0] Iniciando gestión de colisión con dx=3, dy=0. Hitbox actual: (277, 550)
2025-05-19 16:57:09 - jugador - [DEBUG] - [JUGADOR_0] Posición POST CH: HB: (275, 550), PosFlotante: (275.00, 550.00)
2025-05-19 16:57:09 - jugador - [DEBUG] - [JUGADOR_0] Input teclado procesado: mov_x_input_raw=180, mov_y_input_raw=0
2025-05-19 16:57:09 - jugador - [DEBUG] - [JUGADOR_0] Delta flotante intentado: dx=3.0600, dy=0.0000 (delta_time: 0.0170)
2025-05-19 16:57:09 - jugador - [DEBUG] - [JUGADOR_0] Pos flotante (pre-límites): (278.0600, 550.0000)
2025-05-19 16:57:09 - jugador - [DEBUG] - [JUGADOR_0] Pos flotante (post-límites): (278.0600, 550.0000)
2025-05-19 16:57:09 - jugador - [DEBUG] - [JUGADOR_0] Movimiento para CH: dx_int=4, dy_int=0. HB (antes CH): (275, 550), PosFlotante: (278.0600,550.0000)
2025-05-19 16:57:09 - jugador - [DEBUG] - [JUGADOR_0] Iniciando gestión de colisión con dx=4, dy=0. Hitbox actual: (275, 550)
2025-05-19 16:57:09 - jugador - [DEBUG] - [JUGADOR_0] Posición POST CH: HB: (273, 550), PosFlotante: (273.00, 550.00)
2025-05-19 16:57:09 - jugador - [DEBUG] - [JUGADOR_0] Pos flotante (pre-límites): (275.8800, 550.0000)
2025-05-19 16:57:09 - jugador - [DEBUG] - [JUGADOR_0] Pos flotante (post-límites): (275.8800, 550.0000)
2025-05-19 16:57:09 - jugador - [DEBUG] - [JUGADOR_0] Movimiento para CH: dx_int=3, dy_int=0. HB (antes CH): (273, 550), PosFlotante: (275.8800,550.0000)
2025-05-19 16:57:09 - jugador - [DEBUG] - [JUGADOR_0] Iniciando gestión de colisión con dx=3, dy=0. Hitbox actual: (273, 550)
2025-05-19 16:57:09 - jugador - [DEBUG] - [JUGADOR_0] Posición POST CH: HB: (271, 550), PosFlotante: (271.00, 550.00)
2025-05-19 16:57:09 - jugador - [DEBUG] - [JUGADOR_0] Pos flotante (pre-límites): (273.8800, 550.0000)
2025-05-19 16:57:09 - jugador - [DEBUG] - [JUGADOR_0] Pos flotante (post-límites): (273.8800, 550.0000)
2025-05-19 16:57:09 - jugador - [DEBUG] - [JUGADOR_0] Movimiento para CH: dx_int=3, dy_int=0. HB (antes CH): (271, 550), PosFlotante: (273.8800,550.0000)
2025-05-19 16:57:09 - jugador - [DEBUG] - [JUGADOR_0] Iniciando gestión de colisión con dx=3, dy=0. Hitbox actual: (271, 550)
2025-05-19 16:57:09 - jugador - [DEBUG] - [JUGADOR_0] Posición POST CH: HB: (269, 550), PosFlotante: (269.00, 550.00)
2025-05-19 16:57:09 - jugador - [DEBUG] - [JUGADOR_0] Delta flotante intentado: dx=2.8800, dy=0.0000 (delta_time: 0.0160)
2025-05-19 16:57:09 - jugador - [DEBUG] - [JUGADOR_0] Pos flotante (pre-límites): (271.8800, 550.0000)
2025-05-19 16:57:09 - jugador - [DEBUG] - [JUGADOR_0] Pos flotante (post-límites): (271.8800, 550.0000)
2025-05-19 16:57:09 - jugador - [DEBUG] - [JUGADOR_0] Movimiento para CH: dx_int=3, dy_int=0. HB (antes CH): (269, 550), PosFlotante: (271.8800,550.0000)
2025-05-19 16:57:09 - jugador - [DEBUG] - [JUGADOR_0] Iniciando gestión de colisión con dx=3, dy=0. Hitbox actual: (269, 550)
2025-05-19 16:57:09 - jugador - [DEBUG] - [JUGADOR_0] Posición POST CH: HB: (267, 550), PosFlotante: (267.00, 550.00)
2025-05-19 16:57:09 - jugador - [DEBUG] - [JUGADOR_0] Input teclado procesado: mov_x_input_raw=180, mov_y_input_raw=0
2025-05-19 16:57:09 - jugador - [DEBUG] - [JUGADOR_0] Pos flotante (pre-límites): (269.8800, 550.0000)
2025-05-19 16:57:09 - jugador - [DEBUG] - [JUGADOR_0] Pos flotante (post-límites): (269.8800, 550.0000)
2025-05-19 16:57:09 - jugador - [DEBUG] - [JUGADOR_0] Movimiento para CH: dx_int=3, dy_int=0. HB (antes CH): (267, 550), PosFlotante: (269.8800,550.0000)
2025-05-19 16:57:09 - jugador - [DEBUG] - [JUGADOR_0] Iniciando gestión de colisión con dx=3, dy=0. Hitbox actual: (267, 550)
2025-05-19 16:57:09 - jugador - [DEBUG] - [JUGADOR_0] Posición POST CH: HB: (265, 550), PosFlotante: (265.00, 550.00)
2025-05-19 16:57:09 - jugador - [DEBUG] - [JUGADOR_0] Pos flotante (pre-límites): (267.8800, 550.0000)
2025-05-19 16:57:09 - jugador - [DEBUG] - [JUGADOR_0] Pos flotante (post-límites): (267.8800, 550.0000)
2025-05-19 16:57:09 - jugador - [DEBUG] - [JUGADOR_0] Movimiento para CH: dx_int=3, dy_int=0. HB (antes CH): (265, 550), PosFlotante: (267.8800,550.0000)
2025-05-19 16:57:09 - jugador - [DEBUG] - [JUGADOR_0] Iniciando gestión de colisión con dx=3, dy=0. Hitbox actual: (265, 550)
2025-05-19 16:57:09 - jugador - [DEBUG] - [JUGADOR_0] Posición POST CH: HB: (263, 550), PosFlotante: (263.00, 550.00)
2025-05-19 16:57:10 - jugador - [DEBUG] - [JUGADOR_0] Delta flotante intentado: dx=3.0600, dy=0.0000 (delta_time: 0.0170)
2025-05-19 16:57:10 - jugador - [DEBUG] - [JUGADOR_0] Pos flotante (pre-límites): (266.0600, 550.0000)
2025-05-19 16:57:10 - jugador - [DEBUG] - [JUGADOR_0] Pos flotante (post-límites): (266.0600, 550.0000)
2025-05-19 16:57:10 - jugador - [DEBUG] - [JUGADOR_0] Movimiento para CH: dx_int=4, dy_int=0. HB (antes CH): (263, 550), PosFlotante: (266.0600,550.0000)
2025-05-19 16:57:10 - jugador - [DEBUG] - [JUGADOR_0] Iniciando gestión de colisión con dx=4, dy=0. Hitbox actual: (263, 550)
2025-05-19 16:57:10 - jugador - [DEBUG] - [JUGADOR_0] Posición POST CH: HB: (261, 550), PosFlotante: (261.00, 550.00)
2025-05-19 16:57:10 - jugador - [DEBUG] - [JUGADOR_0] Delta flotante intentado: dx=2.8800, dy=0.0000 (delta_time: 0.0160)
2025-05-19 16:57:10 - jugador - [DEBUG] - [JUGADOR_0] Pos flotante (pre-límites): (263.8800, 550.0000)
2025-05-19 16:57:10 - jugador - [DEBUG] - [JUGADOR_0] Pos flotante (post-límites): (263.8800, 550.0000)
2025-05-19 16:57:10 - jugador - [DEBUG] - [JUGADOR_0] Movimiento para CH: dx_int=3, dy_int=0. HB (antes CH): (261, 550), PosFlotante: (263.8800,550.0000)
2025-05-19 16:57:10 - jugador - [DEBUG] - [JUGADOR_0] Iniciando gestión de colisión con dx=3, dy=0. Hitbox actual: (261, 550)
2025-05-19 16:57:10 - jugador - [DEBUG] - [JUGADOR_0] Posición POST CH: HB: (259, 550), PosFlotante: (259.00, 550.00)
2025-05-19 16:57:10 - jugador - [DEBUG] - [JUGADOR_0] Input teclado procesado: mov_x_input_raw=180, mov_y_input_raw=0
2025-05-19 16:57:10 - jugador - [DEBUG] - [JUGADOR_0] Pos flotante (pre-límites): (261.8800, 550.0000)
2025-05-19 16:57:10 - jugador - [DEBUG] - [JUGADOR_0] Pos flotante (post-límites): (261.8800, 550.0000)
2025-05-19 16:57:10 - jugador - [DEBUG] - [JUGADOR_0] Movimiento para CH: dx_int=3, dy_int=0. HB (antes CH): (259, 550), PosFlotante: (261.8800,550.0000)
2025-05-19 16:57:10 - jugador - [DEBUG] - [JUGADOR_0] Iniciando gestión de colisión con dx=3, dy=0. Hitbox actual: (259, 550)
2025-05-19 16:57:10 - jugador - [DEBUG] - [JUGADOR_0] Posición POST CH: HB: (257, 550), PosFlotante: (257.00, 550.00)
2025-05-19 16:57:10 - jugador - [DEBUG] - [JUGADOR_0] Pos flotante (pre-límites): (260.0600, 550.0000)
2025-05-19 16:57:10 - jugador - [DEBUG] - [JUGADOR_0] Pos flotante (post-límites): (260.0600, 550.0000)
2025-05-19 16:57:10 - jugador - [DEBUG] - [JUGADOR_0] Movimiento para CH: dx_int=4, dy_int=0. HB (antes CH): (257, 550), PosFlotante: (260.0600,550.0000)
2025-05-19 16:57:10 - jugador - [DEBUG] - [JUGADOR_0] Iniciando gestión de colisión con dx=4, dy=0. Hitbox actual: (257, 550)
2025-05-19 16:57:10 - jugador - [DEBUG] - [JUGADOR_0] Posición POST CH: HB: (255, 550), PosFlotante: (255.00, 550.00)
2025-05-19 16:57:10 - jugador - [DEBUG] - [JUGADOR_0] Delta flotante intentado: dx=3.0600, dy=0.0000 (delta_time: 0.0170)
2025-05-19 16:57:10 - jugador - [DEBUG] - [JUGADOR_0] Pos flotante (pre-límites): (258.0600, 550.0000)
2025-05-19 16:57:10 - jugador - [DEBUG] - [JUGADOR_0] Pos flotante (post-límites): (258.0600, 550.0000)
2025-05-19 16:57:10 - jugador - [DEBUG] - [JUGADOR_0] Movimiento para CH: dx_int=4, dy_int=0. HB (antes CH): (255, 550), PosFlotante: (258.0600,550.0000)
2025-05-19 16:57:10 - jugador - [DEBUG] - [JUGADOR_0] Iniciando gestión de colisión con dx=4, dy=0. Hitbox actual: (255, 550)
2025-05-19 16:57:10 - jugador - [DEBUG] - [JUGADOR_0] Posición POST CH: HB: (253, 550), PosFlotante: (253.00, 550.00)
2025-05-19 16:57:10 - jugador - [INFO] - [JUGADOR_0] ATAQUE INICIADO (Cooldown: 700.0ms). Perfil: 'duracion_hitbox_ataque_espada'
2025-05-19 16:57:10 - jugador - [DEBUG] - [JUGADOR_0] Input teclado procesado: mov_x_input_raw=180, mov_y_input_raw=0
2025-05-19 16:57:10 - jugador - [DEBUG] - [JUGADOR_0] Delta flotante intentado: dx=2.8800, dy=0.0000 (delta_time: 0.0160)
2025-05-19 16:57:10 - jugador - [DEBUG] - [JUGADOR_0] Pos flotante (pre-límites): (255.8800, 550.0000)
2025-05-19 16:57:10 - jugador - [DEBUG] - [JUGADOR_0] Pos flotante (post-límites): (255.8800, 550.0000)
2025-05-19 16:57:10 - jugador - [DEBUG] - [JUGADOR_0] Movimiento para CH: dx_int=3, dy_int=0. HB (antes CH): (253, 550), PosFlotante: (255.8800,550.0000)
2025-05-19 16:57:10 - jugador - [DEBUG] - [JUGADOR_0] Iniciando gestión de colisión con dx=3, dy=0. Hitbox actual: (253, 550)
2025-05-19 16:57:10 - jugador - [DEBUG] - [JUGADOR_0] Posición POST CH: HB: (251, 550), PosFlotante: (251.00, 550.00)
2025-05-19 16:57:10 - jugador - [DEBUG] - [JUGADOR_0] Hitbox ataque: <rect(273, 554, 30, 15)>, Dir: (1.00, 0.00)
2025-05-19 16:57:10 - jugador - [INFO] - [JUGADOR_0] GOLPEÓ a [Enemigo_2] con perfil 'duracion_hitbox_ataque_espada'. Daño: 10.0
2025-05-19 16:57:10 - jugador - [DEBUG] - [JUGADOR_0] Pos flotante (pre-límites): (253.8800, 550.0000)
2025-05-19 16:57:10 - jugador - [DEBUG] - [JUGADOR_0] Pos flotante (post-límites): (253.8800, 550.0000)
2025-05-19 16:57:10 - jugador - [DEBUG] - [JUGADOR_0] Movimiento para CH: dx_int=3, dy_int=0. HB (antes CH): (251, 550), PosFlotante: (253.8800,550.0000)
2025-05-19 16:57:10 - jugador - [DEBUG] - [JUGADOR_0] Iniciando gestión de colisión con dx=3, dy=0. Hitbox actual: (251, 550)
2025-05-19 16:57:10 - jugador - [DEBUG] - [JUGADOR_0] Posición POST CH: HB: (249, 550), PosFlotante: (249.00, 550.00)
2025-05-19 16:57:10 - jugador - [DEBUG] - [JUGADOR_0] Hitbox ataque: <rect(271, 554, 30, 15)>, Dir: (1.00, 0.00)
2025-05-19 16:57:10 - jugador - [DEBUG] - [JUGADOR_0] Pos flotante (pre-límites): (252.0600, 550.0000)
2025-05-19 16:57:10 - jugador - [DEBUG] - [JUGADOR_0] Pos flotante (post-límites): (252.0600, 550.0000)
2025-05-19 16:57:10 - jugador - [DEBUG] - [JUGADOR_0] Movimiento para CH: dx_int=4, dy_int=0. HB (antes CH): (249, 550), PosFlotante: (252.0600,550.0000)
2025-05-19 16:57:10 - jugador - [DEBUG] - [JUGADOR_0] Iniciando gestión de colisión con dx=4, dy=0. Hitbox actual: (249, 550)
2025-05-19 16:57:10 - jugador - [DEBUG] - [JUGADOR_0] Posición POST CH: HB: (247, 550), PosFlotante: (247.00, 550.00)
2025-05-19 16:57:10 - jugador - [DEBUG] - [JUGADOR_0] Hitbox ataque: <rect(269, 554, 30, 15)>, Dir: (1.00, 0.00)
2025-05-19 16:57:10 - jugador - [DEBUG] - [JUGADOR_0] Pos flotante (pre-límites): (249.8800, 550.0000)
2025-05-19 16:57:10 - jugador - [DEBUG] - [JUGADOR_0] Pos flotante (post-límites): (249.8800, 550.0000)
2025-05-19 16:57:10 - jugador - [DEBUG] - [JUGADOR_0] Movimiento para CH: dx_int=3, dy_int=0. HB (antes CH): (247, 550), PosFlotante: (249.8800,550.0000)
2025-05-19 16:57:10 - jugador - [DEBUG] - [JUGADOR_0] Iniciando gestión de colisión con dx=3, dy=0. Hitbox actual: (247, 550)
2025-05-19 16:57:10 - jugador - [DEBUG] - [JUGADOR_0] Posición POST CH: HB: (245, 550), PosFlotante: (245.00, 550.00)
2025-05-19 16:57:10 - jugador - [DEBUG] - [JUGADOR_0] Hitbox ataque: <rect(267, 554, 30, 15)>, Dir: (1.00, 0.00)
2025-05-19 16:57:10 - jugador - [DEBUG] - [JUGADOR_0] Input teclado procesado: mov_x_input_raw=180, mov_y_input_raw=0
2025-05-19 16:57:10 - jugador - [DEBUG] - [JUGADOR_0] Delta flotante intentado: dx=2.8800, dy=0.0000 (delta_time: 0.0160)
2025-05-19 16:57:10 - jugador - [DEBUG] - [JUGADOR_0] Pos flotante (pre-límites): (247.8800, 550.0000)
2025-05-19 16:57:10 - jugador - [DEBUG] - [JUGADOR_0] Pos flotante (post-límites): (247.8800, 550.0000)
2025-05-19 16:57:10 - jugador - [DEBUG] - [JUGADOR_0] Movimiento para CH: dx_int=3, dy_int=0. HB (antes CH): (245, 550), PosFlotante: (247.8800,550.0000)
2025-05-19 16:57:10 - jugador - [DEBUG] - [JUGADOR_0] Iniciando gestión de colisión con dx=3, dy=0. Hitbox actual: (245, 550)
2025-05-19 16:57:10 - jugador - [DEBUG] - [JUGADOR_0] Posición POST CH: HB: (243, 550), PosFlotante: (243.00, 550.00)
2025-05-19 16:57:10 - jugador - [DEBUG] - [JUGADOR_0] Hitbox ataque: <rect(265, 554, 30, 15)>, Dir: (1.00, 0.00)
2025-05-19 16:57:10 - jugador - [DEBUG] - [JUGADOR_0] Delta flotante intentado: dx=3.0600, dy=0.0000 (delta_time: 0.0170)
2025-05-19 16:57:10 - jugador - [DEBUG] - [JUGADOR_0] Pos flotante (pre-límites): (246.0600, 550.0000)
2025-05-19 16:57:10 - jugador - [DEBUG] - [JUGADOR_0] Pos flotante (post-límites): (246.0600, 550.0000)
2025-05-19 16:57:10 - jugador - [DEBUG] - [JUGADOR_0] Movimiento para CH: dx_int=4, dy_int=0. HB (antes CH): (243, 550), PosFlotante: (246.0600,550.0000)
2025-05-19 16:57:10 - jugador - [DEBUG] - [JUGADOR_0] Iniciando gestión de colisión con dx=4, dy=0. Hitbox actual: (243, 550)
2025-05-19 16:57:10 - jugador - [DEBUG] - [JUGADOR_0] Posición POST CH: HB: (241, 550), PosFlotante: (241.00, 550.00)
2025-05-19 16:57:10 - jugador - [DEBUG] - [JUGADOR_0] Hitbox ataque: <rect(263, 554, 30, 15)>, Dir: (1.00, 0.00)
2025-05-19 16:57:10 - jugador - [DEBUG] - [JUGADOR_0] Pos flotante (pre-límites): (243.8800, 550.0000)
2025-05-19 16:57:10 - jugador - [DEBUG] - [JUGADOR_0] Pos flotante (post-límites): (243.8800, 550.0000)
2025-05-19 16:57:10 - jugador - [DEBUG] - [JUGADOR_0] Movimiento para CH: dx_int=3, dy_int=0. HB (antes CH): (241, 550), PosFlotante: (243.8800,550.0000)
2025-05-19 16:57:10 - jugador - [DEBUG] - [JUGADOR_0] Iniciando gestión de colisión con dx=3, dy=0. Hitbox actual: (241, 550)
2025-05-19 16:57:10 - jugador - [DEBUG] - [JUGADOR_0] Posición POST CH: HB: (239, 550), PosFlotante: (239.00, 550.00)
2025-05-19 16:57:10 - jugador - [DEBUG] - [JUGADOR_0] Hitbox ataque: <rect(261, 554, 30, 15)>, Dir: (1.00, 0.00)
2025-05-19 16:57:10 - jugador - [DEBUG] - [JUGADOR_0] Pos flotante (pre-límites): (241.8800, 550.0000)
2025-05-19 16:57:10 - jugador - [DEBUG] - [JUGADOR_0] Pos flotante (post-límites): (241.8800, 550.0000)
2025-05-19 16:57:10 - jugador - [DEBUG] - [JUGADOR_0] Movimiento para CH: dx_int=3, dy_int=0. HB (antes CH): (239, 550), PosFlotante: (241.8800,550.0000)
2025-05-19 16:57:10 - jugador - [DEBUG] - [JUGADOR_0] Iniciando gestión de colisión con dx=3, dy=0. Hitbox actual: (239, 550)
2025-05-19 16:57:10 - jugador - [DEBUG] - [JUGADOR_0] Posición POST CH: HB: (237, 550), PosFlotante: (237.00, 550.00)
2025-05-19 16:57:10 - jugador - [DEBUG] - [JUGADOR_0] Hitbox ataque: <rect(259, 554, 30, 15)>, Dir: (1.00, 0.00)
2025-05-19 16:57:10 - jugador - [DEBUG] - [JUGADOR_0] Input teclado procesado: mov_x_input_raw=180, mov_y_input_raw=0
2025-05-19 16:57:10 - jugador - [DEBUG] - [JUGADOR_0] Delta flotante intentado: dx=2.8800, dy=0.0000 (delta_time: 0.0160)
2025-05-19 16:57:10 - jugador - [DEBUG] - [JUGADOR_0] Pos flotante (pre-límites): (239.8800, 550.0000)
2025-05-19 16:57:10 - jugador - [DEBUG] - [JUGADOR_0] Pos flotante (post-límites): (239.8800, 550.0000)
2025-05-19 16:57:10 - jugador - [DEBUG] - [JUGADOR_0] Movimiento para CH: dx_int=3, dy_int=0. HB (antes CH): (237, 550), PosFlotante: (239.8800,550.0000)
2025-05-19 16:57:10 - jugador - [DEBUG] - [JUGADOR_0] Iniciando gestión de colisión con dx=3, dy=0. Hitbox actual: (237, 550)
2025-05-19 16:57:10 - jugador - [DEBUG] - [JUGADOR_0] Posición POST CH: HB: (235, 550), PosFlotante: (235.00, 550.00)
2025-05-19 16:57:10 - jugador - [DEBUG] - [JUGADOR_0] Hitbox ataque: <rect(257, 554, 30, 15)>, Dir: (1.00, 0.00)
2025-05-19 16:57:10 - jugador - [DEBUG] - [JUGADOR_0] Pos flotante (pre-límites): (237.8800, 550.0000)
2025-05-19 16:57:10 - jugador - [DEBUG] - [JUGADOR_0] Pos flotante (post-límites): (237.8800, 550.0000)
2025-05-19 16:57:10 - jugador - [DEBUG] - [JUGADOR_0] Movimiento para CH: dx_int=3, dy_int=0. HB (antes CH): (235, 550), PosFlotante: (237.8800,550.0000)
2025-05-19 16:57:10 - jugador - [DEBUG] - [JUGADOR_0] Iniciando gestión de colisión con dx=3, dy=0. Hitbox actual: (235, 550)
2025-05-19 16:57:10 - jugador - [DEBUG] - [JUGADOR_0] Posición POST CH: HB: (233, 550), PosFlotante: (233.00, 550.00)
2025-05-19 16:57:10 - jugador - [DEBUG] - [JUGADOR_0] Hitbox ataque: <rect(255, 554, 30, 15)>, Dir: (1.00, 0.00)
2025-05-19 16:57:10 - jugador - [DEBUG] - [JUGADOR_0] Delta flotante intentado: dx=3.0600, dy=0.0000 (delta_time: 0.0170)
2025-05-19 16:57:10 - jugador - [DEBUG] - [JUGADOR_0] Pos flotante (pre-límites): (236.0600, 550.0000)
2025-05-19 16:57:10 - jugador - [DEBUG] - [JUGADOR_0] Pos flotante (post-límites): (236.0600, 550.0000)
2025-05-19 16:57:10 - jugador - [DEBUG] - [JUGADOR_0] Movimiento para CH: dx_int=4, dy_int=0. HB (antes CH): (233, 550), PosFlotante: (236.0600,550.0000)
2025-05-19 16:57:10 - jugador - [DEBUG] - [JUGADOR_0] Iniciando gestión de colisión con dx=4, dy=0. Hitbox actual: (233, 550)
2025-05-19 16:57:10 - jugador - [DEBUG] - [JUGADOR_0] Posición POST CH: HB: (231, 550), PosFlotante: (231.00, 550.00)
2025-05-19 16:57:10 - jugador - [DEBUG] - [JUGADOR_0] Hitbox ataque: <rect(253, 554, 30, 15)>, Dir: (1.00, 0.00)
2025-05-19 16:57:10 - jugador - [DEBUG] - [JUGADOR_0] Pos flotante (pre-límites): (233.8800, 550.0000)
2025-05-19 16:57:10 - jugador - [DEBUG] - [JUGADOR_0] Pos flotante (post-límites): (233.8800, 550.0000)
2025-05-19 16:57:10 - jugador - [DEBUG] - [JUGADOR_0] Movimiento para CH: dx_int=3, dy_int=0. HB (antes CH): (231, 550), PosFlotante: (233.8800,550.0000)
2025-05-19 16:57:10 - jugador - [DEBUG] - [JUGADOR_0] Iniciando gestión de colisión con dx=3, dy=0. Hitbox actual: (231, 550)
2025-05-19 16:57:10 - jugador - [DEBUG] - [JUGADOR_0] Posición POST CH: HB: (229, 550), PosFlotante: (229.00, 550.00)
2025-05-19 16:57:10 - jugador - [DEBUG] - [JUGADOR_0] Hitbox ataque: <rect(251, 554, 30, 15)>, Dir: (1.00, 0.00)
2025-05-19 16:57:10 - jugador - [DEBUG] - [JUGADOR_0] Input teclado procesado: mov_x_input_raw=180, mov_y_input_raw=0
2025-05-19 16:57:10 - jugador - [DEBUG] - [JUGADOR_0] Delta flotante intentado: dx=2.8800, dy=0.0000 (delta_time: 0.0160)
2025-05-19 16:57:10 - jugador - [DEBUG] - [JUGADOR_0] Pos flotante (pre-límites): (231.8800, 550.0000)
2025-05-19 16:57:10 - jugador - [DEBUG] - [JUGADOR_0] Pos flotante (post-límites): (231.8800, 550.0000)
2025-05-19 16:57:10 - jugador - [DEBUG] - [JUGADOR_0] Movimiento para CH: dx_int=3, dy_int=0. HB (antes CH): (229, 550), PosFlotante: (231.8800,550.0000)
2025-05-19 16:57:10 - jugador - [DEBUG] - [JUGADOR_0] Iniciando gestión de colisión con dx=3, dy=0. Hitbox actual: (229, 550)
2025-05-19 16:57:10 - jugador - [DEBUG] - [JUGADOR_0] Posición POST CH: HB: (227, 550), PosFlotante: (227.00, 550.00)
2025-05-19 16:57:10 - jugador - [DEBUG] - [JUGADOR_0] Hitbox ataque: <rect(249, 554, 30, 15)>, Dir: (1.00, 0.00)
2025-05-19 16:57:10 - jugador - [DEBUG] - [JUGADOR_0] Pos flotante (pre-límites): (230.0600, 550.0000)
2025-05-19 16:57:10 - jugador - [DEBUG] - [JUGADOR_0] Pos flotante (post-límites): (230.0600, 550.0000)
2025-05-19 16:57:10 - jugador - [DEBUG] - [JUGADOR_0] Movimiento para CH: dx_int=4, dy_int=0. HB (antes CH): (227, 550), PosFlotante: (230.0600,550.0000)
2025-05-19 16:57:10 - jugador - [DEBUG] - [JUGADOR_0] Iniciando gestión de colisión con dx=4, dy=0. Hitbox actual: (227, 550)
2025-05-19 16:57:10 - jugador - [DEBUG] - [JUGADOR_0] Posición POST CH: HB: (225, 550), PosFlotante: (225.00, 550.00)
2025-05-19 16:57:10 - jugador - [DEBUG] - [JUGADOR_0] Hitbox ataque: <rect(247, 554, 30, 15)>, Dir: (1.00, 0.00)
2025-05-19 16:57:10 - jugador - [DEBUG] - [JUGADOR_0] Pos flotante (pre-límites): (227.8800, 550.0000)
2025-05-19 16:57:10 - jugador - [DEBUG] - [JUGADOR_0] Pos flotante (post-límites): (227.8800, 550.0000)
2025-05-19 16:57:10 - jugador - [DEBUG] - [JUGADOR_0] Movimiento para CH: dx_int=3, dy_int=0. HB (antes CH): (225, 550), PosFlotante: (227.8800,550.0000)
2025-05-19 16:57:10 - jugador - [DEBUG] - [JUGADOR_0] Iniciando gestión de colisión con dx=3, dy=0. Hitbox actual: (225, 550)
2025-05-19 16:57:10 - jugador - [DEBUG] - [JUGADOR_0] Posición POST CH: HB: (223, 550), PosFlotante: (223.00, 550.00)
2025-05-19 16:57:10 - jugador - [DEBUG] - [JUGADOR_0] Hitbox ataque: <rect(245, 554, 30, 15)>, Dir: (1.00, 0.00)
2025-05-19 16:57:10 - jugador - [DEBUG] - [JUGADOR_0] Pos flotante (pre-límites): (225.8800, 550.0000)
2025-05-19 16:57:10 - jugador - [DEBUG] - [JUGADOR_0] Pos flotante (post-límites): (225.8800, 550.0000)
2025-05-19 16:57:10 - jugador - [DEBUG] - [JUGADOR_0] Movimiento para CH: dx_int=3, dy_int=0. HB (antes CH): (223, 550), PosFlotante: (225.8800,550.0000)
2025-05-19 16:57:10 - jugador - [DEBUG] - [JUGADOR_0] Iniciando gestión de colisión con dx=3, dy=0. Hitbox actual: (223, 550)
2025-05-19 16:57:10 - jugador - [DEBUG] - [JUGADOR_0] Posición POST CH: HB: (221, 550), PosFlotante: (221.00, 550.00)
2025-05-19 16:57:10 - jugador - [DEBUG] - [JUGADOR_0] Hitbox ataque: <rect(243, 554, 30, 15)>, Dir: (1.00, 0.00)
2025-05-19 16:57:10 - jugador - [DEBUG] - [JUGADOR_0] Input teclado procesado: mov_x_input_raw=180, mov_y_input_raw=0
2025-05-19 16:57:10 - jugador - [DEBUG] - [JUGADOR_0] Delta flotante intentado: dx=3.0600, dy=0.0000 (delta_time: 0.0170)
2025-05-19 16:57:10 - jugador - [DEBUG] - [JUGADOR_0] Pos flotante (pre-límites): (224.0600, 550.0000)
2025-05-19 16:57:10 - jugador - [DEBUG] - [JUGADOR_0] Pos flotante (post-límites): (224.0600, 550.0000)
2025-05-19 16:57:10 - jugador - [DEBUG] - [JUGADOR_0] Movimiento para CH: dx_int=4, dy_int=0. HB (antes CH): (221, 550), PosFlotante: (224.0600,550.0000)
2025-05-19 16:57:10 - jugador - [DEBUG] - [JUGADOR_0] Iniciando gestión de colisión con dx=4, dy=0. Hitbox actual: (221, 550)
2025-05-19 16:57:10 - jugador - [DEBUG] - [JUGADOR_0] Posición POST CH: HB: (219, 550), PosFlotante: (219.00, 550.00)
2025-05-19 16:57:10 - jugador - [DEBUG] - [JUGADOR_0] Hitbox ataque: <rect(241, 554, 30, 15)>, Dir: (1.00, 0.00)
2025-05-19 16:57:10 - jugador - [DEBUG] - [JUGADOR_0] Delta flotante intentado: dx=2.8800, dy=0.0000 (delta_time: 0.0160)
2025-05-19 16:57:10 - jugador - [DEBUG] - [JUGADOR_0] Pos flotante (pre-límites): (221.8800, 550.0000)
2025-05-19 16:57:10 - jugador - [DEBUG] - [JUGADOR_0] Pos flotante (post-límites): (221.8800, 550.0000)
2025-05-19 16:57:10 - jugador - [DEBUG] - [JUGADOR_0] Movimiento para CH: dx_int=3, dy_int=0. HB (antes CH): (219, 550), PosFlotante: (221.8800,550.0000)
2025-05-19 16:57:10 - jugador - [DEBUG] - [JUGADOR_0] Iniciando gestión de colisión con dx=3, dy=0. Hitbox actual: (219, 550)
2025-05-19 16:57:10 - jugador - [DEBUG] - [JUGADOR_0] Posición POST CH: HB: (217, 550), PosFlotante: (217.00, 550.00)
2025-05-19 16:57:10 - jugador - [DEBUG] - [JUGADOR_0] Hitbox ataque: <rect(239, 554, 30, 15)>, Dir: (1.00, 0.00)
2025-05-19 16:57:10 - jugador - [DEBUG] - [JUGADOR_0] Pos flotante (pre-límites): (220.0600, 550.0000)
2025-05-19 16:57:10 - jugador - [DEBUG] - [JUGADOR_0] Pos flotante (post-límites): (220.0600, 550.0000)
2025-05-19 16:57:10 - jugador - [DEBUG] - [JUGADOR_0] Movimiento para CH: dx_int=4, dy_int=0. HB (antes CH): (217, 550), PosFlotante: (220.0600,550.0000)
2025-05-19 16:57:10 - jugador - [DEBUG] - [JUGADOR_0] Iniciando gestión de colisión con dx=4, dy=0. Hitbox actual: (217, 550)
2025-05-19 16:57:10 - jugador - [DEBUG] - [JUGADOR_0] Posición POST CH: HB: (215, 550), PosFlotante: (215.00, 550.00)
2025-05-19 16:57:10 - jugador - [DEBUG] - [JUGADOR_0] Hitbox ataque: <rect(237, 554, 30, 15)>, Dir: (1.00, 0.00)
2025-05-19 16:57:10 - jugador - [DEBUG] - [JUGADOR_0] Pos flotante (pre-límites): (217.8800, 550.0000)
2025-05-19 16:57:10 - jugador - [DEBUG] - [JUGADOR_0] Pos flotante (post-límites): (217.8800, 550.0000)
2025-05-19 16:57:10 - jugador - [DEBUG] - [JUGADOR_0] Movimiento para CH: dx_int=3, dy_int=0. HB (antes CH): (215, 550), PosFlotante: (217.8800,550.0000)
2025-05-19 16:57:10 - jugador - [DEBUG] - [JUGADOR_0] Iniciando gestión de colisión con dx=3, dy=0. Hitbox actual: (215, 550)
2025-05-19 16:57:10 - jugador - [DEBUG] - [JUGADOR_0] Posición POST CH: HB: (213, 550), PosFlotante: (213.00, 550.00)
2025-05-19 16:57:10 - jugador - [DEBUG] - [JUGADOR_0] ATAQUE FINALIZADO (Duración: 300ms). Enemigos golpeados: 1
2025-05-19 16:57:10 - jugador - [DEBUG] - [JUGADOR_0] Input teclado procesado: mov_x_input_raw=180, mov_y_input_raw=0
2025-05-19 16:57:10 - jugador - [DEBUG] - [JUGADOR_0] Pos flotante (pre-límites): (215.8800, 550.0000)
2025-05-19 16:57:10 - jugador - [DEBUG] - [JUGADOR_0] Pos flotante (post-límites): (215.8800, 550.0000)
2025-05-19 16:57:10 - jugador - [DEBUG] - [JUGADOR_0] Movimiento para CH: dx_int=3, dy_int=0. HB (antes CH): (213, 550), PosFlotante: (215.8800,550.0000)
2025-05-19 16:57:10 - jugador - [DEBUG] - [JUGADOR_0] Iniciando gestión de colisión con dx=3, dy=0. Hitbox actual: (213, 550)
2025-05-19 16:57:10 - jugador - [DEBUG] - [JUGADOR_0] Posición POST CH: HB: (211, 550), PosFlotante: (211.00, 550.00)
2025-05-19 16:57:10 - jugador - [DEBUG] - [JUGADOR_0] Delta flotante intentado: dx=2.8800, dy=0.0000 (delta_time: 0.0160)
2025-05-19 16:57:10 - jugador - [DEBUG] - [JUGADOR_0] Pos flotante (pre-límites): (213.8800, 550.0000)
2025-05-19 16:57:10 - jugador - [DEBUG] - [JUGADOR_0] Pos flotante (post-límites): (213.8800, 550.0000)
2025-05-19 16:57:10 - jugador - [DEBUG] - [JUGADOR_0] Movimiento para CH: dx_int=3, dy_int=0. HB (antes CH): (211, 550), PosFlotante: (213.8800,550.0000)
2025-05-19 16:57:10 - jugador - [DEBUG] - [JUGADOR_0] Iniciando gestión de colisión con dx=3, dy=0. Hitbox actual: (211, 550)
2025-05-19 16:57:10 - jugador - [DEBUG] - [JUGADOR_0] Posición POST CH: HB: (209, 550), PosFlotante: (209.00, 550.00)
2025-05-19 16:57:10 - jugador - [DEBUG] - [JUGADOR_0] Pos flotante (pre-límites): (211.8800, 550.0000)
2025-05-19 16:57:10 - jugador - [DEBUG] - [JUGADOR_0] Pos flotante (post-límites): (211.8800, 550.0000)
2025-05-19 16:57:10 - jugador - [DEBUG] - [JUGADOR_0] Movimiento para CH: dx_int=3, dy_int=0. HB (antes CH): (209, 550), PosFlotante: (211.8800,550.0000)
2025-05-19 16:57:10 - jugador - [DEBUG] - [JUGADOR_0] Iniciando gestión de colisión con dx=3, dy=0. Hitbox actual: (209, 550)
2025-05-19 16:57:10 - jugador - [DEBUG] - [JUGADOR_0] Posición POST CH: HB: (207, 550), PosFlotante: (207.00, 550.00)
2025-05-19 16:57:10 - jugador - [DEBUG] - [JUGADOR_0] Pos flotante (pre-límites): (209.8800, 550.0000)
2025-05-19 16:57:10 - jugador - [DEBUG] - [JUGADOR_0] Pos flotante (post-límites): (209.8800, 550.0000)
2025-05-19 16:57:10 - jugador - [DEBUG] - [JUGADOR_0] Movimiento para CH: dx_int=3, dy_int=0. HB (antes CH): (207, 550), PosFlotante: (209.8800,550.0000)
2025-05-19 16:57:10 - jugador - [DEBUG] - [JUGADOR_0] Iniciando gestión de colisión con dx=3, dy=0. Hitbox actual: (207, 550)
2025-05-19 16:57:10 - jugador - [DEBUG] - [JUGADOR_0] Posición POST CH: HB: (205, 550), PosFlotante: (205.00, 550.00)
2025-05-19 16:57:10 - jugador - [DEBUG] - [JUGADOR_0] Input teclado procesado: mov_x_input_raw=180, mov_y_input_raw=0
2025-05-19 16:57:10 - jugador - [DEBUG] - [JUGADOR_0] Pos flotante (pre-límites): (207.8800, 550.0000)
2025-05-19 16:57:10 - jugador - [DEBUG] - [JUGADOR_0] Pos flotante (post-límites): (207.8800, 550.0000)
2025-05-19 16:57:10 - jugador - [DEBUG] - [JUGADOR_0] Movimiento para CH: dx_int=3, dy_int=0. HB (antes CH): (205, 550), PosFlotante: (207.8800,550.0000)
2025-05-19 16:57:10 - jugador - [DEBUG] - [JUGADOR_0] Iniciando gestión de colisión con dx=3, dy=0. Hitbox actual: (205, 550)
2025-05-19 16:57:10 - jugador - [DEBUG] - [JUGADOR_0] Posición POST CH: HB: (203, 550), PosFlotante: (203.00, 550.00)
2025-05-19 16:57:10 - jugador - [DEBUG] - [JUGADOR_0] Delta flotante intentado: dx=3.0600, dy=0.0000 (delta_time: 0.0170)
2025-05-19 16:57:10 - jugador - [DEBUG] - [JUGADOR_0] Pos flotante (pre-límites): (206.0600, 550.0000)
2025-05-19 16:57:10 - jugador - [DEBUG] - [JUGADOR_0] Pos flotante (post-límites): (206.0600, 550.0000)
2025-05-19 16:57:10 - jugador - [DEBUG] - [JUGADOR_0] Movimiento para CH: dx_int=4, dy_int=0. HB (antes CH): (203, 550), PosFlotante: (206.0600,550.0000)
2025-05-19 16:57:10 - jugador - [DEBUG] - [JUGADOR_0] Iniciando gestión de colisión con dx=4, dy=0. Hitbox actual: (203, 550)
2025-05-19 16:57:10 - jugador - [DEBUG] - [JUGADOR_0] Posición POST CH: HB: (201, 550), PosFlotante: (201.00, 550.00)
2025-05-19 16:57:10 - jugador - [DEBUG] - [JUGADOR_0] Delta flotante intentado: dx=2.8800, dy=0.0000 (delta_time: 0.0160)
2025-05-19 16:57:10 - jugador - [DEBUG] - [JUGADOR_0] Pos flotante (pre-límites): (203.8800, 550.0000)
2025-05-19 16:57:10 - jugador - [DEBUG] - [JUGADOR_0] Pos flotante (post-límites): (203.8800, 550.0000)
2025-05-19 16:57:10 - jugador - [DEBUG] - [JUGADOR_0] Movimiento para CH: dx_int=3, dy_int=0. HB (antes CH): (201, 550), PosFlotante: (203.8800,550.0000)
2025-05-19 16:57:10 - jugador - [DEBUG] - [JUGADOR_0] Iniciando gestión de colisión con dx=3, dy=0. Hitbox actual: (201, 550)
2025-05-19 16:57:10 - jugador - [DEBUG] - [JUGADOR_0] Posición POST CH: HB: (199, 550), PosFlotante: (199.00, 550.00)
2025-05-19 16:57:10 - jugador - [DEBUG] - [JUGADOR_0] Pos flotante (pre-límites): (201.8800, 550.0000)
2025-05-19 16:57:10 - jugador - [DEBUG] - [JUGADOR_0] Pos flotante (post-límites): (201.8800, 550.0000)
2025-05-19 16:57:10 - jugador - [DEBUG] - [JUGADOR_0] Movimiento para CH: dx_int=3, dy_int=0. HB (antes CH): (199, 550), PosFlotante: (201.8800,550.0000)
2025-05-19 16:57:10 - jugador - [DEBUG] - [JUGADOR_0] Iniciando gestión de colisión con dx=3, dy=0. Hitbox actual: (199, 550)
2025-05-19 16:57:10 - jugador - [DEBUG] - [JUGADOR_0] Posición POST CH: HB: (197, 550), PosFlotante: (197.00, 550.00)
2025-05-19 16:57:10 - jugador - [DEBUG] - [JUGADOR_0] Input teclado procesado: mov_x_input_raw=180, mov_y_input_raw=0
2025-05-19 16:57:10 - jugador - [DEBUG] - [JUGADOR_0] Pos flotante (pre-límites): (199.8800, 550.0000)
2025-05-19 16:57:10 - jugador - [DEBUG] - [JUGADOR_0] Pos flotante (post-límites): (199.8800, 550.0000)
2025-05-19 16:57:10 - jugador - [DEBUG] - [JUGADOR_0] Movimiento para CH: dx_int=3, dy_int=0. HB (antes CH): (197, 550), PosFlotante: (199.8800,550.0000)
2025-05-19 16:57:10 - jugador - [DEBUG] - [JUGADOR_0] Iniciando gestión de colisión con dx=3, dy=0. Hitbox actual: (197, 550)
2025-05-19 16:57:10 - jugador - [DEBUG] - [JUGADOR_0] Posición POST CH: HB: (195, 550), PosFlotante: (195.00, 550.00)
2025-05-19 16:57:10 - jugador - [DEBUG] - [JUGADOR_0] Pos flotante (pre-límites): (197.8800, 550.0000)
2025-05-19 16:57:10 - jugador - [DEBUG] - [JUGADOR_0] Pos flotante (post-límites): (197.8800, 550.0000)
2025-05-19 16:57:10 - jugador - [DEBUG] - [JUGADOR_0] Movimiento para CH: dx_int=3, dy_int=0. HB (antes CH): (195, 550), PosFlotante: (197.8800,550.0000)
2025-05-19 16:57:10 - jugador - [DEBUG] - [JUGADOR_0] Iniciando gestión de colisión con dx=3, dy=0. Hitbox actual: (195, 550)
2025-05-19 16:57:10 - jugador - [DEBUG] - [JUGADOR_0] Posición POST CH: HB: (193, 550), PosFlotante: (193.00, 550.00)
2025-05-19 16:57:10 - jugador - [DEBUG] - [JUGADOR_0] Delta flotante intentado: dx=2.8800, dy=0.0000 (delta_time: 0.0160)
2025-05-19 16:57:10 - jugador - [DEBUG] - [JUGADOR_0] Pos flotante (pre-límites): (195.8800, 550.0000)
2025-05-19 16:57:10 - jugador - [DEBUG] - [JUGADOR_0] Pos flotante (post-límites): (195.8800, 550.0000)
2025-05-19 16:57:10 - jugador - [DEBUG] - [JUGADOR_0] Movimiento para CH: dx_int=3, dy_int=0. HB (antes CH): (193, 550), PosFlotante: (195.8800,550.0000)
2025-05-19 16:57:10 - jugador - [DEBUG] - [JUGADOR_0] Iniciando gestión de colisión con dx=3, dy=0. Hitbox actual: (193, 550)
2025-05-19 16:57:10 - jugador - [DEBUG] - [JUGADOR_0] Posición POST CH: HB: (191, 550), PosFlotante: (191.00, 550.00)
2025-05-19 16:57:10 - jugador - [DEBUG] - [JUGADOR_0] Input teclado procesado: mov_x_input_raw=180, mov_y_input_raw=-180
2025-05-19 16:57:10 - jugador - [DEBUG] - [JUGADOR_0] Delta flotante intentado: dx=2.8800, dy=-2.8800 (delta_time: 0.0160)
2025-05-19 16:57:10 - jugador - [DEBUG] - [JUGADOR_0] Pos flotante (pre-límites): (193.8800, 547.1200)
2025-05-19 16:57:10 - jugador - [DEBUG] - [JUGADOR_0] Pos flotante (post-límites): (193.8800, 547.1200)
2025-05-19 16:57:10 - jugador - [DEBUG] - [JUGADOR_0] Movimiento para CH: dx_int=3, dy_int=-3. HB (antes CH): (191, 550), PosFlotante: (193.8800,547.1200)
2025-05-19 16:57:10 - jugador - [DEBUG] - [JUGADOR_0] Iniciando gestión de colisión con dx=3, dy=-3. Hitbox actual: (191, 550)
2025-05-19 16:57:10 - jugador - [DEBUG] - [JUGADOR_0] Posición POST CH: HB: (189, 547), PosFlotante: (189.00, 547.00)
2025-05-19 16:57:10 - jugador - [DEBUG] - [JUGADOR_0] Pos flotante (pre-límites): (191.8800, 544.1200)
2025-05-19 16:57:10 - jugador - [DEBUG] - [JUGADOR_0] Pos flotante (post-límites): (191.8800, 544.1200)
2025-05-19 16:57:10 - jugador - [DEBUG] - [JUGADOR_0] Movimiento para CH: dx_int=3, dy_int=-3. HB (antes CH): (189, 547), PosFlotante: (191.8800,544.1200)
2025-05-19 16:57:10 - jugador - [DEBUG] - [JUGADOR_0] Iniciando gestión de colisión con dx=3, dy=-3. Hitbox actual: (189, 547)
2025-05-19 16:57:10 - jugador - [DEBUG] - [JUGADOR_0] Posición POST CH: HB: (187, 544), PosFlotante: (187.00, 544.00)
2025-05-19 16:57:10 - jugador - [DEBUG] - [JUGADOR_0] Pos flotante (pre-límites): (189.8800, 541.1200)
2025-05-19 16:57:10 - jugador - [DEBUG] - [JUGADOR_0] Pos flotante (post-límites): (189.8800, 541.1200)
2025-05-19 16:57:10 - jugador - [DEBUG] - [JUGADOR_0] Movimiento para CH: dx_int=3, dy_int=-3. HB (antes CH): (187, 544), PosFlotante: (189.8800,541.1200)
2025-05-19 16:57:10 - jugador - [DEBUG] - [JUGADOR_0] Iniciando gestión de colisión con dx=3, dy=-3. Hitbox actual: (187, 544)
2025-05-19 16:57:10 - jugador - [DEBUG] - [JUGADOR_0] Posición POST CH: HB: (185, 541), PosFlotante: (185.00, 541.00)
2025-05-19 16:57:10 - jugador - [DEBUG] - [JUGADOR_0] Pos flotante (pre-límites): (187.8800, 538.1200)
2025-05-19 16:57:10 - jugador - [DEBUG] - [JUGADOR_0] Pos flotante (post-límites): (187.8800, 538.1200)
2025-05-19 16:57:10 - jugador - [DEBUG] - [JUGADOR_0] Movimiento para CH: dx_int=3, dy_int=-3. HB (antes CH): (185, 541), PosFlotante: (187.8800,538.1200)
2025-05-19 16:57:10 - jugador - [DEBUG] - [JUGADOR_0] Iniciando gestión de colisión con dx=3, dy=-3. Hitbox actual: (185, 541)
2025-05-19 16:57:10 - jugador - [DEBUG] - [JUGADOR_0] Posición POST CH: HB: (183, 538), PosFlotante: (183.00, 538.00)
2025-05-19 16:57:10 - jugador - [DEBUG] - [JUGADOR_0] Input teclado procesado: mov_x_input_raw=180, mov_y_input_raw=-180
2025-05-19 16:57:10 - jugador - [DEBUG] - [JUGADOR_0] Delta flotante intentado: dx=2.8800, dy=-2.8800 (delta_time: 0.0160)
2025-05-19 16:57:10 - jugador - [DEBUG] - [JUGADOR_0] Pos flotante (pre-límites): (185.8800, 535.1200)
2025-05-19 16:57:10 - jugador - [DEBUG] - [JUGADOR_0] Pos flotante (post-límites): (185.8800, 535.1200)
2025-05-19 16:57:10 - jugador - [DEBUG] - [JUGADOR_0] Movimiento para CH: dx_int=3, dy_int=-3. HB (antes CH): (183, 538), PosFlotante: (185.8800,535.1200)
2025-05-19 16:57:10 - jugador - [DEBUG] - [JUGADOR_0] Iniciando gestión de colisión con dx=3, dy=-3. Hitbox actual: (183, 538)
2025-05-19 16:57:10 - jugador - [DEBUG] - [JUGADOR_0] Posición POST CH: HB: (181, 535), PosFlotante: (181.00, 535.00)
2025-05-19 16:57:10 - jugador - [DEBUG] - [JUGADOR_0] Pos flotante (pre-límites): (183.8800, 532.1200)
2025-05-19 16:57:10 - jugador - [DEBUG] - [JUGADOR_0] Pos flotante (post-límites): (183.8800, 532.1200)
2025-05-19 16:57:10 - jugador - [DEBUG] - [JUGADOR_0] Movimiento para CH: dx_int=3, dy_int=-3. HB (antes CH): (181, 535), PosFlotante: (183.8800,532.1200)
2025-05-19 16:57:10 - jugador - [DEBUG] - [JUGADOR_0] Iniciando gestión de colisión con dx=3, dy=-3. Hitbox actual: (181, 535)
2025-05-19 16:57:10 - jugador - [DEBUG] - [JUGADOR_0] Posición POST CH: HB: (180, 532), PosFlotante: (180.00, 532.00)
2025-05-19 16:57:10 - jugador - [DEBUG] - [JUGADOR_0] Delta flotante intentado: dx=3.0600, dy=-3.0600 (delta_time: 0.0170)
2025-05-19 16:57:10 - jugador - [DEBUG] - [JUGADOR_0] Pos flotante (pre-límites): (183.0600, 528.9400)
2025-05-19 16:57:10 - jugador - [DEBUG] - [JUGADOR_0] Pos flotante (post-límites): (183.0600, 528.9400)
2025-05-19 16:57:10 - jugador - [DEBUG] - [JUGADOR_0] Movimiento para CH: dx_int=4, dy_int=-4. HB (antes CH): (180, 532), PosFlotante: (183.0600,528.9400)
2025-05-19 16:57:10 - jugador - [DEBUG] - [JUGADOR_0] Iniciando gestión de colisión con dx=4, dy=-4. Hitbox actual: (180, 532)
2025-05-19 16:57:10 - jugador - [DEBUG] - [JUGADOR_0] Posición POST CH: HB: (179, 528), PosFlotante: (179.00, 528.00)
2025-05-19 16:57:10 - jugador - [DEBUG] - [JUGADOR_0] Intento de ataque en cooldown (700.0ms). Tiempo desde último: 617ms
2025-05-19 16:57:10 - jugador - [DEBUG] - [JUGADOR_0] Input teclado procesado: mov_x_input_raw=180, mov_y_input_raw=-180
2025-05-19 16:57:10 - jugador - [DEBUG] - [JUGADOR_0] Pos flotante (pre-límites): (182.0600, 524.9400)
2025-05-19 16:57:10 - jugador - [DEBUG] - [JUGADOR_0] Pos flotante (post-límites): (182.0600, 524.9400)
2025-05-19 16:57:10 - jugador - [DEBUG] - [JUGADOR_0] Movimiento para CH: dx_int=4, dy_int=-4. HB (antes CH): (179, 528), PosFlotante: (182.0600,524.9400)
2025-05-19 16:57:10 - jugador - [DEBUG] - [JUGADOR_0] Iniciando gestión de colisión con dx=4, dy=-4. Hitbox actual: (179, 528)
2025-05-19 16:57:10 - jugador - [DEBUG] - [JUGADOR_0] Posición POST CH: HB: (183, 524), PosFlotante: (183.00, 524.00)
2025-05-19 16:57:10 - jugador - [DEBUG] - [JUGADOR_0] Pos flotante (pre-límites): (186.0600, 520.9400)
2025-05-19 16:57:10 - jugador - [DEBUG] - [JUGADOR_0] Pos flotante (post-límites): (186.0600, 520.9400)
2025-05-19 16:57:10 - jugador - [DEBUG] - [JUGADOR_0] Movimiento para CH: dx_int=4, dy_int=-4. HB (antes CH): (183, 524), PosFlotante: (186.0600,520.9400)
2025-05-19 16:57:10 - jugador - [DEBUG] - [JUGADOR_0] Iniciando gestión de colisión con dx=4, dy=-4. Hitbox actual: (183, 524)
2025-05-19 16:57:10 - jugador - [DEBUG] - [JUGADOR_0] Posición POST CH: HB: (187, 520), PosFlotante: (187.00, 520.00)
2025-05-19 16:57:10 - jugador - [DEBUG] - [JUGADOR_0] Delta flotante intentado: dx=3.0600, dy=-3.0600 (delta_time: 0.0170)
2025-05-19 16:57:10 - jugador - [DEBUG] - [JUGADOR_0] Pos flotante (pre-límites): (190.0600, 516.9400)
2025-05-19 16:57:10 - jugador - [DEBUG] - [JUGADOR_0] Pos flotante (post-límites): (190.0600, 516.9400)
2025-05-19 16:57:10 - jugador - [DEBUG] - [JUGADOR_0] Movimiento para CH: dx_int=4, dy_int=-4. HB (antes CH): (187, 520), PosFlotante: (190.0600,516.9400)
2025-05-19 16:57:10 - jugador - [DEBUG] - [JUGADOR_0] Iniciando gestión de colisión con dx=4, dy=-4. Hitbox actual: (187, 520)
2025-05-19 16:57:10 - jugador - [DEBUG] - [JUGADOR_0] Posición POST CH: HB: (186, 516), PosFlotante: (186.00, 516.00)
2025-05-19 16:57:10 - jugador - [DEBUG] - [JUGADOR_0] Input teclado procesado: mov_x_input_raw=180, mov_y_input_raw=-180
2025-05-19 16:57:10 - jugador - [DEBUG] - [JUGADOR_0] Pos flotante (pre-límites): (189.0600, 512.9400)
2025-05-19 16:57:10 - jugador - [DEBUG] - [JUGADOR_0] Pos flotante (post-límites): (189.0600, 512.9400)
2025-05-19 16:57:10 - jugador - [DEBUG] - [JUGADOR_0] Movimiento para CH: dx_int=4, dy_int=-4. HB (antes CH): (186, 516), PosFlotante: (189.0600,512.9400)
2025-05-19 16:57:10 - jugador - [DEBUG] - [JUGADOR_0] Iniciando gestión de colisión con dx=4, dy=-4. Hitbox actual: (186, 516)
2025-05-19 16:57:10 - jugador - [DEBUG] - [JUGADOR_0] Posición POST CH: HB: (184, 512), PosFlotante: (184.00, 512.00)
2025-05-19 16:57:10 - jugador - [DEBUG] - [JUGADOR_0] Input teclado procesado: mov_x_input_raw=180, mov_y_input_raw=0
2025-05-19 16:57:10 - jugador - [DEBUG] - [JUGADOR_0] Delta flotante intentado: dx=2.8800, dy=0.0000 (delta_time: 0.0160)
2025-05-19 16:57:10 - jugador - [DEBUG] - [JUGADOR_0] Pos flotante (pre-límites): (186.8800, 512.0000)
2025-05-19 16:57:10 - jugador - [DEBUG] - [JUGADOR_0] Pos flotante (post-límites): (186.8800, 512.0000)
2025-05-19 16:57:10 - jugador - [DEBUG] - [JUGADOR_0] Movimiento para CH: dx_int=3, dy_int=0. HB (antes CH): (184, 512), PosFlotante: (186.8800,512.0000)
2025-05-19 16:57:10 - jugador - [DEBUG] - [JUGADOR_0] Iniciando gestión de colisión con dx=3, dy=0. Hitbox actual: (184, 512)
2025-05-19 16:57:10 - jugador - [DEBUG] - [JUGADOR_0] Posición POST CH: HB: (183, 512), PosFlotante: (183.00, 512.00)
2025-05-19 16:57:10 - jugador - [DEBUG] - [JUGADOR_0] Delta flotante intentado: dx=3.0600, dy=0.0000 (delta_time: 0.0170)
2025-05-19 16:57:10 - jugador - [DEBUG] - [JUGADOR_0] Pos flotante (pre-límites): (186.0600, 512.0000)
2025-05-19 16:57:10 - jugador - [DEBUG] - [JUGADOR_0] Pos flotante (post-límites): (186.0600, 512.0000)
2025-05-19 16:57:10 - jugador - [DEBUG] - [JUGADOR_0] Movimiento para CH: dx_int=4, dy_int=0. HB (antes CH): (183, 512), PosFlotante: (186.0600,512.0000)
2025-05-19 16:57:10 - jugador - [DEBUG] - [JUGADOR_0] Iniciando gestión de colisión con dx=4, dy=0. Hitbox actual: (183, 512)
2025-05-19 16:57:10 - jugador - [DEBUG] - [JUGADOR_0] Posición POST CH: HB: (181, 512), PosFlotante: (181.00, 512.00)
2025-05-19 16:57:10 - jugador - [DEBUG] - [JUGADOR_0] Pos flotante (pre-límites): (183.8800, 512.0000)
2025-05-19 16:57:10 - jugador - [DEBUG] - [JUGADOR_0] Pos flotante (post-límites): (183.8800, 512.0000)
2025-05-19 16:57:10 - jugador - [DEBUG] - [JUGADOR_0] Movimiento para CH: dx_int=3, dy_int=0. HB (antes CH): (181, 512), PosFlotante: (183.8800,512.0000)
2025-05-19 16:57:10 - jugador - [DEBUG] - [JUGADOR_0] Iniciando gestión de colisión con dx=3, dy=0. Hitbox actual: (181, 512)
2025-05-19 16:57:10 - jugador - [DEBUG] - [JUGADOR_0] Posición POST CH: HB: (179, 512), PosFlotante: (179.00, 512.00)
2025-05-19 16:57:10 - jugador - [DEBUG] - [JUGADOR_0] Input teclado procesado: mov_x_input_raw=180, mov_y_input_raw=-180
2025-05-19 16:57:10 - jugador - [DEBUG] - [JUGADOR_0] Delta flotante intentado: dx=2.8800, dy=-2.8800 (delta_time: 0.0160)
2025-05-19 16:57:10 - jugador - [DEBUG] - [JUGADOR_0] Pos flotante (pre-límites): (181.8800, 509.1200)
2025-05-19 16:57:10 - jugador - [DEBUG] - [JUGADOR_0] Pos flotante (post-límites): (181.8800, 509.1200)
2025-05-19 16:57:10 - jugador - [DEBUG] - [JUGADOR_0] Movimiento para CH: dx_int=3, dy_int=-3. HB (antes CH): (179, 512), PosFlotante: (181.8800,509.1200)
2025-05-19 16:57:10 - jugador - [DEBUG] - [JUGADOR_0] Iniciando gestión de colisión con dx=3, dy=-3. Hitbox actual: (179, 512)
2025-05-19 16:57:10 - jugador - [DEBUG] - [JUGADOR_0] Posición POST CH: HB: (177, 509), PosFlotante: (177.00, 509.00)
2025-05-19 16:57:10 - jugador - [DEBUG] - [JUGADOR_0] Pos flotante (pre-límites): (179.8800, 506.1200)
2025-05-19 16:57:10 - jugador - [DEBUG] - [JUGADOR_0] Pos flotante (post-límites): (179.8800, 506.1200)
2025-05-19 16:57:10 - jugador - [DEBUG] - [JUGADOR_0] Movimiento para CH: dx_int=3, dy_int=-3. HB (antes CH): (177, 509), PosFlotante: (179.8800,506.1200)
2025-05-19 16:57:10 - jugador - [DEBUG] - [JUGADOR_0] Iniciando gestión de colisión con dx=3, dy=-3. Hitbox actual: (177, 509)
2025-05-19 16:57:10 - jugador - [DEBUG] - [JUGADOR_0] Posición POST CH: HB: (176, 506), PosFlotante: (176.00, 506.00)
2025-05-19 16:57:10 - jugador - [DEBUG] - [JUGADOR_0] Pos flotante (pre-límites): (178.8800, 503.1200)
2025-05-19 16:57:10 - jugador - [DEBUG] - [JUGADOR_0] Pos flotante (post-límites): (178.8800, 503.1200)
2025-05-19 16:57:10 - jugador - [DEBUG] - [JUGADOR_0] Movimiento para CH: dx_int=3, dy_int=-3. HB (antes CH): (176, 506), PosFlotante: (178.8800,503.1200)
2025-05-19 16:57:10 - jugador - [DEBUG] - [JUGADOR_0] Iniciando gestión de colisión con dx=3, dy=-3. Hitbox actual: (176, 506)
2025-05-19 16:57:10 - jugador - [DEBUG] - [JUGADOR_0] Posición POST CH: HB: (175, 503), PosFlotante: (175.00, 503.00)
2025-05-19 16:57:10 - jugador - [DEBUG] - [JUGADOR_0] Pos flotante (pre-límites): (177.8800, 500.1200)
2025-05-19 16:57:10 - jugador - [DEBUG] - [JUGADOR_0] Pos flotante (post-límites): (177.8800, 500.1200)
2025-05-19 16:57:10 - jugador - [DEBUG] - [JUGADOR_0] Movimiento para CH: dx_int=3, dy_int=-3. HB (antes CH): (175, 503), PosFlotante: (177.8800,500.1200)
2025-05-19 16:57:10 - jugador - [DEBUG] - [JUGADOR_0] Iniciando gestión de colisión con dx=3, dy=-3. Hitbox actual: (175, 503)
2025-05-19 16:57:10 - jugador - [DEBUG] - [JUGADOR_0] Posición POST CH: HB: (174, 500), PosFlotante: (174.00, 500.00)
2025-05-19 16:57:10 - jugador - [DEBUG] - [JUGADOR_0] Input teclado procesado: mov_x_input_raw=180, mov_y_input_raw=-180
2025-05-19 16:57:10 - jugador - [DEBUG] - [JUGADOR_0] Delta flotante intentado: dx=3.0600, dy=-3.0600 (delta_time: 0.0170)
2025-05-19 16:57:10 - jugador - [DEBUG] - [JUGADOR_0] Pos flotante (pre-límites): (177.0600, 496.9400)
2025-05-19 16:57:10 - jugador - [DEBUG] - [JUGADOR_0] Pos flotante (post-límites): (177.0600, 496.9400)
2025-05-19 16:57:10 - jugador - [DEBUG] - [JUGADOR_0] Movimiento para CH: dx_int=4, dy_int=-4. HB (antes CH): (174, 500), PosFlotante: (177.0600,496.9400)
2025-05-19 16:57:10 - jugador - [DEBUG] - [JUGADOR_0] Iniciando gestión de colisión con dx=4, dy=-4. Hitbox actual: (174, 500)
2025-05-19 16:57:10 - jugador - [DEBUG] - [JUGADOR_0] Posición POST CH: HB: (173, 496), PosFlotante: (173.00, 496.00)
2025-05-19 16:57:10 - jugador - [INFO] - [JUGADOR_0] ATAQUE INICIADO (Cooldown: 700.0ms). Perfil: 'duracion_hitbox_ataque_espada'
2025-05-19 16:57:10 - jugador - [DEBUG] - [JUGADOR_0] Pos flotante (pre-límites): (176.0600, 492.9400)
2025-05-19 16:57:10 - jugador - [DEBUG] - [JUGADOR_0] Pos flotante (post-límites): (176.0600, 492.9400)
2025-05-19 16:57:10 - jugador - [DEBUG] - [JUGADOR_0] Movimiento para CH: dx_int=4, dy_int=-4. HB (antes CH): (173, 496), PosFlotante: (176.0600,492.9400)
2025-05-19 16:57:10 - jugador - [DEBUG] - [JUGADOR_0] Iniciando gestión de colisión con dx=4, dy=-4. Hitbox actual: (173, 496)
2025-05-19 16:57:10 - jugador - [DEBUG] - [JUGADOR_0] Posición POST CH: HB: (177, 492), PosFlotante: (177.00, 492.00)
2025-05-19 16:57:10 - jugador - [DEBUG] - [JUGADOR_0] Hitbox ataque: <rect(199, 496, 30, 15)>, Dir: (1.00, 0.00)
2025-05-19 16:57:10 - jugador - [DEBUG] - [JUGADOR_0] Input teclado procesado: mov_x_input_raw=180, mov_y_input_raw=180
2025-05-19 16:57:10 - jugador - [DEBUG] - [JUGADOR_0] Delta flotante intentado: dx=2.8800, dy=2.8800 (delta_time: 0.0160)
2025-05-19 16:57:10 - jugador - [DEBUG] - [JUGADOR_0] Pos flotante (pre-límites): (179.8800, 494.8800)
2025-05-19 16:57:10 - jugador - [DEBUG] - [JUGADOR_0] Pos flotante (post-límites): (179.8800, 494.8800)
2025-05-19 16:57:10 - jugador - [DEBUG] - [JUGADOR_0] Movimiento para CH: dx_int=3, dy_int=3. HB (antes CH): (177, 492), PosFlotante: (179.8800,494.8800)
2025-05-19 16:57:10 - jugador - [DEBUG] - [JUGADOR_0] Iniciando gestión de colisión con dx=3, dy=3. Hitbox actual: (177, 492)
2025-05-19 16:57:10 - jugador - [DEBUG] - [JUGADOR_0] Posición POST CH: HB: (180, 495), PosFlotante: (180.00, 495.00)
2025-05-19 16:57:10 - jugador - [DEBUG] - [JUGADOR_0] Hitbox ataque: <rect(202, 499, 30, 15)>, Dir: (1.00, 0.00)
2025-05-19 16:57:10 - jugador - [DEBUG] - [JUGADOR_0] Delta flotante intentado: dx=3.0600, dy=3.0600 (delta_time: 0.0170)
2025-05-19 16:57:10 - jugador - [DEBUG] - [JUGADOR_0] Pos flotante (pre-límites): (183.0600, 498.0600)
2025-05-19 16:57:10 - jugador - [DEBUG] - [JUGADOR_0] Pos flotante (post-límites): (183.0600, 498.0600)
2025-05-19 16:57:10 - jugador - [DEBUG] - [JUGADOR_0] Movimiento para CH: dx_int=4, dy_int=4. HB (antes CH): (180, 495), PosFlotante: (183.0600,498.0600)
2025-05-19 16:57:10 - jugador - [DEBUG] - [JUGADOR_0] Iniciando gestión de colisión con dx=4, dy=4. Hitbox actual: (180, 495)
2025-05-19 16:57:10 - jugador - [DEBUG] - [JUGADOR_0] Posición POST CH: HB: (170, 499), PosFlotante: (170.00, 499.00)
2025-05-19 16:57:10 - jugador - [DEBUG] - [JUGADOR_0] Hitbox ataque: <rect(192, 503, 30, 15)>, Dir: (1.00, 0.00)
2025-05-19 16:57:10 - jugador - [INFO] - [JUGADOR_0] GOLPEÓ a [Enemigo_1] con perfil 'duracion_hitbox_ataque_espada'. Daño: 10.0
2025-05-19 16:57:10 - jugador - [DEBUG] - [JUGADOR_0] Pos flotante (pre-límites): (173.0600, 502.0600)
2025-05-19 16:57:10 - jugador - [DEBUG] - [JUGADOR_0] Pos flotante (post-límites): (173.0600, 502.0600)
2025-05-19 16:57:10 - jugador - [DEBUG] - [JUGADOR_0] Movimiento para CH: dx_int=4, dy_int=4. HB (antes CH): (170, 499), PosFlotante: (173.0600,502.0600)
2025-05-19 16:57:10 - jugador - [DEBUG] - [JUGADOR_0] Iniciando gestión de colisión con dx=4, dy=4. Hitbox actual: (170, 499)
2025-05-19 16:57:10 - jugador - [DEBUG] - [JUGADOR_0] Posición POST CH: HB: (168, 503), PosFlotante: (168.00, 503.00)
2025-05-19 16:57:10 - jugador - [DEBUG] - [JUGADOR_0] Hitbox ataque: <rect(190, 507, 30, 15)>, Dir: (1.00, 0.00)
2025-05-19 16:57:10 - jugador - [DEBUG] - [JUGADOR_0] Pos flotante (pre-límites): (170.8800, 505.8800)
2025-05-19 16:57:10 - jugador - [DEBUG] - [JUGADOR_0] Pos flotante (post-límites): (170.8800, 505.8800)
2025-05-19 16:57:10 - jugador - [DEBUG] - [JUGADOR_0] Movimiento para CH: dx_int=3, dy_int=3. HB (antes CH): (168, 503), PosFlotante: (170.8800,505.8800)
2025-05-19 16:57:10 - jugador - [DEBUG] - [JUGADOR_0] Iniciando gestión de colisión con dx=3, dy=3. Hitbox actual: (168, 503)
2025-05-19 16:57:10 - jugador - [DEBUG] - [JUGADOR_0] Posición POST CH: HB: (166, 506), PosFlotante: (166.00, 506.00)
2025-05-19 16:57:10 - jugador - [DEBUG] - [JUGADOR_0] Hitbox ataque: <rect(188, 510, 30, 15)>, Dir: (1.00, 0.00)
2025-05-19 16:57:10 - jugador - [DEBUG] - [JUGADOR_0] Input teclado procesado: mov_x_input_raw=180, mov_y_input_raw=180
2025-05-19 16:57:10 - jugador - [DEBUG] - [JUGADOR_0] Delta flotante intentado: dx=2.8800, dy=2.8800 (delta_time: 0.0160)
2025-05-19 16:57:10 - jugador - [DEBUG] - [JUGADOR_0] Pos flotante (pre-límites): (168.8800, 508.8800)
2025-05-19 16:57:10 - jugador - [DEBUG] - [JUGADOR_0] Pos flotante (post-límites): (168.8800, 508.8800)
2025-05-19 16:57:10 - jugador - [DEBUG] - [JUGADOR_0] Movimiento para CH: dx_int=3, dy_int=3. HB (antes CH): (166, 506), PosFlotante: (168.8800,508.8800)
2025-05-19 16:57:10 - jugador - [DEBUG] - [JUGADOR_0] Iniciando gestión de colisión con dx=3, dy=3. Hitbox actual: (166, 506)
2025-05-19 16:57:10 - jugador - [DEBUG] - [JUGADOR_0] Posición POST CH: HB: (164, 509), PosFlotante: (164.00, 509.00)
2025-05-19 16:57:10 - jugador - [DEBUG] - [JUGADOR_0] Hitbox ataque: <rect(186, 513, 30, 15)>, Dir: (1.00, 0.00)
2025-05-19 16:57:10 - jugador - [DEBUG] - [JUGADOR_0] Delta flotante intentado: dx=3.0600, dy=3.0600 (delta_time: 0.0170)
2025-05-19 16:57:10 - jugador - [DEBUG] - [JUGADOR_0] Pos flotante (pre-límites): (167.0600, 512.0600)
2025-05-19 16:57:10 - jugador - [DEBUG] - [JUGADOR_0] Pos flotante (post-límites): (167.0600, 512.0600)
2025-05-19 16:57:10 - jugador - [DEBUG] - [JUGADOR_0] Movimiento para CH: dx_int=4, dy_int=4. HB (antes CH): (164, 509), PosFlotante: (167.0600,512.0600)
2025-05-19 16:57:10 - jugador - [DEBUG] - [JUGADOR_0] Iniciando gestión de colisión con dx=4, dy=4. Hitbox actual: (164, 509)
2025-05-19 16:57:10 - jugador - [DEBUG] - [JUGADOR_0] Posición POST CH: HB: (162, 510), PosFlotante: (162.00, 510.00)
2025-05-19 16:57:10 - jugador - [DEBUG] - [JUGADOR_0] Hitbox ataque: <rect(184, 514, 30, 15)>, Dir: (1.00, 0.00)
2025-05-19 16:57:11 - jugador - [DEBUG] - [JUGADOR_0] Pos flotante (pre-límites): (164.8800, 512.8800)
2025-05-19 16:57:11 - jugador - [DEBUG] - [JUGADOR_0] Pos flotante (post-límites): (164.8800, 512.8800)
2025-05-19 16:57:11 - jugador - [DEBUG] - [JUGADOR_0] Movimiento para CH: dx_int=3, dy_int=3. HB (antes CH): (162, 510), PosFlotante: (164.8800,512.8800)
2025-05-19 16:57:11 - jugador - [DEBUG] - [JUGADOR_0] Iniciando gestión de colisión con dx=3, dy=3. Hitbox actual: (162, 510)
2025-05-19 16:57:11 - jugador - [DEBUG] - [JUGADOR_0] Posición POST CH: HB: (160, 509), PosFlotante: (160.00, 509.00)
2025-05-19 16:57:11 - jugador - [DEBUG] - [JUGADOR_0] Hitbox ataque: <rect(182, 513, 30, 15)>, Dir: (1.00, 0.00)
2025-05-19 16:57:11 - jugador - [DEBUG] - [JUGADOR_0] Pos flotante (pre-límites): (162.8800, 511.8800)
2025-05-19 16:57:11 - jugador - [DEBUG] - [JUGADOR_0] Pos flotante (post-límites): (162.8800, 511.8800)
2025-05-19 16:57:11 - jugador - [DEBUG] - [JUGADOR_0] Movimiento para CH: dx_int=3, dy_int=3. HB (antes CH): (160, 509), PosFlotante: (162.8800,511.8800)
2025-05-19 16:57:11 - jugador - [DEBUG] - [JUGADOR_0] Iniciando gestión de colisión con dx=3, dy=3. Hitbox actual: (160, 509)
2025-05-19 16:57:11 - jugador - [DEBUG] - [JUGADOR_0] Posición POST CH: HB: (158, 512), PosFlotante: (158.00, 512.00)
2025-05-19 16:57:11 - jugador - [DEBUG] - [JUGADOR_0] Hitbox ataque: <rect(180, 516, 30, 15)>, Dir: (1.00, 0.00)
2025-05-19 16:57:11 - jugador - [INFO] - [JUGADOR_0] GOLPEÓ a [Enemigo_2] con perfil 'duracion_hitbox_ataque_espada'. Daño: 10.0
2025-05-19 16:57:11 - jugador - [DEBUG] - [JUGADOR_0] Input teclado procesado: mov_x_input_raw=180, mov_y_input_raw=180
2025-05-19 16:57:11 - jugador - [DEBUG] - [JUGADOR_0] Pos flotante (pre-límites): (161.0600, 515.0600)
2025-05-19 16:57:11 - jugador - [DEBUG] - [JUGADOR_0] Pos flotante (post-límites): (161.0600, 515.0600)
2025-05-19 16:57:11 - jugador - [DEBUG] - [JUGADOR_0] Movimiento para CH: dx_int=4, dy_int=4. HB (antes CH): (158, 512), PosFlotante: (161.0600,515.0600)
2025-05-19 16:57:11 - jugador - [DEBUG] - [JUGADOR_0] Iniciando gestión de colisión con dx=4, dy=4. Hitbox actual: (158, 512)
2025-05-19 16:57:11 - jugador - [DEBUG] - [JUGADOR_0] Posición POST CH: HB: (156, 516), PosFlotante: (156.00, 516.00)
2025-05-19 16:57:11 - jugador - [DEBUG] - [JUGADOR_0] Hitbox ataque: <rect(178, 520, 30, 15)>, Dir: (1.00, 0.00)
2025-05-19 16:57:11 - jugador - [DEBUG] - [JUGADOR_0] Delta flotante intentado: dx=3.0600, dy=3.0600 (delta_time: 0.0170)
2025-05-19 16:57:11 - jugador - [DEBUG] - [JUGADOR_0] Pos flotante (pre-límites): (159.0600, 519.0600)
2025-05-19 16:57:11 - jugador - [DEBUG] - [JUGADOR_0] Pos flotante (post-límites): (159.0600, 519.0600)
2025-05-19 16:57:11 - jugador - [DEBUG] - [JUGADOR_0] Movimiento para CH: dx_int=4, dy_int=4. HB (antes CH): (156, 516), PosFlotante: (159.0600,519.0600)
2025-05-19 16:57:11 - jugador - [DEBUG] - [JUGADOR_0] Iniciando gestión de colisión con dx=4, dy=4. Hitbox actual: (156, 516)
2025-05-19 16:57:11 - jugador - [DEBUG] - [JUGADOR_0] Posición POST CH: HB: (154, 520), PosFlotante: (154.00, 520.00)
2025-05-19 16:57:11 - jugador - [DEBUG] - [JUGADOR_0] Hitbox ataque: <rect(176, 524, 30, 15)>, Dir: (1.00, 0.00)
2025-05-19 16:57:11 - jugador - [DEBUG] - [JUGADOR_0] Delta flotante intentado: dx=2.8800, dy=2.8800 (delta_time: 0.0160)
2025-05-19 16:57:11 - jugador - [DEBUG] - [JUGADOR_0] Pos flotante (pre-límites): (156.8800, 522.8800)
2025-05-19 16:57:11 - jugador - [DEBUG] - [JUGADOR_0] Pos flotante (post-límites): (156.8800, 522.8800)
2025-05-19 16:57:11 - jugador - [DEBUG] - [JUGADOR_0] Movimiento para CH: dx_int=3, dy_int=3. HB (antes CH): (154, 520), PosFlotante: (156.8800,522.8800)
2025-05-19 16:57:11 - jugador - [DEBUG] - [JUGADOR_0] Iniciando gestión de colisión con dx=3, dy=3. Hitbox actual: (154, 520)
2025-05-19 16:57:11 - jugador - [DEBUG] - [JUGADOR_0] Posición POST CH: HB: (152, 523), PosFlotante: (152.00, 523.00)
2025-05-19 16:57:11 - jugador - [DEBUG] - [JUGADOR_0] Hitbox ataque: <rect(174, 527, 30, 15)>, Dir: (1.00, 0.00)
2025-05-19 16:57:11 - jugador - [DEBUG] - [JUGADOR_0] Pos flotante (pre-límites): (154.8800, 525.8800)
2025-05-19 16:57:11 - jugador - [DEBUG] - [JUGADOR_0] Pos flotante (post-límites): (154.8800, 525.8800)
2025-05-19 16:57:11 - jugador - [DEBUG] - [JUGADOR_0] Movimiento para CH: dx_int=3, dy_int=3. HB (antes CH): (152, 523), PosFlotante: (154.8800,525.8800)
2025-05-19 16:57:11 - jugador - [DEBUG] - [JUGADOR_0] Iniciando gestión de colisión con dx=3, dy=3. Hitbox actual: (152, 523)
2025-05-19 16:57:11 - jugador - [DEBUG] - [JUGADOR_0] Posición POST CH: HB: (151, 526), PosFlotante: (151.00, 526.00)
2025-05-19 16:57:11 - jugador - [DEBUG] - [JUGADOR_0] Hitbox ataque: <rect(173, 530, 30, 15)>, Dir: (1.00, 0.00)
2025-05-19 16:57:11 - jugador - [DEBUG] - [JUGADOR_0] Input teclado procesado: mov_x_input_raw=180, mov_y_input_raw=180
2025-05-19 16:57:11 - jugador - [DEBUG] - [JUGADOR_0] Pos flotante (pre-límites): (153.8800, 528.8800)
2025-05-19 16:57:11 - jugador - [DEBUG] - [JUGADOR_0] Pos flotante (post-límites): (153.8800, 528.8800)
2025-05-19 16:57:11 - jugador - [DEBUG] - [JUGADOR_0] Movimiento para CH: dx_int=3, dy_int=3. HB (antes CH): (151, 526), PosFlotante: (153.8800,528.8800)
2025-05-19 16:57:11 - jugador - [DEBUG] - [JUGADOR_0] Iniciando gestión de colisión con dx=3, dy=3. Hitbox actual: (151, 526)
2025-05-19 16:57:11 - jugador - [DEBUG] - [JUGADOR_0] Posición POST CH: HB: (150, 508), PosFlotante: (150.00, 508.00)
2025-05-19 16:57:11 - jugador - [DEBUG] - [JUGADOR_0] Hitbox ataque: <rect(172, 512, 30, 15)>, Dir: (1.00, 0.00)
2025-05-19 16:57:11 - jugador - [DEBUG] - [JUGADOR_0] Pos flotante (pre-límites): (152.8800, 510.8800)
2025-05-19 16:57:11 - jugador - [DEBUG] - [JUGADOR_0] Pos flotante (post-límites): (152.8800, 510.8800)
2025-05-19 16:57:11 - jugador - [DEBUG] - [JUGADOR_0] Movimiento para CH: dx_int=3, dy_int=3. HB (antes CH): (150, 508), PosFlotante: (152.8800,510.8800)
2025-05-19 16:57:11 - jugador - [DEBUG] - [JUGADOR_0] Iniciando gestión de colisión con dx=3, dy=3. Hitbox actual: (150, 508)
2025-05-19 16:57:11 - jugador - [DEBUG] - [JUGADOR_0] Posición POST CH: HB: (148, 511), PosFlotante: (148.00, 511.00)
2025-05-19 16:57:11 - jugador - [DEBUG] - [JUGADOR_0] Hitbox ataque: <rect(170, 515, 30, 15)>, Dir: (1.00, 0.00)
2025-05-19 16:57:11 - jugador - [DEBUG] - [JUGADOR_0] Delta flotante intentado: dx=2.8800, dy=2.8800 (delta_time: 0.0160)
2025-05-19 16:57:11 - jugador - [DEBUG] - [JUGADOR_0] Pos flotante (pre-límites): (150.8800, 513.8800)
2025-05-19 16:57:11 - jugador - [DEBUG] - [JUGADOR_0] Pos flotante (post-límites): (150.8800, 513.8800)
2025-05-19 16:57:11 - jugador - [DEBUG] - [JUGADOR_0] Movimiento para CH: dx_int=3, dy_int=3. HB (antes CH): (148, 511), PosFlotante: (150.8800,513.8800)
2025-05-19 16:57:11 - jugador - [DEBUG] - [JUGADOR_0] Iniciando gestión de colisión con dx=3, dy=3. Hitbox actual: (148, 511)
2025-05-19 16:57:11 - jugador - [DEBUG] - [JUGADOR_0] Posición POST CH: HB: (146, 514), PosFlotante: (146.00, 514.00)
2025-05-19 16:57:11 - jugador - [DEBUG] - [JUGADOR_0] Hitbox ataque: <rect(168, 518, 30, 15)>, Dir: (1.00, 0.00)
2025-05-19 16:57:11 - jugador - [DEBUG] - [JUGADOR_0] Pos flotante (pre-límites): (148.8800, 516.8800)
2025-05-19 16:57:11 - jugador - [DEBUG] - [JUGADOR_0] Pos flotante (post-límites): (148.8800, 516.8800)
2025-05-19 16:57:11 - jugador - [DEBUG] - [JUGADOR_0] Movimiento para CH: dx_int=3, dy_int=3. HB (antes CH): (146, 514), PosFlotante: (148.8800,516.8800)
2025-05-19 16:57:11 - jugador - [DEBUG] - [JUGADOR_0] Iniciando gestión de colisión con dx=3, dy=3. Hitbox actual: (146, 514)
2025-05-19 16:57:11 - jugador - [DEBUG] - [JUGADOR_0] Posición POST CH: HB: (144, 517), PosFlotante: (144.00, 517.00)
2025-05-19 16:57:11 - jugador - [DEBUG] - [JUGADOR_0] Hitbox ataque: <rect(166, 521, 30, 15)>, Dir: (1.00, 0.00)
2025-05-19 16:57:11 - jugador - [DEBUG] - [JUGADOR_0] Input teclado procesado: mov_x_input_raw=180, mov_y_input_raw=180
2025-05-19 16:57:11 - jugador - [DEBUG] - [JUGADOR_0] Pos flotante (pre-límites): (146.8800, 519.8800)
2025-05-19 16:57:11 - jugador - [DEBUG] - [JUGADOR_0] Pos flotante (post-límites): (146.8800, 519.8800)
2025-05-19 16:57:11 - jugador - [DEBUG] - [JUGADOR_0] Movimiento para CH: dx_int=3, dy_int=3. HB (antes CH): (144, 517), PosFlotante: (146.8800,519.8800)
2025-05-19 16:57:11 - jugador - [DEBUG] - [JUGADOR_0] Iniciando gestión de colisión con dx=3, dy=3. Hitbox actual: (144, 517)
2025-05-19 16:57:11 - jugador - [DEBUG] - [JUGADOR_0] Posición POST CH: HB: (142, 520), PosFlotante: (142.00, 520.00)
2025-05-19 16:57:11 - jugador - [DEBUG] - [JUGADOR_0] Hitbox ataque: <rect(164, 524, 30, 15)>, Dir: (1.00, 0.00)
2025-05-19 16:57:11 - jugador - [DEBUG] - [JUGADOR_0] Delta flotante intentado: dx=3.0600, dy=3.0600 (delta_time: 0.0170)
2025-05-19 16:57:11 - jugador - [DEBUG] - [JUGADOR_0] Pos flotante (pre-límites): (145.0600, 523.0600)
2025-05-19 16:57:11 - jugador - [DEBUG] - [JUGADOR_0] Pos flotante (post-límites): (145.0600, 523.0600)
2025-05-19 16:57:11 - jugador - [DEBUG] - [JUGADOR_0] Movimiento para CH: dx_int=4, dy_int=4. HB (antes CH): (142, 520), PosFlotante: (145.0600,523.0600)
2025-05-19 16:57:11 - jugador - [DEBUG] - [JUGADOR_0] Iniciando gestión de colisión con dx=4, dy=4. Hitbox actual: (142, 520)
2025-05-19 16:57:11 - jugador - [DEBUG] - [JUGADOR_0] Posición POST CH: HB: (140, 524), PosFlotante: (140.00, 524.00)
2025-05-19 16:57:11 - jugador - [DEBUG] - [JUGADOR_0] Hitbox ataque: <rect(162, 528, 30, 15)>, Dir: (1.00, 0.00)
2025-05-19 16:57:11 - jugador - [DEBUG] - [JUGADOR_0] Pos flotante (pre-límites): (143.0600, 527.0600)
2025-05-19 16:57:11 - jugador - [DEBUG] - [JUGADOR_0] Pos flotante (post-límites): (143.0600, 527.0600)
2025-05-19 16:57:11 - jugador - [DEBUG] - [JUGADOR_0] Movimiento para CH: dx_int=4, dy_int=4. HB (antes CH): (140, 524), PosFlotante: (143.0600,527.0600)
2025-05-19 16:57:11 - jugador - [DEBUG] - [JUGADOR_0] Iniciando gestión de colisión con dx=4, dy=4. Hitbox actual: (140, 524)
2025-05-19 16:57:11 - jugador - [DEBUG] - [JUGADOR_0] Posición POST CH: HB: (138, 528), PosFlotante: (138.00, 528.00)
2025-05-19 16:57:11 - jugador - [DEBUG] - [JUGADOR_0] ATAQUE FINALIZADO (Duración: 300ms). Enemigos golpeados: 2
2025-05-19 16:57:11 - jugador - [DEBUG] - [JUGADOR_0] Input teclado procesado: mov_x_input_raw=180, mov_y_input_raw=180
2025-05-19 16:57:11 - jugador - [DEBUG] - [JUGADOR_0] Pos flotante (pre-límites): (141.0600, 531.0600)
2025-05-19 16:57:11 - jugador - [DEBUG] - [JUGADOR_0] Pos flotante (post-límites): (141.0600, 531.0600)
2025-05-19 16:57:11 - jugador - [DEBUG] - [JUGADOR_0] Movimiento para CH: dx_int=4, dy_int=4. HB (antes CH): (138, 528), PosFlotante: (141.0600,531.0600)
2025-05-19 16:57:11 - jugador - [DEBUG] - [JUGADOR_0] Iniciando gestión de colisión con dx=4, dy=4. Hitbox actual: (138, 528)
2025-05-19 16:57:11 - jugador - [DEBUG] - [JUGADOR_0] Posición POST CH: HB: (137, 532), PosFlotante: (137.00, 532.00)
2025-05-19 16:57:11 - jugador - [DEBUG] - [JUGADOR_0] Input teclado procesado: mov_x_input_raw=180, mov_y_input_raw=0
2025-05-19 16:57:11 - jugador - [DEBUG] - [JUGADOR_0] Delta flotante intentado: dx=3.0600, dy=0.0000 (delta_time: 0.0170)
2025-05-19 16:57:11 - jugador - [DEBUG] - [JUGADOR_0] Pos flotante (pre-límites): (140.0600, 532.0000)
2025-05-19 16:57:11 - jugador - [DEBUG] - [JUGADOR_0] Pos flotante (post-límites): (140.0600, 532.0000)
2025-05-19 16:57:11 - jugador - [DEBUG] - [JUGADOR_0] Movimiento para CH: dx_int=4, dy_int=0. HB (antes CH): (137, 532), PosFlotante: (140.0600,532.0000)
2025-05-19 16:57:11 - jugador - [DEBUG] - [JUGADOR_0] Iniciando gestión de colisión con dx=4, dy=0. Hitbox actual: (137, 532)
2025-05-19 16:57:11 - jugador - [DEBUG] - [JUGADOR_0] Posición POST CH: HB: (136, 532), PosFlotante: (136.00, 532.00)
2025-05-19 16:57:11 - jugador - [DEBUG] - [JUGADOR_0] Delta flotante intentado: dx=2.8800, dy=0.0000 (delta_time: 0.0160)
2025-05-19 16:57:11 - jugador - [DEBUG] - [JUGADOR_0] Pos flotante (pre-límites): (138.8800, 532.0000)
2025-05-19 16:57:11 - jugador - [DEBUG] - [JUGADOR_0] Pos flotante (post-límites): (138.8800, 532.0000)
2025-05-19 16:57:11 - jugador - [DEBUG] - [JUGADOR_0] Movimiento para CH: dx_int=3, dy_int=0. HB (antes CH): (136, 532), PosFlotante: (138.8800,532.0000)
2025-05-19 16:57:11 - jugador - [DEBUG] - [JUGADOR_0] Iniciando gestión de colisión con dx=3, dy=0. Hitbox actual: (136, 532)
2025-05-19 16:57:11 - jugador - [DEBUG] - [JUGADOR_0] Posición POST CH: HB: (134, 532), PosFlotante: (134.00, 532.00)
2025-05-19 16:57:11 - jugador - [DEBUG] - [JUGADOR_0] Pos flotante (pre-límites): (137.0600, 532.0000)
2025-05-19 16:57:11 - jugador - [DEBUG] - [JUGADOR_0] Pos flotante (post-límites): (137.0600, 532.0000)
2025-05-19 16:57:11 - jugador - [DEBUG] - [JUGADOR_0] Movimiento para CH: dx_int=4, dy_int=0. HB (antes CH): (134, 532), PosFlotante: (137.0600,532.0000)
2025-05-19 16:57:11 - jugador - [DEBUG] - [JUGADOR_0] Iniciando gestión de colisión con dx=4, dy=0. Hitbox actual: (134, 532)
2025-05-19 16:57:11 - jugador - [DEBUG] - [JUGADOR_0] Posición POST CH: HB: (132, 532), PosFlotante: (132.00, 532.00)
2025-05-19 16:57:11 - jugador - [DEBUG] - [JUGADOR_0] Pos flotante (pre-límites): (135.0600, 532.0000)
2025-05-19 16:57:11 - jugador - [DEBUG] - [JUGADOR_0] Pos flotante (post-límites): (135.0600, 532.0000)
2025-05-19 16:57:11 - jugador - [DEBUG] - [JUGADOR_0] Movimiento para CH: dx_int=4, dy_int=0. HB (antes CH): (132, 532), PosFlotante: (135.0600,532.0000)
2025-05-19 16:57:11 - jugador - [DEBUG] - [JUGADOR_0] Iniciando gestión de colisión con dx=4, dy=0. Hitbox actual: (132, 532)
2025-05-19 16:57:11 - jugador - [DEBUG] - [JUGADOR_0] Posición POST CH: HB: (130, 532), PosFlotante: (130.00, 532.00)
2025-05-19 16:57:11 - jugador - [DEBUG] - [JUGADOR_0] Input teclado procesado: mov_x_input_raw=180, mov_y_input_raw=0
2025-05-19 16:57:11 - jugador - [DEBUG] - [JUGADOR_0] Delta flotante intentado: dx=2.8800, dy=0.0000 (delta_time: 0.0160)
2025-05-19 16:57:11 - jugador - [DEBUG] - [JUGADOR_0] Pos flotante (pre-límites): (132.8800, 532.0000)
2025-05-19 16:57:11 - jugador - [DEBUG] - [JUGADOR_0] Pos flotante (post-límites): (132.8800, 532.0000)
2025-05-19 16:57:11 - jugador - [DEBUG] - [JUGADOR_0] Movimiento para CH: dx_int=3, dy_int=0. HB (antes CH): (130, 532), PosFlotante: (132.8800,532.0000)
2025-05-19 16:57:11 - jugador - [DEBUG] - [JUGADOR_0] Iniciando gestión de colisión con dx=3, dy=0. Hitbox actual: (130, 532)
2025-05-19 16:57:11 - jugador - [DEBUG] - [JUGADOR_0] Posición POST CH: HB: (128, 532), PosFlotante: (128.00, 532.00)
2025-05-19 16:57:11 - jugador - [DEBUG] - [JUGADOR_0] Pos flotante (pre-límites): (130.8800, 532.0000)
2025-05-19 16:57:11 - jugador - [DEBUG] - [JUGADOR_0] Pos flotante (post-límites): (130.8800, 532.0000)
2025-05-19 16:57:11 - jugador - [DEBUG] - [JUGADOR_0] Movimiento para CH: dx_int=3, dy_int=0. HB (antes CH): (128, 532), PosFlotante: (130.8800,532.0000)
2025-05-19 16:57:11 - jugador - [DEBUG] - [JUGADOR_0] Iniciando gestión de colisión con dx=3, dy=0. Hitbox actual: (128, 532)
2025-05-19 16:57:11 - jugador - [DEBUG] - [JUGADOR_0] Posición POST CH: HB: (126, 532), PosFlotante: (126.00, 532.00)
2025-05-19 16:57:11 - jugador - [DEBUG] - [JUGADOR_0] Input teclado procesado: mov_x_input_raw=180, mov_y_input_raw=-180
2025-05-19 16:57:11 - jugador - [DEBUG] - [JUGADOR_0] Delta flotante intentado: dx=3.0600, dy=-3.0600 (delta_time: 0.0170)
2025-05-19 16:57:11 - jugador - [DEBUG] - [JUGADOR_0] Pos flotante (pre-límites): (129.0600, 528.9400)
2025-05-19 16:57:11 - jugador - [DEBUG] - [JUGADOR_0] Pos flotante (post-límites): (129.0600, 528.9400)
2025-05-19 16:57:11 - jugador - [DEBUG] - [JUGADOR_0] Movimiento para CH: dx_int=4, dy_int=-4. HB (antes CH): (126, 532), PosFlotante: (129.0600,528.9400)
2025-05-19 16:57:11 - jugador - [DEBUG] - [JUGADOR_0] Iniciando gestión de colisión con dx=4, dy=-4. Hitbox actual: (126, 532)
2025-05-19 16:57:11 - jugador - [DEBUG] - [JUGADOR_0] Posición POST CH: HB: (124, 528), PosFlotante: (124.00, 528.00)
2025-05-19 16:57:11 - jugador - [DEBUG] - [JUGADOR_0] Delta flotante intentado: dx=2.8800, dy=-2.8800 (delta_time: 0.0160)
2025-05-19 16:57:11 - jugador - [DEBUG] - [JUGADOR_0] Pos flotante (pre-límites): (126.8800, 525.1200)
2025-05-19 16:57:11 - jugador - [DEBUG] - [JUGADOR_0] Pos flotante (post-límites): (126.8800, 525.1200)
2025-05-19 16:57:11 - jugador - [DEBUG] - [JUGADOR_0] Movimiento para CH: dx_int=3, dy_int=-3. HB (antes CH): (124, 528), PosFlotante: (126.8800,525.1200)
2025-05-19 16:57:11 - jugador - [DEBUG] - [JUGADOR_0] Iniciando gestión de colisión con dx=3, dy=-3. Hitbox actual: (124, 528)
2025-05-19 16:57:11 - jugador - [DEBUG] - [JUGADOR_0] Posición POST CH: HB: (122, 525), PosFlotante: (122.00, 525.00)
2025-05-19 16:57:11 - jugador - [DEBUG] - [JUGADOR_0] Input teclado procesado: mov_x_input_raw=-180, mov_y_input_raw=-180
2025-05-19 16:57:11 - jugador - [DEBUG] - [JUGADOR_0] Delta flotante intentado: dx=-3.0600, dy=-3.0600 (delta_time: 0.0170)
2025-05-19 16:57:11 - jugador - [DEBUG] - [JUGADOR_0] Pos flotante (pre-límites): (118.9400, 521.9400)
2025-05-19 16:57:11 - jugador - [DEBUG] - [JUGADOR_0] Pos flotante (post-límites): (118.9400, 521.9400)
2025-05-19 16:57:11 - jugador - [DEBUG] - [JUGADOR_0] Movimiento para CH: dx_int=-4, dy_int=-4. HB (antes CH): (122, 525), PosFlotante: (118.9400,521.9400)
2025-05-19 16:57:11 - jugador - [DEBUG] - [JUGADOR_0] Iniciando gestión de colisión con dx=-4, dy=-4. Hitbox actual: (122, 525)
2025-05-19 16:57:11 - jugador - [DEBUG] - [JUGADOR_0] Posición POST CH: HB: (116, 521), PosFlotante: (116.00, 521.00)
2025-05-19 16:57:11 - jugador - [DEBUG] - [JUGADOR_0] Delta flotante intentado: dx=-2.8800, dy=-2.8800 (delta_time: 0.0160)
2025-05-19 16:57:11 - jugador - [DEBUG] - [JUGADOR_0] Pos flotante (pre-límites): (113.1200, 518.1200)
2025-05-19 16:57:11 - jugador - [DEBUG] - [JUGADOR_0] Pos flotante (post-límites): (113.1200, 518.1200)
2025-05-19 16:57:11 - jugador - [DEBUG] - [JUGADOR_0] Movimiento para CH: dx_int=-3, dy_int=-3. HB (antes CH): (116, 521), PosFlotante: (113.1200,518.1200)
2025-05-19 16:57:11 - jugador - [DEBUG] - [JUGADOR_0] Iniciando gestión de colisión con dx=-3, dy=-3. Hitbox actual: (116, 521)
2025-05-19 16:57:11 - jugador - [DEBUG] - [JUGADOR_0] Posición POST CH: HB: (113, 518), PosFlotante: (113.00, 518.00)
2025-05-19 16:57:11 - jugador - [DEBUG] - [JUGADOR_0] Pos flotante (pre-límites): (110.1200, 515.1200)
2025-05-19 16:57:11 - jugador - [DEBUG] - [JUGADOR_0] Pos flotante (post-límites): (110.1200, 515.1200)
2025-05-19 16:57:11 - jugador - [DEBUG] - [JUGADOR_0] Movimiento para CH: dx_int=-3, dy_int=-3. HB (antes CH): (113, 518), PosFlotante: (110.1200,515.1200)
2025-05-19 16:57:11 - jugador - [DEBUG] - [JUGADOR_0] Iniciando gestión de colisión con dx=-3, dy=-3. Hitbox actual: (113, 518)
2025-05-19 16:57:11 - jugador - [DEBUG] - [JUGADOR_0] Posición POST CH: HB: (110, 515), PosFlotante: (110.00, 515.00)
2025-05-19 16:57:11 - jugador - [DEBUG] - [JUGADOR_0] Input teclado procesado: mov_x_input_raw=0, mov_y_input_raw=-180
2025-05-19 16:57:11 - jugador - [DEBUG] - [JUGADOR_0] Delta flotante intentado: dx=0.0000, dy=-2.8800 (delta_time: 0.0160)
2025-05-19 16:57:11 - jugador - [DEBUG] - [JUGADOR_0] Pos flotante (pre-límites): (110.0000, 512.1200)
2025-05-19 16:57:11 - jugador - [DEBUG] - [JUGADOR_0] Pos flotante (post-límites): (110.0000, 512.1200)
2025-05-19 16:57:11 - jugador - [DEBUG] - [JUGADOR_0] Movimiento para CH: dx_int=0, dy_int=-3. HB (antes CH): (110, 515), PosFlotante: (110.0000,512.1200)
2025-05-19 16:57:11 - jugador - [DEBUG] - [JUGADOR_0] Iniciando gestión de colisión con dx=0, dy=-3. Hitbox actual: (110, 515)
2025-05-19 16:57:11 - jugador - [DEBUG] - [JUGADOR_0] Posición POST CH: HB: (110, 512), PosFlotante: (110.00, 512.00)
2025-05-19 16:57:11 - jugador - [DEBUG] - [JUGADOR_0] Delta flotante intentado: dx=0.0000, dy=-3.0600 (delta_time: 0.0170)
2025-05-19 16:57:11 - jugador - [DEBUG] - [JUGADOR_0] Pos flotante (pre-límites): (110.0000, 508.9400)
2025-05-19 16:57:11 - jugador - [DEBUG] - [JUGADOR_0] Pos flotante (post-límites): (110.0000, 508.9400)
2025-05-19 16:57:11 - jugador - [DEBUG] - [JUGADOR_0] Movimiento para CH: dx_int=0, dy_int=-4. HB (antes CH): (110, 512), PosFlotante: (110.0000,508.9400)
2025-05-19 16:57:11 - jugador - [DEBUG] - [JUGADOR_0] Iniciando gestión de colisión con dx=0, dy=-4. Hitbox actual: (110, 512)
2025-05-19 16:57:11 - jugador - [DEBUG] - [JUGADOR_0] Posición POST CH: HB: (110, 508), PosFlotante: (110.00, 508.00)
2025-05-19 16:57:11 - jugador - [DEBUG] - [JUGADOR_0] Pos flotante (pre-límites): (110.0000, 505.1200)
2025-05-19 16:57:11 - jugador - [DEBUG] - [JUGADOR_0] Pos flotante (post-límites): (110.0000, 505.1200)
2025-05-19 16:57:11 - jugador - [DEBUG] - [JUGADOR_0] Movimiento para CH: dx_int=0, dy_int=-3. HB (antes CH): (110, 508), PosFlotante: (110.0000,505.1200)
2025-05-19 16:57:11 - jugador - [DEBUG] - [JUGADOR_0] Iniciando gestión de colisión con dx=0, dy=-3. Hitbox actual: (110, 508)
2025-05-19 16:57:11 - jugador - [DEBUG] - [JUGADOR_0] Posición POST CH: HB: (110, 505), PosFlotante: (110.00, 505.00)
2025-05-19 16:57:11 - jugador - [DEBUG] - [JUGADOR_0] Pos flotante (pre-límites): (110.0000, 501.9400)
2025-05-19 16:57:11 - jugador - [DEBUG] - [JUGADOR_0] Pos flotante (post-límites): (110.0000, 501.9400)
2025-05-19 16:57:11 - jugador - [DEBUG] - [JUGADOR_0] Movimiento para CH: dx_int=0, dy_int=-4. HB (antes CH): (110, 505), PosFlotante: (110.0000,501.9400)
2025-05-19 16:57:11 - jugador - [DEBUG] - [JUGADOR_0] Iniciando gestión de colisión con dx=0, dy=-4. Hitbox actual: (110, 505)
2025-05-19 16:57:11 - jugador - [DEBUG] - [JUGADOR_0] Posición POST CH: HB: (110, 501), PosFlotante: (110.00, 501.00)
2025-05-19 16:57:11 - jugador - [DEBUG] - [JUGADOR_0] Input teclado procesado: mov_x_input_raw=0, mov_y_input_raw=-180
2025-05-19 16:57:11 - jugador - [DEBUG] - [JUGADOR_0] Pos flotante (pre-límites): (110.0000, 497.9400)
2025-05-19 16:57:11 - jugador - [DEBUG] - [JUGADOR_0] Pos flotante (post-límites): (110.0000, 497.9400)
2025-05-19 16:57:11 - jugador - [DEBUG] - [JUGADOR_0] Movimiento para CH: dx_int=0, dy_int=-4. HB (antes CH): (110, 501), PosFlotante: (110.0000,497.9400)
2025-05-19 16:57:11 - jugador - [DEBUG] - [JUGADOR_0] Iniciando gestión de colisión con dx=0, dy=-4. Hitbox actual: (110, 501)
2025-05-19 16:57:11 - jugador - [DEBUG] - [JUGADOR_0] Posición POST CH: HB: (110, 497), PosFlotante: (110.00, 497.00)
2025-05-19 16:57:11 - jugador - [DEBUG] - [JUGADOR_0] Delta flotante intentado: dx=0.0000, dy=-2.8800 (delta_time: 0.0160)
2025-05-19 16:57:11 - jugador - [DEBUG] - [JUGADOR_0] Pos flotante (pre-límites): (110.0000, 494.1200)
2025-05-19 16:57:11 - jugador - [DEBUG] - [JUGADOR_0] Pos flotante (post-límites): (110.0000, 494.1200)
2025-05-19 16:57:11 - jugador - [DEBUG] - [JUGADOR_0] Movimiento para CH: dx_int=0, dy_int=-3. HB (antes CH): (110, 497), PosFlotante: (110.0000,494.1200)
2025-05-19 16:57:11 - jugador - [DEBUG] - [JUGADOR_0] Iniciando gestión de colisión con dx=0, dy=-3. Hitbox actual: (110, 497)
2025-05-19 16:57:11 - jugador - [DEBUG] - [JUGADOR_0] Posición POST CH: HB: (110, 494), PosFlotante: (110.00, 494.00)
2025-05-19 16:57:11 - jugador - [DEBUG] - [JUGADOR_0] Input teclado procesado: mov_x_input_raw=-180, mov_y_input_raw=-180
2025-05-19 16:57:11 - jugador - [DEBUG] - [JUGADOR_0] Delta flotante intentado: dx=-2.8800, dy=-2.8800 (delta_time: 0.0160)
2025-05-19 16:57:11 - jugador - [DEBUG] - [JUGADOR_0] Pos flotante (pre-límites): (107.1200, 491.1200)
2025-05-19 16:57:11 - jugador - [DEBUG] - [JUGADOR_0] Pos flotante (post-límites): (107.1200, 491.1200)
2025-05-19 16:57:11 - jugador - [DEBUG] - [JUGADOR_0] Movimiento para CH: dx_int=-3, dy_int=-3. HB (antes CH): (110, 494), PosFlotante: (107.1200,491.1200)
2025-05-19 16:57:11 - jugador - [DEBUG] - [JUGADOR_0] Iniciando gestión de colisión con dx=-3, dy=-3. Hitbox actual: (110, 494)
2025-05-19 16:57:11 - jugador - [DEBUG] - [JUGADOR_0] Posición POST CH: HB: (107, 491), PosFlotante: (107.00, 491.00)
2025-05-19 16:57:11 - jugador - [DEBUG] - [JUGADOR_0] Pos flotante (pre-límites): (104.1200, 488.1200)
2025-05-19 16:57:11 - jugador - [DEBUG] - [JUGADOR_0] Pos flotante (post-límites): (104.1200, 488.1200)
2025-05-19 16:57:11 - jugador - [DEBUG] - [JUGADOR_0] Movimiento para CH: dx_int=-3, dy_int=-3. HB (antes CH): (107, 491), PosFlotante: (104.1200,488.1200)
2025-05-19 16:57:11 - jugador - [DEBUG] - [JUGADOR_0] Iniciando gestión de colisión con dx=-3, dy=-3. Hitbox actual: (107, 491)
2025-05-19 16:57:11 - jugador - [DEBUG] - [JUGADOR_0] Posición POST CH: HB: (104, 488), PosFlotante: (104.00, 488.00)
2025-05-19 16:57:11 - jugador - [DEBUG] - [JUGADOR_0] Pos flotante (pre-límites): (101.1200, 485.1200)
2025-05-19 16:57:11 - jugador - [DEBUG] - [JUGADOR_0] Pos flotante (post-límites): (101.1200, 485.1200)
2025-05-19 16:57:11 - jugador - [DEBUG] - [JUGADOR_0] Movimiento para CH: dx_int=-3, dy_int=-3. HB (antes CH): (104, 488), PosFlotante: (101.1200,485.1200)
2025-05-19 16:57:11 - jugador - [DEBUG] - [JUGADOR_0] Iniciando gestión de colisión con dx=-3, dy=-3. Hitbox actual: (104, 488)
2025-05-19 16:57:11 - jugador - [DEBUG] - [JUGADOR_0] Posición POST CH: HB: (101, 485), PosFlotante: (101.00, 485.00)
2025-05-19 16:57:11 - jugador - [DEBUG] - [JUGADOR_0] Delta flotante intentado: dx=-3.0600, dy=-3.0600 (delta_time: 0.0170)
2025-05-19 16:57:11 - jugador - [DEBUG] - [JUGADOR_0] Pos flotante (pre-límites): (97.9400, 481.9400)
2025-05-19 16:57:11 - jugador - [DEBUG] - [JUGADOR_0] Pos flotante (post-límites): (97.9400, 481.9400)
2025-05-19 16:57:11 - jugador - [DEBUG] - [JUGADOR_0] Movimiento para CH: dx_int=-4, dy_int=-4. HB (antes CH): (101, 485), PosFlotante: (97.9400,481.9400)
2025-05-19 16:57:11 - jugador - [DEBUG] - [JUGADOR_0] Iniciando gestión de colisión con dx=-4, dy=-4. Hitbox actual: (101, 485)
2025-05-19 16:57:11 - jugador - [DEBUG] - [JUGADOR_0] Posición POST CH: HB: (97, 481), PosFlotante: (97.00, 481.00)
2025-05-19 16:57:11 - jugador - [DEBUG] - [JUGADOR_0] Intento de ataque en cooldown (700.0ms). Tiempo desde último: 690ms
2025-05-19 16:57:11 - jugador - [DEBUG] - [JUGADOR_0] Input teclado procesado: mov_x_input_raw=-180, mov_y_input_raw=-180
2025-05-19 16:57:11 - jugador - [DEBUG] - [JUGADOR_0] Pos flotante (pre-límites): (93.9400, 477.9400)
2025-05-19 16:57:11 - jugador - [DEBUG] - [JUGADOR_0] Pos flotante (post-límites): (93.9400, 477.9400)
2025-05-19 16:57:11 - jugador - [DEBUG] - [JUGADOR_0] Movimiento para CH: dx_int=-4, dy_int=-4. HB (antes CH): (97, 481), PosFlotante: (93.9400,477.9400)
2025-05-19 16:57:11 - jugador - [DEBUG] - [JUGADOR_0] Iniciando gestión de colisión con dx=-4, dy=-4. Hitbox actual: (97, 481)
2025-05-19 16:57:11 - jugador - [DEBUG] - [JUGADOR_0] Posición POST CH: HB: (93, 477), PosFlotante: (93.00, 477.00)
2025-05-19 16:57:11 - jugador - [DEBUG] - [JUGADOR_0] Delta flotante intentado: dx=-2.8800, dy=-2.8800 (delta_time: 0.0160)
2025-05-19 16:57:11 - jugador - [DEBUG] - [JUGADOR_0] Pos flotante (pre-límites): (90.1200, 474.1200)
2025-05-19 16:57:11 - jugador - [DEBUG] - [JUGADOR_0] Pos flotante (post-límites): (90.1200, 474.1200)
2025-05-19 16:57:11 - jugador - [DEBUG] - [JUGADOR_0] Movimiento para CH: dx_int=-3, dy_int=-3. HB (antes CH): (93, 477), PosFlotante: (90.1200,474.1200)
2025-05-19 16:57:11 - jugador - [DEBUG] - [JUGADOR_0] Iniciando gestión de colisión con dx=-3, dy=-3. Hitbox actual: (93, 477)
2025-05-19 16:57:11 - jugador - [DEBUG] - [JUGADOR_0] Posición POST CH: HB: (90, 474), PosFlotante: (90.00, 474.00)
2025-05-19 16:57:11 - jugador - [DEBUG] - [JUGADOR_0] Pos flotante (pre-límites): (87.1200, 471.1200)
2025-05-19 16:57:11 - jugador - [DEBUG] - [JUGADOR_0] Pos flotante (post-límites): (87.1200, 471.1200)
2025-05-19 16:57:11 - jugador - [DEBUG] - [JUGADOR_0] Movimiento para CH: dx_int=-3, dy_int=-3. HB (antes CH): (90, 474), PosFlotante: (87.1200,471.1200)
2025-05-19 16:57:11 - jugador - [DEBUG] - [JUGADOR_0] Iniciando gestión de colisión con dx=-3, dy=-3. Hitbox actual: (90, 474)
2025-05-19 16:57:11 - jugador - [DEBUG] - [JUGADOR_0] Posición POST CH: HB: (87, 471), PosFlotante: (87.00, 471.00)
2025-05-19 16:57:11 - jugador - [DEBUG] - [JUGADOR_0] Delta flotante intentado: dx=-3.0600, dy=-3.0600 (delta_time: 0.0170)
2025-05-19 16:57:11 - jugador - [DEBUG] - [JUGADOR_0] Pos flotante (pre-límites): (83.9400, 467.9400)
2025-05-19 16:57:11 - jugador - [DEBUG] - [JUGADOR_0] Pos flotante (post-límites): (83.9400, 467.9400)
2025-05-19 16:57:11 - jugador - [DEBUG] - [JUGADOR_0] Movimiento para CH: dx_int=-4, dy_int=-4. HB (antes CH): (87, 471), PosFlotante: (83.9400,467.9400)
2025-05-19 16:57:11 - jugador - [DEBUG] - [JUGADOR_0] Iniciando gestión de colisión con dx=-4, dy=-4. Hitbox actual: (87, 471)
2025-05-19 16:57:11 - jugador - [DEBUG] - [JUGADOR_0] Posición POST CH: HB: (83, 467), PosFlotante: (83.00, 467.00)
2025-05-19 16:57:11 - jugador - [DEBUG] - [JUGADOR_0] Input teclado procesado: mov_x_input_raw=-180, mov_y_input_raw=-180
2025-05-19 16:57:11 - jugador - [DEBUG] - [JUGADOR_0] Pos flotante (pre-límites): (80.1200, 464.1200)
2025-05-19 16:57:11 - jugador - [DEBUG] - [JUGADOR_0] Pos flotante (post-límites): (80.1200, 464.1200)
2025-05-19 16:57:11 - jugador - [DEBUG] - [JUGADOR_0] Movimiento para CH: dx_int=-3, dy_int=-3. HB (antes CH): (83, 467), PosFlotante: (80.1200,464.1200)
2025-05-19 16:57:11 - jugador - [DEBUG] - [JUGADOR_0] Iniciando gestión de colisión con dx=-3, dy=-3. Hitbox actual: (83, 467)
2025-05-19 16:57:11 - jugador - [DEBUG] - [JUGADOR_0] Posición POST CH: HB: (80, 464), PosFlotante: (80.00, 464.00)
2025-05-19 16:57:11 - jugador - [DEBUG] - [JUGADOR_0] Delta flotante intentado: dx=-2.8800, dy=-2.8800 (delta_time: 0.0160)
2025-05-19 16:57:11 - jugador - [DEBUG] - [JUGADOR_0] Pos flotante (pre-límites): (77.1200, 461.1200)
2025-05-19 16:57:11 - jugador - [DEBUG] - [JUGADOR_0] Pos flotante (post-límites): (77.1200, 461.1200)
2025-05-19 16:57:11 - jugador - [DEBUG] - [JUGADOR_0] Movimiento para CH: dx_int=-3, dy_int=-3. HB (antes CH): (80, 464), PosFlotante: (77.1200,461.1200)
2025-05-19 16:57:11 - jugador - [DEBUG] - [JUGADOR_0] Iniciando gestión de colisión con dx=-3, dy=-3. Hitbox actual: (80, 464)
2025-05-19 16:57:11 - jugador - [DEBUG] - [JUGADOR_0] Posición POST CH: HB: (77, 461), PosFlotante: (77.00, 461.00)
2025-05-19 16:57:11 - jugador - [DEBUG] - [JUGADOR_0] Pos flotante (pre-límites): (74.1200, 458.1200)
2025-05-19 16:57:11 - jugador - [DEBUG] - [JUGADOR_0] Pos flotante (post-límites): (74.1200, 458.1200)
2025-05-19 16:57:11 - jugador - [DEBUG] - [JUGADOR_0] Movimiento para CH: dx_int=-3, dy_int=-3. HB (antes CH): (77, 461), PosFlotante: (74.1200,458.1200)
2025-05-19 16:57:11 - jugador - [DEBUG] - [JUGADOR_0] Iniciando gestión de colisión con dx=-3, dy=-3. Hitbox actual: (77, 461)
2025-05-19 16:57:11 - jugador - [DEBUG] - [JUGADOR_0] Posición POST CH: HB: (74, 458), PosFlotante: (74.00, 458.00)
2025-05-19 16:57:11 - jugador - [DEBUG] - [JUGADOR_0] Input teclado procesado: mov_x_input_raw=-180, mov_y_input_raw=0
2025-05-19 16:57:11 - jugador - [DEBUG] - [JUGADOR_0] Delta flotante intentado: dx=-3.0600, dy=0.0000 (delta_time: 0.0170)
2025-05-19 16:57:11 - jugador - [DEBUG] - [JUGADOR_0] Pos flotante (pre-límites): (70.9400, 458.0000)
2025-05-19 16:57:11 - jugador - [DEBUG] - [JUGADOR_0] Pos flotante (post-límites): (70.9400, 458.0000)
2025-05-19 16:57:11 - jugador - [DEBUG] - [JUGADOR_0] Movimiento para CH: dx_int=-4, dy_int=0. HB (antes CH): (74, 458), PosFlotante: (70.9400,458.0000)
2025-05-19 16:57:11 - jugador - [DEBUG] - [JUGADOR_0] Iniciando gestión de colisión con dx=-4, dy=0. Hitbox actual: (74, 458)
2025-05-19 16:57:11 - jugador - [DEBUG] - [JUGADOR_0] Posición POST CH: HB: (70, 458), PosFlotante: (70.00, 458.00)
2025-05-19 16:57:11 - jugador - [DEBUG] - [JUGADOR_0] Delta flotante intentado: dx=-2.8800, dy=0.0000 (delta_time: 0.0160)
2025-05-19 16:57:11 - jugador - [DEBUG] - [JUGADOR_0] Pos flotante (pre-límites): (67.1200, 458.0000)
2025-05-19 16:57:11 - jugador - [DEBUG] - [JUGADOR_0] Pos flotante (post-límites): (67.1200, 458.0000)
2025-05-19 16:57:11 - jugador - [DEBUG] - [JUGADOR_0] Movimiento para CH: dx_int=-3, dy_int=0. HB (antes CH): (70, 458), PosFlotante: (67.1200,458.0000)
2025-05-19 16:57:11 - jugador - [DEBUG] - [JUGADOR_0] Iniciando gestión de colisión con dx=-3, dy=0. Hitbox actual: (70, 458)
2025-05-19 16:57:11 - jugador - [DEBUG] - [JUGADOR_0] Posición POST CH: HB: (67, 458), PosFlotante: (67.00, 458.00)
2025-05-19 16:57:11 - jugador - [DEBUG] - [JUGADOR_0] Pos flotante (pre-límites): (64.1200, 458.0000)
2025-05-19 16:57:11 - jugador - [DEBUG] - [JUGADOR_0] Pos flotante (post-límites): (64.1200, 458.0000)
2025-05-19 16:57:11 - jugador - [DEBUG] - [JUGADOR_0] Movimiento para CH: dx_int=-3, dy_int=0. HB (antes CH): (67, 458), PosFlotante: (64.1200,458.0000)
2025-05-19 16:57:11 - jugador - [DEBUG] - [JUGADOR_0] Iniciando gestión de colisión con dx=-3, dy=0. Hitbox actual: (67, 458)
2025-05-19 16:57:11 - jugador - [DEBUG] - [JUGADOR_0] Posición POST CH: HB: (64, 458), PosFlotante: (64.00, 458.00)
2025-05-19 16:57:11 - jugador - [DEBUG] - [JUGADOR_0] Pos flotante (pre-límites): (60.9400, 458.0000)
2025-05-19 16:57:11 - jugador - [DEBUG] - [JUGADOR_0] Pos flotante (post-límites): (60.9400, 458.0000)
2025-05-19 16:57:11 - jugador - [DEBUG] - [JUGADOR_0] Movimiento para CH: dx_int=-4, dy_int=0. HB (antes CH): (64, 458), PosFlotante: (60.9400,458.0000)
2025-05-19 16:57:11 - jugador - [DEBUG] - [JUGADOR_0] Iniciando gestión de colisión con dx=-4, dy=0. Hitbox actual: (64, 458)
2025-05-19 16:57:11 - jugador - [DEBUG] - [JUGADOR_0] Posición POST CH: HB: (60, 458), PosFlotante: (60.00, 458.00)
2025-05-19 16:57:11 - jugador - [INFO] - [JUGADOR_0] ATAQUE INICIADO (Cooldown: 700.0ms). Perfil: 'duracion_hitbox_ataque_espada'
2025-05-19 16:57:11 - jugador - [DEBUG] - [JUGADOR_0] Input teclado procesado: mov_x_input_raw=-180, mov_y_input_raw=0
2025-05-19 16:57:11 - jugador - [DEBUG] - [JUGADOR_0] Delta flotante intentado: dx=-3.0600, dy=0.0000 (delta_time: 0.0170)
2025-05-19 16:57:11 - jugador - [DEBUG] - [JUGADOR_0] Pos flotante (pre-límites): (56.9400, 458.0000)
2025-05-19 16:57:11 - jugador - [DEBUG] - [JUGADOR_0] Pos flotante (post-límites): (56.9400, 458.0000)
2025-05-19 16:57:11 - jugador - [DEBUG] - [JUGADOR_0] Movimiento para CH: dx_int=-4, dy_int=0. HB (antes CH): (60, 458), PosFlotante: (56.9400,458.0000)
2025-05-19 16:57:11 - jugador - [DEBUG] - [JUGADOR_0] Iniciando gestión de colisión con dx=-4, dy=0. Hitbox actual: (60, 458)
2025-05-19 16:57:11 - jugador - [DEBUG] - [JUGADOR_0] Posición POST CH: HB: (56, 458), PosFlotante: (56.00, 458.00)
2025-05-19 16:57:11 - jugador - [DEBUG] - [JUGADOR_0] Hitbox ataque: <rect(28, 462, 30, 15)>, Dir: (-1.00, 0.00)
2025-05-19 16:57:11 - jugador - [DEBUG] - [JUGADOR_0] Pos flotante (pre-límites): (52.9400, 458.0000)
2025-05-19 16:57:11 - jugador - [DEBUG] - [JUGADOR_0] Pos flotante (post-límites): (52.9400, 458.0000)
2025-05-19 16:57:11 - jugador - [DEBUG] - [JUGADOR_0] Movimiento para CH: dx_int=-4, dy_int=0. HB (antes CH): (56, 458), PosFlotante: (52.9400,458.0000)
2025-05-19 16:57:11 - jugador - [DEBUG] - [JUGADOR_0] Iniciando gestión de colisión con dx=-4, dy=0. Hitbox actual: (56, 458)
2025-05-19 16:57:11 - jugador - [DEBUG] - [JUGADOR_0] Posición POST CH: HB: (52, 458), PosFlotante: (52.00, 458.00)
2025-05-19 16:57:11 - jugador - [DEBUG] - [JUGADOR_0] Hitbox ataque: <rect(24, 462, 30, 15)>, Dir: (-1.00, 0.00)
2025-05-19 16:57:11 - jugador - [DEBUG] - [JUGADOR_0] Delta flotante intentado: dx=-2.8800, dy=0.0000 (delta_time: 0.0160)
2025-05-19 16:57:11 - jugador - [DEBUG] - [JUGADOR_0] Pos flotante (pre-límites): (49.1200, 458.0000)
2025-05-19 16:57:11 - jugador - [DEBUG] - [JUGADOR_0] Pos flotante (post-límites): (49.1200, 458.0000)
2025-05-19 16:57:11 - jugador - [DEBUG] - [JUGADOR_0] Movimiento para CH: dx_int=-3, dy_int=0. HB (antes CH): (52, 458), PosFlotante: (49.1200,458.0000)
2025-05-19 16:57:11 - jugador - [DEBUG] - [JUGADOR_0] Iniciando gestión de colisión con dx=-3, dy=0. Hitbox actual: (52, 458)
2025-05-19 16:57:11 - jugador - [DEBUG] - [JUGADOR_0] Posición POST CH: HB: (49, 458), PosFlotante: (49.00, 458.00)
2025-05-19 16:57:11 - jugador - [DEBUG] - [JUGADOR_0] Hitbox ataque: <rect(21, 462, 30, 15)>, Dir: (-1.00, 0.00)
2025-05-19 16:57:11 - jugador - [DEBUG] - [JUGADOR_0] Input teclado procesado: mov_x_input_raw=180, mov_y_input_raw=-180
2025-05-19 16:57:11 - jugador - [DEBUG] - [JUGADOR_0] Delta flotante intentado: dx=3.0600, dy=-3.0600 (delta_time: 0.0170)
2025-05-19 16:57:11 - jugador - [DEBUG] - [JUGADOR_0] Pos flotante (pre-límites): (52.0600, 454.9400)
2025-05-19 16:57:11 - jugador - [DEBUG] - [JUGADOR_0] Pos flotante (post-límites): (52.0600, 454.9400)
2025-05-19 16:57:11 - jugador - [DEBUG] - [JUGADOR_0] Movimiento para CH: dx_int=4, dy_int=-4. HB (antes CH): (49, 458), PosFlotante: (52.0600,454.9400)
2025-05-19 16:57:11 - jugador - [DEBUG] - [JUGADOR_0] Iniciando gestión de colisión con dx=4, dy=-4. Hitbox actual: (49, 458)
2025-05-19 16:57:11 - jugador - [DEBUG] - [JUGADOR_0] Posición POST CH: HB: (53, 454), PosFlotante: (53.00, 454.00)
2025-05-19 16:57:11 - jugador - [DEBUG] - [JUGADOR_0] Hitbox ataque: <rect(75, 458, 30, 15)>, Dir: (1.00, 0.00)
2025-05-19 16:57:11 - jugador - [DEBUG] - [JUGADOR_0] Delta flotante intentado: dx=2.8800, dy=-2.8800 (delta_time: 0.0160)
2025-05-19 16:57:11 - jugador - [DEBUG] - [JUGADOR_0] Pos flotante (pre-límites): (55.8800, 451.1200)
2025-05-19 16:57:11 - jugador - [DEBUG] - [JUGADOR_0] Pos flotante (post-límites): (55.8800, 451.1200)
2025-05-19 16:57:11 - jugador - [DEBUG] - [JUGADOR_0] Movimiento para CH: dx_int=3, dy_int=-3. HB (antes CH): (53, 454), PosFlotante: (55.8800,451.1200)
2025-05-19 16:57:11 - jugador - [DEBUG] - [JUGADOR_0] Iniciando gestión de colisión con dx=3, dy=-3. Hitbox actual: (53, 454)
2025-05-19 16:57:11 - jugador - [DEBUG] - [JUGADOR_0] Posición POST CH: HB: (56, 451), PosFlotante: (56.00, 451.00)
2025-05-19 16:57:11 - jugador - [DEBUG] - [JUGADOR_0] Hitbox ataque: <rect(78, 455, 30, 15)>, Dir: (1.00, 0.00)
2025-05-19 16:57:11 - jugador - [DEBUG] - [JUGADOR_0] Pos flotante (pre-límites): (58.8800, 448.1200)
2025-05-19 16:57:11 - jugador - [DEBUG] - [JUGADOR_0] Pos flotante (post-límites): (58.8800, 448.1200)
2025-05-19 16:57:11 - jugador - [DEBUG] - [JUGADOR_0] Movimiento para CH: dx_int=3, dy_int=-3. HB (antes CH): (56, 451), PosFlotante: (58.8800,448.1200)
2025-05-19 16:57:11 - jugador - [DEBUG] - [JUGADOR_0] Iniciando gestión de colisión con dx=3, dy=-3. Hitbox actual: (56, 451)
2025-05-19 16:57:11 - jugador - [DEBUG] - [JUGADOR_0] Posición POST CH: HB: (59, 448), PosFlotante: (59.00, 448.00)
2025-05-19 16:57:11 - jugador - [DEBUG] - [JUGADOR_0] Hitbox ataque: <rect(81, 452, 30, 15)>, Dir: (1.00, 0.00)
2025-05-19 16:57:11 - jugador - [DEBUG] - [JUGADOR_0] Pos flotante (pre-límites): (61.8800, 445.1200)
2025-05-19 16:57:11 - jugador - [DEBUG] - [JUGADOR_0] Pos flotante (post-límites): (61.8800, 445.1200)
2025-05-19 16:57:11 - jugador - [DEBUG] - [JUGADOR_0] Movimiento para CH: dx_int=3, dy_int=-3. HB (antes CH): (59, 448), PosFlotante: (61.8800,445.1200)
2025-05-19 16:57:11 - jugador - [DEBUG] - [JUGADOR_0] Iniciando gestión de colisión con dx=3, dy=-3. Hitbox actual: (59, 448)
2025-05-19 16:57:11 - jugador - [DEBUG] - [JUGADOR_0] Posición POST CH: HB: (62, 445), PosFlotante: (62.00, 445.00)
2025-05-19 16:57:11 - jugador - [DEBUG] - [JUGADOR_0] Hitbox ataque: <rect(84, 449, 30, 15)>, Dir: (1.00, 0.00)
2025-05-19 16:57:11 - jugador - [DEBUG] - [JUGADOR_0] Input teclado procesado: mov_x_input_raw=180, mov_y_input_raw=-180
2025-05-19 16:57:11 - jugador - [DEBUG] - [JUGADOR_0] Pos flotante (pre-límites): (64.8800, 442.1200)
2025-05-19 16:57:11 - jugador - [DEBUG] - [JUGADOR_0] Pos flotante (post-límites): (64.8800, 442.1200)
2025-05-19 16:57:11 - jugador - [DEBUG] - [JUGADOR_0] Movimiento para CH: dx_int=3, dy_int=-3. HB (antes CH): (62, 445), PosFlotante: (64.8800,442.1200)
2025-05-19 16:57:11 - jugador - [DEBUG] - [JUGADOR_0] Iniciando gestión de colisión con dx=3, dy=-3. Hitbox actual: (62, 445)
2025-05-19 16:57:11 - jugador - [DEBUG] - [JUGADOR_0] Posición POST CH: HB: (65, 442), PosFlotante: (65.00, 442.00)
2025-05-19 16:57:11 - jugador - [DEBUG] - [JUGADOR_0] Hitbox ataque: <rect(87, 446, 30, 15)>, Dir: (1.00, 0.00)
2025-05-19 16:57:11 - jugador - [DEBUG] - [JUGADOR_0] Delta flotante intentado: dx=2.8800, dy=-2.8800 (delta_time: 0.0160)
2025-05-19 16:57:11 - jugador - [DEBUG] - [JUGADOR_0] Pos flotante (pre-límites): (67.8800, 439.1200)
2025-05-19 16:57:11 - jugador - [DEBUG] - [JUGADOR_0] Pos flotante (post-límites): (67.8800, 439.1200)
2025-05-19 16:57:11 - jugador - [DEBUG] - [JUGADOR_0] Movimiento para CH: dx_int=3, dy_int=-3. HB (antes CH): (65, 442), PosFlotante: (67.8800,439.1200)
2025-05-19 16:57:11 - jugador - [DEBUG] - [JUGADOR_0] Iniciando gestión de colisión con dx=3, dy=-3. Hitbox actual: (65, 442)
2025-05-19 16:57:11 - jugador - [DEBUG] - [JUGADOR_0] Posición POST CH: HB: (68, 439), PosFlotante: (68.00, 439.00)
2025-05-19 16:57:11 - jugador - [DEBUG] - [JUGADOR_0] Hitbox ataque: <rect(90, 443, 30, 15)>, Dir: (1.00, 0.00)
2025-05-19 16:57:11 - jugador - [DEBUG] - [JUGADOR_0] Pos flotante (pre-límites): (70.8800, 436.1200)
2025-05-19 16:57:11 - jugador - [DEBUG] - [JUGADOR_0] Pos flotante (post-límites): (70.8800, 436.1200)
2025-05-19 16:57:11 - jugador - [DEBUG] - [JUGADOR_0] Movimiento para CH: dx_int=3, dy_int=-3. HB (antes CH): (68, 439), PosFlotante: (70.8800,436.1200)
2025-05-19 16:57:11 - jugador - [DEBUG] - [JUGADOR_0] Iniciando gestión de colisión con dx=3, dy=-3. Hitbox actual: (68, 439)
2025-05-19 16:57:11 - jugador - [DEBUG] - [JUGADOR_0] Posición POST CH: HB: (71, 436), PosFlotante: (71.00, 436.00)
2025-05-19 16:57:11 - jugador - [DEBUG] - [JUGADOR_0] Hitbox ataque: <rect(93, 440, 30, 15)>, Dir: (1.00, 0.00)
2025-05-19 16:57:11 - jugador - [DEBUG] - [JUGADOR_0] Delta flotante intentado: dx=3.0600, dy=-3.0600 (delta_time: 0.0170)
2025-05-19 16:57:11 - jugador - [DEBUG] - [JUGADOR_0] Pos flotante (pre-límites): (74.0600, 432.9400)
2025-05-19 16:57:11 - jugador - [DEBUG] - [JUGADOR_0] Pos flotante (post-límites): (74.0600, 432.9400)
2025-05-19 16:57:11 - jugador - [DEBUG] - [JUGADOR_0] Movimiento para CH: dx_int=4, dy_int=-4. HB (antes CH): (71, 436), PosFlotante: (74.0600,432.9400)
2025-05-19 16:57:11 - jugador - [DEBUG] - [JUGADOR_0] Iniciando gestión de colisión con dx=4, dy=-4. Hitbox actual: (71, 436)
2025-05-19 16:57:11 - jugador - [DEBUG] - [JUGADOR_0] Posición POST CH: HB: (75, 432), PosFlotante: (75.00, 432.00)
2025-05-19 16:57:11 - jugador - [DEBUG] - [JUGADOR_0] Hitbox ataque: <rect(97, 436, 30, 15)>, Dir: (1.00, 0.00)
2025-05-19 16:57:11 - jugador - [DEBUG] - [JUGADOR_0] Input teclado procesado: mov_x_input_raw=180, mov_y_input_raw=-180
2025-05-19 16:57:11 - jugador - [DEBUG] - [JUGADOR_0] Pos flotante (pre-límites): (77.8800, 429.1200)
2025-05-19 16:57:11 - jugador - [DEBUG] - [JUGADOR_0] Pos flotante (post-límites): (77.8800, 429.1200)
2025-05-19 16:57:11 - jugador - [DEBUG] - [JUGADOR_0] Movimiento para CH: dx_int=3, dy_int=-3. HB (antes CH): (75, 432), PosFlotante: (77.8800,429.1200)
2025-05-19 16:57:11 - jugador - [DEBUG] - [JUGADOR_0] Iniciando gestión de colisión con dx=3, dy=-3. Hitbox actual: (75, 432)
2025-05-19 16:57:11 - jugador - [DEBUG] - [JUGADOR_0] Posición POST CH: HB: (78, 429), PosFlotante: (78.00, 429.00)
2025-05-19 16:57:11 - jugador - [DEBUG] - [JUGADOR_0] Hitbox ataque: <rect(100, 433, 30, 15)>, Dir: (1.00, 0.00)
2025-05-19 16:57:11 - jugador - [DEBUG] - [JUGADOR_0] Pos flotante (pre-límites): (81.0600, 425.9400)
2025-05-19 16:57:11 - jugador - [DEBUG] - [JUGADOR_0] Pos flotante (post-límites): (81.0600, 425.9400)
2025-05-19 16:57:11 - jugador - [DEBUG] - [JUGADOR_0] Movimiento para CH: dx_int=4, dy_int=-4. HB (antes CH): (78, 429), PosFlotante: (81.0600,425.9400)
2025-05-19 16:57:11 - jugador - [DEBUG] - [JUGADOR_0] Iniciando gestión de colisión con dx=4, dy=-4. Hitbox actual: (78, 429)
2025-05-19 16:57:11 - jugador - [DEBUG] - [JUGADOR_0] Posición POST CH: HB: (81, 425), PosFlotante: (81.00, 425.00)
2025-05-19 16:57:11 - jugador - [DEBUG] - [JUGADOR_0] Hitbox ataque: <rect(103, 429, 30, 15)>, Dir: (1.00, 0.00)
2025-05-19 16:57:11 - jugador - [DEBUG] - [JUGADOR_0] Delta flotante intentado: dx=2.8800, dy=-2.8800 (delta_time: 0.0160)
2025-05-19 16:57:11 - jugador - [DEBUG] - [JUGADOR_0] Pos flotante (pre-límites): (83.8800, 422.1200)
2025-05-19 16:57:11 - jugador - [DEBUG] - [JUGADOR_0] Pos flotante (post-límites): (83.8800, 422.1200)
2025-05-19 16:57:11 - jugador - [DEBUG] - [JUGADOR_0] Movimiento para CH: dx_int=3, dy_int=-3. HB (antes CH): (81, 425), PosFlotante: (83.8800,422.1200)
2025-05-19 16:57:11 - jugador - [DEBUG] - [JUGADOR_0] Iniciando gestión de colisión con dx=3, dy=-3. Hitbox actual: (81, 425)
2025-05-19 16:57:11 - jugador - [DEBUG] - [JUGADOR_0] Posición POST CH: HB: (81, 422), PosFlotante: (81.00, 422.00)
2025-05-19 16:57:11 - jugador - [DEBUG] - [JUGADOR_0] Hitbox ataque: <rect(103, 426, 30, 15)>, Dir: (1.00, 0.00)
2025-05-19 16:57:11 - jugador - [DEBUG] - [JUGADOR_0] Pos flotante (pre-límites): (83.8800, 419.1200)
2025-05-19 16:57:11 - jugador - [DEBUG] - [JUGADOR_0] Pos flotante (post-límites): (83.8800, 419.1200)
2025-05-19 16:57:11 - jugador - [DEBUG] - [JUGADOR_0] Movimiento para CH: dx_int=3, dy_int=-3. HB (antes CH): (81, 422), PosFlotante: (83.8800,419.1200)
2025-05-19 16:57:11 - jugador - [DEBUG] - [JUGADOR_0] Iniciando gestión de colisión con dx=3, dy=-3. Hitbox actual: (81, 422)
2025-05-19 16:57:11 - jugador - [DEBUG] - [JUGADOR_0] Posición POST CH: HB: (81, 419), PosFlotante: (81.00, 419.00)
2025-05-19 16:57:11 - jugador - [DEBUG] - [JUGADOR_0] Hitbox ataque: <rect(103, 423, 30, 15)>, Dir: (1.00, 0.00)
2025-05-19 16:57:12 - jugador - [DEBUG] - [JUGADOR_0] Input teclado procesado: mov_x_input_raw=180, mov_y_input_raw=-180
2025-05-19 16:57:12 - jugador - [DEBUG] - [JUGADOR_0] Pos flotante (pre-límites): (83.8800, 416.1200)
2025-05-19 16:57:12 - jugador - [DEBUG] - [JUGADOR_0] Pos flotante (post-límites): (83.8800, 416.1200)
2025-05-19 16:57:12 - jugador - [DEBUG] - [JUGADOR_0] Movimiento para CH: dx_int=3, dy_int=-3. HB (antes CH): (81, 419), PosFlotante: (83.8800,416.1200)
2025-05-19 16:57:12 - jugador - [DEBUG] - [JUGADOR_0] Iniciando gestión de colisión con dx=3, dy=-3. Hitbox actual: (81, 419)
2025-05-19 16:57:12 - jugador - [DEBUG] - [JUGADOR_0] Posición POST CH: HB: (81, 416), PosFlotante: (81.00, 416.00)
2025-05-19 16:57:12 - jugador - [DEBUG] - [JUGADOR_0] Hitbox ataque: <rect(103, 420, 30, 15)>, Dir: (1.00, 0.00)
2025-05-19 16:57:12 - jugador - [DEBUG] - [JUGADOR_0] Delta flotante intentado: dx=3.0600, dy=-3.0600 (delta_time: 0.0170)
2025-05-19 16:57:12 - jugador - [DEBUG] - [JUGADOR_0] Pos flotante (pre-límites): (84.0600, 412.9400)
2025-05-19 16:57:12 - jugador - [DEBUG] - [JUGADOR_0] Pos flotante (post-límites): (84.0600, 412.9400)
2025-05-19 16:57:12 - jugador - [DEBUG] - [JUGADOR_0] Movimiento para CH: dx_int=4, dy_int=-4. HB (antes CH): (81, 416), PosFlotante: (84.0600,412.9400)
2025-05-19 16:57:12 - jugador - [DEBUG] - [JUGADOR_0] Iniciando gestión de colisión con dx=4, dy=-4. Hitbox actual: (81, 416)
2025-05-19 16:57:12 - jugador - [DEBUG] - [JUGADOR_0] Posición POST CH: HB: (81, 412), PosFlotante: (81.00, 412.00)
2025-05-19 16:57:12 - jugador - [DEBUG] - [JUGADOR_0] Hitbox ataque: <rect(103, 416, 30, 15)>, Dir: (1.00, 0.00)
2025-05-19 16:57:12 - jugador - [DEBUG] - [JUGADOR_0] Pos flotante (pre-límites): (84.0600, 408.9400)
2025-05-19 16:57:12 - jugador - [DEBUG] - [JUGADOR_0] Pos flotante (post-límites): (84.0600, 408.9400)
2025-05-19 16:57:12 - jugador - [DEBUG] - [JUGADOR_0] Movimiento para CH: dx_int=4, dy_int=-4. HB (antes CH): (81, 412), PosFlotante: (84.0600,408.9400)
2025-05-19 16:57:12 - jugador - [DEBUG] - [JUGADOR_0] Iniciando gestión de colisión con dx=4, dy=-4. Hitbox actual: (81, 412)
2025-05-19 16:57:12 - jugador - [DEBUG] - [JUGADOR_0] Posición POST CH: HB: (81, 408), PosFlotante: (81.00, 408.00)
2025-05-19 16:57:12 - jugador - [DEBUG] - [JUGADOR_0] Hitbox ataque: <rect(103, 412, 30, 15)>, Dir: (1.00, 0.00)
2025-05-19 16:57:12 - jugador - [DEBUG] - [JUGADOR_0] Input teclado procesado: mov_x_input_raw=180, mov_y_input_raw=-180
2025-05-19 16:57:12 - jugador - [DEBUG] - [JUGADOR_0] Pos flotante (pre-límites): (84.0600, 404.9400)
2025-05-19 16:57:12 - jugador - [DEBUG] - [JUGADOR_0] Pos flotante (post-límites): (84.0600, 404.9400)
2025-05-19 16:57:12 - jugador - [DEBUG] - [JUGADOR_0] Movimiento para CH: dx_int=4, dy_int=-4. HB (antes CH): (81, 408), PosFlotante: (84.0600,404.9400)
2025-05-19 16:57:12 - jugador - [DEBUG] - [JUGADOR_0] Iniciando gestión de colisión con dx=4, dy=-4. Hitbox actual: (81, 408)
2025-05-19 16:57:12 - jugador - [DEBUG] - [JUGADOR_0] Posición POST CH: HB: (81, 404), PosFlotante: (81.00, 404.00)
2025-05-19 16:57:12 - jugador - [DEBUG] - [JUGADOR_0] Hitbox ataque: <rect(103, 408, 30, 15)>, Dir: (1.00, 0.00)
2025-05-19 16:57:12 - jugador - [DEBUG] - [JUGADOR_0] Delta flotante intentado: dx=3.0600, dy=-3.0600 (delta_time: 0.0170)
2025-05-19 16:57:12 - jugador - [DEBUG] - [JUGADOR_0] Pos flotante (pre-límites): (84.0600, 400.9400)
2025-05-19 16:57:12 - jugador - [DEBUG] - [JUGADOR_0] Pos flotante (post-límites): (84.0600, 400.9400)
2025-05-19 16:57:12 - jugador - [DEBUG] - [JUGADOR_0] Movimiento para CH: dx_int=4, dy_int=-4. HB (antes CH): (81, 404), PosFlotante: (84.0600,400.9400)
2025-05-19 16:57:12 - jugador - [DEBUG] - [JUGADOR_0] Iniciando gestión de colisión con dx=4, dy=-4. Hitbox actual: (81, 404)
2025-05-19 16:57:12 - jugador - [DEBUG] - [JUGADOR_0] Posición POST CH: HB: (81, 400), PosFlotante: (81.00, 400.00)
2025-05-19 16:57:12 - jugador - [DEBUG] - [JUGADOR_0] ATAQUE FINALIZADO (Duración: 300ms). Enemigos golpeados: 0
2025-05-19 16:57:12 - jugador - [DEBUG] - [JUGADOR_0] Delta flotante intentado: dx=2.8800, dy=-2.8800 (delta_time: 0.0160)
2025-05-19 16:57:12 - jugador - [DEBUG] - [JUGADOR_0] Pos flotante (pre-límites): (83.8800, 397.1200)
2025-05-19 16:57:12 - jugador - [DEBUG] - [JUGADOR_0] Pos flotante (post-límites): (83.8800, 397.1200)
2025-05-19 16:57:12 - jugador - [DEBUG] - [JUGADOR_0] Movimiento para CH: dx_int=3, dy_int=-3. HB (antes CH): (81, 400), PosFlotante: (83.8800,397.1200)
2025-05-19 16:57:12 - jugador - [DEBUG] - [JUGADOR_0] Iniciando gestión de colisión con dx=3, dy=-3. Hitbox actual: (81, 400)
2025-05-19 16:57:12 - jugador - [DEBUG] - [JUGADOR_0] Posición POST CH: HB: (81, 397), PosFlotante: (81.00, 397.00)
2025-05-19 16:57:12 - jugador - [DEBUG] - [JUGADOR_0] Input teclado procesado: mov_x_input_raw=180, mov_y_input_raw=-180
2025-05-19 16:57:12 - jugador - [DEBUG] - [JUGADOR_0] Pos flotante (pre-límites): (84.0600, 393.9400)
2025-05-19 16:57:12 - jugador - [DEBUG] - [JUGADOR_0] Pos flotante (post-límites): (84.0600, 393.9400)
2025-05-19 16:57:12 - jugador - [DEBUG] - [JUGADOR_0] Movimiento para CH: dx_int=4, dy_int=-4. HB (antes CH): (81, 397), PosFlotante: (84.0600,393.9400)
2025-05-19 16:57:12 - jugador - [DEBUG] - [JUGADOR_0] Iniciando gestión de colisión con dx=4, dy=-4. Hitbox actual: (81, 397)
2025-05-19 16:57:12 - jugador - [DEBUG] - [JUGADOR_0] Posición POST CH: HB: (81, 393), PosFlotante: (81.00, 393.00)
2025-05-19 16:57:12 - jugador - [DEBUG] - [JUGADOR_0] Delta flotante intentado: dx=3.0600, dy=-3.0600 (delta_time: 0.0170)
2025-05-19 16:57:12 - jugador - [DEBUG] - [JUGADOR_0] Pos flotante (pre-límites): (84.0600, 389.9400)
2025-05-19 16:57:12 - jugador - [DEBUG] - [JUGADOR_0] Pos flotante (post-límites): (84.0600, 389.9400)
2025-05-19 16:57:12 - jugador - [DEBUG] - [JUGADOR_0] Movimiento para CH: dx_int=4, dy_int=-4. HB (antes CH): (81, 393), PosFlotante: (84.0600,389.9400)
2025-05-19 16:57:12 - jugador - [DEBUG] - [JUGADOR_0] Iniciando gestión de colisión con dx=4, dy=-4. Hitbox actual: (81, 393)
2025-05-19 16:57:12 - jugador - [DEBUG] - [JUGADOR_0] Posición POST CH: HB: (81, 389), PosFlotante: (81.00, 389.00)
2025-05-19 16:57:12 - jugador - [DEBUG] - [JUGADOR_0] Pos flotante (pre-límites): (84.0600, 385.9400)
2025-05-19 16:57:12 - jugador - [DEBUG] - [JUGADOR_0] Pos flotante (post-límites): (84.0600, 385.9400)
2025-05-19 16:57:12 - jugador - [DEBUG] - [JUGADOR_0] Movimiento para CH: dx_int=4, dy_int=-4. HB (antes CH): (81, 389), PosFlotante: (84.0600,385.9400)
2025-05-19 16:57:12 - jugador - [DEBUG] - [JUGADOR_0] Iniciando gestión de colisión con dx=4, dy=-4. Hitbox actual: (81, 389)
2025-05-19 16:57:12 - jugador - [DEBUG] - [JUGADOR_0] Posición POST CH: HB: (81, 385), PosFlotante: (81.00, 385.00)
2025-05-19 16:57:12 - jugador - [DEBUG] - [JUGADOR_0] Input teclado procesado: mov_x_input_raw=180, mov_y_input_raw=-180
2025-05-19 16:57:12 - jugador - [DEBUG] - [JUGADOR_0] Pos flotante (pre-límites): (84.0600, 381.9400)
2025-05-19 16:57:12 - jugador - [DEBUG] - [JUGADOR_0] Pos flotante (post-límites): (84.0600, 381.9400)
2025-05-19 16:57:12 - jugador - [DEBUG] - [JUGADOR_0] Movimiento para CH: dx_int=4, dy_int=-4. HB (antes CH): (81, 385), PosFlotante: (84.0600,381.9400)
2025-05-19 16:57:12 - jugador - [DEBUG] - [JUGADOR_0] Iniciando gestión de colisión con dx=4, dy=-4. Hitbox actual: (81, 385)
2025-05-19 16:57:12 - jugador - [DEBUG] - [JUGADOR_0] Posición POST CH: HB: (85, 381), PosFlotante: (85.00, 381.00)
2025-05-19 16:57:12 - jugador - [DEBUG] - [JUGADOR_0] Input teclado procesado: mov_x_input_raw=180, mov_y_input_raw=0
2025-05-19 16:57:12 - jugador - [DEBUG] - [JUGADOR_0] Delta flotante intentado: dx=2.8800, dy=0.0000 (delta_time: 0.0160)
2025-05-19 16:57:12 - jugador - [DEBUG] - [JUGADOR_0] Pos flotante (pre-límites): (87.8800, 381.0000)
2025-05-19 16:57:12 - jugador - [DEBUG] - [JUGADOR_0] Pos flotante (post-límites): (87.8800, 381.0000)
2025-05-19 16:57:12 - jugador - [DEBUG] - [JUGADOR_0] Movimiento para CH: dx_int=3, dy_int=0. HB (antes CH): (85, 381), PosFlotante: (87.8800,381.0000)
2025-05-19 16:57:12 - jugador - [DEBUG] - [JUGADOR_0] Iniciando gestión de colisión con dx=3, dy=0. Hitbox actual: (85, 381)
2025-05-19 16:57:12 - jugador - [DEBUG] - [JUGADOR_0] Posición POST CH: HB: (88, 381), PosFlotante: (88.00, 381.00)
2025-05-19 16:57:12 - jugador - [DEBUG] - [JUGADOR_0] Delta flotante intentado: dx=3.0600, dy=0.0000 (delta_time: 0.0170)
2025-05-19 16:57:12 - jugador - [DEBUG] - [JUGADOR_0] Pos flotante (pre-límites): (91.0600, 381.0000)
2025-05-19 16:57:12 - jugador - [DEBUG] - [JUGADOR_0] Pos flotante (post-límites): (91.0600, 381.0000)
2025-05-19 16:57:12 - jugador - [DEBUG] - [JUGADOR_0] Movimiento para CH: dx_int=4, dy_int=0. HB (antes CH): (88, 381), PosFlotante: (91.0600,381.0000)
2025-05-19 16:57:12 - jugador - [DEBUG] - [JUGADOR_0] Iniciando gestión de colisión con dx=4, dy=0. Hitbox actual: (88, 381)
2025-05-19 16:57:12 - jugador - [DEBUG] - [JUGADOR_0] Posición POST CH: HB: (92, 381), PosFlotante: (92.00, 381.00)
2025-05-19 16:57:12 - jugador - [DEBUG] - [JUGADOR_0] Pos flotante (pre-límites): (94.8800, 381.0000)
2025-05-19 16:57:12 - jugador - [DEBUG] - [JUGADOR_0] Pos flotante (post-límites): (94.8800, 381.0000)
2025-05-19 16:57:12 - jugador - [DEBUG] - [JUGADOR_0] Movimiento para CH: dx_int=3, dy_int=0. HB (antes CH): (92, 381), PosFlotante: (94.8800,381.0000)
2025-05-19 16:57:12 - jugador - [DEBUG] - [JUGADOR_0] Iniciando gestión de colisión con dx=3, dy=0. Hitbox actual: (92, 381)
2025-05-19 16:57:12 - jugador - [DEBUG] - [JUGADOR_0] Posición POST CH: HB: (95, 381), PosFlotante: (95.00, 381.00)
2025-05-19 16:57:12 - jugador - [DEBUG] - [JUGADOR_0] Pos flotante (pre-límites): (98.0600, 381.0000)
2025-05-19 16:57:12 - jugador - [DEBUG] - [JUGADOR_0] Pos flotante (post-límites): (98.0600, 381.0000)
2025-05-19 16:57:12 - jugador - [DEBUG] - [JUGADOR_0] Movimiento para CH: dx_int=4, dy_int=0. HB (antes CH): (95, 381), PosFlotante: (98.0600,381.0000)
2025-05-19 16:57:12 - jugador - [DEBUG] - [JUGADOR_0] Iniciando gestión de colisión con dx=4, dy=0. Hitbox actual: (95, 381)
2025-05-19 16:57:12 - jugador - [DEBUG] - [JUGADOR_0] Posición POST CH: HB: (99, 381), PosFlotante: (99.00, 381.00)
2025-05-19 16:57:12 - jugador - [DEBUG] - [JUGADOR_0] Input teclado procesado: mov_x_input_raw=180, mov_y_input_raw=0
2025-05-19 16:57:12 - jugador - [DEBUG] - [JUGADOR_0] Delta flotante intentado: dx=3.0600, dy=0.0000 (delta_time: 0.0170)
2025-05-19 16:57:12 - jugador - [DEBUG] - [JUGADOR_0] Pos flotante (pre-límites): (102.0600, 381.0000)
2025-05-19 16:57:12 - jugador - [DEBUG] - [JUGADOR_0] Pos flotante (post-límites): (102.0600, 381.0000)
2025-05-19 16:57:12 - jugador - [DEBUG] - [JUGADOR_0] Movimiento para CH: dx_int=4, dy_int=0. HB (antes CH): (99, 381), PosFlotante: (102.0600,381.0000)
2025-05-19 16:57:12 - jugador - [DEBUG] - [JUGADOR_0] Iniciando gestión de colisión con dx=4, dy=0. Hitbox actual: (99, 381)
2025-05-19 16:57:12 - jugador - [DEBUG] - [JUGADOR_0] Posición POST CH: HB: (103, 381), PosFlotante: (103.00, 381.00)
2025-05-19 16:57:12 - jugador - [DEBUG] - [JUGADOR_0] Input teclado procesado: mov_x_input_raw=180, mov_y_input_raw=180
2025-05-19 16:57:12 - jugador - [DEBUG] - [JUGADOR_0] Delta flotante intentado: dx=2.8800, dy=2.8800 (delta_time: 0.0160)
2025-05-19 16:57:12 - jugador - [DEBUG] - [JUGADOR_0] Pos flotante (pre-límites): (105.8800, 383.8800)
2025-05-19 16:57:12 - jugador - [DEBUG] - [JUGADOR_0] Pos flotante (post-límites): (105.8800, 383.8800)
2025-05-19 16:57:12 - jugador - [DEBUG] - [JUGADOR_0] Movimiento para CH: dx_int=3, dy_int=3. HB (antes CH): (103, 381), PosFlotante: (105.8800,383.8800)
2025-05-19 16:57:12 - jugador - [DEBUG] - [JUGADOR_0] Iniciando gestión de colisión con dx=3, dy=3. Hitbox actual: (103, 381)
2025-05-19 16:57:12 - jugador - [DEBUG] - [JUGADOR_0] Posición POST CH: HB: (106, 384), PosFlotante: (106.00, 384.00)
2025-05-19 16:57:12 - jugador - [DEBUG] - [JUGADOR_0] Pos flotante (pre-límites): (108.8800, 386.8800)
2025-05-19 16:57:12 - jugador - [DEBUG] - [JUGADOR_0] Pos flotante (post-límites): (108.8800, 386.8800)
2025-05-19 16:57:12 - jugador - [DEBUG] - [JUGADOR_0] Movimiento para CH: dx_int=3, dy_int=3. HB (antes CH): (106, 384), PosFlotante: (108.8800,386.8800)
2025-05-19 16:57:12 - jugador - [DEBUG] - [JUGADOR_0] Iniciando gestión de colisión con dx=3, dy=3. Hitbox actual: (106, 384)
2025-05-19 16:57:12 - jugador - [DEBUG] - [JUGADOR_0] Posición POST CH: HB: (109, 387), PosFlotante: (109.00, 387.00)
2025-05-19 16:57:12 - jugador - [DEBUG] - [JUGADOR_0] Delta flotante intentado: dx=3.0600, dy=3.0600 (delta_time: 0.0170)
2025-05-19 16:57:12 - jugador - [DEBUG] - [JUGADOR_0] Pos flotante (pre-límites): (112.0600, 390.0600)
2025-05-19 16:57:12 - jugador - [DEBUG] - [JUGADOR_0] Pos flotante (post-límites): (112.0600, 390.0600)
2025-05-19 16:57:12 - jugador - [DEBUG] - [JUGADOR_0] Movimiento para CH: dx_int=4, dy_int=4. HB (antes CH): (109, 387), PosFlotante: (112.0600,390.0600)
2025-05-19 16:57:12 - jugador - [DEBUG] - [JUGADOR_0] Iniciando gestión de colisión con dx=4, dy=4. Hitbox actual: (109, 387)
2025-05-19 16:57:12 - jugador - [DEBUG] - [JUGADOR_0] Posición POST CH: HB: (113, 388), PosFlotante: (113.00, 388.00)
2025-05-19 16:57:12 - jugador - [DEBUG] - [JUGADOR_0] Pos flotante (pre-límites): (115.8800, 390.8800)
2025-05-19 16:57:12 - jugador - [DEBUG] - [JUGADOR_0] Pos flotante (post-límites): (115.8800, 390.8800)
2025-05-19 16:57:12 - jugador - [DEBUG] - [JUGADOR_0] Movimiento para CH: dx_int=3, dy_int=3. HB (antes CH): (113, 388), PosFlotante: (115.8800,390.8800)
2025-05-19 16:57:12 - jugador - [DEBUG] - [JUGADOR_0] Iniciando gestión de colisión con dx=3, dy=3. Hitbox actual: (113, 388)
2025-05-19 16:57:12 - jugador - [DEBUG] - [JUGADOR_0] Posición POST CH: HB: (116, 388), PosFlotante: (116.00, 388.00)
2025-05-19 16:57:12 - jugador - [DEBUG] - [JUGADOR_0] Input teclado procesado: mov_x_input_raw=180, mov_y_input_raw=180
2025-05-19 16:57:12 - jugador - [DEBUG] - [JUGADOR_0] Delta flotante intentado: dx=2.8800, dy=2.8800 (delta_time: 0.0160)
2025-05-19 16:57:12 - jugador - [DEBUG] - [JUGADOR_0] Pos flotante (pre-límites): (118.8800, 390.8800)
2025-05-19 16:57:12 - jugador - [DEBUG] - [JUGADOR_0] Pos flotante (post-límites): (118.8800, 390.8800)
2025-05-19 16:57:12 - jugador - [DEBUG] - [JUGADOR_0] Movimiento para CH: dx_int=3, dy_int=3. HB (antes CH): (116, 388), PosFlotante: (118.8800,390.8800)
2025-05-19 16:57:12 - jugador - [DEBUG] - [JUGADOR_0] Iniciando gestión de colisión con dx=3, dy=3. Hitbox actual: (116, 388)
2025-05-19 16:57:12 - jugador - [DEBUG] - [JUGADOR_0] Posición POST CH: HB: (119, 388), PosFlotante: (119.00, 388.00)
2025-05-19 16:57:12 - jugador - [DEBUG] - [JUGADOR_0] Pos flotante (pre-límites): (122.0600, 391.0600)
2025-05-19 16:57:12 - jugador - [DEBUG] - [JUGADOR_0] Pos flotante (post-límites): (122.0600, 391.0600)
2025-05-19 16:57:12 - jugador - [DEBUG] - [JUGADOR_0] Movimiento para CH: dx_int=4, dy_int=4. HB (antes CH): (119, 388), PosFlotante: (122.0600,391.0600)
2025-05-19 16:57:12 - jugador - [DEBUG] - [JUGADOR_0] Iniciando gestión de colisión con dx=4, dy=4. Hitbox actual: (119, 388)
2025-05-19 16:57:12 - jugador - [DEBUG] - [JUGADOR_0] Posición POST CH: HB: (123, 388), PosFlotante: (123.00, 388.00)
2025-05-19 16:57:12 - jugador - [DEBUG] - [JUGADOR_0] Pos flotante (pre-límites): (125.8800, 390.8800)
2025-05-19 16:57:12 - jugador - [DEBUG] - [JUGADOR_0] Pos flotante (post-límites): (125.8800, 390.8800)
2025-05-19 16:57:12 - jugador - [DEBUG] - [JUGADOR_0] Movimiento para CH: dx_int=3, dy_int=3. HB (antes CH): (123, 388), PosFlotante: (125.8800,390.8800)
2025-05-19 16:57:12 - jugador - [DEBUG] - [JUGADOR_0] Iniciando gestión de colisión con dx=3, dy=3. Hitbox actual: (123, 388)
2025-05-19 16:57:12 - jugador - [DEBUG] - [JUGADOR_0] Posición POST CH: HB: (126, 388), PosFlotante: (126.00, 388.00)
2025-05-19 16:57:12 - jugador - [DEBUG] - [JUGADOR_0] Pos flotante (pre-límites): (128.8800, 390.8800)
2025-05-19 16:57:12 - jugador - [DEBUG] - [JUGADOR_0] Pos flotante (post-límites): (128.8800, 390.8800)
2025-05-19 16:57:12 - jugador - [DEBUG] - [JUGADOR_0] Movimiento para CH: dx_int=3, dy_int=3. HB (antes CH): (126, 388), PosFlotante: (128.8800,390.8800)
2025-05-19 16:57:12 - jugador - [DEBUG] - [JUGADOR_0] Iniciando gestión de colisión con dx=3, dy=3. Hitbox actual: (126, 388)
2025-05-19 16:57:12 - jugador - [DEBUG] - [JUGADOR_0] Posición POST CH: HB: (129, 388), PosFlotante: (129.00, 388.00)
2025-05-19 16:57:12 - jugador - [DEBUG] - [JUGADOR_0] Input teclado procesado: mov_x_input_raw=180, mov_y_input_raw=180
2025-05-19 16:57:12 - jugador - [DEBUG] - [JUGADOR_0] Delta flotante intentado: dx=3.0600, dy=3.0600 (delta_time: 0.0170)
2025-05-19 16:57:12 - jugador - [DEBUG] - [JUGADOR_0] Pos flotante (pre-límites): (132.0600, 391.0600)
2025-05-19 16:57:12 - jugador - [DEBUG] - [JUGADOR_0] Pos flotante (post-límites): (132.0600, 391.0600)
2025-05-19 16:57:12 - jugador - [DEBUG] - [JUGADOR_0] Movimiento para CH: dx_int=4, dy_int=4. HB (antes CH): (129, 388), PosFlotante: (132.0600,391.0600)
2025-05-19 16:57:12 - jugador - [DEBUG] - [JUGADOR_0] Iniciando gestión de colisión con dx=4, dy=4. Hitbox actual: (129, 388)
2025-05-19 16:57:12 - jugador - [DEBUG] - [JUGADOR_0] Posición POST CH: HB: (133, 388), PosFlotante: (133.00, 388.00)
2025-05-19 16:57:12 - jugador - [DEBUG] - [JUGADOR_0] Delta flotante intentado: dx=2.8800, dy=2.8800 (delta_time: 0.0160)
2025-05-19 16:57:12 - jugador - [DEBUG] - [JUGADOR_0] Pos flotante (pre-límites): (135.8800, 390.8800)
2025-05-19 16:57:12 - jugador - [DEBUG] - [JUGADOR_0] Pos flotante (post-límites): (135.8800, 390.8800)
2025-05-19 16:57:12 - jugador - [DEBUG] - [JUGADOR_0] Movimiento para CH: dx_int=3, dy_int=3. HB (antes CH): (133, 388), PosFlotante: (135.8800,390.8800)
2025-05-19 16:57:12 - jugador - [DEBUG] - [JUGADOR_0] Iniciando gestión de colisión con dx=3, dy=3. Hitbox actual: (133, 388)
2025-05-19 16:57:12 - jugador - [DEBUG] - [JUGADOR_0] Posición POST CH: HB: (136, 388), PosFlotante: (136.00, 388.00)
2025-05-19 16:57:12 - jugador - [DEBUG] - [JUGADOR_0] Pos flotante (pre-límites): (139.0600, 391.0600)
2025-05-19 16:57:12 - jugador - [DEBUG] - [JUGADOR_0] Pos flotante (post-límites): (139.0600, 391.0600)
2025-05-19 16:57:12 - jugador - [DEBUG] - [JUGADOR_0] Movimiento para CH: dx_int=4, dy_int=4. HB (antes CH): (136, 388), PosFlotante: (139.0600,391.0600)
2025-05-19 16:57:12 - jugador - [DEBUG] - [JUGADOR_0] Iniciando gestión de colisión con dx=4, dy=4. Hitbox actual: (136, 388)
2025-05-19 16:57:12 - jugador - [DEBUG] - [JUGADOR_0] Posición POST CH: HB: (140, 392), PosFlotante: (140.00, 392.00)
2025-05-19 16:57:12 - jugador - [DEBUG] - [JUGADOR_0] Pos flotante (pre-límites): (142.8800, 394.8800)
2025-05-19 16:57:12 - jugador - [DEBUG] - [JUGADOR_0] Pos flotante (post-límites): (142.8800, 394.8800)
2025-05-19 16:57:12 - jugador - [DEBUG] - [JUGADOR_0] Movimiento para CH: dx_int=3, dy_int=3. HB (antes CH): (140, 392), PosFlotante: (142.8800,394.8800)
2025-05-19 16:57:12 - jugador - [DEBUG] - [JUGADOR_0] Iniciando gestión de colisión con dx=3, dy=3. Hitbox actual: (140, 392)
2025-05-19 16:57:12 - jugador - [DEBUG] - [JUGADOR_0] Posición POST CH: HB: (143, 395), PosFlotante: (143.00, 395.00)
2025-05-19 16:57:12 - jugador - [DEBUG] - [JUGADOR_0] Input teclado procesado: mov_x_input_raw=180, mov_y_input_raw=180
2025-05-19 16:57:12 - jugador - [DEBUG] - [JUGADOR_0] Delta flotante intentado: dx=3.0600, dy=3.0600 (delta_time: 0.0170)
2025-05-19 16:57:12 - jugador - [DEBUG] - [JUGADOR_0] Pos flotante (pre-límites): (146.0600, 398.0600)
2025-05-19 16:57:12 - jugador - [DEBUG] - [JUGADOR_0] Pos flotante (post-límites): (146.0600, 398.0600)
2025-05-19 16:57:12 - jugador - [DEBUG] - [JUGADOR_0] Movimiento para CH: dx_int=4, dy_int=4. HB (antes CH): (143, 395), PosFlotante: (146.0600,398.0600)
2025-05-19 16:57:12 - jugador - [DEBUG] - [JUGADOR_0] Iniciando gestión de colisión con dx=4, dy=4. Hitbox actual: (143, 395)
2025-05-19 16:57:12 - jugador - [DEBUG] - [JUGADOR_0] Posición POST CH: HB: (147, 399), PosFlotante: (147.00, 399.00)
2025-05-19 16:57:12 - jugador - [DEBUG] - [JUGADOR_0] Pos flotante (pre-límites): (150.0600, 402.0600)
2025-05-19 16:57:12 - jugador - [DEBUG] - [JUGADOR_0] Pos flotante (post-límites): (150.0600, 402.0600)
2025-05-19 16:57:12 - jugador - [DEBUG] - [JUGADOR_0] Movimiento para CH: dx_int=4, dy_int=4. HB (antes CH): (147, 399), PosFlotante: (150.0600,402.0600)
2025-05-19 16:57:12 - jugador - [DEBUG] - [JUGADOR_0] Iniciando gestión de colisión con dx=4, dy=4. Hitbox actual: (147, 399)
2025-05-19 16:57:12 - jugador - [DEBUG] - [JUGADOR_0] Posición POST CH: HB: (151, 403), PosFlotante: (151.00, 403.00)
2025-05-19 16:57:12 - jugador - [DEBUG] - [JUGADOR_0] Delta flotante intentado: dx=2.8800, dy=2.8800 (delta_time: 0.0160)
2025-05-19 16:57:12 - jugador - [DEBUG] - [JUGADOR_0] Pos flotante (pre-límites): (153.8800, 405.8800)
2025-05-19 16:57:12 - jugador - [DEBUG] - [JUGADOR_0] Pos flotante (post-límites): (153.8800, 405.8800)
2025-05-19 16:57:12 - jugador - [DEBUG] - [JUGADOR_0] Movimiento para CH: dx_int=3, dy_int=3. HB (antes CH): (151, 403), PosFlotante: (153.8800,405.8800)
2025-05-19 16:57:12 - jugador - [DEBUG] - [JUGADOR_0] Iniciando gestión de colisión con dx=3, dy=3. Hitbox actual: (151, 403)
2025-05-19 16:57:12 - jugador - [DEBUG] - [JUGADOR_0] Posición POST CH: HB: (154, 406), PosFlotante: (154.00, 406.00)
2025-05-19 16:57:12 - jugador - [DEBUG] - [JUGADOR_0] Pos flotante (pre-límites): (156.8800, 408.8800)
2025-05-19 16:57:12 - jugador - [DEBUG] - [JUGADOR_0] Pos flotante (post-límites): (156.8800, 408.8800)
2025-05-19 16:57:12 - jugador - [DEBUG] - [JUGADOR_0] Movimiento para CH: dx_int=3, dy_int=3. HB (antes CH): (154, 406), PosFlotante: (156.8800,408.8800)
2025-05-19 16:57:12 - jugador - [DEBUG] - [JUGADOR_0] Iniciando gestión de colisión con dx=3, dy=3. Hitbox actual: (154, 406)
2025-05-19 16:57:12 - jugador - [DEBUG] - [JUGADOR_0] Posición POST CH: HB: (157, 409), PosFlotante: (157.00, 409.00)
2025-05-19 16:57:12 - jugador - [DEBUG] - [JUGADOR_0] Input teclado procesado: mov_x_input_raw=180, mov_y_input_raw=0
2025-05-19 16:57:12 - jugador - [DEBUG] - [JUGADOR_0] Delta flotante intentado: dx=2.8800, dy=0.0000 (delta_time: 0.0160)
2025-05-19 16:57:12 - jugador - [DEBUG] - [JUGADOR_0] Pos flotante (pre-límites): (159.8800, 409.0000)
2025-05-19 16:57:12 - jugador - [DEBUG] - [JUGADOR_0] Pos flotante (post-límites): (159.8800, 409.0000)
2025-05-19 16:57:12 - jugador - [DEBUG] - [JUGADOR_0] Movimiento para CH: dx_int=3, dy_int=0. HB (antes CH): (157, 409), PosFlotante: (159.8800,409.0000)
2025-05-19 16:57:12 - jugador - [DEBUG] - [JUGADOR_0] Iniciando gestión de colisión con dx=3, dy=0. Hitbox actual: (157, 409)
2025-05-19 16:57:12 - jugador - [DEBUG] - [JUGADOR_0] Posición POST CH: HB: (160, 409), PosFlotante: (160.00, 409.00)
2025-05-19 16:57:12 - jugador - [DEBUG] - [JUGADOR_0] Delta flotante intentado: dx=3.0600, dy=0.0000 (delta_time: 0.0170)
2025-05-19 16:57:12 - jugador - [DEBUG] - [JUGADOR_0] Pos flotante (pre-límites): (163.0600, 409.0000)
2025-05-19 16:57:12 - jugador - [DEBUG] - [JUGADOR_0] Pos flotante (post-límites): (163.0600, 409.0000)
2025-05-19 16:57:12 - jugador - [DEBUG] - [JUGADOR_0] Movimiento para CH: dx_int=4, dy_int=0. HB (antes CH): (160, 409), PosFlotante: (163.0600,409.0000)
2025-05-19 16:57:12 - jugador - [DEBUG] - [JUGADOR_0] Iniciando gestión de colisión con dx=4, dy=0. Hitbox actual: (160, 409)
2025-05-19 16:57:12 - jugador - [DEBUG] - [JUGADOR_0] Posición POST CH: HB: (164, 409), PosFlotante: (164.00, 409.00)
2025-05-19 16:57:12 - jugador - [DEBUG] - [JUGADOR_0] Pos flotante (pre-límites): (167.0600, 409.0000)
2025-05-19 16:57:12 - jugador - [DEBUG] - [JUGADOR_0] Pos flotante (post-límites): (167.0600, 409.0000)
2025-05-19 16:57:12 - jugador - [DEBUG] - [JUGADOR_0] Movimiento para CH: dx_int=4, dy_int=0. HB (antes CH): (164, 409), PosFlotante: (167.0600,409.0000)
2025-05-19 16:57:12 - jugador - [DEBUG] - [JUGADOR_0] Iniciando gestión de colisión con dx=4, dy=0. Hitbox actual: (164, 409)
2025-05-19 16:57:12 - jugador - [DEBUG] - [JUGADOR_0] Posición POST CH: HB: (168, 409), PosFlotante: (168.00, 409.00)
2025-05-19 16:57:12 - jugador - [DEBUG] - [JUGADOR_0] Input teclado procesado: mov_x_input_raw=180, mov_y_input_raw=0
2025-05-19 16:57:12 - jugador - [DEBUG] - [JUGADOR_0] Pos flotante (pre-límites): (171.0600, 409.0000)
2025-05-19 16:57:12 - jugador - [DEBUG] - [JUGADOR_0] Pos flotante (post-límites): (171.0600, 409.0000)
2025-05-19 16:57:12 - jugador - [DEBUG] - [JUGADOR_0] Movimiento para CH: dx_int=4, dy_int=0. HB (antes CH): (168, 409), PosFlotante: (171.0600,409.0000)
2025-05-19 16:57:12 - jugador - [DEBUG] - [JUGADOR_0] Iniciando gestión de colisión con dx=4, dy=0. Hitbox actual: (168, 409)
2025-05-19 16:57:12 - jugador - [DEBUG] - [JUGADOR_0] Posición POST CH: HB: (172, 409), PosFlotante: (172.00, 409.00)
2025-05-19 16:57:12 - jugador - [DEBUG] - [JUGADOR_0] Delta flotante intentado: dx=2.8800, dy=0.0000 (delta_time: 0.0160)
2025-05-19 16:57:12 - jugador - [DEBUG] - [JUGADOR_0] Pos flotante (pre-límites): (174.8800, 409.0000)
2025-05-19 16:57:12 - jugador - [DEBUG] - [JUGADOR_0] Pos flotante (post-límites): (174.8800, 409.0000)
2025-05-19 16:57:12 - jugador - [DEBUG] - [JUGADOR_0] Movimiento para CH: dx_int=3, dy_int=0. HB (antes CH): (172, 409), PosFlotante: (174.8800,409.0000)
2025-05-19 16:57:12 - jugador - [DEBUG] - [JUGADOR_0] Iniciando gestión de colisión con dx=3, dy=0. Hitbox actual: (172, 409)
2025-05-19 16:57:12 - jugador - [DEBUG] - [JUGADOR_0] Posición POST CH: HB: (175, 409), PosFlotante: (175.00, 409.00)
2025-05-19 16:57:12 - jugador - [DEBUG] - [JUGADOR_0] Delta flotante intentado: dx=3.0600, dy=0.0000 (delta_time: 0.0170)
2025-05-19 16:57:12 - jugador - [DEBUG] - [JUGADOR_0] Pos flotante (pre-límites): (178.0600, 409.0000)
2025-05-19 16:57:12 - jugador - [DEBUG] - [JUGADOR_0] Pos flotante (post-límites): (178.0600, 409.0000)
2025-05-19 16:57:12 - jugador - [DEBUG] - [JUGADOR_0] Movimiento para CH: dx_int=4, dy_int=0. HB (antes CH): (175, 409), PosFlotante: (178.0600,409.0000)
2025-05-19 16:57:12 - jugador - [DEBUG] - [JUGADOR_0] Iniciando gestión de colisión con dx=4, dy=0. Hitbox actual: (175, 409)
2025-05-19 16:57:12 - jugador - [DEBUG] - [JUGADOR_0] Posición POST CH: HB: (179, 409), PosFlotante: (179.00, 409.00)
2025-05-19 16:57:12 - jugador - [DEBUG] - [JUGADOR_0] Pos flotante (pre-límites): (182.0600, 409.0000)
2025-05-19 16:57:12 - jugador - [DEBUG] - [JUGADOR_0] Pos flotante (post-límites): (182.0600, 409.0000)
2025-05-19 16:57:12 - jugador - [DEBUG] - [JUGADOR_0] Movimiento para CH: dx_int=4, dy_int=0. HB (antes CH): (179, 409), PosFlotante: (182.0600,409.0000)
2025-05-19 16:57:12 - jugador - [DEBUG] - [JUGADOR_0] Iniciando gestión de colisión con dx=4, dy=0. Hitbox actual: (179, 409)
2025-05-19 16:57:12 - jugador - [DEBUG] - [JUGADOR_0] Posición POST CH: HB: (183, 409), PosFlotante: (183.00, 409.00)
2025-05-19 16:57:12 - jugador - [DEBUG] - [JUGADOR_0] Input teclado procesado: mov_x_input_raw=180, mov_y_input_raw=180
2025-05-19 16:57:12 - jugador - [DEBUG] - [JUGADOR_0] Delta flotante intentado: dx=2.8800, dy=2.8800 (delta_time: 0.0160)
2025-05-19 16:57:12 - jugador - [DEBUG] - [JUGADOR_0] Pos flotante (pre-límites): (185.8800, 411.8800)
2025-05-19 16:57:12 - jugador - [DEBUG] - [JUGADOR_0] Pos flotante (post-límites): (185.8800, 411.8800)
2025-05-19 16:57:12 - jugador - [DEBUG] - [JUGADOR_0] Movimiento para CH: dx_int=3, dy_int=3. HB (antes CH): (183, 409), PosFlotante: (185.8800,411.8800)
2025-05-19 16:57:12 - jugador - [DEBUG] - [JUGADOR_0] Iniciando gestión de colisión con dx=3, dy=3. Hitbox actual: (183, 409)
2025-05-19 16:57:12 - jugador - [DEBUG] - [JUGADOR_0] Posición POST CH: HB: (186, 412), PosFlotante: (186.00, 412.00)
2025-05-19 16:57:12 - jugador - [DEBUG] - [JUGADOR_0] Delta flotante intentado: dx=3.0600, dy=3.0600 (delta_time: 0.0170)
2025-05-19 16:57:12 - jugador - [DEBUG] - [JUGADOR_0] Pos flotante (pre-límites): (189.0600, 415.0600)
2025-05-19 16:57:12 - jugador - [DEBUG] - [JUGADOR_0] Pos flotante (post-límites): (189.0600, 415.0600)
2025-05-19 16:57:12 - jugador - [DEBUG] - [JUGADOR_0] Movimiento para CH: dx_int=4, dy_int=4. HB (antes CH): (186, 412), PosFlotante: (189.0600,415.0600)
2025-05-19 16:57:12 - jugador - [DEBUG] - [JUGADOR_0] Iniciando gestión de colisión con dx=4, dy=4. Hitbox actual: (186, 412)
2025-05-19 16:57:12 - jugador - [DEBUG] - [JUGADOR_0] Posición POST CH: HB: (190, 416), PosFlotante: (190.00, 416.00)
2025-05-19 16:57:12 - jugador - [DEBUG] - [JUGADOR_0] Pos flotante (pre-límites): (193.0600, 419.0600)
2025-05-19 16:57:12 - jugador - [DEBUG] - [JUGADOR_0] Pos flotante (post-límites): (193.0600, 419.0600)
2025-05-19 16:57:12 - jugador - [DEBUG] - [JUGADOR_0] Movimiento para CH: dx_int=4, dy_int=4. HB (antes CH): (190, 416), PosFlotante: (193.0600,419.0600)
2025-05-19 16:57:12 - jugador - [DEBUG] - [JUGADOR_0] Iniciando gestión de colisión con dx=4, dy=4. Hitbox actual: (190, 416)
2025-05-19 16:57:12 - jugador - [DEBUG] - [JUGADOR_0] Posición POST CH: HB: (194, 420), PosFlotante: (194.00, 420.00)
2025-05-19 16:57:12 - jugador - [DEBUG] - [JUGADOR_0] Pos flotante (pre-límites): (196.8800, 422.8800)
2025-05-19 16:57:12 - jugador - [DEBUG] - [JUGADOR_0] Pos flotante (post-límites): (196.8800, 422.8800)
2025-05-19 16:57:12 - jugador - [DEBUG] - [JUGADOR_0] Movimiento para CH: dx_int=3, dy_int=3. HB (antes CH): (194, 420), PosFlotante: (196.8800,422.8800)
2025-05-19 16:57:12 - jugador - [DEBUG] - [JUGADOR_0] Iniciando gestión de colisión con dx=3, dy=3. Hitbox actual: (194, 420)
2025-05-19 16:57:12 - jugador - [DEBUG] - [JUGADOR_0] Posición POST CH: HB: (197, 423), PosFlotante: (197.00, 423.00)
2025-05-19 16:57:12 - jugador - [DEBUG] - [JUGADOR_0] Input teclado procesado: mov_x_input_raw=180, mov_y_input_raw=180
2025-05-19 16:57:12 - jugador - [DEBUG] - [JUGADOR_0] Delta flotante intentado: dx=2.8800, dy=2.8800 (delta_time: 0.0160)
2025-05-19 16:57:12 - jugador - [DEBUG] - [JUGADOR_0] Pos flotante (pre-límites): (199.8800, 425.8800)
2025-05-19 16:57:12 - jugador - [DEBUG] - [JUGADOR_0] Pos flotante (post-límites): (199.8800, 425.8800)
2025-05-19 16:57:12 - jugador - [DEBUG] - [JUGADOR_0] Movimiento para CH: dx_int=3, dy_int=3. HB (antes CH): (197, 423), PosFlotante: (199.8800,425.8800)
2025-05-19 16:57:12 - jugador - [DEBUG] - [JUGADOR_0] Iniciando gestión de colisión con dx=3, dy=3. Hitbox actual: (197, 423)
2025-05-19 16:57:12 - jugador - [DEBUG] - [JUGADOR_0] Posición POST CH: HB: (200, 426), PosFlotante: (200.00, 426.00)
2025-05-19 16:57:12 - jugador - [DEBUG] - [JUGADOR_0] Delta flotante intentado: dx=3.0600, dy=3.0600 (delta_time: 0.0170)
2025-05-19 16:57:12 - jugador - [DEBUG] - [JUGADOR_0] Pos flotante (pre-límites): (203.0600, 429.0600)
2025-05-19 16:57:12 - jugador - [DEBUG] - [JUGADOR_0] Pos flotante (post-límites): (203.0600, 429.0600)
2025-05-19 16:57:12 - jugador - [DEBUG] - [JUGADOR_0] Movimiento para CH: dx_int=4, dy_int=4. HB (antes CH): (200, 426), PosFlotante: (203.0600,429.0600)
2025-05-19 16:57:12 - jugador - [DEBUG] - [JUGADOR_0] Iniciando gestión de colisión con dx=4, dy=4. Hitbox actual: (200, 426)
2025-05-19 16:57:12 - jugador - [DEBUG] - [JUGADOR_0] Posición POST CH: HB: (204, 430), PosFlotante: (204.00, 430.00)
2025-05-19 16:57:12 - jugador - [DEBUG] - [JUGADOR_0] Pos flotante (pre-límites): (206.8800, 432.8800)
2025-05-19 16:57:12 - jugador - [DEBUG] - [JUGADOR_0] Pos flotante (post-límites): (206.8800, 432.8800)
2025-05-19 16:57:12 - jugador - [DEBUG] - [JUGADOR_0] Movimiento para CH: dx_int=3, dy_int=3. HB (antes CH): (204, 430), PosFlotante: (206.8800,432.8800)
2025-05-19 16:57:12 - jugador - [DEBUG] - [JUGADOR_0] Iniciando gestión de colisión con dx=3, dy=3. Hitbox actual: (204, 430)
2025-05-19 16:57:12 - jugador - [DEBUG] - [JUGADOR_0] Posición POST CH: HB: (207, 433), PosFlotante: (207.00, 433.00)
2025-05-19 16:57:12 - jugador - [DEBUG] - [JUGADOR_0] Input teclado procesado: mov_x_input_raw=180, mov_y_input_raw=180
2025-05-19 16:57:12 - jugador - [DEBUG] - [JUGADOR_0] Pos flotante (pre-límites): (210.0600, 436.0600)
2025-05-19 16:57:12 - jugador - [DEBUG] - [JUGADOR_0] Pos flotante (post-límites): (210.0600, 436.0600)
2025-05-19 16:57:12 - jugador - [DEBUG] - [JUGADOR_0] Movimiento para CH: dx_int=4, dy_int=4. HB (antes CH): (207, 433), PosFlotante: (210.0600,436.0600)
2025-05-19 16:57:12 - jugador - [DEBUG] - [JUGADOR_0] Iniciando gestión de colisión con dx=4, dy=4. Hitbox actual: (207, 433)
2025-05-19 16:57:12 - jugador - [DEBUG] - [JUGADOR_0] Posición POST CH: HB: (211, 437), PosFlotante: (211.00, 437.00)
2025-05-19 16:57:12 - jugador - [DEBUG] - [JUGADOR_0] Delta flotante intentado: dx=2.8800, dy=2.8800 (delta_time: 0.0160)
2025-05-19 16:57:12 - jugador - [DEBUG] - [JUGADOR_0] Pos flotante (pre-límites): (213.8800, 439.8800)
2025-05-19 16:57:12 - jugador - [DEBUG] - [JUGADOR_0] Pos flotante (post-límites): (213.8800, 439.8800)
2025-05-19 16:57:12 - jugador - [DEBUG] - [JUGADOR_0] Movimiento para CH: dx_int=3, dy_int=3. HB (antes CH): (211, 437), PosFlotante: (213.8800,439.8800)
2025-05-19 16:57:12 - jugador - [DEBUG] - [JUGADOR_0] Iniciando gestión de colisión con dx=3, dy=3. Hitbox actual: (211, 437)
2025-05-19 16:57:12 - jugador - [DEBUG] - [JUGADOR_0] Posición POST CH: HB: (214, 440), PosFlotante: (214.00, 440.00)
2025-05-19 16:57:12 - jugador - [DEBUG] - [JUGADOR_0] Delta flotante intentado: dx=3.0600, dy=3.0600 (delta_time: 0.0170)
2025-05-19 16:57:12 - jugador - [DEBUG] - [JUGADOR_0] Pos flotante (pre-límites): (217.0600, 443.0600)
2025-05-19 16:57:12 - jugador - [DEBUG] - [JUGADOR_0] Pos flotante (post-límites): (217.0600, 443.0600)
2025-05-19 16:57:12 - jugador - [DEBUG] - [JUGADOR_0] Movimiento para CH: dx_int=4, dy_int=4. HB (antes CH): (214, 440), PosFlotante: (217.0600,443.0600)
2025-05-19 16:57:12 - jugador - [DEBUG] - [JUGADOR_0] Iniciando gestión de colisión con dx=4, dy=4. Hitbox actual: (214, 440)
2025-05-19 16:57:12 - jugador - [DEBUG] - [JUGADOR_0] Posición POST CH: HB: (218, 444), PosFlotante: (218.00, 444.00)
2025-05-19 16:57:12 - jugador - [DEBUG] - [JUGADOR_0] Pos flotante (pre-límites): (220.8800, 446.8800)
2025-05-19 16:57:12 - jugador - [DEBUG] - [JUGADOR_0] Pos flotante (post-límites): (220.8800, 446.8800)
2025-05-19 16:57:12 - jugador - [DEBUG] - [JUGADOR_0] Movimiento para CH: dx_int=3, dy_int=3. HB (antes CH): (218, 444), PosFlotante: (220.8800,446.8800)
2025-05-19 16:57:12 - jugador - [DEBUG] - [JUGADOR_0] Iniciando gestión de colisión con dx=3, dy=3. Hitbox actual: (218, 444)
2025-05-19 16:57:12 - jugador - [DEBUG] - [JUGADOR_0] Posición POST CH: HB: (221, 447), PosFlotante: (221.00, 447.00)
2025-05-19 16:57:12 - jugador - [DEBUG] - [JUGADOR_0] Input teclado procesado: mov_x_input_raw=-180, mov_y_input_raw=0
2025-05-19 16:57:12 - jugador - [DEBUG] - [JUGADOR_0] Delta flotante intentado: dx=-3.0600, dy=0.0000 (delta_time: 0.0170)
2025-05-19 16:57:12 - jugador - [DEBUG] - [JUGADOR_0] Pos flotante (pre-límites): (217.9400, 447.0000)
2025-05-19 16:57:12 - jugador - [DEBUG] - [JUGADOR_0] Pos flotante (post-límites): (217.9400, 447.0000)
2025-05-19 16:57:12 - jugador - [DEBUG] - [JUGADOR_0] Movimiento para CH: dx_int=-4, dy_int=0. HB (antes CH): (221, 447), PosFlotante: (217.9400,447.0000)
2025-05-19 16:57:12 - jugador - [DEBUG] - [JUGADOR_0] Iniciando gestión de colisión con dx=-4, dy=0. Hitbox actual: (221, 447)
2025-05-19 16:57:12 - jugador - [DEBUG] - [JUGADOR_0] Posición POST CH: HB: (217, 447), PosFlotante: (217.00, 447.00)
2025-05-19 16:57:12 - jugador - [DEBUG] - [JUGADOR_0] Delta flotante intentado: dx=-2.8800, dy=0.0000 (delta_time: 0.0160)
2025-05-19 16:57:12 - jugador - [DEBUG] - [JUGADOR_0] Pos flotante (pre-límites): (214.1200, 447.0000)
2025-05-19 16:57:12 - jugador - [DEBUG] - [JUGADOR_0] Pos flotante (post-límites): (214.1200, 447.0000)
2025-05-19 16:57:12 - jugador - [DEBUG] - [JUGADOR_0] Movimiento para CH: dx_int=-3, dy_int=0. HB (antes CH): (217, 447), PosFlotante: (214.1200,447.0000)
2025-05-19 16:57:12 - jugador - [DEBUG] - [JUGADOR_0] Iniciando gestión de colisión con dx=-3, dy=0. Hitbox actual: (217, 447)
2025-05-19 16:57:12 - jugador - [DEBUG] - [JUGADOR_0] Posición POST CH: HB: (214, 447), PosFlotante: (214.00, 447.00)
2025-05-19 16:57:12 - jugador - [DEBUG] - [JUGADOR_0] Pos flotante (pre-límites): (211.1200, 447.0000)
2025-05-19 16:57:12 - jugador - [DEBUG] - [JUGADOR_0] Pos flotante (post-límites): (211.1200, 447.0000)
2025-05-19 16:57:12 - jugador - [DEBUG] - [JUGADOR_0] Movimiento para CH: dx_int=-3, dy_int=0. HB (antes CH): (214, 447), PosFlotante: (211.1200,447.0000)
2025-05-19 16:57:12 - jugador - [DEBUG] - [JUGADOR_0] Iniciando gestión de colisión con dx=-3, dy=0. Hitbox actual: (214, 447)
2025-05-19 16:57:12 - jugador - [DEBUG] - [JUGADOR_0] Posición POST CH: HB: (211, 447), PosFlotante: (211.00, 447.00)
2025-05-19 16:57:12 - jugador - [DEBUG] - [JUGADOR_0] Pos flotante (pre-límites): (208.1200, 447.0000)
2025-05-19 16:57:12 - jugador - [DEBUG] - [JUGADOR_0] Pos flotante (post-límites): (208.1200, 447.0000)
2025-05-19 16:57:12 - jugador - [DEBUG] - [JUGADOR_0] Movimiento para CH: dx_int=-3, dy_int=0. HB (antes CH): (211, 447), PosFlotante: (208.1200,447.0000)
2025-05-19 16:57:12 - jugador - [DEBUG] - [JUGADOR_0] Iniciando gestión de colisión con dx=-3, dy=0. Hitbox actual: (211, 447)
2025-05-19 16:57:12 - jugador - [DEBUG] - [JUGADOR_0] Posición POST CH: HB: (208, 447), PosFlotante: (208.00, 447.00)
2025-05-19 16:57:12 - jugador - [DEBUG] - [JUGADOR_0] Input teclado procesado: mov_x_input_raw=-180, mov_y_input_raw=0
2025-05-19 16:57:12 - jugador - [DEBUG] - [JUGADOR_0] Pos flotante (pre-límites): (205.1200, 447.0000)
2025-05-19 16:57:12 - jugador - [DEBUG] - [JUGADOR_0] Pos flotante (post-límites): (205.1200, 447.0000)
2025-05-19 16:57:12 - jugador - [DEBUG] - [JUGADOR_0] Movimiento para CH: dx_int=-3, dy_int=0. HB (antes CH): (208, 447), PosFlotante: (205.1200,447.0000)
2025-05-19 16:57:12 - jugador - [DEBUG] - [JUGADOR_0] Iniciando gestión de colisión con dx=-3, dy=0. Hitbox actual: (208, 447)
2025-05-19 16:57:12 - jugador - [DEBUG] - [JUGADOR_0] Posición POST CH: HB: (205, 447), PosFlotante: (205.00, 447.00)
2025-05-19 16:57:12 - jugador - [DEBUG] - [JUGADOR_0] Delta flotante intentado: dx=-2.8800, dy=0.0000 (delta_time: 0.0160)
2025-05-19 16:57:12 - jugador - [DEBUG] - [JUGADOR_0] Pos flotante (pre-límites): (202.1200, 447.0000)
2025-05-19 16:57:12 - jugador - [DEBUG] - [JUGADOR_0] Pos flotante (post-límites): (202.1200, 447.0000)
2025-05-19 16:57:12 - jugador - [DEBUG] - [JUGADOR_0] Movimiento para CH: dx_int=-3, dy_int=0. HB (antes CH): (205, 447), PosFlotante: (202.1200,447.0000)
2025-05-19 16:57:12 - jugador - [DEBUG] - [JUGADOR_0] Iniciando gestión de colisión con dx=-3, dy=0. Hitbox actual: (205, 447)
2025-05-19 16:57:12 - jugador - [DEBUG] - [JUGADOR_0] Posición POST CH: HB: (202, 447), PosFlotante: (202.00, 447.00)
2025-05-19 16:57:12 - jugador - [DEBUG] - [JUGADOR_0] Delta flotante intentado: dx=-3.0600, dy=0.0000 (delta_time: 0.0170)
2025-05-19 16:57:12 - jugador - [DEBUG] - [JUGADOR_0] Pos flotante (pre-límites): (198.9400, 447.0000)
2025-05-19 16:57:12 - jugador - [DEBUG] - [JUGADOR_0] Pos flotante (post-límites): (198.9400, 447.0000)
2025-05-19 16:57:12 - jugador - [DEBUG] - [JUGADOR_0] Movimiento para CH: dx_int=-4, dy_int=0. HB (antes CH): (202, 447), PosFlotante: (198.9400,447.0000)
2025-05-19 16:57:12 - jugador - [DEBUG] - [JUGADOR_0] Iniciando gestión de colisión con dx=-4, dy=0. Hitbox actual: (202, 447)
2025-05-19 16:57:12 - jugador - [DEBUG] - [JUGADOR_0] Posición POST CH: HB: (198, 447), PosFlotante: (198.00, 447.00)
2025-05-19 16:57:12 - jugador - [DEBUG] - [JUGADOR_0] Pos flotante (pre-límites): (195.1200, 447.0000)
2025-05-19 16:57:12 - jugador - [DEBUG] - [JUGADOR_0] Pos flotante (post-límites): (195.1200, 447.0000)
2025-05-19 16:57:12 - jugador - [DEBUG] - [JUGADOR_0] Movimiento para CH: dx_int=-3, dy_int=0. HB (antes CH): (198, 447), PosFlotante: (195.1200,447.0000)
2025-05-19 16:57:12 - jugador - [DEBUG] - [JUGADOR_0] Iniciando gestión de colisión con dx=-3, dy=0. Hitbox actual: (198, 447)
2025-05-19 16:57:12 - jugador - [DEBUG] - [JUGADOR_0] Posición POST CH: HB: (195, 447), PosFlotante: (195.00, 447.00)
2025-05-19 16:57:12 - jugador - [DEBUG] - [JUGADOR_0] Input teclado procesado: mov_x_input_raw=-180, mov_y_input_raw=-180
2025-05-19 16:57:12 - jugador - [DEBUG] - [JUGADOR_0] Delta flotante intentado: dx=-3.0600, dy=-3.0600 (delta_time: 0.0170)
2025-05-19 16:57:12 - jugador - [DEBUG] - [JUGADOR_0] Pos flotante (pre-límites): (191.9400, 443.9400)
2025-05-19 16:57:12 - jugador - [DEBUG] - [JUGADOR_0] Pos flotante (post-límites): (191.9400, 443.9400)
2025-05-19 16:57:12 - jugador - [DEBUG] - [JUGADOR_0] Movimiento para CH: dx_int=-4, dy_int=-4. HB (antes CH): (195, 447), PosFlotante: (191.9400,443.9400)
2025-05-19 16:57:12 - jugador - [DEBUG] - [JUGADOR_0] Iniciando gestión de colisión con dx=-4, dy=-4. Hitbox actual: (195, 447)
2025-05-19 16:57:12 - jugador - [DEBUG] - [JUGADOR_0] Posición POST CH: HB: (191, 443), PosFlotante: (191.00, 443.00)
2025-05-19 16:57:12 - jugador - [INFO] - [JUGADOR_0] ATAQUE INICIADO (Cooldown: 700.0ms). Perfil: 'duracion_hitbox_ataque_espada'
2025-05-19 16:57:12 - jugador - [DEBUG] - [JUGADOR_0] Pos flotante (pre-límites): (187.9400, 439.9400)
2025-05-19 16:57:12 - jugador - [DEBUG] - [JUGADOR_0] Pos flotante (post-límites): (187.9400, 439.9400)
2025-05-19 16:57:12 - jugador - [DEBUG] - [JUGADOR_0] Movimiento para CH: dx_int=-4, dy_int=-4. HB (antes CH): (191, 443), PosFlotante: (187.9400,439.9400)
2025-05-19 16:57:12 - jugador - [DEBUG] - [JUGADOR_0] Iniciando gestión de colisión con dx=-4, dy=-4. Hitbox actual: (191, 443)
2025-05-19 16:57:12 - jugador - [DEBUG] - [JUGADOR_0] Posición POST CH: HB: (188, 439), PosFlotante: (188.00, 439.00)
2025-05-19 16:57:12 - jugador - [DEBUG] - [JUGADOR_0] Hitbox ataque: <rect(160, 443, 30, 15)>, Dir: (-1.00, 0.00)
2025-05-19 16:57:12 - jugador - [INFO] - [JUGADOR_0] GOLPEÓ a [Enemigo_1] con perfil 'duracion_hitbox_ataque_espada'. Daño: 10.0
2025-05-19 16:57:12 - jugador - [INFO] - [JUGADOR_0] GOLPEÓ a [Enemigo_2] con perfil 'duracion_hitbox_ataque_espada'. Daño: 10.0
2025-05-19 16:57:12 - jugador - [DEBUG] - [JUGADOR_0] Pos flotante (pre-límites): (184.9400, 435.9400)
2025-05-19 16:57:12 - jugador - [DEBUG] - [JUGADOR_0] Pos flotante (post-límites): (184.9400, 435.9400)
2025-05-19 16:57:12 - jugador - [DEBUG] - [JUGADOR_0] Movimiento para CH: dx_int=-4, dy_int=-4. HB (antes CH): (188, 439), PosFlotante: (184.9400,435.9400)
2025-05-19 16:57:12 - jugador - [DEBUG] - [JUGADOR_0] Iniciando gestión de colisión con dx=-4, dy=-4. Hitbox actual: (188, 439)
2025-05-19 16:57:12 - jugador - [DEBUG] - [JUGADOR_0] Posición POST CH: HB: (190, 435), PosFlotante: (190.00, 435.00)
2025-05-19 16:57:12 - jugador - [DEBUG] - [JUGADOR_0] Hitbox ataque: <rect(162, 439, 30, 15)>, Dir: (-1.00, 0.00)
2025-05-19 16:57:13 - jugador - [DEBUG] - [JUGADOR_0] Input teclado procesado: mov_x_input_raw=-180, mov_y_input_raw=-180
2025-05-19 16:57:13 - jugador - [DEBUG] - [JUGADOR_0] Delta flotante intentado: dx=-2.8800, dy=-2.8800 (delta_time: 0.0160)
2025-05-19 16:57:13 - jugador - [DEBUG] - [JUGADOR_0] Pos flotante (pre-límites): (187.1200, 432.1200)
2025-05-19 16:57:13 - jugador - [DEBUG] - [JUGADOR_0] Pos flotante (post-límites): (187.1200, 432.1200)
2025-05-19 16:57:13 - jugador - [DEBUG] - [JUGADOR_0] Movimiento para CH: dx_int=-3, dy_int=-3. HB (antes CH): (190, 435), PosFlotante: (187.1200,432.1200)
2025-05-19 16:57:13 - jugador - [DEBUG] - [JUGADOR_0] Iniciando gestión de colisión con dx=-3, dy=-3. Hitbox actual: (190, 435)
2025-05-19 16:57:13 - jugador - [DEBUG] - [JUGADOR_0] Posición POST CH: HB: (192, 432), PosFlotante: (192.00, 432.00)
2025-05-19 16:57:13 - jugador - [DEBUG] - [JUGADOR_0] Hitbox ataque: <rect(164, 436, 30, 15)>, Dir: (-1.00, 0.00)
2025-05-19 16:57:13 - jugador - [DEBUG] - [JUGADOR_0] Pos flotante (pre-límites): (189.1200, 429.1200)
2025-05-19 16:57:13 - jugador - [DEBUG] - [JUGADOR_0] Pos flotante (post-límites): (189.1200, 429.1200)
2025-05-19 16:57:13 - jugador - [DEBUG] - [JUGADOR_0] Movimiento para CH: dx_int=-3, dy_int=-3. HB (antes CH): (192, 432), PosFlotante: (189.1200,429.1200)
2025-05-19 16:57:13 - jugador - [DEBUG] - [JUGADOR_0] Iniciando gestión de colisión con dx=-3, dy=-3. Hitbox actual: (192, 432)
2025-05-19 16:57:13 - jugador - [DEBUG] - [JUGADOR_0] Posición POST CH: HB: (194, 429), PosFlotante: (194.00, 429.00)
2025-05-19 16:57:13 - jugador - [DEBUG] - [JUGADOR_0] Hitbox ataque: <rect(166, 433, 30, 15)>, Dir: (-1.00, 0.00)
2025-05-19 16:57:13 - jugador - [DEBUG] - [JUGADOR_0] Delta flotante intentado: dx=-3.0600, dy=-3.0600 (delta_time: 0.0170)
2025-05-19 16:57:13 - jugador - [DEBUG] - [JUGADOR_0] Pos flotante (pre-límites): (190.9400, 425.9400)
2025-05-19 16:57:13 - jugador - [DEBUG] - [JUGADOR_0] Pos flotante (post-límites): (190.9400, 425.9400)
2025-05-19 16:57:13 - jugador - [DEBUG] - [JUGADOR_0] Movimiento para CH: dx_int=-4, dy_int=-4. HB (antes CH): (194, 429), PosFlotante: (190.9400,425.9400)
2025-05-19 16:57:13 - jugador - [DEBUG] - [JUGADOR_0] Iniciando gestión de colisión con dx=-4, dy=-4. Hitbox actual: (194, 429)
2025-05-19 16:57:13 - jugador - [DEBUG] - [JUGADOR_0] Posición POST CH: HB: (196, 425), PosFlotante: (196.00, 425.00)
2025-05-19 16:57:13 - jugador - [DEBUG] - [JUGADOR_0] Hitbox ataque: <rect(168, 429, 30, 15)>, Dir: (-1.00, 0.00)
2025-05-19 16:57:13 - jugador - [DEBUG] - [JUGADOR_0] Pos flotante (pre-límites): (193.1200, 422.1200)
2025-05-19 16:57:13 - jugador - [DEBUG] - [JUGADOR_0] Pos flotante (post-límites): (193.1200, 422.1200)
2025-05-19 16:57:13 - jugador - [DEBUG] - [JUGADOR_0] Movimiento para CH: dx_int=-3, dy_int=-3. HB (antes CH): (196, 425), PosFlotante: (193.1200,422.1200)
2025-05-19 16:57:13 - jugador - [DEBUG] - [JUGADOR_0] Iniciando gestión de colisión con dx=-3, dy=-3. Hitbox actual: (196, 425)
2025-05-19 16:57:13 - jugador - [DEBUG] - [JUGADOR_0] Posición POST CH: HB: (198, 422), PosFlotante: (198.00, 422.00)
2025-05-19 16:57:13 - jugador - [DEBUG] - [JUGADOR_0] Hitbox ataque: <rect(170, 426, 30, 15)>, Dir: (-1.00, 0.00)
2025-05-19 16:57:13 - jugador - [DEBUG] - [JUGADOR_0] Input teclado procesado: mov_x_input_raw=-180, mov_y_input_raw=-180
2025-05-19 16:57:13 - jugador - [DEBUG] - [JUGADOR_0] Delta flotante intentado: dx=-2.8800, dy=-2.8800 (delta_time: 0.0160)
2025-05-19 16:57:13 - jugador - [DEBUG] - [JUGADOR_0] Pos flotante (pre-límites): (195.1200, 419.1200)
2025-05-19 16:57:13 - jugador - [DEBUG] - [JUGADOR_0] Pos flotante (post-límites): (195.1200, 419.1200)
2025-05-19 16:57:13 - jugador - [DEBUG] - [JUGADOR_0] Movimiento para CH: dx_int=-3, dy_int=-3. HB (antes CH): (198, 422), PosFlotante: (195.1200,419.1200)
2025-05-19 16:57:13 - jugador - [DEBUG] - [JUGADOR_0] Iniciando gestión de colisión con dx=-3, dy=-3. Hitbox actual: (198, 422)
2025-05-19 16:57:13 - jugador - [DEBUG] - [JUGADOR_0] Posición POST CH: HB: (200, 419), PosFlotante: (200.00, 419.00)
2025-05-19 16:57:13 - jugador - [DEBUG] - [JUGADOR_0] Hitbox ataque: <rect(172, 423, 30, 15)>, Dir: (-1.00, 0.00)
2025-05-19 16:57:13 - jugador - [DEBUG] - [JUGADOR_0] Pos flotante (pre-límites): (197.1200, 416.1200)
2025-05-19 16:57:13 - jugador - [DEBUG] - [JUGADOR_0] Pos flotante (post-límites): (197.1200, 416.1200)
2025-05-19 16:57:13 - jugador - [DEBUG] - [JUGADOR_0] Movimiento para CH: dx_int=-3, dy_int=-3. HB (antes CH): (200, 419), PosFlotante: (197.1200,416.1200)
2025-05-19 16:57:13 - jugador - [DEBUG] - [JUGADOR_0] Iniciando gestión de colisión con dx=-3, dy=-3. Hitbox actual: (200, 419)
2025-05-19 16:57:13 - jugador - [DEBUG] - [JUGADOR_0] Posición POST CH: HB: (202, 416), PosFlotante: (202.00, 416.00)
2025-05-19 16:57:13 - jugador - [DEBUG] - [JUGADOR_0] Hitbox ataque: <rect(174, 420, 30, 15)>, Dir: (-1.00, 0.00)
2025-05-19 16:57:13 - jugador - [DEBUG] - [JUGADOR_0] Delta flotante intentado: dx=-3.0600, dy=-3.0600 (delta_time: 0.0170)
2025-05-19 16:57:13 - jugador - [DEBUG] - [JUGADOR_0] Pos flotante (pre-límites): (198.9400, 412.9400)
2025-05-19 16:57:13 - jugador - [DEBUG] - [JUGADOR_0] Pos flotante (post-límites): (198.9400, 412.9400)
2025-05-19 16:57:13 - jugador - [DEBUG] - [JUGADOR_0] Movimiento para CH: dx_int=-4, dy_int=-4. HB (antes CH): (202, 416), PosFlotante: (198.9400,412.9400)
2025-05-19 16:57:13 - jugador - [DEBUG] - [JUGADOR_0] Iniciando gestión de colisión con dx=-4, dy=-4. Hitbox actual: (202, 416)
2025-05-19 16:57:13 - jugador - [DEBUG] - [JUGADOR_0] Posición POST CH: HB: (204, 412), PosFlotante: (204.00, 412.00)
2025-05-19 16:57:13 - jugador - [DEBUG] - [JUGADOR_0] Hitbox ataque: <rect(176, 416, 30, 15)>, Dir: (-1.00, 0.00)
2025-05-19 16:57:13 - jugador - [DEBUG] - [JUGADOR_0] Pos flotante (pre-límites): (201.1200, 409.1200)
2025-05-19 16:57:13 - jugador - [DEBUG] - [JUGADOR_0] Pos flotante (post-límites): (201.1200, 409.1200)
2025-05-19 16:57:13 - jugador - [DEBUG] - [JUGADOR_0] Movimiento para CH: dx_int=-3, dy_int=-3. HB (antes CH): (204, 412), PosFlotante: (201.1200,409.1200)
2025-05-19 16:57:13 - jugador - [DEBUG] - [JUGADOR_0] Iniciando gestión de colisión con dx=-3, dy=-3. Hitbox actual: (204, 412)
2025-05-19 16:57:13 - jugador - [DEBUG] - [JUGADOR_0] Posición POST CH: HB: (205, 409), PosFlotante: (205.00, 409.00)
2025-05-19 16:57:13 - jugador - [DEBUG] - [JUGADOR_0] Hitbox ataque: <rect(177, 413, 30, 15)>, Dir: (-1.00, 0.00)
2025-05-19 16:57:13 - jugador - [DEBUG] - [JUGADOR_0] Input teclado procesado: mov_x_input_raw=180, mov_y_input_raw=-180
2025-05-19 16:57:13 - jugador - [DEBUG] - [JUGADOR_0] Delta flotante intentado: dx=2.8800, dy=-2.8800 (delta_time: 0.0160)
2025-05-19 16:57:13 - jugador - [DEBUG] - [JUGADOR_0] Pos flotante (pre-límites): (207.8800, 406.1200)
2025-05-19 16:57:13 - jugador - [DEBUG] - [JUGADOR_0] Pos flotante (post-límites): (207.8800, 406.1200)
2025-05-19 16:57:13 - jugador - [DEBUG] - [JUGADOR_0] Movimiento para CH: dx_int=3, dy_int=-3. HB (antes CH): (205, 409), PosFlotante: (207.8800,406.1200)
2025-05-19 16:57:13 - jugador - [DEBUG] - [JUGADOR_0] Iniciando gestión de colisión con dx=3, dy=-3. Hitbox actual: (205, 409)
2025-05-19 16:57:13 - jugador - [DEBUG] - [JUGADOR_0] Posición POST CH: HB: (209, 406), PosFlotante: (209.00, 406.00)
2025-05-19 16:57:13 - jugador - [DEBUG] - [JUGADOR_0] Hitbox ataque: <rect(231, 410, 30, 15)>, Dir: (1.00, 0.00)
2025-05-19 16:57:13 - jugador - [DEBUG] - [JUGADOR_0] Input teclado procesado: mov_x_input_raw=180, mov_y_input_raw=0
2025-05-19 16:57:13 - jugador - [DEBUG] - [JUGADOR_0] Delta flotante intentado: dx=3.0600, dy=0.0000 (delta_time: 0.0170)
2025-05-19 16:57:13 - jugador - [DEBUG] - [JUGADOR_0] Pos flotante (pre-límites): (212.0600, 406.0000)
2025-05-19 16:57:13 - jugador - [DEBUG] - [JUGADOR_0] Pos flotante (post-límites): (212.0600, 406.0000)
2025-05-19 16:57:13 - jugador - [DEBUG] - [JUGADOR_0] Movimiento para CH: dx_int=4, dy_int=0. HB (antes CH): (209, 406), PosFlotante: (212.0600,406.0000)
2025-05-19 16:57:13 - jugador - [DEBUG] - [JUGADOR_0] Iniciando gestión de colisión con dx=4, dy=0. Hitbox actual: (209, 406)
2025-05-19 16:57:13 - jugador - [DEBUG] - [JUGADOR_0] Posición POST CH: HB: (213, 406), PosFlotante: (213.00, 406.00)
2025-05-19 16:57:13 - jugador - [DEBUG] - [JUGADOR_0] Hitbox ataque: <rect(235, 410, 30, 15)>, Dir: (1.00, 0.00)
2025-05-19 16:57:13 - jugador - [DEBUG] - [JUGADOR_0] Intento de ataque en cooldown (700.0ms). Tiempo desde último: 197ms
2025-05-19 16:57:13 - jugador - [DEBUG] - [JUGADOR_0] Pos flotante (pre-límites): (216.0600, 406.0000)
2025-05-19 16:57:13 - jugador - [DEBUG] - [JUGADOR_0] Pos flotante (post-límites): (216.0600, 406.0000)
2025-05-19 16:57:13 - jugador - [DEBUG] - [JUGADOR_0] Movimiento para CH: dx_int=4, dy_int=0. HB (antes CH): (213, 406), PosFlotante: (216.0600,406.0000)
2025-05-19 16:57:13 - jugador - [DEBUG] - [JUGADOR_0] Iniciando gestión de colisión con dx=4, dy=0. Hitbox actual: (213, 406)
2025-05-19 16:57:13 - jugador - [DEBUG] - [JUGADOR_0] Posición POST CH: HB: (217, 406), PosFlotante: (217.00, 406.00)
2025-05-19 16:57:13 - jugador - [DEBUG] - [JUGADOR_0] Hitbox ataque: <rect(239, 410, 30, 15)>, Dir: (1.00, 0.00)
2025-05-19 16:57:13 - jugador - [DEBUG] - [JUGADOR_0] Delta flotante intentado: dx=2.8800, dy=0.0000 (delta_time: 0.0160)
2025-05-19 16:57:13 - jugador - [DEBUG] - [JUGADOR_0] Pos flotante (pre-límites): (219.8800, 406.0000)
2025-05-19 16:57:13 - jugador - [DEBUG] - [JUGADOR_0] Pos flotante (post-límites): (219.8800, 406.0000)
2025-05-19 16:57:13 - jugador - [DEBUG] - [JUGADOR_0] Movimiento para CH: dx_int=3, dy_int=0. HB (antes CH): (217, 406), PosFlotante: (219.8800,406.0000)
2025-05-19 16:57:13 - jugador - [DEBUG] - [JUGADOR_0] Iniciando gestión de colisión con dx=3, dy=0. Hitbox actual: (217, 406)
2025-05-19 16:57:13 - jugador - [DEBUG] - [JUGADOR_0] Posición POST CH: HB: (220, 406), PosFlotante: (220.00, 406.00)
2025-05-19 16:57:13 - jugador - [DEBUG] - [JUGADOR_0] Hitbox ataque: <rect(242, 410, 30, 15)>, Dir: (1.00, 0.00)
2025-05-19 16:57:13 - jugador - [DEBUG] - [JUGADOR_0] Pos flotante (pre-límites): (222.8800, 406.0000)
2025-05-19 16:57:13 - jugador - [DEBUG] - [JUGADOR_0] Pos flotante (post-límites): (222.8800, 406.0000)
2025-05-19 16:57:13 - jugador - [DEBUG] - [JUGADOR_0] Movimiento para CH: dx_int=3, dy_int=0. HB (antes CH): (220, 406), PosFlotante: (222.8800,406.0000)
2025-05-19 16:57:13 - jugador - [DEBUG] - [JUGADOR_0] Iniciando gestión de colisión con dx=3, dy=0. Hitbox actual: (220, 406)
2025-05-19 16:57:13 - jugador - [DEBUG] - [JUGADOR_0] Posición POST CH: HB: (223, 406), PosFlotante: (223.00, 406.00)
2025-05-19 16:57:13 - jugador - [DEBUG] - [JUGADOR_0] Hitbox ataque: <rect(245, 410, 30, 15)>, Dir: (1.00, 0.00)
2025-05-19 16:57:13 - jugador - [DEBUG] - [JUGADOR_0] Input teclado procesado: mov_x_input_raw=180, mov_y_input_raw=0
2025-05-19 16:57:13 - jugador - [DEBUG] - [JUGADOR_0] Pos flotante (pre-límites): (225.8800, 406.0000)
2025-05-19 16:57:13 - jugador - [DEBUG] - [JUGADOR_0] Pos flotante (post-límites): (225.8800, 406.0000)
2025-05-19 16:57:13 - jugador - [DEBUG] - [JUGADOR_0] Movimiento para CH: dx_int=3, dy_int=0. HB (antes CH): (223, 406), PosFlotante: (225.8800,406.0000)
2025-05-19 16:57:13 - jugador - [DEBUG] - [JUGADOR_0] Iniciando gestión de colisión con dx=3, dy=0. Hitbox actual: (223, 406)
2025-05-19 16:57:13 - jugador - [DEBUG] - [JUGADOR_0] Posición POST CH: HB: (226, 406), PosFlotante: (226.00, 406.00)
2025-05-19 16:57:13 - jugador - [DEBUG] - [JUGADOR_0] Hitbox ataque: <rect(248, 410, 30, 15)>, Dir: (1.00, 0.00)
2025-05-19 16:57:13 - jugador - [DEBUG] - [JUGADOR_0] Pos flotante (pre-límites): (228.8800, 406.0000)
2025-05-19 16:57:13 - jugador - [DEBUG] - [JUGADOR_0] Pos flotante (post-límites): (228.8800, 406.0000)
2025-05-19 16:57:13 - jugador - [DEBUG] - [JUGADOR_0] Movimiento para CH: dx_int=3, dy_int=0. HB (antes CH): (226, 406), PosFlotante: (228.8800,406.0000)
2025-05-19 16:57:13 - jugador - [DEBUG] - [JUGADOR_0] Iniciando gestión de colisión con dx=3, dy=0. Hitbox actual: (226, 406)
2025-05-19 16:57:13 - jugador - [DEBUG] - [JUGADOR_0] Posición POST CH: HB: (229, 406), PosFlotante: (229.00, 406.00)
2025-05-19 16:57:13 - jugador - [DEBUG] - [JUGADOR_0] Hitbox ataque: <rect(251, 410, 30, 15)>, Dir: (1.00, 0.00)
2025-05-19 16:57:13 - jugador - [DEBUG] - [JUGADOR_0] Delta flotante intentado: dx=2.8800, dy=0.0000 (delta_time: 0.0160)
2025-05-19 16:57:13 - jugador - [DEBUG] - [JUGADOR_0] Pos flotante (pre-límites): (231.8800, 406.0000)
2025-05-19 16:57:13 - jugador - [DEBUG] - [JUGADOR_0] Pos flotante (post-límites): (231.8800, 406.0000)
2025-05-19 16:57:13 - jugador - [DEBUG] - [JUGADOR_0] Movimiento para CH: dx_int=3, dy_int=0. HB (antes CH): (229, 406), PosFlotante: (231.8800,406.0000)
2025-05-19 16:57:13 - jugador - [DEBUG] - [JUGADOR_0] Iniciando gestión de colisión con dx=3, dy=0. Hitbox actual: (229, 406)
2025-05-19 16:57:13 - jugador - [DEBUG] - [JUGADOR_0] Posición POST CH: HB: (232, 406), PosFlotante: (232.00, 406.00)
2025-05-19 16:57:13 - jugador - [DEBUG] - [JUGADOR_0] Hitbox ataque: <rect(254, 410, 30, 15)>, Dir: (1.00, 0.00)
2025-05-19 16:57:13 - jugador - [DEBUG] - [JUGADOR_0] Input teclado procesado: mov_x_input_raw=180, mov_y_input_raw=180
2025-05-19 16:57:13 - jugador - [DEBUG] - [JUGADOR_0] Delta flotante intentado: dx=2.8800, dy=2.8800 (delta_time: 0.0160)
2025-05-19 16:57:13 - jugador - [DEBUG] - [JUGADOR_0] Pos flotante (pre-límites): (234.8800, 408.8800)
2025-05-19 16:57:13 - jugador - [DEBUG] - [JUGADOR_0] Pos flotante (post-límites): (234.8800, 408.8800)
2025-05-19 16:57:13 - jugador - [DEBUG] - [JUGADOR_0] Movimiento para CH: dx_int=3, dy_int=3. HB (antes CH): (232, 406), PosFlotante: (234.8800,408.8800)
2025-05-19 16:57:13 - jugador - [DEBUG] - [JUGADOR_0] Iniciando gestión de colisión con dx=3, dy=3. Hitbox actual: (232, 406)
2025-05-19 16:57:13 - jugador - [DEBUG] - [JUGADOR_0] Posición POST CH: HB: (235, 409), PosFlotante: (235.00, 409.00)
2025-05-19 16:57:13 - jugador - [DEBUG] - [JUGADOR_0] Hitbox ataque: <rect(257, 413, 30, 15)>, Dir: (1.00, 0.00)
2025-05-19 16:57:13 - jugador - [DEBUG] - [JUGADOR_0] Pos flotante (pre-límites): (237.8800, 411.8800)
2025-05-19 16:57:13 - jugador - [DEBUG] - [JUGADOR_0] Pos flotante (post-límites): (237.8800, 411.8800)
2025-05-19 16:57:13 - jugador - [DEBUG] - [JUGADOR_0] Movimiento para CH: dx_int=3, dy_int=3. HB (antes CH): (235, 409), PosFlotante: (237.8800,411.8800)
2025-05-19 16:57:13 - jugador - [DEBUG] - [JUGADOR_0] Iniciando gestión de colisión con dx=3, dy=3. Hitbox actual: (235, 409)
2025-05-19 16:57:13 - jugador - [DEBUG] - [JUGADOR_0] Posición POST CH: HB: (238, 412), PosFlotante: (238.00, 412.00)
2025-05-19 16:57:13 - jugador - [DEBUG] - [JUGADOR_0] ATAQUE FINALIZADO (Duración: 300ms). Enemigos golpeados: 2
2025-05-19 16:57:13 - jugador - [DEBUG] - [JUGADOR_0] Pos flotante (pre-límites): (240.8800, 414.8800)
2025-05-19 16:57:13 - jugador - [DEBUG] - [JUGADOR_0] Pos flotante (post-límites): (240.8800, 414.8800)
2025-05-19 16:57:13 - jugador - [DEBUG] - [JUGADOR_0] Movimiento para CH: dx_int=3, dy_int=3. HB (antes CH): (238, 412), PosFlotante: (240.8800,414.8800)
2025-05-19 16:57:13 - jugador - [DEBUG] - [JUGADOR_0] Iniciando gestión de colisión con dx=3, dy=3. Hitbox actual: (238, 412)
2025-05-19 16:57:13 - jugador - [DEBUG] - [JUGADOR_0] Posición POST CH: HB: (241, 415), PosFlotante: (241.00, 415.00)
2025-05-19 16:57:13 - jugador - [DEBUG] - [JUGADOR_0] Pos flotante (pre-límites): (243.8800, 417.8800)
2025-05-19 16:57:13 - jugador - [DEBUG] - [JUGADOR_0] Pos flotante (post-límites): (243.8800, 417.8800)
2025-05-19 16:57:13 - jugador - [DEBUG] - [JUGADOR_0] Movimiento para CH: dx_int=3, dy_int=3. HB (antes CH): (241, 415), PosFlotante: (243.8800,417.8800)
2025-05-19 16:57:13 - jugador - [DEBUG] - [JUGADOR_0] Iniciando gestión de colisión con dx=3, dy=3. Hitbox actual: (241, 415)
2025-05-19 16:57:13 - jugador - [DEBUG] - [JUGADOR_0] Posición POST CH: HB: (244, 418), PosFlotante: (244.00, 418.00)
2025-05-19 16:57:13 - jugador - [DEBUG] - [JUGADOR_0] Input teclado procesado: mov_x_input_raw=180, mov_y_input_raw=180
2025-05-19 16:57:13 - jugador - [DEBUG] - [JUGADOR_0] Delta flotante intentado: dx=3.0600, dy=3.0600 (delta_time: 0.0170)
2025-05-19 16:57:13 - jugador - [DEBUG] - [JUGADOR_0] Pos flotante (pre-límites): (247.0600, 421.0600)
2025-05-19 16:57:13 - jugador - [DEBUG] - [JUGADOR_0] Pos flotante (post-límites): (247.0600, 421.0600)
2025-05-19 16:57:13 - jugador - [DEBUG] - [JUGADOR_0] Movimiento para CH: dx_int=4, dy_int=4. HB (antes CH): (244, 418), PosFlotante: (247.0600,421.0600)
2025-05-19 16:57:13 - jugador - [DEBUG] - [JUGADOR_0] Iniciando gestión de colisión con dx=4, dy=4. Hitbox actual: (244, 418)
2025-05-19 16:57:13 - jugador - [DEBUG] - [JUGADOR_0] Posición POST CH: HB: (248, 422), PosFlotante: (248.00, 422.00)
2025-05-19 16:57:13 - jugador - [DEBUG] - [JUGADOR_0] Delta flotante intentado: dx=2.8800, dy=2.8800 (delta_time: 0.0160)
2025-05-19 16:57:13 - jugador - [DEBUG] - [JUGADOR_0] Pos flotante (pre-límites): (250.8800, 424.8800)
2025-05-19 16:57:13 - jugador - [DEBUG] - [JUGADOR_0] Pos flotante (post-límites): (250.8800, 424.8800)
2025-05-19 16:57:13 - jugador - [DEBUG] - [JUGADOR_0] Movimiento para CH: dx_int=3, dy_int=3. HB (antes CH): (248, 422), PosFlotante: (250.8800,424.8800)
2025-05-19 16:57:13 - jugador - [DEBUG] - [JUGADOR_0] Iniciando gestión de colisión con dx=3, dy=3. Hitbox actual: (248, 422)
2025-05-19 16:57:13 - jugador - [DEBUG] - [JUGADOR_0] Posición POST CH: HB: (251, 425), PosFlotante: (251.00, 425.00)
2025-05-19 16:57:13 - jugador - [DEBUG] - [JUGADOR_0] Pos flotante (pre-límites): (253.8800, 427.8800)
2025-05-19 16:57:13 - jugador - [DEBUG] - [JUGADOR_0] Pos flotante (post-límites): (253.8800, 427.8800)
2025-05-19 16:57:13 - jugador - [DEBUG] - [JUGADOR_0] Movimiento para CH: dx_int=3, dy_int=3. HB (antes CH): (251, 425), PosFlotante: (253.8800,427.8800)
2025-05-19 16:57:13 - jugador - [DEBUG] - [JUGADOR_0] Iniciando gestión de colisión con dx=3, dy=3. Hitbox actual: (251, 425)
2025-05-19 16:57:13 - jugador - [DEBUG] - [JUGADOR_0] Posición POST CH: HB: (254, 428), PosFlotante: (254.00, 428.00)
2025-05-19 16:57:13 - jugador - [DEBUG] - [JUGADOR_0] Pos flotante (pre-límites): (257.0600, 431.0600)
2025-05-19 16:57:13 - jugador - [DEBUG] - [JUGADOR_0] Pos flotante (post-límites): (257.0600, 431.0600)
2025-05-19 16:57:13 - jugador - [DEBUG] - [JUGADOR_0] Movimiento para CH: dx_int=4, dy_int=4. HB (antes CH): (254, 428), PosFlotante: (257.0600,431.0600)
2025-05-19 16:57:13 - jugador - [DEBUG] - [JUGADOR_0] Iniciando gestión de colisión con dx=4, dy=4. Hitbox actual: (254, 428)
2025-05-19 16:57:13 - jugador - [DEBUG] - [JUGADOR_0] Posición POST CH: HB: (258, 432), PosFlotante: (258.00, 432.00)
2025-05-19 16:57:13 - jugador - [DEBUG] - [JUGADOR_0] Input teclado procesado: mov_x_input_raw=180, mov_y_input_raw=180
2025-05-19 16:57:13 - jugador - [DEBUG] - [JUGADOR_0] Delta flotante intentado: dx=3.0600, dy=3.0600 (delta_time: 0.0170)
2025-05-19 16:57:13 - jugador - [DEBUG] - [JUGADOR_0] Pos flotante (pre-límites): (261.0600, 435.0600)
2025-05-19 16:57:13 - jugador - [DEBUG] - [JUGADOR_0] Pos flotante (post-límites): (261.0600, 435.0600)
2025-05-19 16:57:13 - jugador - [DEBUG] - [JUGADOR_0] Movimiento para CH: dx_int=4, dy_int=4. HB (antes CH): (258, 432), PosFlotante: (261.0600,435.0600)
2025-05-19 16:57:13 - jugador - [DEBUG] - [JUGADOR_0] Iniciando gestión de colisión con dx=4, dy=4. Hitbox actual: (258, 432)
2025-05-19 16:57:13 - jugador - [DEBUG] - [JUGADOR_0] Posición POST CH: HB: (262, 436), PosFlotante: (262.00, 436.00)
2025-05-19 16:57:13 - jugador - [DEBUG] - [JUGADOR_0] Delta flotante intentado: dx=2.8800, dy=2.8800 (delta_time: 0.0160)
2025-05-19 16:57:13 - jugador - [DEBUG] - [JUGADOR_0] Pos flotante (pre-límites): (264.8800, 438.8800)
2025-05-19 16:57:13 - jugador - [DEBUG] - [JUGADOR_0] Pos flotante (post-límites): (264.8800, 438.8800)
2025-05-19 16:57:13 - jugador - [DEBUG] - [JUGADOR_0] Movimiento para CH: dx_int=3, dy_int=3. HB (antes CH): (262, 436), PosFlotante: (264.8800,438.8800)
2025-05-19 16:57:13 - jugador - [DEBUG] - [JUGADOR_0] Iniciando gestión de colisión con dx=3, dy=3. Hitbox actual: (262, 436)
2025-05-19 16:57:13 - jugador - [DEBUG] - [JUGADOR_0] Posición POST CH: HB: (265, 439), PosFlotante: (265.00, 439.00)
2025-05-19 16:57:13 - jugador - [DEBUG] - [JUGADOR_0] Pos flotante (pre-límites): (267.8800, 441.8800)
2025-05-19 16:57:13 - jugador - [DEBUG] - [JUGADOR_0] Pos flotante (post-límites): (267.8800, 441.8800)
2025-05-19 16:57:13 - jugador - [DEBUG] - [JUGADOR_0] Movimiento para CH: dx_int=3, dy_int=3. HB (antes CH): (265, 439), PosFlotante: (267.8800,441.8800)
2025-05-19 16:57:13 - jugador - [DEBUG] - [JUGADOR_0] Iniciando gestión de colisión con dx=3, dy=3. Hitbox actual: (265, 439)
2025-05-19 16:57:13 - jugador - [DEBUG] - [JUGADOR_0] Posición POST CH: HB: (268, 442), PosFlotante: (268.00, 442.00)
2025-05-19 16:57:13 - jugador - [DEBUG] - [JUGADOR_0] Input teclado procesado: mov_x_input_raw=-180, mov_y_input_raw=180
2025-05-19 16:57:13 - jugador - [DEBUG] - [JUGADOR_0] Delta flotante intentado: dx=-2.8800, dy=2.8800 (delta_time: 0.0160)
2025-05-19 16:57:13 - jugador - [DEBUG] - [JUGADOR_0] Pos flotante (pre-límites): (265.1200, 444.8800)
2025-05-19 16:57:13 - jugador - [DEBUG] - [JUGADOR_0] Pos flotante (post-límites): (265.1200, 444.8800)
2025-05-19 16:57:13 - jugador - [DEBUG] - [JUGADOR_0] Movimiento para CH: dx_int=-3, dy_int=3. HB (antes CH): (268, 442), PosFlotante: (265.1200,444.8800)
2025-05-19 16:57:13 - jugador - [DEBUG] - [JUGADOR_0] Iniciando gestión de colisión con dx=-3, dy=3. Hitbox actual: (268, 442)
2025-05-19 16:57:13 - jugador - [DEBUG] - [JUGADOR_0] Posición POST CH: HB: (265, 445), PosFlotante: (265.00, 445.00)
2025-05-19 16:57:13 - jugador - [DEBUG] - [JUGADOR_0] Input teclado procesado: mov_x_input_raw=-180, mov_y_input_raw=0
2025-05-19 16:57:13 - jugador - [DEBUG] - [JUGADOR_0] Delta flotante intentado: dx=-2.8800, dy=0.0000 (delta_time: 0.0160)
2025-05-19 16:57:13 - jugador - [DEBUG] - [JUGADOR_0] Pos flotante (pre-límites): (262.1200, 445.0000)
2025-05-19 16:57:13 - jugador - [DEBUG] - [JUGADOR_0] Pos flotante (post-límites): (262.1200, 445.0000)
2025-05-19 16:57:13 - jugador - [DEBUG] - [JUGADOR_0] Movimiento para CH: dx_int=-3, dy_int=0. HB (antes CH): (265, 445), PosFlotante: (262.1200,445.0000)
2025-05-19 16:57:13 - jugador - [DEBUG] - [JUGADOR_0] Iniciando gestión de colisión con dx=-3, dy=0. Hitbox actual: (265, 445)
2025-05-19 16:57:13 - jugador - [DEBUG] - [JUGADOR_0] Posición POST CH: HB: (262, 445), PosFlotante: (262.00, 445.00)
2025-05-19 16:57:13 - jugador - [DEBUG] - [JUGADOR_0] Delta flotante intentado: dx=-3.0600, dy=0.0000 (delta_time: 0.0170)
2025-05-19 16:57:13 - jugador - [DEBUG] - [JUGADOR_0] Pos flotante (pre-límites): (258.9400, 445.0000)
2025-05-19 16:57:13 - jugador - [DEBUG] - [JUGADOR_0] Pos flotante (post-límites): (258.9400, 445.0000)
2025-05-19 16:57:13 - jugador - [DEBUG] - [JUGADOR_0] Movimiento para CH: dx_int=-4, dy_int=0. HB (antes CH): (262, 445), PosFlotante: (258.9400,445.0000)
2025-05-19 16:57:13 - jugador - [DEBUG] - [JUGADOR_0] Iniciando gestión de colisión con dx=-4, dy=0. Hitbox actual: (262, 445)
2025-05-19 16:57:13 - jugador - [DEBUG] - [JUGADOR_0] Posición POST CH: HB: (258, 445), PosFlotante: (258.00, 445.00)
2025-05-19 16:57:13 - jugador - [DEBUG] - [JUGADOR_0] Pos flotante (pre-límites): (255.1200, 445.0000)
2025-05-19 16:57:13 - jugador - [DEBUG] - [JUGADOR_0] Pos flotante (post-límites): (255.1200, 445.0000)
2025-05-19 16:57:13 - jugador - [DEBUG] - [JUGADOR_0] Movimiento para CH: dx_int=-3, dy_int=0. HB (antes CH): (258, 445), PosFlotante: (255.1200,445.0000)
2025-05-19 16:57:13 - jugador - [DEBUG] - [JUGADOR_0] Iniciando gestión de colisión con dx=-3, dy=0. Hitbox actual: (258, 445)
2025-05-19 16:57:13 - jugador - [DEBUG] - [JUGADOR_0] Posición POST CH: HB: (255, 445), PosFlotante: (255.00, 445.00)
2025-05-19 16:57:13 - jugador - [DEBUG] - [JUGADOR_0] Pos flotante (pre-límites): (251.9400, 445.0000)
2025-05-19 16:57:13 - jugador - [DEBUG] - [JUGADOR_0] Pos flotante (post-límites): (251.9400, 445.0000)
2025-05-19 16:57:13 - jugador - [DEBUG] - [JUGADOR_0] Movimiento para CH: dx_int=-4, dy_int=0. HB (antes CH): (255, 445), PosFlotante: (251.9400,445.0000)
2025-05-19 16:57:13 - jugador - [DEBUG] - [JUGADOR_0] Iniciando gestión de colisión con dx=-4, dy=0. Hitbox actual: (255, 445)
2025-05-19 16:57:13 - jugador - [DEBUG] - [JUGADOR_0] Posición POST CH: HB: (251, 445), PosFlotante: (251.00, 445.00)
2025-05-19 16:57:13 - jugador - [DEBUG] - [JUGADOR_0] Input teclado procesado: mov_x_input_raw=-180, mov_y_input_raw=0
2025-05-19 16:57:13 - jugador - [DEBUG] - [JUGADOR_0] Delta flotante intentado: dx=-2.8800, dy=0.0000 (delta_time: 0.0160)
2025-05-19 16:57:13 - jugador - [DEBUG] - [JUGADOR_0] Pos flotante (pre-límites): (248.1200, 445.0000)
2025-05-19 16:57:13 - jugador - [DEBUG] - [JUGADOR_0] Pos flotante (post-límites): (248.1200, 445.0000)
2025-05-19 16:57:13 - jugador - [DEBUG] - [JUGADOR_0] Movimiento para CH: dx_int=-3, dy_int=0. HB (antes CH): (251, 445), PosFlotante: (248.1200,445.0000)
2025-05-19 16:57:13 - jugador - [DEBUG] - [JUGADOR_0] Iniciando gestión de colisión con dx=-3, dy=0. Hitbox actual: (251, 445)
2025-05-19 16:57:13 - jugador - [DEBUG] - [JUGADOR_0] Posición POST CH: HB: (248, 445), PosFlotante: (248.00, 445.00)
2025-05-19 16:57:13 - jugador - [DEBUG] - [JUGADOR_0] Delta flotante intentado: dx=-3.0600, dy=0.0000 (delta_time: 0.0170)
2025-05-19 16:57:13 - jugador - [DEBUG] - [JUGADOR_0] Pos flotante (pre-límites): (244.9400, 445.0000)
2025-05-19 16:57:13 - jugador - [DEBUG] - [JUGADOR_0] Pos flotante (post-límites): (244.9400, 445.0000)
2025-05-19 16:57:13 - jugador - [DEBUG] - [JUGADOR_0] Movimiento para CH: dx_int=-4, dy_int=0. HB (antes CH): (248, 445), PosFlotante: (244.9400,445.0000)
2025-05-19 16:57:13 - jugador - [DEBUG] - [JUGADOR_0] Iniciando gestión de colisión con dx=-4, dy=0. Hitbox actual: (248, 445)
2025-05-19 16:57:13 - jugador - [DEBUG] - [JUGADOR_0] Posición POST CH: HB: (244, 445), PosFlotante: (244.00, 445.00)
2025-05-19 16:57:13 - jugador - [DEBUG] - [JUGADOR_0] Input teclado procesado: mov_x_input_raw=-180, mov_y_input_raw=-180
2025-05-19 16:57:13 - jugador - [DEBUG] - [JUGADOR_0] Delta flotante intentado: dx=-2.8800, dy=-2.8800 (delta_time: 0.0160)
2025-05-19 16:57:13 - jugador - [DEBUG] - [JUGADOR_0] Pos flotante (pre-límites): (241.1200, 442.1200)
2025-05-19 16:57:13 - jugador - [DEBUG] - [JUGADOR_0] Pos flotante (post-límites): (241.1200, 442.1200)
2025-05-19 16:57:13 - jugador - [DEBUG] - [JUGADOR_0] Movimiento para CH: dx_int=-3, dy_int=-3. HB (antes CH): (244, 445), PosFlotante: (241.1200,442.1200)
2025-05-19 16:57:13 - jugador - [DEBUG] - [JUGADOR_0] Iniciando gestión de colisión con dx=-3, dy=-3. Hitbox actual: (244, 445)
2025-05-19 16:57:13 - jugador - [DEBUG] - [JUGADOR_0] Posición POST CH: HB: (241, 445), PosFlotante: (241.00, 445.00)
2025-05-19 16:57:13 - jugador - [DEBUG] - [JUGADOR_0] Delta flotante intentado: dx=-3.0600, dy=-3.0600 (delta_time: 0.0170)
2025-05-19 16:57:13 - jugador - [DEBUG] - [JUGADOR_0] Pos flotante (pre-límites): (237.9400, 441.9400)
2025-05-19 16:57:13 - jugador - [DEBUG] - [JUGADOR_0] Pos flotante (post-límites): (237.9400, 441.9400)
2025-05-19 16:57:13 - jugador - [DEBUG] - [JUGADOR_0] Movimiento para CH: dx_int=-4, dy_int=-4. HB (antes CH): (241, 445), PosFlotante: (237.9400,441.9400)
2025-05-19 16:57:13 - jugador - [DEBUG] - [JUGADOR_0] Iniciando gestión de colisión con dx=-4, dy=-4. Hitbox actual: (241, 445)
2025-05-19 16:57:13 - jugador - [DEBUG] - [JUGADOR_0] Posición POST CH: HB: (251, 441), PosFlotante: (251.00, 441.00)
2025-05-19 16:57:13 - jugador - [DEBUG] - [JUGADOR_0] Pos flotante (pre-límites): (248.1200, 438.1200)
2025-05-19 16:57:13 - jugador - [DEBUG] - [JUGADOR_0] Pos flotante (post-límites): (248.1200, 438.1200)
2025-05-19 16:57:13 - jugador - [DEBUG] - [JUGADOR_0] Movimiento para CH: dx_int=-3, dy_int=-3. HB (antes CH): (251, 441), PosFlotante: (248.1200,438.1200)
2025-05-19 16:57:13 - jugador - [DEBUG] - [JUGADOR_0] Iniciando gestión de colisión con dx=-3, dy=-3. Hitbox actual: (251, 441)
2025-05-19 16:57:13 - jugador - [DEBUG] - [JUGADOR_0] Posición POST CH: HB: (252, 438), PosFlotante: (252.00, 438.00)
2025-05-19 16:57:13 - jugador - [DEBUG] - [JUGADOR_0] Pos flotante (pre-límites): (249.1200, 435.1200)
2025-05-19 16:57:13 - jugador - [DEBUG] - [JUGADOR_0] Pos flotante (post-límites): (249.1200, 435.1200)
2025-05-19 16:57:13 - jugador - [DEBUG] - [JUGADOR_0] Movimiento para CH: dx_int=-3, dy_int=-3. HB (antes CH): (252, 438), PosFlotante: (249.1200,435.1200)
2025-05-19 16:57:13 - jugador - [DEBUG] - [JUGADOR_0] Iniciando gestión de colisión con dx=-3, dy=-3. Hitbox actual: (252, 438)
2025-05-19 16:57:13 - jugador - [DEBUG] - [JUGADOR_0] Posición POST CH: HB: (253, 435), PosFlotante: (253.00, 435.00)
2025-05-19 16:57:13 - jugador - [DEBUG] - [JUGADOR_0] Input teclado procesado: mov_x_input_raw=-180, mov_y_input_raw=-180
2025-05-19 16:57:13 - jugador - [DEBUG] - [JUGADOR_0] Delta flotante intentado: dx=-2.8800, dy=-2.8800 (delta_time: 0.0160)
2025-05-19 16:57:13 - jugador - [DEBUG] - [JUGADOR_0] Pos flotante (pre-límites): (250.1200, 432.1200)
2025-05-19 16:57:13 - jugador - [DEBUG] - [JUGADOR_0] Pos flotante (post-límites): (250.1200, 432.1200)
2025-05-19 16:57:13 - jugador - [DEBUG] - [JUGADOR_0] Movimiento para CH: dx_int=-3, dy_int=-3. HB (antes CH): (253, 435), PosFlotante: (250.1200,432.1200)
2025-05-19 16:57:13 - jugador - [DEBUG] - [JUGADOR_0] Iniciando gestión de colisión con dx=-3, dy=-3. Hitbox actual: (253, 435)
2025-05-19 16:57:13 - jugador - [DEBUG] - [JUGADOR_0] Posición POST CH: HB: (255, 432), PosFlotante: (255.00, 432.00)
2025-05-19 16:57:13 - jugador - [DEBUG] - [JUGADOR_0] Intento de ataque en cooldown (700.0ms). Tiempo desde último: 668ms
2025-05-19 16:57:13 - jugador - [DEBUG] - [JUGADOR_0] Input teclado procesado: mov_x_input_raw=0, mov_y_input_raw=-180
2025-05-19 16:57:13 - jugador - [DEBUG] - [JUGADOR_0] Delta flotante intentado: dx=0.0000, dy=-2.8800 (delta_time: 0.0160)
2025-05-19 16:57:13 - jugador - [DEBUG] - [JUGADOR_0] Pos flotante (pre-límites): (255.0000, 429.1200)
2025-05-19 16:57:13 - jugador - [DEBUG] - [JUGADOR_0] Pos flotante (post-límites): (255.0000, 429.1200)
2025-05-19 16:57:13 - jugador - [DEBUG] - [JUGADOR_0] Movimiento para CH: dx_int=0, dy_int=-3. HB (antes CH): (255, 432), PosFlotante: (255.0000,429.1200)
2025-05-19 16:57:13 - jugador - [DEBUG] - [JUGADOR_0] Iniciando gestión de colisión con dx=0, dy=-3. Hitbox actual: (255, 432)
2025-05-19 16:57:13 - jugador - [DEBUG] - [JUGADOR_0] Posición POST CH: HB: (257, 429), PosFlotante: (257.00, 429.00)
2025-05-19 16:57:13 - jugador - [DEBUG] - [JUGADOR_0] Pos flotante (pre-límites): (257.0000, 426.1200)
2025-05-19 16:57:13 - jugador - [DEBUG] - [JUGADOR_0] Pos flotante (post-límites): (257.0000, 426.1200)
2025-05-19 16:57:13 - jugador - [DEBUG] - [JUGADOR_0] Movimiento para CH: dx_int=0, dy_int=-3. HB (antes CH): (257, 429), PosFlotante: (257.0000,426.1200)
2025-05-19 16:57:13 - jugador - [DEBUG] - [JUGADOR_0] Iniciando gestión de colisión con dx=0, dy=-3. Hitbox actual: (257, 429)
2025-05-19 16:57:13 - jugador - [DEBUG] - [JUGADOR_0] Posición POST CH: HB: (259, 426), PosFlotante: (259.00, 426.00)
2025-05-19 16:57:13 - jugador - [DEBUG] - [JUGADOR_0] Pos flotante (pre-límites): (259.0000, 423.1200)
2025-05-19 16:57:13 - jugador - [DEBUG] - [JUGADOR_0] Pos flotante (post-límites): (259.0000, 423.1200)
2025-05-19 16:57:13 - jugador - [DEBUG] - [JUGADOR_0] Movimiento para CH: dx_int=0, dy_int=-3. HB (antes CH): (259, 426), PosFlotante: (259.0000,423.1200)
2025-05-19 16:57:13 - jugador - [DEBUG] - [JUGADOR_0] Iniciando gestión de colisión con dx=0, dy=-3. Hitbox actual: (259, 426)
2025-05-19 16:57:13 - jugador - [DEBUG] - [JUGADOR_0] Posición POST CH: HB: (261, 423), PosFlotante: (261.00, 423.00)
2025-05-19 16:57:13 - jugador - [DEBUG] - [JUGADOR_0] Delta flotante intentado: dx=0.0000, dy=-3.0600 (delta_time: 0.0170)
2025-05-19 16:57:13 - jugador - [DEBUG] - [JUGADOR_0] Pos flotante (pre-límites): (261.0000, 419.9400)
2025-05-19 16:57:13 - jugador - [DEBUG] - [JUGADOR_0] Pos flotante (post-límites): (261.0000, 419.9400)
2025-05-19 16:57:13 - jugador - [DEBUG] - [JUGADOR_0] Movimiento para CH: dx_int=0, dy_int=-4. HB (antes CH): (261, 423), PosFlotante: (261.0000,419.9400)
2025-05-19 16:57:13 - jugador - [DEBUG] - [JUGADOR_0] Iniciando gestión de colisión con dx=0, dy=-4. Hitbox actual: (261, 423)
2025-05-19 16:57:13 - jugador - [DEBUG] - [JUGADOR_0] Posición POST CH: HB: (263, 419), PosFlotante: (263.00, 419.00)
2025-05-19 16:57:13 - jugador - [DEBUG] - [JUGADOR_0] Input teclado procesado: mov_x_input_raw=0, mov_y_input_raw=-180
2025-05-19 16:57:13 - jugador - [DEBUG] - [JUGADOR_0] Delta flotante intentado: dx=0.0000, dy=-2.8800 (delta_time: 0.0160)
2025-05-19 16:57:13 - jugador - [DEBUG] - [JUGADOR_0] Pos flotante (pre-límites): (263.0000, 416.1200)
2025-05-19 16:57:13 - jugador - [DEBUG] - [JUGADOR_0] Pos flotante (post-límites): (263.0000, 416.1200)
2025-05-19 16:57:13 - jugador - [DEBUG] - [JUGADOR_0] Movimiento para CH: dx_int=0, dy_int=-3. HB (antes CH): (263, 419), PosFlotante: (263.0000,416.1200)
2025-05-19 16:57:13 - jugador - [DEBUG] - [JUGADOR_0] Iniciando gestión de colisión con dx=0, dy=-3. Hitbox actual: (263, 419)
2025-05-19 16:57:13 - jugador - [DEBUG] - [JUGADOR_0] Posición POST CH: HB: (265, 416), PosFlotante: (265.00, 416.00)
2025-05-19 16:57:13 - jugador - [DEBUG] - [JUGADOR_0] Pos flotante (pre-límites): (265.0000, 413.1200)
2025-05-19 16:57:13 - jugador - [DEBUG] - [JUGADOR_0] Pos flotante (post-límites): (265.0000, 413.1200)
2025-05-19 16:57:13 - jugador - [DEBUG] - [JUGADOR_0] Movimiento para CH: dx_int=0, dy_int=-3. HB (antes CH): (265, 416), PosFlotante: (265.0000,413.1200)
2025-05-19 16:57:13 - jugador - [DEBUG] - [JUGADOR_0] Iniciando gestión de colisión con dx=0, dy=-3. Hitbox actual: (265, 416)
2025-05-19 16:57:13 - jugador - [DEBUG] - [JUGADOR_0] Posición POST CH: HB: (267, 413), PosFlotante: (267.00, 413.00)
2025-05-19 16:57:13 - jugador - [DEBUG] - [JUGADOR_0] Pos flotante (pre-límites): (267.0000, 410.1200)
2025-05-19 16:57:13 - jugador - [DEBUG] - [JUGADOR_0] Pos flotante (post-límites): (267.0000, 410.1200)
2025-05-19 16:57:13 - jugador - [DEBUG] - [JUGADOR_0] Movimiento para CH: dx_int=0, dy_int=-3. HB (antes CH): (267, 413), PosFlotante: (267.0000,410.1200)
2025-05-19 16:57:13 - jugador - [DEBUG] - [JUGADOR_0] Iniciando gestión de colisión con dx=0, dy=-3. Hitbox actual: (267, 413)
2025-05-19 16:57:13 - jugador - [DEBUG] - [JUGADOR_0] Posición POST CH: HB: (269, 410), PosFlotante: (269.00, 410.00)
2025-05-19 16:57:13 - jugador - [DEBUG] - [JUGADOR_0] Input teclado procesado: mov_x_input_raw=180, mov_y_input_raw=-180
2025-05-19 16:57:13 - jugador - [DEBUG] - [JUGADOR_0] Delta flotante intentado: dx=2.8800, dy=-2.8800 (delta_time: 0.0160)
2025-05-19 16:57:13 - jugador - [DEBUG] - [JUGADOR_0] Pos flotante (pre-límites): (271.8800, 407.1200)
2025-05-19 16:57:13 - jugador - [DEBUG] - [JUGADOR_0] Pos flotante (post-límites): (271.8800, 407.1200)
2025-05-19 16:57:13 - jugador - [DEBUG] - [JUGADOR_0] Movimiento para CH: dx_int=3, dy_int=-3. HB (antes CH): (269, 410), PosFlotante: (271.8800,407.1200)
2025-05-19 16:57:13 - jugador - [DEBUG] - [JUGADOR_0] Iniciando gestión de colisión con dx=3, dy=-3. Hitbox actual: (269, 410)
2025-05-19 16:57:13 - jugador - [DEBUG] - [JUGADOR_0] Posición POST CH: HB: (274, 407), PosFlotante: (274.00, 407.00)
2025-05-19 16:57:13 - jugador - [DEBUG] - [JUGADOR_0] Delta flotante intentado: dx=3.0600, dy=-3.0600 (delta_time: 0.0170)
2025-05-19 16:57:13 - jugador - [DEBUG] - [JUGADOR_0] Pos flotante (pre-límites): (277.0600, 403.9400)
2025-05-19 16:57:13 - jugador - [DEBUG] - [JUGADOR_0] Pos flotante (post-límites): (277.0600, 403.9400)
2025-05-19 16:57:13 - jugador - [DEBUG] - [JUGADOR_0] Movimiento para CH: dx_int=4, dy_int=-4. HB (antes CH): (274, 407), PosFlotante: (277.0600,403.9400)
2025-05-19 16:57:13 - jugador - [DEBUG] - [JUGADOR_0] Iniciando gestión de colisión con dx=4, dy=-4. Hitbox actual: (274, 407)
2025-05-19 16:57:13 - jugador - [DEBUG] - [JUGADOR_0] Posición POST CH: HB: (278, 403), PosFlotante: (278.00, 403.00)
2025-05-19 16:57:13 - jugador - [DEBUG] - [JUGADOR_0] Pos flotante (pre-límites): (280.8800, 400.1200)
2025-05-19 16:57:13 - jugador - [DEBUG] - [JUGADOR_0] Pos flotante (post-límites): (280.8800, 400.1200)
2025-05-19 16:57:13 - jugador - [DEBUG] - [JUGADOR_0] Movimiento para CH: dx_int=3, dy_int=-3. HB (antes CH): (278, 403), PosFlotante: (280.8800,400.1200)
2025-05-19 16:57:13 - jugador - [DEBUG] - [JUGADOR_0] Iniciando gestión de colisión con dx=3, dy=-3. Hitbox actual: (278, 403)
2025-05-19 16:57:13 - jugador - [DEBUG] - [JUGADOR_0] Posición POST CH: HB: (281, 400), PosFlotante: (281.00, 400.00)
2025-05-19 16:57:13 - jugador - [DEBUG] - [JUGADOR_0] Pos flotante (pre-límites): (283.8800, 397.1200)
2025-05-19 16:57:13 - jugador - [DEBUG] - [JUGADOR_0] Pos flotante (post-límites): (283.8800, 397.1200)
2025-05-19 16:57:13 - jugador - [DEBUG] - [JUGADOR_0] Movimiento para CH: dx_int=3, dy_int=-3. HB (antes CH): (281, 400), PosFlotante: (283.8800,397.1200)
2025-05-19 16:57:13 - jugador - [DEBUG] - [JUGADOR_0] Iniciando gestión de colisión con dx=3, dy=-3. Hitbox actual: (281, 400)
2025-05-19 16:57:13 - jugador - [DEBUG] - [JUGADOR_0] Posición POST CH: HB: (284, 397), PosFlotante: (284.00, 397.00)
2025-05-19 16:57:13 - jugador - [DEBUG] - [JUGADOR_0] Input teclado procesado: mov_x_input_raw=180, mov_y_input_raw=-180
2025-05-19 16:57:13 - jugador - [DEBUG] - [JUGADOR_0] Delta flotante intentado: dx=3.0600, dy=-3.0600 (delta_time: 0.0170)
2025-05-19 16:57:13 - jugador - [DEBUG] - [JUGADOR_0] Pos flotante (pre-límites): (287.0600, 393.9400)
2025-05-19 16:57:13 - jugador - [DEBUG] - [JUGADOR_0] Pos flotante (post-límites): (287.0600, 393.9400)
2025-05-19 16:57:13 - jugador - [DEBUG] - [JUGADOR_0] Movimiento para CH: dx_int=4, dy_int=-4. HB (antes CH): (284, 397), PosFlotante: (287.0600,393.9400)
2025-05-19 16:57:13 - jugador - [DEBUG] - [JUGADOR_0] Iniciando gestión de colisión con dx=4, dy=-4. Hitbox actual: (284, 397)
2025-05-19 16:57:13 - jugador - [DEBUG] - [JUGADOR_0] Posición POST CH: HB: (288, 393), PosFlotante: (288.00, 393.00)
2025-05-19 16:57:13 - jugador - [DEBUG] - [JUGADOR_0] Delta flotante intentado: dx=2.8800, dy=-2.8800 (delta_time: 0.0160)
2025-05-19 16:57:13 - jugador - [DEBUG] - [JUGADOR_0] Pos flotante (pre-límites): (290.8800, 390.1200)
2025-05-19 16:57:13 - jugador - [DEBUG] - [JUGADOR_0] Pos flotante (post-límites): (290.8800, 390.1200)
2025-05-19 16:57:13 - jugador - [DEBUG] - [JUGADOR_0] Movimiento para CH: dx_int=3, dy_int=-3. HB (antes CH): (288, 393), PosFlotante: (290.8800,390.1200)
2025-05-19 16:57:13 - jugador - [DEBUG] - [JUGADOR_0] Iniciando gestión de colisión con dx=3, dy=-3. Hitbox actual: (288, 393)
2025-05-19 16:57:13 - jugador - [DEBUG] - [JUGADOR_0] Posición POST CH: HB: (291, 390), PosFlotante: (291.00, 390.00)
2025-05-19 16:57:13 - jugador - [DEBUG] - [JUGADOR_0] Pos flotante (pre-límites): (294.0600, 386.9400)
2025-05-19 16:57:13 - jugador - [DEBUG] - [JUGADOR_0] Pos flotante (post-límites): (294.0600, 386.9400)
2025-05-19 16:57:13 - jugador - [DEBUG] - [JUGADOR_0] Movimiento para CH: dx_int=4, dy_int=-4. HB (antes CH): (291, 390), PosFlotante: (294.0600,386.9400)
2025-05-19 16:57:13 - jugador - [DEBUG] - [JUGADOR_0] Iniciando gestión de colisión con dx=4, dy=-4. Hitbox actual: (291, 390)
2025-05-19 16:57:13 - jugador - [DEBUG] - [JUGADOR_0] Posición POST CH: HB: (295, 386), PosFlotante: (295.00, 386.00)
2025-05-19 16:57:13 - jugador - [DEBUG] - [JUGADOR_0] Pos flotante (pre-límites): (298.0600, 382.9400)
2025-05-19 16:57:13 - jugador - [DEBUG] - [JUGADOR_0] Pos flotante (post-límites): (298.0600, 382.9400)
2025-05-19 16:57:13 - jugador - [DEBUG] - [JUGADOR_0] Movimiento para CH: dx_int=4, dy_int=-4. HB (antes CH): (295, 386), PosFlotante: (298.0600,382.9400)
2025-05-19 16:57:13 - jugador - [DEBUG] - [JUGADOR_0] Iniciando gestión de colisión con dx=4, dy=-4. Hitbox actual: (295, 386)
2025-05-19 16:57:13 - jugador - [DEBUG] - [JUGADOR_0] Posición POST CH: HB: (299, 382), PosFlotante: (299.00, 382.00)
2025-05-19 16:57:13 - jugador - [DEBUG] - [JUGADOR_0] Input teclado procesado: mov_x_input_raw=180, mov_y_input_raw=-180
2025-05-19 16:57:13 - jugador - [DEBUG] - [JUGADOR_0] Pos flotante (pre-límites): (301.8800, 379.1200)
2025-05-19 16:57:13 - jugador - [DEBUG] - [JUGADOR_0] Pos flotante (post-límites): (301.8800, 379.1200)
2025-05-19 16:57:13 - jugador - [DEBUG] - [JUGADOR_0] Movimiento para CH: dx_int=3, dy_int=-3. HB (antes CH): (299, 382), PosFlotante: (301.8800,379.1200)
2025-05-19 16:57:13 - jugador - [DEBUG] - [JUGADOR_0] Iniciando gestión de colisión con dx=3, dy=-3. Hitbox actual: (299, 382)
2025-05-19 16:57:13 - jugador - [DEBUG] - [JUGADOR_0] Posición POST CH: HB: (302, 379), PosFlotante: (302.00, 379.00)
2025-05-19 16:57:13 - jugador - [DEBUG] - [JUGADOR_0] Delta flotante intentado: dx=2.8800, dy=-2.8800 (delta_time: 0.0160)
2025-05-19 16:57:13 - jugador - [DEBUG] - [JUGADOR_0] Pos flotante (pre-límites): (304.8800, 376.1200)
2025-05-19 16:57:13 - jugador - [DEBUG] - [JUGADOR_0] Pos flotante (post-límites): (304.8800, 376.1200)
2025-05-19 16:57:13 - jugador - [DEBUG] - [JUGADOR_0] Movimiento para CH: dx_int=3, dy_int=-3. HB (antes CH): (302, 379), PosFlotante: (304.8800,376.1200)
2025-05-19 16:57:13 - jugador - [DEBUG] - [JUGADOR_0] Iniciando gestión de colisión con dx=3, dy=-3. Hitbox actual: (302, 379)
2025-05-19 16:57:13 - jugador - [DEBUG] - [JUGADOR_0] Posición POST CH: HB: (305, 376), PosFlotante: (305.00, 376.00)
2025-05-19 16:57:13 - jugador - [DEBUG] - [JUGADOR_0] Pos flotante (pre-límites): (307.8800, 373.1200)
2025-05-19 16:57:13 - jugador - [DEBUG] - [JUGADOR_0] Pos flotante (post-límites): (307.8800, 373.1200)
2025-05-19 16:57:13 - jugador - [DEBUG] - [JUGADOR_0] Movimiento para CH: dx_int=3, dy_int=-3. HB (antes CH): (305, 376), PosFlotante: (307.8800,373.1200)
2025-05-19 16:57:13 - jugador - [DEBUG] - [JUGADOR_0] Iniciando gestión de colisión con dx=3, dy=-3. Hitbox actual: (305, 376)
2025-05-19 16:57:13 - jugador - [DEBUG] - [JUGADOR_0] Posición POST CH: HB: (308, 373), PosFlotante: (308.00, 373.00)
2025-05-19 16:57:13 - jugador - [DEBUG] - [JUGADOR_0] Delta flotante intentado: dx=3.0600, dy=-3.0600 (delta_time: 0.0170)
2025-05-19 16:57:13 - jugador - [DEBUG] - [JUGADOR_0] Pos flotante (pre-límites): (311.0600, 369.9400)
2025-05-19 16:57:13 - jugador - [DEBUG] - [JUGADOR_0] Pos flotante (post-límites): (311.0600, 369.9400)
2025-05-19 16:57:13 - jugador - [DEBUG] - [JUGADOR_0] Movimiento para CH: dx_int=4, dy_int=-4. HB (antes CH): (308, 373), PosFlotante: (311.0600,369.9400)
2025-05-19 16:57:13 - jugador - [DEBUG] - [JUGADOR_0] Iniciando gestión de colisión con dx=4, dy=-4. Hitbox actual: (308, 373)
2025-05-19 16:57:13 - jugador - [DEBUG] - [JUGADOR_0] Posición POST CH: HB: (312, 369), PosFlotante: (312.00, 369.00)
2025-05-19 16:57:13 - jugador - [DEBUG] - [JUGADOR_0] Input teclado procesado: mov_x_input_raw=180, mov_y_input_raw=-180
2025-05-19 16:57:13 - jugador - [DEBUG] - [JUGADOR_0] Pos flotante (pre-límites): (315.0600, 365.9400)
2025-05-19 16:57:13 - jugador - [DEBUG] - [JUGADOR_0] Pos flotante (post-límites): (315.0600, 365.9400)
2025-05-19 16:57:13 - jugador - [DEBUG] - [JUGADOR_0] Movimiento para CH: dx_int=4, dy_int=-4. HB (antes CH): (312, 369), PosFlotante: (315.0600,365.9400)
2025-05-19 16:57:13 - jugador - [DEBUG] - [JUGADOR_0] Iniciando gestión de colisión con dx=4, dy=-4. Hitbox actual: (312, 369)
2025-05-19 16:57:13 - jugador - [DEBUG] - [JUGADOR_0] Posición POST CH: HB: (316, 365), PosFlotante: (316.00, 365.00)
2025-05-19 16:57:13 - jugador - [DEBUG] - [JUGADOR_0] Delta flotante intentado: dx=2.8800, dy=-2.8800 (delta_time: 0.0160)
2025-05-19 16:57:13 - jugador - [DEBUG] - [JUGADOR_0] Pos flotante (pre-límites): (318.8800, 362.1200)
2025-05-19 16:57:13 - jugador - [DEBUG] - [JUGADOR_0] Pos flotante (post-límites): (318.8800, 362.1200)
2025-05-19 16:57:13 - jugador - [DEBUG] - [JUGADOR_0] Movimiento para CH: dx_int=3, dy_int=-3. HB (antes CH): (316, 365), PosFlotante: (318.8800,362.1200)
2025-05-19 16:57:13 - jugador - [DEBUG] - [JUGADOR_0] Iniciando gestión de colisión con dx=3, dy=-3. Hitbox actual: (316, 365)
2025-05-19 16:57:13 - jugador - [DEBUG] - [JUGADOR_0] Posición POST CH: HB: (319, 362), PosFlotante: (319.00, 362.00)
2025-05-19 16:57:13 - jugador - [DEBUG] - [JUGADOR_0] Input teclado procesado: mov_x_input_raw=180, mov_y_input_raw=0
2025-05-19 16:57:13 - jugador - [DEBUG] - [JUGADOR_0] Delta flotante intentado: dx=2.8800, dy=0.0000 (delta_time: 0.0160)
2025-05-19 16:57:13 - jugador - [DEBUG] - [JUGADOR_0] Pos flotante (pre-límites): (321.8800, 362.0000)
2025-05-19 16:57:13 - jugador - [DEBUG] - [JUGADOR_0] Pos flotante (post-límites): (321.8800, 362.0000)
2025-05-19 16:57:13 - jugador - [DEBUG] - [JUGADOR_0] Movimiento para CH: dx_int=3, dy_int=0. HB (antes CH): (319, 362), PosFlotante: (321.8800,362.0000)
2025-05-19 16:57:13 - jugador - [DEBUG] - [JUGADOR_0] Iniciando gestión de colisión con dx=3, dy=0. Hitbox actual: (319, 362)
2025-05-19 16:57:13 - jugador - [DEBUG] - [JUGADOR_0] Posición POST CH: HB: (322, 362), PosFlotante: (322.00, 362.00)
2025-05-19 16:57:13 - jugador - [DEBUG] - [JUGADOR_0] Delta flotante intentado: dx=3.0600, dy=0.0000 (delta_time: 0.0170)
2025-05-19 16:57:13 - jugador - [DEBUG] - [JUGADOR_0] Pos flotante (pre-límites): (325.0600, 362.0000)
2025-05-19 16:57:13 - jugador - [DEBUG] - [JUGADOR_0] Pos flotante (post-límites): (325.0600, 362.0000)
2025-05-19 16:57:13 - jugador - [DEBUG] - [JUGADOR_0] Movimiento para CH: dx_int=4, dy_int=0. HB (antes CH): (322, 362), PosFlotante: (325.0600,362.0000)
2025-05-19 16:57:13 - jugador - [DEBUG] - [JUGADOR_0] Iniciando gestión de colisión con dx=4, dy=0. Hitbox actual: (322, 362)
2025-05-19 16:57:14 - jugador - [DEBUG] - [JUGADOR_0] Posición POST CH: HB: (326, 362), PosFlotante: (326.00, 362.00)
2025-05-19 16:57:14 - jugador - [DEBUG] - [JUGADOR_0] Pos flotante (pre-límites): (328.8800, 362.0000)
2025-05-19 16:57:14 - jugador - [DEBUG] - [JUGADOR_0] Pos flotante (post-límites): (328.8800, 362.0000)
2025-05-19 16:57:14 - jugador - [DEBUG] - [JUGADOR_0] Movimiento para CH: dx_int=3, dy_int=0. HB (antes CH): (326, 362), PosFlotante: (328.8800,362.0000)
2025-05-19 16:57:14 - jugador - [DEBUG] - [JUGADOR_0] Iniciando gestión de colisión con dx=3, dy=0. Hitbox actual: (326, 362)
2025-05-19 16:57:14 - jugador - [DEBUG] - [JUGADOR_0] Posición POST CH: HB: (329, 362), PosFlotante: (329.00, 362.00)
2025-05-19 16:57:14 - jugador - [DEBUG] - [JUGADOR_0] Input teclado procesado: mov_x_input_raw=180, mov_y_input_raw=0
2025-05-19 16:57:14 - jugador - [DEBUG] - [JUGADOR_0] Pos flotante (pre-límites): (332.0600, 362.0000)
2025-05-19 16:57:14 - jugador - [DEBUG] - [JUGADOR_0] Pos flotante (post-límites): (332.0600, 362.0000)
2025-05-19 16:57:14 - jugador - [DEBUG] - [JUGADOR_0] Movimiento para CH: dx_int=4, dy_int=0. HB (antes CH): (329, 362), PosFlotante: (332.0600,362.0000)
2025-05-19 16:57:14 - jugador - [DEBUG] - [JUGADOR_0] Iniciando gestión de colisión con dx=4, dy=0. Hitbox actual: (329, 362)
2025-05-19 16:57:14 - jugador - [DEBUG] - [JUGADOR_0] Posición POST CH: HB: (333, 362), PosFlotante: (333.00, 362.00)
2025-05-19 16:57:14 - jugador - [DEBUG] - [JUGADOR_0] Delta flotante intentado: dx=2.8800, dy=0.0000 (delta_time: 0.0160)
2025-05-19 16:57:14 - jugador - [DEBUG] - [JUGADOR_0] Pos flotante (pre-límites): (335.8800, 362.0000)
2025-05-19 16:57:14 - jugador - [DEBUG] - [JUGADOR_0] Pos flotante (post-límites): (335.8800, 362.0000)
2025-05-19 16:57:14 - jugador - [DEBUG] - [JUGADOR_0] Movimiento para CH: dx_int=3, dy_int=0. HB (antes CH): (333, 362), PosFlotante: (335.8800,362.0000)
2025-05-19 16:57:14 - jugador - [DEBUG] - [JUGADOR_0] Iniciando gestión de colisión con dx=3, dy=0. Hitbox actual: (333, 362)
2025-05-19 16:57:14 - jugador - [DEBUG] - [JUGADOR_0] Posición POST CH: HB: (336, 362), PosFlotante: (336.00, 362.00)
2025-05-19 16:57:14 - jugador - [DEBUG] - [JUGADOR_0] Delta flotante intentado: dx=3.0600, dy=0.0000 (delta_time: 0.0170)
2025-05-19 16:57:14 - jugador - [DEBUG] - [JUGADOR_0] Pos flotante (pre-límites): (339.0600, 362.0000)
2025-05-19 16:57:14 - jugador - [DEBUG] - [JUGADOR_0] Pos flotante (post-límites): (339.0600, 362.0000)
2025-05-19 16:57:14 - jugador - [DEBUG] - [JUGADOR_0] Movimiento para CH: dx_int=4, dy_int=0. HB (antes CH): (336, 362), PosFlotante: (339.0600,362.0000)
2025-05-19 16:57:14 - jugador - [DEBUG] - [JUGADOR_0] Iniciando gestión de colisión con dx=4, dy=0. Hitbox actual: (336, 362)
2025-05-19 16:57:14 - jugador - [DEBUG] - [JUGADOR_0] Posición POST CH: HB: (340, 362), PosFlotante: (340.00, 362.00)
2025-05-19 16:57:14 - jugador - [DEBUG] - [JUGADOR_0] Input teclado procesado: mov_x_input_raw=180, mov_y_input_raw=-180
2025-05-19 16:57:14 - jugador - [DEBUG] - [JUGADOR_0] Delta flotante intentado: dx=2.8800, dy=-2.8800 (delta_time: 0.0160)
2025-05-19 16:57:14 - jugador - [DEBUG] - [JUGADOR_0] Pos flotante (pre-límites): (342.8800, 359.1200)
2025-05-19 16:57:14 - jugador - [DEBUG] - [JUGADOR_0] Pos flotante (post-límites): (342.8800, 359.1200)
2025-05-19 16:57:14 - jugador - [DEBUG] - [JUGADOR_0] Movimiento para CH: dx_int=3, dy_int=-3. HB (antes CH): (340, 362), PosFlotante: (342.8800,359.1200)
2025-05-19 16:57:14 - jugador - [DEBUG] - [JUGADOR_0] Iniciando gestión de colisión con dx=3, dy=-3. Hitbox actual: (340, 362)
2025-05-19 16:57:14 - jugador - [DEBUG] - [JUGADOR_0] Posición POST CH: HB: (343, 359), PosFlotante: (343.00, 359.00)
2025-05-19 16:57:14 - jugador - [DEBUG] - [JUGADOR_0] Pos flotante (pre-límites): (345.8800, 356.1200)
2025-05-19 16:57:14 - jugador - [DEBUG] - [JUGADOR_0] Pos flotante (post-límites): (345.8800, 356.1200)
2025-05-19 16:57:14 - jugador - [DEBUG] - [JUGADOR_0] Movimiento para CH: dx_int=3, dy_int=-3. HB (antes CH): (343, 359), PosFlotante: (345.8800,356.1200)
2025-05-19 16:57:14 - jugador - [DEBUG] - [JUGADOR_0] Iniciando gestión de colisión con dx=3, dy=-3. Hitbox actual: (343, 359)
2025-05-19 16:57:14 - jugador - [DEBUG] - [JUGADOR_0] Posición POST CH: HB: (346, 356), PosFlotante: (346.00, 356.00)
2025-05-19 16:57:14 - jugador - [DEBUG] - [JUGADOR_0] Pos flotante (pre-límites): (348.8800, 353.1200)
2025-05-19 16:57:14 - jugador - [DEBUG] - [JUGADOR_0] Pos flotante (post-límites): (348.8800, 353.1200)
2025-05-19 16:57:14 - jugador - [DEBUG] - [JUGADOR_0] Movimiento para CH: dx_int=3, dy_int=-3. HB (antes CH): (346, 356), PosFlotante: (348.8800,353.1200)
2025-05-19 16:57:14 - jugador - [DEBUG] - [JUGADOR_0] Iniciando gestión de colisión con dx=3, dy=-3. Hitbox actual: (346, 356)
2025-05-19 16:57:14 - jugador - [DEBUG] - [JUGADOR_0] Posición POST CH: HB: (349, 353), PosFlotante: (349.00, 353.00)
2025-05-19 16:57:14 - jugador - [DEBUG] - [JUGADOR_0] Delta flotante intentado: dx=3.0600, dy=-3.0600 (delta_time: 0.0170)
2025-05-19 16:57:14 - jugador - [DEBUG] - [JUGADOR_0] Pos flotante (pre-límites): (352.0600, 349.9400)
2025-05-19 16:57:14 - jugador - [DEBUG] - [JUGADOR_0] Pos flotante (post-límites): (352.0600, 349.9400)
2025-05-19 16:57:14 - jugador - [DEBUG] - [JUGADOR_0] Movimiento para CH: dx_int=4, dy_int=-4. HB (antes CH): (349, 353), PosFlotante: (352.0600,349.9400)
2025-05-19 16:57:14 - jugador - [DEBUG] - [JUGADOR_0] Iniciando gestión de colisión con dx=4, dy=-4. Hitbox actual: (349, 353)
2025-05-19 16:57:14 - jugador - [DEBUG] - [JUGADOR_0] Posición POST CH: HB: (353, 349), PosFlotante: (353.00, 349.00)
2025-05-19 16:57:14 - jugador - [DEBUG] - [JUGADOR_0] Input teclado procesado: mov_x_input_raw=180, mov_y_input_raw=-180
2025-05-19 16:57:14 - jugador - [DEBUG] - [JUGADOR_0] Delta flotante intentado: dx=2.8800, dy=-2.8800 (delta_time: 0.0160)
2025-05-19 16:57:14 - jugador - [DEBUG] - [JUGADOR_0] Pos flotante (pre-límites): (355.8800, 346.1200)
2025-05-19 16:57:14 - jugador - [DEBUG] - [JUGADOR_0] Pos flotante (post-límites): (355.8800, 346.1200)
2025-05-19 16:57:14 - jugador - [DEBUG] - [JUGADOR_0] Movimiento para CH: dx_int=3, dy_int=-3. HB (antes CH): (353, 349), PosFlotante: (355.8800,346.1200)
2025-05-19 16:57:14 - jugador - [DEBUG] - [JUGADOR_0] Iniciando gestión de colisión con dx=3, dy=-3. Hitbox actual: (353, 349)
2025-05-19 16:57:14 - jugador - [DEBUG] - [JUGADOR_0] Posición POST CH: HB: (356, 346), PosFlotante: (356.00, 346.00)
2025-05-19 16:57:14 - jugador - [DEBUG] - [JUGADOR_0] Pos flotante (pre-límites): (359.0600, 342.9400)
2025-05-19 16:57:14 - jugador - [DEBUG] - [JUGADOR_0] Pos flotante (post-límites): (359.0600, 342.9400)
2025-05-19 16:57:14 - jugador - [DEBUG] - [JUGADOR_0] Movimiento para CH: dx_int=4, dy_int=-4. HB (antes CH): (356, 346), PosFlotante: (359.0600,342.9400)
2025-05-19 16:57:14 - jugador - [DEBUG] - [JUGADOR_0] Iniciando gestión de colisión con dx=4, dy=-4. Hitbox actual: (356, 346)
2025-05-19 16:57:14 - jugador - [DEBUG] - [JUGADOR_0] Posición POST CH: HB: (360, 342), PosFlotante: (360.00, 342.00)
2025-05-19 16:57:14 - jugador - [DEBUG] - [JUGADOR_0] Pos flotante (pre-límites): (363.0600, 338.9400)
2025-05-19 16:57:14 - jugador - [DEBUG] - [JUGADOR_0] Pos flotante (post-límites): (363.0600, 338.9400)
2025-05-19 16:57:14 - jugador - [DEBUG] - [JUGADOR_0] Movimiento para CH: dx_int=4, dy_int=-4. HB (antes CH): (360, 342), PosFlotante: (363.0600,338.9400)
2025-05-19 16:57:14 - jugador - [DEBUG] - [JUGADOR_0] Iniciando gestión de colisión con dx=4, dy=-4. Hitbox actual: (360, 342)
2025-05-19 16:57:14 - jugador - [DEBUG] - [JUGADOR_0] Posición POST CH: HB: (364, 338), PosFlotante: (364.00, 338.00)
2025-05-19 16:57:14 - jugador - [DEBUG] - [JUGADOR_0] Input teclado procesado: mov_x_input_raw=180, mov_y_input_raw=-180
2025-05-19 16:57:14 - jugador - [DEBUG] - [JUGADOR_0] Delta flotante intentado: dx=2.8800, dy=-2.8800 (delta_time: 0.0160)
2025-05-19 16:57:14 - jugador - [DEBUG] - [JUGADOR_0] Pos flotante (pre-límites): (366.8800, 335.1200)
2025-05-19 16:57:14 - jugador - [DEBUG] - [JUGADOR_0] Pos flotante (post-límites): (366.8800, 335.1200)
2025-05-19 16:57:14 - jugador - [DEBUG] - [JUGADOR_0] Movimiento para CH: dx_int=3, dy_int=-3. HB (antes CH): (364, 338), PosFlotante: (366.8800,335.1200)
2025-05-19 16:57:14 - jugador - [DEBUG] - [JUGADOR_0] Iniciando gestión de colisión con dx=3, dy=-3. Hitbox actual: (364, 338)
2025-05-19 16:57:14 - jugador - [DEBUG] - [JUGADOR_0] Posición POST CH: HB: (367, 335), PosFlotante: (367.00, 335.00)
2025-05-19 16:57:14 - jugador - [DEBUG] - [JUGADOR_0] Delta flotante intentado: dx=3.0600, dy=-3.0600 (delta_time: 0.0170)
2025-05-19 16:57:14 - jugador - [DEBUG] - [JUGADOR_0] Pos flotante (pre-límites): (370.0600, 331.9400)
2025-05-19 16:57:14 - jugador - [DEBUG] - [JUGADOR_0] Pos flotante (post-límites): (370.0600, 331.9400)
2025-05-19 16:57:14 - jugador - [DEBUG] - [JUGADOR_0] Movimiento para CH: dx_int=4, dy_int=-4. HB (antes CH): (367, 335), PosFlotante: (370.0600,331.9400)
2025-05-19 16:57:14 - jugador - [DEBUG] - [JUGADOR_0] Iniciando gestión de colisión con dx=4, dy=-4. Hitbox actual: (367, 335)
2025-05-19 16:57:14 - jugador - [DEBUG] - [JUGADOR_0] Posición POST CH: HB: (371, 331), PosFlotante: (371.00, 331.00)
2025-05-19 16:57:14 - jugador - [DEBUG] - [JUGADOR_0] Pos flotante (pre-límites): (373.8800, 328.1200)
2025-05-19 16:57:14 - jugador - [DEBUG] - [JUGADOR_0] Pos flotante (post-límites): (373.8800, 328.1200)
2025-05-19 16:57:14 - jugador - [DEBUG] - [JUGADOR_0] Movimiento para CH: dx_int=3, dy_int=-3. HB (antes CH): (371, 331), PosFlotante: (373.8800,328.1200)
2025-05-19 16:57:14 - jugador - [DEBUG] - [JUGADOR_0] Iniciando gestión de colisión con dx=3, dy=-3. Hitbox actual: (371, 331)
2025-05-19 16:57:14 - jugador - [DEBUG] - [JUGADOR_0] Posición POST CH: HB: (374, 328), PosFlotante: (374.00, 328.00)
2025-05-19 16:57:14 - jugador - [DEBUG] - [JUGADOR_0] Input teclado procesado: mov_x_input_raw=180, mov_y_input_raw=-180
2025-05-19 16:57:14 - jugador - [DEBUG] - [JUGADOR_0] Delta flotante intentado: dx=3.2400, dy=-3.2400 (delta_time: 0.0180)
2025-05-19 16:57:14 - jugador - [DEBUG] - [JUGADOR_0] Pos flotante (pre-límites): (377.2400, 324.7600)
2025-05-19 16:57:14 - jugador - [DEBUG] - [JUGADOR_0] Pos flotante (post-límites): (377.2400, 324.7600)
2025-05-19 16:57:14 - jugador - [DEBUG] - [JUGADOR_0] Movimiento para CH: dx_int=4, dy_int=-4. HB (antes CH): (374, 328), PosFlotante: (377.2400,324.7600)
2025-05-19 16:57:14 - jugador - [DEBUG] - [JUGADOR_0] Iniciando gestión de colisión con dx=4, dy=-4. Hitbox actual: (374, 328)
2025-05-19 16:57:14 - jugador - [DEBUG] - [JUGADOR_0] Posición POST CH: HB: (378, 324), PosFlotante: (378.00, 324.00)
2025-05-19 16:57:14 - jugador - [DEBUG] - [JUGADOR_0] Delta flotante intentado: dx=2.8800, dy=-2.8800 (delta_time: 0.0160)
2025-05-19 16:57:14 - jugador - [DEBUG] - [JUGADOR_0] Pos flotante (pre-límites): (380.8800, 321.1200)
2025-05-19 16:57:14 - jugador - [DEBUG] - [JUGADOR_0] Pos flotante (post-límites): (380.8800, 321.1200)
2025-05-19 16:57:14 - jugador - [DEBUG] - [JUGADOR_0] Movimiento para CH: dx_int=3, dy_int=-3. HB (antes CH): (378, 324), PosFlotante: (380.8800,321.1200)
2025-05-19 16:57:14 - jugador - [DEBUG] - [JUGADOR_0] Iniciando gestión de colisión con dx=3, dy=-3. Hitbox actual: (378, 324)
2025-05-19 16:57:14 - jugador - [DEBUG] - [JUGADOR_0] Posición POST CH: HB: (381, 321), PosFlotante: (381.00, 321.00)
2025-05-19 16:57:14 - jugador - [DEBUG] - [JUGADOR_0] Delta flotante intentado: dx=3.0600, dy=-3.0600 (delta_time: 0.0170)
2025-05-19 16:57:14 - jugador - [DEBUG] - [JUGADOR_0] Pos flotante (pre-límites): (384.0600, 317.9400)
2025-05-19 16:57:14 - jugador - [DEBUG] - [JUGADOR_0] Pos flotante (post-límites): (384.0600, 317.9400)
2025-05-19 16:57:14 - jugador - [DEBUG] - [JUGADOR_0] Movimiento para CH: dx_int=4, dy_int=-4. HB (antes CH): (381, 321), PosFlotante: (384.0600,317.9400)
2025-05-19 16:57:14 - jugador - [DEBUG] - [JUGADOR_0] Iniciando gestión de colisión con dx=4, dy=-4. Hitbox actual: (381, 321)
2025-05-19 16:57:14 - jugador - [DEBUG] - [JUGADOR_0] Posición POST CH: HB: (385, 317), PosFlotante: (385.00, 317.00)
2025-05-19 16:57:14 - jugador - [DEBUG] - [JUGADOR_0] Pos flotante (pre-límites): (387.8800, 314.1200)
2025-05-19 16:57:14 - jugador - [DEBUG] - [JUGADOR_0] Pos flotante (post-límites): (387.8800, 314.1200)
2025-05-19 16:57:14 - jugador - [DEBUG] - [JUGADOR_0] Movimiento para CH: dx_int=3, dy_int=-3. HB (antes CH): (385, 317), PosFlotante: (387.8800,314.1200)
2025-05-19 16:57:14 - jugador - [DEBUG] - [JUGADOR_0] Iniciando gestión de colisión con dx=3, dy=-3. Hitbox actual: (385, 317)
2025-05-19 16:57:14 - jugador - [DEBUG] - [JUGADOR_0] Posición POST CH: HB: (388, 314), PosFlotante: (388.00, 314.00)
2025-05-19 16:57:14 - jugador - [DEBUG] - [JUGADOR_0] Input teclado procesado: mov_x_input_raw=180, mov_y_input_raw=-180
2025-05-19 16:57:14 - jugador - [DEBUG] - [JUGADOR_0] Pos flotante (pre-límites): (390.8800, 311.1200)
2025-05-19 16:57:14 - jugador - [DEBUG] - [JUGADOR_0] Pos flotante (post-límites): (390.8800, 311.1200)
2025-05-19 16:57:14 - jugador - [DEBUG] - [JUGADOR_0] Movimiento para CH: dx_int=3, dy_int=-3. HB (antes CH): (388, 314), PosFlotante: (390.8800,311.1200)
2025-05-19 16:57:14 - jugador - [DEBUG] - [JUGADOR_0] Iniciando gestión de colisión con dx=3, dy=-3. Hitbox actual: (388, 314)
2025-05-19 16:57:14 - jugador - [DEBUG] - [JUGADOR_0] Posición POST CH: HB: (391, 311), PosFlotante: (391.00, 311.00)
2025-05-19 16:57:14 - jugador - [DEBUG] - [JUGADOR_0] Delta flotante intentado: dx=2.8800, dy=-2.8800 (delta_time: 0.0160)
2025-05-19 16:57:14 - jugador - [DEBUG] - [JUGADOR_0] Pos flotante (pre-límites): (393.8800, 308.1200)
2025-05-19 16:57:14 - jugador - [DEBUG] - [JUGADOR_0] Pos flotante (post-límites): (393.8800, 308.1200)
2025-05-19 16:57:14 - jugador - [DEBUG] - [JUGADOR_0] Movimiento para CH: dx_int=3, dy_int=-3. HB (antes CH): (391, 311), PosFlotante: (393.8800,308.1200)
2025-05-19 16:57:14 - jugador - [DEBUG] - [JUGADOR_0] Iniciando gestión de colisión con dx=3, dy=-3. Hitbox actual: (391, 311)
2025-05-19 16:57:14 - jugador - [DEBUG] - [JUGADOR_0] Posición POST CH: HB: (394, 308), PosFlotante: (394.00, 308.00)
2025-05-19 16:57:14 - jugador - [DEBUG] - [JUGADOR_0] Pos flotante (pre-límites): (396.8800, 305.1200)
2025-05-19 16:57:14 - jugador - [DEBUG] - [JUGADOR_0] Pos flotante (post-límites): (396.8800, 305.1200)
2025-05-19 16:57:14 - jugador - [DEBUG] - [JUGADOR_0] Movimiento para CH: dx_int=3, dy_int=-3. HB (antes CH): (394, 308), PosFlotante: (396.8800,305.1200)
2025-05-19 16:57:14 - jugador - [DEBUG] - [JUGADOR_0] Iniciando gestión de colisión con dx=3, dy=-3. Hitbox actual: (394, 308)
2025-05-19 16:57:14 - jugador - [DEBUG] - [JUGADOR_0] Posición POST CH: HB: (397, 305), PosFlotante: (397.00, 305.00)
2025-05-19 16:57:14 - jugador - [DEBUG] - [JUGADOR_0] Pos flotante (pre-límites): (399.8800, 302.1200)
2025-05-19 16:57:14 - jugador - [DEBUG] - [JUGADOR_0] Pos flotante (post-límites): (399.8800, 302.1200)
2025-05-19 16:57:14 - jugador - [DEBUG] - [JUGADOR_0] Movimiento para CH: dx_int=3, dy_int=-3. HB (antes CH): (397, 305), PosFlotante: (399.8800,302.1200)
2025-05-19 16:57:14 - jugador - [DEBUG] - [JUGADOR_0] Iniciando gestión de colisión con dx=3, dy=-3. Hitbox actual: (397, 305)
2025-05-19 16:57:14 - jugador - [DEBUG] - [JUGADOR_0] Posición POST CH: HB: (400, 302), PosFlotante: (400.00, 302.00)
2025-05-19 16:57:14 - jugador - [DEBUG] - [JUGADOR_0] Input teclado procesado: mov_x_input_raw=180, mov_y_input_raw=-180
2025-05-19 16:57:14 - jugador - [DEBUG] - [JUGADOR_0] Delta flotante intentado: dx=3.0600, dy=-3.0600 (delta_time: 0.0170)
2025-05-19 16:57:14 - jugador - [DEBUG] - [JUGADOR_0] Pos flotante (pre-límites): (403.0600, 298.9400)
2025-05-19 16:57:14 - jugador - [DEBUG] - [JUGADOR_0] Pos flotante (post-límites): (403.0600, 298.9400)
2025-05-19 16:57:14 - jugador - [DEBUG] - [JUGADOR_0] Movimiento para CH: dx_int=4, dy_int=-4. HB (antes CH): (400, 302), PosFlotante: (403.0600,298.9400)
2025-05-19 16:57:14 - jugador - [DEBUG] - [JUGADOR_0] Iniciando gestión de colisión con dx=4, dy=-4. Hitbox actual: (400, 302)
2025-05-19 16:57:14 - jugador - [DEBUG] - [JUGADOR_0] Posición POST CH: HB: (404, 298), PosFlotante: (404.00, 298.00)
2025-05-19 16:57:14 - jugador - [DEBUG] - [JUGADOR_0] Pos flotante (pre-límites): (407.0600, 294.9400)
2025-05-19 16:57:14 - jugador - [DEBUG] - [JUGADOR_0] Pos flotante (post-límites): (407.0600, 294.9400)
2025-05-19 16:57:14 - jugador - [DEBUG] - [JUGADOR_0] Movimiento para CH: dx_int=4, dy_int=-4. HB (antes CH): (404, 298), PosFlotante: (407.0600,294.9400)
2025-05-19 16:57:14 - jugador - [DEBUG] - [JUGADOR_0] Iniciando gestión de colisión con dx=4, dy=-4. Hitbox actual: (404, 298)
2025-05-19 16:57:14 - jugador - [DEBUG] - [JUGADOR_0] Posición POST CH: HB: (408, 294), PosFlotante: (408.00, 294.00)
2025-05-19 16:57:14 - jugador - [DEBUG] - [JUGADOR_0] Delta flotante intentado: dx=2.8800, dy=-2.8800 (delta_time: 0.0160)
2025-05-19 16:57:14 - jugador - [DEBUG] - [JUGADOR_0] Pos flotante (pre-límites): (410.8800, 291.1200)
2025-05-19 16:57:14 - jugador - [DEBUG] - [JUGADOR_0] Pos flotante (post-límites): (410.8800, 291.1200)
2025-05-19 16:57:14 - jugador - [DEBUG] - [JUGADOR_0] Movimiento para CH: dx_int=3, dy_int=-3. HB (antes CH): (408, 294), PosFlotante: (410.8800,291.1200)
2025-05-19 16:57:14 - jugador - [DEBUG] - [JUGADOR_0] Iniciando gestión de colisión con dx=3, dy=-3. Hitbox actual: (408, 294)
2025-05-19 16:57:14 - jugador - [DEBUG] - [JUGADOR_0] Posición POST CH: HB: (411, 291), PosFlotante: (411.00, 291.00)
2025-05-19 16:57:14 - jugador - [DEBUG] - [JUGADOR_0] Input teclado procesado: mov_x_input_raw=180, mov_y_input_raw=-180
2025-05-19 16:57:14 - jugador - [DEBUG] - [JUGADOR_0] Delta flotante intentado: dx=3.2400, dy=-3.2400 (delta_time: 0.0180)
2025-05-19 16:57:14 - jugador - [DEBUG] - [JUGADOR_0] Pos flotante (pre-límites): (414.2400, 287.7600)
2025-05-19 16:57:14 - jugador - [DEBUG] - [JUGADOR_0] Pos flotante (post-límites): (414.2400, 287.7600)
2025-05-19 16:57:14 - jugador - [DEBUG] - [JUGADOR_0] Movimiento para CH: dx_int=4, dy_int=-4. HB (antes CH): (411, 291), PosFlotante: (414.2400,287.7600)
2025-05-19 16:57:14 - jugador - [DEBUG] - [JUGADOR_0] Iniciando gestión de colisión con dx=4, dy=-4. Hitbox actual: (411, 291)
2025-05-19 16:57:14 - jugador - [DEBUG] - [JUGADOR_0] Posición POST CH: HB: (415, 287), PosFlotante: (415.00, 287.00)
2025-05-19 16:57:14 - jugador - [DEBUG] - [JUGADOR_0] Pos flotante (pre-límites): (417.8800, 284.1200)
2025-05-19 16:57:14 - jugador - [DEBUG] - [JUGADOR_0] Pos flotante (post-límites): (417.8800, 284.1200)
2025-05-19 16:57:14 - jugador - [DEBUG] - [JUGADOR_0] Movimiento para CH: dx_int=3, dy_int=-3. HB (antes CH): (415, 287), PosFlotante: (417.8800,284.1200)
2025-05-19 16:57:14 - jugador - [DEBUG] - [JUGADOR_0] Iniciando gestión de colisión con dx=3, dy=-3. Hitbox actual: (415, 287)
2025-05-19 16:57:14 - jugador - [DEBUG] - [JUGADOR_0] Posición POST CH: HB: (418, 284), PosFlotante: (418.00, 284.00)
2025-05-19 16:57:14 - jugador - [DEBUG] - [JUGADOR_0] Pos flotante (pre-límites): (421.2400, 280.7600)
2025-05-19 16:57:14 - jugador - [DEBUG] - [JUGADOR_0] Pos flotante (post-límites): (421.2400, 280.7600)
2025-05-19 16:57:14 - jugador - [DEBUG] - [JUGADOR_0] Movimiento para CH: dx_int=4, dy_int=-4. HB (antes CH): (418, 284), PosFlotante: (421.2400,280.7600)
2025-05-19 16:57:14 - jugador - [DEBUG] - [JUGADOR_0] Iniciando gestión de colisión con dx=4, dy=-4. Hitbox actual: (418, 284)
2025-05-19 16:57:14 - jugador - [DEBUG] - [JUGADOR_0] Posición POST CH: HB: (422, 280), PosFlotante: (422.00, 280.00)
2025-05-19 16:57:14 - jugador - [DEBUG] - [JUGADOR_0] Input teclado procesado: mov_x_input_raw=180, mov_y_input_raw=-180
2025-05-19 16:57:14 - jugador - [DEBUG] - [JUGADOR_0] Delta flotante intentado: dx=2.8800, dy=-2.8800 (delta_time: 0.0160)
2025-05-19 16:57:14 - jugador - [DEBUG] - [JUGADOR_0] Pos flotante (pre-límites): (424.8800, 277.1200)
2025-05-19 16:57:14 - jugador - [DEBUG] - [JUGADOR_0] Pos flotante (post-límites): (424.8800, 277.1200)
2025-05-19 16:57:14 - jugador - [DEBUG] - [JUGADOR_0] Movimiento para CH: dx_int=3, dy_int=-3. HB (antes CH): (422, 280), PosFlotante: (424.8800,277.1200)
2025-05-19 16:57:14 - jugador - [DEBUG] - [JUGADOR_0] Iniciando gestión de colisión con dx=3, dy=-3. Hitbox actual: (422, 280)
2025-05-19 16:57:14 - jugador - [DEBUG] - [JUGADOR_0] Posición POST CH: HB: (425, 277), PosFlotante: (425.00, 277.00)
2025-05-19 16:57:14 - jugador - [DEBUG] - [JUGADOR_0] Delta flotante intentado: dx=3.0600, dy=-3.0600 (delta_time: 0.0170)
2025-05-19 16:57:14 - jugador - [DEBUG] - [JUGADOR_0] Pos flotante (pre-límites): (428.0600, 273.9400)
2025-05-19 16:57:14 - jugador - [DEBUG] - [JUGADOR_0] Pos flotante (post-límites): (428.0600, 273.9400)
2025-05-19 16:57:14 - jugador - [DEBUG] - [JUGADOR_0] Movimiento para CH: dx_int=4, dy_int=-4. HB (antes CH): (425, 277), PosFlotante: (428.0600,273.9400)
2025-05-19 16:57:14 - jugador - [DEBUG] - [JUGADOR_0] Iniciando gestión de colisión con dx=4, dy=-4. Hitbox actual: (425, 277)
2025-05-19 16:57:14 - jugador - [DEBUG] - [JUGADOR_0] Posición POST CH: HB: (429, 273), PosFlotante: (429.00, 273.00)
2025-05-19 16:57:14 - jugador - [DEBUG] - [JUGADOR_0] Pos flotante (pre-límites): (431.8800, 270.1200)
2025-05-19 16:57:14 - jugador - [DEBUG] - [JUGADOR_0] Pos flotante (post-límites): (431.8800, 270.1200)
2025-05-19 16:57:14 - jugador - [DEBUG] - [JUGADOR_0] Movimiento para CH: dx_int=3, dy_int=-3. HB (antes CH): (429, 273), PosFlotante: (431.8800,270.1200)
2025-05-19 16:57:14 - jugador - [DEBUG] - [JUGADOR_0] Iniciando gestión de colisión con dx=3, dy=-3. Hitbox actual: (429, 273)
2025-05-19 16:57:14 - jugador - [DEBUG] - [JUGADOR_0] Posición POST CH: HB: (432, 270), PosFlotante: (432.00, 270.00)
2025-05-19 16:57:14 - jugador - [DEBUG] - [JUGADOR_0] Input teclado procesado: mov_x_input_raw=180, mov_y_input_raw=-180
2025-05-19 16:57:14 - jugador - [DEBUG] - [JUGADOR_0] Pos flotante (pre-límites): (435.0600, 266.9400)
2025-05-19 16:57:14 - jugador - [DEBUG] - [JUGADOR_0] Pos flotante (post-límites): (435.0600, 266.9400)
2025-05-19 16:57:14 - jugador - [DEBUG] - [JUGADOR_0] Movimiento para CH: dx_int=4, dy_int=-4. HB (antes CH): (432, 270), PosFlotante: (435.0600,266.9400)
2025-05-19 16:57:14 - jugador - [DEBUG] - [JUGADOR_0] Iniciando gestión de colisión con dx=4, dy=-4. Hitbox actual: (432, 270)
2025-05-19 16:57:14 - jugador - [DEBUG] - [JUGADOR_0] Posición POST CH: HB: (436, 266), PosFlotante: (436.00, 266.00)
2025-05-19 16:57:14 - jugador - [DEBUG] - [JUGADOR_0] Pos flotante (pre-límites): (439.0600, 262.9400)
2025-05-19 16:57:14 - jugador - [DEBUG] - [JUGADOR_0] Pos flotante (post-límites): (439.0600, 262.9400)
2025-05-19 16:57:14 - jugador - [DEBUG] - [JUGADOR_0] Movimiento para CH: dx_int=4, dy_int=-4. HB (antes CH): (436, 266), PosFlotante: (439.0600,262.9400)
2025-05-19 16:57:14 - jugador - [DEBUG] - [JUGADOR_0] Iniciando gestión de colisión con dx=4, dy=-4. Hitbox actual: (436, 266)
2025-05-19 16:57:14 - jugador - [DEBUG] - [JUGADOR_0] Posición POST CH: HB: (440, 262), PosFlotante: (440.00, 262.00)
2025-05-19 16:57:14 - jugador - [DEBUG] - [JUGADOR_0] Delta flotante intentado: dx=3.0600, dy=-3.0600 (delta_time: 0.0170)
2025-05-19 16:57:14 - jugador - [DEBUG] - [JUGADOR_0] Pos flotante (pre-límites): (443.0600, 258.9400)
2025-05-19 16:57:14 - jugador - [DEBUG] - [JUGADOR_0] Pos flotante (post-límites): (443.0600, 258.9400)
2025-05-19 16:57:14 - jugador - [DEBUG] - [JUGADOR_0] Movimiento para CH: dx_int=4, dy_int=-4. HB (antes CH): (440, 262), PosFlotante: (443.0600,258.9400)
2025-05-19 16:57:14 - jugador - [DEBUG] - [JUGADOR_0] Iniciando gestión de colisión con dx=4, dy=-4. Hitbox actual: (440, 262)
2025-05-19 16:57:14 - jugador - [DEBUG] - [JUGADOR_0] Posición POST CH: HB: (444, 258), PosFlotante: (444.00, 258.00)
2025-05-19 16:57:14 - jugador - [DEBUG] - [JUGADOR_0] Delta flotante intentado: dx=2.8800, dy=-2.8800 (delta_time: 0.0160)
2025-05-19 16:57:14 - jugador - [DEBUG] - [JUGADOR_0] Pos flotante (pre-límites): (446.8800, 255.1200)
2025-05-19 16:57:14 - jugador - [DEBUG] - [JUGADOR_0] Pos flotante (post-límites): (446.8800, 255.1200)
2025-05-19 16:57:14 - jugador - [DEBUG] - [JUGADOR_0] Movimiento para CH: dx_int=3, dy_int=-3. HB (antes CH): (444, 258), PosFlotante: (446.8800,255.1200)
2025-05-19 16:57:14 - jugador - [DEBUG] - [JUGADOR_0] Iniciando gestión de colisión con dx=3, dy=-3. Hitbox actual: (444, 258)
2025-05-19 16:57:14 - jugador - [DEBUG] - [JUGADOR_0] Posición POST CH: HB: (447, 255), PosFlotante: (447.00, 255.00)
2025-05-19 16:57:14 - jugador - [DEBUG] - [JUGADOR_0] Input teclado procesado: mov_x_input_raw=180, mov_y_input_raw=-180
2025-05-19 16:57:14 - jugador - [DEBUG] - [JUGADOR_0] Pos flotante (pre-límites): (450.0600, 251.9400)
2025-05-19 16:57:14 - jugador - [DEBUG] - [JUGADOR_0] Pos flotante (post-límites): (450.0600, 251.9400)
2025-05-19 16:57:14 - jugador - [DEBUG] - [JUGADOR_0] Movimiento para CH: dx_int=4, dy_int=-4. HB (antes CH): (447, 255), PosFlotante: (450.0600,251.9400)
2025-05-19 16:57:14 - jugador - [DEBUG] - [JUGADOR_0] Iniciando gestión de colisión con dx=4, dy=-4. Hitbox actual: (447, 255)
2025-05-19 16:57:14 - jugador - [DEBUG] - [JUGADOR_0] Posición POST CH: HB: (451, 251), PosFlotante: (451.00, 251.00)
2025-05-19 16:57:14 - jugador - [DEBUG] - [JUGADOR_0] Input teclado procesado: mov_x_input_raw=180, mov_y_input_raw=0
2025-05-19 16:57:14 - jugador - [DEBUG] - [JUGADOR_0] Delta flotante intentado: dx=2.8800, dy=0.0000 (delta_time: 0.0160)
2025-05-19 16:57:14 - jugador - [DEBUG] - [JUGADOR_0] Pos flotante (pre-límites): (453.8800, 251.0000)
2025-05-19 16:57:14 - jugador - [DEBUG] - [JUGADOR_0] Pos flotante (post-límites): (453.8800, 251.0000)
2025-05-19 16:57:14 - jugador - [DEBUG] - [JUGADOR_0] Movimiento para CH: dx_int=3, dy_int=0. HB (antes CH): (451, 251), PosFlotante: (453.8800,251.0000)
2025-05-19 16:57:14 - jugador - [DEBUG] - [JUGADOR_0] Iniciando gestión de colisión con dx=3, dy=0. Hitbox actual: (451, 251)
2025-05-19 16:57:14 - jugador - [DEBUG] - [JUGADOR_0] Posición POST CH: HB: (454, 251), PosFlotante: (454.00, 251.00)
2025-05-19 16:57:14 - jugador - [DEBUG] - [JUGADOR_0] Delta flotante intentado: dx=3.0600, dy=0.0000 (delta_time: 0.0170)
2025-05-19 16:57:14 - jugador - [DEBUG] - [JUGADOR_0] Pos flotante (pre-límites): (457.0600, 251.0000)
2025-05-19 16:57:14 - jugador - [DEBUG] - [JUGADOR_0] Pos flotante (post-límites): (457.0600, 251.0000)
2025-05-19 16:57:14 - jugador - [DEBUG] - [JUGADOR_0] Movimiento para CH: dx_int=4, dy_int=0. HB (antes CH): (454, 251), PosFlotante: (457.0600,251.0000)
2025-05-19 16:57:14 - jugador - [DEBUG] - [JUGADOR_0] Iniciando gestión de colisión con dx=4, dy=0. Hitbox actual: (454, 251)
2025-05-19 16:57:14 - jugador - [DEBUG] - [JUGADOR_0] Posición POST CH: HB: (458, 251), PosFlotante: (458.00, 251.00)
2025-05-19 16:57:14 - jugador - [DEBUG] - [JUGADOR_0] Input teclado procesado: mov_x_input_raw=0, mov_y_input_raw=0
2025-05-19 16:57:14 - jugador - [DEBUG] - [JUGADOR_0] Delta flotante intentado: dx=0.0000, dy=0.0000 (delta_time: 0.0160)
2025-05-19 16:57:14 - jugador - [DEBUG] - [JUGADOR_0] Pos flotante (pre-límites): (458.0000, 251.0000)
2025-05-19 16:57:14 - jugador - [DEBUG] - [JUGADOR_0] Pos flotante (post-límites): (458.0000, 251.0000)
2025-05-19 16:57:14 - jugador - [DEBUG] - [JUGADOR_0] Sin mov. para CH (delta_int fue 0). HB: (458, 251), PosFlotante: (458.0000, 251.0000)
2025-05-19 16:57:14 - jugador - [DEBUG] - [JUGADOR_0] Input teclado procesado: mov_x_input_raw=0, mov_y_input_raw=0
2025-05-19 16:57:14 - jugador - [DEBUG] - [JUGADOR_0] Delta flotante intentado: dx=0.0000, dy=0.0000 (delta_time: 0.0170)
2025-05-19 16:57:14 - jugador - [DEBUG] - [JUGADOR_0] Pos flotante (pre-límites): (458.0000, 251.0000)
2025-05-19 16:57:14 - jugador - [DEBUG] - [JUGADOR_0] Pos flotante (post-límites): (458.0000, 251.0000)
2025-05-19 16:57:14 - jugador - [DEBUG] - [JUGADOR_0] Sin mov. para CH (delta_int fue 0). HB: (458, 251), PosFlotante: (458.0000, 251.0000)
2025-05-19 16:57:14 - jugador - [DEBUG] - [JUGADOR_0] Delta flotante intentado: dx=0.0000, dy=0.0000 (delta_time: 0.0160)
