2025-05-18 02:57:54,171 - INFO - Logger para Jugador configurado. Los logs de movimiento se guardarán y mostrarán.
2025-05-18 02:57:54,347 - DEBUG - [Enemigo_0] Creado en (308.3836262364415, 300.2899222032832)
2025-05-18 02:57:54,348 - DEBUG - [Enemigo_1] Creado en (451.88565028160986, 240.47219568273778)
2025-05-18 02:57:54,348 - DEBUG - [Enemigo_2] Creado en (360.28169356918863, 370.4780738534946)
2025-05-18 02:57:54,348 - DEBUG - [Enemigo_3] Creado en (284.9428583430344, 350.93766864986793)
2025-05-18 02:57:54,349 - DEBUG - [Enemigo_4] Creado en (350.7512340181921, 398.7091912081836)
2025-05-18 02:57:54,349 - DEBUG - [Enemigo_5] Creado en (415.88180759992633, 249.59202560497658)
2025-05-18 02:57:54,350 - DEBUG - [Enemigo_6] Creado en (346.70177983023234, 296.3102839178831)
2025-05-18 02:57:54,351 - DEBUG - --- Inicio Update Enemigo_0 ---
2025-05-18 02:57:54,351 - DEBUG - [Enemigo_0] Pos ANTES update: Rect: (308, 300), Hitbox: (311, 303)
2025-05-18 02:57:54,351 - DEBUG - [Enemigo_0] Target (Jugador): (400, 301), Dist: 76.94, dx_obj: 76.00, dy_obj: -12.00
2025-05-18 02:57:54,352 - DEBUG - [Enemigo_0] Movimiento calculado: mov_x=1.48, mov_y=-0.23
2025-05-18 02:57:54,352 - DEBUG - [Enemigo_0] Pos DESPUÉS update: Rect: (309, 300), Hitbox: (312, 303)
2025-05-18 02:57:54,352 - DEBUG - --- Fin Update Enemigo_0 ---
2025-05-18 02:57:54,352 - DEBUG - --- Inicio Update Enemigo_1 ---
2025-05-18 02:57:54,352 - DEBUG - [Enemigo_1] Pos ANTES update: Rect: (452, 240), Hitbox: (455, 243)
2025-05-18 02:57:54,352 - DEBUG - [Enemigo_1] Target (Jugador): (400, 301), Dist: 83.23, dx_obj: -68.00, dy_obj: 48.00
2025-05-18 02:57:54,353 - DEBUG - [Enemigo_1] Movimiento calculado: mov_x=-1.23, mov_y=0.87
2025-05-18 02:57:54,353 - DEBUG - [Enemigo_1] Pos DESPUÉS update: Rect: (451, 241), Hitbox: (454, 244)
2025-05-18 02:57:54,353 - DEBUG - --- Fin Update Enemigo_1 ---
2025-05-18 02:57:54,353 - DEBUG - --- Inicio Update Enemigo_2 ---
2025-05-18 02:57:54,353 - DEBUG - [Enemigo_2] Pos ANTES update: Rect: (360, 370), Hitbox: (363, 373)
2025-05-18 02:57:54,353 - DEBUG - [Enemigo_2] Target (Jugador): (400, 301), Dist: 85.44, dx_obj: 24.00, dy_obj: -82.00
2025-05-18 02:57:54,353 - DEBUG - [Enemigo_2] Movimiento calculado: mov_x=0.42, mov_y=-1.44
2025-05-18 02:57:54,353 - DEBUG - [Enemigo_2] Pos DESPUÉS update: Rect: (360, 369), Hitbox: (363, 372)
2025-05-18 02:57:54,354 - DEBUG - --- Fin Update Enemigo_2 ---
2025-05-18 02:57:54,354 - DEBUG - --- Inicio Update Enemigo_3 ---
2025-05-18 02:57:54,354 - DEBUG - [Enemigo_3] Pos ANTES update: Rect: (285, 351), Hitbox: (288, 354)
2025-05-18 02:57:54,354 - DEBUG - [Enemigo_3] Target (Jugador): (400, 301), Dist: 117.35, dx_obj: 99.00, dy_obj: -63.00
2025-05-18 02:57:54,354 - DEBUG - [Enemigo_3] Movimiento calculado: mov_x=1.27, mov_y=-0.81
2025-05-18 02:57:54,354 - DEBUG - [Enemigo_3] Pos DESPUÉS update: Rect: (286, 350), Hitbox: (289, 353)
2025-05-18 02:57:54,355 - DEBUG - --- Fin Update Enemigo_3 ---
2025-05-18 02:57:54,355 - DEBUG - --- Inicio Update Enemigo_4 ---
2025-05-18 02:57:54,355 - DEBUG - [Enemigo_4] Pos ANTES update: Rect: (351, 399), Hitbox: (354, 402)
2025-05-18 02:57:54,355 - DEBUG - [Enemigo_4] Target (Jugador): (400, 301), Dist: 115.80, dx_obj: 33.00, dy_obj: -111.00
2025-05-18 02:57:54,355 - DEBUG - [Enemigo_4] Movimiento calculado: mov_x=0.43, mov_y=-1.44
2025-05-18 02:57:54,355 - DEBUG - [Enemigo_4] Pos DESPUÉS update: Rect: (351, 398), Hitbox: (354, 401)
2025-05-18 02:57:54,356 - DEBUG - --- Fin Update Enemigo_4 ---
2025-05-18 02:57:54,356 - DEBUG - --- Inicio Update Enemigo_5 ---
2025-05-18 02:57:54,356 - DEBUG - [Enemigo_5] Pos ANTES update: Rect: (416, 250), Hitbox: (419, 253)
2025-05-18 02:57:54,356 - DEBUG - [Enemigo_5] Target (Jugador): (400, 301), Dist: 49.68, dx_obj: -32.00, dy_obj: 38.00
2025-05-18 02:57:54,356 - DEBUG - [Enemigo_5] Movimiento calculado: mov_x=-0.97, mov_y=1.15
2025-05-18 02:57:54,356 - DEBUG - [Enemigo_5] Pos DESPUÉS update: Rect: (415, 251), Hitbox: (418, 254)
2025-05-18 02:57:54,357 - DEBUG - --- Fin Update Enemigo_5 ---
2025-05-18 02:57:54,357 - DEBUG - --- Inicio Update Enemigo_6 ---
2025-05-18 02:57:54,357 - DEBUG - [Enemigo_6] Pos ANTES update: Rect: (347, 296), Hitbox: (350, 299)
2025-05-18 02:57:54,357 - DEBUG - [Enemigo_6] Target (Jugador): (400, 301), Dist: 37.85, dx_obj: 37.00, dy_obj: -8.00
2025-05-18 02:57:54,357 - DEBUG - [Enemigo_6] Movimiento calculado: mov_x=1.47, mov_y=-0.32
2025-05-18 02:57:54,357 - DEBUG - [Enemigo_6] Pos DESPUÉS update: Rect: (348, 296), Hitbox: (351, 299)
2025-05-18 02:57:54,357 - DEBUG - --- Fin Update Enemigo_6 ---
2025-05-18 02:57:54,362 - DEBUG - --- Inicio Update Enemigo_0 ---
2025-05-18 02:57:54,362 - DEBUG - [Enemigo_0] Pos ANTES update: Rect: (309, 300), Hitbox: (312, 303)
2025-05-18 02:57:54,363 - DEBUG - [Enemigo_0] Target (Jugador): (400, 301), Dist: 75.95, dx_obj: 75.00, dy_obj: -12.00
2025-05-18 02:57:54,363 - DEBUG - [Enemigo_0] Movimiento calculado: mov_x=1.48, mov_y=-0.24
2025-05-18 02:57:54,363 - DEBUG - [Enemigo_0] Pos DESPUÉS update: Rect: (310, 300), Hitbox: (313, 303)
2025-05-18 02:57:54,363 - DEBUG - --- Fin Update Enemigo_0 ---
2025-05-18 02:57:54,363 - DEBUG - --- Inicio Update Enemigo_1 ---
2025-05-18 02:57:54,363 - DEBUG - [Enemigo_1] Pos ANTES update: Rect: (451, 241), Hitbox: (454, 244)
2025-05-18 02:57:54,363 - DEBUG - [Enemigo_1] Target (Jugador): (400, 301), Dist: 81.84, dx_obj: -67.00, dy_obj: 47.00
2025-05-18 02:57:54,364 - DEBUG - [Enemigo_1] Movimiento calculado: mov_x=-1.23, mov_y=0.86
2025-05-18 02:57:54,364 - DEBUG - [Enemigo_1] Pos DESPUÉS update: Rect: (450, 242), Hitbox: (453, 245)
2025-05-18 02:57:54,364 - DEBUG - --- Fin Update Enemigo_1 ---
2025-05-18 02:57:54,364 - DEBUG - --- Inicio Update Enemigo_2 ---
2025-05-18 02:57:54,364 - DEBUG - [Enemigo_2] Pos ANTES update: Rect: (360, 369), Hitbox: (363, 372)
2025-05-18 02:57:54,364 - DEBUG - [Enemigo_2] Target (Jugador): (400, 301), Dist: 84.48, dx_obj: 24.00, dy_obj: -81.00
2025-05-18 02:57:54,364 - DEBUG - [Enemigo_2] Movimiento calculado: mov_x=0.43, mov_y=-1.44
2025-05-18 02:57:54,364 - DEBUG - [Enemigo_2] Pos DESPUÉS update: Rect: (360, 368), Hitbox: (363, 371)
2025-05-18 02:57:54,365 - DEBUG - --- Fin Update Enemigo_2 ---
2025-05-18 02:57:54,365 - DEBUG - --- Inicio Update Enemigo_3 ---
2025-05-18 02:57:54,365 - DEBUG - [Enemigo_3] Pos ANTES update: Rect: (286, 350), Hitbox: (289, 353)
2025-05-18 02:57:54,365 - DEBUG - [Enemigo_3] Target (Jugador): (400, 301), Dist: 115.97, dx_obj: 98.00, dy_obj: -62.00
2025-05-18 02:57:54,365 - DEBUG - [Enemigo_3] Movimiento calculado: mov_x=1.27, mov_y=-0.80
2025-05-18 02:57:54,365 - DEBUG - [Enemigo_3] Pos DESPUÉS update: Rect: (287, 349), Hitbox: (290, 352)
2025-05-18 02:57:54,365 - DEBUG - --- Fin Update Enemigo_3 ---
2025-05-18 02:57:54,365 - DEBUG - --- Inicio Update Enemigo_4 ---
2025-05-18 02:57:54,365 - DEBUG - [Enemigo_4] Pos ANTES update: Rect: (351, 398), Hitbox: (354, 401)
2025-05-18 02:57:54,366 - DEBUG - [Enemigo_4] Target (Jugador): (400, 301), Dist: 114.84, dx_obj: 33.00, dy_obj: -110.00
2025-05-18 02:57:54,366 - DEBUG - [Enemigo_4] Movimiento calculado: mov_x=0.43, mov_y=-1.44
2025-05-18 02:57:54,366 - DEBUG - [Enemigo_4] Pos DESPUÉS update: Rect: (351, 397), Hitbox: (354, 400)
2025-05-18 02:57:54,366 - DEBUG - --- Fin Update Enemigo_4 ---
2025-05-18 02:57:54,366 - DEBUG - --- Inicio Update Enemigo_5 ---
2025-05-18 02:57:54,366 - DEBUG - [Enemigo_5] Pos ANTES update: Rect: (415, 251), Hitbox: (418, 254)
2025-05-18 02:57:54,366 - DEBUG - [Enemigo_5] Target (Jugador): (400, 301), Dist: 48.27, dx_obj: -31.00, dy_obj: 37.00
2025-05-18 02:57:54,367 - DEBUG - [Enemigo_5] Movimiento calculado: mov_x=-0.96, mov_y=1.15
2025-05-18 02:57:54,367 - DEBUG - [Enemigo_5] Pos DESPUÉS update: Rect: (414, 252), Hitbox: (417, 255)
2025-05-18 02:57:54,367 - DEBUG - --- Fin Update Enemigo_5 ---
2025-05-18 02:57:54,367 - DEBUG - --- Inicio Update Enemigo_6 ---
2025-05-18 02:57:54,367 - DEBUG - [Enemigo_6] Pos ANTES update: Rect: (348, 296), Hitbox: (351, 299)
2025-05-18 02:57:54,367 - DEBUG - [Enemigo_6] Target (Jugador): (400, 301), Dist: 36.88, dx_obj: 36.00, dy_obj: -8.00
2025-05-18 02:57:54,367 - DEBUG - [Enemigo_6] Movimiento calculado: mov_x=1.46, mov_y=-0.33
2025-05-18 02:57:54,367 - DEBUG - [Enemigo_6] Pos DESPUÉS update: Rect: (349, 296), Hitbox: (352, 299)
2025-05-18 02:57:54,367 - DEBUG - --- Fin Update Enemigo_6 ---
2025-05-18 02:57:54,379 - DEBUG - --- Inicio Update Enemigo_0 ---
2025-05-18 02:57:54,379 - DEBUG - [Enemigo_0] Pos ANTES update: Rect: (310, 300), Hitbox: (313, 303)
2025-05-18 02:57:54,380 - DEBUG - [Enemigo_0] Target (Jugador): (400, 301), Dist: 74.97, dx_obj: 74.00, dy_obj: -12.00
2025-05-18 02:57:54,380 - DEBUG - [Enemigo_0] Movimiento calculado: mov_x=1.48, mov_y=-0.24
2025-05-18 02:57:54,380 - DEBUG - [Enemigo_0] Pos DESPUÉS update: Rect: (311, 300), Hitbox: (314, 303)
2025-05-18 02:57:54,380 - DEBUG - --- Fin Update Enemigo_0 ---
2025-05-18 02:57:54,380 - DEBUG - --- Inicio Update Enemigo_1 ---
2025-05-18 02:57:54,380 - DEBUG - [Enemigo_1] Pos ANTES update: Rect: (450, 242), Hitbox: (453, 245)
2025-05-18 02:57:54,380 - DEBUG - [Enemigo_1] Target (Jugador): (400, 301), Dist: 80.45, dx_obj: -66.00, dy_obj: 46.00
2025-05-18 02:57:54,381 - DEBUG - [Enemigo_1] Movimiento calculado: mov_x=-1.23, mov_y=0.86
2025-05-18 02:57:54,381 - DEBUG - [Enemigo_1] Pos DESPUÉS update: Rect: (449, 243), Hitbox: (452, 246)
2025-05-18 02:57:54,381 - DEBUG - --- Fin Update Enemigo_1 ---
2025-05-18 02:57:54,381 - DEBUG - --- Inicio Update Enemigo_2 ---
2025-05-18 02:57:54,381 - DEBUG - [Enemigo_2] Pos ANTES update: Rect: (360, 368), Hitbox: (363, 371)
2025-05-18 02:57:54,381 - DEBUG - [Enemigo_2] Target (Jugador): (400, 301), Dist: 83.52, dx_obj: 24.00, dy_obj: -80.00
2025-05-18 02:57:54,381 - DEBUG - [Enemigo_2] Movimiento calculado: mov_x=0.43, mov_y=-1.44
2025-05-18 02:57:54,381 - DEBUG - [Enemigo_2] Pos DESPUÉS update: Rect: (360, 367), Hitbox: (363, 370)
2025-05-18 02:57:54,381 - DEBUG - --- Fin Update Enemigo_2 ---
2025-05-18 02:57:54,382 - DEBUG - --- Inicio Update Enemigo_3 ---
2025-05-18 02:57:54,382 - DEBUG - [Enemigo_3] Pos ANTES update: Rect: (287, 349), Hitbox: (290, 352)
2025-05-18 02:57:54,382 - DEBUG - [Enemigo_3] Target (Jugador): (400, 301), Dist: 114.59, dx_obj: 97.00, dy_obj: -61.00
2025-05-18 02:57:54,382 - DEBUG - [Enemigo_3] Movimiento calculado: mov_x=1.27, mov_y=-0.80
2025-05-18 02:57:54,382 - DEBUG - [Enemigo_3] Pos DESPUÉS update: Rect: (288, 348), Hitbox: (291, 351)
2025-05-18 02:57:54,382 - DEBUG - --- Fin Update Enemigo_3 ---
2025-05-18 02:57:54,382 - DEBUG - --- Inicio Update Enemigo_4 ---
2025-05-18 02:57:54,382 - DEBUG - [Enemigo_4] Pos ANTES update: Rect: (351, 397), Hitbox: (354, 400)
2025-05-18 02:57:54,383 - DEBUG - [Enemigo_4] Target (Jugador): (400, 301), Dist: 113.89, dx_obj: 33.00, dy_obj: -109.00
2025-05-18 02:57:54,383 - DEBUG - [Enemigo_4] Movimiento calculado: mov_x=0.43, mov_y=-1.44
2025-05-18 02:57:54,383 - DEBUG - [Enemigo_4] Pos DESPUÉS update: Rect: (351, 396), Hitbox: (354, 399)
2025-05-18 02:57:54,383 - DEBUG - --- Fin Update Enemigo_4 ---
2025-05-18 02:57:54,383 - DEBUG - --- Inicio Update Enemigo_5 ---
2025-05-18 02:57:54,383 - DEBUG - [Enemigo_5] Pos ANTES update: Rect: (414, 252), Hitbox: (417, 255)
2025-05-18 02:57:54,383 - DEBUG - [Enemigo_5] Target (Jugador): (400, 301), Dist: 46.86, dx_obj: -30.00, dy_obj: 36.00
2025-05-18 02:57:54,383 - DEBUG - [Enemigo_5] Movimiento calculado: mov_x=-0.96, mov_y=1.15
2025-05-18 02:57:54,383 - DEBUG - [Enemigo_5] Pos DESPUÉS update: Rect: (413, 253), Hitbox: (416, 256)
2025-05-18 02:57:54,384 - DEBUG - --- Fin Update Enemigo_5 ---
2025-05-18 02:57:54,384 - DEBUG - --- Inicio Update Enemigo_6 ---
2025-05-18 02:57:54,384 - DEBUG - [Enemigo_6] Pos ANTES update: Rect: (349, 296), Hitbox: (352, 299)
2025-05-18 02:57:54,384 - DEBUG - [Enemigo_6] Target (Jugador): (400, 301), Dist: 35.90, dx_obj: 35.00, dy_obj: -8.00
2025-05-18 02:57:54,384 - DEBUG - [Enemigo_6] Movimiento calculado: mov_x=1.46, mov_y=-0.33
2025-05-18 02:57:54,384 - DEBUG - [Enemigo_6] Pos DESPUÉS update: Rect: (350, 296), Hitbox: (353, 299)
2025-05-18 02:57:54,384 - DEBUG - --- Fin Update Enemigo_6 ---
2025-05-18 02:57:54,396 - DEBUG - --- Inicio Update Enemigo_0 ---
2025-05-18 02:57:54,396 - DEBUG - [Enemigo_0] Pos ANTES update: Rect: (311, 300), Hitbox: (314, 303)
2025-05-18 02:57:54,397 - DEBUG - [Enemigo_0] Target (Jugador): (400, 301), Dist: 73.98, dx_obj: 73.00, dy_obj: -12.00
2025-05-18 02:57:54,397 - DEBUG - [Enemigo_0] Movimiento calculado: mov_x=1.48, mov_y=-0.24
2025-05-18 02:57:54,397 - DEBUG - [Enemigo_0] Pos DESPUÉS update: Rect: (312, 300), Hitbox: (315, 303)
2025-05-18 02:57:54,397 - DEBUG - --- Fin Update Enemigo_0 ---
2025-05-18 02:57:54,397 - DEBUG - --- Inicio Update Enemigo_1 ---
2025-05-18 02:57:54,398 - DEBUG - [Enemigo_1] Pos ANTES update: Rect: (449, 243), Hitbox: (452, 246)
2025-05-18 02:57:54,398 - DEBUG - [Enemigo_1] Target (Jugador): (400, 301), Dist: 79.06, dx_obj: -65.00, dy_obj: 45.00
2025-05-18 02:57:54,398 - DEBUG - [Enemigo_1] Movimiento calculado: mov_x=-1.23, mov_y=0.85
2025-05-18 02:57:54,398 - DEBUG - [Enemigo_1] Pos DESPUÉS update: Rect: (448, 244), Hitbox: (451, 247)
2025-05-18 02:57:54,398 - DEBUG - --- Fin Update Enemigo_1 ---
2025-05-18 02:57:54,398 - DEBUG - --- Inicio Update Enemigo_2 ---
2025-05-18 02:57:54,398 - DEBUG - [Enemigo_2] Pos ANTES update: Rect: (360, 367), Hitbox: (363, 370)
2025-05-18 02:57:54,399 - DEBUG - [Enemigo_2] Target (Jugador): (400, 301), Dist: 82.57, dx_obj: 24.00, dy_obj: -79.00
2025-05-18 02:57:54,399 - DEBUG - [Enemigo_2] Movimiento calculado: mov_x=0.44, mov_y=-1.44
2025-05-18 02:57:54,399 - DEBUG - [Enemigo_2] Pos DESPUÉS update: Rect: (360, 366), Hitbox: (363, 369)
2025-05-18 02:57:54,399 - DEBUG - --- Fin Update Enemigo_2 ---
2025-05-18 02:57:54,399 - DEBUG - --- Inicio Update Enemigo_3 ---
2025-05-18 02:57:54,399 - DEBUG - [Enemigo_3] Pos ANTES update: Rect: (288, 348), Hitbox: (291, 351)
2025-05-18 02:57:54,399 - DEBUG - [Enemigo_3] Target (Jugador): (400, 301), Dist: 113.21, dx_obj: 96.00, dy_obj: -60.00
2025-05-18 02:57:54,399 - DEBUG - [Enemigo_3] Movimiento calculado: mov_x=1.27, mov_y=-0.79
2025-05-18 02:57:54,399 - DEBUG - [Enemigo_3] Pos DESPUÉS update: Rect: (289, 347), Hitbox: (292, 350)
2025-05-18 02:57:54,400 - DEBUG - --- Fin Update Enemigo_3 ---
2025-05-18 02:57:54,400 - DEBUG - --- Inicio Update Enemigo_4 ---
2025-05-18 02:57:54,400 - DEBUG - [Enemigo_4] Pos ANTES update: Rect: (351, 396), Hitbox: (354, 399)
2025-05-18 02:57:54,400 - DEBUG - [Enemigo_4] Target (Jugador): (400, 301), Dist: 112.93, dx_obj: 33.00, dy_obj: -108.00
2025-05-18 02:57:54,400 - DEBUG - [Enemigo_4] Movimiento calculado: mov_x=0.44, mov_y=-1.43
2025-05-18 02:57:54,400 - DEBUG - [Enemigo_4] Pos DESPUÉS update: Rect: (351, 395), Hitbox: (354, 398)
2025-05-18 02:57:54,400 - DEBUG - --- Fin Update Enemigo_4 ---
2025-05-18 02:57:54,400 - DEBUG - --- Inicio Update Enemigo_5 ---
2025-05-18 02:57:54,400 - DEBUG - [Enemigo_5] Pos ANTES update: Rect: (413, 253), Hitbox: (416, 256)
2025-05-18 02:57:54,401 - DEBUG - [Enemigo_5] Target (Jugador): (400, 301), Dist: 45.45, dx_obj: -29.00, dy_obj: 35.00
2025-05-18 02:57:54,401 - DEBUG - [Enemigo_5] Movimiento calculado: mov_x=-0.96, mov_y=1.16
2025-05-18 02:57:54,401 - DEBUG - [Enemigo_5] Pos DESPUÉS update: Rect: (412, 254), Hitbox: (415, 257)
2025-05-18 02:57:54,401 - DEBUG - --- Fin Update Enemigo_5 ---
2025-05-18 02:57:54,401 - DEBUG - --- Inicio Update Enemigo_6 ---
2025-05-18 02:57:54,401 - DEBUG - [Enemigo_6] Pos ANTES update: Rect: (350, 296), Hitbox: (353, 299)
2025-05-18 02:57:54,401 - DEBUG - [Enemigo_6] Target (Jugador): (400, 301), Dist: 34.93, dx_obj: 34.00, dy_obj: -8.00
2025-05-18 02:57:54,402 - DEBUG - [Enemigo_6] Movimiento calculado: mov_x=1.46, mov_y=-0.34
2025-05-18 02:57:54,402 - DEBUG - [Enemigo_6] Pos DESPUÉS update: Rect: (351, 296), Hitbox: (354, 299)
2025-05-18 02:57:54,402 - DEBUG - --- Fin Update Enemigo_6 ---
2025-05-18 02:57:54,411 - DEBUG - --- Inicio Update Enemigo_0 ---
2025-05-18 02:57:54,412 - DEBUG - [Enemigo_0] Pos ANTES update: Rect: (312, 300), Hitbox: (315, 303)
2025-05-18 02:57:54,412 - DEBUG - [Enemigo_0] Target (Jugador): (400, 301), Dist: 72.99, dx_obj: 72.00, dy_obj: -12.00
2025-05-18 02:57:54,413 - DEBUG - [Enemigo_0] Movimiento calculado: mov_x=1.48, mov_y=-0.25
2025-05-18 02:57:54,413 - DEBUG - [Enemigo_0] Pos DESPUÉS update: Rect: (313, 300), Hitbox: (316, 303)
2025-05-18 02:57:54,413 - DEBUG - --- Fin Update Enemigo_0 ---
2025-05-18 02:57:54,413 - DEBUG - --- Inicio Update Enemigo_1 ---
2025-05-18 02:57:54,413 - DEBUG - [Enemigo_1] Pos ANTES update: Rect: (448, 244), Hitbox: (451, 247)
2025-05-18 02:57:54,414 - DEBUG - [Enemigo_1] Target (Jugador): (400, 301), Dist: 77.67, dx_obj: -64.00, dy_obj: 44.00
2025-05-18 02:57:54,414 - DEBUG - [Enemigo_1] Movimiento calculado: mov_x=-1.24, mov_y=0.85
2025-05-18 02:57:54,414 - DEBUG - [Enemigo_1] Pos DESPUÉS update: Rect: (447, 245), Hitbox: (450, 248)
2025-05-18 02:57:54,414 - DEBUG - --- Fin Update Enemigo_1 ---
2025-05-18 02:57:54,414 - DEBUG - --- Inicio Update Enemigo_2 ---
2025-05-18 02:57:54,414 - DEBUG - [Enemigo_2] Pos ANTES update: Rect: (360, 366), Hitbox: (363, 369)
2025-05-18 02:57:54,415 - DEBUG - [Enemigo_2] Target (Jugador): (400, 301), Dist: 81.61, dx_obj: 24.00, dy_obj: -78.00
2025-05-18 02:57:54,415 - DEBUG - [Enemigo_2] Movimiento calculado: mov_x=0.44, mov_y=-1.43
2025-05-18 02:57:54,415 - DEBUG - [Enemigo_2] Pos DESPUÉS update: Rect: (360, 365), Hitbox: (363, 368)
2025-05-18 02:57:54,415 - DEBUG - --- Fin Update Enemigo_2 ---
2025-05-18 02:57:54,415 - DEBUG - --- Inicio Update Enemigo_3 ---
2025-05-18 02:57:54,415 - DEBUG - [Enemigo_3] Pos ANTES update: Rect: (289, 347), Hitbox: (292, 350)
2025-05-18 02:57:54,416 - DEBUG - [Enemigo_3] Target (Jugador): (400, 301), Dist: 111.83, dx_obj: 95.00, dy_obj: -59.00
2025-05-18 02:57:54,416 - DEBUG - [Enemigo_3] Movimiento calculado: mov_x=1.27, mov_y=-0.79
2025-05-18 02:57:54,416 - DEBUG - [Enemigo_3] Pos DESPUÉS update: Rect: (290, 346), Hitbox: (293, 349)
2025-05-18 02:57:54,416 - DEBUG - --- Fin Update Enemigo_3 ---
2025-05-18 02:57:54,416 - DEBUG - --- Inicio Update Enemigo_4 ---
2025-05-18 02:57:54,416 - DEBUG - [Enemigo_4] Pos ANTES update: Rect: (351, 395), Hitbox: (354, 398)
2025-05-18 02:57:54,416 - DEBUG - [Enemigo_4] Target (Jugador): (400, 301), Dist: 111.97, dx_obj: 33.00, dy_obj: -107.00
2025-05-18 02:57:54,417 - DEBUG - [Enemigo_4] Movimiento calculado: mov_x=0.44, mov_y=-1.43
2025-05-18 02:57:54,417 - DEBUG - [Enemigo_4] Pos DESPUÉS update: Rect: (351, 394), Hitbox: (354, 397)
2025-05-18 02:57:54,417 - DEBUG - --- Fin Update Enemigo_4 ---
2025-05-18 02:57:54,417 - DEBUG - --- Inicio Update Enemigo_5 ---
2025-05-18 02:57:54,417 - DEBUG - [Enemigo_5] Pos ANTES update: Rect: (412, 254), Hitbox: (415, 257)
2025-05-18 02:57:54,418 - DEBUG - [Enemigo_5] Target (Jugador): (400, 301), Dist: 44.05, dx_obj: -28.00, dy_obj: 34.00
2025-05-18 02:57:54,418 - DEBUG - [Enemigo_5] Movimiento calculado: mov_x=-0.95, mov_y=1.16
2025-05-18 02:57:54,418 - DEBUG - [Enemigo_5] Pos DESPUÉS update: Rect: (411, 255), Hitbox: (414, 258)
2025-05-18 02:57:54,418 - DEBUG - --- Fin Update Enemigo_5 ---
2025-05-18 02:57:54,418 - DEBUG - --- Inicio Update Enemigo_6 ---
2025-05-18 02:57:54,418 - DEBUG - [Enemigo_6] Pos ANTES update: Rect: (351, 296), Hitbox: (354, 299)
2025-05-18 02:57:54,419 - DEBUG - [Enemigo_6] Target (Jugador): (400, 301), Dist: 33.96, dx_obj: 33.00, dy_obj: -8.00
2025-05-18 02:57:54,419 - DEBUG - [Enemigo_6] Movimiento calculado: mov_x=1.46, mov_y=-0.35
2025-05-18 02:57:54,419 - DEBUG - [Enemigo_6] Pos DESPUÉS update: Rect: (352, 296), Hitbox: (355, 299)
2025-05-18 02:57:54,419 - DEBUG - --- Fin Update Enemigo_6 ---
2025-05-18 02:57:54,427 - DEBUG - --- Inicio Update Enemigo_0 ---
2025-05-18 02:57:54,428 - DEBUG - [Enemigo_0] Pos ANTES update: Rect: (313, 300), Hitbox: (316, 303)
2025-05-18 02:57:54,428 - DEBUG - [Enemigo_0] Target (Jugador): (400, 301), Dist: 72.01, dx_obj: 71.00, dy_obj: -12.00
2025-05-18 02:57:54,428 - DEBUG - [Enemigo_0] Movimiento calculado: mov_x=1.48, mov_y=-0.25
2025-05-18 02:57:54,428 - DEBUG - [Enemigo_0] Pos DESPUÉS update: Rect: (314, 300), Hitbox: (317, 303)
2025-05-18 02:57:54,429 - DEBUG - --- Fin Update Enemigo_0 ---
2025-05-18 02:57:54,429 - DEBUG - --- Inicio Update Enemigo_1 ---
2025-05-18 02:57:54,429 - DEBUG - [Enemigo_1] Pos ANTES update: Rect: (447, 245), Hitbox: (450, 248)
2025-05-18 02:57:54,429 - DEBUG - [Enemigo_1] Target (Jugador): (400, 301), Dist: 76.28, dx_obj: -63.00, dy_obj: 43.00
2025-05-18 02:57:54,429 - DEBUG - [Enemigo_1] Movimiento calculado: mov_x=-1.24, mov_y=0.85
2025-05-18 02:57:54,430 - DEBUG - [Enemigo_1] Pos DESPUÉS update: Rect: (446, 246), Hitbox: (449, 249)
2025-05-18 02:57:54,430 - DEBUG - --- Fin Update Enemigo_1 ---
2025-05-18 02:57:54,430 - DEBUG - --- Inicio Update Enemigo_2 ---
2025-05-18 02:57:54,430 - DEBUG - [Enemigo_2] Pos ANTES update: Rect: (360, 365), Hitbox: (363, 368)
2025-05-18 02:57:54,430 - DEBUG - [Enemigo_2] Target (Jugador): (400, 301), Dist: 80.65, dx_obj: 24.00, dy_obj: -77.00
2025-05-18 02:57:54,431 - DEBUG - [Enemigo_2] Movimiento calculado: mov_x=0.45, mov_y=-1.43
2025-05-18 02:57:54,431 - DEBUG - [Enemigo_2] Pos DESPUÉS update: Rect: (360, 364), Hitbox: (363, 367)
2025-05-18 02:57:54,431 - DEBUG - --- Fin Update Enemigo_2 ---
2025-05-18 02:57:54,431 - DEBUG - --- Inicio Update Enemigo_3 ---
2025-05-18 02:57:54,431 - DEBUG - [Enemigo_3] Pos ANTES update: Rect: (290, 346), Hitbox: (293, 349)
2025-05-18 02:57:54,432 - DEBUG - [Enemigo_3] Target (Jugador): (400, 301), Dist: 110.45, dx_obj: 94.00, dy_obj: -58.00
2025-05-18 02:57:54,432 - DEBUG - [Enemigo_3] Movimiento calculado: mov_x=1.28, mov_y=-0.79
2025-05-18 02:57:54,432 - DEBUG - [Enemigo_3] Pos DESPUÉS update: Rect: (291, 345), Hitbox: (294, 348)
2025-05-18 02:57:54,432 - DEBUG - --- Fin Update Enemigo_3 ---
2025-05-18 02:57:54,432 - DEBUG - --- Inicio Update Enemigo_4 ---
2025-05-18 02:57:54,432 - DEBUG - [Enemigo_4] Pos ANTES update: Rect: (351, 394), Hitbox: (354, 397)
2025-05-18 02:57:54,433 - DEBUG - [Enemigo_4] Target (Jugador): (400, 301), Dist: 111.02, dx_obj: 33.00, dy_obj: -106.00
2025-05-18 02:57:54,433 - DEBUG - [Enemigo_4] Movimiento calculado: mov_x=0.45, mov_y=-1.43
2025-05-18 02:57:54,433 - DEBUG - [Enemigo_4] Pos DESPUÉS update: Rect: (351, 393), Hitbox: (354, 396)
2025-05-18 02:57:54,433 - DEBUG - --- Fin Update Enemigo_4 ---
2025-05-18 02:57:54,433 - DEBUG - --- Inicio Update Enemigo_5 ---
2025-05-18 02:57:54,434 - DEBUG - [Enemigo_5] Pos ANTES update: Rect: (411, 255), Hitbox: (414, 258)
2025-05-18 02:57:54,434 - DEBUG - [Enemigo_5] Target (Jugador): (400, 301), Dist: 42.64, dx_obj: -27.00, dy_obj: 33.00
2025-05-18 02:57:54,434 - DEBUG - [Enemigo_5] Movimiento calculado: mov_x=-0.95, mov_y=1.16
2025-05-18 02:57:54,434 - DEBUG - [Enemigo_5] Pos DESPUÉS update: Rect: (410, 256), Hitbox: (413, 259)
2025-05-18 02:57:54,434 - DEBUG - --- Fin Update Enemigo_5 ---
2025-05-18 02:57:54,435 - DEBUG - --- Inicio Update Enemigo_6 ---
2025-05-18 02:57:54,435 - DEBUG - [Enemigo_6] Pos ANTES update: Rect: (352, 296), Hitbox: (355, 299)
2025-05-18 02:57:54,435 - DEBUG - [Enemigo_6] Target (Jugador): (400, 301), Dist: 32.98, dx_obj: 32.00, dy_obj: -8.00
2025-05-18 02:57:54,435 - DEBUG - [Enemigo_6] Movimiento calculado: mov_x=1.46, mov_y=-0.36
2025-05-18 02:57:54,435 - DEBUG - [Enemigo_6] Pos DESPUÉS update: Rect: (353, 296), Hitbox: (356, 299)
2025-05-18 02:57:54,436 - DEBUG - --- Fin Update Enemigo_6 ---
2025-05-18 02:57:54,444 - DEBUG - --- Inicio Update Enemigo_0 ---
2025-05-18 02:57:54,445 - DEBUG - [Enemigo_0] Pos ANTES update: Rect: (314, 300), Hitbox: (317, 303)
2025-05-18 02:57:54,445 - DEBUG - [Enemigo_0] Target (Jugador): (400, 301), Dist: 71.02, dx_obj: 70.00, dy_obj: -12.00
2025-05-18 02:57:54,446 - DEBUG - [Enemigo_0] Movimiento calculado: mov_x=1.48, mov_y=-0.25
2025-05-18 02:57:54,446 - DEBUG - [Enemigo_0] Pos DESPUÉS update: Rect: (315, 300), Hitbox: (318, 303)
2025-05-18 02:57:54,446 - DEBUG - --- Fin Update Enemigo_0 ---
2025-05-18 02:57:54,446 - DEBUG - --- Inicio Update Enemigo_1 ---
2025-05-18 02:57:54,446 - DEBUG - [Enemigo_1] Pos ANTES update: Rect: (446, 246), Hitbox: (449, 249)
2025-05-18 02:57:54,447 - DEBUG - [Enemigo_1] Target (Jugador): (400, 301), Dist: 74.89, dx_obj: -62.00, dy_obj: 42.00
2025-05-18 02:57:54,447 - DEBUG - [Enemigo_1] Movimiento calculado: mov_x=-1.24, mov_y=0.84
2025-05-18 02:57:54,447 - DEBUG - [Enemigo_1] Pos DESPUÉS update: Rect: (445, 247), Hitbox: (448, 250)
2025-05-18 02:57:54,447 - DEBUG - --- Fin Update Enemigo_1 ---
2025-05-18 02:57:54,448 - DEBUG - --- Inicio Update Enemigo_2 ---
2025-05-18 02:57:54,448 - DEBUG - [Enemigo_2] Pos ANTES update: Rect: (360, 364), Hitbox: (363, 367)
2025-05-18 02:57:54,448 - DEBUG - [Enemigo_2] Target (Jugador): (400, 301), Dist: 79.70, dx_obj: 24.00, dy_obj: -76.00
2025-05-18 02:57:54,448 - DEBUG - [Enemigo_2] Movimiento calculado: mov_x=0.45, mov_y=-1.43
2025-05-18 02:57:54,448 - DEBUG - [Enemigo_2] Pos DESPUÉS update: Rect: (360, 363), Hitbox: (363, 366)
2025-05-18 02:57:54,448 - DEBUG - --- Fin Update Enemigo_2 ---
2025-05-18 02:57:54,449 - DEBUG - --- Inicio Update Enemigo_3 ---
2025-05-18 02:57:54,449 - DEBUG - [Enemigo_3] Pos ANTES update: Rect: (291, 345), Hitbox: (294, 348)
2025-05-18 02:57:54,449 - DEBUG - [Enemigo_3] Target (Jugador): (400, 301), Dist: 109.08, dx_obj: 93.00, dy_obj: -57.00
2025-05-18 02:57:54,449 - DEBUG - [Enemigo_3] Movimiento calculado: mov_x=1.28, mov_y=-0.78
2025-05-18 02:57:54,449 - DEBUG - [Enemigo_3] Pos DESPUÉS update: Rect: (292, 344), Hitbox: (295, 347)
2025-05-18 02:57:54,450 - DEBUG - --- Fin Update Enemigo_3 ---
2025-05-18 02:57:54,450 - DEBUG - --- Inicio Update Enemigo_4 ---
2025-05-18 02:57:54,450 - DEBUG - [Enemigo_4] Pos ANTES update: Rect: (351, 393), Hitbox: (354, 396)
2025-05-18 02:57:54,450 - DEBUG - [Enemigo_4] Target (Jugador): (400, 301), Dist: 110.06, dx_obj: 33.00, dy_obj: -105.00
2025-05-18 02:57:54,450 - DEBUG - [Enemigo_4] Movimiento calculado: mov_x=0.45, mov_y=-1.43
2025-05-18 02:57:54,450 - DEBUG - [Enemigo_4] Pos DESPUÉS update: Rect: (351, 392), Hitbox: (354, 395)
2025-05-18 02:57:54,451 - DEBUG - --- Fin Update Enemigo_4 ---
2025-05-18 02:57:54,451 - DEBUG - --- Inicio Update Enemigo_5 ---
2025-05-18 02:57:54,451 - DEBUG - [Enemigo_5] Pos ANTES update: Rect: (410, 256), Hitbox: (413, 259)
2025-05-18 02:57:54,451 - DEBUG - [Enemigo_5] Target (Jugador): (400, 301), Dist: 41.23, dx_obj: -26.00, dy_obj: 32.00
2025-05-18 02:57:54,452 - DEBUG - [Enemigo_5] Movimiento calculado: mov_x=-0.95, mov_y=1.16
2025-05-18 02:57:54,452 - DEBUG - [Enemigo_5] Pos DESPUÉS update: Rect: (409, 257), Hitbox: (412, 260)
2025-05-18 02:57:54,452 - DEBUG - --- Fin Update Enemigo_5 ---
2025-05-18 02:57:54,452 - DEBUG - --- Inicio Update Enemigo_6 ---
2025-05-18 02:57:54,453 - DEBUG - [Enemigo_6] Pos ANTES update: Rect: (353, 296), Hitbox: (356, 299)
2025-05-18 02:57:54,453 - DEBUG - [Enemigo_6] Target (Jugador): (400, 301), Dist: 32.02, dx_obj: 31.00, dy_obj: -8.00
2025-05-18 02:57:54,453 - DEBUG - [Enemigo_6] Movimiento calculado: mov_x=1.45, mov_y=-0.37
2025-05-18 02:57:54,453 - DEBUG - [Enemigo_6] Pos DESPUÉS update: Rect: (354, 296), Hitbox: (357, 299)
2025-05-18 02:57:54,453 - DEBUG - --- Fin Update Enemigo_6 ---
2025-05-18 02:57:54,460 - DEBUG - --- Inicio Update Enemigo_0 ---
2025-05-18 02:57:54,461 - DEBUG - [Enemigo_0] Pos ANTES update: Rect: (315, 300), Hitbox: (318, 303)
2025-05-18 02:57:54,461 - DEBUG - [Enemigo_0] Target (Jugador): (400, 301), Dist: 70.04, dx_obj: 69.00, dy_obj: -12.00
2025-05-18 02:57:54,461 - DEBUG - [Enemigo_0] Movimiento calculado: mov_x=1.48, mov_y=-0.26
2025-05-18 02:57:54,461 - DEBUG - [Enemigo_0] Pos DESPUÉS update: Rect: (316, 300), Hitbox: (319, 303)
2025-05-18 02:57:54,462 - DEBUG - --- Fin Update Enemigo_0 ---
2025-05-18 02:57:54,462 - DEBUG - --- Inicio Update Enemigo_1 ---
2025-05-18 02:57:54,462 - DEBUG - [Enemigo_1] Pos ANTES update: Rect: (445, 247), Hitbox: (448, 250)
2025-05-18 02:57:54,462 - DEBUG - [Enemigo_1] Target (Jugador): (400, 301), Dist: 73.50, dx_obj: -61.00, dy_obj: 41.00
2025-05-18 02:57:54,462 - DEBUG - [Enemigo_1] Movimiento calculado: mov_x=-1.24, mov_y=0.84
2025-05-18 02:57:54,463 - DEBUG - [Enemigo_1] Pos DESPUÉS update: Rect: (444, 248), Hitbox: (447, 251)
2025-05-18 02:57:54,463 - DEBUG - --- Fin Update Enemigo_1 ---
2025-05-18 02:57:54,464 - DEBUG - --- Inicio Update Enemigo_2 ---
2025-05-18 02:57:54,464 - DEBUG - [Enemigo_2] Pos ANTES update: Rect: (360, 363), Hitbox: (363, 366)
2025-05-18 02:57:54,464 - DEBUG - [Enemigo_2] Target (Jugador): (400, 301), Dist: 78.75, dx_obj: 24.00, dy_obj: -75.00
2025-05-18 02:57:54,465 - DEBUG - [Enemigo_2] Movimiento calculado: mov_x=0.46, mov_y=-1.43
2025-05-18 02:57:54,465 - DEBUG - [Enemigo_2] Pos DESPUÉS update: Rect: (360, 362), Hitbox: (363, 365)
2025-05-18 02:57:54,465 - DEBUG - --- Fin Update Enemigo_2 ---
2025-05-18 02:57:54,465 - DEBUG - --- Inicio Update Enemigo_3 ---
2025-05-18 02:57:54,465 - DEBUG - [Enemigo_3] Pos ANTES update: Rect: (292, 344), Hitbox: (295, 347)
2025-05-18 02:57:54,465 - DEBUG - [Enemigo_3] Target (Jugador): (400, 301), Dist: 107.70, dx_obj: 92.00, dy_obj: -56.00
2025-05-18 02:57:54,466 - DEBUG - [Enemigo_3] Movimiento calculado: mov_x=1.28, mov_y=-0.78
2025-05-18 02:57:54,466 - DEBUG - [Enemigo_3] Pos DESPUÉS update: Rect: (293, 343), Hitbox: (296, 346)
2025-05-18 02:57:54,466 - DEBUG - --- Fin Update Enemigo_3 ---
2025-05-18 02:57:54,466 - DEBUG - --- Inicio Update Enemigo_4 ---
2025-05-18 02:57:54,466 - DEBUG - [Enemigo_4] Pos ANTES update: Rect: (351, 392), Hitbox: (354, 395)
2025-05-18 02:57:54,467 - DEBUG - [Enemigo_4] Target (Jugador): (400, 301), Dist: 109.11, dx_obj: 33.00, dy_obj: -104.00
2025-05-18 02:57:54,467 - DEBUG - [Enemigo_4] Movimiento calculado: mov_x=0.45, mov_y=-1.43
2025-05-18 02:57:54,467 - DEBUG - [Enemigo_4] Pos DESPUÉS update: Rect: (351, 391), Hitbox: (354, 394)
2025-05-18 02:57:54,467 - DEBUG - --- Fin Update Enemigo_4 ---
2025-05-18 02:57:54,468 - DEBUG - --- Inicio Update Enemigo_5 ---
2025-05-18 02:57:54,468 - DEBUG - [Enemigo_5] Pos ANTES update: Rect: (409, 257), Hitbox: (412, 260)
2025-05-18 02:57:54,468 - DEBUG - [Enemigo_5] Target (Jugador): (400, 301), Dist: 39.82, dx_obj: -25.00, dy_obj: 31.00
2025-05-18 02:57:54,468 - DEBUG - [Enemigo_5] Movimiento calculado: mov_x=-0.94, mov_y=1.17
2025-05-18 02:57:54,468 - DEBUG - [Enemigo_5] Pos DESPUÉS update: Rect: (408, 258), Hitbox: (411, 261)
2025-05-18 02:57:54,469 - DEBUG - --- Fin Update Enemigo_5 ---
2025-05-18 02:57:54,469 - DEBUG - --- Inicio Update Enemigo_6 ---
2025-05-18 02:57:54,469 - DEBUG - [Enemigo_6] Pos ANTES update: Rect: (354, 296), Hitbox: (357, 299)
2025-05-18 02:57:54,469 - DEBUG - [Enemigo_6] Target (Jugador): (400, 301), Dist: 31.05, dx_obj: 30.00, dy_obj: -8.00
2025-05-18 02:57:54,469 - DEBUG - [Enemigo_6] Movimiento calculado: mov_x=1.45, mov_y=-0.39
2025-05-18 02:57:54,470 - DEBUG - [Enemigo_6] Pos DESPUÉS update: Rect: (355, 296), Hitbox: (358, 299)
2025-05-18 02:57:54,470 - DEBUG - --- Fin Update Enemigo_6 ---
2025-05-18 02:57:54,476 - DEBUG - --- Inicio Update Enemigo_0 ---
2025-05-18 02:57:54,477 - DEBUG - [Enemigo_0] Pos ANTES update: Rect: (316, 300), Hitbox: (319, 303)
2025-05-18 02:57:54,477 - DEBUG - [Enemigo_0] Target (Jugador): (400, 301), Dist: 69.05, dx_obj: 68.00, dy_obj: -12.00
2025-05-18 02:57:54,477 - DEBUG - [Enemigo_0] Movimiento calculado: mov_x=1.48, mov_y=-0.26
2025-05-18 02:57:54,478 - DEBUG - [Enemigo_0] Pos DESPUÉS update: Rect: (317, 300), Hitbox: (320, 303)
2025-05-18 02:57:54,478 - DEBUG - --- Fin Update Enemigo_0 ---
2025-05-18 02:57:54,478 - DEBUG - --- Inicio Update Enemigo_1 ---
2025-05-18 02:57:54,478 - DEBUG - [Enemigo_1] Pos ANTES update: Rect: (444, 248), Hitbox: (447, 251)
2025-05-18 02:57:54,479 - DEBUG - [Enemigo_1] Target (Jugador): (400, 301), Dist: 72.11, dx_obj: -60.00, dy_obj: 40.00
2025-05-18 02:57:54,479 - DEBUG - [Enemigo_1] Movimiento calculado: mov_x=-1.25, mov_y=0.83
2025-05-18 02:57:54,479 - DEBUG - [Enemigo_1] Pos DESPUÉS update: Rect: (443, 249), Hitbox: (446, 252)
2025-05-18 02:57:54,479 - DEBUG - --- Fin Update Enemigo_1 ---
2025-05-18 02:57:54,480 - DEBUG - --- Inicio Update Enemigo_2 ---
2025-05-18 02:57:54,480 - DEBUG - [Enemigo_2] Pos ANTES update: Rect: (360, 362), Hitbox: (363, 365)
2025-05-18 02:57:54,480 - DEBUG - [Enemigo_2] Target (Jugador): (400, 301), Dist: 77.79, dx_obj: 24.00, dy_obj: -74.00
2025-05-18 02:57:54,480 - DEBUG - [Enemigo_2] Movimiento calculado: mov_x=0.46, mov_y=-1.43
2025-05-18 02:57:54,481 - DEBUG - [Enemigo_2] Pos DESPUÉS update: Rect: (360, 361), Hitbox: (363, 364)
2025-05-18 02:57:54,481 - DEBUG - --- Fin Update Enemigo_2 ---
2025-05-18 02:57:54,481 - DEBUG - --- Inicio Update Enemigo_3 ---
2025-05-18 02:57:54,481 - DEBUG - [Enemigo_3] Pos ANTES update: Rect: (293, 343), Hitbox: (296, 346)
2025-05-18 02:57:54,481 - DEBUG - [Enemigo_3] Target (Jugador): (400, 301), Dist: 106.33, dx_obj: 91.00, dy_obj: -55.00
2025-05-18 02:57:54,481 - DEBUG - [Enemigo_3] Movimiento calculado: mov_x=1.28, mov_y=-0.78
2025-05-18 02:57:54,482 - DEBUG - [Enemigo_3] Pos DESPUÉS update: Rect: (294, 342), Hitbox: (297, 345)
2025-05-18 02:57:54,482 - DEBUG - --- Fin Update Enemigo_3 ---
2025-05-18 02:57:54,482 - DEBUG - --- Inicio Update Enemigo_4 ---
2025-05-18 02:57:54,482 - DEBUG - [Enemigo_4] Pos ANTES update: Rect: (351, 391), Hitbox: (354, 394)
2025-05-18 02:57:54,482 - DEBUG - [Enemigo_4] Target (Jugador): (400, 301), Dist: 108.16, dx_obj: 33.00, dy_obj: -103.00
2025-05-18 02:57:54,483 - DEBUG - [Enemigo_4] Movimiento calculado: mov_x=0.46, mov_y=-1.43
2025-05-18 02:57:54,483 - DEBUG - [Enemigo_4] Pos DESPUÉS update: Rect: (351, 390), Hitbox: (354, 393)
2025-05-18 02:57:54,483 - DEBUG - --- Fin Update Enemigo_4 ---
2025-05-18 02:57:54,483 - DEBUG - --- Inicio Update Enemigo_5 ---
2025-05-18 02:57:54,483 - DEBUG - [Enemigo_5] Pos ANTES update: Rect: (408, 258), Hitbox: (411, 261)
2025-05-18 02:57:54,484 - DEBUG - [Enemigo_5] Target (Jugador): (400, 301), Dist: 38.42, dx_obj: -24.00, dy_obj: 30.00
2025-05-18 02:57:54,484 - DEBUG - [Enemigo_5] Movimiento calculado: mov_x=-0.94, mov_y=1.17
2025-05-18 02:57:54,484 - DEBUG - [Enemigo_5] Pos DESPUÉS update: Rect: (407, 259), Hitbox: (410, 262)
2025-05-18 02:57:54,484 - DEBUG - --- Fin Update Enemigo_5 ---
2025-05-18 02:57:54,484 - DEBUG - --- Inicio Update Enemigo_6 ---
2025-05-18 02:57:54,485 - DEBUG - [Enemigo_6] Pos ANTES update: Rect: (355, 296), Hitbox: (358, 299)
2025-05-18 02:57:54,485 - DEBUG - [Enemigo_6] Target (Jugador): (400, 301), Dist: 30.08, dx_obj: 29.00, dy_obj: -8.00
2025-05-18 02:57:54,485 - DEBUG - [Enemigo_6] Movimiento calculado: mov_x=1.45, mov_y=-0.40
2025-05-18 02:57:54,485 - DEBUG - [Enemigo_6] Pos DESPUÉS update: Rect: (356, 296), Hitbox: (359, 299)
2025-05-18 02:57:54,486 - DEBUG - --- Fin Update Enemigo_6 ---
2025-05-18 02:57:54,492 - DEBUG - --- Inicio Update Enemigo_0 ---
2025-05-18 02:57:54,493 - DEBUG - [Enemigo_0] Pos ANTES update: Rect: (317, 300), Hitbox: (320, 303)
2025-05-18 02:57:54,493 - DEBUG - [Enemigo_0] Target (Jugador): (400, 301), Dist: 68.07, dx_obj: 67.00, dy_obj: -12.00
2025-05-18 02:57:54,494 - DEBUG - [Enemigo_0] Movimiento calculado: mov_x=1.48, mov_y=-0.26
2025-05-18 02:57:54,494 - DEBUG - [Enemigo_0] Pos DESPUÉS update: Rect: (318, 300), Hitbox: (321, 303)
2025-05-18 02:57:54,494 - DEBUG - --- Fin Update Enemigo_0 ---
2025-05-18 02:57:54,494 - DEBUG - --- Inicio Update Enemigo_1 ---
2025-05-18 02:57:54,494 - DEBUG - [Enemigo_1] Pos ANTES update: Rect: (443, 249), Hitbox: (446, 252)
2025-05-18 02:57:54,495 - DEBUG - [Enemigo_1] Target (Jugador): (400, 301), Dist: 70.72, dx_obj: -59.00, dy_obj: 39.00
2025-05-18 02:57:54,495 - DEBUG - [Enemigo_1] Movimiento calculado: mov_x=-1.25, mov_y=0.83
2025-05-18 02:57:54,495 - DEBUG - [Enemigo_1] Pos DESPUÉS update: Rect: (442, 250), Hitbox: (445, 253)
2025-05-18 02:57:54,495 - DEBUG - --- Fin Update Enemigo_1 ---
2025-05-18 02:57:54,495 - DEBUG - --- Inicio Update Enemigo_2 ---
2025-05-18 02:57:54,495 - DEBUG - [Enemigo_2] Pos ANTES update: Rect: (360, 361), Hitbox: (363, 364)
2025-05-18 02:57:54,496 - DEBUG - [Enemigo_2] Target (Jugador): (400, 301), Dist: 76.84, dx_obj: 24.00, dy_obj: -73.00
2025-05-18 02:57:54,496 - DEBUG - [Enemigo_2] Movimiento calculado: mov_x=0.47, mov_y=-1.42
2025-05-18 02:57:54,496 - DEBUG - [Enemigo_2] Pos DESPUÉS update: Rect: (360, 360), Hitbox: (363, 363)
2025-05-18 02:57:54,496 - DEBUG - --- Fin Update Enemigo_2 ---
2025-05-18 02:57:54,496 - DEBUG - --- Inicio Update Enemigo_3 ---
2025-05-18 02:57:54,497 - DEBUG - [Enemigo_3] Pos ANTES update: Rect: (294, 342), Hitbox: (297, 345)
2025-05-18 02:57:54,497 - DEBUG - [Enemigo_3] Target (Jugador): (400, 301), Dist: 104.96, dx_obj: 90.00, dy_obj: -54.00
2025-05-18 02:57:54,497 - DEBUG - [Enemigo_3] Movimiento calculado: mov_x=1.29, mov_y=-0.77
2025-05-18 02:57:54,497 - DEBUG - [Enemigo_3] Pos DESPUÉS update: Rect: (295, 341), Hitbox: (298, 344)
2025-05-18 02:57:54,497 - DEBUG - --- Fin Update Enemigo_3 ---
2025-05-18 02:57:54,498 - DEBUG - --- Inicio Update Enemigo_4 ---
2025-05-18 02:57:54,498 - DEBUG - [Enemigo_4] Pos ANTES update: Rect: (351, 390), Hitbox: (354, 393)
2025-05-18 02:57:54,498 - DEBUG - [Enemigo_4] Target (Jugador): (400, 301), Dist: 107.21, dx_obj: 33.00, dy_obj: -102.00
2025-05-18 02:57:54,498 - DEBUG - [Enemigo_4] Movimiento calculado: mov_x=0.46, mov_y=-1.43
2025-05-18 02:57:54,498 - DEBUG - [Enemigo_4] Pos DESPUÉS update: Rect: (351, 389), Hitbox: (354, 392)
2025-05-18 02:57:54,498 - DEBUG - --- Fin Update Enemigo_4 ---
2025-05-18 02:57:54,499 - DEBUG - --- Inicio Update Enemigo_5 ---
2025-05-18 02:57:54,499 - DEBUG - [Enemigo_5] Pos ANTES update: Rect: (407, 259), Hitbox: (410, 262)
2025-05-18 02:57:54,499 - DEBUG - [Enemigo_5] Target (Jugador): (400, 301), Dist: 37.01, dx_obj: -23.00, dy_obj: 29.00
2025-05-18 02:57:54,499 - DEBUG - [Enemigo_5] Movimiento calculado: mov_x=-0.93, mov_y=1.18
2025-05-18 02:57:54,499 - DEBUG - [Enemigo_5] Pos DESPUÉS update: Rect: (406, 260), Hitbox: (409, 263)
2025-05-18 02:57:54,500 - DEBUG - --- Fin Update Enemigo_5 ---
2025-05-18 02:57:54,500 - DEBUG - --- Inicio Update Enemigo_6 ---
2025-05-18 02:57:54,500 - DEBUG - [Enemigo_6] Pos ANTES update: Rect: (356, 296), Hitbox: (359, 299)
2025-05-18 02:57:54,500 - DEBUG - [Enemigo_6] Target (Jugador): (400, 301), Dist: 29.12, dx_obj: 28.00, dy_obj: -8.00
2025-05-18 02:57:54,500 - DEBUG - [Enemigo_6] Movimiento calculado: mov_x=1.44, mov_y=-0.41
2025-05-18 02:57:54,501 - DEBUG - [Enemigo_6] Pos DESPUÉS update: Rect: (357, 296), Hitbox: (360, 299)
2025-05-18 02:57:54,501 - DEBUG - --- Fin Update Enemigo_6 ---
2025-05-18 02:57:54,509 - DEBUG - --- Inicio Update Enemigo_0 ---
2025-05-18 02:57:54,509 - DEBUG - [Enemigo_0] Pos ANTES update: Rect: (318, 300), Hitbox: (321, 303)
2025-05-18 02:57:54,510 - DEBUG - [Enemigo_0] Target (Jugador): (400, 301), Dist: 67.08, dx_obj: 66.00, dy_obj: -12.00
2025-05-18 02:57:54,510 - DEBUG - [Enemigo_0] Movimiento calculado: mov_x=1.48, mov_y=-0.27
2025-05-18 02:57:54,510 - DEBUG - [Enemigo_0] Pos DESPUÉS update: Rect: (319, 300), Hitbox: (322, 303)
2025-05-18 02:57:54,510 - DEBUG - --- Fin Update Enemigo_0 ---
2025-05-18 02:57:54,511 - DEBUG - --- Inicio Update Enemigo_1 ---
2025-05-18 02:57:54,511 - DEBUG - [Enemigo_1] Pos ANTES update: Rect: (442, 250), Hitbox: (445, 253)
2025-05-18 02:57:54,511 - DEBUG - [Enemigo_1] Target (Jugador): (400, 301), Dist: 69.34, dx_obj: -58.00, dy_obj: 38.00
2025-05-18 02:57:54,511 - DEBUG - [Enemigo_1] Movimiento calculado: mov_x=-1.25, mov_y=0.82
2025-05-18 02:57:54,511 - DEBUG - [Enemigo_1] Pos DESPUÉS update: Rect: (441, 251), Hitbox: (444, 254)
2025-05-18 02:57:54,512 - DEBUG - --- Fin Update Enemigo_1 ---
2025-05-18 02:57:54,512 - DEBUG - --- Inicio Update Enemigo_2 ---
2025-05-18 02:57:54,512 - DEBUG - [Enemigo_2] Pos ANTES update: Rect: (360, 360), Hitbox: (363, 363)
2025-05-18 02:57:54,512 - DEBUG - [Enemigo_2] Target (Jugador): (400, 301), Dist: 75.89, dx_obj: 24.00, dy_obj: -72.00
2025-05-18 02:57:54,512 - DEBUG - [Enemigo_2] Movimiento calculado: mov_x=0.47, mov_y=-1.42
2025-05-18 02:57:54,512 - DEBUG - [Enemigo_2] Pos DESPUÉS update: Rect: (360, 359), Hitbox: (363, 362)
2025-05-18 02:57:54,513 - DEBUG - --- Fin Update Enemigo_2 ---
2025-05-18 02:57:54,513 - DEBUG - --- Inicio Update Enemigo_3 ---
2025-05-18 02:57:54,513 - DEBUG - [Enemigo_3] Pos ANTES update: Rect: (295, 341), Hitbox: (298, 344)
2025-05-18 02:57:54,513 - DEBUG - [Enemigo_3] Target (Jugador): (400, 301), Dist: 103.59, dx_obj: 89.00, dy_obj: -53.00
2025-05-18 02:57:54,513 - DEBUG - [Enemigo_3] Movimiento calculado: mov_x=1.29, mov_y=-0.77
2025-05-18 02:57:54,514 - DEBUG - [Enemigo_3] Pos DESPUÉS update: Rect: (296, 340), Hitbox: (299, 343)
2025-05-18 02:57:54,514 - DEBUG - --- Fin Update Enemigo_3 ---
2025-05-18 02:57:54,514 - DEBUG - --- Inicio Update Enemigo_4 ---
2025-05-18 02:57:54,514 - DEBUG - [Enemigo_4] Pos ANTES update: Rect: (351, 389), Hitbox: (354, 392)
2025-05-18 02:57:54,514 - DEBUG - [Enemigo_4] Target (Jugador): (400, 301), Dist: 106.25, dx_obj: 33.00, dy_obj: -101.00
2025-05-18 02:57:54,514 - DEBUG - [Enemigo_4] Movimiento calculado: mov_x=0.47, mov_y=-1.43
2025-05-18 02:57:54,515 - DEBUG - [Enemigo_4] Pos DESPUÉS update: Rect: (351, 388), Hitbox: (354, 391)
2025-05-18 02:57:54,515 - DEBUG - --- Fin Update Enemigo_4 ---
2025-05-18 02:57:54,515 - DEBUG - --- Inicio Update Enemigo_5 ---
2025-05-18 02:57:54,515 - DEBUG - [Enemigo_5] Pos ANTES update: Rect: (406, 260), Hitbox: (409, 263)
2025-05-18 02:57:54,515 - DEBUG - [Enemigo_5] Target (Jugador): (400, 301), Dist: 35.61, dx_obj: -22.00, dy_obj: 28.00
2025-05-18 02:57:54,516 - DEBUG - [Enemigo_5] Movimiento calculado: mov_x=-0.93, mov_y=1.18
2025-05-18 02:57:54,516 - DEBUG - [Enemigo_5] Pos DESPUÉS update: Rect: (405, 261), Hitbox: (408, 264)
2025-05-18 02:57:54,516 - DEBUG - --- Fin Update Enemigo_5 ---
2025-05-18 02:57:54,516 - DEBUG - --- Inicio Update Enemigo_6 ---
2025-05-18 02:57:54,516 - DEBUG - [Enemigo_6] Pos ANTES update: Rect: (357, 296), Hitbox: (360, 299)
2025-05-18 02:57:54,516 - DEBUG - [Enemigo_6] Target (Jugador): (400, 301), Dist: 28.16, dx_obj: 27.00, dy_obj: -8.00
2025-05-18 02:57:54,517 - DEBUG - [Enemigo_6] Movimiento calculado: mov_x=1.44, mov_y=-0.43
2025-05-18 02:57:54,517 - DEBUG - [Enemigo_6] Pos DESPUÉS update: Rect: (358, 296), Hitbox: (361, 299)
2025-05-18 02:57:54,517 - DEBUG - --- Fin Update Enemigo_6 ---
2025-05-18 02:57:54,526 - DEBUG - --- Inicio Update Enemigo_0 ---
2025-05-18 02:57:54,526 - DEBUG - [Enemigo_0] Pos ANTES update: Rect: (319, 300), Hitbox: (322, 303)
2025-05-18 02:57:54,527 - DEBUG - [Enemigo_0] Target (Jugador): (400, 301), Dist: 66.10, dx_obj: 65.00, dy_obj: -12.00
2025-05-18 02:57:54,527 - DEBUG - [Enemigo_0] Movimiento calculado: mov_x=1.48, mov_y=-0.27
2025-05-18 02:57:54,527 - DEBUG - [Enemigo_0] Pos DESPUÉS update: Rect: (320, 300), Hitbox: (323, 303)
2025-05-18 02:57:54,527 - DEBUG - --- Fin Update Enemigo_0 ---
2025-05-18 02:57:54,528 - DEBUG - --- Inicio Update Enemigo_1 ---
2025-05-18 02:57:54,528 - DEBUG - [Enemigo_1] Pos ANTES update: Rect: (441, 251), Hitbox: (444, 254)
2025-05-18 02:57:54,528 - DEBUG - [Enemigo_1] Target (Jugador): (400, 301), Dist: 67.96, dx_obj: -57.00, dy_obj: 37.00
2025-05-18 02:57:54,528 - DEBUG - [Enemigo_1] Movimiento calculado: mov_x=-1.26, mov_y=0.82
2025-05-18 02:57:54,528 - DEBUG - [Enemigo_1] Pos DESPUÉS update: Rect: (440, 252), Hitbox: (443, 255)
2025-05-18 02:57:54,529 - DEBUG - --- Fin Update Enemigo_1 ---
2025-05-18 02:57:54,529 - DEBUG - --- Inicio Update Enemigo_2 ---
2025-05-18 02:57:54,529 - DEBUG - [Enemigo_2] Pos ANTES update: Rect: (360, 359), Hitbox: (363, 362)
2025-05-18 02:57:54,529 - DEBUG - [Enemigo_2] Target (Jugador): (400, 301), Dist: 74.95, dx_obj: 24.00, dy_obj: -71.00
2025-05-18 02:57:54,529 - DEBUG - [Enemigo_2] Movimiento calculado: mov_x=0.48, mov_y=-1.42
2025-05-18 02:57:54,529 - DEBUG - [Enemigo_2] Pos DESPUÉS update: Rect: (360, 358), Hitbox: (363, 361)
2025-05-18 02:57:54,530 - DEBUG - --- Fin Update Enemigo_2 ---
2025-05-18 02:57:54,530 - DEBUG - --- Inicio Update Enemigo_3 ---
2025-05-18 02:57:54,530 - DEBUG - [Enemigo_3] Pos ANTES update: Rect: (296, 340), Hitbox: (299, 343)
2025-05-18 02:57:54,530 - DEBUG - [Enemigo_3] Target (Jugador): (400, 301), Dist: 102.22, dx_obj: 88.00, dy_obj: -52.00
2025-05-18 02:57:54,530 - DEBUG - [Enemigo_3] Movimiento calculado: mov_x=1.29, mov_y=-0.76
2025-05-18 02:57:54,531 - DEBUG - [Enemigo_3] Pos DESPUÉS update: Rect: (297, 339), Hitbox: (300, 342)
2025-05-18 02:57:54,531 - DEBUG - --- Fin Update Enemigo_3 ---
2025-05-18 02:57:54,531 - DEBUG - --- Inicio Update Enemigo_4 ---
2025-05-18 02:57:54,531 - DEBUG - [Enemigo_4] Pos ANTES update: Rect: (351, 388), Hitbox: (354, 391)
2025-05-18 02:57:54,531 - DEBUG - [Enemigo_4] Target (Jugador): (400, 301), Dist: 105.30, dx_obj: 33.00, dy_obj: -100.00
2025-05-18 02:57:54,532 - DEBUG - [Enemigo_4] Movimiento calculado: mov_x=0.47, mov_y=-1.42
2025-05-18 02:57:54,532 - DEBUG - [Enemigo_4] Pos DESPUÉS update: Rect: (351, 387), Hitbox: (354, 390)
2025-05-18 02:57:54,532 - DEBUG - --- Fin Update Enemigo_4 ---
2025-05-18 02:57:54,532 - DEBUG - --- Inicio Update Enemigo_5 ---
2025-05-18 02:57:54,533 - DEBUG - [Enemigo_5] Pos ANTES update: Rect: (405, 261), Hitbox: (408, 264)
2025-05-18 02:57:54,533 - DEBUG - [Enemigo_5] Target (Jugador): (400, 301), Dist: 34.21, dx_obj: -21.00, dy_obj: 27.00
2025-05-18 02:57:54,533 - DEBUG - [Enemigo_5] Movimiento calculado: mov_x=-0.92, mov_y=1.18
2025-05-18 02:57:54,533 - DEBUG - [Enemigo_5] Pos DESPUÉS update: Rect: (404, 262), Hitbox: (407, 265)
2025-05-18 02:57:54,534 - DEBUG - --- Fin Update Enemigo_5 ---
2025-05-18 02:57:54,534 - DEBUG - --- Inicio Update Enemigo_6 ---
2025-05-18 02:57:54,534 - DEBUG - [Enemigo_6] Pos ANTES update: Rect: (358, 296), Hitbox: (361, 299)
2025-05-18 02:57:54,534 - DEBUG - [Enemigo_6] Target (Jugador): (400, 301), Dist: 27.20, dx_obj: 26.00, dy_obj: -8.00
2025-05-18 02:57:54,534 - DEBUG - [Enemigo_6] Movimiento calculado: mov_x=1.43, mov_y=-0.44
2025-05-18 02:57:54,535 - DEBUG - [Enemigo_6] Pos DESPUÉS update: Rect: (359, 296), Hitbox: (362, 299)
2025-05-18 02:57:54,535 - DEBUG - --- Fin Update Enemigo_6 ---
2025-05-18 02:57:54,542 - DEBUG - --- Inicio Update Enemigo_0 ---
2025-05-18 02:57:54,543 - DEBUG - [Enemigo_0] Pos ANTES update: Rect: (320, 300), Hitbox: (323, 303)
2025-05-18 02:57:54,543 - DEBUG - [Enemigo_0] Target (Jugador): (400, 301), Dist: 65.12, dx_obj: 64.00, dy_obj: -12.00
2025-05-18 02:57:54,543 - DEBUG - [Enemigo_0] Movimiento calculado: mov_x=1.47, mov_y=-0.28
2025-05-18 02:57:54,544 - DEBUG - [Enemigo_0] Pos DESPUÉS update: Rect: (321, 300), Hitbox: (324, 303)
2025-05-18 02:57:54,544 - DEBUG - --- Fin Update Enemigo_0 ---
2025-05-18 02:57:54,544 - DEBUG - --- Inicio Update Enemigo_1 ---
2025-05-18 02:57:54,544 - DEBUG - [Enemigo_1] Pos ANTES update: Rect: (440, 252), Hitbox: (443, 255)
2025-05-18 02:57:54,545 - DEBUG - [Enemigo_1] Target (Jugador): (400, 301), Dist: 66.57, dx_obj: -56.00, dy_obj: 36.00
2025-05-18 02:57:54,545 - DEBUG - [Enemigo_1] Movimiento calculado: mov_x=-1.26, mov_y=0.81
2025-05-18 02:57:54,546 - DEBUG - [Enemigo_1] Pos DESPUÉS update: Rect: (439, 253), Hitbox: (442, 256)
2025-05-18 02:57:54,546 - DEBUG - --- Fin Update Enemigo_1 ---
2025-05-18 02:57:54,546 - DEBUG - --- Inicio Update Enemigo_2 ---
2025-05-18 02:57:54,546 - DEBUG - [Enemigo_2] Pos ANTES update: Rect: (360, 358), Hitbox: (363, 361)
2025-05-18 02:57:54,546 - DEBUG - [Enemigo_2] Target (Jugador): (400, 301), Dist: 74.00, dx_obj: 24.00, dy_obj: -70.00
2025-05-18 02:57:54,547 - DEBUG - [Enemigo_2] Movimiento calculado: mov_x=0.49, mov_y=-1.42
2025-05-18 02:57:54,547 - DEBUG - [Enemigo_2] Pos DESPUÉS update: Rect: (360, 357), Hitbox: (363, 360)
2025-05-18 02:57:54,547 - DEBUG - --- Fin Update Enemigo_2 ---
2025-05-18 02:57:54,547 - DEBUG - --- Inicio Update Enemigo_3 ---
2025-05-18 02:57:54,548 - DEBUG - [Enemigo_3] Pos ANTES update: Rect: (297, 339), Hitbox: (300, 342)
2025-05-18 02:57:54,548 - DEBUG - [Enemigo_3] Target (Jugador): (400, 301), Dist: 100.85, dx_obj: 87.00, dy_obj: -51.00
2025-05-18 02:57:54,548 - DEBUG - [Enemigo_3] Movimiento calculado: mov_x=1.29, mov_y=-0.76
2025-05-18 02:57:54,548 - DEBUG - [Enemigo_3] Pos DESPUÉS update: Rect: (298, 338), Hitbox: (301, 341)
2025-05-18 02:57:54,548 - DEBUG - --- Fin Update Enemigo_3 ---
2025-05-18 02:57:54,548 - DEBUG - --- Inicio Update Enemigo_4 ---
2025-05-18 02:57:54,549 - DEBUG - [Enemigo_4] Pos ANTES update: Rect: (351, 387), Hitbox: (354, 390)
2025-05-18 02:57:54,549 - DEBUG - [Enemigo_4] Target (Jugador): (400, 301), Dist: 104.36, dx_obj: 33.00, dy_obj: -99.00
2025-05-18 02:57:54,549 - DEBUG - [Enemigo_4] Movimiento calculado: mov_x=0.47, mov_y=-1.42
2025-05-18 02:57:54,549 - DEBUG - [Enemigo_4] Pos DESPUÉS update: Rect: (351, 386), Hitbox: (354, 389)
2025-05-18 02:57:54,549 - DEBUG - --- Fin Update Enemigo_4 ---
2025-05-18 02:57:54,550 - DEBUG - --- Inicio Update Enemigo_5 ---
2025-05-18 02:57:54,550 - DEBUG - [Enemigo_5] Pos ANTES update: Rect: (404, 262), Hitbox: (407, 265)
2025-05-18 02:57:54,550 - DEBUG - [Enemigo_5] Target (Jugador): (400, 301), Dist: 32.80, dx_obj: -20.00, dy_obj: 26.00
2025-05-18 02:57:54,550 - DEBUG - [Enemigo_5] Movimiento calculado: mov_x=-0.91, mov_y=1.19
2025-05-18 02:57:54,550 - DEBUG - [Enemigo_5] Pos DESPUÉS update: Rect: (403, 263), Hitbox: (406, 266)
2025-05-18 02:57:54,550 - DEBUG - --- Fin Update Enemigo_5 ---
2025-05-18 02:57:54,551 - DEBUG - --- Inicio Update Enemigo_6 ---
2025-05-18 02:57:54,551 - DEBUG - [Enemigo_6] Pos ANTES update: Rect: (359, 296), Hitbox: (362, 299)
2025-05-18 02:57:54,551 - DEBUG - [Enemigo_6] Target (Jugador): (400, 301), Dist: 26.25, dx_obj: 25.00, dy_obj: -8.00
2025-05-18 02:57:54,551 - DEBUG - [Enemigo_6] Movimiento calculado: mov_x=1.43, mov_y=-0.46
2025-05-18 02:57:54,551 - DEBUG - [Enemigo_6] Pos DESPUÉS update: Rect: (360, 296), Hitbox: (363, 299)
2025-05-18 02:57:54,552 - DEBUG - --- Fin Update Enemigo_6 ---
2025-05-18 02:57:54,559 - DEBUG - --- Inicio Update Enemigo_0 ---
2025-05-18 02:57:54,560 - DEBUG - [Enemigo_0] Pos ANTES update: Rect: (321, 300), Hitbox: (324, 303)
2025-05-18 02:57:54,561 - DEBUG - [Enemigo_0] Target (Jugador): (400, 301), Dist: 64.13, dx_obj: 63.00, dy_obj: -12.00
2025-05-18 02:57:54,561 - DEBUG - [Enemigo_0] Movimiento calculado: mov_x=1.47, mov_y=-0.28
2025-05-18 02:57:54,561 - DEBUG - [Enemigo_0] Pos DESPUÉS update: Rect: (322, 300), Hitbox: (325, 303)
2025-05-18 02:57:54,562 - DEBUG - --- Fin Update Enemigo_0 ---
2025-05-18 02:57:54,562 - DEBUG - --- Inicio Update Enemigo_1 ---
2025-05-18 02:57:54,562 - DEBUG - [Enemigo_1] Pos ANTES update: Rect: (439, 253), Hitbox: (442, 256)
2025-05-18 02:57:54,562 - DEBUG - [Enemigo_1] Target (Jugador): (400, 301), Dist: 65.19, dx_obj: -55.00, dy_obj: 35.00
2025-05-18 02:57:54,563 - DEBUG - [Enemigo_1] Movimiento calculado: mov_x=-1.27, mov_y=0.81
2025-05-18 02:57:54,563 - DEBUG - [Enemigo_1] Pos DESPUÉS update: Rect: (438, 254), Hitbox: (441, 257)
2025-05-18 02:57:54,563 - DEBUG - --- Fin Update Enemigo_1 ---
2025-05-18 02:57:54,563 - DEBUG - --- Inicio Update Enemigo_2 ---
2025-05-18 02:57:54,563 - DEBUG - [Enemigo_2] Pos ANTES update: Rect: (360, 357), Hitbox: (363, 360)
2025-05-18 02:57:54,564 - DEBUG - [Enemigo_2] Target (Jugador): (400, 301), Dist: 73.05, dx_obj: 24.00, dy_obj: -69.00
2025-05-18 02:57:54,564 - DEBUG - [Enemigo_2] Movimiento calculado: mov_x=0.49, mov_y=-1.42
2025-05-18 02:57:54,564 - DEBUG - [Enemigo_2] Pos DESPUÉS update: Rect: (360, 356), Hitbox: (363, 359)
2025-05-18 02:57:54,564 - DEBUG - --- Fin Update Enemigo_2 ---
2025-05-18 02:57:54,564 - DEBUG - --- Inicio Update Enemigo_3 ---
2025-05-18 02:57:54,565 - DEBUG - [Enemigo_3] Pos ANTES update: Rect: (298, 338), Hitbox: (301, 341)
2025-05-18 02:57:54,565 - DEBUG - [Enemigo_3] Target (Jugador): (400, 301), Dist: 99.48, dx_obj: 86.00, dy_obj: -50.00
2025-05-18 02:57:54,565 - DEBUG - [Enemigo_3] Movimiento calculado: mov_x=1.30, mov_y=-0.75
2025-05-18 02:57:54,565 - DEBUG - [Enemigo_3] Pos DESPUÉS update: Rect: (299, 337), Hitbox: (302, 340)
2025-05-18 02:57:54,565 - DEBUG - --- Fin Update Enemigo_3 ---
2025-05-18 02:57:54,565 - DEBUG - --- Inicio Update Enemigo_4 ---
2025-05-18 02:57:54,566 - DEBUG - [Enemigo_4] Pos ANTES update: Rect: (351, 386), Hitbox: (354, 389)
2025-05-18 02:57:54,566 - DEBUG - [Enemigo_4] Target (Jugador): (400, 301), Dist: 103.41, dx_obj: 33.00, dy_obj: -98.00
2025-05-18 02:57:54,566 - DEBUG - [Enemigo_4] Movimiento calculado: mov_x=0.48, mov_y=-1.42
2025-05-18 02:57:54,566 - DEBUG - [Enemigo_4] Pos DESPUÉS update: Rect: (351, 385), Hitbox: (354, 388)
2025-05-18 02:57:54,566 - DEBUG - --- Fin Update Enemigo_4 ---
2025-05-18 02:57:54,567 - DEBUG - --- Inicio Update Enemigo_5 ---
2025-05-18 02:57:54,567 - DEBUG - [Enemigo_5] Pos ANTES update: Rect: (403, 263), Hitbox: (406, 266)
2025-05-18 02:57:54,567 - DEBUG - [Enemigo_5] Target (Jugador): (400, 301), Dist: 31.40, dx_obj: -19.00, dy_obj: 25.00
2025-05-18 02:57:54,567 - DEBUG - [Enemigo_5] Movimiento calculado: mov_x=-0.91, mov_y=1.19
2025-05-18 02:57:54,567 - DEBUG - [Enemigo_5] Pos DESPUÉS update: Rect: (402, 264), Hitbox: (405, 267)
2025-05-18 02:57:54,568 - DEBUG - --- Fin Update Enemigo_5 ---
2025-05-18 02:57:54,568 - DEBUG - --- Inicio Update Enemigo_6 ---
2025-05-18 02:57:54,568 - DEBUG - [Enemigo_6] Pos ANTES update: Rect: (360, 296), Hitbox: (363, 299)
2025-05-18 02:57:54,568 - DEBUG - [Enemigo_6] Target (Jugador): (400, 301), Dist: 25.30, dx_obj: 24.00, dy_obj: -8.00
2025-05-18 02:57:54,568 - DEBUG - [Enemigo_6] Movimiento calculado: mov_x=1.42, mov_y=-0.47
2025-05-18 02:57:54,568 - DEBUG - [Enemigo_6] Pos DESPUÉS update: Rect: (361, 296), Hitbox: (364, 299)
2025-05-18 02:57:54,569 - DEBUG - --- Fin Update Enemigo_6 ---
2025-05-18 02:57:54,577 - DEBUG - --- Inicio Update Enemigo_0 ---
2025-05-18 02:57:54,577 - DEBUG - [Enemigo_0] Pos ANTES update: Rect: (322, 300), Hitbox: (325, 303)
2025-05-18 02:57:54,578 - DEBUG - [Enemigo_0] Target (Jugador): (400, 301), Dist: 63.15, dx_obj: 62.00, dy_obj: -12.00
2025-05-18 02:57:54,578 - DEBUG - [Enemigo_0] Movimiento calculado: mov_x=1.47, mov_y=-0.29
2025-05-18 02:57:54,578 - DEBUG - [Enemigo_0] Pos DESPUÉS update: Rect: (323, 300), Hitbox: (326, 303)
2025-05-18 02:57:54,579 - DEBUG - --- Fin Update Enemigo_0 ---
2025-05-18 02:57:54,579 - DEBUG - --- Inicio Update Enemigo_1 ---
2025-05-18 02:57:54,579 - DEBUG - [Enemigo_1] Pos ANTES update: Rect: (438, 254), Hitbox: (441, 257)
2025-05-18 02:57:54,579 - DEBUG - [Enemigo_1] Target (Jugador): (400, 301), Dist: 63.81, dx_obj: -54.00, dy_obj: 34.00
2025-05-18 02:57:54,579 - DEBUG - [Enemigo_1] Movimiento calculado: mov_x=-1.27, mov_y=0.80
2025-05-18 02:57:54,580 - DEBUG - [Enemigo_1] Pos DESPUÉS update: Rect: (437, 255), Hitbox: (440, 258)
2025-05-18 02:57:54,580 - DEBUG - --- Fin Update Enemigo_1 ---
2025-05-18 02:57:54,580 - DEBUG - --- Inicio Update Enemigo_2 ---
2025-05-18 02:57:54,580 - DEBUG - [Enemigo_2] Pos ANTES update: Rect: (360, 356), Hitbox: (363, 359)
2025-05-18 02:57:54,580 - DEBUG - [Enemigo_2] Target (Jugador): (400, 301), Dist: 72.11, dx_obj: 24.00, dy_obj: -68.00
2025-05-18 02:57:54,581 - DEBUG - [Enemigo_2] Movimiento calculado: mov_x=0.50, mov_y=-1.41
2025-05-18 02:57:54,581 - DEBUG - [Enemigo_2] Pos DESPUÉS update: Rect: (360, 355), Hitbox: (363, 358)
2025-05-18 02:57:54,581 - DEBUG - --- Fin Update Enemigo_2 ---
2025-05-18 02:57:54,581 - DEBUG - --- Inicio Update Enemigo_3 ---
2025-05-18 02:57:54,581 - DEBUG - [Enemigo_3] Pos ANTES update: Rect: (299, 337), Hitbox: (302, 340)
2025-05-18 02:57:54,582 - DEBUG - [Enemigo_3] Target (Jugador): (400, 301), Dist: 98.11, dx_obj: 85.00, dy_obj: -49.00
2025-05-18 02:57:54,582 - DEBUG - [Enemigo_3] Movimiento calculado: mov_x=1.30, mov_y=-0.75
2025-05-18 02:57:54,582 - DEBUG - [Enemigo_3] Pos DESPUÉS update: Rect: (300, 336), Hitbox: (303, 339)
2025-05-18 02:57:54,582 - DEBUG - --- Fin Update Enemigo_3 ---
2025-05-18 02:57:54,582 - DEBUG - --- Inicio Update Enemigo_4 ---
2025-05-18 02:57:54,582 - DEBUG - [Enemigo_4] Pos ANTES update: Rect: (351, 385), Hitbox: (354, 388)
2025-05-18 02:57:54,583 - DEBUG - [Enemigo_4] Target (Jugador): (400, 301), Dist: 102.46, dx_obj: 33.00, dy_obj: -97.00
2025-05-18 02:57:54,583 - DEBUG - [Enemigo_4] Movimiento calculado: mov_x=0.48, mov_y=-1.42
2025-05-18 02:57:54,583 - DEBUG - [Enemigo_4] Pos DESPUÉS update: Rect: (351, 384), Hitbox: (354, 387)
2025-05-18 02:57:54,583 - DEBUG - --- Fin Update Enemigo_4 ---
2025-05-18 02:57:54,583 - DEBUG - --- Inicio Update Enemigo_5 ---
2025-05-18 02:57:54,583 - DEBUG - [Enemigo_5] Pos ANTES update: Rect: (402, 264), Hitbox: (405, 267)
2025-05-18 02:57:54,584 - DEBUG - [Enemigo_5] Target (Jugador): (400, 301), Dist: 30.00, dx_obj: -18.00, dy_obj: 24.00
2025-05-18 02:57:54,584 - DEBUG - [Enemigo_5] Movimiento calculado: mov_x=-0.90, mov_y=1.20
2025-05-18 02:57:54,584 - DEBUG - [Enemigo_5] Pos DESPUÉS update: Rect: (401, 265), Hitbox: (404, 268)
2025-05-18 02:57:54,584 - DEBUG - --- Fin Update Enemigo_5 ---
2025-05-18 02:57:54,584 - DEBUG - --- Inicio Update Enemigo_6 ---
2025-05-18 02:57:54,584 - DEBUG - [Enemigo_6] Pos ANTES update: Rect: (361, 296), Hitbox: (364, 299)
2025-05-18 02:57:54,585 - DEBUG - [Enemigo_6] Target (Jugador): (400, 301), Dist: 24.35, dx_obj: 23.00, dy_obj: -8.00
2025-05-18 02:57:54,585 - DEBUG - [Enemigo_6] Movimiento calculado: mov_x=1.42, mov_y=-0.49
2025-05-18 02:57:54,585 - DEBUG - [Enemigo_6] Pos DESPUÉS update: Rect: (362, 296), Hitbox: (365, 299)
2025-05-18 02:57:54,585 - DEBUG - --- Fin Update Enemigo_6 ---
2025-05-18 02:57:54,593 - DEBUG - --- Inicio Update Enemigo_0 ---
2025-05-18 02:57:54,594 - DEBUG - [Enemigo_0] Pos ANTES update: Rect: (323, 300), Hitbox: (326, 303)
2025-05-18 02:57:54,594 - DEBUG - [Enemigo_0] Target (Jugador): (400, 301), Dist: 62.17, dx_obj: 61.00, dy_obj: -12.00
2025-05-18 02:57:54,595 - DEBUG - [Enemigo_0] Movimiento calculado: mov_x=1.47, mov_y=-0.29
2025-05-18 02:57:54,595 - DEBUG - [Enemigo_0] Pos DESPUÉS update: Rect: (324, 300), Hitbox: (327, 303)
2025-05-18 02:57:54,595 - DEBUG - --- Fin Update Enemigo_0 ---
2025-05-18 02:57:54,595 - DEBUG - --- Inicio Update Enemigo_1 ---
2025-05-18 02:57:54,596 - DEBUG - [Enemigo_1] Pos ANTES update: Rect: (437, 255), Hitbox: (440, 258)
2025-05-18 02:57:54,596 - DEBUG - [Enemigo_1] Target (Jugador): (400, 301), Dist: 62.43, dx_obj: -53.00, dy_obj: 33.00
2025-05-18 02:57:54,596 - DEBUG - [Enemigo_1] Movimiento calculado: mov_x=-1.27, mov_y=0.79
2025-05-18 02:57:54,596 - DEBUG - [Enemigo_1] Pos DESPUÉS update: Rect: (436, 256), Hitbox: (439, 259)
2025-05-18 02:57:54,597 - DEBUG - --- Fin Update Enemigo_1 ---
2025-05-18 02:57:54,597 - DEBUG - --- Inicio Update Enemigo_2 ---
2025-05-18 02:57:54,597 - DEBUG - [Enemigo_2] Pos ANTES update: Rect: (360, 355), Hitbox: (363, 358)
2025-05-18 02:57:54,597 - DEBUG - [Enemigo_2] Target (Jugador): (400, 301), Dist: 71.17, dx_obj: 24.00, dy_obj: -67.00
2025-05-18 02:57:54,597 - DEBUG - [Enemigo_2] Movimiento calculado: mov_x=0.51, mov_y=-1.41
2025-05-18 02:57:54,597 - DEBUG - [Enemigo_2] Pos DESPUÉS update: Rect: (361, 354), Hitbox: (364, 357)
2025-05-18 02:57:54,598 - DEBUG - --- Fin Update Enemigo_2 ---
2025-05-18 02:57:54,598 - DEBUG - --- Inicio Update Enemigo_3 ---
2025-05-18 02:57:54,598 - DEBUG - [Enemigo_3] Pos ANTES update: Rect: (300, 336), Hitbox: (303, 339)
2025-05-18 02:57:54,598 - DEBUG - [Enemigo_3] Target (Jugador): (400, 301), Dist: 96.75, dx_obj: 84.00, dy_obj: -48.00
2025-05-18 02:57:54,598 - DEBUG - [Enemigo_3] Movimiento calculado: mov_x=1.30, mov_y=-0.74
2025-05-18 02:57:54,598 - DEBUG - [Enemigo_3] Pos DESPUÉS update: Rect: (301, 335), Hitbox: (304, 338)
2025-05-18 02:57:54,599 - DEBUG - --- Fin Update Enemigo_3 ---
2025-05-18 02:57:54,599 - DEBUG - --- Inicio Update Enemigo_4 ---
2025-05-18 02:57:54,599 - DEBUG - [Enemigo_4] Pos ANTES update: Rect: (351, 384), Hitbox: (354, 387)
2025-05-18 02:57:54,599 - DEBUG - [Enemigo_4] Target (Jugador): (400, 301), Dist: 101.51, dx_obj: 33.00, dy_obj: -96.00
2025-05-18 02:57:54,599 - DEBUG - [Enemigo_4] Movimiento calculado: mov_x=0.49, mov_y=-1.42
2025-05-18 02:57:54,599 - DEBUG - [Enemigo_4] Pos DESPUÉS update: Rect: (351, 383), Hitbox: (354, 386)
2025-05-18 02:57:54,600 - DEBUG - --- Fin Update Enemigo_4 ---
2025-05-18 02:57:54,600 - DEBUG - --- Inicio Update Enemigo_5 ---
2025-05-18 02:57:54,600 - DEBUG - [Enemigo_5] Pos ANTES update: Rect: (401, 265), Hitbox: (404, 268)
2025-05-18 02:57:54,600 - DEBUG - [Enemigo_5] Target (Jugador): (400, 301), Dist: 28.60, dx_obj: -17.00, dy_obj: 23.00
2025-05-18 02:57:54,600 - DEBUG - [Enemigo_5] Movimiento calculado: mov_x=-0.89, mov_y=1.21
2025-05-18 02:57:54,601 - DEBUG - [Enemigo_5] Pos DESPUÉS update: Rect: (400, 266), Hitbox: (403, 269)
2025-05-18 02:57:54,601 - DEBUG - --- Fin Update Enemigo_5 ---
2025-05-18 02:57:54,601 - DEBUG - --- Inicio Update Enemigo_6 ---
2025-05-18 02:57:54,601 - DEBUG - [Enemigo_6] Pos ANTES update: Rect: (362, 296), Hitbox: (365, 299)
2025-05-18 02:57:54,601 - DEBUG - [Enemigo_6] Target (Jugador): (400, 301), Dist: 23.41, dx_obj: 22.00, dy_obj: -8.00
2025-05-18 02:57:54,601 - DEBUG - [Enemigo_6] Movimiento calculado: mov_x=1.41, mov_y=-0.51
2025-05-18 02:57:54,602 - DEBUG - [Enemigo_6] Pos DESPUÉS update: Rect: (363, 295), Hitbox: (366, 298)
2025-05-18 02:57:54,602 - DEBUG - --- Fin Update Enemigo_6 ---
2025-05-18 02:57:54,610 - DEBUG - --- Inicio Update Enemigo_0 ---
2025-05-18 02:57:54,610 - DEBUG - [Enemigo_0] Pos ANTES update: Rect: (324, 300), Hitbox: (327, 303)
2025-05-18 02:57:54,610 - DEBUG - [Enemigo_0] Target (Jugador): (400, 301), Dist: 61.19, dx_obj: 60.00, dy_obj: -12.00
2025-05-18 02:57:54,610 - DEBUG - [Enemigo_0] Movimiento calculado: mov_x=1.47, mov_y=-0.29
2025-05-18 02:57:54,611 - DEBUG - [Enemigo_0] Pos DESPUÉS update: Rect: (325, 300), Hitbox: (328, 303)
2025-05-18 02:57:54,611 - DEBUG - --- Fin Update Enemigo_0 ---
2025-05-18 02:57:54,611 - DEBUG - --- Inicio Update Enemigo_1 ---
2025-05-18 02:57:54,611 - DEBUG - [Enemigo_1] Pos ANTES update: Rect: (436, 256), Hitbox: (439, 259)
2025-05-18 02:57:54,611 - DEBUG - [Enemigo_1] Target (Jugador): (400, 301), Dist: 61.06, dx_obj: -52.00, dy_obj: 32.00
2025-05-18 02:57:54,612 - DEBUG - [Enemigo_1] Movimiento calculado: mov_x=-1.28, mov_y=0.79
2025-05-18 02:57:54,612 - DEBUG - [Enemigo_1] Pos DESPUÉS update: Rect: (435, 257), Hitbox: (438, 260)
2025-05-18 02:57:54,612 - DEBUG - --- Fin Update Enemigo_1 ---
2025-05-18 02:57:54,612 - DEBUG - --- Inicio Update Enemigo_2 ---
2025-05-18 02:57:54,612 - DEBUG - [Enemigo_2] Pos ANTES update: Rect: (361, 354), Hitbox: (364, 357)
2025-05-18 02:57:54,613 - DEBUG - [Enemigo_2] Target (Jugador): (400, 301), Dist: 69.89, dx_obj: 23.00, dy_obj: -66.00
2025-05-18 02:57:54,613 - DEBUG - [Enemigo_2] Movimiento calculado: mov_x=0.49, mov_y=-1.42
2025-05-18 02:57:54,613 - DEBUG - [Enemigo_2] Pos DESPUÉS update: Rect: (361, 353), Hitbox: (364, 356)
2025-05-18 02:57:54,613 - DEBUG - --- Fin Update Enemigo_2 ---
2025-05-18 02:57:54,613 - DEBUG - --- Inicio Update Enemigo_3 ---
2025-05-18 02:57:54,613 - DEBUG - [Enemigo_3] Pos ANTES update: Rect: (301, 335), Hitbox: (304, 338)
2025-05-18 02:57:54,613 - DEBUG - [Enemigo_3] Target (Jugador): (400, 301), Dist: 95.38, dx_obj: 83.00, dy_obj: -47.00
2025-05-18 02:57:54,614 - DEBUG - [Enemigo_3] Movimiento calculado: mov_x=1.31, mov_y=-0.74
2025-05-18 02:57:54,614 - DEBUG - [Enemigo_3] Pos DESPUÉS update: Rect: (302, 334), Hitbox: (305, 337)
2025-05-18 02:57:54,614 - DEBUG - --- Fin Update Enemigo_3 ---
2025-05-18 02:57:54,614 - DEBUG - --- Inicio Update Enemigo_4 ---
2025-05-18 02:57:54,614 - DEBUG - [Enemigo_4] Pos ANTES update: Rect: (351, 383), Hitbox: (354, 386)
2025-05-18 02:57:54,614 - DEBUG - [Enemigo_4] Target (Jugador): (400, 301), Dist: 100.57, dx_obj: 33.00, dy_obj: -95.00
2025-05-18 02:57:54,615 - DEBUG - [Enemigo_4] Movimiento calculado: mov_x=0.49, mov_y=-1.42
2025-05-18 02:57:54,615 - DEBUG - [Enemigo_4] Pos DESPUÉS update: Rect: (351, 382), Hitbox: (354, 385)
2025-05-18 02:57:54,615 - DEBUG - --- Fin Update Enemigo_4 ---
2025-05-18 02:57:54,615 - DEBUG - --- Inicio Update Enemigo_5 ---
2025-05-18 02:57:54,615 - DEBUG - [Enemigo_5] Pos ANTES update: Rect: (400, 266), Hitbox: (403, 269)
2025-05-18 02:57:54,615 - DEBUG - [Enemigo_5] Target (Jugador): (400, 301), Dist: 27.20, dx_obj: -16.00, dy_obj: 22.00
2025-05-18 02:57:54,615 - DEBUG - [Enemigo_5] Movimiento calculado: mov_x=-0.88, mov_y=1.21
2025-05-18 02:57:54,616 - DEBUG - [Enemigo_5] Pos DESPUÉS update: Rect: (399, 267), Hitbox: (402, 270)
2025-05-18 02:57:54,616 - DEBUG - --- Fin Update Enemigo_5 ---
2025-05-18 02:57:54,616 - DEBUG - --- Inicio Update Enemigo_6 ---
2025-05-18 02:57:54,616 - DEBUG - [Enemigo_6] Pos ANTES update: Rect: (363, 295), Hitbox: (366, 298)
2025-05-18 02:57:54,616 - DEBUG - [Enemigo_6] Target (Jugador): (400, 301), Dist: 22.14, dx_obj: 21.00, dy_obj: -7.00
2025-05-18 02:57:54,616 - DEBUG - [Enemigo_6] Movimiento calculado: mov_x=1.42, mov_y=-0.47
2025-05-18 02:57:54,617 - DEBUG - [Enemigo_6] Pos DESPUÉS update: Rect: (364, 295), Hitbox: (367, 298)
2025-05-18 02:57:54,617 - DEBUG - --- Fin Update Enemigo_6 ---
2025-05-18 02:57:54,626 - DEBUG - --- Inicio Update Enemigo_0 ---
2025-05-18 02:57:54,627 - DEBUG - [Enemigo_0] Pos ANTES update: Rect: (325, 300), Hitbox: (328, 303)
2025-05-18 02:57:54,627 - DEBUG - [Enemigo_0] Target (Jugador): (400, 301), Dist: 60.21, dx_obj: 59.00, dy_obj: -12.00
2025-05-18 02:57:54,627 - DEBUG - [Enemigo_0] Movimiento calculado: mov_x=1.47, mov_y=-0.30
2025-05-18 02:57:54,627 - DEBUG - [Enemigo_0] Pos DESPUÉS update: Rect: (326, 300), Hitbox: (329, 303)
2025-05-18 02:57:54,628 - DEBUG - --- Fin Update Enemigo_0 ---
2025-05-18 02:57:54,628 - DEBUG - --- Inicio Update Enemigo_1 ---
2025-05-18 02:57:54,628 - DEBUG - [Enemigo_1] Pos ANTES update: Rect: (435, 257), Hitbox: (438, 260)
2025-05-18 02:57:54,628 - DEBUG - [Enemigo_1] Target (Jugador): (400, 301), Dist: 59.68, dx_obj: -51.00, dy_obj: 31.00
2025-05-18 02:57:54,628 - DEBUG - [Enemigo_1] Movimiento calculado: mov_x=-1.28, mov_y=0.78
2025-05-18 02:57:54,629 - DEBUG - [Enemigo_1] Pos DESPUÉS update: Rect: (434, 258), Hitbox: (437, 261)
2025-05-18 02:57:54,629 - DEBUG - --- Fin Update Enemigo_1 ---
2025-05-18 02:57:54,629 - DEBUG - --- Inicio Update Enemigo_2 ---
2025-05-18 02:57:54,629 - DEBUG - [Enemigo_2] Pos ANTES update: Rect: (361, 353), Hitbox: (364, 356)
2025-05-18 02:57:54,629 - DEBUG - [Enemigo_2] Target (Jugador): (400, 301), Dist: 68.95, dx_obj: 23.00, dy_obj: -65.00
2025-05-18 02:57:54,629 - DEBUG - [Enemigo_2] Movimiento calculado: mov_x=0.50, mov_y=-1.41
2025-05-18 02:57:54,630 - DEBUG - [Enemigo_2] Pos DESPUÉS update: Rect: (362, 352), Hitbox: (365, 355)
2025-05-18 02:57:54,630 - DEBUG - --- Fin Update Enemigo_2 ---
2025-05-18 02:57:54,630 - DEBUG - --- Inicio Update Enemigo_3 ---
2025-05-18 02:57:54,630 - DEBUG - [Enemigo_3] Pos ANTES update: Rect: (302, 334), Hitbox: (305, 337)
2025-05-18 02:57:54,630 - DEBUG - [Enemigo_3] Target (Jugador): (400, 301), Dist: 94.02, dx_obj: 82.00, dy_obj: -46.00
2025-05-18 02:57:54,631 - DEBUG - [Enemigo_3] Movimiento calculado: mov_x=1.31, mov_y=-0.73
2025-05-18 02:57:54,631 - DEBUG - [Enemigo_3] Pos DESPUÉS update: Rect: (303, 333), Hitbox: (306, 336)
2025-05-18 02:57:54,631 - DEBUG - --- Fin Update Enemigo_3 ---
2025-05-18 02:57:54,631 - DEBUG - --- Inicio Update Enemigo_4 ---
2025-05-18 02:57:54,631 - DEBUG - [Enemigo_4] Pos ANTES update: Rect: (351, 382), Hitbox: (354, 385)
2025-05-18 02:57:54,631 - DEBUG - [Enemigo_4] Target (Jugador): (400, 301), Dist: 99.62, dx_obj: 33.00, dy_obj: -94.00
2025-05-18 02:57:54,632 - DEBUG - [Enemigo_4] Movimiento calculado: mov_x=0.50, mov_y=-1.42
2025-05-18 02:57:54,632 - DEBUG - [Enemigo_4] Pos DESPUÉS update: Rect: (351, 381), Hitbox: (354, 384)
2025-05-18 02:57:54,632 - DEBUG - --- Fin Update Enemigo_4 ---
2025-05-18 02:57:54,632 - DEBUG - --- Inicio Update Enemigo_5 ---
2025-05-18 02:57:54,632 - DEBUG - [Enemigo_5] Pos ANTES update: Rect: (399, 267), Hitbox: (402, 270)
2025-05-18 02:57:54,633 - DEBUG - [Enemigo_5] Target (Jugador): (400, 301), Dist: 25.81, dx_obj: -15.00, dy_obj: 21.00
2025-05-18 02:57:54,633 - DEBUG - [Enemigo_5] Movimiento calculado: mov_x=-0.87, mov_y=1.22
2025-05-18 02:57:54,633 - DEBUG - [Enemigo_5] Pos DESPUÉS update: Rect: (398, 268), Hitbox: (401, 271)
2025-05-18 02:57:54,633 - DEBUG - --- Fin Update Enemigo_5 ---
2025-05-18 02:57:54,633 - DEBUG - --- Inicio Update Enemigo_6 ---
2025-05-18 02:57:54,633 - DEBUG - [Enemigo_6] Pos ANTES update: Rect: (364, 295), Hitbox: (367, 298)
2025-05-18 02:57:54,633 - DEBUG - [Enemigo_6] Target (Jugador): (400, 301), Dist: 21.19, dx_obj: 20.00, dy_obj: -7.00
2025-05-18 02:57:54,634 - DEBUG - [Enemigo_6] Movimiento calculado: mov_x=0.00, mov_y=0.00
2025-05-18 02:57:54,634 - DEBUG - [Enemigo_6] Pos DESPUÉS update: Rect: (364, 295), Hitbox: (367, 298)
2025-05-18 02:57:54,634 - DEBUG - --- Fin Update Enemigo_6 ---
2025-05-18 02:57:54,643 - DEBUG - --- Inicio Update Enemigo_0 ---
2025-05-18 02:57:54,643 - DEBUG - [Enemigo_0] Pos ANTES update: Rect: (326, 300), Hitbox: (329, 303)
2025-05-18 02:57:54,644 - DEBUG - [Enemigo_0] Target (Jugador): (400, 301), Dist: 59.23, dx_obj: 58.00, dy_obj: -12.00
2025-05-18 02:57:54,644 - DEBUG - [Enemigo_0] Movimiento calculado: mov_x=1.47, mov_y=-0.30
2025-05-18 02:57:54,644 - DEBUG - [Enemigo_0] Pos DESPUÉS update: Rect: (327, 300), Hitbox: (330, 303)
2025-05-18 02:57:54,644 - DEBUG - --- Fin Update Enemigo_0 ---
2025-05-18 02:57:54,645 - DEBUG - --- Inicio Update Enemigo_1 ---
2025-05-18 02:57:54,645 - DEBUG - [Enemigo_1] Pos ANTES update: Rect: (434, 258), Hitbox: (437, 261)
2025-05-18 02:57:54,645 - DEBUG - [Enemigo_1] Target (Jugador): (400, 301), Dist: 58.31, dx_obj: -50.00, dy_obj: 30.00
2025-05-18 02:57:54,645 - DEBUG - [Enemigo_1] Movimiento calculado: mov_x=-1.29, mov_y=0.77
2025-05-18 02:57:54,645 - DEBUG - [Enemigo_1] Pos DESPUÉS update: Rect: (433, 259), Hitbox: (436, 262)
2025-05-18 02:57:54,646 - DEBUG - --- Fin Update Enemigo_1 ---
2025-05-18 02:57:54,646 - DEBUG - --- Inicio Update Enemigo_2 ---
2025-05-18 02:57:54,646 - DEBUG - [Enemigo_2] Pos ANTES update: Rect: (362, 352), Hitbox: (365, 355)
2025-05-18 02:57:54,646 - DEBUG - [Enemigo_2] Target (Jugador): (400, 301), Dist: 67.68, dx_obj: 22.00, dy_obj: -64.00
2025-05-18 02:57:54,646 - DEBUG - [Enemigo_2] Movimiento calculado: mov_x=0.49, mov_y=-1.42
2025-05-18 02:57:54,646 - DEBUG - [Enemigo_2] Pos DESPUÉS update: Rect: (362, 351), Hitbox: (365, 354)
2025-05-18 02:57:54,646 - DEBUG - --- Fin Update Enemigo_2 ---
2025-05-18 02:57:54,647 - DEBUG - --- Inicio Update Enemigo_3 ---
2025-05-18 02:57:54,647 - DEBUG - [Enemigo_3] Pos ANTES update: Rect: (303, 333), Hitbox: (306, 336)
2025-05-18 02:57:54,647 - DEBUG - [Enemigo_3] Target (Jugador): (400, 301), Dist: 92.66, dx_obj: 81.00, dy_obj: -45.00
2025-05-18 02:57:54,647 - DEBUG - [Enemigo_3] Movimiento calculado: mov_x=1.31, mov_y=-0.73
2025-05-18 02:57:54,647 - DEBUG - [Enemigo_3] Pos DESPUÉS update: Rect: (304, 332), Hitbox: (307, 335)
2025-05-18 02:57:54,647 - DEBUG - --- Fin Update Enemigo_3 ---
2025-05-18 02:57:54,648 - DEBUG - --- Inicio Update Enemigo_4 ---
2025-05-18 02:57:54,648 - DEBUG - [Enemigo_4] Pos ANTES update: Rect: (351, 381), Hitbox: (354, 384)
2025-05-18 02:57:54,648 - DEBUG - [Enemigo_4] Target (Jugador): (400, 301), Dist: 98.68, dx_obj: 33.00, dy_obj: -93.00
2025-05-18 02:57:54,648 - DEBUG - [Enemigo_4] Movimiento calculado: mov_x=0.50, mov_y=-1.41
2025-05-18 02:57:54,648 - DEBUG - [Enemigo_4] Pos DESPUÉS update: Rect: (352, 380), Hitbox: (355, 383)
2025-05-18 02:57:54,648 - DEBUG - --- Fin Update Enemigo_4 ---
2025-05-18 02:57:54,648 - DEBUG - --- Inicio Update Enemigo_5 ---
2025-05-18 02:57:54,649 - DEBUG - [Enemigo_5] Pos ANTES update: Rect: (398, 268), Hitbox: (401, 271)
2025-05-18 02:57:54,649 - DEBUG - [Enemigo_5] Target (Jugador): (400, 301), Dist: 24.41, dx_obj: -14.00, dy_obj: 20.00
2025-05-18 02:57:54,649 - DEBUG - [Enemigo_5] Movimiento calculado: mov_x=-0.86, mov_y=1.23
2025-05-18 02:57:54,649 - DEBUG - [Enemigo_5] Pos DESPUÉS update: Rect: (397, 269), Hitbox: (400, 272)
2025-05-18 02:57:54,649 - DEBUG - --- Fin Update Enemigo_5 ---
2025-05-18 02:57:54,649 - DEBUG - --- Inicio Update Enemigo_6 ---
2025-05-18 02:57:54,649 - DEBUG - [Enemigo_6] Pos ANTES update: Rect: (364, 295), Hitbox: (367, 298)
2025-05-18 02:57:54,650 - DEBUG - [Enemigo_6] Target (Jugador): (400, 301), Dist: 21.19, dx_obj: 20.00, dy_obj: -7.00
2025-05-18 02:57:54,650 - DEBUG - [Enemigo_6] Movimiento calculado: mov_x=0.00, mov_y=0.00
2025-05-18 02:57:54,650 - DEBUG - [Enemigo_6] Pos DESPUÉS update: Rect: (364, 295), Hitbox: (367, 298)
2025-05-18 02:57:54,650 - DEBUG - --- Fin Update Enemigo_6 ---
2025-05-18 02:57:54,660 - DEBUG - --- Inicio Update Enemigo_0 ---
2025-05-18 02:57:54,661 - DEBUG - [Enemigo_0] Pos ANTES update: Rect: (327, 300), Hitbox: (330, 303)
2025-05-18 02:57:54,661 - DEBUG - [Enemigo_0] Target (Jugador): (400, 301), Dist: 58.25, dx_obj: 57.00, dy_obj: -12.00
2025-05-18 02:57:54,661 - DEBUG - [Enemigo_0] Movimiento calculado: mov_x=1.47, mov_y=-0.31
2025-05-18 02:57:54,661 - DEBUG - [Enemigo_0] Pos DESPUÉS update: Rect: (328, 300), Hitbox: (331, 303)
2025-05-18 02:57:54,662 - DEBUG - --- Fin Update Enemigo_0 ---
2025-05-18 02:57:54,662 - DEBUG - --- Inicio Update Enemigo_1 ---
2025-05-18 02:57:54,662 - DEBUG - [Enemigo_1] Pos ANTES update: Rect: (433, 259), Hitbox: (436, 262)
2025-05-18 02:57:54,662 - DEBUG - [Enemigo_1] Target (Jugador): (400, 301), Dist: 56.94, dx_obj: -49.00, dy_obj: 29.00
2025-05-18 02:57:54,662 - DEBUG - [Enemigo_1] Movimiento calculado: mov_x=-1.29, mov_y=0.76
2025-05-18 02:57:54,662 - DEBUG - [Enemigo_1] Pos DESPUÉS update: Rect: (432, 260), Hitbox: (435, 263)
2025-05-18 02:57:54,663 - DEBUG - --- Fin Update Enemigo_1 ---
2025-05-18 02:57:54,663 - DEBUG - --- Inicio Update Enemigo_2 ---
2025-05-18 02:57:54,663 - DEBUG - [Enemigo_2] Pos ANTES update: Rect: (362, 351), Hitbox: (365, 354)
2025-05-18 02:57:54,663 - DEBUG - [Enemigo_2] Target (Jugador): (400, 301), Dist: 66.73, dx_obj: 22.00, dy_obj: -63.00
2025-05-18 02:57:54,663 - DEBUG - [Enemigo_2] Movimiento calculado: mov_x=0.49, mov_y=-1.42
2025-05-18 02:57:54,664 - DEBUG - [Enemigo_2] Pos DESPUÉS update: Rect: (362, 350), Hitbox: (365, 353)
2025-05-18 02:57:54,664 - DEBUG - --- Fin Update Enemigo_2 ---
2025-05-18 02:57:54,664 - DEBUG - --- Inicio Update Enemigo_3 ---
2025-05-18 02:57:54,664 - DEBUG - [Enemigo_3] Pos ANTES update: Rect: (304, 332), Hitbox: (307, 335)
2025-05-18 02:57:54,664 - DEBUG - [Enemigo_3] Target (Jugador): (400, 301), Dist: 91.30, dx_obj: 80.00, dy_obj: -44.00
2025-05-18 02:57:54,664 - DEBUG - [Enemigo_3] Movimiento calculado: mov_x=1.31, mov_y=-0.72
2025-05-18 02:57:54,665 - DEBUG - [Enemigo_3] Pos DESPUÉS update: Rect: (305, 331), Hitbox: (308, 334)
2025-05-18 02:57:54,665 - DEBUG - --- Fin Update Enemigo_3 ---
2025-05-18 02:57:54,665 - DEBUG - --- Inicio Update Enemigo_4 ---
2025-05-18 02:57:54,665 - DEBUG - [Enemigo_4] Pos ANTES update: Rect: (352, 380), Hitbox: (355, 383)
2025-05-18 02:57:54,665 - DEBUG - [Enemigo_4] Target (Jugador): (400, 301), Dist: 97.41, dx_obj: 32.00, dy_obj: -92.00
2025-05-18 02:57:54,665 - DEBUG - [Enemigo_4] Movimiento calculado: mov_x=0.49, mov_y=-1.42
2025-05-18 02:57:54,666 - DEBUG - [Enemigo_4] Pos DESPUÉS update: Rect: (352, 379), Hitbox: (355, 382)
2025-05-18 02:57:54,666 - DEBUG - --- Fin Update Enemigo_4 ---
2025-05-18 02:57:54,666 - DEBUG - --- Inicio Update Enemigo_5 ---
2025-05-18 02:57:54,666 - DEBUG - [Enemigo_5] Pos ANTES update: Rect: (397, 269), Hitbox: (400, 272)
2025-05-18 02:57:54,666 - DEBUG - [Enemigo_5] Target (Jugador): (400, 301), Dist: 23.02, dx_obj: -13.00, dy_obj: 19.00
2025-05-18 02:57:54,667 - DEBUG - [Enemigo_5] Movimiento calculado: mov_x=-0.85, mov_y=1.24
2025-05-18 02:57:54,667 - DEBUG - [Enemigo_5] Pos DESPUÉS update: Rect: (396, 270), Hitbox: (399, 273)
2025-05-18 02:57:54,667 - DEBUG - --- Fin Update Enemigo_5 ---
2025-05-18 02:57:54,667 - DEBUG - --- Inicio Update Enemigo_6 ---
2025-05-18 02:57:54,667 - DEBUG - [Enemigo_6] Pos ANTES update: Rect: (364, 295), Hitbox: (367, 298)
2025-05-18 02:57:54,667 - DEBUG - [Enemigo_6] Target (Jugador): (400, 301), Dist: 21.19, dx_obj: 20.00, dy_obj: -7.00
2025-05-18 02:57:54,667 - DEBUG - [Enemigo_6] Movimiento calculado: mov_x=0.00, mov_y=0.00
2025-05-18 02:57:54,668 - DEBUG - [Enemigo_6] Pos DESPUÉS update: Rect: (364, 295), Hitbox: (367, 298)
2025-05-18 02:57:54,668 - DEBUG - --- Fin Update Enemigo_6 ---
2025-05-18 02:57:54,676 - DEBUG - --- Inicio Update Enemigo_0 ---
2025-05-18 02:57:54,677 - DEBUG - [Enemigo_0] Pos ANTES update: Rect: (328, 300), Hitbox: (331, 303)
2025-05-18 02:57:54,677 - DEBUG - [Enemigo_0] Target (Jugador): (400, 301), Dist: 57.27, dx_obj: 56.00, dy_obj: -12.00
2025-05-18 02:57:54,677 - DEBUG - [Enemigo_0] Movimiento calculado: mov_x=1.47, mov_y=-0.31
2025-05-18 02:57:54,678 - DEBUG - [Enemigo_0] Pos DESPUÉS update: Rect: (329, 300), Hitbox: (332, 303)
2025-05-18 02:57:54,678 - DEBUG - --- Fin Update Enemigo_0 ---
2025-05-18 02:57:54,678 - DEBUG - --- Inicio Update Enemigo_1 ---
2025-05-18 02:57:54,678 - DEBUG - [Enemigo_1] Pos ANTES update: Rect: (432, 260), Hitbox: (435, 263)
2025-05-18 02:57:54,678 - DEBUG - [Enemigo_1] Target (Jugador): (400, 301), Dist: 55.57, dx_obj: -48.00, dy_obj: 28.00
2025-05-18 02:57:54,679 - DEBUG - [Enemigo_1] Movimiento calculado: mov_x=-1.30, mov_y=0.76
2025-05-18 02:57:54,679 - DEBUG - [Enemigo_1] Pos DESPUÉS update: Rect: (431, 261), Hitbox: (434, 264)
2025-05-18 02:57:54,679 - DEBUG - --- Fin Update Enemigo_1 ---
2025-05-18 02:57:54,679 - DEBUG - --- Inicio Update Enemigo_2 ---
2025-05-18 02:57:54,679 - DEBUG - [Enemigo_2] Pos ANTES update: Rect: (362, 350), Hitbox: (365, 353)
2025-05-18 02:57:54,679 - DEBUG - [Enemigo_2] Target (Jugador): (400, 301), Dist: 65.79, dx_obj: 22.00, dy_obj: -62.00
2025-05-18 02:57:54,679 - DEBUG - [Enemigo_2] Movimiento calculado: mov_x=0.50, mov_y=-1.41
2025-05-18 02:57:54,680 - DEBUG - [Enemigo_2] Pos DESPUÉS update: Rect: (363, 349), Hitbox: (366, 352)
2025-05-18 02:57:54,680 - DEBUG - --- Fin Update Enemigo_2 ---
2025-05-18 02:57:54,680 - DEBUG - --- Inicio Update Enemigo_3 ---
2025-05-18 02:57:54,680 - DEBUG - [Enemigo_3] Pos ANTES update: Rect: (305, 331), Hitbox: (308, 334)
2025-05-18 02:57:54,680 - DEBUG - [Enemigo_3] Target (Jugador): (400, 301), Dist: 89.94, dx_obj: 79.00, dy_obj: -43.00
2025-05-18 02:57:54,680 - DEBUG - [Enemigo_3] Movimiento calculado: mov_x=1.32, mov_y=-0.72
2025-05-18 02:57:54,680 - DEBUG - [Enemigo_3] Pos DESPUÉS update: Rect: (306, 330), Hitbox: (309, 333)
2025-05-18 02:57:54,681 - DEBUG - --- Fin Update Enemigo_3 ---
2025-05-18 02:57:54,681 - DEBUG - --- Inicio Update Enemigo_4 ---
2025-05-18 02:57:54,681 - DEBUG - [Enemigo_4] Pos ANTES update: Rect: (352, 379), Hitbox: (355, 382)
2025-05-18 02:57:54,681 - DEBUG - [Enemigo_4] Target (Jugador): (400, 301), Dist: 96.46, dx_obj: 32.00, dy_obj: -91.00
2025-05-18 02:57:54,681 - DEBUG - [Enemigo_4] Movimiento calculado: mov_x=0.50, mov_y=-1.42
2025-05-18 02:57:54,681 - DEBUG - [Enemigo_4] Pos DESPUÉS update: Rect: (352, 378), Hitbox: (355, 381)
2025-05-18 02:57:54,681 - DEBUG - --- Fin Update Enemigo_4 ---
2025-05-18 02:57:54,682 - DEBUG - --- Inicio Update Enemigo_5 ---
2025-05-18 02:57:54,682 - DEBUG - [Enemigo_5] Pos ANTES update: Rect: (396, 270), Hitbox: (399, 273)
2025-05-18 02:57:54,682 - DEBUG - [Enemigo_5] Target (Jugador): (400, 301), Dist: 21.63, dx_obj: -12.00, dy_obj: 18.00
2025-05-18 02:57:54,682 - DEBUG - [Enemigo_5] Movimiento calculado: mov_x=0.00, mov_y=0.00
2025-05-18 02:57:54,682 - DEBUG - [Enemigo_5] Pos DESPUÉS update: Rect: (396, 270), Hitbox: (399, 273)
2025-05-18 02:57:54,682 - DEBUG - --- Fin Update Enemigo_5 ---
2025-05-18 02:57:54,683 - DEBUG - --- Inicio Update Enemigo_6 ---
2025-05-18 02:57:54,683 - DEBUG - [Enemigo_6] Pos ANTES update: Rect: (364, 295), Hitbox: (367, 298)
2025-05-18 02:57:54,683 - DEBUG - [Enemigo_6] Target (Jugador): (400, 301), Dist: 21.19, dx_obj: 20.00, dy_obj: -7.00
2025-05-18 02:57:54,683 - DEBUG - [Enemigo_6] Movimiento calculado: mov_x=0.00, mov_y=0.00
2025-05-18 02:57:54,683 - DEBUG - [Enemigo_6] Pos DESPUÉS update: Rect: (364, 295), Hitbox: (367, 298)
2025-05-18 02:57:54,683 - DEBUG - --- Fin Update Enemigo_6 ---
2025-05-18 02:57:54,694 - DEBUG - --- Inicio Update Enemigo_0 ---
2025-05-18 02:57:54,694 - DEBUG - [Enemigo_0] Pos ANTES update: Rect: (329, 300), Hitbox: (332, 303)
2025-05-18 02:57:54,694 - DEBUG - [Enemigo_0] Target (Jugador): (400, 301), Dist: 56.29, dx_obj: 55.00, dy_obj: -12.00
2025-05-18 02:57:54,694 - DEBUG - [Enemigo_0] Movimiento calculado: mov_x=1.47, mov_y=-0.32
2025-05-18 02:57:54,695 - DEBUG - [Enemigo_0] Pos DESPUÉS update: Rect: (330, 300), Hitbox: (333, 303)
2025-05-18 02:57:54,695 - DEBUG - --- Fin Update Enemigo_0 ---
2025-05-18 02:57:54,695 - DEBUG - --- Inicio Update Enemigo_1 ---
2025-05-18 02:57:54,695 - DEBUG - [Enemigo_1] Pos ANTES update: Rect: (431, 261), Hitbox: (434, 264)
2025-05-18 02:57:54,695 - DEBUG - [Enemigo_1] Target (Jugador): (400, 301), Dist: 54.20, dx_obj: -47.00, dy_obj: 27.00
2025-05-18 02:57:54,696 - DEBUG - [Enemigo_1] Movimiento calculado: mov_x=-1.30, mov_y=0.75
2025-05-18 02:57:54,696 - DEBUG - [Enemigo_1] Pos DESPUÉS update: Rect: (430, 262), Hitbox: (433, 265)
2025-05-18 02:57:54,696 - DEBUG - --- Fin Update Enemigo_1 ---
2025-05-18 02:57:54,696 - DEBUG - --- Inicio Update Enemigo_2 ---
2025-05-18 02:57:54,696 - DEBUG - [Enemigo_2] Pos ANTES update: Rect: (363, 349), Hitbox: (366, 352)
2025-05-18 02:57:54,696 - DEBUG - [Enemigo_2] Target (Jugador): (400, 301), Dist: 64.51, dx_obj: 21.00, dy_obj: -61.00
2025-05-18 02:57:54,697 - DEBUG - [Enemigo_2] Movimiento calculado: mov_x=0.49, mov_y=-1.42
2025-05-18 02:57:54,697 - DEBUG - [Enemigo_2] Pos DESPUÉS update: Rect: (363, 348), Hitbox: (366, 351)
2025-05-18 02:57:54,697 - DEBUG - --- Fin Update Enemigo_2 ---
2025-05-18 02:57:54,697 - DEBUG - --- Inicio Update Enemigo_3 ---
2025-05-18 02:57:54,697 - DEBUG - [Enemigo_3] Pos ANTES update: Rect: (306, 330), Hitbox: (309, 333)
2025-05-18 02:57:54,698 - DEBUG - [Enemigo_3] Target (Jugador): (400, 301), Dist: 88.59, dx_obj: 78.00, dy_obj: -42.00
2025-05-18 02:57:54,698 - DEBUG - [Enemigo_3] Movimiento calculado: mov_x=1.32, mov_y=-0.71
2025-05-18 02:57:54,698 - DEBUG - [Enemigo_3] Pos DESPUÉS update: Rect: (307, 329), Hitbox: (310, 332)
2025-05-18 02:57:54,698 - DEBUG - --- Fin Update Enemigo_3 ---
2025-05-18 02:57:54,698 - DEBUG - --- Inicio Update Enemigo_4 ---
2025-05-18 02:57:54,698 - DEBUG - [Enemigo_4] Pos ANTES update: Rect: (352, 378), Hitbox: (355, 381)
2025-05-18 02:57:54,699 - DEBUG - [Enemigo_4] Target (Jugador): (400, 301), Dist: 95.52, dx_obj: 32.00, dy_obj: -90.00
2025-05-18 02:57:54,699 - DEBUG - [Enemigo_4] Movimiento calculado: mov_x=0.50, mov_y=-1.41
2025-05-18 02:57:54,699 - DEBUG - [Enemigo_4] Pos DESPUÉS update: Rect: (353, 377), Hitbox: (356, 380)
2025-05-18 02:57:54,699 - DEBUG - --- Fin Update Enemigo_4 ---
2025-05-18 02:57:54,699 - DEBUG - --- Inicio Update Enemigo_5 ---
2025-05-18 02:57:54,699 - DEBUG - [Enemigo_5] Pos ANTES update: Rect: (396, 270), Hitbox: (399, 273)
2025-05-18 02:57:54,700 - DEBUG - [Enemigo_5] Target (Jugador): (400, 301), Dist: 21.63, dx_obj: -12.00, dy_obj: 18.00
2025-05-18 02:57:54,700 - DEBUG - [Enemigo_5] Movimiento calculado: mov_x=0.00, mov_y=0.00
2025-05-18 02:57:54,700 - DEBUG - [Enemigo_5] Pos DESPUÉS update: Rect: (396, 270), Hitbox: (399, 273)
2025-05-18 02:57:54,700 - DEBUG - --- Fin Update Enemigo_5 ---
2025-05-18 02:57:54,700 - DEBUG - --- Inicio Update Enemigo_6 ---
2025-05-18 02:57:54,700 - DEBUG - [Enemigo_6] Pos ANTES update: Rect: (364, 295), Hitbox: (367, 298)
2025-05-18 02:57:54,701 - DEBUG - [Enemigo_6] Target (Jugador): (400, 301), Dist: 21.19, dx_obj: 20.00, dy_obj: -7.00
2025-05-18 02:57:54,701 - DEBUG - [Enemigo_6] Movimiento calculado: mov_x=0.00, mov_y=0.00
2025-05-18 02:57:54,701 - DEBUG - [Enemigo_6] Pos DESPUÉS update: Rect: (364, 295), Hitbox: (367, 298)
2025-05-18 02:57:54,701 - DEBUG - --- Fin Update Enemigo_6 ---
2025-05-18 02:57:54,711 - DEBUG - --- Inicio Update Enemigo_0 ---
2025-05-18 02:57:54,711 - DEBUG - [Enemigo_0] Pos ANTES update: Rect: (330, 300), Hitbox: (333, 303)
2025-05-18 02:57:54,711 - DEBUG - [Enemigo_0] Target (Jugador): (400, 301), Dist: 55.32, dx_obj: 54.00, dy_obj: -12.00
2025-05-18 02:57:54,711 - DEBUG - [Enemigo_0] Movimiento calculado: mov_x=1.46, mov_y=-0.33
2025-05-18 02:57:54,711 - DEBUG - [Enemigo_0] Pos DESPUÉS update: Rect: (331, 300), Hitbox: (334, 303)
2025-05-18 02:57:54,712 - DEBUG - --- Fin Update Enemigo_0 ---
2025-05-18 02:57:54,712 - DEBUG - --- Inicio Update Enemigo_1 ---
2025-05-18 02:57:54,712 - DEBUG - [Enemigo_1] Pos ANTES update: Rect: (430, 262), Hitbox: (433, 265)
2025-05-18 02:57:54,712 - DEBUG - [Enemigo_1] Target (Jugador): (400, 301), Dist: 52.84, dx_obj: -46.00, dy_obj: 26.00
2025-05-18 02:57:54,712 - DEBUG - [Enemigo_1] Movimiento calculado: mov_x=-1.31, mov_y=0.74
2025-05-18 02:57:54,712 - DEBUG - [Enemigo_1] Pos DESPUÉS update: Rect: (429, 263), Hitbox: (432, 266)
2025-05-18 02:57:54,713 - DEBUG - --- Fin Update Enemigo_1 ---
2025-05-18 02:57:54,713 - DEBUG - --- Inicio Update Enemigo_2 ---
2025-05-18 02:57:54,713 - DEBUG - [Enemigo_2] Pos ANTES update: Rect: (363, 348), Hitbox: (366, 351)
2025-05-18 02:57:54,713 - DEBUG - [Enemigo_2] Target (Jugador): (400, 301), Dist: 63.57, dx_obj: 21.00, dy_obj: -60.00
2025-05-18 02:57:54,713 - DEBUG - [Enemigo_2] Movimiento calculado: mov_x=0.50, mov_y=-1.42
2025-05-18 02:57:54,713 - DEBUG - [Enemigo_2] Pos DESPUÉS update: Rect: (363, 347), Hitbox: (366, 350)
2025-05-18 02:57:54,713 - DEBUG - --- Fin Update Enemigo_2 ---
2025-05-18 02:57:54,714 - DEBUG - --- Inicio Update Enemigo_3 ---
2025-05-18 02:57:54,714 - DEBUG - [Enemigo_3] Pos ANTES update: Rect: (307, 329), Hitbox: (310, 332)
2025-05-18 02:57:54,714 - DEBUG - [Enemigo_3] Target (Jugador): (400, 301), Dist: 87.24, dx_obj: 77.00, dy_obj: -41.00
2025-05-18 02:57:54,714 - DEBUG - [Enemigo_3] Movimiento calculado: mov_x=1.32, mov_y=-0.70
2025-05-18 02:57:54,714 - DEBUG - [Enemigo_3] Pos DESPUÉS update: Rect: (308, 328), Hitbox: (311, 331)
2025-05-18 02:57:54,715 - DEBUG - --- Fin Update Enemigo_3 ---
2025-05-18 02:57:54,715 - DEBUG - --- Inicio Update Enemigo_4 ---
2025-05-18 02:57:54,715 - DEBUG - [Enemigo_4] Pos ANTES update: Rect: (353, 377), Hitbox: (356, 380)
2025-05-18 02:57:54,715 - DEBUG - [Enemigo_4] Target (Jugador): (400, 301), Dist: 94.24, dx_obj: 31.00, dy_obj: -89.00
2025-05-18 02:57:54,715 - DEBUG - [Enemigo_4] Movimiento calculado: mov_x=0.49, mov_y=-1.42
2025-05-18 02:57:54,715 - DEBUG - [Enemigo_4] Pos DESPUÉS update: Rect: (353, 376), Hitbox: (356, 379)
2025-05-18 02:57:54,715 - DEBUG - --- Fin Update Enemigo_4 ---
2025-05-18 02:57:54,715 - DEBUG - --- Inicio Update Enemigo_5 ---
2025-05-18 02:57:54,716 - DEBUG - [Enemigo_5] Pos ANTES update: Rect: (396, 270), Hitbox: (399, 273)
2025-05-18 02:57:54,716 - DEBUG - [Enemigo_5] Target (Jugador): (400, 301), Dist: 21.63, dx_obj: -12.00, dy_obj: 18.00
2025-05-18 02:57:54,716 - DEBUG - [Enemigo_5] Movimiento calculado: mov_x=0.00, mov_y=0.00
2025-05-18 02:57:54,716 - DEBUG - [Enemigo_5] Pos DESPUÉS update: Rect: (396, 270), Hitbox: (399, 273)
2025-05-18 02:57:54,716 - DEBUG - --- Fin Update Enemigo_5 ---
2025-05-18 02:57:54,716 - DEBUG - --- Inicio Update Enemigo_6 ---
2025-05-18 02:57:54,716 - DEBUG - [Enemigo_6] Pos ANTES update: Rect: (364, 295), Hitbox: (367, 298)
2025-05-18 02:57:54,717 - DEBUG - [Enemigo_6] Target (Jugador): (400, 301), Dist: 21.19, dx_obj: 20.00, dy_obj: -7.00
2025-05-18 02:57:54,717 - DEBUG - [Enemigo_6] Movimiento calculado: mov_x=0.00, mov_y=0.00
2025-05-18 02:57:54,717 - DEBUG - [Enemigo_6] Pos DESPUÉS update: Rect: (364, 295), Hitbox: (367, 298)
2025-05-18 02:57:54,717 - DEBUG - --- Fin Update Enemigo_6 ---
2025-05-18 02:57:54,728 - DEBUG - --- Inicio Update Enemigo_0 ---
2025-05-18 02:57:54,728 - DEBUG - [Enemigo_0] Pos ANTES update: Rect: (331, 300), Hitbox: (334, 303)
2025-05-18 02:57:54,728 - DEBUG - [Enemigo_0] Target (Jugador): (400, 301), Dist: 54.34, dx_obj: 53.00, dy_obj: -12.00
2025-05-18 02:57:54,729 - DEBUG - [Enemigo_0] Movimiento calculado: mov_x=1.46, mov_y=-0.33
2025-05-18 02:57:54,729 - DEBUG - [Enemigo_0] Pos DESPUÉS update: Rect: (332, 300), Hitbox: (335, 303)
2025-05-18 02:57:54,729 - DEBUG - --- Fin Update Enemigo_0 ---
2025-05-18 02:57:54,729 - DEBUG - --- Inicio Update Enemigo_1 ---
2025-05-18 02:57:54,729 - DEBUG - [Enemigo_1] Pos ANTES update: Rect: (429, 263), Hitbox: (432, 266)
2025-05-18 02:57:54,730 - DEBUG - [Enemigo_1] Target (Jugador): (400, 301), Dist: 51.48, dx_obj: -45.00, dy_obj: 25.00
2025-05-18 02:57:54,730 - DEBUG - [Enemigo_1] Movimiento calculado: mov_x=-1.31, mov_y=0.73
2025-05-18 02:57:54,730 - DEBUG - [Enemigo_1] Pos DESPUÉS update: Rect: (428, 264), Hitbox: (431, 267)
2025-05-18 02:57:54,730 - DEBUG - --- Fin Update Enemigo_1 ---
2025-05-18 02:57:54,730 - DEBUG - --- Inicio Update Enemigo_2 ---
2025-05-18 02:57:54,731 - DEBUG - [Enemigo_2] Pos ANTES update: Rect: (363, 347), Hitbox: (366, 350)
2025-05-18 02:57:54,731 - DEBUG - [Enemigo_2] Target (Jugador): (400, 301), Dist: 62.63, dx_obj: 21.00, dy_obj: -59.00
2025-05-18 02:57:54,731 - DEBUG - [Enemigo_2] Movimiento calculado: mov_x=0.50, mov_y=-1.41
2025-05-18 02:57:54,731 - DEBUG - [Enemigo_2] Pos DESPUÉS update: Rect: (364, 346), Hitbox: (367, 349)
2025-05-18 02:57:54,731 - DEBUG - --- Fin Update Enemigo_2 ---
2025-05-18 02:57:54,732 - DEBUG - --- Inicio Update Enemigo_3 ---
2025-05-18 02:57:54,732 - DEBUG - [Enemigo_3] Pos ANTES update: Rect: (308, 328), Hitbox: (311, 331)
2025-05-18 02:57:54,732 - DEBUG - [Enemigo_3] Target (Jugador): (400, 301), Dist: 85.88, dx_obj: 76.00, dy_obj: -40.00
2025-05-18 02:57:54,732 - DEBUG - [Enemigo_3] Movimiento calculado: mov_x=1.33, mov_y=-0.70
2025-05-18 02:57:54,732 - DEBUG - [Enemigo_3] Pos DESPUÉS update: Rect: (309, 327), Hitbox: (312, 330)
2025-05-18 02:57:54,732 - DEBUG - --- Fin Update Enemigo_3 ---
2025-05-18 02:57:54,733 - DEBUG - --- Inicio Update Enemigo_4 ---
2025-05-18 02:57:54,733 - DEBUG - [Enemigo_4] Pos ANTES update: Rect: (353, 376), Hitbox: (356, 379)
2025-05-18 02:57:54,733 - DEBUG - [Enemigo_4] Target (Jugador): (400, 301), Dist: 93.30, dx_obj: 31.00, dy_obj: -88.00
2025-05-18 02:57:54,733 - DEBUG - [Enemigo_4] Movimiento calculado: mov_x=0.50, mov_y=-1.41
2025-05-18 02:57:54,733 - DEBUG - [Enemigo_4] Pos DESPUÉS update: Rect: (353, 375), Hitbox: (356, 378)
2025-05-18 02:57:54,733 - DEBUG - --- Fin Update Enemigo_4 ---
2025-05-18 02:57:54,733 - DEBUG - --- Inicio Update Enemigo_5 ---
2025-05-18 02:57:54,734 - DEBUG - [Enemigo_5] Pos ANTES update: Rect: (396, 270), Hitbox: (399, 273)
2025-05-18 02:57:54,734 - DEBUG - [Enemigo_5] Target (Jugador): (400, 301), Dist: 21.63, dx_obj: -12.00, dy_obj: 18.00
2025-05-18 02:57:54,734 - DEBUG - [Enemigo_5] Movimiento calculado: mov_x=0.00, mov_y=0.00
2025-05-18 02:57:54,734 - DEBUG - [Enemigo_5] Pos DESPUÉS update: Rect: (396, 270), Hitbox: (399, 273)
2025-05-18 02:57:54,734 - DEBUG - --- Fin Update Enemigo_5 ---
2025-05-18 02:57:54,734 - DEBUG - --- Inicio Update Enemigo_6 ---
2025-05-18 02:57:54,734 - DEBUG - [Enemigo_6] Pos ANTES update: Rect: (364, 295), Hitbox: (367, 298)
2025-05-18 02:57:54,735 - DEBUG - [Enemigo_6] Target (Jugador): (400, 301), Dist: 21.19, dx_obj: 20.00, dy_obj: -7.00
2025-05-18 02:57:54,735 - DEBUG - [Enemigo_6] Movimiento calculado: mov_x=0.00, mov_y=0.00
2025-05-18 02:57:54,735 - DEBUG - [Enemigo_6] Pos DESPUÉS update: Rect: (364, 295), Hitbox: (367, 298)
2025-05-18 02:57:54,735 - DEBUG - --- Fin Update Enemigo_6 ---
2025-05-18 02:57:54,744 - DEBUG - --- Inicio Update Enemigo_0 ---
2025-05-18 02:57:54,745 - DEBUG - [Enemigo_0] Pos ANTES update: Rect: (332, 300), Hitbox: (335, 303)
2025-05-18 02:57:54,745 - DEBUG - [Enemigo_0] Target (Jugador): (400, 301), Dist: 53.37, dx_obj: 52.00, dy_obj: -12.00
2025-05-18 02:57:54,745 - DEBUG - [Enemigo_0] Movimiento calculado: mov_x=1.46, mov_y=-0.34
2025-05-18 02:57:54,745 - DEBUG - [Enemigo_0] Pos DESPUÉS update: Rect: (333, 300), Hitbox: (336, 303)
2025-05-18 02:57:54,745 - DEBUG - --- Fin Update Enemigo_0 ---
2025-05-18 02:57:54,746 - DEBUG - --- Inicio Update Enemigo_1 ---
2025-05-18 02:57:54,746 - DEBUG - [Enemigo_1] Pos ANTES update: Rect: (428, 264), Hitbox: (431, 267)
2025-05-18 02:57:54,746 - DEBUG - [Enemigo_1] Target (Jugador): (400, 301), Dist: 50.12, dx_obj: -44.00, dy_obj: 24.00
2025-05-18 02:57:54,746 - DEBUG - [Enemigo_1] Movimiento calculado: mov_x=-1.32, mov_y=0.72
2025-05-18 02:57:54,746 - DEBUG - [Enemigo_1] Pos DESPUÉS update: Rect: (427, 265), Hitbox: (430, 268)
2025-05-18 02:57:54,746 - DEBUG - --- Fin Update Enemigo_1 ---
2025-05-18 02:57:54,747 - DEBUG - --- Inicio Update Enemigo_2 ---
2025-05-18 02:57:54,747 - DEBUG - [Enemigo_2] Pos ANTES update: Rect: (364, 346), Hitbox: (367, 349)
2025-05-18 02:57:54,747 - DEBUG - [Enemigo_2] Target (Jugador): (400, 301), Dist: 61.35, dx_obj: 20.00, dy_obj: -58.00
2025-05-18 02:57:54,747 - DEBUG - [Enemigo_2] Movimiento calculado: mov_x=0.49, mov_y=-1.42
2025-05-18 02:57:54,747 - DEBUG - [Enemigo_2] Pos DESPUÉS update: Rect: (364, 345), Hitbox: (367, 348)
2025-05-18 02:57:54,747 - DEBUG - --- Fin Update Enemigo_2 ---
2025-05-18 02:57:54,748 - DEBUG - --- Inicio Update Enemigo_3 ---
2025-05-18 02:57:54,748 - DEBUG - [Enemigo_3] Pos ANTES update: Rect: (309, 327), Hitbox: (312, 330)
2025-05-18 02:57:54,748 - DEBUG - [Enemigo_3] Target (Jugador): (400, 301), Dist: 84.53, dx_obj: 75.00, dy_obj: -39.00
2025-05-18 02:57:54,748 - DEBUG - [Enemigo_3] Movimiento calculado: mov_x=1.33, mov_y=-0.69
2025-05-18 02:57:54,748 - DEBUG - [Enemigo_3] Pos DESPUÉS update: Rect: (310, 326), Hitbox: (313, 329)
2025-05-18 02:57:54,748 - DEBUG - --- Fin Update Enemigo_3 ---
2025-05-18 02:57:54,748 - DEBUG - --- Inicio Update Enemigo_4 ---
2025-05-18 02:57:54,749 - DEBUG - [Enemigo_4] Pos ANTES update: Rect: (353, 375), Hitbox: (356, 378)
2025-05-18 02:57:54,749 - DEBUG - [Enemigo_4] Target (Jugador): (400, 301), Dist: 92.36, dx_obj: 31.00, dy_obj: -87.00
2025-05-18 02:57:54,749 - DEBUG - [Enemigo_4] Movimiento calculado: mov_x=0.50, mov_y=-1.41
2025-05-18 02:57:54,749 - DEBUG - [Enemigo_4] Pos DESPUÉS update: Rect: (354, 374), Hitbox: (357, 377)
2025-05-18 02:57:54,749 - DEBUG - --- Fin Update Enemigo_4 ---
2025-05-18 02:57:54,749 - DEBUG - --- Inicio Update Enemigo_5 ---
2025-05-18 02:57:54,749 - DEBUG - [Enemigo_5] Pos ANTES update: Rect: (396, 270), Hitbox: (399, 273)
2025-05-18 02:57:54,750 - DEBUG - [Enemigo_5] Target (Jugador): (400, 301), Dist: 21.63, dx_obj: -12.00, dy_obj: 18.00
2025-05-18 02:57:54,750 - DEBUG - [Enemigo_5] Movimiento calculado: mov_x=0.00, mov_y=0.00
2025-05-18 02:57:54,750 - DEBUG - [Enemigo_5] Pos DESPUÉS update: Rect: (396, 270), Hitbox: (399, 273)
2025-05-18 02:57:54,750 - DEBUG - --- Fin Update Enemigo_5 ---
2025-05-18 02:57:54,750 - DEBUG - --- Inicio Update Enemigo_6 ---
2025-05-18 02:57:54,750 - DEBUG - [Enemigo_6] Pos ANTES update: Rect: (364, 295), Hitbox: (367, 298)
2025-05-18 02:57:54,751 - DEBUG - [Enemigo_6] Target (Jugador): (400, 301), Dist: 21.19, dx_obj: 20.00, dy_obj: -7.00
2025-05-18 02:57:54,751 - DEBUG - [Enemigo_6] Movimiento calculado: mov_x=0.00, mov_y=0.00
2025-05-18 02:57:54,751 - DEBUG - [Enemigo_6] Pos DESPUÉS update: Rect: (364, 295), Hitbox: (367, 298)
2025-05-18 02:57:54,751 - DEBUG - --- Fin Update Enemigo_6 ---
2025-05-18 02:57:54,761 - DEBUG - --- Inicio Update Enemigo_0 ---
2025-05-18 02:57:54,761 - DEBUG - [Enemigo_0] Pos ANTES update: Rect: (333, 300), Hitbox: (336, 303)
2025-05-18 02:57:54,762 - DEBUG - [Enemigo_0] Target (Jugador): (400, 301), Dist: 52.39, dx_obj: 51.00, dy_obj: -12.00
2025-05-18 02:57:54,762 - DEBUG - [Enemigo_0] Movimiento calculado: mov_x=1.46, mov_y=-0.34
2025-05-18 02:57:54,762 - DEBUG - [Enemigo_0] Pos DESPUÉS update: Rect: (334, 300), Hitbox: (337, 303)
2025-05-18 02:57:54,762 - DEBUG - --- Fin Update Enemigo_0 ---
2025-05-18 02:57:54,763 - DEBUG - --- Inicio Update Enemigo_1 ---
2025-05-18 02:57:54,763 - DEBUG - [Enemigo_1] Pos ANTES update: Rect: (427, 265), Hitbox: (430, 268)
2025-05-18 02:57:54,763 - DEBUG - [Enemigo_1] Target (Jugador): (400, 301), Dist: 48.76, dx_obj: -43.00, dy_obj: 23.00
2025-05-18 02:57:54,763 - DEBUG - [Enemigo_1] Movimiento calculado: mov_x=-1.32, mov_y=0.71
2025-05-18 02:57:54,763 - DEBUG - [Enemigo_1] Pos DESPUÉS update: Rect: (426, 266), Hitbox: (429, 269)
2025-05-18 02:57:54,764 - DEBUG - --- Fin Update Enemigo_1 ---
2025-05-18 02:57:54,764 - DEBUG - --- Inicio Update Enemigo_2 ---
2025-05-18 02:57:54,764 - DEBUG - [Enemigo_2] Pos ANTES update: Rect: (364, 345), Hitbox: (367, 348)
2025-05-18 02:57:54,764 - DEBUG - [Enemigo_2] Target (Jugador): (400, 301), Dist: 60.41, dx_obj: 20.00, dy_obj: -57.00
2025-05-18 02:57:54,764 - DEBUG - [Enemigo_2] Movimiento calculado: mov_x=0.50, mov_y=-1.42
2025-05-18 02:57:54,764 - DEBUG - [Enemigo_2] Pos DESPUÉS update: Rect: (364, 344), Hitbox: (367, 347)
2025-05-18 02:57:54,764 - DEBUG - --- Fin Update Enemigo_2 ---
2025-05-18 02:57:54,765 - DEBUG - --- Inicio Update Enemigo_3 ---
2025-05-18 02:57:54,765 - DEBUG - [Enemigo_3] Pos ANTES update: Rect: (310, 326), Hitbox: (313, 329)
2025-05-18 02:57:54,765 - DEBUG - [Enemigo_3] Target (Jugador): (400, 301), Dist: 83.19, dx_obj: 74.00, dy_obj: -38.00
2025-05-18 02:57:54,766 - DEBUG - [Enemigo_3] Movimiento calculado: mov_x=1.33, mov_y=-0.69
2025-05-18 02:57:54,766 - DEBUG - [Enemigo_3] Pos DESPUÉS update: Rect: (311, 325), Hitbox: (314, 328)
2025-05-18 02:57:54,766 - DEBUG - --- Fin Update Enemigo_3 ---
2025-05-18 02:57:54,766 - DEBUG - --- Inicio Update Enemigo_4 ---
2025-05-18 02:57:54,766 - DEBUG - [Enemigo_4] Pos ANTES update: Rect: (354, 374), Hitbox: (357, 377)
2025-05-18 02:57:54,766 - DEBUG - [Enemigo_4] Target (Jugador): (400, 301), Dist: 91.08, dx_obj: 30.00, dy_obj: -86.00
2025-05-18 02:57:54,766 - DEBUG - [Enemigo_4] Movimiento calculado: mov_x=0.49, mov_y=-1.42
2025-05-18 02:57:54,767 - DEBUG - [Enemigo_4] Pos DESPUÉS update: Rect: (354, 373), Hitbox: (357, 376)
2025-05-18 02:57:54,767 - DEBUG - --- Fin Update Enemigo_4 ---
2025-05-18 02:57:54,767 - DEBUG - --- Inicio Update Enemigo_5 ---
2025-05-18 02:57:54,767 - DEBUG - [Enemigo_5] Pos ANTES update: Rect: (396, 270), Hitbox: (399, 273)
2025-05-18 02:57:54,767 - DEBUG - [Enemigo_5] Target (Jugador): (400, 301), Dist: 21.63, dx_obj: -12.00, dy_obj: 18.00
2025-05-18 02:57:54,767 - DEBUG - [Enemigo_5] Movimiento calculado: mov_x=0.00, mov_y=0.00
2025-05-18 02:57:54,767 - DEBUG - [Enemigo_5] Pos DESPUÉS update: Rect: (396, 270), Hitbox: (399, 273)
2025-05-18 02:57:54,768 - DEBUG - --- Fin Update Enemigo_5 ---
2025-05-18 02:57:54,768 - DEBUG - --- Inicio Update Enemigo_6 ---
2025-05-18 02:57:54,768 - DEBUG - [Enemigo_6] Pos ANTES update: Rect: (364, 295), Hitbox: (367, 298)
2025-05-18 02:57:54,768 - DEBUG - [Enemigo_6] Target (Jugador): (400, 301), Dist: 21.19, dx_obj: 20.00, dy_obj: -7.00
2025-05-18 02:57:54,768 - DEBUG - [Enemigo_6] Movimiento calculado: mov_x=0.00, mov_y=0.00
2025-05-18 02:57:54,768 - DEBUG - [Enemigo_6] Pos DESPUÉS update: Rect: (364, 295), Hitbox: (367, 298)
2025-05-18 02:57:54,768 - DEBUG - --- Fin Update Enemigo_6 ---
2025-05-18 02:57:54,778 - DEBUG - --- Inicio Update Enemigo_0 ---
2025-05-18 02:57:54,779 - DEBUG - [Enemigo_0] Pos ANTES update: Rect: (334, 300), Hitbox: (337, 303)
2025-05-18 02:57:54,779 - DEBUG - [Enemigo_0] Target (Jugador): (400, 301), Dist: 51.42, dx_obj: 50.00, dy_obj: -12.00
2025-05-18 02:57:54,779 - DEBUG - [Enemigo_0] Movimiento calculado: mov_x=1.46, mov_y=-0.35
2025-05-18 02:57:54,779 - DEBUG - [Enemigo_0] Pos DESPUÉS update: Rect: (335, 300), Hitbox: (338, 303)
2025-05-18 02:57:54,780 - DEBUG - --- Fin Update Enemigo_0 ---
2025-05-18 02:57:54,780 - DEBUG - --- Inicio Update Enemigo_1 ---
2025-05-18 02:57:54,780 - DEBUG - [Enemigo_1] Pos ANTES update: Rect: (426, 266), Hitbox: (429, 269)
2025-05-18 02:57:54,780 - DEBUG - [Enemigo_1] Target (Jugador): (400, 301), Dist: 47.41, dx_obj: -42.00, dy_obj: 22.00
2025-05-18 02:57:54,780 - DEBUG - [Enemigo_1] Movimiento calculado: mov_x=-1.33, mov_y=0.70
2025-05-18 02:57:54,780 - DEBUG - [Enemigo_1] Pos DESPUÉS update: Rect: (425, 267), Hitbox: (428, 270)
2025-05-18 02:57:54,781 - DEBUG - --- Fin Update Enemigo_1 ---
2025-05-18 02:57:54,781 - DEBUG - --- Inicio Update Enemigo_2 ---
2025-05-18 02:57:54,781 - DEBUG - [Enemigo_2] Pos ANTES update: Rect: (364, 344), Hitbox: (367, 347)
2025-05-18 02:57:54,781 - DEBUG - [Enemigo_2] Target (Jugador): (400, 301), Dist: 59.46, dx_obj: 20.00, dy_obj: -56.00
2025-05-18 02:57:54,781 - DEBUG - [Enemigo_2] Movimiento calculado: mov_x=0.50, mov_y=-1.41
2025-05-18 02:57:54,781 - DEBUG - [Enemigo_2] Pos DESPUÉS update: Rect: (365, 343), Hitbox: (368, 346)
2025-05-18 02:57:54,781 - DEBUG - --- Fin Update Enemigo_2 ---
2025-05-18 02:57:54,782 - DEBUG - --- Inicio Update Enemigo_3 ---
2025-05-18 02:57:54,782 - DEBUG - [Enemigo_3] Pos ANTES update: Rect: (311, 325), Hitbox: (314, 328)
2025-05-18 02:57:54,782 - DEBUG - [Enemigo_3] Target (Jugador): (400, 301), Dist: 81.84, dx_obj: 73.00, dy_obj: -37.00
2025-05-18 02:57:54,782 - DEBUG - [Enemigo_3] Movimiento calculado: mov_x=1.34, mov_y=-0.68
2025-05-18 02:57:54,782 - DEBUG - [Enemigo_3] Pos DESPUÉS update: Rect: (312, 324), Hitbox: (315, 327)
2025-05-18 02:57:54,783 - DEBUG - --- Fin Update Enemigo_3 ---
2025-05-18 02:57:54,783 - DEBUG - --- Inicio Update Enemigo_4 ---
2025-05-18 02:57:54,783 - DEBUG - [Enemigo_4] Pos ANTES update: Rect: (354, 373), Hitbox: (357, 376)
2025-05-18 02:57:54,783 - DEBUG - [Enemigo_4] Target (Jugador): (400, 301), Dist: 90.14, dx_obj: 30.00, dy_obj: -85.00
2025-05-18 02:57:54,783 - DEBUG - [Enemigo_4] Movimiento calculado: mov_x=0.50, mov_y=-1.41
2025-05-18 02:57:54,783 - DEBUG - [Enemigo_4] Pos DESPUÉS update: Rect: (354, 372), Hitbox: (357, 375)
2025-05-18 02:57:54,784 - DEBUG - --- Fin Update Enemigo_4 ---
2025-05-18 02:57:54,784 - DEBUG - --- Inicio Update Enemigo_5 ---
2025-05-18 02:57:54,784 - DEBUG - [Enemigo_5] Pos ANTES update: Rect: (396, 270), Hitbox: (399, 273)
2025-05-18 02:57:54,784 - DEBUG - [Enemigo_5] Target (Jugador): (400, 301), Dist: 21.63, dx_obj: -12.00, dy_obj: 18.00
2025-05-18 02:57:54,784 - DEBUG - [Enemigo_5] Movimiento calculado: mov_x=0.00, mov_y=0.00
2025-05-18 02:57:54,785 - DEBUG - [Enemigo_5] Pos DESPUÉS update: Rect: (396, 270), Hitbox: (399, 273)
2025-05-18 02:57:54,785 - DEBUG - --- Fin Update Enemigo_5 ---
2025-05-18 02:57:54,785 - DEBUG - --- Inicio Update Enemigo_6 ---
2025-05-18 02:57:54,785 - DEBUG - [Enemigo_6] Pos ANTES update: Rect: (364, 295), Hitbox: (367, 298)
2025-05-18 02:57:54,785 - DEBUG - [Enemigo_6] Target (Jugador): (400, 301), Dist: 21.19, dx_obj: 20.00, dy_obj: -7.00
2025-05-18 02:57:54,785 - DEBUG - [Enemigo_6] Movimiento calculado: mov_x=0.00, mov_y=0.00
2025-05-18 02:57:54,785 - DEBUG - [Enemigo_6] Pos DESPUÉS update: Rect: (364, 295), Hitbox: (367, 298)
2025-05-18 02:57:54,786 - DEBUG - --- Fin Update Enemigo_6 ---
2025-05-18 02:57:54,795 - DEBUG - --- Inicio Update Enemigo_0 ---
2025-05-18 02:57:54,796 - DEBUG - [Enemigo_0] Pos ANTES update: Rect: (335, 300), Hitbox: (338, 303)
2025-05-18 02:57:54,796 - DEBUG - [Enemigo_0] Target (Jugador): (400, 301), Dist: 50.45, dx_obj: 49.00, dy_obj: -12.00
2025-05-18 02:57:54,797 - DEBUG - [Enemigo_0] Movimiento calculado: mov_x=1.46, mov_y=-0.36
2025-05-18 02:57:54,797 - DEBUG - [Enemigo_0] Pos DESPUÉS update: Rect: (336, 300), Hitbox: (339, 303)
2025-05-18 02:57:54,797 - DEBUG - --- Fin Update Enemigo_0 ---
2025-05-18 02:57:54,797 - DEBUG - --- Inicio Update Enemigo_1 ---
2025-05-18 02:57:54,798 - DEBUG - [Enemigo_1] Pos ANTES update: Rect: (425, 267), Hitbox: (428, 270)
2025-05-18 02:57:54,798 - DEBUG - [Enemigo_1] Target (Jugador): (400, 301), Dist: 46.07, dx_obj: -41.00, dy_obj: 21.00
2025-05-18 02:57:54,798 - DEBUG - [Enemigo_1] Movimiento calculado: mov_x=-1.34, mov_y=0.68
2025-05-18 02:57:54,798 - DEBUG - [Enemigo_1] Pos DESPUÉS update: Rect: (424, 268), Hitbox: (427, 271)
2025-05-18 02:57:54,798 - DEBUG - --- Fin Update Enemigo_1 ---
2025-05-18 02:57:54,798 - DEBUG - --- Inicio Update Enemigo_2 ---
2025-05-18 02:57:54,798 - DEBUG - [Enemigo_2] Pos ANTES update: Rect: (365, 343), Hitbox: (368, 346)
2025-05-18 02:57:54,799 - DEBUG - [Enemigo_2] Target (Jugador): (400, 301), Dist: 58.19, dx_obj: 19.00, dy_obj: -55.00
2025-05-18 02:57:54,799 - DEBUG - [Enemigo_2] Movimiento calculado: mov_x=0.49, mov_y=-1.42
2025-05-18 02:57:54,799 - DEBUG - [Enemigo_2] Pos DESPUÉS update: Rect: (365, 342), Hitbox: (368, 345)
2025-05-18 02:57:54,799 - DEBUG - --- Fin Update Enemigo_2 ---
2025-05-18 02:57:54,799 - DEBUG - --- Inicio Update Enemigo_3 ---
2025-05-18 02:57:54,799 - DEBUG - [Enemigo_3] Pos ANTES update: Rect: (312, 324), Hitbox: (315, 327)
2025-05-18 02:57:54,799 - DEBUG - [Enemigo_3] Target (Jugador): (400, 301), Dist: 80.50, dx_obj: 72.00, dy_obj: -36.00
2025-05-18 02:57:54,800 - DEBUG - [Enemigo_3] Movimiento calculado: mov_x=1.34, mov_y=-0.67
2025-05-18 02:57:54,800 - DEBUG - [Enemigo_3] Pos DESPUÉS update: Rect: (313, 323), Hitbox: (316, 326)
2025-05-18 02:57:54,800 - DEBUG - --- Fin Update Enemigo_3 ---
2025-05-18 02:57:54,800 - DEBUG - --- Inicio Update Enemigo_4 ---
2025-05-18 02:57:54,800 - DEBUG - [Enemigo_4] Pos ANTES update: Rect: (354, 372), Hitbox: (357, 375)
2025-05-18 02:57:54,800 - DEBUG - [Enemigo_4] Target (Jugador): (400, 301), Dist: 89.20, dx_obj: 30.00, dy_obj: -84.00
2025-05-18 02:57:54,800 - DEBUG - [Enemigo_4] Movimiento calculado: mov_x=0.50, mov_y=-1.41
2025-05-18 02:57:54,801 - DEBUG - [Enemigo_4] Pos DESPUÉS update: Rect: (355, 371), Hitbox: (358, 374)
2025-05-18 02:57:54,801 - DEBUG - --- Fin Update Enemigo_4 ---
2025-05-18 02:57:54,801 - DEBUG - --- Inicio Update Enemigo_5 ---
2025-05-18 02:57:54,801 - DEBUG - [Enemigo_5] Pos ANTES update: Rect: (396, 270), Hitbox: (399, 273)
2025-05-18 02:57:54,801 - DEBUG - [Enemigo_5] Target (Jugador): (400, 301), Dist: 21.63, dx_obj: -12.00, dy_obj: 18.00
2025-05-18 02:57:54,802 - DEBUG - [Enemigo_5] Movimiento calculado: mov_x=0.00, mov_y=0.00
2025-05-18 02:57:54,802 - DEBUG - [Enemigo_5] Pos DESPUÉS update: Rect: (396, 270), Hitbox: (399, 273)
2025-05-18 02:57:54,802 - DEBUG - --- Fin Update Enemigo_5 ---
2025-05-18 02:57:54,802 - DEBUG - --- Inicio Update Enemigo_6 ---
2025-05-18 02:57:54,802 - DEBUG - [Enemigo_6] Pos ANTES update: Rect: (364, 295), Hitbox: (367, 298)
2025-05-18 02:57:54,802 - DEBUG - [Enemigo_6] Target (Jugador): (400, 301), Dist: 21.19, dx_obj: 20.00, dy_obj: -7.00
2025-05-18 02:57:54,803 - DEBUG - [Enemigo_6] Movimiento calculado: mov_x=0.00, mov_y=0.00
2025-05-18 02:57:54,803 - DEBUG - [Enemigo_6] Pos DESPUÉS update: Rect: (364, 295), Hitbox: (367, 298)
2025-05-18 02:57:54,803 - DEBUG - --- Fin Update Enemigo_6 ---
2025-05-18 02:57:54,812 - DEBUG - --- Inicio Update Enemigo_0 ---
2025-05-18 02:57:54,812 - DEBUG - [Enemigo_0] Pos ANTES update: Rect: (336, 300), Hitbox: (339, 303)
2025-05-18 02:57:54,813 - DEBUG - [Enemigo_0] Target (Jugador): (400, 301), Dist: 49.48, dx_obj: 48.00, dy_obj: -12.00
2025-05-18 02:57:54,813 - DEBUG - [Enemigo_0] Movimiento calculado: mov_x=1.46, mov_y=-0.36
2025-05-18 02:57:54,813 - DEBUG - [Enemigo_0] Pos DESPUÉS update: Rect: (337, 300), Hitbox: (340, 303)
2025-05-18 02:57:54,813 - DEBUG - --- Fin Update Enemigo_0 ---
2025-05-18 02:57:54,814 - DEBUG - --- Inicio Update Enemigo_1 ---
2025-05-18 02:57:54,814 - DEBUG - [Enemigo_1] Pos ANTES update: Rect: (424, 268), Hitbox: (427, 271)
2025-05-18 02:57:54,814 - DEBUG - [Enemigo_1] Target (Jugador): (400, 301), Dist: 44.72, dx_obj: -40.00, dy_obj: 20.00
2025-05-18 02:57:54,814 - DEBUG - [Enemigo_1] Movimiento calculado: mov_x=-1.34, mov_y=0.67
2025-05-18 02:57:54,814 - DEBUG - [Enemigo_1] Pos DESPUÉS update: Rect: (423, 269), Hitbox: (426, 272)
2025-05-18 02:57:54,814 - DEBUG - --- Fin Update Enemigo_1 ---
2025-05-18 02:57:54,815 - DEBUG - --- Inicio Update Enemigo_2 ---
2025-05-18 02:57:54,815 - DEBUG - [Enemigo_2] Pos ANTES update: Rect: (365, 342), Hitbox: (368, 345)
2025-05-18 02:57:54,815 - DEBUG - [Enemigo_2] Target (Jugador): (400, 301), Dist: 57.25, dx_obj: 19.00, dy_obj: -54.00
2025-05-18 02:57:54,815 - DEBUG - [Enemigo_2] Movimiento calculado: mov_x=0.50, mov_y=-1.41
2025-05-18 02:57:54,815 - DEBUG - [Enemigo_2] Pos DESPUÉS update: Rect: (365, 341), Hitbox: (368, 344)
2025-05-18 02:57:54,815 - DEBUG - --- Fin Update Enemigo_2 ---
2025-05-18 02:57:54,815 - DEBUG - --- Inicio Update Enemigo_3 ---
2025-05-18 02:57:54,815 - DEBUG - [Enemigo_3] Pos ANTES update: Rect: (313, 323), Hitbox: (316, 326)
2025-05-18 02:57:54,816 - DEBUG - [Enemigo_3] Target (Jugador): (400, 301), Dist: 79.16, dx_obj: 71.00, dy_obj: -35.00
2025-05-18 02:57:54,816 - DEBUG - [Enemigo_3] Movimiento calculado: mov_x=1.35, mov_y=-0.66
2025-05-18 02:57:54,816 - DEBUG - [Enemigo_3] Pos DESPUÉS update: Rect: (314, 322), Hitbox: (317, 325)
2025-05-18 02:57:54,816 - DEBUG - --- Fin Update Enemigo_3 ---
2025-05-18 02:57:54,816 - DEBUG - --- Inicio Update Enemigo_4 ---
2025-05-18 02:57:54,816 - DEBUG - [Enemigo_4] Pos ANTES update: Rect: (355, 371), Hitbox: (358, 374)
2025-05-18 02:57:54,817 - DEBUG - [Enemigo_4] Target (Jugador): (400, 301), Dist: 87.92, dx_obj: 29.00, dy_obj: -83.00
2025-05-18 02:57:54,817 - DEBUG - [Enemigo_4] Movimiento calculado: mov_x=0.49, mov_y=-1.42
2025-05-18 02:57:54,817 - DEBUG - [Enemigo_4] Pos DESPUÉS update: Rect: (355, 370), Hitbox: (358, 373)
2025-05-18 02:57:54,817 - DEBUG - --- Fin Update Enemigo_4 ---
2025-05-18 02:57:54,817 - DEBUG - --- Inicio Update Enemigo_5 ---
2025-05-18 02:57:54,817 - DEBUG - [Enemigo_5] Pos ANTES update: Rect: (396, 270), Hitbox: (399, 273)
2025-05-18 02:57:54,818 - DEBUG - [Enemigo_5] Target (Jugador): (400, 301), Dist: 21.63, dx_obj: -12.00, dy_obj: 18.00
2025-05-18 02:57:54,818 - DEBUG - [Enemigo_5] Movimiento calculado: mov_x=0.00, mov_y=0.00
2025-05-18 02:57:54,818 - DEBUG - [Enemigo_5] Pos DESPUÉS update: Rect: (396, 270), Hitbox: (399, 273)
2025-05-18 02:57:54,818 - DEBUG - --- Fin Update Enemigo_5 ---
2025-05-18 02:57:54,818 - DEBUG - --- Inicio Update Enemigo_6 ---
2025-05-18 02:57:54,818 - DEBUG - [Enemigo_6] Pos ANTES update: Rect: (364, 295), Hitbox: (367, 298)
2025-05-18 02:57:54,818 - DEBUG - [Enemigo_6] Target (Jugador): (400, 301), Dist: 21.19, dx_obj: 20.00, dy_obj: -7.00
2025-05-18 02:57:54,819 - DEBUG - [Enemigo_6] Movimiento calculado: mov_x=0.00, mov_y=0.00
2025-05-18 02:57:54,819 - DEBUG - [Enemigo_6] Pos DESPUÉS update: Rect: (364, 295), Hitbox: (367, 298)
2025-05-18 02:57:54,819 - DEBUG - --- Fin Update Enemigo_6 ---
2025-05-18 02:57:54,829 - DEBUG - --- Inicio Update Enemigo_0 ---
2025-05-18 02:57:54,830 - DEBUG - [Enemigo_0] Pos ANTES update: Rect: (337, 300), Hitbox: (340, 303)
2025-05-18 02:57:54,830 - DEBUG - [Enemigo_0] Target (Jugador): (400, 301), Dist: 48.51, dx_obj: 47.00, dy_obj: -12.00
2025-05-18 02:57:54,830 - DEBUG - [Enemigo_0] Movimiento calculado: mov_x=1.45, mov_y=-0.37
2025-05-18 02:57:54,830 - DEBUG - [Enemigo_0] Pos DESPUÉS update: Rect: (338, 300), Hitbox: (341, 303)
2025-05-18 02:57:54,831 - DEBUG - --- Fin Update Enemigo_0 ---
2025-05-18 02:57:54,831 - DEBUG - --- Inicio Update Enemigo_1 ---
2025-05-18 02:57:54,831 - DEBUG - [Enemigo_1] Pos ANTES update: Rect: (423, 269), Hitbox: (426, 272)
2025-05-18 02:57:54,831 - DEBUG - [Enemigo_1] Target (Jugador): (400, 301), Dist: 43.38, dx_obj: -39.00, dy_obj: 19.00
2025-05-18 02:57:54,831 - DEBUG - [Enemigo_1] Movimiento calculado: mov_x=-1.35, mov_y=0.66
2025-05-18 02:57:54,831 - DEBUG - [Enemigo_1] Pos DESPUÉS update: Rect: (422, 270), Hitbox: (425, 273)
2025-05-18 02:57:54,832 - DEBUG - --- Fin Update Enemigo_1 ---
2025-05-18 02:57:54,832 - DEBUG - --- Inicio Update Enemigo_2 ---
2025-05-18 02:57:54,832 - DEBUG - [Enemigo_2] Pos ANTES update: Rect: (365, 341), Hitbox: (368, 344)
2025-05-18 02:57:54,832 - DEBUG - [Enemigo_2] Target (Jugador): (400, 301), Dist: 56.30, dx_obj: 19.00, dy_obj: -53.00
2025-05-18 02:57:54,833 - DEBUG - [Enemigo_2] Movimiento calculado: mov_x=0.51, mov_y=-1.41
2025-05-18 02:57:54,833 - DEBUG - [Enemigo_2] Pos DESPUÉS update: Rect: (366, 340), Hitbox: (369, 343)
2025-05-18 02:57:54,833 - DEBUG - --- Fin Update Enemigo_2 ---
2025-05-18 02:57:54,833 - DEBUG - --- Inicio Update Enemigo_3 ---
2025-05-18 02:57:54,833 - DEBUG - [Enemigo_3] Pos ANTES update: Rect: (314, 322), Hitbox: (317, 325)
2025-05-18 02:57:54,833 - DEBUG - [Enemigo_3] Target (Jugador): (400, 301), Dist: 77.82, dx_obj: 70.00, dy_obj: -34.00
2025-05-18 02:57:54,834 - DEBUG - [Enemigo_3] Movimiento calculado: mov_x=1.35, mov_y=-0.66
2025-05-18 02:57:54,834 - DEBUG - [Enemigo_3] Pos DESPUÉS update: Rect: (315, 321), Hitbox: (318, 324)
2025-05-18 02:57:54,834 - DEBUG - --- Fin Update Enemigo_3 ---
2025-05-18 02:57:54,834 - DEBUG - --- Inicio Update Enemigo_4 ---
2025-05-18 02:57:54,834 - DEBUG - [Enemigo_4] Pos ANTES update: Rect: (355, 370), Hitbox: (358, 373)
2025-05-18 02:57:54,834 - DEBUG - [Enemigo_4] Target (Jugador): (400, 301), Dist: 86.98, dx_obj: 29.00, dy_obj: -82.00
2025-05-18 02:57:54,834 - DEBUG - [Enemigo_4] Movimiento calculado: mov_x=0.50, mov_y=-1.41
2025-05-18 02:57:54,835 - DEBUG - [Enemigo_4] Pos DESPUÉS update: Rect: (356, 369), Hitbox: (359, 372)
2025-05-18 02:57:54,835 - DEBUG - --- Fin Update Enemigo_4 ---
2025-05-18 02:57:54,835 - DEBUG - --- Inicio Update Enemigo_5 ---
2025-05-18 02:57:54,835 - DEBUG - [Enemigo_5] Pos ANTES update: Rect: (396, 270), Hitbox: (399, 273)
2025-05-18 02:57:54,835 - DEBUG - [Enemigo_5] Target (Jugador): (400, 301), Dist: 21.63, dx_obj: -12.00, dy_obj: 18.00
2025-05-18 02:57:54,835 - DEBUG - [Enemigo_5] Movimiento calculado: mov_x=0.00, mov_y=0.00
2025-05-18 02:57:54,836 - DEBUG - [Enemigo_5] Pos DESPUÉS update: Rect: (396, 270), Hitbox: (399, 273)
2025-05-18 02:57:54,836 - DEBUG - --- Fin Update Enemigo_5 ---
2025-05-18 02:57:54,836 - DEBUG - --- Inicio Update Enemigo_6 ---
2025-05-18 02:57:54,836 - DEBUG - [Enemigo_6] Pos ANTES update: Rect: (364, 295), Hitbox: (367, 298)
2025-05-18 02:57:54,836 - DEBUG - [Enemigo_6] Target (Jugador): (400, 301), Dist: 21.19, dx_obj: 20.00, dy_obj: -7.00
2025-05-18 02:57:54,836 - DEBUG - [Enemigo_6] Movimiento calculado: mov_x=0.00, mov_y=0.00
2025-05-18 02:57:54,837 - DEBUG - [Enemigo_6] Pos DESPUÉS update: Rect: (364, 295), Hitbox: (367, 298)
2025-05-18 02:57:54,837 - DEBUG - --- Fin Update Enemigo_6 ---
2025-05-18 02:57:54,846 - DEBUG - --- Inicio Update Enemigo_0 ---
2025-05-18 02:57:54,846 - DEBUG - [Enemigo_0] Pos ANTES update: Rect: (338, 300), Hitbox: (341, 303)
2025-05-18 02:57:54,846 - DEBUG - [Enemigo_0] Target (Jugador): (400, 301), Dist: 47.54, dx_obj: 46.00, dy_obj: -12.00
2025-05-18 02:57:54,847 - DEBUG - [Enemigo_0] Movimiento calculado: mov_x=1.45, mov_y=-0.38
2025-05-18 02:57:54,847 - DEBUG - [Enemigo_0] Pos DESPUÉS update: Rect: (339, 300), Hitbox: (342, 303)
2025-05-18 02:57:54,847 - DEBUG - --- Fin Update Enemigo_0 ---
2025-05-18 02:57:54,847 - DEBUG - --- Inicio Update Enemigo_1 ---
2025-05-18 02:57:54,847 - DEBUG - [Enemigo_1] Pos ANTES update: Rect: (422, 270), Hitbox: (425, 273)
2025-05-18 02:57:54,848 - DEBUG - [Enemigo_1] Target (Jugador): (400, 301), Dist: 42.05, dx_obj: -38.00, dy_obj: 18.00
2025-05-18 02:57:54,848 - DEBUG - [Enemigo_1] Movimiento calculado: mov_x=-1.36, mov_y=0.64
2025-05-18 02:57:54,848 - DEBUG - [Enemigo_1] Pos DESPUÉS update: Rect: (421, 271), Hitbox: (424, 274)
2025-05-18 02:57:54,848 - DEBUG - --- Fin Update Enemigo_1 ---
2025-05-18 02:57:54,848 - DEBUG - --- Inicio Update Enemigo_2 ---
2025-05-18 02:57:54,848 - DEBUG - [Enemigo_2] Pos ANTES update: Rect: (366, 340), Hitbox: (369, 343)
2025-05-18 02:57:54,849 - DEBUG - [Enemigo_2] Target (Jugador): (400, 301), Dist: 55.03, dx_obj: 18.00, dy_obj: -52.00
2025-05-18 02:57:54,849 - DEBUG - [Enemigo_2] Movimiento calculado: mov_x=0.49, mov_y=-1.42
2025-05-18 02:57:54,849 - DEBUG - [Enemigo_2] Pos DESPUÉS update: Rect: (366, 339), Hitbox: (369, 342)
2025-05-18 02:57:54,849 - DEBUG - --- Fin Update Enemigo_2 ---
2025-05-18 02:57:54,849 - DEBUG - --- Inicio Update Enemigo_3 ---
2025-05-18 02:57:54,849 - DEBUG - [Enemigo_3] Pos ANTES update: Rect: (315, 321), Hitbox: (318, 324)
2025-05-18 02:57:54,850 - DEBUG - [Enemigo_3] Target (Jugador): (400, 301), Dist: 76.49, dx_obj: 69.00, dy_obj: -33.00
2025-05-18 02:57:54,850 - DEBUG - [Enemigo_3] Movimiento calculado: mov_x=1.35, mov_y=-0.65
2025-05-18 02:57:54,850 - DEBUG - [Enemigo_3] Pos DESPUÉS update: Rect: (316, 320), Hitbox: (319, 323)
2025-05-18 02:57:54,850 - DEBUG - --- Fin Update Enemigo_3 ---
2025-05-18 02:57:54,851 - DEBUG - --- Inicio Update Enemigo_4 ---
2025-05-18 02:57:54,851 - DEBUG - [Enemigo_4] Pos ANTES update: Rect: (356, 369), Hitbox: (359, 372)
2025-05-18 02:57:54,851 - DEBUG - [Enemigo_4] Target (Jugador): (400, 301), Dist: 85.70, dx_obj: 28.00, dy_obj: -81.00
2025-05-18 02:57:54,851 - DEBUG - [Enemigo_4] Movimiento calculado: mov_x=0.49, mov_y=-1.42
2025-05-18 02:57:54,851 - DEBUG - [Enemigo_4] Pos DESPUÉS update: Rect: (356, 368), Hitbox: (359, 371)
2025-05-18 02:57:54,852 - DEBUG - --- Fin Update Enemigo_4 ---
2025-05-18 02:57:54,852 - DEBUG - --- Inicio Update Enemigo_5 ---
2025-05-18 02:57:54,852 - DEBUG - [Enemigo_5] Pos ANTES update: Rect: (396, 270), Hitbox: (399, 273)
2025-05-18 02:57:54,852 - DEBUG - [Enemigo_5] Target (Jugador): (400, 301), Dist: 21.63, dx_obj: -12.00, dy_obj: 18.00
2025-05-18 02:57:54,852 - DEBUG - [Enemigo_5] Movimiento calculado: mov_x=0.00, mov_y=0.00
2025-05-18 02:57:54,852 - DEBUG - [Enemigo_5] Pos DESPUÉS update: Rect: (396, 270), Hitbox: (399, 273)
2025-05-18 02:57:54,853 - DEBUG - --- Fin Update Enemigo_5 ---
2025-05-18 02:57:54,853 - DEBUG - --- Inicio Update Enemigo_6 ---
2025-05-18 02:57:54,853 - DEBUG - [Enemigo_6] Pos ANTES update: Rect: (364, 295), Hitbox: (367, 298)
2025-05-18 02:57:54,853 - DEBUG - [Enemigo_6] Target (Jugador): (400, 301), Dist: 21.19, dx_obj: 20.00, dy_obj: -7.00
2025-05-18 02:57:54,853 - DEBUG - [Enemigo_6] Movimiento calculado: mov_x=0.00, mov_y=0.00
2025-05-18 02:57:54,853 - DEBUG - [Enemigo_6] Pos DESPUÉS update: Rect: (364, 295), Hitbox: (367, 298)
2025-05-18 02:57:54,854 - DEBUG - --- Fin Update Enemigo_6 ---
2025-05-18 02:57:54,863 - DEBUG - --- Inicio Update Enemigo_0 ---
2025-05-18 02:57:54,864 - DEBUG - [Enemigo_0] Pos ANTES update: Rect: (339, 300), Hitbox: (342, 303)
2025-05-18 02:57:54,864 - DEBUG - [Enemigo_0] Target (Jugador): (400, 301), Dist: 46.57, dx_obj: 45.00, dy_obj: -12.00
2025-05-18 02:57:54,864 - DEBUG - [Enemigo_0] Movimiento calculado: mov_x=1.45, mov_y=-0.39
2025-05-18 02:57:54,865 - DEBUG - [Enemigo_0] Pos DESPUÉS update: Rect: (340, 300), Hitbox: (343, 303)
2025-05-18 02:57:54,865 - DEBUG - --- Fin Update Enemigo_0 ---
2025-05-18 02:57:54,865 - DEBUG - --- Inicio Update Enemigo_1 ---
2025-05-18 02:57:54,865 - DEBUG - [Enemigo_1] Pos ANTES update: Rect: (421, 271), Hitbox: (424, 274)
2025-05-18 02:57:54,866 - DEBUG - [Enemigo_1] Target (Jugador): (400, 301), Dist: 40.72, dx_obj: -37.00, dy_obj: 17.00
2025-05-18 02:57:54,866 - DEBUG - [Enemigo_1] Movimiento calculado: mov_x=-1.36, mov_y=0.63
2025-05-18 02:57:54,866 - DEBUG - [Enemigo_1] Pos DESPUÉS update: Rect: (420, 272), Hitbox: (423, 275)
2025-05-18 02:57:54,866 - DEBUG - --- Fin Update Enemigo_1 ---
2025-05-18 02:57:54,866 - DEBUG - --- Inicio Update Enemigo_2 ---
2025-05-18 02:57:54,867 - DEBUG - [Enemigo_2] Pos ANTES update: Rect: (366, 339), Hitbox: (369, 342)
2025-05-18 02:57:54,867 - DEBUG - [Enemigo_2] Target (Jugador): (400, 301), Dist: 54.08, dx_obj: 18.00, dy_obj: -51.00
2025-05-18 02:57:54,867 - DEBUG - [Enemigo_2] Movimiento calculado: mov_x=0.50, mov_y=-1.41
2025-05-18 02:57:54,867 - DEBUG - [Enemigo_2] Pos DESPUÉS update: Rect: (366, 338), Hitbox: (369, 341)
2025-05-18 02:57:54,867 - DEBUG - --- Fin Update Enemigo_2 ---
2025-05-18 02:57:54,867 - DEBUG - --- Inicio Update Enemigo_3 ---
2025-05-18 02:57:54,867 - DEBUG - [Enemigo_3] Pos ANTES update: Rect: (316, 320), Hitbox: (319, 323)
2025-05-18 02:57:54,868 - DEBUG - [Enemigo_3] Target (Jugador): (400, 301), Dist: 75.15, dx_obj: 68.00, dy_obj: -32.00
2025-05-18 02:57:54,868 - DEBUG - [Enemigo_3] Movimiento calculado: mov_x=1.36, mov_y=-0.64
2025-05-18 02:57:54,868 - DEBUG - [Enemigo_3] Pos DESPUÉS update: Rect: (317, 319), Hitbox: (320, 322)
2025-05-18 02:57:54,868 - DEBUG - --- Fin Update Enemigo_3 ---
2025-05-18 02:57:54,868 - DEBUG - --- Inicio Update Enemigo_4 ---
2025-05-18 02:57:54,868 - DEBUG - [Enemigo_4] Pos ANTES update: Rect: (356, 368), Hitbox: (359, 371)
2025-05-18 02:57:54,869 - DEBUG - [Enemigo_4] Target (Jugador): (400, 301), Dist: 84.76, dx_obj: 28.00, dy_obj: -80.00
2025-05-18 02:57:54,869 - DEBUG - [Enemigo_4] Movimiento calculado: mov_x=0.50, mov_y=-1.42
2025-05-18 02:57:54,869 - DEBUG - [Enemigo_4] Pos DESPUÉS update: Rect: (356, 367), Hitbox: (359, 370)
2025-05-18 02:57:54,869 - DEBUG - --- Fin Update Enemigo_4 ---
2025-05-18 02:57:54,869 - DEBUG - --- Inicio Update Enemigo_5 ---
2025-05-18 02:57:54,869 - DEBUG - [Enemigo_5] Pos ANTES update: Rect: (396, 270), Hitbox: (399, 273)
2025-05-18 02:57:54,870 - DEBUG - [Enemigo_5] Target (Jugador): (400, 301), Dist: 21.63, dx_obj: -12.00, dy_obj: 18.00
2025-05-18 02:57:54,870 - DEBUG - [Enemigo_5] Movimiento calculado: mov_x=0.00, mov_y=0.00
2025-05-18 02:57:54,870 - DEBUG - [Enemigo_5] Pos DESPUÉS update: Rect: (396, 270), Hitbox: (399, 273)
2025-05-18 02:57:54,870 - DEBUG - --- Fin Update Enemigo_5 ---
2025-05-18 02:57:54,870 - DEBUG - --- Inicio Update Enemigo_6 ---
2025-05-18 02:57:54,870 - DEBUG - [Enemigo_6] Pos ANTES update: Rect: (364, 295), Hitbox: (367, 298)
2025-05-18 02:57:54,871 - DEBUG - [Enemigo_6] Target (Jugador): (400, 301), Dist: 21.19, dx_obj: 20.00, dy_obj: -7.00
2025-05-18 02:57:54,871 - DEBUG - [Enemigo_6] Movimiento calculado: mov_x=0.00, mov_y=0.00
2025-05-18 02:57:54,871 - DEBUG - [Enemigo_6] Pos DESPUÉS update: Rect: (364, 295), Hitbox: (367, 298)
2025-05-18 02:57:54,871 - DEBUG - --- Fin Update Enemigo_6 ---
2025-05-18 02:57:54,880 - DEBUG - --- Inicio Update Enemigo_0 ---
2025-05-18 02:57:54,880 - DEBUG - [Enemigo_0] Pos ANTES update: Rect: (340, 300), Hitbox: (343, 303)
2025-05-18 02:57:54,880 - DEBUG - [Enemigo_0] Target (Jugador): (400, 301), Dist: 45.61, dx_obj: 44.00, dy_obj: -12.00
2025-05-18 02:57:54,881 - DEBUG - [Enemigo_0] Movimiento calculado: mov_x=1.45, mov_y=-0.39
2025-05-18 02:57:54,881 - DEBUG - [Enemigo_0] Pos DESPUÉS update: Rect: (341, 300), Hitbox: (344, 303)
2025-05-18 02:57:54,881 - DEBUG - --- Fin Update Enemigo_0 ---
2025-05-18 02:57:54,881 - DEBUG - --- Inicio Update Enemigo_1 ---
2025-05-18 02:57:54,881 - DEBUG - [Enemigo_1] Pos ANTES update: Rect: (420, 272), Hitbox: (423, 275)
2025-05-18 02:57:54,882 - DEBUG - [Enemigo_1] Target (Jugador): (400, 301), Dist: 39.40, dx_obj: -36.00, dy_obj: 16.00
2025-05-18 02:57:54,882 - DEBUG - [Enemigo_1] Movimiento calculado: mov_x=-1.37, mov_y=0.61
2025-05-18 02:57:54,882 - DEBUG - [Enemigo_1] Pos DESPUÉS update: Rect: (419, 273), Hitbox: (422, 276)
2025-05-18 02:57:54,882 - DEBUG - --- Fin Update Enemigo_1 ---
2025-05-18 02:57:54,882 - DEBUG - --- Inicio Update Enemigo_2 ---
2025-05-18 02:57:54,882 - DEBUG - [Enemigo_2] Pos ANTES update: Rect: (366, 338), Hitbox: (369, 341)
2025-05-18 02:57:54,883 - DEBUG - [Enemigo_2] Target (Jugador): (400, 301), Dist: 53.14, dx_obj: 18.00, dy_obj: -50.00
2025-05-18 02:57:54,883 - DEBUG - [Enemigo_2] Movimiento calculado: mov_x=0.51, mov_y=-1.41
2025-05-18 02:57:54,883 - DEBUG - [Enemigo_2] Pos DESPUÉS update: Rect: (367, 337), Hitbox: (370, 340)
2025-05-18 02:57:54,883 - DEBUG - --- Fin Update Enemigo_2 ---
2025-05-18 02:57:54,883 - DEBUG - --- Inicio Update Enemigo_3 ---
2025-05-18 02:57:54,883 - DEBUG - [Enemigo_3] Pos ANTES update: Rect: (317, 319), Hitbox: (320, 322)
2025-05-18 02:57:54,883 - DEBUG - [Enemigo_3] Target (Jugador): (400, 301), Dist: 73.82, dx_obj: 67.00, dy_obj: -31.00
2025-05-18 02:57:54,884 - DEBUG - [Enemigo_3] Movimiento calculado: mov_x=1.36, mov_y=-0.63
2025-05-18 02:57:54,884 - DEBUG - [Enemigo_3] Pos DESPUÉS update: Rect: (318, 318), Hitbox: (321, 321)
2025-05-18 02:57:54,884 - DEBUG - --- Fin Update Enemigo_3 ---
2025-05-18 02:57:54,884 - DEBUG - --- Inicio Update Enemigo_4 ---
2025-05-18 02:57:54,884 - DEBUG - [Enemigo_4] Pos ANTES update: Rect: (356, 367), Hitbox: (359, 370)
2025-05-18 02:57:54,884 - DEBUG - [Enemigo_4] Target (Jugador): (400, 301), Dist: 83.82, dx_obj: 28.00, dy_obj: -79.00
2025-05-18 02:57:54,884 - DEBUG - [Enemigo_4] Movimiento calculado: mov_x=0.50, mov_y=-1.41
2025-05-18 02:57:54,885 - DEBUG - [Enemigo_4] Pos DESPUÉS update: Rect: (357, 366), Hitbox: (360, 369)
2025-05-18 02:57:54,885 - DEBUG - --- Fin Update Enemigo_4 ---
2025-05-18 02:57:54,885 - DEBUG - --- Inicio Update Enemigo_5 ---
2025-05-18 02:57:54,885 - DEBUG - [Enemigo_5] Pos ANTES update: Rect: (396, 270), Hitbox: (399, 273)
2025-05-18 02:57:54,885 - DEBUG - [Enemigo_5] Target (Jugador): (400, 301), Dist: 21.63, dx_obj: -12.00, dy_obj: 18.00
2025-05-18 02:57:54,886 - DEBUG - [Enemigo_5] Movimiento calculado: mov_x=0.00, mov_y=0.00
2025-05-18 02:57:54,886 - DEBUG - [Enemigo_5] Pos DESPUÉS update: Rect: (396, 270), Hitbox: (399, 273)
2025-05-18 02:57:54,886 - DEBUG - --- Fin Update Enemigo_5 ---
2025-05-18 02:57:54,886 - DEBUG - --- Inicio Update Enemigo_6 ---
2025-05-18 02:57:54,886 - DEBUG - [Enemigo_6] Pos ANTES update: Rect: (364, 295), Hitbox: (367, 298)
2025-05-18 02:57:54,886 - DEBUG - [Enemigo_6] Target (Jugador): (400, 301), Dist: 21.19, dx_obj: 20.00, dy_obj: -7.00
2025-05-18 02:57:54,886 - DEBUG - [Enemigo_6] Movimiento calculado: mov_x=0.00, mov_y=0.00
2025-05-18 02:57:54,887 - DEBUG - [Enemigo_6] Pos DESPUÉS update: Rect: (364, 295), Hitbox: (367, 298)
2025-05-18 02:57:54,887 - DEBUG - --- Fin Update Enemigo_6 ---
2025-05-18 02:57:54,897 - DEBUG - --- Inicio Update Enemigo_0 ---
2025-05-18 02:57:54,898 - DEBUG - [Enemigo_0] Pos ANTES update: Rect: (341, 300), Hitbox: (344, 303)
2025-05-18 02:57:54,898 - DEBUG - [Enemigo_0] Target (Jugador): (400, 301), Dist: 44.64, dx_obj: 43.00, dy_obj: -12.00
2025-05-18 02:57:54,898 - DEBUG - [Enemigo_0] Movimiento calculado: mov_x=1.44, mov_y=-0.40
2025-05-18 02:57:54,898 - DEBUG - [Enemigo_0] Pos DESPUÉS update: Rect: (342, 300), Hitbox: (345, 303)
2025-05-18 02:57:54,899 - DEBUG - --- Fin Update Enemigo_0 ---
2025-05-18 02:57:54,899 - DEBUG - --- Inicio Update Enemigo_1 ---
2025-05-18 02:57:54,899 - DEBUG - [Enemigo_1] Pos ANTES update: Rect: (419, 273), Hitbox: (422, 276)
2025-05-18 02:57:54,899 - DEBUG - [Enemigo_1] Target (Jugador): (400, 301), Dist: 38.08, dx_obj: -35.00, dy_obj: 15.00
2025-05-18 02:57:54,899 - DEBUG - [Enemigo_1] Movimiento calculado: mov_x=-1.38, mov_y=0.59
2025-05-18 02:57:54,899 - DEBUG - [Enemigo_1] Pos DESPUÉS update: Rect: (418, 274), Hitbox: (421, 277)
2025-05-18 02:57:54,899 - DEBUG - --- Fin Update Enemigo_1 ---
2025-05-18 02:57:54,900 - DEBUG - --- Inicio Update Enemigo_2 ---
2025-05-18 02:57:54,900 - DEBUG - [Enemigo_2] Pos ANTES update: Rect: (367, 337), Hitbox: (370, 340)
2025-05-18 02:57:54,900 - DEBUG - [Enemigo_2] Target (Jugador): (400, 301), Dist: 51.87, dx_obj: 17.00, dy_obj: -49.00
2025-05-18 02:57:54,900 - DEBUG - [Enemigo_2] Movimiento calculado: mov_x=0.49, mov_y=-1.42
2025-05-18 02:57:54,900 - DEBUG - [Enemigo_2] Pos DESPUÉS update: Rect: (367, 336), Hitbox: (370, 339)
2025-05-18 02:57:54,900 - DEBUG - --- Fin Update Enemigo_2 ---
2025-05-18 02:57:54,900 - DEBUG - --- Inicio Update Enemigo_3 ---
2025-05-18 02:57:54,900 - DEBUG - [Enemigo_3] Pos ANTES update: Rect: (318, 318), Hitbox: (321, 321)
2025-05-18 02:57:54,901 - DEBUG - [Enemigo_3] Target (Jugador): (400, 301), Dist: 72.50, dx_obj: 66.00, dy_obj: -30.00
2025-05-18 02:57:54,901 - DEBUG - [Enemigo_3] Movimiento calculado: mov_x=1.37, mov_y=-0.62
2025-05-18 02:57:54,901 - DEBUG - [Enemigo_3] Pos DESPUÉS update: Rect: (319, 317), Hitbox: (322, 320)
2025-05-18 02:57:54,901 - DEBUG - --- Fin Update Enemigo_3 ---
2025-05-18 02:57:54,901 - DEBUG - --- Inicio Update Enemigo_4 ---
2025-05-18 02:57:54,901 - DEBUG - [Enemigo_4] Pos ANTES update: Rect: (357, 366), Hitbox: (360, 369)
2025-05-18 02:57:54,901 - DEBUG - [Enemigo_4] Target (Jugador): (400, 301), Dist: 82.54, dx_obj: 27.00, dy_obj: -78.00
2025-05-18 02:57:54,902 - DEBUG - [Enemigo_4] Movimiento calculado: mov_x=0.49, mov_y=-1.42
2025-05-18 02:57:54,902 - DEBUG - [Enemigo_4] Pos DESPUÉS update: Rect: (357, 365), Hitbox: (360, 368)
2025-05-18 02:57:54,902 - DEBUG - --- Fin Update Enemigo_4 ---
2025-05-18 02:57:54,902 - DEBUG - --- Inicio Update Enemigo_5 ---
2025-05-18 02:57:54,902 - DEBUG - [Enemigo_5] Pos ANTES update: Rect: (396, 270), Hitbox: (399, 273)
2025-05-18 02:57:54,902 - DEBUG - [Enemigo_5] Target (Jugador): (400, 301), Dist: 21.63, dx_obj: -12.00, dy_obj: 18.00
2025-05-18 02:57:54,903 - DEBUG - [Enemigo_5] Movimiento calculado: mov_x=0.00, mov_y=0.00
2025-05-18 02:57:54,903 - DEBUG - [Enemigo_5] Pos DESPUÉS update: Rect: (396, 270), Hitbox: (399, 273)
2025-05-18 02:57:54,903 - DEBUG - --- Fin Update Enemigo_5 ---
2025-05-18 02:57:54,903 - DEBUG - --- Inicio Update Enemigo_6 ---
2025-05-18 02:57:54,903 - DEBUG - [Enemigo_6] Pos ANTES update: Rect: (364, 295), Hitbox: (367, 298)
2025-05-18 02:57:54,904 - DEBUG - [Enemigo_6] Target (Jugador): (400, 301), Dist: 21.19, dx_obj: 20.00, dy_obj: -7.00
2025-05-18 02:57:54,904 - DEBUG - [Enemigo_6] Movimiento calculado: mov_x=0.00, mov_y=0.00
2025-05-18 02:57:54,904 - DEBUG - [Enemigo_6] Pos DESPUÉS update: Rect: (364, 295), Hitbox: (367, 298)
2025-05-18 02:57:54,904 - DEBUG - --- Fin Update Enemigo_6 ---
2025-05-18 02:57:54,914 - DEBUG - --- Inicio Update Enemigo_0 ---
2025-05-18 02:57:54,914 - DEBUG - [Enemigo_0] Pos ANTES update: Rect: (342, 300), Hitbox: (345, 303)
2025-05-18 02:57:54,914 - DEBUG - [Enemigo_0] Target (Jugador): (400, 301), Dist: 43.68, dx_obj: 42.00, dy_obj: -12.00
2025-05-18 02:57:54,914 - DEBUG - [Enemigo_0] Movimiento calculado: mov_x=1.44, mov_y=-0.41
2025-05-18 02:57:54,915 - DEBUG - [Enemigo_0] Pos DESPUÉS update: Rect: (343, 300), Hitbox: (346, 303)
2025-05-18 02:57:54,915 - DEBUG - --- Fin Update Enemigo_0 ---
2025-05-18 02:57:54,915 - DEBUG - --- Inicio Update Enemigo_1 ---
2025-05-18 02:57:54,915 - DEBUG - [Enemigo_1] Pos ANTES update: Rect: (418, 274), Hitbox: (421, 277)
2025-05-18 02:57:54,915 - DEBUG - [Enemigo_1] Target (Jugador): (400, 301), Dist: 36.77, dx_obj: -34.00, dy_obj: 14.00
2025-05-18 02:57:54,916 - DEBUG - [Enemigo_1] Movimiento calculado: mov_x=-1.39, mov_y=0.57
2025-05-18 02:57:54,916 - DEBUG - [Enemigo_1] Pos DESPUÉS update: Rect: (417, 275), Hitbox: (420, 278)
2025-05-18 02:57:54,916 - DEBUG - --- Fin Update Enemigo_1 ---
2025-05-18 02:57:54,916 - DEBUG - --- Inicio Update Enemigo_2 ---
2025-05-18 02:57:54,916 - DEBUG - [Enemigo_2] Pos ANTES update: Rect: (367, 336), Hitbox: (370, 339)
2025-05-18 02:57:54,917 - DEBUG - [Enemigo_2] Target (Jugador): (400, 301), Dist: 50.92, dx_obj: 17.00, dy_obj: -48.00
2025-05-18 02:57:54,917 - DEBUG - [Enemigo_2] Movimiento calculado: mov_x=0.50, mov_y=-1.41
2025-05-18 02:57:54,917 - DEBUG - [Enemigo_2] Pos DESPUÉS update: Rect: (368, 335), Hitbox: (371, 338)
2025-05-18 02:57:54,917 - DEBUG - --- Fin Update Enemigo_2 ---
2025-05-18 02:57:54,917 - DEBUG - --- Inicio Update Enemigo_3 ---
2025-05-18 02:57:54,917 - DEBUG - [Enemigo_3] Pos ANTES update: Rect: (319, 317), Hitbox: (322, 320)
2025-05-18 02:57:54,918 - DEBUG - [Enemigo_3] Target (Jugador): (400, 301), Dist: 71.18, dx_obj: 65.00, dy_obj: -29.00
2025-05-18 02:57:54,918 - DEBUG - [Enemigo_3] Movimiento calculado: mov_x=1.37, mov_y=-0.61
2025-05-18 02:57:54,918 - DEBUG - [Enemigo_3] Pos DESPUÉS update: Rect: (320, 316), Hitbox: (323, 319)
2025-05-18 02:57:54,918 - DEBUG - --- Fin Update Enemigo_3 ---
2025-05-18 02:57:54,918 - DEBUG - --- Inicio Update Enemigo_4 ---
2025-05-18 02:57:54,918 - DEBUG - [Enemigo_4] Pos ANTES update: Rect: (357, 365), Hitbox: (360, 368)
2025-05-18 02:57:54,919 - DEBUG - [Enemigo_4] Target (Jugador): (400, 301), Dist: 81.60, dx_obj: 27.00, dy_obj: -77.00
2025-05-18 02:57:54,919 - DEBUG - [Enemigo_4] Movimiento calculado: mov_x=0.50, mov_y=-1.42
2025-05-18 02:57:54,919 - DEBUG - [Enemigo_4] Pos DESPUÉS update: Rect: (357, 364), Hitbox: (360, 367)
2025-05-18 02:57:54,919 - DEBUG - --- Fin Update Enemigo_4 ---
2025-05-18 02:57:54,919 - DEBUG - --- Inicio Update Enemigo_5 ---
2025-05-18 02:57:54,920 - DEBUG - [Enemigo_5] Pos ANTES update: Rect: (396, 270), Hitbox: (399, 273)
2025-05-18 02:57:54,920 - DEBUG - [Enemigo_5] Target (Jugador): (400, 301), Dist: 21.63, dx_obj: -12.00, dy_obj: 18.00
2025-05-18 02:57:54,920 - DEBUG - [Enemigo_5] Movimiento calculado: mov_x=0.00, mov_y=0.00
2025-05-18 02:57:54,920 - DEBUG - [Enemigo_5] Pos DESPUÉS update: Rect: (396, 270), Hitbox: (399, 273)
2025-05-18 02:57:54,920 - DEBUG - --- Fin Update Enemigo_5 ---
2025-05-18 02:57:54,920 - DEBUG - --- Inicio Update Enemigo_6 ---
2025-05-18 02:57:54,921 - DEBUG - [Enemigo_6] Pos ANTES update: Rect: (364, 295), Hitbox: (367, 298)
2025-05-18 02:57:54,921 - DEBUG - [Enemigo_6] Target (Jugador): (400, 301), Dist: 21.19, dx_obj: 20.00, dy_obj: -7.00
2025-05-18 02:57:54,921 - DEBUG - [Enemigo_6] Movimiento calculado: mov_x=0.00, mov_y=0.00
2025-05-18 02:57:54,921 - DEBUG - [Enemigo_6] Pos DESPUÉS update: Rect: (364, 295), Hitbox: (367, 298)
2025-05-18 02:57:54,921 - DEBUG - --- Fin Update Enemigo_6 ---
2025-05-18 02:57:54,929 - DEBUG - --- Inicio Update Enemigo_0 ---
2025-05-18 02:57:54,930 - DEBUG - [Enemigo_0] Pos ANTES update: Rect: (343, 300), Hitbox: (346, 303)
2025-05-18 02:57:54,930 - DEBUG - [Enemigo_0] Target (Jugador): (400, 301), Dist: 42.72, dx_obj: 41.00, dy_obj: -12.00
2025-05-18 02:57:54,931 - DEBUG - [Enemigo_0] Movimiento calculado: mov_x=1.44, mov_y=-0.42
2025-05-18 02:57:54,931 - DEBUG - [Enemigo_0] Pos DESPUÉS update: Rect: (344, 300), Hitbox: (347, 303)
2025-05-18 02:57:54,931 - DEBUG - --- Fin Update Enemigo_0 ---
2025-05-18 02:57:54,932 - DEBUG - --- Inicio Update Enemigo_1 ---
2025-05-18 02:57:54,932 - DEBUG - [Enemigo_1] Pos ANTES update: Rect: (417, 275), Hitbox: (420, 278)
2025-05-18 02:57:54,932 - DEBUG - [Enemigo_1] Target (Jugador): (400, 301), Dist: 35.47, dx_obj: -33.00, dy_obj: 13.00
2025-05-18 02:57:54,932 - DEBUG - [Enemigo_1] Movimiento calculado: mov_x=-1.40, mov_y=0.55
2025-05-18 02:57:54,932 - DEBUG - [Enemigo_1] Pos DESPUÉS update: Rect: (416, 276), Hitbox: (419, 279)
2025-05-18 02:57:54,932 - DEBUG - --- Fin Update Enemigo_1 ---
2025-05-18 02:57:54,933 - DEBUG - --- Inicio Update Enemigo_2 ---
2025-05-18 02:57:54,933 - DEBUG - [Enemigo_2] Pos ANTES update: Rect: (368, 335), Hitbox: (371, 338)
2025-05-18 02:57:54,933 - DEBUG - [Enemigo_2] Target (Jugador): (400, 301), Dist: 49.65, dx_obj: 16.00, dy_obj: -47.00
2025-05-18 02:57:54,933 - DEBUG - [Enemigo_2] Movimiento calculado: mov_x=0.48, mov_y=-1.42
2025-05-18 02:57:54,933 - DEBUG - [Enemigo_2] Pos DESPUÉS update: Rect: (368, 334), Hitbox: (371, 337)
2025-05-18 02:57:54,933 - DEBUG - --- Fin Update Enemigo_2 ---
2025-05-18 02:57:54,933 - DEBUG - --- Inicio Update Enemigo_3 ---
2025-05-18 02:57:54,934 - DEBUG - [Enemigo_3] Pos ANTES update: Rect: (320, 316), Hitbox: (323, 319)
2025-05-18 02:57:54,934 - DEBUG - [Enemigo_3] Target (Jugador): (400, 301), Dist: 69.86, dx_obj: 64.00, dy_obj: -28.00
2025-05-18 02:57:54,934 - DEBUG - [Enemigo_3] Movimiento calculado: mov_x=1.37, mov_y=-0.60
2025-05-18 02:57:54,934 - DEBUG - [Enemigo_3] Pos DESPUÉS update: Rect: (321, 315), Hitbox: (324, 318)
2025-05-18 02:57:54,934 - DEBUG - --- Fin Update Enemigo_3 ---
2025-05-18 02:57:54,935 - DEBUG - --- Inicio Update Enemigo_4 ---
2025-05-18 02:57:54,935 - DEBUG - [Enemigo_4] Pos ANTES update: Rect: (357, 364), Hitbox: (360, 367)
2025-05-18 02:57:54,935 - DEBUG - [Enemigo_4] Target (Jugador): (400, 301), Dist: 80.65, dx_obj: 27.00, dy_obj: -76.00
2025-05-18 02:57:54,935 - DEBUG - [Enemigo_4] Movimiento calculado: mov_x=0.50, mov_y=-1.41
2025-05-18 02:57:54,935 - DEBUG - [Enemigo_4] Pos DESPUÉS update: Rect: (358, 363), Hitbox: (361, 366)
2025-05-18 02:57:54,935 - DEBUG - --- Fin Update Enemigo_4 ---
2025-05-18 02:57:54,935 - DEBUG - --- Inicio Update Enemigo_5 ---
2025-05-18 02:57:54,936 - DEBUG - [Enemigo_5] Pos ANTES update: Rect: (396, 270), Hitbox: (399, 273)
2025-05-18 02:57:54,936 - DEBUG - [Enemigo_5] Target (Jugador): (400, 301), Dist: 21.63, dx_obj: -12.00, dy_obj: 18.00
2025-05-18 02:57:54,936 - DEBUG - [Enemigo_5] Movimiento calculado: mov_x=0.00, mov_y=0.00
2025-05-18 02:57:54,936 - DEBUG - [Enemigo_5] Pos DESPUÉS update: Rect: (396, 270), Hitbox: (399, 273)
2025-05-18 02:57:54,936 - DEBUG - --- Fin Update Enemigo_5 ---
2025-05-18 02:57:54,936 - DEBUG - --- Inicio Update Enemigo_6 ---
2025-05-18 02:57:54,937 - DEBUG - [Enemigo_6] Pos ANTES update: Rect: (364, 295), Hitbox: (367, 298)
2025-05-18 02:57:54,937 - DEBUG - [Enemigo_6] Target (Jugador): (400, 301), Dist: 21.19, dx_obj: 20.00, dy_obj: -7.00
2025-05-18 02:57:54,937 - DEBUG - [Enemigo_6] Movimiento calculado: mov_x=0.00, mov_y=0.00
2025-05-18 02:57:54,937 - DEBUG - [Enemigo_6] Pos DESPUÉS update: Rect: (364, 295), Hitbox: (367, 298)
2025-05-18 02:57:54,937 - DEBUG - --- Fin Update Enemigo_6 ---
2025-05-18 02:57:54,946 - DEBUG - --- Inicio Update Enemigo_0 ---
2025-05-18 02:57:54,947 - DEBUG - [Enemigo_0] Pos ANTES update: Rect: (344, 300), Hitbox: (347, 303)
2025-05-18 02:57:54,947 - DEBUG - [Enemigo_0] Target (Jugador): (400, 301), Dist: 41.76, dx_obj: 40.00, dy_obj: -12.00
2025-05-18 02:57:54,947 - DEBUG - [Enemigo_0] Movimiento calculado: mov_x=1.44, mov_y=-0.43
2025-05-18 02:57:54,947 - DEBUG - [Enemigo_0] Pos DESPUÉS update: Rect: (345, 300), Hitbox: (348, 303)
2025-05-18 02:57:54,948 - DEBUG - --- Fin Update Enemigo_0 ---
2025-05-18 02:57:54,948 - DEBUG - --- Inicio Update Enemigo_1 ---
2025-05-18 02:57:54,948 - DEBUG - [Enemigo_1] Pos ANTES update: Rect: (416, 276), Hitbox: (419, 279)
2025-05-18 02:57:54,948 - DEBUG - [Enemigo_1] Target (Jugador): (400, 301), Dist: 34.18, dx_obj: -32.00, dy_obj: 12.00
2025-05-18 02:57:54,948 - DEBUG - [Enemigo_1] Movimiento calculado: mov_x=-1.40, mov_y=0.53
2025-05-18 02:57:54,948 - DEBUG - [Enemigo_1] Pos DESPUÉS update: Rect: (415, 277), Hitbox: (418, 280)
2025-05-18 02:57:54,949 - DEBUG - --- Fin Update Enemigo_1 ---
2025-05-18 02:57:54,949 - DEBUG - --- Inicio Update Enemigo_2 ---
2025-05-18 02:57:54,949 - DEBUG - [Enemigo_2] Pos ANTES update: Rect: (368, 334), Hitbox: (371, 337)
2025-05-18 02:57:54,949 - DEBUG - [Enemigo_2] Target (Jugador): (400, 301), Dist: 48.70, dx_obj: 16.00, dy_obj: -46.00
2025-05-18 02:57:54,949 - DEBUG - [Enemigo_2] Movimiento calculado: mov_x=0.49, mov_y=-1.42
2025-05-18 02:57:54,949 - DEBUG - [Enemigo_2] Pos DESPUÉS update: Rect: (368, 333), Hitbox: (371, 336)
2025-05-18 02:57:54,949 - DEBUG - --- Fin Update Enemigo_2 ---
2025-05-18 02:57:54,950 - DEBUG - --- Inicio Update Enemigo_3 ---
2025-05-18 02:57:54,950 - DEBUG - [Enemigo_3] Pos ANTES update: Rect: (321, 315), Hitbox: (324, 318)
2025-05-18 02:57:54,950 - DEBUG - [Enemigo_3] Target (Jugador): (400, 301), Dist: 68.54, dx_obj: 63.00, dy_obj: -27.00
2025-05-18 02:57:54,950 - DEBUG - [Enemigo_3] Movimiento calculado: mov_x=1.38, mov_y=-0.59
2025-05-18 02:57:54,950 - DEBUG - [Enemigo_3] Pos DESPUÉS update: Rect: (322, 314), Hitbox: (325, 317)
2025-05-18 02:57:54,950 - DEBUG - --- Fin Update Enemigo_3 ---
2025-05-18 02:57:54,950 - DEBUG - --- Inicio Update Enemigo_4 ---
2025-05-18 02:57:54,951 - DEBUG - [Enemigo_4] Pos ANTES update: Rect: (358, 363), Hitbox: (361, 366)
2025-05-18 02:57:54,951 - DEBUG - [Enemigo_4] Target (Jugador): (400, 301), Dist: 79.38, dx_obj: 26.00, dy_obj: -75.00
2025-05-18 02:57:54,951 - DEBUG - [Enemigo_4] Movimiento calculado: mov_x=0.49, mov_y=-1.42
2025-05-18 02:57:54,951 - DEBUG - [Enemigo_4] Pos DESPUÉS update: Rect: (358, 362), Hitbox: (361, 365)
2025-05-18 02:57:54,951 - DEBUG - --- Fin Update Enemigo_4 ---
2025-05-18 02:57:54,951 - DEBUG - --- Inicio Update Enemigo_5 ---
2025-05-18 02:57:54,951 - DEBUG - [Enemigo_5] Pos ANTES update: Rect: (396, 270), Hitbox: (399, 273)
2025-05-18 02:57:54,952 - DEBUG - [Enemigo_5] Target (Jugador): (400, 301), Dist: 21.63, dx_obj: -12.00, dy_obj: 18.00
2025-05-18 02:57:54,952 - DEBUG - [Enemigo_5] Movimiento calculado: mov_x=0.00, mov_y=0.00
2025-05-18 02:57:54,952 - DEBUG - [Enemigo_5] Pos DESPUÉS update: Rect: (396, 270), Hitbox: (399, 273)
2025-05-18 02:57:54,952 - DEBUG - --- Fin Update Enemigo_5 ---
2025-05-18 02:57:54,952 - DEBUG - --- Inicio Update Enemigo_6 ---
2025-05-18 02:57:54,952 - DEBUG - [Enemigo_6] Pos ANTES update: Rect: (364, 295), Hitbox: (367, 298)
2025-05-18 02:57:54,952 - DEBUG - [Enemigo_6] Target (Jugador): (400, 301), Dist: 21.19, dx_obj: 20.00, dy_obj: -7.00
2025-05-18 02:57:54,953 - DEBUG - [Enemigo_6] Movimiento calculado: mov_x=0.00, mov_y=0.00
2025-05-18 02:57:54,953 - DEBUG - [Enemigo_6] Pos DESPUÉS update: Rect: (364, 295), Hitbox: (367, 298)
2025-05-18 02:57:54,953 - DEBUG - --- Fin Update Enemigo_6 ---
2025-05-18 02:57:54,963 - DEBUG - --- Inicio Update Enemigo_0 ---
2025-05-18 02:57:54,963 - DEBUG - [Enemigo_0] Pos ANTES update: Rect: (345, 300), Hitbox: (348, 303)
2025-05-18 02:57:54,964 - DEBUG - [Enemigo_0] Target (Jugador): (400, 301), Dist: 40.80, dx_obj: 39.00, dy_obj: -12.00
2025-05-18 02:57:54,964 - DEBUG - [Enemigo_0] Movimiento calculado: mov_x=1.43, mov_y=-0.44
2025-05-18 02:57:54,965 - DEBUG - [Enemigo_0] Pos DESPUÉS update: Rect: (346, 300), Hitbox: (349, 303)
2025-05-18 02:57:54,965 - DEBUG - --- Fin Update Enemigo_0 ---
2025-05-18 02:57:54,965 - DEBUG - --- Inicio Update Enemigo_1 ---
2025-05-18 02:57:54,965 - DEBUG - [Enemigo_1] Pos ANTES update: Rect: (415, 277), Hitbox: (418, 280)
2025-05-18 02:57:54,966 - DEBUG - [Enemigo_1] Target (Jugador): (400, 301), Dist: 32.89, dx_obj: -31.00, dy_obj: 11.00
2025-05-18 02:57:54,966 - DEBUG - [Enemigo_1] Movimiento calculado: mov_x=-1.41, mov_y=0.50
2025-05-18 02:57:54,966 - DEBUG - [Enemigo_1] Pos DESPUÉS update: Rect: (414, 278), Hitbox: (417, 281)
2025-05-18 02:57:54,966 - DEBUG - --- Fin Update Enemigo_1 ---
2025-05-18 02:57:54,966 - DEBUG - --- Inicio Update Enemigo_2 ---
2025-05-18 02:57:54,967 - DEBUG - [Enemigo_2] Pos ANTES update: Rect: (368, 333), Hitbox: (371, 336)
2025-05-18 02:57:54,967 - DEBUG - [Enemigo_2] Target (Jugador): (400, 301), Dist: 47.76, dx_obj: 16.00, dy_obj: -45.00
2025-05-18 02:57:54,967 - DEBUG - [Enemigo_2] Movimiento calculado: mov_x=0.50, mov_y=-1.41
2025-05-18 02:57:54,967 - DEBUG - [Enemigo_2] Pos DESPUÉS update: Rect: (369, 332), Hitbox: (372, 335)
2025-05-18 02:57:54,967 - DEBUG - --- Fin Update Enemigo_2 ---
2025-05-18 02:57:54,967 - DEBUG - --- Inicio Update Enemigo_3 ---
2025-05-18 02:57:54,968 - DEBUG - [Enemigo_3] Pos ANTES update: Rect: (322, 314), Hitbox: (325, 317)
2025-05-18 02:57:54,968 - DEBUG - [Enemigo_3] Target (Jugador): (400, 301), Dist: 67.23, dx_obj: 62.00, dy_obj: -26.00
2025-05-18 02:57:54,968 - DEBUG - [Enemigo_3] Movimiento calculado: mov_x=1.38, mov_y=-0.58
2025-05-18 02:57:54,968 - DEBUG - [Enemigo_3] Pos DESPUÉS update: Rect: (323, 313), Hitbox: (326, 316)
2025-05-18 02:57:54,968 - DEBUG - --- Fin Update Enemigo_3 ---
2025-05-18 02:57:54,968 - DEBUG - --- Inicio Update Enemigo_4 ---
2025-05-18 02:57:54,969 - DEBUG - [Enemigo_4] Pos ANTES update: Rect: (358, 362), Hitbox: (361, 365)
2025-05-18 02:57:54,969 - DEBUG - [Enemigo_4] Target (Jugador): (400, 301), Dist: 78.43, dx_obj: 26.00, dy_obj: -74.00
2025-05-18 02:57:54,969 - DEBUG - [Enemigo_4] Movimiento calculado: mov_x=0.50, mov_y=-1.42
2025-05-18 02:57:54,969 - DEBUG - [Enemigo_4] Pos DESPUÉS update: Rect: (358, 361), Hitbox: (361, 364)
2025-05-18 02:57:54,969 - DEBUG - --- Fin Update Enemigo_4 ---
2025-05-18 02:57:54,970 - DEBUG - --- Inicio Update Enemigo_5 ---
2025-05-18 02:57:54,970 - DEBUG - [Enemigo_5] Pos ANTES update: Rect: (396, 270), Hitbox: (399, 273)
2025-05-18 02:57:54,970 - DEBUG - [Enemigo_5] Target (Jugador): (400, 301), Dist: 21.63, dx_obj: -12.00, dy_obj: 18.00
2025-05-18 02:57:54,970 - DEBUG - [Enemigo_5] Movimiento calculado: mov_x=0.00, mov_y=0.00
2025-05-18 02:57:54,970 - DEBUG - [Enemigo_5] Pos DESPUÉS update: Rect: (396, 270), Hitbox: (399, 273)
2025-05-18 02:57:54,970 - DEBUG - --- Fin Update Enemigo_5 ---
2025-05-18 02:57:54,971 - DEBUG - --- Inicio Update Enemigo_6 ---
2025-05-18 02:57:54,971 - DEBUG - [Enemigo_6] Pos ANTES update: Rect: (364, 295), Hitbox: (367, 298)
2025-05-18 02:57:54,971 - DEBUG - [Enemigo_6] Target (Jugador): (400, 301), Dist: 21.19, dx_obj: 20.00, dy_obj: -7.00
2025-05-18 02:57:54,971 - DEBUG - [Enemigo_6] Movimiento calculado: mov_x=0.00, mov_y=0.00
2025-05-18 02:57:54,971 - DEBUG - [Enemigo_6] Pos DESPUÉS update: Rect: (364, 295), Hitbox: (367, 298)
2025-05-18 02:57:54,972 - DEBUG - --- Fin Update Enemigo_6 ---
2025-05-18 02:57:54,978 - DEBUG - --- Inicio Update Enemigo_0 ---
2025-05-18 02:57:54,979 - DEBUG - [Enemigo_0] Pos ANTES update: Rect: (346, 300), Hitbox: (349, 303)
2025-05-18 02:57:54,979 - DEBUG - [Enemigo_0] Target (Jugador): (400, 301), Dist: 39.85, dx_obj: 38.00, dy_obj: -12.00
2025-05-18 02:57:54,979 - DEBUG - [Enemigo_0] Movimiento calculado: mov_x=1.43, mov_y=-0.45
2025-05-18 02:57:54,979 - DEBUG - [Enemigo_0] Pos DESPUÉS update: Rect: (347, 300), Hitbox: (350, 303)
2025-05-18 02:57:54,980 - DEBUG - --- Fin Update Enemigo_0 ---
2025-05-18 02:57:54,980 - DEBUG - --- Inicio Update Enemigo_1 ---
2025-05-18 02:57:54,980 - DEBUG - [Enemigo_1] Pos ANTES update: Rect: (414, 278), Hitbox: (417, 281)
2025-05-18 02:57:54,980 - DEBUG - [Enemigo_1] Target (Jugador): (400, 301), Dist: 31.62, dx_obj: -30.00, dy_obj: 10.00
2025-05-18 02:57:54,980 - DEBUG - [Enemigo_1] Movimiento calculado: mov_x=-1.42, mov_y=0.47
2025-05-18 02:57:54,981 - DEBUG - [Enemigo_1] Pos DESPUÉS update: Rect: (413, 278), Hitbox: (416, 281)
2025-05-18 02:57:54,981 - DEBUG - --- Fin Update Enemigo_1 ---
2025-05-18 02:57:54,981 - DEBUG - --- Inicio Update Enemigo_2 ---
2025-05-18 02:57:54,981 - DEBUG - [Enemigo_2] Pos ANTES update: Rect: (369, 332), Hitbox: (372, 335)
2025-05-18 02:57:54,981 - DEBUG - [Enemigo_2] Target (Jugador): (400, 301), Dist: 46.49, dx_obj: 15.00, dy_obj: -44.00
2025-05-18 02:57:54,981 - DEBUG - [Enemigo_2] Movimiento calculado: mov_x=0.48, mov_y=-1.42
2025-05-18 02:57:54,982 - DEBUG - [Enemigo_2] Pos DESPUÉS update: Rect: (369, 331), Hitbox: (372, 334)
2025-05-18 02:57:54,982 - DEBUG - --- Fin Update Enemigo_2 ---
2025-05-18 02:57:54,982 - DEBUG - --- Inicio Update Enemigo_3 ---
2025-05-18 02:57:54,982 - DEBUG - [Enemigo_3] Pos ANTES update: Rect: (323, 313), Hitbox: (326, 316)
2025-05-18 02:57:54,982 - DEBUG - [Enemigo_3] Target (Jugador): (400, 301), Dist: 65.92, dx_obj: 61.00, dy_obj: -25.00
2025-05-18 02:57:54,983 - DEBUG - [Enemigo_3] Movimiento calculado: mov_x=1.39, mov_y=-0.57
2025-05-18 02:57:54,983 - DEBUG - [Enemigo_3] Pos DESPUÉS update: Rect: (324, 312), Hitbox: (327, 315)
2025-05-18 02:57:54,983 - DEBUG - --- Fin Update Enemigo_3 ---
2025-05-18 02:57:54,983 - DEBUG - --- Inicio Update Enemigo_4 ---
2025-05-18 02:57:54,983 - DEBUG - [Enemigo_4] Pos ANTES update: Rect: (358, 361), Hitbox: (361, 364)
2025-05-18 02:57:54,983 - DEBUG - [Enemigo_4] Target (Jugador): (400, 301), Dist: 77.49, dx_obj: 26.00, dy_obj: -73.00
2025-05-18 02:57:54,984 - DEBUG - [Enemigo_4] Movimiento calculado: mov_x=0.50, mov_y=-1.41
2025-05-18 02:57:54,984 - DEBUG - [Enemigo_4] Pos DESPUÉS update: Rect: (359, 360), Hitbox: (362, 363)
2025-05-18 02:57:54,984 - DEBUG - --- Fin Update Enemigo_4 ---
2025-05-18 02:57:54,984 - DEBUG - --- Inicio Update Enemigo_5 ---
2025-05-18 02:57:54,984 - DEBUG - [Enemigo_5] Pos ANTES update: Rect: (396, 270), Hitbox: (399, 273)
2025-05-18 02:57:54,984 - DEBUG - [Enemigo_5] Target (Jugador): (400, 301), Dist: 21.63, dx_obj: -12.00, dy_obj: 18.00
2025-05-18 02:57:54,985 - DEBUG - [Enemigo_5] Movimiento calculado: mov_x=0.00, mov_y=0.00
2025-05-18 02:57:54,985 - DEBUG - [Enemigo_5] Pos DESPUÉS update: Rect: (396, 270), Hitbox: (399, 273)
2025-05-18 02:57:54,985 - DEBUG - --- Fin Update Enemigo_5 ---
2025-05-18 02:57:54,985 - DEBUG - --- Inicio Update Enemigo_6 ---
2025-05-18 02:57:54,985 - DEBUG - [Enemigo_6] Pos ANTES update: Rect: (364, 295), Hitbox: (367, 298)
2025-05-18 02:57:54,985 - DEBUG - [Enemigo_6] Target (Jugador): (400, 301), Dist: 21.19, dx_obj: 20.00, dy_obj: -7.00
2025-05-18 02:57:54,986 - DEBUG - [Enemigo_6] Movimiento calculado: mov_x=0.00, mov_y=0.00
2025-05-18 02:57:54,986 - DEBUG - [Enemigo_6] Pos DESPUÉS update: Rect: (364, 295), Hitbox: (367, 298)
2025-05-18 02:57:54,986 - DEBUG - --- Fin Update Enemigo_6 ---
2025-05-18 02:57:54,996 - DEBUG - --- Inicio Update Enemigo_0 ---
2025-05-18 02:57:54,996 - DEBUG - [Enemigo_0] Pos ANTES update: Rect: (347, 300), Hitbox: (350, 303)
2025-05-18 02:57:54,997 - DEBUG - [Enemigo_0] Target (Jugador): (400, 301), Dist: 38.90, dx_obj: 37.00, dy_obj: -12.00
2025-05-18 02:57:54,997 - DEBUG - [Enemigo_0] Movimiento calculado: mov_x=1.43, mov_y=-0.46
2025-05-18 02:57:54,998 - DEBUG - [Enemigo_0] Pos DESPUÉS update: Rect: (348, 300), Hitbox: (351, 303)
2025-05-18 02:57:54,998 - DEBUG - --- Fin Update Enemigo_0 ---
2025-05-18 02:57:54,998 - DEBUG - --- Inicio Update Enemigo_1 ---
2025-05-18 02:57:54,998 - DEBUG - [Enemigo_1] Pos ANTES update: Rect: (413, 278), Hitbox: (416, 281)
2025-05-18 02:57:54,998 - DEBUG - [Enemigo_1] Target (Jugador): (400, 301), Dist: 30.68, dx_obj: -29.00, dy_obj: 10.00
2025-05-18 02:57:54,999 - DEBUG - [Enemigo_1] Movimiento calculado: mov_x=-1.42, mov_y=0.49
2025-05-18 02:57:54,999 - DEBUG - [Enemigo_1] Pos DESPUÉS update: Rect: (412, 278), Hitbox: (415, 281)
2025-05-18 02:57:54,999 - DEBUG - --- Fin Update Enemigo_1 ---
2025-05-18 02:57:54,999 - DEBUG - --- Inicio Update Enemigo_2 ---
2025-05-18 02:57:54,999 - DEBUG - [Enemigo_2] Pos ANTES update: Rect: (369, 331), Hitbox: (372, 334)
2025-05-18 02:57:55,000 - DEBUG - [Enemigo_2] Target (Jugador): (400, 301), Dist: 45.54, dx_obj: 15.00, dy_obj: -43.00
2025-05-18 02:57:55,000 - DEBUG - [Enemigo_2] Movimiento calculado: mov_x=0.49, mov_y=-1.42
2025-05-18 02:57:55,000 - DEBUG - [Enemigo_2] Pos DESPUÉS update: Rect: (369, 330), Hitbox: (372, 333)
2025-05-18 02:57:55,000 - DEBUG - --- Fin Update Enemigo_2 ---
2025-05-18 02:57:55,000 - DEBUG - --- Inicio Update Enemigo_3 ---
2025-05-18 02:57:55,000 - DEBUG - [Enemigo_3] Pos ANTES update: Rect: (324, 312), Hitbox: (327, 315)
2025-05-18 02:57:55,001 - DEBUG - [Enemigo_3] Target (Jugador): (400, 301), Dist: 64.62, dx_obj: 60.00, dy_obj: -24.00
2025-05-18 02:57:55,001 - DEBUG - [Enemigo_3] Movimiento calculado: mov_x=1.39, mov_y=-0.56
2025-05-18 02:57:55,001 - DEBUG - [Enemigo_3] Pos DESPUÉS update: Rect: (325, 311), Hitbox: (328, 314)
2025-05-18 02:57:55,001 - DEBUG - --- Fin Update Enemigo_3 ---
2025-05-18 02:57:55,001 - DEBUG - --- Inicio Update Enemigo_4 ---
2025-05-18 02:57:55,001 - DEBUG - [Enemigo_4] Pos ANTES update: Rect: (359, 360), Hitbox: (362, 363)
2025-05-18 02:57:55,002 - DEBUG - [Enemigo_4] Target (Jugador): (400, 301), Dist: 76.22, dx_obj: 25.00, dy_obj: -72.00
2025-05-18 02:57:55,002 - DEBUG - [Enemigo_4] Movimiento calculado: mov_x=0.49, mov_y=-1.42
2025-05-18 02:57:55,002 - DEBUG - [Enemigo_4] Pos DESPUÉS update: Rect: (359, 359), Hitbox: (362, 362)
2025-05-18 02:57:55,002 - DEBUG - --- Fin Update Enemigo_4 ---
2025-05-18 02:57:55,002 - DEBUG - --- Inicio Update Enemigo_5 ---
2025-05-18 02:57:55,002 - DEBUG - [Enemigo_5] Pos ANTES update: Rect: (396, 270), Hitbox: (399, 273)
2025-05-18 02:57:55,003 - DEBUG - [Enemigo_5] Target (Jugador): (400, 301), Dist: 21.63, dx_obj: -12.00, dy_obj: 18.00
2025-05-18 02:57:55,003 - DEBUG - [Enemigo_5] Movimiento calculado: mov_x=0.00, mov_y=0.00
2025-05-18 02:57:55,003 - DEBUG - [Enemigo_5] Pos DESPUÉS update: Rect: (396, 270), Hitbox: (399, 273)
2025-05-18 02:57:55,003 - DEBUG - --- Fin Update Enemigo_5 ---
2025-05-18 02:57:55,003 - DEBUG - --- Inicio Update Enemigo_6 ---
2025-05-18 02:57:55,004 - DEBUG - [Enemigo_6] Pos ANTES update: Rect: (364, 295), Hitbox: (367, 298)
2025-05-18 02:57:55,004 - DEBUG - [Enemigo_6] Target (Jugador): (400, 301), Dist: 21.19, dx_obj: 20.00, dy_obj: -7.00
2025-05-18 02:57:55,004 - DEBUG - [Enemigo_6] Movimiento calculado: mov_x=0.00, mov_y=0.00
2025-05-18 02:57:55,004 - DEBUG - [Enemigo_6] Pos DESPUÉS update: Rect: (364, 295), Hitbox: (367, 298)
2025-05-18 02:57:55,005 - DEBUG - --- Fin Update Enemigo_6 ---
2025-05-18 02:57:55,012 - DEBUG - --- Inicio Update Enemigo_0 ---
2025-05-18 02:57:55,013 - DEBUG - [Enemigo_0] Pos ANTES update: Rect: (348, 300), Hitbox: (351, 303)
2025-05-18 02:57:55,013 - DEBUG - [Enemigo_0] Target (Jugador): (400, 301), Dist: 37.95, dx_obj: 36.00, dy_obj: -12.00
2025-05-18 02:57:55,013 - DEBUG - [Enemigo_0] Movimiento calculado: mov_x=1.42, mov_y=-0.47
2025-05-18 02:57:55,013 - DEBUG - [Enemigo_0] Pos DESPUÉS update: Rect: (349, 300), Hitbox: (352, 303)
2025-05-18 02:57:55,014 - DEBUG - --- Fin Update Enemigo_0 ---
2025-05-18 02:57:55,014 - DEBUG - --- Inicio Update Enemigo_1 ---
2025-05-18 02:57:55,014 - DEBUG - [Enemigo_1] Pos ANTES update: Rect: (412, 278), Hitbox: (415, 281)
2025-05-18 02:57:55,014 - DEBUG - [Enemigo_1] Target (Jugador): (400, 301), Dist: 29.73, dx_obj: -28.00, dy_obj: 10.00
2025-05-18 02:57:55,014 - DEBUG - [Enemigo_1] Movimiento calculado: mov_x=-1.41, mov_y=0.50
2025-05-18 02:57:55,014 - DEBUG - [Enemigo_1] Pos DESPUÉS update: Rect: (411, 279), Hitbox: (414, 282)
2025-05-18 02:57:55,015 - DEBUG - --- Fin Update Enemigo_1 ---
2025-05-18 02:57:55,015 - DEBUG - --- Inicio Update Enemigo_2 ---
2025-05-18 02:57:55,015 - DEBUG - [Enemigo_2] Pos ANTES update: Rect: (369, 330), Hitbox: (372, 333)
2025-05-18 02:57:55,015 - DEBUG - [Enemigo_2] Target (Jugador): (400, 301), Dist: 44.60, dx_obj: 15.00, dy_obj: -42.00
2025-05-18 02:57:55,015 - DEBUG - [Enemigo_2] Movimiento calculado: mov_x=0.50, mov_y=-1.41
2025-05-18 02:57:55,016 - DEBUG - [Enemigo_2] Pos DESPUÉS update: Rect: (370, 329), Hitbox: (373, 332)
2025-05-18 02:57:55,016 - DEBUG - --- Fin Update Enemigo_2 ---
2025-05-18 02:57:55,016 - DEBUG - --- Inicio Update Enemigo_3 ---
2025-05-18 02:57:55,016 - DEBUG - [Enemigo_3] Pos ANTES update: Rect: (325, 311), Hitbox: (328, 314)
2025-05-18 02:57:55,016 - DEBUG - [Enemigo_3] Target (Jugador): (400, 301), Dist: 63.32, dx_obj: 59.00, dy_obj: -23.00
2025-05-18 02:57:55,016 - DEBUG - [Enemigo_3] Movimiento calculado: mov_x=1.40, mov_y=-0.54
2025-05-18 02:57:55,017 - DEBUG - [Enemigo_3] Pos DESPUÉS update: Rect: (326, 310), Hitbox: (329, 313)
2025-05-18 02:57:55,017 - DEBUG - --- Fin Update Enemigo_3 ---
2025-05-18 02:57:55,017 - DEBUG - --- Inicio Update Enemigo_4 ---
2025-05-18 02:57:55,017 - DEBUG - [Enemigo_4] Pos ANTES update: Rect: (359, 359), Hitbox: (362, 362)
2025-05-18 02:57:55,017 - DEBUG - [Enemigo_4] Target (Jugador): (400, 301), Dist: 75.27, dx_obj: 25.00, dy_obj: -71.00
2025-05-18 02:57:55,017 - DEBUG - [Enemigo_4] Movimiento calculado: mov_x=0.50, mov_y=-1.41
2025-05-18 02:57:55,018 - DEBUG - [Enemigo_4] Pos DESPUÉS update: Rect: (359, 358), Hitbox: (362, 361)
2025-05-18 02:57:55,018 - DEBUG - --- Fin Update Enemigo_4 ---
2025-05-18 02:57:55,018 - DEBUG - --- Inicio Update Enemigo_5 ---
2025-05-18 02:57:55,018 - DEBUG - [Enemigo_5] Pos ANTES update: Rect: (396, 270), Hitbox: (399, 273)
2025-05-18 02:57:55,018 - DEBUG - [Enemigo_5] Target (Jugador): (400, 301), Dist: 21.63, dx_obj: -12.00, dy_obj: 18.00
2025-05-18 02:57:55,019 - DEBUG - [Enemigo_5] Movimiento calculado: mov_x=0.00, mov_y=0.00
2025-05-18 02:57:55,019 - DEBUG - [Enemigo_5] Pos DESPUÉS update: Rect: (396, 270), Hitbox: (399, 273)
2025-05-18 02:57:55,019 - DEBUG - --- Fin Update Enemigo_5 ---
2025-05-18 02:57:55,019 - DEBUG - --- Inicio Update Enemigo_6 ---
2025-05-18 02:57:55,019 - DEBUG - [Enemigo_6] Pos ANTES update: Rect: (364, 295), Hitbox: (367, 298)
2025-05-18 02:57:55,020 - DEBUG - [Enemigo_6] Target (Jugador): (400, 301), Dist: 21.19, dx_obj: 20.00, dy_obj: -7.00
2025-05-18 02:57:55,020 - DEBUG - [Enemigo_6] Movimiento calculado: mov_x=0.00, mov_y=0.00
2025-05-18 02:57:55,020 - DEBUG - [Enemigo_6] Pos DESPUÉS update: Rect: (364, 295), Hitbox: (367, 298)
2025-05-18 02:57:55,020 - DEBUG - --- Fin Update Enemigo_6 ---
2025-05-18 02:57:55,029 - DEBUG - --- Inicio Update Enemigo_0 ---
2025-05-18 02:57:55,030 - DEBUG - [Enemigo_0] Pos ANTES update: Rect: (349, 300), Hitbox: (352, 303)
2025-05-18 02:57:55,030 - DEBUG - [Enemigo_0] Target (Jugador): (400, 301), Dist: 37.00, dx_obj: 35.00, dy_obj: -12.00
2025-05-18 02:57:55,030 - DEBUG - [Enemigo_0] Movimiento calculado: mov_x=1.42, mov_y=-0.49
2025-05-18 02:57:55,031 - DEBUG - [Enemigo_0] Pos DESPUÉS update: Rect: (350, 300), Hitbox: (353, 303)
2025-05-18 02:57:55,031 - DEBUG - --- Fin Update Enemigo_0 ---
2025-05-18 02:57:55,031 - DEBUG - --- Inicio Update Enemigo_1 ---
2025-05-18 02:57:55,031 - DEBUG - [Enemigo_1] Pos ANTES update: Rect: (411, 279), Hitbox: (414, 282)
2025-05-18 02:57:55,031 - DEBUG - [Enemigo_1] Target (Jugador): (400, 301), Dist: 28.46, dx_obj: -27.00, dy_obj: 9.00
2025-05-18 02:57:55,032 - DEBUG - [Enemigo_1] Movimiento calculado: mov_x=-1.42, mov_y=0.47
2025-05-18 02:57:55,032 - DEBUG - [Enemigo_1] Pos DESPUÉS update: Rect: (410, 279), Hitbox: (413, 282)
2025-05-18 02:57:55,032 - DEBUG - --- Fin Update Enemigo_1 ---
2025-05-18 02:57:55,032 - DEBUG - --- Inicio Update Enemigo_2 ---
2025-05-18 02:57:55,032 - DEBUG - [Enemigo_2] Pos ANTES update: Rect: (370, 329), Hitbox: (373, 332)
2025-05-18 02:57:55,033 - DEBUG - [Enemigo_2] Target (Jugador): (400, 301), Dist: 43.32, dx_obj: 14.00, dy_obj: -41.00
2025-05-18 02:57:55,033 - DEBUG - [Enemigo_2] Movimiento calculado: mov_x=0.48, mov_y=-1.42
2025-05-18 02:57:55,033 - DEBUG - [Enemigo_2] Pos DESPUÉS update: Rect: (370, 328), Hitbox: (373, 331)
2025-05-18 02:57:55,033 - DEBUG - --- Fin Update Enemigo_2 ---
2025-05-18 02:57:55,033 - DEBUG - --- Inicio Update Enemigo_3 ---
2025-05-18 02:57:55,033 - DEBUG - [Enemigo_3] Pos ANTES update: Rect: (326, 310), Hitbox: (329, 313)
2025-05-18 02:57:55,033 - DEBUG - [Enemigo_3] Target (Jugador): (400, 301), Dist: 62.03, dx_obj: 58.00, dy_obj: -22.00
2025-05-18 02:57:55,034 - DEBUG - [Enemigo_3] Movimiento calculado: mov_x=1.40, mov_y=-0.53
2025-05-18 02:57:55,034 - DEBUG - [Enemigo_3] Pos DESPUÉS update: Rect: (327, 309), Hitbox: (330, 312)
2025-05-18 02:57:55,034 - DEBUG - --- Fin Update Enemigo_3 ---
2025-05-18 02:57:55,034 - DEBUG - --- Inicio Update Enemigo_4 ---
2025-05-18 02:57:55,034 - DEBUG - [Enemigo_4] Pos ANTES update: Rect: (359, 358), Hitbox: (362, 361)
2025-05-18 02:57:55,034 - DEBUG - [Enemigo_4] Target (Jugador): (400, 301), Dist: 74.33, dx_obj: 25.00, dy_obj: -70.00
2025-05-18 02:57:55,034 - DEBUG - [Enemigo_4] Movimiento calculado: mov_x=0.50, mov_y=-1.41
2025-05-18 02:57:55,035 - DEBUG - [Enemigo_4] Pos DESPUÉS update: Rect: (360, 357), Hitbox: (363, 360)
2025-05-18 02:57:55,035 - DEBUG - --- Fin Update Enemigo_4 ---
2025-05-18 02:57:55,035 - DEBUG - --- Inicio Update Enemigo_5 ---
2025-05-18 02:57:55,035 - DEBUG - [Enemigo_5] Pos ANTES update: Rect: (396, 270), Hitbox: (399, 273)
2025-05-18 02:57:55,035 - DEBUG - [Enemigo_5] Target (Jugador): (400, 301), Dist: 21.63, dx_obj: -12.00, dy_obj: 18.00
2025-05-18 02:57:55,035 - DEBUG - [Enemigo_5] Movimiento calculado: mov_x=0.00, mov_y=0.00
2025-05-18 02:57:55,036 - DEBUG - [Enemigo_5] Pos DESPUÉS update: Rect: (396, 270), Hitbox: (399, 273)
2025-05-18 02:57:55,036 - DEBUG - --- Fin Update Enemigo_5 ---
2025-05-18 02:57:55,036 - DEBUG - --- Inicio Update Enemigo_6 ---
2025-05-18 02:57:55,036 - DEBUG - [Enemigo_6] Pos ANTES update: Rect: (364, 295), Hitbox: (367, 298)
2025-05-18 02:57:55,036 - DEBUG - [Enemigo_6] Target (Jugador): (400, 301), Dist: 21.19, dx_obj: 20.00, dy_obj: -7.00
2025-05-18 02:57:55,037 - DEBUG - [Enemigo_6] Movimiento calculado: mov_x=0.00, mov_y=0.00
2025-05-18 02:57:55,037 - DEBUG - [Enemigo_6] Pos DESPUÉS update: Rect: (364, 295), Hitbox: (367, 298)
2025-05-18 02:57:55,037 - DEBUG - --- Fin Update Enemigo_6 ---
2025-05-18 02:57:55,047 - DEBUG - --- Inicio Update Enemigo_0 ---
2025-05-18 02:57:55,047 - DEBUG - [Enemigo_0] Pos ANTES update: Rect: (350, 300), Hitbox: (353, 303)
2025-05-18 02:57:55,047 - DEBUG - [Enemigo_0] Target (Jugador): (400, 301), Dist: 36.06, dx_obj: 34.00, dy_obj: -12.00
2025-05-18 02:57:55,048 - DEBUG - [Enemigo_0] Movimiento calculado: mov_x=1.41, mov_y=-0.50
2025-05-18 02:57:55,048 - DEBUG - [Enemigo_0] Pos DESPUÉS update: Rect: (351, 300), Hitbox: (354, 303)
2025-05-18 02:57:55,048 - DEBUG - --- Fin Update Enemigo_0 ---
2025-05-18 02:57:55,048 - DEBUG - --- Inicio Update Enemigo_1 ---
2025-05-18 02:57:55,048 - DEBUG - [Enemigo_1] Pos ANTES update: Rect: (410, 279), Hitbox: (413, 282)
2025-05-18 02:57:55,049 - DEBUG - [Enemigo_1] Target (Jugador): (400, 301), Dist: 27.51, dx_obj: -26.00, dy_obj: 9.00
2025-05-18 02:57:55,049 - DEBUG - [Enemigo_1] Movimiento calculado: mov_x=-1.42, mov_y=0.49
2025-05-18 02:57:55,049 - DEBUG - [Enemigo_1] Pos DESPUÉS update: Rect: (409, 279), Hitbox: (412, 282)
2025-05-18 02:57:55,049 - DEBUG - --- Fin Update Enemigo_1 ---
2025-05-18 02:57:55,049 - DEBUG - --- Inicio Update Enemigo_2 ---
2025-05-18 02:57:55,049 - DEBUG - [Enemigo_2] Pos ANTES update: Rect: (370, 328), Hitbox: (373, 331)
2025-05-18 02:57:55,049 - DEBUG - [Enemigo_2] Target (Jugador): (400, 301), Dist: 42.38, dx_obj: 14.00, dy_obj: -40.00
2025-05-18 02:57:55,050 - DEBUG - [Enemigo_2] Movimiento calculado: mov_x=0.50, mov_y=-1.42
2025-05-18 02:57:55,050 - DEBUG - [Enemigo_2] Pos DESPUÉS update: Rect: (370, 327), Hitbox: (373, 330)
2025-05-18 02:57:55,050 - DEBUG - --- Fin Update Enemigo_2 ---
2025-05-18 02:57:55,050 - DEBUG - --- Inicio Update Enemigo_3 ---
2025-05-18 02:57:55,050 - DEBUG - [Enemigo_3] Pos ANTES update: Rect: (327, 309), Hitbox: (330, 312)
2025-05-18 02:57:55,050 - DEBUG - [Enemigo_3] Target (Jugador): (400, 301), Dist: 60.75, dx_obj: 57.00, dy_obj: -21.00
2025-05-18 02:57:55,050 - DEBUG - [Enemigo_3] Movimiento calculado: mov_x=1.41, mov_y=-0.52
2025-05-18 02:57:55,051 - DEBUG - [Enemigo_3] Pos DESPUÉS update: Rect: (328, 308), Hitbox: (331, 311)
2025-05-18 02:57:55,051 - DEBUG - --- Fin Update Enemigo_3 ---
2025-05-18 02:57:55,051 - DEBUG - --- Inicio Update Enemigo_4 ---
2025-05-18 02:57:55,051 - DEBUG - [Enemigo_4] Pos ANTES update: Rect: (360, 357), Hitbox: (363, 360)
2025-05-18 02:57:55,051 - DEBUG - [Enemigo_4] Target (Jugador): (400, 301), Dist: 73.05, dx_obj: 24.00, dy_obj: -69.00
2025-05-18 02:57:55,051 - DEBUG - [Enemigo_4] Movimiento calculado: mov_x=0.49, mov_y=-1.42
2025-05-18 02:57:55,052 - DEBUG - [Enemigo_4] Pos DESPUÉS update: Rect: (360, 356), Hitbox: (363, 359)
2025-05-18 02:57:55,052 - DEBUG - --- Fin Update Enemigo_4 ---
2025-05-18 02:57:55,052 - DEBUG - --- Inicio Update Enemigo_5 ---
2025-05-18 02:57:55,052 - DEBUG - [Enemigo_5] Pos ANTES update: Rect: (396, 270), Hitbox: (399, 273)
2025-05-18 02:57:55,052 - DEBUG - [Enemigo_5] Target (Jugador): (400, 301), Dist: 21.63, dx_obj: -12.00, dy_obj: 18.00
2025-05-18 02:57:55,052 - DEBUG - [Enemigo_5] Movimiento calculado: mov_x=0.00, mov_y=0.00
2025-05-18 02:57:55,052 - DEBUG - [Enemigo_5] Pos DESPUÉS update: Rect: (396, 270), Hitbox: (399, 273)
2025-05-18 02:57:55,053 - DEBUG - --- Fin Update Enemigo_5 ---
2025-05-18 02:57:55,053 - DEBUG - --- Inicio Update Enemigo_6 ---
2025-05-18 02:57:55,053 - DEBUG - [Enemigo_6] Pos ANTES update: Rect: (364, 295), Hitbox: (367, 298)
2025-05-18 02:57:55,053 - DEBUG - [Enemigo_6] Target (Jugador): (400, 301), Dist: 21.19, dx_obj: 20.00, dy_obj: -7.00
2025-05-18 02:57:55,053 - DEBUG - [Enemigo_6] Movimiento calculado: mov_x=0.00, mov_y=0.00
2025-05-18 02:57:55,054 - DEBUG - [Enemigo_6] Pos DESPUÉS update: Rect: (364, 295), Hitbox: (367, 298)
2025-05-18 02:57:55,054 - DEBUG - --- Fin Update Enemigo_6 ---
2025-05-18 02:57:55,063 - DEBUG - --- Inicio Update Enemigo_0 ---
2025-05-18 02:57:55,063 - DEBUG - [Enemigo_0] Pos ANTES update: Rect: (351, 300), Hitbox: (354, 303)
2025-05-18 02:57:55,064 - DEBUG - [Enemigo_0] Target (Jugador): (400, 301), Dist: 35.11, dx_obj: 33.00, dy_obj: -12.00
2025-05-18 02:57:55,064 - DEBUG - [Enemigo_0] Movimiento calculado: mov_x=1.41, mov_y=-0.51
2025-05-18 02:57:55,065 - DEBUG - [Enemigo_0] Pos DESPUÉS update: Rect: (352, 299), Hitbox: (355, 302)
2025-05-18 02:57:55,065 - DEBUG - --- Fin Update Enemigo_0 ---
2025-05-18 02:57:55,065 - DEBUG - --- Inicio Update Enemigo_1 ---
2025-05-18 02:57:55,065 - DEBUG - [Enemigo_1] Pos ANTES update: Rect: (409, 279), Hitbox: (412, 282)
2025-05-18 02:57:55,066 - DEBUG - [Enemigo_1] Target (Jugador): (400, 301), Dist: 26.57, dx_obj: -25.00, dy_obj: 9.00
2025-05-18 02:57:55,066 - DEBUG - [Enemigo_1] Movimiento calculado: mov_x=-1.41, mov_y=0.51
2025-05-18 02:57:55,066 - DEBUG - [Enemigo_1] Pos DESPUÉS update: Rect: (408, 280), Hitbox: (411, 283)
2025-05-18 02:57:55,066 - DEBUG - --- Fin Update Enemigo_1 ---
2025-05-18 02:57:55,067 - DEBUG - --- Inicio Update Enemigo_2 ---
2025-05-18 02:57:55,067 - DEBUG - [Enemigo_2] Pos ANTES update: Rect: (370, 327), Hitbox: (373, 330)
2025-05-18 02:57:55,067 - DEBUG - [Enemigo_2] Target (Jugador): (400, 301), Dist: 41.44, dx_obj: 14.00, dy_obj: -39.00
2025-05-18 02:57:55,067 - DEBUG - [Enemigo_2] Movimiento calculado: mov_x=0.51, mov_y=-1.41
2025-05-18 02:57:55,067 - DEBUG - [Enemigo_2] Pos DESPUÉS update: Rect: (371, 326), Hitbox: (374, 329)
2025-05-18 02:57:55,067 - DEBUG - --- Fin Update Enemigo_2 ---
2025-05-18 02:57:55,068 - DEBUG - --- Inicio Update Enemigo_3 ---
2025-05-18 02:57:55,068 - DEBUG - [Enemigo_3] Pos ANTES update: Rect: (328, 308), Hitbox: (331, 311)
2025-05-18 02:57:55,068 - DEBUG - [Enemigo_3] Target (Jugador): (400, 301), Dist: 59.46, dx_obj: 56.00, dy_obj: -20.00
2025-05-18 02:57:55,068 - DEBUG - [Enemigo_3] Movimiento calculado: mov_x=1.41, mov_y=-0.50
2025-05-18 02:57:55,068 - DEBUG - [Enemigo_3] Pos DESPUÉS update: Rect: (329, 307), Hitbox: (332, 310)
2025-05-18 02:57:55,068 - DEBUG - --- Fin Update Enemigo_3 ---
2025-05-18 02:57:55,068 - DEBUG - --- Inicio Update Enemigo_4 ---
2025-05-18 02:57:55,069 - DEBUG - [Enemigo_4] Pos ANTES update: Rect: (360, 356), Hitbox: (363, 359)
2025-05-18 02:57:55,069 - DEBUG - [Enemigo_4] Target (Jugador): (400, 301), Dist: 72.11, dx_obj: 24.00, dy_obj: -68.00
2025-05-18 02:57:55,069 - DEBUG - [Enemigo_4] Movimiento calculado: mov_x=0.50, mov_y=-1.41
2025-05-18 02:57:55,069 - DEBUG - [Enemigo_4] Pos DESPUÉS update: Rect: (360, 355), Hitbox: (363, 358)
2025-05-18 02:57:55,069 - DEBUG - --- Fin Update Enemigo_4 ---
2025-05-18 02:57:55,070 - DEBUG - --- Inicio Update Enemigo_5 ---
2025-05-18 02:57:55,070 - DEBUG - [Enemigo_5] Pos ANTES update: Rect: (396, 270), Hitbox: (399, 273)
2025-05-18 02:57:55,070 - DEBUG - [Enemigo_5] Target (Jugador): (400, 301), Dist: 21.63, dx_obj: -12.00, dy_obj: 18.00
2025-05-18 02:57:55,070 - DEBUG - [Enemigo_5] Movimiento calculado: mov_x=0.00, mov_y=0.00
2025-05-18 02:57:55,070 - DEBUG - [Enemigo_5] Pos DESPUÉS update: Rect: (396, 270), Hitbox: (399, 273)
2025-05-18 02:57:55,071 - DEBUG - --- Fin Update Enemigo_5 ---
2025-05-18 02:57:55,071 - DEBUG - --- Inicio Update Enemigo_6 ---
2025-05-18 02:57:55,071 - DEBUG - [Enemigo_6] Pos ANTES update: Rect: (364, 295), Hitbox: (367, 298)
2025-05-18 02:57:55,071 - DEBUG - [Enemigo_6] Target (Jugador): (400, 301), Dist: 21.19, dx_obj: 20.00, dy_obj: -7.00
2025-05-18 02:57:55,071 - DEBUG - [Enemigo_6] Movimiento calculado: mov_x=0.00, mov_y=0.00
2025-05-18 02:57:55,071 - DEBUG - [Enemigo_6] Pos DESPUÉS update: Rect: (364, 295), Hitbox: (367, 298)
2025-05-18 02:57:55,072 - DEBUG - --- Fin Update Enemigo_6 ---
2025-05-18 02:57:55,080 - DEBUG - --- Inicio Update Enemigo_0 ---
2025-05-18 02:57:55,080 - DEBUG - [Enemigo_0] Pos ANTES update: Rect: (352, 299), Hitbox: (355, 302)
2025-05-18 02:57:55,081 - DEBUG - [Enemigo_0] Target (Jugador): (400, 301), Dist: 33.84, dx_obj: 32.00, dy_obj: -11.00
2025-05-18 02:57:55,081 - DEBUG - [Enemigo_0] Movimiento calculado: mov_x=1.42, mov_y=-0.49
2025-05-18 02:57:55,081 - DEBUG - [Enemigo_0] Pos DESPUÉS update: Rect: (353, 299), Hitbox: (356, 302)
2025-05-18 02:57:55,081 - DEBUG - --- Fin Update Enemigo_0 ---
2025-05-18 02:57:55,082 - DEBUG - --- Inicio Update Enemigo_1 ---
2025-05-18 02:57:55,082 - DEBUG - [Enemigo_1] Pos ANTES update: Rect: (408, 280), Hitbox: (411, 283)
2025-05-18 02:57:55,082 - DEBUG - [Enemigo_1] Target (Jugador): (400, 301), Dist: 25.30, dx_obj: -24.00, dy_obj: 8.00
2025-05-18 02:57:55,082 - DEBUG - [Enemigo_1] Movimiento calculado: mov_x=-1.42, mov_y=0.47
2025-05-18 02:57:55,082 - DEBUG - [Enemigo_1] Pos DESPUÉS update: Rect: (407, 280), Hitbox: (410, 283)
2025-05-18 02:57:55,082 - DEBUG - --- Fin Update Enemigo_1 ---
2025-05-18 02:57:55,083 - DEBUG - --- Inicio Update Enemigo_2 ---
2025-05-18 02:57:55,083 - DEBUG - [Enemigo_2] Pos ANTES update: Rect: (371, 326), Hitbox: (374, 329)
2025-05-18 02:57:55,083 - DEBUG - [Enemigo_2] Target (Jugador): (400, 301), Dist: 40.16, dx_obj: 13.00, dy_obj: -38.00
2025-05-18 02:57:55,083 - DEBUG - [Enemigo_2] Movimiento calculado: mov_x=0.49, mov_y=-1.42
2025-05-18 02:57:55,083 - DEBUG - [Enemigo_2] Pos DESPUÉS update: Rect: (371, 325), Hitbox: (374, 328)
2025-05-18 02:57:55,083 - DEBUG - --- Fin Update Enemigo_2 ---
2025-05-18 02:57:55,083 - DEBUG - --- Inicio Update Enemigo_3 ---
2025-05-18 02:57:55,083 - DEBUG - [Enemigo_3] Pos ANTES update: Rect: (329, 307), Hitbox: (332, 310)
2025-05-18 02:57:55,084 - DEBUG - [Enemigo_3] Target (Jugador): (400, 301), Dist: 58.19, dx_obj: 55.00, dy_obj: -19.00
2025-05-18 02:57:55,084 - DEBUG - [Enemigo_3] Movimiento calculado: mov_x=1.42, mov_y=-0.49
2025-05-18 02:57:55,084 - DEBUG - [Enemigo_3] Pos DESPUÉS update: Rect: (330, 307), Hitbox: (333, 310)
2025-05-18 02:57:55,084 - DEBUG - --- Fin Update Enemigo_3 ---
2025-05-18 02:57:55,084 - DEBUG - --- Inicio Update Enemigo_4 ---
2025-05-18 02:57:55,085 - DEBUG - [Enemigo_4] Pos ANTES update: Rect: (360, 355), Hitbox: (363, 358)
2025-05-18 02:57:55,085 - DEBUG - [Enemigo_4] Target (Jugador): (400, 301), Dist: 71.17, dx_obj: 24.00, dy_obj: -67.00
2025-05-18 02:57:55,085 - DEBUG - [Enemigo_4] Movimiento calculado: mov_x=0.51, mov_y=-1.41
2025-05-18 02:57:55,085 - DEBUG - [Enemigo_4] Pos DESPUÉS update: Rect: (361, 354), Hitbox: (364, 357)
2025-05-18 02:57:55,085 - DEBUG - --- Fin Update Enemigo_4 ---
2025-05-18 02:57:55,085 - DEBUG - --- Inicio Update Enemigo_5 ---
2025-05-18 02:57:55,085 - DEBUG - [Enemigo_5] Pos ANTES update: Rect: (396, 270), Hitbox: (399, 273)
2025-05-18 02:57:55,086 - DEBUG - [Enemigo_5] Target (Jugador): (400, 301), Dist: 21.63, dx_obj: -12.00, dy_obj: 18.00
2025-05-18 02:57:55,086 - DEBUG - [Enemigo_5] Movimiento calculado: mov_x=0.00, mov_y=0.00
2025-05-18 02:57:55,086 - DEBUG - [Enemigo_5] Pos DESPUÉS update: Rect: (396, 270), Hitbox: (399, 273)
2025-05-18 02:57:55,086 - DEBUG - --- Fin Update Enemigo_5 ---
2025-05-18 02:57:55,086 - DEBUG - --- Inicio Update Enemigo_6 ---
2025-05-18 02:57:55,086 - DEBUG - [Enemigo_6] Pos ANTES update: Rect: (364, 295), Hitbox: (367, 298)
2025-05-18 02:57:55,087 - DEBUG - [Enemigo_6] Target (Jugador): (400, 301), Dist: 21.19, dx_obj: 20.00, dy_obj: -7.00
2025-05-18 02:57:55,087 - DEBUG - [Enemigo_6] Movimiento calculado: mov_x=0.00, mov_y=0.00
2025-05-18 02:57:55,087 - DEBUG - [Enemigo_6] Pos DESPUÉS update: Rect: (364, 295), Hitbox: (367, 298)
2025-05-18 02:57:55,087 - DEBUG - --- Fin Update Enemigo_6 ---
2025-05-18 02:57:55,098 - DEBUG - --- Inicio Update Enemigo_0 ---
2025-05-18 02:57:55,098 - DEBUG - [Enemigo_0] Pos ANTES update: Rect: (353, 299), Hitbox: (356, 302)
2025-05-18 02:57:55,098 - DEBUG - [Enemigo_0] Target (Jugador): (400, 301), Dist: 32.89, dx_obj: 31.00, dy_obj: -11.00
2025-05-18 02:57:55,099 - DEBUG - [Enemigo_0] Movimiento calculado: mov_x=1.41, mov_y=-0.50
2025-05-18 02:57:55,099 - DEBUG - [Enemigo_0] Pos DESPUÉS update: Rect: (354, 298), Hitbox: (357, 301)
2025-05-18 02:57:55,099 - DEBUG - --- Fin Update Enemigo_0 ---
2025-05-18 02:57:55,099 - DEBUG - --- Inicio Update Enemigo_1 ---
2025-05-18 02:57:55,099 - DEBUG - [Enemigo_1] Pos ANTES update: Rect: (407, 280), Hitbox: (410, 283)
2025-05-18 02:57:55,099 - DEBUG - [Enemigo_1] Target (Jugador): (400, 301), Dist: 24.35, dx_obj: -23.00, dy_obj: 8.00
2025-05-18 02:57:55,100 - DEBUG - [Enemigo_1] Movimiento calculado: mov_x=-1.42, mov_y=0.49
2025-05-18 02:57:55,100 - DEBUG - [Enemigo_1] Pos DESPUÉS update: Rect: (406, 280), Hitbox: (409, 283)
2025-05-18 02:57:55,100 - DEBUG - --- Fin Update Enemigo_1 ---
2025-05-18 02:57:55,100 - DEBUG - --- Inicio Update Enemigo_2 ---
2025-05-18 02:57:55,100 - DEBUG - [Enemigo_2] Pos ANTES update: Rect: (371, 325), Hitbox: (374, 328)
2025-05-18 02:57:55,100 - DEBUG - [Enemigo_2] Target (Jugador): (400, 301), Dist: 39.22, dx_obj: 13.00, dy_obj: -37.00
2025-05-18 02:57:55,101 - DEBUG - [Enemigo_2] Movimiento calculado: mov_x=0.50, mov_y=-1.42
2025-05-18 02:57:55,101 - DEBUG - [Enemigo_2] Pos DESPUÉS update: Rect: (371, 324), Hitbox: (374, 327)
2025-05-18 02:57:55,101 - DEBUG - --- Fin Update Enemigo_2 ---
2025-05-18 02:57:55,101 - DEBUG - --- Inicio Update Enemigo_3 ---
2025-05-18 02:57:55,101 - DEBUG - [Enemigo_3] Pos ANTES update: Rect: (330, 307), Hitbox: (333, 310)
2025-05-18 02:57:55,101 - DEBUG - [Enemigo_3] Target (Jugador): (400, 301), Dist: 57.25, dx_obj: 54.00, dy_obj: -19.00
2025-05-18 02:57:55,101 - DEBUG - [Enemigo_3] Movimiento calculado: mov_x=1.41, mov_y=-0.50
2025-05-18 02:57:55,102 - DEBUG - [Enemigo_3] Pos DESPUÉS update: Rect: (331, 307), Hitbox: (334, 310)
2025-05-18 02:57:55,102 - DEBUG - --- Fin Update Enemigo_3 ---
2025-05-18 02:57:55,102 - DEBUG - --- Inicio Update Enemigo_4 ---
2025-05-18 02:57:55,102 - DEBUG - [Enemigo_4] Pos ANTES update: Rect: (361, 354), Hitbox: (364, 357)
2025-05-18 02:57:55,102 - DEBUG - [Enemigo_4] Target (Jugador): (400, 301), Dist: 69.89, dx_obj: 23.00, dy_obj: -66.00
2025-05-18 02:57:55,102 - DEBUG - [Enemigo_4] Movimiento calculado: mov_x=0.49, mov_y=-1.42
2025-05-18 02:57:55,102 - DEBUG - [Enemigo_4] Pos DESPUÉS update: Rect: (361, 353), Hitbox: (364, 356)
2025-05-18 02:57:55,103 - DEBUG - --- Fin Update Enemigo_4 ---
2025-05-18 02:57:55,103 - DEBUG - --- Inicio Update Enemigo_5 ---
2025-05-18 02:57:55,103 - DEBUG - [Enemigo_5] Pos ANTES update: Rect: (396, 270), Hitbox: (399, 273)
2025-05-18 02:57:55,103 - DEBUG - [Enemigo_5] Target (Jugador): (400, 301), Dist: 21.63, dx_obj: -12.00, dy_obj: 18.00
2025-05-18 02:57:55,103 - DEBUG - [Enemigo_5] Movimiento calculado: mov_x=0.00, mov_y=0.00
2025-05-18 02:57:55,104 - DEBUG - [Enemigo_5] Pos DESPUÉS update: Rect: (396, 270), Hitbox: (399, 273)
2025-05-18 02:57:55,104 - DEBUG - --- Fin Update Enemigo_5 ---
2025-05-18 02:57:55,104 - DEBUG - --- Inicio Update Enemigo_6 ---
2025-05-18 02:57:55,104 - DEBUG - [Enemigo_6] Pos ANTES update: Rect: (364, 295), Hitbox: (367, 298)
2025-05-18 02:57:55,104 - DEBUG - [Enemigo_6] Target (Jugador): (400, 301), Dist: 21.19, dx_obj: 20.00, dy_obj: -7.00
2025-05-18 02:57:55,104 - DEBUG - [Enemigo_6] Movimiento calculado: mov_x=0.00, mov_y=0.00
2025-05-18 02:57:55,105 - DEBUG - [Enemigo_6] Pos DESPUÉS update: Rect: (364, 295), Hitbox: (367, 298)
2025-05-18 02:57:55,105 - DEBUG - --- Fin Update Enemigo_6 ---
2025-05-18 02:57:55,113 - DEBUG - --- Inicio Update Enemigo_0 ---
2025-05-18 02:57:55,114 - DEBUG - [Enemigo_0] Pos ANTES update: Rect: (354, 298), Hitbox: (357, 301)
2025-05-18 02:57:55,114 - DEBUG - [Enemigo_0] Target (Jugador): (400, 301), Dist: 31.62, dx_obj: 30.00, dy_obj: -10.00
2025-05-18 02:57:55,114 - DEBUG - [Enemigo_0] Movimiento calculado: mov_x=1.42, mov_y=-0.47
2025-05-18 02:57:55,114 - DEBUG - [Enemigo_0] Pos DESPUÉS update: Rect: (355, 298), Hitbox: (358, 301)
2025-05-18 02:57:55,115 - DEBUG - --- Fin Update Enemigo_0 ---
2025-05-18 02:57:55,115 - DEBUG - --- Inicio Update Enemigo_1 ---
2025-05-18 02:57:55,115 - DEBUG - [Enemigo_1] Pos ANTES update: Rect: (406, 280), Hitbox: (409, 283)
2025-05-18 02:57:55,115 - DEBUG - [Enemigo_1] Target (Jugador): (400, 301), Dist: 23.41, dx_obj: -22.00, dy_obj: 8.00
2025-05-18 02:57:55,115 - DEBUG - [Enemigo_1] Movimiento calculado: mov_x=-1.41, mov_y=0.51
2025-05-18 02:57:55,116 - DEBUG - [Enemigo_1] Pos DESPUÉS update: Rect: (405, 281), Hitbox: (408, 284)
2025-05-18 02:57:55,116 - DEBUG - --- Fin Update Enemigo_1 ---
2025-05-18 02:57:55,116 - DEBUG - --- Inicio Update Enemigo_2 ---
2025-05-18 02:57:55,116 - DEBUG - [Enemigo_2] Pos ANTES update: Rect: (371, 324), Hitbox: (374, 327)
2025-05-18 02:57:55,116 - DEBUG - [Enemigo_2] Target (Jugador): (400, 301), Dist: 38.28, dx_obj: 13.00, dy_obj: -36.00
2025-05-18 02:57:55,116 - DEBUG - [Enemigo_2] Movimiento calculado: mov_x=0.51, mov_y=-1.41
2025-05-18 02:57:55,116 - DEBUG - [Enemigo_2] Pos DESPUÉS update: Rect: (372, 323), Hitbox: (375, 326)
2025-05-18 02:57:55,117 - DEBUG - --- Fin Update Enemigo_2 ---
2025-05-18 02:57:55,117 - DEBUG - --- Inicio Update Enemigo_3 ---
2025-05-18 02:57:55,117 - DEBUG - [Enemigo_3] Pos ANTES update: Rect: (331, 307), Hitbox: (334, 310)
2025-05-18 02:57:55,117 - DEBUG - [Enemigo_3] Target (Jugador): (400, 301), Dist: 56.30, dx_obj: 53.00, dy_obj: -19.00
2025-05-18 02:57:55,117 - DEBUG - [Enemigo_3] Movimiento calculado: mov_x=1.41, mov_y=-0.51
2025-05-18 02:57:55,117 - DEBUG - [Enemigo_3] Pos DESPUÉS update: Rect: (332, 306), Hitbox: (335, 309)
2025-05-18 02:57:55,118 - DEBUG - --- Fin Update Enemigo_3 ---
2025-05-18 02:57:55,118 - DEBUG - --- Inicio Update Enemigo_4 ---
2025-05-18 02:57:55,118 - DEBUG - [Enemigo_4] Pos ANTES update: Rect: (361, 353), Hitbox: (364, 356)
2025-05-18 02:57:55,118 - DEBUG - [Enemigo_4] Target (Jugador): (400, 301), Dist: 68.95, dx_obj: 23.00, dy_obj: -65.00
2025-05-18 02:57:55,118 - DEBUG - [Enemigo_4] Movimiento calculado: mov_x=0.50, mov_y=-1.41
2025-05-18 02:57:55,118 - DEBUG - [Enemigo_4] Pos DESPUÉS update: Rect: (362, 352), Hitbox: (365, 355)
2025-05-18 02:57:55,118 - DEBUG - --- Fin Update Enemigo_4 ---
2025-05-18 02:57:55,119 - DEBUG - --- Inicio Update Enemigo_5 ---
2025-05-18 02:57:55,119 - DEBUG - [Enemigo_5] Pos ANTES update: Rect: (396, 270), Hitbox: (399, 273)
2025-05-18 02:57:55,119 - DEBUG - [Enemigo_5] Target (Jugador): (400, 301), Dist: 21.63, dx_obj: -12.00, dy_obj: 18.00
2025-05-18 02:57:55,119 - DEBUG - [Enemigo_5] Movimiento calculado: mov_x=0.00, mov_y=0.00
2025-05-18 02:57:55,119 - DEBUG - [Enemigo_5] Pos DESPUÉS update: Rect: (396, 270), Hitbox: (399, 273)
2025-05-18 02:57:55,120 - DEBUG - --- Fin Update Enemigo_5 ---
2025-05-18 02:57:55,120 - DEBUG - --- Inicio Update Enemigo_6 ---
2025-05-18 02:57:55,120 - DEBUG - [Enemigo_6] Pos ANTES update: Rect: (364, 295), Hitbox: (367, 298)
2025-05-18 02:57:55,120 - DEBUG - [Enemigo_6] Target (Jugador): (400, 301), Dist: 21.19, dx_obj: 20.00, dy_obj: -7.00
2025-05-18 02:57:55,120 - DEBUG - [Enemigo_6] Movimiento calculado: mov_x=0.00, mov_y=0.00
2025-05-18 02:57:55,120 - DEBUG - [Enemigo_6] Pos DESPUÉS update: Rect: (364, 295), Hitbox: (367, 298)
2025-05-18 02:57:55,121 - DEBUG - --- Fin Update Enemigo_6 ---
2025-05-18 02:57:55,130 - DEBUG - --- Inicio Update Enemigo_0 ---
2025-05-18 02:57:55,131 - DEBUG - [Enemigo_0] Pos ANTES update: Rect: (355, 298), Hitbox: (358, 301)
2025-05-18 02:57:55,131 - DEBUG - [Enemigo_0] Target (Jugador): (400, 301), Dist: 30.68, dx_obj: 29.00, dy_obj: -10.00
2025-05-18 02:57:55,131 - DEBUG - [Enemigo_0] Movimiento calculado: mov_x=1.42, mov_y=-0.49
2025-05-18 02:57:55,131 - DEBUG - [Enemigo_0] Pos DESPUÉS update: Rect: (356, 298), Hitbox: (359, 301)
2025-05-18 02:57:55,131 - DEBUG - --- Fin Update Enemigo_0 ---
2025-05-18 02:57:55,132 - DEBUG - --- Inicio Update Enemigo_1 ---
2025-05-18 02:57:55,132 - DEBUG - [Enemigo_1] Pos ANTES update: Rect: (405, 281), Hitbox: (408, 284)
2025-05-18 02:57:55,132 - DEBUG - [Enemigo_1] Target (Jugador): (400, 301), Dist: 22.14, dx_obj: -21.00, dy_obj: 7.00
2025-05-18 02:57:55,132 - DEBUG - [Enemigo_1] Movimiento calculado: mov_x=-1.42, mov_y=0.47
2025-05-18 02:57:55,132 - DEBUG - [Enemigo_1] Pos DESPUÉS update: Rect: (404, 281), Hitbox: (407, 284)
2025-05-18 02:57:55,132 - DEBUG - --- Fin Update Enemigo_1 ---
2025-05-18 02:57:55,133 - DEBUG - --- Inicio Update Enemigo_2 ---
2025-05-18 02:57:55,133 - DEBUG - [Enemigo_2] Pos ANTES update: Rect: (372, 323), Hitbox: (375, 326)
2025-05-18 02:57:55,133 - DEBUG - [Enemigo_2] Target (Jugador): (400, 301), Dist: 37.00, dx_obj: 12.00, dy_obj: -35.00
2025-05-18 02:57:55,133 - DEBUG - [Enemigo_2] Movimiento calculado: mov_x=0.49, mov_y=-1.42
2025-05-18 02:57:55,133 - DEBUG - [Enemigo_2] Pos DESPUÉS update: Rect: (372, 322), Hitbox: (375, 325)
2025-05-18 02:57:55,133 - DEBUG - --- Fin Update Enemigo_2 ---
2025-05-18 02:57:55,134 - DEBUG - --- Inicio Update Enemigo_3 ---
2025-05-18 02:57:55,134 - DEBUG - [Enemigo_3] Pos ANTES update: Rect: (332, 306), Hitbox: (335, 309)
2025-05-18 02:57:55,134 - DEBUG - [Enemigo_3] Target (Jugador): (400, 301), Dist: 55.03, dx_obj: 52.00, dy_obj: -18.00
2025-05-18 02:57:55,134 - DEBUG - [Enemigo_3] Movimiento calculado: mov_x=1.42, mov_y=-0.49
2025-05-18 02:57:55,134 - DEBUG - [Enemigo_3] Pos DESPUÉS update: Rect: (333, 306), Hitbox: (336, 309)
2025-05-18 02:57:55,134 - DEBUG - --- Fin Update Enemigo_3 ---
2025-05-18 02:57:55,135 - DEBUG - --- Inicio Update Enemigo_4 ---
2025-05-18 02:57:55,135 - DEBUG - [Enemigo_4] Pos ANTES update: Rect: (362, 352), Hitbox: (365, 355)
2025-05-18 02:57:55,135 - DEBUG - [Enemigo_4] Target (Jugador): (400, 301), Dist: 67.68, dx_obj: 22.00, dy_obj: -64.00
2025-05-18 02:57:55,135 - DEBUG - [Enemigo_4] Movimiento calculado: mov_x=0.49, mov_y=-1.42
2025-05-18 02:57:55,135 - DEBUG - [Enemigo_4] Pos DESPUÉS update: Rect: (362, 351), Hitbox: (365, 354)
2025-05-18 02:57:55,135 - DEBUG - --- Fin Update Enemigo_4 ---
2025-05-18 02:57:55,135 - DEBUG - --- Inicio Update Enemigo_5 ---
2025-05-18 02:57:55,135 - DEBUG - [Enemigo_5] Pos ANTES update: Rect: (396, 270), Hitbox: (399, 273)
2025-05-18 02:57:55,136 - DEBUG - [Enemigo_5] Target (Jugador): (400, 301), Dist: 21.63, dx_obj: -12.00, dy_obj: 18.00
2025-05-18 02:57:55,136 - DEBUG - [Enemigo_5] Movimiento calculado: mov_x=0.00, mov_y=0.00
2025-05-18 02:57:55,136 - DEBUG - [Enemigo_5] Pos DESPUÉS update: Rect: (396, 270), Hitbox: (399, 273)
2025-05-18 02:57:55,136 - DEBUG - --- Fin Update Enemigo_5 ---
2025-05-18 02:57:55,136 - DEBUG - --- Inicio Update Enemigo_6 ---
2025-05-18 02:57:55,136 - DEBUG - [Enemigo_6] Pos ANTES update: Rect: (364, 295), Hitbox: (367, 298)
2025-05-18 02:57:55,137 - DEBUG - [Enemigo_6] Target (Jugador): (400, 301), Dist: 21.19, dx_obj: 20.00, dy_obj: -7.00
2025-05-18 02:57:55,137 - DEBUG - [Enemigo_6] Movimiento calculado: mov_x=0.00, mov_y=0.00
2025-05-18 02:57:55,137 - DEBUG - [Enemigo_6] Pos DESPUÉS update: Rect: (364, 295), Hitbox: (367, 298)
2025-05-18 02:57:55,137 - DEBUG - --- Fin Update Enemigo_6 ---
2025-05-18 02:57:55,146 - DEBUG - --- Inicio Update Enemigo_0 ---
2025-05-18 02:57:55,146 - DEBUG - [Enemigo_0] Pos ANTES update: Rect: (356, 298), Hitbox: (359, 301)
2025-05-18 02:57:55,147 - DEBUG - [Enemigo_0] Target (Jugador): (400, 301), Dist: 29.73, dx_obj: 28.00, dy_obj: -10.00
2025-05-18 02:57:55,147 - DEBUG - [Enemigo_0] Movimiento calculado: mov_x=1.41, mov_y=-0.50
2025-05-18 02:57:55,147 - DEBUG - [Enemigo_0] Pos DESPUÉS update: Rect: (357, 297), Hitbox: (360, 300)
2025-05-18 02:57:55,147 - DEBUG - --- Fin Update Enemigo_0 ---
2025-05-18 02:57:55,147 - DEBUG - --- Inicio Update Enemigo_1 ---
2025-05-18 02:57:55,147 - DEBUG - [Enemigo_1] Pos ANTES update: Rect: (404, 281), Hitbox: (407, 284)
2025-05-18 02:57:55,148 - DEBUG - [Enemigo_1] Target (Jugador): (400, 301), Dist: 21.19, dx_obj: -20.00, dy_obj: 7.00
2025-05-18 02:57:55,148 - DEBUG - [Enemigo_1] Movimiento calculado: mov_x=0.00, mov_y=0.00
2025-05-18 02:57:55,148 - DEBUG - [Enemigo_1] Pos DESPUÉS update: Rect: (404, 281), Hitbox: (407, 284)
2025-05-18 02:57:55,148 - DEBUG - --- Fin Update Enemigo_1 ---
2025-05-18 02:57:55,148 - DEBUG - --- Inicio Update Enemigo_2 ---
2025-05-18 02:57:55,148 - DEBUG - [Enemigo_2] Pos ANTES update: Rect: (372, 322), Hitbox: (375, 325)
2025-05-18 02:57:55,148 - DEBUG - [Enemigo_2] Target (Jugador): (400, 301), Dist: 36.06, dx_obj: 12.00, dy_obj: -34.00
2025-05-18 02:57:55,149 - DEBUG - [Enemigo_2] Movimiento calculado: mov_x=0.50, mov_y=-1.41
2025-05-18 02:57:55,149 - DEBUG - [Enemigo_2] Pos DESPUÉS update: Rect: (372, 321), Hitbox: (375, 324)
2025-05-18 02:57:55,149 - DEBUG - --- Fin Update Enemigo_2 ---
2025-05-18 02:57:55,149 - DEBUG - --- Inicio Update Enemigo_3 ---
2025-05-18 02:57:55,149 - DEBUG - [Enemigo_3] Pos ANTES update: Rect: (333, 306), Hitbox: (336, 309)
2025-05-18 02:57:55,149 - DEBUG - [Enemigo_3] Target (Jugador): (400, 301), Dist: 54.08, dx_obj: 51.00, dy_obj: -18.00
2025-05-18 02:57:55,150 - DEBUG - [Enemigo_3] Movimiento calculado: mov_x=1.41, mov_y=-0.50
2025-05-18 02:57:55,150 - DEBUG - [Enemigo_3] Pos DESPUÉS update: Rect: (334, 306), Hitbox: (337, 309)
2025-05-18 02:57:55,150 - DEBUG - --- Fin Update Enemigo_3 ---
2025-05-18 02:57:55,150 - DEBUG - --- Inicio Update Enemigo_4 ---
2025-05-18 02:57:55,150 - DEBUG - [Enemigo_4] Pos ANTES update: Rect: (362, 351), Hitbox: (365, 354)
2025-05-18 02:57:55,150 - DEBUG - [Enemigo_4] Target (Jugador): (400, 301), Dist: 66.73, dx_obj: 22.00, dy_obj: -63.00
2025-05-18 02:57:55,150 - DEBUG - [Enemigo_4] Movimiento calculado: mov_x=0.49, mov_y=-1.42
2025-05-18 02:57:55,151 - DEBUG - [Enemigo_4] Pos DESPUÉS update: Rect: (362, 350), Hitbox: (365, 353)
2025-05-18 02:57:55,151 - DEBUG - --- Fin Update Enemigo_4 ---
2025-05-18 02:57:55,151 - DEBUG - --- Inicio Update Enemigo_5 ---
2025-05-18 02:57:55,151 - DEBUG - [Enemigo_5] Pos ANTES update: Rect: (396, 270), Hitbox: (399, 273)
2025-05-18 02:57:55,151 - DEBUG - [Enemigo_5] Target (Jugador): (400, 301), Dist: 21.63, dx_obj: -12.00, dy_obj: 18.00
2025-05-18 02:57:55,151 - DEBUG - [Enemigo_5] Movimiento calculado: mov_x=0.00, mov_y=0.00
2025-05-18 02:57:55,151 - DEBUG - [Enemigo_5] Pos DESPUÉS update: Rect: (396, 270), Hitbox: (399, 273)
2025-05-18 02:57:55,152 - DEBUG - --- Fin Update Enemigo_5 ---
2025-05-18 02:57:55,152 - DEBUG - --- Inicio Update Enemigo_6 ---
2025-05-18 02:57:55,152 - DEBUG - [Enemigo_6] Pos ANTES update: Rect: (364, 295), Hitbox: (367, 298)
2025-05-18 02:57:55,152 - DEBUG - [Enemigo_6] Target (Jugador): (400, 301), Dist: 21.19, dx_obj: 20.00, dy_obj: -7.00
2025-05-18 02:57:55,152 - DEBUG - [Enemigo_6] Movimiento calculado: mov_x=0.00, mov_y=0.00
2025-05-18 02:57:55,152 - DEBUG - [Enemigo_6] Pos DESPUÉS update: Rect: (364, 295), Hitbox: (367, 298)
2025-05-18 02:57:55,152 - DEBUG - --- Fin Update Enemigo_6 ---
2025-05-18 02:57:55,162 - DEBUG - --- Inicio Update Enemigo_0 ---
2025-05-18 02:57:55,162 - DEBUG - [Enemigo_0] Pos ANTES update: Rect: (357, 297), Hitbox: (360, 300)
2025-05-18 02:57:55,163 - DEBUG - [Enemigo_0] Target (Jugador): (400, 301), Dist: 28.46, dx_obj: 27.00, dy_obj: -9.00
2025-05-18 02:57:55,163 - DEBUG - [Enemigo_0] Movimiento calculado: mov_x=1.42, mov_y=-0.47
2025-05-18 02:57:55,163 - DEBUG - [Enemigo_0] Pos DESPUÉS update: Rect: (358, 297), Hitbox: (361, 300)
2025-05-18 02:57:55,164 - DEBUG - --- Fin Update Enemigo_0 ---
2025-05-18 02:57:55,164 - DEBUG - --- Inicio Update Enemigo_1 ---
2025-05-18 02:57:55,164 - DEBUG - [Enemigo_1] Pos ANTES update: Rect: (404, 281), Hitbox: (407, 284)
2025-05-18 02:57:55,164 - DEBUG - [Enemigo_1] Target (Jugador): (400, 301), Dist: 21.19, dx_obj: -20.00, dy_obj: 7.00
2025-05-18 02:57:55,165 - DEBUG - [Enemigo_1] Movimiento calculado: mov_x=0.00, mov_y=0.00
2025-05-18 02:57:55,165 - DEBUG - [Enemigo_1] Pos DESPUÉS update: Rect: (404, 281), Hitbox: (407, 284)
2025-05-18 02:57:55,165 - DEBUG - --- Fin Update Enemigo_1 ---
2025-05-18 02:57:55,165 - DEBUG - --- Inicio Update Enemigo_2 ---
2025-05-18 02:57:55,165 - DEBUG - [Enemigo_2] Pos ANTES update: Rect: (372, 321), Hitbox: (375, 324)
2025-05-18 02:57:55,165 - DEBUG - [Enemigo_2] Target (Jugador): (400, 301), Dist: 35.11, dx_obj: 12.00, dy_obj: -33.00
2025-05-18 02:57:55,166 - DEBUG - [Enemigo_2] Movimiento calculado: mov_x=0.51, mov_y=-1.41
2025-05-18 02:57:55,166 - DEBUG - [Enemigo_2] Pos DESPUÉS update: Rect: (373, 320), Hitbox: (376, 323)
2025-05-18 02:57:55,166 - DEBUG - --- Fin Update Enemigo_2 ---
2025-05-18 02:57:55,166 - DEBUG - --- Inicio Update Enemigo_3 ---
2025-05-18 02:57:55,166 - DEBUG - [Enemigo_3] Pos ANTES update: Rect: (334, 306), Hitbox: (337, 309)
2025-05-18 02:57:55,166 - DEBUG - [Enemigo_3] Target (Jugador): (400, 301), Dist: 53.14, dx_obj: 50.00, dy_obj: -18.00
2025-05-18 02:57:55,167 - DEBUG - [Enemigo_3] Movimiento calculado: mov_x=1.41, mov_y=-0.51
2025-05-18 02:57:55,167 - DEBUG - [Enemigo_3] Pos DESPUÉS update: Rect: (335, 305), Hitbox: (338, 308)
2025-05-18 02:57:55,167 - DEBUG - --- Fin Update Enemigo_3 ---
2025-05-18 02:57:55,167 - DEBUG - --- Inicio Update Enemigo_4 ---
2025-05-18 02:57:55,167 - DEBUG - [Enemigo_4] Pos ANTES update: Rect: (362, 350), Hitbox: (365, 353)
2025-05-18 02:57:55,167 - DEBUG - [Enemigo_4] Target (Jugador): (400, 301), Dist: 65.79, dx_obj: 22.00, dy_obj: -62.00
2025-05-18 02:57:55,167 - DEBUG - [Enemigo_4] Movimiento calculado: mov_x=0.50, mov_y=-1.41
2025-05-18 02:57:55,168 - DEBUG - [Enemigo_4] Pos DESPUÉS update: Rect: (363, 349), Hitbox: (366, 352)
2025-05-18 02:57:55,168 - DEBUG - --- Fin Update Enemigo_4 ---
2025-05-18 02:57:55,168 - DEBUG - --- Inicio Update Enemigo_5 ---
2025-05-18 02:57:55,168 - DEBUG - [Enemigo_5] Pos ANTES update: Rect: (396, 270), Hitbox: (399, 273)
2025-05-18 02:57:55,168 - DEBUG - [Enemigo_5] Target (Jugador): (400, 301), Dist: 21.63, dx_obj: -12.00, dy_obj: 18.00
2025-05-18 02:57:55,168 - DEBUG - [Enemigo_5] Movimiento calculado: mov_x=0.00, mov_y=0.00
2025-05-18 02:57:55,168 - DEBUG - [Enemigo_5] Pos DESPUÉS update: Rect: (396, 270), Hitbox: (399, 273)
2025-05-18 02:57:55,168 - DEBUG - --- Fin Update Enemigo_5 ---
2025-05-18 02:57:55,169 - DEBUG - --- Inicio Update Enemigo_6 ---
2025-05-18 02:57:55,169 - DEBUG - [Enemigo_6] Pos ANTES update: Rect: (364, 295), Hitbox: (367, 298)
2025-05-18 02:57:55,169 - DEBUG - [Enemigo_6] Target (Jugador): (400, 301), Dist: 21.19, dx_obj: 20.00, dy_obj: -7.00
2025-05-18 02:57:55,169 - DEBUG - [Enemigo_6] Movimiento calculado: mov_x=0.00, mov_y=0.00
2025-05-18 02:57:55,169 - DEBUG - [Enemigo_6] Pos DESPUÉS update: Rect: (364, 295), Hitbox: (367, 298)
2025-05-18 02:57:55,170 - DEBUG - --- Fin Update Enemigo_6 ---
2025-05-18 02:57:55,178 - DEBUG - --- Inicio Update Enemigo_0 ---
2025-05-18 02:57:55,179 - DEBUG - [Enemigo_0] Pos ANTES update: Rect: (358, 297), Hitbox: (361, 300)
2025-05-18 02:57:55,179 - DEBUG - [Enemigo_0] Target (Jugador): (400, 301), Dist: 27.51, dx_obj: 26.00, dy_obj: -9.00
2025-05-18 02:57:55,179 - DEBUG - [Enemigo_0] Movimiento calculado: mov_x=1.42, mov_y=-0.49
2025-05-18 02:57:55,179 - DEBUG - [Enemigo_0] Pos DESPUÉS update: Rect: (359, 297), Hitbox: (362, 300)
2025-05-18 02:57:55,179 - DEBUG - --- Fin Update Enemigo_0 ---
2025-05-18 02:57:55,179 - DEBUG - --- Inicio Update Enemigo_1 ---
2025-05-18 02:57:55,179 - DEBUG - [Enemigo_1] Pos ANTES update: Rect: (404, 281), Hitbox: (407, 284)
2025-05-18 02:57:55,180 - DEBUG - [Enemigo_1] Target (Jugador): (400, 301), Dist: 21.19, dx_obj: -20.00, dy_obj: 7.00
2025-05-18 02:57:55,180 - DEBUG - [Enemigo_1] Movimiento calculado: mov_x=0.00, mov_y=0.00
2025-05-18 02:57:55,180 - DEBUG - [Enemigo_1] Pos DESPUÉS update: Rect: (404, 281), Hitbox: (407, 284)
2025-05-18 02:57:55,180 - DEBUG - --- Fin Update Enemigo_1 ---
2025-05-18 02:57:55,180 - DEBUG - --- Inicio Update Enemigo_2 ---
2025-05-18 02:57:55,180 - DEBUG - [Enemigo_2] Pos ANTES update: Rect: (373, 320), Hitbox: (376, 323)
2025-05-18 02:57:55,181 - DEBUG - [Enemigo_2] Target (Jugador): (400, 301), Dist: 33.84, dx_obj: 11.00, dy_obj: -32.00
2025-05-18 02:57:55,181 - DEBUG - [Enemigo_2] Movimiento calculado: mov_x=0.49, mov_y=-1.42
2025-05-18 02:57:55,181 - DEBUG - [Enemigo_2] Pos DESPUÉS update: Rect: (373, 319), Hitbox: (376, 322)
2025-05-18 02:57:55,181 - DEBUG - --- Fin Update Enemigo_2 ---
2025-05-18 02:57:55,181 - DEBUG - --- Inicio Update Enemigo_3 ---
2025-05-18 02:57:55,181 - DEBUG - [Enemigo_3] Pos ANTES update: Rect: (335, 305), Hitbox: (338, 308)
2025-05-18 02:57:55,181 - DEBUG - [Enemigo_3] Target (Jugador): (400, 301), Dist: 51.87, dx_obj: 49.00, dy_obj: -17.00
2025-05-18 02:57:55,181 - DEBUG - [Enemigo_3] Movimiento calculado: mov_x=1.42, mov_y=-0.49
2025-05-18 02:57:55,181 - DEBUG - [Enemigo_3] Pos DESPUÉS update: Rect: (336, 305), Hitbox: (339, 308)
2025-05-18 02:57:55,182 - DEBUG - --- Fin Update Enemigo_3 ---
2025-05-18 02:57:55,182 - DEBUG - --- Inicio Update Enemigo_4 ---
2025-05-18 02:57:55,182 - DEBUG - [Enemigo_4] Pos ANTES update: Rect: (363, 349), Hitbox: (366, 352)
2025-05-18 02:57:55,182 - DEBUG - [Enemigo_4] Target (Jugador): (400, 301), Dist: 64.51, dx_obj: 21.00, dy_obj: -61.00
2025-05-18 02:57:55,182 - DEBUG - [Enemigo_4] Movimiento calculado: mov_x=0.49, mov_y=-1.42
2025-05-18 02:57:55,182 - DEBUG - [Enemigo_4] Pos DESPUÉS update: Rect: (363, 348), Hitbox: (366, 351)
2025-05-18 02:57:55,182 - DEBUG - --- Fin Update Enemigo_4 ---
2025-05-18 02:57:55,182 - DEBUG - --- Inicio Update Enemigo_5 ---
2025-05-18 02:57:55,182 - DEBUG - [Enemigo_5] Pos ANTES update: Rect: (396, 270), Hitbox: (399, 273)
2025-05-18 02:57:55,183 - DEBUG - [Enemigo_5] Target (Jugador): (400, 301), Dist: 21.63, dx_obj: -12.00, dy_obj: 18.00
2025-05-18 02:57:55,183 - DEBUG - [Enemigo_5] Movimiento calculado: mov_x=0.00, mov_y=0.00
2025-05-18 02:57:55,183 - DEBUG - [Enemigo_5] Pos DESPUÉS update: Rect: (396, 270), Hitbox: (399, 273)
2025-05-18 02:57:55,183 - DEBUG - --- Fin Update Enemigo_5 ---
2025-05-18 02:57:55,183 - DEBUG - --- Inicio Update Enemigo_6 ---
2025-05-18 02:57:55,183 - DEBUG - [Enemigo_6] Pos ANTES update: Rect: (364, 295), Hitbox: (367, 298)
2025-05-18 02:57:55,183 - DEBUG - [Enemigo_6] Target (Jugador): (400, 301), Dist: 21.19, dx_obj: 20.00, dy_obj: -7.00
2025-05-18 02:57:55,183 - DEBUG - [Enemigo_6] Movimiento calculado: mov_x=0.00, mov_y=0.00
2025-05-18 02:57:55,183 - DEBUG - [Enemigo_6] Pos DESPUÉS update: Rect: (364, 295), Hitbox: (367, 298)
2025-05-18 02:57:55,184 - DEBUG - --- Fin Update Enemigo_6 ---
2025-05-18 02:57:55,195 - DEBUG - --- Inicio Update Enemigo_0 ---
2025-05-18 02:57:55,195 - DEBUG - [Enemigo_0] Pos ANTES update: Rect: (359, 297), Hitbox: (362, 300)
2025-05-18 02:57:55,196 - DEBUG - [Enemigo_0] Target (Jugador): (400, 301), Dist: 26.57, dx_obj: 25.00, dy_obj: -9.00
2025-05-18 02:57:55,196 - DEBUG - [Enemigo_0] Movimiento calculado: mov_x=1.41, mov_y=-0.51
2025-05-18 02:57:55,196 - DEBUG - [Enemigo_0] Pos DESPUÉS update: Rect: (360, 296), Hitbox: (363, 299)
2025-05-18 02:57:55,196 - DEBUG - --- Fin Update Enemigo_0 ---
2025-05-18 02:57:55,196 - DEBUG - --- Inicio Update Enemigo_1 ---
2025-05-18 02:57:55,196 - DEBUG - [Enemigo_1] Pos ANTES update: Rect: (404, 281), Hitbox: (407, 284)
2025-05-18 02:57:55,197 - DEBUG - [Enemigo_1] Target (Jugador): (400, 301), Dist: 21.19, dx_obj: -20.00, dy_obj: 7.00
2025-05-18 02:57:55,197 - DEBUG - [Enemigo_1] Movimiento calculado: mov_x=0.00, mov_y=0.00
2025-05-18 02:57:55,197 - DEBUG - [Enemigo_1] Pos DESPUÉS update: Rect: (404, 281), Hitbox: (407, 284)
2025-05-18 02:57:55,197 - DEBUG - --- Fin Update Enemigo_1 ---
2025-05-18 02:57:55,197 - DEBUG - --- Inicio Update Enemigo_2 ---
2025-05-18 02:57:55,197 - DEBUG - [Enemigo_2] Pos ANTES update: Rect: (373, 319), Hitbox: (376, 322)
2025-05-18 02:57:55,197 - DEBUG - [Enemigo_2] Target (Jugador): (400, 301), Dist: 32.89, dx_obj: 11.00, dy_obj: -31.00
2025-05-18 02:57:55,198 - DEBUG - [Enemigo_2] Movimiento calculado: mov_x=0.50, mov_y=-1.41
2025-05-18 02:57:55,198 - DEBUG - [Enemigo_2] Pos DESPUÉS update: Rect: (374, 318), Hitbox: (377, 321)
2025-05-18 02:57:55,198 - DEBUG - --- Fin Update Enemigo_2 ---
2025-05-18 02:57:55,198 - DEBUG - --- Inicio Update Enemigo_3 ---
2025-05-18 02:57:55,198 - DEBUG - [Enemigo_3] Pos ANTES update: Rect: (336, 305), Hitbox: (339, 308)
2025-05-18 02:57:55,198 - DEBUG - [Enemigo_3] Target (Jugador): (400, 301), Dist: 50.92, dx_obj: 48.00, dy_obj: -17.00
2025-05-18 02:57:55,198 - DEBUG - [Enemigo_3] Movimiento calculado: mov_x=1.41, mov_y=-0.50
2025-05-18 02:57:55,198 - DEBUG - [Enemigo_3] Pos DESPUÉS update: Rect: (337, 304), Hitbox: (340, 307)
2025-05-18 02:57:55,198 - DEBUG - --- Fin Update Enemigo_3 ---
2025-05-18 02:57:55,199 - DEBUG - --- Inicio Update Enemigo_4 ---
2025-05-18 02:57:55,199 - DEBUG - [Enemigo_4] Pos ANTES update: Rect: (363, 348), Hitbox: (366, 351)
2025-05-18 02:57:55,199 - DEBUG - [Enemigo_4] Target (Jugador): (400, 301), Dist: 63.57, dx_obj: 21.00, dy_obj: -60.00
2025-05-18 02:57:55,199 - DEBUG - [Enemigo_4] Movimiento calculado: mov_x=0.50, mov_y=-1.42
2025-05-18 02:57:55,199 - DEBUG - [Enemigo_4] Pos DESPUÉS update: Rect: (363, 347), Hitbox: (366, 350)
2025-05-18 02:57:55,199 - DEBUG - --- Fin Update Enemigo_4 ---
2025-05-18 02:57:55,199 - DEBUG - --- Inicio Update Enemigo_5 ---
2025-05-18 02:57:55,199 - DEBUG - [Enemigo_5] Pos ANTES update: Rect: (396, 270), Hitbox: (399, 273)
2025-05-18 02:57:55,199 - DEBUG - [Enemigo_5] Target (Jugador): (400, 301), Dist: 21.63, dx_obj: -12.00, dy_obj: 18.00
2025-05-18 02:57:55,199 - DEBUG - [Enemigo_5] Movimiento calculado: mov_x=0.00, mov_y=0.00
2025-05-18 02:57:55,200 - DEBUG - [Enemigo_5] Pos DESPUÉS update: Rect: (396, 270), Hitbox: (399, 273)
2025-05-18 02:57:55,200 - DEBUG - --- Fin Update Enemigo_5 ---
2025-05-18 02:57:55,200 - DEBUG - --- Inicio Update Enemigo_6 ---
2025-05-18 02:57:55,200 - DEBUG - [Enemigo_6] Pos ANTES update: Rect: (364, 295), Hitbox: (367, 298)
2025-05-18 02:57:55,200 - DEBUG - [Enemigo_6] Target (Jugador): (400, 301), Dist: 21.19, dx_obj: 20.00, dy_obj: -7.00
2025-05-18 02:57:55,200 - DEBUG - [Enemigo_6] Movimiento calculado: mov_x=0.00, mov_y=0.00
2025-05-18 02:57:55,200 - DEBUG - [Enemigo_6] Pos DESPUÉS update: Rect: (364, 295), Hitbox: (367, 298)
2025-05-18 02:57:55,200 - DEBUG - --- Fin Update Enemigo_6 ---
2025-05-18 02:57:55,211 - DEBUG - --- Inicio Update Enemigo_0 ---
2025-05-18 02:57:55,211 - DEBUG - [Enemigo_0] Pos ANTES update: Rect: (360, 296), Hitbox: (363, 299)
2025-05-18 02:57:55,211 - DEBUG - [Enemigo_0] Target (Jugador): (400, 301), Dist: 25.30, dx_obj: 24.00, dy_obj: -8.00
2025-05-18 02:57:55,211 - DEBUG - [Enemigo_0] Movimiento calculado: mov_x=1.42, mov_y=-0.47
2025-05-18 02:57:55,211 - DEBUG - [Enemigo_0] Pos DESPUÉS update: Rect: (361, 296), Hitbox: (364, 299)
2025-05-18 02:57:55,212 - DEBUG - --- Fin Update Enemigo_0 ---
2025-05-18 02:57:55,212 - DEBUG - --- Inicio Update Enemigo_1 ---
2025-05-18 02:57:55,212 - DEBUG - [Enemigo_1] Pos ANTES update: Rect: (404, 281), Hitbox: (407, 284)
2025-05-18 02:57:55,212 - DEBUG - [Enemigo_1] Target (Jugador): (400, 301), Dist: 21.19, dx_obj: -20.00, dy_obj: 7.00
2025-05-18 02:57:55,212 - DEBUG - [Enemigo_1] Movimiento calculado: mov_x=0.00, mov_y=0.00
2025-05-18 02:57:55,212 - DEBUG - [Enemigo_1] Pos DESPUÉS update: Rect: (404, 281), Hitbox: (407, 284)
2025-05-18 02:57:55,212 - DEBUG - --- Fin Update Enemigo_1 ---
2025-05-18 02:57:55,212 - DEBUG - --- Inicio Update Enemigo_2 ---
2025-05-18 02:57:55,212 - DEBUG - [Enemigo_2] Pos ANTES update: Rect: (374, 318), Hitbox: (377, 321)
2025-05-18 02:57:55,213 - DEBUG - [Enemigo_2] Target (Jugador): (400, 301), Dist: 31.62, dx_obj: 10.00, dy_obj: -30.00
2025-05-18 02:57:55,213 - DEBUG - [Enemigo_2] Movimiento calculado: mov_x=0.47, mov_y=-1.42
2025-05-18 02:57:55,213 - DEBUG - [Enemigo_2] Pos DESPUÉS update: Rect: (374, 317), Hitbox: (377, 320)
2025-05-18 02:57:55,213 - DEBUG - --- Fin Update Enemigo_2 ---
2025-05-18 02:57:55,213 - DEBUG - --- Inicio Update Enemigo_3 ---
2025-05-18 02:57:55,213 - DEBUG - [Enemigo_3] Pos ANTES update: Rect: (337, 304), Hitbox: (340, 307)
2025-05-18 02:57:55,213 - DEBUG - [Enemigo_3] Target (Jugador): (400, 301), Dist: 49.65, dx_obj: 47.00, dy_obj: -16.00
2025-05-18 02:57:55,213 - DEBUG - [Enemigo_3] Movimiento calculado: mov_x=1.42, mov_y=-0.48
2025-05-18 02:57:55,213 - DEBUG - [Enemigo_3] Pos DESPUÉS update: Rect: (338, 304), Hitbox: (341, 307)
2025-05-18 02:57:55,214 - DEBUG - --- Fin Update Enemigo_3 ---
2025-05-18 02:57:55,214 - DEBUG - --- Inicio Update Enemigo_4 ---
2025-05-18 02:57:55,214 - DEBUG - [Enemigo_4] Pos ANTES update: Rect: (363, 347), Hitbox: (366, 350)
2025-05-18 02:57:55,214 - DEBUG - [Enemigo_4] Target (Jugador): (400, 301), Dist: 62.63, dx_obj: 21.00, dy_obj: -59.00
2025-05-18 02:57:55,214 - DEBUG - [Enemigo_4] Movimiento calculado: mov_x=0.50, mov_y=-1.41
2025-05-18 02:57:55,214 - DEBUG - [Enemigo_4] Pos DESPUÉS update: Rect: (364, 346), Hitbox: (367, 349)
2025-05-18 02:57:55,214 - DEBUG - --- Fin Update Enemigo_4 ---
2025-05-18 02:57:55,214 - DEBUG - --- Inicio Update Enemigo_5 ---
2025-05-18 02:57:55,215 - DEBUG - [Enemigo_5] Pos ANTES update: Rect: (396, 270), Hitbox: (399, 273)
2025-05-18 02:57:55,215 - DEBUG - [Enemigo_5] Target (Jugador): (400, 301), Dist: 21.63, dx_obj: -12.00, dy_obj: 18.00
2025-05-18 02:57:55,215 - DEBUG - [Enemigo_5] Movimiento calculado: mov_x=0.00, mov_y=0.00
2025-05-18 02:57:55,215 - DEBUG - [Enemigo_5] Pos DESPUÉS update: Rect: (396, 270), Hitbox: (399, 273)
2025-05-18 02:57:55,215 - DEBUG - --- Fin Update Enemigo_5 ---
2025-05-18 02:57:55,215 - DEBUG - --- Inicio Update Enemigo_6 ---
2025-05-18 02:57:55,215 - DEBUG - [Enemigo_6] Pos ANTES update: Rect: (364, 295), Hitbox: (367, 298)
2025-05-18 02:57:55,215 - DEBUG - [Enemigo_6] Target (Jugador): (400, 301), Dist: 21.19, dx_obj: 20.00, dy_obj: -7.00
2025-05-18 02:57:55,215 - DEBUG - [Enemigo_6] Movimiento calculado: mov_x=0.00, mov_y=0.00
2025-05-18 02:57:55,216 - DEBUG - [Enemigo_6] Pos DESPUÉS update: Rect: (364, 295), Hitbox: (367, 298)
2025-05-18 02:57:55,216 - DEBUG - --- Fin Update Enemigo_6 ---
2025-05-18 02:57:55,227 - DEBUG - --- Inicio Update Enemigo_0 ---
2025-05-18 02:57:55,228 - DEBUG - [Enemigo_0] Pos ANTES update: Rect: (361, 296), Hitbox: (364, 299)
2025-05-18 02:57:55,228 - DEBUG - [Enemigo_0] Target (Jugador): (400, 301), Dist: 24.35, dx_obj: 23.00, dy_obj: -8.00
2025-05-18 02:57:55,228 - DEBUG - [Enemigo_0] Movimiento calculado: mov_x=1.42, mov_y=-0.49
2025-05-18 02:57:55,228 - DEBUG - [Enemigo_0] Pos DESPUÉS update: Rect: (362, 296), Hitbox: (365, 299)
2025-05-18 02:57:55,228 - DEBUG - --- Fin Update Enemigo_0 ---
2025-05-18 02:57:55,228 - DEBUG - --- Inicio Update Enemigo_1 ---
2025-05-18 02:57:55,229 - DEBUG - [Enemigo_1] Pos ANTES update: Rect: (404, 281), Hitbox: (407, 284)
2025-05-18 02:57:55,229 - DEBUG - [Enemigo_1] Target (Jugador): (400, 301), Dist: 21.19, dx_obj: -20.00, dy_obj: 7.00
2025-05-18 02:57:55,229 - DEBUG - [Enemigo_1] Movimiento calculado: mov_x=0.00, mov_y=0.00
2025-05-18 02:57:55,229 - DEBUG - [Enemigo_1] Pos DESPUÉS update: Rect: (404, 281), Hitbox: (407, 284)
2025-05-18 02:57:55,229 - DEBUG - --- Fin Update Enemigo_1 ---
2025-05-18 02:57:55,229 - DEBUG - --- Inicio Update Enemigo_2 ---
2025-05-18 02:57:55,229 - DEBUG - [Enemigo_2] Pos ANTES update: Rect: (374, 317), Hitbox: (377, 320)
2025-05-18 02:57:55,229 - DEBUG - [Enemigo_2] Target (Jugador): (400, 301), Dist: 30.68, dx_obj: 10.00, dy_obj: -29.00
2025-05-18 02:57:55,229 - DEBUG - [Enemigo_2] Movimiento calculado: mov_x=0.49, mov_y=-1.42
2025-05-18 02:57:55,230 - DEBUG - [Enemigo_2] Pos DESPUÉS update: Rect: (374, 316), Hitbox: (377, 319)
2025-05-18 02:57:55,230 - DEBUG - --- Fin Update Enemigo_2 ---
2025-05-18 02:57:55,230 - DEBUG - --- Inicio Update Enemigo_3 ---
2025-05-18 02:57:55,230 - DEBUG - [Enemigo_3] Pos ANTES update: Rect: (338, 304), Hitbox: (341, 307)
2025-05-18 02:57:55,230 - DEBUG - [Enemigo_3] Target (Jugador): (400, 301), Dist: 48.70, dx_obj: 46.00, dy_obj: -16.00
2025-05-18 02:57:55,230 - DEBUG - [Enemigo_3] Movimiento calculado: mov_x=1.42, mov_y=-0.49
2025-05-18 02:57:55,230 - DEBUG - [Enemigo_3] Pos DESPUÉS update: Rect: (339, 304), Hitbox: (342, 307)
2025-05-18 02:57:55,230 - DEBUG - --- Fin Update Enemigo_3 ---
2025-05-18 02:57:55,230 - DEBUG - --- Inicio Update Enemigo_4 ---
2025-05-18 02:57:55,230 - DEBUG - [Enemigo_4] Pos ANTES update: Rect: (364, 346), Hitbox: (367, 349)
2025-05-18 02:57:55,231 - DEBUG - [Enemigo_4] Target (Jugador): (400, 301), Dist: 61.35, dx_obj: 20.00, dy_obj: -58.00
2025-05-18 02:57:55,231 - DEBUG - [Enemigo_4] Movimiento calculado: mov_x=0.49, mov_y=-1.42
2025-05-18 02:57:55,231 - DEBUG - [Enemigo_4] Pos DESPUÉS update: Rect: (364, 345), Hitbox: (367, 348)
2025-05-18 02:57:55,231 - DEBUG - --- Fin Update Enemigo_4 ---
2025-05-18 02:57:55,231 - DEBUG - --- Inicio Update Enemigo_5 ---
2025-05-18 02:57:55,231 - DEBUG - [Enemigo_5] Pos ANTES update: Rect: (396, 270), Hitbox: (399, 273)
2025-05-18 02:57:55,231 - DEBUG - [Enemigo_5] Target (Jugador): (400, 301), Dist: 21.63, dx_obj: -12.00, dy_obj: 18.00
2025-05-18 02:57:55,231 - DEBUG - [Enemigo_5] Movimiento calculado: mov_x=0.00, mov_y=0.00
2025-05-18 02:57:55,231 - DEBUG - [Enemigo_5] Pos DESPUÉS update: Rect: (396, 270), Hitbox: (399, 273)
2025-05-18 02:57:55,232 - DEBUG - --- Fin Update Enemigo_5 ---
2025-05-18 02:57:55,232 - DEBUG - --- Inicio Update Enemigo_6 ---
2025-05-18 02:57:55,232 - DEBUG - [Enemigo_6] Pos ANTES update: Rect: (364, 295), Hitbox: (367, 298)
2025-05-18 02:57:55,232 - DEBUG - [Enemigo_6] Target (Jugador): (400, 301), Dist: 21.19, dx_obj: 20.00, dy_obj: -7.00
2025-05-18 02:57:55,232 - DEBUG - [Enemigo_6] Movimiento calculado: mov_x=0.00, mov_y=0.00
2025-05-18 02:57:55,232 - DEBUG - [Enemigo_6] Pos DESPUÉS update: Rect: (364, 295), Hitbox: (367, 298)
2025-05-18 02:57:55,232 - DEBUG - --- Fin Update Enemigo_6 ---
2025-05-18 02:57:55,244 - DEBUG - --- Inicio Update Enemigo_0 ---
2025-05-18 02:57:55,244 - DEBUG - [Enemigo_0] Pos ANTES update: Rect: (362, 296), Hitbox: (365, 299)
2025-05-18 02:57:55,245 - DEBUG - [Enemigo_0] Target (Jugador): (400, 301), Dist: 23.41, dx_obj: 22.00, dy_obj: -8.00
2025-05-18 02:57:55,245 - DEBUG - [Enemigo_0] Movimiento calculado: mov_x=1.41, mov_y=-0.51
2025-05-18 02:57:55,245 - DEBUG - [Enemigo_0] Pos DESPUÉS update: Rect: (363, 295), Hitbox: (366, 298)
2025-05-18 02:57:55,245 - DEBUG - --- Fin Update Enemigo_0 ---
2025-05-18 02:57:55,245 - DEBUG - --- Inicio Update Enemigo_1 ---
2025-05-18 02:57:55,246 - DEBUG - [Enemigo_1] Pos ANTES update: Rect: (404, 281), Hitbox: (407, 284)
2025-05-18 02:57:55,246 - DEBUG - [Enemigo_1] Target (Jugador): (400, 301), Dist: 21.19, dx_obj: -20.00, dy_obj: 7.00
2025-05-18 02:57:55,246 - DEBUG - [Enemigo_1] Movimiento calculado: mov_x=0.00, mov_y=0.00
2025-05-18 02:57:55,246 - DEBUG - [Enemigo_1] Pos DESPUÉS update: Rect: (404, 281), Hitbox: (407, 284)
2025-05-18 02:57:55,246 - DEBUG - --- Fin Update Enemigo_1 ---
2025-05-18 02:57:55,246 - DEBUG - --- Inicio Update Enemigo_2 ---
2025-05-18 02:57:55,246 - DEBUG - [Enemigo_2] Pos ANTES update: Rect: (374, 316), Hitbox: (377, 319)
2025-05-18 02:57:55,246 - DEBUG - [Enemigo_2] Target (Jugador): (400, 301), Dist: 29.73, dx_obj: 10.00, dy_obj: -28.00
2025-05-18 02:57:55,247 - DEBUG - [Enemigo_2] Movimiento calculado: mov_x=0.50, mov_y=-1.41
2025-05-18 02:57:55,247 - DEBUG - [Enemigo_2] Pos DESPUÉS update: Rect: (375, 315), Hitbox: (378, 318)
2025-05-18 02:57:55,247 - DEBUG - --- Fin Update Enemigo_2 ---
2025-05-18 02:57:55,247 - DEBUG - --- Inicio Update Enemigo_3 ---
2025-05-18 02:57:55,247 - DEBUG - [Enemigo_3] Pos ANTES update: Rect: (339, 304), Hitbox: (342, 307)
2025-05-18 02:57:55,247 - DEBUG - [Enemigo_3] Target (Jugador): (400, 301), Dist: 47.76, dx_obj: 45.00, dy_obj: -16.00
2025-05-18 02:57:55,247 - DEBUG - [Enemigo_3] Movimiento calculado: mov_x=1.41, mov_y=-0.50
2025-05-18 02:57:55,247 - DEBUG - [Enemigo_3] Pos DESPUÉS update: Rect: (340, 303), Hitbox: (343, 306)
2025-05-18 02:57:55,248 - DEBUG - --- Fin Update Enemigo_3 ---
2025-05-18 02:57:55,248 - DEBUG - --- Inicio Update Enemigo_4 ---
2025-05-18 02:57:55,248 - DEBUG - [Enemigo_4] Pos ANTES update: Rect: (364, 345), Hitbox: (367, 348)
2025-05-18 02:57:55,248 - DEBUG - [Enemigo_4] Target (Jugador): (400, 301), Dist: 60.41, dx_obj: 20.00, dy_obj: -57.00
2025-05-18 02:57:55,248 - DEBUG - [Enemigo_4] Movimiento calculado: mov_x=0.50, mov_y=-1.42
2025-05-18 02:57:55,248 - DEBUG - [Enemigo_4] Pos DESPUÉS update: Rect: (364, 344), Hitbox: (367, 347)
2025-05-18 02:57:55,248 - DEBUG - --- Fin Update Enemigo_4 ---
2025-05-18 02:57:55,248 - DEBUG - --- Inicio Update Enemigo_5 ---
2025-05-18 02:57:55,248 - DEBUG - [Enemigo_5] Pos ANTES update: Rect: (396, 270), Hitbox: (399, 273)
2025-05-18 02:57:55,248 - DEBUG - [Enemigo_5] Target (Jugador): (400, 301), Dist: 21.63, dx_obj: -12.00, dy_obj: 18.00
2025-05-18 02:57:55,249 - DEBUG - [Enemigo_5] Movimiento calculado: mov_x=0.00, mov_y=0.00
2025-05-18 02:57:55,249 - DEBUG - [Enemigo_5] Pos DESPUÉS update: Rect: (396, 270), Hitbox: (399, 273)
2025-05-18 02:57:55,249 - DEBUG - --- Fin Update Enemigo_5 ---
2025-05-18 02:57:55,249 - DEBUG - --- Inicio Update Enemigo_6 ---
2025-05-18 02:57:55,249 - DEBUG - [Enemigo_6] Pos ANTES update: Rect: (364, 295), Hitbox: (367, 298)
2025-05-18 02:57:55,249 - DEBUG - [Enemigo_6] Target (Jugador): (400, 301), Dist: 21.19, dx_obj: 20.00, dy_obj: -7.00
2025-05-18 02:57:55,249 - DEBUG - [Enemigo_6] Movimiento calculado: mov_x=0.00, mov_y=0.00
2025-05-18 02:57:55,249 - DEBUG - [Enemigo_6] Pos DESPUÉS update: Rect: (364, 295), Hitbox: (367, 298)
2025-05-18 02:57:55,249 - DEBUG - --- Fin Update Enemigo_6 ---
2025-05-18 02:57:55,261 - DEBUG - --- Inicio Update Enemigo_0 ---
2025-05-18 02:57:55,262 - DEBUG - [Enemigo_0] Pos ANTES update: Rect: (363, 295), Hitbox: (366, 298)
2025-05-18 02:57:55,262 - DEBUG - [Enemigo_0] Target (Jugador): (400, 301), Dist: 22.14, dx_obj: 21.00, dy_obj: -7.00
2025-05-18 02:57:55,262 - DEBUG - [Enemigo_0] Movimiento calculado: mov_x=1.42, mov_y=-0.47
2025-05-18 02:57:55,262 - DEBUG - [Enemigo_0] Pos DESPUÉS update: Rect: (364, 295), Hitbox: (367, 298)
2025-05-18 02:57:55,262 - DEBUG - --- Fin Update Enemigo_0 ---
2025-05-18 02:57:55,262 - DEBUG - --- Inicio Update Enemigo_1 ---
2025-05-18 02:57:55,263 - DEBUG - [Enemigo_1] Pos ANTES update: Rect: (404, 281), Hitbox: (407, 284)
2025-05-18 02:57:55,263 - DEBUG - [Enemigo_1] Target (Jugador): (400, 301), Dist: 21.19, dx_obj: -20.00, dy_obj: 7.00
2025-05-18 02:57:55,263 - DEBUG - [Enemigo_1] Movimiento calculado: mov_x=0.00, mov_y=0.00
2025-05-18 02:57:55,263 - DEBUG - [Enemigo_1] Pos DESPUÉS update: Rect: (404, 281), Hitbox: (407, 284)
2025-05-18 02:57:55,263 - DEBUG - --- Fin Update Enemigo_1 ---
2025-05-18 02:57:55,263 - DEBUG - --- Inicio Update Enemigo_2 ---
2025-05-18 02:57:55,263 - DEBUG - [Enemigo_2] Pos ANTES update: Rect: (375, 315), Hitbox: (378, 318)
2025-05-18 02:57:55,264 - DEBUG - [Enemigo_2] Target (Jugador): (400, 301), Dist: 28.46, dx_obj: 9.00, dy_obj: -27.00
2025-05-18 02:57:55,264 - DEBUG - [Enemigo_2] Movimiento calculado: mov_x=0.47, mov_y=-1.42
2025-05-18 02:57:55,264 - DEBUG - [Enemigo_2] Pos DESPUÉS update: Rect: (375, 314), Hitbox: (378, 317)
2025-05-18 02:57:55,264 - DEBUG - --- Fin Update Enemigo_2 ---
2025-05-18 02:57:55,264 - DEBUG - --- Inicio Update Enemigo_3 ---
2025-05-18 02:57:55,264 - DEBUG - [Enemigo_3] Pos ANTES update: Rect: (340, 303), Hitbox: (343, 306)
2025-05-18 02:57:55,264 - DEBUG - [Enemigo_3] Target (Jugador): (400, 301), Dist: 46.49, dx_obj: 44.00, dy_obj: -15.00
2025-05-18 02:57:55,264 - DEBUG - [Enemigo_3] Movimiento calculado: mov_x=1.42, mov_y=-0.48
2025-05-18 02:57:55,264 - DEBUG - [Enemigo_3] Pos DESPUÉS update: Rect: (341, 303), Hitbox: (344, 306)
2025-05-18 02:57:55,265 - DEBUG - --- Fin Update Enemigo_3 ---
2025-05-18 02:57:55,265 - DEBUG - --- Inicio Update Enemigo_4 ---
2025-05-18 02:57:55,265 - DEBUG - [Enemigo_4] Pos ANTES update: Rect: (364, 344), Hitbox: (367, 347)
2025-05-18 02:57:55,265 - DEBUG - [Enemigo_4] Target (Jugador): (400, 301), Dist: 59.46, dx_obj: 20.00, dy_obj: -56.00
2025-05-18 02:57:55,265 - DEBUG - [Enemigo_4] Movimiento calculado: mov_x=0.50, mov_y=-1.41
2025-05-18 02:57:55,265 - DEBUG - [Enemigo_4] Pos DESPUÉS update: Rect: (365, 343), Hitbox: (368, 346)
2025-05-18 02:57:55,265 - DEBUG - --- Fin Update Enemigo_4 ---
2025-05-18 02:57:55,265 - DEBUG - --- Inicio Update Enemigo_5 ---
2025-05-18 02:57:55,265 - DEBUG - [Enemigo_5] Pos ANTES update: Rect: (396, 270), Hitbox: (399, 273)
2025-05-18 02:57:55,266 - DEBUG - [Enemigo_5] Target (Jugador): (400, 301), Dist: 21.63, dx_obj: -12.00, dy_obj: 18.00
2025-05-18 02:57:55,266 - DEBUG - [Enemigo_5] Movimiento calculado: mov_x=0.00, mov_y=0.00
2025-05-18 02:57:55,266 - DEBUG - [Enemigo_5] Pos DESPUÉS update: Rect: (396, 270), Hitbox: (399, 273)
2025-05-18 02:57:55,266 - DEBUG - --- Fin Update Enemigo_5 ---
2025-05-18 02:57:55,266 - DEBUG - --- Inicio Update Enemigo_6 ---
2025-05-18 02:57:55,266 - DEBUG - [Enemigo_6] Pos ANTES update: Rect: (364, 295), Hitbox: (367, 298)
2025-05-18 02:57:55,266 - DEBUG - [Enemigo_6] Target (Jugador): (400, 301), Dist: 21.19, dx_obj: 20.00, dy_obj: -7.00
2025-05-18 02:57:55,266 - DEBUG - [Enemigo_6] Movimiento calculado: mov_x=0.00, mov_y=0.00
2025-05-18 02:57:55,266 - DEBUG - [Enemigo_6] Pos DESPUÉS update: Rect: (364, 295), Hitbox: (367, 298)
2025-05-18 02:57:55,266 - DEBUG - --- Fin Update Enemigo_6 ---
2025-05-18 02:57:55,278 - DEBUG - --- Inicio Update Enemigo_0 ---
2025-05-18 02:57:55,278 - DEBUG - [Enemigo_0] Pos ANTES update: Rect: (364, 295), Hitbox: (367, 298)
2025-05-18 02:57:55,278 - DEBUG - [Enemigo_0] Target (Jugador): (400, 301), Dist: 21.19, dx_obj: 20.00, dy_obj: -7.00
2025-05-18 02:57:55,278 - DEBUG - [Enemigo_0] Movimiento calculado: mov_x=0.00, mov_y=0.00
2025-05-18 02:57:55,278 - DEBUG - [Enemigo_0] Pos DESPUÉS update: Rect: (364, 295), Hitbox: (367, 298)
2025-05-18 02:57:55,279 - DEBUG - --- Fin Update Enemigo_0 ---
2025-05-18 02:57:55,279 - DEBUG - --- Inicio Update Enemigo_1 ---
2025-05-18 02:57:55,279 - DEBUG - [Enemigo_1] Pos ANTES update: Rect: (404, 281), Hitbox: (407, 284)
2025-05-18 02:57:55,279 - DEBUG - [Enemigo_1] Target (Jugador): (400, 301), Dist: 21.19, dx_obj: -20.00, dy_obj: 7.00
2025-05-18 02:57:55,279 - DEBUG - [Enemigo_1] Movimiento calculado: mov_x=0.00, mov_y=0.00
2025-05-18 02:57:55,279 - DEBUG - [Enemigo_1] Pos DESPUÉS update: Rect: (404, 281), Hitbox: (407, 284)
2025-05-18 02:57:55,279 - DEBUG - --- Fin Update Enemigo_1 ---
2025-05-18 02:57:55,280 - DEBUG - --- Inicio Update Enemigo_2 ---
2025-05-18 02:57:55,280 - DEBUG - [Enemigo_2] Pos ANTES update: Rect: (375, 314), Hitbox: (378, 317)
2025-05-18 02:57:55,280 - DEBUG - [Enemigo_2] Target (Jugador): (400, 301), Dist: 27.51, dx_obj: 9.00, dy_obj: -26.00
2025-05-18 02:57:55,280 - DEBUG - [Enemigo_2] Movimiento calculado: mov_x=0.49, mov_y=-1.42
2025-05-18 02:57:55,280 - DEBUG - [Enemigo_2] Pos DESPUÉS update: Rect: (375, 313), Hitbox: (378, 316)
2025-05-18 02:57:55,280 - DEBUG - --- Fin Update Enemigo_2 ---
2025-05-18 02:57:55,280 - DEBUG - --- Inicio Update Enemigo_3 ---
2025-05-18 02:57:55,280 - DEBUG - [Enemigo_3] Pos ANTES update: Rect: (341, 303), Hitbox: (344, 306)
2025-05-18 02:57:55,280 - DEBUG - [Enemigo_3] Target (Jugador): (400, 301), Dist: 45.54, dx_obj: 43.00, dy_obj: -15.00
2025-05-18 02:57:55,281 - DEBUG - [Enemigo_3] Movimiento calculado: mov_x=1.42, mov_y=-0.49
2025-05-18 02:57:55,281 - DEBUG - [Enemigo_3] Pos DESPUÉS update: Rect: (342, 303), Hitbox: (345, 306)
2025-05-18 02:57:55,281 - DEBUG - --- Fin Update Enemigo_3 ---
2025-05-18 02:57:55,281 - DEBUG - --- Inicio Update Enemigo_4 ---
2025-05-18 02:57:55,281 - DEBUG - [Enemigo_4] Pos ANTES update: Rect: (365, 343), Hitbox: (368, 346)
2025-05-18 02:57:55,281 - DEBUG - [Enemigo_4] Target (Jugador): (400, 301), Dist: 58.19, dx_obj: 19.00, dy_obj: -55.00
2025-05-18 02:57:55,281 - DEBUG - [Enemigo_4] Movimiento calculado: mov_x=0.49, mov_y=-1.42
2025-05-18 02:57:55,281 - DEBUG - [Enemigo_4] Pos DESPUÉS update: Rect: (365, 342), Hitbox: (368, 345)
2025-05-18 02:57:55,281 - DEBUG - --- Fin Update Enemigo_4 ---
2025-05-18 02:57:55,281 - DEBUG - --- Inicio Update Enemigo_5 ---
2025-05-18 02:57:55,282 - DEBUG - [Enemigo_5] Pos ANTES update: Rect: (396, 270), Hitbox: (399, 273)
2025-05-18 02:57:55,282 - DEBUG - [Enemigo_5] Target (Jugador): (400, 301), Dist: 21.63, dx_obj: -12.00, dy_obj: 18.00
2025-05-18 02:57:55,282 - DEBUG - [Enemigo_5] Movimiento calculado: mov_x=0.00, mov_y=0.00
2025-05-18 02:57:55,282 - DEBUG - [Enemigo_5] Pos DESPUÉS update: Rect: (396, 270), Hitbox: (399, 273)
2025-05-18 02:57:55,282 - DEBUG - --- Fin Update Enemigo_5 ---
2025-05-18 02:57:55,282 - DEBUG - --- Inicio Update Enemigo_6 ---
2025-05-18 02:57:55,282 - DEBUG - [Enemigo_6] Pos ANTES update: Rect: (364, 295), Hitbox: (367, 298)
2025-05-18 02:57:55,282 - DEBUG - [Enemigo_6] Target (Jugador): (400, 301), Dist: 21.19, dx_obj: 20.00, dy_obj: -7.00
2025-05-18 02:57:55,282 - DEBUG - [Enemigo_6] Movimiento calculado: mov_x=0.00, mov_y=0.00
2025-05-18 02:57:55,282 - DEBUG - [Enemigo_6] Pos DESPUÉS update: Rect: (364, 295), Hitbox: (367, 298)
2025-05-18 02:57:55,283 - DEBUG - --- Fin Update Enemigo_6 ---
2025-05-18 02:57:55,294 - DEBUG - --- Inicio Update Enemigo_0 ---
2025-05-18 02:57:55,294 - DEBUG - [Enemigo_0] Pos ANTES update: Rect: (364, 295), Hitbox: (367, 298)
2025-05-18 02:57:55,294 - DEBUG - [Enemigo_0] Target (Jugador): (400, 301), Dist: 21.19, dx_obj: 20.00, dy_obj: -7.00
2025-05-18 02:57:55,294 - DEBUG - [Enemigo_0] Movimiento calculado: mov_x=0.00, mov_y=0.00
2025-05-18 02:57:55,295 - DEBUG - [Enemigo_0] Pos DESPUÉS update: Rect: (364, 295), Hitbox: (367, 298)
2025-05-18 02:57:55,295 - DEBUG - --- Fin Update Enemigo_0 ---
2025-05-18 02:57:55,295 - DEBUG - --- Inicio Update Enemigo_1 ---
2025-05-18 02:57:55,295 - DEBUG - [Enemigo_1] Pos ANTES update: Rect: (404, 281), Hitbox: (407, 284)
2025-05-18 02:57:55,295 - DEBUG - [Enemigo_1] Target (Jugador): (400, 301), Dist: 21.19, dx_obj: -20.00, dy_obj: 7.00
2025-05-18 02:57:55,295 - DEBUG - [Enemigo_1] Movimiento calculado: mov_x=0.00, mov_y=0.00
2025-05-18 02:57:55,295 - DEBUG - [Enemigo_1] Pos DESPUÉS update: Rect: (404, 281), Hitbox: (407, 284)
2025-05-18 02:57:55,296 - DEBUG - --- Fin Update Enemigo_1 ---
2025-05-18 02:57:55,296 - DEBUG - --- Inicio Update Enemigo_2 ---
2025-05-18 02:57:55,296 - DEBUG - [Enemigo_2] Pos ANTES update: Rect: (375, 313), Hitbox: (378, 316)
2025-05-18 02:57:55,296 - DEBUG - [Enemigo_2] Target (Jugador): (400, 301), Dist: 26.57, dx_obj: 9.00, dy_obj: -25.00
2025-05-18 02:57:55,296 - DEBUG - [Enemigo_2] Movimiento calculado: mov_x=0.51, mov_y=-1.41
2025-05-18 02:57:55,296 - DEBUG - [Enemigo_2] Pos DESPUÉS update: Rect: (376, 312), Hitbox: (379, 315)
2025-05-18 02:57:55,296 - DEBUG - --- Fin Update Enemigo_2 ---
2025-05-18 02:57:55,296 - DEBUG - --- Inicio Update Enemigo_3 ---
2025-05-18 02:57:55,296 - DEBUG - [Enemigo_3] Pos ANTES update: Rect: (342, 303), Hitbox: (345, 306)
2025-05-18 02:57:55,297 - DEBUG - [Enemigo_3] Target (Jugador): (400, 301), Dist: 44.60, dx_obj: 42.00, dy_obj: -15.00
2025-05-18 02:57:55,297 - DEBUG - [Enemigo_3] Movimiento calculado: mov_x=1.41, mov_y=-0.50
2025-05-18 02:57:55,297 - DEBUG - [Enemigo_3] Pos DESPUÉS update: Rect: (343, 302), Hitbox: (346, 305)
2025-05-18 02:57:55,297 - DEBUG - --- Fin Update Enemigo_3 ---
2025-05-18 02:57:55,297 - DEBUG - --- Inicio Update Enemigo_4 ---
2025-05-18 02:57:55,297 - DEBUG - [Enemigo_4] Pos ANTES update: Rect: (365, 342), Hitbox: (368, 345)
2025-05-18 02:57:55,297 - DEBUG - [Enemigo_4] Target (Jugador): (400, 301), Dist: 57.25, dx_obj: 19.00, dy_obj: -54.00
2025-05-18 02:57:55,297 - DEBUG - [Enemigo_4] Movimiento calculado: mov_x=0.50, mov_y=-1.41
2025-05-18 02:57:55,298 - DEBUG - [Enemigo_4] Pos DESPUÉS update: Rect: (365, 341), Hitbox: (368, 344)
2025-05-18 02:57:55,298 - DEBUG - --- Fin Update Enemigo_4 ---
2025-05-18 02:57:55,298 - DEBUG - --- Inicio Update Enemigo_5 ---
2025-05-18 02:57:55,298 - DEBUG - [Enemigo_5] Pos ANTES update: Rect: (396, 270), Hitbox: (399, 273)
2025-05-18 02:57:55,298 - DEBUG - [Enemigo_5] Target (Jugador): (400, 301), Dist: 21.63, dx_obj: -12.00, dy_obj: 18.00
2025-05-18 02:57:55,298 - DEBUG - [Enemigo_5] Movimiento calculado: mov_x=0.00, mov_y=0.00
2025-05-18 02:57:55,298 - DEBUG - [Enemigo_5] Pos DESPUÉS update: Rect: (396, 270), Hitbox: (399, 273)
2025-05-18 02:57:55,298 - DEBUG - --- Fin Update Enemigo_5 ---
2025-05-18 02:57:55,298 - DEBUG - --- Inicio Update Enemigo_6 ---
2025-05-18 02:57:55,298 - DEBUG - [Enemigo_6] Pos ANTES update: Rect: (364, 295), Hitbox: (367, 298)
2025-05-18 02:57:55,299 - DEBUG - [Enemigo_6] Target (Jugador): (400, 301), Dist: 21.19, dx_obj: 20.00, dy_obj: -7.00
2025-05-18 02:57:55,299 - DEBUG - [Enemigo_6] Movimiento calculado: mov_x=0.00, mov_y=0.00
2025-05-18 02:57:55,299 - DEBUG - [Enemigo_6] Pos DESPUÉS update: Rect: (364, 295), Hitbox: (367, 298)
2025-05-18 02:57:55,299 - DEBUG - --- Fin Update Enemigo_6 ---
2025-05-18 02:57:55,310 - DEBUG - --- Inicio Update Enemigo_0 ---
2025-05-18 02:57:55,311 - DEBUG - [Enemigo_0] Pos ANTES update: Rect: (364, 295), Hitbox: (367, 298)
2025-05-18 02:57:55,311 - DEBUG - [Enemigo_0] Target (Jugador): (400, 301), Dist: 21.19, dx_obj: 20.00, dy_obj: -7.00
2025-05-18 02:57:55,311 - DEBUG - [Enemigo_0] Movimiento calculado: mov_x=0.00, mov_y=0.00
2025-05-18 02:57:55,311 - DEBUG - [Enemigo_0] Pos DESPUÉS update: Rect: (364, 295), Hitbox: (367, 298)
2025-05-18 02:57:55,311 - DEBUG - --- Fin Update Enemigo_0 ---
2025-05-18 02:57:55,311 - DEBUG - --- Inicio Update Enemigo_1 ---
2025-05-18 02:57:55,311 - DEBUG - [Enemigo_1] Pos ANTES update: Rect: (404, 281), Hitbox: (407, 284)
2025-05-18 02:57:55,312 - DEBUG - [Enemigo_1] Target (Jugador): (400, 301), Dist: 21.19, dx_obj: -20.00, dy_obj: 7.00
2025-05-18 02:57:55,312 - DEBUG - [Enemigo_1] Movimiento calculado: mov_x=0.00, mov_y=0.00
2025-05-18 02:57:55,312 - DEBUG - [Enemigo_1] Pos DESPUÉS update: Rect: (404, 281), Hitbox: (407, 284)
2025-05-18 02:57:55,312 - DEBUG - --- Fin Update Enemigo_1 ---
2025-05-18 02:57:55,312 - DEBUG - --- Inicio Update Enemigo_2 ---
2025-05-18 02:57:55,312 - DEBUG - [Enemigo_2] Pos ANTES update: Rect: (376, 312), Hitbox: (379, 315)
2025-05-18 02:57:55,312 - DEBUG - [Enemigo_2] Target (Jugador): (400, 301), Dist: 25.30, dx_obj: 8.00, dy_obj: -24.00
2025-05-18 02:57:55,313 - DEBUG - [Enemigo_2] Movimiento calculado: mov_x=0.47, mov_y=-1.42
2025-05-18 02:57:55,313 - DEBUG - [Enemigo_2] Pos DESPUÉS update: Rect: (376, 311), Hitbox: (379, 314)
2025-05-18 02:57:55,313 - DEBUG - --- Fin Update Enemigo_2 ---
2025-05-18 02:57:55,313 - DEBUG - --- Inicio Update Enemigo_3 ---
2025-05-18 02:57:55,313 - DEBUG - [Enemigo_3] Pos ANTES update: Rect: (343, 302), Hitbox: (346, 305)
2025-05-18 02:57:55,313 - DEBUG - [Enemigo_3] Target (Jugador): (400, 301), Dist: 43.32, dx_obj: 41.00, dy_obj: -14.00
2025-05-18 02:57:55,313 - DEBUG - [Enemigo_3] Movimiento calculado: mov_x=1.42, mov_y=-0.48
2025-05-18 02:57:55,313 - DEBUG - [Enemigo_3] Pos DESPUÉS update: Rect: (344, 302), Hitbox: (347, 305)
2025-05-18 02:57:55,313 - DEBUG - --- Fin Update Enemigo_3 ---
2025-05-18 02:57:55,314 - DEBUG - --- Inicio Update Enemigo_4 ---
2025-05-18 02:57:55,314 - DEBUG - [Enemigo_4] Pos ANTES update: Rect: (365, 341), Hitbox: (368, 344)
2025-05-18 02:57:55,314 - DEBUG - [Enemigo_4] Target (Jugador): (400, 301), Dist: 56.30, dx_obj: 19.00, dy_obj: -53.00
2025-05-18 02:57:55,314 - DEBUG - [Enemigo_4] Movimiento calculado: mov_x=0.51, mov_y=-1.41
2025-05-18 02:57:55,314 - DEBUG - [Enemigo_4] Pos DESPUÉS update: Rect: (366, 340), Hitbox: (369, 343)
2025-05-18 02:57:55,314 - DEBUG - --- Fin Update Enemigo_4 ---
2025-05-18 02:57:55,314 - DEBUG - --- Inicio Update Enemigo_5 ---
2025-05-18 02:57:55,315 - DEBUG - [Enemigo_5] Pos ANTES update: Rect: (396, 270), Hitbox: (399, 273)
2025-05-18 02:57:55,315 - DEBUG - [Enemigo_5] Target (Jugador): (400, 301), Dist: 21.63, dx_obj: -12.00, dy_obj: 18.00
2025-05-18 02:57:55,315 - DEBUG - [Enemigo_5] Movimiento calculado: mov_x=0.00, mov_y=0.00
2025-05-18 02:57:55,315 - DEBUG - [Enemigo_5] Pos DESPUÉS update: Rect: (396, 270), Hitbox: (399, 273)
2025-05-18 02:57:55,315 - DEBUG - --- Fin Update Enemigo_5 ---
2025-05-18 02:57:55,315 - DEBUG - --- Inicio Update Enemigo_6 ---
2025-05-18 02:57:55,315 - DEBUG - [Enemigo_6] Pos ANTES update: Rect: (364, 295), Hitbox: (367, 298)
2025-05-18 02:57:55,315 - DEBUG - [Enemigo_6] Target (Jugador): (400, 301), Dist: 21.19, dx_obj: 20.00, dy_obj: -7.00
2025-05-18 02:57:55,315 - DEBUG - [Enemigo_6] Movimiento calculado: mov_x=0.00, mov_y=0.00
2025-05-18 02:57:55,315 - DEBUG - [Enemigo_6] Pos DESPUÉS update: Rect: (364, 295), Hitbox: (367, 298)
2025-05-18 02:57:55,316 - DEBUG - --- Fin Update Enemigo_6 ---
2025-05-18 02:57:55,327 - DEBUG - --- Inicio Update Enemigo_0 ---
2025-05-18 02:57:55,327 - DEBUG - [Enemigo_0] Pos ANTES update: Rect: (364, 295), Hitbox: (367, 298)
2025-05-18 02:57:55,327 - DEBUG - [Enemigo_0] Target (Jugador): (400, 301), Dist: 21.19, dx_obj: 20.00, dy_obj: -7.00
2025-05-18 02:57:55,328 - DEBUG - [Enemigo_0] Movimiento calculado: mov_x=0.00, mov_y=0.00
2025-05-18 02:57:55,328 - DEBUG - [Enemigo_0] Pos DESPUÉS update: Rect: (364, 295), Hitbox: (367, 298)
2025-05-18 02:57:55,328 - DEBUG - --- Fin Update Enemigo_0 ---
2025-05-18 02:57:55,328 - DEBUG - --- Inicio Update Enemigo_1 ---
2025-05-18 02:57:55,328 - DEBUG - [Enemigo_1] Pos ANTES update: Rect: (404, 281), Hitbox: (407, 284)
2025-05-18 02:57:55,328 - DEBUG - [Enemigo_1] Target (Jugador): (400, 301), Dist: 21.19, dx_obj: -20.00, dy_obj: 7.00
2025-05-18 02:57:55,328 - DEBUG - [Enemigo_1] Movimiento calculado: mov_x=0.00, mov_y=0.00
2025-05-18 02:57:55,328 - DEBUG - [Enemigo_1] Pos DESPUÉS update: Rect: (404, 281), Hitbox: (407, 284)
2025-05-18 02:57:55,329 - DEBUG - --- Fin Update Enemigo_1 ---
2025-05-18 02:57:55,329 - DEBUG - --- Inicio Update Enemigo_2 ---
2025-05-18 02:57:55,329 - DEBUG - [Enemigo_2] Pos ANTES update: Rect: (376, 311), Hitbox: (379, 314)
2025-05-18 02:57:55,329 - DEBUG - [Enemigo_2] Target (Jugador): (400, 301), Dist: 24.35, dx_obj: 8.00, dy_obj: -23.00
2025-05-18 02:57:55,329 - DEBUG - [Enemigo_2] Movimiento calculado: mov_x=0.49, mov_y=-1.42
2025-05-18 02:57:55,329 - DEBUG - [Enemigo_2] Pos DESPUÉS update: Rect: (376, 310), Hitbox: (379, 313)
2025-05-18 02:57:55,329 - DEBUG - --- Fin Update Enemigo_2 ---
2025-05-18 02:57:55,329 - DEBUG - --- Inicio Update Enemigo_3 ---
2025-05-18 02:57:55,329 - DEBUG - [Enemigo_3] Pos ANTES update: Rect: (344, 302), Hitbox: (347, 305)
2025-05-18 02:57:55,330 - DEBUG - [Enemigo_3] Target (Jugador): (400, 301), Dist: 42.38, dx_obj: 40.00, dy_obj: -14.00
2025-05-18 02:57:55,330 - DEBUG - [Enemigo_3] Movimiento calculado: mov_x=1.42, mov_y=-0.50
2025-05-18 02:57:55,330 - DEBUG - [Enemigo_3] Pos DESPUÉS update: Rect: (345, 302), Hitbox: (348, 305)
2025-05-18 02:57:55,330 - DEBUG - --- Fin Update Enemigo_3 ---
2025-05-18 02:57:55,330 - DEBUG - --- Inicio Update Enemigo_4 ---
2025-05-18 02:57:55,330 - DEBUG - [Enemigo_4] Pos ANTES update: Rect: (366, 340), Hitbox: (369, 343)
2025-05-18 02:57:55,330 - DEBUG - [Enemigo_4] Target (Jugador): (400, 301), Dist: 55.03, dx_obj: 18.00, dy_obj: -52.00
2025-05-18 02:57:55,330 - DEBUG - [Enemigo_4] Movimiento calculado: mov_x=0.49, mov_y=-1.42
2025-05-18 02:57:55,330 - DEBUG - [Enemigo_4] Pos DESPUÉS update: Rect: (366, 339), Hitbox: (369, 342)
2025-05-18 02:57:55,331 - DEBUG - --- Fin Update Enemigo_4 ---
2025-05-18 02:57:55,331 - DEBUG - --- Inicio Update Enemigo_5 ---
2025-05-18 02:57:55,331 - DEBUG - [Enemigo_5] Pos ANTES update: Rect: (396, 270), Hitbox: (399, 273)
2025-05-18 02:57:55,331 - DEBUG - [Enemigo_5] Target (Jugador): (400, 301), Dist: 21.63, dx_obj: -12.00, dy_obj: 18.00
2025-05-18 02:57:55,331 - DEBUG - [Enemigo_5] Movimiento calculado: mov_x=0.00, mov_y=0.00
2025-05-18 02:57:55,331 - DEBUG - [Enemigo_5] Pos DESPUÉS update: Rect: (396, 270), Hitbox: (399, 273)
2025-05-18 02:57:55,331 - DEBUG - --- Fin Update Enemigo_5 ---
2025-05-18 02:57:55,331 - DEBUG - --- Inicio Update Enemigo_6 ---
2025-05-18 02:57:55,331 - DEBUG - [Enemigo_6] Pos ANTES update: Rect: (364, 295), Hitbox: (367, 298)
2025-05-18 02:57:55,331 - DEBUG - [Enemigo_6] Target (Jugador): (400, 301), Dist: 21.19, dx_obj: 20.00, dy_obj: -7.00
2025-05-18 02:57:55,332 - DEBUG - [Enemigo_6] Movimiento calculado: mov_x=0.00, mov_y=0.00
2025-05-18 02:57:55,332 - DEBUG - [Enemigo_6] Pos DESPUÉS update: Rect: (364, 295), Hitbox: (367, 298)
2025-05-18 02:57:55,332 - DEBUG - --- Fin Update Enemigo_6 ---
2025-05-18 02:57:55,344 - DEBUG - --- Inicio Update Enemigo_0 ---
2025-05-18 02:57:55,345 - DEBUG - [Enemigo_0] Pos ANTES update: Rect: (364, 295), Hitbox: (367, 298)
2025-05-18 02:57:55,345 - DEBUG - [Enemigo_0] Target (Jugador): (400, 301), Dist: 21.19, dx_obj: 20.00, dy_obj: -7.00
2025-05-18 02:57:55,345 - DEBUG - [Enemigo_0] Movimiento calculado: mov_x=0.00, mov_y=0.00
2025-05-18 02:57:55,345 - DEBUG - [Enemigo_0] Pos DESPUÉS update: Rect: (364, 295), Hitbox: (367, 298)
2025-05-18 02:57:55,345 - DEBUG - --- Fin Update Enemigo_0 ---
2025-05-18 02:57:55,345 - DEBUG - --- Inicio Update Enemigo_1 ---
2025-05-18 02:57:55,345 - DEBUG - [Enemigo_1] Pos ANTES update: Rect: (404, 281), Hitbox: (407, 284)
2025-05-18 02:57:55,346 - DEBUG - [Enemigo_1] Target (Jugador): (400, 301), Dist: 21.19, dx_obj: -20.00, dy_obj: 7.00
2025-05-18 02:57:55,346 - DEBUG - [Enemigo_1] Movimiento calculado: mov_x=0.00, mov_y=0.00
2025-05-18 02:57:55,346 - DEBUG - [Enemigo_1] Pos DESPUÉS update: Rect: (404, 281), Hitbox: (407, 284)
2025-05-18 02:57:55,346 - DEBUG - --- Fin Update Enemigo_1 ---
2025-05-18 02:57:55,346 - DEBUG - --- Inicio Update Enemigo_2 ---
2025-05-18 02:57:55,346 - DEBUG - [Enemigo_2] Pos ANTES update: Rect: (376, 310), Hitbox: (379, 313)
2025-05-18 02:57:55,346 - DEBUG - [Enemigo_2] Target (Jugador): (400, 301), Dist: 23.41, dx_obj: 8.00, dy_obj: -22.00
2025-05-18 02:57:55,346 - DEBUG - [Enemigo_2] Movimiento calculado: mov_x=0.51, mov_y=-1.41
2025-05-18 02:57:55,347 - DEBUG - [Enemigo_2] Pos DESPUÉS update: Rect: (377, 309), Hitbox: (380, 312)
2025-05-18 02:57:55,347 - DEBUG - --- Fin Update Enemigo_2 ---
2025-05-18 02:57:55,347 - DEBUG - --- Inicio Update Enemigo_3 ---
2025-05-18 02:57:55,347 - DEBUG - [Enemigo_3] Pos ANTES update: Rect: (345, 302), Hitbox: (348, 305)
2025-05-18 02:57:55,347 - DEBUG - [Enemigo_3] Target (Jugador): (400, 301), Dist: 41.44, dx_obj: 39.00, dy_obj: -14.00
2025-05-18 02:57:55,347 - DEBUG - [Enemigo_3] Movimiento calculado: mov_x=1.41, mov_y=-0.51
2025-05-18 02:57:55,347 - DEBUG - [Enemigo_3] Pos DESPUÉS update: Rect: (346, 301), Hitbox: (349, 304)
2025-05-18 02:57:55,347 - DEBUG - --- Fin Update Enemigo_3 ---
2025-05-18 02:57:55,348 - DEBUG - --- Inicio Update Enemigo_4 ---
2025-05-18 02:57:55,348 - DEBUG - [Enemigo_4] Pos ANTES update: Rect: (366, 339), Hitbox: (369, 342)
2025-05-18 02:57:55,348 - DEBUG - [Enemigo_4] Target (Jugador): (400, 301), Dist: 54.08, dx_obj: 18.00, dy_obj: -51.00
2025-05-18 02:57:55,348 - DEBUG - [Enemigo_4] Movimiento calculado: mov_x=0.50, mov_y=-1.41
2025-05-18 02:57:55,348 - DEBUG - [Enemigo_4] Pos DESPUÉS update: Rect: (366, 338), Hitbox: (369, 341)
2025-05-18 02:57:55,348 - DEBUG - --- Fin Update Enemigo_4 ---
2025-05-18 02:57:55,348 - DEBUG - --- Inicio Update Enemigo_5 ---
2025-05-18 02:57:55,348 - DEBUG - [Enemigo_5] Pos ANTES update: Rect: (396, 270), Hitbox: (399, 273)
2025-05-18 02:57:55,349 - DEBUG - [Enemigo_5] Target (Jugador): (400, 301), Dist: 21.63, dx_obj: -12.00, dy_obj: 18.00
2025-05-18 02:57:55,349 - DEBUG - [Enemigo_5] Movimiento calculado: mov_x=0.00, mov_y=0.00
2025-05-18 02:57:55,349 - DEBUG - [Enemigo_5] Pos DESPUÉS update: Rect: (396, 270), Hitbox: (399, 273)
2025-05-18 02:57:55,349 - DEBUG - --- Fin Update Enemigo_5 ---
2025-05-18 02:57:55,349 - DEBUG - --- Inicio Update Enemigo_6 ---
2025-05-18 02:57:55,349 - DEBUG - [Enemigo_6] Pos ANTES update: Rect: (364, 295), Hitbox: (367, 298)
2025-05-18 02:57:55,349 - DEBUG - [Enemigo_6] Target (Jugador): (400, 301), Dist: 21.19, dx_obj: 20.00, dy_obj: -7.00
2025-05-18 02:57:55,349 - DEBUG - [Enemigo_6] Movimiento calculado: mov_x=0.00, mov_y=0.00
2025-05-18 02:57:55,349 - DEBUG - [Enemigo_6] Pos DESPUÉS update: Rect: (364, 295), Hitbox: (367, 298)
2025-05-18 02:57:55,349 - DEBUG - --- Fin Update Enemigo_6 ---
2025-05-18 02:57:55,361 - DEBUG - --- Inicio Update Enemigo_0 ---
2025-05-18 02:57:55,362 - DEBUG - [Enemigo_0] Pos ANTES update: Rect: (364, 295), Hitbox: (367, 298)
2025-05-18 02:57:55,362 - DEBUG - [Enemigo_0] Target (Jugador): (400, 301), Dist: 21.19, dx_obj: 20.00, dy_obj: -7.00
2025-05-18 02:57:55,363 - DEBUG - [Enemigo_0] Movimiento calculado: mov_x=0.00, mov_y=0.00
2025-05-18 02:57:55,363 - DEBUG - [Enemigo_0] Pos DESPUÉS update: Rect: (364, 295), Hitbox: (367, 298)
2025-05-18 02:57:55,363 - DEBUG - --- Fin Update Enemigo_0 ---
2025-05-18 02:57:55,363 - DEBUG - --- Inicio Update Enemigo_1 ---
2025-05-18 02:57:55,363 - DEBUG - [Enemigo_1] Pos ANTES update: Rect: (404, 281), Hitbox: (407, 284)
2025-05-18 02:57:55,363 - DEBUG - [Enemigo_1] Target (Jugador): (400, 301), Dist: 21.19, dx_obj: -20.00, dy_obj: 7.00
2025-05-18 02:57:55,363 - DEBUG - [Enemigo_1] Movimiento calculado: mov_x=0.00, mov_y=0.00
2025-05-18 02:57:55,363 - DEBUG - [Enemigo_1] Pos DESPUÉS update: Rect: (404, 281), Hitbox: (407, 284)
2025-05-18 02:57:55,364 - DEBUG - --- Fin Update Enemigo_1 ---
2025-05-18 02:57:55,364 - DEBUG - --- Inicio Update Enemigo_2 ---
2025-05-18 02:57:55,364 - DEBUG - [Enemigo_2] Pos ANTES update: Rect: (377, 309), Hitbox: (380, 312)
2025-05-18 02:57:55,364 - DEBUG - [Enemigo_2] Target (Jugador): (400, 301), Dist: 22.14, dx_obj: 7.00, dy_obj: -21.00
2025-05-18 02:57:55,364 - DEBUG - [Enemigo_2] Movimiento calculado: mov_x=0.47, mov_y=-1.42
2025-05-18 02:57:55,364 - DEBUG - [Enemigo_2] Pos DESPUÉS update: Rect: (377, 308), Hitbox: (380, 311)
2025-05-18 02:57:55,364 - DEBUG - --- Fin Update Enemigo_2 ---
2025-05-18 02:57:55,364 - DEBUG - --- Inicio Update Enemigo_3 ---
2025-05-18 02:57:55,364 - DEBUG - [Enemigo_3] Pos ANTES update: Rect: (346, 301), Hitbox: (349, 304)
2025-05-18 02:57:55,365 - DEBUG - [Enemigo_3] Target (Jugador): (400, 301), Dist: 40.16, dx_obj: 38.00, dy_obj: -13.00
2025-05-18 02:57:55,365 - DEBUG - [Enemigo_3] Movimiento calculado: mov_x=1.42, mov_y=-0.49
2025-05-18 02:57:55,365 - DEBUG - [Enemigo_3] Pos DESPUÉS update: Rect: (347, 301), Hitbox: (350, 304)
2025-05-18 02:57:55,365 - DEBUG - --- Fin Update Enemigo_3 ---
2025-05-18 02:57:55,365 - DEBUG - --- Inicio Update Enemigo_4 ---
2025-05-18 02:57:55,365 - DEBUG - [Enemigo_4] Pos ANTES update: Rect: (366, 338), Hitbox: (369, 341)
2025-05-18 02:57:55,365 - DEBUG - [Enemigo_4] Target (Jugador): (400, 301), Dist: 53.14, dx_obj: 18.00, dy_obj: -50.00
2025-05-18 02:57:55,365 - DEBUG - [Enemigo_4] Movimiento calculado: mov_x=0.51, mov_y=-1.41
2025-05-18 02:57:55,366 - DEBUG - [Enemigo_4] Pos DESPUÉS update: Rect: (367, 337), Hitbox: (370, 340)
2025-05-18 02:57:55,366 - DEBUG - --- Fin Update Enemigo_4 ---
2025-05-18 02:57:55,366 - DEBUG - --- Inicio Update Enemigo_5 ---
2025-05-18 02:57:55,366 - DEBUG - [Enemigo_5] Pos ANTES update: Rect: (396, 270), Hitbox: (399, 273)
2025-05-18 02:57:55,366 - DEBUG - [Enemigo_5] Target (Jugador): (400, 301), Dist: 21.63, dx_obj: -12.00, dy_obj: 18.00
2025-05-18 02:57:55,366 - DEBUG - [Enemigo_5] Movimiento calculado: mov_x=0.00, mov_y=0.00
2025-05-18 02:57:55,366 - DEBUG - [Enemigo_5] Pos DESPUÉS update: Rect: (396, 270), Hitbox: (399, 273)
2025-05-18 02:57:55,366 - DEBUG - --- Fin Update Enemigo_5 ---
2025-05-18 02:57:55,366 - DEBUG - --- Inicio Update Enemigo_6 ---
2025-05-18 02:57:55,367 - DEBUG - [Enemigo_6] Pos ANTES update: Rect: (364, 295), Hitbox: (367, 298)
2025-05-18 02:57:55,367 - DEBUG - [Enemigo_6] Target (Jugador): (400, 301), Dist: 21.19, dx_obj: 20.00, dy_obj: -7.00
2025-05-18 02:57:55,367 - DEBUG - [Enemigo_6] Movimiento calculado: mov_x=0.00, mov_y=0.00
2025-05-18 02:57:55,367 - DEBUG - [Enemigo_6] Pos DESPUÉS update: Rect: (364, 295), Hitbox: (367, 298)
2025-05-18 02:57:55,367 - DEBUG - --- Fin Update Enemigo_6 ---
2025-05-18 02:57:55,378 - DEBUG - --- Inicio Update Enemigo_0 ---
2025-05-18 02:57:55,378 - DEBUG - [Enemigo_0] Pos ANTES update: Rect: (364, 295), Hitbox: (367, 298)
2025-05-18 02:57:55,378 - DEBUG - [Enemigo_0] Target (Jugador): (400, 301), Dist: 21.19, dx_obj: 20.00, dy_obj: -7.00
2025-05-18 02:57:55,378 - DEBUG - [Enemigo_0] Movimiento calculado: mov_x=0.00, mov_y=0.00
2025-05-18 02:57:55,378 - DEBUG - [Enemigo_0] Pos DESPUÉS update: Rect: (364, 295), Hitbox: (367, 298)
2025-05-18 02:57:55,379 - DEBUG - --- Fin Update Enemigo_0 ---
2025-05-18 02:57:55,379 - DEBUG - --- Inicio Update Enemigo_1 ---
2025-05-18 02:57:55,379 - DEBUG - [Enemigo_1] Pos ANTES update: Rect: (404, 281), Hitbox: (407, 284)
2025-05-18 02:57:55,379 - DEBUG - [Enemigo_1] Target (Jugador): (400, 301), Dist: 21.19, dx_obj: -20.00, dy_obj: 7.00
2025-05-18 02:57:55,379 - DEBUG - [Enemigo_1] Movimiento calculado: mov_x=0.00, mov_y=0.00
2025-05-18 02:57:55,379 - DEBUG - [Enemigo_1] Pos DESPUÉS update: Rect: (404, 281), Hitbox: (407, 284)
2025-05-18 02:57:55,379 - DEBUG - --- Fin Update Enemigo_1 ---
2025-05-18 02:57:55,379 - DEBUG - --- Inicio Update Enemigo_2 ---
2025-05-18 02:57:55,379 - DEBUG - [Enemigo_2] Pos ANTES update: Rect: (377, 308), Hitbox: (380, 311)
2025-05-18 02:57:55,380 - DEBUG - [Enemigo_2] Target (Jugador): (400, 301), Dist: 21.19, dx_obj: 7.00, dy_obj: -20.00
2025-05-18 02:57:55,380 - DEBUG - [Enemigo_2] Movimiento calculado: mov_x=0.00, mov_y=0.00
2025-05-18 02:57:55,380 - DEBUG - [Enemigo_2] Pos DESPUÉS update: Rect: (377, 308), Hitbox: (380, 311)
2025-05-18 02:57:55,380 - DEBUG - --- Fin Update Enemigo_2 ---
2025-05-18 02:57:55,380 - DEBUG - --- Inicio Update Enemigo_3 ---
2025-05-18 02:57:55,380 - DEBUG - [Enemigo_3] Pos ANTES update: Rect: (347, 301), Hitbox: (350, 304)
2025-05-18 02:57:55,380 - DEBUG - [Enemigo_3] Target (Jugador): (400, 301), Dist: 39.22, dx_obj: 37.00, dy_obj: -13.00
2025-05-18 02:57:55,380 - DEBUG - [Enemigo_3] Movimiento calculado: mov_x=1.42, mov_y=-0.50
2025-05-18 02:57:55,380 - DEBUG - [Enemigo_3] Pos DESPUÉS update: Rect: (348, 301), Hitbox: (351, 304)
2025-05-18 02:57:55,380 - DEBUG - --- Fin Update Enemigo_3 ---
2025-05-18 02:57:55,381 - DEBUG - --- Inicio Update Enemigo_4 ---
2025-05-18 02:57:55,381 - DEBUG - [Enemigo_4] Pos ANTES update: Rect: (367, 337), Hitbox: (370, 340)
2025-05-18 02:57:55,381 - DEBUG - [Enemigo_4] Target (Jugador): (400, 301), Dist: 51.87, dx_obj: 17.00, dy_obj: -49.00
2025-05-18 02:57:55,381 - DEBUG - [Enemigo_4] Movimiento calculado: mov_x=0.49, mov_y=-1.42
2025-05-18 02:57:55,381 - DEBUG - [Enemigo_4] Pos DESPUÉS update: Rect: (367, 336), Hitbox: (370, 339)
2025-05-18 02:57:55,381 - DEBUG - --- Fin Update Enemigo_4 ---
2025-05-18 02:57:55,381 - DEBUG - --- Inicio Update Enemigo_5 ---
2025-05-18 02:57:55,381 - DEBUG - [Enemigo_5] Pos ANTES update: Rect: (396, 270), Hitbox: (399, 273)
2025-05-18 02:57:55,381 - DEBUG - [Enemigo_5] Target (Jugador): (400, 301), Dist: 21.63, dx_obj: -12.00, dy_obj: 18.00
2025-05-18 02:57:55,381 - DEBUG - [Enemigo_5] Movimiento calculado: mov_x=0.00, mov_y=0.00
2025-05-18 02:57:55,382 - DEBUG - [Enemigo_5] Pos DESPUÉS update: Rect: (396, 270), Hitbox: (399, 273)
2025-05-18 02:57:55,382 - DEBUG - --- Fin Update Enemigo_5 ---
2025-05-18 02:57:55,382 - DEBUG - --- Inicio Update Enemigo_6 ---
2025-05-18 02:57:55,382 - DEBUG - [Enemigo_6] Pos ANTES update: Rect: (364, 295), Hitbox: (367, 298)
2025-05-18 02:57:55,382 - DEBUG - [Enemigo_6] Target (Jugador): (400, 301), Dist: 21.19, dx_obj: 20.00, dy_obj: -7.00
2025-05-18 02:57:55,382 - DEBUG - [Enemigo_6] Movimiento calculado: mov_x=0.00, mov_y=0.00
2025-05-18 02:57:55,382 - DEBUG - [Enemigo_6] Pos DESPUÉS update: Rect: (364, 295), Hitbox: (367, 298)
2025-05-18 02:57:55,382 - DEBUG - --- Fin Update Enemigo_6 ---
2025-05-18 02:57:55,393 - DEBUG - --- Inicio Update Enemigo_0 ---
2025-05-18 02:57:55,394 - DEBUG - [Enemigo_0] Pos ANTES update: Rect: (364, 295), Hitbox: (367, 298)
2025-05-18 02:57:55,394 - DEBUG - [Enemigo_0] Target (Jugador): (400, 301), Dist: 21.19, dx_obj: 20.00, dy_obj: -7.00
2025-05-18 02:57:55,394 - DEBUG - [Enemigo_0] Movimiento calculado: mov_x=0.00, mov_y=0.00
2025-05-18 02:57:55,394 - DEBUG - [Enemigo_0] Pos DESPUÉS update: Rect: (364, 295), Hitbox: (367, 298)
2025-05-18 02:57:55,394 - DEBUG - --- Fin Update Enemigo_0 ---
2025-05-18 02:57:55,394 - DEBUG - --- Inicio Update Enemigo_1 ---
2025-05-18 02:57:55,394 - DEBUG - [Enemigo_1] Pos ANTES update: Rect: (404, 281), Hitbox: (407, 284)
2025-05-18 02:57:55,395 - DEBUG - [Enemigo_1] Target (Jugador): (400, 301), Dist: 21.19, dx_obj: -20.00, dy_obj: 7.00
2025-05-18 02:57:55,395 - DEBUG - [Enemigo_1] Movimiento calculado: mov_x=0.00, mov_y=0.00
2025-05-18 02:57:55,395 - DEBUG - [Enemigo_1] Pos DESPUÉS update: Rect: (404, 281), Hitbox: (407, 284)
2025-05-18 02:57:55,395 - DEBUG - --- Fin Update Enemigo_1 ---
2025-05-18 02:57:55,395 - DEBUG - --- Inicio Update Enemigo_2 ---
2025-05-18 02:57:55,395 - DEBUG - [Enemigo_2] Pos ANTES update: Rect: (377, 308), Hitbox: (380, 311)
2025-05-18 02:57:55,395 - DEBUG - [Enemigo_2] Target (Jugador): (400, 301), Dist: 21.19, dx_obj: 7.00, dy_obj: -20.00
2025-05-18 02:57:55,395 - DEBUG - [Enemigo_2] Movimiento calculado: mov_x=0.00, mov_y=0.00
2025-05-18 02:57:55,396 - DEBUG - [Enemigo_2] Pos DESPUÉS update: Rect: (377, 308), Hitbox: (380, 311)
2025-05-18 02:57:55,396 - DEBUG - --- Fin Update Enemigo_2 ---
2025-05-18 02:57:55,396 - DEBUG - --- Inicio Update Enemigo_3 ---
2025-05-18 02:57:55,396 - DEBUG - [Enemigo_3] Pos ANTES update: Rect: (348, 301), Hitbox: (351, 304)
2025-05-18 02:57:55,396 - DEBUG - [Enemigo_3] Target (Jugador): (400, 301), Dist: 38.28, dx_obj: 36.00, dy_obj: -13.00
2025-05-18 02:57:55,396 - DEBUG - [Enemigo_3] Movimiento calculado: mov_x=1.41, mov_y=-0.51
2025-05-18 02:57:55,396 - DEBUG - [Enemigo_3] Pos DESPUÉS update: Rect: (349, 300), Hitbox: (352, 303)
2025-05-18 02:57:55,396 - DEBUG - --- Fin Update Enemigo_3 ---
2025-05-18 02:57:55,396 - DEBUG - --- Inicio Update Enemigo_4 ---
2025-05-18 02:57:55,397 - DEBUG - [Enemigo_4] Pos ANTES update: Rect: (367, 336), Hitbox: (370, 339)
2025-05-18 02:57:55,397 - DEBUG - [Enemigo_4] Target (Jugador): (400, 301), Dist: 50.92, dx_obj: 17.00, dy_obj: -48.00
2025-05-18 02:57:55,397 - DEBUG - [Enemigo_4] Movimiento calculado: mov_x=0.50, mov_y=-1.41
2025-05-18 02:57:55,397 - DEBUG - [Enemigo_4] Pos DESPUÉS update: Rect: (368, 335), Hitbox: (371, 338)
2025-05-18 02:57:55,397 - DEBUG - --- Fin Update Enemigo_4 ---
2025-05-18 02:57:55,397 - DEBUG - --- Inicio Update Enemigo_5 ---
2025-05-18 02:57:55,397 - DEBUG - [Enemigo_5] Pos ANTES update: Rect: (396, 270), Hitbox: (399, 273)
2025-05-18 02:57:55,397 - DEBUG - [Enemigo_5] Target (Jugador): (400, 301), Dist: 21.63, dx_obj: -12.00, dy_obj: 18.00
2025-05-18 02:57:55,398 - DEBUG - [Enemigo_5] Movimiento calculado: mov_x=0.00, mov_y=0.00
2025-05-18 02:57:55,398 - DEBUG - [Enemigo_5] Pos DESPUÉS update: Rect: (396, 270), Hitbox: (399, 273)
2025-05-18 02:57:55,398 - DEBUG - --- Fin Update Enemigo_5 ---
2025-05-18 02:57:55,398 - DEBUG - --- Inicio Update Enemigo_6 ---
2025-05-18 02:57:55,398 - DEBUG - [Enemigo_6] Pos ANTES update: Rect: (364, 295), Hitbox: (367, 298)
2025-05-18 02:57:55,398 - DEBUG - [Enemigo_6] Target (Jugador): (400, 301), Dist: 21.19, dx_obj: 20.00, dy_obj: -7.00
2025-05-18 02:57:55,398 - DEBUG - [Enemigo_6] Movimiento calculado: mov_x=0.00, mov_y=0.00
2025-05-18 02:57:55,398 - DEBUG - [Enemigo_6] Pos DESPUÉS update: Rect: (364, 295), Hitbox: (367, 298)
2025-05-18 02:57:55,398 - DEBUG - --- Fin Update Enemigo_6 ---
2025-05-18 02:57:55,410 - DEBUG - --- Inicio Update Enemigo_0 ---
2025-05-18 02:57:55,410 - DEBUG - [Enemigo_0] Pos ANTES update: Rect: (364, 295), Hitbox: (367, 298)
2025-05-18 02:57:55,410 - DEBUG - [Enemigo_0] Target (Jugador): (400, 301), Dist: 21.19, dx_obj: 20.00, dy_obj: -7.00
2025-05-18 02:57:55,411 - DEBUG - [Enemigo_0] Movimiento calculado: mov_x=0.00, mov_y=0.00
2025-05-18 02:57:55,411 - DEBUG - [Enemigo_0] Pos DESPUÉS update: Rect: (364, 295), Hitbox: (367, 298)
2025-05-18 02:57:55,411 - DEBUG - --- Fin Update Enemigo_0 ---
2025-05-18 02:57:55,411 - DEBUG - --- Inicio Update Enemigo_1 ---
2025-05-18 02:57:55,411 - DEBUG - [Enemigo_1] Pos ANTES update: Rect: (404, 281), Hitbox: (407, 284)
2025-05-18 02:57:55,411 - DEBUG - [Enemigo_1] Target (Jugador): (400, 301), Dist: 21.19, dx_obj: -20.00, dy_obj: 7.00
2025-05-18 02:57:55,411 - DEBUG - [Enemigo_1] Movimiento calculado: mov_x=0.00, mov_y=0.00
2025-05-18 02:57:55,411 - DEBUG - [Enemigo_1] Pos DESPUÉS update: Rect: (404, 281), Hitbox: (407, 284)
2025-05-18 02:57:55,412 - DEBUG - --- Fin Update Enemigo_1 ---
2025-05-18 02:57:55,412 - DEBUG - --- Inicio Update Enemigo_2 ---
2025-05-18 02:57:55,412 - DEBUG - [Enemigo_2] Pos ANTES update: Rect: (377, 308), Hitbox: (380, 311)
2025-05-18 02:57:55,412 - DEBUG - [Enemigo_2] Target (Jugador): (400, 301), Dist: 21.19, dx_obj: 7.00, dy_obj: -20.00
2025-05-18 02:57:55,412 - DEBUG - [Enemigo_2] Movimiento calculado: mov_x=0.00, mov_y=0.00
2025-05-18 02:57:55,412 - DEBUG - [Enemigo_2] Pos DESPUÉS update: Rect: (377, 308), Hitbox: (380, 311)
2025-05-18 02:57:55,412 - DEBUG - --- Fin Update Enemigo_2 ---
2025-05-18 02:57:55,412 - DEBUG - --- Inicio Update Enemigo_3 ---
2025-05-18 02:57:55,412 - DEBUG - [Enemigo_3] Pos ANTES update: Rect: (349, 300), Hitbox: (352, 303)
2025-05-18 02:57:55,412 - DEBUG - [Enemigo_3] Target (Jugador): (400, 301), Dist: 37.00, dx_obj: 35.00, dy_obj: -12.00
2025-05-18 02:57:55,413 - DEBUG - [Enemigo_3] Movimiento calculado: mov_x=1.42, mov_y=-0.49
2025-05-18 02:57:55,413 - DEBUG - [Enemigo_3] Pos DESPUÉS update: Rect: (350, 300), Hitbox: (353, 303)
2025-05-18 02:57:55,413 - DEBUG - --- Fin Update Enemigo_3 ---
2025-05-18 02:57:55,413 - DEBUG - --- Inicio Update Enemigo_4 ---
2025-05-18 02:57:55,413 - DEBUG - [Enemigo_4] Pos ANTES update: Rect: (368, 335), Hitbox: (371, 338)
2025-05-18 02:57:55,413 - DEBUG - [Enemigo_4] Target (Jugador): (400, 301), Dist: 49.65, dx_obj: 16.00, dy_obj: -47.00
2025-05-18 02:57:55,413 - DEBUG - [Enemigo_4] Movimiento calculado: mov_x=0.48, mov_y=-1.42
2025-05-18 02:57:55,414 - DEBUG - [Enemigo_4] Pos DESPUÉS update: Rect: (368, 334), Hitbox: (371, 337)
2025-05-18 02:57:55,414 - DEBUG - --- Fin Update Enemigo_4 ---
2025-05-18 02:57:55,414 - DEBUG - --- Inicio Update Enemigo_5 ---
2025-05-18 02:57:55,414 - DEBUG - [Enemigo_5] Pos ANTES update: Rect: (396, 270), Hitbox: (399, 273)
2025-05-18 02:57:55,414 - DEBUG - [Enemigo_5] Target (Jugador): (400, 301), Dist: 21.63, dx_obj: -12.00, dy_obj: 18.00
2025-05-18 02:57:55,414 - DEBUG - [Enemigo_5] Movimiento calculado: mov_x=0.00, mov_y=0.00
2025-05-18 02:57:55,414 - DEBUG - [Enemigo_5] Pos DESPUÉS update: Rect: (396, 270), Hitbox: (399, 273)
2025-05-18 02:57:55,414 - DEBUG - --- Fin Update Enemigo_5 ---
2025-05-18 02:57:55,415 - DEBUG - --- Inicio Update Enemigo_6 ---
2025-05-18 02:57:55,415 - DEBUG - [Enemigo_6] Pos ANTES update: Rect: (364, 295), Hitbox: (367, 298)
2025-05-18 02:57:55,415 - DEBUG - [Enemigo_6] Target (Jugador): (400, 301), Dist: 21.19, dx_obj: 20.00, dy_obj: -7.00
2025-05-18 02:57:55,415 - DEBUG - [Enemigo_6] Movimiento calculado: mov_x=0.00, mov_y=0.00
2025-05-18 02:57:55,415 - DEBUG - [Enemigo_6] Pos DESPUÉS update: Rect: (364, 295), Hitbox: (367, 298)
2025-05-18 02:57:55,415 - DEBUG - --- Fin Update Enemigo_6 ---
2025-05-18 02:57:55,427 - DEBUG - --- Inicio Update Enemigo_0 ---
2025-05-18 02:57:55,428 - DEBUG - [Enemigo_0] Pos ANTES update: Rect: (364, 295), Hitbox: (367, 298)
2025-05-18 02:57:55,428 - DEBUG - [Enemigo_0] Target (Jugador): (400, 301), Dist: 21.19, dx_obj: 20.00, dy_obj: -7.00
2025-05-18 02:57:55,428 - DEBUG - [Enemigo_0] Movimiento calculado: mov_x=0.00, mov_y=0.00
2025-05-18 02:57:55,428 - DEBUG - [Enemigo_0] Pos DESPUÉS update: Rect: (364, 295), Hitbox: (367, 298)
2025-05-18 02:57:55,428 - DEBUG - --- Fin Update Enemigo_0 ---
2025-05-18 02:57:55,428 - DEBUG - --- Inicio Update Enemigo_1 ---
2025-05-18 02:57:55,429 - DEBUG - [Enemigo_1] Pos ANTES update: Rect: (404, 281), Hitbox: (407, 284)
2025-05-18 02:57:55,429 - DEBUG - [Enemigo_1] Target (Jugador): (400, 301), Dist: 21.19, dx_obj: -20.00, dy_obj: 7.00
2025-05-18 02:57:55,429 - DEBUG - [Enemigo_1] Movimiento calculado: mov_x=0.00, mov_y=0.00
2025-05-18 02:57:55,429 - DEBUG - [Enemigo_1] Pos DESPUÉS update: Rect: (404, 281), Hitbox: (407, 284)
2025-05-18 02:57:55,429 - DEBUG - --- Fin Update Enemigo_1 ---
2025-05-18 02:57:55,429 - DEBUG - --- Inicio Update Enemigo_2 ---
2025-05-18 02:57:55,429 - DEBUG - [Enemigo_2] Pos ANTES update: Rect: (377, 308), Hitbox: (380, 311)
2025-05-18 02:57:55,429 - DEBUG - [Enemigo_2] Target (Jugador): (400, 301), Dist: 21.19, dx_obj: 7.00, dy_obj: -20.00
2025-05-18 02:57:55,430 - DEBUG - [Enemigo_2] Movimiento calculado: mov_x=0.00, mov_y=0.00
2025-05-18 02:57:55,430 - DEBUG - [Enemigo_2] Pos DESPUÉS update: Rect: (377, 308), Hitbox: (380, 311)
2025-05-18 02:57:55,430 - DEBUG - --- Fin Update Enemigo_2 ---
2025-05-18 02:57:55,430 - DEBUG - --- Inicio Update Enemigo_3 ---
2025-05-18 02:57:55,430 - DEBUG - [Enemigo_3] Pos ANTES update: Rect: (350, 300), Hitbox: (353, 303)
2025-05-18 02:57:55,430 - DEBUG - [Enemigo_3] Target (Jugador): (400, 301), Dist: 36.06, dx_obj: 34.00, dy_obj: -12.00
2025-05-18 02:57:55,430 - DEBUG - [Enemigo_3] Movimiento calculado: mov_x=1.41, mov_y=-0.50
2025-05-18 02:57:55,430 - DEBUG - [Enemigo_3] Pos DESPUÉS update: Rect: (351, 300), Hitbox: (354, 303)
2025-05-18 02:57:55,430 - DEBUG - --- Fin Update Enemigo_3 ---
2025-05-18 02:57:55,431 - DEBUG - --- Inicio Update Enemigo_4 ---
2025-05-18 02:57:55,431 - DEBUG - [Enemigo_4] Pos ANTES update: Rect: (368, 334), Hitbox: (371, 337)
2025-05-18 02:57:55,431 - DEBUG - [Enemigo_4] Target (Jugador): (400, 301), Dist: 48.70, dx_obj: 16.00, dy_obj: -46.00
2025-05-18 02:57:55,431 - DEBUG - [Enemigo_4] Movimiento calculado: mov_x=0.49, mov_y=-1.42
2025-05-18 02:57:55,431 - DEBUG - [Enemigo_4] Pos DESPUÉS update: Rect: (368, 333), Hitbox: (371, 336)
2025-05-18 02:57:55,431 - DEBUG - --- Fin Update Enemigo_4 ---
2025-05-18 02:57:55,431 - DEBUG - --- Inicio Update Enemigo_5 ---
2025-05-18 02:57:55,431 - DEBUG - [Enemigo_5] Pos ANTES update: Rect: (396, 270), Hitbox: (399, 273)
2025-05-18 02:57:55,431 - DEBUG - [Enemigo_5] Target (Jugador): (400, 301), Dist: 21.63, dx_obj: -12.00, dy_obj: 18.00
2025-05-18 02:57:55,432 - DEBUG - [Enemigo_5] Movimiento calculado: mov_x=0.00, mov_y=0.00
2025-05-18 02:57:55,432 - DEBUG - [Enemigo_5] Pos DESPUÉS update: Rect: (396, 270), Hitbox: (399, 273)
2025-05-18 02:57:55,432 - DEBUG - --- Fin Update Enemigo_5 ---
2025-05-18 02:57:55,432 - DEBUG - --- Inicio Update Enemigo_6 ---
2025-05-18 02:57:55,432 - DEBUG - [Enemigo_6] Pos ANTES update: Rect: (364, 295), Hitbox: (367, 298)
2025-05-18 02:57:55,432 - DEBUG - [Enemigo_6] Target (Jugador): (400, 301), Dist: 21.19, dx_obj: 20.00, dy_obj: -7.00
2025-05-18 02:57:55,432 - DEBUG - [Enemigo_6] Movimiento calculado: mov_x=0.00, mov_y=0.00
2025-05-18 02:57:55,432 - DEBUG - [Enemigo_6] Pos DESPUÉS update: Rect: (364, 295), Hitbox: (367, 298)
2025-05-18 02:57:55,432 - DEBUG - --- Fin Update Enemigo_6 ---
2025-05-18 02:57:55,444 - DEBUG - --- Inicio Update Enemigo_0 ---
2025-05-18 02:57:55,444 - DEBUG - [Enemigo_0] Pos ANTES update: Rect: (364, 295), Hitbox: (367, 298)
2025-05-18 02:57:55,444 - DEBUG - [Enemigo_0] Target (Jugador): (400, 301), Dist: 21.19, dx_obj: 20.00, dy_obj: -7.00
2025-05-18 02:57:55,444 - DEBUG - [Enemigo_0] Movimiento calculado: mov_x=0.00, mov_y=0.00
2025-05-18 02:57:55,444 - DEBUG - [Enemigo_0] Pos DESPUÉS update: Rect: (364, 295), Hitbox: (367, 298)
2025-05-18 02:57:55,444 - DEBUG - --- Fin Update Enemigo_0 ---
2025-05-18 02:57:55,445 - DEBUG - --- Inicio Update Enemigo_1 ---
2025-05-18 02:57:55,445 - DEBUG - [Enemigo_1] Pos ANTES update: Rect: (404, 281), Hitbox: (407, 284)
2025-05-18 02:57:55,445 - DEBUG - [Enemigo_1] Target (Jugador): (400, 301), Dist: 21.19, dx_obj: -20.00, dy_obj: 7.00
2025-05-18 02:57:55,445 - DEBUG - [Enemigo_1] Movimiento calculado: mov_x=0.00, mov_y=0.00
2025-05-18 02:57:55,445 - DEBUG - [Enemigo_1] Pos DESPUÉS update: Rect: (404, 281), Hitbox: (407, 284)
2025-05-18 02:57:55,445 - DEBUG - --- Fin Update Enemigo_1 ---
2025-05-18 02:57:55,445 - DEBUG - --- Inicio Update Enemigo_2 ---
2025-05-18 02:57:55,445 - DEBUG - [Enemigo_2] Pos ANTES update: Rect: (377, 308), Hitbox: (380, 311)
2025-05-18 02:57:55,446 - DEBUG - [Enemigo_2] Target (Jugador): (400, 301), Dist: 21.19, dx_obj: 7.00, dy_obj: -20.00
2025-05-18 02:57:55,446 - DEBUG - [Enemigo_2] Movimiento calculado: mov_x=0.00, mov_y=0.00
2025-05-18 02:57:55,446 - DEBUG - [Enemigo_2] Pos DESPUÉS update: Rect: (377, 308), Hitbox: (380, 311)
2025-05-18 02:57:55,446 - DEBUG - --- Fin Update Enemigo_2 ---
2025-05-18 02:57:55,446 - DEBUG - --- Inicio Update Enemigo_3 ---
2025-05-18 02:57:55,446 - DEBUG - [Enemigo_3] Pos ANTES update: Rect: (351, 300), Hitbox: (354, 303)
2025-05-18 02:57:55,446 - DEBUG - [Enemigo_3] Target (Jugador): (400, 301), Dist: 35.11, dx_obj: 33.00, dy_obj: -12.00
2025-05-18 02:57:55,446 - DEBUG - [Enemigo_3] Movimiento calculado: mov_x=1.41, mov_y=-0.51
2025-05-18 02:57:55,446 - DEBUG - [Enemigo_3] Pos DESPUÉS update: Rect: (352, 299), Hitbox: (355, 302)
2025-05-18 02:57:55,447 - DEBUG - --- Fin Update Enemigo_3 ---
2025-05-18 02:57:55,447 - DEBUG - --- Inicio Update Enemigo_4 ---
2025-05-18 02:57:55,447 - DEBUG - [Enemigo_4] Pos ANTES update: Rect: (368, 333), Hitbox: (371, 336)
2025-05-18 02:57:55,447 - DEBUG - [Enemigo_4] Target (Jugador): (400, 301), Dist: 47.76, dx_obj: 16.00, dy_obj: -45.00
2025-05-18 02:57:55,447 - DEBUG - [Enemigo_4] Movimiento calculado: mov_x=0.50, mov_y=-1.41
2025-05-18 02:57:55,447 - DEBUG - [Enemigo_4] Pos DESPUÉS update: Rect: (369, 332), Hitbox: (372, 335)
2025-05-18 02:57:55,447 - DEBUG - --- Fin Update Enemigo_4 ---
2025-05-18 02:57:55,447 - DEBUG - --- Inicio Update Enemigo_5 ---
2025-05-18 02:57:55,448 - DEBUG - [Enemigo_5] Pos ANTES update: Rect: (396, 270), Hitbox: (399, 273)
2025-05-18 02:57:55,448 - DEBUG - [Enemigo_5] Target (Jugador): (400, 301), Dist: 21.63, dx_obj: -12.00, dy_obj: 18.00
2025-05-18 02:57:55,448 - DEBUG - [Enemigo_5] Movimiento calculado: mov_x=0.00, mov_y=0.00
2025-05-18 02:57:55,448 - DEBUG - [Enemigo_5] Pos DESPUÉS update: Rect: (396, 270), Hitbox: (399, 273)
2025-05-18 02:57:55,448 - DEBUG - --- Fin Update Enemigo_5 ---
2025-05-18 02:57:55,448 - DEBUG - --- Inicio Update Enemigo_6 ---
2025-05-18 02:57:55,448 - DEBUG - [Enemigo_6] Pos ANTES update: Rect: (364, 295), Hitbox: (367, 298)
2025-05-18 02:57:55,448 - DEBUG - [Enemigo_6] Target (Jugador): (400, 301), Dist: 21.19, dx_obj: 20.00, dy_obj: -7.00
2025-05-18 02:57:55,448 - DEBUG - [Enemigo_6] Movimiento calculado: mov_x=0.00, mov_y=0.00
2025-05-18 02:57:55,449 - DEBUG - [Enemigo_6] Pos DESPUÉS update: Rect: (364, 295), Hitbox: (367, 298)
2025-05-18 02:57:55,449 - DEBUG - --- Fin Update Enemigo_6 ---
2025-05-18 02:57:55,460 - DEBUG - --- Inicio Update Enemigo_0 ---
2025-05-18 02:57:55,461 - DEBUG - [Enemigo_0] Pos ANTES update: Rect: (364, 295), Hitbox: (367, 298)
2025-05-18 02:57:55,461 - DEBUG - [Enemigo_0] Target (Jugador): (400, 301), Dist: 21.19, dx_obj: 20.00, dy_obj: -7.00
2025-05-18 02:57:55,461 - DEBUG - [Enemigo_0] Movimiento calculado: mov_x=0.00, mov_y=0.00
2025-05-18 02:57:55,461 - DEBUG - [Enemigo_0] Pos DESPUÉS update: Rect: (364, 295), Hitbox: (367, 298)
2025-05-18 02:57:55,461 - DEBUG - --- Fin Update Enemigo_0 ---
2025-05-18 02:57:55,461 - DEBUG - --- Inicio Update Enemigo_1 ---
2025-05-18 02:57:55,461 - DEBUG - [Enemigo_1] Pos ANTES update: Rect: (404, 281), Hitbox: (407, 284)
2025-05-18 02:57:55,462 - DEBUG - [Enemigo_1] Target (Jugador): (400, 301), Dist: 21.19, dx_obj: -20.00, dy_obj: 7.00
2025-05-18 02:57:55,462 - DEBUG - [Enemigo_1] Movimiento calculado: mov_x=0.00, mov_y=0.00
2025-05-18 02:57:55,462 - DEBUG - [Enemigo_1] Pos DESPUÉS update: Rect: (404, 281), Hitbox: (407, 284)
2025-05-18 02:57:55,462 - DEBUG - --- Fin Update Enemigo_1 ---
2025-05-18 02:57:55,462 - DEBUG - --- Inicio Update Enemigo_2 ---
2025-05-18 02:57:55,462 - DEBUG - [Enemigo_2] Pos ANTES update: Rect: (377, 308), Hitbox: (380, 311)
2025-05-18 02:57:55,462 - DEBUG - [Enemigo_2] Target (Jugador): (400, 301), Dist: 21.19, dx_obj: 7.00, dy_obj: -20.00
2025-05-18 02:57:55,463 - DEBUG - [Enemigo_2] Movimiento calculado: mov_x=0.00, mov_y=0.00
2025-05-18 02:57:55,463 - DEBUG - [Enemigo_2] Pos DESPUÉS update: Rect: (377, 308), Hitbox: (380, 311)
2025-05-18 02:57:55,463 - DEBUG - --- Fin Update Enemigo_2 ---
2025-05-18 02:57:55,463 - DEBUG - --- Inicio Update Enemigo_3 ---
2025-05-18 02:57:55,463 - DEBUG - [Enemigo_3] Pos ANTES update: Rect: (352, 299), Hitbox: (355, 302)
2025-05-18 02:57:55,463 - DEBUG - [Enemigo_3] Target (Jugador): (400, 301), Dist: 33.84, dx_obj: 32.00, dy_obj: -11.00
2025-05-18 02:57:55,463 - DEBUG - [Enemigo_3] Movimiento calculado: mov_x=1.42, mov_y=-0.49
2025-05-18 02:57:55,463 - DEBUG - [Enemigo_3] Pos DESPUÉS update: Rect: (353, 299), Hitbox: (356, 302)
2025-05-18 02:57:55,463 - DEBUG - --- Fin Update Enemigo_3 ---
2025-05-18 02:57:55,464 - DEBUG - --- Inicio Update Enemigo_4 ---
2025-05-18 02:57:55,464 - DEBUG - [Enemigo_4] Pos ANTES update: Rect: (369, 332), Hitbox: (372, 335)
2025-05-18 02:57:55,464 - DEBUG - [Enemigo_4] Target (Jugador): (400, 301), Dist: 46.49, dx_obj: 15.00, dy_obj: -44.00
2025-05-18 02:57:55,464 - DEBUG - [Enemigo_4] Movimiento calculado: mov_x=0.48, mov_y=-1.42
2025-05-18 02:57:55,464 - DEBUG - [Enemigo_4] Pos DESPUÉS update: Rect: (369, 331), Hitbox: (372, 334)
2025-05-18 02:57:55,464 - DEBUG - --- Fin Update Enemigo_4 ---
2025-05-18 02:57:55,464 - DEBUG - --- Inicio Update Enemigo_5 ---
2025-05-18 02:57:55,464 - DEBUG - [Enemigo_5] Pos ANTES update: Rect: (396, 270), Hitbox: (399, 273)
2025-05-18 02:57:55,465 - DEBUG - [Enemigo_5] Target (Jugador): (400, 301), Dist: 21.63, dx_obj: -12.00, dy_obj: 18.00
2025-05-18 02:57:55,465 - DEBUG - [Enemigo_5] Movimiento calculado: mov_x=0.00, mov_y=0.00
2025-05-18 02:57:55,465 - DEBUG - [Enemigo_5] Pos DESPUÉS update: Rect: (396, 270), Hitbox: (399, 273)
2025-05-18 02:57:55,465 - DEBUG - --- Fin Update Enemigo_5 ---
2025-05-18 02:57:55,465 - DEBUG - --- Inicio Update Enemigo_6 ---
2025-05-18 02:57:55,465 - DEBUG - [Enemigo_6] Pos ANTES update: Rect: (364, 295), Hitbox: (367, 298)
2025-05-18 02:57:55,465 - DEBUG - [Enemigo_6] Target (Jugador): (400, 301), Dist: 21.19, dx_obj: 20.00, dy_obj: -7.00
2025-05-18 02:57:55,465 - DEBUG - [Enemigo_6] Movimiento calculado: mov_x=0.00, mov_y=0.00
2025-05-18 02:57:55,465 - DEBUG - [Enemigo_6] Pos DESPUÉS update: Rect: (364, 295), Hitbox: (367, 298)
2025-05-18 02:57:55,466 - DEBUG - --- Fin Update Enemigo_6 ---
2025-05-18 02:57:55,477 - DEBUG - --- Inicio Update Enemigo_0 ---
2025-05-18 02:57:55,478 - DEBUG - [Enemigo_0] Pos ANTES update: Rect: (364, 295), Hitbox: (367, 298)
2025-05-18 02:57:55,478 - DEBUG - [Enemigo_0] Target (Jugador): (400, 301), Dist: 21.19, dx_obj: 20.00, dy_obj: -7.00
2025-05-18 02:57:55,478 - DEBUG - [Enemigo_0] Movimiento calculado: mov_x=0.00, mov_y=0.00
2025-05-18 02:57:55,478 - DEBUG - [Enemigo_0] Pos DESPUÉS update: Rect: (364, 295), Hitbox: (367, 298)
2025-05-18 02:57:55,478 - DEBUG - --- Fin Update Enemigo_0 ---
2025-05-18 02:57:55,478 - DEBUG - --- Inicio Update Enemigo_1 ---
2025-05-18 02:57:55,478 - DEBUG - [Enemigo_1] Pos ANTES update: Rect: (404, 281), Hitbox: (407, 284)
2025-05-18 02:57:55,479 - DEBUG - [Enemigo_1] Target (Jugador): (400, 301), Dist: 21.19, dx_obj: -20.00, dy_obj: 7.00
2025-05-18 02:57:55,479 - DEBUG - [Enemigo_1] Movimiento calculado: mov_x=0.00, mov_y=0.00
2025-05-18 02:57:55,479 - DEBUG - [Enemigo_1] Pos DESPUÉS update: Rect: (404, 281), Hitbox: (407, 284)
2025-05-18 02:57:55,479 - DEBUG - --- Fin Update Enemigo_1 ---
2025-05-18 02:57:55,479 - DEBUG - --- Inicio Update Enemigo_2 ---
2025-05-18 02:57:55,479 - DEBUG - [Enemigo_2] Pos ANTES update: Rect: (377, 308), Hitbox: (380, 311)
2025-05-18 02:57:55,479 - DEBUG - [Enemigo_2] Target (Jugador): (400, 301), Dist: 21.19, dx_obj: 7.00, dy_obj: -20.00
2025-05-18 02:57:55,479 - DEBUG - [Enemigo_2] Movimiento calculado: mov_x=0.00, mov_y=0.00
2025-05-18 02:57:55,480 - DEBUG - [Enemigo_2] Pos DESPUÉS update: Rect: (377, 308), Hitbox: (380, 311)
2025-05-18 02:57:55,480 - DEBUG - --- Fin Update Enemigo_2 ---
2025-05-18 02:57:55,480 - DEBUG - --- Inicio Update Enemigo_3 ---
2025-05-18 02:57:55,480 - DEBUG - [Enemigo_3] Pos ANTES update: Rect: (353, 299), Hitbox: (356, 302)
2025-05-18 02:57:55,480 - DEBUG - [Enemigo_3] Target (Jugador): (400, 301), Dist: 32.89, dx_obj: 31.00, dy_obj: -11.00
2025-05-18 02:57:55,480 - DEBUG - [Enemigo_3] Movimiento calculado: mov_x=1.41, mov_y=-0.50
2025-05-18 02:57:55,480 - DEBUG - [Enemigo_3] Pos DESPUÉS update: Rect: (354, 298), Hitbox: (357, 301)
2025-05-18 02:57:55,480 - DEBUG - --- Fin Update Enemigo_3 ---
2025-05-18 02:57:55,480 - DEBUG - --- Inicio Update Enemigo_4 ---
2025-05-18 02:57:55,480 - DEBUG - [Enemigo_4] Pos ANTES update: Rect: (369, 331), Hitbox: (372, 334)
2025-05-18 02:57:55,481 - DEBUG - [Enemigo_4] Target (Jugador): (400, 301), Dist: 45.54, dx_obj: 15.00, dy_obj: -43.00
2025-05-18 02:57:55,481 - DEBUG - [Enemigo_4] Movimiento calculado: mov_x=0.49, mov_y=-1.42
2025-05-18 02:57:55,481 - DEBUG - [Enemigo_4] Pos DESPUÉS update: Rect: (369, 330), Hitbox: (372, 333)
2025-05-18 02:57:55,481 - DEBUG - --- Fin Update Enemigo_4 ---
2025-05-18 02:57:55,481 - DEBUG - --- Inicio Update Enemigo_5 ---
2025-05-18 02:57:55,481 - DEBUG - [Enemigo_5] Pos ANTES update: Rect: (396, 270), Hitbox: (399, 273)
2025-05-18 02:57:55,481 - DEBUG - [Enemigo_5] Target (Jugador): (400, 301), Dist: 21.63, dx_obj: -12.00, dy_obj: 18.00
2025-05-18 02:57:55,482 - DEBUG - [Enemigo_5] Movimiento calculado: mov_x=0.00, mov_y=0.00
2025-05-18 02:57:55,482 - DEBUG - [Enemigo_5] Pos DESPUÉS update: Rect: (396, 270), Hitbox: (399, 273)
2025-05-18 02:57:55,482 - DEBUG - --- Fin Update Enemigo_5 ---
2025-05-18 02:57:55,482 - DEBUG - --- Inicio Update Enemigo_6 ---
2025-05-18 02:57:55,482 - DEBUG - [Enemigo_6] Pos ANTES update: Rect: (364, 295), Hitbox: (367, 298)
2025-05-18 02:57:55,482 - DEBUG - [Enemigo_6] Target (Jugador): (400, 301), Dist: 21.19, dx_obj: 20.00, dy_obj: -7.00
2025-05-18 02:57:55,482 - DEBUG - [Enemigo_6] Movimiento calculado: mov_x=0.00, mov_y=0.00
2025-05-18 02:57:55,482 - DEBUG - [Enemigo_6] Pos DESPUÉS update: Rect: (364, 295), Hitbox: (367, 298)
2025-05-18 02:57:55,482 - DEBUG - --- Fin Update Enemigo_6 ---
2025-05-18 02:57:55,495 - DEBUG - --- Inicio Update Enemigo_0 ---
2025-05-18 02:57:55,495 - DEBUG - [Enemigo_0] Pos ANTES update: Rect: (364, 295), Hitbox: (367, 298)
2025-05-18 02:57:55,495 - DEBUG - [Enemigo_0] Target (Jugador): (400, 301), Dist: 21.19, dx_obj: 20.00, dy_obj: -7.00
2025-05-18 02:57:55,495 - DEBUG - [Enemigo_0] Movimiento calculado: mov_x=0.00, mov_y=0.00
2025-05-18 02:57:55,495 - DEBUG - [Enemigo_0] Pos DESPUÉS update: Rect: (364, 295), Hitbox: (367, 298)
2025-05-18 02:57:55,495 - DEBUG - --- Fin Update Enemigo_0 ---
2025-05-18 02:57:55,496 - DEBUG - --- Inicio Update Enemigo_1 ---
2025-05-18 02:57:55,496 - DEBUG - [Enemigo_1] Pos ANTES update: Rect: (404, 281), Hitbox: (407, 284)
2025-05-18 02:57:55,496 - DEBUG - [Enemigo_1] Target (Jugador): (400, 301), Dist: 21.19, dx_obj: -20.00, dy_obj: 7.00
2025-05-18 02:57:55,496 - DEBUG - [Enemigo_1] Movimiento calculado: mov_x=0.00, mov_y=0.00
2025-05-18 02:57:55,496 - DEBUG - [Enemigo_1] Pos DESPUÉS update: Rect: (404, 281), Hitbox: (407, 284)
2025-05-18 02:57:55,496 - DEBUG - --- Fin Update Enemigo_1 ---
2025-05-18 02:57:55,496 - DEBUG - --- Inicio Update Enemigo_2 ---
2025-05-18 02:57:55,496 - DEBUG - [Enemigo_2] Pos ANTES update: Rect: (377, 308), Hitbox: (380, 311)
2025-05-18 02:57:55,496 - DEBUG - [Enemigo_2] Target (Jugador): (400, 301), Dist: 21.19, dx_obj: 7.00, dy_obj: -20.00
2025-05-18 02:57:55,497 - DEBUG - [Enemigo_2] Movimiento calculado: mov_x=0.00, mov_y=0.00
2025-05-18 02:57:55,497 - DEBUG - [Enemigo_2] Pos DESPUÉS update: Rect: (377, 308), Hitbox: (380, 311)
2025-05-18 02:57:55,497 - DEBUG - --- Fin Update Enemigo_2 ---
2025-05-18 02:57:55,497 - DEBUG - --- Inicio Update Enemigo_3 ---
2025-05-18 02:57:55,497 - DEBUG - [Enemigo_3] Pos ANTES update: Rect: (354, 298), Hitbox: (357, 301)
2025-05-18 02:57:55,497 - DEBUG - [Enemigo_3] Target (Jugador): (400, 301), Dist: 31.62, dx_obj: 30.00, dy_obj: -10.00
2025-05-18 02:57:55,497 - DEBUG - [Enemigo_3] Movimiento calculado: mov_x=1.42, mov_y=-0.47
2025-05-18 02:57:55,497 - DEBUG - [Enemigo_3] Pos DESPUÉS update: Rect: (355, 298), Hitbox: (358, 301)
2025-05-18 02:57:55,498 - DEBUG - --- Fin Update Enemigo_3 ---
2025-05-18 02:57:55,498 - DEBUG - --- Inicio Update Enemigo_4 ---
2025-05-18 02:57:55,498 - DEBUG - [Enemigo_4] Pos ANTES update: Rect: (369, 330), Hitbox: (372, 333)
2025-05-18 02:57:55,498 - DEBUG - [Enemigo_4] Target (Jugador): (400, 301), Dist: 44.60, dx_obj: 15.00, dy_obj: -42.00
2025-05-18 02:57:55,498 - DEBUG - [Enemigo_4] Movimiento calculado: mov_x=0.50, mov_y=-1.41
2025-05-18 02:57:55,498 - DEBUG - [Enemigo_4] Pos DESPUÉS update: Rect: (370, 329), Hitbox: (373, 332)
2025-05-18 02:57:55,498 - DEBUG - --- Fin Update Enemigo_4 ---
2025-05-18 02:57:55,498 - DEBUG - --- Inicio Update Enemigo_5 ---
2025-05-18 02:57:55,498 - DEBUG - [Enemigo_5] Pos ANTES update: Rect: (396, 270), Hitbox: (399, 273)
2025-05-18 02:57:55,499 - DEBUG - [Enemigo_5] Target (Jugador): (400, 301), Dist: 21.63, dx_obj: -12.00, dy_obj: 18.00
2025-05-18 02:57:55,499 - DEBUG - [Enemigo_5] Movimiento calculado: mov_x=0.00, mov_y=0.00
2025-05-18 02:57:55,499 - DEBUG - [Enemigo_5] Pos DESPUÉS update: Rect: (396, 270), Hitbox: (399, 273)
2025-05-18 02:57:55,499 - DEBUG - --- Fin Update Enemigo_5 ---
2025-05-18 02:57:55,499 - DEBUG - --- Inicio Update Enemigo_6 ---
2025-05-18 02:57:55,499 - DEBUG - [Enemigo_6] Pos ANTES update: Rect: (364, 295), Hitbox: (367, 298)
2025-05-18 02:57:55,499 - DEBUG - [Enemigo_6] Target (Jugador): (400, 301), Dist: 21.19, dx_obj: 20.00, dy_obj: -7.00
2025-05-18 02:57:55,499 - DEBUG - [Enemigo_6] Movimiento calculado: mov_x=0.00, mov_y=0.00
2025-05-18 02:57:55,499 - DEBUG - [Enemigo_6] Pos DESPUÉS update: Rect: (364, 295), Hitbox: (367, 298)
2025-05-18 02:57:55,500 - DEBUG - --- Fin Update Enemigo_6 ---
2025-05-18 02:57:55,512 - DEBUG - --- Inicio Update Enemigo_0 ---
2025-05-18 02:57:55,512 - DEBUG - [Enemigo_0] Pos ANTES update: Rect: (364, 295), Hitbox: (367, 298)
2025-05-18 02:57:55,512 - DEBUG - [Enemigo_0] Target (Jugador): (400, 301), Dist: 21.19, dx_obj: 20.00, dy_obj: -7.00
2025-05-18 02:57:55,512 - DEBUG - [Enemigo_0] Movimiento calculado: mov_x=0.00, mov_y=0.00
2025-05-18 02:57:55,512 - DEBUG - [Enemigo_0] Pos DESPUÉS update: Rect: (364, 295), Hitbox: (367, 298)
2025-05-18 02:57:55,513 - DEBUG - --- Fin Update Enemigo_0 ---
2025-05-18 02:57:55,513 - DEBUG - --- Inicio Update Enemigo_1 ---
2025-05-18 02:57:55,513 - DEBUG - [Enemigo_1] Pos ANTES update: Rect: (404, 281), Hitbox: (407, 284)
2025-05-18 02:57:55,513 - DEBUG - [Enemigo_1] Target (Jugador): (400, 301), Dist: 21.19, dx_obj: -20.00, dy_obj: 7.00
2025-05-18 02:57:55,513 - DEBUG - [Enemigo_1] Movimiento calculado: mov_x=0.00, mov_y=0.00
2025-05-18 02:57:55,513 - DEBUG - [Enemigo_1] Pos DESPUÉS update: Rect: (404, 281), Hitbox: (407, 284)
2025-05-18 02:57:55,513 - DEBUG - --- Fin Update Enemigo_1 ---
2025-05-18 02:57:55,513 - DEBUG - --- Inicio Update Enemigo_2 ---
2025-05-18 02:57:55,513 - DEBUG - [Enemigo_2] Pos ANTES update: Rect: (377, 308), Hitbox: (380, 311)
2025-05-18 02:57:55,514 - DEBUG - [Enemigo_2] Target (Jugador): (400, 301), Dist: 21.19, dx_obj: 7.00, dy_obj: -20.00
2025-05-18 02:57:55,514 - DEBUG - [Enemigo_2] Movimiento calculado: mov_x=0.00, mov_y=0.00
2025-05-18 02:57:55,514 - DEBUG - [Enemigo_2] Pos DESPUÉS update: Rect: (377, 308), Hitbox: (380, 311)
2025-05-18 02:57:55,514 - DEBUG - --- Fin Update Enemigo_2 ---
2025-05-18 02:57:55,514 - DEBUG - --- Inicio Update Enemigo_3 ---
2025-05-18 02:57:55,514 - DEBUG - [Enemigo_3] Pos ANTES update: Rect: (355, 298), Hitbox: (358, 301)
2025-05-18 02:57:55,514 - DEBUG - [Enemigo_3] Target (Jugador): (400, 301), Dist: 30.68, dx_obj: 29.00, dy_obj: -10.00
2025-05-18 02:57:55,514 - DEBUG - [Enemigo_3] Movimiento calculado: mov_x=1.42, mov_y=-0.49
2025-05-18 02:57:55,515 - DEBUG - [Enemigo_3] Pos DESPUÉS update: Rect: (356, 298), Hitbox: (359, 301)
2025-05-18 02:57:55,515 - DEBUG - --- Fin Update Enemigo_3 ---
2025-05-18 02:57:55,515 - DEBUG - --- Inicio Update Enemigo_4 ---
2025-05-18 02:57:55,515 - DEBUG - [Enemigo_4] Pos ANTES update: Rect: (370, 329), Hitbox: (373, 332)
2025-05-18 02:57:55,515 - DEBUG - [Enemigo_4] Target (Jugador): (400, 301), Dist: 43.32, dx_obj: 14.00, dy_obj: -41.00
2025-05-18 02:57:55,515 - DEBUG - [Enemigo_4] Movimiento calculado: mov_x=0.48, mov_y=-1.42
2025-05-18 02:57:55,515 - DEBUG - [Enemigo_4] Pos DESPUÉS update: Rect: (370, 328), Hitbox: (373, 331)
2025-05-18 02:57:55,516 - DEBUG - --- Fin Update Enemigo_4 ---
2025-05-18 02:57:55,516 - DEBUG - --- Inicio Update Enemigo_5 ---
2025-05-18 02:57:55,516 - DEBUG - [Enemigo_5] Pos ANTES update: Rect: (396, 270), Hitbox: (399, 273)
2025-05-18 02:57:55,516 - DEBUG - [Enemigo_5] Target (Jugador): (400, 301), Dist: 21.63, dx_obj: -12.00, dy_obj: 18.00
2025-05-18 02:57:55,516 - DEBUG - [Enemigo_5] Movimiento calculado: mov_x=0.00, mov_y=0.00
2025-05-18 02:57:55,516 - DEBUG - [Enemigo_5] Pos DESPUÉS update: Rect: (396, 270), Hitbox: (399, 273)
2025-05-18 02:57:55,516 - DEBUG - --- Fin Update Enemigo_5 ---
2025-05-18 02:57:55,516 - DEBUG - --- Inicio Update Enemigo_6 ---
2025-05-18 02:57:55,516 - DEBUG - [Enemigo_6] Pos ANTES update: Rect: (364, 295), Hitbox: (367, 298)
2025-05-18 02:57:55,516 - DEBUG - [Enemigo_6] Target (Jugador): (400, 301), Dist: 21.19, dx_obj: 20.00, dy_obj: -7.00
2025-05-18 02:57:55,517 - DEBUG - [Enemigo_6] Movimiento calculado: mov_x=0.00, mov_y=0.00
2025-05-18 02:57:55,517 - DEBUG - [Enemigo_6] Pos DESPUÉS update: Rect: (364, 295), Hitbox: (367, 298)
2025-05-18 02:57:55,517 - DEBUG - --- Fin Update Enemigo_6 ---
2025-05-18 02:57:55,527 - DEBUG - --- Inicio Update Enemigo_0 ---
2025-05-18 02:57:55,527 - DEBUG - [Enemigo_0] Pos ANTES update: Rect: (364, 295), Hitbox: (367, 298)
2025-05-18 02:57:55,528 - DEBUG - [Enemigo_0] Target (Jugador): (400, 301), Dist: 21.19, dx_obj: 20.00, dy_obj: -7.00
2025-05-18 02:57:55,528 - DEBUG - [Enemigo_0] Movimiento calculado: mov_x=0.00, mov_y=0.00
2025-05-18 02:57:55,528 - DEBUG - [Enemigo_0] Pos DESPUÉS update: Rect: (364, 295), Hitbox: (367, 298)
2025-05-18 02:57:55,528 - DEBUG - --- Fin Update Enemigo_0 ---
2025-05-18 02:57:55,528 - DEBUG - --- Inicio Update Enemigo_1 ---
2025-05-18 02:57:55,528 - DEBUG - [Enemigo_1] Pos ANTES update: Rect: (404, 281), Hitbox: (407, 284)
2025-05-18 02:57:55,529 - DEBUG - [Enemigo_1] Target (Jugador): (400, 301), Dist: 21.19, dx_obj: -20.00, dy_obj: 7.00
2025-05-18 02:57:55,529 - DEBUG - [Enemigo_1] Movimiento calculado: mov_x=0.00, mov_y=0.00
2025-05-18 02:57:55,529 - DEBUG - [Enemigo_1] Pos DESPUÉS update: Rect: (404, 281), Hitbox: (407, 284)
2025-05-18 02:57:55,529 - DEBUG - --- Fin Update Enemigo_1 ---
2025-05-18 02:57:55,529 - DEBUG - --- Inicio Update Enemigo_2 ---
2025-05-18 02:57:55,529 - DEBUG - [Enemigo_2] Pos ANTES update: Rect: (377, 308), Hitbox: (380, 311)
2025-05-18 02:57:55,529 - DEBUG - [Enemigo_2] Target (Jugador): (400, 301), Dist: 21.19, dx_obj: 7.00, dy_obj: -20.00
2025-05-18 02:57:55,530 - DEBUG - [Enemigo_2] Movimiento calculado: mov_x=0.00, mov_y=0.00
2025-05-18 02:57:55,530 - DEBUG - [Enemigo_2] Pos DESPUÉS update: Rect: (377, 308), Hitbox: (380, 311)
2025-05-18 02:57:55,530 - DEBUG - --- Fin Update Enemigo_2 ---
2025-05-18 02:57:55,530 - DEBUG - --- Inicio Update Enemigo_3 ---
2025-05-18 02:57:55,530 - DEBUG - [Enemigo_3] Pos ANTES update: Rect: (356, 298), Hitbox: (359, 301)
2025-05-18 02:57:55,530 - DEBUG - [Enemigo_3] Target (Jugador): (400, 301), Dist: 29.73, dx_obj: 28.00, dy_obj: -10.00
2025-05-18 02:57:55,530 - DEBUG - [Enemigo_3] Movimiento calculado: mov_x=1.41, mov_y=-0.50
2025-05-18 02:57:55,530 - DEBUG - [Enemigo_3] Pos DESPUÉS update: Rect: (357, 297), Hitbox: (360, 300)
2025-05-18 02:57:55,530 - DEBUG - --- Fin Update Enemigo_3 ---
2025-05-18 02:57:55,531 - DEBUG - --- Inicio Update Enemigo_4 ---
2025-05-18 02:57:55,531 - DEBUG - [Enemigo_4] Pos ANTES update: Rect: (370, 328), Hitbox: (373, 331)
2025-05-18 02:57:55,531 - DEBUG - [Enemigo_4] Target (Jugador): (400, 301), Dist: 42.38, dx_obj: 14.00, dy_obj: -40.00
2025-05-18 02:57:55,531 - DEBUG - [Enemigo_4] Movimiento calculado: mov_x=0.50, mov_y=-1.42
2025-05-18 02:57:55,531 - DEBUG - [Enemigo_4] Pos DESPUÉS update: Rect: (370, 327), Hitbox: (373, 330)
2025-05-18 02:57:55,531 - DEBUG - --- Fin Update Enemigo_4 ---
2025-05-18 02:57:55,531 - DEBUG - --- Inicio Update Enemigo_5 ---
2025-05-18 02:57:55,531 - DEBUG - [Enemigo_5] Pos ANTES update: Rect: (396, 270), Hitbox: (399, 273)
2025-05-18 02:57:55,532 - DEBUG - [Enemigo_5] Target (Jugador): (400, 301), Dist: 21.63, dx_obj: -12.00, dy_obj: 18.00
2025-05-18 02:57:55,532 - DEBUG - [Enemigo_5] Movimiento calculado: mov_x=0.00, mov_y=0.00
2025-05-18 02:57:55,532 - DEBUG - [Enemigo_5] Pos DESPUÉS update: Rect: (396, 270), Hitbox: (399, 273)
2025-05-18 02:57:55,532 - DEBUG - --- Fin Update Enemigo_5 ---
2025-05-18 02:57:55,532 - DEBUG - --- Inicio Update Enemigo_6 ---
2025-05-18 02:57:55,532 - DEBUG - [Enemigo_6] Pos ANTES update: Rect: (364, 295), Hitbox: (367, 298)
2025-05-18 02:57:55,532 - DEBUG - [Enemigo_6] Target (Jugador): (400, 301), Dist: 21.19, dx_obj: 20.00, dy_obj: -7.00
2025-05-18 02:57:55,533 - DEBUG - [Enemigo_6] Movimiento calculado: mov_x=0.00, mov_y=0.00
2025-05-18 02:57:55,533 - DEBUG - [Enemigo_6] Pos DESPUÉS update: Rect: (364, 295), Hitbox: (367, 298)
2025-05-18 02:57:55,533 - DEBUG - --- Fin Update Enemigo_6 ---
2025-05-18 02:57:55,544 - DEBUG - --- Inicio Update Enemigo_0 ---
2025-05-18 02:57:55,544 - DEBUG - [Enemigo_0] Pos ANTES update: Rect: (364, 295), Hitbox: (367, 298)
2025-05-18 02:57:55,545 - DEBUG - [Enemigo_0] Target (Jugador): (400, 301), Dist: 21.19, dx_obj: 20.00, dy_obj: -7.00
2025-05-18 02:57:55,545 - DEBUG - [Enemigo_0] Movimiento calculado: mov_x=0.00, mov_y=0.00
2025-05-18 02:57:55,545 - DEBUG - [Enemigo_0] Pos DESPUÉS update: Rect: (364, 295), Hitbox: (367, 298)
2025-05-18 02:57:55,545 - DEBUG - --- Fin Update Enemigo_0 ---
2025-05-18 02:57:55,545 - DEBUG - --- Inicio Update Enemigo_1 ---
2025-05-18 02:57:55,545 - DEBUG - [Enemigo_1] Pos ANTES update: Rect: (404, 281), Hitbox: (407, 284)
2025-05-18 02:57:55,545 - DEBUG - [Enemigo_1] Target (Jugador): (400, 301), Dist: 21.19, dx_obj: -20.00, dy_obj: 7.00
2025-05-18 02:57:55,546 - DEBUG - [Enemigo_1] Movimiento calculado: mov_x=0.00, mov_y=0.00
2025-05-18 02:57:55,546 - DEBUG - [Enemigo_1] Pos DESPUÉS update: Rect: (404, 281), Hitbox: (407, 284)
2025-05-18 02:57:55,546 - DEBUG - --- Fin Update Enemigo_1 ---
2025-05-18 02:57:55,546 - DEBUG - --- Inicio Update Enemigo_2 ---
2025-05-18 02:57:55,546 - DEBUG - [Enemigo_2] Pos ANTES update: Rect: (377, 308), Hitbox: (380, 311)
2025-05-18 02:57:55,546 - DEBUG - [Enemigo_2] Target (Jugador): (400, 301), Dist: 21.19, dx_obj: 7.00, dy_obj: -20.00
2025-05-18 02:57:55,546 - DEBUG - [Enemigo_2] Movimiento calculado: mov_x=0.00, mov_y=0.00
2025-05-18 02:57:55,546 - DEBUG - [Enemigo_2] Pos DESPUÉS update: Rect: (377, 308), Hitbox: (380, 311)
2025-05-18 02:57:55,547 - DEBUG - --- Fin Update Enemigo_2 ---
2025-05-18 02:57:55,547 - DEBUG - --- Inicio Update Enemigo_3 ---
2025-05-18 02:57:55,547 - DEBUG - [Enemigo_3] Pos ANTES update: Rect: (357, 297), Hitbox: (360, 300)
2025-05-18 02:57:55,547 - DEBUG - [Enemigo_3] Target (Jugador): (400, 301), Dist: 28.46, dx_obj: 27.00, dy_obj: -9.00
2025-05-18 02:57:55,547 - DEBUG - [Enemigo_3] Movimiento calculado: mov_x=1.42, mov_y=-0.47
2025-05-18 02:57:55,547 - DEBUG - [Enemigo_3] Pos DESPUÉS update: Rect: (358, 297), Hitbox: (361, 300)
2025-05-18 02:57:55,547 - DEBUG - --- Fin Update Enemigo_3 ---
2025-05-18 02:57:55,547 - DEBUG - --- Inicio Update Enemigo_4 ---
2025-05-18 02:57:55,548 - DEBUG - [Enemigo_4] Pos ANTES update: Rect: (370, 327), Hitbox: (373, 330)
2025-05-18 02:57:55,548 - DEBUG - [Enemigo_4] Target (Jugador): (400, 301), Dist: 41.44, dx_obj: 14.00, dy_obj: -39.00
2025-05-18 02:57:55,548 - DEBUG - [Enemigo_4] Movimiento calculado: mov_x=0.51, mov_y=-1.41
2025-05-18 02:57:55,548 - DEBUG - [Enemigo_4] Pos DESPUÉS update: Rect: (371, 326), Hitbox: (374, 329)
2025-05-18 02:57:55,548 - DEBUG - --- Fin Update Enemigo_4 ---
2025-05-18 02:57:55,548 - DEBUG - --- Inicio Update Enemigo_5 ---
2025-05-18 02:57:55,548 - DEBUG - [Enemigo_5] Pos ANTES update: Rect: (396, 270), Hitbox: (399, 273)
2025-05-18 02:57:55,548 - DEBUG - [Enemigo_5] Target (Jugador): (400, 301), Dist: 21.63, dx_obj: -12.00, dy_obj: 18.00
2025-05-18 02:57:55,548 - DEBUG - [Enemigo_5] Movimiento calculado: mov_x=0.00, mov_y=0.00
2025-05-18 02:57:55,548 - DEBUG - [Enemigo_5] Pos DESPUÉS update: Rect: (396, 270), Hitbox: (399, 273)
2025-05-18 02:57:55,549 - DEBUG - --- Fin Update Enemigo_5 ---
2025-05-18 02:57:55,549 - DEBUG - --- Inicio Update Enemigo_6 ---
2025-05-18 02:57:55,549 - DEBUG - [Enemigo_6] Pos ANTES update: Rect: (364, 295), Hitbox: (367, 298)
2025-05-18 02:57:55,549 - DEBUG - [Enemigo_6] Target (Jugador): (400, 301), Dist: 21.19, dx_obj: 20.00, dy_obj: -7.00
2025-05-18 02:57:55,549 - DEBUG - [Enemigo_6] Movimiento calculado: mov_x=0.00, mov_y=0.00
2025-05-18 02:57:55,549 - DEBUG - [Enemigo_6] Pos DESPUÉS update: Rect: (364, 295), Hitbox: (367, 298)
2025-05-18 02:57:55,549 - DEBUG - --- Fin Update Enemigo_6 ---
2025-05-18 02:57:55,561 - DEBUG - --- Inicio Update Enemigo_0 ---
2025-05-18 02:57:55,561 - DEBUG - [Enemigo_0] Pos ANTES update: Rect: (364, 295), Hitbox: (367, 298)
2025-05-18 02:57:55,561 - DEBUG - [Enemigo_0] Target (Jugador): (400, 301), Dist: 21.19, dx_obj: 20.00, dy_obj: -7.00
2025-05-18 02:57:55,561 - DEBUG - [Enemigo_0] Movimiento calculado: mov_x=0.00, mov_y=0.00
2025-05-18 02:57:55,562 - DEBUG - [Enemigo_0] Pos DESPUÉS update: Rect: (364, 295), Hitbox: (367, 298)
2025-05-18 02:57:55,562 - DEBUG - --- Fin Update Enemigo_0 ---
2025-05-18 02:57:55,562 - DEBUG - --- Inicio Update Enemigo_1 ---
2025-05-18 02:57:55,562 - DEBUG - [Enemigo_1] Pos ANTES update: Rect: (404, 281), Hitbox: (407, 284)
2025-05-18 02:57:55,562 - DEBUG - [Enemigo_1] Target (Jugador): (400, 301), Dist: 21.19, dx_obj: -20.00, dy_obj: 7.00
2025-05-18 02:57:55,562 - DEBUG - [Enemigo_1] Movimiento calculado: mov_x=0.00, mov_y=0.00
2025-05-18 02:57:55,562 - DEBUG - [Enemigo_1] Pos DESPUÉS update: Rect: (404, 281), Hitbox: (407, 284)
2025-05-18 02:57:55,563 - DEBUG - --- Fin Update Enemigo_1 ---
2025-05-18 02:57:55,563 - DEBUG - --- Inicio Update Enemigo_2 ---
2025-05-18 02:57:55,563 - DEBUG - [Enemigo_2] Pos ANTES update: Rect: (377, 308), Hitbox: (380, 311)
2025-05-18 02:57:55,563 - DEBUG - [Enemigo_2] Target (Jugador): (400, 301), Dist: 21.19, dx_obj: 7.00, dy_obj: -20.00
2025-05-18 02:57:55,563 - DEBUG - [Enemigo_2] Movimiento calculado: mov_x=0.00, mov_y=0.00
2025-05-18 02:57:55,563 - DEBUG - [Enemigo_2] Pos DESPUÉS update: Rect: (377, 308), Hitbox: (380, 311)
2025-05-18 02:57:55,564 - DEBUG - --- Fin Update Enemigo_2 ---
2025-05-18 02:57:55,564 - DEBUG - --- Inicio Update Enemigo_3 ---
2025-05-18 02:57:55,564 - DEBUG - [Enemigo_3] Pos ANTES update: Rect: (358, 297), Hitbox: (361, 300)
2025-05-18 02:57:55,564 - DEBUG - [Enemigo_3] Target (Jugador): (400, 301), Dist: 27.51, dx_obj: 26.00, dy_obj: -9.00
2025-05-18 02:57:55,564 - DEBUG - [Enemigo_3] Movimiento calculado: mov_x=1.42, mov_y=-0.49
2025-05-18 02:57:55,564 - DEBUG - [Enemigo_3] Pos DESPUÉS update: Rect: (359, 297), Hitbox: (362, 300)
2025-05-18 02:57:55,565 - DEBUG - --- Fin Update Enemigo_3 ---
2025-05-18 02:57:55,565 - DEBUG - --- Inicio Update Enemigo_4 ---
2025-05-18 02:57:55,565 - DEBUG - [Enemigo_4] Pos ANTES update: Rect: (371, 326), Hitbox: (374, 329)
2025-05-18 02:57:55,565 - DEBUG - [Enemigo_4] Target (Jugador): (400, 301), Dist: 40.16, dx_obj: 13.00, dy_obj: -38.00
2025-05-18 02:57:55,565 - DEBUG - [Enemigo_4] Movimiento calculado: mov_x=0.49, mov_y=-1.42
2025-05-18 02:57:55,565 - DEBUG - [Enemigo_4] Pos DESPUÉS update: Rect: (371, 325), Hitbox: (374, 328)
2025-05-18 02:57:55,566 - DEBUG - --- Fin Update Enemigo_4 ---
2025-05-18 02:57:55,566 - DEBUG - --- Inicio Update Enemigo_5 ---
2025-05-18 02:57:55,566 - DEBUG - [Enemigo_5] Pos ANTES update: Rect: (396, 270), Hitbox: (399, 273)
2025-05-18 02:57:55,566 - DEBUG - [Enemigo_5] Target (Jugador): (400, 301), Dist: 21.63, dx_obj: -12.00, dy_obj: 18.00
2025-05-18 02:57:55,566 - DEBUG - [Enemigo_5] Movimiento calculado: mov_x=0.00, mov_y=0.00
2025-05-18 02:57:55,566 - DEBUG - [Enemigo_5] Pos DESPUÉS update: Rect: (396, 270), Hitbox: (399, 273)
2025-05-18 02:57:55,566 - DEBUG - --- Fin Update Enemigo_5 ---
2025-05-18 02:57:55,567 - DEBUG - --- Inicio Update Enemigo_6 ---
2025-05-18 02:57:55,567 - DEBUG - [Enemigo_6] Pos ANTES update: Rect: (364, 295), Hitbox: (367, 298)
2025-05-18 02:57:55,567 - DEBUG - [Enemigo_6] Target (Jugador): (400, 301), Dist: 21.19, dx_obj: 20.00, dy_obj: -7.00
2025-05-18 02:57:55,567 - DEBUG - [Enemigo_6] Movimiento calculado: mov_x=0.00, mov_y=0.00
2025-05-18 02:57:55,567 - DEBUG - [Enemigo_6] Pos DESPUÉS update: Rect: (364, 295), Hitbox: (367, 298)
2025-05-18 02:57:55,567 - DEBUG - --- Fin Update Enemigo_6 ---
2025-05-18 02:57:55,577 - DEBUG - --- Inicio Update Enemigo_0 ---
2025-05-18 02:57:55,578 - DEBUG - [Enemigo_0] Pos ANTES update: Rect: (364, 295), Hitbox: (367, 298)
2025-05-18 02:57:55,578 - DEBUG - [Enemigo_0] Target (Jugador): (400, 301), Dist: 21.19, dx_obj: 20.00, dy_obj: -7.00
2025-05-18 02:57:55,578 - DEBUG - [Enemigo_0] Movimiento calculado: mov_x=0.00, mov_y=0.00
2025-05-18 02:57:55,578 - DEBUG - [Enemigo_0] Pos DESPUÉS update: Rect: (364, 295), Hitbox: (367, 298)
2025-05-18 02:57:55,578 - DEBUG - --- Fin Update Enemigo_0 ---
2025-05-18 02:57:55,579 - DEBUG - --- Inicio Update Enemigo_1 ---
2025-05-18 02:57:55,579 - DEBUG - [Enemigo_1] Pos ANTES update: Rect: (404, 281), Hitbox: (407, 284)
2025-05-18 02:57:55,579 - DEBUG - [Enemigo_1] Target (Jugador): (400, 301), Dist: 21.19, dx_obj: -20.00, dy_obj: 7.00
2025-05-18 02:57:55,579 - DEBUG - [Enemigo_1] Movimiento calculado: mov_x=0.00, mov_y=0.00
2025-05-18 02:57:55,579 - DEBUG - [Enemigo_1] Pos DESPUÉS update: Rect: (404, 281), Hitbox: (407, 284)
2025-05-18 02:57:55,579 - DEBUG - --- Fin Update Enemigo_1 ---
2025-05-18 02:57:55,579 - DEBUG - --- Inicio Update Enemigo_2 ---
2025-05-18 02:57:55,580 - DEBUG - [Enemigo_2] Pos ANTES update: Rect: (377, 308), Hitbox: (380, 311)
2025-05-18 02:57:55,580 - DEBUG - [Enemigo_2] Target (Jugador): (400, 301), Dist: 21.19, dx_obj: 7.00, dy_obj: -20.00
2025-05-18 02:57:55,580 - DEBUG - [Enemigo_2] Movimiento calculado: mov_x=0.00, mov_y=0.00
2025-05-18 02:57:55,580 - DEBUG - [Enemigo_2] Pos DESPUÉS update: Rect: (377, 308), Hitbox: (380, 311)
2025-05-18 02:57:55,580 - DEBUG - --- Fin Update Enemigo_2 ---
2025-05-18 02:57:55,580 - DEBUG - --- Inicio Update Enemigo_3 ---
2025-05-18 02:57:55,580 - DEBUG - [Enemigo_3] Pos ANTES update: Rect: (359, 297), Hitbox: (362, 300)
2025-05-18 02:57:55,580 - DEBUG - [Enemigo_3] Target (Jugador): (400, 301), Dist: 26.57, dx_obj: 25.00, dy_obj: -9.00
2025-05-18 02:57:55,581 - DEBUG - [Enemigo_3] Movimiento calculado: mov_x=1.41, mov_y=-0.51
2025-05-18 02:57:55,581 - DEBUG - [Enemigo_3] Pos DESPUÉS update: Rect: (360, 296), Hitbox: (363, 299)
2025-05-18 02:57:55,581 - DEBUG - --- Fin Update Enemigo_3 ---
2025-05-18 02:57:55,581 - DEBUG - --- Inicio Update Enemigo_4 ---
2025-05-18 02:57:55,581 - DEBUG - [Enemigo_4] Pos ANTES update: Rect: (371, 325), Hitbox: (374, 328)
2025-05-18 02:57:55,581 - DEBUG - [Enemigo_4] Target (Jugador): (400, 301), Dist: 39.22, dx_obj: 13.00, dy_obj: -37.00
2025-05-18 02:57:55,581 - DEBUG - [Enemigo_4] Movimiento calculado: mov_x=0.50, mov_y=-1.42
2025-05-18 02:57:55,581 - DEBUG - [Enemigo_4] Pos DESPUÉS update: Rect: (371, 324), Hitbox: (374, 327)
2025-05-18 02:57:55,581 - DEBUG - --- Fin Update Enemigo_4 ---
2025-05-18 02:57:55,581 - DEBUG - --- Inicio Update Enemigo_5 ---
2025-05-18 02:57:55,582 - DEBUG - [Enemigo_5] Pos ANTES update: Rect: (396, 270), Hitbox: (399, 273)
2025-05-18 02:57:55,582 - DEBUG - [Enemigo_5] Target (Jugador): (400, 301), Dist: 21.63, dx_obj: -12.00, dy_obj: 18.00
2025-05-18 02:57:55,582 - DEBUG - [Enemigo_5] Movimiento calculado: mov_x=0.00, mov_y=0.00
2025-05-18 02:57:55,582 - DEBUG - [Enemigo_5] Pos DESPUÉS update: Rect: (396, 270), Hitbox: (399, 273)
2025-05-18 02:57:55,582 - DEBUG - --- Fin Update Enemigo_5 ---
2025-05-18 02:57:55,582 - DEBUG - --- Inicio Update Enemigo_6 ---
2025-05-18 02:57:55,582 - DEBUG - [Enemigo_6] Pos ANTES update: Rect: (364, 295), Hitbox: (367, 298)
2025-05-18 02:57:55,582 - DEBUG - [Enemigo_6] Target (Jugador): (400, 301), Dist: 21.19, dx_obj: 20.00, dy_obj: -7.00
2025-05-18 02:57:55,583 - DEBUG - [Enemigo_6] Movimiento calculado: mov_x=0.00, mov_y=0.00
2025-05-18 02:57:55,583 - DEBUG - [Enemigo_6] Pos DESPUÉS update: Rect: (364, 295), Hitbox: (367, 298)
2025-05-18 02:57:55,583 - DEBUG - --- Fin Update Enemigo_6 ---
2025-05-18 02:57:55,593 - DEBUG - --- Inicio Update Enemigo_0 ---
2025-05-18 02:57:55,594 - DEBUG - [Enemigo_0] Pos ANTES update: Rect: (364, 295), Hitbox: (367, 298)
2025-05-18 02:57:55,594 - DEBUG - [Enemigo_0] Target (Jugador): (400, 301), Dist: 21.19, dx_obj: 20.00, dy_obj: -7.00
2025-05-18 02:57:55,594 - DEBUG - [Enemigo_0] Movimiento calculado: mov_x=0.00, mov_y=0.00
2025-05-18 02:57:55,594 - DEBUG - [Enemigo_0] Pos DESPUÉS update: Rect: (364, 295), Hitbox: (367, 298)
2025-05-18 02:57:55,595 - DEBUG - --- Fin Update Enemigo_0 ---
2025-05-18 02:57:55,595 - DEBUG - --- Inicio Update Enemigo_1 ---
2025-05-18 02:57:55,595 - DEBUG - [Enemigo_1] Pos ANTES update: Rect: (404, 281), Hitbox: (407, 284)
2025-05-18 02:57:55,595 - DEBUG - [Enemigo_1] Target (Jugador): (400, 301), Dist: 21.19, dx_obj: -20.00, dy_obj: 7.00
2025-05-18 02:57:55,595 - DEBUG - [Enemigo_1] Movimiento calculado: mov_x=0.00, mov_y=0.00
2025-05-18 02:57:55,595 - DEBUG - [Enemigo_1] Pos DESPUÉS update: Rect: (404, 281), Hitbox: (407, 284)
2025-05-18 02:57:55,595 - DEBUG - --- Fin Update Enemigo_1 ---
2025-05-18 02:57:55,595 - DEBUG - --- Inicio Update Enemigo_2 ---
2025-05-18 02:57:55,596 - DEBUG - [Enemigo_2] Pos ANTES update: Rect: (377, 308), Hitbox: (380, 311)
2025-05-18 02:57:55,596 - DEBUG - [Enemigo_2] Target (Jugador): (400, 301), Dist: 21.19, dx_obj: 7.00, dy_obj: -20.00
2025-05-18 02:57:55,596 - DEBUG - [Enemigo_2] Movimiento calculado: mov_x=0.00, mov_y=0.00
2025-05-18 02:57:55,596 - DEBUG - [Enemigo_2] Pos DESPUÉS update: Rect: (377, 308), Hitbox: (380, 311)
2025-05-18 02:57:55,596 - DEBUG - --- Fin Update Enemigo_2 ---
2025-05-18 02:57:55,596 - DEBUG - --- Inicio Update Enemigo_3 ---
2025-05-18 02:57:55,596 - DEBUG - [Enemigo_3] Pos ANTES update: Rect: (360, 296), Hitbox: (363, 299)
2025-05-18 02:57:55,597 - DEBUG - [Enemigo_3] Target (Jugador): (400, 301), Dist: 25.30, dx_obj: 24.00, dy_obj: -8.00
2025-05-18 02:57:55,597 - DEBUG - [Enemigo_3] Movimiento calculado: mov_x=1.42, mov_y=-0.47
2025-05-18 02:57:55,597 - DEBUG - [Enemigo_3] Pos DESPUÉS update: Rect: (361, 296), Hitbox: (364, 299)
2025-05-18 02:57:55,597 - DEBUG - --- Fin Update Enemigo_3 ---
2025-05-18 02:57:55,597 - DEBUG - --- Inicio Update Enemigo_4 ---
2025-05-18 02:57:55,597 - DEBUG - [Enemigo_4] Pos ANTES update: Rect: (371, 324), Hitbox: (374, 327)
2025-05-18 02:57:55,598 - DEBUG - [Enemigo_4] Target (Jugador): (400, 301), Dist: 38.28, dx_obj: 13.00, dy_obj: -36.00
2025-05-18 02:57:55,598 - DEBUG - [Enemigo_4] Movimiento calculado: mov_x=0.51, mov_y=-1.41
2025-05-18 02:57:55,598 - DEBUG - [Enemigo_4] Pos DESPUÉS update: Rect: (372, 323), Hitbox: (375, 326)
2025-05-18 02:57:55,598 - DEBUG - --- Fin Update Enemigo_4 ---
2025-05-18 02:57:55,598 - DEBUG - --- Inicio Update Enemigo_5 ---
2025-05-18 02:57:55,598 - DEBUG - [Enemigo_5] Pos ANTES update: Rect: (396, 270), Hitbox: (399, 273)
2025-05-18 02:57:55,598 - DEBUG - [Enemigo_5] Target (Jugador): (400, 301), Dist: 21.63, dx_obj: -12.00, dy_obj: 18.00
2025-05-18 02:57:55,598 - DEBUG - [Enemigo_5] Movimiento calculado: mov_x=0.00, mov_y=0.00
2025-05-18 02:57:55,599 - DEBUG - [Enemigo_5] Pos DESPUÉS update: Rect: (396, 270), Hitbox: (399, 273)
2025-05-18 02:57:55,599 - DEBUG - --- Fin Update Enemigo_5 ---
2025-05-18 02:57:55,599 - DEBUG - --- Inicio Update Enemigo_6 ---
2025-05-18 02:57:55,599 - DEBUG - [Enemigo_6] Pos ANTES update: Rect: (364, 295), Hitbox: (367, 298)
2025-05-18 02:57:55,599 - DEBUG - [Enemigo_6] Target (Jugador): (400, 301), Dist: 21.19, dx_obj: 20.00, dy_obj: -7.00
2025-05-18 02:57:55,599 - DEBUG - [Enemigo_6] Movimiento calculado: mov_x=0.00, mov_y=0.00
2025-05-18 02:57:55,599 - DEBUG - [Enemigo_6] Pos DESPUÉS update: Rect: (364, 295), Hitbox: (367, 298)
2025-05-18 02:57:55,599 - DEBUG - --- Fin Update Enemigo_6 ---
2025-05-18 02:57:55,610 - DEBUG - --- Inicio Update Enemigo_0 ---
2025-05-18 02:57:55,610 - DEBUG - [Enemigo_0] Pos ANTES update: Rect: (364, 295), Hitbox: (367, 298)
2025-05-18 02:57:55,610 - DEBUG - [Enemigo_0] Target (Jugador): (400, 301), Dist: 21.19, dx_obj: 20.00, dy_obj: -7.00
2025-05-18 02:57:55,611 - DEBUG - [Enemigo_0] Movimiento calculado: mov_x=0.00, mov_y=0.00
2025-05-18 02:57:55,611 - DEBUG - [Enemigo_0] Pos DESPUÉS update: Rect: (364, 295), Hitbox: (367, 298)
2025-05-18 02:57:55,611 - DEBUG - --- Fin Update Enemigo_0 ---
2025-05-18 02:57:55,611 - DEBUG - --- Inicio Update Enemigo_1 ---
2025-05-18 02:57:55,611 - DEBUG - [Enemigo_1] Pos ANTES update: Rect: (404, 281), Hitbox: (407, 284)
2025-05-18 02:57:55,611 - DEBUG - [Enemigo_1] Target (Jugador): (400, 301), Dist: 21.19, dx_obj: -20.00, dy_obj: 7.00
2025-05-18 02:57:55,611 - DEBUG - [Enemigo_1] Movimiento calculado: mov_x=0.00, mov_y=0.00
2025-05-18 02:57:55,611 - DEBUG - [Enemigo_1] Pos DESPUÉS update: Rect: (404, 281), Hitbox: (407, 284)
2025-05-18 02:57:55,612 - DEBUG - --- Fin Update Enemigo_1 ---
2025-05-18 02:57:55,612 - DEBUG - --- Inicio Update Enemigo_2 ---
2025-05-18 02:57:55,612 - DEBUG - [Enemigo_2] Pos ANTES update: Rect: (377, 308), Hitbox: (380, 311)
2025-05-18 02:57:55,612 - DEBUG - [Enemigo_2] Target (Jugador): (400, 301), Dist: 21.19, dx_obj: 7.00, dy_obj: -20.00
2025-05-18 02:57:55,612 - DEBUG - [Enemigo_2] Movimiento calculado: mov_x=0.00, mov_y=0.00
2025-05-18 02:57:55,612 - DEBUG - [Enemigo_2] Pos DESPUÉS update: Rect: (377, 308), Hitbox: (380, 311)
2025-05-18 02:57:55,612 - DEBUG - --- Fin Update Enemigo_2 ---
2025-05-18 02:57:55,612 - DEBUG - --- Inicio Update Enemigo_3 ---
2025-05-18 02:57:55,612 - DEBUG - [Enemigo_3] Pos ANTES update: Rect: (361, 296), Hitbox: (364, 299)
2025-05-18 02:57:55,613 - DEBUG - [Enemigo_3] Target (Jugador): (400, 301), Dist: 24.35, dx_obj: 23.00, dy_obj: -8.00
2025-05-18 02:57:55,613 - DEBUG - [Enemigo_3] Movimiento calculado: mov_x=1.42, mov_y=-0.49
2025-05-18 02:57:55,613 - DEBUG - [Enemigo_3] Pos DESPUÉS update: Rect: (362, 296), Hitbox: (365, 299)
2025-05-18 02:57:55,613 - DEBUG - --- Fin Update Enemigo_3 ---
2025-05-18 02:57:55,613 - DEBUG - --- Inicio Update Enemigo_4 ---
2025-05-18 02:57:55,613 - DEBUG - [Enemigo_4] Pos ANTES update: Rect: (372, 323), Hitbox: (375, 326)
2025-05-18 02:57:55,613 - DEBUG - [Enemigo_4] Target (Jugador): (400, 301), Dist: 37.00, dx_obj: 12.00, dy_obj: -35.00
2025-05-18 02:57:55,613 - DEBUG - [Enemigo_4] Movimiento calculado: mov_x=0.49, mov_y=-1.42
2025-05-18 02:57:55,613 - DEBUG - [Enemigo_4] Pos DESPUÉS update: Rect: (372, 322), Hitbox: (375, 325)
2025-05-18 02:57:55,614 - DEBUG - --- Fin Update Enemigo_4 ---
2025-05-18 02:57:55,614 - DEBUG - --- Inicio Update Enemigo_5 ---
2025-05-18 02:57:55,614 - DEBUG - [Enemigo_5] Pos ANTES update: Rect: (396, 270), Hitbox: (399, 273)
2025-05-18 02:57:55,614 - DEBUG - [Enemigo_5] Target (Jugador): (400, 301), Dist: 21.63, dx_obj: -12.00, dy_obj: 18.00
2025-05-18 02:57:55,614 - DEBUG - [Enemigo_5] Movimiento calculado: mov_x=0.00, mov_y=0.00
2025-05-18 02:57:55,614 - DEBUG - [Enemigo_5] Pos DESPUÉS update: Rect: (396, 270), Hitbox: (399, 273)
2025-05-18 02:57:55,614 - DEBUG - --- Fin Update Enemigo_5 ---
2025-05-18 02:57:55,614 - DEBUG - --- Inicio Update Enemigo_6 ---
2025-05-18 02:57:55,614 - DEBUG - [Enemigo_6] Pos ANTES update: Rect: (364, 295), Hitbox: (367, 298)
2025-05-18 02:57:55,615 - DEBUG - [Enemigo_6] Target (Jugador): (400, 301), Dist: 21.19, dx_obj: 20.00, dy_obj: -7.00
2025-05-18 02:57:55,615 - DEBUG - [Enemigo_6] Movimiento calculado: mov_x=0.00, mov_y=0.00
2025-05-18 02:57:55,615 - DEBUG - [Enemigo_6] Pos DESPUÉS update: Rect: (364, 295), Hitbox: (367, 298)
2025-05-18 02:57:55,615 - DEBUG - --- Fin Update Enemigo_6 ---
2025-05-18 02:57:55,626 - DEBUG - --- Inicio Update Enemigo_0 ---
2025-05-18 02:57:55,626 - DEBUG - [Enemigo_0] Pos ANTES update: Rect: (364, 295), Hitbox: (367, 298)
2025-05-18 02:57:55,626 - DEBUG - [Enemigo_0] Target (Jugador): (400, 301), Dist: 21.19, dx_obj: 20.00, dy_obj: -7.00
2025-05-18 02:57:55,627 - DEBUG - [Enemigo_0] Movimiento calculado: mov_x=0.00, mov_y=0.00
2025-05-18 02:57:55,627 - DEBUG - [Enemigo_0] Pos DESPUÉS update: Rect: (364, 295), Hitbox: (367, 298)
2025-05-18 02:57:55,627 - DEBUG - --- Fin Update Enemigo_0 ---
2025-05-18 02:57:55,627 - DEBUG - --- Inicio Update Enemigo_1 ---
2025-05-18 02:57:55,627 - DEBUG - [Enemigo_1] Pos ANTES update: Rect: (404, 281), Hitbox: (407, 284)
2025-05-18 02:57:55,627 - DEBUG - [Enemigo_1] Target (Jugador): (400, 301), Dist: 21.19, dx_obj: -20.00, dy_obj: 7.00
2025-05-18 02:57:55,627 - DEBUG - [Enemigo_1] Movimiento calculado: mov_x=0.00, mov_y=0.00
2025-05-18 02:57:55,628 - DEBUG - [Enemigo_1] Pos DESPUÉS update: Rect: (404, 281), Hitbox: (407, 284)
2025-05-18 02:57:55,628 - DEBUG - --- Fin Update Enemigo_1 ---
2025-05-18 02:57:55,628 - DEBUG - --- Inicio Update Enemigo_2 ---
2025-05-18 02:57:55,628 - DEBUG - [Enemigo_2] Pos ANTES update: Rect: (377, 308), Hitbox: (380, 311)
2025-05-18 02:57:55,628 - DEBUG - [Enemigo_2] Target (Jugador): (400, 301), Dist: 21.19, dx_obj: 7.00, dy_obj: -20.00
2025-05-18 02:57:55,628 - DEBUG - [Enemigo_2] Movimiento calculado: mov_x=0.00, mov_y=0.00
2025-05-18 02:57:55,628 - DEBUG - [Enemigo_2] Pos DESPUÉS update: Rect: (377, 308), Hitbox: (380, 311)
2025-05-18 02:57:55,628 - DEBUG - --- Fin Update Enemigo_2 ---
2025-05-18 02:57:55,628 - DEBUG - --- Inicio Update Enemigo_3 ---
2025-05-18 02:57:55,628 - DEBUG - [Enemigo_3] Pos ANTES update: Rect: (362, 296), Hitbox: (365, 299)
2025-05-18 02:57:55,629 - DEBUG - [Enemigo_3] Target (Jugador): (400, 301), Dist: 23.41, dx_obj: 22.00, dy_obj: -8.00
2025-05-18 02:57:55,629 - DEBUG - [Enemigo_3] Movimiento calculado: mov_x=1.41, mov_y=-0.51
2025-05-18 02:57:55,629 - DEBUG - [Enemigo_3] Pos DESPUÉS update: Rect: (363, 295), Hitbox: (366, 298)
2025-05-18 02:57:55,629 - DEBUG - --- Fin Update Enemigo_3 ---
2025-05-18 02:57:55,629 - DEBUG - --- Inicio Update Enemigo_4 ---
2025-05-18 02:57:55,629 - DEBUG - [Enemigo_4] Pos ANTES update: Rect: (372, 322), Hitbox: (375, 325)
2025-05-18 02:57:55,629 - DEBUG - [Enemigo_4] Target (Jugador): (400, 301), Dist: 36.06, dx_obj: 12.00, dy_obj: -34.00
2025-05-18 02:57:55,629 - DEBUG - [Enemigo_4] Movimiento calculado: mov_x=0.50, mov_y=-1.41
2025-05-18 02:57:55,629 - DEBUG - [Enemigo_4] Pos DESPUÉS update: Rect: (372, 321), Hitbox: (375, 324)
2025-05-18 02:57:55,630 - DEBUG - --- Fin Update Enemigo_4 ---
2025-05-18 02:57:55,630 - DEBUG - --- Inicio Update Enemigo_5 ---
2025-05-18 02:57:55,630 - DEBUG - [Enemigo_5] Pos ANTES update: Rect: (396, 270), Hitbox: (399, 273)
2025-05-18 02:57:55,630 - DEBUG - [Enemigo_5] Target (Jugador): (400, 301), Dist: 21.63, dx_obj: -12.00, dy_obj: 18.00
2025-05-18 02:57:55,630 - DEBUG - [Enemigo_5] Movimiento calculado: mov_x=0.00, mov_y=0.00
2025-05-18 02:57:55,630 - DEBUG - [Enemigo_5] Pos DESPUÉS update: Rect: (396, 270), Hitbox: (399, 273)
2025-05-18 02:57:55,630 - DEBUG - --- Fin Update Enemigo_5 ---
2025-05-18 02:57:55,630 - DEBUG - --- Inicio Update Enemigo_6 ---
2025-05-18 02:57:55,630 - DEBUG - [Enemigo_6] Pos ANTES update: Rect: (364, 295), Hitbox: (367, 298)
2025-05-18 02:57:55,630 - DEBUG - [Enemigo_6] Target (Jugador): (400, 301), Dist: 21.19, dx_obj: 20.00, dy_obj: -7.00
2025-05-18 02:57:55,631 - DEBUG - [Enemigo_6] Movimiento calculado: mov_x=0.00, mov_y=0.00
2025-05-18 02:57:55,631 - DEBUG - [Enemigo_6] Pos DESPUÉS update: Rect: (364, 295), Hitbox: (367, 298)
2025-05-18 02:57:55,631 - DEBUG - --- Fin Update Enemigo_6 ---
2025-05-18 02:57:55,643 - DEBUG - --- Inicio Update Enemigo_0 ---
2025-05-18 02:57:55,643 - DEBUG - [Enemigo_0] Pos ANTES update: Rect: (364, 295), Hitbox: (367, 298)
2025-05-18 02:57:55,643 - DEBUG - [Enemigo_0] Target (Jugador): (400, 301), Dist: 21.19, dx_obj: 20.00, dy_obj: -7.00
2025-05-18 02:57:55,643 - DEBUG - [Enemigo_0] Movimiento calculado: mov_x=0.00, mov_y=0.00
2025-05-18 02:57:55,643 - DEBUG - [Enemigo_0] Pos DESPUÉS update: Rect: (364, 295), Hitbox: (367, 298)
2025-05-18 02:57:55,644 - DEBUG - --- Fin Update Enemigo_0 ---
2025-05-18 02:57:55,644 - DEBUG - --- Inicio Update Enemigo_1 ---
2025-05-18 02:57:55,644 - DEBUG - [Enemigo_1] Pos ANTES update: Rect: (404, 281), Hitbox: (407, 284)
2025-05-18 02:57:55,644 - DEBUG - [Enemigo_1] Target (Jugador): (400, 301), Dist: 21.19, dx_obj: -20.00, dy_obj: 7.00
2025-05-18 02:57:55,644 - DEBUG - [Enemigo_1] Movimiento calculado: mov_x=0.00, mov_y=0.00
2025-05-18 02:57:55,644 - DEBUG - [Enemigo_1] Pos DESPUÉS update: Rect: (404, 281), Hitbox: (407, 284)
2025-05-18 02:57:55,644 - DEBUG - --- Fin Update Enemigo_1 ---
2025-05-18 02:57:55,644 - DEBUG - --- Inicio Update Enemigo_2 ---
2025-05-18 02:57:55,645 - DEBUG - [Enemigo_2] Pos ANTES update: Rect: (377, 308), Hitbox: (380, 311)
2025-05-18 02:57:55,645 - DEBUG - [Enemigo_2] Target (Jugador): (400, 301), Dist: 21.19, dx_obj: 7.00, dy_obj: -20.00
2025-05-18 02:57:55,645 - DEBUG - [Enemigo_2] Movimiento calculado: mov_x=0.00, mov_y=0.00
2025-05-18 02:57:55,645 - DEBUG - [Enemigo_2] Pos DESPUÉS update: Rect: (377, 308), Hitbox: (380, 311)
2025-05-18 02:57:55,645 - DEBUG - --- Fin Update Enemigo_2 ---
2025-05-18 02:57:55,645 - DEBUG - --- Inicio Update Enemigo_3 ---
2025-05-18 02:57:55,645 - DEBUG - [Enemigo_3] Pos ANTES update: Rect: (363, 295), Hitbox: (366, 298)
2025-05-18 02:57:55,645 - DEBUG - [Enemigo_3] Target (Jugador): (400, 301), Dist: 22.14, dx_obj: 21.00, dy_obj: -7.00
2025-05-18 02:57:55,645 - DEBUG - [Enemigo_3] Movimiento calculado: mov_x=1.42, mov_y=-0.47
2025-05-18 02:57:55,646 - DEBUG - [Enemigo_3] Pos DESPUÉS update: Rect: (364, 295), Hitbox: (367, 298)
2025-05-18 02:57:55,646 - DEBUG - --- Fin Update Enemigo_3 ---
2025-05-18 02:57:55,646 - DEBUG - --- Inicio Update Enemigo_4 ---
2025-05-18 02:57:55,646 - DEBUG - [Enemigo_4] Pos ANTES update: Rect: (372, 321), Hitbox: (375, 324)
2025-05-18 02:57:55,646 - DEBUG - [Enemigo_4] Target (Jugador): (400, 301), Dist: 35.11, dx_obj: 12.00, dy_obj: -33.00
2025-05-18 02:57:55,646 - DEBUG - [Enemigo_4] Movimiento calculado: mov_x=0.51, mov_y=-1.41
2025-05-18 02:57:55,646 - DEBUG - [Enemigo_4] Pos DESPUÉS update: Rect: (373, 320), Hitbox: (376, 323)
2025-05-18 02:57:55,646 - DEBUG - --- Fin Update Enemigo_4 ---
2025-05-18 02:57:55,646 - DEBUG - --- Inicio Update Enemigo_5 ---
2025-05-18 02:57:55,646 - DEBUG - [Enemigo_5] Pos ANTES update: Rect: (396, 270), Hitbox: (399, 273)
2025-05-18 02:57:55,647 - DEBUG - [Enemigo_5] Target (Jugador): (400, 301), Dist: 21.63, dx_obj: -12.00, dy_obj: 18.00
2025-05-18 02:57:55,647 - DEBUG - [Enemigo_5] Movimiento calculado: mov_x=0.00, mov_y=0.00
2025-05-18 02:57:55,647 - DEBUG - [Enemigo_5] Pos DESPUÉS update: Rect: (396, 270), Hitbox: (399, 273)
2025-05-18 02:57:55,647 - DEBUG - --- Fin Update Enemigo_5 ---
2025-05-18 02:57:55,647 - DEBUG - --- Inicio Update Enemigo_6 ---
2025-05-18 02:57:55,647 - DEBUG - [Enemigo_6] Pos ANTES update: Rect: (364, 295), Hitbox: (367, 298)
2025-05-18 02:57:55,647 - DEBUG - [Enemigo_6] Target (Jugador): (400, 301), Dist: 21.19, dx_obj: 20.00, dy_obj: -7.00
2025-05-18 02:57:55,647 - DEBUG - [Enemigo_6] Movimiento calculado: mov_x=0.00, mov_y=0.00
2025-05-18 02:57:55,648 - DEBUG - [Enemigo_6] Pos DESPUÉS update: Rect: (364, 295), Hitbox: (367, 298)
2025-05-18 02:57:55,648 - DEBUG - --- Fin Update Enemigo_6 ---
2025-05-18 02:57:55,660 - DEBUG - --- Inicio Update Enemigo_0 ---
2025-05-18 02:57:55,661 - DEBUG - [Enemigo_0] Pos ANTES update: Rect: (364, 295), Hitbox: (367, 298)
2025-05-18 02:57:55,661 - DEBUG - [Enemigo_0] Target (Jugador): (400, 301), Dist: 21.19, dx_obj: 20.00, dy_obj: -7.00
2025-05-18 02:57:55,661 - DEBUG - [Enemigo_0] Movimiento calculado: mov_x=0.00, mov_y=0.00
2025-05-18 02:57:55,661 - DEBUG - [Enemigo_0] Pos DESPUÉS update: Rect: (364, 295), Hitbox: (367, 298)
2025-05-18 02:57:55,661 - DEBUG - --- Fin Update Enemigo_0 ---
2025-05-18 02:57:55,661 - DEBUG - --- Inicio Update Enemigo_1 ---
2025-05-18 02:57:55,662 - DEBUG - [Enemigo_1] Pos ANTES update: Rect: (404, 281), Hitbox: (407, 284)
2025-05-18 02:57:55,662 - DEBUG - [Enemigo_1] Target (Jugador): (400, 301), Dist: 21.19, dx_obj: -20.00, dy_obj: 7.00
2025-05-18 02:57:55,662 - DEBUG - [Enemigo_1] Movimiento calculado: mov_x=0.00, mov_y=0.00
2025-05-18 02:57:55,662 - DEBUG - [Enemigo_1] Pos DESPUÉS update: Rect: (404, 281), Hitbox: (407, 284)
2025-05-18 02:57:55,662 - DEBUG - --- Fin Update Enemigo_1 ---
2025-05-18 02:57:55,662 - DEBUG - --- Inicio Update Enemigo_2 ---
2025-05-18 02:57:55,662 - DEBUG - [Enemigo_2] Pos ANTES update: Rect: (377, 308), Hitbox: (380, 311)
2025-05-18 02:57:55,663 - DEBUG - [Enemigo_2] Target (Jugador): (400, 301), Dist: 21.19, dx_obj: 7.00, dy_obj: -20.00
2025-05-18 02:57:55,663 - DEBUG - [Enemigo_2] Movimiento calculado: mov_x=0.00, mov_y=0.00
2025-05-18 02:57:55,663 - DEBUG - [Enemigo_2] Pos DESPUÉS update: Rect: (377, 308), Hitbox: (380, 311)
2025-05-18 02:57:55,663 - DEBUG - --- Fin Update Enemigo_2 ---
2025-05-18 02:57:55,663 - DEBUG - --- Inicio Update Enemigo_3 ---
2025-05-18 02:57:55,663 - DEBUG - [Enemigo_3] Pos ANTES update: Rect: (364, 295), Hitbox: (367, 298)
2025-05-18 02:57:55,663 - DEBUG - [Enemigo_3] Target (Jugador): (400, 301), Dist: 21.19, dx_obj: 20.00, dy_obj: -7.00
2025-05-18 02:57:55,663 - DEBUG - [Enemigo_3] Movimiento calculado: mov_x=0.00, mov_y=0.00
2025-05-18 02:57:55,664 - DEBUG - [Enemigo_3] Pos DESPUÉS update: Rect: (364, 295), Hitbox: (367, 298)
2025-05-18 02:57:55,664 - DEBUG - --- Fin Update Enemigo_3 ---
2025-05-18 02:57:55,664 - DEBUG - --- Inicio Update Enemigo_4 ---
2025-05-18 02:57:55,664 - DEBUG - [Enemigo_4] Pos ANTES update: Rect: (373, 320), Hitbox: (376, 323)
2025-05-18 02:57:55,664 - DEBUG - [Enemigo_4] Target (Jugador): (400, 301), Dist: 33.84, dx_obj: 11.00, dy_obj: -32.00
2025-05-18 02:57:55,664 - DEBUG - [Enemigo_4] Movimiento calculado: mov_x=0.49, mov_y=-1.42
2025-05-18 02:57:55,664 - DEBUG - [Enemigo_4] Pos DESPUÉS update: Rect: (373, 319), Hitbox: (376, 322)
2025-05-18 02:57:55,664 - DEBUG - --- Fin Update Enemigo_4 ---
2025-05-18 02:57:55,664 - DEBUG - --- Inicio Update Enemigo_5 ---
2025-05-18 02:57:55,665 - DEBUG - [Enemigo_5] Pos ANTES update: Rect: (396, 270), Hitbox: (399, 273)
2025-05-18 02:57:55,665 - DEBUG - [Enemigo_5] Target (Jugador): (400, 301), Dist: 21.63, dx_obj: -12.00, dy_obj: 18.00
2025-05-18 02:57:55,665 - DEBUG - [Enemigo_5] Movimiento calculado: mov_x=0.00, mov_y=0.00
2025-05-18 02:57:55,665 - DEBUG - [Enemigo_5] Pos DESPUÉS update: Rect: (396, 270), Hitbox: (399, 273)
2025-05-18 02:57:55,665 - DEBUG - --- Fin Update Enemigo_5 ---
2025-05-18 02:57:55,665 - DEBUG - --- Inicio Update Enemigo_6 ---
2025-05-18 02:57:55,665 - DEBUG - [Enemigo_6] Pos ANTES update: Rect: (364, 295), Hitbox: (367, 298)
2025-05-18 02:57:55,665 - DEBUG - [Enemigo_6] Target (Jugador): (400, 301), Dist: 21.19, dx_obj: 20.00, dy_obj: -7.00
2025-05-18 02:57:55,665 - DEBUG - [Enemigo_6] Movimiento calculado: mov_x=0.00, mov_y=0.00
2025-05-18 02:57:55,666 - DEBUG - [Enemigo_6] Pos DESPUÉS update: Rect: (364, 295), Hitbox: (367, 298)
2025-05-18 02:57:55,666 - DEBUG - --- Fin Update Enemigo_6 ---
2025-05-18 02:57:55,677 - DEBUG - --- Inicio Update Enemigo_0 ---
2025-05-18 02:57:55,677 - DEBUG - [Enemigo_0] Pos ANTES update: Rect: (364, 295), Hitbox: (367, 298)
2025-05-18 02:57:55,677 - DEBUG - [Enemigo_0] Target (Jugador): (400, 301), Dist: 21.19, dx_obj: 20.00, dy_obj: -7.00
2025-05-18 02:57:55,678 - DEBUG - [Enemigo_0] Movimiento calculado: mov_x=0.00, mov_y=0.00
2025-05-18 02:57:55,678 - DEBUG - [Enemigo_0] Pos DESPUÉS update: Rect: (364, 295), Hitbox: (367, 298)
2025-05-18 02:57:55,678 - DEBUG - --- Fin Update Enemigo_0 ---
2025-05-18 02:57:55,678 - DEBUG - --- Inicio Update Enemigo_1 ---
2025-05-18 02:57:55,678 - DEBUG - [Enemigo_1] Pos ANTES update: Rect: (404, 281), Hitbox: (407, 284)
2025-05-18 02:57:55,678 - DEBUG - [Enemigo_1] Target (Jugador): (400, 301), Dist: 21.19, dx_obj: -20.00, dy_obj: 7.00
2025-05-18 02:57:55,678 - DEBUG - [Enemigo_1] Movimiento calculado: mov_x=0.00, mov_y=0.00
2025-05-18 02:57:55,679 - DEBUG - [Enemigo_1] Pos DESPUÉS update: Rect: (404, 281), Hitbox: (407, 284)
2025-05-18 02:57:55,679 - DEBUG - --- Fin Update Enemigo_1 ---
2025-05-18 02:57:55,679 - DEBUG - --- Inicio Update Enemigo_2 ---
2025-05-18 02:57:55,679 - DEBUG - [Enemigo_2] Pos ANTES update: Rect: (377, 308), Hitbox: (380, 311)
2025-05-18 02:57:55,679 - DEBUG - [Enemigo_2] Target (Jugador): (400, 301), Dist: 21.19, dx_obj: 7.00, dy_obj: -20.00
2025-05-18 02:57:55,679 - DEBUG - [Enemigo_2] Movimiento calculado: mov_x=0.00, mov_y=0.00
2025-05-18 02:57:55,679 - DEBUG - [Enemigo_2] Pos DESPUÉS update: Rect: (377, 308), Hitbox: (380, 311)
2025-05-18 02:57:55,679 - DEBUG - --- Fin Update Enemigo_2 ---
2025-05-18 02:57:55,679 - DEBUG - --- Inicio Update Enemigo_3 ---
2025-05-18 02:57:55,680 - DEBUG - [Enemigo_3] Pos ANTES update: Rect: (364, 295), Hitbox: (367, 298)
2025-05-18 02:57:55,680 - DEBUG - [Enemigo_3] Target (Jugador): (400, 301), Dist: 21.19, dx_obj: 20.00, dy_obj: -7.00
2025-05-18 02:57:55,680 - DEBUG - [Enemigo_3] Movimiento calculado: mov_x=0.00, mov_y=0.00
2025-05-18 02:57:55,680 - DEBUG - [Enemigo_3] Pos DESPUÉS update: Rect: (364, 295), Hitbox: (367, 298)
2025-05-18 02:57:55,680 - DEBUG - --- Fin Update Enemigo_3 ---
2025-05-18 02:57:55,680 - DEBUG - --- Inicio Update Enemigo_4 ---
2025-05-18 02:57:55,680 - DEBUG - [Enemigo_4] Pos ANTES update: Rect: (373, 319), Hitbox: (376, 322)
2025-05-18 02:57:55,680 - DEBUG - [Enemigo_4] Target (Jugador): (400, 301), Dist: 32.89, dx_obj: 11.00, dy_obj: -31.00
2025-05-18 02:57:55,680 - DEBUG - [Enemigo_4] Movimiento calculado: mov_x=0.50, mov_y=-1.41
2025-05-18 02:57:55,680 - DEBUG - [Enemigo_4] Pos DESPUÉS update: Rect: (374, 318), Hitbox: (377, 321)
2025-05-18 02:57:55,681 - DEBUG - --- Fin Update Enemigo_4 ---
2025-05-18 02:57:55,681 - DEBUG - --- Inicio Update Enemigo_5 ---
2025-05-18 02:57:55,681 - DEBUG - [Enemigo_5] Pos ANTES update: Rect: (396, 270), Hitbox: (399, 273)
2025-05-18 02:57:55,681 - DEBUG - [Enemigo_5] Target (Jugador): (400, 301), Dist: 21.63, dx_obj: -12.00, dy_obj: 18.00
2025-05-18 02:57:55,681 - DEBUG - [Enemigo_5] Movimiento calculado: mov_x=0.00, mov_y=0.00
2025-05-18 02:57:55,681 - DEBUG - [Enemigo_5] Pos DESPUÉS update: Rect: (396, 270), Hitbox: (399, 273)
2025-05-18 02:57:55,681 - DEBUG - --- Fin Update Enemigo_5 ---
2025-05-18 02:57:55,681 - DEBUG - --- Inicio Update Enemigo_6 ---
2025-05-18 02:57:55,681 - DEBUG - [Enemigo_6] Pos ANTES update: Rect: (364, 295), Hitbox: (367, 298)
2025-05-18 02:57:55,682 - DEBUG - [Enemigo_6] Target (Jugador): (400, 301), Dist: 21.19, dx_obj: 20.00, dy_obj: -7.00
2025-05-18 02:57:55,682 - DEBUG - [Enemigo_6] Movimiento calculado: mov_x=0.00, mov_y=0.00
2025-05-18 02:57:55,682 - DEBUG - [Enemigo_6] Pos DESPUÉS update: Rect: (364, 295), Hitbox: (367, 298)
2025-05-18 02:57:55,682 - DEBUG - --- Fin Update Enemigo_6 ---
2025-05-18 02:57:55,695 - DEBUG - --- Inicio Update Enemigo_0 ---
2025-05-18 02:57:55,695 - DEBUG - [Enemigo_0] Pos ANTES update: Rect: (364, 295), Hitbox: (367, 298)
2025-05-18 02:57:55,695 - DEBUG - [Enemigo_0] Target (Jugador): (400, 301), Dist: 21.19, dx_obj: 20.00, dy_obj: -7.00
2025-05-18 02:57:55,695 - DEBUG - [Enemigo_0] Movimiento calculado: mov_x=0.00, mov_y=0.00
2025-05-18 02:57:55,695 - DEBUG - [Enemigo_0] Pos DESPUÉS update: Rect: (364, 295), Hitbox: (367, 298)
2025-05-18 02:57:55,695 - DEBUG - --- Fin Update Enemigo_0 ---
2025-05-18 02:57:55,696 - DEBUG - --- Inicio Update Enemigo_1 ---
2025-05-18 02:57:55,696 - DEBUG - [Enemigo_1] Pos ANTES update: Rect: (404, 281), Hitbox: (407, 284)
2025-05-18 02:57:55,696 - DEBUG - [Enemigo_1] Target (Jugador): (400, 301), Dist: 21.19, dx_obj: -20.00, dy_obj: 7.00
2025-05-18 02:57:55,696 - DEBUG - [Enemigo_1] Movimiento calculado: mov_x=0.00, mov_y=0.00
2025-05-18 02:57:55,696 - DEBUG - [Enemigo_1] Pos DESPUÉS update: Rect: (404, 281), Hitbox: (407, 284)
2025-05-18 02:57:55,696 - DEBUG - --- Fin Update Enemigo_1 ---
2025-05-18 02:57:55,696 - DEBUG - --- Inicio Update Enemigo_2 ---
2025-05-18 02:57:55,696 - DEBUG - [Enemigo_2] Pos ANTES update: Rect: (377, 308), Hitbox: (380, 311)
2025-05-18 02:57:55,696 - DEBUG - [Enemigo_2] Target (Jugador): (400, 301), Dist: 21.19, dx_obj: 7.00, dy_obj: -20.00
2025-05-18 02:57:55,697 - DEBUG - [Enemigo_2] Movimiento calculado: mov_x=0.00, mov_y=0.00
2025-05-18 02:57:55,697 - DEBUG - [Enemigo_2] Pos DESPUÉS update: Rect: (377, 308), Hitbox: (380, 311)
2025-05-18 02:57:55,697 - DEBUG - --- Fin Update Enemigo_2 ---
2025-05-18 02:57:55,697 - DEBUG - --- Inicio Update Enemigo_3 ---
2025-05-18 02:57:55,697 - DEBUG - [Enemigo_3] Pos ANTES update: Rect: (364, 295), Hitbox: (367, 298)
2025-05-18 02:57:55,697 - DEBUG - [Enemigo_3] Target (Jugador): (400, 301), Dist: 21.19, dx_obj: 20.00, dy_obj: -7.00
2025-05-18 02:57:55,697 - DEBUG - [Enemigo_3] Movimiento calculado: mov_x=0.00, mov_y=0.00
2025-05-18 02:57:55,697 - DEBUG - [Enemigo_3] Pos DESPUÉS update: Rect: (364, 295), Hitbox: (367, 298)
2025-05-18 02:57:55,698 - DEBUG - --- Fin Update Enemigo_3 ---
2025-05-18 02:57:55,698 - DEBUG - --- Inicio Update Enemigo_4 ---
2025-05-18 02:57:55,698 - DEBUG - [Enemigo_4] Pos ANTES update: Rect: (374, 318), Hitbox: (377, 321)
2025-05-18 02:57:55,698 - DEBUG - [Enemigo_4] Target (Jugador): (400, 301), Dist: 31.62, dx_obj: 10.00, dy_obj: -30.00
2025-05-18 02:57:55,698 - DEBUG - [Enemigo_4] Movimiento calculado: mov_x=0.47, mov_y=-1.42
2025-05-18 02:57:55,698 - DEBUG - [Enemigo_4] Pos DESPUÉS update: Rect: (374, 317), Hitbox: (377, 320)
2025-05-18 02:57:55,698 - DEBUG - --- Fin Update Enemigo_4 ---
2025-05-18 02:57:55,698 - DEBUG - --- Inicio Update Enemigo_5 ---
2025-05-18 02:57:55,698 - DEBUG - [Enemigo_5] Pos ANTES update: Rect: (396, 270), Hitbox: (399, 273)
2025-05-18 02:57:55,699 - DEBUG - [Enemigo_5] Target (Jugador): (400, 301), Dist: 21.63, dx_obj: -12.00, dy_obj: 18.00
2025-05-18 02:57:55,699 - DEBUG - [Enemigo_5] Movimiento calculado: mov_x=0.00, mov_y=0.00
2025-05-18 02:57:55,699 - DEBUG - [Enemigo_5] Pos DESPUÉS update: Rect: (396, 270), Hitbox: (399, 273)
2025-05-18 02:57:55,699 - DEBUG - --- Fin Update Enemigo_5 ---
2025-05-18 02:57:55,699 - DEBUG - --- Inicio Update Enemigo_6 ---
2025-05-18 02:57:55,699 - DEBUG - [Enemigo_6] Pos ANTES update: Rect: (364, 295), Hitbox: (367, 298)
2025-05-18 02:57:55,699 - DEBUG - [Enemigo_6] Target (Jugador): (400, 301), Dist: 21.19, dx_obj: 20.00, dy_obj: -7.00
2025-05-18 02:57:55,699 - DEBUG - [Enemigo_6] Movimiento calculado: mov_x=0.00, mov_y=0.00
2025-05-18 02:57:55,699 - DEBUG - [Enemigo_6] Pos DESPUÉS update: Rect: (364, 295), Hitbox: (367, 298)
2025-05-18 02:57:55,700 - DEBUG - --- Fin Update Enemigo_6 ---
2025-05-18 02:57:55,711 - DEBUG - --- Inicio _mover_y_colisionar ---
2025-05-18 02:57:55,712 - DEBUG - Input: dx=3, dy=0
2025-05-18 02:57:55,712 - DEBUG - Posición ANTES de aplicar input y pre-correción: Jugador Rect: (384, 284), Jugador Hitbox: (388, 290)
2025-05-18 02:57:55,712 - DEBUG - Inicio Fase Pre-Corrección Estática
2025-05-18 02:57:55,712 - DEBUG -     --- Inicio _resolver_solapamientos_estaticos_eje (x) ---
2025-05-18 02:57:55,712 - DEBUG -       Pasada 1 de resolución estática eje x
2025-05-18 02:57:55,712 - DEBUG -         SOLAPAMIENTO ESTÁTICO EJE x DETECTADO con Enemigo_0
2025-05-18 02:57:55,713 - DEBUG -           Jugador Hitbox: (388, 290), Obstáculo Enemigo_0 Hitbox: rect=(367, 298), size=(26, 20)
2025-05-18 02:57:55,713 - DEBUG -           Pre-Corrección X (estática): Obstáculo a la IZQUIERDA. Mover JUGADOR a la DERECHA.
2025-05-18 02:57:55,713 - DEBUG -           Post-Pre-Corrección X (estática): Jugador Hitbox: (393, 290), rect: (389, 284)
2025-05-18 02:57:55,713 - DEBUG -         SOLAPAMIENTO ESTÁTICO EJE x DETECTADO con Enemigo_1
2025-05-18 02:57:55,713 - DEBUG -           Jugador Hitbox: (393, 290), Obstáculo Enemigo_1 Hitbox: rect=(407, 284), size=(26, 20)
2025-05-18 02:57:55,713 - DEBUG -           Pre-Corrección X (estática): Obstáculo a la DERECHA. Mover JUGADOR a la IZQUIERDA.
2025-05-18 02:57:55,713 - DEBUG -           Post-Pre-Corrección X (estática): Jugador Hitbox: (383, 290), rect: (379, 284)
2025-05-18 02:57:55,714 - DEBUG -         SOLAPAMIENTO ESTÁTICO EJE x DETECTADO con Enemigo_2
2025-05-18 02:57:55,714 - DEBUG -           Jugador Hitbox: (383, 290), Obstáculo Enemigo_2 Hitbox: rect=(380, 311), size=(26, 20)
2025-05-18 02:57:55,714 - DEBUG -           Pre-Corrección X (estática): Obstáculo a la IZQUIERDA. Mover JUGADOR a la DERECHA.
2025-05-18 02:57:55,714 - DEBUG -           Post-Pre-Corrección X (estática): Jugador Hitbox: (406, 290), rect: (402, 284)
2025-05-18 02:57:55,714 - DEBUG -         SOLAPAMIENTO ESTÁTICO EJE x DETECTADO con Enemigo_5
2025-05-18 02:57:55,714 - DEBUG -           Jugador Hitbox: (406, 290), Obstáculo Enemigo_5 Hitbox: rect=(399, 273), size=(26, 20)
2025-05-18 02:57:55,714 - DEBUG -           Pre-Corrección X (estática): Obstáculo a la IZQUIERDA. Mover JUGADOR a la DERECHA.
2025-05-18 02:57:55,715 - DEBUG -           Post-Pre-Corrección X (estática): Jugador Hitbox: (425, 290), rect: (421, 284)
2025-05-18 02:57:55,715 - DEBUG -     --- Fin _resolver_solapamientos_estaticos_eje (x) ---
2025-05-18 02:57:55,715 - DEBUG -     --- Inicio _resolver_solapamientos_estaticos_eje (y) ---
2025-05-18 02:57:55,715 - DEBUG -       Pasada 1 de resolución estática eje y
2025-05-18 02:57:55,715 - DEBUG -         SOLAPAMIENTO ESTÁTICO EJE y DETECTADO con Enemigo_1
2025-05-18 02:57:55,715 - DEBUG -           Jugador Hitbox: (425, 290), Obstáculo Enemigo_1 Hitbox: rect=(407, 284), size=(26, 20)
2025-05-18 02:57:55,715 - DEBUG -           Pre-Corrección Y (estática): Obstáculo ARRIBA. Mover JUGADOR ABAJO.
2025-05-18 02:57:55,715 - DEBUG -           Post-Pre-Corrección Y (estática): Jugador Hitbox: (425, 304), rect: (421, 298)
2025-05-18 02:57:55,715 - DEBUG -     --- Fin _resolver_solapamientos_estaticos_eje (y) ---
2025-05-18 02:57:55,716 - DEBUG - Fin Fase Pre-Corrección Estática. Posición Jugador: Rect: (421, 298), Hitbox: (425, 304)
2025-05-18 02:57:55,716 - DEBUG - Inicio Fase Movimiento y Corrección Principal
2025-05-18 02:57:55,716 - DEBUG - Estado ANTES de colisiones X con OBSTÁCULOS (post-dx y post-bordeX): Jugador Rect: (424, 298), Hitbox: (428, 304)
2025-05-18 02:57:55,716 - DEBUG - Estado ANTES de colisiones Y con OBSTÁCULOS (post-dy y post-bordeY): Jugador Rect: (424, 298), Hitbox: (428, 304). (X-coords eran Rect: (424, 298), Hitbox: (428, 304))
2025-05-18 02:57:55,716 - DEBUG - Posición FINAL en _mover_y_colisionar: Jugador Rect: (424, 298), Hitbox: (428, 304)
2025-05-18 02:57:55,716 - DEBUG - --- Fin _mover_y_colisionar ---
2025-05-18 02:57:55,716 - DEBUG - --- Inicio Update Enemigo_0 ---
2025-05-18 02:57:55,716 - DEBUG - [Enemigo_0] Pos ANTES update: Rect: (364, 295), Hitbox: (367, 298)
2025-05-18 02:57:55,717 - DEBUG - [Enemigo_0] Target (Jugador): (440, 315), Dist: 60.41, dx_obj: 60.00, dy_obj: 7.00
2025-05-18 02:57:55,717 - DEBUG - [Enemigo_0] Movimiento calculado: mov_x=1.49, mov_y=0.17
2025-05-18 02:57:55,717 - DEBUG - [Enemigo_0] Pos DESPUÉS update: Rect: (365, 295), Hitbox: (368, 298)
2025-05-18 02:57:55,717 - DEBUG - --- Fin Update Enemigo_0 ---
2025-05-18 02:57:55,717 - DEBUG - --- Inicio Update Enemigo_1 ---
2025-05-18 02:57:55,717 - DEBUG - [Enemigo_1] Pos ANTES update: Rect: (404, 281), Hitbox: (407, 284)
2025-05-18 02:57:55,717 - DEBUG - [Enemigo_1] Target (Jugador): (440, 315), Dist: 29.00, dx_obj: 20.00, dy_obj: 21.00
2025-05-18 02:57:55,717 - DEBUG - [Enemigo_1] Movimiento calculado: mov_x=1.03, mov_y=1.09
2025-05-18 02:57:55,718 - DEBUG - [Enemigo_1] Pos DESPUÉS update: Rect: (405, 282), Hitbox: (408, 285)
2025-05-18 02:57:55,718 - DEBUG - --- Fin Update Enemigo_1 ---
2025-05-18 02:57:55,718 - DEBUG - --- Inicio Update Enemigo_2 ---
2025-05-18 02:57:55,718 - DEBUG - [Enemigo_2] Pos ANTES update: Rect: (377, 308), Hitbox: (380, 311)
2025-05-18 02:57:55,718 - DEBUG - [Enemigo_2] Target (Jugador): (440, 315), Dist: 47.38, dx_obj: 47.00, dy_obj: -6.00
2025-05-18 02:57:55,718 - DEBUG - [Enemigo_2] Movimiento calculado: mov_x=1.49, mov_y=-0.19
2025-05-18 02:57:55,718 - DEBUG - [Enemigo_2] Pos DESPUÉS update: Rect: (378, 308), Hitbox: (381, 311)
2025-05-18 02:57:55,718 - DEBUG - --- Fin Update Enemigo_2 ---
2025-05-18 02:57:55,719 - DEBUG - --- Inicio Update Enemigo_3 ---
2025-05-18 02:57:55,719 - DEBUG - [Enemigo_3] Pos ANTES update: Rect: (364, 295), Hitbox: (367, 298)
2025-05-18 02:57:55,719 - DEBUG - [Enemigo_3] Target (Jugador): (440, 315), Dist: 60.41, dx_obj: 60.00, dy_obj: 7.00
2025-05-18 02:57:55,719 - DEBUG - [Enemigo_3] Movimiento calculado: mov_x=1.49, mov_y=0.17
2025-05-18 02:57:55,719 - DEBUG - [Enemigo_3] Pos DESPUÉS update: Rect: (365, 295), Hitbox: (368, 298)
2025-05-18 02:57:55,719 - DEBUG - --- Fin Update Enemigo_3 ---
2025-05-18 02:57:55,719 - DEBUG - --- Inicio Update Enemigo_4 ---
2025-05-18 02:57:55,719 - DEBUG - [Enemigo_4] Pos ANTES update: Rect: (374, 317), Hitbox: (377, 320)
2025-05-18 02:57:55,720 - DEBUG - [Enemigo_4] Target (Jugador): (440, 315), Dist: 52.20, dx_obj: 50.00, dy_obj: -15.00
2025-05-18 02:57:55,720 - DEBUG - [Enemigo_4] Movimiento calculado: mov_x=1.44, mov_y=-0.43
2025-05-18 02:57:55,720 - DEBUG - [Enemigo_4] Pos DESPUÉS update: Rect: (375, 317), Hitbox: (378, 320)
2025-05-18 02:57:55,720 - DEBUG - --- Fin Update Enemigo_4 ---
2025-05-18 02:57:55,720 - DEBUG - --- Inicio Update Enemigo_5 ---
2025-05-18 02:57:55,720 - DEBUG - [Enemigo_5] Pos ANTES update: Rect: (396, 270), Hitbox: (399, 273)
2025-05-18 02:57:55,720 - DEBUG - [Enemigo_5] Target (Jugador): (440, 315), Dist: 42.52, dx_obj: 28.00, dy_obj: 32.00
2025-05-18 02:57:55,721 - DEBUG - [Enemigo_5] Movimiento calculado: mov_x=0.99, mov_y=1.13
2025-05-18 02:57:55,721 - DEBUG - [Enemigo_5] Pos DESPUÉS update: Rect: (397, 271), Hitbox: (400, 274)
2025-05-18 02:57:55,721 - DEBUG - --- Fin Update Enemigo_5 ---
2025-05-18 02:57:55,721 - DEBUG - --- Inicio Update Enemigo_6 ---
2025-05-18 02:57:55,721 - DEBUG - [Enemigo_6] Pos ANTES update: Rect: (364, 295), Hitbox: (367, 298)
2025-05-18 02:57:55,721 - DEBUG - [Enemigo_6] Target (Jugador): (440, 315), Dist: 60.41, dx_obj: 60.00, dy_obj: 7.00
2025-05-18 02:57:55,721 - DEBUG - [Enemigo_6] Movimiento calculado: mov_x=1.49, mov_y=0.17
2025-05-18 02:57:55,721 - DEBUG - [Enemigo_6] Pos DESPUÉS update: Rect: (365, 295), Hitbox: (368, 298)
2025-05-18 02:57:55,722 - DEBUG - --- Fin Update Enemigo_6 ---
2025-05-18 02:57:55,728 - DEBUG - --- Inicio _mover_y_colisionar ---
2025-05-18 02:57:55,729 - DEBUG - Input: dx=3, dy=0
2025-05-18 02:57:55,729 - DEBUG - Posición ANTES de aplicar input y pre-correción: Jugador Rect: (424, 298), Jugador Hitbox: (428, 304)
2025-05-18 02:57:55,729 - DEBUG - Inicio Fase Pre-Corrección Estática
2025-05-18 02:57:55,729 - DEBUG -     --- Inicio _resolver_solapamientos_estaticos_eje (x) ---
2025-05-18 02:57:55,729 - DEBUG -       Pasada 1 de resolución estática eje x
2025-05-18 02:57:55,729 - DEBUG -         SOLAPAMIENTO ESTÁTICO EJE x DETECTADO con Enemigo_1
2025-05-18 02:57:55,729 - DEBUG -           Jugador Hitbox: (428, 304), Obstáculo Enemigo_1 Hitbox: rect=(408, 285), size=(26, 20)
2025-05-18 02:57:55,729 - DEBUG -           Pre-Corrección X (estática): Obstáculo a la IZQUIERDA. Mover JUGADOR a la DERECHA.
2025-05-18 02:57:55,730 - DEBUG -           Post-Pre-Corrección X (estática): Jugador Hitbox: (434, 304), rect: (430, 298)
2025-05-18 02:57:55,730 - DEBUG -     --- Fin _resolver_solapamientos_estaticos_eje (x) ---
2025-05-18 02:57:55,730 - DEBUG -     --- Inicio _resolver_solapamientos_estaticos_eje (y) ---
2025-05-18 02:57:55,730 - DEBUG -       Pasada 1 de resolución estática eje y
2025-05-18 02:57:55,730 - DEBUG -       No más solapamientos estáticos detectados/resueltos en eje y en pasada 1.
2025-05-18 02:57:55,730 - DEBUG -     --- Fin _resolver_solapamientos_estaticos_eje (y) ---
2025-05-18 02:57:55,730 - DEBUG - Fin Fase Pre-Corrección Estática. Posición Jugador: Rect: (430, 298), Hitbox: (434, 304)
2025-05-18 02:57:55,730 - DEBUG - Inicio Fase Movimiento y Corrección Principal
2025-05-18 02:57:55,730 - DEBUG - Estado ANTES de colisiones X con OBSTÁCULOS (post-dx y post-bordeX): Jugador Rect: (433, 298), Hitbox: (437, 304)
2025-05-18 02:57:55,731 - DEBUG - Estado ANTES de colisiones Y con OBSTÁCULOS (post-dy y post-bordeY): Jugador Rect: (433, 298), Hitbox: (437, 304). (X-coords eran Rect: (433, 298), Hitbox: (437, 304))
2025-05-18 02:57:55,731 - DEBUG - Posición FINAL en _mover_y_colisionar: Jugador Rect: (433, 298), Hitbox: (437, 304)
2025-05-18 02:57:55,731 - DEBUG - --- Fin _mover_y_colisionar ---
2025-05-18 02:57:55,731 - DEBUG - --- Inicio Update Enemigo_0 ---
2025-05-18 02:57:55,731 - DEBUG - [Enemigo_0] Pos ANTES update: Rect: (365, 295), Hitbox: (368, 298)
2025-05-18 02:57:55,731 - DEBUG - [Enemigo_0] Target (Jugador): (449, 315), Dist: 68.36, dx_obj: 68.00, dy_obj: 7.00
2025-05-18 02:57:55,731 - DEBUG - [Enemigo_0] Movimiento calculado: mov_x=1.49, mov_y=0.15
2025-05-18 02:57:55,731 - DEBUG - [Enemigo_0] Pos DESPUÉS update: Rect: (366, 295), Hitbox: (369, 298)
2025-05-18 02:57:55,732 - DEBUG - --- Fin Update Enemigo_0 ---
2025-05-18 02:57:55,732 - DEBUG - --- Inicio Update Enemigo_1 ---
2025-05-18 02:57:55,732 - DEBUG - [Enemigo_1] Pos ANTES update: Rect: (405, 282), Hitbox: (408, 285)
2025-05-18 02:57:55,732 - DEBUG - [Enemigo_1] Target (Jugador): (449, 315), Dist: 34.41, dx_obj: 28.00, dy_obj: 20.00
2025-05-18 02:57:55,732 - DEBUG - [Enemigo_1] Movimiento calculado: mov_x=1.22, mov_y=0.87
2025-05-18 02:57:55,732 - DEBUG - [Enemigo_1] Pos DESPUÉS update: Rect: (406, 283), Hitbox: (409, 286)
2025-05-18 02:57:55,732 - DEBUG - --- Fin Update Enemigo_1 ---
2025-05-18 02:57:55,732 - DEBUG - --- Inicio Update Enemigo_2 ---
2025-05-18 02:57:55,732 - DEBUG - [Enemigo_2] Pos ANTES update: Rect: (378, 308), Hitbox: (381, 311)
2025-05-18 02:57:55,733 - DEBUG - [Enemigo_2] Target (Jugador): (449, 315), Dist: 55.33, dx_obj: 55.00, dy_obj: -6.00
2025-05-18 02:57:55,733 - DEBUG - [Enemigo_2] Movimiento calculado: mov_x=1.49, mov_y=-0.16
2025-05-18 02:57:55,733 - DEBUG - [Enemigo_2] Pos DESPUÉS update: Rect: (379, 308), Hitbox: (382, 311)
2025-05-18 02:57:55,733 - DEBUG - --- Fin Update Enemigo_2 ---
2025-05-18 02:57:55,733 - DEBUG - --- Inicio Update Enemigo_3 ---
2025-05-18 02:57:55,733 - DEBUG - [Enemigo_3] Pos ANTES update: Rect: (365, 295), Hitbox: (368, 298)
2025-05-18 02:57:55,733 - DEBUG - [Enemigo_3] Target (Jugador): (449, 315), Dist: 68.36, dx_obj: 68.00, dy_obj: 7.00
2025-05-18 02:57:55,733 - DEBUG - [Enemigo_3] Movimiento calculado: mov_x=1.49, mov_y=0.15
2025-05-18 02:57:55,733 - DEBUG - [Enemigo_3] Pos DESPUÉS update: Rect: (366, 295), Hitbox: (369, 298)
2025-05-18 02:57:55,734 - DEBUG - --- Fin Update Enemigo_3 ---
2025-05-18 02:57:55,734 - DEBUG - --- Inicio Update Enemigo_4 ---
2025-05-18 02:57:55,734 - DEBUG - [Enemigo_4] Pos ANTES update: Rect: (375, 317), Hitbox: (378, 320)
2025-05-18 02:57:55,734 - DEBUG - [Enemigo_4] Target (Jugador): (449, 315), Dist: 59.91, dx_obj: 58.00, dy_obj: -15.00
2025-05-18 02:57:55,734 - DEBUG - [Enemigo_4] Movimiento calculado: mov_x=1.45, mov_y=-0.38
2025-05-18 02:57:55,734 - DEBUG - [Enemigo_4] Pos DESPUÉS update: Rect: (376, 317), Hitbox: (379, 320)
2025-05-18 02:57:55,734 - DEBUG - --- Fin Update Enemigo_4 ---
2025-05-18 02:57:55,734 - DEBUG - --- Inicio Update Enemigo_5 ---
2025-05-18 02:57:55,735 - DEBUG - [Enemigo_5] Pos ANTES update: Rect: (397, 271), Hitbox: (400, 274)
2025-05-18 02:57:55,735 - DEBUG - [Enemigo_5] Target (Jugador): (449, 315), Dist: 47.51, dx_obj: 36.00, dy_obj: 31.00
2025-05-18 02:57:55,735 - DEBUG - [Enemigo_5] Movimiento calculado: mov_x=1.14, mov_y=0.98
2025-05-18 02:57:55,735 - DEBUG - [Enemigo_5] Pos DESPUÉS update: Rect: (398, 272), Hitbox: (401, 275)
2025-05-18 02:57:55,735 - DEBUG - --- Fin Update Enemigo_5 ---
2025-05-18 02:57:55,735 - DEBUG - --- Inicio Update Enemigo_6 ---
2025-05-18 02:57:55,735 - DEBUG - [Enemigo_6] Pos ANTES update: Rect: (365, 295), Hitbox: (368, 298)
2025-05-18 02:57:55,735 - DEBUG - [Enemigo_6] Target (Jugador): (449, 315), Dist: 68.36, dx_obj: 68.00, dy_obj: 7.00
2025-05-18 02:57:55,735 - DEBUG - [Enemigo_6] Movimiento calculado: mov_x=1.49, mov_y=0.15
2025-05-18 02:57:55,736 - DEBUG - [Enemigo_6] Pos DESPUÉS update: Rect: (366, 295), Hitbox: (369, 298)
2025-05-18 02:57:55,736 - DEBUG - --- Fin Update Enemigo_6 ---
2025-05-18 02:57:55,745 - DEBUG - --- Inicio _mover_y_colisionar ---
2025-05-18 02:57:55,745 - DEBUG - Input: dx=3, dy=0
2025-05-18 02:57:55,745 - DEBUG - Posición ANTES de aplicar input y pre-correción: Jugador Rect: (433, 298), Jugador Hitbox: (437, 304)
2025-05-18 02:57:55,745 - DEBUG - Inicio Fase Pre-Corrección Estática
2025-05-18 02:57:55,745 - DEBUG -     --- Inicio _resolver_solapamientos_estaticos_eje (x) ---
2025-05-18 02:57:55,745 - DEBUG -       Pasada 1 de resolución estática eje x
2025-05-18 02:57:55,746 - DEBUG -       No más solapamientos estáticos detectados/resueltos en eje x en pasada 1.
2025-05-18 02:57:55,746 - DEBUG -     --- Fin _resolver_solapamientos_estaticos_eje (x) ---
2025-05-18 02:57:55,746 - DEBUG -     --- Inicio _resolver_solapamientos_estaticos_eje (y) ---
2025-05-18 02:57:55,746 - DEBUG -       Pasada 1 de resolución estática eje y
2025-05-18 02:57:55,746 - DEBUG -       No más solapamientos estáticos detectados/resueltos en eje y en pasada 1.
2025-05-18 02:57:55,746 - DEBUG -     --- Fin _resolver_solapamientos_estaticos_eje (y) ---
2025-05-18 02:57:55,746 - DEBUG - Fin Fase Pre-Corrección Estática. Posición Jugador: Rect: (433, 298), Hitbox: (437, 304)
2025-05-18 02:57:55,746 - DEBUG - Inicio Fase Movimiento y Corrección Principal
2025-05-18 02:57:55,746 - DEBUG - Estado ANTES de colisiones X con OBSTÁCULOS (post-dx y post-bordeX): Jugador Rect: (436, 298), Hitbox: (440, 304)
2025-05-18 02:57:55,747 - DEBUG - Estado ANTES de colisiones Y con OBSTÁCULOS (post-dy y post-bordeY): Jugador Rect: (436, 298), Hitbox: (440, 304). (X-coords eran Rect: (436, 298), Hitbox: (440, 304))
2025-05-18 02:57:55,747 - DEBUG - Posición FINAL en _mover_y_colisionar: Jugador Rect: (436, 298), Hitbox: (440, 304)
2025-05-18 02:57:55,747 - DEBUG - --- Fin _mover_y_colisionar ---
2025-05-18 02:57:55,747 - DEBUG - --- Inicio Update Enemigo_0 ---
2025-05-18 02:57:55,747 - DEBUG - [Enemigo_0] Pos ANTES update: Rect: (366, 295), Hitbox: (369, 298)
2025-05-18 02:57:55,747 - DEBUG - [Enemigo_0] Target (Jugador): (452, 315), Dist: 70.35, dx_obj: 70.00, dy_obj: 7.00
2025-05-18 02:57:55,747 - DEBUG - [Enemigo_0] Movimiento calculado: mov_x=1.49, mov_y=0.15
2025-05-18 02:57:55,748 - DEBUG - [Enemigo_0] Pos DESPUÉS update: Rect: (367, 295), Hitbox: (370, 298)
2025-05-18 02:57:55,748 - DEBUG - --- Fin Update Enemigo_0 ---
2025-05-18 02:57:55,748 - DEBUG - --- Inicio Update Enemigo_1 ---
2025-05-18 02:57:55,748 - DEBUG - [Enemigo_1] Pos ANTES update: Rect: (406, 283), Hitbox: (409, 286)
2025-05-18 02:57:55,748 - DEBUG - [Enemigo_1] Target (Jugador): (452, 315), Dist: 35.51, dx_obj: 30.00, dy_obj: 19.00
2025-05-18 02:57:55,748 - DEBUG - [Enemigo_1] Movimiento calculado: mov_x=1.27, mov_y=0.80
2025-05-18 02:57:55,748 - DEBUG - [Enemigo_1] Pos DESPUÉS update: Rect: (407, 284), Hitbox: (410, 287)
2025-05-18 02:57:55,748 - DEBUG - --- Fin Update Enemigo_1 ---
2025-05-18 02:57:55,748 - DEBUG - --- Inicio Update Enemigo_2 ---
2025-05-18 02:57:55,749 - DEBUG - [Enemigo_2] Pos ANTES update: Rect: (379, 308), Hitbox: (382, 311)
2025-05-18 02:57:55,749 - DEBUG - [Enemigo_2] Target (Jugador): (452, 315), Dist: 57.31, dx_obj: 57.00, dy_obj: -6.00
2025-05-18 02:57:55,749 - DEBUG - [Enemigo_2] Movimiento calculado: mov_x=1.49, mov_y=-0.16
2025-05-18 02:57:55,749 - DEBUG - [Enemigo_2] Pos DESPUÉS update: Rect: (380, 308), Hitbox: (383, 311)
2025-05-18 02:57:55,749 - DEBUG - --- Fin Update Enemigo_2 ---
2025-05-18 02:57:55,749 - DEBUG - --- Inicio Update Enemigo_3 ---
2025-05-18 02:57:55,749 - DEBUG - [Enemigo_3] Pos ANTES update: Rect: (366, 295), Hitbox: (369, 298)
2025-05-18 02:57:55,749 - DEBUG - [Enemigo_3] Target (Jugador): (452, 315), Dist: 70.35, dx_obj: 70.00, dy_obj: 7.00
2025-05-18 02:57:55,749 - DEBUG - [Enemigo_3] Movimiento calculado: mov_x=1.49, mov_y=0.15
2025-05-18 02:57:55,750 - DEBUG - [Enemigo_3] Pos DESPUÉS update: Rect: (367, 295), Hitbox: (370, 298)
2025-05-18 02:57:55,750 - DEBUG - --- Fin Update Enemigo_3 ---
2025-05-18 02:57:55,750 - DEBUG - --- Inicio Update Enemigo_4 ---
2025-05-18 02:57:55,750 - DEBUG - [Enemigo_4] Pos ANTES update: Rect: (376, 317), Hitbox: (379, 320)
2025-05-18 02:57:55,750 - DEBUG - [Enemigo_4] Target (Jugador): (452, 315), Dist: 61.85, dx_obj: 60.00, dy_obj: -15.00
2025-05-18 02:57:55,750 - DEBUG - [Enemigo_4] Movimiento calculado: mov_x=1.46, mov_y=-0.36
2025-05-18 02:57:55,750 - DEBUG - [Enemigo_4] Pos DESPUÉS update: Rect: (377, 317), Hitbox: (380, 320)
2025-05-18 02:57:55,750 - DEBUG - --- Fin Update Enemigo_4 ---
2025-05-18 02:57:55,751 - DEBUG - --- Inicio Update Enemigo_5 ---
2025-05-18 02:57:55,751 - DEBUG - [Enemigo_5] Pos ANTES update: Rect: (398, 272), Hitbox: (401, 275)
2025-05-18 02:57:55,751 - DEBUG - [Enemigo_5] Target (Jugador): (452, 315), Dist: 48.41, dx_obj: 38.00, dy_obj: 30.00
2025-05-18 02:57:55,751 - DEBUG - [Enemigo_5] Movimiento calculado: mov_x=1.18, mov_y=0.93
2025-05-18 02:57:55,751 - DEBUG - [Enemigo_5] Pos DESPUÉS update: Rect: (399, 273), Hitbox: (402, 276)
2025-05-18 02:57:55,751 - DEBUG - --- Fin Update Enemigo_5 ---
2025-05-18 02:57:55,751 - DEBUG - --- Inicio Update Enemigo_6 ---
2025-05-18 02:57:55,751 - DEBUG - [Enemigo_6] Pos ANTES update: Rect: (366, 295), Hitbox: (369, 298)
2025-05-18 02:57:55,751 - DEBUG - [Enemigo_6] Target (Jugador): (452, 315), Dist: 70.35, dx_obj: 70.00, dy_obj: 7.00
2025-05-18 02:57:55,752 - DEBUG - [Enemigo_6] Movimiento calculado: mov_x=1.49, mov_y=0.15
2025-05-18 02:57:55,752 - DEBUG - [Enemigo_6] Pos DESPUÉS update: Rect: (367, 295), Hitbox: (370, 298)
2025-05-18 02:57:55,752 - DEBUG - --- Fin Update Enemigo_6 ---
2025-05-18 02:57:55,761 - DEBUG - --- Inicio _mover_y_colisionar ---
2025-05-18 02:57:55,761 - DEBUG - Input: dx=3, dy=0
2025-05-18 02:57:55,761 - DEBUG - Posición ANTES de aplicar input y pre-correción: Jugador Rect: (436, 298), Jugador Hitbox: (440, 304)
2025-05-18 02:57:55,761 - DEBUG - Inicio Fase Pre-Corrección Estática
2025-05-18 02:57:55,761 - DEBUG -     --- Inicio _resolver_solapamientos_estaticos_eje (x) ---
2025-05-18 02:57:55,762 - DEBUG -       Pasada 1 de resolución estática eje x
2025-05-18 02:57:55,762 - DEBUG -       No más solapamientos estáticos detectados/resueltos en eje x en pasada 1.
2025-05-18 02:57:55,762 - DEBUG -     --- Fin _resolver_solapamientos_estaticos_eje (x) ---
2025-05-18 02:57:55,762 - DEBUG -     --- Inicio _resolver_solapamientos_estaticos_eje (y) ---
2025-05-18 02:57:55,762 - DEBUG -       Pasada 1 de resolución estática eje y
2025-05-18 02:57:55,762 - DEBUG -       No más solapamientos estáticos detectados/resueltos en eje y en pasada 1.
2025-05-18 02:57:55,762 - DEBUG -     --- Fin _resolver_solapamientos_estaticos_eje (y) ---
2025-05-18 02:57:55,762 - DEBUG - Fin Fase Pre-Corrección Estática. Posición Jugador: Rect: (436, 298), Hitbox: (440, 304)
2025-05-18 02:57:55,762 - DEBUG - Inicio Fase Movimiento y Corrección Principal
2025-05-18 02:57:55,763 - DEBUG - Estado ANTES de colisiones X con OBSTÁCULOS (post-dx y post-bordeX): Jugador Rect: (439, 298), Hitbox: (443, 304)
2025-05-18 02:57:55,763 - DEBUG - Estado ANTES de colisiones Y con OBSTÁCULOS (post-dy y post-bordeY): Jugador Rect: (439, 298), Hitbox: (443, 304). (X-coords eran Rect: (439, 298), Hitbox: (443, 304))
2025-05-18 02:57:55,763 - DEBUG - Posición FINAL en _mover_y_colisionar: Jugador Rect: (439, 298), Hitbox: (443, 304)
2025-05-18 02:57:55,763 - DEBUG - --- Fin _mover_y_colisionar ---
2025-05-18 02:57:55,763 - DEBUG - --- Inicio Update Enemigo_0 ---
2025-05-18 02:57:55,763 - DEBUG - [Enemigo_0] Pos ANTES update: Rect: (367, 295), Hitbox: (370, 298)
2025-05-18 02:57:55,763 - DEBUG - [Enemigo_0] Target (Jugador): (455, 315), Dist: 72.34, dx_obj: 72.00, dy_obj: 7.00
2025-05-18 02:57:55,763 - DEBUG - [Enemigo_0] Movimiento calculado: mov_x=1.49, mov_y=0.15
2025-05-18 02:57:55,764 - DEBUG - [Enemigo_0] Pos DESPUÉS update: Rect: (368, 295), Hitbox: (371, 298)
2025-05-18 02:57:55,764 - DEBUG - --- Fin Update Enemigo_0 ---
2025-05-18 02:57:55,764 - DEBUG - --- Inicio Update Enemigo_1 ---
2025-05-18 02:57:55,764 - DEBUG - [Enemigo_1] Pos ANTES update: Rect: (407, 284), Hitbox: (410, 287)
2025-05-18 02:57:55,764 - DEBUG - [Enemigo_1] Target (Jugador): (455, 315), Dist: 36.72, dx_obj: 32.00, dy_obj: 18.00
2025-05-18 02:57:55,764 - DEBUG - [Enemigo_1] Movimiento calculado: mov_x=1.31, mov_y=0.74
2025-05-18 02:57:55,764 - DEBUG - [Enemigo_1] Pos DESPUÉS update: Rect: (408, 285), Hitbox: (411, 288)
2025-05-18 02:57:55,764 - DEBUG - --- Fin Update Enemigo_1 ---
2025-05-18 02:57:55,764 - DEBUG - --- Inicio Update Enemigo_2 ---
2025-05-18 02:57:55,765 - DEBUG - [Enemigo_2] Pos ANTES update: Rect: (380, 308), Hitbox: (383, 311)
2025-05-18 02:57:55,765 - DEBUG - [Enemigo_2] Target (Jugador): (455, 315), Dist: 59.30, dx_obj: 59.00, dy_obj: -6.00
2025-05-18 02:57:55,765 - DEBUG - [Enemigo_2] Movimiento calculado: mov_x=1.49, mov_y=-0.15
2025-05-18 02:57:55,765 - DEBUG - [Enemigo_2] Pos DESPUÉS update: Rect: (381, 308), Hitbox: (384, 311)
2025-05-18 02:57:55,765 - DEBUG - --- Fin Update Enemigo_2 ---
2025-05-18 02:57:55,765 - DEBUG - --- Inicio Update Enemigo_3 ---
2025-05-18 02:57:55,765 - DEBUG - [Enemigo_3] Pos ANTES update: Rect: (367, 295), Hitbox: (370, 298)
2025-05-18 02:57:55,765 - DEBUG - [Enemigo_3] Target (Jugador): (455, 315), Dist: 72.34, dx_obj: 72.00, dy_obj: 7.00
2025-05-18 02:57:55,765 - DEBUG - [Enemigo_3] Movimiento calculado: mov_x=1.49, mov_y=0.15
2025-05-18 02:57:55,766 - DEBUG - [Enemigo_3] Pos DESPUÉS update: Rect: (368, 295), Hitbox: (371, 298)
2025-05-18 02:57:55,766 - DEBUG - --- Fin Update Enemigo_3 ---
2025-05-18 02:57:55,766 - DEBUG - --- Inicio Update Enemigo_4 ---
2025-05-18 02:57:55,766 - DEBUG - [Enemigo_4] Pos ANTES update: Rect: (377, 317), Hitbox: (380, 320)
2025-05-18 02:57:55,766 - DEBUG - [Enemigo_4] Target (Jugador): (455, 315), Dist: 63.79, dx_obj: 62.00, dy_obj: -15.00
2025-05-18 02:57:55,766 - DEBUG - [Enemigo_4] Movimiento calculado: mov_x=1.46, mov_y=-0.35
2025-05-18 02:57:55,766 - DEBUG - [Enemigo_4] Pos DESPUÉS update: Rect: (378, 317), Hitbox: (381, 320)
2025-05-18 02:57:55,766 - DEBUG - --- Fin Update Enemigo_4 ---
2025-05-18 02:57:55,766 - DEBUG - --- Inicio Update Enemigo_5 ---
2025-05-18 02:57:55,767 - DEBUG - [Enemigo_5] Pos ANTES update: Rect: (399, 273), Hitbox: (402, 276)
2025-05-18 02:57:55,767 - DEBUG - [Enemigo_5] Target (Jugador): (455, 315), Dist: 49.41, dx_obj: 40.00, dy_obj: 29.00
2025-05-18 02:57:55,767 - DEBUG - [Enemigo_5] Movimiento calculado: mov_x=1.21, mov_y=0.88
2025-05-18 02:57:55,767 - DEBUG - [Enemigo_5] Pos DESPUÉS update: Rect: (400, 274), Hitbox: (403, 277)
2025-05-18 02:57:55,767 - DEBUG - --- Fin Update Enemigo_5 ---
2025-05-18 02:57:55,767 - DEBUG - --- Inicio Update Enemigo_6 ---
2025-05-18 02:57:55,767 - DEBUG - [Enemigo_6] Pos ANTES update: Rect: (367, 295), Hitbox: (370, 298)
2025-05-18 02:57:55,767 - DEBUG - [Enemigo_6] Target (Jugador): (455, 315), Dist: 72.34, dx_obj: 72.00, dy_obj: 7.00
2025-05-18 02:57:55,767 - DEBUG - [Enemigo_6] Movimiento calculado: mov_x=1.49, mov_y=0.15
2025-05-18 02:57:55,768 - DEBUG - [Enemigo_6] Pos DESPUÉS update: Rect: (368, 295), Hitbox: (371, 298)
2025-05-18 02:57:55,768 - DEBUG - --- Fin Update Enemigo_6 ---
2025-05-18 02:57:55,777 - DEBUG - --- Inicio _mover_y_colisionar ---
2025-05-18 02:57:55,777 - DEBUG - Input: dx=3, dy=0
2025-05-18 02:57:55,777 - DEBUG - Posición ANTES de aplicar input y pre-correción: Jugador Rect: (439, 298), Jugador Hitbox: (443, 304)
2025-05-18 02:57:55,777 - DEBUG - Inicio Fase Pre-Corrección Estática
2025-05-18 02:57:55,777 - DEBUG -     --- Inicio _resolver_solapamientos_estaticos_eje (x) ---
2025-05-18 02:57:55,777 - DEBUG -       Pasada 1 de resolución estática eje x
2025-05-18 02:57:55,778 - DEBUG -       No más solapamientos estáticos detectados/resueltos en eje x en pasada 1.
2025-05-18 02:57:55,778 - DEBUG -     --- Fin _resolver_solapamientos_estaticos_eje (x) ---
2025-05-18 02:57:55,778 - DEBUG -     --- Inicio _resolver_solapamientos_estaticos_eje (y) ---
2025-05-18 02:57:55,778 - DEBUG -       Pasada 1 de resolución estática eje y
2025-05-18 02:57:55,778 - DEBUG -       No más solapamientos estáticos detectados/resueltos en eje y en pasada 1.
2025-05-18 02:57:55,778 - DEBUG -     --- Fin _resolver_solapamientos_estaticos_eje (y) ---
2025-05-18 02:57:55,778 - DEBUG - Fin Fase Pre-Corrección Estática. Posición Jugador: Rect: (439, 298), Hitbox: (443, 304)
2025-05-18 02:57:55,779 - DEBUG - Inicio Fase Movimiento y Corrección Principal
2025-05-18 02:57:55,779 - DEBUG - Estado ANTES de colisiones X con OBSTÁCULOS (post-dx y post-bordeX): Jugador Rect: (442, 298), Hitbox: (446, 304)
2025-05-18 02:57:55,779 - DEBUG - Estado ANTES de colisiones Y con OBSTÁCULOS (post-dy y post-bordeY): Jugador Rect: (442, 298), Hitbox: (446, 304). (X-coords eran Rect: (442, 298), Hitbox: (446, 304))
2025-05-18 02:57:55,779 - DEBUG - Posición FINAL en _mover_y_colisionar: Jugador Rect: (442, 298), Hitbox: (446, 304)
2025-05-18 02:57:55,779 - DEBUG - --- Fin _mover_y_colisionar ---
2025-05-18 02:57:55,779 - DEBUG - --- Inicio Update Enemigo_0 ---
2025-05-18 02:57:55,779 - DEBUG - [Enemigo_0] Pos ANTES update: Rect: (368, 295), Hitbox: (371, 298)
2025-05-18 02:57:55,779 - DEBUG - [Enemigo_0] Target (Jugador): (458, 315), Dist: 74.33, dx_obj: 74.00, dy_obj: 7.00
2025-05-18 02:57:55,780 - DEBUG - [Enemigo_0] Movimiento calculado: mov_x=1.49, mov_y=0.14
2025-05-18 02:57:55,780 - DEBUG - [Enemigo_0] Pos DESPUÉS update: Rect: (369, 295), Hitbox: (372, 298)
2025-05-18 02:57:55,780 - DEBUG - --- Fin Update Enemigo_0 ---
2025-05-18 02:57:55,780 - DEBUG - --- Inicio Update Enemigo_1 ---
2025-05-18 02:57:55,780 - DEBUG - [Enemigo_1] Pos ANTES update: Rect: (408, 285), Hitbox: (411, 288)
2025-05-18 02:57:55,780 - DEBUG - [Enemigo_1] Target (Jugador): (458, 315), Dist: 38.01, dx_obj: 34.00, dy_obj: 17.00
2025-05-18 02:57:55,780 - DEBUG - [Enemigo_1] Movimiento calculado: mov_x=1.34, mov_y=0.67
2025-05-18 02:57:55,780 - DEBUG - [Enemigo_1] Pos DESPUÉS update: Rect: (409, 286), Hitbox: (412, 289)
2025-05-18 02:57:55,780 - DEBUG - --- Fin Update Enemigo_1 ---
2025-05-18 02:57:55,780 - DEBUG - --- Inicio Update Enemigo_2 ---
2025-05-18 02:57:55,781 - DEBUG - [Enemigo_2] Pos ANTES update: Rect: (381, 308), Hitbox: (384, 311)
2025-05-18 02:57:55,781 - DEBUG - [Enemigo_2] Target (Jugador): (458, 315), Dist: 61.29, dx_obj: 61.00, dy_obj: -6.00
2025-05-18 02:57:55,781 - DEBUG - [Enemigo_2] Movimiento calculado: mov_x=1.49, mov_y=-0.15
2025-05-18 02:57:55,781 - DEBUG - [Enemigo_2] Pos DESPUÉS update: Rect: (382, 308), Hitbox: (385, 311)
2025-05-18 02:57:55,781 - DEBUG - --- Fin Update Enemigo_2 ---
2025-05-18 02:57:55,781 - DEBUG - --- Inicio Update Enemigo_3 ---
2025-05-18 02:57:55,781 - DEBUG - [Enemigo_3] Pos ANTES update: Rect: (368, 295), Hitbox: (371, 298)
2025-05-18 02:57:55,781 - DEBUG - [Enemigo_3] Target (Jugador): (458, 315), Dist: 74.33, dx_obj: 74.00, dy_obj: 7.00
2025-05-18 02:57:55,781 - DEBUG - [Enemigo_3] Movimiento calculado: mov_x=1.49, mov_y=0.14
2025-05-18 02:57:55,782 - DEBUG - [Enemigo_3] Pos DESPUÉS update: Rect: (369, 295), Hitbox: (372, 298)
2025-05-18 02:57:55,782 - DEBUG - --- Fin Update Enemigo_3 ---
2025-05-18 02:57:55,782 - DEBUG - --- Inicio Update Enemigo_4 ---
2025-05-18 02:57:55,782 - DEBUG - [Enemigo_4] Pos ANTES update: Rect: (378, 317), Hitbox: (381, 320)
2025-05-18 02:57:55,782 - DEBUG - [Enemigo_4] Target (Jugador): (458, 315), Dist: 65.73, dx_obj: 64.00, dy_obj: -15.00
2025-05-18 02:57:55,782 - DEBUG - [Enemigo_4] Movimiento calculado: mov_x=1.46, mov_y=-0.34
2025-05-18 02:57:55,782 - DEBUG - [Enemigo_4] Pos DESPUÉS update: Rect: (379, 317), Hitbox: (382, 320)
2025-05-18 02:57:55,782 - DEBUG - --- Fin Update Enemigo_4 ---
2025-05-18 02:57:55,783 - DEBUG - --- Inicio Update Enemigo_5 ---
2025-05-18 02:57:55,783 - DEBUG - [Enemigo_5] Pos ANTES update: Rect: (400, 274), Hitbox: (403, 277)
2025-05-18 02:57:55,783 - DEBUG - [Enemigo_5] Target (Jugador): (458, 315), Dist: 50.48, dx_obj: 42.00, dy_obj: 28.00
2025-05-18 02:57:55,783 - DEBUG - [Enemigo_5] Movimiento calculado: mov_x=1.25, mov_y=0.83
2025-05-18 02:57:55,783 - DEBUG - [Enemigo_5] Pos DESPUÉS update: Rect: (401, 275), Hitbox: (404, 278)
2025-05-18 02:57:55,783 - DEBUG - --- Fin Update Enemigo_5 ---
2025-05-18 02:57:55,783 - DEBUG - --- Inicio Update Enemigo_6 ---
2025-05-18 02:57:55,783 - DEBUG - [Enemigo_6] Pos ANTES update: Rect: (368, 295), Hitbox: (371, 298)
2025-05-18 02:57:55,783 - DEBUG - [Enemigo_6] Target (Jugador): (458, 315), Dist: 74.33, dx_obj: 74.00, dy_obj: 7.00
2025-05-18 02:57:55,784 - DEBUG - [Enemigo_6] Movimiento calculado: mov_x=1.49, mov_y=0.14
2025-05-18 02:57:55,784 - DEBUG - [Enemigo_6] Pos DESPUÉS update: Rect: (369, 295), Hitbox: (372, 298)
2025-05-18 02:57:55,784 - DEBUG - --- Fin Update Enemigo_6 ---
2025-05-18 02:57:55,792 - DEBUG - --- Inicio _mover_y_colisionar ---
2025-05-18 02:57:55,793 - DEBUG - Input: dx=3, dy=0
2025-05-18 02:57:55,793 - DEBUG - Posición ANTES de aplicar input y pre-correción: Jugador Rect: (442, 298), Jugador Hitbox: (446, 304)
2025-05-18 02:57:55,793 - DEBUG - Inicio Fase Pre-Corrección Estática
2025-05-18 02:57:55,793 - DEBUG -     --- Inicio _resolver_solapamientos_estaticos_eje (x) ---
2025-05-18 02:57:55,793 - DEBUG -       Pasada 1 de resolución estática eje x
2025-05-18 02:57:55,793 - DEBUG -       No más solapamientos estáticos detectados/resueltos en eje x en pasada 1.
2025-05-18 02:57:55,794 - DEBUG -     --- Fin _resolver_solapamientos_estaticos_eje (x) ---
2025-05-18 02:57:55,794 - DEBUG -     --- Inicio _resolver_solapamientos_estaticos_eje (y) ---
2025-05-18 02:57:55,794 - DEBUG -       Pasada 1 de resolución estática eje y
2025-05-18 02:57:55,794 - DEBUG -       No más solapamientos estáticos detectados/resueltos en eje y en pasada 1.
2025-05-18 02:57:55,794 - DEBUG -     --- Fin _resolver_solapamientos_estaticos_eje (y) ---
2025-05-18 02:57:55,794 - DEBUG - Fin Fase Pre-Corrección Estática. Posición Jugador: Rect: (442, 298), Hitbox: (446, 304)
2025-05-18 02:57:55,794 - DEBUG - Inicio Fase Movimiento y Corrección Principal
2025-05-18 02:57:55,794 - DEBUG - Estado ANTES de colisiones X con OBSTÁCULOS (post-dx y post-bordeX): Jugador Rect: (445, 298), Hitbox: (449, 304)
2025-05-18 02:57:55,795 - DEBUG - Estado ANTES de colisiones Y con OBSTÁCULOS (post-dy y post-bordeY): Jugador Rect: (445, 298), Hitbox: (449, 304). (X-coords eran Rect: (445, 298), Hitbox: (449, 304))
2025-05-18 02:57:55,795 - DEBUG - Posición FINAL en _mover_y_colisionar: Jugador Rect: (445, 298), Hitbox: (449, 304)
2025-05-18 02:57:55,795 - DEBUG - --- Fin _mover_y_colisionar ---
2025-05-18 02:57:55,795 - DEBUG - --- Inicio Update Enemigo_0 ---
2025-05-18 02:57:55,795 - DEBUG - [Enemigo_0] Pos ANTES update: Rect: (369, 295), Hitbox: (372, 298)
2025-05-18 02:57:55,795 - DEBUG - [Enemigo_0] Target (Jugador): (461, 315), Dist: 76.32, dx_obj: 76.00, dy_obj: 7.00
2025-05-18 02:57:55,795 - DEBUG - [Enemigo_0] Movimiento calculado: mov_x=1.49, mov_y=0.14
2025-05-18 02:57:55,795 - DEBUG - [Enemigo_0] Pos DESPUÉS update: Rect: (370, 295), Hitbox: (373, 298)
2025-05-18 02:57:55,796 - DEBUG - --- Fin Update Enemigo_0 ---
2025-05-18 02:57:55,796 - DEBUG - --- Inicio Update Enemigo_1 ---
2025-05-18 02:57:55,796 - DEBUG - [Enemigo_1] Pos ANTES update: Rect: (409, 286), Hitbox: (412, 289)
2025-05-18 02:57:55,796 - DEBUG - [Enemigo_1] Target (Jugador): (461, 315), Dist: 39.40, dx_obj: 36.00, dy_obj: 16.00
2025-05-18 02:57:55,796 - DEBUG - [Enemigo_1] Movimiento calculado: mov_x=1.37, mov_y=0.61
2025-05-18 02:57:55,796 - DEBUG - [Enemigo_1] Pos DESPUÉS update: Rect: (410, 287), Hitbox: (413, 290)
2025-05-18 02:57:55,796 - DEBUG - --- Fin Update Enemigo_1 ---
2025-05-18 02:57:55,796 - DEBUG - --- Inicio Update Enemigo_2 ---
2025-05-18 02:57:55,796 - DEBUG - [Enemigo_2] Pos ANTES update: Rect: (382, 308), Hitbox: (385, 311)
2025-05-18 02:57:55,796 - DEBUG - [Enemigo_2] Target (Jugador): (461, 315), Dist: 63.29, dx_obj: 63.00, dy_obj: -6.00
2025-05-18 02:57:55,797 - DEBUG - [Enemigo_2] Movimiento calculado: mov_x=1.49, mov_y=-0.14
2025-05-18 02:57:55,797 - DEBUG - [Enemigo_2] Pos DESPUÉS update: Rect: (383, 308), Hitbox: (386, 311)
2025-05-18 02:57:55,797 - DEBUG - --- Fin Update Enemigo_2 ---
2025-05-18 02:57:55,797 - DEBUG - --- Inicio Update Enemigo_3 ---
2025-05-18 02:57:55,797 - DEBUG - [Enemigo_3] Pos ANTES update: Rect: (369, 295), Hitbox: (372, 298)
2025-05-18 02:57:55,797 - DEBUG - [Enemigo_3] Target (Jugador): (461, 315), Dist: 76.32, dx_obj: 76.00, dy_obj: 7.00
2025-05-18 02:57:55,797 - DEBUG - [Enemigo_3] Movimiento calculado: mov_x=1.49, mov_y=0.14
2025-05-18 02:57:55,797 - DEBUG - [Enemigo_3] Pos DESPUÉS update: Rect: (370, 295), Hitbox: (373, 298)
2025-05-18 02:57:55,797 - DEBUG - --- Fin Update Enemigo_3 ---
2025-05-18 02:57:55,798 - DEBUG - --- Inicio Update Enemigo_4 ---
2025-05-18 02:57:55,798 - DEBUG - [Enemigo_4] Pos ANTES update: Rect: (379, 317), Hitbox: (382, 320)
2025-05-18 02:57:55,798 - DEBUG - [Enemigo_4] Target (Jugador): (461, 315), Dist: 67.68, dx_obj: 66.00, dy_obj: -15.00
2025-05-18 02:57:55,798 - DEBUG - [Enemigo_4] Movimiento calculado: mov_x=1.46, mov_y=-0.33
2025-05-18 02:57:55,798 - DEBUG - [Enemigo_4] Pos DESPUÉS update: Rect: (380, 317), Hitbox: (383, 320)
2025-05-18 02:57:55,798 - DEBUG - --- Fin Update Enemigo_4 ---
2025-05-18 02:57:55,798 - DEBUG - --- Inicio Update Enemigo_5 ---
2025-05-18 02:57:55,798 - DEBUG - [Enemigo_5] Pos ANTES update: Rect: (401, 275), Hitbox: (404, 278)
2025-05-18 02:57:55,799 - DEBUG - [Enemigo_5] Target (Jugador): (461, 315), Dist: 51.62, dx_obj: 44.00, dy_obj: 27.00
2025-05-18 02:57:55,799 - DEBUG - [Enemigo_5] Movimiento calculado: mov_x=1.28, mov_y=0.78
2025-05-18 02:57:55,799 - DEBUG - [Enemigo_5] Pos DESPUÉS update: Rect: (402, 276), Hitbox: (405, 279)
2025-05-18 02:57:55,799 - DEBUG - --- Fin Update Enemigo_5 ---
2025-05-18 02:57:55,799 - DEBUG - --- Inicio Update Enemigo_6 ---
2025-05-18 02:57:55,799 - DEBUG - [Enemigo_6] Pos ANTES update: Rect: (369, 295), Hitbox: (372, 298)
2025-05-18 02:57:55,799 - DEBUG - [Enemigo_6] Target (Jugador): (461, 315), Dist: 76.32, dx_obj: 76.00, dy_obj: 7.00
2025-05-18 02:57:55,799 - DEBUG - [Enemigo_6] Movimiento calculado: mov_x=1.49, mov_y=0.14
2025-05-18 02:57:55,800 - DEBUG - [Enemigo_6] Pos DESPUÉS update: Rect: (370, 295), Hitbox: (373, 298)
2025-05-18 02:57:55,800 - DEBUG - --- Fin Update Enemigo_6 ---
2025-05-18 02:57:55,808 - DEBUG - --- Inicio _mover_y_colisionar ---
2025-05-18 02:57:55,809 - DEBUG - Input: dx=3, dy=0
2025-05-18 02:57:55,809 - DEBUG - Posición ANTES de aplicar input y pre-correción: Jugador Rect: (445, 298), Jugador Hitbox: (449, 304)
2025-05-18 02:57:55,809 - DEBUG - Inicio Fase Pre-Corrección Estática
2025-05-18 02:57:55,809 - DEBUG -     --- Inicio _resolver_solapamientos_estaticos_eje (x) ---
2025-05-18 02:57:55,809 - DEBUG -       Pasada 1 de resolución estática eje x
2025-05-18 02:57:55,809 - DEBUG -       No más solapamientos estáticos detectados/resueltos en eje x en pasada 1.
2025-05-18 02:57:55,810 - DEBUG -     --- Fin _resolver_solapamientos_estaticos_eje (x) ---
2025-05-18 02:57:55,810 - DEBUG -     --- Inicio _resolver_solapamientos_estaticos_eje (y) ---
2025-05-18 02:57:55,810 - DEBUG -       Pasada 1 de resolución estática eje y
2025-05-18 02:57:55,810 - DEBUG -       No más solapamientos estáticos detectados/resueltos en eje y en pasada 1.
2025-05-18 02:57:55,810 - DEBUG -     --- Fin _resolver_solapamientos_estaticos_eje (y) ---
2025-05-18 02:57:55,810 - DEBUG - Fin Fase Pre-Corrección Estática. Posición Jugador: Rect: (445, 298), Hitbox: (449, 304)
2025-05-18 02:57:55,810 - DEBUG - Inicio Fase Movimiento y Corrección Principal
2025-05-18 02:57:55,810 - DEBUG - Estado ANTES de colisiones X con OBSTÁCULOS (post-dx y post-bordeX): Jugador Rect: (448, 298), Hitbox: (452, 304)
2025-05-18 02:57:55,810 - DEBUG - Estado ANTES de colisiones Y con OBSTÁCULOS (post-dy y post-bordeY): Jugador Rect: (448, 298), Hitbox: (452, 304). (X-coords eran Rect: (448, 298), Hitbox: (452, 304))
2025-05-18 02:57:55,811 - DEBUG - Posición FINAL en _mover_y_colisionar: Jugador Rect: (448, 298), Hitbox: (452, 304)
2025-05-18 02:57:55,811 - DEBUG - --- Fin _mover_y_colisionar ---
2025-05-18 02:57:55,811 - DEBUG - --- Inicio Update Enemigo_0 ---
2025-05-18 02:57:55,811 - DEBUG - [Enemigo_0] Pos ANTES update: Rect: (370, 295), Hitbox: (373, 298)
2025-05-18 02:57:55,811 - DEBUG - [Enemigo_0] Target (Jugador): (464, 315), Dist: 78.31, dx_obj: 78.00, dy_obj: 7.00
2025-05-18 02:57:55,811 - DEBUG - [Enemigo_0] Movimiento calculado: mov_x=1.49, mov_y=0.13
2025-05-18 02:57:55,811 - DEBUG - [Enemigo_0] Pos DESPUÉS update: Rect: (371, 295), Hitbox: (374, 298)
2025-05-18 02:57:55,811 - DEBUG - --- Fin Update Enemigo_0 ---
2025-05-18 02:57:55,811 - DEBUG - --- Inicio Update Enemigo_1 ---
2025-05-18 02:57:55,812 - DEBUG - [Enemigo_1] Pos ANTES update: Rect: (410, 287), Hitbox: (413, 290)
2025-05-18 02:57:55,812 - DEBUG - [Enemigo_1] Target (Jugador): (464, 315), Dist: 40.85, dx_obj: 38.00, dy_obj: 15.00
2025-05-18 02:57:55,812 - DEBUG - [Enemigo_1] Movimiento calculado: mov_x=1.40, mov_y=0.55
2025-05-18 02:57:55,812 - DEBUG - [Enemigo_1] Pos DESPUÉS update: Rect: (411, 288), Hitbox: (414, 291)
2025-05-18 02:57:55,812 - DEBUG - --- Fin Update Enemigo_1 ---
2025-05-18 02:57:55,812 - DEBUG - --- Inicio Update Enemigo_2 ---
2025-05-18 02:57:55,812 - DEBUG - [Enemigo_2] Pos ANTES update: Rect: (383, 308), Hitbox: (386, 311)
2025-05-18 02:57:55,812 - DEBUG - [Enemigo_2] Target (Jugador): (464, 315), Dist: 65.28, dx_obj: 65.00, dy_obj: -6.00
2025-05-18 02:57:55,813 - DEBUG - [Enemigo_2] Movimiento calculado: mov_x=1.49, mov_y=-0.14
2025-05-18 02:57:55,813 - DEBUG - [Enemigo_2] Pos DESPUÉS update: Rect: (384, 308), Hitbox: (387, 311)
2025-05-18 02:57:55,813 - DEBUG - --- Fin Update Enemigo_2 ---
2025-05-18 02:57:55,813 - DEBUG - --- Inicio Update Enemigo_3 ---
2025-05-18 02:57:55,813 - DEBUG - [Enemigo_3] Pos ANTES update: Rect: (370, 295), Hitbox: (373, 298)
2025-05-18 02:57:55,813 - DEBUG - [Enemigo_3] Target (Jugador): (464, 315), Dist: 78.31, dx_obj: 78.00, dy_obj: 7.00
2025-05-18 02:57:55,813 - DEBUG - [Enemigo_3] Movimiento calculado: mov_x=1.49, mov_y=0.13
2025-05-18 02:57:55,813 - DEBUG - [Enemigo_3] Pos DESPUÉS update: Rect: (371, 295), Hitbox: (374, 298)
2025-05-18 02:57:55,813 - DEBUG - --- Fin Update Enemigo_3 ---
2025-05-18 02:57:55,813 - DEBUG - --- Inicio Update Enemigo_4 ---
2025-05-18 02:57:55,814 - DEBUG - [Enemigo_4] Pos ANTES update: Rect: (380, 317), Hitbox: (383, 320)
2025-05-18 02:57:55,814 - DEBUG - [Enemigo_4] Target (Jugador): (464, 315), Dist: 69.63, dx_obj: 68.00, dy_obj: -15.00
2025-05-18 02:57:55,814 - DEBUG - [Enemigo_4] Movimiento calculado: mov_x=1.46, mov_y=-0.32
2025-05-18 02:57:55,814 - DEBUG - [Enemigo_4] Pos DESPUÉS update: Rect: (381, 317), Hitbox: (384, 320)
2025-05-18 02:57:55,814 - DEBUG - --- Fin Update Enemigo_4 ---
2025-05-18 02:57:55,814 - DEBUG - --- Inicio Update Enemigo_5 ---
2025-05-18 02:57:55,814 - DEBUG - [Enemigo_5] Pos ANTES update: Rect: (402, 276), Hitbox: (405, 279)
2025-05-18 02:57:55,814 - DEBUG - [Enemigo_5] Target (Jugador): (464, 315), Dist: 52.84, dx_obj: 46.00, dy_obj: 26.00
2025-05-18 02:57:55,815 - DEBUG - [Enemigo_5] Movimiento calculado: mov_x=1.31, mov_y=0.74
2025-05-18 02:57:55,815 - DEBUG - [Enemigo_5] Pos DESPUÉS update: Rect: (403, 277), Hitbox: (406, 280)
2025-05-18 02:57:55,815 - DEBUG - --- Fin Update Enemigo_5 ---
2025-05-18 02:57:55,815 - DEBUG - --- Inicio Update Enemigo_6 ---
2025-05-18 02:57:55,815 - DEBUG - [Enemigo_6] Pos ANTES update: Rect: (370, 295), Hitbox: (373, 298)
2025-05-18 02:57:55,815 - DEBUG - [Enemigo_6] Target (Jugador): (464, 315), Dist: 78.31, dx_obj: 78.00, dy_obj: 7.00
2025-05-18 02:57:55,815 - DEBUG - [Enemigo_6] Movimiento calculado: mov_x=1.49, mov_y=0.13
2025-05-18 02:57:55,815 - DEBUG - [Enemigo_6] Pos DESPUÉS update: Rect: (371, 295), Hitbox: (374, 298)
2025-05-18 02:57:55,816 - DEBUG - --- Fin Update Enemigo_6 ---
2025-05-18 02:57:55,826 - DEBUG - --- Inicio _mover_y_colisionar ---
2025-05-18 02:57:55,826 - DEBUG - Input: dx=3, dy=0
2025-05-18 02:57:55,826 - DEBUG - Posición ANTES de aplicar input y pre-correción: Jugador Rect: (448, 298), Jugador Hitbox: (452, 304)
2025-05-18 02:57:55,826 - DEBUG - Inicio Fase Pre-Corrección Estática
2025-05-18 02:57:55,826 - DEBUG -     --- Inicio _resolver_solapamientos_estaticos_eje (x) ---
2025-05-18 02:57:55,827 - DEBUG -       Pasada 1 de resolución estática eje x
2025-05-18 02:57:55,827 - DEBUG -       No más solapamientos estáticos detectados/resueltos en eje x en pasada 1.
2025-05-18 02:57:55,827 - DEBUG -     --- Fin _resolver_solapamientos_estaticos_eje (x) ---
2025-05-18 02:57:55,827 - DEBUG -     --- Inicio _resolver_solapamientos_estaticos_eje (y) ---
2025-05-18 02:57:55,827 - DEBUG -       Pasada 1 de resolución estática eje y
2025-05-18 02:57:55,827 - DEBUG -       No más solapamientos estáticos detectados/resueltos en eje y en pasada 1.
2025-05-18 02:57:55,827 - DEBUG -     --- Fin _resolver_solapamientos_estaticos_eje (y) ---
2025-05-18 02:57:55,827 - DEBUG - Fin Fase Pre-Corrección Estática. Posición Jugador: Rect: (448, 298), Hitbox: (452, 304)
2025-05-18 02:57:55,828 - DEBUG - Inicio Fase Movimiento y Corrección Principal
2025-05-18 02:57:55,828 - DEBUG - Estado ANTES de colisiones X con OBSTÁCULOS (post-dx y post-bordeX): Jugador Rect: (451, 298), Hitbox: (455, 304)
2025-05-18 02:57:55,828 - DEBUG - Estado ANTES de colisiones Y con OBSTÁCULOS (post-dy y post-bordeY): Jugador Rect: (451, 298), Hitbox: (455, 304). (X-coords eran Rect: (451, 298), Hitbox: (455, 304))
2025-05-18 02:57:55,828 - DEBUG - Posición FINAL en _mover_y_colisionar: Jugador Rect: (451, 298), Hitbox: (455, 304)
2025-05-18 02:57:55,828 - DEBUG - --- Fin _mover_y_colisionar ---
2025-05-18 02:57:55,828 - DEBUG - --- Inicio Update Enemigo_0 ---
2025-05-18 02:57:55,828 - DEBUG - [Enemigo_0] Pos ANTES update: Rect: (371, 295), Hitbox: (374, 298)
2025-05-18 02:57:55,828 - DEBUG - [Enemigo_0] Target (Jugador): (467, 315), Dist: 80.31, dx_obj: 80.00, dy_obj: 7.00
2025-05-18 02:57:55,829 - DEBUG - [Enemigo_0] Movimiento calculado: mov_x=1.49, mov_y=0.13
2025-05-18 02:57:55,829 - DEBUG - [Enemigo_0] Pos DESPUÉS update: Rect: (372, 295), Hitbox: (375, 298)
2025-05-18 02:57:55,829 - DEBUG - --- Fin Update Enemigo_0 ---
2025-05-18 02:57:55,829 - DEBUG - --- Inicio Update Enemigo_1 ---
2025-05-18 02:57:55,829 - DEBUG - [Enemigo_1] Pos ANTES update: Rect: (411, 288), Hitbox: (414, 291)
2025-05-18 02:57:55,829 - DEBUG - [Enemigo_1] Target (Jugador): (467, 315), Dist: 42.38, dx_obj: 40.00, dy_obj: 14.00
2025-05-18 02:57:55,829 - DEBUG - [Enemigo_1] Movimiento calculado: mov_x=1.42, mov_y=0.50
2025-05-18 02:57:55,829 - DEBUG - [Enemigo_1] Pos DESPUÉS update: Rect: (412, 288), Hitbox: (415, 291)
2025-05-18 02:57:55,829 - DEBUG - --- Fin Update Enemigo_1 ---
2025-05-18 02:57:55,830 - DEBUG - --- Inicio Update Enemigo_2 ---
2025-05-18 02:57:55,830 - DEBUG - [Enemigo_2] Pos ANTES update: Rect: (384, 308), Hitbox: (387, 311)
2025-05-18 02:57:55,830 - DEBUG - [Enemigo_2] Target (Jugador): (467, 315), Dist: 67.27, dx_obj: 67.00, dy_obj: -6.00
2025-05-18 02:57:55,830 - DEBUG - [Enemigo_2] Movimiento calculado: mov_x=1.49, mov_y=-0.13
2025-05-18 02:57:55,830 - DEBUG - [Enemigo_2] Pos DESPUÉS update: Rect: (385, 308), Hitbox: (388, 311)
2025-05-18 02:57:55,830 - DEBUG - --- Fin Update Enemigo_2 ---
2025-05-18 02:57:55,830 - DEBUG - --- Inicio Update Enemigo_3 ---
2025-05-18 02:57:55,830 - DEBUG - [Enemigo_3] Pos ANTES update: Rect: (371, 295), Hitbox: (374, 298)
2025-05-18 02:57:55,830 - DEBUG - [Enemigo_3] Target (Jugador): (467, 315), Dist: 80.31, dx_obj: 80.00, dy_obj: 7.00
2025-05-18 02:57:55,831 - DEBUG - [Enemigo_3] Movimiento calculado: mov_x=1.49, mov_y=0.13
2025-05-18 02:57:55,831 - DEBUG - [Enemigo_3] Pos DESPUÉS update: Rect: (372, 295), Hitbox: (375, 298)
2025-05-18 02:57:55,831 - DEBUG - --- Fin Update Enemigo_3 ---
2025-05-18 02:57:55,831 - DEBUG - --- Inicio Update Enemigo_4 ---
2025-05-18 02:57:55,831 - DEBUG - [Enemigo_4] Pos ANTES update: Rect: (381, 317), Hitbox: (384, 320)
2025-05-18 02:57:55,831 - DEBUG - [Enemigo_4] Target (Jugador): (467, 315), Dist: 71.59, dx_obj: 70.00, dy_obj: -15.00
2025-05-18 02:57:55,831 - DEBUG - [Enemigo_4] Movimiento calculado: mov_x=1.47, mov_y=-0.31
2025-05-18 02:57:55,831 - DEBUG - [Enemigo_4] Pos DESPUÉS update: Rect: (382, 317), Hitbox: (385, 320)
2025-05-18 02:57:55,832 - DEBUG - --- Fin Update Enemigo_4 ---
2025-05-18 02:57:55,832 - DEBUG - --- Inicio Update Enemigo_5 ---
2025-05-18 02:57:55,832 - DEBUG - [Enemigo_5] Pos ANTES update: Rect: (403, 277), Hitbox: (406, 280)
2025-05-18 02:57:55,832 - DEBUG - [Enemigo_5] Target (Jugador): (467, 315), Dist: 54.12, dx_obj: 48.00, dy_obj: 25.00
2025-05-18 02:57:55,832 - DEBUG - [Enemigo_5] Movimiento calculado: mov_x=1.33, mov_y=0.69
2025-05-18 02:57:55,832 - DEBUG - [Enemigo_5] Pos DESPUÉS update: Rect: (404, 278), Hitbox: (407, 281)
2025-05-18 02:57:55,832 - DEBUG - --- Fin Update Enemigo_5 ---
2025-05-18 02:57:55,832 - DEBUG - --- Inicio Update Enemigo_6 ---
2025-05-18 02:57:55,832 - DEBUG - [Enemigo_6] Pos ANTES update: Rect: (371, 295), Hitbox: (374, 298)
2025-05-18 02:57:55,833 - DEBUG - [Enemigo_6] Target (Jugador): (467, 315), Dist: 80.31, dx_obj: 80.00, dy_obj: 7.00
2025-05-18 02:57:55,833 - DEBUG - [Enemigo_6] Movimiento calculado: mov_x=1.49, mov_y=0.13
2025-05-18 02:57:55,833 - DEBUG - [Enemigo_6] Pos DESPUÉS update: Rect: (372, 295), Hitbox: (375, 298)
2025-05-18 02:57:55,833 - DEBUG - --- Fin Update Enemigo_6 ---
2025-05-18 02:57:55,841 - DEBUG - --- Inicio _mover_y_colisionar ---
2025-05-18 02:57:55,841 - DEBUG - Input: dx=3, dy=0
2025-05-18 02:57:55,842 - DEBUG - Posición ANTES de aplicar input y pre-correción: Jugador Rect: (451, 298), Jugador Hitbox: (455, 304)
2025-05-18 02:57:55,842 - DEBUG - Inicio Fase Pre-Corrección Estática
2025-05-18 02:57:55,842 - DEBUG -     --- Inicio _resolver_solapamientos_estaticos_eje (x) ---
2025-05-18 02:57:55,842 - DEBUG -       Pasada 1 de resolución estática eje x
2025-05-18 02:57:55,842 - DEBUG -       No más solapamientos estáticos detectados/resueltos en eje x en pasada 1.
2025-05-18 02:57:55,843 - DEBUG -     --- Fin _resolver_solapamientos_estaticos_eje (x) ---
2025-05-18 02:57:55,843 - DEBUG -     --- Inicio _resolver_solapamientos_estaticos_eje (y) ---
2025-05-18 02:57:55,843 - DEBUG -       Pasada 1 de resolución estática eje y
2025-05-18 02:57:55,843 - DEBUG -       No más solapamientos estáticos detectados/resueltos en eje y en pasada 1.
2025-05-18 02:57:55,843 - DEBUG -     --- Fin _resolver_solapamientos_estaticos_eje (y) ---
2025-05-18 02:57:55,843 - DEBUG - Fin Fase Pre-Corrección Estática. Posición Jugador: Rect: (451, 298), Hitbox: (455, 304)
2025-05-18 02:57:55,843 - DEBUG - Inicio Fase Movimiento y Corrección Principal
2025-05-18 02:57:55,843 - DEBUG - Estado ANTES de colisiones X con OBSTÁCULOS (post-dx y post-bordeX): Jugador Rect: (454, 298), Hitbox: (458, 304)
2025-05-18 02:57:55,843 - DEBUG - Estado ANTES de colisiones Y con OBSTÁCULOS (post-dy y post-bordeY): Jugador Rect: (454, 298), Hitbox: (458, 304). (X-coords eran Rect: (454, 298), Hitbox: (458, 304))
2025-05-18 02:57:55,844 - DEBUG - Posición FINAL en _mover_y_colisionar: Jugador Rect: (454, 298), Hitbox: (458, 304)
2025-05-18 02:57:55,844 - DEBUG - --- Fin _mover_y_colisionar ---
2025-05-18 02:57:55,844 - DEBUG - --- Inicio Update Enemigo_0 ---
2025-05-18 02:57:55,844 - DEBUG - [Enemigo_0] Pos ANTES update: Rect: (372, 295), Hitbox: (375, 298)
2025-05-18 02:57:55,844 - DEBUG - [Enemigo_0] Target (Jugador): (470, 315), Dist: 82.30, dx_obj: 82.00, dy_obj: 7.00
2025-05-18 02:57:55,844 - DEBUG - [Enemigo_0] Movimiento calculado: mov_x=1.49, mov_y=0.13
2025-05-18 02:57:55,844 - DEBUG - [Enemigo_0] Pos DESPUÉS update: Rect: (373, 295), Hitbox: (376, 298)
2025-05-18 02:57:55,844 - DEBUG - --- Fin Update Enemigo_0 ---
2025-05-18 02:57:55,845 - DEBUG - --- Inicio Update Enemigo_1 ---
2025-05-18 02:57:55,845 - DEBUG - [Enemigo_1] Pos ANTES update: Rect: (412, 288), Hitbox: (415, 291)
2025-05-18 02:57:55,845 - DEBUG - [Enemigo_1] Target (Jugador): (470, 315), Dist: 44.27, dx_obj: 42.00, dy_obj: 14.00
2025-05-18 02:57:55,845 - DEBUG - [Enemigo_1] Movimiento calculado: mov_x=1.42, mov_y=0.47
2025-05-18 02:57:55,845 - DEBUG - [Enemigo_1] Pos DESPUÉS update: Rect: (413, 288), Hitbox: (416, 291)
2025-05-18 02:57:55,845 - DEBUG - --- Fin Update Enemigo_1 ---
2025-05-18 02:57:55,845 - DEBUG - --- Inicio Update Enemigo_2 ---
2025-05-18 02:57:55,845 - DEBUG - [Enemigo_2] Pos ANTES update: Rect: (385, 308), Hitbox: (388, 311)
2025-05-18 02:57:55,845 - DEBUG - [Enemigo_2] Target (Jugador): (470, 315), Dist: 69.26, dx_obj: 69.00, dy_obj: -6.00
2025-05-18 02:57:55,846 - DEBUG - [Enemigo_2] Movimiento calculado: mov_x=1.49, mov_y=-0.13
2025-05-18 02:57:55,846 - DEBUG - [Enemigo_2] Pos DESPUÉS update: Rect: (386, 308), Hitbox: (389, 311)
2025-05-18 02:57:55,846 - DEBUG - --- Fin Update Enemigo_2 ---
2025-05-18 02:57:55,846 - DEBUG - --- Inicio Update Enemigo_3 ---
2025-05-18 02:57:55,846 - DEBUG - [Enemigo_3] Pos ANTES update: Rect: (372, 295), Hitbox: (375, 298)
2025-05-18 02:57:55,846 - DEBUG - [Enemigo_3] Target (Jugador): (470, 315), Dist: 82.30, dx_obj: 82.00, dy_obj: 7.00
2025-05-18 02:57:55,846 - DEBUG - [Enemigo_3] Movimiento calculado: mov_x=1.49, mov_y=0.13
2025-05-18 02:57:55,846 - DEBUG - [Enemigo_3] Pos DESPUÉS update: Rect: (373, 295), Hitbox: (376, 298)
2025-05-18 02:57:55,846 - DEBUG - --- Fin Update Enemigo_3 ---
2025-05-18 02:57:55,846 - DEBUG - --- Inicio Update Enemigo_4 ---
2025-05-18 02:57:55,847 - DEBUG - [Enemigo_4] Pos ANTES update: Rect: (382, 317), Hitbox: (385, 320)
2025-05-18 02:57:55,847 - DEBUG - [Enemigo_4] Target (Jugador): (470, 315), Dist: 73.55, dx_obj: 72.00, dy_obj: -15.00
2025-05-18 02:57:55,847 - DEBUG - [Enemigo_4] Movimiento calculado: mov_x=1.47, mov_y=-0.31
2025-05-18 02:57:55,847 - DEBUG - [Enemigo_4] Pos DESPUÉS update: Rect: (383, 317), Hitbox: (386, 320)
2025-05-18 02:57:55,847 - DEBUG - --- Fin Update Enemigo_4 ---
2025-05-18 02:57:55,847 - DEBUG - --- Inicio Update Enemigo_5 ---
2025-05-18 02:57:55,847 - DEBUG - [Enemigo_5] Pos ANTES update: Rect: (404, 278), Hitbox: (407, 281)
2025-05-18 02:57:55,848 - DEBUG - [Enemigo_5] Target (Jugador): (470, 315), Dist: 55.46, dx_obj: 50.00, dy_obj: 24.00
2025-05-18 02:57:55,848 - DEBUG - [Enemigo_5] Movimiento calculado: mov_x=1.35, mov_y=0.65
2025-05-18 02:57:55,848 - DEBUG - [Enemigo_5] Pos DESPUÉS update: Rect: (405, 279), Hitbox: (408, 282)
2025-05-18 02:57:55,848 - DEBUG - --- Fin Update Enemigo_5 ---
2025-05-18 02:57:55,848 - DEBUG - --- Inicio Update Enemigo_6 ---
2025-05-18 02:57:55,848 - DEBUG - [Enemigo_6] Pos ANTES update: Rect: (372, 295), Hitbox: (375, 298)
2025-05-18 02:57:55,848 - DEBUG - [Enemigo_6] Target (Jugador): (470, 315), Dist: 82.30, dx_obj: 82.00, dy_obj: 7.00
2025-05-18 02:57:55,848 - DEBUG - [Enemigo_6] Movimiento calculado: mov_x=1.49, mov_y=0.13
2025-05-18 02:57:55,849 - DEBUG - [Enemigo_6] Pos DESPUÉS update: Rect: (373, 295), Hitbox: (376, 298)
2025-05-18 02:57:55,849 - DEBUG - --- Fin Update Enemigo_6 ---
2025-05-18 02:57:55,858 - DEBUG - --- Inicio _mover_y_colisionar ---
2025-05-18 02:57:55,859 - DEBUG - Input: dx=3, dy=0
2025-05-18 02:57:55,859 - DEBUG - Posición ANTES de aplicar input y pre-correción: Jugador Rect: (454, 298), Jugador Hitbox: (458, 304)
2025-05-18 02:57:55,859 - DEBUG - Inicio Fase Pre-Corrección Estática
2025-05-18 02:57:55,859 - DEBUG -     --- Inicio _resolver_solapamientos_estaticos_eje (x) ---
2025-05-18 02:57:55,859 - DEBUG -       Pasada 1 de resolución estática eje x
2025-05-18 02:57:55,859 - DEBUG -       No más solapamientos estáticos detectados/resueltos en eje x en pasada 1.
2025-05-18 02:57:55,859 - DEBUG -     --- Fin _resolver_solapamientos_estaticos_eje (x) ---
2025-05-18 02:57:55,860 - DEBUG -     --- Inicio _resolver_solapamientos_estaticos_eje (y) ---
2025-05-18 02:57:55,860 - DEBUG -       Pasada 1 de resolución estática eje y
2025-05-18 02:57:55,860 - DEBUG -       No más solapamientos estáticos detectados/resueltos en eje y en pasada 1.
2025-05-18 02:57:55,860 - DEBUG -     --- Fin _resolver_solapamientos_estaticos_eje (y) ---
2025-05-18 02:57:55,860 - DEBUG - Fin Fase Pre-Corrección Estática. Posición Jugador: Rect: (454, 298), Hitbox: (458, 304)
2025-05-18 02:57:55,860 - DEBUG - Inicio Fase Movimiento y Corrección Principal
2025-05-18 02:57:55,860 - DEBUG - Estado ANTES de colisiones X con OBSTÁCULOS (post-dx y post-bordeX): Jugador Rect: (457, 298), Hitbox: (461, 304)
2025-05-18 02:57:55,860 - DEBUG - Estado ANTES de colisiones Y con OBSTÁCULOS (post-dy y post-bordeY): Jugador Rect: (457, 298), Hitbox: (461, 304). (X-coords eran Rect: (457, 298), Hitbox: (461, 304))
2025-05-18 02:57:55,860 - DEBUG - Posición FINAL en _mover_y_colisionar: Jugador Rect: (457, 298), Hitbox: (461, 304)
2025-05-18 02:57:55,861 - DEBUG - --- Fin _mover_y_colisionar ---
2025-05-18 02:57:55,861 - DEBUG - --- Inicio Update Enemigo_0 ---
2025-05-18 02:57:55,861 - DEBUG - [Enemigo_0] Pos ANTES update: Rect: (373, 295), Hitbox: (376, 298)
2025-05-18 02:57:55,861 - DEBUG - [Enemigo_0] Target (Jugador): (473, 315), Dist: 84.29, dx_obj: 84.00, dy_obj: 7.00
2025-05-18 02:57:55,861 - DEBUG - [Enemigo_0] Movimiento calculado: mov_x=1.49, mov_y=0.12
2025-05-18 02:57:55,861 - DEBUG - [Enemigo_0] Pos DESPUÉS update: Rect: (374, 295), Hitbox: (377, 298)
2025-05-18 02:57:55,861 - DEBUG - --- Fin Update Enemigo_0 ---
2025-05-18 02:57:55,861 - DEBUG - --- Inicio Update Enemigo_1 ---
2025-05-18 02:57:55,861 - DEBUG - [Enemigo_1] Pos ANTES update: Rect: (413, 288), Hitbox: (416, 291)
2025-05-18 02:57:55,862 - DEBUG - [Enemigo_1] Target (Jugador): (473, 315), Dist: 46.17, dx_obj: 44.00, dy_obj: 14.00
2025-05-18 02:57:55,862 - DEBUG - [Enemigo_1] Movimiento calculado: mov_x=1.43, mov_y=0.45
2025-05-18 02:57:55,862 - DEBUG - [Enemigo_1] Pos DESPUÉS update: Rect: (414, 288), Hitbox: (417, 291)
2025-05-18 02:57:55,862 - DEBUG - --- Fin Update Enemigo_1 ---
2025-05-18 02:57:55,862 - DEBUG - --- Inicio Update Enemigo_2 ---
2025-05-18 02:57:55,862 - DEBUG - [Enemigo_2] Pos ANTES update: Rect: (386, 308), Hitbox: (389, 311)
2025-05-18 02:57:55,862 - DEBUG - [Enemigo_2] Target (Jugador): (473, 315), Dist: 71.25, dx_obj: 71.00, dy_obj: -6.00
2025-05-18 02:57:55,862 - DEBUG - [Enemigo_2] Movimiento calculado: mov_x=1.49, mov_y=-0.13
2025-05-18 02:57:55,862 - DEBUG - [Enemigo_2] Pos DESPUÉS update: Rect: (387, 308), Hitbox: (390, 311)
2025-05-18 02:57:55,863 - DEBUG - --- Fin Update Enemigo_2 ---
2025-05-18 02:57:55,863 - DEBUG - --- Inicio Update Enemigo_3 ---
2025-05-18 02:57:55,863 - DEBUG - [Enemigo_3] Pos ANTES update: Rect: (373, 295), Hitbox: (376, 298)
2025-05-18 02:57:55,863 - DEBUG - [Enemigo_3] Target (Jugador): (473, 315), Dist: 84.29, dx_obj: 84.00, dy_obj: 7.00
2025-05-18 02:57:55,863 - DEBUG - [Enemigo_3] Movimiento calculado: mov_x=1.49, mov_y=0.12
2025-05-18 02:57:55,863 - DEBUG - [Enemigo_3] Pos DESPUÉS update: Rect: (374, 295), Hitbox: (377, 298)
2025-05-18 02:57:55,863 - DEBUG - --- Fin Update Enemigo_3 ---
2025-05-18 02:57:55,864 - DEBUG - --- Inicio Update Enemigo_4 ---
2025-05-18 02:57:55,864 - DEBUG - [Enemigo_4] Pos ANTES update: Rect: (383, 317), Hitbox: (386, 320)
2025-05-18 02:57:55,864 - DEBUG - [Enemigo_4] Target (Jugador): (473, 315), Dist: 75.50, dx_obj: 74.00, dy_obj: -15.00
2025-05-18 02:57:55,864 - DEBUG - [Enemigo_4] Movimiento calculado: mov_x=1.47, mov_y=-0.30
2025-05-18 02:57:55,864 - DEBUG - [Enemigo_4] Pos DESPUÉS update: Rect: (384, 317), Hitbox: (387, 320)
2025-05-18 02:57:55,864 - DEBUG - --- Fin Update Enemigo_4 ---
2025-05-18 02:57:55,864 - DEBUG - --- Inicio Update Enemigo_5 ---
2025-05-18 02:57:55,864 - DEBUG - [Enemigo_5] Pos ANTES update: Rect: (405, 279), Hitbox: (408, 282)
2025-05-18 02:57:55,865 - DEBUG - [Enemigo_5] Target (Jugador): (473, 315), Dist: 56.86, dx_obj: 52.00, dy_obj: 23.00
2025-05-18 02:57:55,865 - DEBUG - [Enemigo_5] Movimiento calculado: mov_x=1.37, mov_y=0.61
2025-05-18 02:57:55,865 - DEBUG - [Enemigo_5] Pos DESPUÉS update: Rect: (406, 280), Hitbox: (409, 283)
2025-05-18 02:57:55,865 - DEBUG - --- Fin Update Enemigo_5 ---
2025-05-18 02:57:55,865 - DEBUG - --- Inicio Update Enemigo_6 ---
2025-05-18 02:57:55,865 - DEBUG - [Enemigo_6] Pos ANTES update: Rect: (373, 295), Hitbox: (376, 298)
2025-05-18 02:57:55,865 - DEBUG - [Enemigo_6] Target (Jugador): (473, 315), Dist: 84.29, dx_obj: 84.00, dy_obj: 7.00
2025-05-18 02:57:55,865 - DEBUG - [Enemigo_6] Movimiento calculado: mov_x=1.49, mov_y=0.12
2025-05-18 02:57:55,865 - DEBUG - [Enemigo_6] Pos DESPUÉS update: Rect: (374, 295), Hitbox: (377, 298)
2025-05-18 02:57:55,866 - DEBUG - --- Fin Update Enemigo_6 ---
2025-05-18 02:57:55,875 - DEBUG - --- Inicio _mover_y_colisionar ---
2025-05-18 02:57:55,875 - DEBUG - Input: dx=3, dy=0
2025-05-18 02:57:55,875 - DEBUG - Posición ANTES de aplicar input y pre-correción: Jugador Rect: (457, 298), Jugador Hitbox: (461, 304)
2025-05-18 02:57:55,876 - DEBUG - Inicio Fase Pre-Corrección Estática
2025-05-18 02:57:55,876 - DEBUG -     --- Inicio _resolver_solapamientos_estaticos_eje (x) ---
2025-05-18 02:57:55,876 - DEBUG -       Pasada 1 de resolución estática eje x
2025-05-18 02:57:55,876 - DEBUG -       No más solapamientos estáticos detectados/resueltos en eje x en pasada 1.
2025-05-18 02:57:55,876 - DEBUG -     --- Fin _resolver_solapamientos_estaticos_eje (x) ---
2025-05-18 02:57:55,876 - DEBUG -     --- Inicio _resolver_solapamientos_estaticos_eje (y) ---
2025-05-18 02:57:55,876 - DEBUG -       Pasada 1 de resolución estática eje y
2025-05-18 02:57:55,876 - DEBUG -       No más solapamientos estáticos detectados/resueltos en eje y en pasada 1.
2025-05-18 02:57:55,877 - DEBUG -     --- Fin _resolver_solapamientos_estaticos_eje (y) ---
2025-05-18 02:57:55,877 - DEBUG - Fin Fase Pre-Corrección Estática. Posición Jugador: Rect: (457, 298), Hitbox: (461, 304)
2025-05-18 02:57:55,877 - DEBUG - Inicio Fase Movimiento y Corrección Principal
2025-05-18 02:57:55,877 - DEBUG - Estado ANTES de colisiones X con OBSTÁCULOS (post-dx y post-bordeX): Jugador Rect: (460, 298), Hitbox: (464, 304)
2025-05-18 02:57:55,877 - DEBUG - Estado ANTES de colisiones Y con OBSTÁCULOS (post-dy y post-bordeY): Jugador Rect: (460, 298), Hitbox: (464, 304). (X-coords eran Rect: (460, 298), Hitbox: (464, 304))
2025-05-18 02:57:55,877 - DEBUG - Posición FINAL en _mover_y_colisionar: Jugador Rect: (460, 298), Hitbox: (464, 304)
2025-05-18 02:57:55,878 - DEBUG - --- Fin _mover_y_colisionar ---
2025-05-18 02:57:55,878 - DEBUG - --- Inicio Update Enemigo_0 ---
2025-05-18 02:57:55,878 - DEBUG - [Enemigo_0] Pos ANTES update: Rect: (374, 295), Hitbox: (377, 298)
2025-05-18 02:57:55,878 - DEBUG - [Enemigo_0] Target (Jugador): (476, 315), Dist: 86.28, dx_obj: 86.00, dy_obj: 7.00
2025-05-18 02:57:55,878 - DEBUG - [Enemigo_0] Movimiento calculado: mov_x=1.50, mov_y=0.12
2025-05-18 02:57:55,878 - DEBUG - [Enemigo_0] Pos DESPUÉS update: Rect: (375, 295), Hitbox: (378, 298)
2025-05-18 02:57:55,878 - DEBUG - --- Fin Update Enemigo_0 ---
2025-05-18 02:57:55,878 - DEBUG - --- Inicio Update Enemigo_1 ---
2025-05-18 02:57:55,878 - DEBUG - [Enemigo_1] Pos ANTES update: Rect: (414, 288), Hitbox: (417, 291)
2025-05-18 02:57:55,879 - DEBUG - [Enemigo_1] Target (Jugador): (476, 315), Dist: 48.08, dx_obj: 46.00, dy_obj: 14.00
2025-05-18 02:57:55,879 - DEBUG - [Enemigo_1] Movimiento calculado: mov_x=1.44, mov_y=0.44
2025-05-18 02:57:55,879 - DEBUG - [Enemigo_1] Pos DESPUÉS update: Rect: (415, 288), Hitbox: (418, 291)
2025-05-18 02:57:55,879 - DEBUG - --- Fin Update Enemigo_1 ---
2025-05-18 02:57:55,879 - DEBUG - --- Inicio Update Enemigo_2 ---
2025-05-18 02:57:55,879 - DEBUG - [Enemigo_2] Pos ANTES update: Rect: (387, 308), Hitbox: (390, 311)
2025-05-18 02:57:55,879 - DEBUG - [Enemigo_2] Target (Jugador): (476, 315), Dist: 73.25, dx_obj: 73.00, dy_obj: -6.00
2025-05-18 02:57:55,879 - DEBUG - [Enemigo_2] Movimiento calculado: mov_x=1.49, mov_y=-0.12
2025-05-18 02:57:55,879 - DEBUG - [Enemigo_2] Pos DESPUÉS update: Rect: (388, 308), Hitbox: (391, 311)
2025-05-18 02:57:55,880 - DEBUG - --- Fin Update Enemigo_2 ---
2025-05-18 02:57:55,880 - DEBUG - --- Inicio Update Enemigo_3 ---
2025-05-18 02:57:55,880 - DEBUG - [Enemigo_3] Pos ANTES update: Rect: (374, 295), Hitbox: (377, 298)
2025-05-18 02:57:55,880 - DEBUG - [Enemigo_3] Target (Jugador): (476, 315), Dist: 86.28, dx_obj: 86.00, dy_obj: 7.00
2025-05-18 02:57:55,880 - DEBUG - [Enemigo_3] Movimiento calculado: mov_x=1.50, mov_y=0.12
2025-05-18 02:57:55,880 - DEBUG - [Enemigo_3] Pos DESPUÉS update: Rect: (375, 295), Hitbox: (378, 298)
2025-05-18 02:57:55,880 - DEBUG - --- Fin Update Enemigo_3 ---
2025-05-18 02:57:55,880 - DEBUG - --- Inicio Update Enemigo_4 ---
2025-05-18 02:57:55,880 - DEBUG - [Enemigo_4] Pos ANTES update: Rect: (384, 317), Hitbox: (387, 320)
2025-05-18 02:57:55,881 - DEBUG - [Enemigo_4] Target (Jugador): (476, 315), Dist: 77.47, dx_obj: 76.00, dy_obj: -15.00
2025-05-18 02:57:55,881 - DEBUG - [Enemigo_4] Movimiento calculado: mov_x=1.47, mov_y=-0.29
2025-05-18 02:57:55,881 - DEBUG - [Enemigo_4] Pos DESPUÉS update: Rect: (385, 317), Hitbox: (388, 320)
2025-05-18 02:57:55,881 - DEBUG - --- Fin Update Enemigo_4 ---
2025-05-18 02:57:55,881 - DEBUG - --- Inicio Update Enemigo_5 ---
2025-05-18 02:57:55,881 - DEBUG - [Enemigo_5] Pos ANTES update: Rect: (406, 280), Hitbox: (409, 283)
2025-05-18 02:57:55,881 - DEBUG - [Enemigo_5] Target (Jugador): (476, 315), Dist: 58.31, dx_obj: 54.00, dy_obj: 22.00
2025-05-18 02:57:55,882 - DEBUG - [Enemigo_5] Movimiento calculado: mov_x=1.39, mov_y=0.57
2025-05-18 02:57:55,882 - DEBUG - [Enemigo_5] Pos DESPUÉS update: Rect: (407, 281), Hitbox: (410, 284)
2025-05-18 02:57:55,882 - DEBUG - --- Fin Update Enemigo_5 ---
2025-05-18 02:57:55,882 - DEBUG - --- Inicio Update Enemigo_6 ---
2025-05-18 02:57:55,882 - DEBUG - [Enemigo_6] Pos ANTES update: Rect: (374, 295), Hitbox: (377, 298)
2025-05-18 02:57:55,882 - DEBUG - [Enemigo_6] Target (Jugador): (476, 315), Dist: 86.28, dx_obj: 86.00, dy_obj: 7.00
2025-05-18 02:57:55,882 - DEBUG - [Enemigo_6] Movimiento calculado: mov_x=1.50, mov_y=0.12
2025-05-18 02:57:55,882 - DEBUG - [Enemigo_6] Pos DESPUÉS update: Rect: (375, 295), Hitbox: (378, 298)
2025-05-18 02:57:55,882 - DEBUG - --- Fin Update Enemigo_6 ---
2025-05-18 02:57:55,891 - DEBUG - --- Inicio _mover_y_colisionar ---
2025-05-18 02:57:55,892 - DEBUG - Input: dx=3, dy=0
2025-05-18 02:57:55,892 - DEBUG - Posición ANTES de aplicar input y pre-correción: Jugador Rect: (460, 298), Jugador Hitbox: (464, 304)
2025-05-18 02:57:55,892 - DEBUG - Inicio Fase Pre-Corrección Estática
2025-05-18 02:57:55,892 - DEBUG -     --- Inicio _resolver_solapamientos_estaticos_eje (x) ---
2025-05-18 02:57:55,892 - DEBUG -       Pasada 1 de resolución estática eje x
2025-05-18 02:57:55,892 - DEBUG -       No más solapamientos estáticos detectados/resueltos en eje x en pasada 1.
2025-05-18 02:57:55,893 - DEBUG -     --- Fin _resolver_solapamientos_estaticos_eje (x) ---
2025-05-18 02:57:55,893 - DEBUG -     --- Inicio _resolver_solapamientos_estaticos_eje (y) ---
2025-05-18 02:57:55,893 - DEBUG -       Pasada 1 de resolución estática eje y
2025-05-18 02:57:55,893 - DEBUG -       No más solapamientos estáticos detectados/resueltos en eje y en pasada 1.
2025-05-18 02:57:55,893 - DEBUG -     --- Fin _resolver_solapamientos_estaticos_eje (y) ---
2025-05-18 02:57:55,893 - DEBUG - Fin Fase Pre-Corrección Estática. Posición Jugador: Rect: (460, 298), Hitbox: (464, 304)
2025-05-18 02:57:55,893 - DEBUG - Inicio Fase Movimiento y Corrección Principal
2025-05-18 02:57:55,893 - DEBUG - Estado ANTES de colisiones X con OBSTÁCULOS (post-dx y post-bordeX): Jugador Rect: (463, 298), Hitbox: (467, 304)
2025-05-18 02:57:55,894 - DEBUG - Estado ANTES de colisiones Y con OBSTÁCULOS (post-dy y post-bordeY): Jugador Rect: (463, 298), Hitbox: (467, 304). (X-coords eran Rect: (463, 298), Hitbox: (467, 304))
2025-05-18 02:57:55,894 - DEBUG - Posición FINAL en _mover_y_colisionar: Jugador Rect: (463, 298), Hitbox: (467, 304)
2025-05-18 02:57:55,894 - DEBUG - --- Fin _mover_y_colisionar ---
2025-05-18 02:57:55,894 - DEBUG - --- Inicio Update Enemigo_0 ---
2025-05-18 02:57:55,894 - DEBUG - [Enemigo_0] Pos ANTES update: Rect: (375, 295), Hitbox: (378, 298)
2025-05-18 02:57:55,894 - DEBUG - [Enemigo_0] Target (Jugador): (479, 315), Dist: 88.28, dx_obj: 88.00, dy_obj: 7.00
2025-05-18 02:57:55,894 - DEBUG - [Enemigo_0] Movimiento calculado: mov_x=1.50, mov_y=0.12
2025-05-18 02:57:55,895 - DEBUG - [Enemigo_0] Pos DESPUÉS update: Rect: (376, 295), Hitbox: (379, 298)
2025-05-18 02:57:55,895 - DEBUG - --- Fin Update Enemigo_0 ---
2025-05-18 02:57:55,895 - DEBUG - --- Inicio Update Enemigo_1 ---
2025-05-18 02:57:55,895 - DEBUG - [Enemigo_1] Pos ANTES update: Rect: (415, 288), Hitbox: (418, 291)
2025-05-18 02:57:55,895 - DEBUG - [Enemigo_1] Target (Jugador): (479, 315), Dist: 50.00, dx_obj: 48.00, dy_obj: 14.00
2025-05-18 02:57:55,895 - DEBUG - [Enemigo_1] Movimiento calculado: mov_x=1.44, mov_y=0.42
2025-05-18 02:57:55,895 - DEBUG - [Enemigo_1] Pos DESPUÉS update: Rect: (416, 288), Hitbox: (419, 291)
2025-05-18 02:57:55,895 - DEBUG - --- Fin Update Enemigo_1 ---
2025-05-18 02:57:55,896 - DEBUG - --- Inicio Update Enemigo_2 ---
2025-05-18 02:57:55,896 - DEBUG - [Enemigo_2] Pos ANTES update: Rect: (388, 308), Hitbox: (391, 311)
2025-05-18 02:57:55,896 - DEBUG - [Enemigo_2] Target (Jugador): (479, 315), Dist: 75.24, dx_obj: 75.00, dy_obj: -6.00
2025-05-18 02:57:55,896 - DEBUG - [Enemigo_2] Movimiento calculado: mov_x=1.50, mov_y=-0.12
2025-05-18 02:57:55,896 - DEBUG - [Enemigo_2] Pos DESPUÉS update: Rect: (389, 308), Hitbox: (392, 311)
2025-05-18 02:57:55,896 - DEBUG - --- Fin Update Enemigo_2 ---
2025-05-18 02:57:55,896 - DEBUG - --- Inicio Update Enemigo_3 ---
2025-05-18 02:57:55,896 - DEBUG - [Enemigo_3] Pos ANTES update: Rect: (375, 295), Hitbox: (378, 298)
2025-05-18 02:57:55,896 - DEBUG - [Enemigo_3] Target (Jugador): (479, 315), Dist: 88.28, dx_obj: 88.00, dy_obj: 7.00
2025-05-18 02:57:55,897 - DEBUG - [Enemigo_3] Movimiento calculado: mov_x=1.50, mov_y=0.12
2025-05-18 02:57:55,897 - DEBUG - [Enemigo_3] Pos DESPUÉS update: Rect: (376, 295), Hitbox: (379, 298)
2025-05-18 02:57:55,897 - DEBUG - --- Fin Update Enemigo_3 ---
2025-05-18 02:57:55,897 - DEBUG - --- Inicio Update Enemigo_4 ---
2025-05-18 02:57:55,897 - DEBUG - [Enemigo_4] Pos ANTES update: Rect: (385, 317), Hitbox: (388, 320)
2025-05-18 02:57:55,897 - DEBUG - [Enemigo_4] Target (Jugador): (479, 315), Dist: 79.43, dx_obj: 78.00, dy_obj: -15.00
2025-05-18 02:57:55,897 - DEBUG - [Enemigo_4] Movimiento calculado: mov_x=1.47, mov_y=-0.28
2025-05-18 02:57:55,897 - DEBUG - [Enemigo_4] Pos DESPUÉS update: Rect: (386, 317), Hitbox: (389, 320)
2025-05-18 02:57:55,898 - DEBUG - --- Fin Update Enemigo_4 ---
2025-05-18 02:57:55,898 - DEBUG - --- Inicio Update Enemigo_5 ---
2025-05-18 02:57:55,898 - DEBUG - [Enemigo_5] Pos ANTES update: Rect: (407, 281), Hitbox: (410, 284)
2025-05-18 02:57:55,898 - DEBUG - [Enemigo_5] Target (Jugador): (479, 315), Dist: 59.81, dx_obj: 56.00, dy_obj: 21.00
2025-05-18 02:57:55,898 - DEBUG - [Enemigo_5] Movimiento calculado: mov_x=1.40, mov_y=0.53
2025-05-18 02:57:55,898 - DEBUG - [Enemigo_5] Pos DESPUÉS update: Rect: (408, 282), Hitbox: (411, 285)
2025-05-18 02:57:55,898 - DEBUG - --- Fin Update Enemigo_5 ---
2025-05-18 02:57:55,898 - DEBUG - --- Inicio Update Enemigo_6 ---
2025-05-18 02:57:55,898 - DEBUG - [Enemigo_6] Pos ANTES update: Rect: (375, 295), Hitbox: (378, 298)
2025-05-18 02:57:55,899 - DEBUG - [Enemigo_6] Target (Jugador): (479, 315), Dist: 88.28, dx_obj: 88.00, dy_obj: 7.00
2025-05-18 02:57:55,899 - DEBUG - [Enemigo_6] Movimiento calculado: mov_x=1.50, mov_y=0.12
2025-05-18 02:57:55,899 - DEBUG - [Enemigo_6] Pos DESPUÉS update: Rect: (376, 295), Hitbox: (379, 298)
2025-05-18 02:57:55,899 - DEBUG - --- Fin Update Enemigo_6 ---
2025-05-18 02:57:55,907 - DEBUG - --- Inicio _mover_y_colisionar ---
2025-05-18 02:57:55,908 - DEBUG - Input: dx=3, dy=0
2025-05-18 02:57:55,908 - DEBUG - Posición ANTES de aplicar input y pre-correción: Jugador Rect: (463, 298), Jugador Hitbox: (467, 304)
2025-05-18 02:57:55,908 - DEBUG - Inicio Fase Pre-Corrección Estática
2025-05-18 02:57:55,908 - DEBUG -     --- Inicio _resolver_solapamientos_estaticos_eje (x) ---
2025-05-18 02:57:55,908 - DEBUG -       Pasada 1 de resolución estática eje x
2025-05-18 02:57:55,908 - DEBUG -       No más solapamientos estáticos detectados/resueltos en eje x en pasada 1.
2025-05-18 02:57:55,908 - DEBUG -     --- Fin _resolver_solapamientos_estaticos_eje (x) ---
2025-05-18 02:57:55,909 - DEBUG -     --- Inicio _resolver_solapamientos_estaticos_eje (y) ---
2025-05-18 02:57:55,909 - DEBUG -       Pasada 1 de resolución estática eje y
2025-05-18 02:57:55,909 - DEBUG -       No más solapamientos estáticos detectados/resueltos en eje y en pasada 1.
2025-05-18 02:57:55,909 - DEBUG -     --- Fin _resolver_solapamientos_estaticos_eje (y) ---
2025-05-18 02:57:55,909 - DEBUG - Fin Fase Pre-Corrección Estática. Posición Jugador: Rect: (463, 298), Hitbox: (467, 304)
2025-05-18 02:57:55,909 - DEBUG - Inicio Fase Movimiento y Corrección Principal
2025-05-18 02:57:55,909 - DEBUG - Estado ANTES de colisiones X con OBSTÁCULOS (post-dx y post-bordeX): Jugador Rect: (466, 298), Hitbox: (470, 304)
2025-05-18 02:57:55,909 - DEBUG - Estado ANTES de colisiones Y con OBSTÁCULOS (post-dy y post-bordeY): Jugador Rect: (466, 298), Hitbox: (470, 304). (X-coords eran Rect: (466, 298), Hitbox: (470, 304))
2025-05-18 02:57:55,910 - DEBUG - Posición FINAL en _mover_y_colisionar: Jugador Rect: (466, 298), Hitbox: (470, 304)
2025-05-18 02:57:55,910 - DEBUG - --- Fin _mover_y_colisionar ---
2025-05-18 02:57:55,910 - DEBUG - --- Inicio Update Enemigo_0 ---
2025-05-18 02:57:55,910 - DEBUG - [Enemigo_0] Pos ANTES update: Rect: (376, 295), Hitbox: (379, 298)
2025-05-18 02:57:55,910 - DEBUG - [Enemigo_0] Target (Jugador): (482, 315), Dist: 90.27, dx_obj: 90.00, dy_obj: 7.00
2025-05-18 02:57:55,910 - DEBUG - [Enemigo_0] Movimiento calculado: mov_x=1.50, mov_y=0.12
2025-05-18 02:57:55,910 - DEBUG - [Enemigo_0] Pos DESPUÉS update: Rect: (377, 295), Hitbox: (380, 298)
2025-05-18 02:57:55,910 - DEBUG - --- Fin Update Enemigo_0 ---
2025-05-18 02:57:55,911 - DEBUG - --- Inicio Update Enemigo_1 ---
2025-05-18 02:57:55,911 - DEBUG - [Enemigo_1] Pos ANTES update: Rect: (416, 288), Hitbox: (419, 291)
2025-05-18 02:57:55,911 - DEBUG - [Enemigo_1] Target (Jugador): (482, 315), Dist: 51.92, dx_obj: 50.00, dy_obj: 14.00
2025-05-18 02:57:55,911 - DEBUG - [Enemigo_1] Movimiento calculado: mov_x=1.44, mov_y=0.40
2025-05-18 02:57:55,911 - DEBUG - [Enemigo_1] Pos DESPUÉS update: Rect: (417, 288), Hitbox: (420, 291)
2025-05-18 02:57:55,911 - DEBUG - --- Fin Update Enemigo_1 ---
2025-05-18 02:57:55,911 - DEBUG - --- Inicio Update Enemigo_2 ---
2025-05-18 02:57:55,911 - DEBUG - [Enemigo_2] Pos ANTES update: Rect: (389, 308), Hitbox: (392, 311)
2025-05-18 02:57:55,911 - DEBUG - [Enemigo_2] Target (Jugador): (482, 315), Dist: 77.23, dx_obj: 77.00, dy_obj: -6.00
2025-05-18 02:57:55,911 - DEBUG - [Enemigo_2] Movimiento calculado: mov_x=1.50, mov_y=-0.12
2025-05-18 02:57:55,912 - DEBUG - [Enemigo_2] Pos DESPUÉS update: Rect: (390, 308), Hitbox: (393, 311)
2025-05-18 02:57:55,912 - DEBUG - --- Fin Update Enemigo_2 ---
2025-05-18 02:57:55,912 - DEBUG - --- Inicio Update Enemigo_3 ---
2025-05-18 02:57:55,912 - DEBUG - [Enemigo_3] Pos ANTES update: Rect: (376, 295), Hitbox: (379, 298)
2025-05-18 02:57:55,912 - DEBUG - [Enemigo_3] Target (Jugador): (482, 315), Dist: 90.27, dx_obj: 90.00, dy_obj: 7.00
2025-05-18 02:57:55,912 - DEBUG - [Enemigo_3] Movimiento calculado: mov_x=1.50, mov_y=0.12
2025-05-18 02:57:55,912 - DEBUG - [Enemigo_3] Pos DESPUÉS update: Rect: (377, 295), Hitbox: (380, 298)
2025-05-18 02:57:55,912 - DEBUG - --- Fin Update Enemigo_3 ---
2025-05-18 02:57:55,912 - DEBUG - --- Inicio Update Enemigo_4 ---
2025-05-18 02:57:55,913 - DEBUG - [Enemigo_4] Pos ANTES update: Rect: (386, 317), Hitbox: (389, 320)
2025-05-18 02:57:55,913 - DEBUG - [Enemigo_4] Target (Jugador): (482, 315), Dist: 81.39, dx_obj: 80.00, dy_obj: -15.00
2025-05-18 02:57:55,913 - DEBUG - [Enemigo_4] Movimiento calculado: mov_x=1.47, mov_y=-0.28
2025-05-18 02:57:55,913 - DEBUG - [Enemigo_4] Pos DESPUÉS update: Rect: (387, 317), Hitbox: (390, 320)
2025-05-18 02:57:55,913 - DEBUG - --- Fin Update Enemigo_4 ---
2025-05-18 02:57:55,913 - DEBUG - --- Inicio Update Enemigo_5 ---
2025-05-18 02:57:55,913 - DEBUG - [Enemigo_5] Pos ANTES update: Rect: (408, 282), Hitbox: (411, 285)
2025-05-18 02:57:55,913 - DEBUG - [Enemigo_5] Target (Jugador): (482, 315), Dist: 61.35, dx_obj: 58.00, dy_obj: 20.00
2025-05-18 02:57:55,914 - DEBUG - [Enemigo_5] Movimiento calculado: mov_x=1.42, mov_y=0.49
2025-05-18 02:57:55,914 - DEBUG - [Enemigo_5] Pos DESPUÉS update: Rect: (409, 282), Hitbox: (412, 285)
2025-05-18 02:57:55,914 - DEBUG - --- Fin Update Enemigo_5 ---
2025-05-18 02:57:55,914 - DEBUG - --- Inicio Update Enemigo_6 ---
2025-05-18 02:57:55,914 - DEBUG - [Enemigo_6] Pos ANTES update: Rect: (376, 295), Hitbox: (379, 298)
2025-05-18 02:57:55,914 - DEBUG - [Enemigo_6] Target (Jugador): (482, 315), Dist: 90.27, dx_obj: 90.00, dy_obj: 7.00
2025-05-18 02:57:55,914 - DEBUG - [Enemigo_6] Movimiento calculado: mov_x=1.50, mov_y=0.12
2025-05-18 02:57:55,915 - DEBUG - [Enemigo_6] Pos DESPUÉS update: Rect: (377, 295), Hitbox: (380, 298)
2025-05-18 02:57:55,915 - DEBUG - --- Fin Update Enemigo_6 ---
2025-05-18 02:57:55,925 - DEBUG - --- Inicio _mover_y_colisionar ---
2025-05-18 02:57:55,925 - DEBUG - Input: dx=3, dy=0
2025-05-18 02:57:55,925 - DEBUG - Posición ANTES de aplicar input y pre-correción: Jugador Rect: (466, 298), Jugador Hitbox: (470, 304)
2025-05-18 02:57:55,926 - DEBUG - Inicio Fase Pre-Corrección Estática
2025-05-18 02:57:55,926 - DEBUG -     --- Inicio _resolver_solapamientos_estaticos_eje (x) ---
2025-05-18 02:57:55,926 - DEBUG -       Pasada 1 de resolución estática eje x
2025-05-18 02:57:55,926 - DEBUG -       No más solapamientos estáticos detectados/resueltos en eje x en pasada 1.
2025-05-18 02:57:55,926 - DEBUG -     --- Fin _resolver_solapamientos_estaticos_eje (x) ---
2025-05-18 02:57:55,926 - DEBUG -     --- Inicio _resolver_solapamientos_estaticos_eje (y) ---
2025-05-18 02:57:55,926 - DEBUG -       Pasada 1 de resolución estática eje y
2025-05-18 02:57:55,926 - DEBUG -       No más solapamientos estáticos detectados/resueltos en eje y en pasada 1.
2025-05-18 02:57:55,927 - DEBUG -     --- Fin _resolver_solapamientos_estaticos_eje (y) ---
2025-05-18 02:57:55,927 - DEBUG - Fin Fase Pre-Corrección Estática. Posición Jugador: Rect: (466, 298), Hitbox: (470, 304)
2025-05-18 02:57:55,927 - DEBUG - Inicio Fase Movimiento y Corrección Principal
2025-05-18 02:57:55,927 - DEBUG - Estado ANTES de colisiones X con OBSTÁCULOS (post-dx y post-bordeX): Jugador Rect: (469, 298), Hitbox: (473, 304)
2025-05-18 02:57:55,927 - DEBUG - Estado ANTES de colisiones Y con OBSTÁCULOS (post-dy y post-bordeY): Jugador Rect: (469, 298), Hitbox: (473, 304). (X-coords eran Rect: (469, 298), Hitbox: (473, 304))
2025-05-18 02:57:55,927 - DEBUG - Posición FINAL en _mover_y_colisionar: Jugador Rect: (469, 298), Hitbox: (473, 304)
2025-05-18 02:57:55,928 - DEBUG - --- Fin _mover_y_colisionar ---
2025-05-18 02:57:55,928 - DEBUG - --- Inicio Update Enemigo_0 ---
2025-05-18 02:57:55,928 - DEBUG - [Enemigo_0] Pos ANTES update: Rect: (377, 295), Hitbox: (380, 298)
2025-05-18 02:57:55,928 - DEBUG - [Enemigo_0] Target (Jugador): (485, 315), Dist: 92.27, dx_obj: 92.00, dy_obj: 7.00
2025-05-18 02:57:55,928 - DEBUG - [Enemigo_0] Movimiento calculado: mov_x=1.50, mov_y=0.11
2025-05-18 02:57:55,928 - DEBUG - [Enemigo_0] Pos DESPUÉS update: Rect: (378, 295), Hitbox: (381, 298)
2025-05-18 02:57:55,928 - DEBUG - --- Fin Update Enemigo_0 ---
2025-05-18 02:57:55,928 - DEBUG - --- Inicio Update Enemigo_1 ---
2025-05-18 02:57:55,928 - DEBUG - [Enemigo_1] Pos ANTES update: Rect: (417, 288), Hitbox: (420, 291)
2025-05-18 02:57:55,929 - DEBUG - [Enemigo_1] Target (Jugador): (485, 315), Dist: 53.85, dx_obj: 52.00, dy_obj: 14.00
2025-05-18 02:57:55,929 - DEBUG - [Enemigo_1] Movimiento calculado: mov_x=1.45, mov_y=0.39
2025-05-18 02:57:55,929 - DEBUG - [Enemigo_1] Pos DESPUÉS update: Rect: (418, 288), Hitbox: (421, 291)
2025-05-18 02:57:55,929 - DEBUG - --- Fin Update Enemigo_1 ---
2025-05-18 02:57:55,929 - DEBUG - --- Inicio Update Enemigo_2 ---
2025-05-18 02:57:55,929 - DEBUG - [Enemigo_2] Pos ANTES update: Rect: (390, 308), Hitbox: (393, 311)
2025-05-18 02:57:55,929 - DEBUG - [Enemigo_2] Target (Jugador): (485, 315), Dist: 79.23, dx_obj: 79.00, dy_obj: -6.00
2025-05-18 02:57:55,929 - DEBUG - [Enemigo_2] Movimiento calculado: mov_x=1.50, mov_y=-0.11
2025-05-18 02:57:55,929 - DEBUG - [Enemigo_2] Pos DESPUÉS update: Rect: (391, 308), Hitbox: (394, 311)
2025-05-18 02:57:55,930 - DEBUG - --- Fin Update Enemigo_2 ---
2025-05-18 02:57:55,930 - DEBUG - --- Inicio Update Enemigo_3 ---
2025-05-18 02:57:55,930 - DEBUG - [Enemigo_3] Pos ANTES update: Rect: (377, 295), Hitbox: (380, 298)
2025-05-18 02:57:55,930 - DEBUG - [Enemigo_3] Target (Jugador): (485, 315), Dist: 92.27, dx_obj: 92.00, dy_obj: 7.00
2025-05-18 02:57:55,930 - DEBUG - [Enemigo_3] Movimiento calculado: mov_x=1.50, mov_y=0.11
2025-05-18 02:57:55,930 - DEBUG - [Enemigo_3] Pos DESPUÉS update: Rect: (378, 295), Hitbox: (381, 298)
2025-05-18 02:57:55,930 - DEBUG - --- Fin Update Enemigo_3 ---
2025-05-18 02:57:55,930 - DEBUG - --- Inicio Update Enemigo_4 ---
2025-05-18 02:57:55,930 - DEBUG - [Enemigo_4] Pos ANTES update: Rect: (387, 317), Hitbox: (390, 320)
2025-05-18 02:57:55,931 - DEBUG - [Enemigo_4] Target (Jugador): (485, 315), Dist: 83.36, dx_obj: 82.00, dy_obj: -15.00
2025-05-18 02:57:55,931 - DEBUG - [Enemigo_4] Movimiento calculado: mov_x=1.48, mov_y=-0.27
2025-05-18 02:57:55,931 - DEBUG - [Enemigo_4] Pos DESPUÉS update: Rect: (388, 317), Hitbox: (391, 320)
2025-05-18 02:57:55,931 - DEBUG - --- Fin Update Enemigo_4 ---
2025-05-18 02:57:55,931 - DEBUG - --- Inicio Update Enemigo_5 ---
2025-05-18 02:57:55,931 - DEBUG - [Enemigo_5] Pos ANTES update: Rect: (409, 282), Hitbox: (412, 285)
2025-05-18 02:57:55,931 - DEBUG - [Enemigo_5] Target (Jugador): (485, 315), Dist: 63.25, dx_obj: 60.00, dy_obj: 20.00
2025-05-18 02:57:55,932 - DEBUG - [Enemigo_5] Movimiento calculado: mov_x=1.42, mov_y=0.47
2025-05-18 02:57:55,932 - DEBUG - [Enemigo_5] Pos DESPUÉS update: Rect: (410, 282), Hitbox: (413, 285)
2025-05-18 02:57:55,932 - DEBUG - --- Fin Update Enemigo_5 ---
2025-05-18 02:57:55,932 - DEBUG - --- Inicio Update Enemigo_6 ---
2025-05-18 02:57:55,932 - DEBUG - [Enemigo_6] Pos ANTES update: Rect: (377, 295), Hitbox: (380, 298)
2025-05-18 02:57:55,932 - DEBUG - [Enemigo_6] Target (Jugador): (485, 315), Dist: 92.27, dx_obj: 92.00, dy_obj: 7.00
2025-05-18 02:57:55,932 - DEBUG - [Enemigo_6] Movimiento calculado: mov_x=1.50, mov_y=0.11
2025-05-18 02:57:55,932 - DEBUG - [Enemigo_6] Pos DESPUÉS update: Rect: (378, 295), Hitbox: (381, 298)
2025-05-18 02:57:55,933 - DEBUG - --- Fin Update Enemigo_6 ---
2025-05-18 02:57:55,942 - DEBUG - --- Inicio _mover_y_colisionar ---
2025-05-18 02:57:55,942 - DEBUG - Input: dx=3, dy=0
2025-05-18 02:57:55,942 - DEBUG - Posición ANTES de aplicar input y pre-correción: Jugador Rect: (469, 298), Jugador Hitbox: (473, 304)
2025-05-18 02:57:55,942 - DEBUG - Inicio Fase Pre-Corrección Estática
2025-05-18 02:57:55,942 - DEBUG -     --- Inicio _resolver_solapamientos_estaticos_eje (x) ---
2025-05-18 02:57:55,943 - DEBUG -       Pasada 1 de resolución estática eje x
2025-05-18 02:57:55,943 - DEBUG -       No más solapamientos estáticos detectados/resueltos en eje x en pasada 1.
2025-05-18 02:57:55,943 - DEBUG -     --- Fin _resolver_solapamientos_estaticos_eje (x) ---
2025-05-18 02:57:55,943 - DEBUG -     --- Inicio _resolver_solapamientos_estaticos_eje (y) ---
2025-05-18 02:57:55,943 - DEBUG -       Pasada 1 de resolución estática eje y
2025-05-18 02:57:55,943 - DEBUG -       No más solapamientos estáticos detectados/resueltos en eje y en pasada 1.
2025-05-18 02:57:55,943 - DEBUG -     --- Fin _resolver_solapamientos_estaticos_eje (y) ---
2025-05-18 02:57:55,943 - DEBUG - Fin Fase Pre-Corrección Estática. Posición Jugador: Rect: (469, 298), Hitbox: (473, 304)
2025-05-18 02:57:55,943 - DEBUG - Inicio Fase Movimiento y Corrección Principal
2025-05-18 02:57:55,944 - DEBUG - Estado ANTES de colisiones X con OBSTÁCULOS (post-dx y post-bordeX): Jugador Rect: (472, 298), Hitbox: (476, 304)
2025-05-18 02:57:55,944 - DEBUG - Estado ANTES de colisiones Y con OBSTÁCULOS (post-dy y post-bordeY): Jugador Rect: (472, 298), Hitbox: (476, 304). (X-coords eran Rect: (472, 298), Hitbox: (476, 304))
2025-05-18 02:57:55,944 - DEBUG - Posición FINAL en _mover_y_colisionar: Jugador Rect: (472, 298), Hitbox: (476, 304)
2025-05-18 02:57:55,944 - DEBUG - --- Fin _mover_y_colisionar ---
2025-05-18 02:57:55,944 - DEBUG - --- Inicio Update Enemigo_0 ---
2025-05-18 02:57:55,944 - DEBUG - [Enemigo_0] Pos ANTES update: Rect: (378, 295), Hitbox: (381, 298)
2025-05-18 02:57:55,944 - DEBUG - [Enemigo_0] Target (Jugador): (488, 315), Dist: 94.26, dx_obj: 94.00, dy_obj: 7.00
2025-05-18 02:57:55,945 - DEBUG - [Enemigo_0] Movimiento calculado: mov_x=1.50, mov_y=0.11
2025-05-18 02:57:55,945 - DEBUG - [Enemigo_0] Pos DESPUÉS update: Rect: (379, 295), Hitbox: (382, 298)
2025-05-18 02:57:55,945 - DEBUG - --- Fin Update Enemigo_0 ---
2025-05-18 02:57:55,945 - DEBUG - --- Inicio Update Enemigo_1 ---
2025-05-18 02:57:55,945 - DEBUG - [Enemigo_1] Pos ANTES update: Rect: (418, 288), Hitbox: (421, 291)
2025-05-18 02:57:55,945 - DEBUG - [Enemigo_1] Target (Jugador): (488, 315), Dist: 55.79, dx_obj: 54.00, dy_obj: 14.00
2025-05-18 02:57:55,945 - DEBUG - [Enemigo_1] Movimiento calculado: mov_x=1.45, mov_y=0.38
2025-05-18 02:57:55,945 - DEBUG - [Enemigo_1] Pos DESPUÉS update: Rect: (419, 288), Hitbox: (422, 291)
2025-05-18 02:57:55,945 - DEBUG - --- Fin Update Enemigo_1 ---
2025-05-18 02:57:55,946 - DEBUG - --- Inicio Update Enemigo_2 ---
2025-05-18 02:57:55,946 - DEBUG - [Enemigo_2] Pos ANTES update: Rect: (391, 308), Hitbox: (394, 311)
2025-05-18 02:57:55,946 - DEBUG - [Enemigo_2] Target (Jugador): (488, 315), Dist: 81.22, dx_obj: 81.00, dy_obj: -6.00
2025-05-18 02:57:55,946 - DEBUG - [Enemigo_2] Movimiento calculado: mov_x=1.50, mov_y=-0.11
2025-05-18 02:57:55,946 - DEBUG - [Enemigo_2] Pos DESPUÉS update: Rect: (392, 308), Hitbox: (395, 311)
2025-05-18 02:57:55,946 - DEBUG - --- Fin Update Enemigo_2 ---
2025-05-18 02:57:55,946 - DEBUG - --- Inicio Update Enemigo_3 ---
2025-05-18 02:57:55,946 - DEBUG - [Enemigo_3] Pos ANTES update: Rect: (378, 295), Hitbox: (381, 298)
2025-05-18 02:57:55,947 - DEBUG - [Enemigo_3] Target (Jugador): (488, 315), Dist: 94.26, dx_obj: 94.00, dy_obj: 7.00
2025-05-18 02:57:55,947 - DEBUG - [Enemigo_3] Movimiento calculado: mov_x=1.50, mov_y=0.11
2025-05-18 02:57:55,947 - DEBUG - [Enemigo_3] Pos DESPUÉS update: Rect: (379, 295), Hitbox: (382, 298)
2025-05-18 02:57:55,947 - DEBUG - --- Fin Update Enemigo_3 ---
2025-05-18 02:57:55,947 - DEBUG - --- Inicio Update Enemigo_4 ---
2025-05-18 02:57:55,947 - DEBUG - [Enemigo_4] Pos ANTES update: Rect: (388, 317), Hitbox: (391, 320)
2025-05-18 02:57:55,947 - DEBUG - [Enemigo_4] Target (Jugador): (488, 315), Dist: 85.33, dx_obj: 84.00, dy_obj: -15.00
2025-05-18 02:57:55,947 - DEBUG - [Enemigo_4] Movimiento calculado: mov_x=1.48, mov_y=-0.26
2025-05-18 02:57:55,948 - DEBUG - [Enemigo_4] Pos DESPUÉS update: Rect: (389, 317), Hitbox: (392, 320)
2025-05-18 02:57:55,948 - DEBUG - --- Fin Update Enemigo_4 ---
2025-05-18 02:57:55,948 - DEBUG - --- Inicio Update Enemigo_5 ---
2025-05-18 02:57:55,948 - DEBUG - [Enemigo_5] Pos ANTES update: Rect: (410, 282), Hitbox: (413, 285)
2025-05-18 02:57:55,948 - DEBUG - [Enemigo_5] Target (Jugador): (488, 315), Dist: 65.15, dx_obj: 62.00, dy_obj: 20.00
2025-05-18 02:57:55,948 - DEBUG - [Enemigo_5] Movimiento calculado: mov_x=1.43, mov_y=0.46
2025-05-18 02:57:55,948 - DEBUG - [Enemigo_5] Pos DESPUÉS update: Rect: (411, 282), Hitbox: (414, 285)
2025-05-18 02:57:55,948 - DEBUG - --- Fin Update Enemigo_5 ---
2025-05-18 02:57:55,948 - DEBUG - --- Inicio Update Enemigo_6 ---
2025-05-18 02:57:55,948 - DEBUG - [Enemigo_6] Pos ANTES update: Rect: (378, 295), Hitbox: (381, 298)
2025-05-18 02:57:55,949 - DEBUG - [Enemigo_6] Target (Jugador): (488, 315), Dist: 94.26, dx_obj: 94.00, dy_obj: 7.00
2025-05-18 02:57:55,949 - DEBUG - [Enemigo_6] Movimiento calculado: mov_x=1.50, mov_y=0.11
2025-05-18 02:57:55,949 - DEBUG - [Enemigo_6] Pos DESPUÉS update: Rect: (379, 295), Hitbox: (382, 298)
2025-05-18 02:57:55,949 - DEBUG - --- Fin Update Enemigo_6 ---
2025-05-18 02:57:55,958 - DEBUG - --- Inicio _mover_y_colisionar ---
2025-05-18 02:57:55,958 - DEBUG - Input: dx=3, dy=0
2025-05-18 02:57:55,958 - DEBUG - Posición ANTES de aplicar input y pre-correción: Jugador Rect: (472, 298), Jugador Hitbox: (476, 304)
2025-05-18 02:57:55,959 - DEBUG - Inicio Fase Pre-Corrección Estática
2025-05-18 02:57:55,959 - DEBUG -     --- Inicio _resolver_solapamientos_estaticos_eje (x) ---
2025-05-18 02:57:55,959 - DEBUG -       Pasada 1 de resolución estática eje x
2025-05-18 02:57:55,959 - DEBUG -       No más solapamientos estáticos detectados/resueltos en eje x en pasada 1.
2025-05-18 02:57:55,960 - DEBUG -     --- Fin _resolver_solapamientos_estaticos_eje (x) ---
2025-05-18 02:57:55,960 - DEBUG -     --- Inicio _resolver_solapamientos_estaticos_eje (y) ---
2025-05-18 02:57:55,960 - DEBUG -       Pasada 1 de resolución estática eje y
2025-05-18 02:57:55,960 - DEBUG -       No más solapamientos estáticos detectados/resueltos en eje y en pasada 1.
2025-05-18 02:57:55,960 - DEBUG -     --- Fin _resolver_solapamientos_estaticos_eje (y) ---
2025-05-18 02:57:55,960 - DEBUG - Fin Fase Pre-Corrección Estática. Posición Jugador: Rect: (472, 298), Hitbox: (476, 304)
2025-05-18 02:57:55,961 - DEBUG - Inicio Fase Movimiento y Corrección Principal
2025-05-18 02:57:55,961 - DEBUG - Estado ANTES de colisiones X con OBSTÁCULOS (post-dx y post-bordeX): Jugador Rect: (475, 298), Hitbox: (479, 304)
2025-05-18 02:57:55,961 - DEBUG - Estado ANTES de colisiones Y con OBSTÁCULOS (post-dy y post-bordeY): Jugador Rect: (475, 298), Hitbox: (479, 304). (X-coords eran Rect: (475, 298), Hitbox: (479, 304))
2025-05-18 02:57:55,961 - DEBUG - Posición FINAL en _mover_y_colisionar: Jugador Rect: (475, 298), Hitbox: (479, 304)
2025-05-18 02:57:55,961 - DEBUG - --- Fin _mover_y_colisionar ---
2025-05-18 02:57:55,961 - DEBUG - --- Inicio Update Enemigo_0 ---
2025-05-18 02:57:55,962 - DEBUG - [Enemigo_0] Pos ANTES update: Rect: (379, 295), Hitbox: (382, 298)
2025-05-18 02:57:55,962 - DEBUG - [Enemigo_0] Target (Jugador): (491, 315), Dist: 96.25, dx_obj: 96.00, dy_obj: 7.00
2025-05-18 02:57:55,962 - DEBUG - [Enemigo_0] Movimiento calculado: mov_x=1.50, mov_y=0.11
2025-05-18 02:57:55,962 - DEBUG - [Enemigo_0] Pos DESPUÉS update: Rect: (380, 295), Hitbox: (383, 298)
2025-05-18 02:57:55,962 - DEBUG - --- Fin Update Enemigo_0 ---
2025-05-18 02:57:55,962 - DEBUG - --- Inicio Update Enemigo_1 ---
2025-05-18 02:57:55,962 - DEBUG - [Enemigo_1] Pos ANTES update: Rect: (419, 288), Hitbox: (422, 291)
2025-05-18 02:57:55,963 - DEBUG - [Enemigo_1] Target (Jugador): (491, 315), Dist: 57.72, dx_obj: 56.00, dy_obj: 14.00
2025-05-18 02:57:55,963 - DEBUG - [Enemigo_1] Movimiento calculado: mov_x=1.46, mov_y=0.36
2025-05-18 02:57:55,963 - DEBUG - [Enemigo_1] Pos DESPUÉS update: Rect: (420, 288), Hitbox: (423, 291)
2025-05-18 02:57:55,963 - DEBUG - --- Fin Update Enemigo_1 ---
2025-05-18 02:57:55,963 - DEBUG - --- Inicio Update Enemigo_2 ---
2025-05-18 02:57:55,963 - DEBUG - [Enemigo_2] Pos ANTES update: Rect: (392, 308), Hitbox: (395, 311)
2025-05-18 02:57:55,964 - DEBUG - [Enemigo_2] Target (Jugador): (491, 315), Dist: 83.22, dx_obj: 83.00, dy_obj: -6.00
2025-05-18 02:57:55,964 - DEBUG - [Enemigo_2] Movimiento calculado: mov_x=1.50, mov_y=-0.11
2025-05-18 02:57:55,964 - DEBUG - [Enemigo_2] Pos DESPUÉS update: Rect: (393, 308), Hitbox: (396, 311)
2025-05-18 02:57:55,964 - DEBUG - --- Fin Update Enemigo_2 ---
2025-05-18 02:57:55,964 - DEBUG - --- Inicio Update Enemigo_3 ---
2025-05-18 02:57:55,964 - DEBUG - [Enemigo_3] Pos ANTES update: Rect: (379, 295), Hitbox: (382, 298)
2025-05-18 02:57:55,964 - DEBUG - [Enemigo_3] Target (Jugador): (491, 315), Dist: 96.25, dx_obj: 96.00, dy_obj: 7.00
2025-05-18 02:57:55,965 - DEBUG - [Enemigo_3] Movimiento calculado: mov_x=1.50, mov_y=0.11
2025-05-18 02:57:55,965 - DEBUG - [Enemigo_3] Pos DESPUÉS update: Rect: (380, 295), Hitbox: (383, 298)
2025-05-18 02:57:55,965 - DEBUG - --- Fin Update Enemigo_3 ---
2025-05-18 02:57:55,965 - DEBUG - --- Inicio Update Enemigo_4 ---
2025-05-18 02:57:55,965 - DEBUG - [Enemigo_4] Pos ANTES update: Rect: (389, 317), Hitbox: (392, 320)
2025-05-18 02:57:55,965 - DEBUG - [Enemigo_4] Target (Jugador): (491, 315), Dist: 87.30, dx_obj: 86.00, dy_obj: -15.00
2025-05-18 02:57:55,965 - DEBUG - [Enemigo_4] Movimiento calculado: mov_x=1.48, mov_y=-0.26
2025-05-18 02:57:55,966 - DEBUG - [Enemigo_4] Pos DESPUÉS update: Rect: (390, 317), Hitbox: (393, 320)
2025-05-18 02:57:55,966 - DEBUG - --- Fin Update Enemigo_4 ---
2025-05-18 02:57:55,966 - DEBUG - --- Inicio Update Enemigo_5 ---
2025-05-18 02:57:55,966 - DEBUG - [Enemigo_5] Pos ANTES update: Rect: (411, 282), Hitbox: (414, 285)
2025-05-18 02:57:55,966 - DEBUG - [Enemigo_5] Target (Jugador): (491, 315), Dist: 67.05, dx_obj: 64.00, dy_obj: 20.00
2025-05-18 02:57:55,966 - DEBUG - [Enemigo_5] Movimiento calculado: mov_x=1.43, mov_y=0.45
2025-05-18 02:57:55,966 - DEBUG - [Enemigo_5] Pos DESPUÉS update: Rect: (412, 282), Hitbox: (415, 285)
2025-05-18 02:57:55,967 - DEBUG - --- Fin Update Enemigo_5 ---
2025-05-18 02:57:55,967 - DEBUG - --- Inicio Update Enemigo_6 ---
2025-05-18 02:57:55,967 - DEBUG - [Enemigo_6] Pos ANTES update: Rect: (379, 295), Hitbox: (382, 298)
2025-05-18 02:57:55,967 - DEBUG - [Enemigo_6] Target (Jugador): (491, 315), Dist: 96.25, dx_obj: 96.00, dy_obj: 7.00
2025-05-18 02:57:55,967 - DEBUG - [Enemigo_6] Movimiento calculado: mov_x=1.50, mov_y=0.11
2025-05-18 02:57:55,967 - DEBUG - [Enemigo_6] Pos DESPUÉS update: Rect: (380, 295), Hitbox: (383, 298)
2025-05-18 02:57:55,968 - DEBUG - --- Fin Update Enemigo_6 ---
2025-05-18 02:57:55,974 - DEBUG - --- Inicio _mover_y_colisionar ---
2025-05-18 02:57:55,974 - DEBUG - Input: dx=3, dy=0
2025-05-18 02:57:55,974 - DEBUG - Posición ANTES de aplicar input y pre-correción: Jugador Rect: (475, 298), Jugador Hitbox: (479, 304)
2025-05-18 02:57:55,975 - DEBUG - Inicio Fase Pre-Corrección Estática
2025-05-18 02:57:55,975 - DEBUG -     --- Inicio _resolver_solapamientos_estaticos_eje (x) ---
2025-05-18 02:57:55,975 - DEBUG -       Pasada 1 de resolución estática eje x
2025-05-18 02:57:55,975 - DEBUG -       No más solapamientos estáticos detectados/resueltos en eje x en pasada 1.
2025-05-18 02:57:55,975 - DEBUG -     --- Fin _resolver_solapamientos_estaticos_eje (x) ---
2025-05-18 02:57:55,975 - DEBUG -     --- Inicio _resolver_solapamientos_estaticos_eje (y) ---
2025-05-18 02:57:55,976 - DEBUG -       Pasada 1 de resolución estática eje y
2025-05-18 02:57:55,976 - DEBUG -       No más solapamientos estáticos detectados/resueltos en eje y en pasada 1.
2025-05-18 02:57:55,976 - DEBUG -     --- Fin _resolver_solapamientos_estaticos_eje (y) ---
2025-05-18 02:57:55,976 - DEBUG - Fin Fase Pre-Corrección Estática. Posición Jugador: Rect: (475, 298), Hitbox: (479, 304)
2025-05-18 02:57:55,976 - DEBUG - Inicio Fase Movimiento y Corrección Principal
2025-05-18 02:57:55,976 - DEBUG - Estado ANTES de colisiones X con OBSTÁCULOS (post-dx y post-bordeX): Jugador Rect: (478, 298), Hitbox: (482, 304)
2025-05-18 02:57:55,976 - DEBUG - Estado ANTES de colisiones Y con OBSTÁCULOS (post-dy y post-bordeY): Jugador Rect: (478, 298), Hitbox: (482, 304). (X-coords eran Rect: (478, 298), Hitbox: (482, 304))
2025-05-18 02:57:55,977 - DEBUG - Posición FINAL en _mover_y_colisionar: Jugador Rect: (478, 298), Hitbox: (482, 304)
2025-05-18 02:57:55,977 - DEBUG - --- Fin _mover_y_colisionar ---
2025-05-18 02:57:55,977 - DEBUG - --- Inicio Update Enemigo_0 ---
2025-05-18 02:57:55,977 - DEBUG - [Enemigo_0] Pos ANTES update: Rect: (380, 295), Hitbox: (383, 298)
2025-05-18 02:57:55,977 - DEBUG - [Enemigo_0] Target (Jugador): (494, 315), Dist: 98.25, dx_obj: 98.00, dy_obj: 7.00
2025-05-18 02:57:55,978 - DEBUG - [Enemigo_0] Movimiento calculado: mov_x=1.50, mov_y=0.11
2025-05-18 02:57:55,978 - DEBUG - [Enemigo_0] Pos DESPUÉS update: Rect: (381, 295), Hitbox: (384, 298)
2025-05-18 02:57:55,978 - DEBUG - --- Fin Update Enemigo_0 ---
2025-05-18 02:57:55,978 - DEBUG - --- Inicio Update Enemigo_1 ---
2025-05-18 02:57:55,978 - DEBUG - [Enemigo_1] Pos ANTES update: Rect: (420, 288), Hitbox: (423, 291)
2025-05-18 02:57:55,978 - DEBUG - [Enemigo_1] Target (Jugador): (494, 315), Dist: 59.67, dx_obj: 58.00, dy_obj: 14.00
2025-05-18 02:57:55,978 - DEBUG - [Enemigo_1] Movimiento calculado: mov_x=1.46, mov_y=0.35
2025-05-18 02:57:55,979 - DEBUG - [Enemigo_1] Pos DESPUÉS update: Rect: (421, 288), Hitbox: (424, 291)
2025-05-18 02:57:55,979 - DEBUG - --- Fin Update Enemigo_1 ---
2025-05-18 02:57:55,979 - DEBUG - --- Inicio Update Enemigo_2 ---
2025-05-18 02:57:55,979 - DEBUG - [Enemigo_2] Pos ANTES update: Rect: (393, 308), Hitbox: (396, 311)
2025-05-18 02:57:55,979 - DEBUG - [Enemigo_2] Target (Jugador): (494, 315), Dist: 85.21, dx_obj: 85.00, dy_obj: -6.00
2025-05-18 02:57:55,979 - DEBUG - [Enemigo_2] Movimiento calculado: mov_x=1.50, mov_y=-0.11
2025-05-18 02:57:55,979 - DEBUG - [Enemigo_2] Pos DESPUÉS update: Rect: (394, 308), Hitbox: (397, 311)
2025-05-18 02:57:55,980 - DEBUG - --- Fin Update Enemigo_2 ---
2025-05-18 02:57:55,980 - DEBUG - --- Inicio Update Enemigo_3 ---
2025-05-18 02:57:55,980 - DEBUG - [Enemigo_3] Pos ANTES update: Rect: (380, 295), Hitbox: (383, 298)
2025-05-18 02:57:55,980 - DEBUG - [Enemigo_3] Target (Jugador): (494, 315), Dist: 98.25, dx_obj: 98.00, dy_obj: 7.00
2025-05-18 02:57:55,980 - DEBUG - [Enemigo_3] Movimiento calculado: mov_x=1.50, mov_y=0.11
2025-05-18 02:57:55,980 - DEBUG - [Enemigo_3] Pos DESPUÉS update: Rect: (381, 295), Hitbox: (384, 298)
2025-05-18 02:57:55,981 - DEBUG - --- Fin Update Enemigo_3 ---
2025-05-18 02:57:55,981 - DEBUG - --- Inicio Update Enemigo_4 ---
2025-05-18 02:57:55,981 - DEBUG - [Enemigo_4] Pos ANTES update: Rect: (390, 317), Hitbox: (393, 320)
2025-05-18 02:57:55,981 - DEBUG - [Enemigo_4] Target (Jugador): (494, 315), Dist: 89.27, dx_obj: 88.00, dy_obj: -15.00
2025-05-18 02:57:55,981 - DEBUG - [Enemigo_4] Movimiento calculado: mov_x=1.48, mov_y=-0.25
2025-05-18 02:57:55,981 - DEBUG - [Enemigo_4] Pos DESPUÉS update: Rect: (391, 317), Hitbox: (394, 320)
2025-05-18 02:57:55,981 - DEBUG - --- Fin Update Enemigo_4 ---
2025-05-18 02:57:55,981 - DEBUG - --- Inicio Update Enemigo_5 ---
2025-05-18 02:57:55,982 - DEBUG - [Enemigo_5] Pos ANTES update: Rect: (412, 282), Hitbox: (415, 285)
2025-05-18 02:57:55,982 - DEBUG - [Enemigo_5] Target (Jugador): (494, 315), Dist: 68.96, dx_obj: 66.00, dy_obj: 20.00
2025-05-18 02:57:55,982 - DEBUG - [Enemigo_5] Movimiento calculado: mov_x=1.44, mov_y=0.44
2025-05-18 02:57:55,982 - DEBUG - [Enemigo_5] Pos DESPUÉS update: Rect: (413, 282), Hitbox: (416, 285)
2025-05-18 02:57:55,982 - DEBUG - --- Fin Update Enemigo_5 ---
2025-05-18 02:57:55,982 - DEBUG - --- Inicio Update Enemigo_6 ---
2025-05-18 02:57:55,982 - DEBUG - [Enemigo_6] Pos ANTES update: Rect: (380, 295), Hitbox: (383, 298)
2025-05-18 02:57:55,983 - DEBUG - [Enemigo_6] Target (Jugador): (494, 315), Dist: 98.25, dx_obj: 98.00, dy_obj: 7.00
2025-05-18 02:57:55,983 - DEBUG - [Enemigo_6] Movimiento calculado: mov_x=1.50, mov_y=0.11
2025-05-18 02:57:55,983 - DEBUG - [Enemigo_6] Pos DESPUÉS update: Rect: (381, 295), Hitbox: (384, 298)
2025-05-18 02:57:55,983 - DEBUG - --- Fin Update Enemigo_6 ---
2025-05-18 02:57:55,989 - DEBUG - --- Inicio _mover_y_colisionar ---
2025-05-18 02:57:55,990 - DEBUG - Input: dx=3, dy=0
2025-05-18 02:57:55,990 - DEBUG - Posición ANTES de aplicar input y pre-correción: Jugador Rect: (478, 298), Jugador Hitbox: (482, 304)
2025-05-18 02:57:55,990 - DEBUG - Inicio Fase Pre-Corrección Estática
2025-05-18 02:57:55,991 - DEBUG -     --- Inicio _resolver_solapamientos_estaticos_eje (x) ---
2025-05-18 02:57:55,991 - DEBUG -       Pasada 1 de resolución estática eje x
2025-05-18 02:57:55,991 - DEBUG -       No más solapamientos estáticos detectados/resueltos en eje x en pasada 1.
2025-05-18 02:57:55,991 - DEBUG -     --- Fin _resolver_solapamientos_estaticos_eje (x) ---
2025-05-18 02:57:55,991 - DEBUG -     --- Inicio _resolver_solapamientos_estaticos_eje (y) ---
2025-05-18 02:57:55,991 - DEBUG -       Pasada 1 de resolución estática eje y
2025-05-18 02:57:55,992 - DEBUG -       No más solapamientos estáticos detectados/resueltos en eje y en pasada 1.
2025-05-18 02:57:55,992 - DEBUG -     --- Fin _resolver_solapamientos_estaticos_eje (y) ---
2025-05-18 02:57:55,992 - DEBUG - Fin Fase Pre-Corrección Estática. Posición Jugador: Rect: (478, 298), Hitbox: (482, 304)
2025-05-18 02:57:55,992 - DEBUG - Inicio Fase Movimiento y Corrección Principal
2025-05-18 02:57:55,992 - DEBUG - Estado ANTES de colisiones X con OBSTÁCULOS (post-dx y post-bordeX): Jugador Rect: (481, 298), Hitbox: (485, 304)
2025-05-18 02:57:55,993 - DEBUG - Estado ANTES de colisiones Y con OBSTÁCULOS (post-dy y post-bordeY): Jugador Rect: (481, 298), Hitbox: (485, 304). (X-coords eran Rect: (481, 298), Hitbox: (485, 304))
2025-05-18 02:57:55,993 - DEBUG - Posición FINAL en _mover_y_colisionar: Jugador Rect: (481, 298), Hitbox: (485, 304)
2025-05-18 02:57:55,993 - DEBUG - --- Fin _mover_y_colisionar ---
2025-05-18 02:57:55,993 - DEBUG - --- Inicio Update Enemigo_0 ---
2025-05-18 02:57:55,993 - DEBUG - [Enemigo_0] Pos ANTES update: Rect: (381, 295), Hitbox: (384, 298)
2025-05-18 02:57:55,993 - DEBUG - [Enemigo_0] Target (Jugador): (497, 315), Dist: 100.24, dx_obj: 100.00, dy_obj: 7.00
2025-05-18 02:57:55,994 - DEBUG - [Enemigo_0] Movimiento calculado: mov_x=1.50, mov_y=0.10
2025-05-18 02:57:55,994 - DEBUG - [Enemigo_0] Pos DESPUÉS update: Rect: (382, 295), Hitbox: (385, 298)
2025-05-18 02:57:55,994 - DEBUG - --- Fin Update Enemigo_0 ---
2025-05-18 02:57:55,994 - DEBUG - --- Inicio Update Enemigo_1 ---
2025-05-18 02:57:55,994 - DEBUG - [Enemigo_1] Pos ANTES update: Rect: (421, 288), Hitbox: (424, 291)
2025-05-18 02:57:55,994 - DEBUG - [Enemigo_1] Target (Jugador): (497, 315), Dist: 61.61, dx_obj: 60.00, dy_obj: 14.00
2025-05-18 02:57:55,995 - DEBUG - [Enemigo_1] Movimiento calculado: mov_x=1.46, mov_y=0.34
2025-05-18 02:57:55,995 - DEBUG - [Enemigo_1] Pos DESPUÉS update: Rect: (422, 288), Hitbox: (425, 291)
2025-05-18 02:57:55,995 - DEBUG - --- Fin Update Enemigo_1 ---
2025-05-18 02:57:55,995 - DEBUG - --- Inicio Update Enemigo_2 ---
2025-05-18 02:57:55,995 - DEBUG - [Enemigo_2] Pos ANTES update: Rect: (394, 308), Hitbox: (397, 311)
2025-05-18 02:57:55,995 - DEBUG - [Enemigo_2] Target (Jugador): (497, 315), Dist: 87.21, dx_obj: 87.00, dy_obj: -6.00
2025-05-18 02:57:55,996 - DEBUG - [Enemigo_2] Movimiento calculado: mov_x=1.50, mov_y=-0.10
2025-05-18 02:57:55,996 - DEBUG - [Enemigo_2] Pos DESPUÉS update: Rect: (395, 308), Hitbox: (398, 311)
2025-05-18 02:57:55,996 - DEBUG - --- Fin Update Enemigo_2 ---
2025-05-18 02:57:55,996 - DEBUG - --- Inicio Update Enemigo_3 ---
2025-05-18 02:57:55,996 - DEBUG - [Enemigo_3] Pos ANTES update: Rect: (381, 295), Hitbox: (384, 298)
2025-05-18 02:57:55,996 - DEBUG - [Enemigo_3] Target (Jugador): (497, 315), Dist: 100.24, dx_obj: 100.00, dy_obj: 7.00
2025-05-18 02:57:55,996 - DEBUG - [Enemigo_3] Movimiento calculado: mov_x=1.50, mov_y=0.10
2025-05-18 02:57:55,997 - DEBUG - [Enemigo_3] Pos DESPUÉS update: Rect: (382, 295), Hitbox: (385, 298)
2025-05-18 02:57:55,997 - DEBUG - --- Fin Update Enemigo_3 ---
2025-05-18 02:57:55,997 - DEBUG - --- Inicio Update Enemigo_4 ---
2025-05-18 02:57:55,997 - DEBUG - [Enemigo_4] Pos ANTES update: Rect: (391, 317), Hitbox: (394, 320)
2025-05-18 02:57:55,997 - DEBUG - [Enemigo_4] Target (Jugador): (497, 315), Dist: 91.24, dx_obj: 90.00, dy_obj: -15.00
2025-05-18 02:57:55,997 - DEBUG - [Enemigo_4] Movimiento calculado: mov_x=1.48, mov_y=-0.25
2025-05-18 02:57:55,998 - DEBUG - [Enemigo_4] Pos DESPUÉS update: Rect: (392, 317), Hitbox: (395, 320)
2025-05-18 02:57:55,998 - DEBUG - --- Fin Update Enemigo_4 ---
2025-05-18 02:57:55,998 - DEBUG - --- Inicio Update Enemigo_5 ---
2025-05-18 02:57:55,998 - DEBUG - [Enemigo_5] Pos ANTES update: Rect: (413, 282), Hitbox: (416, 285)
2025-05-18 02:57:55,998 - DEBUG - [Enemigo_5] Target (Jugador): (497, 315), Dist: 70.88, dx_obj: 68.00, dy_obj: 20.00
2025-05-18 02:57:55,998 - DEBUG - [Enemigo_5] Movimiento calculado: mov_x=1.44, mov_y=0.42
2025-05-18 02:57:55,998 - DEBUG - [Enemigo_5] Pos DESPUÉS update: Rect: (414, 282), Hitbox: (417, 285)
2025-05-18 02:57:55,999 - DEBUG - --- Fin Update Enemigo_5 ---
2025-05-18 02:57:55,999 - DEBUG - --- Inicio Update Enemigo_6 ---
2025-05-18 02:57:55,999 - DEBUG - [Enemigo_6] Pos ANTES update: Rect: (381, 295), Hitbox: (384, 298)
2025-05-18 02:57:55,999 - DEBUG - [Enemigo_6] Target (Jugador): (497, 315), Dist: 100.24, dx_obj: 100.00, dy_obj: 7.00
2025-05-18 02:57:55,999 - DEBUG - [Enemigo_6] Movimiento calculado: mov_x=1.50, mov_y=0.10
2025-05-18 02:57:55,999 - DEBUG - [Enemigo_6] Pos DESPUÉS update: Rect: (382, 295), Hitbox: (385, 298)
2025-05-18 02:57:56,000 - DEBUG - --- Fin Update Enemigo_6 ---
2025-05-18 02:57:56,006 - DEBUG - --- Inicio Update Enemigo_0 ---
2025-05-18 02:57:56,007 - DEBUG - [Enemigo_0] Pos ANTES update: Rect: (382, 295), Hitbox: (385, 298)
2025-05-18 02:57:56,007 - DEBUG - [Enemigo_0] Target (Jugador): (497, 315), Dist: 99.25, dx_obj: 99.00, dy_obj: 7.00
2025-05-18 02:57:56,008 - DEBUG - [Enemigo_0] Movimiento calculado: mov_x=1.50, mov_y=0.11
2025-05-18 02:57:56,008 - DEBUG - [Enemigo_0] Pos DESPUÉS update: Rect: (383, 295), Hitbox: (386, 298)
2025-05-18 02:57:56,008 - DEBUG - --- Fin Update Enemigo_0 ---
2025-05-18 02:57:56,008 - DEBUG - --- Inicio Update Enemigo_1 ---
2025-05-18 02:57:56,008 - DEBUG - [Enemigo_1] Pos ANTES update: Rect: (422, 288), Hitbox: (425, 291)
2025-05-18 02:57:56,009 - DEBUG - [Enemigo_1] Target (Jugador): (497, 315), Dist: 60.64, dx_obj: 59.00, dy_obj: 14.00
2025-05-18 02:57:56,009 - DEBUG - [Enemigo_1] Movimiento calculado: mov_x=1.46, mov_y=0.35
2025-05-18 02:57:56,009 - DEBUG - [Enemigo_1] Pos DESPUÉS update: Rect: (423, 288), Hitbox: (426, 291)
2025-05-18 02:57:56,009 - DEBUG - --- Fin Update Enemigo_1 ---
2025-05-18 02:57:56,009 - DEBUG - --- Inicio Update Enemigo_2 ---
2025-05-18 02:57:56,009 - DEBUG - [Enemigo_2] Pos ANTES update: Rect: (395, 308), Hitbox: (398, 311)
2025-05-18 02:57:56,010 - DEBUG - [Enemigo_2] Target (Jugador): (497, 315), Dist: 86.21, dx_obj: 86.00, dy_obj: -6.00
2025-05-18 02:57:56,010 - DEBUG - [Enemigo_2] Movimiento calculado: mov_x=1.50, mov_y=-0.10
2025-05-18 02:57:56,010 - DEBUG - [Enemigo_2] Pos DESPUÉS update: Rect: (396, 308), Hitbox: (399, 311)
2025-05-18 02:57:56,010 - DEBUG - --- Fin Update Enemigo_2 ---
2025-05-18 02:57:56,010 - DEBUG - --- Inicio Update Enemigo_3 ---
2025-05-18 02:57:56,010 - DEBUG - [Enemigo_3] Pos ANTES update: Rect: (382, 295), Hitbox: (385, 298)
2025-05-18 02:57:56,011 - DEBUG - [Enemigo_3] Target (Jugador): (497, 315), Dist: 99.25, dx_obj: 99.00, dy_obj: 7.00
2025-05-18 02:57:56,011 - DEBUG - [Enemigo_3] Movimiento calculado: mov_x=1.50, mov_y=0.11
2025-05-18 02:57:56,011 - DEBUG - [Enemigo_3] Pos DESPUÉS update: Rect: (383, 295), Hitbox: (386, 298)
2025-05-18 02:57:56,011 - DEBUG - --- Fin Update Enemigo_3 ---
2025-05-18 02:57:56,011 - DEBUG - --- Inicio Update Enemigo_4 ---
2025-05-18 02:57:56,011 - DEBUG - [Enemigo_4] Pos ANTES update: Rect: (392, 317), Hitbox: (395, 320)
2025-05-18 02:57:56,011 - DEBUG - [Enemigo_4] Target (Jugador): (497, 315), Dist: 90.26, dx_obj: 89.00, dy_obj: -15.00
2025-05-18 02:57:56,012 - DEBUG - [Enemigo_4] Movimiento calculado: mov_x=1.48, mov_y=-0.25
2025-05-18 02:57:56,012 - DEBUG - [Enemigo_4] Pos DESPUÉS update: Rect: (393, 317), Hitbox: (396, 320)
2025-05-18 02:57:56,012 - DEBUG - --- Fin Update Enemigo_4 ---
2025-05-18 02:57:56,012 - DEBUG - --- Inicio Update Enemigo_5 ---
2025-05-18 02:57:56,012 - DEBUG - [Enemigo_5] Pos ANTES update: Rect: (414, 282), Hitbox: (417, 285)
2025-05-18 02:57:56,012 - DEBUG - [Enemigo_5] Target (Jugador): (497, 315), Dist: 69.92, dx_obj: 67.00, dy_obj: 20.00
2025-05-18 02:57:56,012 - DEBUG - [Enemigo_5] Movimiento calculado: mov_x=1.44, mov_y=0.43
2025-05-18 02:57:56,013 - DEBUG - [Enemigo_5] Pos DESPUÉS update: Rect: (415, 282), Hitbox: (418, 285)
2025-05-18 02:57:56,013 - DEBUG - --- Fin Update Enemigo_5 ---
2025-05-18 02:57:56,013 - DEBUG - --- Inicio Update Enemigo_6 ---
2025-05-18 02:57:56,013 - DEBUG - [Enemigo_6] Pos ANTES update: Rect: (382, 295), Hitbox: (385, 298)
2025-05-18 02:57:56,013 - DEBUG - [Enemigo_6] Target (Jugador): (497, 315), Dist: 99.25, dx_obj: 99.00, dy_obj: 7.00
2025-05-18 02:57:56,013 - DEBUG - [Enemigo_6] Movimiento calculado: mov_x=1.50, mov_y=0.11
2025-05-18 02:57:56,013 - DEBUG - [Enemigo_6] Pos DESPUÉS update: Rect: (383, 295), Hitbox: (386, 298)
2025-05-18 02:57:56,013 - DEBUG - --- Fin Update Enemigo_6 ---
2025-05-18 02:57:56,024 - DEBUG - --- Inicio Update Enemigo_0 ---
2025-05-18 02:57:56,025 - DEBUG - [Enemigo_0] Pos ANTES update: Rect: (383, 295), Hitbox: (386, 298)
2025-05-18 02:57:56,025 - DEBUG - [Enemigo_0] Target (Jugador): (497, 315), Dist: 98.25, dx_obj: 98.00, dy_obj: 7.00
2025-05-18 02:57:56,025 - DEBUG - [Enemigo_0] Movimiento calculado: mov_x=1.50, mov_y=0.11
2025-05-18 02:57:56,026 - DEBUG - [Enemigo_0] Pos DESPUÉS update: Rect: (384, 295), Hitbox: (387, 298)
2025-05-18 02:57:56,026 - DEBUG - --- Fin Update Enemigo_0 ---
2025-05-18 02:57:56,026 - DEBUG - --- Inicio Update Enemigo_1 ---
2025-05-18 02:57:56,026 - DEBUG - [Enemigo_1] Pos ANTES update: Rect: (423, 288), Hitbox: (426, 291)
2025-05-18 02:57:56,026 - DEBUG - [Enemigo_1] Target (Jugador): (497, 315), Dist: 59.67, dx_obj: 58.00, dy_obj: 14.00
2025-05-18 02:57:56,027 - DEBUG - [Enemigo_1] Movimiento calculado: mov_x=1.46, mov_y=0.35
2025-05-18 02:57:56,027 - DEBUG - [Enemigo_1] Pos DESPUÉS update: Rect: (424, 288), Hitbox: (427, 291)
2025-05-18 02:57:56,027 - DEBUG - --- Fin Update Enemigo_1 ---
2025-05-18 02:57:56,027 - DEBUG - --- Inicio Update Enemigo_2 ---
2025-05-18 02:57:56,027 - DEBUG - [Enemigo_2] Pos ANTES update: Rect: (396, 308), Hitbox: (399, 311)
2025-05-18 02:57:56,027 - DEBUG - [Enemigo_2] Target (Jugador): (497, 315), Dist: 85.21, dx_obj: 85.00, dy_obj: -6.00
2025-05-18 02:57:56,028 - DEBUG - [Enemigo_2] Movimiento calculado: mov_x=1.50, mov_y=-0.11
2025-05-18 02:57:56,028 - DEBUG - [Enemigo_2] Pos DESPUÉS update: Rect: (397, 308), Hitbox: (400, 311)
2025-05-18 02:57:56,028 - DEBUG - --- Fin Update Enemigo_2 ---
2025-05-18 02:57:56,028 - DEBUG - --- Inicio Update Enemigo_3 ---
2025-05-18 02:57:56,028 - DEBUG - [Enemigo_3] Pos ANTES update: Rect: (383, 295), Hitbox: (386, 298)
2025-05-18 02:57:56,028 - DEBUG - [Enemigo_3] Target (Jugador): (497, 315), Dist: 98.25, dx_obj: 98.00, dy_obj: 7.00
2025-05-18 02:57:56,028 - DEBUG - [Enemigo_3] Movimiento calculado: mov_x=1.50, mov_y=0.11
2025-05-18 02:57:56,029 - DEBUG - [Enemigo_3] Pos DESPUÉS update: Rect: (384, 295), Hitbox: (387, 298)
2025-05-18 02:57:56,029 - DEBUG - --- Fin Update Enemigo_3 ---
2025-05-18 02:57:56,029 - DEBUG - --- Inicio Update Enemigo_4 ---
2025-05-18 02:57:56,029 - DEBUG - [Enemigo_4] Pos ANTES update: Rect: (393, 317), Hitbox: (396, 320)
2025-05-18 02:57:56,029 - DEBUG - [Enemigo_4] Target (Jugador): (497, 315), Dist: 89.27, dx_obj: 88.00, dy_obj: -15.00
2025-05-18 02:57:56,029 - DEBUG - [Enemigo_4] Movimiento calculado: mov_x=1.48, mov_y=-0.25
2025-05-18 02:57:56,029 - DEBUG - [Enemigo_4] Pos DESPUÉS update: Rect: (394, 317), Hitbox: (397, 320)
2025-05-18 02:57:56,029 - DEBUG - --- Fin Update Enemigo_4 ---
2025-05-18 02:57:56,030 - DEBUG - --- Inicio Update Enemigo_5 ---
2025-05-18 02:57:56,030 - DEBUG - [Enemigo_5] Pos ANTES update: Rect: (415, 282), Hitbox: (418, 285)
2025-05-18 02:57:56,030 - DEBUG - [Enemigo_5] Target (Jugador): (497, 315), Dist: 68.96, dx_obj: 66.00, dy_obj: 20.00
2025-05-18 02:57:56,030 - DEBUG - [Enemigo_5] Movimiento calculado: mov_x=1.44, mov_y=0.44
2025-05-18 02:57:56,030 - DEBUG - [Enemigo_5] Pos DESPUÉS update: Rect: (416, 282), Hitbox: (419, 285)
2025-05-18 02:57:56,030 - DEBUG - --- Fin Update Enemigo_5 ---
2025-05-18 02:57:56,031 - DEBUG - --- Inicio Update Enemigo_6 ---
2025-05-18 02:57:56,031 - DEBUG - [Enemigo_6] Pos ANTES update: Rect: (383, 295), Hitbox: (386, 298)
2025-05-18 02:57:56,031 - DEBUG - [Enemigo_6] Target (Jugador): (497, 315), Dist: 98.25, dx_obj: 98.00, dy_obj: 7.00
2025-05-18 02:57:56,031 - DEBUG - [Enemigo_6] Movimiento calculado: mov_x=1.50, mov_y=0.11
2025-05-18 02:57:56,031 - DEBUG - [Enemigo_6] Pos DESPUÉS update: Rect: (384, 295), Hitbox: (387, 298)
2025-05-18 02:57:56,031 - DEBUG - --- Fin Update Enemigo_6 ---
2025-05-18 02:57:56,040 - DEBUG - --- Inicio Update Enemigo_0 ---
2025-05-18 02:57:56,041 - DEBUG - [Enemigo_0] Pos ANTES update: Rect: (384, 295), Hitbox: (387, 298)
2025-05-18 02:57:56,041 - DEBUG - [Enemigo_0] Target (Jugador): (497, 315), Dist: 97.25, dx_obj: 97.00, dy_obj: 7.00
2025-05-18 02:57:56,041 - DEBUG - [Enemigo_0] Movimiento calculado: mov_x=1.50, mov_y=0.11
2025-05-18 02:57:56,041 - DEBUG - [Enemigo_0] Pos DESPUÉS update: Rect: (385, 295), Hitbox: (388, 298)
2025-05-18 02:57:56,042 - DEBUG - --- Fin Update Enemigo_0 ---
2025-05-18 02:57:56,042 - DEBUG - --- Inicio Update Enemigo_1 ---
2025-05-18 02:57:56,042 - DEBUG - [Enemigo_1] Pos ANTES update: Rect: (424, 288), Hitbox: (427, 291)
2025-05-18 02:57:56,042 - DEBUG - [Enemigo_1] Target (Jugador): (497, 315), Dist: 58.69, dx_obj: 57.00, dy_obj: 14.00
2025-05-18 02:57:56,042 - DEBUG - [Enemigo_1] Movimiento calculado: mov_x=1.46, mov_y=0.36
2025-05-18 02:57:56,042 - DEBUG - [Enemigo_1] Pos DESPUÉS update: Rect: (425, 288), Hitbox: (428, 291)
2025-05-18 02:57:56,043 - DEBUG - --- Fin Update Enemigo_1 ---
2025-05-18 02:57:56,043 - DEBUG - --- Inicio Update Enemigo_2 ---
2025-05-18 02:57:56,043 - DEBUG - [Enemigo_2] Pos ANTES update: Rect: (397, 308), Hitbox: (400, 311)
2025-05-18 02:57:56,043 - DEBUG - [Enemigo_2] Target (Jugador): (497, 315), Dist: 84.21, dx_obj: 84.00, dy_obj: -6.00
2025-05-18 02:57:56,043 - DEBUG - [Enemigo_2] Movimiento calculado: mov_x=1.50, mov_y=-0.11
2025-05-18 02:57:56,043 - DEBUG - [Enemigo_2] Pos DESPUÉS update: Rect: (398, 308), Hitbox: (401, 311)
2025-05-18 02:57:56,043 - DEBUG - --- Fin Update Enemigo_2 ---
2025-05-18 02:57:56,044 - DEBUG - --- Inicio Update Enemigo_3 ---
2025-05-18 02:57:56,044 - DEBUG - [Enemigo_3] Pos ANTES update: Rect: (384, 295), Hitbox: (387, 298)
2025-05-18 02:57:56,044 - DEBUG - [Enemigo_3] Target (Jugador): (497, 315), Dist: 97.25, dx_obj: 97.00, dy_obj: 7.00
2025-05-18 02:57:56,044 - DEBUG - [Enemigo_3] Movimiento calculado: mov_x=1.50, mov_y=0.11
2025-05-18 02:57:56,044 - DEBUG - [Enemigo_3] Pos DESPUÉS update: Rect: (385, 295), Hitbox: (388, 298)
2025-05-18 02:57:56,044 - DEBUG - --- Fin Update Enemigo_3 ---
2025-05-18 02:57:56,045 - DEBUG - --- Inicio Update Enemigo_4 ---
2025-05-18 02:57:56,045 - DEBUG - [Enemigo_4] Pos ANTES update: Rect: (394, 317), Hitbox: (397, 320)
2025-05-18 02:57:56,045 - DEBUG - [Enemigo_4] Target (Jugador): (497, 315), Dist: 88.28, dx_obj: 87.00, dy_obj: -15.00
2025-05-18 02:57:56,045 - DEBUG - [Enemigo_4] Movimiento calculado: mov_x=1.48, mov_y=-0.25
2025-05-18 02:57:56,045 - DEBUG - [Enemigo_4] Pos DESPUÉS update: Rect: (395, 317), Hitbox: (398, 320)
2025-05-18 02:57:56,045 - DEBUG - --- Fin Update Enemigo_4 ---
2025-05-18 02:57:56,045 - DEBUG - --- Inicio Update Enemigo_5 ---
2025-05-18 02:57:56,046 - DEBUG - [Enemigo_5] Pos ANTES update: Rect: (416, 282), Hitbox: (419, 285)
2025-05-18 02:57:56,046 - DEBUG - [Enemigo_5] Target (Jugador): (497, 315), Dist: 68.01, dx_obj: 65.00, dy_obj: 20.00
2025-05-18 02:57:56,046 - DEBUG - [Enemigo_5] Movimiento calculado: mov_x=1.43, mov_y=0.44
2025-05-18 02:57:56,046 - DEBUG - [Enemigo_5] Pos DESPUÉS update: Rect: (417, 282), Hitbox: (420, 285)
2025-05-18 02:57:56,046 - DEBUG - --- Fin Update Enemigo_5 ---
2025-05-18 02:57:56,046 - DEBUG - --- Inicio Update Enemigo_6 ---
2025-05-18 02:57:56,046 - DEBUG - [Enemigo_6] Pos ANTES update: Rect: (384, 295), Hitbox: (387, 298)
2025-05-18 02:57:56,047 - DEBUG - [Enemigo_6] Target (Jugador): (497, 315), Dist: 97.25, dx_obj: 97.00, dy_obj: 7.00
2025-05-18 02:57:56,047 - DEBUG - [Enemigo_6] Movimiento calculado: mov_x=1.50, mov_y=0.11
2025-05-18 02:57:56,047 - DEBUG - [Enemigo_6] Pos DESPUÉS update: Rect: (385, 295), Hitbox: (388, 298)
2025-05-18 02:57:56,047 - DEBUG - --- Fin Update Enemigo_6 ---
2025-05-18 02:57:56,058 - DEBUG - --- Inicio Update Enemigo_0 ---
2025-05-18 02:57:56,058 - DEBUG - [Enemigo_0] Pos ANTES update: Rect: (385, 295), Hitbox: (388, 298)
2025-05-18 02:57:56,059 - DEBUG - [Enemigo_0] Target (Jugador): (497, 315), Dist: 96.25, dx_obj: 96.00, dy_obj: 7.00
2025-05-18 02:57:56,059 - DEBUG - [Enemigo_0] Movimiento calculado: mov_x=1.50, mov_y=0.11
2025-05-18 02:57:56,059 - DEBUG - [Enemigo_0] Pos DESPUÉS update: Rect: (386, 295), Hitbox: (389, 298)
2025-05-18 02:57:56,059 - DEBUG - --- Fin Update Enemigo_0 ---
2025-05-18 02:57:56,059 - DEBUG - --- Inicio Update Enemigo_1 ---
2025-05-18 02:57:56,059 - DEBUG - [Enemigo_1] Pos ANTES update: Rect: (425, 288), Hitbox: (428, 291)
2025-05-18 02:57:56,060 - DEBUG - [Enemigo_1] Target (Jugador): (497, 315), Dist: 57.72, dx_obj: 56.00, dy_obj: 14.00
2025-05-18 02:57:56,060 - DEBUG - [Enemigo_1] Movimiento calculado: mov_x=1.46, mov_y=0.36
2025-05-18 02:57:56,060 - DEBUG - [Enemigo_1] Pos DESPUÉS update: Rect: (426, 288), Hitbox: (429, 291)
2025-05-18 02:57:56,060 - DEBUG - --- Fin Update Enemigo_1 ---
2025-05-18 02:57:56,060 - DEBUG - --- Inicio Update Enemigo_2 ---
2025-05-18 02:57:56,060 - DEBUG - [Enemigo_2] Pos ANTES update: Rect: (398, 308), Hitbox: (401, 311)
2025-05-18 02:57:56,061 - DEBUG - [Enemigo_2] Target (Jugador): (497, 315), Dist: 83.22, dx_obj: 83.00, dy_obj: -6.00
2025-05-18 02:57:56,061 - DEBUG - [Enemigo_2] Movimiento calculado: mov_x=1.50, mov_y=-0.11
2025-05-18 02:57:56,061 - DEBUG - [Enemigo_2] Pos DESPUÉS update: Rect: (399, 308), Hitbox: (402, 311)
2025-05-18 02:57:56,061 - DEBUG - --- Fin Update Enemigo_2 ---
2025-05-18 02:57:56,061 - DEBUG - --- Inicio Update Enemigo_3 ---
2025-05-18 02:57:56,061 - DEBUG - [Enemigo_3] Pos ANTES update: Rect: (385, 295), Hitbox: (388, 298)
2025-05-18 02:57:56,061 - DEBUG - [Enemigo_3] Target (Jugador): (497, 315), Dist: 96.25, dx_obj: 96.00, dy_obj: 7.00
2025-05-18 02:57:56,062 - DEBUG - [Enemigo_3] Movimiento calculado: mov_x=1.50, mov_y=0.11
2025-05-18 02:57:56,062 - DEBUG - [Enemigo_3] Pos DESPUÉS update: Rect: (386, 295), Hitbox: (389, 298)
2025-05-18 02:57:56,062 - DEBUG - --- Fin Update Enemigo_3 ---
2025-05-18 02:57:56,062 - DEBUG - --- Inicio Update Enemigo_4 ---
2025-05-18 02:57:56,062 - DEBUG - [Enemigo_4] Pos ANTES update: Rect: (395, 317), Hitbox: (398, 320)
2025-05-18 02:57:56,062 - DEBUG - [Enemigo_4] Target (Jugador): (497, 315), Dist: 87.30, dx_obj: 86.00, dy_obj: -15.00
2025-05-18 02:57:56,062 - DEBUG - [Enemigo_4] Movimiento calculado: mov_x=1.48, mov_y=-0.26
2025-05-18 02:57:56,063 - DEBUG - [Enemigo_4] Pos DESPUÉS update: Rect: (396, 317), Hitbox: (399, 320)
2025-05-18 02:57:56,063 - DEBUG - --- Fin Update Enemigo_4 ---
2025-05-18 02:57:56,063 - DEBUG - --- Inicio Update Enemigo_5 ---
2025-05-18 02:57:56,063 - DEBUG - [Enemigo_5] Pos ANTES update: Rect: (417, 282), Hitbox: (420, 285)
2025-05-18 02:57:56,063 - DEBUG - [Enemigo_5] Target (Jugador): (497, 315), Dist: 67.05, dx_obj: 64.00, dy_obj: 20.00
2025-05-18 02:57:56,063 - DEBUG - [Enemigo_5] Movimiento calculado: mov_x=1.43, mov_y=0.45
2025-05-18 02:57:56,063 - DEBUG - [Enemigo_5] Pos DESPUÉS update: Rect: (418, 282), Hitbox: (421, 285)
2025-05-18 02:57:56,064 - DEBUG - --- Fin Update Enemigo_5 ---
2025-05-18 02:57:56,064 - DEBUG - --- Inicio Update Enemigo_6 ---
2025-05-18 02:57:56,064 - DEBUG - [Enemigo_6] Pos ANTES update: Rect: (385, 295), Hitbox: (388, 298)
2025-05-18 02:57:56,064 - DEBUG - [Enemigo_6] Target (Jugador): (497, 315), Dist: 96.25, dx_obj: 96.00, dy_obj: 7.00
2025-05-18 02:57:56,064 - DEBUG - [Enemigo_6] Movimiento calculado: mov_x=1.50, mov_y=0.11
2025-05-18 02:57:56,064 - DEBUG - [Enemigo_6] Pos DESPUÉS update: Rect: (386, 295), Hitbox: (389, 298)
2025-05-18 02:57:56,064 - DEBUG - --- Fin Update Enemigo_6 ---
2025-05-18 02:57:56,074 - DEBUG - --- Inicio Update Enemigo_0 ---
2025-05-18 02:57:56,074 - DEBUG - [Enemigo_0] Pos ANTES update: Rect: (386, 295), Hitbox: (389, 298)
2025-05-18 02:57:56,075 - DEBUG - [Enemigo_0] Target (Jugador): (497, 315), Dist: 95.26, dx_obj: 95.00, dy_obj: 7.00
2025-05-18 02:57:56,075 - DEBUG - [Enemigo_0] Movimiento calculado: mov_x=1.50, mov_y=0.11
2025-05-18 02:57:56,075 - DEBUG - [Enemigo_0] Pos DESPUÉS update: Rect: (387, 295), Hitbox: (390, 298)
2025-05-18 02:57:56,075 - DEBUG - --- Fin Update Enemigo_0 ---
2025-05-18 02:57:56,076 - DEBUG - --- Inicio Update Enemigo_1 ---
2025-05-18 02:57:56,076 - DEBUG - [Enemigo_1] Pos ANTES update: Rect: (426, 288), Hitbox: (429, 291)
2025-05-18 02:57:56,076 - DEBUG - [Enemigo_1] Target (Jugador): (497, 315), Dist: 56.75, dx_obj: 55.00, dy_obj: 14.00
2025-05-18 02:57:56,076 - DEBUG - [Enemigo_1] Movimiento calculado: mov_x=1.45, mov_y=0.37
2025-05-18 02:57:56,076 - DEBUG - [Enemigo_1] Pos DESPUÉS update: Rect: (427, 288), Hitbox: (430, 291)
2025-05-18 02:57:56,077 - DEBUG - --- Fin Update Enemigo_1 ---
2025-05-18 02:57:56,077 - DEBUG - --- Inicio Update Enemigo_2 ---
2025-05-18 02:57:56,077 - DEBUG - [Enemigo_2] Pos ANTES update: Rect: (399, 308), Hitbox: (402, 311)
2025-05-18 02:57:56,077 - DEBUG - [Enemigo_2] Target (Jugador): (497, 315), Dist: 82.22, dx_obj: 82.00, dy_obj: -6.00
2025-05-18 02:57:56,077 - DEBUG - [Enemigo_2] Movimiento calculado: mov_x=1.50, mov_y=-0.11
2025-05-18 02:57:56,077 - DEBUG - [Enemigo_2] Pos DESPUÉS update: Rect: (400, 308), Hitbox: (403, 311)
2025-05-18 02:57:56,077 - DEBUG - --- Fin Update Enemigo_2 ---
2025-05-18 02:57:56,078 - DEBUG - --- Inicio Update Enemigo_3 ---
2025-05-18 02:57:56,078 - DEBUG - [Enemigo_3] Pos ANTES update: Rect: (386, 295), Hitbox: (389, 298)
2025-05-18 02:57:56,078 - DEBUG - [Enemigo_3] Target (Jugador): (497, 315), Dist: 95.26, dx_obj: 95.00, dy_obj: 7.00
2025-05-18 02:57:56,078 - DEBUG - [Enemigo_3] Movimiento calculado: mov_x=1.50, mov_y=0.11
2025-05-18 02:57:56,078 - DEBUG - [Enemigo_3] Pos DESPUÉS update: Rect: (387, 295), Hitbox: (390, 298)
2025-05-18 02:57:56,078 - DEBUG - --- Fin Update Enemigo_3 ---
2025-05-18 02:57:56,078 - DEBUG - --- Inicio Update Enemigo_4 ---
2025-05-18 02:57:56,079 - DEBUG - [Enemigo_4] Pos ANTES update: Rect: (396, 317), Hitbox: (399, 320)
2025-05-18 02:57:56,079 - DEBUG - [Enemigo_4] Target (Jugador): (497, 315), Dist: 86.31, dx_obj: 85.00, dy_obj: -15.00
2025-05-18 02:57:56,079 - DEBUG - [Enemigo_4] Movimiento calculado: mov_x=1.48, mov_y=-0.26
2025-05-18 02:57:56,079 - DEBUG - [Enemigo_4] Pos DESPUÉS update: Rect: (397, 317), Hitbox: (400, 320)
2025-05-18 02:57:56,079 - DEBUG - --- Fin Update Enemigo_4 ---
2025-05-18 02:57:56,080 - DEBUG - --- Inicio Update Enemigo_5 ---
2025-05-18 02:57:56,080 - DEBUG - [Enemigo_5] Pos ANTES update: Rect: (418, 282), Hitbox: (421, 285)
2025-05-18 02:57:56,080 - DEBUG - [Enemigo_5] Target (Jugador): (497, 315), Dist: 66.10, dx_obj: 63.00, dy_obj: 20.00
2025-05-18 02:57:56,080 - DEBUG - [Enemigo_5] Movimiento calculado: mov_x=1.43, mov_y=0.45
2025-05-18 02:57:56,080 - DEBUG - [Enemigo_5] Pos DESPUÉS update: Rect: (419, 282), Hitbox: (422, 285)
2025-05-18 02:57:56,080 - DEBUG - --- Fin Update Enemigo_5 ---
2025-05-18 02:57:56,081 - DEBUG - --- Inicio Update Enemigo_6 ---
2025-05-18 02:57:56,081 - DEBUG - [Enemigo_6] Pos ANTES update: Rect: (386, 295), Hitbox: (389, 298)
2025-05-18 02:57:56,081 - DEBUG - [Enemigo_6] Target (Jugador): (497, 315), Dist: 95.26, dx_obj: 95.00, dy_obj: 7.00
2025-05-18 02:57:56,081 - DEBUG - [Enemigo_6] Movimiento calculado: mov_x=1.50, mov_y=0.11
2025-05-18 02:57:56,081 - DEBUG - [Enemigo_6] Pos DESPUÉS update: Rect: (387, 295), Hitbox: (390, 298)
2025-05-18 02:57:56,081 - DEBUG - --- Fin Update Enemigo_6 ---
2025-05-18 02:57:56,090 - DEBUG - --- Inicio Update Enemigo_0 ---
2025-05-18 02:57:56,090 - DEBUG - [Enemigo_0] Pos ANTES update: Rect: (387, 295), Hitbox: (390, 298)
2025-05-18 02:57:56,091 - DEBUG - [Enemigo_0] Target (Jugador): (497, 315), Dist: 94.26, dx_obj: 94.00, dy_obj: 7.00
2025-05-18 02:57:56,091 - DEBUG - [Enemigo_0] Movimiento calculado: mov_x=1.50, mov_y=0.11
2025-05-18 02:57:56,091 - DEBUG - [Enemigo_0] Pos DESPUÉS update: Rect: (388, 295), Hitbox: (391, 298)
2025-05-18 02:57:56,092 - DEBUG - --- Fin Update Enemigo_0 ---
2025-05-18 02:57:56,092 - DEBUG - --- Inicio Update Enemigo_1 ---
2025-05-18 02:57:56,092 - DEBUG - [Enemigo_1] Pos ANTES update: Rect: (427, 288), Hitbox: (430, 291)
2025-05-18 02:57:56,092 - DEBUG - [Enemigo_1] Target (Jugador): (497, 315), Dist: 55.79, dx_obj: 54.00, dy_obj: 14.00
2025-05-18 02:57:56,092 - DEBUG - [Enemigo_1] Movimiento calculado: mov_x=1.45, mov_y=0.38
2025-05-18 02:57:56,092 - DEBUG - [Enemigo_1] Pos DESPUÉS update: Rect: (428, 288), Hitbox: (431, 291)
2025-05-18 02:57:56,093 - DEBUG - --- Fin Update Enemigo_1 ---
2025-05-18 02:57:56,093 - DEBUG - --- Inicio Update Enemigo_2 ---
2025-05-18 02:57:56,093 - DEBUG - [Enemigo_2] Pos ANTES update: Rect: (400, 308), Hitbox: (403, 311)
2025-05-18 02:57:56,093 - DEBUG - [Enemigo_2] Target (Jugador): (497, 315), Dist: 81.22, dx_obj: 81.00, dy_obj: -6.00
2025-05-18 02:57:56,093 - DEBUG - [Enemigo_2] Movimiento calculado: mov_x=1.50, mov_y=-0.11
2025-05-18 02:57:56,093 - DEBUG - [Enemigo_2] Pos DESPUÉS update: Rect: (401, 308), Hitbox: (404, 311)
2025-05-18 02:57:56,093 - DEBUG - --- Fin Update Enemigo_2 ---
2025-05-18 02:57:56,094 - DEBUG - --- Inicio Update Enemigo_3 ---
2025-05-18 02:57:56,094 - DEBUG - [Enemigo_3] Pos ANTES update: Rect: (387, 295), Hitbox: (390, 298)
2025-05-18 02:57:56,094 - DEBUG - [Enemigo_3] Target (Jugador): (497, 315), Dist: 94.26, dx_obj: 94.00, dy_obj: 7.00
2025-05-18 02:57:56,094 - DEBUG - [Enemigo_3] Movimiento calculado: mov_x=1.50, mov_y=0.11
2025-05-18 02:57:56,094 - DEBUG - [Enemigo_3] Pos DESPUÉS update: Rect: (388, 295), Hitbox: (391, 298)
2025-05-18 02:57:56,094 - DEBUG - --- Fin Update Enemigo_3 ---
2025-05-18 02:57:56,095 - DEBUG - --- Inicio Update Enemigo_4 ---
2025-05-18 02:57:56,095 - DEBUG - [Enemigo_4] Pos ANTES update: Rect: (397, 317), Hitbox: (400, 320)
2025-05-18 02:57:56,095 - DEBUG - [Enemigo_4] Target (Jugador): (497, 315), Dist: 85.33, dx_obj: 84.00, dy_obj: -15.00
2025-05-18 02:57:56,095 - DEBUG - [Enemigo_4] Movimiento calculado: mov_x=1.48, mov_y=-0.26
2025-05-18 02:57:56,095 - DEBUG - [Enemigo_4] Pos DESPUÉS update: Rect: (398, 317), Hitbox: (401, 320)
2025-05-18 02:57:56,096 - DEBUG - --- Fin Update Enemigo_4 ---
2025-05-18 02:57:56,096 - DEBUG - --- Inicio Update Enemigo_5 ---
2025-05-18 02:57:56,096 - DEBUG - [Enemigo_5] Pos ANTES update: Rect: (419, 282), Hitbox: (422, 285)
2025-05-18 02:57:56,096 - DEBUG - [Enemigo_5] Target (Jugador): (497, 315), Dist: 65.15, dx_obj: 62.00, dy_obj: 20.00
2025-05-18 02:57:56,096 - DEBUG - [Enemigo_5] Movimiento calculado: mov_x=1.43, mov_y=0.46
2025-05-18 02:57:56,096 - DEBUG - [Enemigo_5] Pos DESPUÉS update: Rect: (420, 282), Hitbox: (423, 285)
2025-05-18 02:57:56,097 - DEBUG - --- Fin Update Enemigo_5 ---
2025-05-18 02:57:56,097 - DEBUG - --- Inicio Update Enemigo_6 ---
2025-05-18 02:57:56,097 - DEBUG - [Enemigo_6] Pos ANTES update: Rect: (387, 295), Hitbox: (390, 298)
2025-05-18 02:57:56,097 - DEBUG - [Enemigo_6] Target (Jugador): (497, 315), Dist: 94.26, dx_obj: 94.00, dy_obj: 7.00
2025-05-18 02:57:56,097 - DEBUG - [Enemigo_6] Movimiento calculado: mov_x=1.50, mov_y=0.11
2025-05-18 02:57:56,097 - DEBUG - [Enemigo_6] Pos DESPUÉS update: Rect: (388, 295), Hitbox: (391, 298)
2025-05-18 02:57:56,098 - DEBUG - --- Fin Update Enemigo_6 ---
2025-05-18 02:57:56,106 - DEBUG - --- Inicio Update Enemigo_0 ---
2025-05-18 02:57:56,106 - DEBUG - [Enemigo_0] Pos ANTES update: Rect: (388, 295), Hitbox: (391, 298)
2025-05-18 02:57:56,107 - DEBUG - [Enemigo_0] Target (Jugador): (497, 315), Dist: 93.26, dx_obj: 93.00, dy_obj: 7.00
2025-05-18 02:57:56,107 - DEBUG - [Enemigo_0] Movimiento calculado: mov_x=1.50, mov_y=0.11
2025-05-18 02:57:56,107 - DEBUG - [Enemigo_0] Pos DESPUÉS update: Rect: (389, 295), Hitbox: (392, 298)
2025-05-18 02:57:56,107 - DEBUG - --- Fin Update Enemigo_0 ---
2025-05-18 02:57:56,107 - DEBUG - --- Inicio Update Enemigo_1 ---
2025-05-18 02:57:56,108 - DEBUG - [Enemigo_1] Pos ANTES update: Rect: (428, 288), Hitbox: (431, 291)
2025-05-18 02:57:56,108 - DEBUG - [Enemigo_1] Target (Jugador): (497, 315), Dist: 54.82, dx_obj: 53.00, dy_obj: 14.00
2025-05-18 02:57:56,108 - DEBUG - [Enemigo_1] Movimiento calculado: mov_x=1.45, mov_y=0.38
2025-05-18 02:57:56,108 - DEBUG - [Enemigo_1] Pos DESPUÉS update: Rect: (429, 288), Hitbox: (432, 291)
2025-05-18 02:57:56,108 - DEBUG - --- Fin Update Enemigo_1 ---
2025-05-18 02:57:56,108 - DEBUG - --- Inicio Update Enemigo_2 ---
2025-05-18 02:57:56,109 - DEBUG - [Enemigo_2] Pos ANTES update: Rect: (401, 308), Hitbox: (404, 311)
2025-05-18 02:57:56,109 - DEBUG - [Enemigo_2] Target (Jugador): (497, 315), Dist: 80.22, dx_obj: 80.00, dy_obj: -6.00
2025-05-18 02:57:56,109 - DEBUG - [Enemigo_2] Movimiento calculado: mov_x=1.50, mov_y=-0.11
2025-05-18 02:57:56,109 - DEBUG - [Enemigo_2] Pos DESPUÉS update: Rect: (402, 308), Hitbox: (405, 311)
2025-05-18 02:57:56,109 - DEBUG - --- Fin Update Enemigo_2 ---
2025-05-18 02:57:56,110 - DEBUG - --- Inicio Update Enemigo_3 ---
2025-05-18 02:57:56,110 - DEBUG - [Enemigo_3] Pos ANTES update: Rect: (388, 295), Hitbox: (391, 298)
2025-05-18 02:57:56,110 - DEBUG - [Enemigo_3] Target (Jugador): (497, 315), Dist: 93.26, dx_obj: 93.00, dy_obj: 7.00
2025-05-18 02:57:56,110 - DEBUG - [Enemigo_3] Movimiento calculado: mov_x=1.50, mov_y=0.11
2025-05-18 02:57:56,110 - DEBUG - [Enemigo_3] Pos DESPUÉS update: Rect: (389, 295), Hitbox: (392, 298)
2025-05-18 02:57:56,110 - DEBUG - --- Fin Update Enemigo_3 ---
2025-05-18 02:57:56,111 - DEBUG - --- Inicio Update Enemigo_4 ---
2025-05-18 02:57:56,111 - DEBUG - [Enemigo_4] Pos ANTES update: Rect: (398, 317), Hitbox: (401, 320)
2025-05-18 02:57:56,111 - DEBUG - [Enemigo_4] Target (Jugador): (497, 315), Dist: 84.34, dx_obj: 83.00, dy_obj: -15.00
2025-05-18 02:57:56,111 - DEBUG - [Enemigo_4] Movimiento calculado: mov_x=1.48, mov_y=-0.27
2025-05-18 02:57:56,111 - DEBUG - [Enemigo_4] Pos DESPUÉS update: Rect: (399, 317), Hitbox: (402, 320)
2025-05-18 02:57:56,111 - DEBUG - --- Fin Update Enemigo_4 ---
2025-05-18 02:57:56,112 - DEBUG - --- Inicio Update Enemigo_5 ---
2025-05-18 02:57:56,112 - DEBUG - [Enemigo_5] Pos ANTES update: Rect: (420, 282), Hitbox: (423, 285)
2025-05-18 02:57:56,112 - DEBUG - [Enemigo_5] Target (Jugador): (497, 315), Dist: 64.20, dx_obj: 61.00, dy_obj: 20.00
2025-05-18 02:57:56,112 - DEBUG - [Enemigo_5] Movimiento calculado: mov_x=1.43, mov_y=0.47
2025-05-18 02:57:56,112 - DEBUG - [Enemigo_5] Pos DESPUÉS update: Rect: (421, 282), Hitbox: (424, 285)
2025-05-18 02:57:56,112 - DEBUG - --- Fin Update Enemigo_5 ---
2025-05-18 02:57:56,112 - DEBUG - --- Inicio Update Enemigo_6 ---
2025-05-18 02:57:56,113 - DEBUG - [Enemigo_6] Pos ANTES update: Rect: (388, 295), Hitbox: (391, 298)
2025-05-18 02:57:56,113 - DEBUG - [Enemigo_6] Target (Jugador): (497, 315), Dist: 93.26, dx_obj: 93.00, dy_obj: 7.00
2025-05-18 02:57:56,113 - DEBUG - [Enemigo_6] Movimiento calculado: mov_x=1.50, mov_y=0.11
2025-05-18 02:57:56,113 - DEBUG - [Enemigo_6] Pos DESPUÉS update: Rect: (389, 295), Hitbox: (392, 298)
2025-05-18 02:57:56,113 - DEBUG - --- Fin Update Enemigo_6 ---
2025-05-18 02:57:56,123 - DEBUG - --- Inicio Update Enemigo_0 ---
2025-05-18 02:57:56,123 - DEBUG - [Enemigo_0] Pos ANTES update: Rect: (389, 295), Hitbox: (392, 298)
2025-05-18 02:57:56,123 - DEBUG - [Enemigo_0] Target (Jugador): (497, 315), Dist: 92.27, dx_obj: 92.00, dy_obj: 7.00
2025-05-18 02:57:56,124 - DEBUG - [Enemigo_0] Movimiento calculado: mov_x=1.50, mov_y=0.11
2025-05-18 02:57:56,124 - DEBUG - [Enemigo_0] Pos DESPUÉS update: Rect: (390, 295), Hitbox: (393, 298)
2025-05-18 02:57:56,124 - DEBUG - --- Fin Update Enemigo_0 ---
2025-05-18 02:57:56,124 - DEBUG - --- Inicio Update Enemigo_1 ---
2025-05-18 02:57:56,124 - DEBUG - [Enemigo_1] Pos ANTES update: Rect: (429, 288), Hitbox: (432, 291)
2025-05-18 02:57:56,125 - DEBUG - [Enemigo_1] Target (Jugador): (497, 315), Dist: 53.85, dx_obj: 52.00, dy_obj: 14.00
2025-05-18 02:57:56,125 - DEBUG - [Enemigo_1] Movimiento calculado: mov_x=1.45, mov_y=0.39
2025-05-18 02:57:56,125 - DEBUG - [Enemigo_1] Pos DESPUÉS update: Rect: (430, 288), Hitbox: (433, 291)
2025-05-18 02:57:56,125 - DEBUG - --- Fin Update Enemigo_1 ---
2025-05-18 02:57:56,126 - DEBUG - --- Inicio Update Enemigo_2 ---
2025-05-18 02:57:56,126 - DEBUG - [Enemigo_2] Pos ANTES update: Rect: (402, 308), Hitbox: (405, 311)
2025-05-18 02:57:56,126 - DEBUG - [Enemigo_2] Target (Jugador): (497, 315), Dist: 79.23, dx_obj: 79.00, dy_obj: -6.00
2025-05-18 02:57:56,126 - DEBUG - [Enemigo_2] Movimiento calculado: mov_x=1.50, mov_y=-0.11
2025-05-18 02:57:56,126 - DEBUG - [Enemigo_2] Pos DESPUÉS update: Rect: (403, 308), Hitbox: (406, 311)
2025-05-18 02:57:56,126 - DEBUG - --- Fin Update Enemigo_2 ---
2025-05-18 02:57:56,127 - DEBUG - --- Inicio Update Enemigo_3 ---
2025-05-18 02:57:56,127 - DEBUG - [Enemigo_3] Pos ANTES update: Rect: (389, 295), Hitbox: (392, 298)
2025-05-18 02:57:56,127 - DEBUG - [Enemigo_3] Target (Jugador): (497, 315), Dist: 92.27, dx_obj: 92.00, dy_obj: 7.00
2025-05-18 02:57:56,127 - DEBUG - [Enemigo_3] Movimiento calculado: mov_x=1.50, mov_y=0.11
2025-05-18 02:57:56,127 - DEBUG - [Enemigo_3] Pos DESPUÉS update: Rect: (390, 295), Hitbox: (393, 298)
2025-05-18 02:57:56,127 - DEBUG - --- Fin Update Enemigo_3 ---
2025-05-18 02:57:56,128 - DEBUG - --- Inicio Update Enemigo_4 ---
2025-05-18 02:57:56,128 - DEBUG - [Enemigo_4] Pos ANTES update: Rect: (399, 317), Hitbox: (402, 320)
2025-05-18 02:57:56,128 - DEBUG - [Enemigo_4] Target (Jugador): (497, 315), Dist: 83.36, dx_obj: 82.00, dy_obj: -15.00
2025-05-18 02:57:56,128 - DEBUG - [Enemigo_4] Movimiento calculado: mov_x=1.48, mov_y=-0.27
2025-05-18 02:57:56,128 - DEBUG - [Enemigo_4] Pos DESPUÉS update: Rect: (400, 317), Hitbox: (403, 320)
2025-05-18 02:57:56,128 - DEBUG - --- Fin Update Enemigo_4 ---
2025-05-18 02:57:56,128 - DEBUG - --- Inicio Update Enemigo_5 ---
2025-05-18 02:57:56,129 - DEBUG - [Enemigo_5] Pos ANTES update: Rect: (421, 282), Hitbox: (424, 285)
2025-05-18 02:57:56,129 - DEBUG - [Enemigo_5] Target (Jugador): (497, 315), Dist: 63.25, dx_obj: 60.00, dy_obj: 20.00
2025-05-18 02:57:56,129 - DEBUG - [Enemigo_5] Movimiento calculado: mov_x=1.42, mov_y=0.47
2025-05-18 02:57:56,129 - DEBUG - [Enemigo_5] Pos DESPUÉS update: Rect: (422, 282), Hitbox: (425, 285)
2025-05-18 02:57:56,129 - DEBUG - --- Fin Update Enemigo_5 ---
2025-05-18 02:57:56,129 - DEBUG - --- Inicio Update Enemigo_6 ---
2025-05-18 02:57:56,129 - DEBUG - [Enemigo_6] Pos ANTES update: Rect: (389, 295), Hitbox: (392, 298)
2025-05-18 02:57:56,130 - DEBUG - [Enemigo_6] Target (Jugador): (497, 315), Dist: 92.27, dx_obj: 92.00, dy_obj: 7.00
2025-05-18 02:57:56,130 - DEBUG - [Enemigo_6] Movimiento calculado: mov_x=1.50, mov_y=0.11
2025-05-18 02:57:56,130 - DEBUG - [Enemigo_6] Pos DESPUÉS update: Rect: (390, 295), Hitbox: (393, 298)
2025-05-18 02:57:56,130 - DEBUG - --- Fin Update Enemigo_6 ---
2025-05-18 02:57:56,139 - DEBUG - --- Inicio Update Enemigo_0 ---
2025-05-18 02:57:56,139 - DEBUG - [Enemigo_0] Pos ANTES update: Rect: (390, 295), Hitbox: (393, 298)
2025-05-18 02:57:56,139 - DEBUG - [Enemigo_0] Target (Jugador): (497, 315), Dist: 91.27, dx_obj: 91.00, dy_obj: 7.00
2025-05-18 02:57:56,140 - DEBUG - [Enemigo_0] Movimiento calculado: mov_x=1.50, mov_y=0.12
2025-05-18 02:57:56,140 - DEBUG - [Enemigo_0] Pos DESPUÉS update: Rect: (391, 295), Hitbox: (394, 298)
2025-05-18 02:57:56,140 - DEBUG - --- Fin Update Enemigo_0 ---
2025-05-18 02:57:56,140 - DEBUG - --- Inicio Update Enemigo_1 ---
2025-05-18 02:57:56,140 - DEBUG - [Enemigo_1] Pos ANTES update: Rect: (430, 288), Hitbox: (433, 291)
2025-05-18 02:57:56,141 - DEBUG - [Enemigo_1] Target (Jugador): (497, 315), Dist: 52.89, dx_obj: 51.00, dy_obj: 14.00
2025-05-18 02:57:56,141 - DEBUG - [Enemigo_1] Movimiento calculado: mov_x=1.45, mov_y=0.40
2025-05-18 02:57:56,141 - DEBUG - [Enemigo_1] Pos DESPUÉS update: Rect: (431, 288), Hitbox: (434, 291)
2025-05-18 02:57:56,141 - DEBUG - --- Fin Update Enemigo_1 ---
2025-05-18 02:57:56,141 - DEBUG - --- Inicio Update Enemigo_2 ---
2025-05-18 02:57:56,142 - DEBUG - [Enemigo_2] Pos ANTES update: Rect: (403, 308), Hitbox: (406, 311)
2025-05-18 02:57:56,142 - DEBUG - [Enemigo_2] Target (Jugador): (497, 315), Dist: 78.23, dx_obj: 78.00, dy_obj: -6.00
2025-05-18 02:57:56,142 - DEBUG - [Enemigo_2] Movimiento calculado: mov_x=1.50, mov_y=-0.12
2025-05-18 02:57:56,142 - DEBUG - [Enemigo_2] Pos DESPUÉS update: Rect: (404, 308), Hitbox: (407, 311)
2025-05-18 02:57:56,142 - DEBUG - --- Fin Update Enemigo_2 ---
2025-05-18 02:57:56,143 - DEBUG - --- Inicio Update Enemigo_3 ---
2025-05-18 02:57:56,143 - DEBUG - [Enemigo_3] Pos ANTES update: Rect: (390, 295), Hitbox: (393, 298)
2025-05-18 02:57:56,143 - DEBUG - [Enemigo_3] Target (Jugador): (497, 315), Dist: 91.27, dx_obj: 91.00, dy_obj: 7.00
2025-05-18 02:57:56,143 - DEBUG - [Enemigo_3] Movimiento calculado: mov_x=1.50, mov_y=0.12
2025-05-18 02:57:56,143 - DEBUG - [Enemigo_3] Pos DESPUÉS update: Rect: (391, 295), Hitbox: (394, 298)
2025-05-18 02:57:56,144 - DEBUG - --- Fin Update Enemigo_3 ---
2025-05-18 02:57:56,144 - DEBUG - --- Inicio Update Enemigo_4 ---
2025-05-18 02:57:56,144 - DEBUG - [Enemigo_4] Pos ANTES update: Rect: (400, 317), Hitbox: (403, 320)
2025-05-18 02:57:56,144 - DEBUG - [Enemigo_4] Target (Jugador): (497, 315), Dist: 82.38, dx_obj: 81.00, dy_obj: -15.00
2025-05-18 02:57:56,144 - DEBUG - [Enemigo_4] Movimiento calculado: mov_x=1.47, mov_y=-0.27
2025-05-18 02:57:56,144 - DEBUG - [Enemigo_4] Pos DESPUÉS update: Rect: (401, 317), Hitbox: (404, 320)
2025-05-18 02:57:56,144 - DEBUG - --- Fin Update Enemigo_4 ---
2025-05-18 02:57:56,145 - DEBUG - --- Inicio Update Enemigo_5 ---
2025-05-18 02:57:56,145 - DEBUG - [Enemigo_5] Pos ANTES update: Rect: (422, 282), Hitbox: (425, 285)
2025-05-18 02:57:56,145 - DEBUG - [Enemigo_5] Target (Jugador): (497, 315), Dist: 62.30, dx_obj: 59.00, dy_obj: 20.00
2025-05-18 02:57:56,145 - DEBUG - [Enemigo_5] Movimiento calculado: mov_x=1.42, mov_y=0.48
2025-05-18 02:57:56,145 - DEBUG - [Enemigo_5] Pos DESPUÉS update: Rect: (423, 282), Hitbox: (426, 285)
2025-05-18 02:57:56,146 - DEBUG - --- Fin Update Enemigo_5 ---
2025-05-18 02:57:56,146 - DEBUG - --- Inicio Update Enemigo_6 ---
2025-05-18 02:57:56,146 - DEBUG - [Enemigo_6] Pos ANTES update: Rect: (390, 295), Hitbox: (393, 298)
2025-05-18 02:57:56,146 - DEBUG - [Enemigo_6] Target (Jugador): (497, 315), Dist: 91.27, dx_obj: 91.00, dy_obj: 7.00
2025-05-18 02:57:56,146 - DEBUG - [Enemigo_6] Movimiento calculado: mov_x=1.50, mov_y=0.12
2025-05-18 02:57:56,146 - DEBUG - [Enemigo_6] Pos DESPUÉS update: Rect: (391, 295), Hitbox: (394, 298)
2025-05-18 02:57:56,146 - DEBUG - --- Fin Update Enemigo_6 ---
2025-05-18 02:57:56,155 - DEBUG - --- Inicio Update Enemigo_0 ---
2025-05-18 02:57:56,156 - DEBUG - [Enemigo_0] Pos ANTES update: Rect: (391, 295), Hitbox: (394, 298)
2025-05-18 02:57:56,156 - DEBUG - [Enemigo_0] Target (Jugador): (497, 315), Dist: 90.27, dx_obj: 90.00, dy_obj: 7.00
2025-05-18 02:57:56,157 - DEBUG - [Enemigo_0] Movimiento calculado: mov_x=1.50, mov_y=0.12
2025-05-18 02:57:56,157 - DEBUG - [Enemigo_0] Pos DESPUÉS update: Rect: (392, 295), Hitbox: (395, 298)
2025-05-18 02:57:56,158 - DEBUG - --- Fin Update Enemigo_0 ---
2025-05-18 02:57:56,158 - DEBUG - --- Inicio Update Enemigo_1 ---
2025-05-18 02:57:56,158 - DEBUG - [Enemigo_1] Pos ANTES update: Rect: (431, 288), Hitbox: (434, 291)
2025-05-18 02:57:56,158 - DEBUG - [Enemigo_1] Target (Jugador): (497, 315), Dist: 51.92, dx_obj: 50.00, dy_obj: 14.00
2025-05-18 02:57:56,158 - DEBUG - [Enemigo_1] Movimiento calculado: mov_x=1.44, mov_y=0.40
2025-05-18 02:57:56,159 - DEBUG - [Enemigo_1] Pos DESPUÉS update: Rect: (432, 288), Hitbox: (435, 291)
2025-05-18 02:57:56,159 - DEBUG - --- Fin Update Enemigo_1 ---
2025-05-18 02:57:56,159 - DEBUG - --- Inicio Update Enemigo_2 ---
2025-05-18 02:57:56,159 - DEBUG - [Enemigo_2] Pos ANTES update: Rect: (404, 308), Hitbox: (407, 311)
2025-05-18 02:57:56,160 - DEBUG - [Enemigo_2] Target (Jugador): (497, 315), Dist: 77.23, dx_obj: 77.00, dy_obj: -6.00
2025-05-18 02:57:56,160 - DEBUG - [Enemigo_2] Movimiento calculado: mov_x=1.50, mov_y=-0.12
2025-05-18 02:57:56,160 - DEBUG - [Enemigo_2] Pos DESPUÉS update: Rect: (405, 308), Hitbox: (408, 311)
2025-05-18 02:57:56,160 - DEBUG - --- Fin Update Enemigo_2 ---
2025-05-18 02:57:56,160 - DEBUG - --- Inicio Update Enemigo_3 ---
2025-05-18 02:57:56,160 - DEBUG - [Enemigo_3] Pos ANTES update: Rect: (391, 295), Hitbox: (394, 298)
2025-05-18 02:57:56,160 - DEBUG - [Enemigo_3] Target (Jugador): (497, 315), Dist: 90.27, dx_obj: 90.00, dy_obj: 7.00
2025-05-18 02:57:56,161 - DEBUG - [Enemigo_3] Movimiento calculado: mov_x=1.50, mov_y=0.12
2025-05-18 02:57:56,161 - DEBUG - [Enemigo_3] Pos DESPUÉS update: Rect: (392, 295), Hitbox: (395, 298)
2025-05-18 02:57:56,161 - DEBUG - --- Fin Update Enemigo_3 ---
2025-05-18 02:57:56,161 - DEBUG - --- Inicio Update Enemigo_4 ---
2025-05-18 02:57:56,161 - DEBUG - [Enemigo_4] Pos ANTES update: Rect: (401, 317), Hitbox: (404, 320)
2025-05-18 02:57:56,161 - DEBUG - [Enemigo_4] Target (Jugador): (497, 315), Dist: 81.39, dx_obj: 80.00, dy_obj: -15.00
2025-05-18 02:57:56,162 - DEBUG - [Enemigo_4] Movimiento calculado: mov_x=1.47, mov_y=-0.28
2025-05-18 02:57:56,162 - DEBUG - [Enemigo_4] Pos DESPUÉS update: Rect: (402, 317), Hitbox: (405, 320)
2025-05-18 02:57:56,162 - DEBUG - --- Fin Update Enemigo_4 ---
2025-05-18 02:57:56,162 - DEBUG - --- Inicio Update Enemigo_5 ---
2025-05-18 02:57:56,162 - DEBUG - [Enemigo_5] Pos ANTES update: Rect: (423, 282), Hitbox: (426, 285)
2025-05-18 02:57:56,162 - DEBUG - [Enemigo_5] Target (Jugador): (497, 315), Dist: 61.35, dx_obj: 58.00, dy_obj: 20.00
2025-05-18 02:57:56,162 - DEBUG - [Enemigo_5] Movimiento calculado: mov_x=1.42, mov_y=0.49
2025-05-18 02:57:56,163 - DEBUG - [Enemigo_5] Pos DESPUÉS update: Rect: (424, 282), Hitbox: (427, 285)
2025-05-18 02:57:56,163 - DEBUG - --- Fin Update Enemigo_5 ---
2025-05-18 02:57:56,163 - DEBUG - --- Inicio Update Enemigo_6 ---
2025-05-18 02:57:56,163 - DEBUG - [Enemigo_6] Pos ANTES update: Rect: (391, 295), Hitbox: (394, 298)
2025-05-18 02:57:56,163 - DEBUG - [Enemigo_6] Target (Jugador): (497, 315), Dist: 90.27, dx_obj: 90.00, dy_obj: 7.00
2025-05-18 02:57:56,163 - DEBUG - [Enemigo_6] Movimiento calculado: mov_x=1.50, mov_y=0.12
2025-05-18 02:57:56,164 - DEBUG - [Enemigo_6] Pos DESPUÉS update: Rect: (392, 295), Hitbox: (395, 298)
2025-05-18 02:57:56,164 - DEBUG - --- Fin Update Enemigo_6 ---
2025-05-18 02:57:56,172 - DEBUG - --- Inicio Update Enemigo_0 ---
2025-05-18 02:57:56,173 - DEBUG - [Enemigo_0] Pos ANTES update: Rect: (392, 295), Hitbox: (395, 298)
2025-05-18 02:57:56,173 - DEBUG - [Enemigo_0] Target (Jugador): (497, 315), Dist: 89.27, dx_obj: 89.00, dy_obj: 7.00
2025-05-18 02:57:56,173 - DEBUG - [Enemigo_0] Movimiento calculado: mov_x=1.50, mov_y=0.12
2025-05-18 02:57:56,174 - DEBUG - [Enemigo_0] Pos DESPUÉS update: Rect: (393, 295), Hitbox: (396, 298)
2025-05-18 02:57:56,174 - DEBUG - --- Fin Update Enemigo_0 ---
2025-05-18 02:57:56,174 - DEBUG - --- Inicio Update Enemigo_1 ---
2025-05-18 02:57:56,174 - DEBUG - [Enemigo_1] Pos ANTES update: Rect: (432, 288), Hitbox: (435, 291)
2025-05-18 02:57:56,174 - DEBUG - [Enemigo_1] Target (Jugador): (497, 315), Dist: 50.96, dx_obj: 49.00, dy_obj: 14.00
2025-05-18 02:57:56,175 - DEBUG - [Enemigo_1] Movimiento calculado: mov_x=1.44, mov_y=0.41
2025-05-18 02:57:56,175 - DEBUG - [Enemigo_1] Pos DESPUÉS update: Rect: (433, 288), Hitbox: (436, 291)
2025-05-18 02:57:56,175 - DEBUG - --- Fin Update Enemigo_1 ---
2025-05-18 02:57:56,175 - DEBUG - --- Inicio Update Enemigo_2 ---
2025-05-18 02:57:56,175 - DEBUG - [Enemigo_2] Pos ANTES update: Rect: (405, 308), Hitbox: (408, 311)
2025-05-18 02:57:56,175 - DEBUG - [Enemigo_2] Target (Jugador): (497, 315), Dist: 76.24, dx_obj: 76.00, dy_obj: -6.00
2025-05-18 02:57:56,176 - DEBUG - [Enemigo_2] Movimiento calculado: mov_x=1.50, mov_y=-0.12
2025-05-18 02:57:56,176 - DEBUG - [Enemigo_2] Pos DESPUÉS update: Rect: (406, 308), Hitbox: (409, 311)
2025-05-18 02:57:56,176 - DEBUG - --- Fin Update Enemigo_2 ---
2025-05-18 02:57:56,176 - DEBUG - --- Inicio Update Enemigo_3 ---
2025-05-18 02:57:56,176 - DEBUG - [Enemigo_3] Pos ANTES update: Rect: (392, 295), Hitbox: (395, 298)
2025-05-18 02:57:56,177 - DEBUG - [Enemigo_3] Target (Jugador): (497, 315), Dist: 89.27, dx_obj: 89.00, dy_obj: 7.00
2025-05-18 02:57:56,177 - DEBUG - [Enemigo_3] Movimiento calculado: mov_x=1.50, mov_y=0.12
2025-05-18 02:57:56,177 - DEBUG - [Enemigo_3] Pos DESPUÉS update: Rect: (393, 295), Hitbox: (396, 298)
2025-05-18 02:57:56,177 - DEBUG - --- Fin Update Enemigo_3 ---
2025-05-18 02:57:56,177 - DEBUG - --- Inicio Update Enemigo_4 ---
2025-05-18 02:57:56,177 - DEBUG - [Enemigo_4] Pos ANTES update: Rect: (402, 317), Hitbox: (405, 320)
2025-05-18 02:57:56,177 - DEBUG - [Enemigo_4] Target (Jugador): (497, 315), Dist: 80.41, dx_obj: 79.00, dy_obj: -15.00
2025-05-18 02:57:56,178 - DEBUG - [Enemigo_4] Movimiento calculado: mov_x=1.47, mov_y=-0.28
2025-05-18 02:57:56,178 - DEBUG - [Enemigo_4] Pos DESPUÉS update: Rect: (403, 317), Hitbox: (406, 320)
2025-05-18 02:57:56,178 - DEBUG - --- Fin Update Enemigo_4 ---
2025-05-18 02:57:56,178 - DEBUG - --- Inicio Update Enemigo_5 ---
2025-05-18 02:57:56,178 - DEBUG - [Enemigo_5] Pos ANTES update: Rect: (424, 282), Hitbox: (427, 285)
2025-05-18 02:57:56,178 - DEBUG - [Enemigo_5] Target (Jugador): (497, 315), Dist: 60.41, dx_obj: 57.00, dy_obj: 20.00
2025-05-18 02:57:56,179 - DEBUG - [Enemigo_5] Movimiento calculado: mov_x=1.42, mov_y=0.50
2025-05-18 02:57:56,179 - DEBUG - [Enemigo_5] Pos DESPUÉS update: Rect: (425, 282), Hitbox: (428, 285)
2025-05-18 02:57:56,179 - DEBUG - --- Fin Update Enemigo_5 ---
2025-05-18 02:57:56,179 - DEBUG - --- Inicio Update Enemigo_6 ---
2025-05-18 02:57:56,179 - DEBUG - [Enemigo_6] Pos ANTES update: Rect: (392, 295), Hitbox: (395, 298)
2025-05-18 02:57:56,179 - DEBUG - [Enemigo_6] Target (Jugador): (497, 315), Dist: 89.27, dx_obj: 89.00, dy_obj: 7.00
2025-05-18 02:57:56,179 - DEBUG - [Enemigo_6] Movimiento calculado: mov_x=1.50, mov_y=0.12
2025-05-18 02:57:56,180 - DEBUG - [Enemigo_6] Pos DESPUÉS update: Rect: (393, 295), Hitbox: (396, 298)
2025-05-18 02:57:56,180 - DEBUG - --- Fin Update Enemigo_6 ---
2025-05-18 02:57:56,189 - DEBUG - --- Inicio Update Enemigo_0 ---
2025-05-18 02:57:56,190 - DEBUG - [Enemigo_0] Pos ANTES update: Rect: (393, 295), Hitbox: (396, 298)
2025-05-18 02:57:56,190 - DEBUG - [Enemigo_0] Target (Jugador): (497, 315), Dist: 88.28, dx_obj: 88.00, dy_obj: 7.00
2025-05-18 02:57:56,191 - DEBUG - [Enemigo_0] Movimiento calculado: mov_x=1.50, mov_y=0.12
2025-05-18 02:57:56,191 - DEBUG - [Enemigo_0] Pos DESPUÉS update: Rect: (394, 295), Hitbox: (397, 298)
2025-05-18 02:57:56,191 - DEBUG - --- Fin Update Enemigo_0 ---
2025-05-18 02:57:56,191 - DEBUG - --- Inicio Update Enemigo_1 ---
2025-05-18 02:57:56,191 - DEBUG - [Enemigo_1] Pos ANTES update: Rect: (433, 288), Hitbox: (436, 291)
2025-05-18 02:57:56,192 - DEBUG - [Enemigo_1] Target (Jugador): (497, 315), Dist: 50.00, dx_obj: 48.00, dy_obj: 14.00
2025-05-18 02:57:56,192 - DEBUG - [Enemigo_1] Movimiento calculado: mov_x=1.44, mov_y=0.42
2025-05-18 02:57:56,192 - DEBUG - [Enemigo_1] Pos DESPUÉS update: Rect: (434, 288), Hitbox: (437, 291)
2025-05-18 02:57:56,192 - DEBUG - --- Fin Update Enemigo_1 ---
2025-05-18 02:57:56,192 - DEBUG - --- Inicio Update Enemigo_2 ---
2025-05-18 02:57:56,193 - DEBUG - [Enemigo_2] Pos ANTES update: Rect: (406, 308), Hitbox: (409, 311)
2025-05-18 02:57:56,193 - DEBUG - [Enemigo_2] Target (Jugador): (497, 315), Dist: 75.24, dx_obj: 75.00, dy_obj: -6.00
2025-05-18 02:57:56,193 - DEBUG - [Enemigo_2] Movimiento calculado: mov_x=1.50, mov_y=-0.12
2025-05-18 02:57:56,193 - DEBUG - [Enemigo_2] Pos DESPUÉS update: Rect: (407, 308), Hitbox: (410, 311)
2025-05-18 02:57:56,193 - DEBUG - --- Fin Update Enemigo_2 ---
2025-05-18 02:57:56,193 - DEBUG - --- Inicio Update Enemigo_3 ---
2025-05-18 02:57:56,193 - DEBUG - [Enemigo_3] Pos ANTES update: Rect: (393, 295), Hitbox: (396, 298)
2025-05-18 02:57:56,194 - DEBUG - [Enemigo_3] Target (Jugador): (497, 315), Dist: 88.28, dx_obj: 88.00, dy_obj: 7.00
2025-05-18 02:57:56,194 - DEBUG - [Enemigo_3] Movimiento calculado: mov_x=1.50, mov_y=0.12
2025-05-18 02:57:56,194 - DEBUG - [Enemigo_3] Pos DESPUÉS update: Rect: (394, 295), Hitbox: (397, 298)
2025-05-18 02:57:56,194 - DEBUG - --- Fin Update Enemigo_3 ---
2025-05-18 02:57:56,194 - DEBUG - --- Inicio Update Enemigo_4 ---
2025-05-18 02:57:56,194 - DEBUG - [Enemigo_4] Pos ANTES update: Rect: (403, 317), Hitbox: (406, 320)
2025-05-18 02:57:56,195 - DEBUG - [Enemigo_4] Target (Jugador): (497, 315), Dist: 79.43, dx_obj: 78.00, dy_obj: -15.00
2025-05-18 02:57:56,195 - DEBUG - [Enemigo_4] Movimiento calculado: mov_x=1.47, mov_y=-0.28
2025-05-18 02:57:56,195 - DEBUG - [Enemigo_4] Pos DESPUÉS update: Rect: (404, 317), Hitbox: (407, 320)
2025-05-18 02:57:56,195 - DEBUG - --- Fin Update Enemigo_4 ---
2025-05-18 02:57:56,195 - DEBUG - --- Inicio Update Enemigo_5 ---
2025-05-18 02:57:56,195 - DEBUG - [Enemigo_5] Pos ANTES update: Rect: (425, 282), Hitbox: (428, 285)
2025-05-18 02:57:56,195 - DEBUG - [Enemigo_5] Target (Jugador): (497, 315), Dist: 59.46, dx_obj: 56.00, dy_obj: 20.00
2025-05-18 02:57:56,196 - DEBUG - [Enemigo_5] Movimiento calculado: mov_x=1.41, mov_y=0.50
2025-05-18 02:57:56,196 - DEBUG - [Enemigo_5] Pos DESPUÉS update: Rect: (426, 283), Hitbox: (429, 286)
2025-05-18 02:57:56,196 - DEBUG - --- Fin Update Enemigo_5 ---
2025-05-18 02:57:56,196 - DEBUG - --- Inicio Update Enemigo_6 ---
2025-05-18 02:57:56,196 - DEBUG - [Enemigo_6] Pos ANTES update: Rect: (393, 295), Hitbox: (396, 298)
2025-05-18 02:57:56,196 - DEBUG - [Enemigo_6] Target (Jugador): (497, 315), Dist: 88.28, dx_obj: 88.00, dy_obj: 7.00
2025-05-18 02:57:56,197 - DEBUG - [Enemigo_6] Movimiento calculado: mov_x=1.50, mov_y=0.12
2025-05-18 02:57:56,197 - DEBUG - [Enemigo_6] Pos DESPUÉS update: Rect: (394, 295), Hitbox: (397, 298)
2025-05-18 02:57:56,197 - DEBUG - --- Fin Update Enemigo_6 ---
2025-05-18 02:57:56,206 - DEBUG - --- Inicio Update Enemigo_0 ---
2025-05-18 02:57:56,206 - DEBUG - [Enemigo_0] Pos ANTES update: Rect: (394, 295), Hitbox: (397, 298)
2025-05-18 02:57:56,206 - DEBUG - [Enemigo_0] Target (Jugador): (497, 315), Dist: 87.28, dx_obj: 87.00, dy_obj: 7.00
2025-05-18 02:57:56,207 - DEBUG - [Enemigo_0] Movimiento calculado: mov_x=1.50, mov_y=0.12
2025-05-18 02:57:56,207 - DEBUG - [Enemigo_0] Pos DESPUÉS update: Rect: (395, 295), Hitbox: (398, 298)
2025-05-18 02:57:56,207 - DEBUG - --- Fin Update Enemigo_0 ---
2025-05-18 02:57:56,207 - DEBUG - --- Inicio Update Enemigo_1 ---
2025-05-18 02:57:56,207 - DEBUG - [Enemigo_1] Pos ANTES update: Rect: (434, 288), Hitbox: (437, 291)
2025-05-18 02:57:56,208 - DEBUG - [Enemigo_1] Target (Jugador): (497, 315), Dist: 49.04, dx_obj: 47.00, dy_obj: 14.00
2025-05-18 02:57:56,208 - DEBUG - [Enemigo_1] Movimiento calculado: mov_x=1.44, mov_y=0.43
2025-05-18 02:57:56,208 - DEBUG - [Enemigo_1] Pos DESPUÉS update: Rect: (435, 288), Hitbox: (438, 291)
2025-05-18 02:57:56,208 - DEBUG - --- Fin Update Enemigo_1 ---
2025-05-18 02:57:56,208 - DEBUG - --- Inicio Update Enemigo_2 ---
2025-05-18 02:57:56,209 - DEBUG - [Enemigo_2] Pos ANTES update: Rect: (407, 308), Hitbox: (410, 311)
2025-05-18 02:57:56,209 - DEBUG - [Enemigo_2] Target (Jugador): (497, 315), Dist: 74.24, dx_obj: 74.00, dy_obj: -6.00
2025-05-18 02:57:56,209 - DEBUG - [Enemigo_2] Movimiento calculado: mov_x=1.50, mov_y=-0.12
2025-05-18 02:57:56,209 - DEBUG - [Enemigo_2] Pos DESPUÉS update: Rect: (408, 308), Hitbox: (411, 311)
2025-05-18 02:57:56,209 - DEBUG - --- Fin Update Enemigo_2 ---
2025-05-18 02:57:56,209 - DEBUG - --- Inicio Update Enemigo_3 ---
2025-05-18 02:57:56,209 - DEBUG - [Enemigo_3] Pos ANTES update: Rect: (394, 295), Hitbox: (397, 298)
2025-05-18 02:57:56,210 - DEBUG - [Enemigo_3] Target (Jugador): (497, 315), Dist: 87.28, dx_obj: 87.00, dy_obj: 7.00
2025-05-18 02:57:56,210 - DEBUG - [Enemigo_3] Movimiento calculado: mov_x=1.50, mov_y=0.12
2025-05-18 02:57:56,210 - DEBUG - [Enemigo_3] Pos DESPUÉS update: Rect: (395, 295), Hitbox: (398, 298)
2025-05-18 02:57:56,210 - DEBUG - --- Fin Update Enemigo_3 ---
2025-05-18 02:57:56,210 - DEBUG - --- Inicio Update Enemigo_4 ---
2025-05-18 02:57:56,211 - DEBUG - [Enemigo_4] Pos ANTES update: Rect: (404, 317), Hitbox: (407, 320)
2025-05-18 02:57:56,211 - DEBUG - [Enemigo_4] Target (Jugador): (497, 315), Dist: 78.45, dx_obj: 77.00, dy_obj: -15.00
2025-05-18 02:57:56,211 - DEBUG - [Enemigo_4] Movimiento calculado: mov_x=1.47, mov_y=-0.29
2025-05-18 02:57:56,211 - DEBUG - [Enemigo_4] Pos DESPUÉS update: Rect: (405, 317), Hitbox: (408, 320)
2025-05-18 02:57:56,211 - DEBUG - --- Fin Update Enemigo_4 ---
2025-05-18 02:57:56,211 - DEBUG - --- Inicio Update Enemigo_5 ---
2025-05-18 02:57:56,212 - DEBUG - [Enemigo_5] Pos ANTES update: Rect: (426, 283), Hitbox: (429, 286)
2025-05-18 02:57:56,212 - DEBUG - [Enemigo_5] Target (Jugador): (497, 315), Dist: 58.19, dx_obj: 55.00, dy_obj: 19.00
2025-05-18 02:57:56,212 - DEBUG - [Enemigo_5] Movimiento calculado: mov_x=1.42, mov_y=0.49
2025-05-18 02:57:56,212 - DEBUG - [Enemigo_5] Pos DESPUÉS update: Rect: (427, 283), Hitbox: (430, 286)
2025-05-18 02:57:56,212 - DEBUG - --- Fin Update Enemigo_5 ---
2025-05-18 02:57:56,212 - DEBUG - --- Inicio Update Enemigo_6 ---
2025-05-18 02:57:56,212 - DEBUG - [Enemigo_6] Pos ANTES update: Rect: (394, 295), Hitbox: (397, 298)
2025-05-18 02:57:56,213 - DEBUG - [Enemigo_6] Target (Jugador): (497, 315), Dist: 87.28, dx_obj: 87.00, dy_obj: 7.00
2025-05-18 02:57:56,213 - DEBUG - [Enemigo_6] Movimiento calculado: mov_x=1.50, mov_y=0.12
2025-05-18 02:57:56,213 - DEBUG - [Enemigo_6] Pos DESPUÉS update: Rect: (395, 295), Hitbox: (398, 298)
2025-05-18 02:57:56,213 - DEBUG - --- Fin Update Enemigo_6 ---
2025-05-18 02:57:56,223 - DEBUG - --- Inicio Update Enemigo_0 ---
2025-05-18 02:57:56,224 - DEBUG - [Enemigo_0] Pos ANTES update: Rect: (395, 295), Hitbox: (398, 298)
2025-05-18 02:57:56,224 - DEBUG - [Enemigo_0] Target (Jugador): (497, 315), Dist: 86.28, dx_obj: 86.00, dy_obj: 7.00
2025-05-18 02:57:56,225 - DEBUG - [Enemigo_0] Movimiento calculado: mov_x=1.50, mov_y=0.12
2025-05-18 02:57:56,225 - DEBUG - [Enemigo_0] Pos DESPUÉS update: Rect: (396, 295), Hitbox: (399, 298)
2025-05-18 02:57:56,225 - DEBUG - --- Fin Update Enemigo_0 ---
2025-05-18 02:57:56,226 - DEBUG - --- Inicio Update Enemigo_1 ---
2025-05-18 02:57:56,226 - DEBUG - [Enemigo_1] Pos ANTES update: Rect: (435, 288), Hitbox: (438, 291)
2025-05-18 02:57:56,226 - DEBUG - [Enemigo_1] Target (Jugador): (497, 315), Dist: 48.08, dx_obj: 46.00, dy_obj: 14.00
2025-05-18 02:57:56,226 - DEBUG - [Enemigo_1] Movimiento calculado: mov_x=1.44, mov_y=0.44
2025-05-18 02:57:56,226 - DEBUG - [Enemigo_1] Pos DESPUÉS update: Rect: (436, 288), Hitbox: (439, 291)
2025-05-18 02:57:56,227 - DEBUG - --- Fin Update Enemigo_1 ---
2025-05-18 02:57:56,227 - DEBUG - --- Inicio Update Enemigo_2 ---
2025-05-18 02:57:56,227 - DEBUG - [Enemigo_2] Pos ANTES update: Rect: (408, 308), Hitbox: (411, 311)
2025-05-18 02:57:56,227 - DEBUG - [Enemigo_2] Target (Jugador): (497, 315), Dist: 73.25, dx_obj: 73.00, dy_obj: -6.00
2025-05-18 02:57:56,227 - DEBUG - [Enemigo_2] Movimiento calculado: mov_x=1.49, mov_y=-0.12
2025-05-18 02:57:56,228 - DEBUG - [Enemigo_2] Pos DESPUÉS update: Rect: (409, 308), Hitbox: (412, 311)
2025-05-18 02:57:56,228 - DEBUG - --- Fin Update Enemigo_2 ---
2025-05-18 02:57:56,228 - DEBUG - --- Inicio Update Enemigo_3 ---
2025-05-18 02:57:56,228 - DEBUG - [Enemigo_3] Pos ANTES update: Rect: (395, 295), Hitbox: (398, 298)
2025-05-18 02:57:56,228 - DEBUG - [Enemigo_3] Target (Jugador): (497, 315), Dist: 86.28, dx_obj: 86.00, dy_obj: 7.00
2025-05-18 02:57:56,228 - DEBUG - [Enemigo_3] Movimiento calculado: mov_x=1.50, mov_y=0.12
2025-05-18 02:57:56,228 - DEBUG - [Enemigo_3] Pos DESPUÉS update: Rect: (396, 295), Hitbox: (399, 298)
2025-05-18 02:57:56,229 - DEBUG - --- Fin Update Enemigo_3 ---
2025-05-18 02:57:56,229 - DEBUG - --- Inicio Update Enemigo_4 ---
2025-05-18 02:57:56,229 - DEBUG - [Enemigo_4] Pos ANTES update: Rect: (405, 317), Hitbox: (408, 320)
2025-05-18 02:57:56,229 - DEBUG - [Enemigo_4] Target (Jugador): (497, 315), Dist: 77.47, dx_obj: 76.00, dy_obj: -15.00
2025-05-18 02:57:56,229 - DEBUG - [Enemigo_4] Movimiento calculado: mov_x=1.47, mov_y=-0.29
2025-05-18 02:57:56,229 - DEBUG - [Enemigo_4] Pos DESPUÉS update: Rect: (406, 317), Hitbox: (409, 320)
2025-05-18 02:57:56,229 - DEBUG - --- Fin Update Enemigo_4 ---
2025-05-18 02:57:56,230 - DEBUG - --- Inicio Update Enemigo_5 ---
2025-05-18 02:57:56,230 - DEBUG - [Enemigo_5] Pos ANTES update: Rect: (427, 283), Hitbox: (430, 286)
2025-05-18 02:57:56,230 - DEBUG - [Enemigo_5] Target (Jugador): (497, 315), Dist: 57.25, dx_obj: 54.00, dy_obj: 19.00
2025-05-18 02:57:56,230 - DEBUG - [Enemigo_5] Movimiento calculado: mov_x=1.41, mov_y=0.50
2025-05-18 02:57:56,230 - DEBUG - [Enemigo_5] Pos DESPUÉS update: Rect: (428, 283), Hitbox: (431, 286)
2025-05-18 02:57:56,230 - DEBUG - --- Fin Update Enemigo_5 ---
2025-05-18 02:57:56,231 - DEBUG - --- Inicio Update Enemigo_6 ---
2025-05-18 02:57:56,231 - DEBUG - [Enemigo_6] Pos ANTES update: Rect: (395, 295), Hitbox: (398, 298)
2025-05-18 02:57:56,231 - DEBUG - [Enemigo_6] Target (Jugador): (497, 315), Dist: 86.28, dx_obj: 86.00, dy_obj: 7.00
2025-05-18 02:57:56,231 - DEBUG - [Enemigo_6] Movimiento calculado: mov_x=1.50, mov_y=0.12
2025-05-18 02:57:56,231 - DEBUG - [Enemigo_6] Pos DESPUÉS update: Rect: (396, 295), Hitbox: (399, 298)
2025-05-18 02:57:56,231 - DEBUG - --- Fin Update Enemigo_6 ---
2025-05-18 02:57:56,239 - DEBUG - --- Inicio Update Enemigo_0 ---
2025-05-18 02:57:56,240 - DEBUG - [Enemigo_0] Pos ANTES update: Rect: (396, 295), Hitbox: (399, 298)
2025-05-18 02:57:56,240 - DEBUG - [Enemigo_0] Target (Jugador): (497, 315), Dist: 85.29, dx_obj: 85.00, dy_obj: 7.00
2025-05-18 02:57:56,240 - DEBUG - [Enemigo_0] Movimiento calculado: mov_x=1.49, mov_y=0.12
2025-05-18 02:57:56,241 - DEBUG - [Enemigo_0] Pos DESPUÉS update: Rect: (397, 295), Hitbox: (400, 298)
2025-05-18 02:57:56,241 - DEBUG - --- Fin Update Enemigo_0 ---
2025-05-18 02:57:56,241 - DEBUG - --- Inicio Update Enemigo_1 ---
2025-05-18 02:57:56,241 - DEBUG - [Enemigo_1] Pos ANTES update: Rect: (436, 288), Hitbox: (439, 291)
2025-05-18 02:57:56,241 - DEBUG - [Enemigo_1] Target (Jugador): (497, 315), Dist: 47.13, dx_obj: 45.00, dy_obj: 14.00
2025-05-18 02:57:56,242 - DEBUG - [Enemigo_1] Movimiento calculado: mov_x=1.43, mov_y=0.45
2025-05-18 02:57:56,242 - DEBUG - [Enemigo_1] Pos DESPUÉS update: Rect: (437, 288), Hitbox: (440, 291)
2025-05-18 02:57:56,242 - DEBUG - --- Fin Update Enemigo_1 ---
2025-05-18 02:57:56,242 - DEBUG - --- Inicio Update Enemigo_2 ---
2025-05-18 02:57:56,242 - DEBUG - [Enemigo_2] Pos ANTES update: Rect: (409, 308), Hitbox: (412, 311)
2025-05-18 02:57:56,242 - DEBUG - [Enemigo_2] Target (Jugador): (497, 315), Dist: 72.25, dx_obj: 72.00, dy_obj: -6.00
2025-05-18 02:57:56,243 - DEBUG - [Enemigo_2] Movimiento calculado: mov_x=1.49, mov_y=-0.12
2025-05-18 02:57:56,243 - DEBUG - [Enemigo_2] Pos DESPUÉS update: Rect: (410, 308), Hitbox: (413, 311)
2025-05-18 02:57:56,243 - DEBUG - --- Fin Update Enemigo_2 ---
2025-05-18 02:57:56,243 - DEBUG - --- Inicio Update Enemigo_3 ---
2025-05-18 02:57:56,243 - DEBUG - [Enemigo_3] Pos ANTES update: Rect: (396, 295), Hitbox: (399, 298)
2025-05-18 02:57:56,244 - DEBUG - [Enemigo_3] Target (Jugador): (497, 315), Dist: 85.29, dx_obj: 85.00, dy_obj: 7.00
2025-05-18 02:57:56,244 - DEBUG - [Enemigo_3] Movimiento calculado: mov_x=1.49, mov_y=0.12
2025-05-18 02:57:56,244 - DEBUG - [Enemigo_3] Pos DESPUÉS update: Rect: (397, 295), Hitbox: (400, 298)
2025-05-18 02:57:56,244 - DEBUG - --- Fin Update Enemigo_3 ---
2025-05-18 02:57:56,244 - DEBUG - --- Inicio Update Enemigo_4 ---
2025-05-18 02:57:56,244 - DEBUG - [Enemigo_4] Pos ANTES update: Rect: (406, 317), Hitbox: (409, 320)
2025-05-18 02:57:56,244 - DEBUG - [Enemigo_4] Target (Jugador): (497, 315), Dist: 76.49, dx_obj: 75.00, dy_obj: -15.00
2025-05-18 02:57:56,245 - DEBUG - [Enemigo_4] Movimiento calculado: mov_x=1.47, mov_y=-0.29
2025-05-18 02:57:56,245 - DEBUG - [Enemigo_4] Pos DESPUÉS update: Rect: (407, 317), Hitbox: (410, 320)
2025-05-18 02:57:56,245 - DEBUG - --- Fin Update Enemigo_4 ---
2025-05-18 02:57:56,245 - DEBUG - --- Inicio Update Enemigo_5 ---
2025-05-18 02:57:56,245 - DEBUG - [Enemigo_5] Pos ANTES update: Rect: (428, 283), Hitbox: (431, 286)
2025-05-18 02:57:56,245 - DEBUG - [Enemigo_5] Target (Jugador): (497, 315), Dist: 56.30, dx_obj: 53.00, dy_obj: 19.00
2025-05-18 02:57:56,246 - DEBUG - [Enemigo_5] Movimiento calculado: mov_x=1.41, mov_y=0.51
2025-05-18 02:57:56,246 - DEBUG - [Enemigo_5] Pos DESPUÉS update: Rect: (429, 284), Hitbox: (432, 287)
2025-05-18 02:57:56,246 - DEBUG - --- Fin Update Enemigo_5 ---
2025-05-18 02:57:56,246 - DEBUG - --- Inicio Update Enemigo_6 ---
2025-05-18 02:57:56,246 - DEBUG - [Enemigo_6] Pos ANTES update: Rect: (396, 295), Hitbox: (399, 298)
2025-05-18 02:57:56,246 - DEBUG - [Enemigo_6] Target (Jugador): (497, 315), Dist: 85.29, dx_obj: 85.00, dy_obj: 7.00
2025-05-18 02:57:56,246 - DEBUG - [Enemigo_6] Movimiento calculado: mov_x=1.49, mov_y=0.12
2025-05-18 02:57:56,246 - DEBUG - [Enemigo_6] Pos DESPUÉS update: Rect: (397, 295), Hitbox: (400, 298)
2025-05-18 02:57:56,247 - DEBUG - --- Fin Update Enemigo_6 ---
2025-05-18 02:57:56,256 - DEBUG - --- Inicio Update Enemigo_0 ---
2025-05-18 02:57:56,256 - DEBUG - [Enemigo_0] Pos ANTES update: Rect: (397, 295), Hitbox: (400, 298)
2025-05-18 02:57:56,257 - DEBUG - [Enemigo_0] Target (Jugador): (497, 315), Dist: 84.29, dx_obj: 84.00, dy_obj: 7.00
2025-05-18 02:57:56,258 - DEBUG - [Enemigo_0] Movimiento calculado: mov_x=1.49, mov_y=0.12
2025-05-18 02:57:56,258 - DEBUG - [Enemigo_0] Pos DESPUÉS update: Rect: (398, 295), Hitbox: (401, 298)
2025-05-18 02:57:56,258 - DEBUG - --- Fin Update Enemigo_0 ---
2025-05-18 02:57:56,259 - DEBUG - --- Inicio Update Enemigo_1 ---
2025-05-18 02:57:56,259 - DEBUG - [Enemigo_1] Pos ANTES update: Rect: (437, 288), Hitbox: (440, 291)
2025-05-18 02:57:56,259 - DEBUG - [Enemigo_1] Target (Jugador): (497, 315), Dist: 46.17, dx_obj: 44.00, dy_obj: 14.00
2025-05-18 02:57:56,259 - DEBUG - [Enemigo_1] Movimiento calculado: mov_x=1.43, mov_y=0.45
2025-05-18 02:57:56,259 - DEBUG - [Enemigo_1] Pos DESPUÉS update: Rect: (438, 288), Hitbox: (441, 291)
2025-05-18 02:57:56,259 - DEBUG - --- Fin Update Enemigo_1 ---
2025-05-18 02:57:56,260 - DEBUG - --- Inicio Update Enemigo_2 ---
2025-05-18 02:57:56,260 - DEBUG - [Enemigo_2] Pos ANTES update: Rect: (410, 308), Hitbox: (413, 311)
2025-05-18 02:57:56,260 - DEBUG - [Enemigo_2] Target (Jugador): (497, 315), Dist: 71.25, dx_obj: 71.00, dy_obj: -6.00
2025-05-18 02:57:56,260 - DEBUG - [Enemigo_2] Movimiento calculado: mov_x=1.49, mov_y=-0.13
2025-05-18 02:57:56,260 - DEBUG - [Enemigo_2] Pos DESPUÉS update: Rect: (411, 308), Hitbox: (414, 311)
2025-05-18 02:57:56,260 - DEBUG - --- Fin Update Enemigo_2 ---
2025-05-18 02:57:56,261 - DEBUG - --- Inicio Update Enemigo_3 ---
2025-05-18 02:57:56,261 - DEBUG - [Enemigo_3] Pos ANTES update: Rect: (397, 295), Hitbox: (400, 298)
2025-05-18 02:57:56,261 - DEBUG - [Enemigo_3] Target (Jugador): (497, 315), Dist: 84.29, dx_obj: 84.00, dy_obj: 7.00
2025-05-18 02:57:56,261 - DEBUG - [Enemigo_3] Movimiento calculado: mov_x=1.49, mov_y=0.12
2025-05-18 02:57:56,261 - DEBUG - [Enemigo_3] Pos DESPUÉS update: Rect: (398, 295), Hitbox: (401, 298)
2025-05-18 02:57:56,261 - DEBUG - --- Fin Update Enemigo_3 ---
2025-05-18 02:57:56,261 - DEBUG - --- Inicio Update Enemigo_4 ---
2025-05-18 02:57:56,261 - DEBUG - [Enemigo_4] Pos ANTES update: Rect: (407, 317), Hitbox: (410, 320)
2025-05-18 02:57:56,262 - DEBUG - [Enemigo_4] Target (Jugador): (497, 315), Dist: 75.50, dx_obj: 74.00, dy_obj: -15.00
2025-05-18 02:57:56,262 - DEBUG - [Enemigo_4] Movimiento calculado: mov_x=1.47, mov_y=-0.30
2025-05-18 02:57:56,262 - DEBUG - [Enemigo_4] Pos DESPUÉS update: Rect: (408, 317), Hitbox: (411, 320)
2025-05-18 02:57:56,262 - DEBUG - --- Fin Update Enemigo_4 ---
2025-05-18 02:57:56,262 - DEBUG - --- Inicio Update Enemigo_5 ---
2025-05-18 02:57:56,262 - DEBUG - [Enemigo_5] Pos ANTES update: Rect: (429, 284), Hitbox: (432, 287)
2025-05-18 02:57:56,263 - DEBUG - [Enemigo_5] Target (Jugador): (497, 315), Dist: 55.03, dx_obj: 52.00, dy_obj: 18.00
2025-05-18 02:57:56,263 - DEBUG - [Enemigo_5] Movimiento calculado: mov_x=1.42, mov_y=0.49
2025-05-18 02:57:56,263 - DEBUG - [Enemigo_5] Pos DESPUÉS update: Rect: (430, 284), Hitbox: (433, 287)
2025-05-18 02:57:56,263 - DEBUG - --- Fin Update Enemigo_5 ---
2025-05-18 02:57:56,263 - DEBUG - --- Inicio Update Enemigo_6 ---
2025-05-18 02:57:56,263 - DEBUG - [Enemigo_6] Pos ANTES update: Rect: (397, 295), Hitbox: (400, 298)
2025-05-18 02:57:56,264 - DEBUG - [Enemigo_6] Target (Jugador): (497, 315), Dist: 84.29, dx_obj: 84.00, dy_obj: 7.00
2025-05-18 02:57:56,264 - DEBUG - [Enemigo_6] Movimiento calculado: mov_x=1.49, mov_y=0.12
2025-05-18 02:57:56,264 - DEBUG - [Enemigo_6] Pos DESPUÉS update: Rect: (398, 295), Hitbox: (401, 298)
2025-05-18 02:57:56,264 - DEBUG - --- Fin Update Enemigo_6 ---
2025-05-18 02:57:56,272 - DEBUG - --- Inicio Update Enemigo_0 ---
2025-05-18 02:57:56,272 - DEBUG - [Enemigo_0] Pos ANTES update: Rect: (398, 295), Hitbox: (401, 298)
2025-05-18 02:57:56,272 - DEBUG - [Enemigo_0] Target (Jugador): (497, 315), Dist: 83.29, dx_obj: 83.00, dy_obj: 7.00
2025-05-18 02:57:56,272 - DEBUG - [Enemigo_0] Movimiento calculado: mov_x=1.49, mov_y=0.13
2025-05-18 02:57:56,273 - DEBUG - [Enemigo_0] Pos DESPUÉS update: Rect: (399, 295), Hitbox: (402, 298)
2025-05-18 02:57:56,273 - DEBUG - --- Fin Update Enemigo_0 ---
2025-05-18 02:57:56,273 - DEBUG - --- Inicio Update Enemigo_1 ---
2025-05-18 02:57:56,273 - DEBUG - [Enemigo_1] Pos ANTES update: Rect: (438, 288), Hitbox: (441, 291)
2025-05-18 02:57:56,273 - DEBUG - [Enemigo_1] Target (Jugador): (497, 315), Dist: 45.22, dx_obj: 43.00, dy_obj: 14.00
2025-05-18 02:57:56,274 - DEBUG - [Enemigo_1] Movimiento calculado: mov_x=1.43, mov_y=0.46
2025-05-18 02:57:56,274 - DEBUG - [Enemigo_1] Pos DESPUÉS update: Rect: (439, 288), Hitbox: (442, 291)
2025-05-18 02:57:56,274 - DEBUG - --- Fin Update Enemigo_1 ---
2025-05-18 02:57:56,274 - DEBUG - --- Inicio Update Enemigo_2 ---
2025-05-18 02:57:56,274 - DEBUG - [Enemigo_2] Pos ANTES update: Rect: (411, 308), Hitbox: (414, 311)
2025-05-18 02:57:56,274 - DEBUG - [Enemigo_2] Target (Jugador): (497, 315), Dist: 70.26, dx_obj: 70.00, dy_obj: -6.00
2025-05-18 02:57:56,275 - DEBUG - [Enemigo_2] Movimiento calculado: mov_x=1.49, mov_y=-0.13
2025-05-18 02:57:56,275 - DEBUG - [Enemigo_2] Pos DESPUÉS update: Rect: (412, 308), Hitbox: (415, 311)
2025-05-18 02:57:56,275 - DEBUG - --- Fin Update Enemigo_2 ---
2025-05-18 02:57:56,275 - DEBUG - --- Inicio Update Enemigo_3 ---
2025-05-18 02:57:56,275 - DEBUG - [Enemigo_3] Pos ANTES update: Rect: (398, 295), Hitbox: (401, 298)
2025-05-18 02:57:56,275 - DEBUG - [Enemigo_3] Target (Jugador): (497, 315), Dist: 83.29, dx_obj: 83.00, dy_obj: 7.00
2025-05-18 02:57:56,276 - DEBUG - [Enemigo_3] Movimiento calculado: mov_x=1.49, mov_y=0.13
2025-05-18 02:57:56,276 - DEBUG - [Enemigo_3] Pos DESPUÉS update: Rect: (399, 295), Hitbox: (402, 298)
2025-05-18 02:57:56,276 - DEBUG - --- Fin Update Enemigo_3 ---
2025-05-18 02:57:56,276 - DEBUG - --- Inicio Update Enemigo_4 ---
2025-05-18 02:57:56,276 - DEBUG - [Enemigo_4] Pos ANTES update: Rect: (408, 317), Hitbox: (411, 320)
2025-05-18 02:57:56,277 - DEBUG - [Enemigo_4] Target (Jugador): (497, 315), Dist: 74.53, dx_obj: 73.00, dy_obj: -15.00
2025-05-18 02:57:56,277 - DEBUG - [Enemigo_4] Movimiento calculado: mov_x=1.47, mov_y=-0.30
2025-05-18 02:57:56,277 - DEBUG - [Enemigo_4] Pos DESPUÉS update: Rect: (409, 317), Hitbox: (412, 320)
2025-05-18 02:57:56,277 - DEBUG - --- Fin Update Enemigo_4 ---
2025-05-18 02:57:56,277 - DEBUG - --- Inicio Update Enemigo_5 ---
2025-05-18 02:57:56,277 - DEBUG - [Enemigo_5] Pos ANTES update: Rect: (430, 284), Hitbox: (433, 287)
2025-05-18 02:57:56,278 - DEBUG - [Enemigo_5] Target (Jugador): (497, 315), Dist: 54.08, dx_obj: 51.00, dy_obj: 18.00
2025-05-18 02:57:56,278 - DEBUG - [Enemigo_5] Movimiento calculado: mov_x=1.41, mov_y=0.50
2025-05-18 02:57:56,278 - DEBUG - [Enemigo_5] Pos DESPUÉS update: Rect: (431, 284), Hitbox: (434, 287)
2025-05-18 02:57:56,278 - DEBUG - --- Fin Update Enemigo_5 ---
2025-05-18 02:57:56,278 - DEBUG - --- Inicio Update Enemigo_6 ---
2025-05-18 02:57:56,278 - DEBUG - [Enemigo_6] Pos ANTES update: Rect: (398, 295), Hitbox: (401, 298)
2025-05-18 02:57:56,279 - DEBUG - [Enemigo_6] Target (Jugador): (497, 315), Dist: 83.29, dx_obj: 83.00, dy_obj: 7.00
2025-05-18 02:57:56,279 - DEBUG - [Enemigo_6] Movimiento calculado: mov_x=1.49, mov_y=0.13
2025-05-18 02:57:56,279 - DEBUG - [Enemigo_6] Pos DESPUÉS update: Rect: (399, 295), Hitbox: (402, 298)
2025-05-18 02:57:56,279 - DEBUG - --- Fin Update Enemigo_6 ---
2025-05-18 02:57:56,289 - DEBUG - --- Inicio Update Enemigo_0 ---
2025-05-18 02:57:56,289 - DEBUG - [Enemigo_0] Pos ANTES update: Rect: (399, 295), Hitbox: (402, 298)
2025-05-18 02:57:56,289 - DEBUG - [Enemigo_0] Target (Jugador): (497, 315), Dist: 82.30, dx_obj: 82.00, dy_obj: 7.00
2025-05-18 02:57:56,290 - DEBUG - [Enemigo_0] Movimiento calculado: mov_x=1.49, mov_y=0.13
2025-05-18 02:57:56,290 - DEBUG - [Enemigo_0] Pos DESPUÉS update: Rect: (400, 295), Hitbox: (403, 298)
2025-05-18 02:57:56,290 - DEBUG - --- Fin Update Enemigo_0 ---
2025-05-18 02:57:56,290 - DEBUG - --- Inicio Update Enemigo_1 ---
2025-05-18 02:57:56,291 - DEBUG - [Enemigo_1] Pos ANTES update: Rect: (439, 288), Hitbox: (442, 291)
2025-05-18 02:57:56,291 - DEBUG - [Enemigo_1] Target (Jugador): (497, 315), Dist: 44.27, dx_obj: 42.00, dy_obj: 14.00
2025-05-18 02:57:56,291 - DEBUG - [Enemigo_1] Movimiento calculado: mov_x=1.42, mov_y=0.47
2025-05-18 02:57:56,291 - DEBUG - [Enemigo_1] Pos DESPUÉS update: Rect: (440, 288), Hitbox: (443, 291)
2025-05-18 02:57:56,292 - DEBUG - --- Fin Update Enemigo_1 ---
2025-05-18 02:57:56,292 - DEBUG - --- Inicio Update Enemigo_2 ---
2025-05-18 02:57:56,292 - DEBUG - [Enemigo_2] Pos ANTES update: Rect: (412, 308), Hitbox: (415, 311)
2025-05-18 02:57:56,292 - DEBUG - [Enemigo_2] Target (Jugador): (497, 315), Dist: 69.26, dx_obj: 69.00, dy_obj: -6.00
2025-05-18 02:57:56,292 - DEBUG - [Enemigo_2] Movimiento calculado: mov_x=1.49, mov_y=-0.13
2025-05-18 02:57:56,292 - DEBUG - [Enemigo_2] Pos DESPUÉS update: Rect: (413, 308), Hitbox: (416, 311)
2025-05-18 02:57:56,293 - DEBUG - --- Fin Update Enemigo_2 ---
2025-05-18 02:57:56,293 - DEBUG - --- Inicio Update Enemigo_3 ---
2025-05-18 02:57:56,293 - DEBUG - [Enemigo_3] Pos ANTES update: Rect: (399, 295), Hitbox: (402, 298)
2025-05-18 02:57:56,293 - DEBUG - [Enemigo_3] Target (Jugador): (497, 315), Dist: 82.30, dx_obj: 82.00, dy_obj: 7.00
2025-05-18 02:57:56,293 - DEBUG - [Enemigo_3] Movimiento calculado: mov_x=1.49, mov_y=0.13
2025-05-18 02:57:56,293 - DEBUG - [Enemigo_3] Pos DESPUÉS update: Rect: (400, 295), Hitbox: (403, 298)
2025-05-18 02:57:56,293 - DEBUG - --- Fin Update Enemigo_3 ---
2025-05-18 02:57:56,294 - DEBUG - --- Inicio Update Enemigo_4 ---
2025-05-18 02:57:56,294 - DEBUG - [Enemigo_4] Pos ANTES update: Rect: (409, 317), Hitbox: (412, 320)
2025-05-18 02:57:56,294 - DEBUG - [Enemigo_4] Target (Jugador): (497, 315), Dist: 73.55, dx_obj: 72.00, dy_obj: -15.00
2025-05-18 02:57:56,294 - DEBUG - [Enemigo_4] Movimiento calculado: mov_x=1.47, mov_y=-0.31
2025-05-18 02:57:56,294 - DEBUG - [Enemigo_4] Pos DESPUÉS update: Rect: (410, 317), Hitbox: (413, 320)
2025-05-18 02:57:56,295 - DEBUG - --- Fin Update Enemigo_4 ---
2025-05-18 02:57:56,295 - DEBUG - --- Inicio Update Enemigo_5 ---
2025-05-18 02:57:56,295 - DEBUG - [Enemigo_5] Pos ANTES update: Rect: (431, 284), Hitbox: (434, 287)
2025-05-18 02:57:56,295 - DEBUG - [Enemigo_5] Target (Jugador): (497, 315), Dist: 53.14, dx_obj: 50.00, dy_obj: 18.00
2025-05-18 02:57:56,295 - DEBUG - [Enemigo_5] Movimiento calculado: mov_x=1.41, mov_y=0.51
2025-05-18 02:57:56,295 - DEBUG - [Enemigo_5] Pos DESPUÉS update: Rect: (432, 285), Hitbox: (435, 288)
2025-05-18 02:57:56,296 - DEBUG - --- Fin Update Enemigo_5 ---
2025-05-18 02:57:56,296 - DEBUG - --- Inicio Update Enemigo_6 ---
2025-05-18 02:57:56,296 - DEBUG - [Enemigo_6] Pos ANTES update: Rect: (399, 295), Hitbox: (402, 298)
2025-05-18 02:57:56,296 - DEBUG - [Enemigo_6] Target (Jugador): (497, 315), Dist: 82.30, dx_obj: 82.00, dy_obj: 7.00
2025-05-18 02:57:56,296 - DEBUG - [Enemigo_6] Movimiento calculado: mov_x=1.49, mov_y=0.13
2025-05-18 02:57:56,296 - DEBUG - [Enemigo_6] Pos DESPUÉS update: Rect: (400, 295), Hitbox: (403, 298)
2025-05-18 02:57:56,297 - DEBUG - --- Fin Update Enemigo_6 ---
2025-05-18 02:57:56,304 - DEBUG - --- Inicio Update Enemigo_0 ---
2025-05-18 02:57:56,305 - DEBUG - [Enemigo_0] Pos ANTES update: Rect: (400, 295), Hitbox: (403, 298)
2025-05-18 02:57:56,305 - DEBUG - [Enemigo_0] Target (Jugador): (497, 315), Dist: 81.30, dx_obj: 81.00, dy_obj: 7.00
2025-05-18 02:57:56,305 - DEBUG - [Enemigo_0] Movimiento calculado: mov_x=1.49, mov_y=0.13
2025-05-18 02:57:56,305 - DEBUG - [Enemigo_0] Pos DESPUÉS update: Rect: (401, 295), Hitbox: (404, 298)
2025-05-18 02:57:56,306 - DEBUG - --- Fin Update Enemigo_0 ---
2025-05-18 02:57:56,306 - DEBUG - --- Inicio Update Enemigo_1 ---
2025-05-18 02:57:56,306 - DEBUG - [Enemigo_1] Pos ANTES update: Rect: (440, 288), Hitbox: (443, 291)
2025-05-18 02:57:56,306 - DEBUG - [Enemigo_1] Target (Jugador): (497, 315), Dist: 43.32, dx_obj: 41.00, dy_obj: 14.00
2025-05-18 02:57:56,306 - DEBUG - [Enemigo_1] Movimiento calculado: mov_x=1.42, mov_y=0.48
2025-05-18 02:57:56,307 - DEBUG - [Enemigo_1] Pos DESPUÉS update: Rect: (441, 288), Hitbox: (444, 291)
2025-05-18 02:57:56,307 - DEBUG - --- Fin Update Enemigo_1 ---
2025-05-18 02:57:56,307 - DEBUG - --- Inicio Update Enemigo_2 ---
2025-05-18 02:57:56,307 - DEBUG - [Enemigo_2] Pos ANTES update: Rect: (413, 308), Hitbox: (416, 311)
2025-05-18 02:57:56,307 - DEBUG - [Enemigo_2] Target (Jugador): (497, 315), Dist: 68.26, dx_obj: 68.00, dy_obj: -6.00
2025-05-18 02:57:56,307 - DEBUG - [Enemigo_2] Movimiento calculado: mov_x=1.49, mov_y=-0.13
2025-05-18 02:57:56,308 - DEBUG - [Enemigo_2] Pos DESPUÉS update: Rect: (414, 308), Hitbox: (417, 311)
2025-05-18 02:57:56,308 - DEBUG - --- Fin Update Enemigo_2 ---
2025-05-18 02:57:56,308 - DEBUG - --- Inicio Update Enemigo_3 ---
2025-05-18 02:57:56,308 - DEBUG - [Enemigo_3] Pos ANTES update: Rect: (400, 295), Hitbox: (403, 298)
2025-05-18 02:57:56,308 - DEBUG - [Enemigo_3] Target (Jugador): (497, 315), Dist: 81.30, dx_obj: 81.00, dy_obj: 7.00
2025-05-18 02:57:56,309 - DEBUG - [Enemigo_3] Movimiento calculado: mov_x=1.49, mov_y=0.13
2025-05-18 02:57:56,309 - DEBUG - [Enemigo_3] Pos DESPUÉS update: Rect: (401, 295), Hitbox: (404, 298)
2025-05-18 02:57:56,309 - DEBUG - --- Fin Update Enemigo_3 ---
2025-05-18 02:57:56,309 - DEBUG - --- Inicio Update Enemigo_4 ---
2025-05-18 02:57:56,309 - DEBUG - [Enemigo_4] Pos ANTES update: Rect: (410, 317), Hitbox: (413, 320)
2025-05-18 02:57:56,309 - DEBUG - [Enemigo_4] Target (Jugador): (497, 315), Dist: 72.57, dx_obj: 71.00, dy_obj: -15.00
2025-05-18 02:57:56,310 - DEBUG - [Enemigo_4] Movimiento calculado: mov_x=1.47, mov_y=-0.31
2025-05-18 02:57:56,310 - DEBUG - [Enemigo_4] Pos DESPUÉS update: Rect: (411, 317), Hitbox: (414, 320)
2025-05-18 02:57:56,310 - DEBUG - --- Fin Update Enemigo_4 ---
2025-05-18 02:57:56,310 - DEBUG - --- Inicio Update Enemigo_5 ---
2025-05-18 02:57:56,310 - DEBUG - [Enemigo_5] Pos ANTES update: Rect: (432, 285), Hitbox: (435, 288)
2025-05-18 02:57:56,310 - DEBUG - [Enemigo_5] Target (Jugador): (497, 315), Dist: 51.87, dx_obj: 49.00, dy_obj: 17.00
2025-05-18 02:57:56,311 - DEBUG - [Enemigo_5] Movimiento calculado: mov_x=1.42, mov_y=0.49
2025-05-18 02:57:56,311 - DEBUG - [Enemigo_5] Pos DESPUÉS update: Rect: (433, 285), Hitbox: (436, 288)
2025-05-18 02:57:56,311 - DEBUG - --- Fin Update Enemigo_5 ---
2025-05-18 02:57:56,311 - DEBUG - --- Inicio Update Enemigo_6 ---
2025-05-18 02:57:56,311 - DEBUG - [Enemigo_6] Pos ANTES update: Rect: (400, 295), Hitbox: (403, 298)
2025-05-18 02:57:56,311 - DEBUG - [Enemigo_6] Target (Jugador): (497, 315), Dist: 81.30, dx_obj: 81.00, dy_obj: 7.00
2025-05-18 02:57:56,312 - DEBUG - [Enemigo_6] Movimiento calculado: mov_x=1.49, mov_y=0.13
2025-05-18 02:57:56,312 - DEBUG - [Enemigo_6] Pos DESPUÉS update: Rect: (401, 295), Hitbox: (404, 298)
2025-05-18 02:57:56,312 - DEBUG - --- Fin Update Enemigo_6 ---
2025-05-18 02:57:56,321 - DEBUG - --- Inicio Update Enemigo_0 ---
2025-05-18 02:57:56,322 - DEBUG - [Enemigo_0] Pos ANTES update: Rect: (401, 295), Hitbox: (404, 298)
2025-05-18 02:57:56,322 - DEBUG - [Enemigo_0] Target (Jugador): (497, 315), Dist: 80.31, dx_obj: 80.00, dy_obj: 7.00
2025-05-18 02:57:56,322 - DEBUG - [Enemigo_0] Movimiento calculado: mov_x=1.49, mov_y=0.13
2025-05-18 02:57:56,323 - DEBUG - [Enemigo_0] Pos DESPUÉS update: Rect: (402, 295), Hitbox: (405, 298)
2025-05-18 02:57:56,323 - DEBUG - --- Fin Update Enemigo_0 ---
2025-05-18 02:57:56,323 - DEBUG - --- Inicio Update Enemigo_1 ---
2025-05-18 02:57:56,323 - DEBUG - [Enemigo_1] Pos ANTES update: Rect: (441, 288), Hitbox: (444, 291)
2025-05-18 02:57:56,323 - DEBUG - [Enemigo_1] Target (Jugador): (497, 315), Dist: 42.38, dx_obj: 40.00, dy_obj: 14.00
2025-05-18 02:57:56,324 - DEBUG - [Enemigo_1] Movimiento calculado: mov_x=1.42, mov_y=0.50
2025-05-18 02:57:56,324 - DEBUG - [Enemigo_1] Pos DESPUÉS update: Rect: (442, 288), Hitbox: (445, 291)
2025-05-18 02:57:56,324 - DEBUG - --- Fin Update Enemigo_1 ---
2025-05-18 02:57:56,325 - DEBUG - --- Inicio Update Enemigo_2 ---
2025-05-18 02:57:56,325 - DEBUG - [Enemigo_2] Pos ANTES update: Rect: (414, 308), Hitbox: (417, 311)
2025-05-18 02:57:56,325 - DEBUG - [Enemigo_2] Target (Jugador): (497, 315), Dist: 67.27, dx_obj: 67.00, dy_obj: -6.00
2025-05-18 02:57:56,325 - DEBUG - [Enemigo_2] Movimiento calculado: mov_x=1.49, mov_y=-0.13
2025-05-18 02:57:56,325 - DEBUG - [Enemigo_2] Pos DESPUÉS update: Rect: (415, 308), Hitbox: (418, 311)
2025-05-18 02:57:56,326 - DEBUG - --- Fin Update Enemigo_2 ---
2025-05-18 02:57:56,326 - DEBUG - --- Inicio Update Enemigo_3 ---
2025-05-18 02:57:56,326 - DEBUG - [Enemigo_3] Pos ANTES update: Rect: (401, 295), Hitbox: (404, 298)
2025-05-18 02:57:56,326 - DEBUG - [Enemigo_3] Target (Jugador): (497, 315), Dist: 80.31, dx_obj: 80.00, dy_obj: 7.00
2025-05-18 02:57:56,326 - DEBUG - [Enemigo_3] Movimiento calculado: mov_x=1.49, mov_y=0.13
2025-05-18 02:57:56,326 - DEBUG - [Enemigo_3] Pos DESPUÉS update: Rect: (402, 295), Hitbox: (405, 298)
2025-05-18 02:57:56,327 - DEBUG - --- Fin Update Enemigo_3 ---
2025-05-18 02:57:56,327 - DEBUG - --- Inicio Update Enemigo_4 ---
2025-05-18 02:57:56,327 - DEBUG - [Enemigo_4] Pos ANTES update: Rect: (411, 317), Hitbox: (414, 320)
2025-05-18 02:57:56,327 - DEBUG - [Enemigo_4] Target (Jugador): (497, 315), Dist: 71.59, dx_obj: 70.00, dy_obj: -15.00
2025-05-18 02:57:56,327 - DEBUG - [Enemigo_4] Movimiento calculado: mov_x=1.47, mov_y=-0.31
2025-05-18 02:57:56,327 - DEBUG - [Enemigo_4] Pos DESPUÉS update: Rect: (412, 317), Hitbox: (415, 320)
2025-05-18 02:57:56,328 - DEBUG - --- Fin Update Enemigo_4 ---
2025-05-18 02:57:56,328 - DEBUG - --- Inicio Update Enemigo_5 ---
2025-05-18 02:57:56,328 - DEBUG - [Enemigo_5] Pos ANTES update: Rect: (433, 285), Hitbox: (436, 288)
2025-05-18 02:57:56,328 - DEBUG - [Enemigo_5] Target (Jugador): (497, 315), Dist: 50.92, dx_obj: 48.00, dy_obj: 17.00
2025-05-18 02:57:56,328 - DEBUG - [Enemigo_5] Movimiento calculado: mov_x=1.41, mov_y=0.50
2025-05-18 02:57:56,329 - DEBUG - [Enemigo_5] Pos DESPUÉS update: Rect: (434, 286), Hitbox: (437, 289)
2025-05-18 02:57:56,329 - DEBUG - --- Fin Update Enemigo_5 ---
2025-05-18 02:57:56,329 - DEBUG - --- Inicio Update Enemigo_6 ---
2025-05-18 02:57:56,329 - DEBUG - [Enemigo_6] Pos ANTES update: Rect: (401, 295), Hitbox: (404, 298)
2025-05-18 02:57:56,329 - DEBUG - [Enemigo_6] Target (Jugador): (497, 315), Dist: 80.31, dx_obj: 80.00, dy_obj: 7.00
2025-05-18 02:57:56,329 - DEBUG - [Enemigo_6] Movimiento calculado: mov_x=1.49, mov_y=0.13
2025-05-18 02:57:56,330 - DEBUG - [Enemigo_6] Pos DESPUÉS update: Rect: (402, 295), Hitbox: (405, 298)
2025-05-18 02:57:56,330 - DEBUG - --- Fin Update Enemigo_6 ---
2025-05-18 02:57:56,337 - DEBUG - --- Inicio Update Enemigo_0 ---
2025-05-18 02:57:56,337 - DEBUG - [Enemigo_0] Pos ANTES update: Rect: (402, 295), Hitbox: (405, 298)
2025-05-18 02:57:56,338 - DEBUG - [Enemigo_0] Target (Jugador): (497, 315), Dist: 79.31, dx_obj: 79.00, dy_obj: 7.00
2025-05-18 02:57:56,338 - DEBUG - [Enemigo_0] Movimiento calculado: mov_x=1.49, mov_y=0.13
2025-05-18 02:57:56,338 - DEBUG - [Enemigo_0] Pos DESPUÉS update: Rect: (403, 295), Hitbox: (406, 298)
2025-05-18 02:57:56,338 - DEBUG - --- Fin Update Enemigo_0 ---
2025-05-18 02:57:56,339 - DEBUG - --- Inicio Update Enemigo_1 ---
2025-05-18 02:57:56,339 - DEBUG - [Enemigo_1] Pos ANTES update: Rect: (442, 288), Hitbox: (445, 291)
2025-05-18 02:57:56,339 - DEBUG - [Enemigo_1] Target (Jugador): (497, 315), Dist: 41.44, dx_obj: 39.00, dy_obj: 14.00
2025-05-18 02:57:56,339 - DEBUG - [Enemigo_1] Movimiento calculado: mov_x=1.41, mov_y=0.51
2025-05-18 02:57:56,339 - DEBUG - [Enemigo_1] Pos DESPUÉS update: Rect: (443, 289), Hitbox: (446, 292)
2025-05-18 02:57:56,340 - DEBUG - --- Fin Update Enemigo_1 ---
2025-05-18 02:57:56,340 - DEBUG - --- Inicio Update Enemigo_2 ---
2025-05-18 02:57:56,340 - DEBUG - [Enemigo_2] Pos ANTES update: Rect: (415, 308), Hitbox: (418, 311)
2025-05-18 02:57:56,340 - DEBUG - [Enemigo_2] Target (Jugador): (497, 315), Dist: 66.27, dx_obj: 66.00, dy_obj: -6.00
2025-05-18 02:57:56,340 - DEBUG - [Enemigo_2] Movimiento calculado: mov_x=1.49, mov_y=-0.14
2025-05-18 02:57:56,340 - DEBUG - [Enemigo_2] Pos DESPUÉS update: Rect: (416, 308), Hitbox: (419, 311)
2025-05-18 02:57:56,340 - DEBUG - --- Fin Update Enemigo_2 ---
2025-05-18 02:57:56,341 - DEBUG - --- Inicio Update Enemigo_3 ---
2025-05-18 02:57:56,341 - DEBUG - [Enemigo_3] Pos ANTES update: Rect: (402, 295), Hitbox: (405, 298)
2025-05-18 02:57:56,341 - DEBUG - [Enemigo_3] Target (Jugador): (497, 315), Dist: 79.31, dx_obj: 79.00, dy_obj: 7.00
2025-05-18 02:57:56,341 - DEBUG - [Enemigo_3] Movimiento calculado: mov_x=1.49, mov_y=0.13
2025-05-18 02:57:56,341 - DEBUG - [Enemigo_3] Pos DESPUÉS update: Rect: (403, 295), Hitbox: (406, 298)
2025-05-18 02:57:56,341 - DEBUG - --- Fin Update Enemigo_3 ---
2025-05-18 02:57:56,342 - DEBUG - --- Inicio Update Enemigo_4 ---
2025-05-18 02:57:56,342 - DEBUG - [Enemigo_4] Pos ANTES update: Rect: (412, 317), Hitbox: (415, 320)
2025-05-18 02:57:56,342 - DEBUG - [Enemigo_4] Target (Jugador): (497, 315), Dist: 70.61, dx_obj: 69.00, dy_obj: -15.00
2025-05-18 02:57:56,342 - DEBUG - [Enemigo_4] Movimiento calculado: mov_x=1.47, mov_y=-0.32
2025-05-18 02:57:56,342 - DEBUG - [Enemigo_4] Pos DESPUÉS update: Rect: (413, 317), Hitbox: (416, 320)
2025-05-18 02:57:56,343 - DEBUG - --- Fin Update Enemigo_4 ---
2025-05-18 02:57:56,343 - DEBUG - --- Inicio Update Enemigo_5 ---
2025-05-18 02:57:56,343 - DEBUG - [Enemigo_5] Pos ANTES update: Rect: (434, 286), Hitbox: (437, 289)
2025-05-18 02:57:56,343 - DEBUG - [Enemigo_5] Target (Jugador): (497, 315), Dist: 49.65, dx_obj: 47.00, dy_obj: 16.00
2025-05-18 02:57:56,343 - DEBUG - [Enemigo_5] Movimiento calculado: mov_x=1.42, mov_y=0.48
2025-05-18 02:57:56,343 - DEBUG - [Enemigo_5] Pos DESPUÉS update: Rect: (435, 286), Hitbox: (438, 289)
2025-05-18 02:57:56,344 - DEBUG - --- Fin Update Enemigo_5 ---
2025-05-18 02:57:56,344 - DEBUG - --- Inicio Update Enemigo_6 ---
2025-05-18 02:57:56,344 - DEBUG - [Enemigo_6] Pos ANTES update: Rect: (402, 295), Hitbox: (405, 298)
2025-05-18 02:57:56,344 - DEBUG - [Enemigo_6] Target (Jugador): (497, 315), Dist: 79.31, dx_obj: 79.00, dy_obj: 7.00
2025-05-18 02:57:56,344 - DEBUG - [Enemigo_6] Movimiento calculado: mov_x=1.49, mov_y=0.13
2025-05-18 02:57:56,344 - DEBUG - [Enemigo_6] Pos DESPUÉS update: Rect: (403, 295), Hitbox: (406, 298)
2025-05-18 02:57:56,344 - DEBUG - --- Fin Update Enemigo_6 ---
2025-05-18 02:57:56,354 - DEBUG - --- Inicio Update Enemigo_0 ---
2025-05-18 02:57:56,354 - DEBUG - [Enemigo_0] Pos ANTES update: Rect: (403, 295), Hitbox: (406, 298)
2025-05-18 02:57:56,354 - DEBUG - [Enemigo_0] Target (Jugador): (497, 315), Dist: 78.31, dx_obj: 78.00, dy_obj: 7.00
2025-05-18 02:57:56,355 - DEBUG - [Enemigo_0] Movimiento calculado: mov_x=1.49, mov_y=0.13
2025-05-18 02:57:56,355 - DEBUG - [Enemigo_0] Pos DESPUÉS update: Rect: (404, 295), Hitbox: (407, 298)
2025-05-18 02:57:56,355 - DEBUG - --- Fin Update Enemigo_0 ---
2025-05-18 02:57:56,355 - DEBUG - --- Inicio Update Enemigo_1 ---
2025-05-18 02:57:56,356 - DEBUG - [Enemigo_1] Pos ANTES update: Rect: (443, 289), Hitbox: (446, 292)
2025-05-18 02:57:56,356 - DEBUG - [Enemigo_1] Target (Jugador): (497, 315), Dist: 40.16, dx_obj: 38.00, dy_obj: 13.00
2025-05-18 02:57:56,356 - DEBUG - [Enemigo_1] Movimiento calculado: mov_x=1.42, mov_y=0.49
2025-05-18 02:57:56,356 - DEBUG - [Enemigo_1] Pos DESPUÉS update: Rect: (444, 289), Hitbox: (447, 292)
2025-05-18 02:57:56,357 - DEBUG - --- Fin Update Enemigo_1 ---
2025-05-18 02:57:56,357 - DEBUG - --- Inicio Update Enemigo_2 ---
2025-05-18 02:57:56,357 - DEBUG - [Enemigo_2] Pos ANTES update: Rect: (416, 308), Hitbox: (419, 311)
2025-05-18 02:57:56,357 - DEBUG - [Enemigo_2] Target (Jugador): (497, 315), Dist: 65.28, dx_obj: 65.00, dy_obj: -6.00
2025-05-18 02:57:56,358 - DEBUG - [Enemigo_2] Movimiento calculado: mov_x=1.49, mov_y=-0.14
2025-05-18 02:57:56,358 - DEBUG - [Enemigo_2] Pos DESPUÉS update: Rect: (417, 308), Hitbox: (420, 311)
2025-05-18 02:57:56,358 - DEBUG - --- Fin Update Enemigo_2 ---
2025-05-18 02:57:56,358 - DEBUG - --- Inicio Update Enemigo_3 ---
2025-05-18 02:57:56,358 - DEBUG - [Enemigo_3] Pos ANTES update: Rect: (403, 295), Hitbox: (406, 298)
2025-05-18 02:57:56,358 - DEBUG - [Enemigo_3] Target (Jugador): (497, 315), Dist: 78.31, dx_obj: 78.00, dy_obj: 7.00
2025-05-18 02:57:56,359 - DEBUG - [Enemigo_3] Movimiento calculado: mov_x=1.49, mov_y=0.13
2025-05-18 02:57:56,359 - DEBUG - [Enemigo_3] Pos DESPUÉS update: Rect: (404, 295), Hitbox: (407, 298)
2025-05-18 02:57:56,359 - DEBUG - --- Fin Update Enemigo_3 ---
2025-05-18 02:57:56,359 - DEBUG - --- Inicio Update Enemigo_4 ---
2025-05-18 02:57:56,359 - DEBUG - [Enemigo_4] Pos ANTES update: Rect: (413, 317), Hitbox: (416, 320)
2025-05-18 02:57:56,360 - DEBUG - [Enemigo_4] Target (Jugador): (497, 315), Dist: 69.63, dx_obj: 68.00, dy_obj: -15.00
2025-05-18 02:57:56,360 - DEBUG - [Enemigo_4] Movimiento calculado: mov_x=1.46, mov_y=-0.32
2025-05-18 02:57:56,360 - DEBUG - [Enemigo_4] Pos DESPUÉS update: Rect: (414, 317), Hitbox: (417, 320)
2025-05-18 02:57:56,360 - DEBUG - --- Fin Update Enemigo_4 ---
2025-05-18 02:57:56,360 - DEBUG - --- Inicio Update Enemigo_5 ---
2025-05-18 02:57:56,360 - DEBUG - [Enemigo_5] Pos ANTES update: Rect: (435, 286), Hitbox: (438, 289)
2025-05-18 02:57:56,361 - DEBUG - [Enemigo_5] Target (Jugador): (497, 315), Dist: 48.70, dx_obj: 46.00, dy_obj: 16.00
2025-05-18 02:57:56,361 - DEBUG - [Enemigo_5] Movimiento calculado: mov_x=1.42, mov_y=0.49
2025-05-18 02:57:56,361 - DEBUG - [Enemigo_5] Pos DESPUÉS update: Rect: (436, 286), Hitbox: (439, 289)
2025-05-18 02:57:56,361 - DEBUG - --- Fin Update Enemigo_5 ---
2025-05-18 02:57:56,361 - DEBUG - --- Inicio Update Enemigo_6 ---
2025-05-18 02:57:56,361 - DEBUG - [Enemigo_6] Pos ANTES update: Rect: (403, 295), Hitbox: (406, 298)
2025-05-18 02:57:56,361 - DEBUG - [Enemigo_6] Target (Jugador): (497, 315), Dist: 78.31, dx_obj: 78.00, dy_obj: 7.00
2025-05-18 02:57:56,362 - DEBUG - [Enemigo_6] Movimiento calculado: mov_x=1.49, mov_y=0.13
2025-05-18 02:57:56,362 - DEBUG - [Enemigo_6] Pos DESPUÉS update: Rect: (404, 295), Hitbox: (407, 298)
2025-05-18 02:57:56,362 - DEBUG - --- Fin Update Enemigo_6 ---
2025-05-18 02:57:56,371 - DEBUG - --- Inicio Update Enemigo_0 ---
2025-05-18 02:57:56,371 - DEBUG - [Enemigo_0] Pos ANTES update: Rect: (404, 295), Hitbox: (407, 298)
2025-05-18 02:57:56,371 - DEBUG - [Enemigo_0] Target (Jugador): (497, 315), Dist: 77.32, dx_obj: 77.00, dy_obj: 7.00
2025-05-18 02:57:56,372 - DEBUG - [Enemigo_0] Movimiento calculado: mov_x=1.49, mov_y=0.14
2025-05-18 02:57:56,372 - DEBUG - [Enemigo_0] Pos DESPUÉS update: Rect: (405, 295), Hitbox: (408, 298)
2025-05-18 02:57:56,372 - DEBUG - --- Fin Update Enemigo_0 ---
2025-05-18 02:57:56,372 - DEBUG - --- Inicio Update Enemigo_1 ---
2025-05-18 02:57:56,372 - DEBUG - [Enemigo_1] Pos ANTES update: Rect: (444, 289), Hitbox: (447, 292)
2025-05-18 02:57:56,373 - DEBUG - [Enemigo_1] Target (Jugador): (497, 315), Dist: 39.22, dx_obj: 37.00, dy_obj: 13.00
2025-05-18 02:57:56,373 - DEBUG - [Enemigo_1] Movimiento calculado: mov_x=1.42, mov_y=0.50
2025-05-18 02:57:56,373 - DEBUG - [Enemigo_1] Pos DESPUÉS update: Rect: (445, 289), Hitbox: (448, 292)
2025-05-18 02:57:56,373 - DEBUG - --- Fin Update Enemigo_1 ---
2025-05-18 02:57:56,373 - DEBUG - --- Inicio Update Enemigo_2 ---
2025-05-18 02:57:56,373 - DEBUG - [Enemigo_2] Pos ANTES update: Rect: (417, 308), Hitbox: (420, 311)
2025-05-18 02:57:56,374 - DEBUG - [Enemigo_2] Target (Jugador): (497, 315), Dist: 64.28, dx_obj: 64.00, dy_obj: -6.00
2025-05-18 02:57:56,374 - DEBUG - [Enemigo_2] Movimiento calculado: mov_x=1.49, mov_y=-0.14
2025-05-18 02:57:56,374 - DEBUG - [Enemigo_2] Pos DESPUÉS update: Rect: (418, 308), Hitbox: (421, 311)
2025-05-18 02:57:56,374 - DEBUG - --- Fin Update Enemigo_2 ---
2025-05-18 02:57:56,374 - DEBUG - --- Inicio Update Enemigo_3 ---
2025-05-18 02:57:56,375 - DEBUG - [Enemigo_3] Pos ANTES update: Rect: (404, 295), Hitbox: (407, 298)
2025-05-18 02:57:56,375 - DEBUG - [Enemigo_3] Target (Jugador): (497, 315), Dist: 77.32, dx_obj: 77.00, dy_obj: 7.00
2025-05-18 02:57:56,375 - DEBUG - [Enemigo_3] Movimiento calculado: mov_x=1.49, mov_y=0.14
2025-05-18 02:57:56,375 - DEBUG - [Enemigo_3] Pos DESPUÉS update: Rect: (405, 295), Hitbox: (408, 298)
2025-05-18 02:57:56,375 - DEBUG - --- Fin Update Enemigo_3 ---
2025-05-18 02:57:56,375 - DEBUG - --- Inicio Update Enemigo_4 ---
2025-05-18 02:57:56,376 - DEBUG - [Enemigo_4] Pos ANTES update: Rect: (414, 317), Hitbox: (417, 320)
2025-05-18 02:57:56,376 - DEBUG - [Enemigo_4] Target (Jugador): (497, 315), Dist: 68.66, dx_obj: 67.00, dy_obj: -15.00
2025-05-18 02:57:56,376 - DEBUG - [Enemigo_4] Movimiento calculado: mov_x=1.46, mov_y=-0.33
2025-05-18 02:57:56,376 - DEBUG - [Enemigo_4] Pos DESPUÉS update: Rect: (415, 317), Hitbox: (418, 320)
2025-05-18 02:57:56,376 - DEBUG - --- Fin Update Enemigo_4 ---
2025-05-18 02:57:56,377 - DEBUG - --- Inicio Update Enemigo_5 ---
2025-05-18 02:57:56,377 - DEBUG - [Enemigo_5] Pos ANTES update: Rect: (436, 286), Hitbox: (439, 289)
2025-05-18 02:57:56,377 - DEBUG - [Enemigo_5] Target (Jugador): (497, 315), Dist: 47.76, dx_obj: 45.00, dy_obj: 16.00
2025-05-18 02:57:56,377 - DEBUG - [Enemigo_5] Movimiento calculado: mov_x=1.41, mov_y=0.50
2025-05-18 02:57:56,377 - DEBUG - [Enemigo_5] Pos DESPUÉS update: Rect: (437, 287), Hitbox: (440, 290)
2025-05-18 02:57:56,378 - DEBUG - --- Fin Update Enemigo_5 ---
2025-05-18 02:57:56,378 - DEBUG - --- Inicio Update Enemigo_6 ---
2025-05-18 02:57:56,378 - DEBUG - [Enemigo_6] Pos ANTES update: Rect: (404, 295), Hitbox: (407, 298)
2025-05-18 02:57:56,378 - DEBUG - [Enemigo_6] Target (Jugador): (497, 315), Dist: 77.32, dx_obj: 77.00, dy_obj: 7.00
2025-05-18 02:57:56,378 - DEBUG - [Enemigo_6] Movimiento calculado: mov_x=1.49, mov_y=0.14
2025-05-18 02:57:56,378 - DEBUG - [Enemigo_6] Pos DESPUÉS update: Rect: (405, 295), Hitbox: (408, 298)
2025-05-18 02:57:56,379 - DEBUG - --- Fin Update Enemigo_6 ---
2025-05-18 02:57:56,387 - DEBUG - --- Inicio Update Enemigo_0 ---
2025-05-18 02:57:56,388 - DEBUG - [Enemigo_0] Pos ANTES update: Rect: (405, 295), Hitbox: (408, 298)
2025-05-18 02:57:56,388 - DEBUG - [Enemigo_0] Target (Jugador): (497, 315), Dist: 76.32, dx_obj: 76.00, dy_obj: 7.00
2025-05-18 02:57:56,388 - DEBUG - [Enemigo_0] Movimiento calculado: mov_x=1.49, mov_y=0.14
2025-05-18 02:57:56,389 - DEBUG - [Enemigo_0] Pos DESPUÉS update: Rect: (406, 295), Hitbox: (409, 298)
2025-05-18 02:57:56,389 - DEBUG - --- Fin Update Enemigo_0 ---
2025-05-18 02:57:56,389 - DEBUG - --- Inicio Update Enemigo_1 ---
2025-05-18 02:57:56,389 - DEBUG - [Enemigo_1] Pos ANTES update: Rect: (445, 289), Hitbox: (448, 292)
2025-05-18 02:57:56,389 - DEBUG - [Enemigo_1] Target (Jugador): (497, 315), Dist: 38.28, dx_obj: 36.00, dy_obj: 13.00
2025-05-18 02:57:56,390 - DEBUG - [Enemigo_1] Movimiento calculado: mov_x=1.41, mov_y=0.51
2025-05-18 02:57:56,390 - DEBUG - [Enemigo_1] Pos DESPUÉS update: Rect: (446, 290), Hitbox: (449, 293)
2025-05-18 02:57:56,390 - DEBUG - --- Fin Update Enemigo_1 ---
2025-05-18 02:57:56,390 - DEBUG - --- Inicio Update Enemigo_2 ---
2025-05-18 02:57:56,390 - DEBUG - [Enemigo_2] Pos ANTES update: Rect: (418, 308), Hitbox: (421, 311)
2025-05-18 02:57:56,391 - DEBUG - [Enemigo_2] Target (Jugador): (497, 315), Dist: 63.29, dx_obj: 63.00, dy_obj: -6.00
2025-05-18 02:57:56,391 - DEBUG - [Enemigo_2] Movimiento calculado: mov_x=1.49, mov_y=-0.14
2025-05-18 02:57:56,391 - DEBUG - [Enemigo_2] Pos DESPUÉS update: Rect: (419, 308), Hitbox: (422, 311)
2025-05-18 02:57:56,391 - DEBUG - --- Fin Update Enemigo_2 ---
2025-05-18 02:57:56,391 - DEBUG - --- Inicio Update Enemigo_3 ---
2025-05-18 02:57:56,392 - DEBUG - [Enemigo_3] Pos ANTES update: Rect: (405, 295), Hitbox: (408, 298)
2025-05-18 02:57:56,392 - DEBUG - [Enemigo_3] Target (Jugador): (497, 315), Dist: 76.32, dx_obj: 76.00, dy_obj: 7.00
2025-05-18 02:57:56,392 - DEBUG - [Enemigo_3] Movimiento calculado: mov_x=1.49, mov_y=0.14
2025-05-18 02:57:56,392 - DEBUG - [Enemigo_3] Pos DESPUÉS update: Rect: (406, 295), Hitbox: (409, 298)
2025-05-18 02:57:56,392 - DEBUG - --- Fin Update Enemigo_3 ---
2025-05-18 02:57:56,393 - DEBUG - --- Inicio Update Enemigo_4 ---
2025-05-18 02:57:56,393 - DEBUG - [Enemigo_4] Pos ANTES update: Rect: (415, 317), Hitbox: (418, 320)
2025-05-18 02:57:56,393 - DEBUG - [Enemigo_4] Target (Jugador): (497, 315), Dist: 67.68, dx_obj: 66.00, dy_obj: -15.00
2025-05-18 02:57:56,393 - DEBUG - [Enemigo_4] Movimiento calculado: mov_x=1.46, mov_y=-0.33
2025-05-18 02:57:56,393 - DEBUG - [Enemigo_4] Pos DESPUÉS update: Rect: (416, 317), Hitbox: (419, 320)
2025-05-18 02:57:56,393 - DEBUG - --- Fin Update Enemigo_4 ---
2025-05-18 02:57:56,393 - DEBUG - --- Inicio Update Enemigo_5 ---
2025-05-18 02:57:56,394 - DEBUG - [Enemigo_5] Pos ANTES update: Rect: (437, 287), Hitbox: (440, 290)
2025-05-18 02:57:56,394 - DEBUG - [Enemigo_5] Target (Jugador): (497, 315), Dist: 46.49, dx_obj: 44.00, dy_obj: 15.00
2025-05-18 02:57:56,394 - DEBUG - [Enemigo_5] Movimiento calculado: mov_x=1.42, mov_y=0.48
2025-05-18 02:57:56,394 - DEBUG - [Enemigo_5] Pos DESPUÉS update: Rect: (438, 287), Hitbox: (441, 290)
2025-05-18 02:57:56,394 - DEBUG - --- Fin Update Enemigo_5 ---
2025-05-18 02:57:56,394 - DEBUG - --- Inicio Update Enemigo_6 ---
2025-05-18 02:57:56,394 - DEBUG - [Enemigo_6] Pos ANTES update: Rect: (405, 295), Hitbox: (408, 298)
2025-05-18 02:57:56,395 - DEBUG - [Enemigo_6] Target (Jugador): (497, 315), Dist: 76.32, dx_obj: 76.00, dy_obj: 7.00
2025-05-18 02:57:56,395 - DEBUG - [Enemigo_6] Movimiento calculado: mov_x=1.49, mov_y=0.14
2025-05-18 02:57:56,395 - DEBUG - [Enemigo_6] Pos DESPUÉS update: Rect: (406, 295), Hitbox: (409, 298)
2025-05-18 02:57:56,395 - DEBUG - --- Fin Update Enemigo_6 ---
2025-05-18 02:57:56,403 - DEBUG - --- Inicio Update Enemigo_0 ---
2025-05-18 02:57:56,403 - DEBUG - [Enemigo_0] Pos ANTES update: Rect: (406, 295), Hitbox: (409, 298)
2025-05-18 02:57:56,403 - DEBUG - [Enemigo_0] Target (Jugador): (497, 315), Dist: 75.33, dx_obj: 75.00, dy_obj: 7.00
2025-05-18 02:57:56,404 - DEBUG - [Enemigo_0] Movimiento calculado: mov_x=1.49, mov_y=0.14
2025-05-18 02:57:56,404 - DEBUG - [Enemigo_0] Pos DESPUÉS update: Rect: (407, 295), Hitbox: (410, 298)
2025-05-18 02:57:56,404 - DEBUG - --- Fin Update Enemigo_0 ---
2025-05-18 02:57:56,404 - DEBUG - --- Inicio Update Enemigo_1 ---
2025-05-18 02:57:56,404 - DEBUG - [Enemigo_1] Pos ANTES update: Rect: (446, 290), Hitbox: (449, 293)
2025-05-18 02:57:56,405 - DEBUG - [Enemigo_1] Target (Jugador): (497, 315), Dist: 37.00, dx_obj: 35.00, dy_obj: 12.00
2025-05-18 02:57:56,405 - DEBUG - [Enemigo_1] Movimiento calculado: mov_x=1.42, mov_y=0.49
2025-05-18 02:57:56,405 - DEBUG - [Enemigo_1] Pos DESPUÉS update: Rect: (447, 290), Hitbox: (450, 293)
2025-05-18 02:57:56,405 - DEBUG - --- Fin Update Enemigo_1 ---
2025-05-18 02:57:56,405 - DEBUG - --- Inicio Update Enemigo_2 ---
2025-05-18 02:57:56,405 - DEBUG - [Enemigo_2] Pos ANTES update: Rect: (419, 308), Hitbox: (422, 311)
2025-05-18 02:57:56,406 - DEBUG - [Enemigo_2] Target (Jugador): (497, 315), Dist: 62.29, dx_obj: 62.00, dy_obj: -6.00
2025-05-18 02:57:56,406 - DEBUG - [Enemigo_2] Movimiento calculado: mov_x=1.49, mov_y=-0.14
2025-05-18 02:57:56,406 - DEBUG - [Enemigo_2] Pos DESPUÉS update: Rect: (420, 308), Hitbox: (423, 311)
2025-05-18 02:57:56,406 - DEBUG - --- Fin Update Enemigo_2 ---
2025-05-18 02:57:56,406 - DEBUG - --- Inicio Update Enemigo_3 ---
2025-05-18 02:57:56,406 - DEBUG - [Enemigo_3] Pos ANTES update: Rect: (406, 295), Hitbox: (409, 298)
2025-05-18 02:57:56,407 - DEBUG - [Enemigo_3] Target (Jugador): (497, 315), Dist: 75.33, dx_obj: 75.00, dy_obj: 7.00
2025-05-18 02:57:56,407 - DEBUG - [Enemigo_3] Movimiento calculado: mov_x=1.49, mov_y=0.14
2025-05-18 02:57:56,407 - DEBUG - [Enemigo_3] Pos DESPUÉS update: Rect: (407, 295), Hitbox: (410, 298)
2025-05-18 02:57:56,407 - DEBUG - --- Fin Update Enemigo_3 ---
2025-05-18 02:57:56,408 - DEBUG - --- Inicio Update Enemigo_4 ---
2025-05-18 02:57:56,408 - DEBUG - [Enemigo_4] Pos ANTES update: Rect: (416, 317), Hitbox: (419, 320)
2025-05-18 02:57:56,408 - DEBUG - [Enemigo_4] Target (Jugador): (497, 315), Dist: 66.71, dx_obj: 65.00, dy_obj: -15.00
2025-05-18 02:57:56,408 - DEBUG - [Enemigo_4] Movimiento calculado: mov_x=1.46, mov_y=-0.34
2025-05-18 02:57:56,408 - DEBUG - [Enemigo_4] Pos DESPUÉS update: Rect: (417, 317), Hitbox: (420, 320)
2025-05-18 02:57:56,408 - DEBUG - --- Fin Update Enemigo_4 ---
2025-05-18 02:57:56,409 - DEBUG - --- Inicio Update Enemigo_5 ---
2025-05-18 02:57:56,409 - DEBUG - [Enemigo_5] Pos ANTES update: Rect: (438, 287), Hitbox: (441, 290)
2025-05-18 02:57:56,409 - DEBUG - [Enemigo_5] Target (Jugador): (497, 315), Dist: 45.54, dx_obj: 43.00, dy_obj: 15.00
2025-05-18 02:57:56,409 - DEBUG - [Enemigo_5] Movimiento calculado: mov_x=1.42, mov_y=0.49
2025-05-18 02:57:56,409 - DEBUG - [Enemigo_5] Pos DESPUÉS update: Rect: (439, 287), Hitbox: (442, 290)
2025-05-18 02:57:56,409 - DEBUG - --- Fin Update Enemigo_5 ---
2025-05-18 02:57:56,410 - DEBUG - --- Inicio Update Enemigo_6 ---
2025-05-18 02:57:56,410 - DEBUG - [Enemigo_6] Pos ANTES update: Rect: (406, 295), Hitbox: (409, 298)
2025-05-18 02:57:56,410 - DEBUG - [Enemigo_6] Target (Jugador): (497, 315), Dist: 75.33, dx_obj: 75.00, dy_obj: 7.00
2025-05-18 02:57:56,410 - DEBUG - [Enemigo_6] Movimiento calculado: mov_x=1.49, mov_y=0.14
2025-05-18 02:57:56,410 - DEBUG - [Enemigo_6] Pos DESPUÉS update: Rect: (407, 295), Hitbox: (410, 298)
2025-05-18 02:57:56,410 - DEBUG - --- Fin Update Enemigo_6 ---
2025-05-18 02:57:56,419 - DEBUG - --- Inicio Update Enemigo_0 ---
2025-05-18 02:57:56,419 - DEBUG - [Enemigo_0] Pos ANTES update: Rect: (407, 295), Hitbox: (410, 298)
2025-05-18 02:57:56,419 - DEBUG - [Enemigo_0] Target (Jugador): (497, 315), Dist: 74.33, dx_obj: 74.00, dy_obj: 7.00
2025-05-18 02:57:56,419 - DEBUG - [Enemigo_0] Movimiento calculado: mov_x=1.49, mov_y=0.14
2025-05-18 02:57:56,419 - DEBUG - [Enemigo_0] Pos DESPUÉS update: Rect: (408, 295), Hitbox: (411, 298)
2025-05-18 02:57:56,420 - DEBUG - --- Fin Update Enemigo_0 ---
2025-05-18 02:57:56,420 - DEBUG - --- Inicio Update Enemigo_1 ---
2025-05-18 02:57:56,420 - DEBUG - [Enemigo_1] Pos ANTES update: Rect: (447, 290), Hitbox: (450, 293)
2025-05-18 02:57:56,420 - DEBUG - [Enemigo_1] Target (Jugador): (497, 315), Dist: 36.06, dx_obj: 34.00, dy_obj: 12.00
2025-05-18 02:57:56,421 - DEBUG - [Enemigo_1] Movimiento calculado: mov_x=1.41, mov_y=0.50
2025-05-18 02:57:56,421 - DEBUG - [Enemigo_1] Pos DESPUÉS update: Rect: (448, 290), Hitbox: (451, 293)
2025-05-18 02:57:56,421 - DEBUG - --- Fin Update Enemigo_1 ---
2025-05-18 02:57:56,421 - DEBUG - --- Inicio Update Enemigo_2 ---
2025-05-18 02:57:56,421 - DEBUG - [Enemigo_2] Pos ANTES update: Rect: (420, 308), Hitbox: (423, 311)
2025-05-18 02:57:56,421 - DEBUG - [Enemigo_2] Target (Jugador): (497, 315), Dist: 61.29, dx_obj: 61.00, dy_obj: -6.00
2025-05-18 02:57:56,422 - DEBUG - [Enemigo_2] Movimiento calculado: mov_x=1.49, mov_y=-0.15
2025-05-18 02:57:56,422 - DEBUG - [Enemigo_2] Pos DESPUÉS update: Rect: (421, 308), Hitbox: (424, 311)
2025-05-18 02:57:56,422 - DEBUG - --- Fin Update Enemigo_2 ---
2025-05-18 02:57:56,422 - DEBUG - --- Inicio Update Enemigo_3 ---
2025-05-18 02:57:56,422 - DEBUG - [Enemigo_3] Pos ANTES update: Rect: (407, 295), Hitbox: (410, 298)
2025-05-18 02:57:56,423 - DEBUG - [Enemigo_3] Target (Jugador): (497, 315), Dist: 74.33, dx_obj: 74.00, dy_obj: 7.00
2025-05-18 02:57:56,423 - DEBUG - [Enemigo_3] Movimiento calculado: mov_x=1.49, mov_y=0.14
2025-05-18 02:57:56,423 - DEBUG - [Enemigo_3] Pos DESPUÉS update: Rect: (408, 295), Hitbox: (411, 298)
2025-05-18 02:57:56,423 - DEBUG - --- Fin Update Enemigo_3 ---
2025-05-18 02:57:56,423 - DEBUG - --- Inicio Update Enemigo_4 ---
2025-05-18 02:57:56,424 - DEBUG - [Enemigo_4] Pos ANTES update: Rect: (417, 317), Hitbox: (420, 320)
2025-05-18 02:57:56,424 - DEBUG - [Enemigo_4] Target (Jugador): (497, 315), Dist: 65.73, dx_obj: 64.00, dy_obj: -15.00
2025-05-18 02:57:56,424 - DEBUG - [Enemigo_4] Movimiento calculado: mov_x=1.46, mov_y=-0.34
2025-05-18 02:57:56,424 - DEBUG - [Enemigo_4] Pos DESPUÉS update: Rect: (418, 317), Hitbox: (421, 320)
2025-05-18 02:57:56,424 - DEBUG - --- Fin Update Enemigo_4 ---
2025-05-18 02:57:56,425 - DEBUG - --- Inicio Update Enemigo_5 ---
2025-05-18 02:57:56,425 - DEBUG - [Enemigo_5] Pos ANTES update: Rect: (439, 287), Hitbox: (442, 290)
2025-05-18 02:57:56,425 - DEBUG - [Enemigo_5] Target (Jugador): (497, 315), Dist: 44.60, dx_obj: 42.00, dy_obj: 15.00
2025-05-18 02:57:56,425 - DEBUG - [Enemigo_5] Movimiento calculado: mov_x=1.41, mov_y=0.50
2025-05-18 02:57:56,425 - DEBUG - [Enemigo_5] Pos DESPUÉS update: Rect: (440, 288), Hitbox: (443, 291)
2025-05-18 02:57:56,426 - DEBUG - --- Fin Update Enemigo_5 ---
2025-05-18 02:57:56,426 - DEBUG - --- Inicio Update Enemigo_6 ---
2025-05-18 02:57:56,426 - DEBUG - [Enemigo_6] Pos ANTES update: Rect: (407, 295), Hitbox: (410, 298)
2025-05-18 02:57:56,426 - DEBUG - [Enemigo_6] Target (Jugador): (497, 315), Dist: 74.33, dx_obj: 74.00, dy_obj: 7.00
2025-05-18 02:57:56,426 - DEBUG - [Enemigo_6] Movimiento calculado: mov_x=1.49, mov_y=0.14
2025-05-18 02:57:56,426 - DEBUG - [Enemigo_6] Pos DESPUÉS update: Rect: (408, 295), Hitbox: (411, 298)
2025-05-18 02:57:56,427 - DEBUG - --- Fin Update Enemigo_6 ---
2025-05-18 02:57:56,434 - DEBUG - --- Inicio Update Enemigo_0 ---
2025-05-18 02:57:56,434 - DEBUG - [Enemigo_0] Pos ANTES update: Rect: (408, 295), Hitbox: (411, 298)
2025-05-18 02:57:56,435 - DEBUG - [Enemigo_0] Target (Jugador): (497, 315), Dist: 73.33, dx_obj: 73.00, dy_obj: 7.00
2025-05-18 02:57:56,435 - DEBUG - [Enemigo_0] Movimiento calculado: mov_x=1.49, mov_y=0.14
2025-05-18 02:57:56,435 - DEBUG - [Enemigo_0] Pos DESPUÉS update: Rect: (409, 295), Hitbox: (412, 298)
2025-05-18 02:57:56,435 - DEBUG - --- Fin Update Enemigo_0 ---
2025-05-18 02:57:56,435 - DEBUG - --- Inicio Update Enemigo_1 ---
2025-05-18 02:57:56,435 - DEBUG - [Enemigo_1] Pos ANTES update: Rect: (448, 290), Hitbox: (451, 293)
2025-05-18 02:57:56,436 - DEBUG - [Enemigo_1] Target (Jugador): (497, 315), Dist: 35.11, dx_obj: 33.00, dy_obj: 12.00
2025-05-18 02:57:56,436 - DEBUG - [Enemigo_1] Movimiento calculado: mov_x=1.41, mov_y=0.51
2025-05-18 02:57:56,436 - DEBUG - [Enemigo_1] Pos DESPUÉS update: Rect: (449, 291), Hitbox: (452, 294)
2025-05-18 02:57:56,436 - DEBUG - --- Fin Update Enemigo_1 ---
2025-05-18 02:57:56,436 - DEBUG - --- Inicio Update Enemigo_2 ---
2025-05-18 02:57:56,437 - DEBUG - [Enemigo_2] Pos ANTES update: Rect: (421, 308), Hitbox: (424, 311)
2025-05-18 02:57:56,437 - DEBUG - [Enemigo_2] Target (Jugador): (497, 315), Dist: 60.30, dx_obj: 60.00, dy_obj: -6.00
2025-05-18 02:57:56,437 - DEBUG - [Enemigo_2] Movimiento calculado: mov_x=1.49, mov_y=-0.15
2025-05-18 02:57:56,437 - DEBUG - [Enemigo_2] Pos DESPUÉS update: Rect: (422, 308), Hitbox: (425, 311)
2025-05-18 02:57:56,437 - DEBUG - --- Fin Update Enemigo_2 ---
2025-05-18 02:57:56,438 - DEBUG - --- Inicio Update Enemigo_3 ---
2025-05-18 02:57:56,438 - DEBUG - [Enemigo_3] Pos ANTES update: Rect: (408, 295), Hitbox: (411, 298)
2025-05-18 02:57:56,438 - DEBUG - [Enemigo_3] Target (Jugador): (497, 315), Dist: 73.33, dx_obj: 73.00, dy_obj: 7.00
2025-05-18 02:57:56,438 - DEBUG - [Enemigo_3] Movimiento calculado: mov_x=1.49, mov_y=0.14
2025-05-18 02:57:56,438 - DEBUG - [Enemigo_3] Pos DESPUÉS update: Rect: (409, 295), Hitbox: (412, 298)
2025-05-18 02:57:56,438 - DEBUG - --- Fin Update Enemigo_3 ---
2025-05-18 02:57:56,438 - DEBUG - --- Inicio Update Enemigo_4 ---
2025-05-18 02:57:56,439 - DEBUG - [Enemigo_4] Pos ANTES update: Rect: (418, 317), Hitbox: (421, 320)
2025-05-18 02:57:56,439 - DEBUG - [Enemigo_4] Target (Jugador): (497, 315), Dist: 64.76, dx_obj: 63.00, dy_obj: -15.00
2025-05-18 02:57:56,439 - DEBUG - [Enemigo_4] Movimiento calculado: mov_x=1.46, mov_y=-0.35
2025-05-18 02:57:56,439 - DEBUG - [Enemigo_4] Pos DESPUÉS update: Rect: (419, 317), Hitbox: (422, 320)
2025-05-18 02:57:56,439 - DEBUG - --- Fin Update Enemigo_4 ---
2025-05-18 02:57:56,439 - DEBUG - --- Inicio Update Enemigo_5 ---
2025-05-18 02:57:56,440 - DEBUG - [Enemigo_5] Pos ANTES update: Rect: (440, 288), Hitbox: (443, 291)
2025-05-18 02:57:56,440 - DEBUG - [Enemigo_5] Target (Jugador): (497, 315), Dist: 43.32, dx_obj: 41.00, dy_obj: 14.00
2025-05-18 02:57:56,440 - DEBUG - [Enemigo_5] Movimiento calculado: mov_x=1.42, mov_y=0.48
2025-05-18 02:57:56,440 - DEBUG - [Enemigo_5] Pos DESPUÉS update: Rect: (441, 288), Hitbox: (444, 291)
2025-05-18 02:57:56,440 - DEBUG - --- Fin Update Enemigo_5 ---
2025-05-18 02:57:56,440 - DEBUG - --- Inicio Update Enemigo_6 ---
2025-05-18 02:57:56,441 - DEBUG - [Enemigo_6] Pos ANTES update: Rect: (408, 295), Hitbox: (411, 298)
2025-05-18 02:57:56,441 - DEBUG - [Enemigo_6] Target (Jugador): (497, 315), Dist: 73.33, dx_obj: 73.00, dy_obj: 7.00
2025-05-18 02:57:56,441 - DEBUG - [Enemigo_6] Movimiento calculado: mov_x=1.49, mov_y=0.14
2025-05-18 02:57:56,441 - DEBUG - [Enemigo_6] Pos DESPUÉS update: Rect: (409, 295), Hitbox: (412, 298)
2025-05-18 02:57:56,441 - DEBUG - --- Fin Update Enemigo_6 ---
2025-05-18 02:57:56,450 - DEBUG - --- Inicio Update Enemigo_0 ---
2025-05-18 02:57:56,450 - DEBUG - [Enemigo_0] Pos ANTES update: Rect: (409, 295), Hitbox: (412, 298)
2025-05-18 02:57:56,450 - DEBUG - [Enemigo_0] Target (Jugador): (497, 315), Dist: 72.34, dx_obj: 72.00, dy_obj: 7.00
2025-05-18 02:57:56,451 - DEBUG - [Enemigo_0] Movimiento calculado: mov_x=1.49, mov_y=0.15
2025-05-18 02:57:56,451 - DEBUG - [Enemigo_0] Pos DESPUÉS update: Rect: (410, 295), Hitbox: (413, 298)
2025-05-18 02:57:56,451 - DEBUG - --- Fin Update Enemigo_0 ---
2025-05-18 02:57:56,451 - DEBUG - --- Inicio Update Enemigo_1 ---
2025-05-18 02:57:56,451 - DEBUG - [Enemigo_1] Pos ANTES update: Rect: (449, 291), Hitbox: (452, 294)
2025-05-18 02:57:56,451 - DEBUG - [Enemigo_1] Target (Jugador): (497, 315), Dist: 33.84, dx_obj: 32.00, dy_obj: 11.00
2025-05-18 02:57:56,452 - DEBUG - [Enemigo_1] Movimiento calculado: mov_x=1.42, mov_y=0.49
2025-05-18 02:57:56,452 - DEBUG - [Enemigo_1] Pos DESPUÉS update: Rect: (450, 291), Hitbox: (453, 294)
2025-05-18 02:57:56,452 - DEBUG - --- Fin Update Enemigo_1 ---
2025-05-18 02:57:56,452 - DEBUG - --- Inicio Update Enemigo_2 ---
2025-05-18 02:57:56,452 - DEBUG - [Enemigo_2] Pos ANTES update: Rect: (422, 308), Hitbox: (425, 311)
2025-05-18 02:57:56,452 - DEBUG - [Enemigo_2] Target (Jugador): (497, 315), Dist: 59.30, dx_obj: 59.00, dy_obj: -6.00
2025-05-18 02:57:56,452 - DEBUG - [Enemigo_2] Movimiento calculado: mov_x=1.49, mov_y=-0.15
2025-05-18 02:57:56,453 - DEBUG - [Enemigo_2] Pos DESPUÉS update: Rect: (423, 308), Hitbox: (426, 311)
2025-05-18 02:57:56,453 - DEBUG - --- Fin Update Enemigo_2 ---
2025-05-18 02:57:56,453 - DEBUG - --- Inicio Update Enemigo_3 ---
2025-05-18 02:57:56,453 - DEBUG - [Enemigo_3] Pos ANTES update: Rect: (409, 295), Hitbox: (412, 298)
2025-05-18 02:57:56,453 - DEBUG - [Enemigo_3] Target (Jugador): (497, 315), Dist: 72.34, dx_obj: 72.00, dy_obj: 7.00
2025-05-18 02:57:56,453 - DEBUG - [Enemigo_3] Movimiento calculado: mov_x=1.49, mov_y=0.15
2025-05-18 02:57:56,454 - DEBUG - [Enemigo_3] Pos DESPUÉS update: Rect: (410, 295), Hitbox: (413, 298)
2025-05-18 02:57:56,454 - DEBUG - --- Fin Update Enemigo_3 ---
2025-05-18 02:57:56,454 - DEBUG - --- Inicio Update Enemigo_4 ---
2025-05-18 02:57:56,454 - DEBUG - [Enemigo_4] Pos ANTES update: Rect: (419, 317), Hitbox: (422, 320)
2025-05-18 02:57:56,455 - DEBUG - [Enemigo_4] Target (Jugador): (497, 315), Dist: 63.79, dx_obj: 62.00, dy_obj: -15.00
2025-05-18 02:57:56,455 - DEBUG - [Enemigo_4] Movimiento calculado: mov_x=1.46, mov_y=-0.35
2025-05-18 02:57:56,455 - DEBUG - [Enemigo_4] Pos DESPUÉS update: Rect: (420, 317), Hitbox: (423, 320)
2025-05-18 02:57:56,455 - DEBUG - --- Fin Update Enemigo_4 ---
2025-05-18 02:57:56,455 - DEBUG - --- Inicio Update Enemigo_5 ---
2025-05-18 02:57:56,455 - DEBUG - [Enemigo_5] Pos ANTES update: Rect: (441, 288), Hitbox: (444, 291)
2025-05-18 02:57:56,456 - DEBUG - [Enemigo_5] Target (Jugador): (497, 315), Dist: 42.38, dx_obj: 40.00, dy_obj: 14.00
2025-05-18 02:57:56,456 - DEBUG - [Enemigo_5] Movimiento calculado: mov_x=1.42, mov_y=0.50
2025-05-18 02:57:56,456 - DEBUG - [Enemigo_5] Pos DESPUÉS update: Rect: (442, 288), Hitbox: (445, 291)
2025-05-18 02:57:56,456 - DEBUG - --- Fin Update Enemigo_5 ---
2025-05-18 02:57:56,457 - DEBUG - --- Inicio Update Enemigo_6 ---
2025-05-18 02:57:56,457 - DEBUG - [Enemigo_6] Pos ANTES update: Rect: (409, 295), Hitbox: (412, 298)
2025-05-18 02:57:56,457 - DEBUG - [Enemigo_6] Target (Jugador): (497, 315), Dist: 72.34, dx_obj: 72.00, dy_obj: 7.00
2025-05-18 02:57:56,457 - DEBUG - [Enemigo_6] Movimiento calculado: mov_x=1.49, mov_y=0.15
2025-05-18 02:57:56,458 - DEBUG - [Enemigo_6] Pos DESPUÉS update: Rect: (410, 295), Hitbox: (413, 298)
2025-05-18 02:57:56,458 - DEBUG - --- Fin Update Enemigo_6 ---
2025-05-18 02:57:56,466 - DEBUG - --- Inicio Update Enemigo_0 ---
2025-05-18 02:57:56,466 - DEBUG - [Enemigo_0] Pos ANTES update: Rect: (410, 295), Hitbox: (413, 298)
2025-05-18 02:57:56,466 - DEBUG - [Enemigo_0] Target (Jugador): (497, 315), Dist: 71.34, dx_obj: 71.00, dy_obj: 7.00
2025-05-18 02:57:56,467 - DEBUG - [Enemigo_0] Movimiento calculado: mov_x=1.49, mov_y=0.15
2025-05-18 02:57:56,467 - DEBUG - [Enemigo_0] Pos DESPUÉS update: Rect: (411, 295), Hitbox: (414, 298)
2025-05-18 02:57:56,467 - DEBUG - --- Fin Update Enemigo_0 ---
2025-05-18 02:57:56,467 - DEBUG - --- Inicio Update Enemigo_1 ---
2025-05-18 02:57:56,467 - DEBUG - [Enemigo_1] Pos ANTES update: Rect: (450, 291), Hitbox: (453, 294)
2025-05-18 02:57:56,467 - DEBUG - [Enemigo_1] Target (Jugador): (497, 315), Dist: 32.89, dx_obj: 31.00, dy_obj: 11.00
2025-05-18 02:57:56,467 - DEBUG - [Enemigo_1] Movimiento calculado: mov_x=1.41, mov_y=0.50
2025-05-18 02:57:56,468 - DEBUG - [Enemigo_1] Pos DESPUÉS update: Rect: (451, 292), Hitbox: (454, 295)
2025-05-18 02:57:56,468 - DEBUG - --- Fin Update Enemigo_1 ---
2025-05-18 02:57:56,468 - DEBUG - --- Inicio Update Enemigo_2 ---
2025-05-18 02:57:56,468 - DEBUG - [Enemigo_2] Pos ANTES update: Rect: (423, 308), Hitbox: (426, 311)
2025-05-18 02:57:56,468 - DEBUG - [Enemigo_2] Target (Jugador): (497, 315), Dist: 58.31, dx_obj: 58.00, dy_obj: -6.00
2025-05-18 02:57:56,468 - DEBUG - [Enemigo_2] Movimiento calculado: mov_x=1.49, mov_y=-0.15
2025-05-18 02:57:56,469 - DEBUG - [Enemigo_2] Pos DESPUÉS update: Rect: (424, 308), Hitbox: (427, 311)
2025-05-18 02:57:56,469 - DEBUG - --- Fin Update Enemigo_2 ---
2025-05-18 02:57:56,469 - DEBUG - --- Inicio Update Enemigo_3 ---
2025-05-18 02:57:56,469 - DEBUG - [Enemigo_3] Pos ANTES update: Rect: (410, 295), Hitbox: (413, 298)
2025-05-18 02:57:56,469 - DEBUG - [Enemigo_3] Target (Jugador): (497, 315), Dist: 71.34, dx_obj: 71.00, dy_obj: 7.00
2025-05-18 02:57:56,469 - DEBUG - [Enemigo_3] Movimiento calculado: mov_x=1.49, mov_y=0.15
2025-05-18 02:57:56,470 - DEBUG - [Enemigo_3] Pos DESPUÉS update: Rect: (411, 295), Hitbox: (414, 298)
2025-05-18 02:57:56,470 - DEBUG - --- Fin Update Enemigo_3 ---
2025-05-18 02:57:56,470 - DEBUG - --- Inicio Update Enemigo_4 ---
2025-05-18 02:57:56,470 - DEBUG - [Enemigo_4] Pos ANTES update: Rect: (420, 317), Hitbox: (423, 320)
2025-05-18 02:57:56,470 - DEBUG - [Enemigo_4] Target (Jugador): (497, 315), Dist: 62.82, dx_obj: 61.00, dy_obj: -15.00
2025-05-18 02:57:56,470 - DEBUG - [Enemigo_4] Movimiento calculado: mov_x=1.46, mov_y=-0.36
2025-05-18 02:57:56,471 - DEBUG - [Enemigo_4] Pos DESPUÉS update: Rect: (421, 317), Hitbox: (424, 320)
2025-05-18 02:57:56,471 - DEBUG - --- Fin Update Enemigo_4 ---
2025-05-18 02:57:56,471 - DEBUG - --- Inicio Update Enemigo_5 ---
2025-05-18 02:57:56,471 - DEBUG - [Enemigo_5] Pos ANTES update: Rect: (442, 288), Hitbox: (445, 291)
2025-05-18 02:57:56,471 - DEBUG - [Enemigo_5] Target (Jugador): (497, 315), Dist: 41.44, dx_obj: 39.00, dy_obj: 14.00
2025-05-18 02:57:56,471 - DEBUG - [Enemigo_5] Movimiento calculado: mov_x=1.41, mov_y=0.51
2025-05-18 02:57:56,472 - DEBUG - [Enemigo_5] Pos DESPUÉS update: Rect: (443, 289), Hitbox: (446, 292)
2025-05-18 02:57:56,472 - DEBUG - --- Fin Update Enemigo_5 ---
2025-05-18 02:57:56,472 - DEBUG - --- Inicio Update Enemigo_6 ---
2025-05-18 02:57:56,472 - DEBUG - [Enemigo_6] Pos ANTES update: Rect: (410, 295), Hitbox: (413, 298)
2025-05-18 02:57:56,472 - DEBUG - [Enemigo_6] Target (Jugador): (497, 315), Dist: 71.34, dx_obj: 71.00, dy_obj: 7.00
2025-05-18 02:57:56,473 - DEBUG - [Enemigo_6] Movimiento calculado: mov_x=1.49, mov_y=0.15
2025-05-18 02:57:56,473 - DEBUG - [Enemigo_6] Pos DESPUÉS update: Rect: (411, 295), Hitbox: (414, 298)
2025-05-18 02:57:56,473 - DEBUG - --- Fin Update Enemigo_6 ---
2025-05-18 02:57:56,483 - DEBUG - --- Inicio Update Enemigo_0 ---
2025-05-18 02:57:56,483 - DEBUG - [Enemigo_0] Pos ANTES update: Rect: (411, 295), Hitbox: (414, 298)
2025-05-18 02:57:56,483 - DEBUG - [Enemigo_0] Target (Jugador): (497, 315), Dist: 70.35, dx_obj: 70.00, dy_obj: 7.00
2025-05-18 02:57:56,484 - DEBUG - [Enemigo_0] Movimiento calculado: mov_x=1.49, mov_y=0.15
2025-05-18 02:57:56,484 - DEBUG - [Enemigo_0] Pos DESPUÉS update: Rect: (412, 295), Hitbox: (415, 298)
2025-05-18 02:57:56,484 - DEBUG - --- Fin Update Enemigo_0 ---
2025-05-18 02:57:56,484 - DEBUG - --- Inicio Update Enemigo_1 ---
2025-05-18 02:57:56,484 - DEBUG - [Enemigo_1] Pos ANTES update: Rect: (451, 292), Hitbox: (454, 295)
2025-05-18 02:57:56,485 - DEBUG - [Enemigo_1] Target (Jugador): (497, 315), Dist: 31.62, dx_obj: 30.00, dy_obj: 10.00
2025-05-18 02:57:56,485 - DEBUG - [Enemigo_1] Movimiento calculado: mov_x=1.42, mov_y=0.47
2025-05-18 02:57:56,485 - DEBUG - [Enemigo_1] Pos DESPUÉS update: Rect: (452, 292), Hitbox: (455, 295)
2025-05-18 02:57:56,485 - DEBUG - --- Fin Update Enemigo_1 ---
2025-05-18 02:57:56,485 - DEBUG - --- Inicio Update Enemigo_2 ---
2025-05-18 02:57:56,485 - DEBUG - [Enemigo_2] Pos ANTES update: Rect: (424, 308), Hitbox: (427, 311)
2025-05-18 02:57:56,485 - DEBUG - [Enemigo_2] Target (Jugador): (497, 315), Dist: 57.31, dx_obj: 57.00, dy_obj: -6.00
2025-05-18 02:57:56,485 - DEBUG - [Enemigo_2] Movimiento calculado: mov_x=1.49, mov_y=-0.16
2025-05-18 02:57:56,485 - DEBUG - [Enemigo_2] Pos DESPUÉS update: Rect: (425, 308), Hitbox: (428, 311)
2025-05-18 02:57:56,486 - DEBUG - --- Fin Update Enemigo_2 ---
2025-05-18 02:57:56,486 - DEBUG - --- Inicio Update Enemigo_3 ---
2025-05-18 02:57:56,486 - DEBUG - [Enemigo_3] Pos ANTES update: Rect: (411, 295), Hitbox: (414, 298)
2025-05-18 02:57:56,486 - DEBUG - [Enemigo_3] Target (Jugador): (497, 315), Dist: 70.35, dx_obj: 70.00, dy_obj: 7.00
2025-05-18 02:57:56,486 - DEBUG - [Enemigo_3] Movimiento calculado: mov_x=1.49, mov_y=0.15
2025-05-18 02:57:56,486 - DEBUG - [Enemigo_3] Pos DESPUÉS update: Rect: (412, 295), Hitbox: (415, 298)
2025-05-18 02:57:56,486 - DEBUG - --- Fin Update Enemigo_3 ---
2025-05-18 02:57:56,487 - DEBUG - --- Inicio Update Enemigo_4 ---
2025-05-18 02:57:56,487 - DEBUG - [Enemigo_4] Pos ANTES update: Rect: (421, 317), Hitbox: (424, 320)
2025-05-18 02:57:56,487 - DEBUG - [Enemigo_4] Target (Jugador): (497, 315), Dist: 61.85, dx_obj: 60.00, dy_obj: -15.00
2025-05-18 02:57:56,487 - DEBUG - [Enemigo_4] Movimiento calculado: mov_x=1.46, mov_y=-0.36
2025-05-18 02:57:56,487 - DEBUG - [Enemigo_4] Pos DESPUÉS update: Rect: (422, 317), Hitbox: (425, 320)
2025-05-18 02:57:56,487 - DEBUG - --- Fin Update Enemigo_4 ---
2025-05-18 02:57:56,488 - DEBUG - --- Inicio Update Enemigo_5 ---
2025-05-18 02:57:56,488 - DEBUG - [Enemigo_5] Pos ANTES update: Rect: (443, 289), Hitbox: (446, 292)
2025-05-18 02:57:56,488 - DEBUG - [Enemigo_5] Target (Jugador): (497, 315), Dist: 40.16, dx_obj: 38.00, dy_obj: 13.00
2025-05-18 02:57:56,488 - DEBUG - [Enemigo_5] Movimiento calculado: mov_x=1.42, mov_y=0.49
2025-05-18 02:57:56,488 - DEBUG - [Enemigo_5] Pos DESPUÉS update: Rect: (444, 289), Hitbox: (447, 292)
2025-05-18 02:57:56,489 - DEBUG - --- Fin Update Enemigo_5 ---
2025-05-18 02:57:56,489 - DEBUG - --- Inicio Update Enemigo_6 ---
2025-05-18 02:57:56,489 - DEBUG - [Enemigo_6] Pos ANTES update: Rect: (411, 295), Hitbox: (414, 298)
2025-05-18 02:57:56,489 - DEBUG - [Enemigo_6] Target (Jugador): (497, 315), Dist: 70.35, dx_obj: 70.00, dy_obj: 7.00
2025-05-18 02:57:56,489 - DEBUG - [Enemigo_6] Movimiento calculado: mov_x=1.49, mov_y=0.15
2025-05-18 02:57:56,489 - DEBUG - [Enemigo_6] Pos DESPUÉS update: Rect: (412, 295), Hitbox: (415, 298)
2025-05-18 02:57:56,489 - DEBUG - --- Fin Update Enemigo_6 ---
2025-05-18 02:57:56,501 - DEBUG - --- Inicio Update Enemigo_0 ---
2025-05-18 02:57:56,501 - DEBUG - [Enemigo_0] Pos ANTES update: Rect: (412, 295), Hitbox: (415, 298)
2025-05-18 02:57:56,501 - DEBUG - [Enemigo_0] Target (Jugador): (497, 315), Dist: 69.35, dx_obj: 69.00, dy_obj: 7.00
2025-05-18 02:57:56,501 - DEBUG - [Enemigo_0] Movimiento calculado: mov_x=1.49, mov_y=0.15
2025-05-18 02:57:56,501 - DEBUG - [Enemigo_0] Pos DESPUÉS update: Rect: (413, 295), Hitbox: (416, 298)
2025-05-18 02:57:56,502 - DEBUG - --- Fin Update Enemigo_0 ---
2025-05-18 02:57:56,502 - DEBUG - --- Inicio Update Enemigo_1 ---
2025-05-18 02:57:56,502 - DEBUG - [Enemigo_1] Pos ANTES update: Rect: (452, 292), Hitbox: (455, 295)
2025-05-18 02:57:56,502 - DEBUG - [Enemigo_1] Target (Jugador): (497, 315), Dist: 30.68, dx_obj: 29.00, dy_obj: 10.00
2025-05-18 02:57:56,502 - DEBUG - [Enemigo_1] Movimiento calculado: mov_x=1.42, mov_y=0.49
2025-05-18 02:57:56,502 - DEBUG - [Enemigo_1] Pos DESPUÉS update: Rect: (453, 292), Hitbox: (456, 295)
2025-05-18 02:57:56,503 - DEBUG - --- Fin Update Enemigo_1 ---
2025-05-18 02:57:56,503 - DEBUG - --- Inicio Update Enemigo_2 ---
2025-05-18 02:57:56,503 - DEBUG - [Enemigo_2] Pos ANTES update: Rect: (425, 308), Hitbox: (428, 311)
2025-05-18 02:57:56,503 - DEBUG - [Enemigo_2] Target (Jugador): (497, 315), Dist: 56.32, dx_obj: 56.00, dy_obj: -6.00
2025-05-18 02:57:56,503 - DEBUG - [Enemigo_2] Movimiento calculado: mov_x=1.49, mov_y=-0.16
2025-05-18 02:57:56,504 - DEBUG - [Enemigo_2] Pos DESPUÉS update: Rect: (426, 308), Hitbox: (429, 311)
2025-05-18 02:57:56,504 - DEBUG - --- Fin Update Enemigo_2 ---
2025-05-18 02:57:56,504 - DEBUG - --- Inicio Update Enemigo_3 ---
2025-05-18 02:57:56,504 - DEBUG - [Enemigo_3] Pos ANTES update: Rect: (412, 295), Hitbox: (415, 298)
2025-05-18 02:57:56,504 - DEBUG - [Enemigo_3] Target (Jugador): (497, 315), Dist: 69.35, dx_obj: 69.00, dy_obj: 7.00
2025-05-18 02:57:56,504 - DEBUG - [Enemigo_3] Movimiento calculado: mov_x=1.49, mov_y=0.15
2025-05-18 02:57:56,505 - DEBUG - [Enemigo_3] Pos DESPUÉS update: Rect: (413, 295), Hitbox: (416, 298)
2025-05-18 02:57:56,505 - DEBUG - --- Fin Update Enemigo_3 ---
2025-05-18 02:57:56,505 - DEBUG - --- Inicio Update Enemigo_4 ---
2025-05-18 02:57:56,505 - DEBUG - [Enemigo_4] Pos ANTES update: Rect: (422, 317), Hitbox: (425, 320)
2025-05-18 02:57:56,505 - DEBUG - [Enemigo_4] Target (Jugador): (497, 315), Dist: 60.88, dx_obj: 59.00, dy_obj: -15.00
2025-05-18 02:57:56,505 - DEBUG - [Enemigo_4] Movimiento calculado: mov_x=1.45, mov_y=-0.37
2025-05-18 02:57:56,506 - DEBUG - [Enemigo_4] Pos DESPUÉS update: Rect: (423, 317), Hitbox: (426, 320)
2025-05-18 02:57:56,506 - DEBUG - --- Fin Update Enemigo_4 ---
2025-05-18 02:57:56,506 - DEBUG - --- Inicio Update Enemigo_5 ---
2025-05-18 02:57:56,506 - DEBUG - [Enemigo_5] Pos ANTES update: Rect: (444, 289), Hitbox: (447, 292)
2025-05-18 02:57:56,506 - DEBUG - [Enemigo_5] Target (Jugador): (497, 315), Dist: 39.22, dx_obj: 37.00, dy_obj: 13.00
2025-05-18 02:57:56,507 - DEBUG - [Enemigo_5] Movimiento calculado: mov_x=1.42, mov_y=0.50
2025-05-18 02:57:56,507 - DEBUG - [Enemigo_5] Pos DESPUÉS update: Rect: (445, 289), Hitbox: (448, 292)
2025-05-18 02:57:56,507 - DEBUG - --- Fin Update Enemigo_5 ---
2025-05-18 02:57:56,507 - DEBUG - --- Inicio Update Enemigo_6 ---
2025-05-18 02:57:56,507 - DEBUG - [Enemigo_6] Pos ANTES update: Rect: (412, 295), Hitbox: (415, 298)
2025-05-18 02:57:56,507 - DEBUG - [Enemigo_6] Target (Jugador): (497, 315), Dist: 69.35, dx_obj: 69.00, dy_obj: 7.00
2025-05-18 02:57:56,508 - DEBUG - [Enemigo_6] Movimiento calculado: mov_x=1.49, mov_y=0.15
2025-05-18 02:57:56,508 - DEBUG - [Enemigo_6] Pos DESPUÉS update: Rect: (413, 295), Hitbox: (416, 298)
2025-05-18 02:57:56,508 - DEBUG - --- Fin Update Enemigo_6 ---
2025-05-18 02:57:56,517 - DEBUG - --- Inicio Update Enemigo_0 ---
2025-05-18 02:57:56,517 - DEBUG - [Enemigo_0] Pos ANTES update: Rect: (413, 295), Hitbox: (416, 298)
2025-05-18 02:57:56,517 - DEBUG - [Enemigo_0] Target (Jugador): (497, 315), Dist: 68.36, dx_obj: 68.00, dy_obj: 7.00
2025-05-18 02:57:56,517 - DEBUG - [Enemigo_0] Movimiento calculado: mov_x=1.49, mov_y=0.15
2025-05-18 02:57:56,517 - DEBUG - [Enemigo_0] Pos DESPUÉS update: Rect: (414, 295), Hitbox: (417, 298)
2025-05-18 02:57:56,517 - DEBUG - --- Fin Update Enemigo_0 ---
2025-05-18 02:57:56,517 - DEBUG - --- Inicio Update Enemigo_1 ---
2025-05-18 02:57:56,518 - DEBUG - [Enemigo_1] Pos ANTES update: Rect: (453, 292), Hitbox: (456, 295)
2025-05-18 02:57:56,518 - DEBUG - [Enemigo_1] Target (Jugador): (497, 315), Dist: 29.73, dx_obj: 28.00, dy_obj: 10.00
2025-05-18 02:57:56,518 - DEBUG - [Enemigo_1] Movimiento calculado: mov_x=1.41, mov_y=0.50
2025-05-18 02:57:56,518 - DEBUG - [Enemigo_1] Pos DESPUÉS update: Rect: (454, 293), Hitbox: (457, 296)
2025-05-18 02:57:56,518 - DEBUG - --- Fin Update Enemigo_1 ---
2025-05-18 02:57:56,518 - DEBUG - --- Inicio Update Enemigo_2 ---
2025-05-18 02:57:56,518 - DEBUG - [Enemigo_2] Pos ANTES update: Rect: (426, 308), Hitbox: (429, 311)
2025-05-18 02:57:56,518 - DEBUG - [Enemigo_2] Target (Jugador): (497, 315), Dist: 55.33, dx_obj: 55.00, dy_obj: -6.00
2025-05-18 02:57:56,519 - DEBUG - [Enemigo_2] Movimiento calculado: mov_x=1.49, mov_y=-0.16
2025-05-18 02:57:56,519 - DEBUG - [Enemigo_2] Pos DESPUÉS update: Rect: (427, 308), Hitbox: (430, 311)
2025-05-18 02:57:56,519 - DEBUG - --- Fin Update Enemigo_2 ---
2025-05-18 02:57:56,519 - DEBUG - --- Inicio Update Enemigo_3 ---
2025-05-18 02:57:56,519 - DEBUG - [Enemigo_3] Pos ANTES update: Rect: (413, 295), Hitbox: (416, 298)
2025-05-18 02:57:56,519 - DEBUG - [Enemigo_3] Target (Jugador): (497, 315), Dist: 68.36, dx_obj: 68.00, dy_obj: 7.00
2025-05-18 02:57:56,519 - DEBUG - [Enemigo_3] Movimiento calculado: mov_x=1.49, mov_y=0.15
2025-05-18 02:57:56,519 - DEBUG - [Enemigo_3] Pos DESPUÉS update: Rect: (414, 295), Hitbox: (417, 298)
2025-05-18 02:57:56,520 - DEBUG - --- Fin Update Enemigo_3 ---
2025-05-18 02:57:56,520 - DEBUG - --- Inicio Update Enemigo_4 ---
2025-05-18 02:57:56,520 - DEBUG - [Enemigo_4] Pos ANTES update: Rect: (423, 317), Hitbox: (426, 320)
2025-05-18 02:57:56,520 - DEBUG - [Enemigo_4] Target (Jugador): (497, 315), Dist: 59.91, dx_obj: 58.00, dy_obj: -15.00
2025-05-18 02:57:56,520 - DEBUG - [Enemigo_4] Movimiento calculado: mov_x=1.45, mov_y=-0.38
2025-05-18 02:57:56,520 - DEBUG - [Enemigo_4] Pos DESPUÉS update: Rect: (424, 317), Hitbox: (427, 320)
2025-05-18 02:57:56,520 - DEBUG - --- Fin Update Enemigo_4 ---
2025-05-18 02:57:56,521 - DEBUG - --- Inicio Update Enemigo_5 ---
2025-05-18 02:57:56,521 - DEBUG - [Enemigo_5] Pos ANTES update: Rect: (445, 289), Hitbox: (448, 292)
2025-05-18 02:57:56,521 - DEBUG - [Enemigo_5] Target (Jugador): (497, 315), Dist: 38.28, dx_obj: 36.00, dy_obj: 13.00
2025-05-18 02:57:56,521 - DEBUG - [Enemigo_5] Movimiento calculado: mov_x=1.41, mov_y=0.51
2025-05-18 02:57:56,521 - DEBUG - [Enemigo_5] Pos DESPUÉS update: Rect: (446, 290), Hitbox: (449, 293)
2025-05-18 02:57:56,521 - DEBUG - --- Fin Update Enemigo_5 ---
2025-05-18 02:57:56,521 - DEBUG - --- Inicio Update Enemigo_6 ---
2025-05-18 02:57:56,522 - DEBUG - [Enemigo_6] Pos ANTES update: Rect: (413, 295), Hitbox: (416, 298)
2025-05-18 02:57:56,522 - DEBUG - [Enemigo_6] Target (Jugador): (497, 315), Dist: 68.36, dx_obj: 68.00, dy_obj: 7.00
2025-05-18 02:57:56,522 - DEBUG - [Enemigo_6] Movimiento calculado: mov_x=1.49, mov_y=0.15
2025-05-18 02:57:56,522 - DEBUG - [Enemigo_6] Pos DESPUÉS update: Rect: (414, 295), Hitbox: (417, 298)
2025-05-18 02:57:56,522 - DEBUG - --- Fin Update Enemigo_6 ---
2025-05-18 02:57:56,585 - DEBUG - --- Inicio Update Enemigo_0 ---
2025-05-18 02:57:56,585 - DEBUG - [Enemigo_0] Pos ANTES update: Rect: (414, 295), Hitbox: (417, 298)
2025-05-18 02:57:56,585 - DEBUG - [Enemigo_0] Target (Jugador): (497, 315), Dist: 67.36, dx_obj: 67.00, dy_obj: 7.00
2025-05-18 02:57:56,586 - DEBUG - [Enemigo_0] Movimiento calculado: mov_x=1.49, mov_y=0.16
2025-05-18 02:57:56,586 - DEBUG - [Enemigo_0] Pos DESPUÉS update: Rect: (415, 295), Hitbox: (418, 298)
2025-05-18 02:57:56,586 - DEBUG - --- Fin Update Enemigo_0 ---
2025-05-18 02:57:56,586 - DEBUG - --- Inicio Update Enemigo_1 ---
2025-05-18 02:57:56,586 - DEBUG - [Enemigo_1] Pos ANTES update: Rect: (454, 293), Hitbox: (457, 296)
2025-05-18 02:57:56,586 - DEBUG - [Enemigo_1] Target (Jugador): (497, 315), Dist: 28.46, dx_obj: 27.00, dy_obj: 9.00
2025-05-18 02:57:56,587 - DEBUG - [Enemigo_1] Movimiento calculado: mov_x=1.42, mov_y=0.47
2025-05-18 02:57:56,587 - DEBUG - [Enemigo_1] Pos DESPUÉS update: Rect: (455, 293), Hitbox: (458, 296)
2025-05-18 02:57:56,587 - DEBUG - --- Fin Update Enemigo_1 ---
2025-05-18 02:57:56,587 - DEBUG - --- Inicio Update Enemigo_2 ---
2025-05-18 02:57:56,587 - DEBUG - [Enemigo_2] Pos ANTES update: Rect: (427, 308), Hitbox: (430, 311)
2025-05-18 02:57:56,587 - DEBUG - [Enemigo_2] Target (Jugador): (497, 315), Dist: 54.33, dx_obj: 54.00, dy_obj: -6.00
2025-05-18 02:57:56,587 - DEBUG - [Enemigo_2] Movimiento calculado: mov_x=1.49, mov_y=-0.17
2025-05-18 02:57:56,588 - DEBUG - [Enemigo_2] Pos DESPUÉS update: Rect: (428, 308), Hitbox: (431, 311)
2025-05-18 02:57:56,588 - DEBUG - --- Fin Update Enemigo_2 ---
2025-05-18 02:57:56,588 - DEBUG - --- Inicio Update Enemigo_3 ---
2025-05-18 02:57:56,588 - DEBUG - [Enemigo_3] Pos ANTES update: Rect: (414, 295), Hitbox: (417, 298)
2025-05-18 02:57:56,588 - DEBUG - [Enemigo_3] Target (Jugador): (497, 315), Dist: 67.36, dx_obj: 67.00, dy_obj: 7.00
2025-05-18 02:57:56,588 - DEBUG - [Enemigo_3] Movimiento calculado: mov_x=1.49, mov_y=0.16
2025-05-18 02:57:56,588 - DEBUG - [Enemigo_3] Pos DESPUÉS update: Rect: (415, 295), Hitbox: (418, 298)
2025-05-18 02:57:56,588 - DEBUG - --- Fin Update Enemigo_3 ---
2025-05-18 02:57:56,588 - DEBUG - --- Inicio Update Enemigo_4 ---
2025-05-18 02:57:56,588 - DEBUG - [Enemigo_4] Pos ANTES update: Rect: (424, 317), Hitbox: (427, 320)
2025-05-18 02:57:56,589 - DEBUG - [Enemigo_4] Target (Jugador): (497, 315), Dist: 58.94, dx_obj: 57.00, dy_obj: -15.00
2025-05-18 02:57:56,589 - DEBUG - [Enemigo_4] Movimiento calculado: mov_x=1.45, mov_y=-0.38
2025-05-18 02:57:56,589 - DEBUG - [Enemigo_4] Pos DESPUÉS update: Rect: (425, 317), Hitbox: (428, 320)
2025-05-18 02:57:56,589 - DEBUG - --- Fin Update Enemigo_4 ---
2025-05-18 02:57:56,589 - DEBUG - --- Inicio Update Enemigo_5 ---
2025-05-18 02:57:56,589 - DEBUG - [Enemigo_5] Pos ANTES update: Rect: (446, 290), Hitbox: (449, 293)
2025-05-18 02:57:56,589 - DEBUG - [Enemigo_5] Target (Jugador): (497, 315), Dist: 37.00, dx_obj: 35.00, dy_obj: 12.00
2025-05-18 02:57:56,589 - DEBUG - [Enemigo_5] Movimiento calculado: mov_x=1.42, mov_y=0.49
2025-05-18 02:57:56,590 - DEBUG - [Enemigo_5] Pos DESPUÉS update: Rect: (447, 290), Hitbox: (450, 293)
2025-05-18 02:57:56,590 - DEBUG - --- Fin Update Enemigo_5 ---
2025-05-18 02:57:56,590 - DEBUG - --- Inicio Update Enemigo_6 ---
2025-05-18 02:57:56,590 - DEBUG - [Enemigo_6] Pos ANTES update: Rect: (414, 295), Hitbox: (417, 298)
2025-05-18 02:57:56,590 - DEBUG - [Enemigo_6] Target (Jugador): (497, 315), Dist: 67.36, dx_obj: 67.00, dy_obj: 7.00
2025-05-18 02:57:56,590 - DEBUG - [Enemigo_6] Movimiento calculado: mov_x=1.49, mov_y=0.16
2025-05-18 02:57:56,590 - DEBUG - [Enemigo_6] Pos DESPUÉS update: Rect: (415, 295), Hitbox: (418, 298)
2025-05-18 02:57:56,591 - DEBUG - --- Fin Update Enemigo_6 ---
