2025-05-19 16:48:47 - jugador - [DEBUG] - [JUGADOR_0] Hitbox recalculado a: <rect(404, 306, 24, 22)>
2025-05-19 16:48:47 - jugador - [DEBUG] - [JUGADOR_0] Input teclado procesado: mov_x_input_raw=0, mov_y_input_raw=0
2025-05-19 16:48:47 - jugador - [DEBUG] - [JUGADOR_0] Delta flotante intentado: dx=0.0000, dy=0.0000 (delta_time: 0.0160)
2025-05-19 16:48:47 - jugador - [DEBUG] - [JUGADOR_0] Pos flotante (pre-límites): (404.0000, 306.0000)
2025-05-19 16:48:47 - jugador - [DEBUG] - [JUGADOR_0] Pos flotante (post-límites): (404.0000, 306.0000)
2025-05-19 16:48:47 - jugador - [DEBUG] - [JUGADOR_0] Sin mov. para CH (delta_int fue 0). HB: (404, 306), PosFlotante: (404.0000, 306.0000)
2025-05-19 16:48:47 - jugador - [DEBUG] - [JUGADOR_0] Delta flotante intentado: dx=0.0000, dy=0.0000 (delta_time: 0.0170)
2025-05-19 16:48:47 - jugador - [DEBUG] - [JUGADOR_0] Input teclado procesado: mov_x_input_raw=0, mov_y_input_raw=0
2025-05-19 16:48:47 - jugador - [DEBUG] - [JUGADOR_0] Delta flotante intentado: dx=0.0000, dy=0.0000 (delta_time: 0.0160)
2025-05-19 16:48:47 - jugador - [DEBUG] - [JUGADOR_0] Pos flotante (pre-límites): (404.0000, 306.0000)
2025-05-19 16:48:47 - jugador - [DEBUG] - [JUGADOR_0] Pos flotante (post-límites): (404.0000, 306.0000)
2025-05-19 16:48:47 - jugador - [DEBUG] - [JUGADOR_0] Sin mov. para CH (delta_int fue 0). HB: (404, 306), PosFlotante: (404.0000, 306.0000)
2025-05-19 16:48:47 - jugador - [DEBUG] - [JUGADOR_0] Input teclado procesado: mov_x_input_raw=0, mov_y_input_raw=0
2025-05-19 16:48:47 - jugador - [DEBUG] - [JUGADOR_0] Delta flotante intentado: dx=0.0000, dy=0.0000 (delta_time: 0.0170)
2025-05-19 16:48:47 - jugador - [DEBUG] - [JUGADOR_0] Pos flotante (pre-límites): (404.0000, 306.0000)
2025-05-19 16:48:47 - jugador - [DEBUG] - [JUGADOR_0] Pos flotante (post-límites): (404.0000, 306.0000)
2025-05-19 16:48:47 - jugador - [DEBUG] - [JUGADOR_0] Sin mov. para CH (delta_int fue 0). HB: (404, 306), PosFlotante: (404.0000, 306.0000)
2025-05-19 16:48:47 - jugador - [DEBUG] - [JUGADOR_0] Input teclado procesado: mov_x_input_raw=0, mov_y_input_raw=0
2025-05-19 16:48:47 - jugador - [DEBUG] - [JUGADOR_0] Delta flotante intentado: dx=0.0000, dy=0.0000 (delta_time: 0.0160)
2025-05-19 16:48:47 - jugador - [DEBUG] - [JUGADOR_0] Pos flotante (pre-límites): (404.0000, 306.0000)
2025-05-19 16:48:47 - jugador - [DEBUG] - [JUGADOR_0] Pos flotante (post-límites): (404.0000, 306.0000)
2025-05-19 16:48:47 - jugador - [DEBUG] - [JUGADOR_0] Sin mov. para CH (delta_int fue 0). HB: (404, 306), PosFlotante: (404.0000, 306.0000)
2025-05-19 16:48:47 - jugador - [DEBUG] - [JUGADOR_0] Delta flotante intentado: dx=0.0000, dy=0.0000 (delta_time: 0.0180)
2025-05-19 16:48:47 - jugador - [DEBUG] - [JUGADOR_0] Input teclado procesado: mov_x_input_raw=0, mov_y_input_raw=0
2025-05-19 16:48:47 - jugador - [DEBUG] - [JUGADOR_0] Delta flotante intentado: dx=0.0000, dy=0.0000 (delta_time: 0.0170)
2025-05-19 16:48:47 - jugador - [DEBUG] - [JUGADOR_0] Pos flotante (pre-límites): (404.0000, 306.0000)
2025-05-19 16:48:47 - jugador - [DEBUG] - [JUGADOR_0] Pos flotante (post-límites): (404.0000, 306.0000)
2025-05-19 16:48:47 - jugador - [DEBUG] - [JUGADOR_0] Sin mov. para CH (delta_int fue 0). HB: (404, 306), PosFlotante: (404.0000, 306.0000)
2025-05-19 16:48:47 - jugador - [DEBUG] - [JUGADOR_0] Delta flotante intentado: dx=0.0000, dy=0.0000 (delta_time: 0.0160)
2025-05-19 16:48:47 - jugador - [DEBUG] - [JUGADOR_0] Input teclado procesado: mov_x_input_raw=0, mov_y_input_raw=0
2025-05-19 16:48:47 - jugador - [DEBUG] - [JUGADOR_0] Pos flotante (pre-límites): (404.0000, 306.0000)
2025-05-19 16:48:47 - jugador - [DEBUG] - [JUGADOR_0] Pos flotante (post-límites): (404.0000, 306.0000)
2025-05-19 16:48:47 - jugador - [DEBUG] - [JUGADOR_0] Sin mov. para CH (delta_int fue 0). HB: (404, 306), PosFlotante: (404.0000, 306.0000)
2025-05-19 16:48:47 - jugador - [DEBUG] - [JUGADOR_0] Delta flotante intentado: dx=0.0000, dy=0.0000 (delta_time: 0.0160)
2025-05-19 16:48:47 - jugador - [DEBUG] - [JUGADOR_0] Delta flotante intentado: dx=0.0000, dy=0.0000 (delta_time: 0.0170)
2025-05-19 16:48:47 - jugador - [DEBUG] - [JUGADOR_0] Input teclado procesado: mov_x_input_raw=0, mov_y_input_raw=0
2025-05-19 16:48:47 - jugador - [DEBUG] - [JUGADOR_0] Pos flotante (pre-límites): (404.0000, 306.0000)
2025-05-19 16:48:47 - jugador - [DEBUG] - [JUGADOR_0] Pos flotante (post-límites): (404.0000, 306.0000)
2025-05-19 16:48:47 - jugador - [DEBUG] - [JUGADOR_0] Sin mov. para CH (delta_int fue 0). HB: (404, 306), PosFlotante: (404.0000, 306.0000)
2025-05-19 16:48:47 - jugador - [DEBUG] - [JUGADOR_0] Delta flotante intentado: dx=0.0000, dy=0.0000 (delta_time: 0.0170)
2025-05-19 16:48:47 - jugador - [DEBUG] - [JUGADOR_0] Input teclado procesado: mov_x_input_raw=0, mov_y_input_raw=0
2025-05-19 16:48:47 - jugador - [DEBUG] - [JUGADOR_0] Pos flotante (pre-límites): (404.0000, 306.0000)
2025-05-19 16:48:47 - jugador - [DEBUG] - [JUGADOR_0] Pos flotante (post-límites): (404.0000, 306.0000)
2025-05-19 16:48:47 - jugador - [DEBUG] - [JUGADOR_0] Sin mov. para CH (delta_int fue 0). HB: (404, 306), PosFlotante: (404.0000, 306.0000)
2025-05-19 16:48:47 - jugador - [DEBUG] - [JUGADOR_0] Delta flotante intentado: dx=0.0000, dy=0.0000 (delta_time: 0.0160)
2025-05-19 16:48:47 - jugador - [DEBUG] - [JUGADOR_0] Delta flotante intentado: dx=0.0000, dy=0.0000 (delta_time: 0.0170)
2025-05-19 16:48:47 - jugador - [DEBUG] - [JUGADOR_0] Input teclado procesado: mov_x_input_raw=0, mov_y_input_raw=0
2025-05-19 16:48:47 - jugador - [DEBUG] - [JUGADOR_0] Pos flotante (pre-límites): (404.0000, 306.0000)
2025-05-19 16:48:47 - jugador - [DEBUG] - [JUGADOR_0] Pos flotante (post-límites): (404.0000, 306.0000)
2025-05-19 16:48:47 - jugador - [DEBUG] - [JUGADOR_0] Sin mov. para CH (delta_int fue 0). HB: (404, 306), PosFlotante: (404.0000, 306.0000)
2025-05-19 16:48:47 - jugador - [DEBUG] - [JUGADOR_0] Delta flotante intentado: dx=0.0000, dy=0.0000 (delta_time: 0.0160)
2025-05-19 16:48:47 - jugador - [DEBUG] - [JUGADOR_0] Delta flotante intentado: dx=0.0000, dy=0.0000 (delta_time: 0.0170)
2025-05-19 16:48:47 - jugador - [DEBUG] - [JUGADOR_0] Input teclado procesado: mov_x_input_raw=0, mov_y_input_raw=0
2025-05-19 16:48:47 - jugador - [DEBUG] - [JUGADOR_0] Pos flotante (pre-límites): (404.0000, 306.0000)
2025-05-19 16:48:47 - jugador - [DEBUG] - [JUGADOR_0] Pos flotante (post-límites): (404.0000, 306.0000)
2025-05-19 16:48:47 - jugador - [DEBUG] - [JUGADOR_0] Sin mov. para CH (delta_int fue 0). HB: (404, 306), PosFlotante: (404.0000, 306.0000)
2025-05-19 16:48:47 - jugador - [DEBUG] - [JUGADOR_0] Delta flotante intentado: dx=0.0000, dy=0.0000 (delta_time: 0.0160)
2025-05-19 16:48:47 - jugador - [DEBUG] - [JUGADOR_0] Input teclado procesado: mov_x_input_raw=0, mov_y_input_raw=0
2025-05-19 16:48:47 - jugador - [DEBUG] - [JUGADOR_0] Pos flotante (pre-límites): (404.0000, 306.0000)
2025-05-19 16:48:47 - jugador - [DEBUG] - [JUGADOR_0] Pos flotante (post-límites): (404.0000, 306.0000)
2025-05-19 16:48:47 - jugador - [DEBUG] - [JUGADOR_0] Sin mov. para CH (delta_int fue 0). HB: (404, 306), PosFlotante: (404.0000, 306.0000)
2025-05-19 16:48:48 - jugador - [DEBUG] - [JUGADOR_0] Delta flotante intentado: dx=0.0000, dy=0.0000 (delta_time: 0.0160)
2025-05-19 16:48:48 - jugador - [DEBUG] - [JUGADOR_0] Input teclado procesado: mov_x_input_raw=0, mov_y_input_raw=0
2025-05-19 16:48:48 - jugador - [DEBUG] - [JUGADOR_0] Pos flotante (pre-límites): (404.0000, 306.0000)
2025-05-19 16:48:48 - jugador - [DEBUG] - [JUGADOR_0] Pos flotante (post-límites): (404.0000, 306.0000)
2025-05-19 16:48:48 - jugador - [DEBUG] - [JUGADOR_0] Sin mov. para CH (delta_int fue 0). HB: (404, 306), PosFlotante: (404.0000, 306.0000)
2025-05-19 16:48:48 - jugador - [DEBUG] - [JUGADOR_0] Delta flotante intentado: dx=0.0000, dy=0.0000 (delta_time: 0.0160)
2025-05-19 16:48:48 - jugador - [DEBUG] - [JUGADOR_0] Delta flotante intentado: dx=0.0000, dy=0.0000 (delta_time: 0.0170)
2025-05-19 16:48:48 - jugador - [DEBUG] - [JUGADOR_0] Input teclado procesado: mov_x_input_raw=0, mov_y_input_raw=0
2025-05-19 16:48:48 - jugador - [DEBUG] - [JUGADOR_0] Pos flotante (pre-límites): (404.0000, 306.0000)
2025-05-19 16:48:48 - jugador - [DEBUG] - [JUGADOR_0] Pos flotante (post-límites): (404.0000, 306.0000)
2025-05-19 16:48:48 - jugador - [DEBUG] - [JUGADOR_0] Sin mov. para CH (delta_int fue 0). HB: (404, 306), PosFlotante: (404.0000, 306.0000)
2025-05-19 16:48:48 - jugador - [DEBUG] - [JUGADOR_0] Delta flotante intentado: dx=0.0000, dy=0.0000 (delta_time: 0.0160)
2025-05-19 16:48:48 - jugador - [DEBUG] - [JUGADOR_0] Input teclado procesado: mov_x_input_raw=0, mov_y_input_raw=0
2025-05-19 16:48:48 - jugador - [DEBUG] - [JUGADOR_0] Pos flotante (pre-límites): (404.0000, 306.0000)
2025-05-19 16:48:48 - jugador - [DEBUG] - [JUGADOR_0] Pos flotante (post-límites): (404.0000, 306.0000)
2025-05-19 16:48:48 - jugador - [DEBUG] - [JUGADOR_0] Sin mov. para CH (delta_int fue 0). HB: (404, 306), PosFlotante: (404.0000, 306.0000)
2025-05-19 16:48:48 - jugador - [DEBUG] - [JUGADOR_0] Delta flotante intentado: dx=0.0000, dy=0.0000 (delta_time: 0.0160)
2025-05-19 16:48:48 - jugador - [DEBUG] - [JUGADOR_0] Delta flotante intentado: dx=0.0000, dy=0.0000 (delta_time: 0.0170)
2025-05-19 16:48:48 - jugador - [DEBUG] - [JUGADOR_0] Input teclado procesado: mov_x_input_raw=0, mov_y_input_raw=0
2025-05-19 16:48:48 - jugador - [DEBUG] - [JUGADOR_0] Delta flotante intentado: dx=0.0000, dy=0.0000 (delta_time: 0.0160)
2025-05-19 16:48:48 - jugador - [DEBUG] - [JUGADOR_0] Pos flotante (pre-límites): (404.0000, 306.0000)
2025-05-19 16:48:48 - jugador - [DEBUG] - [JUGADOR_0] Pos flotante (post-límites): (404.0000, 306.0000)
2025-05-19 16:48:48 - jugador - [DEBUG] - [JUGADOR_0] Sin mov. para CH (delta_int fue 0). HB: (404, 306), PosFlotante: (404.0000, 306.0000)
2025-05-19 16:48:48 - jugador - [DEBUG] - [JUGADOR_0] Delta flotante intentado: dx=0.0000, dy=0.0000 (delta_time: 0.0170)
2025-05-19 16:48:48 - jugador - [DEBUG] - [JUGADOR_0] Input teclado procesado: mov_x_input_raw=0, mov_y_input_raw=0
2025-05-19 16:48:48 - jugador - [DEBUG] - [JUGADOR_0] Pos flotante (pre-límites): (404.0000, 306.0000)
2025-05-19 16:48:48 - jugador - [DEBUG] - [JUGADOR_0] Pos flotante (post-límites): (404.0000, 306.0000)
2025-05-19 16:48:48 - jugador - [DEBUG] - [JUGADOR_0] Sin mov. para CH (delta_int fue 0). HB: (404, 306), PosFlotante: (404.0000, 306.0000)
2025-05-19 16:48:48 - jugador - [DEBUG] - [JUGADOR_0] Delta flotante intentado: dx=0.0000, dy=0.0000 (delta_time: 0.0170)
2025-05-19 16:48:48 - jugador - [DEBUG] - [JUGADOR_0] Delta flotante intentado: dx=0.0000, dy=0.0000 (delta_time: 0.0160)
2025-05-19 16:48:48 - jugador - [DEBUG] - [JUGADOR_0] Input teclado procesado: mov_x_input_raw=0, mov_y_input_raw=0
2025-05-19 16:48:48 - jugador - [DEBUG] - [JUGADOR_0] Pos flotante (pre-límites): (404.0000, 306.0000)
2025-05-19 16:48:48 - jugador - [DEBUG] - [JUGADOR_0] Pos flotante (post-límites): (404.0000, 306.0000)
2025-05-19 16:48:48 - jugador - [DEBUG] - [JUGADOR_0] Sin mov. para CH (delta_int fue 0). HB: (404, 306), PosFlotante: (404.0000, 306.0000)
2025-05-19 16:48:48 - jugador - [DEBUG] - [JUGADOR_0] Delta flotante intentado: dx=0.0000, dy=0.0000 (delta_time: 0.0170)
2025-05-19 16:48:48 - jugador - [DEBUG] - [JUGADOR_0] Input teclado procesado: mov_x_input_raw=0, mov_y_input_raw=0
2025-05-19 16:48:48 - jugador - [DEBUG] - [JUGADOR_0] Pos flotante (pre-límites): (404.0000, 306.0000)
2025-05-19 16:48:48 - jugador - [DEBUG] - [JUGADOR_0] Pos flotante (post-límites): (404.0000, 306.0000)
2025-05-19 16:48:48 - jugador - [DEBUG] - [JUGADOR_0] Sin mov. para CH (delta_int fue 0). HB: (404, 306), PosFlotante: (404.0000, 306.0000)
2025-05-19 16:48:48 - jugador - [DEBUG] - [JUGADOR_0] Delta flotante intentado: dx=0.0000, dy=0.0000 (delta_time: 0.0160)
2025-05-19 16:48:48 - jugador - [DEBUG] - [JUGADOR_0] Delta flotante intentado: dx=0.0000, dy=0.0000 (delta_time: 0.0170)
2025-05-19 16:48:48 - jugador - [DEBUG] - [JUGADOR_0] Input teclado procesado: mov_x_input_raw=0, mov_y_input_raw=0
2025-05-19 16:48:48 - jugador - [DEBUG] - [JUGADOR_0] Pos flotante (pre-límites): (404.0000, 306.0000)
2025-05-19 16:48:48 - jugador - [DEBUG] - [JUGADOR_0] Pos flotante (post-límites): (404.0000, 306.0000)
2025-05-19 16:48:48 - jugador - [DEBUG] - [JUGADOR_0] Sin mov. para CH (delta_int fue 0). HB: (404, 306), PosFlotante: (404.0000, 306.0000)
2025-05-19 16:48:48 - jugador - [DEBUG] - [JUGADOR_0] Delta flotante intentado: dx=0.0000, dy=0.0000 (delta_time: 0.0160)
2025-05-19 16:48:48 - jugador - [DEBUG] - [JUGADOR_0] Delta flotante intentado: dx=0.0000, dy=0.0000 (delta_time: 0.0170)
2025-05-19 16:48:48 - jugador - [DEBUG] - [JUGADOR_0] Input teclado procesado: mov_x_input_raw=0, mov_y_input_raw=0
2025-05-19 16:48:48 - jugador - [DEBUG] - [JUGADOR_0] Pos flotante (pre-límites): (404.0000, 306.0000)
2025-05-19 16:48:48 - jugador - [DEBUG] - [JUGADOR_0] Pos flotante (post-límites): (404.0000, 306.0000)
2025-05-19 16:48:48 - jugador - [DEBUG] - [JUGADOR_0] Sin mov. para CH (delta_int fue 0). HB: (404, 306), PosFlotante: (404.0000, 306.0000)
2025-05-19 16:48:48 - jugador - [DEBUG] - [JUGADOR_0] Delta flotante intentado: dx=0.0000, dy=0.0000 (delta_time: 0.0160)
2025-05-19 16:48:48 - jugador - [DEBUG] - [JUGADOR_0] Input teclado procesado: mov_x_input_raw=0, mov_y_input_raw=0
2025-05-19 16:48:48 - jugador - [DEBUG] - [JUGADOR_0] Pos flotante (pre-límites): (404.0000, 306.0000)
2025-05-19 16:48:48 - jugador - [DEBUG] - [JUGADOR_0] Pos flotante (post-límites): (404.0000, 306.0000)
2025-05-19 16:48:48 - jugador - [DEBUG] - [JUGADOR_0] Sin mov. para CH (delta_int fue 0). HB: (404, 306), PosFlotante: (404.0000, 306.0000)
2025-05-19 16:48:48 - jugador - [DEBUG] - [JUGADOR_0] Delta flotante intentado: dx=0.0000, dy=0.0000 (delta_time: 0.0160)
2025-05-19 16:48:48 - jugador - [DEBUG] - [JUGADOR_0] Delta flotante intentado: dx=0.0000, dy=0.0000 (delta_time: 0.0170)
2025-05-19 16:48:48 - jugador - [DEBUG] - [JUGADOR_0] Input teclado procesado: mov_x_input_raw=0, mov_y_input_raw=0
2025-05-19 16:48:48 - jugador - [DEBUG] - [JUGADOR_0] Pos flotante (pre-límites): (404.0000, 306.0000)
2025-05-19 16:48:48 - jugador - [DEBUG] - [JUGADOR_0] Pos flotante (post-límites): (404.0000, 306.0000)
2025-05-19 16:48:48 - jugador - [DEBUG] - [JUGADOR_0] Sin mov. para CH (delta_int fue 0). HB: (404, 306), PosFlotante: (404.0000, 306.0000)
2025-05-19 16:48:48 - jugador - [DEBUG] - [JUGADOR_0] Delta flotante intentado: dx=0.0000, dy=0.0000 (delta_time: 0.0160)
2025-05-19 16:48:48 - jugador - [DEBUG] - [JUGADOR_0] Input teclado procesado: mov_x_input_raw=0, mov_y_input_raw=0
2025-05-19 16:48:48 - jugador - [DEBUG] - [JUGADOR_0] Delta flotante intentado: dx=0.0000, dy=0.0000 (delta_time: 0.0170)
2025-05-19 16:48:48 - jugador - [DEBUG] - [JUGADOR_0] Pos flotante (pre-límites): (404.0000, 306.0000)
2025-05-19 16:48:48 - jugador - [DEBUG] - [JUGADOR_0] Pos flotante (post-límites): (404.0000, 306.0000)
2025-05-19 16:48:48 - jugador - [DEBUG] - [JUGADOR_0] Sin mov. para CH (delta_int fue 0). HB: (404, 306), PosFlotante: (404.0000, 306.0000)
2025-05-19 16:48:48 - jugador - [DEBUG] - [JUGADOR_0] Input teclado procesado: mov_x_input_raw=0, mov_y_input_raw=0
2025-05-19 16:48:48 - jugador - [DEBUG] - [JUGADOR_0] Delta flotante intentado: dx=0.0000, dy=0.0000 (delta_time: 0.0170)
2025-05-19 16:48:48 - jugador - [DEBUG] - [JUGADOR_0] Pos flotante (pre-límites): (404.0000, 306.0000)
2025-05-19 16:48:48 - jugador - [DEBUG] - [JUGADOR_0] Pos flotante (post-límites): (404.0000, 306.0000)
2025-05-19 16:48:48 - jugador - [DEBUG] - [JUGADOR_0] Sin mov. para CH (delta_int fue 0). HB: (404, 306), PosFlotante: (404.0000, 306.0000)
2025-05-19 16:48:48 - jugador - [DEBUG] - [JUGADOR_0] Delta flotante intentado: dx=0.0000, dy=0.0000 (delta_time: 0.0160)
2025-05-19 16:48:48 - jugador - [DEBUG] - [JUGADOR_0] Input teclado procesado: mov_x_input_raw=0, mov_y_input_raw=0
2025-05-19 16:48:48 - jugador - [DEBUG] - [JUGADOR_0] Pos flotante (pre-límites): (404.0000, 306.0000)
2025-05-19 16:48:48 - jugador - [DEBUG] - [JUGADOR_0] Pos flotante (post-límites): (404.0000, 306.0000)
2025-05-19 16:48:48 - jugador - [DEBUG] - [JUGADOR_0] Sin mov. para CH (delta_int fue 0). HB: (404, 306), PosFlotante: (404.0000, 306.0000)
2025-05-19 16:48:48 - jugador - [DEBUG] - [JUGADOR_0] Delta flotante intentado: dx=0.0000, dy=0.0000 (delta_time: 0.0160)
2025-05-19 16:48:48 - jugador - [DEBUG] - [JUGADOR_0] Input teclado procesado: mov_x_input_raw=0, mov_y_input_raw=0
2025-05-19 16:48:48 - jugador - [DEBUG] - [JUGADOR_0] Delta flotante intentado: dx=0.0000, dy=0.0000 (delta_time: 0.0170)
2025-05-19 16:48:48 - jugador - [DEBUG] - [JUGADOR_0] Pos flotante (pre-límites): (404.0000, 306.0000)
2025-05-19 16:48:48 - jugador - [DEBUG] - [JUGADOR_0] Pos flotante (post-límites): (404.0000, 306.0000)
2025-05-19 16:48:48 - jugador - [DEBUG] - [JUGADOR_0] Sin mov. para CH (delta_int fue 0). HB: (404, 306), PosFlotante: (404.0000, 306.0000)
2025-05-19 16:48:48 - jugador - [DEBUG] - [JUGADOR_0] Input teclado procesado: mov_x_input_raw=180, mov_y_input_raw=0
2025-05-19 16:48:48 - jugador - [DEBUG] - [JUGADOR_0] Delta flotante intentado: dx=2.8800, dy=0.0000 (delta_time: 0.0160)
2025-05-19 16:48:48 - jugador - [DEBUG] - [JUGADOR_0] Pos flotante (pre-límites): (406.8800, 306.0000)
2025-05-19 16:48:48 - jugador - [DEBUG] - [JUGADOR_0] Pos flotante (post-límites): (406.8800, 306.0000)
2025-05-19 16:48:48 - jugador - [DEBUG] - [JUGADOR_0] Movimiento para CH: dx_int=3, dy_int=0. HB (antes CH): (404, 306), PosFlotante: (406.8800,306.0000)
2025-05-19 16:48:48 - jugador - [DEBUG] - [JUGADOR_0] Iniciando gestión de colisión con dx=3, dy=0. Hitbox actual: (404, 306)
2025-05-19 16:48:48 - jugador - [DEBUG] - [JUGADOR_0] Posición POST CH: HB: (407, 306), PosFlotante: (407.00, 306.00)
2025-05-19 16:48:48 - jugador - [DEBUG] - [JUGADOR_0] Pos flotante (pre-límites): (409.8800, 306.0000)
2025-05-19 16:48:48 - jugador - [DEBUG] - [JUGADOR_0] Pos flotante (post-límites): (409.8800, 306.0000)
2025-05-19 16:48:48 - jugador - [DEBUG] - [JUGADOR_0] Movimiento para CH: dx_int=3, dy_int=0. HB (antes CH): (407, 306), PosFlotante: (409.8800,306.0000)
2025-05-19 16:48:48 - jugador - [DEBUG] - [JUGADOR_0] Iniciando gestión de colisión con dx=3, dy=0. Hitbox actual: (407, 306)
2025-05-19 16:48:48 - jugador - [DEBUG] - [JUGADOR_0] Posición POST CH: HB: (433, 306), PosFlotante: (433.00, 306.00)
2025-05-19 16:48:48 - jugador - [DEBUG] - [JUGADOR_0] Pos flotante (pre-límites): (435.8800, 306.0000)
2025-05-19 16:48:48 - jugador - [DEBUG] - [JUGADOR_0] Pos flotante (post-límites): (435.8800, 306.0000)
2025-05-19 16:48:48 - jugador - [DEBUG] - [JUGADOR_0] Movimiento para CH: dx_int=3, dy_int=0. HB (antes CH): (433, 306), PosFlotante: (435.8800,306.0000)
2025-05-19 16:48:48 - jugador - [DEBUG] - [JUGADOR_0] Iniciando gestión de colisión con dx=3, dy=0. Hitbox actual: (433, 306)
2025-05-19 16:48:48 - jugador - [DEBUG] - [JUGADOR_0] Posición POST CH: HB: (436, 306), PosFlotante: (436.00, 306.00)
2025-05-19 16:48:48 - jugador - [DEBUG] - [JUGADOR_0] Pos flotante (pre-límites): (438.8800, 306.0000)
2025-05-19 16:48:48 - jugador - [DEBUG] - [JUGADOR_0] Pos flotante (post-límites): (438.8800, 306.0000)
2025-05-19 16:48:48 - jugador - [DEBUG] - [JUGADOR_0] Movimiento para CH: dx_int=3, dy_int=0. HB (antes CH): (436, 306), PosFlotante: (438.8800,306.0000)
2025-05-19 16:48:48 - jugador - [DEBUG] - [JUGADOR_0] Iniciando gestión de colisión con dx=3, dy=0. Hitbox actual: (436, 306)
2025-05-19 16:48:48 - jugador - [DEBUG] - [JUGADOR_0] Posición POST CH: HB: (439, 306), PosFlotante: (439.00, 306.00)
2025-05-19 16:48:49 - jugador - [DEBUG] - [JUGADOR_0] Input teclado procesado: mov_x_input_raw=180, mov_y_input_raw=0
2025-05-19 16:48:49 - jugador - [DEBUG] - [JUGADOR_0] Delta flotante intentado: dx=2.8800, dy=0.0000 (delta_time: 0.0160)
2025-05-19 16:48:49 - jugador - [DEBUG] - [JUGADOR_0] Pos flotante (pre-límites): (441.8800, 306.0000)
2025-05-19 16:48:49 - jugador - [DEBUG] - [JUGADOR_0] Pos flotante (post-límites): (441.8800, 306.0000)
2025-05-19 16:48:49 - jugador - [DEBUG] - [JUGADOR_0] Movimiento para CH: dx_int=3, dy_int=0. HB (antes CH): (439, 306), PosFlotante: (441.8800,306.0000)
2025-05-19 16:48:49 - jugador - [DEBUG] - [JUGADOR_0] Iniciando gestión de colisión con dx=3, dy=0. Hitbox actual: (439, 306)
2025-05-19 16:48:49 - jugador - [DEBUG] - [JUGADOR_0] Posición POST CH: HB: (442, 306), PosFlotante: (442.00, 306.00)
2025-05-19 16:48:49 - jugador - [DEBUG] - [JUGADOR_0] Pos flotante (pre-límites): (444.8800, 306.0000)
2025-05-19 16:48:49 - jugador - [DEBUG] - [JUGADOR_0] Pos flotante (post-límites): (444.8800, 306.0000)
2025-05-19 16:48:49 - jugador - [DEBUG] - [JUGADOR_0] Movimiento para CH: dx_int=3, dy_int=0. HB (antes CH): (442, 306), PosFlotante: (444.8800,306.0000)
2025-05-19 16:48:49 - jugador - [DEBUG] - [JUGADOR_0] Iniciando gestión de colisión con dx=3, dy=0. Hitbox actual: (442, 306)
2025-05-19 16:48:49 - jugador - [DEBUG] - [JUGADOR_0] Posición POST CH: HB: (445, 306), PosFlotante: (445.00, 306.00)
2025-05-19 16:48:49 - jugador - [DEBUG] - [JUGADOR_0] Delta flotante intentado: dx=3.0600, dy=0.0000 (delta_time: 0.0170)
2025-05-19 16:48:49 - jugador - [DEBUG] - [JUGADOR_0] Pos flotante (pre-límites): (448.0600, 306.0000)
2025-05-19 16:48:49 - jugador - [DEBUG] - [JUGADOR_0] Pos flotante (post-límites): (448.0600, 306.0000)
2025-05-19 16:48:49 - jugador - [DEBUG] - [JUGADOR_0] Movimiento para CH: dx_int=4, dy_int=0. HB (antes CH): (445, 306), PosFlotante: (448.0600,306.0000)
2025-05-19 16:48:49 - jugador - [DEBUG] - [JUGADOR_0] Iniciando gestión de colisión con dx=4, dy=0. Hitbox actual: (445, 306)
2025-05-19 16:48:49 - jugador - [DEBUG] - [JUGADOR_0] Posición POST CH: HB: (449, 306), PosFlotante: (449.00, 306.00)
2025-05-19 16:48:49 - jugador - [DEBUG] - [JUGADOR_0] Pos flotante (pre-límites): (451.8800, 306.0000)
2025-05-19 16:48:49 - jugador - [DEBUG] - [JUGADOR_0] Pos flotante (post-límites): (451.8800, 306.0000)
2025-05-19 16:48:49 - jugador - [DEBUG] - [JUGADOR_0] Movimiento para CH: dx_int=3, dy_int=0. HB (antes CH): (449, 306), PosFlotante: (451.8800,306.0000)
2025-05-19 16:48:49 - jugador - [DEBUG] - [JUGADOR_0] Iniciando gestión de colisión con dx=3, dy=0. Hitbox actual: (449, 306)
2025-05-19 16:48:49 - jugador - [DEBUG] - [JUGADOR_0] Posición POST CH: HB: (452, 306), PosFlotante: (452.00, 306.00)
2025-05-19 16:48:49 - jugador - [DEBUG] - [JUGADOR_0] Input teclado procesado: mov_x_input_raw=180, mov_y_input_raw=0
2025-05-19 16:48:49 - jugador - [DEBUG] - [JUGADOR_0] Delta flotante intentado: dx=2.8800, dy=0.0000 (delta_time: 0.0160)
2025-05-19 16:48:49 - jugador - [DEBUG] - [JUGADOR_0] Pos flotante (pre-límites): (454.8800, 306.0000)
2025-05-19 16:48:49 - jugador - [DEBUG] - [JUGADOR_0] Pos flotante (post-límites): (454.8800, 306.0000)
2025-05-19 16:48:49 - jugador - [DEBUG] - [JUGADOR_0] Movimiento para CH: dx_int=3, dy_int=0. HB (antes CH): (452, 306), PosFlotante: (454.8800,306.0000)
2025-05-19 16:48:49 - jugador - [DEBUG] - [JUGADOR_0] Iniciando gestión de colisión con dx=3, dy=0. Hitbox actual: (452, 306)
2025-05-19 16:48:49 - jugador - [DEBUG] - [JUGADOR_0] Posición POST CH: HB: (455, 306), PosFlotante: (455.00, 306.00)
2025-05-19 16:48:49 - jugador - [DEBUG] - [JUGADOR_0] Pos flotante (pre-límites): (457.8800, 306.0000)
2025-05-19 16:48:49 - jugador - [DEBUG] - [JUGADOR_0] Pos flotante (post-límites): (457.8800, 306.0000)
2025-05-19 16:48:49 - jugador - [DEBUG] - [JUGADOR_0] Movimiento para CH: dx_int=3, dy_int=0. HB (antes CH): (455, 306), PosFlotante: (457.8800,306.0000)
2025-05-19 16:48:49 - jugador - [DEBUG] - [JUGADOR_0] Iniciando gestión de colisión con dx=3, dy=0. Hitbox actual: (455, 306)
2025-05-19 16:48:49 - jugador - [DEBUG] - [JUGADOR_0] Posición POST CH: HB: (458, 306), PosFlotante: (458.00, 306.00)
2025-05-19 16:48:49 - jugador - [DEBUG] - [JUGADOR_0] Pos flotante (pre-límites): (460.8800, 306.0000)
2025-05-19 16:48:49 - jugador - [DEBUG] - [JUGADOR_0] Pos flotante (post-límites): (460.8800, 306.0000)
2025-05-19 16:48:49 - jugador - [DEBUG] - [JUGADOR_0] Movimiento para CH: dx_int=3, dy_int=0. HB (antes CH): (458, 306), PosFlotante: (460.8800,306.0000)
2025-05-19 16:48:49 - jugador - [DEBUG] - [JUGADOR_0] Iniciando gestión de colisión con dx=3, dy=0. Hitbox actual: (458, 306)
2025-05-19 16:48:49 - jugador - [DEBUG] - [JUGADOR_0] Posición POST CH: HB: (461, 306), PosFlotante: (461.00, 306.00)
2025-05-19 16:48:49 - jugador - [DEBUG] - [JUGADOR_0] Pos flotante (pre-límites): (463.8800, 306.0000)
2025-05-19 16:48:49 - jugador - [DEBUG] - [JUGADOR_0] Pos flotante (post-límites): (463.8800, 306.0000)
2025-05-19 16:48:49 - jugador - [DEBUG] - [JUGADOR_0] Movimiento para CH: dx_int=3, dy_int=0. HB (antes CH): (461, 306), PosFlotante: (463.8800,306.0000)
2025-05-19 16:48:49 - jugador - [DEBUG] - [JUGADOR_0] Iniciando gestión de colisión con dx=3, dy=0. Hitbox actual: (461, 306)
2025-05-19 16:48:49 - jugador - [DEBUG] - [JUGADOR_0] Posición POST CH: HB: (464, 306), PosFlotante: (464.00, 306.00)
2025-05-19 16:48:49 - jugador - [DEBUG] - [JUGADOR_0] Input teclado procesado: mov_x_input_raw=180, mov_y_input_raw=0
2025-05-19 16:48:49 - jugador - [DEBUG] - [JUGADOR_0] Delta flotante intentado: dx=2.8800, dy=0.0000 (delta_time: 0.0160)
2025-05-19 16:48:49 - jugador - [DEBUG] - [JUGADOR_0] Pos flotante (pre-límites): (466.8800, 306.0000)
2025-05-19 16:48:49 - jugador - [DEBUG] - [JUGADOR_0] Pos flotante (post-límites): (466.8800, 306.0000)
2025-05-19 16:48:49 - jugador - [DEBUG] - [JUGADOR_0] Movimiento para CH: dx_int=3, dy_int=0. HB (antes CH): (464, 306), PosFlotante: (466.8800,306.0000)
2025-05-19 16:48:49 - jugador - [DEBUG] - [JUGADOR_0] Iniciando gestión de colisión con dx=3, dy=0. Hitbox actual: (464, 306)
2025-05-19 16:48:49 - jugador - [DEBUG] - [JUGADOR_0] Posición POST CH: HB: (467, 306), PosFlotante: (467.00, 306.00)
2025-05-19 16:48:49 - jugador - [DEBUG] - [JUGADOR_0] Pos flotante (pre-límites): (469.8800, 306.0000)
2025-05-19 16:48:49 - jugador - [DEBUG] - [JUGADOR_0] Pos flotante (post-límites): (469.8800, 306.0000)
2025-05-19 16:48:49 - jugador - [DEBUG] - [JUGADOR_0] Movimiento para CH: dx_int=3, dy_int=0. HB (antes CH): (467, 306), PosFlotante: (469.8800,306.0000)
2025-05-19 16:48:49 - jugador - [DEBUG] - [JUGADOR_0] Iniciando gestión de colisión con dx=3, dy=0. Hitbox actual: (467, 306)
2025-05-19 16:48:49 - jugador - [DEBUG] - [JUGADOR_0] Posición POST CH: HB: (470, 306), PosFlotante: (470.00, 306.00)
2025-05-19 16:48:49 - jugador - [DEBUG] - [JUGADOR_0] Pos flotante (pre-límites): (472.8800, 306.0000)
2025-05-19 16:48:49 - jugador - [DEBUG] - [JUGADOR_0] Pos flotante (post-límites): (472.8800, 306.0000)
2025-05-19 16:48:49 - jugador - [DEBUG] - [JUGADOR_0] Movimiento para CH: dx_int=3, dy_int=0. HB (antes CH): (470, 306), PosFlotante: (472.8800,306.0000)
2025-05-19 16:48:49 - jugador - [DEBUG] - [JUGADOR_0] Iniciando gestión de colisión con dx=3, dy=0. Hitbox actual: (470, 306)
2025-05-19 16:48:49 - jugador - [DEBUG] - [JUGADOR_0] Posición POST CH: HB: (473, 306), PosFlotante: (473.00, 306.00)
2025-05-19 16:48:49 - jugador - [DEBUG] - [JUGADOR_0] Pos flotante (pre-límites): (475.8800, 306.0000)
2025-05-19 16:48:49 - jugador - [DEBUG] - [JUGADOR_0] Pos flotante (post-límites): (475.8800, 306.0000)
2025-05-19 16:48:49 - jugador - [DEBUG] - [JUGADOR_0] Movimiento para CH: dx_int=3, dy_int=0. HB (antes CH): (473, 306), PosFlotante: (475.8800,306.0000)
2025-05-19 16:48:49 - jugador - [DEBUG] - [JUGADOR_0] Iniciando gestión de colisión con dx=3, dy=0. Hitbox actual: (473, 306)
2025-05-19 16:48:49 - jugador - [DEBUG] - [JUGADOR_0] Posición POST CH: HB: (476, 306), PosFlotante: (476.00, 306.00)
2025-05-19 16:48:49 - jugador - [INFO] - [JUGADOR_0] ATAQUE INICIADO (Cooldown: 700.0ms). Perfil: 'espada_predeterminada'
2025-05-19 16:48:49 - jugador - [DEBUG] - [JUGADOR_0] Input teclado procesado: mov_x_input_raw=180, mov_y_input_raw=0
2025-05-19 16:48:49 - jugador - [DEBUG] - [JUGADOR_0] Delta flotante intentado: dx=3.0600, dy=0.0000 (delta_time: 0.0170)
2025-05-19 16:48:49 - jugador - [DEBUG] - [JUGADOR_0] Pos flotante (pre-límites): (479.0600, 306.0000)
2025-05-19 16:48:49 - jugador - [DEBUG] - [JUGADOR_0] Pos flotante (post-límites): (479.0600, 306.0000)
2025-05-19 16:48:49 - jugador - [DEBUG] - [JUGADOR_0] Movimiento para CH: dx_int=4, dy_int=0. HB (antes CH): (476, 306), PosFlotante: (479.0600,306.0000)
2025-05-19 16:48:49 - jugador - [DEBUG] - [JUGADOR_0] Iniciando gestión de colisión con dx=4, dy=0. Hitbox actual: (476, 306)
2025-05-19 16:48:49 - jugador - [DEBUG] - [JUGADOR_0] Posición POST CH: HB: (480, 306), PosFlotante: (480.00, 306.00)
2025-05-19 16:48:49 - jugador - [DEBUG] - [JUGADOR_0] Hitbox ataque: <rect(504, 283, 54, 69)> (Dir: 1,0)
2025-05-19 16:48:49 - jugador - [DEBUG] - [JUGADOR_0] Pos flotante (pre-límites): (483.0600, 306.0000)
2025-05-19 16:48:49 - jugador - [DEBUG] - [JUGADOR_0] Pos flotante (post-límites): (483.0600, 306.0000)
2025-05-19 16:48:49 - jugador - [DEBUG] - [JUGADOR_0] Movimiento para CH: dx_int=4, dy_int=0. HB (antes CH): (480, 306), PosFlotante: (483.0600,306.0000)
2025-05-19 16:48:49 - jugador - [DEBUG] - [JUGADOR_0] Iniciando gestión de colisión con dx=4, dy=0. Hitbox actual: (480, 306)
2025-05-19 16:48:49 - jugador - [DEBUG] - [JUGADOR_0] Posición POST CH: HB: (481, 306), PosFlotante: (481.00, 306.00)
2025-05-19 16:48:49 - jugador - [DEBUG] - [JUGADOR_0] Hitbox ataque: <rect(505, 283, 54, 69)> (Dir: 1,0)
2025-05-19 16:48:49 - jugador - [DEBUG] - [JUGADOR_0] Delta flotante intentado: dx=2.8800, dy=0.0000 (delta_time: 0.0160)
2025-05-19 16:48:49 - jugador - [DEBUG] - [JUGADOR_0] Pos flotante (pre-límites): (483.8800, 306.0000)
2025-05-19 16:48:49 - jugador - [DEBUG] - [JUGADOR_0] Pos flotante (post-límites): (483.8800, 306.0000)
2025-05-19 16:48:49 - jugador - [DEBUG] - [JUGADOR_0] Movimiento para CH: dx_int=3, dy_int=0. HB (antes CH): (481, 306), PosFlotante: (483.8800,306.0000)
2025-05-19 16:48:49 - jugador - [DEBUG] - [JUGADOR_0] Iniciando gestión de colisión con dx=3, dy=0. Hitbox actual: (481, 306)
2025-05-19 16:48:49 - jugador - [DEBUG] - [JUGADOR_0] Input teclado procesado: mov_x_input_raw=180, mov_y_input_raw=0
2025-05-19 16:48:49 - jugador - [DEBUG] - [JUGADOR_0] Delta flotante intentado: dx=3.0600, dy=0.0000 (delta_time: 0.0170)
2025-05-19 16:48:49 - jugador - [DEBUG] - [JUGADOR_0] Pos flotante (pre-límites): (484.0600, 306.0000)
2025-05-19 16:48:49 - jugador - [DEBUG] - [JUGADOR_0] Pos flotante (post-límites): (484.0600, 306.0000)
2025-05-19 16:48:49 - jugador - [DEBUG] - [JUGADOR_0] Movimiento para CH: dx_int=4, dy_int=0. HB (antes CH): (481, 306), PosFlotante: (484.0600,306.0000)
2025-05-19 16:48:49 - jugador - [DEBUG] - [JUGADOR_0] Iniciando gestión de colisión con dx=4, dy=0. Hitbox actual: (481, 306)
2025-05-19 16:48:49 - jugador - [DEBUG] - [JUGADOR_0] Posición POST CH: HB: (481, 306), PosFlotante: (481.00, 306.00)
2025-05-19 16:48:49 - jugador - [DEBUG] - [JUGADOR_0] Hitbox ataque: <rect(505, 283, 54, 69)> (Dir: 1,0)
2025-05-19 16:48:49 - jugador - [DEBUG] - [JUGADOR_0] Input teclado procesado: mov_x_input_raw=180, mov_y_input_raw=0
2025-05-19 16:48:49 - jugador - [DEBUG] - [JUGADOR_0] Delta flotante intentado: dx=3.0600, dy=0.0000 (delta_time: 0.0170)
2025-05-19 16:48:49 - jugador - [DEBUG] - [JUGADOR_0] Pos flotante (pre-límites): (484.0600, 306.0000)
2025-05-19 16:48:49 - jugador - [DEBUG] - [JUGADOR_0] Pos flotante (post-límites): (484.0600, 306.0000)
2025-05-19 16:48:49 - jugador - [DEBUG] - [JUGADOR_0] Movimiento para CH: dx_int=4, dy_int=0. HB (antes CH): (481, 306), PosFlotante: (484.0600,306.0000)
2025-05-19 16:48:49 - jugador - [DEBUG] - [JUGADOR_0] Iniciando gestión de colisión con dx=4, dy=0. Hitbox actual: (481, 306)
2025-05-19 16:48:49 - jugador - [DEBUG] - [JUGADOR_0] Posición POST CH: HB: (481, 306), PosFlotante: (481.00, 306.00)
2025-05-19 16:48:49 - jugador - [DEBUG] - [JUGADOR_0] Hitbox ataque: <rect(505, 283, 54, 69)> (Dir: 1,0)
2025-05-19 16:48:49 - jugador - [DEBUG] - [JUGADOR_0] Delta flotante intentado: dx=2.8800, dy=0.0000 (delta_time: 0.0160)
2025-05-19 16:48:49 - jugador - [DEBUG] - [JUGADOR_0] Pos flotante (pre-límites): (483.8800, 306.0000)
2025-05-19 16:48:49 - jugador - [DEBUG] - [JUGADOR_0] Pos flotante (post-límites): (483.8800, 306.0000)
2025-05-19 16:48:49 - jugador - [DEBUG] - [JUGADOR_0] Movimiento para CH: dx_int=3, dy_int=0. HB (antes CH): (481, 306), PosFlotante: (483.8800,306.0000)
2025-05-19 16:48:49 - jugador - [DEBUG] - [JUGADOR_0] Iniciando gestión de colisión con dx=3, dy=0. Hitbox actual: (481, 306)
2025-05-19 16:48:49 - jugador - [DEBUG] - [JUGADOR_0] Input teclado procesado: mov_x_input_raw=180, mov_y_input_raw=0
2025-05-19 16:48:49 - jugador - [DEBUG] - [JUGADOR_0] Delta flotante intentado: dx=3.0600, dy=0.0000 (delta_time: 0.0170)
2025-05-19 16:48:49 - jugador - [DEBUG] - [JUGADOR_0] Pos flotante (pre-límites): (484.0600, 306.0000)
2025-05-19 16:48:49 - jugador - [DEBUG] - [JUGADOR_0] Pos flotante (post-límites): (484.0600, 306.0000)
2025-05-19 16:48:49 - jugador - [DEBUG] - [JUGADOR_0] Movimiento para CH: dx_int=4, dy_int=0. HB (antes CH): (481, 306), PosFlotante: (484.0600,306.0000)
2025-05-19 16:48:49 - jugador - [DEBUG] - [JUGADOR_0] Iniciando gestión de colisión con dx=4, dy=0. Hitbox actual: (481, 306)
2025-05-19 16:48:49 - jugador - [DEBUG] - [JUGADOR_0] Posición POST CH: HB: (481, 306), PosFlotante: (481.00, 306.00)
2025-05-19 16:48:49 - jugador - [DEBUG] - [JUGADOR_0] Hitbox ataque: <rect(505, 283, 54, 69)> (Dir: 1,0)
2025-05-19 16:48:49 - jugador - [DEBUG] - [JUGADOR_0] Posición POST CH: HB: (487, 288), PosFlotante: (487.00, 288.00)
2025-05-19 16:48:49 - jugador - [DEBUG] - [JUGADOR_0] Hitbox ataque: <rect(511, 265, 54, 69)> (Dir: 1,0)
2025-05-19 16:48:49 - jugador - [DEBUG] - [JUGADOR_0] Input teclado procesado: mov_x_input_raw=180, mov_y_input_raw=0
2025-05-19 16:48:49 - jugador - [DEBUG] - [JUGADOR_0] Delta flotante intentado: dx=3.0600, dy=0.0000 (delta_time: 0.0170)
2025-05-19 16:48:49 - jugador - [DEBUG] - [JUGADOR_0] Pos flotante (pre-límites): (490.0600, 288.0000)
2025-05-19 16:48:49 - jugador - [DEBUG] - [JUGADOR_0] Pos flotante (post-límites): (490.0600, 288.0000)
2025-05-19 16:48:49 - jugador - [DEBUG] - [JUGADOR_0] Movimiento para CH: dx_int=4, dy_int=0. HB (antes CH): (487, 288), PosFlotante: (490.0600,288.0000)
2025-05-19 16:48:49 - jugador - [DEBUG] - [JUGADOR_0] Iniciando gestión de colisión con dx=4, dy=0. Hitbox actual: (487, 288)
2025-05-19 16:48:49 - jugador - [DEBUG] - [JUGADOR_0] Posición POST CH: HB: (491, 288), PosFlotante: (491.00, 288.00)
2025-05-19 16:48:49 - jugador - [DEBUG] - [JUGADOR_0] Hitbox ataque: <rect(515, 265, 54, 69)> (Dir: 1,0)
2025-05-19 16:48:49 - jugador - [DEBUG] - [JUGADOR_0] Pos flotante (pre-límites): (494.0600, 288.0000)
2025-05-19 16:48:49 - jugador - [DEBUG] - [JUGADOR_0] Pos flotante (post-límites): (494.0600, 288.0000)
2025-05-19 16:48:49 - jugador - [DEBUG] - [JUGADOR_0] Movimiento para CH: dx_int=4, dy_int=0. HB (antes CH): (491, 288), PosFlotante: (494.0600,288.0000)
2025-05-19 16:48:49 - jugador - [DEBUG] - [JUGADOR_0] Iniciando gestión de colisión con dx=4, dy=0. Hitbox actual: (491, 288)
2025-05-19 16:48:49 - jugador - [DEBUG] - [JUGADOR_0] Posición POST CH: HB: (495, 288), PosFlotante: (495.00, 288.00)
2025-05-19 16:48:49 - jugador - [DEBUG] - [JUGADOR_0] Hitbox ataque: <rect(519, 265, 54, 69)> (Dir: 1,0)
2025-05-19 16:48:49 - jugador - [DEBUG] - [JUGADOR_0] Pos flotante (pre-límites): (498.0600, 288.0000)
2025-05-19 16:48:49 - jugador - [DEBUG] - [JUGADOR_0] Pos flotante (post-límites): (498.0600, 288.0000)
2025-05-19 16:48:49 - jugador - [DEBUG] - [JUGADOR_0] Movimiento para CH: dx_int=4, dy_int=0. HB (antes CH): (495, 288), PosFlotante: (498.0600,288.0000)
2025-05-19 16:48:49 - jugador - [DEBUG] - [JUGADOR_0] Iniciando gestión de colisión con dx=4, dy=0. Hitbox actual: (495, 288)
2025-05-19 16:48:49 - jugador - [DEBUG] - [JUGADOR_0] Posición POST CH: HB: (499, 288), PosFlotante: (499.00, 288.00)
2025-05-19 16:48:49 - jugador - [DEBUG] - [JUGADOR_0] ATAQUE FINALIZADO (Duración: 260ms). Enemigos golpeados: 0
2025-05-19 16:48:49 - jugador - [DEBUG] - [JUGADOR_0] Input teclado procesado: mov_x_input_raw=180, mov_y_input_raw=0
2025-05-19 16:48:49 - jugador - [DEBUG] - [JUGADOR_0] Delta flotante intentado: dx=3.0600, dy=0.0000 (delta_time: 0.0170)
2025-05-19 16:48:49 - jugador - [DEBUG] - [JUGADOR_0] Pos flotante (pre-límites): (502.0600, 288.0000)
2025-05-19 16:48:49 - jugador - [DEBUG] - [JUGADOR_0] Pos flotante (post-límites): (502.0600, 288.0000)
2025-05-19 16:48:49 - jugador - [DEBUG] - [JUGADOR_0] Movimiento para CH: dx_int=4, dy_int=0. HB (antes CH): (499, 288), PosFlotante: (502.0600,288.0000)
2025-05-19 16:48:49 - jugador - [DEBUG] - [JUGADOR_0] Iniciando gestión de colisión con dx=4, dy=0. Hitbox actual: (499, 288)
2025-05-19 16:48:49 - jugador - [DEBUG] - [JUGADOR_0] Posición POST CH: HB: (503, 288), PosFlotante: (503.00, 288.00)
2025-05-19 16:48:49 - jugador - [DEBUG] - [JUGADOR_0] Delta flotante intentado: dx=2.8800, dy=0.0000 (delta_time: 0.0160)
2025-05-19 16:48:49 - jugador - [DEBUG] - [JUGADOR_0] Pos flotante (pre-límites): (505.8800, 288.0000)
2025-05-19 16:48:49 - jugador - [DEBUG] - [JUGADOR_0] Pos flotante (post-límites): (505.8800, 288.0000)
2025-05-19 16:48:49 - jugador - [DEBUG] - [JUGADOR_0] Movimiento para CH: dx_int=3, dy_int=0. HB (antes CH): (503, 288), PosFlotante: (505.8800,288.0000)
2025-05-19 16:48:49 - jugador - [DEBUG] - [JUGADOR_0] Iniciando gestión de colisión con dx=3, dy=0. Hitbox actual: (503, 288)
2025-05-19 16:48:49 - jugador - [DEBUG] - [JUGADOR_0] Posición POST CH: HB: (506, 288), PosFlotante: (506.00, 288.00)
2025-05-19 16:48:49 - jugador - [DEBUG] - [JUGADOR_0] Pos flotante (pre-límites): (509.0600, 288.0000)
2025-05-19 16:48:49 - jugador - [DEBUG] - [JUGADOR_0] Pos flotante (post-límites): (509.0600, 288.0000)
2025-05-19 16:48:49 - jugador - [DEBUG] - [JUGADOR_0] Movimiento para CH: dx_int=4, dy_int=0. HB (antes CH): (506, 288), PosFlotante: (509.0600,288.0000)
2025-05-19 16:48:49 - jugador - [DEBUG] - [JUGADOR_0] Iniciando gestión de colisión con dx=4, dy=0. Hitbox actual: (506, 288)
2025-05-19 16:48:49 - jugador - [DEBUG] - [JUGADOR_0] Posición POST CH: HB: (510, 288), PosFlotante: (510.00, 288.00)
2025-05-19 16:48:49 - jugador - [DEBUG] - [JUGADOR_0] Input teclado procesado: mov_x_input_raw=180, mov_y_input_raw=0
2025-05-19 16:48:49 - jugador - [DEBUG] - [JUGADOR_0] Delta flotante intentado: dx=3.0600, dy=0.0000 (delta_time: 0.0170)
2025-05-19 16:48:49 - jugador - [DEBUG] - [JUGADOR_0] Pos flotante (pre-límites): (513.0600, 288.0000)
2025-05-19 16:48:49 - jugador - [DEBUG] - [JUGADOR_0] Pos flotante (post-límites): (513.0600, 288.0000)
2025-05-19 16:48:49 - jugador - [DEBUG] - [JUGADOR_0] Movimiento para CH: dx_int=4, dy_int=0. HB (antes CH): (510, 288), PosFlotante: (513.0600,288.0000)
2025-05-19 16:48:49 - jugador - [DEBUG] - [JUGADOR_0] Iniciando gestión de colisión con dx=4, dy=0. Hitbox actual: (510, 288)
2025-05-19 16:48:49 - jugador - [DEBUG] - [JUGADOR_0] Posición POST CH: HB: (514, 288), PosFlotante: (514.00, 288.00)
2025-05-19 16:48:49 - jugador - [DEBUG] - [JUGADOR_0] Delta flotante intentado: dx=2.8800, dy=0.0000 (delta_time: 0.0160)
2025-05-19 16:48:49 - jugador - [DEBUG] - [JUGADOR_0] Pos flotante (pre-límites): (516.8800, 288.0000)
2025-05-19 16:48:49 - jugador - [DEBUG] - [JUGADOR_0] Pos flotante (post-límites): (516.8800, 288.0000)
2025-05-19 16:48:49 - jugador - [DEBUG] - [JUGADOR_0] Movimiento para CH: dx_int=3, dy_int=0. HB (antes CH): (514, 288), PosFlotante: (516.8800,288.0000)
2025-05-19 16:48:49 - jugador - [DEBUG] - [JUGADOR_0] Iniciando gestión de colisión con dx=3, dy=0. Hitbox actual: (514, 288)
2025-05-19 16:48:49 - jugador - [DEBUG] - [JUGADOR_0] Posición POST CH: HB: (517, 288), PosFlotante: (517.00, 288.00)
2025-05-19 16:48:49 - jugador - [DEBUG] - [JUGADOR_0] Pos flotante (pre-límites): (519.8800, 288.0000)
2025-05-19 16:48:49 - jugador - [DEBUG] - [JUGADOR_0] Pos flotante (post-límites): (519.8800, 288.0000)
2025-05-19 16:48:49 - jugador - [DEBUG] - [JUGADOR_0] Movimiento para CH: dx_int=3, dy_int=0. HB (antes CH): (517, 288), PosFlotante: (519.8800,288.0000)
2025-05-19 16:48:49 - jugador - [DEBUG] - [JUGADOR_0] Iniciando gestión de colisión con dx=3, dy=0. Hitbox actual: (517, 288)
2025-05-19 16:48:49 - jugador - [DEBUG] - [JUGADOR_0] Posición POST CH: HB: (520, 288), PosFlotante: (520.00, 288.00)
2025-05-19 16:48:49 - jugador - [DEBUG] - [JUGADOR_0] Pos flotante (pre-límites): (523.0600, 288.0000)
2025-05-19 16:48:49 - jugador - [DEBUG] - [JUGADOR_0] Pos flotante (post-límites): (523.0600, 288.0000)
2025-05-19 16:48:49 - jugador - [DEBUG] - [JUGADOR_0] Movimiento para CH: dx_int=4, dy_int=0. HB (antes CH): (520, 288), PosFlotante: (523.0600,288.0000)
2025-05-19 16:48:49 - jugador - [DEBUG] - [JUGADOR_0] Iniciando gestión de colisión con dx=4, dy=0. Hitbox actual: (520, 288)
2025-05-19 16:48:49 - jugador - [DEBUG] - [JUGADOR_0] Posición POST CH: HB: (524, 288), PosFlotante: (524.00, 288.00)
2025-05-19 16:48:49 - jugador - [DEBUG] - [JUGADOR_0] Input teclado procesado: mov_x_input_raw=180, mov_y_input_raw=0
2025-05-19 16:48:49 - jugador - [DEBUG] - [JUGADOR_0] Pos flotante (pre-límites): (526.8800, 288.0000)
2025-05-19 16:48:49 - jugador - [DEBUG] - [JUGADOR_0] Pos flotante (post-límites): (526.8800, 288.0000)
2025-05-19 16:48:49 - jugador - [DEBUG] - [JUGADOR_0] Movimiento para CH: dx_int=3, dy_int=0. HB (antes CH): (524, 288), PosFlotante: (526.8800,288.0000)
2025-05-19 16:48:49 - jugador - [DEBUG] - [JUGADOR_0] Iniciando gestión de colisión con dx=3, dy=0. Hitbox actual: (524, 288)
2025-05-19 16:48:49 - jugador - [DEBUG] - [JUGADOR_0] Posición POST CH: HB: (527, 288), PosFlotante: (527.00, 288.00)
2025-05-19 16:48:49 - jugador - [DEBUG] - [JUGADOR_0] Delta flotante intentado: dx=2.8800, dy=0.0000 (delta_time: 0.0160)
2025-05-19 16:48:49 - jugador - [DEBUG] - [JUGADOR_0] Pos flotante (pre-límites): (529.8800, 288.0000)
2025-05-19 16:48:49 - jugador - [DEBUG] - [JUGADOR_0] Pos flotante (post-límites): (529.8800, 288.0000)
2025-05-19 16:48:49 - jugador - [DEBUG] - [JUGADOR_0] Movimiento para CH: dx_int=3, dy_int=0. HB (antes CH): (527, 288), PosFlotante: (529.8800,288.0000)
2025-05-19 16:48:49 - jugador - [DEBUG] - [JUGADOR_0] Iniciando gestión de colisión con dx=3, dy=0. Hitbox actual: (527, 288)
2025-05-19 16:48:49 - jugador - [DEBUG] - [JUGADOR_0] Posición POST CH: HB: (530, 288), PosFlotante: (530.00, 288.00)
2025-05-19 16:48:49 - jugador - [DEBUG] - [JUGADOR_0] Pos flotante (pre-límites): (532.8800, 288.0000)
2025-05-19 16:48:49 - jugador - [DEBUG] - [JUGADOR_0] Pos flotante (post-límites): (532.8800, 288.0000)
2025-05-19 16:48:49 - jugador - [DEBUG] - [JUGADOR_0] Movimiento para CH: dx_int=3, dy_int=0. HB (antes CH): (530, 288), PosFlotante: (532.8800,288.0000)
2025-05-19 16:48:49 - jugador - [DEBUG] - [JUGADOR_0] Iniciando gestión de colisión con dx=3, dy=0. Hitbox actual: (530, 288)
2025-05-19 16:48:49 - jugador - [DEBUG] - [JUGADOR_0] Posición POST CH: HB: (533, 288), PosFlotante: (533.00, 288.00)
2025-05-19 16:48:49 - jugador - [DEBUG] - [JUGADOR_0] Delta flotante intentado: dx=3.0600, dy=0.0000 (delta_time: 0.0170)
2025-05-19 16:48:49 - jugador - [DEBUG] - [JUGADOR_0] Pos flotante (pre-límites): (536.0600, 288.0000)
2025-05-19 16:48:49 - jugador - [DEBUG] - [JUGADOR_0] Pos flotante (post-límites): (536.0600, 288.0000)
2025-05-19 16:48:49 - jugador - [DEBUG] - [JUGADOR_0] Movimiento para CH: dx_int=4, dy_int=0. HB (antes CH): (533, 288), PosFlotante: (536.0600,288.0000)
2025-05-19 16:48:49 - jugador - [DEBUG] - [JUGADOR_0] Iniciando gestión de colisión con dx=4, dy=0. Hitbox actual: (533, 288)
2025-05-19 16:48:49 - jugador - [DEBUG] - [JUGADOR_0] Posición POST CH: HB: (537, 288), PosFlotante: (537.00, 288.00)
2025-05-19 16:48:49 - jugador - [DEBUG] - [JUGADOR_0] Input teclado procesado: mov_x_input_raw=180, mov_y_input_raw=0
2025-05-19 16:48:49 - jugador - [DEBUG] - [JUGADOR_0] Pos flotante (pre-límites): (539.8800, 288.0000)
2025-05-19 16:48:49 - jugador - [DEBUG] - [JUGADOR_0] Pos flotante (post-límites): (539.8800, 288.0000)
2025-05-19 16:48:49 - jugador - [DEBUG] - [JUGADOR_0] Movimiento para CH: dx_int=3, dy_int=0. HB (antes CH): (537, 288), PosFlotante: (539.8800,288.0000)
2025-05-19 16:48:49 - jugador - [DEBUG] - [JUGADOR_0] Iniciando gestión de colisión con dx=3, dy=0. Hitbox actual: (537, 288)
2025-05-19 16:48:49 - jugador - [DEBUG] - [JUGADOR_0] Posición POST CH: HB: (540, 288), PosFlotante: (540.00, 288.00)
2025-05-19 16:48:49 - jugador - [DEBUG] - [JUGADOR_0] Pos flotante (pre-límites): (543.0600, 288.0000)
2025-05-19 16:48:49 - jugador - [DEBUG] - [JUGADOR_0] Pos flotante (post-límites): (543.0600, 288.0000)
2025-05-19 16:48:49 - jugador - [DEBUG] - [JUGADOR_0] Movimiento para CH: dx_int=4, dy_int=0. HB (antes CH): (540, 288), PosFlotante: (543.0600,288.0000)
2025-05-19 16:48:49 - jugador - [DEBUG] - [JUGADOR_0] Iniciando gestión de colisión con dx=4, dy=0. Hitbox actual: (540, 288)
2025-05-19 16:48:49 - jugador - [DEBUG] - [JUGADOR_0] Posición POST CH: HB: (544, 288), PosFlotante: (544.00, 288.00)
2025-05-19 16:48:49 - jugador - [DEBUG] - [JUGADOR_0] Pos flotante (pre-límites): (547.0600, 288.0000)
2025-05-19 16:48:49 - jugador - [DEBUG] - [JUGADOR_0] Pos flotante (post-límites): (547.0600, 288.0000)
2025-05-19 16:48:49 - jugador - [DEBUG] - [JUGADOR_0] Movimiento para CH: dx_int=4, dy_int=0. HB (antes CH): (544, 288), PosFlotante: (547.0600,288.0000)
2025-05-19 16:48:49 - jugador - [DEBUG] - [JUGADOR_0] Iniciando gestión de colisión con dx=4, dy=0. Hitbox actual: (544, 288)
2025-05-19 16:48:49 - jugador - [DEBUG] - [JUGADOR_0] Posición POST CH: HB: (548, 288), PosFlotante: (548.00, 288.00)
2025-05-19 16:48:49 - jugador - [DEBUG] - [JUGADOR_0] Delta flotante intentado: dx=2.8800, dy=0.0000 (delta_time: 0.0160)
2025-05-19 16:48:49 - jugador - [DEBUG] - [JUGADOR_0] Pos flotante (pre-límites): (550.8800, 288.0000)
2025-05-19 16:48:49 - jugador - [DEBUG] - [JUGADOR_0] Pos flotante (post-límites): (550.8800, 288.0000)
2025-05-19 16:48:49 - jugador - [DEBUG] - [JUGADOR_0] Movimiento para CH: dx_int=3, dy_int=0. HB (antes CH): (548, 288), PosFlotante: (550.8800,288.0000)
2025-05-19 16:48:49 - jugador - [DEBUG] - [JUGADOR_0] Iniciando gestión de colisión con dx=3, dy=0. Hitbox actual: (548, 288)
2025-05-19 16:48:49 - jugador - [DEBUG] - [JUGADOR_0] Posición POST CH: HB: (551, 288), PosFlotante: (551.00, 288.00)
2025-05-19 16:48:49 - jugador - [DEBUG] - [JUGADOR_0] Input teclado procesado: mov_x_input_raw=180, mov_y_input_raw=0
2025-05-19 16:48:49 - jugador - [DEBUG] - [JUGADOR_0] Pos flotante (pre-límites): (553.8800, 288.0000)
2025-05-19 16:48:49 - jugador - [DEBUG] - [JUGADOR_0] Pos flotante (post-límites): (553.8800, 288.0000)
2025-05-19 16:48:49 - jugador - [DEBUG] - [JUGADOR_0] Movimiento para CH: dx_int=3, dy_int=0. HB (antes CH): (551, 288), PosFlotante: (553.8800,288.0000)
2025-05-19 16:48:49 - jugador - [DEBUG] - [JUGADOR_0] Iniciando gestión de colisión con dx=3, dy=0. Hitbox actual: (551, 288)
2025-05-19 16:48:49 - jugador - [DEBUG] - [JUGADOR_0] Posición POST CH: HB: (554, 288), PosFlotante: (554.00, 288.00)
2025-05-19 16:48:49 - jugador - [DEBUG] - [JUGADOR_0] Delta flotante intentado: dx=3.0600, dy=0.0000 (delta_time: 0.0170)
2025-05-19 16:48:49 - jugador - [DEBUG] - [JUGADOR_0] Pos flotante (pre-límites): (557.0600, 288.0000)
2025-05-19 16:48:49 - jugador - [DEBUG] - [JUGADOR_0] Pos flotante (post-límites): (557.0600, 288.0000)
2025-05-19 16:48:49 - jugador - [DEBUG] - [JUGADOR_0] Movimiento para CH: dx_int=4, dy_int=0. HB (antes CH): (554, 288), PosFlotante: (557.0600,288.0000)
2025-05-19 16:48:49 - jugador - [DEBUG] - [JUGADOR_0] Iniciando gestión de colisión con dx=4, dy=0. Hitbox actual: (554, 288)
2025-05-19 16:48:49 - jugador - [DEBUG] - [JUGADOR_0] Posición POST CH: HB: (558, 288), PosFlotante: (558.00, 288.00)
2025-05-19 16:48:49 - jugador - [DEBUG] - [JUGADOR_0] Pos flotante (pre-límites): (560.8800, 288.0000)
2025-05-19 16:48:49 - jugador - [DEBUG] - [JUGADOR_0] Pos flotante (post-límites): (560.8800, 288.0000)
2025-05-19 16:48:49 - jugador - [DEBUG] - [JUGADOR_0] Movimiento para CH: dx_int=3, dy_int=0. HB (antes CH): (558, 288), PosFlotante: (560.8800,288.0000)
2025-05-19 16:48:49 - jugador - [DEBUG] - [JUGADOR_0] Iniciando gestión de colisión con dx=3, dy=0. Hitbox actual: (558, 288)
2025-05-19 16:48:49 - jugador - [DEBUG] - [JUGADOR_0] Posición POST CH: HB: (561, 288), PosFlotante: (561.00, 288.00)
2025-05-19 16:48:49 - jugador - [DEBUG] - [JUGADOR_0] Pos flotante (pre-límites): (564.0600, 288.0000)
2025-05-19 16:48:49 - jugador - [DEBUG] - [JUGADOR_0] Pos flotante (post-límites): (564.0600, 288.0000)
2025-05-19 16:48:49 - jugador - [DEBUG] - [JUGADOR_0] Movimiento para CH: dx_int=4, dy_int=0. HB (antes CH): (561, 288), PosFlotante: (564.0600,288.0000)
2025-05-19 16:48:49 - jugador - [DEBUG] - [JUGADOR_0] Iniciando gestión de colisión con dx=4, dy=0. Hitbox actual: (561, 288)
2025-05-19 16:48:49 - jugador - [DEBUG] - [JUGADOR_0] Posición POST CH: HB: (565, 288), PosFlotante: (565.00, 288.00)
2025-05-19 16:48:49 - jugador - [DEBUG] - [JUGADOR_0] Intento de ataque en cooldown (700.0ms). Tiempo desde último: 598ms
2025-05-19 16:48:49 - jugador - [DEBUG] - [JUGADOR_0] Input teclado procesado: mov_x_input_raw=180, mov_y_input_raw=0
2025-05-19 16:48:49 - jugador - [DEBUG] - [JUGADOR_0] Delta flotante intentado: dx=2.8800, dy=0.0000 (delta_time: 0.0160)
2025-05-19 16:48:49 - jugador - [DEBUG] - [JUGADOR_0] Pos flotante (pre-límites): (567.8800, 288.0000)
2025-05-19 16:48:49 - jugador - [DEBUG] - [JUGADOR_0] Pos flotante (post-límites): (567.8800, 288.0000)
2025-05-19 16:48:49 - jugador - [DEBUG] - [JUGADOR_0] Movimiento para CH: dx_int=3, dy_int=0. HB (antes CH): (565, 288), PosFlotante: (567.8800,288.0000)
2025-05-19 16:48:49 - jugador - [DEBUG] - [JUGADOR_0] Iniciando gestión de colisión con dx=3, dy=0. Hitbox actual: (565, 288)
2025-05-19 16:48:49 - jugador - [DEBUG] - [JUGADOR_0] Posición POST CH: HB: (568, 288), PosFlotante: (568.00, 288.00)
2025-05-19 16:48:49 - jugador - [DEBUG] - [JUGADOR_0] Delta flotante intentado: dx=3.0600, dy=0.0000 (delta_time: 0.0170)
2025-05-19 16:48:49 - jugador - [DEBUG] - [JUGADOR_0] Pos flotante (pre-límites): (571.0600, 288.0000)
2025-05-19 16:48:49 - jugador - [DEBUG] - [JUGADOR_0] Pos flotante (post-límites): (571.0600, 288.0000)
2025-05-19 16:48:49 - jugador - [DEBUG] - [JUGADOR_0] Movimiento para CH: dx_int=4, dy_int=0. HB (antes CH): (568, 288), PosFlotante: (571.0600,288.0000)
2025-05-19 16:48:49 - jugador - [DEBUG] - [JUGADOR_0] Iniciando gestión de colisión con dx=4, dy=0. Hitbox actual: (568, 288)
2025-05-19 16:48:49 - jugador - [DEBUG] - [JUGADOR_0] Posición POST CH: HB: (572, 288), PosFlotante: (572.00, 288.00)
2025-05-19 16:48:49 - jugador - [DEBUG] - [JUGADOR_0] Pos flotante (pre-límites): (574.8800, 288.0000)
2025-05-19 16:48:49 - jugador - [DEBUG] - [JUGADOR_0] Pos flotante (post-límites): (574.8800, 288.0000)
2025-05-19 16:48:49 - jugador - [DEBUG] - [JUGADOR_0] Movimiento para CH: dx_int=3, dy_int=0. HB (antes CH): (572, 288), PosFlotante: (574.8800,288.0000)
2025-05-19 16:48:49 - jugador - [DEBUG] - [JUGADOR_0] Iniciando gestión de colisión con dx=3, dy=0. Hitbox actual: (572, 288)
2025-05-19 16:48:49 - jugador - [DEBUG] - [JUGADOR_0] Posición POST CH: HB: (575, 288), PosFlotante: (575.00, 288.00)
2025-05-19 16:48:49 - jugador - [DEBUG] - [JUGADOR_0] Pos flotante (pre-límites): (578.0600, 288.0000)
2025-05-19 16:48:49 - jugador - [DEBUG] - [JUGADOR_0] Pos flotante (post-límites): (578.0600, 288.0000)
2025-05-19 16:48:49 - jugador - [DEBUG] - [JUGADOR_0] Movimiento para CH: dx_int=4, dy_int=0. HB (antes CH): (575, 288), PosFlotante: (578.0600,288.0000)
2025-05-19 16:48:49 - jugador - [DEBUG] - [JUGADOR_0] Iniciando gestión de colisión con dx=4, dy=0. Hitbox actual: (575, 288)
2025-05-19 16:48:49 - jugador - [DEBUG] - [JUGADOR_0] Posición POST CH: HB: (579, 288), PosFlotante: (579.00, 288.00)
2025-05-19 16:48:49 - jugador - [DEBUG] - [JUGADOR_0] Input teclado procesado: mov_x_input_raw=180, mov_y_input_raw=0
2025-05-19 16:48:49 - jugador - [DEBUG] - [JUGADOR_0] Delta flotante intentado: dx=2.8800, dy=0.0000 (delta_time: 0.0160)
2025-05-19 16:48:49 - jugador - [DEBUG] - [JUGADOR_0] Pos flotante (pre-límites): (581.8800, 288.0000)
2025-05-19 16:48:49 - jugador - [DEBUG] - [JUGADOR_0] Pos flotante (post-límites): (581.8800, 288.0000)
2025-05-19 16:48:49 - jugador - [DEBUG] - [JUGADOR_0] Movimiento para CH: dx_int=3, dy_int=0. HB (antes CH): (579, 288), PosFlotante: (581.8800,288.0000)
2025-05-19 16:48:49 - jugador - [DEBUG] - [JUGADOR_0] Iniciando gestión de colisión con dx=3, dy=0. Hitbox actual: (579, 288)
2025-05-19 16:48:49 - jugador - [DEBUG] - [JUGADOR_0] Posición POST CH: HB: (582, 288), PosFlotante: (582.00, 288.00)
2025-05-19 16:48:49 - jugador - [DEBUG] - [JUGADOR_0] Pos flotante (pre-límites): (584.8800, 288.0000)
2025-05-19 16:48:49 - jugador - [DEBUG] - [JUGADOR_0] Pos flotante (post-límites): (584.8800, 288.0000)
2025-05-19 16:48:49 - jugador - [DEBUG] - [JUGADOR_0] Movimiento para CH: dx_int=3, dy_int=0. HB (antes CH): (582, 288), PosFlotante: (584.8800,288.0000)
2025-05-19 16:48:49 - jugador - [DEBUG] - [JUGADOR_0] Iniciando gestión de colisión con dx=3, dy=0. Hitbox actual: (582, 288)
2025-05-19 16:48:49 - jugador - [DEBUG] - [JUGADOR_0] Posición POST CH: HB: (593, 288), PosFlotante: (593.00, 288.00)
2025-05-19 16:48:49 - jugador - [DEBUG] - [JUGADOR_0] Pos flotante (pre-límites): (595.8800, 288.0000)
2025-05-19 16:48:49 - jugador - [DEBUG] - [JUGADOR_0] Pos flotante (post-límites): (595.8800, 288.0000)
2025-05-19 16:48:49 - jugador - [DEBUG] - [JUGADOR_0] Movimiento para CH: dx_int=3, dy_int=0. HB (antes CH): (593, 288), PosFlotante: (595.8800,288.0000)
2025-05-19 16:48:49 - jugador - [DEBUG] - [JUGADOR_0] Iniciando gestión de colisión con dx=3, dy=0. Hitbox actual: (593, 288)
2025-05-19 16:48:49 - jugador - [DEBUG] - [JUGADOR_0] Posición POST CH: HB: (596, 288), PosFlotante: (596.00, 288.00)
2025-05-19 16:48:49 - jugador - [DEBUG] - [JUGADOR_0] Pos flotante (pre-límites): (598.8800, 288.0000)
2025-05-19 16:48:49 - jugador - [DEBUG] - [JUGADOR_0] Pos flotante (post-límites): (598.8800, 288.0000)
2025-05-19 16:48:49 - jugador - [DEBUG] - [JUGADOR_0] Movimiento para CH: dx_int=3, dy_int=0. HB (antes CH): (596, 288), PosFlotante: (598.8800,288.0000)
2025-05-19 16:48:49 - jugador - [DEBUG] - [JUGADOR_0] Iniciando gestión de colisión con dx=3, dy=0. Hitbox actual: (596, 288)
2025-05-19 16:48:49 - jugador - [DEBUG] - [JUGADOR_0] Posición POST CH: HB: (599, 288), PosFlotante: (599.00, 288.00)
2025-05-19 16:48:49 - jugador - [DEBUG] - [JUGADOR_0] Input teclado procesado: mov_x_input_raw=180, mov_y_input_raw=0
2025-05-19 16:48:49 - jugador - [DEBUG] - [JUGADOR_0] Delta flotante intentado: dx=2.8800, dy=0.0000 (delta_time: 0.0160)
2025-05-19 16:48:49 - jugador - [DEBUG] - [JUGADOR_0] Pos flotante (pre-límites): (601.8800, 288.0000)
2025-05-19 16:48:49 - jugador - [DEBUG] - [JUGADOR_0] Pos flotante (post-límites): (601.8800, 288.0000)
2025-05-19 16:48:49 - jugador - [DEBUG] - [JUGADOR_0] Movimiento para CH: dx_int=3, dy_int=0. HB (antes CH): (599, 288), PosFlotante: (601.8800,288.0000)
2025-05-19 16:48:49 - jugador - [DEBUG] - [JUGADOR_0] Iniciando gestión de colisión con dx=3, dy=0. Hitbox actual: (599, 288)
2025-05-19 16:48:49 - jugador - [DEBUG] - [JUGADOR_0] Posición POST CH: HB: (602, 288), PosFlotante: (602.00, 288.00)
2025-05-19 16:48:49 - jugador - [DEBUG] - [JUGADOR_0] Pos flotante (pre-límites): (604.8800, 288.0000)
2025-05-19 16:48:49 - jugador - [DEBUG] - [JUGADOR_0] Pos flotante (post-límites): (604.8800, 288.0000)
2025-05-19 16:48:49 - jugador - [DEBUG] - [JUGADOR_0] Movimiento para CH: dx_int=3, dy_int=0. HB (antes CH): (602, 288), PosFlotante: (604.8800,288.0000)
2025-05-19 16:48:49 - jugador - [DEBUG] - [JUGADOR_0] Iniciando gestión de colisión con dx=3, dy=0. Hitbox actual: (602, 288)
2025-05-19 16:48:49 - jugador - [DEBUG] - [JUGADOR_0] Posición POST CH: HB: (605, 288), PosFlotante: (605.00, 288.00)
2025-05-19 16:48:49 - jugador - [DEBUG] - [JUGADOR_0] Pos flotante (pre-límites): (607.8800, 288.0000)
2025-05-19 16:48:49 - jugador - [DEBUG] - [JUGADOR_0] Pos flotante (post-límites): (607.8800, 288.0000)
2025-05-19 16:48:49 - jugador - [DEBUG] - [JUGADOR_0] Movimiento para CH: dx_int=3, dy_int=0. HB (antes CH): (605, 288), PosFlotante: (607.8800,288.0000)
2025-05-19 16:48:49 - jugador - [DEBUG] - [JUGADOR_0] Iniciando gestión de colisión con dx=3, dy=0. Hitbox actual: (605, 288)
2025-05-19 16:48:49 - jugador - [DEBUG] - [JUGADOR_0] Posición POST CH: HB: (608, 288), PosFlotante: (608.00, 288.00)
2025-05-19 16:48:49 - jugador - [DEBUG] - [JUGADOR_0] Delta flotante intentado: dx=3.0600, dy=0.0000 (delta_time: 0.0170)
2025-05-19 16:48:49 - jugador - [DEBUG] - [JUGADOR_0] Pos flotante (pre-límites): (611.0600, 288.0000)
2025-05-19 16:48:49 - jugador - [DEBUG] - [JUGADOR_0] Pos flotante (post-límites): (611.0600, 288.0000)
2025-05-19 16:48:49 - jugador - [DEBUG] - [JUGADOR_0] Movimiento para CH: dx_int=4, dy_int=0. HB (antes CH): (608, 288), PosFlotante: (611.0600,288.0000)
2025-05-19 16:48:49 - jugador - [DEBUG] - [JUGADOR_0] Iniciando gestión de colisión con dx=4, dy=0. Hitbox actual: (608, 288)
2025-05-19 16:48:49 - jugador - [DEBUG] - [JUGADOR_0] Posición POST CH: HB: (612, 288), PosFlotante: (612.00, 288.00)
2025-05-19 16:48:49 - jugador - [DEBUG] - [JUGADOR_0] Input teclado procesado: mov_x_input_raw=180, mov_y_input_raw=0
2025-05-19 16:48:49 - jugador - [DEBUG] - [JUGADOR_0] Pos flotante (pre-límites): (615.0600, 288.0000)
2025-05-19 16:48:49 - jugador - [DEBUG] - [JUGADOR_0] Pos flotante (post-límites): (615.0600, 288.0000)
2025-05-19 16:48:49 - jugador - [DEBUG] - [JUGADOR_0] Movimiento para CH: dx_int=4, dy_int=0. HB (antes CH): (612, 288), PosFlotante: (615.0600,288.0000)
2025-05-19 16:48:49 - jugador - [DEBUG] - [JUGADOR_0] Iniciando gestión de colisión con dx=4, dy=0. Hitbox actual: (612, 288)
2025-05-19 16:48:49 - jugador - [DEBUG] - [JUGADOR_0] Posición POST CH: HB: (616, 288), PosFlotante: (616.00, 288.00)
2025-05-19 16:48:50 - jugador - [DEBUG] - [JUGADOR_0] Pos flotante (pre-límites): (619.0600, 288.0000)
2025-05-19 16:48:50 - jugador - [DEBUG] - [JUGADOR_0] Pos flotante (post-límites): (619.0600, 288.0000)
2025-05-19 16:48:50 - jugador - [DEBUG] - [JUGADOR_0] Movimiento para CH: dx_int=4, dy_int=0. HB (antes CH): (616, 288), PosFlotante: (619.0600,288.0000)
2025-05-19 16:48:50 - jugador - [DEBUG] - [JUGADOR_0] Iniciando gestión de colisión con dx=4, dy=0. Hitbox actual: (616, 288)
2025-05-19 16:48:50 - jugador - [DEBUG] - [JUGADOR_0] Posición POST CH: HB: (620, 288), PosFlotante: (620.00, 288.00)
2025-05-19 16:48:50 - jugador - [DEBUG] - [JUGADOR_0] Delta flotante intentado: dx=2.8800, dy=0.0000 (delta_time: 0.0160)
2025-05-19 16:48:50 - jugador - [DEBUG] - [JUGADOR_0] Pos flotante (pre-límites): (622.8800, 288.0000)
2025-05-19 16:48:50 - jugador - [DEBUG] - [JUGADOR_0] Pos flotante (post-límites): (622.8800, 288.0000)
2025-05-19 16:48:50 - jugador - [DEBUG] - [JUGADOR_0] Movimiento para CH: dx_int=3, dy_int=0. HB (antes CH): (620, 288), PosFlotante: (622.8800,288.0000)
2025-05-19 16:48:50 - jugador - [DEBUG] - [JUGADOR_0] Iniciando gestión de colisión con dx=3, dy=0. Hitbox actual: (620, 288)
2025-05-19 16:48:50 - jugador - [DEBUG] - [JUGADOR_0] Posición POST CH: HB: (623, 288), PosFlotante: (623.00, 288.00)
2025-05-19 16:48:50 - jugador - [DEBUG] - [JUGADOR_0] Pos flotante (pre-límites): (625.8800, 288.0000)
2025-05-19 16:48:50 - jugador - [DEBUG] - [JUGADOR_0] Pos flotante (post-límites): (625.8800, 288.0000)
2025-05-19 16:48:50 - jugador - [DEBUG] - [JUGADOR_0] Movimiento para CH: dx_int=3, dy_int=0. HB (antes CH): (623, 288), PosFlotante: (625.8800,288.0000)
2025-05-19 16:48:50 - jugador - [DEBUG] - [JUGADOR_0] Iniciando gestión de colisión con dx=3, dy=0. Hitbox actual: (623, 288)
2025-05-19 16:48:50 - jugador - [DEBUG] - [JUGADOR_0] Posición POST CH: HB: (626, 288), PosFlotante: (626.00, 288.00)
2025-05-19 16:48:50 - jugador - [DEBUG] - [JUGADOR_0] Input teclado procesado: mov_x_input_raw=180, mov_y_input_raw=0
2025-05-19 16:48:50 - jugador - [DEBUG] - [JUGADOR_0] Pos flotante (pre-límites): (628.8800, 288.0000)
2025-05-19 16:48:50 - jugador - [DEBUG] - [JUGADOR_0] Pos flotante (post-límites): (628.8800, 288.0000)
2025-05-19 16:48:50 - jugador - [DEBUG] - [JUGADOR_0] Movimiento para CH: dx_int=3, dy_int=0. HB (antes CH): (626, 288), PosFlotante: (628.8800,288.0000)
2025-05-19 16:48:50 - jugador - [DEBUG] - [JUGADOR_0] Iniciando gestión de colisión con dx=3, dy=0. Hitbox actual: (626, 288)
2025-05-19 16:48:50 - jugador - [DEBUG] - [JUGADOR_0] Posición POST CH: HB: (629, 288), PosFlotante: (629.00, 288.00)
2025-05-19 16:48:50 - jugador - [DEBUG] - [JUGADOR_0] Pos flotante (pre-límites): (631.8800, 288.0000)
2025-05-19 16:48:50 - jugador - [DEBUG] - [JUGADOR_0] Pos flotante (post-límites): (631.8800, 288.0000)
2025-05-19 16:48:50 - jugador - [DEBUG] - [JUGADOR_0] Movimiento para CH: dx_int=3, dy_int=0. HB (antes CH): (629, 288), PosFlotante: (631.8800,288.0000)
2025-05-19 16:48:50 - jugador - [DEBUG] - [JUGADOR_0] Iniciando gestión de colisión con dx=3, dy=0. Hitbox actual: (629, 288)
2025-05-19 16:48:50 - jugador - [DEBUG] - [JUGADOR_0] Posición POST CH: HB: (632, 288), PosFlotante: (632.00, 288.00)
2025-05-19 16:48:50 - jugador - [DEBUG] - [JUGADOR_0] Delta flotante intentado: dx=2.8800, dy=0.0000 (delta_time: 0.0160)
2025-05-19 16:48:50 - jugador - [DEBUG] - [JUGADOR_0] Pos flotante (pre-límites): (634.8800, 288.0000)
2025-05-19 16:48:50 - jugador - [DEBUG] - [JUGADOR_0] Pos flotante (post-límites): (634.8800, 288.0000)
2025-05-19 16:48:50 - jugador - [DEBUG] - [JUGADOR_0] Movimiento para CH: dx_int=3, dy_int=0. HB (antes CH): (632, 288), PosFlotante: (634.8800,288.0000)
2025-05-19 16:48:50 - jugador - [DEBUG] - [JUGADOR_0] Iniciando gestión de colisión con dx=3, dy=0. Hitbox actual: (632, 288)
2025-05-19 16:48:50 - jugador - [DEBUG] - [JUGADOR_0] Posición POST CH: HB: (635, 288), PosFlotante: (635.00, 288.00)
2025-05-19 16:48:50 - jugador - [DEBUG] - [JUGADOR_0] Delta flotante intentado: dx=3.0600, dy=0.0000 (delta_time: 0.0170)
2025-05-19 16:48:50 - jugador - [DEBUG] - [JUGADOR_0] Pos flotante (pre-límites): (638.0600, 288.0000)
2025-05-19 16:48:50 - jugador - [DEBUG] - [JUGADOR_0] Pos flotante (post-límites): (638.0600, 288.0000)
2025-05-19 16:48:50 - jugador - [DEBUG] - [JUGADOR_0] Movimiento para CH: dx_int=4, dy_int=0. HB (antes CH): (635, 288), PosFlotante: (638.0600,288.0000)
2025-05-19 16:48:50 - jugador - [DEBUG] - [JUGADOR_0] Iniciando gestión de colisión con dx=4, dy=0. Hitbox actual: (635, 288)
2025-05-19 16:48:50 - jugador - [DEBUG] - [JUGADOR_0] Posición POST CH: HB: (639, 288), PosFlotante: (639.00, 288.00)
2025-05-19 16:48:50 - jugador - [DEBUG] - [JUGADOR_0] Input teclado procesado: mov_x_input_raw=180, mov_y_input_raw=0
2025-05-19 16:48:50 - jugador - [DEBUG] - [JUGADOR_0] Pos flotante (pre-límites): (641.8800, 288.0000)
2025-05-19 16:48:50 - jugador - [DEBUG] - [JUGADOR_0] Pos flotante (post-límites): (641.8800, 288.0000)
2025-05-19 16:48:50 - jugador - [DEBUG] - [JUGADOR_0] Movimiento para CH: dx_int=3, dy_int=0. HB (antes CH): (639, 288), PosFlotante: (641.8800,288.0000)
2025-05-19 16:48:50 - jugador - [DEBUG] - [JUGADOR_0] Iniciando gestión de colisión con dx=3, dy=0. Hitbox actual: (639, 288)
2025-05-19 16:48:50 - jugador - [DEBUG] - [JUGADOR_0] Posición POST CH: HB: (642, 288), PosFlotante: (642.00, 288.00)
2025-05-19 16:48:50 - jugador - [DEBUG] - [JUGADOR_0] Pos flotante (pre-límites): (645.0600, 288.0000)
2025-05-19 16:48:50 - jugador - [DEBUG] - [JUGADOR_0] Pos flotante (post-límites): (645.0600, 288.0000)
2025-05-19 16:48:50 - jugador - [DEBUG] - [JUGADOR_0] Movimiento para CH: dx_int=4, dy_int=0. HB (antes CH): (642, 288), PosFlotante: (645.0600,288.0000)
2025-05-19 16:48:50 - jugador - [DEBUG] - [JUGADOR_0] Iniciando gestión de colisión con dx=4, dy=0. Hitbox actual: (642, 288)
2025-05-19 16:48:50 - jugador - [DEBUG] - [JUGADOR_0] Posición POST CH: HB: (646, 288), PosFlotante: (646.00, 288.00)
2025-05-19 16:48:50 - jugador - [DEBUG] - [JUGADOR_0] Delta flotante intentado: dx=2.8800, dy=0.0000 (delta_time: 0.0160)
2025-05-19 16:48:50 - jugador - [DEBUG] - [JUGADOR_0] Pos flotante (pre-límites): (648.8800, 288.0000)
2025-05-19 16:48:50 - jugador - [DEBUG] - [JUGADOR_0] Pos flotante (post-límites): (648.8800, 288.0000)
2025-05-19 16:48:50 - jugador - [DEBUG] - [JUGADOR_0] Movimiento para CH: dx_int=3, dy_int=0. HB (antes CH): (646, 288), PosFlotante: (648.8800,288.0000)
2025-05-19 16:48:50 - jugador - [DEBUG] - [JUGADOR_0] Iniciando gestión de colisión con dx=3, dy=0. Hitbox actual: (646, 288)
2025-05-19 16:48:50 - jugador - [DEBUG] - [JUGADOR_0] Posición POST CH: HB: (649, 288), PosFlotante: (649.00, 288.00)
2025-05-19 16:48:50 - jugador - [DEBUG] - [JUGADOR_0] Delta flotante intentado: dx=3.0600, dy=0.0000 (delta_time: 0.0170)
2025-05-19 16:48:50 - jugador - [DEBUG] - [JUGADOR_0] Pos flotante (pre-límites): (652.0600, 288.0000)
2025-05-19 16:48:50 - jugador - [DEBUG] - [JUGADOR_0] Pos flotante (post-límites): (652.0600, 288.0000)
2025-05-19 16:48:50 - jugador - [DEBUG] - [JUGADOR_0] Movimiento para CH: dx_int=4, dy_int=0. HB (antes CH): (649, 288), PosFlotante: (652.0600,288.0000)
2025-05-19 16:48:50 - jugador - [DEBUG] - [JUGADOR_0] Iniciando gestión de colisión con dx=4, dy=0. Hitbox actual: (649, 288)
2025-05-19 16:48:50 - jugador - [DEBUG] - [JUGADOR_0] Posición POST CH: HB: (653, 288), PosFlotante: (653.00, 288.00)
2025-05-19 16:48:50 - jugador - [DEBUG] - [JUGADOR_0] Input teclado procesado: mov_x_input_raw=180, mov_y_input_raw=0
2025-05-19 16:48:50 - jugador - [DEBUG] - [JUGADOR_0] Pos flotante (pre-límites): (655.8800, 288.0000)
2025-05-19 16:48:50 - jugador - [DEBUG] - [JUGADOR_0] Pos flotante (post-límites): (655.8800, 288.0000)
2025-05-19 16:48:50 - jugador - [DEBUG] - [JUGADOR_0] Movimiento para CH: dx_int=3, dy_int=0. HB (antes CH): (653, 288), PosFlotante: (655.8800,288.0000)
2025-05-19 16:48:50 - jugador - [DEBUG] - [JUGADOR_0] Iniciando gestión de colisión con dx=3, dy=0. Hitbox actual: (653, 288)
2025-05-19 16:48:50 - jugador - [DEBUG] - [JUGADOR_0] Posición POST CH: HB: (656, 288), PosFlotante: (656.00, 288.00)
2025-05-19 16:48:50 - jugador - [DEBUG] - [JUGADOR_0] Delta flotante intentado: dx=3.2400, dy=0.0000 (delta_time: 0.0180)
2025-05-19 16:48:50 - jugador - [DEBUG] - [JUGADOR_0] Pos flotante (pre-límites): (659.2400, 288.0000)
2025-05-19 16:48:50 - jugador - [DEBUG] - [JUGADOR_0] Pos flotante (post-límites): (659.2400, 288.0000)
2025-05-19 16:48:50 - jugador - [DEBUG] - [JUGADOR_0] Movimiento para CH: dx_int=4, dy_int=0. HB (antes CH): (656, 288), PosFlotante: (659.2400,288.0000)
2025-05-19 16:48:50 - jugador - [DEBUG] - [JUGADOR_0] Iniciando gestión de colisión con dx=4, dy=0. Hitbox actual: (656, 288)
2025-05-19 16:48:50 - jugador - [DEBUG] - [JUGADOR_0] Posición POST CH: HB: (660, 288), PosFlotante: (660.00, 288.00)
2025-05-19 16:48:50 - jugador - [DEBUG] - [JUGADOR_0] Delta flotante intentado: dx=2.8800, dy=0.0000 (delta_time: 0.0160)
2025-05-19 16:48:50 - jugador - [DEBUG] - [JUGADOR_0] Pos flotante (pre-límites): (662.8800, 288.0000)
2025-05-19 16:48:50 - jugador - [DEBUG] - [JUGADOR_0] Pos flotante (post-límites): (662.8800, 288.0000)
2025-05-19 16:48:50 - jugador - [DEBUG] - [JUGADOR_0] Movimiento para CH: dx_int=3, dy_int=0. HB (antes CH): (660, 288), PosFlotante: (662.8800,288.0000)
2025-05-19 16:48:50 - jugador - [DEBUG] - [JUGADOR_0] Iniciando gestión de colisión con dx=3, dy=0. Hitbox actual: (660, 288)
2025-05-19 16:48:50 - jugador - [DEBUG] - [JUGADOR_0] Posición POST CH: HB: (663, 288), PosFlotante: (663.00, 288.00)
2025-05-19 16:48:50 - jugador - [DEBUG] - [JUGADOR_0] Pos flotante (pre-límites): (665.8800, 288.0000)
2025-05-19 16:48:50 - jugador - [DEBUG] - [JUGADOR_0] Pos flotante (post-límites): (665.8800, 288.0000)
2025-05-19 16:48:50 - jugador - [DEBUG] - [JUGADOR_0] Movimiento para CH: dx_int=3, dy_int=0. HB (antes CH): (663, 288), PosFlotante: (665.8800,288.0000)
2025-05-19 16:48:50 - jugador - [DEBUG] - [JUGADOR_0] Iniciando gestión de colisión con dx=3, dy=0. Hitbox actual: (663, 288)
2025-05-19 16:48:50 - jugador - [DEBUG] - [JUGADOR_0] Posición POST CH: HB: (666, 288), PosFlotante: (666.00, 288.00)
2025-05-19 16:48:50 - jugador - [DEBUG] - [JUGADOR_0] Input teclado procesado: mov_x_input_raw=180, mov_y_input_raw=0
2025-05-19 16:48:50 - jugador - [DEBUG] - [JUGADOR_0] Delta flotante intentado: dx=3.0600, dy=0.0000 (delta_time: 0.0170)
2025-05-19 16:48:50 - jugador - [DEBUG] - [JUGADOR_0] Pos flotante (pre-límites): (669.0600, 288.0000)
2025-05-19 16:48:50 - jugador - [DEBUG] - [JUGADOR_0] Pos flotante (post-límites): (669.0600, 288.0000)
2025-05-19 16:48:50 - jugador - [DEBUG] - [JUGADOR_0] Movimiento para CH: dx_int=4, dy_int=0. HB (antes CH): (666, 288), PosFlotante: (669.0600,288.0000)
2025-05-19 16:48:50 - jugador - [DEBUG] - [JUGADOR_0] Iniciando gestión de colisión con dx=4, dy=0. Hitbox actual: (666, 288)
2025-05-19 16:48:50 - jugador - [DEBUG] - [JUGADOR_0] Posición POST CH: HB: (670, 288), PosFlotante: (670.00, 288.00)
2025-05-19 16:48:50 - jugador - [DEBUG] - [JUGADOR_0] Delta flotante intentado: dx=2.8800, dy=0.0000 (delta_time: 0.0160)
2025-05-19 16:48:50 - jugador - [DEBUG] - [JUGADOR_0] Pos flotante (pre-límites): (672.8800, 288.0000)
2025-05-19 16:48:50 - jugador - [DEBUG] - [JUGADOR_0] Pos flotante (post-límites): (672.8800, 288.0000)
2025-05-19 16:48:50 - jugador - [DEBUG] - [JUGADOR_0] Movimiento para CH: dx_int=3, dy_int=0. HB (antes CH): (670, 288), PosFlotante: (672.8800,288.0000)
2025-05-19 16:48:50 - jugador - [DEBUG] - [JUGADOR_0] Iniciando gestión de colisión con dx=3, dy=0. Hitbox actual: (670, 288)
2025-05-19 16:48:50 - jugador - [DEBUG] - [JUGADOR_0] Posición POST CH: HB: (673, 288), PosFlotante: (673.00, 288.00)
2025-05-19 16:48:50 - jugador - [DEBUG] - [JUGADOR_0] Pos flotante (pre-límites): (675.8800, 288.0000)
2025-05-19 16:48:50 - jugador - [DEBUG] - [JUGADOR_0] Pos flotante (post-límites): (675.8800, 288.0000)
2025-05-19 16:48:50 - jugador - [DEBUG] - [JUGADOR_0] Movimiento para CH: dx_int=3, dy_int=0. HB (antes CH): (673, 288), PosFlotante: (675.8800,288.0000)
2025-05-19 16:48:50 - jugador - [DEBUG] - [JUGADOR_0] Iniciando gestión de colisión con dx=3, dy=0. Hitbox actual: (673, 288)
2025-05-19 16:48:50 - jugador - [DEBUG] - [JUGADOR_0] Posición POST CH: HB: (676, 288), PosFlotante: (676.00, 288.00)
2025-05-19 16:48:50 - jugador - [DEBUG] - [JUGADOR_0] Pos flotante (pre-límites): (678.8800, 288.0000)
2025-05-19 16:48:50 - jugador - [DEBUG] - [JUGADOR_0] Pos flotante (post-límites): (678.8800, 288.0000)
2025-05-19 16:48:50 - jugador - [DEBUG] - [JUGADOR_0] Movimiento para CH: dx_int=3, dy_int=0. HB (antes CH): (676, 288), PosFlotante: (678.8800,288.0000)
2025-05-19 16:48:50 - jugador - [DEBUG] - [JUGADOR_0] Iniciando gestión de colisión con dx=3, dy=0. Hitbox actual: (676, 288)
2025-05-19 16:48:50 - jugador - [DEBUG] - [JUGADOR_0] Posición POST CH: HB: (679, 288), PosFlotante: (679.00, 288.00)
2025-05-19 16:48:50 - jugador - [DEBUG] - [JUGADOR_0] Input teclado procesado: mov_x_input_raw=180, mov_y_input_raw=0
2025-05-19 16:48:50 - jugador - [DEBUG] - [JUGADOR_0] Delta flotante intentado: dx=3.0600, dy=0.0000 (delta_time: 0.0170)
2025-05-19 16:48:50 - jugador - [DEBUG] - [JUGADOR_0] Pos flotante (pre-límites): (682.0600, 288.0000)
2025-05-19 16:48:50 - jugador - [DEBUG] - [JUGADOR_0] Pos flotante (post-límites): (682.0600, 288.0000)
2025-05-19 16:48:50 - jugador - [DEBUG] - [JUGADOR_0] Movimiento para CH: dx_int=4, dy_int=0. HB (antes CH): (679, 288), PosFlotante: (682.0600,288.0000)
2025-05-19 16:48:50 - jugador - [DEBUG] - [JUGADOR_0] Iniciando gestión de colisión con dx=4, dy=0. Hitbox actual: (679, 288)
2025-05-19 16:48:50 - jugador - [DEBUG] - [JUGADOR_0] Posición POST CH: HB: (683, 288), PosFlotante: (683.00, 288.00)
2025-05-19 16:48:50 - jugador - [DEBUG] - [JUGADOR_0] Delta flotante intentado: dx=2.8800, dy=0.0000 (delta_time: 0.0160)
2025-05-19 16:48:50 - jugador - [DEBUG] - [JUGADOR_0] Pos flotante (pre-límites): (685.8800, 288.0000)
2025-05-19 16:48:50 - jugador - [DEBUG] - [JUGADOR_0] Pos flotante (post-límites): (685.8800, 288.0000)
2025-05-19 16:48:50 - jugador - [DEBUG] - [JUGADOR_0] Movimiento para CH: dx_int=3, dy_int=0. HB (antes CH): (683, 288), PosFlotante: (685.8800,288.0000)
2025-05-19 16:48:50 - jugador - [DEBUG] - [JUGADOR_0] Iniciando gestión de colisión con dx=3, dy=0. Hitbox actual: (683, 288)
2025-05-19 16:48:50 - jugador - [DEBUG] - [JUGADOR_0] Posición POST CH: HB: (686, 288), PosFlotante: (686.00, 288.00)
2025-05-19 16:48:50 - jugador - [DEBUG] - [JUGADOR_0] Pos flotante (pre-límites): (688.8800, 288.0000)
2025-05-19 16:48:50 - jugador - [DEBUG] - [JUGADOR_0] Pos flotante (post-límites): (688.8800, 288.0000)
2025-05-19 16:48:50 - jugador - [DEBUG] - [JUGADOR_0] Movimiento para CH: dx_int=3, dy_int=0. HB (antes CH): (686, 288), PosFlotante: (688.8800,288.0000)
2025-05-19 16:48:50 - jugador - [DEBUG] - [JUGADOR_0] Iniciando gestión de colisión con dx=3, dy=0. Hitbox actual: (686, 288)
2025-05-19 16:48:50 - jugador - [DEBUG] - [JUGADOR_0] Posición POST CH: HB: (689, 288), PosFlotante: (689.00, 288.00)
2025-05-19 16:48:50 - jugador - [DEBUG] - [JUGADOR_0] Pos flotante (pre-límites): (692.0600, 288.0000)
2025-05-19 16:48:50 - jugador - [DEBUG] - [JUGADOR_0] Pos flotante (post-límites): (692.0600, 288.0000)
2025-05-19 16:48:50 - jugador - [DEBUG] - [JUGADOR_0] Movimiento para CH: dx_int=4, dy_int=0. HB (antes CH): (689, 288), PosFlotante: (692.0600,288.0000)
2025-05-19 16:48:50 - jugador - [DEBUG] - [JUGADOR_0] Iniciando gestión de colisión con dx=4, dy=0. Hitbox actual: (689, 288)
2025-05-19 16:48:50 - jugador - [DEBUG] - [JUGADOR_0] Posición POST CH: HB: (693, 288), PosFlotante: (693.00, 288.00)
2025-05-19 16:48:50 - jugador - [DEBUG] - [JUGADOR_0] Input teclado procesado: mov_x_input_raw=180, mov_y_input_raw=0
2025-05-19 16:48:50 - jugador - [DEBUG] - [JUGADOR_0] Pos flotante (pre-límites): (695.8800, 288.0000)
2025-05-19 16:48:50 - jugador - [DEBUG] - [JUGADOR_0] Pos flotante (post-límites): (695.8800, 288.0000)
2025-05-19 16:48:50 - jugador - [DEBUG] - [JUGADOR_0] Movimiento para CH: dx_int=3, dy_int=0. HB (antes CH): (693, 288), PosFlotante: (695.8800,288.0000)
2025-05-19 16:48:50 - jugador - [DEBUG] - [JUGADOR_0] Iniciando gestión de colisión con dx=3, dy=0. Hitbox actual: (693, 288)
2025-05-19 16:48:50 - jugador - [DEBUG] - [JUGADOR_0] Posición POST CH: HB: (696, 288), PosFlotante: (696.00, 288.00)
2025-05-19 16:48:50 - jugador - [DEBUG] - [JUGADOR_0] Delta flotante intentado: dx=2.8800, dy=0.0000 (delta_time: 0.0160)
2025-05-19 16:48:50 - jugador - [DEBUG] - [JUGADOR_0] Pos flotante (pre-límites): (698.8800, 288.0000)
2025-05-19 16:48:50 - jugador - [DEBUG] - [JUGADOR_0] Pos flotante (post-límites): (698.8800, 288.0000)
2025-05-19 16:48:50 - jugador - [DEBUG] - [JUGADOR_0] Movimiento para CH: dx_int=3, dy_int=0. HB (antes CH): (696, 288), PosFlotante: (698.8800,288.0000)
2025-05-19 16:48:50 - jugador - [DEBUG] - [JUGADOR_0] Iniciando gestión de colisión con dx=3, dy=0. Hitbox actual: (696, 288)
2025-05-19 16:48:50 - jugador - [DEBUG] - [JUGADOR_0] Posición POST CH: HB: (699, 288), PosFlotante: (699.00, 288.00)
2025-05-19 16:48:50 - jugador - [INFO] - [JUGADOR_0] ATAQUE INICIADO (Cooldown: 700.0ms). Perfil: 'espada_predeterminada'
2025-05-19 16:48:50 - jugador - [DEBUG] - [JUGADOR_0] Input teclado procesado: mov_x_input_raw=-180, mov_y_input_raw=0
2025-05-19 16:48:50 - jugador - [DEBUG] - [JUGADOR_0] Delta flotante intentado: dx=-2.8800, dy=0.0000 (delta_time: 0.0160)
2025-05-19 16:48:50 - jugador - [DEBUG] - [JUGADOR_0] Pos flotante (pre-límites): (696.1200, 288.0000)
2025-05-19 16:48:50 - jugador - [DEBUG] - [JUGADOR_0] Pos flotante (post-límites): (696.1200, 288.0000)
2025-05-19 16:48:50 - jugador - [DEBUG] - [JUGADOR_0] Movimiento para CH: dx_int=-3, dy_int=0. HB (antes CH): (699, 288), PosFlotante: (696.1200,288.0000)
2025-05-19 16:48:50 - jugador - [DEBUG] - [JUGADOR_0] Iniciando gestión de colisión con dx=-3, dy=0. Hitbox actual: (699, 288)
2025-05-19 16:48:50 - jugador - [DEBUG] - [JUGADOR_0] Hitbox ataque: <rect(642, 265, 54, 69)> (Dir: -1,0)
2025-05-19 16:48:50 - jugador - [INFO] - [JUGADOR_0] Golpeó a [Enemigo_1] con 5 de daño.
2025-05-19 16:48:50 - jugador - [DEBUG] - [JUGADOR_0] Pos flotante (pre-límites): (693.1200, 288.0000)
2025-05-19 16:48:50 - jugador - [DEBUG] - [JUGADOR_0] Pos flotante (post-límites): (693.1200, 288.0000)
2025-05-19 16:48:50 - jugador - [DEBUG] - [JUGADOR_0] Movimiento para CH: dx_int=-3, dy_int=0. HB (antes CH): (696, 288), PosFlotante: (693.1200,288.0000)
2025-05-19 16:48:50 - jugador - [DEBUG] - [JUGADOR_0] Iniciando gestión de colisión con dx=-3, dy=0. Hitbox actual: (696, 288)
2025-05-19 16:48:50 - jugador - [DEBUG] - [JUGADOR_0] Posición POST CH: HB: (693, 288), PosFlotante: (693.00, 288.00)
2025-05-19 16:48:50 - jugador - [DEBUG] - [JUGADOR_0] Hitbox ataque: <rect(639, 265, 54, 69)> (Dir: -1,0)
2025-05-19 16:48:50 - jugador - [DEBUG] - [JUGADOR_0] Pos flotante (pre-límites): (690.1200, 288.0000)
2025-05-19 16:48:50 - jugador - [DEBUG] - [JUGADOR_0] Pos flotante (post-límites): (690.1200, 288.0000)
2025-05-19 16:48:50 - jugador - [DEBUG] - [JUGADOR_0] Movimiento para CH: dx_int=-3, dy_int=0. HB (antes CH): (693, 288), PosFlotante: (690.1200,288.0000)
2025-05-19 16:48:50 - jugador - [DEBUG] - [JUGADOR_0] Iniciando gestión de colisión con dx=-3, dy=0. Hitbox actual: (693, 288)
2025-05-19 16:48:50 - jugador - [DEBUG] - [JUGADOR_0] Posición POST CH: HB: (690, 288), PosFlotante: (690.00, 288.00)
2025-05-19 16:48:50 - jugador - [DEBUG] - [JUGADOR_0] Hitbox ataque: <rect(636, 265, 54, 69)> (Dir: -1,0)
2025-05-19 16:48:50 - jugador - [DEBUG] - [JUGADOR_0] Pos flotante (pre-límites): (687.1200, 288.0000)
2025-05-19 16:48:50 - jugador - [DEBUG] - [JUGADOR_0] Pos flotante (post-límites): (687.1200, 288.0000)
2025-05-19 16:48:50 - jugador - [DEBUG] - [JUGADOR_0] Movimiento para CH: dx_int=-3, dy_int=0. HB (antes CH): (690, 288), PosFlotante: (687.1200,288.0000)
2025-05-19 16:48:50 - jugador - [DEBUG] - [JUGADOR_0] Iniciando gestión de colisión con dx=-3, dy=0. Hitbox actual: (690, 288)
2025-05-19 16:48:50 - jugador - [DEBUG] - [JUGADOR_0] Posición POST CH: HB: (687, 288), PosFlotante: (687.00, 288.00)
2025-05-19 16:48:50 - jugador - [DEBUG] - [JUGADOR_0] Hitbox ataque: <rect(633, 265, 54, 69)> (Dir: -1,0)
2025-05-19 16:48:50 - jugador - [DEBUG] - [JUGADOR_0] Input teclado procesado: mov_x_input_raw=-180, mov_y_input_raw=0
2025-05-19 16:48:50 - jugador - [DEBUG] - [JUGADOR_0] Delta flotante intentado: dx=-3.0600, dy=0.0000 (delta_time: 0.0170)
2025-05-19 16:48:50 - jugador - [DEBUG] - [JUGADOR_0] Pos flotante (pre-límites): (683.9400, 288.0000)
2025-05-19 16:48:50 - jugador - [DEBUG] - [JUGADOR_0] Pos flotante (post-límites): (683.9400, 288.0000)
2025-05-19 16:48:50 - jugador - [DEBUG] - [JUGADOR_0] Movimiento para CH: dx_int=-4, dy_int=0. HB (antes CH): (687, 288), PosFlotante: (683.9400,288.0000)
2025-05-19 16:48:50 - jugador - [DEBUG] - [JUGADOR_0] Iniciando gestión de colisión con dx=-4, dy=0. Hitbox actual: (687, 288)
2025-05-19 16:48:50 - jugador - [DEBUG] - [JUGADOR_0] Posición POST CH: HB: (683, 288), PosFlotante: (683.00, 288.00)
2025-05-19 16:48:50 - jugador - [DEBUG] - [JUGADOR_0] Hitbox ataque: <rect(629, 265, 54, 69)> (Dir: -1,0)
2025-05-19 16:48:50 - jugador - [DEBUG] - [JUGADOR_0] Delta flotante intentado: dx=-2.8800, dy=0.0000 (delta_time: 0.0160)
2025-05-19 16:48:50 - jugador - [DEBUG] - [JUGADOR_0] Pos flotante (pre-límites): (680.1200, 288.0000)
2025-05-19 16:48:50 - jugador - [DEBUG] - [JUGADOR_0] Pos flotante (post-límites): (680.1200, 288.0000)
2025-05-19 16:48:50 - jugador - [DEBUG] - [JUGADOR_0] Movimiento para CH: dx_int=-3, dy_int=0. HB (antes CH): (683, 288), PosFlotante: (680.1200,288.0000)
2025-05-19 16:48:50 - jugador - [DEBUG] - [JUGADOR_0] Iniciando gestión de colisión con dx=-3, dy=0. Hitbox actual: (683, 288)
2025-05-19 16:48:50 - jugador - [DEBUG] - [JUGADOR_0] Posición POST CH: HB: (680, 288), PosFlotante: (680.00, 288.00)
2025-05-19 16:48:50 - jugador - [DEBUG] - [JUGADOR_0] Hitbox ataque: <rect(626, 265, 54, 69)> (Dir: -1,0)
2025-05-19 16:48:50 - jugador - [DEBUG] - [JUGADOR_0] Pos flotante (pre-límites): (677.1200, 288.0000)
2025-05-19 16:48:50 - jugador - [DEBUG] - [JUGADOR_0] Pos flotante (post-límites): (677.1200, 288.0000)
2025-05-19 16:48:50 - jugador - [DEBUG] - [JUGADOR_0] Movimiento para CH: dx_int=-3, dy_int=0. HB (antes CH): (680, 288), PosFlotante: (677.1200,288.0000)
2025-05-19 16:48:50 - jugador - [DEBUG] - [JUGADOR_0] Iniciando gestión de colisión con dx=-3, dy=0. Hitbox actual: (680, 288)
2025-05-19 16:48:50 - jugador - [DEBUG] - [JUGADOR_0] Posición POST CH: HB: (677, 288), PosFlotante: (677.00, 288.00)
2025-05-19 16:48:50 - jugador - [DEBUG] - [JUGADOR_0] Hitbox ataque: <rect(623, 265, 54, 69)> (Dir: -1,0)
2025-05-19 16:48:50 - jugador - [DEBUG] - [JUGADOR_0] Pos flotante (pre-límites): (673.9400, 288.0000)
2025-05-19 16:48:50 - jugador - [DEBUG] - [JUGADOR_0] Pos flotante (post-límites): (673.9400, 288.0000)
2025-05-19 16:48:50 - jugador - [DEBUG] - [JUGADOR_0] Movimiento para CH: dx_int=-4, dy_int=0. HB (antes CH): (677, 288), PosFlotante: (673.9400,288.0000)
2025-05-19 16:48:50 - jugador - [DEBUG] - [JUGADOR_0] Iniciando gestión de colisión con dx=-4, dy=0. Hitbox actual: (677, 288)
2025-05-19 16:48:50 - jugador - [DEBUG] - [JUGADOR_0] Posición POST CH: HB: (673, 288), PosFlotante: (673.00, 288.00)
2025-05-19 16:48:50 - jugador - [DEBUG] - [JUGADOR_0] Hitbox ataque: <rect(619, 265, 54, 69)> (Dir: -1,0)
2025-05-19 16:48:50 - jugador - [DEBUG] - [JUGADOR_0] Input teclado procesado: mov_x_input_raw=180, mov_y_input_raw=0
2025-05-19 16:48:50 - jugador - [DEBUG] - [JUGADOR_0] Delta flotante intentado: dx=2.8800, dy=0.0000 (delta_time: 0.0160)
2025-05-19 16:48:50 - jugador - [DEBUG] - [JUGADOR_0] Pos flotante (pre-límites): (675.8800, 288.0000)
2025-05-19 16:48:50 - jugador - [DEBUG] - [JUGADOR_0] Pos flotante (post-límites): (675.8800, 288.0000)
2025-05-19 16:48:50 - jugador - [DEBUG] - [JUGADOR_0] Movimiento para CH: dx_int=3, dy_int=0. HB (antes CH): (673, 288), PosFlotante: (675.8800,288.0000)
2025-05-19 16:48:50 - jugador - [DEBUG] - [JUGADOR_0] Iniciando gestión de colisión con dx=3, dy=0. Hitbox actual: (673, 288)
2025-05-19 16:48:50 - jugador - [DEBUG] - [JUGADOR_0] Posición POST CH: HB: (676, 288), PosFlotante: (676.00, 288.00)
2025-05-19 16:48:50 - jugador - [DEBUG] - [JUGADOR_0] Hitbox ataque: <rect(700, 265, 54, 69)> (Dir: 1,0)
2025-05-19 16:48:50 - jugador - [DEBUG] - [JUGADOR_0] Pos flotante (pre-límites): (678.8800, 288.0000)
2025-05-19 16:48:50 - jugador - [DEBUG] - [JUGADOR_0] Pos flotante (post-límites): (678.8800, 288.0000)
2025-05-19 16:48:50 - jugador - [DEBUG] - [JUGADOR_0] Movimiento para CH: dx_int=3, dy_int=0. HB (antes CH): (676, 288), PosFlotante: (678.8800,288.0000)
2025-05-19 16:48:50 - jugador - [DEBUG] - [JUGADOR_0] Iniciando gestión de colisión con dx=3, dy=0. Hitbox actual: (676, 288)
2025-05-19 16:48:50 - jugador - [DEBUG] - [JUGADOR_0] Posición POST CH: HB: (679, 288), PosFlotante: (679.00, 288.00)
2025-05-19 16:48:50 - jugador - [DEBUG] - [JUGADOR_0] Hitbox ataque: <rect(703, 265, 54, 69)> (Dir: 1,0)
2025-05-19 16:48:50 - jugador - [DEBUG] - [JUGADOR_0] Pos flotante (pre-límites): (681.8800, 288.0000)
2025-05-19 16:48:50 - jugador - [DEBUG] - [JUGADOR_0] Pos flotante (post-límites): (681.8800, 288.0000)
2025-05-19 16:48:50 - jugador - [DEBUG] - [JUGADOR_0] Movimiento para CH: dx_int=3, dy_int=0. HB (antes CH): (679, 288), PosFlotante: (681.8800,288.0000)
2025-05-19 16:48:50 - jugador - [DEBUG] - [JUGADOR_0] Iniciando gestión de colisión con dx=3, dy=0. Hitbox actual: (679, 288)
2025-05-19 16:48:50 - jugador - [DEBUG] - [JUGADOR_0] Posición POST CH: HB: (682, 288), PosFlotante: (682.00, 288.00)
2025-05-19 16:48:50 - jugador - [DEBUG] - [JUGADOR_0] Hitbox ataque: <rect(706, 265, 54, 69)> (Dir: 1,0)
2025-05-19 16:48:50 - jugador - [DEBUG] - [JUGADOR_0] Pos flotante (pre-límites): (684.8800, 288.0000)
2025-05-19 16:48:50 - jugador - [DEBUG] - [JUGADOR_0] Pos flotante (post-límites): (684.8800, 288.0000)
2025-05-19 16:48:50 - jugador - [DEBUG] - [JUGADOR_0] Movimiento para CH: dx_int=3, dy_int=0. HB (antes CH): (682, 288), PosFlotante: (684.8800,288.0000)
2025-05-19 16:48:50 - jugador - [DEBUG] - [JUGADOR_0] Iniciando gestión de colisión con dx=3, dy=0. Hitbox actual: (682, 288)
2025-05-19 16:48:50 - jugador - [DEBUG] - [JUGADOR_0] Posición POST CH: HB: (685, 288), PosFlotante: (685.00, 288.00)
2025-05-19 16:48:50 - jugador - [DEBUG] - [JUGADOR_0] Hitbox ataque: <rect(709, 265, 54, 69)> (Dir: 1,0)
2025-05-19 16:48:50 - jugador - [DEBUG] - [JUGADOR_0] Input teclado procesado: mov_x_input_raw=180, mov_y_input_raw=0
2025-05-19 16:48:50 - jugador - [DEBUG] - [JUGADOR_0] Delta flotante intentado: dx=2.8800, dy=0.0000 (delta_time: 0.0160)
2025-05-19 16:48:50 - jugador - [DEBUG] - [JUGADOR_0] Pos flotante (pre-límites): (687.8800, 288.0000)
2025-05-19 16:48:50 - jugador - [DEBUG] - [JUGADOR_0] Pos flotante (post-límites): (687.8800, 288.0000)
2025-05-19 16:48:50 - jugador - [DEBUG] - [JUGADOR_0] Movimiento para CH: dx_int=3, dy_int=0. HB (antes CH): (685, 288), PosFlotante: (687.8800,288.0000)
2025-05-19 16:48:50 - jugador - [DEBUG] - [JUGADOR_0] Iniciando gestión de colisión con dx=3, dy=0. Hitbox actual: (685, 288)
2025-05-19 16:48:50 - jugador - [DEBUG] - [JUGADOR_0] Posición POST CH: HB: (688, 288), PosFlotante: (688.00, 288.00)
2025-05-19 16:48:50 - jugador - [DEBUG] - [JUGADOR_0] Hitbox ataque: <rect(712, 265, 54, 69)> (Dir: 1,0)
2025-05-19 16:48:50 - jugador - [DEBUG] - [JUGADOR_0] Pos flotante (pre-límites): (690.8800, 288.0000)
2025-05-19 16:48:50 - jugador - [DEBUG] - [JUGADOR_0] Pos flotante (post-límites): (690.8800, 288.0000)
2025-05-19 16:48:50 - jugador - [DEBUG] - [JUGADOR_0] Movimiento para CH: dx_int=3, dy_int=0. HB (antes CH): (688, 288), PosFlotante: (690.8800,288.0000)
2025-05-19 16:48:50 - jugador - [DEBUG] - [JUGADOR_0] Iniciando gestión de colisión con dx=3, dy=0. Hitbox actual: (688, 288)
2025-05-19 16:48:50 - jugador - [DEBUG] - [JUGADOR_0] Posición POST CH: HB: (691, 288), PosFlotante: (691.00, 288.00)
2025-05-19 16:48:50 - jugador - [DEBUG] - [JUGADOR_0] Hitbox ataque: <rect(715, 265, 54, 69)> (Dir: 1,0)
2025-05-19 16:48:50 - jugador - [DEBUG] - [JUGADOR_0] Pos flotante (pre-límites): (693.8800, 288.0000)
2025-05-19 16:48:50 - jugador - [DEBUG] - [JUGADOR_0] Pos flotante (post-límites): (693.8800, 288.0000)
2025-05-19 16:48:50 - jugador - [DEBUG] - [JUGADOR_0] Movimiento para CH: dx_int=3, dy_int=0. HB (antes CH): (691, 288), PosFlotante: (693.8800,288.0000)
2025-05-19 16:48:50 - jugador - [DEBUG] - [JUGADOR_0] Iniciando gestión de colisión con dx=3, dy=0. Hitbox actual: (691, 288)
2025-05-19 16:48:50 - jugador - [DEBUG] - [JUGADOR_0] Posición POST CH: HB: (694, 288), PosFlotante: (694.00, 288.00)
2025-05-19 16:48:50 - jugador - [DEBUG] - [JUGADOR_0] Hitbox ataque: <rect(718, 265, 54, 69)> (Dir: 1,0)
2025-05-19 16:48:50 - jugador - [DEBUG] - [JUGADOR_0] Delta flotante intentado: dx=3.0600, dy=0.0000 (delta_time: 0.0170)
2025-05-19 16:48:50 - jugador - [DEBUG] - [JUGADOR_0] Pos flotante (pre-límites): (697.0600, 288.0000)
2025-05-19 16:48:50 - jugador - [DEBUG] - [JUGADOR_0] Pos flotante (post-límites): (697.0600, 288.0000)
2025-05-19 16:48:50 - jugador - [DEBUG] - [JUGADOR_0] Movimiento para CH: dx_int=4, dy_int=0. HB (antes CH): (694, 288), PosFlotante: (697.0600,288.0000)
2025-05-19 16:48:50 - jugador - [DEBUG] - [JUGADOR_0] Iniciando gestión de colisión con dx=4, dy=0. Hitbox actual: (694, 288)
2025-05-19 16:48:50 - jugador - [DEBUG] - [JUGADOR_0] Posición POST CH: HB: (698, 288), PosFlotante: (698.00, 288.00)
2025-05-19 16:48:50 - jugador - [DEBUG] - [JUGADOR_0] Hitbox ataque: <rect(722, 265, 54, 69)> (Dir: 1,0)
2025-05-19 16:48:50 - jugador - [DEBUG] - [JUGADOR_0] Input teclado procesado: mov_x_input_raw=180, mov_y_input_raw=0
2025-05-19 16:48:50 - jugador - [DEBUG] - [JUGADOR_0] Delta flotante intentado: dx=2.8800, dy=0.0000 (delta_time: 0.0160)
2025-05-19 16:48:50 - jugador - [DEBUG] - [JUGADOR_0] Pos flotante (pre-límites): (700.8800, 288.0000)
2025-05-19 16:48:50 - jugador - [DEBUG] - [JUGADOR_0] Pos flotante (post-límites): (700.8800, 288.0000)
2025-05-19 16:48:50 - jugador - [DEBUG] - [JUGADOR_0] Movimiento para CH: dx_int=3, dy_int=0. HB (antes CH): (698, 288), PosFlotante: (700.8800,288.0000)
2025-05-19 16:48:50 - jugador - [DEBUG] - [JUGADOR_0] Iniciando gestión de colisión con dx=3, dy=0. Hitbox actual: (698, 288)
2025-05-19 16:48:50 - jugador - [DEBUG] - [JUGADOR_0] Posición POST CH: HB: (701, 288), PosFlotante: (701.00, 288.00)
2025-05-19 16:48:50 - jugador - [DEBUG] - [JUGADOR_0] ATAQUE FINALIZADO (Duración: 260ms). Enemigos golpeados: 1
2025-05-19 16:48:50 - jugador - [DEBUG] - [JUGADOR_0] Pos flotante (pre-límites): (703.8800, 288.0000)
2025-05-19 16:48:50 - jugador - [DEBUG] - [JUGADOR_0] Pos flotante (post-límites): (703.8800, 288.0000)
2025-05-19 16:48:50 - jugador - [DEBUG] - [JUGADOR_0] Movimiento para CH: dx_int=3, dy_int=0. HB (antes CH): (701, 288), PosFlotante: (703.8800,288.0000)
2025-05-19 16:48:50 - jugador - [DEBUG] - [JUGADOR_0] Iniciando gestión de colisión con dx=3, dy=0. Hitbox actual: (701, 288)
2025-05-19 16:48:50 - jugador - [DEBUG] - [JUGADOR_0] Posición POST CH: HB: (704, 288), PosFlotante: (704.00, 288.00)
2025-05-19 16:48:50 - jugador - [DEBUG] - [JUGADOR_0] Pos flotante (pre-límites): (707.0600, 288.0000)
2025-05-19 16:48:50 - jugador - [DEBUG] - [JUGADOR_0] Pos flotante (post-límites): (707.0600, 288.0000)
2025-05-19 16:48:50 - jugador - [DEBUG] - [JUGADOR_0] Movimiento para CH: dx_int=4, dy_int=0. HB (antes CH): (704, 288), PosFlotante: (707.0600,288.0000)
2025-05-19 16:48:50 - jugador - [DEBUG] - [JUGADOR_0] Iniciando gestión de colisión con dx=4, dy=0. Hitbox actual: (704, 288)
2025-05-19 16:48:50 - jugador - [DEBUG] - [JUGADOR_0] Posición POST CH: HB: (708, 288), PosFlotante: (708.00, 288.00)
2025-05-19 16:48:50 - jugador - [DEBUG] - [JUGADOR_0] Delta flotante intentado: dx=3.0600, dy=0.0000 (delta_time: 0.0170)
2025-05-19 16:48:50 - jugador - [DEBUG] - [JUGADOR_0] Pos flotante (pre-límites): (711.0600, 288.0000)
2025-05-19 16:48:50 - jugador - [DEBUG] - [JUGADOR_0] Pos flotante (post-límites): (711.0600, 288.0000)
2025-05-19 16:48:50 - jugador - [DEBUG] - [JUGADOR_0] Movimiento para CH: dx_int=4, dy_int=0. HB (antes CH): (708, 288), PosFlotante: (711.0600,288.0000)
2025-05-19 16:48:50 - jugador - [DEBUG] - [JUGADOR_0] Iniciando gestión de colisión con dx=4, dy=0. Hitbox actual: (708, 288)
2025-05-19 16:48:50 - jugador - [DEBUG] - [JUGADOR_0] Posición POST CH: HB: (712, 288), PosFlotante: (712.00, 288.00)
2025-05-19 16:48:50 - jugador - [DEBUG] - [JUGADOR_0] Input teclado procesado: mov_x_input_raw=180, mov_y_input_raw=0
2025-05-19 16:48:50 - jugador - [DEBUG] - [JUGADOR_0] Pos flotante (pre-límites): (715.0600, 288.0000)
2025-05-19 16:48:50 - jugador - [DEBUG] - [JUGADOR_0] Pos flotante (post-límites): (715.0600, 288.0000)
2025-05-19 16:48:50 - jugador - [DEBUG] - [JUGADOR_0] Movimiento para CH: dx_int=4, dy_int=0. HB (antes CH): (712, 288), PosFlotante: (715.0600,288.0000)
2025-05-19 16:48:50 - jugador - [DEBUG] - [JUGADOR_0] Iniciando gestión de colisión con dx=4, dy=0. Hitbox actual: (712, 288)
2025-05-19 16:48:50 - jugador - [DEBUG] - [JUGADOR_0] Posición POST CH: HB: (716, 288), PosFlotante: (716.00, 288.00)
2025-05-19 16:48:50 - jugador - [DEBUG] - [JUGADOR_0] Delta flotante intentado: dx=2.8800, dy=0.0000 (delta_time: 0.0160)
2025-05-19 16:48:50 - jugador - [DEBUG] - [JUGADOR_0] Pos flotante (pre-límites): (718.8800, 288.0000)
2025-05-19 16:48:50 - jugador - [DEBUG] - [JUGADOR_0] Pos flotante (post-límites): (718.8800, 288.0000)
2025-05-19 16:48:50 - jugador - [DEBUG] - [JUGADOR_0] Movimiento para CH: dx_int=3, dy_int=0. HB (antes CH): (716, 288), PosFlotante: (718.8800,288.0000)
2025-05-19 16:48:50 - jugador - [DEBUG] - [JUGADOR_0] Iniciando gestión de colisión con dx=3, dy=0. Hitbox actual: (716, 288)
2025-05-19 16:48:50 - jugador - [DEBUG] - [JUGADOR_0] Posición POST CH: HB: (719, 288), PosFlotante: (719.00, 288.00)
2025-05-19 16:48:50 - jugador - [DEBUG] - [JUGADOR_0] Delta flotante intentado: dx=3.0600, dy=0.0000 (delta_time: 0.0170)
2025-05-19 16:48:50 - jugador - [DEBUG] - [JUGADOR_0] Pos flotante (pre-límites): (722.0600, 288.0000)
2025-05-19 16:48:50 - jugador - [DEBUG] - [JUGADOR_0] Pos flotante (post-límites): (722.0600, 288.0000)
2025-05-19 16:48:50 - jugador - [DEBUG] - [JUGADOR_0] Movimiento para CH: dx_int=4, dy_int=0. HB (antes CH): (719, 288), PosFlotante: (722.0600,288.0000)
2025-05-19 16:48:50 - jugador - [DEBUG] - [JUGADOR_0] Iniciando gestión de colisión con dx=4, dy=0. Hitbox actual: (719, 288)
2025-05-19 16:48:50 - jugador - [DEBUG] - [JUGADOR_0] Posición POST CH: HB: (723, 288), PosFlotante: (723.00, 288.00)
2025-05-19 16:48:50 - jugador - [DEBUG] - [JUGADOR_0] Pos flotante (pre-límites): (725.8800, 288.0000)
2025-05-19 16:48:50 - jugador - [DEBUG] - [JUGADOR_0] Pos flotante (post-límites): (725.8800, 288.0000)
2025-05-19 16:48:50 - jugador - [DEBUG] - [JUGADOR_0] Movimiento para CH: dx_int=3, dy_int=0. HB (antes CH): (723, 288), PosFlotante: (725.8800,288.0000)
2025-05-19 16:48:50 - jugador - [DEBUG] - [JUGADOR_0] Iniciando gestión de colisión con dx=3, dy=0. Hitbox actual: (723, 288)
2025-05-19 16:48:50 - jugador - [DEBUG] - [JUGADOR_0] Posición POST CH: HB: (726, 288), PosFlotante: (726.00, 288.00)
2025-05-19 16:48:50 - jugador - [DEBUG] - [JUGADOR_0] Input teclado procesado: mov_x_input_raw=180, mov_y_input_raw=0
2025-05-19 16:48:50 - jugador - [DEBUG] - [JUGADOR_0] Pos flotante (pre-límites): (728.8800, 288.0000)
2025-05-19 16:48:50 - jugador - [DEBUG] - [JUGADOR_0] Pos flotante (post-límites): (728.8800, 288.0000)
2025-05-19 16:48:50 - jugador - [DEBUG] - [JUGADOR_0] Movimiento para CH: dx_int=3, dy_int=0. HB (antes CH): (726, 288), PosFlotante: (728.8800,288.0000)
2025-05-19 16:48:50 - jugador - [DEBUG] - [JUGADOR_0] Iniciando gestión de colisión con dx=3, dy=0. Hitbox actual: (726, 288)
2025-05-19 16:48:50 - jugador - [DEBUG] - [JUGADOR_0] Posición POST CH: HB: (729, 288), PosFlotante: (729.00, 288.00)
2025-05-19 16:48:50 - jugador - [DEBUG] - [JUGADOR_0] Delta flotante intentado: dx=3.2400, dy=0.0000 (delta_time: 0.0180)
2025-05-19 16:48:50 - jugador - [DEBUG] - [JUGADOR_0] Pos flotante (pre-límites): (732.2400, 288.0000)
2025-05-19 16:48:50 - jugador - [DEBUG] - [JUGADOR_0] Pos flotante (post-límites): (732.2400, 288.0000)
2025-05-19 16:48:50 - jugador - [DEBUG] - [JUGADOR_0] Movimiento para CH: dx_int=4, dy_int=0. HB (antes CH): (729, 288), PosFlotante: (732.2400,288.0000)
2025-05-19 16:48:50 - jugador - [DEBUG] - [JUGADOR_0] Iniciando gestión de colisión con dx=4, dy=0. Hitbox actual: (729, 288)
2025-05-19 16:48:50 - jugador - [DEBUG] - [JUGADOR_0] Posición POST CH: HB: (733, 288), PosFlotante: (733.00, 288.00)
2025-05-19 16:48:50 - jugador - [DEBUG] - [JUGADOR_0] Delta flotante intentado: dx=2.8800, dy=0.0000 (delta_time: 0.0160)
2025-05-19 16:48:50 - jugador - [DEBUG] - [JUGADOR_0] Pos flotante (pre-límites): (735.8800, 288.0000)
2025-05-19 16:48:50 - jugador - [DEBUG] - [JUGADOR_0] Pos flotante (post-límites): (735.8800, 288.0000)
2025-05-19 16:48:50 - jugador - [DEBUG] - [JUGADOR_0] Movimiento para CH: dx_int=3, dy_int=0. HB (antes CH): (733, 288), PosFlotante: (735.8800,288.0000)
2025-05-19 16:48:50 - jugador - [DEBUG] - [JUGADOR_0] Iniciando gestión de colisión con dx=3, dy=0. Hitbox actual: (733, 288)
2025-05-19 16:48:50 - jugador - [DEBUG] - [JUGADOR_0] Posición POST CH: HB: (736, 288), PosFlotante: (736.00, 288.00)
2025-05-19 16:48:50 - jugador - [DEBUG] - [JUGADOR_0] Input teclado procesado: mov_x_input_raw=180, mov_y_input_raw=0
2025-05-19 16:48:50 - jugador - [DEBUG] - [JUGADOR_0] Pos flotante (pre-límites): (738.8800, 288.0000)
2025-05-19 16:48:50 - jugador - [DEBUG] - [JUGADOR_0] Pos flotante (post-límites): (738.8800, 288.0000)
2025-05-19 16:48:50 - jugador - [DEBUG] - [JUGADOR_0] Movimiento para CH: dx_int=3, dy_int=0. HB (antes CH): (736, 288), PosFlotante: (738.8800,288.0000)
2025-05-19 16:48:50 - jugador - [DEBUG] - [JUGADOR_0] Iniciando gestión de colisión con dx=3, dy=0. Hitbox actual: (736, 288)
2025-05-19 16:48:50 - jugador - [DEBUG] - [JUGADOR_0] Posición POST CH: HB: (739, 288), PosFlotante: (739.00, 288.00)
2025-05-19 16:48:50 - jugador - [DEBUG] - [JUGADOR_0] Delta flotante intentado: dx=3.0600, dy=0.0000 (delta_time: 0.0170)
2025-05-19 16:48:50 - jugador - [DEBUG] - [JUGADOR_0] Pos flotante (pre-límites): (742.0600, 288.0000)
2025-05-19 16:48:50 - jugador - [DEBUG] - [JUGADOR_0] Pos flotante (post-límites): (742.0600, 288.0000)
2025-05-19 16:48:50 - jugador - [DEBUG] - [JUGADOR_0] Movimiento para CH: dx_int=4, dy_int=0. HB (antes CH): (739, 288), PosFlotante: (742.0600,288.0000)
2025-05-19 16:48:50 - jugador - [DEBUG] - [JUGADOR_0] Iniciando gestión de colisión con dx=4, dy=0. Hitbox actual: (739, 288)
2025-05-19 16:48:50 - jugador - [DEBUG] - [JUGADOR_0] Posición POST CH: HB: (743, 288), PosFlotante: (743.00, 288.00)
2025-05-19 16:48:50 - jugador - [DEBUG] - [JUGADOR_0] Pos flotante (pre-límites): (745.8800, 288.0000)
2025-05-19 16:48:50 - jugador - [DEBUG] - [JUGADOR_0] Pos flotante (post-límites): (745.8800, 288.0000)
2025-05-19 16:48:50 - jugador - [DEBUG] - [JUGADOR_0] Movimiento para CH: dx_int=3, dy_int=0. HB (antes CH): (743, 288), PosFlotante: (745.8800,288.0000)
2025-05-19 16:48:50 - jugador - [DEBUG] - [JUGADOR_0] Iniciando gestión de colisión con dx=3, dy=0. Hitbox actual: (743, 288)
2025-05-19 16:48:50 - jugador - [DEBUG] - [JUGADOR_0] Posición POST CH: HB: (746, 288), PosFlotante: (746.00, 288.00)
2025-05-19 16:48:50 - jugador - [DEBUG] - [JUGADOR_0] Delta flotante intentado: dx=2.8800, dy=0.0000 (delta_time: 0.0160)
2025-05-19 16:48:50 - jugador - [DEBUG] - [JUGADOR_0] Pos flotante (pre-límites): (748.8800, 288.0000)
2025-05-19 16:48:50 - jugador - [DEBUG] - [JUGADOR_0] Pos flotante (post-límites): (748.8800, 288.0000)
2025-05-19 16:48:50 - jugador - [DEBUG] - [JUGADOR_0] Movimiento para CH: dx_int=3, dy_int=0. HB (antes CH): (746, 288), PosFlotante: (748.8800,288.0000)
2025-05-19 16:48:50 - jugador - [DEBUG] - [JUGADOR_0] Iniciando gestión de colisión con dx=3, dy=0. Hitbox actual: (746, 288)
2025-05-19 16:48:50 - jugador - [DEBUG] - [JUGADOR_0] Posición POST CH: HB: (749, 288), PosFlotante: (749.00, 288.00)
2025-05-19 16:48:50 - jugador - [DEBUG] - [JUGADOR_0] Input teclado procesado: mov_x_input_raw=180, mov_y_input_raw=0
2025-05-19 16:48:50 - jugador - [DEBUG] - [JUGADOR_0] Pos flotante (pre-límites): (751.8800, 288.0000)
2025-05-19 16:48:50 - jugador - [DEBUG] - [JUGADOR_0] Pos flotante (post-límites): (751.8800, 288.0000)
2025-05-19 16:48:50 - jugador - [DEBUG] - [JUGADOR_0] Movimiento para CH: dx_int=3, dy_int=0. HB (antes CH): (749, 288), PosFlotante: (751.8800,288.0000)
2025-05-19 16:48:50 - jugador - [DEBUG] - [JUGADOR_0] Iniciando gestión de colisión con dx=3, dy=0. Hitbox actual: (749, 288)
2025-05-19 16:48:50 - jugador - [DEBUG] - [JUGADOR_0] Posición POST CH: HB: (752, 288), PosFlotante: (752.00, 288.00)
2025-05-19 16:48:50 - jugador - [DEBUG] - [JUGADOR_0] Delta flotante intentado: dx=3.0600, dy=0.0000 (delta_time: 0.0170)
2025-05-19 16:48:50 - jugador - [DEBUG] - [JUGADOR_0] Pos flotante (pre-límites): (755.0600, 288.0000)
2025-05-19 16:48:50 - jugador - [DEBUG] - [JUGADOR_0] Pos flotante (post-límites): (755.0600, 288.0000)
2025-05-19 16:48:50 - jugador - [DEBUG] - [JUGADOR_0] Movimiento para CH: dx_int=4, dy_int=0. HB (antes CH): (752, 288), PosFlotante: (755.0600,288.0000)
2025-05-19 16:48:50 - jugador - [DEBUG] - [JUGADOR_0] Iniciando gestión de colisión con dx=4, dy=0. Hitbox actual: (752, 288)
2025-05-19 16:48:50 - jugador - [DEBUG] - [JUGADOR_0] Posición POST CH: HB: (756, 288), PosFlotante: (756.00, 288.00)
2025-05-19 16:48:50 - jugador - [DEBUG] - [JUGADOR_0] Pos flotante (pre-límites): (759.0600, 288.0000)
2025-05-19 16:48:50 - jugador - [DEBUG] - [JUGADOR_0] Pos flotante (post-límites): (759.0600, 288.0000)
2025-05-19 16:48:50 - jugador - [DEBUG] - [JUGADOR_0] Movimiento para CH: dx_int=4, dy_int=0. HB (antes CH): (756, 288), PosFlotante: (759.0600,288.0000)
2025-05-19 16:48:50 - jugador - [DEBUG] - [JUGADOR_0] Iniciando gestión de colisión con dx=4, dy=0. Hitbox actual: (756, 288)
2025-05-19 16:48:50 - jugador - [DEBUG] - [JUGADOR_0] Posición POST CH: HB: (760, 288), PosFlotante: (760.00, 288.00)
2025-05-19 16:48:50 - jugador - [DEBUG] - [JUGADOR_0] Input teclado procesado: mov_x_input_raw=180, mov_y_input_raw=0
2025-05-19 16:48:50 - jugador - [DEBUG] - [JUGADOR_0] Pos flotante (pre-límites): (763.0600, 288.0000)
2025-05-19 16:48:50 - jugador - [DEBUG] - [JUGADOR_0] Pos flotante (post-límites): (763.0600, 288.0000)
2025-05-19 16:48:50 - jugador - [DEBUG] - [JUGADOR_0] Movimiento para CH: dx_int=4, dy_int=0. HB (antes CH): (760, 288), PosFlotante: (763.0600,288.0000)
2025-05-19 16:48:50 - jugador - [DEBUG] - [JUGADOR_0] Iniciando gestión de colisión con dx=4, dy=0. Hitbox actual: (760, 288)
2025-05-19 16:48:50 - jugador - [DEBUG] - [JUGADOR_0] Posición POST CH: HB: (764, 288), PosFlotante: (764.00, 288.00)
2025-05-19 16:48:50 - jugador - [DEBUG] - [JUGADOR_0] Delta flotante intentado: dx=3.0600, dy=0.0000 (delta_time: 0.0170)
2025-05-19 16:48:50 - jugador - [DEBUG] - [JUGADOR_0] Pos flotante (pre-límites): (767.0600, 288.0000)
2025-05-19 16:48:50 - jugador - [DEBUG] - [JUGADOR_0] Pos flotante (post-límites): (767.0600, 288.0000)
2025-05-19 16:48:50 - jugador - [DEBUG] - [JUGADOR_0] Movimiento para CH: dx_int=4, dy_int=0. HB (antes CH): (764, 288), PosFlotante: (767.0600,288.0000)
2025-05-19 16:48:50 - jugador - [DEBUG] - [JUGADOR_0] Iniciando gestión de colisión con dx=4, dy=0. Hitbox actual: (764, 288)
2025-05-19 16:48:50 - jugador - [DEBUG] - [JUGADOR_0] Posición POST CH: HB: (768, 288), PosFlotante: (768.00, 288.00)
2025-05-19 16:48:51 - jugador - [DEBUG] - [JUGADOR_0] Pos flotante (pre-límites): (771.0600, 288.0000)
2025-05-19 16:48:51 - jugador - [DEBUG] - [JUGADOR_0] Pos flotante (post-límites): (771.0600, 288.0000)
2025-05-19 16:48:51 - jugador - [DEBUG] - [JUGADOR_0] Movimiento para CH: dx_int=4, dy_int=0. HB (antes CH): (768, 288), PosFlotante: (771.0600,288.0000)
2025-05-19 16:48:51 - jugador - [DEBUG] - [JUGADOR_0] Iniciando gestión de colisión con dx=4, dy=0. Hitbox actual: (768, 288)
2025-05-19 16:48:51 - jugador - [DEBUG] - [JUGADOR_0] Posición POST CH: HB: (772, 288), PosFlotante: (772.00, 288.00)
2025-05-19 16:48:51 - jugador - [DEBUG] - [JUGADOR_0] Input teclado procesado: mov_x_input_raw=180, mov_y_input_raw=0
2025-05-19 16:48:51 - jugador - [DEBUG] - [JUGADOR_0] Delta flotante intentado: dx=2.8800, dy=0.0000 (delta_time: 0.0160)
2025-05-19 16:48:51 - jugador - [DEBUG] - [JUGADOR_0] Pos flotante (pre-límites): (774.8800, 288.0000)
2025-05-19 16:48:51 - jugador - [DEBUG] - [JUGADOR_0] Pos flotante (post-límites): (774.8800, 288.0000)
2025-05-19 16:48:51 - jugador - [DEBUG] - [JUGADOR_0] Movimiento para CH: dx_int=3, dy_int=0. HB (antes CH): (772, 288), PosFlotante: (774.8800,288.0000)
2025-05-19 16:48:51 - jugador - [DEBUG] - [JUGADOR_0] Iniciando gestión de colisión con dx=3, dy=0. Hitbox actual: (772, 288)
2025-05-19 16:48:51 - jugador - [DEBUG] - [JUGADOR_0] Posición POST CH: HB: (775, 288), PosFlotante: (775.00, 288.00)
2025-05-19 16:48:51 - jugador - [DEBUG] - [JUGADOR_0] Pos flotante (pre-límites): (777.8800, 288.0000)
2025-05-19 16:48:51 - jugador - [DEBUG] - [JUGADOR_0] Pos flotante (post-límites): (777.8800, 288.0000)
2025-05-19 16:48:51 - jugador - [DEBUG] - [JUGADOR_0] Movimiento para CH: dx_int=3, dy_int=0. HB (antes CH): (775, 288), PosFlotante: (777.8800,288.0000)
2025-05-19 16:48:51 - jugador - [DEBUG] - [JUGADOR_0] Iniciando gestión de colisión con dx=3, dy=0. Hitbox actual: (775, 288)
2025-05-19 16:48:51 - jugador - [DEBUG] - [JUGADOR_0] Posición POST CH: HB: (778, 288), PosFlotante: (778.00, 288.00)
2025-05-19 16:48:51 - jugador - [DEBUG] - [JUGADOR_0] Pos flotante (pre-límites): (780.8800, 288.0000)
2025-05-19 16:48:51 - jugador - [DEBUG] - [JUGADOR_0] Pos flotante (post-límites): (780.8800, 288.0000)
2025-05-19 16:48:51 - jugador - [DEBUG] - [JUGADOR_0] Movimiento para CH: dx_int=3, dy_int=0. HB (antes CH): (778, 288), PosFlotante: (780.8800,288.0000)
2025-05-19 16:48:51 - jugador - [DEBUG] - [JUGADOR_0] Iniciando gestión de colisión con dx=3, dy=0. Hitbox actual: (778, 288)
2025-05-19 16:48:51 - jugador - [DEBUG] - [JUGADOR_0] Posición POST CH: HB: (781, 288), PosFlotante: (781.00, 288.00)
2025-05-19 16:48:51 - jugador - [DEBUG] - [JUGADOR_0] Pos flotante (pre-límites): (783.8800, 288.0000)
2025-05-19 16:48:51 - jugador - [DEBUG] - [JUGADOR_0] Pos flotante (post-límites): (783.8800, 288.0000)
2025-05-19 16:48:51 - jugador - [DEBUG] - [JUGADOR_0] Movimiento para CH: dx_int=3, dy_int=0. HB (antes CH): (781, 288), PosFlotante: (783.8800,288.0000)
2025-05-19 16:48:51 - jugador - [DEBUG] - [JUGADOR_0] Iniciando gestión de colisión con dx=3, dy=0. Hitbox actual: (781, 288)
2025-05-19 16:48:51 - jugador - [DEBUG] - [JUGADOR_0] Posición POST CH: HB: (784, 288), PosFlotante: (784.00, 288.00)
2025-05-19 16:48:51 - jugador - [DEBUG] - [JUGADOR_0] Input teclado procesado: mov_x_input_raw=180, mov_y_input_raw=0
2025-05-19 16:48:51 - jugador - [DEBUG] - [JUGADOR_0] Delta flotante intentado: dx=3.0600, dy=0.0000 (delta_time: 0.0170)
2025-05-19 16:48:51 - jugador - [DEBUG] - [JUGADOR_0] Pos flotante (pre-límites): (787.0600, 288.0000)
2025-05-19 16:48:51 - jugador - [DEBUG] - [JUGADOR_0] Pos flotante (post-límites): (787.0600, 288.0000)
2025-05-19 16:48:51 - jugador - [DEBUG] - [JUGADOR_0] Movimiento para CH: dx_int=4, dy_int=0. HB (antes CH): (784, 288), PosFlotante: (787.0600,288.0000)
2025-05-19 16:48:51 - jugador - [DEBUG] - [JUGADOR_0] Iniciando gestión de colisión con dx=4, dy=0. Hitbox actual: (784, 288)
2025-05-19 16:48:51 - jugador - [DEBUG] - [JUGADOR_0] Posición POST CH: HB: (788, 288), PosFlotante: (788.00, 288.00)
2025-05-19 16:48:51 - jugador - [DEBUG] - [JUGADOR_0] Input teclado procesado: mov_x_input_raw=-180, mov_y_input_raw=0
2025-05-19 16:48:51 - jugador - [DEBUG] - [JUGADOR_0] Delta flotante intentado: dx=-2.8800, dy=0.0000 (delta_time: 0.0160)
2025-05-19 16:48:51 - jugador - [DEBUG] - [JUGADOR_0] Pos flotante (pre-límites): (785.1200, 288.0000)
2025-05-19 16:48:51 - jugador - [DEBUG] - [JUGADOR_0] Pos flotante (post-límites): (785.1200, 288.0000)
2025-05-19 16:48:51 - jugador - [DEBUG] - [JUGADOR_0] Movimiento para CH: dx_int=-3, dy_int=0. HB (antes CH): (788, 288), PosFlotante: (785.1200,288.0000)
2025-05-19 16:48:51 - jugador - [DEBUG] - [JUGADOR_0] Iniciando gestión de colisión con dx=-3, dy=0. Hitbox actual: (788, 288)
2025-05-19 16:48:51 - jugador - [DEBUG] - [JUGADOR_0] Posición POST CH: HB: (785, 288), PosFlotante: (785.00, 288.00)
2025-05-19 16:48:51 - jugador - [DEBUG] - [JUGADOR_0] Pos flotante (pre-límites): (782.1200, 288.0000)
2025-05-19 16:48:51 - jugador - [DEBUG] - [JUGADOR_0] Pos flotante (post-límites): (782.1200, 288.0000)
2025-05-19 16:48:51 - jugador - [DEBUG] - [JUGADOR_0] Movimiento para CH: dx_int=-3, dy_int=0. HB (antes CH): (785, 288), PosFlotante: (782.1200,288.0000)
2025-05-19 16:48:51 - jugador - [DEBUG] - [JUGADOR_0] Iniciando gestión de colisión con dx=-3, dy=0. Hitbox actual: (785, 288)
2025-05-19 16:48:51 - jugador - [DEBUG] - [JUGADOR_0] Posición POST CH: HB: (782, 288), PosFlotante: (782.00, 288.00)
2025-05-19 16:48:51 - jugador - [DEBUG] - [JUGADOR_0] Pos flotante (pre-límites): (779.1200, 288.0000)
2025-05-19 16:48:51 - jugador - [DEBUG] - [JUGADOR_0] Pos flotante (post-límites): (779.1200, 288.0000)
2025-05-19 16:48:51 - jugador - [DEBUG] - [JUGADOR_0] Movimiento para CH: dx_int=-3, dy_int=0. HB (antes CH): (782, 288), PosFlotante: (779.1200,288.0000)
2025-05-19 16:48:51 - jugador - [DEBUG] - [JUGADOR_0] Iniciando gestión de colisión con dx=-3, dy=0. Hitbox actual: (782, 288)
2025-05-19 16:48:51 - jugador - [DEBUG] - [JUGADOR_0] Posición POST CH: HB: (779, 288), PosFlotante: (779.00, 288.00)
2025-05-19 16:48:51 - jugador - [DEBUG] - [JUGADOR_0] Pos flotante (pre-límites): (776.1200, 288.0000)
2025-05-19 16:48:51 - jugador - [DEBUG] - [JUGADOR_0] Pos flotante (post-límites): (776.1200, 288.0000)
2025-05-19 16:48:51 - jugador - [DEBUG] - [JUGADOR_0] Movimiento para CH: dx_int=-3, dy_int=0. HB (antes CH): (779, 288), PosFlotante: (776.1200,288.0000)
2025-05-19 16:48:51 - jugador - [DEBUG] - [JUGADOR_0] Iniciando gestión de colisión con dx=-3, dy=0. Hitbox actual: (779, 288)
2025-05-19 16:48:51 - jugador - [DEBUG] - [JUGADOR_0] Posición POST CH: HB: (776, 288), PosFlotante: (776.00, 288.00)
2025-05-19 16:48:51 - jugador - [DEBUG] - [JUGADOR_0] Input teclado procesado: mov_x_input_raw=-180, mov_y_input_raw=0
2025-05-19 16:48:51 - jugador - [DEBUG] - [JUGADOR_0] Delta flotante intentado: dx=-2.8800, dy=0.0000 (delta_time: 0.0160)
2025-05-19 16:48:51 - jugador - [DEBUG] - [JUGADOR_0] Pos flotante (pre-límites): (773.1200, 288.0000)
2025-05-19 16:48:51 - jugador - [DEBUG] - [JUGADOR_0] Pos flotante (post-límites): (773.1200, 288.0000)
2025-05-19 16:48:51 - jugador - [DEBUG] - [JUGADOR_0] Movimiento para CH: dx_int=-3, dy_int=0. HB (antes CH): (776, 288), PosFlotante: (773.1200,288.0000)
2025-05-19 16:48:51 - jugador - [DEBUG] - [JUGADOR_0] Iniciando gestión de colisión con dx=-3, dy=0. Hitbox actual: (776, 288)
2025-05-19 16:48:51 - jugador - [DEBUG] - [JUGADOR_0] Posición POST CH: HB: (773, 288), PosFlotante: (773.00, 288.00)
2025-05-19 16:48:51 - jugador - [DEBUG] - [JUGADOR_0] Pos flotante (pre-límites): (770.1200, 288.0000)
2025-05-19 16:48:51 - jugador - [DEBUG] - [JUGADOR_0] Pos flotante (post-límites): (770.1200, 288.0000)
2025-05-19 16:48:51 - jugador - [DEBUG] - [JUGADOR_0] Movimiento para CH: dx_int=-3, dy_int=0. HB (antes CH): (773, 288), PosFlotante: (770.1200,288.0000)
2025-05-19 16:48:51 - jugador - [DEBUG] - [JUGADOR_0] Iniciando gestión de colisión con dx=-3, dy=0. Hitbox actual: (773, 288)
2025-05-19 16:48:51 - jugador - [DEBUG] - [JUGADOR_0] Posición POST CH: HB: (770, 288), PosFlotante: (770.00, 288.00)
2025-05-19 16:48:51 - jugador - [DEBUG] - [JUGADOR_0] Pos flotante (pre-límites): (767.1200, 288.0000)
2025-05-19 16:48:51 - jugador - [DEBUG] - [JUGADOR_0] Pos flotante (post-límites): (767.1200, 288.0000)
2025-05-19 16:48:51 - jugador - [DEBUG] - [JUGADOR_0] Movimiento para CH: dx_int=-3, dy_int=0. HB (antes CH): (770, 288), PosFlotante: (767.1200,288.0000)
2025-05-19 16:48:51 - jugador - [DEBUG] - [JUGADOR_0] Iniciando gestión de colisión con dx=-3, dy=0. Hitbox actual: (770, 288)
2025-05-19 16:48:51 - jugador - [DEBUG] - [JUGADOR_0] Posición POST CH: HB: (767, 288), PosFlotante: (767.00, 288.00)
2025-05-19 16:48:51 - jugador - [DEBUG] - [JUGADOR_0] Pos flotante (pre-límites): (764.1200, 288.0000)
2025-05-19 16:48:51 - jugador - [DEBUG] - [JUGADOR_0] Pos flotante (post-límites): (764.1200, 288.0000)
2025-05-19 16:48:51 - jugador - [DEBUG] - [JUGADOR_0] Movimiento para CH: dx_int=-3, dy_int=0. HB (antes CH): (767, 288), PosFlotante: (764.1200,288.0000)
2025-05-19 16:48:51 - jugador - [DEBUG] - [JUGADOR_0] Iniciando gestión de colisión con dx=-3, dy=0. Hitbox actual: (767, 288)
2025-05-19 16:48:51 - jugador - [DEBUG] - [JUGADOR_0] Posición POST CH: HB: (764, 288), PosFlotante: (764.00, 288.00)
2025-05-19 16:48:51 - jugador - [INFO] - [JUGADOR_0] ATAQUE INICIADO (Cooldown: 700.0ms). Perfil: 'espada_predeterminada'
2025-05-19 16:48:51 - jugador - [DEBUG] - [JUGADOR_0] Input teclado procesado: mov_x_input_raw=-180, mov_y_input_raw=0
2025-05-19 16:48:51 - jugador - [DEBUG] - [JUGADOR_0] Delta flotante intentado: dx=-2.8800, dy=0.0000 (delta_time: 0.0160)
2025-05-19 16:48:51 - jugador - [DEBUG] - [JUGADOR_0] Pos flotante (pre-límites): (761.1200, 288.0000)
2025-05-19 16:48:51 - jugador - [DEBUG] - [JUGADOR_0] Pos flotante (post-límites): (761.1200, 288.0000)
2025-05-19 16:48:51 - jugador - [DEBUG] - [JUGADOR_0] Movimiento para CH: dx_int=-3, dy_int=0. HB (antes CH): (764, 288), PosFlotante: (761.1200,288.0000)
2025-05-19 16:48:51 - jugador - [DEBUG] - [JUGADOR_0] Iniciando gestión de colisión con dx=-3, dy=0. Hitbox actual: (764, 288)
2025-05-19 16:48:51 - jugador - [DEBUG] - [JUGADOR_0] Posición POST CH: HB: (761, 288), PosFlotante: (761.00, 288.00)
2025-05-19 16:48:51 - jugador - [DEBUG] - [JUGADOR_0] Hitbox ataque: <rect(707, 265, 54, 69)> (Dir: -1,0)
2025-05-19 16:48:51 - jugador - [INFO] - [JUGADOR_0] Golpeó a [Enemigo_1] con 5 de daño.
2025-05-19 16:48:51 - jugador - [DEBUG] - [JUGADOR_0] Delta flotante intentado: dx=-3.0600, dy=0.0000 (delta_time: 0.0170)
2025-05-19 16:48:51 - jugador - [DEBUG] - [JUGADOR_0] Pos flotante (pre-límites): (757.9400, 288.0000)
2025-05-19 16:48:51 - jugador - [DEBUG] - [JUGADOR_0] Pos flotante (post-límites): (757.9400, 288.0000)
2025-05-19 16:48:51 - jugador - [DEBUG] - [JUGADOR_0] Movimiento para CH: dx_int=-4, dy_int=0. HB (antes CH): (761, 288), PosFlotante: (757.9400,288.0000)
2025-05-19 16:48:51 - jugador - [DEBUG] - [JUGADOR_0] Iniciando gestión de colisión con dx=-4, dy=0. Hitbox actual: (761, 288)
2025-05-19 16:48:51 - jugador - [DEBUG] - [JUGADOR_0] Posición POST CH: HB: (757, 288), PosFlotante: (757.00, 288.00)
2025-05-19 16:48:51 - jugador - [DEBUG] - [JUGADOR_0] Hitbox ataque: <rect(703, 265, 54, 69)> (Dir: -1,0)
2025-05-19 16:48:51 - jugador - [DEBUG] - [JUGADOR_0] Pos flotante (pre-límites): (754.1200, 288.0000)
2025-05-19 16:48:51 - jugador - [DEBUG] - [JUGADOR_0] Pos flotante (post-límites): (754.1200, 288.0000)
2025-05-19 16:48:51 - jugador - [DEBUG] - [JUGADOR_0] Movimiento para CH: dx_int=-3, dy_int=0. HB (antes CH): (757, 288), PosFlotante: (754.1200,288.0000)
2025-05-19 16:48:51 - jugador - [DEBUG] - [JUGADOR_0] Iniciando gestión de colisión con dx=-3, dy=0. Hitbox actual: (757, 288)
2025-05-19 16:48:51 - jugador - [DEBUG] - [JUGADOR_0] Posición POST CH: HB: (759, 288), PosFlotante: (759.00, 288.00)
2025-05-19 16:48:51 - jugador - [DEBUG] - [JUGADOR_0] Hitbox ataque: <rect(705, 265, 54, 69)> (Dir: -1,0)
2025-05-19 16:48:51 - jugador - [DEBUG] - [JUGADOR_0] Input teclado procesado: mov_x_input_raw=-180, mov_y_input_raw=0
2025-05-19 16:48:51 - jugador - [DEBUG] - [JUGADOR_0] Pos flotante (pre-límites): (755.9400, 288.0000)
2025-05-19 16:48:51 - jugador - [DEBUG] - [JUGADOR_0] Pos flotante (post-límites): (755.9400, 288.0000)
2025-05-19 16:48:51 - jugador - [DEBUG] - [JUGADOR_0] Movimiento para CH: dx_int=-4, dy_int=0. HB (antes CH): (759, 288), PosFlotante: (755.9400,288.0000)
2025-05-19 16:48:51 - jugador - [DEBUG] - [JUGADOR_0] Iniciando gestión de colisión con dx=-4, dy=0. Hitbox actual: (759, 288)
2025-05-19 16:48:51 - jugador - [DEBUG] - [JUGADOR_0] Posición POST CH: HB: (761, 288), PosFlotante: (761.00, 288.00)
2025-05-19 16:48:51 - jugador - [DEBUG] - [JUGADOR_0] Hitbox ataque: <rect(707, 265, 54, 69)> (Dir: -1,0)
2025-05-19 16:48:51 - jugador - [DEBUG] - [JUGADOR_0] Delta flotante intentado: dx=-3.0600, dy=0.0000 (delta_time: 0.0170)
2025-05-19 16:48:51 - jugador - [DEBUG] - [JUGADOR_0] Pos flotante (pre-límites): (757.9400, 288.0000)
2025-05-19 16:48:51 - jugador - [DEBUG] - [JUGADOR_0] Pos flotante (post-límites): (757.9400, 288.0000)
2025-05-19 16:48:51 - jugador - [DEBUG] - [JUGADOR_0] Movimiento para CH: dx_int=-4, dy_int=0. HB (antes CH): (761, 288), PosFlotante: (757.9400,288.0000)
2025-05-19 16:48:51 - jugador - [DEBUG] - [JUGADOR_0] Iniciando gestión de colisión con dx=-4, dy=0. Hitbox actual: (761, 288)
2025-05-19 16:48:51 - jugador - [DEBUG] - [JUGADOR_0] Posición POST CH: HB: (763, 288), PosFlotante: (763.00, 288.00)
2025-05-19 16:48:51 - jugador - [DEBUG] - [JUGADOR_0] Hitbox ataque: <rect(709, 265, 54, 69)> (Dir: -1,0)
2025-05-19 16:48:51 - jugador - [DEBUG] - [JUGADOR_0] Pos flotante (pre-límites): (759.9400, 288.0000)
2025-05-19 16:48:51 - jugador - [DEBUG] - [JUGADOR_0] Pos flotante (post-límites): (759.9400, 288.0000)
2025-05-19 16:48:51 - jugador - [DEBUG] - [JUGADOR_0] Movimiento para CH: dx_int=-4, dy_int=0. HB (antes CH): (763, 288), PosFlotante: (759.9400,288.0000)
2025-05-19 16:48:51 - jugador - [DEBUG] - [JUGADOR_0] Iniciando gestión de colisión con dx=-4, dy=0. Hitbox actual: (763, 288)
2025-05-19 16:48:51 - jugador - [DEBUG] - [JUGADOR_0] Posición POST CH: HB: (765, 288), PosFlotante: (765.00, 288.00)
2025-05-19 16:48:51 - jugador - [DEBUG] - [JUGADOR_0] Hitbox ataque: <rect(711, 265, 54, 69)> (Dir: -1,0)
2025-05-19 16:48:51 - jugador - [DEBUG] - [JUGADOR_0] Input teclado procesado: mov_x_input_raw=-180, mov_y_input_raw=0
2025-05-19 16:48:51 - jugador - [DEBUG] - [JUGADOR_0] Pos flotante (pre-límites): (761.9400, 288.0000)
2025-05-19 16:48:51 - jugador - [DEBUG] - [JUGADOR_0] Pos flotante (post-límites): (761.9400, 288.0000)
2025-05-19 16:48:51 - jugador - [DEBUG] - [JUGADOR_0] Movimiento para CH: dx_int=-4, dy_int=0. HB (antes CH): (765, 288), PosFlotante: (761.9400,288.0000)
2025-05-19 16:48:51 - jugador - [DEBUG] - [JUGADOR_0] Iniciando gestión de colisión con dx=-4, dy=0. Hitbox actual: (765, 288)
2025-05-19 16:48:51 - jugador - [DEBUG] - [JUGADOR_0] Posición POST CH: HB: (767, 288), PosFlotante: (767.00, 288.00)
2025-05-19 16:48:51 - jugador - [DEBUG] - [JUGADOR_0] Hitbox ataque: <rect(713, 265, 54, 69)> (Dir: -1,0)
2025-05-19 16:48:51 - jugador - [DEBUG] - [JUGADOR_0] Delta flotante intentado: dx=-3.0600, dy=0.0000 (delta_time: 0.0170)
2025-05-19 16:48:51 - jugador - [DEBUG] - [JUGADOR_0] Pos flotante (pre-límites): (763.9400, 288.0000)
2025-05-19 16:48:51 - jugador - [DEBUG] - [JUGADOR_0] Pos flotante (post-límites): (763.9400, 288.0000)
2025-05-19 16:48:51 - jugador - [DEBUG] - [JUGADOR_0] Movimiento para CH: dx_int=-4, dy_int=0. HB (antes CH): (767, 288), PosFlotante: (763.9400,288.0000)
2025-05-19 16:48:51 - jugador - [DEBUG] - [JUGADOR_0] Iniciando gestión de colisión con dx=-4, dy=0. Hitbox actual: (767, 288)
2025-05-19 16:48:51 - jugador - [DEBUG] - [JUGADOR_0] Posición POST CH: HB: (769, 288), PosFlotante: (769.00, 288.00)
2025-05-19 16:48:51 - jugador - [DEBUG] - [JUGADOR_0] Hitbox ataque: <rect(715, 265, 54, 69)> (Dir: -1,0)
2025-05-19 16:48:51 - jugador - [DEBUG] - [JUGADOR_0] Delta flotante intentado: dx=-2.8800, dy=0.0000 (delta_time: 0.0160)
2025-05-19 16:48:51 - jugador - [DEBUG] - [JUGADOR_0] Pos flotante (pre-límites): (766.1200, 288.0000)
2025-05-19 16:48:51 - jugador - [DEBUG] - [JUGADOR_0] Pos flotante (post-límites): (766.1200, 288.0000)
2025-05-19 16:48:51 - jugador - [DEBUG] - [JUGADOR_0] Movimiento para CH: dx_int=-3, dy_int=0. HB (antes CH): (769, 288), PosFlotante: (766.1200,288.0000)
2025-05-19 16:48:51 - jugador - [DEBUG] - [JUGADOR_0] Iniciando gestión de colisión con dx=-3, dy=0. Hitbox actual: (769, 288)
2025-05-19 16:48:51 - jugador - [DEBUG] - [JUGADOR_0] Posición POST CH: HB: (771, 288), PosFlotante: (771.00, 288.00)
2025-05-19 16:48:51 - jugador - [DEBUG] - [JUGADOR_0] Hitbox ataque: <rect(717, 265, 54, 69)> (Dir: -1,0)
2025-05-19 16:48:51 - jugador - [DEBUG] - [JUGADOR_0] Input teclado procesado: mov_x_input_raw=-180, mov_y_input_raw=0
2025-05-19 16:48:51 - jugador - [DEBUG] - [JUGADOR_0] Pos flotante (pre-límites): (767.9400, 288.0000)
2025-05-19 16:48:51 - jugador - [DEBUG] - [JUGADOR_0] Pos flotante (post-límites): (767.9400, 288.0000)
2025-05-19 16:48:51 - jugador - [DEBUG] - [JUGADOR_0] Movimiento para CH: dx_int=-4, dy_int=0. HB (antes CH): (771, 288), PosFlotante: (767.9400,288.0000)
2025-05-19 16:48:51 - jugador - [DEBUG] - [JUGADOR_0] Iniciando gestión de colisión con dx=-4, dy=0. Hitbox actual: (771, 288)
2025-05-19 16:48:51 - jugador - [DEBUG] - [JUGADOR_0] Posición POST CH: HB: (773, 288), PosFlotante: (773.00, 288.00)
2025-05-19 16:48:51 - jugador - [DEBUG] - [JUGADOR_0] Hitbox ataque: <rect(719, 265, 54, 69)> (Dir: -1,0)
2025-05-19 16:48:51 - jugador - [DEBUG] - [JUGADOR_0] Input teclado procesado: mov_x_input_raw=0, mov_y_input_raw=0
2025-05-19 16:48:51 - jugador - [DEBUG] - [JUGADOR_0] Delta flotante intentado: dx=0.0000, dy=0.0000 (delta_time: 0.0170)
2025-05-19 16:48:51 - jugador - [DEBUG] - [JUGADOR_0] Pos flotante (pre-límites): (773.0000, 288.0000)
2025-05-19 16:48:51 - jugador - [DEBUG] - [JUGADOR_0] Pos flotante (post-límites): (773.0000, 288.0000)
2025-05-19 16:48:51 - jugador - [DEBUG] - [JUGADOR_0] Sin mov. para CH (delta_int fue 0). HB: (773, 288), PosFlotante: (773.0000, 288.0000)
2025-05-19 16:48:51 - jugador - [DEBUG] - [JUGADOR_0] Delta flotante intentado: dx=0.0000, dy=0.0000 (delta_time: 0.0160)
2025-05-19 16:48:51 - jugador - [DEBUG] - [JUGADOR_0] Input teclado procesado: mov_x_input_raw=180, mov_y_input_raw=0
2025-05-19 16:48:51 - jugador - [DEBUG] - [JUGADOR_0] Delta flotante intentado: dx=3.0600, dy=0.0000 (delta_time: 0.0170)
2025-05-19 16:48:51 - jugador - [DEBUG] - [JUGADOR_0] Pos flotante (pre-límites): (776.0600, 288.0000)
2025-05-19 16:48:51 - jugador - [DEBUG] - [JUGADOR_0] Pos flotante (post-límites): (776.0600, 288.0000)
2025-05-19 16:48:51 - jugador - [DEBUG] - [JUGADOR_0] Movimiento para CH: dx_int=4, dy_int=0. HB (antes CH): (773, 288), PosFlotante: (776.0600,288.0000)
2025-05-19 16:48:51 - jugador - [DEBUG] - [JUGADOR_0] Iniciando gestión de colisión con dx=4, dy=0. Hitbox actual: (773, 288)
2025-05-19 16:48:51 - jugador - [DEBUG] - [JUGADOR_0] Posición POST CH: HB: (781, 288), PosFlotante: (781.00, 288.00)
2025-05-19 16:48:51 - jugador - [DEBUG] - [JUGADOR_0] Hitbox ataque: <rect(805, 265, 54, 69)> (Dir: 1,0)
2025-05-19 16:48:51 - jugador - [DEBUG] - [JUGADOR_0] Delta flotante intentado: dx=2.8800, dy=0.0000 (delta_time: 0.0160)
2025-05-19 16:48:51 - jugador - [DEBUG] - [JUGADOR_0] Pos flotante (pre-límites): (783.8800, 288.0000)
2025-05-19 16:48:51 - jugador - [DEBUG] - [JUGADOR_0] Pos flotante (post-límites): (783.8800, 288.0000)
2025-05-19 16:48:51 - jugador - [DEBUG] - [JUGADOR_0] Movimiento para CH: dx_int=3, dy_int=0. HB (antes CH): (781, 288), PosFlotante: (783.8800,288.0000)
2025-05-19 16:48:51 - jugador - [DEBUG] - [JUGADOR_0] Iniciando gestión de colisión con dx=3, dy=0. Hitbox actual: (781, 288)
2025-05-19 16:48:51 - jugador - [DEBUG] - [JUGADOR_0] Posición POST CH: HB: (784, 288), PosFlotante: (784.00, 288.00)
2025-05-19 16:48:51 - jugador - [DEBUG] - [JUGADOR_0] Hitbox ataque: <rect(808, 265, 54, 69)> (Dir: 1,0)
2025-05-19 16:48:51 - jugador - [DEBUG] - [JUGADOR_0] Pos flotante (pre-límites): (786.8800, 288.0000)
2025-05-19 16:48:51 - jugador - [DEBUG] - [JUGADOR_0] Pos flotante (post-límites): (786.8800, 288.0000)
2025-05-19 16:48:51 - jugador - [DEBUG] - [JUGADOR_0] Movimiento para CH: dx_int=3, dy_int=0. HB (antes CH): (784, 288), PosFlotante: (786.8800,288.0000)
2025-05-19 16:48:51 - jugador - [DEBUG] - [JUGADOR_0] Iniciando gestión de colisión con dx=3, dy=0. Hitbox actual: (784, 288)
2025-05-19 16:48:51 - jugador - [DEBUG] - [JUGADOR_0] Posición POST CH: HB: (787, 288), PosFlotante: (787.00, 288.00)
2025-05-19 16:48:51 - jugador - [DEBUG] - [JUGADOR_0] ATAQUE FINALIZADO (Duración: 260ms). Enemigos golpeados: 1
2025-05-19 16:48:51 - jugador - [DEBUG] - [JUGADOR_0] Pos flotante (pre-límites): (790.0600, 288.0000)
2025-05-19 16:48:51 - jugador - [DEBUG] - [JUGADOR_0] Pos flotante (post-límites): (790.0600, 288.0000)
2025-05-19 16:48:51 - jugador - [DEBUG] - [JUGADOR_0] Movimiento para CH: dx_int=4, dy_int=0. HB (antes CH): (787, 288), PosFlotante: (790.0600,288.0000)
2025-05-19 16:48:51 - jugador - [DEBUG] - [JUGADOR_0] Iniciando gestión de colisión con dx=4, dy=0. Hitbox actual: (787, 288)
2025-05-19 16:48:51 - jugador - [DEBUG] - [JUGADOR_0] Posición POST CH: HB: (791, 288), PosFlotante: (791.00, 288.00)
2025-05-19 16:48:51 - jugador - [DEBUG] - [JUGADOR_0] Input teclado procesado: mov_x_input_raw=180, mov_y_input_raw=0
2025-05-19 16:48:51 - jugador - [DEBUG] - [JUGADOR_0] Pos flotante (pre-límites): (793.8800, 288.0000)
2025-05-19 16:48:51 - jugador - [DEBUG] - [JUGADOR_0] Pos flotante (post-límites): (793.8800, 288.0000)
2025-05-19 16:48:51 - jugador - [DEBUG] - [JUGADOR_0] Movimiento para CH: dx_int=3, dy_int=0. HB (antes CH): (791, 288), PosFlotante: (793.8800,288.0000)
2025-05-19 16:48:51 - jugador - [DEBUG] - [JUGADOR_0] Iniciando gestión de colisión con dx=3, dy=0. Hitbox actual: (791, 288)
2025-05-19 16:48:51 - jugador - [DEBUG] - [JUGADOR_0] Posición POST CH: HB: (794, 288), PosFlotante: (794.00, 288.00)
2025-05-19 16:48:51 - jugador - [DEBUG] - [JUGADOR_0] Delta flotante intentado: dx=3.0600, dy=0.0000 (delta_time: 0.0170)
2025-05-19 16:48:51 - jugador - [DEBUG] - [JUGADOR_0] Pos flotante (pre-límites): (797.0600, 288.0000)
2025-05-19 16:48:51 - jugador - [DEBUG] - [JUGADOR_0] Pos flotante (post-límites): (797.0600, 288.0000)
2025-05-19 16:48:51 - jugador - [DEBUG] - [JUGADOR_0] Movimiento para CH: dx_int=4, dy_int=0. HB (antes CH): (794, 288), PosFlotante: (797.0600,288.0000)
2025-05-19 16:48:51 - jugador - [DEBUG] - [JUGADOR_0] Iniciando gestión de colisión con dx=4, dy=0. Hitbox actual: (794, 288)
2025-05-19 16:48:51 - jugador - [DEBUG] - [JUGADOR_0] Posición POST CH: HB: (798, 288), PosFlotante: (798.00, 288.00)
2025-05-19 16:48:51 - jugador - [DEBUG] - [JUGADOR_0] Delta flotante intentado: dx=2.8800, dy=0.0000 (delta_time: 0.0160)
2025-05-19 16:48:51 - jugador - [DEBUG] - [JUGADOR_0] Pos flotante (pre-límites): (800.8800, 288.0000)
2025-05-19 16:48:51 - jugador - [DEBUG] - [JUGADOR_0] Pos flotante (post-límites): (800.8800, 288.0000)
2025-05-19 16:48:51 - jugador - [DEBUG] - [JUGADOR_0] Movimiento para CH: dx_int=3, dy_int=0. HB (antes CH): (798, 288), PosFlotante: (800.8800,288.0000)
2025-05-19 16:48:51 - jugador - [DEBUG] - [JUGADOR_0] Iniciando gestión de colisión con dx=3, dy=0. Hitbox actual: (798, 288)
2025-05-19 16:48:51 - jugador - [DEBUG] - [JUGADOR_0] Posición POST CH: HB: (801, 288), PosFlotante: (801.00, 288.00)
2025-05-19 16:48:51 - jugador - [DEBUG] - [JUGADOR_0] Pos flotante (pre-límites): (803.8800, 288.0000)
2025-05-19 16:48:51 - jugador - [DEBUG] - [JUGADOR_0] Pos flotante (post-límites): (803.8800, 288.0000)
2025-05-19 16:48:51 - jugador - [DEBUG] - [JUGADOR_0] Movimiento para CH: dx_int=3, dy_int=0. HB (antes CH): (801, 288), PosFlotante: (803.8800,288.0000)
2025-05-19 16:48:51 - jugador - [DEBUG] - [JUGADOR_0] Iniciando gestión de colisión con dx=3, dy=0. Hitbox actual: (801, 288)
2025-05-19 16:48:51 - jugador - [DEBUG] - [JUGADOR_0] Posición POST CH: HB: (804, 288), PosFlotante: (804.00, 288.00)
2025-05-19 16:48:51 - jugador - [DEBUG] - [JUGADOR_0] Input teclado procesado: mov_x_input_raw=180, mov_y_input_raw=0
2025-05-19 16:48:51 - jugador - [DEBUG] - [JUGADOR_0] Pos flotante (pre-límites): (807.0600, 288.0000)
2025-05-19 16:48:51 - jugador - [DEBUG] - [JUGADOR_0] Pos flotante (post-límites): (807.0600, 288.0000)
2025-05-19 16:48:51 - jugador - [DEBUG] - [JUGADOR_0] Movimiento para CH: dx_int=4, dy_int=0. HB (antes CH): (804, 288), PosFlotante: (807.0600,288.0000)
2025-05-19 16:48:51 - jugador - [DEBUG] - [JUGADOR_0] Iniciando gestión de colisión con dx=4, dy=0. Hitbox actual: (804, 288)
2025-05-19 16:48:51 - jugador - [DEBUG] - [JUGADOR_0] Posición POST CH: HB: (808, 288), PosFlotante: (808.00, 288.00)
2025-05-19 16:48:51 - jugador - [DEBUG] - [JUGADOR_0] Input teclado procesado: mov_x_input_raw=-180, mov_y_input_raw=0
2025-05-19 16:48:51 - jugador - [DEBUG] - [JUGADOR_0] Delta flotante intentado: dx=-3.2400, dy=0.0000 (delta_time: 0.0180)
2025-05-19 16:48:51 - jugador - [DEBUG] - [JUGADOR_0] Pos flotante (pre-límites): (804.7600, 288.0000)
2025-05-19 16:48:51 - jugador - [DEBUG] - [JUGADOR_0] Pos flotante (post-límites): (804.7600, 288.0000)
2025-05-19 16:48:51 - jugador - [DEBUG] - [JUGADOR_0] Movimiento para CH: dx_int=-4, dy_int=0. HB (antes CH): (808, 288), PosFlotante: (804.7600,288.0000)
2025-05-19 16:48:51 - jugador - [DEBUG] - [JUGADOR_0] Iniciando gestión de colisión con dx=-4, dy=0. Hitbox actual: (808, 288)
2025-05-19 16:48:51 - jugador - [DEBUG] - [JUGADOR_0] Delta flotante intentado: dx=-3.0600, dy=0.0000 (delta_time: 0.0170)
2025-05-19 16:48:51 - jugador - [DEBUG] - [JUGADOR_0] Pos flotante (pre-límites): (800.9400, 288.0000)
2025-05-19 16:48:51 - jugador - [DEBUG] - [JUGADOR_0] Pos flotante (post-límites): (800.9400, 288.0000)
2025-05-19 16:48:51 - jugador - [DEBUG] - [JUGADOR_0] Movimiento para CH: dx_int=-4, dy_int=0. HB (antes CH): (804, 288), PosFlotante: (800.9400,288.0000)
2025-05-19 16:48:51 - jugador - [DEBUG] - [JUGADOR_0] Iniciando gestión de colisión con dx=-4, dy=0. Hitbox actual: (804, 288)
2025-05-19 16:48:51 - jugador - [DEBUG] - [JUGADOR_0] Posición POST CH: HB: (800, 288), PosFlotante: (800.00, 288.00)
2025-05-19 16:48:51 - jugador - [DEBUG] - [JUGADOR_0] Pos flotante (pre-límites): (796.9400, 288.0000)
2025-05-19 16:48:51 - jugador - [DEBUG] - [JUGADOR_0] Pos flotante (post-límites): (796.9400, 288.0000)
2025-05-19 16:48:51 - jugador - [DEBUG] - [JUGADOR_0] Movimiento para CH: dx_int=-4, dy_int=0. HB (antes CH): (800, 288), PosFlotante: (796.9400,288.0000)
2025-05-19 16:48:51 - jugador - [DEBUG] - [JUGADOR_0] Iniciando gestión de colisión con dx=-4, dy=0. Hitbox actual: (800, 288)
2025-05-19 16:48:51 - jugador - [DEBUG] - [JUGADOR_0] Posición POST CH: HB: (799, 288), PosFlotante: (799.00, 288.00)
2025-05-19 16:48:51 - jugador - [DEBUG] - [JUGADOR_0] Input teclado procesado: mov_x_input_raw=-180, mov_y_input_raw=0
2025-05-19 16:48:51 - jugador - [DEBUG] - [JUGADOR_0] Pos flotante (pre-límites): (795.9400, 288.0000)
2025-05-19 16:48:51 - jugador - [DEBUG] - [JUGADOR_0] Pos flotante (post-límites): (795.9400, 288.0000)
2025-05-19 16:48:51 - jugador - [DEBUG] - [JUGADOR_0] Movimiento para CH: dx_int=-4, dy_int=0. HB (antes CH): (799, 288), PosFlotante: (795.9400,288.0000)
2025-05-19 16:48:51 - jugador - [DEBUG] - [JUGADOR_0] Iniciando gestión de colisión con dx=-4, dy=0. Hitbox actual: (799, 288)
2025-05-19 16:48:51 - jugador - [DEBUG] - [JUGADOR_0] Posición POST CH: HB: (801, 288), PosFlotante: (801.00, 288.00)
2025-05-19 16:48:51 - jugador - [DEBUG] - [JUGADOR_0] Delta flotante intentado: dx=-2.8800, dy=0.0000 (delta_time: 0.0160)
2025-05-19 16:48:51 - jugador - [DEBUG] - [JUGADOR_0] Pos flotante (pre-límites): (798.1200, 288.0000)
2025-05-19 16:48:51 - jugador - [DEBUG] - [JUGADOR_0] Pos flotante (post-límites): (798.1200, 288.0000)
2025-05-19 16:48:51 - jugador - [DEBUG] - [JUGADOR_0] Movimiento para CH: dx_int=-3, dy_int=0. HB (antes CH): (801, 288), PosFlotante: (798.1200,288.0000)
2025-05-19 16:48:51 - jugador - [DEBUG] - [JUGADOR_0] Iniciando gestión de colisión con dx=-3, dy=0. Hitbox actual: (801, 288)
2025-05-19 16:48:51 - jugador - [DEBUG] - [JUGADOR_0] Posición POST CH: HB: (803, 288), PosFlotante: (803.00, 288.00)
2025-05-19 16:48:51 - jugador - [DEBUG] - [JUGADOR_0] Pos flotante (pre-límites): (800.1200, 288.0000)
2025-05-19 16:48:51 - jugador - [DEBUG] - [JUGADOR_0] Pos flotante (post-límites): (800.1200, 288.0000)
2025-05-19 16:48:51 - jugador - [DEBUG] - [JUGADOR_0] Movimiento para CH: dx_int=-3, dy_int=0. HB (antes CH): (803, 288), PosFlotante: (800.1200,288.0000)
2025-05-19 16:48:51 - jugador - [DEBUG] - [JUGADOR_0] Iniciando gestión de colisión con dx=-3, dy=0. Hitbox actual: (803, 288)
2025-05-19 16:48:51 - jugador - [DEBUG] - [JUGADOR_0] Posición POST CH: HB: (805, 288), PosFlotante: (805.00, 288.00)
2025-05-19 16:48:51 - jugador - [DEBUG] - [JUGADOR_0] Pos flotante (pre-límites): (802.1200, 288.0000)
2025-05-19 16:48:51 - jugador - [DEBUG] - [JUGADOR_0] Pos flotante (post-límites): (802.1200, 288.0000)
2025-05-19 16:48:51 - jugador - [DEBUG] - [JUGADOR_0] Movimiento para CH: dx_int=-3, dy_int=0. HB (antes CH): (805, 288), PosFlotante: (802.1200,288.0000)
2025-05-19 16:48:51 - jugador - [DEBUG] - [JUGADOR_0] Iniciando gestión de colisión con dx=-3, dy=0. Hitbox actual: (805, 288)
2025-05-19 16:48:51 - jugador - [DEBUG] - [JUGADOR_0] Posición POST CH: HB: (807, 288), PosFlotante: (807.00, 288.00)
2025-05-19 16:48:51 - jugador - [DEBUG] - [JUGADOR_0] Input teclado procesado: mov_x_input_raw=-180, mov_y_input_raw=0
2025-05-19 16:48:51 - jugador - [DEBUG] - [JUGADOR_0] Pos flotante (pre-límites): (804.1200, 288.0000)
2025-05-19 16:48:51 - jugador - [DEBUG] - [JUGADOR_0] Pos flotante (post-límites): (804.1200, 288.0000)
2025-05-19 16:48:51 - jugador - [DEBUG] - [JUGADOR_0] Movimiento para CH: dx_int=-3, dy_int=0. HB (antes CH): (807, 288), PosFlotante: (804.1200,288.0000)
2025-05-19 16:48:51 - jugador - [DEBUG] - [JUGADOR_0] Iniciando gestión de colisión con dx=-3, dy=0. Hitbox actual: (807, 288)
2025-05-19 16:48:51 - jugador - [DEBUG] - [JUGADOR_0] Posición POST CH: HB: (809, 288), PosFlotante: (809.00, 288.00)
2025-05-19 16:48:51 - jugador - [DEBUG] - [JUGADOR_0] Delta flotante intentado: dx=-2.8800, dy=0.0000 (delta_time: 0.0160)
2025-05-19 16:48:51 - jugador - [DEBUG] - [JUGADOR_0] Pos flotante (pre-límites): (806.1200, 288.0000)
2025-05-19 16:48:51 - jugador - [DEBUG] - [JUGADOR_0] Pos flotante (post-límites): (806.1200, 288.0000)
2025-05-19 16:48:51 - jugador - [DEBUG] - [JUGADOR_0] Movimiento para CH: dx_int=-3, dy_int=0. HB (antes CH): (809, 288), PosFlotante: (806.1200,288.0000)
2025-05-19 16:48:51 - jugador - [DEBUG] - [JUGADOR_0] Iniciando gestión de colisión con dx=-3, dy=0. Hitbox actual: (809, 288)
2025-05-19 16:48:51 - jugador - [DEBUG] - [JUGADOR_0] Posición POST CH: HB: (811, 288), PosFlotante: (811.00, 288.00)
2025-05-19 16:48:51 - jugador - [DEBUG] - [JUGADOR_0] Pos flotante (pre-límites): (808.1200, 288.0000)
2025-05-19 16:48:51 - jugador - [DEBUG] - [JUGADOR_0] Pos flotante (post-límites): (808.1200, 288.0000)
2025-05-19 16:48:51 - jugador - [DEBUG] - [JUGADOR_0] Movimiento para CH: dx_int=-3, dy_int=0. HB (antes CH): (811, 288), PosFlotante: (808.1200,288.0000)
2025-05-19 16:48:51 - jugador - [DEBUG] - [JUGADOR_0] Iniciando gestión de colisión con dx=-3, dy=0. Hitbox actual: (811, 288)
2025-05-19 16:48:51 - jugador - [DEBUG] - [JUGADOR_0] Posición POST CH: HB: (813, 288), PosFlotante: (813.00, 288.00)
2025-05-19 16:48:51 - jugador - [DEBUG] - [JUGADOR_0] Input teclado procesado: mov_x_input_raw=180, mov_y_input_raw=0
2025-05-19 16:48:51 - jugador - [DEBUG] - [JUGADOR_0] Delta flotante intentado: dx=2.8800, dy=0.0000 (delta_time: 0.0160)
2025-05-19 16:48:51 - jugador - [DEBUG] - [JUGADOR_0] Pos flotante (pre-límites): (815.8800, 288.0000)
2025-05-19 16:48:51 - jugador - [DEBUG] - [JUGADOR_0] Pos flotante (post-límites): (815.8800, 288.0000)
2025-05-19 16:48:51 - jugador - [DEBUG] - [JUGADOR_0] Movimiento para CH: dx_int=3, dy_int=0. HB (antes CH): (813, 288), PosFlotante: (815.8800,288.0000)
2025-05-19 16:48:51 - jugador - [DEBUG] - [JUGADOR_0] Iniciando gestión de colisión con dx=3, dy=0. Hitbox actual: (813, 288)
2025-05-19 16:48:51 - jugador - [DEBUG] - [JUGADOR_0] Posición POST CH: HB: (818, 288), PosFlotante: (818.00, 288.00)
2025-05-19 16:48:51 - jugador - [DEBUG] - [JUGADOR_0] Delta flotante intentado: dx=3.0600, dy=0.0000 (delta_time: 0.0170)
2025-05-19 16:48:51 - jugador - [DEBUG] - [JUGADOR_0] Pos flotante (pre-límites): (821.0600, 288.0000)
2025-05-19 16:48:51 - jugador - [DEBUG] - [JUGADOR_0] Pos flotante (post-límites): (821.0600, 288.0000)
2025-05-19 16:48:51 - jugador - [DEBUG] - [JUGADOR_0] Movimiento para CH: dx_int=4, dy_int=0. HB (antes CH): (818, 288), PosFlotante: (821.0600,288.0000)
2025-05-19 16:48:51 - jugador - [DEBUG] - [JUGADOR_0] Iniciando gestión de colisión con dx=4, dy=0. Hitbox actual: (818, 288)
2025-05-19 16:48:51 - jugador - [DEBUG] - [JUGADOR_0] Posición POST CH: HB: (822, 288), PosFlotante: (822.00, 288.00)
2025-05-19 16:48:51 - jugador - [DEBUG] - [JUGADOR_0] Pos flotante (pre-límites): (825.0600, 288.0000)
2025-05-19 16:48:51 - jugador - [DEBUG] - [JUGADOR_0] Pos flotante (post-límites): (825.0600, 288.0000)
2025-05-19 16:48:51 - jugador - [DEBUG] - [JUGADOR_0] Movimiento para CH: dx_int=4, dy_int=0. HB (antes CH): (822, 288), PosFlotante: (825.0600,288.0000)
2025-05-19 16:48:51 - jugador - [DEBUG] - [JUGADOR_0] Iniciando gestión de colisión con dx=4, dy=0. Hitbox actual: (822, 288)
2025-05-19 16:48:51 - jugador - [DEBUG] - [JUGADOR_0] Posición POST CH: HB: (826, 288), PosFlotante: (826.00, 288.00)
2025-05-19 16:48:51 - jugador - [DEBUG] - [JUGADOR_0] Input teclado procesado: mov_x_input_raw=180, mov_y_input_raw=0
2025-05-19 16:48:51 - jugador - [DEBUG] - [JUGADOR_0] Pos flotante (pre-límites): (829.0600, 288.0000)
2025-05-19 16:48:51 - jugador - [DEBUG] - [JUGADOR_0] Pos flotante (post-límites): (829.0600, 288.0000)
2025-05-19 16:48:51 - jugador - [DEBUG] - [JUGADOR_0] Movimiento para CH: dx_int=4, dy_int=0. HB (antes CH): (826, 288), PosFlotante: (829.0600,288.0000)
2025-05-19 16:48:51 - jugador - [DEBUG] - [JUGADOR_0] Iniciando gestión de colisión con dx=4, dy=0. Hitbox actual: (826, 288)
2025-05-19 16:48:51 - jugador - [DEBUG] - [JUGADOR_0] Posición POST CH: HB: (830, 288), PosFlotante: (830.00, 288.00)
2025-05-19 16:48:51 - jugador - [DEBUG] - [JUGADOR_0] Delta flotante intentado: dx=3.0600, dy=0.0000 (delta_time: 0.0170)
2025-05-19 16:48:51 - jugador - [DEBUG] - [JUGADOR_0] Pos flotante (pre-límites): (833.0600, 288.0000)
2025-05-19 16:48:51 - jugador - [DEBUG] - [JUGADOR_0] Pos flotante (post-límites): (833.0600, 288.0000)
2025-05-19 16:48:51 - jugador - [DEBUG] - [JUGADOR_0] Movimiento para CH: dx_int=4, dy_int=0. HB (antes CH): (830, 288), PosFlotante: (833.0600,288.0000)
2025-05-19 16:48:51 - jugador - [DEBUG] - [JUGADOR_0] Iniciando gestión de colisión con dx=4, dy=0. Hitbox actual: (830, 288)
2025-05-19 16:48:51 - jugador - [DEBUG] - [JUGADOR_0] Posición POST CH: HB: (834, 288), PosFlotante: (834.00, 288.00)
2025-05-19 16:48:51 - jugador - [DEBUG] - [JUGADOR_0] Pos flotante (pre-límites): (837.0600, 288.0000)
2025-05-19 16:48:51 - jugador - [DEBUG] - [JUGADOR_0] Pos flotante (post-límites): (837.0600, 288.0000)
2025-05-19 16:48:51 - jugador - [DEBUG] - [JUGADOR_0] Movimiento para CH: dx_int=4, dy_int=0. HB (antes CH): (834, 288), PosFlotante: (837.0600,288.0000)
2025-05-19 16:48:51 - jugador - [DEBUG] - [JUGADOR_0] Iniciando gestión de colisión con dx=4, dy=0. Hitbox actual: (834, 288)
2025-05-19 16:48:51 - jugador - [DEBUG] - [JUGADOR_0] Posición POST CH: HB: (838, 288), PosFlotante: (838.00, 288.00)
2025-05-19 16:48:51 - jugador - [DEBUG] - [JUGADOR_0] Delta flotante intentado: dx=2.8800, dy=0.0000 (delta_time: 0.0160)
2025-05-19 16:48:51 - jugador - [DEBUG] - [JUGADOR_0] Pos flotante (pre-límites): (840.8800, 288.0000)
2025-05-19 16:48:51 - jugador - [DEBUG] - [JUGADOR_0] Pos flotante (post-límites): (840.8800, 288.0000)
2025-05-19 16:48:51 - jugador - [DEBUG] - [JUGADOR_0] Movimiento para CH: dx_int=3, dy_int=0. HB (antes CH): (838, 288), PosFlotante: (840.8800,288.0000)
2025-05-19 16:48:51 - jugador - [DEBUG] - [JUGADOR_0] Iniciando gestión de colisión con dx=3, dy=0. Hitbox actual: (838, 288)
2025-05-19 16:48:51 - jugador - [DEBUG] - [JUGADOR_0] Posición POST CH: HB: (841, 288), PosFlotante: (841.00, 288.00)
2025-05-19 16:48:51 - jugador - [DEBUG] - [JUGADOR_0] Input teclado procesado: mov_x_input_raw=180, mov_y_input_raw=0
2025-05-19 16:48:51 - jugador - [DEBUG] - [JUGADOR_0] Delta flotante intentado: dx=3.0600, dy=0.0000 (delta_time: 0.0170)
2025-05-19 16:48:51 - jugador - [DEBUG] - [JUGADOR_0] Pos flotante (pre-límites): (844.0600, 288.0000)
2025-05-19 16:48:51 - jugador - [DEBUG] - [JUGADOR_0] Pos flotante (post-límites): (844.0600, 288.0000)
2025-05-19 16:48:51 - jugador - [DEBUG] - [JUGADOR_0] Movimiento para CH: dx_int=4, dy_int=0. HB (antes CH): (841, 288), PosFlotante: (844.0600,288.0000)
2025-05-19 16:48:51 - jugador - [DEBUG] - [JUGADOR_0] Iniciando gestión de colisión con dx=4, dy=0. Hitbox actual: (841, 288)
2025-05-19 16:48:51 - jugador - [DEBUG] - [JUGADOR_0] Posición POST CH: HB: (845, 288), PosFlotante: (845.00, 288.00)
2025-05-19 16:48:51 - jugador - [DEBUG] - [JUGADOR_0] Intento de ataque en cooldown (700.0ms). Tiempo desde último: 680ms
2025-05-19 16:48:51 - jugador - [DEBUG] - [JUGADOR_0] Pos flotante (pre-límites): (847.8800, 288.0000)
2025-05-19 16:48:51 - jugador - [DEBUG] - [JUGADOR_0] Pos flotante (post-límites): (847.8800, 288.0000)
2025-05-19 16:48:51 - jugador - [DEBUG] - [JUGADOR_0] Movimiento para CH: dx_int=3, dy_int=0. HB (antes CH): (845, 288), PosFlotante: (847.8800,288.0000)
2025-05-19 16:48:51 - jugador - [DEBUG] - [JUGADOR_0] Iniciando gestión de colisión con dx=3, dy=0. Hitbox actual: (845, 288)
2025-05-19 16:48:51 - jugador - [DEBUG] - [JUGADOR_0] Posición POST CH: HB: (848, 288), PosFlotante: (848.00, 288.00)
2025-05-19 16:48:51 - jugador - [DEBUG] - [JUGADOR_0] Pos flotante (pre-límites): (850.8800, 288.0000)
2025-05-19 16:48:51 - jugador - [DEBUG] - [JUGADOR_0] Pos flotante (post-límites): (850.8800, 288.0000)
2025-05-19 16:48:51 - jugador - [DEBUG] - [JUGADOR_0] Movimiento para CH: dx_int=3, dy_int=0. HB (antes CH): (848, 288), PosFlotante: (850.8800,288.0000)
2025-05-19 16:48:51 - jugador - [DEBUG] - [JUGADOR_0] Iniciando gestión de colisión con dx=3, dy=0. Hitbox actual: (848, 288)
2025-05-19 16:48:51 - jugador - [DEBUG] - [JUGADOR_0] Posición POST CH: HB: (851, 288), PosFlotante: (851.00, 288.00)
2025-05-19 16:48:51 - jugador - [DEBUG] - [JUGADOR_0] Delta flotante intentado: dx=2.8800, dy=0.0000 (delta_time: 0.0160)
2025-05-19 16:48:51 - jugador - [DEBUG] - [JUGADOR_0] Pos flotante (pre-límites): (853.8800, 288.0000)
2025-05-19 16:48:51 - jugador - [DEBUG] - [JUGADOR_0] Pos flotante (post-límites): (853.8800, 288.0000)
2025-05-19 16:48:51 - jugador - [DEBUG] - [JUGADOR_0] Movimiento para CH: dx_int=3, dy_int=0. HB (antes CH): (851, 288), PosFlotante: (853.8800,288.0000)
2025-05-19 16:48:51 - jugador - [DEBUG] - [JUGADOR_0] Iniciando gestión de colisión con dx=3, dy=0. Hitbox actual: (851, 288)
2025-05-19 16:48:51 - jugador - [DEBUG] - [JUGADOR_0] Posición POST CH: HB: (854, 288), PosFlotante: (854.00, 288.00)
2025-05-19 16:48:51 - jugador - [DEBUG] - [JUGADOR_0] Input teclado procesado: mov_x_input_raw=-180, mov_y_input_raw=0
2025-05-19 16:48:51 - jugador - [DEBUG] - [JUGADOR_0] Delta flotante intentado: dx=-3.0600, dy=0.0000 (delta_time: 0.0170)
2025-05-19 16:48:51 - jugador - [DEBUG] - [JUGADOR_0] Pos flotante (pre-límites): (850.9400, 288.0000)
2025-05-19 16:48:51 - jugador - [DEBUG] - [JUGADOR_0] Pos flotante (post-límites): (850.9400, 288.0000)
2025-05-19 16:48:51 - jugador - [DEBUG] - [JUGADOR_0] Movimiento para CH: dx_int=-4, dy_int=0. HB (antes CH): (854, 288), PosFlotante: (850.9400,288.0000)
2025-05-19 16:48:51 - jugador - [DEBUG] - [JUGADOR_0] Iniciando gestión de colisión con dx=-4, dy=0. Hitbox actual: (854, 288)
2025-05-19 16:48:51 - jugador - [DEBUG] - [JUGADOR_0] Posición POST CH: HB: (850, 288), PosFlotante: (850.00, 288.00)
2025-05-19 16:48:51 - jugador - [DEBUG] - [JUGADOR_0] Delta flotante intentado: dx=-2.8800, dy=0.0000 (delta_time: 0.0160)
2025-05-19 16:48:51 - jugador - [DEBUG] - [JUGADOR_0] Pos flotante (pre-límites): (847.1200, 288.0000)
2025-05-19 16:48:51 - jugador - [DEBUG] - [JUGADOR_0] Pos flotante (post-límites): (847.1200, 288.0000)
2025-05-19 16:48:51 - jugador - [DEBUG] - [JUGADOR_0] Movimiento para CH: dx_int=-3, dy_int=0. HB (antes CH): (850, 288), PosFlotante: (847.1200,288.0000)
2025-05-19 16:48:51 - jugador - [DEBUG] - [JUGADOR_0] Iniciando gestión de colisión con dx=-3, dy=0. Hitbox actual: (850, 288)
2025-05-19 16:48:51 - jugador - [DEBUG] - [JUGADOR_0] Posición POST CH: HB: (847, 288), PosFlotante: (847.00, 288.00)
2025-05-19 16:48:51 - jugador - [DEBUG] - [JUGADOR_0] Pos flotante (pre-límites): (844.1200, 288.0000)
2025-05-19 16:48:51 - jugador - [DEBUG] - [JUGADOR_0] Pos flotante (post-límites): (844.1200, 288.0000)
2025-05-19 16:48:51 - jugador - [DEBUG] - [JUGADOR_0] Movimiento para CH: dx_int=-3, dy_int=0. HB (antes CH): (847, 288), PosFlotante: (844.1200,288.0000)
2025-05-19 16:48:51 - jugador - [DEBUG] - [JUGADOR_0] Iniciando gestión de colisión con dx=-3, dy=0. Hitbox actual: (847, 288)
2025-05-19 16:48:51 - jugador - [DEBUG] - [JUGADOR_0] Posición POST CH: HB: (844, 288), PosFlotante: (844.00, 288.00)
2025-05-19 16:48:52 - jugador - [DEBUG] - [JUGADOR_0] Pos flotante (pre-límites): (841.1200, 288.0000)
2025-05-19 16:48:52 - jugador - [DEBUG] - [JUGADOR_0] Pos flotante (post-límites): (841.1200, 288.0000)
2025-05-19 16:48:52 - jugador - [DEBUG] - [JUGADOR_0] Movimiento para CH: dx_int=-3, dy_int=0. HB (antes CH): (844, 288), PosFlotante: (841.1200,288.0000)
2025-05-19 16:48:52 - jugador - [DEBUG] - [JUGADOR_0] Iniciando gestión de colisión con dx=-3, dy=0. Hitbox actual: (844, 288)
2025-05-19 16:48:52 - jugador - [DEBUG] - [JUGADOR_0] Posición POST CH: HB: (843, 288), PosFlotante: (843.00, 288.00)
2025-05-19 16:48:52 - jugador - [DEBUG] - [JUGADOR_0] Input teclado procesado: mov_x_input_raw=-180, mov_y_input_raw=0
2025-05-19 16:48:52 - jugador - [DEBUG] - [JUGADOR_0] Pos flotante (pre-límites): (840.1200, 288.0000)
2025-05-19 16:48:52 - jugador - [DEBUG] - [JUGADOR_0] Pos flotante (post-límites): (840.1200, 288.0000)
2025-05-19 16:48:52 - jugador - [DEBUG] - [JUGADOR_0] Movimiento para CH: dx_int=-3, dy_int=0. HB (antes CH): (843, 288), PosFlotante: (840.1200,288.0000)
2025-05-19 16:48:52 - jugador - [DEBUG] - [JUGADOR_0] Iniciando gestión de colisión con dx=-3, dy=0. Hitbox actual: (843, 288)
2025-05-19 16:48:52 - jugador - [DEBUG] - [JUGADOR_0] Posición POST CH: HB: (845, 288), PosFlotante: (845.00, 288.00)
2025-05-19 16:48:52 - jugador - [DEBUG] - [JUGADOR_0] Delta flotante intentado: dx=-2.8800, dy=0.0000 (delta_time: 0.0160)
2025-05-19 16:48:52 - jugador - [DEBUG] - [JUGADOR_0] Pos flotante (pre-límites): (842.1200, 288.0000)
2025-05-19 16:48:52 - jugador - [DEBUG] - [JUGADOR_0] Pos flotante (post-límites): (842.1200, 288.0000)
2025-05-19 16:48:52 - jugador - [DEBUG] - [JUGADOR_0] Movimiento para CH: dx_int=-3, dy_int=0. HB (antes CH): (845, 288), PosFlotante: (842.1200,288.0000)
2025-05-19 16:48:52 - jugador - [DEBUG] - [JUGADOR_0] Iniciando gestión de colisión con dx=-3, dy=0. Hitbox actual: (845, 288)
2025-05-19 16:48:52 - jugador - [DEBUG] - [JUGADOR_0] Posición POST CH: HB: (847, 288), PosFlotante: (847.00, 288.00)
2025-05-19 16:48:52 - jugador - [DEBUG] - [JUGADOR_0] Delta flotante intentado: dx=-3.0600, dy=0.0000 (delta_time: 0.0170)
2025-05-19 16:48:52 - jugador - [DEBUG] - [JUGADOR_0] Pos flotante (pre-límites): (843.9400, 288.0000)
2025-05-19 16:48:52 - jugador - [DEBUG] - [JUGADOR_0] Pos flotante (post-límites): (843.9400, 288.0000)
2025-05-19 16:48:52 - jugador - [DEBUG] - [JUGADOR_0] Movimiento para CH: dx_int=-4, dy_int=0. HB (antes CH): (847, 288), PosFlotante: (843.9400,288.0000)
2025-05-19 16:48:52 - jugador - [DEBUG] - [JUGADOR_0] Iniciando gestión de colisión con dx=-4, dy=0. Hitbox actual: (847, 288)
2025-05-19 16:48:52 - jugador - [DEBUG] - [JUGADOR_0] Posición POST CH: HB: (849, 288), PosFlotante: (849.00, 288.00)
2025-05-19 16:48:52 - jugador - [DEBUG] - [JUGADOR_0] Pos flotante (pre-límites): (845.9400, 288.0000)
2025-05-19 16:48:52 - jugador - [DEBUG] - [JUGADOR_0] Pos flotante (post-límites): (845.9400, 288.0000)
2025-05-19 16:48:52 - jugador - [DEBUG] - [JUGADOR_0] Movimiento para CH: dx_int=-4, dy_int=0. HB (antes CH): (849, 288), PosFlotante: (845.9400,288.0000)
2025-05-19 16:48:52 - jugador - [DEBUG] - [JUGADOR_0] Iniciando gestión de colisión con dx=-4, dy=0. Hitbox actual: (849, 288)
2025-05-19 16:48:52 - jugador - [DEBUG] - [JUGADOR_0] Posición POST CH: HB: (851, 288), PosFlotante: (851.00, 288.00)
2025-05-19 16:48:52 - jugador - [DEBUG] - [JUGADOR_0] Input teclado procesado: mov_x_input_raw=-180, mov_y_input_raw=0
2025-05-19 16:48:52 - jugador - [DEBUG] - [JUGADOR_0] Pos flotante (pre-límites): (847.9400, 288.0000)
2025-05-19 16:48:52 - jugador - [DEBUG] - [JUGADOR_0] Pos flotante (post-límites): (847.9400, 288.0000)
2025-05-19 16:48:52 - jugador - [DEBUG] - [JUGADOR_0] Movimiento para CH: dx_int=-4, dy_int=0. HB (antes CH): (851, 288), PosFlotante: (847.9400,288.0000)
2025-05-19 16:48:52 - jugador - [DEBUG] - [JUGADOR_0] Iniciando gestión de colisión con dx=-4, dy=0. Hitbox actual: (851, 288)
2025-05-19 16:48:52 - jugador - [DEBUG] - [JUGADOR_0] Posición POST CH: HB: (853, 288), PosFlotante: (853.00, 288.00)
2025-05-19 16:48:52 - jugador - [DEBUG] - [JUGADOR_0] Delta flotante intentado: dx=-2.8800, dy=0.0000 (delta_time: 0.0160)
2025-05-19 16:48:52 - jugador - [DEBUG] - [JUGADOR_0] Pos flotante (pre-límites): (850.1200, 288.0000)
2025-05-19 16:48:52 - jugador - [DEBUG] - [JUGADOR_0] Pos flotante (post-límites): (850.1200, 288.0000)
2025-05-19 16:48:52 - jugador - [DEBUG] - [JUGADOR_0] Movimiento para CH: dx_int=-3, dy_int=0. HB (antes CH): (853, 288), PosFlotante: (850.1200,288.0000)
2025-05-19 16:48:52 - jugador - [DEBUG] - [JUGADOR_0] Iniciando gestión de colisión con dx=-3, dy=0. Hitbox actual: (853, 288)
2025-05-19 16:48:52 - jugador - [DEBUG] - [JUGADOR_0] Posición POST CH: HB: (855, 288), PosFlotante: (855.00, 288.00)
2025-05-19 16:48:52 - jugador - [DEBUG] - [JUGADOR_0] Delta flotante intentado: dx=-3.0600, dy=0.0000 (delta_time: 0.0170)
2025-05-19 16:48:52 - jugador - [DEBUG] - [JUGADOR_0] Pos flotante (pre-límites): (851.9400, 288.0000)
2025-05-19 16:48:52 - jugador - [DEBUG] - [JUGADOR_0] Pos flotante (post-límites): (851.9400, 288.0000)
2025-05-19 16:48:52 - jugador - [DEBUG] - [JUGADOR_0] Movimiento para CH: dx_int=-4, dy_int=0. HB (antes CH): (855, 288), PosFlotante: (851.9400,288.0000)
2025-05-19 16:48:52 - jugador - [DEBUG] - [JUGADOR_0] Iniciando gestión de colisión con dx=-4, dy=0. Hitbox actual: (855, 288)
2025-05-19 16:48:52 - jugador - [DEBUG] - [JUGADOR_0] Posición POST CH: HB: (857, 288), PosFlotante: (857.00, 288.00)
2025-05-19 16:48:52 - jugador - [DEBUG] - [JUGADOR_0] Pos flotante (pre-límites): (853.9400, 288.0000)
2025-05-19 16:48:52 - jugador - [DEBUG] - [JUGADOR_0] Pos flotante (post-límites): (853.9400, 288.0000)
2025-05-19 16:48:52 - jugador - [DEBUG] - [JUGADOR_0] Movimiento para CH: dx_int=-4, dy_int=0. HB (antes CH): (857, 288), PosFlotante: (853.9400,288.0000)
2025-05-19 16:48:52 - jugador - [DEBUG] - [JUGADOR_0] Iniciando gestión de colisión con dx=-4, dy=0. Hitbox actual: (857, 288)
2025-05-19 16:48:52 - jugador - [DEBUG] - [JUGADOR_0] Posición POST CH: HB: (859, 288), PosFlotante: (859.00, 288.00)
2025-05-19 16:48:52 - jugador - [DEBUG] - [JUGADOR_0] Input teclado procesado: mov_x_input_raw=-180, mov_y_input_raw=0
2025-05-19 16:48:52 - jugador - [DEBUG] - [JUGADOR_0] Delta flotante intentado: dx=-2.8800, dy=0.0000 (delta_time: 0.0160)
2025-05-19 16:48:52 - jugador - [DEBUG] - [JUGADOR_0] Pos flotante (pre-límites): (856.1200, 288.0000)
2025-05-19 16:48:52 - jugador - [DEBUG] - [JUGADOR_0] Pos flotante (post-límites): (856.1200, 288.0000)
2025-05-19 16:48:52 - jugador - [DEBUG] - [JUGADOR_0] Movimiento para CH: dx_int=-3, dy_int=0. HB (antes CH): (859, 288), PosFlotante: (856.1200,288.0000)
2025-05-19 16:48:52 - jugador - [DEBUG] - [JUGADOR_0] Iniciando gestión de colisión con dx=-3, dy=0. Hitbox actual: (859, 288)
2025-05-19 16:48:52 - jugador - [DEBUG] - [JUGADOR_0] Posición POST CH: HB: (861, 288), PosFlotante: (861.00, 288.00)
2025-05-19 16:48:52 - jugador - [DEBUG] - [JUGADOR_0] Pos flotante (pre-límites): (858.1200, 288.0000)
2025-05-19 16:48:52 - jugador - [DEBUG] - [JUGADOR_0] Pos flotante (post-límites): (858.1200, 288.0000)
2025-05-19 16:48:52 - jugador - [DEBUG] - [JUGADOR_0] Movimiento para CH: dx_int=-3, dy_int=0. HB (antes CH): (861, 288), PosFlotante: (858.1200,288.0000)
2025-05-19 16:48:52 - jugador - [DEBUG] - [JUGADOR_0] Iniciando gestión de colisión con dx=-3, dy=0. Hitbox actual: (861, 288)
2025-05-19 16:48:52 - jugador - [DEBUG] - [JUGADOR_0] Posición POST CH: HB: (863, 288), PosFlotante: (863.00, 288.00)
2025-05-19 16:48:52 - jugador - [DEBUG] - [JUGADOR_0] Pos flotante (pre-límites): (860.1200, 288.0000)
2025-05-19 16:48:52 - jugador - [DEBUG] - [JUGADOR_0] Pos flotante (post-límites): (860.1200, 288.0000)
2025-05-19 16:48:52 - jugador - [DEBUG] - [JUGADOR_0] Movimiento para CH: dx_int=-3, dy_int=0. HB (antes CH): (863, 288), PosFlotante: (860.1200,288.0000)
2025-05-19 16:48:52 - jugador - [DEBUG] - [JUGADOR_0] Iniciando gestión de colisión con dx=-3, dy=0. Hitbox actual: (863, 288)
2025-05-19 16:48:52 - jugador - [DEBUG] - [JUGADOR_0] Posición POST CH: HB: (865, 288), PosFlotante: (865.00, 288.00)
2025-05-19 16:48:52 - jugador - [INFO] - [JUGADOR_0] ATAQUE INICIADO (Cooldown: 700.0ms). Perfil: 'espada_predeterminada'
2025-05-19 16:48:52 - jugador - [DEBUG] - [JUGADOR_0] Pos flotante (pre-límites): (862.1200, 288.0000)
2025-05-19 16:48:52 - jugador - [DEBUG] - [JUGADOR_0] Pos flotante (post-límites): (862.1200, 288.0000)
2025-05-19 16:48:52 - jugador - [DEBUG] - [JUGADOR_0] Movimiento para CH: dx_int=-3, dy_int=0. HB (antes CH): (865, 288), PosFlotante: (862.1200,288.0000)
2025-05-19 16:48:52 - jugador - [DEBUG] - [JUGADOR_0] Iniciando gestión de colisión con dx=-3, dy=0. Hitbox actual: (865, 288)
2025-05-19 16:48:52 - jugador - [DEBUG] - [JUGADOR_0] Posición POST CH: HB: (867, 288), PosFlotante: (867.00, 288.00)
2025-05-19 16:48:52 - jugador - [DEBUG] - [JUGADOR_0] Hitbox ataque: <rect(813, 265, 54, 69)> (Dir: -1,0)
2025-05-19 16:48:52 - jugador - [INFO] - [JUGADOR_0] Golpeó a [Enemigo_1] con 5 de daño.
2025-05-19 16:48:52 - jugador - [DEBUG] - [JUGADOR_0] Input teclado procesado: mov_x_input_raw=-180, mov_y_input_raw=0
2025-05-19 16:48:52 - jugador - [DEBUG] - [JUGADOR_0] Delta flotante intentado: dx=-2.8800, dy=0.0000 (delta_time: 0.0160)
2025-05-19 16:48:52 - jugador - [DEBUG] - [JUGADOR_0] Pos flotante (pre-límites): (864.1200, 288.0000)
2025-05-19 16:48:52 - jugador - [DEBUG] - [JUGADOR_0] Pos flotante (post-límites): (864.1200, 288.0000)
2025-05-19 16:48:52 - jugador - [DEBUG] - [JUGADOR_0] Movimiento para CH: dx_int=-3, dy_int=0. HB (antes CH): (867, 288), PosFlotante: (864.1200,288.0000)
2025-05-19 16:48:52 - jugador - [DEBUG] - [JUGADOR_0] Iniciando gestión de colisión con dx=-3, dy=0. Hitbox actual: (867, 288)
2025-05-19 16:48:52 - jugador - [DEBUG] - [JUGADOR_0] Posición POST CH: HB: (869, 288), PosFlotante: (869.00, 288.00)
2025-05-19 16:48:52 - jugador - [DEBUG] - [JUGADOR_0] Hitbox ataque: <rect(815, 265, 54, 69)> (Dir: -1,0)
2025-05-19 16:48:52 - jugador - [DEBUG] - [JUGADOR_0] Delta flotante intentado: dx=-3.0600, dy=0.0000 (delta_time: 0.0170)
2025-05-19 16:48:52 - jugador - [DEBUG] - [JUGADOR_0] Pos flotante (pre-límites): (865.9400, 288.0000)
2025-05-19 16:48:52 - jugador - [DEBUG] - [JUGADOR_0] Pos flotante (post-límites): (865.9400, 288.0000)
2025-05-19 16:48:52 - jugador - [DEBUG] - [JUGADOR_0] Movimiento para CH: dx_int=-4, dy_int=0. HB (antes CH): (869, 288), PosFlotante: (865.9400,288.0000)
2025-05-19 16:48:52 - jugador - [DEBUG] - [JUGADOR_0] Iniciando gestión de colisión con dx=-4, dy=0. Hitbox actual: (869, 288)
2025-05-19 16:48:52 - jugador - [DEBUG] - [JUGADOR_0] Posición POST CH: HB: (871, 288), PosFlotante: (871.00, 288.00)
2025-05-19 16:48:52 - jugador - [DEBUG] - [JUGADOR_0] Hitbox ataque: <rect(817, 265, 54, 69)> (Dir: -1,0)
2025-05-19 16:48:52 - jugador - [DEBUG] - [JUGADOR_0] Pos flotante (pre-límites): (867.9400, 288.0000)
2025-05-19 16:48:52 - jugador - [DEBUG] - [JUGADOR_0] Pos flotante (post-límites): (867.9400, 288.0000)
2025-05-19 16:48:52 - jugador - [DEBUG] - [JUGADOR_0] Movimiento para CH: dx_int=-4, dy_int=0. HB (antes CH): (871, 288), PosFlotante: (867.9400,288.0000)
2025-05-19 16:48:52 - jugador - [DEBUG] - [JUGADOR_0] Iniciando gestión de colisión con dx=-4, dy=0. Hitbox actual: (871, 288)
2025-05-19 16:48:52 - jugador - [DEBUG] - [JUGADOR_0] Posición POST CH: HB: (873, 288), PosFlotante: (873.00, 288.00)
2025-05-19 16:48:52 - jugador - [DEBUG] - [JUGADOR_0] Hitbox ataque: <rect(819, 265, 54, 69)> (Dir: -1,0)
2025-05-19 16:48:52 - jugador - [DEBUG] - [JUGADOR_0] Input teclado procesado: mov_x_input_raw=-180, mov_y_input_raw=0
2025-05-19 16:48:52 - jugador - [DEBUG] - [JUGADOR_0] Pos flotante (pre-límites): (869.9400, 288.0000)
2025-05-19 16:48:52 - jugador - [DEBUG] - [JUGADOR_0] Pos flotante (post-límites): (869.9400, 288.0000)
2025-05-19 16:48:52 - jugador - [DEBUG] - [JUGADOR_0] Movimiento para CH: dx_int=-4, dy_int=0. HB (antes CH): (873, 288), PosFlotante: (869.9400,288.0000)
2025-05-19 16:48:52 - jugador - [DEBUG] - [JUGADOR_0] Iniciando gestión de colisión con dx=-4, dy=0. Hitbox actual: (873, 288)
2025-05-19 16:48:52 - jugador - [DEBUG] - [JUGADOR_0] Posición POST CH: HB: (875, 288), PosFlotante: (875.00, 288.00)
2025-05-19 16:48:52 - jugador - [DEBUG] - [JUGADOR_0] Hitbox ataque: <rect(821, 265, 54, 69)> (Dir: -1,0)
2025-05-19 16:48:52 - jugador - [DEBUG] - [JUGADOR_0] Delta flotante intentado: dx=-3.0600, dy=0.0000 (delta_time: 0.0170)
2025-05-19 16:48:52 - jugador - [DEBUG] - [JUGADOR_0] Pos flotante (pre-límites): (871.9400, 288.0000)
2025-05-19 16:48:52 - jugador - [DEBUG] - [JUGADOR_0] Pos flotante (post-límites): (871.9400, 288.0000)
2025-05-19 16:48:52 - jugador - [DEBUG] - [JUGADOR_0] Movimiento para CH: dx_int=-4, dy_int=0. HB (antes CH): (875, 288), PosFlotante: (871.9400,288.0000)
2025-05-19 16:48:52 - jugador - [DEBUG] - [JUGADOR_0] Iniciando gestión de colisión con dx=-4, dy=0. Hitbox actual: (875, 288)
2025-05-19 16:48:52 - jugador - [DEBUG] - [JUGADOR_0] Posición POST CH: HB: (877, 288), PosFlotante: (877.00, 288.00)
2025-05-19 16:48:52 - jugador - [DEBUG] - [JUGADOR_0] Hitbox ataque: <rect(823, 265, 54, 69)> (Dir: -1,0)
2025-05-19 16:48:52 - jugador - [DEBUG] - [JUGADOR_0] Input teclado procesado: mov_x_input_raw=0, mov_y_input_raw=0
2025-05-19 16:48:52 - jugador - [DEBUG] - [JUGADOR_0] Delta flotante intentado: dx=0.0000, dy=0.0000 (delta_time: 0.0170)
2025-05-19 16:48:52 - jugador - [DEBUG] - [JUGADOR_0] Pos flotante (pre-límites): (877.0000, 288.0000)
2025-05-19 16:48:52 - jugador - [DEBUG] - [JUGADOR_0] Pos flotante (post-límites): (877.0000, 288.0000)
2025-05-19 16:48:52 - jugador - [DEBUG] - [JUGADOR_0] Sin mov. para CH (delta_int fue 0). HB: (877, 288), PosFlotante: (877.0000, 288.0000)
2025-05-19 16:48:52 - jugador - [DEBUG] - [JUGADOR_0] Delta flotante intentado: dx=0.0000, dy=0.0000 (delta_time: 0.0180)
2025-05-19 16:48:52 - jugador - [INFO] - [JUGADOR_0] Golpeó a [Enemigo_2] con 5 de daño.
2025-05-19 16:48:52 - jugador - [DEBUG] - [JUGADOR_0] Delta flotante intentado: dx=0.0000, dy=0.0000 (delta_time: 0.0160)
2025-05-19 16:48:52 - jugador - [DEBUG] - [JUGADOR_0] Hitbox ataque: <rect(823, 265, 54, 69)> (Dir: -1,0)
2025-05-19 16:48:52 - jugador - [DEBUG] - [JUGADOR_0] Input teclado procesado: mov_x_input_raw=-180, mov_y_input_raw=0
2025-05-19 16:48:52 - jugador - [DEBUG] - [JUGADOR_0] Delta flotante intentado: dx=-2.8800, dy=0.0000 (delta_time: 0.0160)
2025-05-19 16:48:52 - jugador - [DEBUG] - [JUGADOR_0] Pos flotante (pre-límites): (874.1200, 288.0000)
2025-05-19 16:48:52 - jugador - [DEBUG] - [JUGADOR_0] Pos flotante (post-límites): (874.1200, 288.0000)
2025-05-19 16:48:52 - jugador - [DEBUG] - [JUGADOR_0] Movimiento para CH: dx_int=-3, dy_int=0. HB (antes CH): (877, 288), PosFlotante: (874.1200,288.0000)
2025-05-19 16:48:52 - jugador - [DEBUG] - [JUGADOR_0] Iniciando gestión de colisión con dx=-3, dy=0. Hitbox actual: (877, 288)
2025-05-19 16:48:52 - jugador - [DEBUG] - [JUGADOR_0] Posición POST CH: HB: (881, 288), PosFlotante: (881.00, 288.00)
2025-05-19 16:48:52 - jugador - [DEBUG] - [JUGADOR_0] Hitbox ataque: <rect(827, 265, 54, 69)> (Dir: -1,0)
2025-05-19 16:48:52 - jugador - [DEBUG] - [JUGADOR_0] Pos flotante (pre-límites): (878.1200, 288.0000)
2025-05-19 16:48:52 - jugador - [DEBUG] - [JUGADOR_0] Pos flotante (post-límites): (878.1200, 288.0000)
2025-05-19 16:48:52 - jugador - [DEBUG] - [JUGADOR_0] Movimiento para CH: dx_int=-3, dy_int=0. HB (antes CH): (881, 288), PosFlotante: (878.1200,288.0000)
2025-05-19 16:48:52 - jugador - [DEBUG] - [JUGADOR_0] Iniciando gestión de colisión con dx=-3, dy=0. Hitbox actual: (881, 288)
2025-05-19 16:48:52 - jugador - [DEBUG] - [JUGADOR_0] Posición POST CH: HB: (883, 288), PosFlotante: (883.00, 288.00)
2025-05-19 16:48:52 - jugador - [DEBUG] - [JUGADOR_0] Hitbox ataque: <rect(829, 265, 54, 69)> (Dir: -1,0)
2025-05-19 16:48:52 - jugador - [DEBUG] - [JUGADOR_0] Pos flotante (pre-límites): (880.1200, 288.0000)
2025-05-19 16:48:52 - jugador - [DEBUG] - [JUGADOR_0] Pos flotante (post-límites): (880.1200, 288.0000)
2025-05-19 16:48:52 - jugador - [DEBUG] - [JUGADOR_0] Movimiento para CH: dx_int=-3, dy_int=0. HB (antes CH): (883, 288), PosFlotante: (880.1200,288.0000)
2025-05-19 16:48:52 - jugador - [DEBUG] - [JUGADOR_0] Iniciando gestión de colisión con dx=-3, dy=0. Hitbox actual: (883, 288)
2025-05-19 16:48:52 - jugador - [DEBUG] - [JUGADOR_0] Posición POST CH: HB: (885, 288), PosFlotante: (885.00, 288.00)
2025-05-19 16:48:52 - jugador - [DEBUG] - [JUGADOR_0] Hitbox ataque: <rect(831, 265, 54, 69)> (Dir: -1,0)
2025-05-19 16:48:52 - jugador - [DEBUG] - [JUGADOR_0] Pos flotante (pre-límites): (882.1200, 288.0000)
2025-05-19 16:48:52 - jugador - [DEBUG] - [JUGADOR_0] Pos flotante (post-límites): (882.1200, 288.0000)
2025-05-19 16:48:52 - jugador - [DEBUG] - [JUGADOR_0] Movimiento para CH: dx_int=-3, dy_int=0. HB (antes CH): (885, 288), PosFlotante: (882.1200,288.0000)
2025-05-19 16:48:52 - jugador - [DEBUG] - [JUGADOR_0] Iniciando gestión de colisión con dx=-3, dy=0. Hitbox actual: (885, 288)
2025-05-19 16:48:52 - jugador - [DEBUG] - [JUGADOR_0] Posición POST CH: HB: (887, 288), PosFlotante: (887.00, 288.00)
2025-05-19 16:48:52 - jugador - [DEBUG] - [JUGADOR_0] Hitbox ataque: <rect(833, 265, 54, 69)> (Dir: -1,0)
2025-05-19 16:48:52 - jugador - [DEBUG] - [JUGADOR_0] Intento de ataque en cooldown (700.0ms). Tiempo desde último: 231ms
2025-05-19 16:48:52 - jugador - [DEBUG] - [JUGADOR_0] Input teclado procesado: mov_x_input_raw=-180, mov_y_input_raw=0
2025-05-19 16:48:52 - jugador - [DEBUG] - [JUGADOR_0] Delta flotante intentado: dx=-2.8800, dy=0.0000 (delta_time: 0.0160)
2025-05-19 16:48:52 - jugador - [DEBUG] - [JUGADOR_0] Pos flotante (pre-límites): (884.1200, 288.0000)
2025-05-19 16:48:52 - jugador - [DEBUG] - [JUGADOR_0] Pos flotante (post-límites): (884.1200, 288.0000)
2025-05-19 16:48:52 - jugador - [DEBUG] - [JUGADOR_0] Movimiento para CH: dx_int=-3, dy_int=0. HB (antes CH): (887, 288), PosFlotante: (884.1200,288.0000)
2025-05-19 16:48:52 - jugador - [DEBUG] - [JUGADOR_0] Iniciando gestión de colisión con dx=-3, dy=0. Hitbox actual: (887, 288)
2025-05-19 16:48:52 - jugador - [DEBUG] - [JUGADOR_0] Posición POST CH: HB: (889, 288), PosFlotante: (889.00, 288.00)
2025-05-19 16:48:52 - jugador - [DEBUG] - [JUGADOR_0] Hitbox ataque: <rect(835, 265, 54, 69)> (Dir: -1,0)
2025-05-19 16:48:52 - jugador - [DEBUG] - [JUGADOR_0] Delta flotante intentado: dx=-3.2400, dy=0.0000 (delta_time: 0.0180)
2025-05-19 16:48:52 - jugador - [DEBUG] - [JUGADOR_0] Pos flotante (pre-límites): (885.7600, 288.0000)
2025-05-19 16:48:52 - jugador - [DEBUG] - [JUGADOR_0] Pos flotante (post-límites): (885.7600, 288.0000)
2025-05-19 16:48:52 - jugador - [DEBUG] - [JUGADOR_0] Movimiento para CH: dx_int=-4, dy_int=0. HB (antes CH): (889, 288), PosFlotante: (885.7600,288.0000)
2025-05-19 16:48:52 - jugador - [DEBUG] - [JUGADOR_0] Iniciando gestión de colisión con dx=-4, dy=0. Hitbox actual: (889, 288)
2025-05-19 16:48:52 - jugador - [DEBUG] - [JUGADOR_0] Posición POST CH: HB: (891, 288), PosFlotante: (891.00, 288.00)
2025-05-19 16:48:52 - jugador - [DEBUG] - [JUGADOR_0] Hitbox ataque: <rect(837, 265, 54, 69)> (Dir: -1,0)
2025-05-19 16:48:52 - jugador - [DEBUG] - [JUGADOR_0] Pos flotante (pre-límites): (888.1200, 288.0000)
2025-05-19 16:48:52 - jugador - [DEBUG] - [JUGADOR_0] Pos flotante (post-límites): (888.1200, 288.0000)
2025-05-19 16:48:52 - jugador - [DEBUG] - [JUGADOR_0] Movimiento para CH: dx_int=-3, dy_int=0. HB (antes CH): (891, 288), PosFlotante: (888.1200,288.0000)
2025-05-19 16:48:52 - jugador - [DEBUG] - [JUGADOR_0] Iniciando gestión de colisión con dx=-3, dy=0. Hitbox actual: (891, 288)
2025-05-19 16:48:52 - jugador - [DEBUG] - [JUGADOR_0] Posición POST CH: HB: (893, 288), PosFlotante: (893.00, 288.00)
2025-05-19 16:48:52 - jugador - [DEBUG] - [JUGADOR_0] ATAQUE FINALIZADO (Duración: 260ms). Enemigos golpeados: 2
2025-05-19 16:48:52 - jugador - [DEBUG] - [JUGADOR_0] Input teclado procesado: mov_x_input_raw=-180, mov_y_input_raw=0
2025-05-19 16:48:52 - jugador - [DEBUG] - [JUGADOR_0] Delta flotante intentado: dx=-3.0600, dy=0.0000 (delta_time: 0.0170)
2025-05-19 16:48:52 - jugador - [DEBUG] - [JUGADOR_0] Pos flotante (pre-límites): (889.9400, 288.0000)
2025-05-19 16:48:52 - jugador - [DEBUG] - [JUGADOR_0] Pos flotante (post-límites): (889.9400, 288.0000)
2025-05-19 16:48:52 - jugador - [DEBUG] - [JUGADOR_0] Movimiento para CH: dx_int=-4, dy_int=0. HB (antes CH): (893, 288), PosFlotante: (889.9400,288.0000)
2025-05-19 16:48:52 - jugador - [DEBUG] - [JUGADOR_0] Iniciando gestión de colisión con dx=-4, dy=0. Hitbox actual: (893, 288)
2025-05-19 16:48:52 - jugador - [DEBUG] - [JUGADOR_0] Posición POST CH: HB: (895, 288), PosFlotante: (895.00, 288.00)
2025-05-19 16:48:52 - jugador - [DEBUG] - [JUGADOR_0] Pos flotante (pre-límites): (891.9400, 288.0000)
2025-05-19 16:48:52 - jugador - [DEBUG] - [JUGADOR_0] Pos flotante (post-límites): (891.9400, 288.0000)
2025-05-19 16:48:52 - jugador - [DEBUG] - [JUGADOR_0] Movimiento para CH: dx_int=-4, dy_int=0. HB (antes CH): (895, 288), PosFlotante: (891.9400,288.0000)
2025-05-19 16:48:52 - jugador - [DEBUG] - [JUGADOR_0] Iniciando gestión de colisión con dx=-4, dy=0. Hitbox actual: (895, 288)
2025-05-19 16:48:52 - jugador - [DEBUG] - [JUGADOR_0] Posición POST CH: HB: (897, 288), PosFlotante: (897.00, 288.00)
2025-05-19 16:48:52 - jugador - [DEBUG] - [JUGADOR_0] Pos flotante (pre-límites): (893.9400, 288.0000)
2025-05-19 16:48:52 - jugador - [DEBUG] - [JUGADOR_0] Pos flotante (post-límites): (893.9400, 288.0000)
2025-05-19 16:48:52 - jugador - [DEBUG] - [JUGADOR_0] Movimiento para CH: dx_int=-4, dy_int=0. HB (antes CH): (897, 288), PosFlotante: (893.9400,288.0000)
2025-05-19 16:48:52 - jugador - [DEBUG] - [JUGADOR_0] Iniciando gestión de colisión con dx=-4, dy=0. Hitbox actual: (897, 288)
2025-05-19 16:48:52 - jugador - [DEBUG] - [JUGADOR_0] Posición POST CH: HB: (899, 288), PosFlotante: (899.00, 288.00)
2025-05-19 16:48:52 - jugador - [DEBUG] - [JUGADOR_0] Input teclado procesado: mov_x_input_raw=-180, mov_y_input_raw=0
2025-05-19 16:48:52 - jugador - [DEBUG] - [JUGADOR_0] Delta flotante intentado: dx=-3.0600, dy=0.0000 (delta_time: 0.0170)
2025-05-19 16:48:52 - jugador - [DEBUG] - [JUGADOR_0] Pos flotante (pre-límites): (895.9400, 288.0000)
2025-05-19 16:48:52 - jugador - [DEBUG] - [JUGADOR_0] Pos flotante (post-límites): (895.9400, 288.0000)
2025-05-19 16:48:52 - jugador - [DEBUG] - [JUGADOR_0] Movimiento para CH: dx_int=-4, dy_int=0. HB (antes CH): (899, 288), PosFlotante: (895.9400,288.0000)
2025-05-19 16:48:52 - jugador - [DEBUG] - [JUGADOR_0] Iniciando gestión de colisión con dx=-4, dy=0. Hitbox actual: (899, 288)
2025-05-19 16:48:52 - jugador - [DEBUG] - [JUGADOR_0] Posición POST CH: HB: (901, 288), PosFlotante: (901.00, 288.00)
2025-05-19 16:48:52 - jugador - [DEBUG] - [JUGADOR_0] Delta flotante intentado: dx=-2.8800, dy=0.0000 (delta_time: 0.0160)
2025-05-19 16:48:52 - jugador - [DEBUG] - [JUGADOR_0] Pos flotante (pre-límites): (898.1200, 288.0000)
2025-05-19 16:48:52 - jugador - [DEBUG] - [JUGADOR_0] Pos flotante (post-límites): (898.1200, 288.0000)
2025-05-19 16:48:52 - jugador - [DEBUG] - [JUGADOR_0] Movimiento para CH: dx_int=-3, dy_int=0. HB (antes CH): (901, 288), PosFlotante: (898.1200,288.0000)
2025-05-19 16:48:52 - jugador - [DEBUG] - [JUGADOR_0] Iniciando gestión de colisión con dx=-3, dy=0. Hitbox actual: (901, 288)
2025-05-19 16:48:52 - jugador - [DEBUG] - [JUGADOR_0] Posición POST CH: HB: (903, 288), PosFlotante: (903.00, 288.00)
2025-05-19 16:48:52 - jugador - [DEBUG] - [JUGADOR_0] Pos flotante (pre-límites): (899.9400, 288.0000)
2025-05-19 16:48:52 - jugador - [DEBUG] - [JUGADOR_0] Pos flotante (post-límites): (899.9400, 288.0000)
2025-05-19 16:48:52 - jugador - [DEBUG] - [JUGADOR_0] Movimiento para CH: dx_int=-4, dy_int=0. HB (antes CH): (903, 288), PosFlotante: (899.9400,288.0000)
2025-05-19 16:48:52 - jugador - [DEBUG] - [JUGADOR_0] Iniciando gestión de colisión con dx=-4, dy=0. Hitbox actual: (903, 288)
2025-05-19 16:48:52 - jugador - [DEBUG] - [JUGADOR_0] Posición POST CH: HB: (905, 288), PosFlotante: (905.00, 288.00)
2025-05-19 16:48:52 - jugador - [DEBUG] - [JUGADOR_0] Pos flotante (pre-límites): (902.1200, 288.0000)
2025-05-19 16:48:52 - jugador - [DEBUG] - [JUGADOR_0] Pos flotante (post-límites): (902.1200, 288.0000)
2025-05-19 16:48:52 - jugador - [DEBUG] - [JUGADOR_0] Movimiento para CH: dx_int=-3, dy_int=0. HB (antes CH): (905, 288), PosFlotante: (902.1200,288.0000)
2025-05-19 16:48:52 - jugador - [DEBUG] - [JUGADOR_0] Iniciando gestión de colisión con dx=-3, dy=0. Hitbox actual: (905, 288)
2025-05-19 16:48:52 - jugador - [DEBUG] - [JUGADOR_0] Posición POST CH: HB: (907, 288), PosFlotante: (907.00, 288.00)
2025-05-19 16:48:52 - jugador - [DEBUG] - [JUGADOR_0] Input teclado procesado: mov_x_input_raw=-180, mov_y_input_raw=0
2025-05-19 16:48:52 - jugador - [DEBUG] - [JUGADOR_0] Pos flotante (pre-límites): (904.1200, 288.0000)
2025-05-19 16:48:52 - jugador - [DEBUG] - [JUGADOR_0] Pos flotante (post-límites): (904.1200, 288.0000)
2025-05-19 16:48:52 - jugador - [DEBUG] - [JUGADOR_0] Movimiento para CH: dx_int=-3, dy_int=0. HB (antes CH): (907, 288), PosFlotante: (904.1200,288.0000)
2025-05-19 16:48:52 - jugador - [DEBUG] - [JUGADOR_0] Iniciando gestión de colisión con dx=-3, dy=0. Hitbox actual: (907, 288)
2025-05-19 16:48:52 - jugador - [DEBUG] - [JUGADOR_0] Posición POST CH: HB: (909, 288), PosFlotante: (909.00, 288.00)
2025-05-19 16:48:52 - jugador - [DEBUG] - [JUGADOR_0] Delta flotante intentado: dx=-2.8800, dy=0.0000 (delta_time: 0.0160)
2025-05-19 16:48:52 - jugador - [DEBUG] - [JUGADOR_0] Pos flotante (pre-límites): (906.1200, 288.0000)
2025-05-19 16:48:52 - jugador - [DEBUG] - [JUGADOR_0] Pos flotante (post-límites): (906.1200, 288.0000)
2025-05-19 16:48:52 - jugador - [DEBUG] - [JUGADOR_0] Movimiento para CH: dx_int=-3, dy_int=0. HB (antes CH): (909, 288), PosFlotante: (906.1200,288.0000)
2025-05-19 16:48:52 - jugador - [DEBUG] - [JUGADOR_0] Iniciando gestión de colisión con dx=-3, dy=0. Hitbox actual: (909, 288)
2025-05-19 16:48:52 - jugador - [DEBUG] - [JUGADOR_0] Posición POST CH: HB: (911, 288), PosFlotante: (911.00, 288.00)
2025-05-19 16:48:52 - jugador - [DEBUG] - [JUGADOR_0] Intento de ataque en cooldown (700.0ms). Tiempo desde último: 430ms
2025-05-19 16:48:52 - jugador - [DEBUG] - [JUGADOR_0] Delta flotante intentado: dx=-3.0600, dy=0.0000 (delta_time: 0.0170)
2025-05-19 16:48:52 - jugador - [DEBUG] - [JUGADOR_0] Pos flotante (pre-límites): (907.9400, 288.0000)
2025-05-19 16:48:52 - jugador - [DEBUG] - [JUGADOR_0] Pos flotante (post-límites): (907.9400, 288.0000)
2025-05-19 16:48:52 - jugador - [DEBUG] - [JUGADOR_0] Movimiento para CH: dx_int=-4, dy_int=0. HB (antes CH): (911, 288), PosFlotante: (907.9400,288.0000)
2025-05-19 16:48:52 - jugador - [DEBUG] - [JUGADOR_0] Iniciando gestión de colisión con dx=-4, dy=0. Hitbox actual: (911, 288)
2025-05-19 16:48:52 - jugador - [DEBUG] - [JUGADOR_0] Posición POST CH: HB: (913, 288), PosFlotante: (913.00, 288.00)
2025-05-19 16:48:52 - jugador - [DEBUG] - [JUGADOR_0] Pos flotante (pre-límites): (910.1200, 288.0000)
2025-05-19 16:48:52 - jugador - [DEBUG] - [JUGADOR_0] Pos flotante (post-límites): (910.1200, 288.0000)
2025-05-19 16:48:52 - jugador - [DEBUG] - [JUGADOR_0] Movimiento para CH: dx_int=-3, dy_int=0. HB (antes CH): (913, 288), PosFlotante: (910.1200,288.0000)
2025-05-19 16:48:52 - jugador - [DEBUG] - [JUGADOR_0] Iniciando gestión de colisión con dx=-3, dy=0. Hitbox actual: (913, 288)
2025-05-19 16:48:52 - jugador - [DEBUG] - [JUGADOR_0] Posición POST CH: HB: (915, 288), PosFlotante: (915.00, 288.00)
2025-05-19 16:48:52 - jugador - [DEBUG] - [JUGADOR_0] Input teclado procesado: mov_x_input_raw=-180, mov_y_input_raw=0
2025-05-19 16:48:52 - jugador - [DEBUG] - [JUGADOR_0] Pos flotante (pre-límites): (911.9400, 288.0000)
2025-05-19 16:48:52 - jugador - [DEBUG] - [JUGADOR_0] Pos flotante (post-límites): (911.9400, 288.0000)
2025-05-19 16:48:52 - jugador - [DEBUG] - [JUGADOR_0] Movimiento para CH: dx_int=-4, dy_int=0. HB (antes CH): (915, 288), PosFlotante: (911.9400,288.0000)
2025-05-19 16:48:52 - jugador - [DEBUG] - [JUGADOR_0] Iniciando gestión de colisión con dx=-4, dy=0. Hitbox actual: (915, 288)
2025-05-19 16:48:52 - jugador - [DEBUG] - [JUGADOR_0] Posición POST CH: HB: (917, 288), PosFlotante: (917.00, 288.00)
2025-05-19 16:48:52 - jugador - [DEBUG] - [JUGADOR_0] Pos flotante (pre-límites): (913.9400, 288.0000)
2025-05-19 16:48:52 - jugador - [DEBUG] - [JUGADOR_0] Pos flotante (post-límites): (913.9400, 288.0000)
2025-05-19 16:48:52 - jugador - [DEBUG] - [JUGADOR_0] Movimiento para CH: dx_int=-4, dy_int=0. HB (antes CH): (917, 288), PosFlotante: (913.9400,288.0000)
2025-05-19 16:48:52 - jugador - [DEBUG] - [JUGADOR_0] Iniciando gestión de colisión con dx=-4, dy=0. Hitbox actual: (917, 288)
2025-05-19 16:48:52 - jugador - [DEBUG] - [JUGADOR_0] Posición POST CH: HB: (919, 288), PosFlotante: (919.00, 288.00)
2025-05-19 16:48:52 - jugador - [DEBUG] - [JUGADOR_0] Delta flotante intentado: dx=-3.0600, dy=0.0000 (delta_time: 0.0170)
2025-05-19 16:48:52 - jugador - [DEBUG] - [JUGADOR_0] Pos flotante (pre-límites): (915.9400, 288.0000)
2025-05-19 16:48:52 - jugador - [DEBUG] - [JUGADOR_0] Pos flotante (post-límites): (915.9400, 288.0000)
2025-05-19 16:48:52 - jugador - [DEBUG] - [JUGADOR_0] Movimiento para CH: dx_int=-4, dy_int=0. HB (antes CH): (919, 288), PosFlotante: (915.9400,288.0000)
2025-05-19 16:48:52 - jugador - [DEBUG] - [JUGADOR_0] Iniciando gestión de colisión con dx=-4, dy=0. Hitbox actual: (919, 288)
2025-05-19 16:48:52 - jugador - [DEBUG] - [JUGADOR_0] Posición POST CH: HB: (921, 288), PosFlotante: (921.00, 288.00)
2025-05-19 16:48:52 - jugador - [DEBUG] - [JUGADOR_0] Input teclado procesado: mov_x_input_raw=-180, mov_y_input_raw=0
2025-05-19 16:48:52 - jugador - [DEBUG] - [JUGADOR_0] Delta flotante intentado: dx=-2.8800, dy=0.0000 (delta_time: 0.0160)
2025-05-19 16:48:52 - jugador - [DEBUG] - [JUGADOR_0] Pos flotante (pre-límites): (918.1200, 288.0000)
2025-05-19 16:48:52 - jugador - [DEBUG] - [JUGADOR_0] Pos flotante (post-límites): (918.1200, 288.0000)
2025-05-19 16:48:52 - jugador - [DEBUG] - [JUGADOR_0] Movimiento para CH: dx_int=-3, dy_int=0. HB (antes CH): (921, 288), PosFlotante: (918.1200,288.0000)
2025-05-19 16:48:52 - jugador - [DEBUG] - [JUGADOR_0] Iniciando gestión de colisión con dx=-3, dy=0. Hitbox actual: (921, 288)
2025-05-19 16:48:52 - jugador - [DEBUG] - [JUGADOR_0] Posición POST CH: HB: (923, 288), PosFlotante: (923.00, 288.00)
2025-05-19 16:48:52 - jugador - [DEBUG] - [JUGADOR_0] Pos flotante (pre-límites): (919.9400, 288.0000)
2025-05-19 16:48:52 - jugador - [DEBUG] - [JUGADOR_0] Pos flotante (post-límites): (919.9400, 288.0000)
2025-05-19 16:48:52 - jugador - [DEBUG] - [JUGADOR_0] Movimiento para CH: dx_int=-4, dy_int=0. HB (antes CH): (923, 288), PosFlotante: (919.9400,288.0000)
2025-05-19 16:48:52 - jugador - [DEBUG] - [JUGADOR_0] Iniciando gestión de colisión con dx=-4, dy=0. Hitbox actual: (923, 288)
2025-05-19 16:48:52 - jugador - [DEBUG] - [JUGADOR_0] Posición POST CH: HB: (925, 288), PosFlotante: (925.00, 288.00)
2025-05-19 16:48:52 - jugador - [DEBUG] - [JUGADOR_0] Pos flotante (pre-límites): (922.1200, 288.0000)
2025-05-19 16:48:52 - jugador - [DEBUG] - [JUGADOR_0] Pos flotante (post-límites): (922.1200, 288.0000)
2025-05-19 16:48:52 - jugador - [DEBUG] - [JUGADOR_0] Movimiento para CH: dx_int=-3, dy_int=0. HB (antes CH): (925, 288), PosFlotante: (922.1200,288.0000)
2025-05-19 16:48:52 - jugador - [DEBUG] - [JUGADOR_0] Iniciando gestión de colisión con dx=-3, dy=0. Hitbox actual: (925, 288)
2025-05-19 16:48:52 - jugador - [DEBUG] - [JUGADOR_0] Posición POST CH: HB: (927, 288), PosFlotante: (927.00, 288.00)
2025-05-19 16:48:52 - jugador - [DEBUG] - [JUGADOR_0] Delta flotante intentado: dx=-3.0600, dy=0.0000 (delta_time: 0.0170)
2025-05-19 16:48:52 - jugador - [DEBUG] - [JUGADOR_0] Pos flotante (pre-límites): (923.9400, 288.0000)
2025-05-19 16:48:52 - jugador - [DEBUG] - [JUGADOR_0] Pos flotante (post-límites): (923.9400, 288.0000)
2025-05-19 16:48:52 - jugador - [DEBUG] - [JUGADOR_0] Movimiento para CH: dx_int=-4, dy_int=0. HB (antes CH): (927, 288), PosFlotante: (923.9400,288.0000)
2025-05-19 16:48:52 - jugador - [DEBUG] - [JUGADOR_0] Iniciando gestión de colisión con dx=-4, dy=0. Hitbox actual: (927, 288)
2025-05-19 16:48:52 - jugador - [DEBUG] - [JUGADOR_0] Posición POST CH: HB: (929, 288), PosFlotante: (929.00, 288.00)
2025-05-19 16:48:52 - jugador - [DEBUG] - [JUGADOR_0] Input teclado procesado: mov_x_input_raw=-180, mov_y_input_raw=0
2025-05-19 16:48:52 - jugador - [DEBUG] - [JUGADOR_0] Pos flotante (pre-límites): (925.9400, 288.0000)
2025-05-19 16:48:52 - jugador - [DEBUG] - [JUGADOR_0] Pos flotante (post-límites): (925.9400, 288.0000)
2025-05-19 16:48:52 - jugador - [DEBUG] - [JUGADOR_0] Movimiento para CH: dx_int=-4, dy_int=0. HB (antes CH): (929, 288), PosFlotante: (925.9400,288.0000)
2025-05-19 16:48:52 - jugador - [DEBUG] - [JUGADOR_0] Iniciando gestión de colisión con dx=-4, dy=0. Hitbox actual: (929, 288)
2025-05-19 16:48:52 - jugador - [DEBUG] - [JUGADOR_0] Posición POST CH: HB: (931, 288), PosFlotante: (931.00, 288.00)
2025-05-19 16:48:52 - jugador - [DEBUG] - [JUGADOR_0] Intento de ataque en cooldown (700.0ms). Tiempo desde último: 597ms
2025-05-19 16:48:52 - jugador - [DEBUG] - [JUGADOR_0] Pos flotante (pre-límites): (927.9400, 288.0000)
2025-05-19 16:48:52 - jugador - [DEBUG] - [JUGADOR_0] Pos flotante (post-límites): (927.9400, 288.0000)
2025-05-19 16:48:52 - jugador - [DEBUG] - [JUGADOR_0] Movimiento para CH: dx_int=-4, dy_int=0. HB (antes CH): (931, 288), PosFlotante: (927.9400,288.0000)
2025-05-19 16:48:52 - jugador - [DEBUG] - [JUGADOR_0] Iniciando gestión de colisión con dx=-4, dy=0. Hitbox actual: (931, 288)
2025-05-19 16:48:52 - jugador - [DEBUG] - [JUGADOR_0] Posición POST CH: HB: (933, 288), PosFlotante: (933.00, 288.00)
2025-05-19 16:48:52 - jugador - [DEBUG] - [JUGADOR_0] Delta flotante intentado: dx=-2.8800, dy=0.0000 (delta_time: 0.0160)
2025-05-19 16:48:52 - jugador - [DEBUG] - [JUGADOR_0] Pos flotante (pre-límites): (930.1200, 288.0000)
2025-05-19 16:48:52 - jugador - [DEBUG] - [JUGADOR_0] Pos flotante (post-límites): (930.1200, 288.0000)
2025-05-19 16:48:52 - jugador - [DEBUG] - [JUGADOR_0] Movimiento para CH: dx_int=-3, dy_int=0. HB (antes CH): (933, 288), PosFlotante: (930.1200,288.0000)
2025-05-19 16:48:52 - jugador - [DEBUG] - [JUGADOR_0] Iniciando gestión de colisión con dx=-3, dy=0. Hitbox actual: (933, 288)
2025-05-19 16:48:52 - jugador - [DEBUG] - [JUGADOR_0] Posición POST CH: HB: (935, 288), PosFlotante: (935.00, 288.00)
2025-05-19 16:48:52 - jugador - [DEBUG] - [JUGADOR_0] Input teclado procesado: mov_x_input_raw=-180, mov_y_input_raw=0
2025-05-19 16:48:52 - jugador - [DEBUG] - [JUGADOR_0] Delta flotante intentado: dx=-3.0600, dy=0.0000 (delta_time: 0.0170)
2025-05-19 16:48:52 - jugador - [DEBUG] - [JUGADOR_0] Pos flotante (pre-límites): (931.9400, 288.0000)
2025-05-19 16:48:52 - jugador - [DEBUG] - [JUGADOR_0] Pos flotante (post-límites): (931.9400, 288.0000)
2025-05-19 16:48:52 - jugador - [DEBUG] - [JUGADOR_0] Movimiento para CH: dx_int=-4, dy_int=0. HB (antes CH): (935, 288), PosFlotante: (931.9400,288.0000)
2025-05-19 16:48:52 - jugador - [DEBUG] - [JUGADOR_0] Iniciando gestión de colisión con dx=-4, dy=0. Hitbox actual: (935, 288)
2025-05-19 16:48:52 - jugador - [DEBUG] - [JUGADOR_0] Posición POST CH: HB: (937, 288), PosFlotante: (937.00, 288.00)
2025-05-19 16:48:52 - jugador - [DEBUG] - [JUGADOR_0] Pos flotante (pre-límites): (934.1200, 288.0000)
2025-05-19 16:48:52 - jugador - [DEBUG] - [JUGADOR_0] Pos flotante (post-límites): (934.1200, 288.0000)
2025-05-19 16:48:52 - jugador - [DEBUG] - [JUGADOR_0] Movimiento para CH: dx_int=-3, dy_int=0. HB (antes CH): (937, 288), PosFlotante: (934.1200,288.0000)
2025-05-19 16:48:52 - jugador - [DEBUG] - [JUGADOR_0] Iniciando gestión de colisión con dx=-3, dy=0. Hitbox actual: (937, 288)
2025-05-19 16:48:52 - jugador - [DEBUG] - [JUGADOR_0] Posición POST CH: HB: (939, 288), PosFlotante: (939.00, 288.00)
2025-05-19 16:48:52 - jugador - [DEBUG] - [JUGADOR_0] Pos flotante (pre-límites): (936.1200, 288.0000)
2025-05-19 16:48:52 - jugador - [DEBUG] - [JUGADOR_0] Pos flotante (post-límites): (936.1200, 288.0000)
2025-05-19 16:48:52 - jugador - [DEBUG] - [JUGADOR_0] Movimiento para CH: dx_int=-3, dy_int=0. HB (antes CH): (939, 288), PosFlotante: (936.1200,288.0000)
2025-05-19 16:48:52 - jugador - [DEBUG] - [JUGADOR_0] Iniciando gestión de colisión con dx=-3, dy=0. Hitbox actual: (939, 288)
2025-05-19 16:48:52 - jugador - [DEBUG] - [JUGADOR_0] Posición POST CH: HB: (941, 288), PosFlotante: (941.00, 288.00)
2025-05-19 16:48:52 - jugador - [DEBUG] - [JUGADOR_0] Delta flotante intentado: dx=-2.8800, dy=0.0000 (delta_time: 0.0160)
2025-05-19 16:48:52 - jugador - [DEBUG] - [JUGADOR_0] Pos flotante (pre-límites): (938.1200, 288.0000)
2025-05-19 16:48:52 - jugador - [DEBUG] - [JUGADOR_0] Pos flotante (post-límites): (938.1200, 288.0000)
2025-05-19 16:48:52 - jugador - [DEBUG] - [JUGADOR_0] Movimiento para CH: dx_int=-3, dy_int=0. HB (antes CH): (941, 288), PosFlotante: (938.1200,288.0000)
2025-05-19 16:48:52 - jugador - [DEBUG] - [JUGADOR_0] Iniciando gestión de colisión con dx=-3, dy=0. Hitbox actual: (941, 288)
2025-05-19 16:48:52 - jugador - [DEBUG] - [JUGADOR_0] Posición POST CH: HB: (943, 288), PosFlotante: (943.00, 288.00)
2025-05-19 16:48:52 - jugador - [DEBUG] - [JUGADOR_0] Input teclado procesado: mov_x_input_raw=-180, mov_y_input_raw=0
2025-05-19 16:48:52 - jugador - [DEBUG] - [JUGADOR_0] Pos flotante (pre-límites): (940.1200, 288.0000)
2025-05-19 16:48:52 - jugador - [DEBUG] - [JUGADOR_0] Pos flotante (post-límites): (940.1200, 288.0000)
2025-05-19 16:48:52 - jugador - [DEBUG] - [JUGADOR_0] Movimiento para CH: dx_int=-3, dy_int=0. HB (antes CH): (943, 288), PosFlotante: (940.1200,288.0000)
2025-05-19 16:48:52 - jugador - [DEBUG] - [JUGADOR_0] Iniciando gestión de colisión con dx=-3, dy=0. Hitbox actual: (943, 288)
2025-05-19 16:48:52 - jugador - [DEBUG] - [JUGADOR_0] Posición POST CH: HB: (945, 288), PosFlotante: (945.00, 288.00)
2025-05-19 16:48:52 - jugador - [DEBUG] - [JUGADOR_0] Pos flotante (pre-límites): (942.1200, 288.0000)
2025-05-19 16:48:52 - jugador - [DEBUG] - [JUGADOR_0] Pos flotante (post-límites): (942.1200, 288.0000)
2025-05-19 16:48:52 - jugador - [DEBUG] - [JUGADOR_0] Movimiento para CH: dx_int=-3, dy_int=0. HB (antes CH): (945, 288), PosFlotante: (942.1200,288.0000)
2025-05-19 16:48:52 - jugador - [DEBUG] - [JUGADOR_0] Iniciando gestión de colisión con dx=-3, dy=0. Hitbox actual: (945, 288)
2025-05-19 16:48:52 - jugador - [DEBUG] - [JUGADOR_0] Posición POST CH: HB: (947, 288), PosFlotante: (947.00, 288.00)
2025-05-19 16:48:52 - jugador - [DEBUG] - [JUGADOR_0] Pos flotante (pre-límites): (944.1200, 288.0000)
2025-05-19 16:48:52 - jugador - [DEBUG] - [JUGADOR_0] Pos flotante (post-límites): (944.1200, 288.0000)
2025-05-19 16:48:52 - jugador - [DEBUG] - [JUGADOR_0] Movimiento para CH: dx_int=-3, dy_int=0. HB (antes CH): (947, 288), PosFlotante: (944.1200,288.0000)
2025-05-19 16:48:52 - jugador - [DEBUG] - [JUGADOR_0] Iniciando gestión de colisión con dx=-3, dy=0. Hitbox actual: (947, 288)
2025-05-19 16:48:52 - jugador - [DEBUG] - [JUGADOR_0] Posición POST CH: HB: (949, 288), PosFlotante: (949.00, 288.00)
2025-05-19 16:48:52 - jugador - [DEBUG] - [JUGADOR_0] Delta flotante intentado: dx=-2.8800, dy=0.0000 (delta_time: 0.0160)
2025-05-19 16:48:52 - jugador - [DEBUG] - [JUGADOR_0] Pos flotante (pre-límites): (946.1200, 288.0000)
2025-05-19 16:48:52 - jugador - [DEBUG] - [JUGADOR_0] Pos flotante (post-límites): (946.1200, 288.0000)
2025-05-19 16:48:52 - jugador - [DEBUG] - [JUGADOR_0] Movimiento para CH: dx_int=-3, dy_int=0. HB (antes CH): (949, 288), PosFlotante: (946.1200,288.0000)
2025-05-19 16:48:52 - jugador - [DEBUG] - [JUGADOR_0] Iniciando gestión de colisión con dx=-3, dy=0. Hitbox actual: (949, 288)
2025-05-19 16:48:52 - jugador - [DEBUG] - [JUGADOR_0] Posición POST CH: HB: (951, 288), PosFlotante: (951.00, 288.00)
2025-05-19 16:48:52 - jugador - [DEBUG] - [JUGADOR_0] Input teclado procesado: mov_x_input_raw=-180, mov_y_input_raw=0
2025-05-19 16:48:52 - jugador - [DEBUG] - [JUGADOR_0] Pos flotante (pre-límites): (948.1200, 288.0000)
2025-05-19 16:48:52 - jugador - [DEBUG] - [JUGADOR_0] Pos flotante (post-límites): (948.1200, 288.0000)
2025-05-19 16:48:52 - jugador - [DEBUG] - [JUGADOR_0] Movimiento para CH: dx_int=-3, dy_int=0. HB (antes CH): (951, 288), PosFlotante: (948.1200,288.0000)
2025-05-19 16:48:52 - jugador - [DEBUG] - [JUGADOR_0] Iniciando gestión de colisión con dx=-3, dy=0. Hitbox actual: (951, 288)
2025-05-19 16:48:52 - jugador - [DEBUG] - [JUGADOR_0] Posición POST CH: HB: (953, 288), PosFlotante: (953.00, 288.00)
2025-05-19 16:48:52 - jugador - [DEBUG] - [JUGADOR_0] Pos flotante (pre-límites): (950.1200, 288.0000)
2025-05-19 16:48:52 - jugador - [DEBUG] - [JUGADOR_0] Pos flotante (post-límites): (950.1200, 288.0000)
2025-05-19 16:48:52 - jugador - [DEBUG] - [JUGADOR_0] Movimiento para CH: dx_int=-3, dy_int=0. HB (antes CH): (953, 288), PosFlotante: (950.1200,288.0000)
2025-05-19 16:48:52 - jugador - [DEBUG] - [JUGADOR_0] Iniciando gestión de colisión con dx=-3, dy=0. Hitbox actual: (953, 288)
2025-05-19 16:48:52 - jugador - [DEBUG] - [JUGADOR_0] Posición POST CH: HB: (955, 288), PosFlotante: (955.00, 288.00)
2025-05-19 16:48:52 - jugador - [INFO] - [JUGADOR_0] ATAQUE INICIADO (Cooldown: 700.0ms). Perfil: 'espada_predeterminada'
2025-05-19 16:48:53 - jugador - [DEBUG] - [JUGADOR_0] Pos flotante (pre-límites): (952.1200, 288.0000)
2025-05-19 16:48:53 - jugador - [DEBUG] - [JUGADOR_0] Pos flotante (post-límites): (952.1200, 288.0000)
2025-05-19 16:48:53 - jugador - [DEBUG] - [JUGADOR_0] Movimiento para CH: dx_int=-3, dy_int=0. HB (antes CH): (955, 288), PosFlotante: (952.1200,288.0000)
2025-05-19 16:48:53 - jugador - [DEBUG] - [JUGADOR_0] Iniciando gestión de colisión con dx=-3, dy=0. Hitbox actual: (955, 288)
2025-05-19 16:48:53 - jugador - [DEBUG] - [JUGADOR_0] Posición POST CH: HB: (957, 288), PosFlotante: (957.00, 288.00)
2025-05-19 16:48:53 - jugador - [DEBUG] - [JUGADOR_0] Hitbox ataque: <rect(903, 265, 54, 69)> (Dir: -1,0)
2025-05-19 16:48:53 - jugador - [INFO] - [JUGADOR_0] Golpeó a [Enemigo_1] con 5 de daño.
2025-05-19 16:48:53 - jugador - [INFO] - [JUGADOR_0] Golpeó a [Enemigo_2] con 5 de daño.
2025-05-19 16:48:53 - jugador - [DEBUG] - [JUGADOR_0] Delta flotante intentado: dx=-3.0600, dy=0.0000 (delta_time: 0.0170)
2025-05-19 16:48:53 - jugador - [DEBUG] - [JUGADOR_0] Pos flotante (pre-límites): (953.9400, 288.0000)
2025-05-19 16:48:53 - jugador - [DEBUG] - [JUGADOR_0] Pos flotante (post-límites): (953.9400, 288.0000)
2025-05-19 16:48:53 - jugador - [DEBUG] - [JUGADOR_0] Movimiento para CH: dx_int=-4, dy_int=0. HB (antes CH): (957, 288), PosFlotante: (953.9400,288.0000)
2025-05-19 16:48:53 - jugador - [DEBUG] - [JUGADOR_0] Iniciando gestión de colisión con dx=-4, dy=0. Hitbox actual: (957, 288)
2025-05-19 16:48:53 - jugador - [DEBUG] - [JUGADOR_0] Posición POST CH: HB: (959, 288), PosFlotante: (959.00, 288.00)
2025-05-19 16:48:53 - jugador - [DEBUG] - [JUGADOR_0] Hitbox ataque: <rect(905, 265, 54, 69)> (Dir: -1,0)
2025-05-19 16:48:53 - jugador - [DEBUG] - [JUGADOR_0] Input teclado procesado: mov_x_input_raw=-180, mov_y_input_raw=0
2025-05-19 16:48:53 - jugador - [DEBUG] - [JUGADOR_0] Delta flotante intentado: dx=-2.8800, dy=0.0000 (delta_time: 0.0160)
2025-05-19 16:48:53 - jugador - [DEBUG] - [JUGADOR_0] Pos flotante (pre-límites): (956.1200, 288.0000)
2025-05-19 16:48:53 - jugador - [DEBUG] - [JUGADOR_0] Pos flotante (post-límites): (956.1200, 288.0000)
2025-05-19 16:48:53 - jugador - [DEBUG] - [JUGADOR_0] Movimiento para CH: dx_int=-3, dy_int=0. HB (antes CH): (959, 288), PosFlotante: (956.1200,288.0000)
2025-05-19 16:48:53 - jugador - [DEBUG] - [JUGADOR_0] Iniciando gestión de colisión con dx=-3, dy=0. Hitbox actual: (959, 288)
2025-05-19 16:48:53 - jugador - [DEBUG] - [JUGADOR_0] Posición POST CH: HB: (961, 288), PosFlotante: (961.00, 288.00)
2025-05-19 16:48:53 - jugador - [DEBUG] - [JUGADOR_0] Hitbox ataque: <rect(907, 265, 54, 69)> (Dir: -1,0)
2025-05-19 16:48:53 - jugador - [DEBUG] - [JUGADOR_0] Pos flotante (pre-límites): (957.9400, 288.0000)
2025-05-19 16:48:53 - jugador - [DEBUG] - [JUGADOR_0] Pos flotante (post-límites): (957.9400, 288.0000)
2025-05-19 16:48:53 - jugador - [DEBUG] - [JUGADOR_0] Movimiento para CH: dx_int=-4, dy_int=0. HB (antes CH): (961, 288), PosFlotante: (957.9400,288.0000)
2025-05-19 16:48:53 - jugador - [DEBUG] - [JUGADOR_0] Iniciando gestión de colisión con dx=-4, dy=0. Hitbox actual: (961, 288)
2025-05-19 16:48:53 - jugador - [DEBUG] - [JUGADOR_0] Posición POST CH: HB: (963, 288), PosFlotante: (963.00, 288.00)
2025-05-19 16:48:53 - jugador - [DEBUG] - [JUGADOR_0] Hitbox ataque: <rect(909, 265, 54, 69)> (Dir: -1,0)
2025-05-19 16:48:53 - jugador - [DEBUG] - [JUGADOR_0] Pos flotante (pre-límites): (960.1200, 288.0000)
2025-05-19 16:48:53 - jugador - [DEBUG] - [JUGADOR_0] Pos flotante (post-límites): (960.1200, 288.0000)
2025-05-19 16:48:53 - jugador - [DEBUG] - [JUGADOR_0] Movimiento para CH: dx_int=-3, dy_int=0. HB (antes CH): (963, 288), PosFlotante: (960.1200,288.0000)
2025-05-19 16:48:53 - jugador - [DEBUG] - [JUGADOR_0] Iniciando gestión de colisión con dx=-3, dy=0. Hitbox actual: (963, 288)
2025-05-19 16:48:53 - jugador - [DEBUG] - [JUGADOR_0] Posición POST CH: HB: (965, 288), PosFlotante: (965.00, 288.00)
2025-05-19 16:48:53 - jugador - [DEBUG] - [JUGADOR_0] Hitbox ataque: <rect(911, 265, 54, 69)> (Dir: -1,0)
2025-05-19 16:48:53 - jugador - [DEBUG] - [JUGADOR_0] Input teclado procesado: mov_x_input_raw=-180, mov_y_input_raw=0
2025-05-19 16:48:53 - jugador - [DEBUG] - [JUGADOR_0] Delta flotante intentado: dx=-3.0600, dy=0.0000 (delta_time: 0.0170)
2025-05-19 16:48:53 - jugador - [DEBUG] - [JUGADOR_0] Pos flotante (pre-límites): (961.9400, 288.0000)
2025-05-19 16:48:53 - jugador - [DEBUG] - [JUGADOR_0] Pos flotante (post-límites): (961.9400, 288.0000)
2025-05-19 16:48:53 - jugador - [DEBUG] - [JUGADOR_0] Movimiento para CH: dx_int=-4, dy_int=0. HB (antes CH): (965, 288), PosFlotante: (961.9400,288.0000)
2025-05-19 16:48:53 - jugador - [DEBUG] - [JUGADOR_0] Iniciando gestión de colisión con dx=-4, dy=0. Hitbox actual: (965, 288)
2025-05-19 16:48:53 - jugador - [DEBUG] - [JUGADOR_0] Posición POST CH: HB: (967, 288), PosFlotante: (967.00, 288.00)
2025-05-19 16:48:53 - jugador - [DEBUG] - [JUGADOR_0] Hitbox ataque: <rect(913, 265, 54, 69)> (Dir: -1,0)
2025-05-19 16:48:53 - jugador - [DEBUG] - [JUGADOR_0] Pos flotante (pre-límites): (963.9400, 288.0000)
2025-05-19 16:48:53 - jugador - [DEBUG] - [JUGADOR_0] Pos flotante (post-límites): (963.9400, 288.0000)
2025-05-19 16:48:53 - jugador - [DEBUG] - [JUGADOR_0] Movimiento para CH: dx_int=-4, dy_int=0. HB (antes CH): (967, 288), PosFlotante: (963.9400,288.0000)
2025-05-19 16:48:53 - jugador - [DEBUG] - [JUGADOR_0] Iniciando gestión de colisión con dx=-4, dy=0. Hitbox actual: (967, 288)
2025-05-19 16:48:53 - jugador - [DEBUG] - [JUGADOR_0] Posición POST CH: HB: (969, 288), PosFlotante: (969.00, 288.00)
2025-05-19 16:48:53 - jugador - [DEBUG] - [JUGADOR_0] Hitbox ataque: <rect(915, 265, 54, 69)> (Dir: -1,0)
2025-05-19 16:48:53 - jugador - [DEBUG] - [JUGADOR_0] Delta flotante intentado: dx=-2.8800, dy=0.0000 (delta_time: 0.0160)
2025-05-19 16:48:53 - jugador - [DEBUG] - [JUGADOR_0] Pos flotante (pre-límites): (966.1200, 288.0000)
2025-05-19 16:48:53 - jugador - [DEBUG] - [JUGADOR_0] Pos flotante (post-límites): (966.1200, 288.0000)
2025-05-19 16:48:53 - jugador - [DEBUG] - [JUGADOR_0] Movimiento para CH: dx_int=-3, dy_int=0. HB (antes CH): (969, 288), PosFlotante: (966.1200,288.0000)
2025-05-19 16:48:53 - jugador - [DEBUG] - [JUGADOR_0] Iniciando gestión de colisión con dx=-3, dy=0. Hitbox actual: (969, 288)
2025-05-19 16:48:53 - jugador - [DEBUG] - [JUGADOR_0] Posición POST CH: HB: (971, 288), PosFlotante: (971.00, 288.00)
2025-05-19 16:48:53 - jugador - [DEBUG] - [JUGADOR_0] Hitbox ataque: <rect(917, 265, 54, 69)> (Dir: -1,0)
2025-05-19 16:48:53 - jugador - [DEBUG] - [JUGADOR_0] Pos flotante (pre-límites): (968.1200, 288.0000)
2025-05-19 16:48:53 - jugador - [DEBUG] - [JUGADOR_0] Pos flotante (post-límites): (968.1200, 288.0000)
2025-05-19 16:48:53 - jugador - [DEBUG] - [JUGADOR_0] Movimiento para CH: dx_int=-3, dy_int=0. HB (antes CH): (971, 288), PosFlotante: (968.1200,288.0000)
2025-05-19 16:48:53 - jugador - [DEBUG] - [JUGADOR_0] Iniciando gestión de colisión con dx=-3, dy=0. Hitbox actual: (971, 288)
2025-05-19 16:48:53 - jugador - [DEBUG] - [JUGADOR_0] Posición POST CH: HB: (973, 288), PosFlotante: (973.00, 288.00)
2025-05-19 16:48:53 - jugador - [DEBUG] - [JUGADOR_0] Hitbox ataque: <rect(919, 265, 54, 69)> (Dir: -1,0)
2025-05-19 16:48:53 - jugador - [DEBUG] - [JUGADOR_0] Input teclado procesado: mov_x_input_raw=-180, mov_y_input_raw=0
2025-05-19 16:48:53 - jugador - [DEBUG] - [JUGADOR_0] Pos flotante (pre-límites): (970.1200, 288.0000)
2025-05-19 16:48:53 - jugador - [DEBUG] - [JUGADOR_0] Pos flotante (post-límites): (970.1200, 288.0000)
2025-05-19 16:48:53 - jugador - [DEBUG] - [JUGADOR_0] Movimiento para CH: dx_int=-3, dy_int=0. HB (antes CH): (973, 288), PosFlotante: (970.1200,288.0000)
2025-05-19 16:48:53 - jugador - [DEBUG] - [JUGADOR_0] Iniciando gestión de colisión con dx=-3, dy=0. Hitbox actual: (973, 288)
2025-05-19 16:48:53 - jugador - [DEBUG] - [JUGADOR_0] Posición POST CH: HB: (975, 288), PosFlotante: (975.00, 288.00)
2025-05-19 16:48:53 - jugador - [DEBUG] - [JUGADOR_0] Hitbox ataque: <rect(921, 265, 54, 69)> (Dir: -1,0)
2025-05-19 16:48:53 - jugador - [DEBUG] - [JUGADOR_0] Intento de ataque en cooldown (700.0ms). Tiempo desde último: 164ms
2025-05-19 16:48:53 - jugador - [DEBUG] - [JUGADOR_0] Pos flotante (pre-límites): (972.1200, 288.0000)
2025-05-19 16:48:53 - jugador - [DEBUG] - [JUGADOR_0] Pos flotante (post-límites): (972.1200, 288.0000)
2025-05-19 16:48:53 - jugador - [DEBUG] - [JUGADOR_0] Movimiento para CH: dx_int=-3, dy_int=0. HB (antes CH): (975, 288), PosFlotante: (972.1200,288.0000)
2025-05-19 16:48:53 - jugador - [DEBUG] - [JUGADOR_0] Iniciando gestión de colisión con dx=-3, dy=0. Hitbox actual: (975, 288)
2025-05-19 16:48:53 - jugador - [DEBUG] - [JUGADOR_0] Posición POST CH: HB: (977, 288), PosFlotante: (977.00, 288.00)
2025-05-19 16:48:53 - jugador - [DEBUG] - [JUGADOR_0] Hitbox ataque: <rect(923, 265, 54, 69)> (Dir: -1,0)
2025-05-19 16:48:53 - jugador - [DEBUG] - [JUGADOR_0] Delta flotante intentado: dx=-2.8800, dy=0.0000 (delta_time: 0.0160)
2025-05-19 16:48:53 - jugador - [DEBUG] - [JUGADOR_0] Pos flotante (pre-límites): (974.1200, 288.0000)
2025-05-19 16:48:53 - jugador - [DEBUG] - [JUGADOR_0] Pos flotante (post-límites): (974.1200, 288.0000)
2025-05-19 16:48:53 - jugador - [DEBUG] - [JUGADOR_0] Movimiento para CH: dx_int=-3, dy_int=0. HB (antes CH): (977, 288), PosFlotante: (974.1200,288.0000)
2025-05-19 16:48:53 - jugador - [DEBUG] - [JUGADOR_0] Iniciando gestión de colisión con dx=-3, dy=0. Hitbox actual: (977, 288)
2025-05-19 16:48:53 - jugador - [DEBUG] - [JUGADOR_0] Posición POST CH: HB: (979, 288), PosFlotante: (979.00, 288.00)
2025-05-19 16:48:53 - jugador - [DEBUG] - [JUGADOR_0] Hitbox ataque: <rect(925, 265, 54, 69)> (Dir: -1,0)
2025-05-19 16:48:53 - jugador - [DEBUG] - [JUGADOR_0] Delta flotante intentado: dx=-3.0600, dy=0.0000 (delta_time: 0.0170)
2025-05-19 16:48:53 - jugador - [DEBUG] - [JUGADOR_0] Pos flotante (pre-límites): (975.9400, 288.0000)
2025-05-19 16:48:53 - jugador - [DEBUG] - [JUGADOR_0] Pos flotante (post-límites): (975.9400, 288.0000)
2025-05-19 16:48:53 - jugador - [DEBUG] - [JUGADOR_0] Movimiento para CH: dx_int=-4, dy_int=0. HB (antes CH): (979, 288), PosFlotante: (975.9400,288.0000)
2025-05-19 16:48:53 - jugador - [DEBUG] - [JUGADOR_0] Iniciando gestión de colisión con dx=-4, dy=0. Hitbox actual: (979, 288)
2025-05-19 16:48:53 - jugador - [DEBUG] - [JUGADOR_0] Posición POST CH: HB: (981, 288), PosFlotante: (981.00, 288.00)
2025-05-19 16:48:53 - jugador - [DEBUG] - [JUGADOR_0] Hitbox ataque: <rect(927, 265, 54, 69)> (Dir: -1,0)
2025-05-19 16:48:53 - jugador - [DEBUG] - [JUGADOR_0] Input teclado procesado: mov_x_input_raw=-180, mov_y_input_raw=0
2025-05-19 16:48:53 - jugador - [DEBUG] - [JUGADOR_0] Pos flotante (pre-límites): (978.1200, 288.0000)
2025-05-19 16:48:53 - jugador - [DEBUG] - [JUGADOR_0] Pos flotante (post-límites): (978.1200, 288.0000)
2025-05-19 16:48:53 - jugador - [DEBUG] - [JUGADOR_0] Movimiento para CH: dx_int=-3, dy_int=0. HB (antes CH): (981, 288), PosFlotante: (978.1200,288.0000)
2025-05-19 16:48:53 - jugador - [DEBUG] - [JUGADOR_0] Iniciando gestión de colisión con dx=-3, dy=0. Hitbox actual: (981, 288)
2025-05-19 16:48:53 - jugador - [DEBUG] - [JUGADOR_0] Posición POST CH: HB: (983, 288), PosFlotante: (983.00, 288.00)
2025-05-19 16:48:53 - jugador - [DEBUG] - [JUGADOR_0] Hitbox ataque: <rect(929, 265, 54, 69)> (Dir: -1,0)
2025-05-19 16:48:53 - jugador - [DEBUG] - [JUGADOR_0] Pos flotante (pre-límites): (980.1200, 288.0000)
2025-05-19 16:48:53 - jugador - [DEBUG] - [JUGADOR_0] Pos flotante (post-límites): (980.1200, 288.0000)
2025-05-19 16:48:53 - jugador - [DEBUG] - [JUGADOR_0] Movimiento para CH: dx_int=-3, dy_int=0. HB (antes CH): (983, 288), PosFlotante: (980.1200,288.0000)
2025-05-19 16:48:53 - jugador - [DEBUG] - [JUGADOR_0] Iniciando gestión de colisión con dx=-3, dy=0. Hitbox actual: (983, 288)
2025-05-19 16:48:53 - jugador - [DEBUG] - [JUGADOR_0] Posición POST CH: HB: (985, 288), PosFlotante: (985.00, 288.00)
2025-05-19 16:48:53 - jugador - [DEBUG] - [JUGADOR_0] Hitbox ataque: <rect(931, 265, 54, 69)> (Dir: -1,0)
2025-05-19 16:48:53 - jugador - [DEBUG] - [JUGADOR_0] Pos flotante (pre-límites): (981.9400, 288.0000)
2025-05-19 16:48:53 - jugador - [DEBUG] - [JUGADOR_0] Pos flotante (post-límites): (981.9400, 288.0000)
2025-05-19 16:48:53 - jugador - [DEBUG] - [JUGADOR_0] Movimiento para CH: dx_int=-4, dy_int=0. HB (antes CH): (985, 288), PosFlotante: (981.9400,288.0000)
2025-05-19 16:48:53 - jugador - [DEBUG] - [JUGADOR_0] Iniciando gestión de colisión con dx=-4, dy=0. Hitbox actual: (985, 288)
2025-05-19 16:48:53 - jugador - [DEBUG] - [JUGADOR_0] Posición POST CH: HB: (987, 288), PosFlotante: (987.00, 288.00)
2025-05-19 16:48:53 - jugador - [DEBUG] - [JUGADOR_0] Hitbox ataque: <rect(933, 265, 54, 69)> (Dir: -1,0)
2025-05-19 16:48:53 - jugador - [DEBUG] - [JUGADOR_0] Delta flotante intentado: dx=-2.8800, dy=0.0000 (delta_time: 0.0160)
2025-05-19 16:48:53 - jugador - [DEBUG] - [JUGADOR_0] Pos flotante (pre-límites): (984.1200, 288.0000)
2025-05-19 16:48:53 - jugador - [DEBUG] - [JUGADOR_0] Pos flotante (post-límites): (984.1200, 288.0000)
2025-05-19 16:48:53 - jugador - [DEBUG] - [JUGADOR_0] Movimiento para CH: dx_int=-3, dy_int=0. HB (antes CH): (987, 288), PosFlotante: (984.1200,288.0000)
2025-05-19 16:48:53 - jugador - [DEBUG] - [JUGADOR_0] Iniciando gestión de colisión con dx=-3, dy=0. Hitbox actual: (987, 288)
2025-05-19 16:48:53 - jugador - [DEBUG] - [JUGADOR_0] Posición POST CH: HB: (989, 288), PosFlotante: (989.00, 288.00)
2025-05-19 16:48:53 - jugador - [DEBUG] - [JUGADOR_0] ATAQUE FINALIZADO (Duración: 260ms). Enemigos golpeados: 2
2025-05-19 16:48:53 - jugador - [DEBUG] - [JUGADOR_0] Input teclado procesado: mov_x_input_raw=-180, mov_y_input_raw=0
2025-05-19 16:48:53 - jugador - [DEBUG] - [JUGADOR_0] Delta flotante intentado: dx=-3.0600, dy=0.0000 (delta_time: 0.0170)
2025-05-19 16:48:53 - jugador - [DEBUG] - [JUGADOR_0] Pos flotante (pre-límites): (985.9400, 288.0000)
2025-05-19 16:48:53 - jugador - [DEBUG] - [JUGADOR_0] Pos flotante (post-límites): (985.9400, 288.0000)
2025-05-19 16:48:53 - jugador - [DEBUG] - [JUGADOR_0] Movimiento para CH: dx_int=-4, dy_int=0. HB (antes CH): (989, 288), PosFlotante: (985.9400,288.0000)
2025-05-19 16:48:53 - jugador - [DEBUG] - [JUGADOR_0] Iniciando gestión de colisión con dx=-4, dy=0. Hitbox actual: (989, 288)
2025-05-19 16:48:53 - jugador - [DEBUG] - [JUGADOR_0] Posición POST CH: HB: (991, 288), PosFlotante: (991.00, 288.00)
2025-05-19 16:48:53 - jugador - [DEBUG] - [JUGADOR_0] Pos flotante (pre-límites): (987.9400, 288.0000)
2025-05-19 16:48:53 - jugador - [DEBUG] - [JUGADOR_0] Pos flotante (post-límites): (987.9400, 288.0000)
2025-05-19 16:48:53 - jugador - [DEBUG] - [JUGADOR_0] Movimiento para CH: dx_int=-4, dy_int=0. HB (antes CH): (991, 288), PosFlotante: (987.9400,288.0000)
2025-05-19 16:48:53 - jugador - [DEBUG] - [JUGADOR_0] Iniciando gestión de colisión con dx=-4, dy=0. Hitbox actual: (991, 288)
2025-05-19 16:48:53 - jugador - [DEBUG] - [JUGADOR_0] Posición POST CH: HB: (993, 288), PosFlotante: (993.00, 288.00)
2025-05-19 16:48:53 - jugador - [DEBUG] - [JUGADOR_0] Delta flotante intentado: dx=-2.8800, dy=0.0000 (delta_time: 0.0160)
2025-05-19 16:48:53 - jugador - [DEBUG] - [JUGADOR_0] Pos flotante (pre-límites): (990.1200, 288.0000)
2025-05-19 16:48:53 - jugador - [DEBUG] - [JUGADOR_0] Pos flotante (post-límites): (990.1200, 288.0000)
2025-05-19 16:48:53 - jugador - [DEBUG] - [JUGADOR_0] Movimiento para CH: dx_int=-3, dy_int=0. HB (antes CH): (993, 288), PosFlotante: (990.1200,288.0000)
2025-05-19 16:48:53 - jugador - [DEBUG] - [JUGADOR_0] Iniciando gestión de colisión con dx=-3, dy=0. Hitbox actual: (993, 288)
2025-05-19 16:48:53 - jugador - [DEBUG] - [JUGADOR_0] Posición POST CH: HB: (995, 288), PosFlotante: (995.00, 288.00)
2025-05-19 16:48:53 - jugador - [DEBUG] - [JUGADOR_0] Pos flotante (pre-límites): (992.1200, 288.0000)
2025-05-19 16:48:53 - jugador - [DEBUG] - [JUGADOR_0] Pos flotante (post-límites): (992.1200, 288.0000)
2025-05-19 16:48:53 - jugador - [DEBUG] - [JUGADOR_0] Movimiento para CH: dx_int=-3, dy_int=0. HB (antes CH): (995, 288), PosFlotante: (992.1200,288.0000)
2025-05-19 16:48:53 - jugador - [DEBUG] - [JUGADOR_0] Iniciando gestión de colisión con dx=-3, dy=0. Hitbox actual: (995, 288)
2025-05-19 16:48:53 - jugador - [DEBUG] - [JUGADOR_0] Posición POST CH: HB: (997, 288), PosFlotante: (997.00, 288.00)
2025-05-19 16:48:53 - jugador - [DEBUG] - [JUGADOR_0] Intento de ataque en cooldown (700.0ms). Tiempo desde último: 345ms
2025-05-19 16:48:53 - jugador - [DEBUG] - [JUGADOR_0] Input teclado procesado: mov_x_input_raw=-180, mov_y_input_raw=0
2025-05-19 16:48:53 - jugador - [DEBUG] - [JUGADOR_0] Delta flotante intentado: dx=-3.0600, dy=0.0000 (delta_time: 0.0170)
2025-05-19 16:48:53 - jugador - [DEBUG] - [JUGADOR_0] Pos flotante (pre-límites): (993.9400, 288.0000)
2025-05-19 16:48:53 - jugador - [DEBUG] - [JUGADOR_0] Pos flotante (post-límites): (993.9400, 288.0000)
2025-05-19 16:48:53 - jugador - [DEBUG] - [JUGADOR_0] Movimiento para CH: dx_int=-4, dy_int=0. HB (antes CH): (997, 288), PosFlotante: (993.9400,288.0000)
2025-05-19 16:48:53 - jugador - [DEBUG] - [JUGADOR_0] Iniciando gestión de colisión con dx=-4, dy=0. Hitbox actual: (997, 288)
2025-05-19 16:48:53 - jugador - [DEBUG] - [JUGADOR_0] Posición POST CH: HB: (999, 288), PosFlotante: (999.00, 288.00)
2025-05-19 16:48:53 - jugador - [DEBUG] - [JUGADOR_0] Pos flotante (pre-límites): (996.1200, 288.0000)
2025-05-19 16:48:53 - jugador - [DEBUG] - [JUGADOR_0] Pos flotante (post-límites): (996.1200, 288.0000)
2025-05-19 16:48:53 - jugador - [DEBUG] - [JUGADOR_0] Movimiento para CH: dx_int=-3, dy_int=0. HB (antes CH): (999, 288), PosFlotante: (996.1200,288.0000)
2025-05-19 16:48:53 - jugador - [DEBUG] - [JUGADOR_0] Iniciando gestión de colisión con dx=-3, dy=0. Hitbox actual: (999, 288)
2025-05-19 16:48:53 - jugador - [DEBUG] - [JUGADOR_0] Posición POST CH: HB: (1001, 288), PosFlotante: (1001.00, 288.00)
2025-05-19 16:48:53 - jugador - [DEBUG] - [JUGADOR_0] Pos flotante (pre-límites): (997.9400, 288.0000)
2025-05-19 16:48:53 - jugador - [DEBUG] - [JUGADOR_0] Pos flotante (post-límites): (997.9400, 288.0000)
2025-05-19 16:48:53 - jugador - [DEBUG] - [JUGADOR_0] Movimiento para CH: dx_int=-4, dy_int=0. HB (antes CH): (1001, 288), PosFlotante: (997.9400,288.0000)
2025-05-19 16:48:53 - jugador - [DEBUG] - [JUGADOR_0] Iniciando gestión de colisión con dx=-4, dy=0. Hitbox actual: (1001, 288)
2025-05-19 16:48:53 - jugador - [DEBUG] - [JUGADOR_0] Posición POST CH: HB: (1003, 288), PosFlotante: (1003.00, 288.00)
2025-05-19 16:48:53 - jugador - [DEBUG] - [JUGADOR_0] Pos flotante (pre-límites): (999.9400, 288.0000)
2025-05-19 16:48:53 - jugador - [DEBUG] - [JUGADOR_0] Pos flotante (post-límites): (999.9400, 288.0000)
2025-05-19 16:48:53 - jugador - [DEBUG] - [JUGADOR_0] Movimiento para CH: dx_int=-4, dy_int=0. HB (antes CH): (1003, 288), PosFlotante: (999.9400,288.0000)
2025-05-19 16:48:53 - jugador - [DEBUG] - [JUGADOR_0] Iniciando gestión de colisión con dx=-4, dy=0. Hitbox actual: (1003, 288)
2025-05-19 16:48:53 - jugador - [DEBUG] - [JUGADOR_0] Posición POST CH: HB: (1005, 288), PosFlotante: (1005.00, 288.00)
2025-05-19 16:48:53 - jugador - [DEBUG] - [JUGADOR_0] Input teclado procesado: mov_x_input_raw=-180, mov_y_input_raw=0
2025-05-19 16:48:53 - jugador - [DEBUG] - [JUGADOR_0] Delta flotante intentado: dx=-3.0600, dy=0.0000 (delta_time: 0.0170)
2025-05-19 16:48:53 - jugador - [DEBUG] - [JUGADOR_0] Pos flotante (pre-límites): (1001.9400, 288.0000)
2025-05-19 16:48:53 - jugador - [DEBUG] - [JUGADOR_0] Pos flotante (post-límites): (1001.9400, 288.0000)
2025-05-19 16:48:53 - jugador - [DEBUG] - [JUGADOR_0] Movimiento para CH: dx_int=-4, dy_int=0. HB (antes CH): (1005, 288), PosFlotante: (1001.9400,288.0000)
2025-05-19 16:48:53 - jugador - [DEBUG] - [JUGADOR_0] Iniciando gestión de colisión con dx=-4, dy=0. Hitbox actual: (1005, 288)
2025-05-19 16:48:53 - jugador - [DEBUG] - [JUGADOR_0] Posición POST CH: HB: (1007, 288), PosFlotante: (1007.00, 288.00)
2025-05-19 16:48:53 - jugador - [DEBUG] - [JUGADOR_0] Delta flotante intentado: dx=-2.8800, dy=0.0000 (delta_time: 0.0160)
2025-05-19 16:48:53 - jugador - [DEBUG] - [JUGADOR_0] Pos flotante (pre-límites): (1004.1200, 288.0000)
2025-05-19 16:48:53 - jugador - [DEBUG] - [JUGADOR_0] Pos flotante (post-límites): (1004.1200, 288.0000)
2025-05-19 16:48:53 - jugador - [DEBUG] - [JUGADOR_0] Movimiento para CH: dx_int=-3, dy_int=0. HB (antes CH): (1007, 288), PosFlotante: (1004.1200,288.0000)
2025-05-19 16:48:53 - jugador - [DEBUG] - [JUGADOR_0] Iniciando gestión de colisión con dx=-3, dy=0. Hitbox actual: (1007, 288)
2025-05-19 16:48:53 - jugador - [DEBUG] - [JUGADOR_0] Posición POST CH: HB: (1009, 288), PosFlotante: (1009.00, 288.00)
2025-05-19 16:48:53 - jugador - [DEBUG] - [JUGADOR_0] Pos flotante (pre-límites): (1006.1200, 288.0000)
2025-05-19 16:48:53 - jugador - [DEBUG] - [JUGADOR_0] Pos flotante (post-límites): (1006.1200, 288.0000)
2025-05-19 16:48:53 - jugador - [DEBUG] - [JUGADOR_0] Movimiento para CH: dx_int=-3, dy_int=0. HB (antes CH): (1009, 288), PosFlotante: (1006.1200,288.0000)
2025-05-19 16:48:53 - jugador - [DEBUG] - [JUGADOR_0] Iniciando gestión de colisión con dx=-3, dy=0. Hitbox actual: (1009, 288)
2025-05-19 16:48:53 - jugador - [DEBUG] - [JUGADOR_0] Posición POST CH: HB: (1011, 288), PosFlotante: (1011.00, 288.00)
2025-05-19 16:48:53 - jugador - [DEBUG] - [JUGADOR_0] Pos flotante (pre-límites): (1007.9400, 288.0000)
2025-05-19 16:48:53 - jugador - [DEBUG] - [JUGADOR_0] Pos flotante (post-límites): (1007.9400, 288.0000)
2025-05-19 16:48:53 - jugador - [DEBUG] - [JUGADOR_0] Movimiento para CH: dx_int=-4, dy_int=0. HB (antes CH): (1011, 288), PosFlotante: (1007.9400,288.0000)
2025-05-19 16:48:53 - jugador - [DEBUG] - [JUGADOR_0] Iniciando gestión de colisión con dx=-4, dy=0. Hitbox actual: (1011, 288)
2025-05-19 16:48:53 - jugador - [DEBUG] - [JUGADOR_0] Posición POST CH: HB: (1013, 288), PosFlotante: (1013.00, 288.00)
2025-05-19 16:48:53 - jugador - [DEBUG] - [JUGADOR_0] Input teclado procesado: mov_x_input_raw=-180, mov_y_input_raw=0
2025-05-19 16:48:53 - jugador - [DEBUG] - [JUGADOR_0] Pos flotante (pre-límites): (1010.1200, 288.0000)
2025-05-19 16:48:53 - jugador - [DEBUG] - [JUGADOR_0] Pos flotante (post-límites): (1010.1200, 288.0000)
2025-05-19 16:48:53 - jugador - [DEBUG] - [JUGADOR_0] Movimiento para CH: dx_int=-3, dy_int=0. HB (antes CH): (1013, 288), PosFlotante: (1010.1200,288.0000)
2025-05-19 16:48:53 - jugador - [DEBUG] - [JUGADOR_0] Iniciando gestión de colisión con dx=-3, dy=0. Hitbox actual: (1013, 288)
2025-05-19 16:48:53 - jugador - [DEBUG] - [JUGADOR_0] Posición POST CH: HB: (1015, 288), PosFlotante: (1015.00, 288.00)
2025-05-19 16:48:53 - jugador - [DEBUG] - [JUGADOR_0] Delta flotante intentado: dx=-2.8800, dy=0.0000 (delta_time: 0.0160)
2025-05-19 16:48:53 - jugador - [DEBUG] - [JUGADOR_0] Pos flotante (pre-límites): (1012.1200, 288.0000)
2025-05-19 16:48:53 - jugador - [DEBUG] - [JUGADOR_0] Pos flotante (post-límites): (1012.1200, 288.0000)
2025-05-19 16:48:53 - jugador - [DEBUG] - [JUGADOR_0] Movimiento para CH: dx_int=-3, dy_int=0. HB (antes CH): (1015, 288), PosFlotante: (1012.1200,288.0000)
2025-05-19 16:48:53 - jugador - [DEBUG] - [JUGADOR_0] Iniciando gestión de colisión con dx=-3, dy=0. Hitbox actual: (1015, 288)
2025-05-19 16:48:53 - jugador - [DEBUG] - [JUGADOR_0] Posición POST CH: HB: (1017, 288), PosFlotante: (1017.00, 288.00)
2025-05-19 16:48:53 - jugador - [DEBUG] - [JUGADOR_0] Delta flotante intentado: dx=-3.0600, dy=0.0000 (delta_time: 0.0170)
2025-05-19 16:48:53 - jugador - [DEBUG] - [JUGADOR_0] Pos flotante (pre-límites): (1013.9400, 288.0000)
2025-05-19 16:48:53 - jugador - [DEBUG] - [JUGADOR_0] Pos flotante (post-límites): (1013.9400, 288.0000)
2025-05-19 16:48:53 - jugador - [DEBUG] - [JUGADOR_0] Movimiento para CH: dx_int=-4, dy_int=0. HB (antes CH): (1017, 288), PosFlotante: (1013.9400,288.0000)
2025-05-19 16:48:53 - jugador - [DEBUG] - [JUGADOR_0] Iniciando gestión de colisión con dx=-4, dy=0. Hitbox actual: (1017, 288)
2025-05-19 16:48:53 - jugador - [DEBUG] - [JUGADOR_0] Posición POST CH: HB: (1019, 288), PosFlotante: (1019.00, 288.00)
2025-05-19 16:48:53 - jugador - [DEBUG] - [JUGADOR_0] Intento de ataque en cooldown (700.0ms). Tiempo desde último: 527ms
2025-05-19 16:48:53 - jugador - [DEBUG] - [JUGADOR_0] Input teclado procesado: mov_x_input_raw=-180, mov_y_input_raw=0
2025-05-19 16:48:53 - jugador - [DEBUG] - [JUGADOR_0] Delta flotante intentado: dx=-3.2400, dy=0.0000 (delta_time: 0.0180)
2025-05-19 16:48:53 - jugador - [DEBUG] - [JUGADOR_0] Pos flotante (pre-límites): (1015.7600, 288.0000)
2025-05-19 16:48:53 - jugador - [DEBUG] - [JUGADOR_0] Pos flotante (post-límites): (1015.7600, 288.0000)
2025-05-19 16:48:53 - jugador - [DEBUG] - [JUGADOR_0] Movimiento para CH: dx_int=-4, dy_int=0. HB (antes CH): (1019, 288), PosFlotante: (1015.7600,288.0000)
2025-05-19 16:48:53 - jugador - [DEBUG] - [JUGADOR_0] Iniciando gestión de colisión con dx=-4, dy=0. Hitbox actual: (1019, 288)
2025-05-19 16:48:53 - jugador - [DEBUG] - [JUGADOR_0] Posición POST CH: HB: (1021, 288), PosFlotante: (1021.00, 288.00)
2025-05-19 16:48:53 - jugador - [DEBUG] - [JUGADOR_0] Delta flotante intentado: dx=-3.4200, dy=0.0000 (delta_time: 0.0190)
2025-05-19 16:48:53 - jugador - [DEBUG] - [JUGADOR_0] Pos flotante (pre-límites): (1017.5800, 288.0000)
2025-05-19 16:48:53 - jugador - [DEBUG] - [JUGADOR_0] Pos flotante (post-límites): (1017.5800, 288.0000)
2025-05-19 16:48:53 - jugador - [DEBUG] - [JUGADOR_0] Movimiento para CH: dx_int=-4, dy_int=0. HB (antes CH): (1021, 288), PosFlotante: (1017.5800,288.0000)
2025-05-19 16:48:53 - jugador - [DEBUG] - [JUGADOR_0] Iniciando gestión de colisión con dx=-4, dy=0. Hitbox actual: (1021, 288)
2025-05-19 16:48:53 - jugador - [DEBUG] - [JUGADOR_0] Posición POST CH: HB: (1023, 288), PosFlotante: (1023.00, 288.00)
2025-05-19 16:48:53 - jugador - [DEBUG] - [JUGADOR_0] Delta flotante intentado: dx=-2.8800, dy=0.0000 (delta_time: 0.0160)
2025-05-19 16:48:53 - jugador - [DEBUG] - [JUGADOR_0] Pos flotante (pre-límites): (1020.1200, 288.0000)
2025-05-19 16:48:53 - jugador - [DEBUG] - [JUGADOR_0] Pos flotante (post-límites): (1020.1200, 288.0000)
2025-05-19 16:48:53 - jugador - [DEBUG] - [JUGADOR_0] Movimiento para CH: dx_int=-3, dy_int=0. HB (antes CH): (1023, 288), PosFlotante: (1020.1200,288.0000)
2025-05-19 16:48:53 - jugador - [DEBUG] - [JUGADOR_0] Iniciando gestión de colisión con dx=-3, dy=0. Hitbox actual: (1023, 288)
2025-05-19 16:48:53 - jugador - [DEBUG] - [JUGADOR_0] Posición POST CH: HB: (1025, 288), PosFlotante: (1025.00, 288.00)
2025-05-19 16:48:53 - jugador - [DEBUG] - [JUGADOR_0] Input teclado procesado: mov_x_input_raw=-180, mov_y_input_raw=0
2025-05-19 16:48:53 - jugador - [DEBUG] - [JUGADOR_0] Pos flotante (pre-límites): (1022.1200, 288.0000)
2025-05-19 16:48:53 - jugador - [DEBUG] - [JUGADOR_0] Pos flotante (post-límites): (1022.1200, 288.0000)
2025-05-19 16:48:53 - jugador - [DEBUG] - [JUGADOR_0] Movimiento para CH: dx_int=-3, dy_int=0. HB (antes CH): (1025, 288), PosFlotante: (1022.1200,288.0000)
2025-05-19 16:48:53 - jugador - [DEBUG] - [JUGADOR_0] Iniciando gestión de colisión con dx=-3, dy=0. Hitbox actual: (1025, 288)
2025-05-19 16:48:53 - jugador - [DEBUG] - [JUGADOR_0] Posición POST CH: HB: (1027, 288), PosFlotante: (1027.00, 288.00)
2025-05-19 16:48:53 - jugador - [DEBUG] - [JUGADOR_0] Pos flotante (pre-límites): (1024.1200, 288.0000)
2025-05-19 16:48:53 - jugador - [DEBUG] - [JUGADOR_0] Pos flotante (post-límites): (1024.1200, 288.0000)
2025-05-19 16:48:53 - jugador - [DEBUG] - [JUGADOR_0] Movimiento para CH: dx_int=-3, dy_int=0. HB (antes CH): (1027, 288), PosFlotante: (1024.1200,288.0000)
2025-05-19 16:48:53 - jugador - [DEBUG] - [JUGADOR_0] Iniciando gestión de colisión con dx=-3, dy=0. Hitbox actual: (1027, 288)
2025-05-19 16:48:53 - jugador - [DEBUG] - [JUGADOR_0] Posición POST CH: HB: (1029, 288), PosFlotante: (1029.00, 288.00)
2025-05-19 16:48:53 - jugador - [DEBUG] - [JUGADOR_0] Pos flotante (pre-límites): (1026.1200, 288.0000)
2025-05-19 16:48:53 - jugador - [DEBUG] - [JUGADOR_0] Pos flotante (post-límites): (1026.1200, 288.0000)
2025-05-19 16:48:53 - jugador - [DEBUG] - [JUGADOR_0] Movimiento para CH: dx_int=-3, dy_int=0. HB (antes CH): (1029, 288), PosFlotante: (1026.1200,288.0000)
2025-05-19 16:48:53 - jugador - [DEBUG] - [JUGADOR_0] Iniciando gestión de colisión con dx=-3, dy=0. Hitbox actual: (1029, 288)
2025-05-19 16:48:53 - jugador - [DEBUG] - [JUGADOR_0] Posición POST CH: HB: (1031, 288), PosFlotante: (1031.00, 288.00)
2025-05-19 16:48:53 - jugador - [DEBUG] - [JUGADOR_0] Delta flotante intentado: dx=-2.8800, dy=0.0000 (delta_time: 0.0160)
2025-05-19 16:48:53 - jugador - [DEBUG] - [JUGADOR_0] Pos flotante (pre-límites): (1028.1200, 288.0000)
2025-05-19 16:48:53 - jugador - [DEBUG] - [JUGADOR_0] Pos flotante (post-límites): (1028.1200, 288.0000)
2025-05-19 16:48:53 - jugador - [DEBUG] - [JUGADOR_0] Movimiento para CH: dx_int=-3, dy_int=0. HB (antes CH): (1031, 288), PosFlotante: (1028.1200,288.0000)
2025-05-19 16:48:53 - jugador - [DEBUG] - [JUGADOR_0] Iniciando gestión de colisión con dx=-3, dy=0. Hitbox actual: (1031, 288)
2025-05-19 16:48:53 - jugador - [DEBUG] - [JUGADOR_0] Posición POST CH: HB: (1033, 288), PosFlotante: (1033.00, 288.00)
2025-05-19 16:48:53 - jugador - [DEBUG] - [JUGADOR_0] Input teclado procesado: mov_x_input_raw=-180, mov_y_input_raw=0
2025-05-19 16:48:53 - jugador - [DEBUG] - [JUGADOR_0] Pos flotante (pre-límites): (1030.1200, 288.0000)
2025-05-19 16:48:53 - jugador - [DEBUG] - [JUGADOR_0] Pos flotante (post-límites): (1030.1200, 288.0000)
2025-05-19 16:48:53 - jugador - [DEBUG] - [JUGADOR_0] Movimiento para CH: dx_int=-3, dy_int=0. HB (antes CH): (1033, 288), PosFlotante: (1030.1200,288.0000)
2025-05-19 16:48:53 - jugador - [DEBUG] - [JUGADOR_0] Iniciando gestión de colisión con dx=-3, dy=0. Hitbox actual: (1033, 288)
2025-05-19 16:48:53 - jugador - [DEBUG] - [JUGADOR_0] Posición POST CH: HB: (1035, 288), PosFlotante: (1035.00, 288.00)
2025-05-19 16:48:53 - jugador - [DEBUG] - [JUGADOR_0] Pos flotante (pre-límites): (1032.1200, 288.0000)
2025-05-19 16:48:53 - jugador - [DEBUG] - [JUGADOR_0] Pos flotante (post-límites): (1032.1200, 288.0000)
2025-05-19 16:48:53 - jugador - [DEBUG] - [JUGADOR_0] Movimiento para CH: dx_int=-3, dy_int=0. HB (antes CH): (1035, 288), PosFlotante: (1032.1200,288.0000)
2025-05-19 16:48:53 - jugador - [DEBUG] - [JUGADOR_0] Iniciando gestión de colisión con dx=-3, dy=0. Hitbox actual: (1035, 288)
2025-05-19 16:48:53 - jugador - [DEBUG] - [JUGADOR_0] Posición POST CH: HB: (1037, 288), PosFlotante: (1037.00, 288.00)
2025-05-19 16:48:53 - jugador - [DEBUG] - [JUGADOR_0] Pos flotante (pre-límites): (1034.1200, 288.0000)
2025-05-19 16:48:53 - jugador - [DEBUG] - [JUGADOR_0] Pos flotante (post-límites): (1034.1200, 288.0000)
2025-05-19 16:48:53 - jugador - [DEBUG] - [JUGADOR_0] Movimiento para CH: dx_int=-3, dy_int=0. HB (antes CH): (1037, 288), PosFlotante: (1034.1200,288.0000)
2025-05-19 16:48:53 - jugador - [DEBUG] - [JUGADOR_0] Iniciando gestión de colisión con dx=-3, dy=0. Hitbox actual: (1037, 288)
2025-05-19 16:48:53 - jugador - [DEBUG] - [JUGADOR_0] Posición POST CH: HB: (1039, 288), PosFlotante: (1039.00, 288.00)
2025-05-19 16:48:53 - jugador - [DEBUG] - [JUGADOR_0] Delta flotante intentado: dx=-2.8800, dy=0.0000 (delta_time: 0.0160)
2025-05-19 16:48:53 - jugador - [DEBUG] - [JUGADOR_0] Pos flotante (pre-límites): (1036.1200, 288.0000)
2025-05-19 16:48:53 - jugador - [DEBUG] - [JUGADOR_0] Pos flotante (post-límites): (1036.1200, 288.0000)
2025-05-19 16:48:53 - jugador - [DEBUG] - [JUGADOR_0] Movimiento para CH: dx_int=-3, dy_int=0. HB (antes CH): (1039, 288), PosFlotante: (1036.1200,288.0000)
2025-05-19 16:48:53 - jugador - [DEBUG] - [JUGADOR_0] Iniciando gestión de colisión con dx=-3, dy=0. Hitbox actual: (1039, 288)
2025-05-19 16:48:53 - jugador - [DEBUG] - [JUGADOR_0] Posición POST CH: HB: (1041, 288), PosFlotante: (1041.00, 288.00)
2025-05-19 16:48:53 - jugador - [INFO] - [JUGADOR_0] ATAQUE INICIADO (Cooldown: 700.0ms). Perfil: 'espada_predeterminada'
2025-05-19 16:48:53 - jugador - [DEBUG] - [JUGADOR_0] Input teclado procesado: mov_x_input_raw=-180, mov_y_input_raw=0
2025-05-19 16:48:53 - jugador - [DEBUG] - [JUGADOR_0] Delta flotante intentado: dx=-3.0600, dy=0.0000 (delta_time: 0.0170)
2025-05-19 16:48:53 - jugador - [DEBUG] - [JUGADOR_0] Pos flotante (pre-límites): (1037.9400, 288.0000)
2025-05-19 16:48:53 - jugador - [DEBUG] - [JUGADOR_0] Pos flotante (post-límites): (1037.9400, 288.0000)
2025-05-19 16:48:53 - jugador - [DEBUG] - [JUGADOR_0] Movimiento para CH: dx_int=-4, dy_int=0. HB (antes CH): (1041, 288), PosFlotante: (1037.9400,288.0000)
2025-05-19 16:48:53 - jugador - [DEBUG] - [JUGADOR_0] Iniciando gestión de colisión con dx=-4, dy=0. Hitbox actual: (1041, 288)
2025-05-19 16:48:53 - jugador - [DEBUG] - [JUGADOR_0] Posición POST CH: HB: (1043, 288), PosFlotante: (1043.00, 288.00)
2025-05-19 16:48:53 - jugador - [DEBUG] - [JUGADOR_0] Hitbox ataque: <rect(989, 265, 54, 69)> (Dir: -1,0)
2025-05-19 16:48:53 - jugador - [INFO] - [JUGADOR_0] Golpeó a [Enemigo_1] con 5 de daño.
2025-05-19 16:48:53 - jugador - [INFO] - [JUGADOR_0] Golpeó a [Enemigo_2] con 5 de daño.
2025-05-19 16:48:53 - jugador - [DEBUG] - [JUGADOR_0] Pos flotante (pre-límites): (1040.1200, 288.0000)
2025-05-19 16:48:53 - jugador - [DEBUG] - [JUGADOR_0] Pos flotante (post-límites): (1040.1200, 288.0000)
2025-05-19 16:48:53 - jugador - [DEBUG] - [JUGADOR_0] Movimiento para CH: dx_int=-3, dy_int=0. HB (antes CH): (1043, 288), PosFlotante: (1040.1200,288.0000)
2025-05-19 16:48:53 - jugador - [DEBUG] - [JUGADOR_0] Iniciando gestión de colisión con dx=-3, dy=0. Hitbox actual: (1043, 288)
2025-05-19 16:48:53 - jugador - [DEBUG] - [JUGADOR_0] Posición POST CH: HB: (1045, 288), PosFlotante: (1045.00, 288.00)
2025-05-19 16:48:53 - jugador - [DEBUG] - [JUGADOR_0] Hitbox ataque: <rect(991, 265, 54, 69)> (Dir: -1,0)
2025-05-19 16:48:53 - jugador - [DEBUG] - [JUGADOR_0] Pos flotante (pre-límites): (1042.1200, 288.0000)
2025-05-19 16:48:53 - jugador - [DEBUG] - [JUGADOR_0] Pos flotante (post-límites): (1042.1200, 288.0000)
2025-05-19 16:48:53 - jugador - [DEBUG] - [JUGADOR_0] Movimiento para CH: dx_int=-3, dy_int=0. HB (antes CH): (1045, 288), PosFlotante: (1042.1200,288.0000)
2025-05-19 16:48:53 - jugador - [DEBUG] - [JUGADOR_0] Iniciando gestión de colisión con dx=-3, dy=0. Hitbox actual: (1045, 288)
2025-05-19 16:48:53 - jugador - [DEBUG] - [JUGADOR_0] Posición POST CH: HB: (1047, 288), PosFlotante: (1047.00, 288.00)
2025-05-19 16:48:53 - jugador - [DEBUG] - [JUGADOR_0] Hitbox ataque: <rect(993, 265, 54, 69)> (Dir: -1,0)
2025-05-19 16:48:53 - jugador - [DEBUG] - [JUGADOR_0] Delta flotante intentado: dx=-2.8800, dy=0.0000 (delta_time: 0.0160)
2025-05-19 16:48:53 - jugador - [DEBUG] - [JUGADOR_0] Pos flotante (pre-límites): (1044.1200, 288.0000)
2025-05-19 16:48:53 - jugador - [DEBUG] - [JUGADOR_0] Pos flotante (post-límites): (1044.1200, 288.0000)
2025-05-19 16:48:53 - jugador - [DEBUG] - [JUGADOR_0] Movimiento para CH: dx_int=-3, dy_int=0. HB (antes CH): (1047, 288), PosFlotante: (1044.1200,288.0000)
2025-05-19 16:48:53 - jugador - [DEBUG] - [JUGADOR_0] Iniciando gestión de colisión con dx=-3, dy=0. Hitbox actual: (1047, 288)
2025-05-19 16:48:53 - jugador - [DEBUG] - [JUGADOR_0] Posición POST CH: HB: (1049, 288), PosFlotante: (1049.00, 288.00)
2025-05-19 16:48:53 - jugador - [DEBUG] - [JUGADOR_0] Hitbox ataque: <rect(995, 265, 54, 69)> (Dir: -1,0)
2025-05-19 16:48:53 - jugador - [DEBUG] - [JUGADOR_0] Input teclado procesado: mov_x_input_raw=-180, mov_y_input_raw=0
2025-05-19 16:48:53 - jugador - [DEBUG] - [JUGADOR_0] Pos flotante (pre-límites): (1046.1200, 288.0000)
2025-05-19 16:48:53 - jugador - [DEBUG] - [JUGADOR_0] Pos flotante (post-límites): (1046.1200, 288.0000)
2025-05-19 16:48:53 - jugador - [DEBUG] - [JUGADOR_0] Movimiento para CH: dx_int=-3, dy_int=0. HB (antes CH): (1049, 288), PosFlotante: (1046.1200,288.0000)
2025-05-19 16:48:53 - jugador - [DEBUG] - [JUGADOR_0] Iniciando gestión de colisión con dx=-3, dy=0. Hitbox actual: (1049, 288)
2025-05-19 16:48:53 - jugador - [DEBUG] - [JUGADOR_0] Posición POST CH: HB: (1051, 288), PosFlotante: (1051.00, 288.00)
2025-05-19 16:48:53 - jugador - [DEBUG] - [JUGADOR_0] Hitbox ataque: <rect(997, 265, 54, 69)> (Dir: -1,0)
2025-05-19 16:48:53 - jugador - [DEBUG] - [JUGADOR_0] Pos flotante (pre-límites): (1048.1200, 288.0000)
2025-05-19 16:48:53 - jugador - [DEBUG] - [JUGADOR_0] Pos flotante (post-límites): (1048.1200, 288.0000)
2025-05-19 16:48:53 - jugador - [DEBUG] - [JUGADOR_0] Movimiento para CH: dx_int=-3, dy_int=0. HB (antes CH): (1051, 288), PosFlotante: (1048.1200,288.0000)
2025-05-19 16:48:53 - jugador - [DEBUG] - [JUGADOR_0] Iniciando gestión de colisión con dx=-3, dy=0. Hitbox actual: (1051, 288)
2025-05-19 16:48:53 - jugador - [DEBUG] - [JUGADOR_0] Posición POST CH: HB: (1053, 288), PosFlotante: (1053.00, 288.00)
2025-05-19 16:48:53 - jugador - [DEBUG] - [JUGADOR_0] Hitbox ataque: <rect(999, 265, 54, 69)> (Dir: -1,0)
2025-05-19 16:48:53 - jugador - [DEBUG] - [JUGADOR_0] Pos flotante (pre-límites): (1050.1200, 288.0000)
2025-05-19 16:48:53 - jugador - [DEBUG] - [JUGADOR_0] Pos flotante (post-límites): (1050.1200, 288.0000)
2025-05-19 16:48:53 - jugador - [DEBUG] - [JUGADOR_0] Movimiento para CH: dx_int=-3, dy_int=0. HB (antes CH): (1053, 288), PosFlotante: (1050.1200,288.0000)
2025-05-19 16:48:53 - jugador - [DEBUG] - [JUGADOR_0] Iniciando gestión de colisión con dx=-3, dy=0. Hitbox actual: (1053, 288)
2025-05-19 16:48:53 - jugador - [DEBUG] - [JUGADOR_0] Posición POST CH: HB: (1055, 288), PosFlotante: (1055.00, 288.00)
2025-05-19 16:48:53 - jugador - [DEBUG] - [JUGADOR_0] Hitbox ataque: <rect(1001, 265, 54, 69)> (Dir: -1,0)
2025-05-19 16:48:53 - jugador - [DEBUG] - [JUGADOR_0] Delta flotante intentado: dx=-3.0600, dy=0.0000 (delta_time: 0.0170)
2025-05-19 16:48:53 - jugador - [DEBUG] - [JUGADOR_0] Pos flotante (pre-límites): (1051.9400, 288.0000)
2025-05-19 16:48:53 - jugador - [DEBUG] - [JUGADOR_0] Pos flotante (post-límites): (1051.9400, 288.0000)
2025-05-19 16:48:53 - jugador - [DEBUG] - [JUGADOR_0] Movimiento para CH: dx_int=-4, dy_int=0. HB (antes CH): (1055, 288), PosFlotante: (1051.9400,288.0000)
2025-05-19 16:48:53 - jugador - [DEBUG] - [JUGADOR_0] Iniciando gestión de colisión con dx=-4, dy=0. Hitbox actual: (1055, 288)
2025-05-19 16:48:53 - jugador - [DEBUG] - [JUGADOR_0] Posición POST CH: HB: (1057, 288), PosFlotante: (1057.00, 288.00)
2025-05-19 16:48:53 - jugador - [DEBUG] - [JUGADOR_0] Hitbox ataque: <rect(1003, 265, 54, 69)> (Dir: -1,0)
2025-05-19 16:48:53 - jugador - [DEBUG] - [JUGADOR_0] Input teclado procesado: mov_x_input_raw=-180, mov_y_input_raw=0
2025-05-19 16:48:53 - jugador - [DEBUG] - [JUGADOR_0] Delta flotante intentado: dx=-2.8800, dy=0.0000 (delta_time: 0.0160)
2025-05-19 16:48:53 - jugador - [DEBUG] - [JUGADOR_0] Pos flotante (pre-límites): (1054.1200, 288.0000)
2025-05-19 16:48:53 - jugador - [DEBUG] - [JUGADOR_0] Pos flotante (post-límites): (1054.1200, 288.0000)
2025-05-19 16:48:53 - jugador - [DEBUG] - [JUGADOR_0] Movimiento para CH: dx_int=-3, dy_int=0. HB (antes CH): (1057, 288), PosFlotante: (1054.1200,288.0000)
2025-05-19 16:48:53 - jugador - [DEBUG] - [JUGADOR_0] Iniciando gestión de colisión con dx=-3, dy=0. Hitbox actual: (1057, 288)
2025-05-19 16:48:53 - jugador - [DEBUG] - [JUGADOR_0] Posición POST CH: HB: (1059, 288), PosFlotante: (1059.00, 288.00)
2025-05-19 16:48:53 - jugador - [DEBUG] - [JUGADOR_0] Hitbox ataque: <rect(1005, 265, 54, 69)> (Dir: -1,0)
2025-05-19 16:48:53 - jugador - [DEBUG] - [JUGADOR_0] Pos flotante (pre-límites): (1056.1200, 288.0000)
2025-05-19 16:48:53 - jugador - [DEBUG] - [JUGADOR_0] Pos flotante (post-límites): (1056.1200, 288.0000)
2025-05-19 16:48:53 - jugador - [DEBUG] - [JUGADOR_0] Movimiento para CH: dx_int=-3, dy_int=0. HB (antes CH): (1059, 288), PosFlotante: (1056.1200,288.0000)
2025-05-19 16:48:53 - jugador - [DEBUG] - [JUGADOR_0] Iniciando gestión de colisión con dx=-3, dy=0. Hitbox actual: (1059, 288)
2025-05-19 16:48:53 - jugador - [DEBUG] - [JUGADOR_0] Posición POST CH: HB: (1061, 288), PosFlotante: (1061.00, 288.00)
2025-05-19 16:48:53 - jugador - [DEBUG] - [JUGADOR_0] Hitbox ataque: <rect(1007, 265, 54, 69)> (Dir: -1,0)
2025-05-19 16:48:53 - jugador - [DEBUG] - [JUGADOR_0] Pos flotante (pre-límites): (1057.9400, 288.0000)
2025-05-19 16:48:53 - jugador - [DEBUG] - [JUGADOR_0] Pos flotante (post-límites): (1057.9400, 288.0000)
2025-05-19 16:48:53 - jugador - [DEBUG] - [JUGADOR_0] Movimiento para CH: dx_int=-4, dy_int=0. HB (antes CH): (1061, 288), PosFlotante: (1057.9400,288.0000)
2025-05-19 16:48:53 - jugador - [DEBUG] - [JUGADOR_0] Iniciando gestión de colisión con dx=-4, dy=0. Hitbox actual: (1061, 288)
2025-05-19 16:48:53 - jugador - [DEBUG] - [JUGADOR_0] Posición POST CH: HB: (1063, 288), PosFlotante: (1063.00, 288.00)
2025-05-19 16:48:53 - jugador - [DEBUG] - [JUGADOR_0] Hitbox ataque: <rect(1009, 265, 54, 69)> (Dir: -1,0)
2025-05-19 16:48:53 - jugador - [DEBUG] - [JUGADOR_0] Pos flotante (pre-límites): (1060.1200, 288.0000)
2025-05-19 16:48:53 - jugador - [DEBUG] - [JUGADOR_0] Pos flotante (post-límites): (1060.1200, 288.0000)
2025-05-19 16:48:53 - jugador - [DEBUG] - [JUGADOR_0] Movimiento para CH: dx_int=-3, dy_int=0. HB (antes CH): (1063, 288), PosFlotante: (1060.1200,288.0000)
2025-05-19 16:48:53 - jugador - [DEBUG] - [JUGADOR_0] Iniciando gestión de colisión con dx=-3, dy=0. Hitbox actual: (1063, 288)
2025-05-19 16:48:53 - jugador - [DEBUG] - [JUGADOR_0] Posición POST CH: HB: (1065, 288), PosFlotante: (1065.00, 288.00)
2025-05-19 16:48:53 - jugador - [DEBUG] - [JUGADOR_0] Hitbox ataque: <rect(1011, 265, 54, 69)> (Dir: -1,0)
2025-05-19 16:48:53 - jugador - [DEBUG] - [JUGADOR_0] Input teclado procesado: mov_x_input_raw=0, mov_y_input_raw=0
2025-05-19 16:48:53 - jugador - [DEBUG] - [JUGADOR_0] Delta flotante intentado: dx=0.0000, dy=0.0000 (delta_time: 0.0170)
2025-05-19 16:48:53 - jugador - [DEBUG] - [JUGADOR_0] Pos flotante (pre-límites): (1065.0000, 288.0000)
2025-05-19 16:48:53 - jugador - [DEBUG] - [JUGADOR_0] Pos flotante (post-límites): (1065.0000, 288.0000)
2025-05-19 16:48:53 - jugador - [DEBUG] - [JUGADOR_0] Sin mov. para CH (delta_int fue 0). HB: (1065, 288), PosFlotante: (1065.0000, 288.0000)
2025-05-19 16:48:53 - jugador - [DEBUG] - [JUGADOR_0] Delta flotante intentado: dx=0.0000, dy=0.0000 (delta_time: 0.0160)
2025-05-19 16:48:53 - jugador - [DEBUG] - [JUGADOR_0] Hitbox ataque: <rect(1011, 265, 54, 69)> (Dir: -1,0)
2025-05-19 16:48:53 - jugador - [DEBUG] - [JUGADOR_0] Input teclado procesado: mov_x_input_raw=0, mov_y_input_raw=0
2025-05-19 16:48:53 - jugador - [DEBUG] - [JUGADOR_0] Delta flotante intentado: dx=0.0000, dy=0.0000 (delta_time: 0.0170)
2025-05-19 16:48:53 - jugador - [DEBUG] - [JUGADOR_0] Pos flotante (pre-límites): (1065.0000, 288.0000)
2025-05-19 16:48:53 - jugador - [DEBUG] - [JUGADOR_0] Pos flotante (post-límites): (1065.0000, 288.0000)
2025-05-19 16:48:53 - jugador - [DEBUG] - [JUGADOR_0] Sin mov. para CH (delta_int fue 0). HB: (1065, 288), PosFlotante: (1065.0000, 288.0000)
2025-05-19 16:48:53 - jugador - [DEBUG] - [JUGADOR_0] ATAQUE FINALIZADO (Duración: 260ms). Enemigos golpeados: 2
2025-05-19 16:48:54 - jugador - [DEBUG] - [JUGADOR_0] Delta flotante intentado: dx=0.0000, dy=0.0000 (delta_time: 0.0160)
2025-05-19 16:48:54 - jugador - [DEBUG] - [JUGADOR_0] Input teclado procesado: mov_x_input_raw=0, mov_y_input_raw=0
2025-05-19 16:48:54 - jugador - [DEBUG] - [JUGADOR_0] Delta flotante intentado: dx=0.0000, dy=0.0000 (delta_time: 0.0170)
2025-05-19 16:48:54 - jugador - [DEBUG] - [JUGADOR_0] Pos flotante (pre-límites): (1065.0000, 288.0000)
2025-05-19 16:48:54 - jugador - [DEBUG] - [JUGADOR_0] Pos flotante (post-límites): (1065.0000, 288.0000)
2025-05-19 16:48:54 - jugador - [DEBUG] - [JUGADOR_0] Sin mov. para CH (delta_int fue 0). HB: (1065, 288), PosFlotante: (1065.0000, 288.0000)
2025-05-19 16:48:54 - jugador - [DEBUG] - [JUGADOR_0] Input teclado procesado: mov_x_input_raw=0, mov_y_input_raw=0
2025-05-19 16:48:54 - jugador - [DEBUG] - [JUGADOR_0] Delta flotante intentado: dx=0.0000, dy=0.0000 (delta_time: 0.0170)
2025-05-19 16:48:54 - jugador - [DEBUG] - [JUGADOR_0] Pos flotante (pre-límites): (1065.0000, 288.0000)
2025-05-19 16:48:54 - jugador - [DEBUG] - [JUGADOR_0] Pos flotante (post-límites): (1065.0000, 288.0000)
2025-05-19 16:48:54 - jugador - [DEBUG] - [JUGADOR_0] Sin mov. para CH (delta_int fue 0). HB: (1065, 288), PosFlotante: (1065.0000, 288.0000)
2025-05-19 16:48:54 - jugador - [DEBUG] - [JUGADOR_0] Delta flotante intentado: dx=0.0000, dy=0.0000 (delta_time: 0.0160)
2025-05-19 16:48:54 - jugador - [DEBUG] - [JUGADOR_0] Input teclado procesado: mov_x_input_raw=0, mov_y_input_raw=0
2025-05-19 16:48:54 - jugador - [DEBUG] - [JUGADOR_0] Delta flotante intentado: dx=0.0000, dy=0.0000 (delta_time: 0.0170)
2025-05-19 16:48:54 - jugador - [DEBUG] - [JUGADOR_0] Pos flotante (pre-límites): (1065.0000, 288.0000)
2025-05-19 16:48:54 - jugador - [DEBUG] - [JUGADOR_0] Pos flotante (post-límites): (1065.0000, 288.0000)
2025-05-19 16:48:54 - jugador - [DEBUG] - [JUGADOR_0] Sin mov. para CH (delta_int fue 0). HB: (1065, 288), PosFlotante: (1065.0000, 288.0000)
2025-05-19 16:48:54 - jugador - [DEBUG] - [JUGADOR_0] Delta flotante intentado: dx=0.0000, dy=0.0000 (delta_time: 0.0160)
2025-05-19 16:48:54 - jugador - [DEBUG] - [JUGADOR_0] Input teclado procesado: mov_x_input_raw=0, mov_y_input_raw=0
2025-05-19 16:48:54 - jugador - [DEBUG] - [JUGADOR_0] Delta flotante intentado: dx=0.0000, dy=0.0000 (delta_time: 0.0170)
2025-05-19 16:48:54 - jugador - [DEBUG] - [JUGADOR_0] Pos flotante (pre-límites): (1065.0000, 288.0000)
2025-05-19 16:48:54 - jugador - [DEBUG] - [JUGADOR_0] Pos flotante (post-límites): (1065.0000, 288.0000)
2025-05-19 16:48:54 - jugador - [DEBUG] - [JUGADOR_0] Sin mov. para CH (delta_int fue 0). HB: (1065, 288), PosFlotante: (1065.0000, 288.0000)
2025-05-19 16:48:54 - jugador - [DEBUG] - [JUGADOR_0] Input teclado procesado: mov_x_input_raw=-180, mov_y_input_raw=0
2025-05-19 16:48:54 - jugador - [DEBUG] - [JUGADOR_0] Delta flotante intentado: dx=-2.8800, dy=0.0000 (delta_time: 0.0160)
2025-05-19 16:48:54 - jugador - [DEBUG] - [JUGADOR_0] Pos flotante (pre-límites): (1062.1200, 288.0000)
2025-05-19 16:48:54 - jugador - [DEBUG] - [JUGADOR_0] Pos flotante (post-límites): (1062.1200, 288.0000)
2025-05-19 16:48:54 - jugador - [DEBUG] - [JUGADOR_0] Movimiento para CH: dx_int=-3, dy_int=0. HB (antes CH): (1065, 288), PosFlotante: (1062.1200,288.0000)
2025-05-19 16:48:54 - jugador - [DEBUG] - [JUGADOR_0] Iniciando gestión de colisión con dx=-3, dy=0. Hitbox actual: (1065, 288)
2025-05-19 16:48:54 - jugador - [DEBUG] - [JUGADOR_0] Posición POST CH: HB: (1069, 288), PosFlotante: (1069.00, 288.00)
2025-05-19 16:48:54 - jugador - [DEBUG] - [JUGADOR_0] Pos flotante (pre-límites): (1066.1200, 288.0000)
2025-05-19 16:48:54 - jugador - [DEBUG] - [JUGADOR_0] Pos flotante (post-límites): (1066.1200, 288.0000)
2025-05-19 16:48:54 - jugador - [DEBUG] - [JUGADOR_0] Movimiento para CH: dx_int=-3, dy_int=0. HB (antes CH): (1069, 288), PosFlotante: (1066.1200,288.0000)
2025-05-19 16:48:54 - jugador - [DEBUG] - [JUGADOR_0] Iniciando gestión de colisión con dx=-3, dy=0. Hitbox actual: (1069, 288)
2025-05-19 16:48:54 - jugador - [DEBUG] - [JUGADOR_0] Posición POST CH: HB: (1071, 288), PosFlotante: (1071.00, 288.00)
2025-05-19 16:48:54 - jugador - [DEBUG] - [JUGADOR_0] Delta flotante intentado: dx=-3.0600, dy=0.0000 (delta_time: 0.0170)
2025-05-19 16:48:54 - jugador - [DEBUG] - [JUGADOR_0] Pos flotante (pre-límites): (1067.9400, 288.0000)
2025-05-19 16:48:54 - jugador - [DEBUG] - [JUGADOR_0] Pos flotante (post-límites): (1067.9400, 288.0000)
2025-05-19 16:48:54 - jugador - [DEBUG] - [JUGADOR_0] Movimiento para CH: dx_int=-4, dy_int=0. HB (antes CH): (1071, 288), PosFlotante: (1067.9400,288.0000)
2025-05-19 16:48:54 - jugador - [DEBUG] - [JUGADOR_0] Iniciando gestión de colisión con dx=-4, dy=0. Hitbox actual: (1071, 288)
2025-05-19 16:48:54 - jugador - [DEBUG] - [JUGADOR_0] Posición POST CH: HB: (1073, 288), PosFlotante: (1073.00, 288.00)
2025-05-19 16:48:54 - jugador - [DEBUG] - [JUGADOR_0] Pos flotante (pre-límites): (1070.1200, 288.0000)
2025-05-19 16:48:54 - jugador - [DEBUG] - [JUGADOR_0] Pos flotante (post-límites): (1070.1200, 288.0000)
2025-05-19 16:48:54 - jugador - [DEBUG] - [JUGADOR_0] Movimiento para CH: dx_int=-3, dy_int=0. HB (antes CH): (1073, 288), PosFlotante: (1070.1200,288.0000)
2025-05-19 16:48:54 - jugador - [DEBUG] - [JUGADOR_0] Iniciando gestión de colisión con dx=-3, dy=0. Hitbox actual: (1073, 288)
2025-05-19 16:48:54 - jugador - [DEBUG] - [JUGADOR_0] Posición POST CH: HB: (1075, 288), PosFlotante: (1075.00, 288.00)
2025-05-19 16:48:54 - jugador - [DEBUG] - [JUGADOR_0] Input teclado procesado: mov_x_input_raw=-180, mov_y_input_raw=0
2025-05-19 16:48:54 - jugador - [DEBUG] - [JUGADOR_0] Pos flotante (pre-límites): (1071.9400, 288.0000)
2025-05-19 16:48:54 - jugador - [DEBUG] - [JUGADOR_0] Pos flotante (post-límites): (1071.9400, 288.0000)
2025-05-19 16:48:54 - jugador - [DEBUG] - [JUGADOR_0] Movimiento para CH: dx_int=-4, dy_int=0. HB (antes CH): (1075, 288), PosFlotante: (1071.9400,288.0000)
2025-05-19 16:48:54 - jugador - [DEBUG] - [JUGADOR_0] Iniciando gestión de colisión con dx=-4, dy=0. Hitbox actual: (1075, 288)
2025-05-19 16:48:54 - jugador - [DEBUG] - [JUGADOR_0] Posición POST CH: HB: (1077, 288), PosFlotante: (1077.00, 288.00)
2025-05-19 16:48:54 - jugador - [DEBUG] - [JUGADOR_0] Delta flotante intentado: dx=-3.0600, dy=0.0000 (delta_time: 0.0170)
2025-05-19 16:48:54 - jugador - [DEBUG] - [JUGADOR_0] Pos flotante (pre-límites): (1073.9400, 288.0000)
2025-05-19 16:48:54 - jugador - [DEBUG] - [JUGADOR_0] Pos flotante (post-límites): (1073.9400, 288.0000)
2025-05-19 16:48:54 - jugador - [DEBUG] - [JUGADOR_0] Movimiento para CH: dx_int=-4, dy_int=0. HB (antes CH): (1077, 288), PosFlotante: (1073.9400,288.0000)
2025-05-19 16:48:54 - jugador - [DEBUG] - [JUGADOR_0] Iniciando gestión de colisión con dx=-4, dy=0. Hitbox actual: (1077, 288)
2025-05-19 16:48:54 - jugador - [DEBUG] - [JUGADOR_0] Posición POST CH: HB: (1079, 288), PosFlotante: (1079.00, 288.00)
2025-05-19 16:48:54 - jugador - [DEBUG] - [JUGADOR_0] Delta flotante intentado: dx=-2.8800, dy=0.0000 (delta_time: 0.0160)
2025-05-19 16:48:54 - jugador - [DEBUG] - [JUGADOR_0] Pos flotante (pre-límites): (1076.1200, 288.0000)
2025-05-19 16:48:54 - jugador - [DEBUG] - [JUGADOR_0] Pos flotante (post-límites): (1076.1200, 288.0000)
2025-05-19 16:48:54 - jugador - [DEBUG] - [JUGADOR_0] Movimiento para CH: dx_int=-3, dy_int=0. HB (antes CH): (1079, 288), PosFlotante: (1076.1200,288.0000)
2025-05-19 16:48:54 - jugador - [DEBUG] - [JUGADOR_0] Iniciando gestión de colisión con dx=-3, dy=0. Hitbox actual: (1079, 288)
2025-05-19 16:48:54 - jugador - [DEBUG] - [JUGADOR_0] Posición POST CH: HB: (1081, 288), PosFlotante: (1081.00, 288.00)
2025-05-19 16:48:54 - jugador - [DEBUG] - [JUGADOR_0] Pos flotante (pre-límites): (1078.1200, 288.0000)
2025-05-19 16:48:54 - jugador - [DEBUG] - [JUGADOR_0] Pos flotante (post-límites): (1078.1200, 288.0000)
2025-05-19 16:48:54 - jugador - [DEBUG] - [JUGADOR_0] Movimiento para CH: dx_int=-3, dy_int=0. HB (antes CH): (1081, 288), PosFlotante: (1078.1200,288.0000)
2025-05-19 16:48:54 - jugador - [DEBUG] - [JUGADOR_0] Iniciando gestión de colisión con dx=-3, dy=0. Hitbox actual: (1081, 288)
2025-05-19 16:48:54 - jugador - [DEBUG] - [JUGADOR_0] Posición POST CH: HB: (1083, 288), PosFlotante: (1083.00, 288.00)
2025-05-19 16:48:54 - jugador - [DEBUG] - [JUGADOR_0] Input teclado procesado: mov_x_input_raw=-180, mov_y_input_raw=0
2025-05-19 16:48:54 - jugador - [DEBUG] - [JUGADOR_0] Pos flotante (pre-límites): (1079.9400, 288.0000)
2025-05-19 16:48:54 - jugador - [DEBUG] - [JUGADOR_0] Pos flotante (post-límites): (1079.9400, 288.0000)
2025-05-19 16:48:54 - jugador - [DEBUG] - [JUGADOR_0] Movimiento para CH: dx_int=-4, dy_int=0. HB (antes CH): (1083, 288), PosFlotante: (1079.9400,288.0000)
2025-05-19 16:48:54 - jugador - [DEBUG] - [JUGADOR_0] Iniciando gestión de colisión con dx=-4, dy=0. Hitbox actual: (1083, 288)
2025-05-19 16:48:54 - jugador - [DEBUG] - [JUGADOR_0] Posición POST CH: HB: (1085, 288), PosFlotante: (1085.00, 288.00)
2025-05-19 16:48:54 - jugador - [DEBUG] - [JUGADOR_0] Pos flotante (pre-límites): (1082.1200, 288.0000)
2025-05-19 16:48:54 - jugador - [DEBUG] - [JUGADOR_0] Pos flotante (post-límites): (1082.1200, 288.0000)
2025-05-19 16:48:54 - jugador - [DEBUG] - [JUGADOR_0] Movimiento para CH: dx_int=-3, dy_int=0. HB (antes CH): (1085, 288), PosFlotante: (1082.1200,288.0000)
2025-05-19 16:48:54 - jugador - [DEBUG] - [JUGADOR_0] Iniciando gestión de colisión con dx=-3, dy=0. Hitbox actual: (1085, 288)
2025-05-19 16:48:54 - jugador - [DEBUG] - [JUGADOR_0] Posición POST CH: HB: (1087, 288), PosFlotante: (1087.00, 288.00)
2025-05-19 16:48:54 - jugador - [DEBUG] - [JUGADOR_0] Delta flotante intentado: dx=-2.8800, dy=0.0000 (delta_time: 0.0160)
2025-05-19 16:48:54 - jugador - [DEBUG] - [JUGADOR_0] Pos flotante (pre-límites): (1084.1200, 288.0000)
2025-05-19 16:48:54 - jugador - [DEBUG] - [JUGADOR_0] Pos flotante (post-límites): (1084.1200, 288.0000)
2025-05-19 16:48:54 - jugador - [DEBUG] - [JUGADOR_0] Movimiento para CH: dx_int=-3, dy_int=0. HB (antes CH): (1087, 288), PosFlotante: (1084.1200,288.0000)
2025-05-19 16:48:54 - jugador - [DEBUG] - [JUGADOR_0] Iniciando gestión de colisión con dx=-3, dy=0. Hitbox actual: (1087, 288)
2025-05-19 16:48:54 - jugador - [DEBUG] - [JUGADOR_0] Posición POST CH: HB: (1089, 288), PosFlotante: (1089.00, 288.00)
2025-05-19 16:48:54 - jugador - [DEBUG] - [JUGADOR_0] Delta flotante intentado: dx=-3.0600, dy=0.0000 (delta_time: 0.0170)
2025-05-19 16:48:54 - jugador - [DEBUG] - [JUGADOR_0] Pos flotante (pre-límites): (1085.9400, 288.0000)
2025-05-19 16:48:54 - jugador - [DEBUG] - [JUGADOR_0] Pos flotante (post-límites): (1085.9400, 288.0000)
2025-05-19 16:48:54 - jugador - [DEBUG] - [JUGADOR_0] Movimiento para CH: dx_int=-4, dy_int=0. HB (antes CH): (1089, 288), PosFlotante: (1085.9400,288.0000)
2025-05-19 16:48:54 - jugador - [DEBUG] - [JUGADOR_0] Iniciando gestión de colisión con dx=-4, dy=0. Hitbox actual: (1089, 288)
2025-05-19 16:48:54 - jugador - [DEBUG] - [JUGADOR_0] Posición POST CH: HB: (1091, 288), PosFlotante: (1091.00, 288.00)
2025-05-19 16:48:54 - jugador - [DEBUG] - [JUGADOR_0] Input teclado procesado: mov_x_input_raw=-180, mov_y_input_raw=0
2025-05-19 16:48:54 - jugador - [DEBUG] - [JUGADOR_0] Pos flotante (pre-límites): (1088.1200, 288.0000)
2025-05-19 16:48:54 - jugador - [DEBUG] - [JUGADOR_0] Pos flotante (post-límites): (1088.1200, 288.0000)
2025-05-19 16:48:54 - jugador - [DEBUG] - [JUGADOR_0] Movimiento para CH: dx_int=-3, dy_int=0. HB (antes CH): (1091, 288), PosFlotante: (1088.1200,288.0000)
2025-05-19 16:48:54 - jugador - [DEBUG] - [JUGADOR_0] Iniciando gestión de colisión con dx=-3, dy=0. Hitbox actual: (1091, 288)
2025-05-19 16:48:54 - jugador - [DEBUG] - [JUGADOR_0] Posición POST CH: HB: (1093, 288), PosFlotante: (1093.00, 288.00)
2025-05-19 16:48:54 - jugador - [DEBUG] - [JUGADOR_0] Pos flotante (pre-límites): (1090.1200, 288.0000)
2025-05-19 16:48:54 - jugador - [DEBUG] - [JUGADOR_0] Pos flotante (post-límites): (1090.1200, 288.0000)
2025-05-19 16:48:54 - jugador - [DEBUG] - [JUGADOR_0] Movimiento para CH: dx_int=-3, dy_int=0. HB (antes CH): (1093, 288), PosFlotante: (1090.1200,288.0000)
2025-05-19 16:48:54 - jugador - [DEBUG] - [JUGADOR_0] Iniciando gestión de colisión con dx=-3, dy=0. Hitbox actual: (1093, 288)
2025-05-19 16:48:54 - jugador - [DEBUG] - [JUGADOR_0] Posición POST CH: HB: (1095, 288), PosFlotante: (1095.00, 288.00)
2025-05-19 16:48:54 - jugador - [DEBUG] - [JUGADOR_0] Delta flotante intentado: dx=-2.8800, dy=0.0000 (delta_time: 0.0160)
2025-05-19 16:48:54 - jugador - [DEBUG] - [JUGADOR_0] Pos flotante (pre-límites): (1092.1200, 288.0000)
2025-05-19 16:48:54 - jugador - [DEBUG] - [JUGADOR_0] Pos flotante (post-límites): (1092.1200, 288.0000)
2025-05-19 16:48:54 - jugador - [DEBUG] - [JUGADOR_0] Movimiento para CH: dx_int=-3, dy_int=0. HB (antes CH): (1095, 288), PosFlotante: (1092.1200,288.0000)
2025-05-19 16:48:54 - jugador - [DEBUG] - [JUGADOR_0] Iniciando gestión de colisión con dx=-3, dy=0. Hitbox actual: (1095, 288)
2025-05-19 16:48:54 - jugador - [DEBUG] - [JUGADOR_0] Posición POST CH: HB: (1097, 288), PosFlotante: (1097.00, 288.00)
2025-05-19 16:48:54 - jugador - [DEBUG] - [JUGADOR_0] Pos flotante (pre-límites): (1094.1200, 288.0000)
2025-05-19 16:48:54 - jugador - [DEBUG] - [JUGADOR_0] Pos flotante (post-límites): (1094.1200, 288.0000)
2025-05-19 16:48:54 - jugador - [DEBUG] - [JUGADOR_0] Movimiento para CH: dx_int=-3, dy_int=0. HB (antes CH): (1097, 288), PosFlotante: (1094.1200,288.0000)
2025-05-19 16:48:54 - jugador - [DEBUG] - [JUGADOR_0] Iniciando gestión de colisión con dx=-3, dy=0. Hitbox actual: (1097, 288)
2025-05-19 16:48:54 - jugador - [DEBUG] - [JUGADOR_0] Posición POST CH: HB: (1099, 288), PosFlotante: (1099.00, 288.00)
2025-05-19 16:48:54 - jugador - [DEBUG] - [JUGADOR_0] Input teclado procesado: mov_x_input_raw=-180, mov_y_input_raw=0
2025-05-19 16:48:54 - jugador - [DEBUG] - [JUGADOR_0] Delta flotante intentado: dx=-3.0600, dy=0.0000 (delta_time: 0.0170)
2025-05-19 16:48:54 - jugador - [DEBUG] - [JUGADOR_0] Pos flotante (pre-límites): (1095.9400, 288.0000)
2025-05-19 16:48:54 - jugador - [DEBUG] - [JUGADOR_0] Pos flotante (post-límites): (1095.9400, 288.0000)
2025-05-19 16:48:54 - jugador - [DEBUG] - [JUGADOR_0] Movimiento para CH: dx_int=-4, dy_int=0. HB (antes CH): (1099, 288), PosFlotante: (1095.9400,288.0000)
2025-05-19 16:48:54 - jugador - [DEBUG] - [JUGADOR_0] Iniciando gestión de colisión con dx=-4, dy=0. Hitbox actual: (1099, 288)
2025-05-19 16:48:54 - jugador - [DEBUG] - [JUGADOR_0] Posición POST CH: HB: (1101, 288), PosFlotante: (1101.00, 288.00)
2025-05-19 16:48:54 - jugador - [DEBUG] - [JUGADOR_0] Pos flotante (pre-límites): (1098.1200, 288.0000)
2025-05-19 16:48:54 - jugador - [DEBUG] - [JUGADOR_0] Pos flotante (post-límites): (1098.1200, 288.0000)
2025-05-19 16:48:54 - jugador - [DEBUG] - [JUGADOR_0] Movimiento para CH: dx_int=-3, dy_int=0. HB (antes CH): (1101, 288), PosFlotante: (1098.1200,288.0000)
2025-05-19 16:48:54 - jugador - [DEBUG] - [JUGADOR_0] Iniciando gestión de colisión con dx=-3, dy=0. Hitbox actual: (1101, 288)
2025-05-19 16:48:54 - jugador - [DEBUG] - [JUGADOR_0] Posición POST CH: HB: (1103, 288), PosFlotante: (1103.00, 288.00)
2025-05-19 16:48:54 - jugador - [DEBUG] - [JUGADOR_0] Delta flotante intentado: dx=-2.8800, dy=0.0000 (delta_time: 0.0160)
2025-05-19 16:48:54 - jugador - [DEBUG] - [JUGADOR_0] Pos flotante (pre-límites): (1100.1200, 288.0000)
2025-05-19 16:48:54 - jugador - [DEBUG] - [JUGADOR_0] Pos flotante (post-límites): (1100.1200, 288.0000)
2025-05-19 16:48:54 - jugador - [DEBUG] - [JUGADOR_0] Movimiento para CH: dx_int=-3, dy_int=0. HB (antes CH): (1103, 288), PosFlotante: (1100.1200,288.0000)
2025-05-19 16:48:54 - jugador - [DEBUG] - [JUGADOR_0] Iniciando gestión de colisión con dx=-3, dy=0. Hitbox actual: (1103, 288)
2025-05-19 16:48:54 - jugador - [DEBUG] - [JUGADOR_0] Posición POST CH: HB: (1105, 288), PosFlotante: (1105.00, 288.00)
2025-05-19 16:48:54 - jugador - [DEBUG] - [JUGADOR_0] Pos flotante (pre-límites): (1102.1200, 288.0000)
2025-05-19 16:48:54 - jugador - [DEBUG] - [JUGADOR_0] Pos flotante (post-límites): (1102.1200, 288.0000)
2025-05-19 16:48:54 - jugador - [DEBUG] - [JUGADOR_0] Movimiento para CH: dx_int=-3, dy_int=0. HB (antes CH): (1105, 288), PosFlotante: (1102.1200,288.0000)
2025-05-19 16:48:54 - jugador - [DEBUG] - [JUGADOR_0] Iniciando gestión de colisión con dx=-3, dy=0. Hitbox actual: (1105, 288)
2025-05-19 16:48:54 - jugador - [DEBUG] - [JUGADOR_0] Posición POST CH: HB: (1107, 288), PosFlotante: (1107.00, 288.00)
2025-05-19 16:48:54 - jugador - [DEBUG] - [JUGADOR_0] Input teclado procesado: mov_x_input_raw=-180, mov_y_input_raw=0
2025-05-19 16:48:54 - jugador - [DEBUG] - [JUGADOR_0] Delta flotante intentado: dx=-3.0600, dy=0.0000 (delta_time: 0.0170)
2025-05-19 16:48:54 - jugador - [DEBUG] - [JUGADOR_0] Pos flotante (pre-límites): (1103.9400, 288.0000)
2025-05-19 16:48:54 - jugador - [DEBUG] - [JUGADOR_0] Pos flotante (post-límites): (1103.9400, 288.0000)
2025-05-19 16:48:54 - jugador - [DEBUG] - [JUGADOR_0] Movimiento para CH: dx_int=-4, dy_int=0. HB (antes CH): (1107, 288), PosFlotante: (1103.9400,288.0000)
2025-05-19 16:48:54 - jugador - [DEBUG] - [JUGADOR_0] Iniciando gestión de colisión con dx=-4, dy=0. Hitbox actual: (1107, 288)
2025-05-19 16:48:54 - jugador - [DEBUG] - [JUGADOR_0] Posición POST CH: HB: (1109, 288), PosFlotante: (1109.00, 288.00)
2025-05-19 16:48:54 - jugador - [DEBUG] - [JUGADOR_0] Pos flotante (pre-límites): (1105.9400, 288.0000)
2025-05-19 16:48:54 - jugador - [DEBUG] - [JUGADOR_0] Pos flotante (post-límites): (1105.9400, 288.0000)
2025-05-19 16:48:54 - jugador - [DEBUG] - [JUGADOR_0] Movimiento para CH: dx_int=-4, dy_int=0. HB (antes CH): (1109, 288), PosFlotante: (1105.9400,288.0000)
2025-05-19 16:48:54 - jugador - [DEBUG] - [JUGADOR_0] Iniciando gestión de colisión con dx=-4, dy=0. Hitbox actual: (1109, 288)
2025-05-19 16:48:54 - jugador - [DEBUG] - [JUGADOR_0] Posición POST CH: HB: (1111, 288), PosFlotante: (1111.00, 288.00)
2025-05-19 16:48:54 - jugador - [DEBUG] - [JUGADOR_0] Pos flotante (pre-límites): (1107.9400, 288.0000)
2025-05-19 16:48:54 - jugador - [DEBUG] - [JUGADOR_0] Pos flotante (post-límites): (1107.9400, 288.0000)
2025-05-19 16:48:54 - jugador - [DEBUG] - [JUGADOR_0] Movimiento para CH: dx_int=-4, dy_int=0. HB (antes CH): (1111, 288), PosFlotante: (1107.9400,288.0000)
2025-05-19 16:48:54 - jugador - [DEBUG] - [JUGADOR_0] Iniciando gestión de colisión con dx=-4, dy=0. Hitbox actual: (1111, 288)
2025-05-19 16:48:54 - jugador - [DEBUG] - [JUGADOR_0] Posición POST CH: HB: (1113, 288), PosFlotante: (1113.00, 288.00)
2025-05-19 16:48:54 - jugador - [INFO] - [JUGADOR_0] ATAQUE INICIADO (Cooldown: 700.0ms). Perfil: 'espada_predeterminada'
2025-05-19 16:48:54 - jugador - [DEBUG] - [JUGADOR_0] Input teclado procesado: mov_x_input_raw=-180, mov_y_input_raw=0
2025-05-19 16:48:54 - jugador - [DEBUG] - [JUGADOR_0] Delta flotante intentado: dx=-3.0600, dy=0.0000 (delta_time: 0.0170)
2025-05-19 16:48:54 - jugador - [DEBUG] - [JUGADOR_0] Pos flotante (pre-límites): (1109.9400, 288.0000)
2025-05-19 16:48:54 - jugador - [DEBUG] - [JUGADOR_0] Pos flotante (post-límites): (1109.9400, 288.0000)
2025-05-19 16:48:54 - jugador - [DEBUG] - [JUGADOR_0] Movimiento para CH: dx_int=-4, dy_int=0. HB (antes CH): (1113, 288), PosFlotante: (1109.9400,288.0000)
2025-05-19 16:48:54 - jugador - [DEBUG] - [JUGADOR_0] Iniciando gestión de colisión con dx=-4, dy=0. Hitbox actual: (1113, 288)
2025-05-19 16:48:54 - jugador - [DEBUG] - [JUGADOR_0] Posición POST CH: HB: (1115, 288), PosFlotante: (1115.00, 288.00)
2025-05-19 16:48:54 - jugador - [DEBUG] - [JUGADOR_0] Hitbox ataque: <rect(1061, 265, 54, 69)> (Dir: -1,0)
2025-05-19 16:48:54 - jugador - [INFO] - [JUGADOR_0] Golpeó a [Enemigo_1] con 5 de daño.
2025-05-19 16:48:54 - jugador - [INFO] - [JUGADOR_0] Golpeó a [Enemigo_2] con 5 de daño.
2025-05-19 16:48:54 - jugador - [DEBUG] - [JUGADOR_0] Input teclado procesado: mov_x_input_raw=0, mov_y_input_raw=0
2025-05-19 16:48:54 - jugador - [DEBUG] - [JUGADOR_0] Delta flotante intentado: dx=0.0000, dy=0.0000 (delta_time: 0.0170)
2025-05-19 16:48:54 - jugador - [DEBUG] - [JUGADOR_0] Pos flotante (pre-límites): (1115.0000, 288.0000)
2025-05-19 16:48:54 - jugador - [DEBUG] - [JUGADOR_0] Pos flotante (post-límites): (1115.0000, 288.0000)
2025-05-19 16:48:54 - jugador - [DEBUG] - [JUGADOR_0] Sin mov. para CH (delta_int fue 0). HB: (1115, 288), PosFlotante: (1115.0000, 288.0000)
2025-05-19 16:48:54 - jugador - [DEBUG] - [JUGADOR_0] Hitbox ataque: <rect(1061, 265, 54, 69)> (Dir: -1,0)
2025-05-19 16:48:54 - jugador - [DEBUG] - [JUGADOR_0] Input teclado procesado: mov_x_input_raw=0, mov_y_input_raw=0
2025-05-19 16:48:54 - jugador - [DEBUG] - [JUGADOR_0] Delta flotante intentado: dx=0.0000, dy=0.0000 (delta_time: 0.0170)
2025-05-19 16:48:54 - jugador - [DEBUG] - [JUGADOR_0] Pos flotante (pre-límites): (1115.0000, 288.0000)
2025-05-19 16:48:54 - jugador - [DEBUG] - [JUGADOR_0] Pos flotante (post-límites): (1115.0000, 288.0000)
2025-05-19 16:48:54 - jugador - [DEBUG] - [JUGADOR_0] Sin mov. para CH (delta_int fue 0). HB: (1115, 288), PosFlotante: (1115.0000, 288.0000)
2025-05-19 16:48:54 - jugador - [DEBUG] - [JUGADOR_0] Delta flotante intentado: dx=0.0000, dy=0.0000 (delta_time: 0.0160)
2025-05-19 16:48:54 - jugador - [DEBUG] - [JUGADOR_0] Hitbox ataque: <rect(1061, 265, 54, 69)> (Dir: -1,0)
2025-05-19 16:48:54 - jugador - [DEBUG] - [JUGADOR_0] Input teclado procesado: mov_x_input_raw=0, mov_y_input_raw=0
2025-05-19 16:48:54 - jugador - [DEBUG] - [JUGADOR_0] Delta flotante intentado: dx=0.0000, dy=0.0000 (delta_time: 0.0170)
2025-05-19 16:48:54 - jugador - [DEBUG] - [JUGADOR_0] Pos flotante (pre-límites): (1115.0000, 288.0000)
2025-05-19 16:48:54 - jugador - [DEBUG] - [JUGADOR_0] Pos flotante (post-límites): (1115.0000, 288.0000)
2025-05-19 16:48:54 - jugador - [DEBUG] - [JUGADOR_0] Sin mov. para CH (delta_int fue 0). HB: (1115, 288), PosFlotante: (1115.0000, 288.0000)
2025-05-19 16:48:54 - jugador - [DEBUG] - [JUGADOR_0] Delta flotante intentado: dx=0.0000, dy=0.0000 (delta_time: 0.0160)
2025-05-19 16:48:54 - jugador - [DEBUG] - [JUGADOR_0] Hitbox ataque: <rect(1061, 265, 54, 69)> (Dir: -1,0)
2025-05-19 16:48:54 - jugador - [DEBUG] - [JUGADOR_0] Input teclado procesado: mov_x_input_raw=0, mov_y_input_raw=0
2025-05-19 16:48:54 - jugador - [DEBUG] - [JUGADOR_0] Pos flotante (pre-límites): (1115.0000, 288.0000)
2025-05-19 16:48:54 - jugador - [DEBUG] - [JUGADOR_0] Pos flotante (post-límites): (1115.0000, 288.0000)
2025-05-19 16:48:54 - jugador - [DEBUG] - [JUGADOR_0] Sin mov. para CH (delta_int fue 0). HB: (1115, 288), PosFlotante: (1115.0000, 288.0000)
2025-05-19 16:48:54 - jugador - [DEBUG] - [JUGADOR_0] Delta flotante intentado: dx=0.0000, dy=0.0000 (delta_time: 0.0170)
2025-05-19 16:48:54 - jugador - [DEBUG] - [JUGADOR_0] Delta flotante intentado: dx=0.0000, dy=0.0000 (delta_time: 0.0160)
2025-05-19 16:48:54 - jugador - [DEBUG] - [JUGADOR_0] Hitbox ataque: <rect(1061, 265, 54, 69)> (Dir: -1,0)
2025-05-19 16:48:54 - jugador - [DEBUG] - [JUGADOR_0] Input teclado procesado: mov_x_input_raw=0, mov_y_input_raw=0
2025-05-19 16:48:54 - jugador - [DEBUG] - [JUGADOR_0] Pos flotante (pre-límites): (1115.0000, 288.0000)
2025-05-19 16:48:54 - jugador - [DEBUG] - [JUGADOR_0] Pos flotante (post-límites): (1115.0000, 288.0000)
2025-05-19 16:48:54 - jugador - [DEBUG] - [JUGADOR_0] Sin mov. para CH (delta_int fue 0). HB: (1115, 288), PosFlotante: (1115.0000, 288.0000)
2025-05-19 16:48:54 - jugador - [DEBUG] - [JUGADOR_0] ATAQUE FINALIZADO (Duración: 260ms). Enemigos golpeados: 2
2025-05-19 16:48:54 - jugador - [DEBUG] - [JUGADOR_0] Delta flotante intentado: dx=0.0000, dy=0.0000 (delta_time: 0.0170)
2025-05-19 16:48:54 - jugador - [DEBUG] - [JUGADOR_0] Delta flotante intentado: dx=0.0000, dy=0.0000 (delta_time: 0.0160)
2025-05-19 16:48:54 - jugador - [DEBUG] - [JUGADOR_0] Input teclado procesado: mov_x_input_raw=0, mov_y_input_raw=0
2025-05-19 16:48:54 - jugador - [DEBUG] - [JUGADOR_0] Pos flotante (pre-límites): (1115.0000, 288.0000)
2025-05-19 16:48:54 - jugador - [DEBUG] - [JUGADOR_0] Pos flotante (post-límites): (1115.0000, 288.0000)
2025-05-19 16:48:54 - jugador - [DEBUG] - [JUGADOR_0] Sin mov. para CH (delta_int fue 0). HB: (1115, 288), PosFlotante: (1115.0000, 288.0000)
2025-05-19 16:48:54 - jugador - [DEBUG] - [JUGADOR_0] Delta flotante intentado: dx=0.0000, dy=0.0000 (delta_time: 0.0170)
2025-05-19 16:48:55 - jugador - [DEBUG] - [JUGADOR_0] Delta flotante intentado: dx=0.0000, dy=0.0000 (delta_time: 0.0160)
2025-05-19 16:48:55 - jugador - [DEBUG] - [JUGADOR_0] Input teclado procesado: mov_x_input_raw=0, mov_y_input_raw=0
2025-05-19 16:48:55 - jugador - [DEBUG] - [JUGADOR_0] Pos flotante (pre-límites): (1115.0000, 288.0000)
2025-05-19 16:48:55 - jugador - [DEBUG] - [JUGADOR_0] Pos flotante (post-límites): (1115.0000, 288.0000)
2025-05-19 16:48:55 - jugador - [DEBUG] - [JUGADOR_0] Sin mov. para CH (delta_int fue 0). HB: (1115, 288), PosFlotante: (1115.0000, 288.0000)
2025-05-19 16:48:55 - jugador - [DEBUG] - [JUGADOR_0] Delta flotante intentado: dx=0.0000, dy=0.0000 (delta_time: 0.0160)
2025-05-19 16:48:55 - jugador - [DEBUG] - [JUGADOR_0] Delta flotante intentado: dx=0.0000, dy=0.0000 (delta_time: 0.0170)
2025-05-19 16:48:55 - jugador - [DEBUG] - [JUGADOR_0] Input teclado procesado: mov_x_input_raw=0, mov_y_input_raw=0
2025-05-19 16:48:55 - jugador - [DEBUG] - [JUGADOR_0] Pos flotante (pre-límites): (1115.0000, 288.0000)
2025-05-19 16:48:55 - jugador - [DEBUG] - [JUGADOR_0] Pos flotante (post-límites): (1115.0000, 288.0000)
2025-05-19 16:48:55 - jugador - [DEBUG] - [JUGADOR_0] Sin mov. para CH (delta_int fue 0). HB: (1115, 288), PosFlotante: (1115.0000, 288.0000)
2025-05-19 16:48:55 - jugador - [DEBUG] - [JUGADOR_0] Intento de ataque en cooldown (700.0ms). Tiempo desde último: 494ms
2025-05-19 16:48:55 - jugador - [DEBUG] - [JUGADOR_0] Delta flotante intentado: dx=0.0000, dy=0.0000 (delta_time: 0.0160)
2025-05-19 16:48:55 - jugador - [DEBUG] - [JUGADOR_0] Input teclado procesado: mov_x_input_raw=0, mov_y_input_raw=0
2025-05-19 16:48:55 - jugador - [DEBUG] - [JUGADOR_0] Pos flotante (pre-límites): (1115.0000, 288.0000)
2025-05-19 16:48:55 - jugador - [DEBUG] - [JUGADOR_0] Pos flotante (post-límites): (1115.0000, 288.0000)
2025-05-19 16:48:55 - jugador - [DEBUG] - [JUGADOR_0] Sin mov. para CH (delta_int fue 0). HB: (1115, 288), PosFlotante: (1115.0000, 288.0000)
2025-05-19 16:48:55 - jugador - [DEBUG] - [JUGADOR_0] Delta flotante intentado: dx=0.0000, dy=0.0000 (delta_time: 0.0170)
2025-05-19 16:48:55 - jugador - [DEBUG] - [JUGADOR_0] Delta flotante intentado: dx=0.0000, dy=0.0000 (delta_time: 0.0160)
2025-05-19 16:48:55 - jugador - [DEBUG] - [JUGADOR_0] Input teclado procesado: mov_x_input_raw=0, mov_y_input_raw=0
2025-05-19 16:48:55 - jugador - [DEBUG] - [JUGADOR_0] Pos flotante (pre-límites): (1115.0000, 288.0000)
2025-05-19 16:48:55 - jugador - [DEBUG] - [JUGADOR_0] Pos flotante (post-límites): (1115.0000, 288.0000)
2025-05-19 16:48:55 - jugador - [DEBUG] - [JUGADOR_0] Sin mov. para CH (delta_int fue 0). HB: (1115, 288), PosFlotante: (1115.0000, 288.0000)
2025-05-19 16:48:55 - jugador - [DEBUG] - [JUGADOR_0] Delta flotante intentado: dx=0.0000, dy=0.0000 (delta_time: 0.0160)
2025-05-19 16:48:55 - jugador - [DEBUG] - [JUGADOR_0] Input teclado procesado: mov_x_input_raw=0, mov_y_input_raw=0
2025-05-19 16:48:55 - jugador - [DEBUG] - [JUGADOR_0] Delta flotante intentado: dx=0.0000, dy=0.0000 (delta_time: 0.0170)
2025-05-19 16:48:55 - jugador - [DEBUG] - [JUGADOR_0] Pos flotante (pre-límites): (1115.0000, 288.0000)
2025-05-19 16:48:55 - jugador - [DEBUG] - [JUGADOR_0] Pos flotante (post-límites): (1115.0000, 288.0000)
2025-05-19 16:48:55 - jugador - [DEBUG] - [JUGADOR_0] Sin mov. para CH (delta_int fue 0). HB: (1115, 288), PosFlotante: (1115.0000, 288.0000)
2025-05-19 16:48:55 - jugador - [DEBUG] - [JUGADOR_0] Delta flotante intentado: dx=0.0000, dy=0.0000 (delta_time: 0.0160)
2025-05-19 16:48:55 - jugador - [DEBUG] - [JUGADOR_0] Input teclado procesado: mov_x_input_raw=0, mov_y_input_raw=0
2025-05-19 16:48:55 - jugador - [DEBUG] - [JUGADOR_0] Delta flotante intentado: dx=0.0000, dy=0.0000 (delta_time: 0.0170)
2025-05-19 16:48:55 - jugador - [DEBUG] - [JUGADOR_0] Pos flotante (pre-límites): (1115.0000, 288.0000)
2025-05-19 16:48:55 - jugador - [DEBUG] - [JUGADOR_0] Pos flotante (post-límites): (1115.0000, 288.0000)
2025-05-19 16:48:55 - jugador - [DEBUG] - [JUGADOR_0] Sin mov. para CH (delta_int fue 0). HB: (1115, 288), PosFlotante: (1115.0000, 288.0000)
2025-05-19 16:48:55 - jugador - [DEBUG] - [JUGADOR_0] Input teclado procesado: mov_x_input_raw=0, mov_y_input_raw=0
2025-05-19 16:48:55 - jugador - [DEBUG] - [JUGADOR_0] Delta flotante intentado: dx=0.0000, dy=0.0000 (delta_time: 0.0160)
2025-05-19 16:48:55 - jugador - [DEBUG] - [JUGADOR_0] Pos flotante (pre-límites): (1115.0000, 288.0000)
2025-05-19 16:48:55 - jugador - [DEBUG] - [JUGADOR_0] Pos flotante (post-límites): (1115.0000, 288.0000)
2025-05-19 16:48:55 - jugador - [DEBUG] - [JUGADOR_0] Sin mov. para CH (delta_int fue 0). HB: (1115, 288), PosFlotante: (1115.0000, 288.0000)
2025-05-19 16:48:55 - jugador - [DEBUG] - [JUGADOR_0] Delta flotante intentado: dx=0.0000, dy=0.0000 (delta_time: 0.0170)
2025-05-19 16:48:55 - jugador - [DEBUG] - [JUGADOR_0] Input teclado procesado: mov_x_input_raw=0, mov_y_input_raw=0
2025-05-19 16:48:55 - jugador - [DEBUG] - [JUGADOR_0] Pos flotante (pre-límites): (1115.0000, 288.0000)
2025-05-19 16:48:55 - jugador - [DEBUG] - [JUGADOR_0] Pos flotante (post-límites): (1115.0000, 288.0000)
2025-05-19 16:48:55 - jugador - [DEBUG] - [JUGADOR_0] Sin mov. para CH (delta_int fue 0). HB: (1115, 288), PosFlotante: (1115.0000, 288.0000)
2025-05-19 16:48:55 - jugador - [DEBUG] - [JUGADOR_0] Delta flotante intentado: dx=0.0000, dy=0.0000 (delta_time: 0.0160)
2025-05-19 16:48:55 - jugador - [DEBUG] - [JUGADOR_0] Delta flotante intentado: dx=0.0000, dy=0.0000 (delta_time: 0.0170)
2025-05-19 16:48:55 - jugador - [INFO] - [JUGADOR_0] ATAQUE INICIADO (Cooldown: 700.0ms). Perfil: 'espada_predeterminada'
2025-05-19 16:48:55 - jugador - [DEBUG] - [JUGADOR_0] Input teclado procesado: mov_x_input_raw=0, mov_y_input_raw=0
2025-05-19 16:48:55 - jugador - [DEBUG] - [JUGADOR_0] Pos flotante (pre-límites): (1115.0000, 288.0000)
2025-05-19 16:48:55 - jugador - [DEBUG] - [JUGADOR_0] Pos flotante (post-límites): (1115.0000, 288.0000)
2025-05-19 16:48:55 - jugador - [DEBUG] - [JUGADOR_0] Sin mov. para CH (delta_int fue 0). HB: (1115, 288), PosFlotante: (1115.0000, 288.0000)
2025-05-19 16:48:55 - jugador - [DEBUG] - [JUGADOR_0] Hitbox ataque: <rect(1061, 265, 54, 69)> (Dir: -1,0)
2025-05-19 16:48:55 - jugador - [INFO] - [JUGADOR_0] Golpeó a [Enemigo_1] con 5 de daño.
2025-05-19 16:48:55 - jugador - [INFO] - [JUGADOR_0] Golpeó a [Enemigo_2] con 5 de daño.
2025-05-19 16:48:55 - jugador - [DEBUG] - [JUGADOR_0] Delta flotante intentado: dx=0.0000, dy=0.0000 (delta_time: 0.0160)
2025-05-19 16:48:55 - jugador - [DEBUG] - [JUGADOR_0] Input teclado procesado: mov_x_input_raw=0, mov_y_input_raw=0
2025-05-19 16:48:55 - jugador - [DEBUG] - [JUGADOR_0] Pos flotante (pre-límites): (1115.0000, 288.0000)
2025-05-19 16:48:55 - jugador - [DEBUG] - [JUGADOR_0] Pos flotante (post-límites): (1115.0000, 288.0000)
2025-05-19 16:48:55 - jugador - [DEBUG] - [JUGADOR_0] Sin mov. para CH (delta_int fue 0). HB: (1115, 288), PosFlotante: (1115.0000, 288.0000)
2025-05-19 16:48:55 - jugador - [DEBUG] - [JUGADOR_0] Hitbox ataque: <rect(1061, 265, 54, 69)> (Dir: -1,0)
2025-05-19 16:48:55 - jugador - [DEBUG] - [JUGADOR_0] Delta flotante intentado: dx=0.0000, dy=0.0000 (delta_time: 0.0160)
2025-05-19 16:48:55 - jugador - [DEBUG] - [JUGADOR_0] Input teclado procesado: mov_x_input_raw=0, mov_y_input_raw=0
2025-05-19 16:48:55 - jugador - [DEBUG] - [JUGADOR_0] Pos flotante (pre-límites): (1115.0000, 288.0000)
2025-05-19 16:48:55 - jugador - [DEBUG] - [JUGADOR_0] Pos flotante (post-límites): (1115.0000, 288.0000)
2025-05-19 16:48:55 - jugador - [DEBUG] - [JUGADOR_0] Sin mov. para CH (delta_int fue 0). HB: (1115, 288), PosFlotante: (1115.0000, 288.0000)
2025-05-19 16:48:55 - jugador - [DEBUG] - [JUGADOR_0] Hitbox ataque: <rect(1061, 265, 54, 69)> (Dir: -1,0)
2025-05-19 16:48:55 - jugador - [DEBUG] - [JUGADOR_0] Delta flotante intentado: dx=0.0000, dy=0.0000 (delta_time: 0.0160)
2025-05-19 16:48:55 - jugador - [DEBUG] - [JUGADOR_0] Delta flotante intentado: dx=0.0000, dy=0.0000 (delta_time: 0.0170)
2025-05-19 16:48:55 - jugador - [DEBUG] - [JUGADOR_0] Input teclado procesado: mov_x_input_raw=0, mov_y_input_raw=0
2025-05-19 16:48:55 - jugador - [DEBUG] - [JUGADOR_0] Pos flotante (pre-límites): (1115.0000, 288.0000)
2025-05-19 16:48:55 - jugador - [DEBUG] - [JUGADOR_0] Pos flotante (post-límites): (1115.0000, 288.0000)
2025-05-19 16:48:55 - jugador - [DEBUG] - [JUGADOR_0] Sin mov. para CH (delta_int fue 0). HB: (1115, 288), PosFlotante: (1115.0000, 288.0000)
2025-05-19 16:48:55 - jugador - [DEBUG] - [JUGADOR_0] Hitbox ataque: <rect(1061, 265, 54, 69)> (Dir: -1,0)
2025-05-19 16:48:55 - jugador - [DEBUG] - [JUGADOR_0] Delta flotante intentado: dx=0.0000, dy=0.0000 (delta_time: 0.0170)
2025-05-19 16:48:55 - jugador - [DEBUG] - [JUGADOR_0] Input teclado procesado: mov_x_input_raw=0, mov_y_input_raw=0
2025-05-19 16:48:55 - jugador - [DEBUG] - [JUGADOR_0] Delta flotante intentado: dx=0.0000, dy=0.0000 (delta_time: 0.0160)
2025-05-19 16:48:55 - jugador - [DEBUG] - [JUGADOR_0] Pos flotante (pre-límites): (1115.0000, 288.0000)
2025-05-19 16:48:55 - jugador - [DEBUG] - [JUGADOR_0] Pos flotante (post-límites): (1115.0000, 288.0000)
2025-05-19 16:48:55 - jugador - [DEBUG] - [JUGADOR_0] Sin mov. para CH (delta_int fue 0). HB: (1115, 288), PosFlotante: (1115.0000, 288.0000)
2025-05-19 16:48:55 - jugador - [DEBUG] - [JUGADOR_0] Hitbox ataque: <rect(1061, 265, 54, 69)> (Dir: -1,0)
2025-05-19 16:48:55 - jugador - [DEBUG] - [JUGADOR_0] ATAQUE FINALIZADO (Duración: 260ms). Enemigos golpeados: 2
2025-05-19 16:48:55 - jugador - [DEBUG] - [JUGADOR_0] Delta flotante intentado: dx=0.0000, dy=0.0000 (delta_time: 0.0170)
2025-05-19 16:48:55 - jugador - [DEBUG] - [JUGADOR_0] Input teclado procesado: mov_x_input_raw=0, mov_y_input_raw=0
2025-05-19 16:48:55 - jugador - [DEBUG] - [JUGADOR_0] Pos flotante (pre-límites): (1115.0000, 288.0000)
2025-05-19 16:48:55 - jugador - [DEBUG] - [JUGADOR_0] Pos flotante (post-límites): (1115.0000, 288.0000)
2025-05-19 16:48:55 - jugador - [DEBUG] - [JUGADOR_0] Sin mov. para CH (delta_int fue 0). HB: (1115, 288), PosFlotante: (1115.0000, 288.0000)
2025-05-19 16:48:55 - jugador - [DEBUG] - [JUGADOR_0] Delta flotante intentado: dx=0.0000, dy=0.0000 (delta_time: 0.0160)
2025-05-19 16:48:55 - jugador - [DEBUG] - [JUGADOR_0] Input teclado procesado: mov_x_input_raw=0, mov_y_input_raw=0
2025-05-19 16:48:55 - jugador - [DEBUG] - [JUGADOR_0] Pos flotante (pre-límites): (1115.0000, 288.0000)
2025-05-19 16:48:55 - jugador - [DEBUG] - [JUGADOR_0] Pos flotante (post-límites): (1115.0000, 288.0000)
2025-05-19 16:48:55 - jugador - [DEBUG] - [JUGADOR_0] Sin mov. para CH (delta_int fue 0). HB: (1115, 288), PosFlotante: (1115.0000, 288.0000)
2025-05-19 16:48:55 - jugador - [DEBUG] - [JUGADOR_0] Delta flotante intentado: dx=0.0000, dy=0.0000 (delta_time: 0.0170)
2025-05-19 16:48:55 - jugador - [DEBUG] - [JUGADOR_0] Input teclado procesado: mov_x_input_raw=0, mov_y_input_raw=0
2025-05-19 16:48:55 - jugador - [DEBUG] - [JUGADOR_0] Delta flotante intentado: dx=0.0000, dy=0.0000 (delta_time: 0.0160)
2025-05-19 16:48:55 - jugador - [DEBUG] - [JUGADOR_0] Pos flotante (pre-límites): (1115.0000, 288.0000)
2025-05-19 16:48:55 - jugador - [DEBUG] - [JUGADOR_0] Pos flotante (post-límites): (1115.0000, 288.0000)
2025-05-19 16:48:55 - jugador - [DEBUG] - [JUGADOR_0] Sin mov. para CH (delta_int fue 0). HB: (1115, 288), PosFlotante: (1115.0000, 288.0000)
2025-05-19 16:48:55 - jugador - [DEBUG] - [JUGADOR_0] Delta flotante intentado: dx=0.0000, dy=0.0000 (delta_time: 0.0170)
2025-05-19 16:48:56 - jugador - [DEBUG] - [JUGADOR_0] Input teclado procesado: mov_x_input_raw=0, mov_y_input_raw=0
2025-05-19 16:48:56 - jugador - [DEBUG] - [JUGADOR_0] Delta flotante intentado: dx=0.0000, dy=0.0000 (delta_time: 0.0160)
2025-05-19 16:48:56 - jugador - [DEBUG] - [JUGADOR_0] Pos flotante (pre-límites): (1115.0000, 288.0000)
2025-05-19 16:48:56 - jugador - [DEBUG] - [JUGADOR_0] Pos flotante (post-límites): (1115.0000, 288.0000)
2025-05-19 16:48:56 - jugador - [DEBUG] - [JUGADOR_0] Sin mov. para CH (delta_int fue 0). HB: (1115, 288), PosFlotante: (1115.0000, 288.0000)
2025-05-19 16:48:56 - jugador - [DEBUG] - [JUGADOR_0] Delta flotante intentado: dx=0.0000, dy=0.0000 (delta_time: 0.0170)
2025-05-19 16:48:56 - jugador - [DEBUG] - [JUGADOR_0] Input teclado procesado: mov_x_input_raw=0, mov_y_input_raw=0
2025-05-19 16:48:56 - jugador - [DEBUG] - [JUGADOR_0] Delta flotante intentado: dx=0.0000, dy=0.0000 (delta_time: 0.0170)
2025-05-19 16:48:56 - jugador - [DEBUG] - [JUGADOR_0] Pos flotante (pre-límites): (1115.0000, 288.0000)
2025-05-19 16:48:56 - jugador - [DEBUG] - [JUGADOR_0] Pos flotante (post-límites): (1115.0000, 288.0000)
2025-05-19 16:48:56 - jugador - [DEBUG] - [JUGADOR_0] Sin mov. para CH (delta_int fue 0). HB: (1115, 288), PosFlotante: (1115.0000, 288.0000)
2025-05-19 16:48:56 - jugador - [DEBUG] - [JUGADOR_0] Delta flotante intentado: dx=0.0000, dy=0.0000 (delta_time: 0.0160)
2025-05-19 16:48:56 - jugador - [DEBUG] - [JUGADOR_0] Input teclado procesado: mov_x_input_raw=0, mov_y_input_raw=0
2025-05-19 16:48:56 - jugador - [DEBUG] - [JUGADOR_0] Pos flotante (pre-límites): (1115.0000, 288.0000)
2025-05-19 16:48:56 - jugador - [DEBUG] - [JUGADOR_0] Pos flotante (post-límites): (1115.0000, 288.0000)
2025-05-19 16:48:56 - jugador - [DEBUG] - [JUGADOR_0] Sin mov. para CH (delta_int fue 0). HB: (1115, 288), PosFlotante: (1115.0000, 288.0000)
2025-05-19 16:48:56 - jugador - [DEBUG] - [JUGADOR_0] Delta flotante intentado: dx=0.0000, dy=0.0000 (delta_time: 0.0170)
2025-05-19 16:48:56 - jugador - [DEBUG] - [JUGADOR_0] Delta flotante intentado: dx=0.0000, dy=0.0000 (delta_time: 0.0160)
2025-05-19 16:48:56 - jugador - [DEBUG] - [JUGADOR_0] Input teclado procesado: mov_x_input_raw=0, mov_y_input_raw=0
2025-05-19 16:48:56 - jugador - [DEBUG] - [JUGADOR_0] Pos flotante (pre-límites): (1115.0000, 288.0000)
2025-05-19 16:48:56 - jugador - [DEBUG] - [JUGADOR_0] Pos flotante (post-límites): (1115.0000, 288.0000)
2025-05-19 16:48:56 - jugador - [DEBUG] - [JUGADOR_0] Sin mov. para CH (delta_int fue 0). HB: (1115, 288), PosFlotante: (1115.0000, 288.0000)
2025-05-19 16:48:56 - jugador - [DEBUG] - [JUGADOR_0] Delta flotante intentado: dx=0.0000, dy=0.0000 (delta_time: 0.0170)
2025-05-19 16:48:56 - jugador - [DEBUG] - [JUGADOR_0] Input teclado procesado: mov_x_input_raw=0, mov_y_input_raw=0
2025-05-19 16:48:56 - jugador - [DEBUG] - [JUGADOR_0] Delta flotante intentado: dx=0.0000, dy=0.0000 (delta_time: 0.0160)
2025-05-19 16:48:56 - jugador - [DEBUG] - [JUGADOR_0] Pos flotante (pre-límites): (1115.0000, 288.0000)
2025-05-19 16:48:56 - jugador - [DEBUG] - [JUGADOR_0] Pos flotante (post-límites): (1115.0000, 288.0000)
2025-05-19 16:48:56 - jugador - [DEBUG] - [JUGADOR_0] Sin mov. para CH (delta_int fue 0). HB: (1115, 288), PosFlotante: (1115.0000, 288.0000)
2025-05-19 16:48:56 - jugador - [DEBUG] - [JUGADOR_0] Delta flotante intentado: dx=0.0000, dy=0.0000 (delta_time: 0.0170)
2025-05-19 16:48:56 - jugador - [DEBUG] - [JUGADOR_0] Input teclado procesado: mov_x_input_raw=0, mov_y_input_raw=0
2025-05-19 16:48:56 - jugador - [DEBUG] - [JUGADOR_0] Pos flotante (pre-límites): (1115.0000, 288.0000)
2025-05-19 16:48:56 - jugador - [DEBUG] - [JUGADOR_0] Pos flotante (post-límites): (1115.0000, 288.0000)
2025-05-19 16:48:56 - jugador - [DEBUG] - [JUGADOR_0] Sin mov. para CH (delta_int fue 0). HB: (1115, 288), PosFlotante: (1115.0000, 288.0000)
2025-05-19 16:48:56 - jugador - [DEBUG] - [JUGADOR_0] Delta flotante intentado: dx=0.0000, dy=0.0000 (delta_time: 0.0160)
2025-05-19 16:48:56 - jugador - [DEBUG] - [JUGADOR_0] Delta flotante intentado: dx=0.0000, dy=0.0000 (delta_time: 0.0170)
2025-05-19 16:48:56 - jugador - [DEBUG] - [JUGADOR_0] Input teclado procesado: mov_x_input_raw=0, mov_y_input_raw=0
2025-05-19 16:48:56 - jugador - [DEBUG] - [JUGADOR_0] Delta flotante intentado: dx=0.0000, dy=0.0000 (delta_time: 0.0160)
2025-05-19 16:48:56 - jugador - [DEBUG] - [JUGADOR_0] Pos flotante (pre-límites): (1115.0000, 288.0000)
2025-05-19 16:48:56 - jugador - [DEBUG] - [JUGADOR_0] Pos flotante (post-límites): (1115.0000, 288.0000)
2025-05-19 16:48:56 - jugador - [DEBUG] - [JUGADOR_0] Sin mov. para CH (delta_int fue 0). HB: (1115, 288), PosFlotante: (1115.0000, 288.0000)
2025-05-19 16:48:56 - jugador - [DEBUG] - [JUGADOR_0] Input teclado procesado: mov_x_input_raw=0, mov_y_input_raw=0
2025-05-19 16:48:56 - jugador - [DEBUG] - [JUGADOR_0] Delta flotante intentado: dx=0.0000, dy=0.0000 (delta_time: 0.0160)
2025-05-19 16:48:56 - jugador - [DEBUG] - [JUGADOR_0] Pos flotante (pre-límites): (1115.0000, 288.0000)
2025-05-19 16:48:56 - jugador - [DEBUG] - [JUGADOR_0] Pos flotante (post-límites): (1115.0000, 288.0000)
2025-05-19 16:48:56 - jugador - [DEBUG] - [JUGADOR_0] Sin mov. para CH (delta_int fue 0). HB: (1115, 288), PosFlotante: (1115.0000, 288.0000)
2025-05-19 16:48:56 - jugador - [DEBUG] - [JUGADOR_0] Delta flotante intentado: dx=0.0000, dy=0.0000 (delta_time: 0.0170)
2025-05-19 16:48:56 - jugador - [DEBUG] - [JUGADOR_0] Input teclado procesado: mov_x_input_raw=0, mov_y_input_raw=0
2025-05-19 16:48:56 - jugador - [DEBUG] - [JUGADOR_0] Pos flotante (pre-límites): (1115.0000, 288.0000)
2025-05-19 16:48:56 - jugador - [DEBUG] - [JUGADOR_0] Pos flotante (post-límites): (1115.0000, 288.0000)
2025-05-19 16:48:56 - jugador - [DEBUG] - [JUGADOR_0] Sin mov. para CH (delta_int fue 0). HB: (1115, 288), PosFlotante: (1115.0000, 288.0000)
2025-05-19 16:48:56 - jugador - [DEBUG] - [JUGADOR_0] Delta flotante intentado: dx=0.0000, dy=0.0000 (delta_time: 0.0160)
2025-05-19 16:48:56 - jugador - [DEBUG] - [JUGADOR_0] Input teclado procesado: mov_x_input_raw=0, mov_y_input_raw=0
2025-05-19 16:48:56 - jugador - [DEBUG] - [JUGADOR_0] Delta flotante intentado: dx=0.0000, dy=0.0000 (delta_time: 0.0170)
2025-05-19 16:48:56 - jugador - [DEBUG] - [JUGADOR_0] Pos flotante (pre-límites): (1115.0000, 288.0000)
2025-05-19 16:48:56 - jugador - [DEBUG] - [JUGADOR_0] Pos flotante (post-límites): (1115.0000, 288.0000)
2025-05-19 16:48:56 - jugador - [DEBUG] - [JUGADOR_0] Sin mov. para CH (delta_int fue 0). HB: (1115, 288), PosFlotante: (1115.0000, 288.0000)
2025-05-19 16:48:56 - jugador - [DEBUG] - [JUGADOR_0] Input teclado procesado: mov_x_input_raw=0, mov_y_input_raw=0
2025-05-19 16:48:56 - jugador - [DEBUG] - [JUGADOR_0] Delta flotante intentado: dx=0.0000, dy=0.0000 (delta_time: 0.0160)
2025-05-19 16:48:56 - jugador - [DEBUG] - [JUGADOR_0] Pos flotante (pre-límites): (1115.0000, 288.0000)
2025-05-19 16:48:56 - jugador - [DEBUG] - [JUGADOR_0] Pos flotante (post-límites): (1115.0000, 288.0000)
2025-05-19 16:48:56 - jugador - [DEBUG] - [JUGADOR_0] Sin mov. para CH (delta_int fue 0). HB: (1115, 288), PosFlotante: (1115.0000, 288.0000)
2025-05-19 16:48:56 - jugador - [DEBUG] - [JUGADOR_0] Delta flotante intentado: dx=0.0000, dy=0.0000 (delta_time: 0.0170)
2025-05-19 16:48:56 - jugador - [DEBUG] - [JUGADOR_0] Input teclado procesado: mov_x_input_raw=0, mov_y_input_raw=180
2025-05-19 16:48:56 - jugador - [DEBUG] - [JUGADOR_0] Delta flotante intentado: dx=0.0000, dy=2.8800 (delta_time: 0.0160)
2025-05-19 16:48:56 - jugador - [DEBUG] - [JUGADOR_0] Pos flotante (pre-límites): (1115.0000, 290.8800)
2025-05-19 16:48:56 - jugador - [DEBUG] - [JUGADOR_0] Pos flotante (post-límites): (1115.0000, 290.8800)
2025-05-19 16:48:56 - jugador - [DEBUG] - [JUGADOR_0] Movimiento para CH: dx_int=0, dy_int=3. HB (antes CH): (1115, 288), PosFlotante: (1115.0000,290.8800)
2025-05-19 16:48:56 - jugador - [DEBUG] - [JUGADOR_0] Iniciando gestión de colisión con dx=0, dy=3. Hitbox actual: (1115, 288)
2025-05-19 16:48:56 - jugador - [DEBUG] - [JUGADOR_0] Posición POST CH: HB: (1119, 291), PosFlotante: (1119.00, 291.00)
2025-05-19 16:48:56 - jugador - [DEBUG] - [JUGADOR_0] Pos flotante (pre-límites): (1119.0000, 293.8800)
2025-05-19 16:48:56 - jugador - [DEBUG] - [JUGADOR_0] Pos flotante (post-límites): (1119.0000, 293.8800)
2025-05-19 16:48:56 - jugador - [DEBUG] - [JUGADOR_0] Movimiento para CH: dx_int=0, dy_int=3. HB (antes CH): (1119, 291), PosFlotante: (1119.0000,293.8800)
2025-05-19 16:48:56 - jugador - [DEBUG] - [JUGADOR_0] Iniciando gestión de colisión con dx=0, dy=3. Hitbox actual: (1119, 291)
2025-05-19 16:48:56 - jugador - [DEBUG] - [JUGADOR_0] Posición POST CH: HB: (1121, 294), PosFlotante: (1121.00, 294.00)
2025-05-19 16:48:56 - jugador - [DEBUG] - [JUGADOR_0] Pos flotante (pre-límites): (1121.0000, 296.8800)
2025-05-19 16:48:56 - jugador - [DEBUG] - [JUGADOR_0] Pos flotante (post-límites): (1121.0000, 296.8800)
2025-05-19 16:48:56 - jugador - [DEBUG] - [JUGADOR_0] Movimiento para CH: dx_int=0, dy_int=3. HB (antes CH): (1121, 294), PosFlotante: (1121.0000,296.8800)
2025-05-19 16:48:56 - jugador - [DEBUG] - [JUGADOR_0] Iniciando gestión de colisión con dx=0, dy=3. Hitbox actual: (1121, 294)
2025-05-19 16:48:56 - jugador - [DEBUG] - [JUGADOR_0] Posición POST CH: HB: (1123, 297), PosFlotante: (1123.00, 297.00)
2025-05-19 16:48:56 - jugador - [DEBUG] - [JUGADOR_0] Pos flotante (pre-límites): (1123.0000, 299.8800)
2025-05-19 16:48:56 - jugador - [DEBUG] - [JUGADOR_0] Pos flotante (post-límites): (1123.0000, 299.8800)
2025-05-19 16:48:56 - jugador - [DEBUG] - [JUGADOR_0] Movimiento para CH: dx_int=0, dy_int=3. HB (antes CH): (1123, 297), PosFlotante: (1123.0000,299.8800)
2025-05-19 16:48:56 - jugador - [DEBUG] - [JUGADOR_0] Iniciando gestión de colisión con dx=0, dy=3. Hitbox actual: (1123, 297)
2025-05-19 16:48:56 - jugador - [DEBUG] - [JUGADOR_0] Posición POST CH: HB: (1125, 300), PosFlotante: (1125.00, 300.00)
2025-05-19 16:48:56 - jugador - [DEBUG] - [JUGADOR_0] Input teclado procesado: mov_x_input_raw=0, mov_y_input_raw=180
2025-05-19 16:48:56 - jugador - [DEBUG] - [JUGADOR_0] Delta flotante intentado: dx=0.0000, dy=2.8800 (delta_time: 0.0160)
2025-05-19 16:48:56 - jugador - [DEBUG] - [JUGADOR_0] Pos flotante (pre-límites): (1125.0000, 302.8800)
2025-05-19 16:48:56 - jugador - [DEBUG] - [JUGADOR_0] Pos flotante (post-límites): (1125.0000, 302.8800)
2025-05-19 16:48:56 - jugador - [DEBUG] - [JUGADOR_0] Movimiento para CH: dx_int=0, dy_int=3. HB (antes CH): (1125, 300), PosFlotante: (1125.0000,302.8800)
2025-05-19 16:48:56 - jugador - [DEBUG] - [JUGADOR_0] Iniciando gestión de colisión con dx=0, dy=3. Hitbox actual: (1125, 300)
2025-05-19 16:48:56 - jugador - [DEBUG] - [JUGADOR_0] Posición POST CH: HB: (1127, 303), PosFlotante: (1127.00, 303.00)
2025-05-19 16:48:56 - jugador - [DEBUG] - [JUGADOR_0] Delta flotante intentado: dx=0.0000, dy=3.0600 (delta_time: 0.0170)
2025-05-19 16:48:56 - jugador - [DEBUG] - [JUGADOR_0] Pos flotante (pre-límites): (1127.0000, 306.0600)
2025-05-19 16:48:56 - jugador - [DEBUG] - [JUGADOR_0] Pos flotante (post-límites): (1127.0000, 306.0600)
2025-05-19 16:48:56 - jugador - [DEBUG] - [JUGADOR_0] Movimiento para CH: dx_int=0, dy_int=4. HB (antes CH): (1127, 303), PosFlotante: (1127.0000,306.0600)
2025-05-19 16:48:56 - jugador - [DEBUG] - [JUGADOR_0] Iniciando gestión de colisión con dx=0, dy=4. Hitbox actual: (1127, 303)
2025-05-19 16:48:56 - jugador - [DEBUG] - [JUGADOR_0] Posición POST CH: HB: (1129, 307), PosFlotante: (1129.00, 307.00)
2025-05-19 16:48:56 - jugador - [DEBUG] - [JUGADOR_0] Pos flotante (pre-límites): (1129.0000, 310.0600)
2025-05-19 16:48:56 - jugador - [DEBUG] - [JUGADOR_0] Pos flotante (post-límites): (1129.0000, 310.0600)
2025-05-19 16:48:56 - jugador - [DEBUG] - [JUGADOR_0] Movimiento para CH: dx_int=0, dy_int=4. HB (antes CH): (1129, 307), PosFlotante: (1129.0000,310.0600)
2025-05-19 16:48:56 - jugador - [DEBUG] - [JUGADOR_0] Iniciando gestión de colisión con dx=0, dy=4. Hitbox actual: (1129, 307)
2025-05-19 16:48:56 - jugador - [DEBUG] - [JUGADOR_0] Posición POST CH: HB: (1131, 311), PosFlotante: (1131.00, 311.00)
2025-05-19 16:48:56 - jugador - [DEBUG] - [JUGADOR_0] Input teclado procesado: mov_x_input_raw=0, mov_y_input_raw=180
2025-05-19 16:48:56 - jugador - [DEBUG] - [JUGADOR_0] Pos flotante (pre-límites): (1131.0000, 314.0600)
2025-05-19 16:48:56 - jugador - [DEBUG] - [JUGADOR_0] Pos flotante (post-límites): (1131.0000, 314.0600)
2025-05-19 16:48:56 - jugador - [DEBUG] - [JUGADOR_0] Movimiento para CH: dx_int=0, dy_int=4. HB (antes CH): (1131, 311), PosFlotante: (1131.0000,314.0600)
2025-05-19 16:48:56 - jugador - [DEBUG] - [JUGADOR_0] Iniciando gestión de colisión con dx=0, dy=4. Hitbox actual: (1131, 311)
2025-05-19 16:48:56 - jugador - [DEBUG] - [JUGADOR_0] Posición POST CH: HB: (1132, 315), PosFlotante: (1132.00, 315.00)
2025-05-19 16:48:56 - jugador - [DEBUG] - [JUGADOR_0] Delta flotante intentado: dx=0.0000, dy=2.8800 (delta_time: 0.0160)
2025-05-19 16:48:56 - jugador - [DEBUG] - [JUGADOR_0] Pos flotante (pre-límites): (1132.0000, 317.8800)
2025-05-19 16:48:56 - jugador - [DEBUG] - [JUGADOR_0] Pos flotante (post-límites): (1132.0000, 317.8800)
2025-05-19 16:48:56 - jugador - [DEBUG] - [JUGADOR_0] Movimiento para CH: dx_int=0, dy_int=3. HB (antes CH): (1132, 315), PosFlotante: (1132.0000,317.8800)
2025-05-19 16:48:56 - jugador - [DEBUG] - [JUGADOR_0] Iniciando gestión de colisión con dx=0, dy=3. Hitbox actual: (1132, 315)
2025-05-19 16:48:56 - jugador - [DEBUG] - [JUGADOR_0] Posición POST CH: HB: (1133, 318), PosFlotante: (1133.00, 318.00)
2025-05-19 16:48:56 - jugador - [DEBUG] - [JUGADOR_0] Delta flotante intentado: dx=0.0000, dy=3.0600 (delta_time: 0.0170)
2025-05-19 16:48:56 - jugador - [DEBUG] - [JUGADOR_0] Pos flotante (pre-límites): (1133.0000, 321.0600)
2025-05-19 16:48:56 - jugador - [DEBUG] - [JUGADOR_0] Pos flotante (post-límites): (1133.0000, 321.0600)
2025-05-19 16:48:56 - jugador - [DEBUG] - [JUGADOR_0] Movimiento para CH: dx_int=0, dy_int=4. HB (antes CH): (1133, 318), PosFlotante: (1133.0000,321.0600)
2025-05-19 16:48:56 - jugador - [DEBUG] - [JUGADOR_0] Iniciando gestión de colisión con dx=0, dy=4. Hitbox actual: (1133, 318)
2025-05-19 16:48:56 - jugador - [DEBUG] - [JUGADOR_0] Posición POST CH: HB: (1133, 322), PosFlotante: (1133.00, 322.00)
2025-05-19 16:48:56 - jugador - [DEBUG] - [JUGADOR_0] Pos flotante (pre-límites): (1133.0000, 324.8800)
2025-05-19 16:48:56 - jugador - [DEBUG] - [JUGADOR_0] Pos flotante (post-límites): (1133.0000, 324.8800)
2025-05-19 16:48:56 - jugador - [DEBUG] - [JUGADOR_0] Movimiento para CH: dx_int=0, dy_int=3. HB (antes CH): (1133, 322), PosFlotante: (1133.0000,324.8800)
2025-05-19 16:48:56 - jugador - [DEBUG] - [JUGADOR_0] Iniciando gestión de colisión con dx=0, dy=3. Hitbox actual: (1133, 322)
2025-05-19 16:48:56 - jugador - [DEBUG] - [JUGADOR_0] Posición POST CH: HB: (1133, 325), PosFlotante: (1133.00, 325.00)
2025-05-19 16:48:56 - jugador - [DEBUG] - [JUGADOR_0] Input teclado procesado: mov_x_input_raw=0, mov_y_input_raw=180
2025-05-19 16:48:56 - jugador - [DEBUG] - [JUGADOR_0] Pos flotante (pre-límites): (1133.0000, 328.0600)
2025-05-19 16:48:56 - jugador - [DEBUG] - [JUGADOR_0] Pos flotante (post-límites): (1133.0000, 328.0600)
2025-05-19 16:48:56 - jugador - [DEBUG] - [JUGADOR_0] Movimiento para CH: dx_int=0, dy_int=4. HB (antes CH): (1133, 325), PosFlotante: (1133.0000,328.0600)
2025-05-19 16:48:56 - jugador - [DEBUG] - [JUGADOR_0] Iniciando gestión de colisión con dx=0, dy=4. Hitbox actual: (1133, 325)
2025-05-19 16:48:56 - jugador - [DEBUG] - [JUGADOR_0] Posición POST CH: HB: (1133, 329), PosFlotante: (1133.00, 329.00)
2025-05-19 16:48:56 - jugador - [DEBUG] - [JUGADOR_0] Delta flotante intentado: dx=0.0000, dy=3.0600 (delta_time: 0.0170)
2025-05-19 16:48:56 - jugador - [DEBUG] - [JUGADOR_0] Pos flotante (pre-límites): (1133.0000, 332.0600)
2025-05-19 16:48:56 - jugador - [DEBUG] - [JUGADOR_0] Pos flotante (post-límites): (1133.0000, 332.0600)
2025-05-19 16:48:56 - jugador - [DEBUG] - [JUGADOR_0] Movimiento para CH: dx_int=0, dy_int=4. HB (antes CH): (1133, 329), PosFlotante: (1133.0000,332.0600)
2025-05-19 16:48:56 - jugador - [DEBUG] - [JUGADOR_0] Iniciando gestión de colisión con dx=0, dy=4. Hitbox actual: (1133, 329)
2025-05-19 16:48:56 - jugador - [DEBUG] - [JUGADOR_0] Posición POST CH: HB: (1133, 333), PosFlotante: (1133.00, 333.00)
2025-05-19 16:48:56 - jugador - [DEBUG] - [JUGADOR_0] Delta flotante intentado: dx=0.0000, dy=2.8800 (delta_time: 0.0160)
2025-05-19 16:48:56 - jugador - [DEBUG] - [JUGADOR_0] Pos flotante (pre-límites): (1133.0000, 335.8800)
2025-05-19 16:48:56 - jugador - [DEBUG] - [JUGADOR_0] Pos flotante (post-límites): (1133.0000, 335.8800)
2025-05-19 16:48:56 - jugador - [DEBUG] - [JUGADOR_0] Movimiento para CH: dx_int=0, dy_int=3. HB (antes CH): (1133, 333), PosFlotante: (1133.0000,335.8800)
2025-05-19 16:48:56 - jugador - [DEBUG] - [JUGADOR_0] Iniciando gestión de colisión con dx=0, dy=3. Hitbox actual: (1133, 333)
2025-05-19 16:48:56 - jugador - [DEBUG] - [JUGADOR_0] Posición POST CH: HB: (1133, 336), PosFlotante: (1133.00, 336.00)
2025-05-19 16:48:56 - jugador - [DEBUG] - [JUGADOR_0] Input teclado procesado: mov_x_input_raw=0, mov_y_input_raw=180
2025-05-19 16:48:56 - jugador - [DEBUG] - [JUGADOR_0] Pos flotante (pre-límites): (1133.0000, 339.0600)
2025-05-19 16:48:56 - jugador - [DEBUG] - [JUGADOR_0] Pos flotante (post-límites): (1133.0000, 339.0600)
2025-05-19 16:48:56 - jugador - [DEBUG] - [JUGADOR_0] Movimiento para CH: dx_int=0, dy_int=4. HB (antes CH): (1133, 336), PosFlotante: (1133.0000,339.0600)
2025-05-19 16:48:56 - jugador - [DEBUG] - [JUGADOR_0] Iniciando gestión de colisión con dx=0, dy=4. Hitbox actual: (1133, 336)
2025-05-19 16:48:56 - jugador - [DEBUG] - [JUGADOR_0] Posición POST CH: HB: (1133, 340), PosFlotante: (1133.00, 340.00)
2025-05-19 16:48:56 - jugador - [DEBUG] - [JUGADOR_0] Pos flotante (pre-límites): (1133.0000, 342.8800)
2025-05-19 16:48:56 - jugador - [DEBUG] - [JUGADOR_0] Pos flotante (post-límites): (1133.0000, 342.8800)
2025-05-19 16:48:56 - jugador - [DEBUG] - [JUGADOR_0] Movimiento para CH: dx_int=0, dy_int=3. HB (antes CH): (1133, 340), PosFlotante: (1133.0000,342.8800)
2025-05-19 16:48:56 - jugador - [DEBUG] - [JUGADOR_0] Iniciando gestión de colisión con dx=0, dy=3. Hitbox actual: (1133, 340)
2025-05-19 16:48:56 - jugador - [DEBUG] - [JUGADOR_0] Posición POST CH: HB: (1133, 343), PosFlotante: (1133.00, 343.00)
2025-05-19 16:48:56 - jugador - [DEBUG] - [JUGADOR_0] Pos flotante (pre-límites): (1133.0000, 345.8800)
2025-05-19 16:48:56 - jugador - [DEBUG] - [JUGADOR_0] Pos flotante (post-límites): (1133.0000, 345.8800)
2025-05-19 16:48:56 - jugador - [DEBUG] - [JUGADOR_0] Movimiento para CH: dx_int=0, dy_int=3. HB (antes CH): (1133, 343), PosFlotante: (1133.0000,345.8800)
2025-05-19 16:48:56 - jugador - [DEBUG] - [JUGADOR_0] Iniciando gestión de colisión con dx=0, dy=3. Hitbox actual: (1133, 343)
2025-05-19 16:48:56 - jugador - [DEBUG] - [JUGADOR_0] Posición POST CH: HB: (1133, 346), PosFlotante: (1133.00, 346.00)
2025-05-19 16:48:56 - jugador - [DEBUG] - [JUGADOR_0] Delta flotante intentado: dx=0.0000, dy=2.8800 (delta_time: 0.0160)
2025-05-19 16:48:56 - jugador - [DEBUG] - [JUGADOR_0] Pos flotante (pre-límites): (1133.0000, 348.8800)
2025-05-19 16:48:56 - jugador - [DEBUG] - [JUGADOR_0] Pos flotante (post-límites): (1133.0000, 348.8800)
2025-05-19 16:48:56 - jugador - [DEBUG] - [JUGADOR_0] Movimiento para CH: dx_int=0, dy_int=3. HB (antes CH): (1133, 346), PosFlotante: (1133.0000,348.8800)
2025-05-19 16:48:56 - jugador - [DEBUG] - [JUGADOR_0] Iniciando gestión de colisión con dx=0, dy=3. Hitbox actual: (1133, 346)
2025-05-19 16:48:56 - jugador - [DEBUG] - [JUGADOR_0] Posición POST CH: HB: (1133, 349), PosFlotante: (1133.00, 349.00)
2025-05-19 16:48:57 - jugador - [DEBUG] - [JUGADOR_0] Input teclado procesado: mov_x_input_raw=0, mov_y_input_raw=180
2025-05-19 16:48:57 - jugador - [DEBUG] - [JUGADOR_0] Pos flotante (pre-límites): (1133.0000, 351.8800)
2025-05-19 16:48:57 - jugador - [DEBUG] - [JUGADOR_0] Pos flotante (post-límites): (1133.0000, 351.8800)
2025-05-19 16:48:57 - jugador - [DEBUG] - [JUGADOR_0] Movimiento para CH: dx_int=0, dy_int=3. HB (antes CH): (1133, 349), PosFlotante: (1133.0000,351.8800)
2025-05-19 16:48:57 - jugador - [DEBUG] - [JUGADOR_0] Iniciando gestión de colisión con dx=0, dy=3. Hitbox actual: (1133, 349)
2025-05-19 16:48:57 - jugador - [DEBUG] - [JUGADOR_0] Posición POST CH: HB: (1133, 352), PosFlotante: (1133.00, 352.00)
2025-05-19 16:48:57 - jugador - [DEBUG] - [JUGADOR_0] Delta flotante intentado: dx=0.0000, dy=3.0600 (delta_time: 0.0170)
2025-05-19 16:48:57 - jugador - [DEBUG] - [JUGADOR_0] Pos flotante (pre-límites): (1133.0000, 355.0600)
2025-05-19 16:48:57 - jugador - [DEBUG] - [JUGADOR_0] Pos flotante (post-límites): (1133.0000, 355.0600)
2025-05-19 16:48:57 - jugador - [DEBUG] - [JUGADOR_0] Movimiento para CH: dx_int=0, dy_int=4. HB (antes CH): (1133, 352), PosFlotante: (1133.0000,355.0600)
2025-05-19 16:48:57 - jugador - [DEBUG] - [JUGADOR_0] Iniciando gestión de colisión con dx=0, dy=4. Hitbox actual: (1133, 352)
2025-05-19 16:48:57 - jugador - [DEBUG] - [JUGADOR_0] Posición POST CH: HB: (1133, 356), PosFlotante: (1133.00, 356.00)
2025-05-19 16:48:57 - jugador - [DEBUG] - [JUGADOR_0] Pos flotante (pre-límites): (1133.0000, 359.0600)
2025-05-19 16:48:57 - jugador - [DEBUG] - [JUGADOR_0] Pos flotante (post-límites): (1133.0000, 359.0600)
2025-05-19 16:48:57 - jugador - [DEBUG] - [JUGADOR_0] Movimiento para CH: dx_int=0, dy_int=4. HB (antes CH): (1133, 356), PosFlotante: (1133.0000,359.0600)
2025-05-19 16:48:57 - jugador - [DEBUG] - [JUGADOR_0] Iniciando gestión de colisión con dx=0, dy=4. Hitbox actual: (1133, 356)
2025-05-19 16:48:57 - jugador - [DEBUG] - [JUGADOR_0] Posición POST CH: HB: (1133, 360), PosFlotante: (1133.00, 360.00)
2025-05-19 16:48:57 - jugador - [DEBUG] - [JUGADOR_0] Input teclado procesado: mov_x_input_raw=0, mov_y_input_raw=180
2025-05-19 16:48:57 - jugador - [DEBUG] - [JUGADOR_0] Pos flotante (pre-límites): (1133.0000, 363.0600)
2025-05-19 16:48:57 - jugador - [DEBUG] - [JUGADOR_0] Pos flotante (post-límites): (1133.0000, 363.0600)
2025-05-19 16:48:57 - jugador - [DEBUG] - [JUGADOR_0] Movimiento para CH: dx_int=0, dy_int=4. HB (antes CH): (1133, 360), PosFlotante: (1133.0000,363.0600)
2025-05-19 16:48:57 - jugador - [DEBUG] - [JUGADOR_0] Iniciando gestión de colisión con dx=0, dy=4. Hitbox actual: (1133, 360)
2025-05-19 16:48:57 - jugador - [DEBUG] - [JUGADOR_0] Posición POST CH: HB: (1133, 364), PosFlotante: (1133.00, 364.00)
2025-05-19 16:48:57 - jugador - [DEBUG] - [JUGADOR_0] Delta flotante intentado: dx=0.0000, dy=2.8800 (delta_time: 0.0160)
2025-05-19 16:48:57 - jugador - [DEBUG] - [JUGADOR_0] Pos flotante (pre-límites): (1133.0000, 366.8800)
2025-05-19 16:48:57 - jugador - [DEBUG] - [JUGADOR_0] Pos flotante (post-límites): (1133.0000, 366.8800)
2025-05-19 16:48:57 - jugador - [DEBUG] - [JUGADOR_0] Movimiento para CH: dx_int=0, dy_int=3. HB (antes CH): (1133, 364), PosFlotante: (1133.0000,366.8800)
2025-05-19 16:48:57 - jugador - [DEBUG] - [JUGADOR_0] Iniciando gestión de colisión con dx=0, dy=3. Hitbox actual: (1133, 364)
2025-05-19 16:48:57 - jugador - [DEBUG] - [JUGADOR_0] Posición POST CH: HB: (1133, 367), PosFlotante: (1133.00, 367.00)
2025-05-19 16:48:57 - jugador - [DEBUG] - [JUGADOR_0] Delta flotante intentado: dx=0.0000, dy=3.0600 (delta_time: 0.0170)
2025-05-19 16:48:57 - jugador - [DEBUG] - [JUGADOR_0] Pos flotante (pre-límites): (1133.0000, 370.0600)
2025-05-19 16:48:57 - jugador - [DEBUG] - [JUGADOR_0] Pos flotante (post-límites): (1133.0000, 370.0600)
2025-05-19 16:48:57 - jugador - [DEBUG] - [JUGADOR_0] Movimiento para CH: dx_int=0, dy_int=4. HB (antes CH): (1133, 367), PosFlotante: (1133.0000,370.0600)
2025-05-19 16:48:57 - jugador - [DEBUG] - [JUGADOR_0] Iniciando gestión de colisión con dx=0, dy=4. Hitbox actual: (1133, 367)
2025-05-19 16:48:57 - jugador - [DEBUG] - [JUGADOR_0] Posición POST CH: HB: (1133, 371), PosFlotante: (1133.00, 371.00)
2025-05-19 16:48:57 - jugador - [DEBUG] - [JUGADOR_0] Pos flotante (pre-límites): (1133.0000, 374.0600)
2025-05-19 16:48:57 - jugador - [DEBUG] - [JUGADOR_0] Pos flotante (post-límites): (1133.0000, 374.0600)
2025-05-19 16:48:57 - jugador - [DEBUG] - [JUGADOR_0] Movimiento para CH: dx_int=0, dy_int=4. HB (antes CH): (1133, 371), PosFlotante: (1133.0000,374.0600)
2025-05-19 16:48:57 - jugador - [DEBUG] - [JUGADOR_0] Iniciando gestión de colisión con dx=0, dy=4. Hitbox actual: (1133, 371)
2025-05-19 16:48:57 - jugador - [DEBUG] - [JUGADOR_0] Posición POST CH: HB: (1133, 375), PosFlotante: (1133.00, 375.00)
2025-05-19 16:48:57 - jugador - [DEBUG] - [JUGADOR_0] Input teclado procesado: mov_x_input_raw=0, mov_y_input_raw=180
2025-05-19 16:48:57 - jugador - [DEBUG] - [JUGADOR_0] Delta flotante intentado: dx=0.0000, dy=2.8800 (delta_time: 0.0160)
2025-05-19 16:48:57 - jugador - [DEBUG] - [JUGADOR_0] Pos flotante (pre-límites): (1133.0000, 377.8800)
2025-05-19 16:48:57 - jugador - [DEBUG] - [JUGADOR_0] Pos flotante (post-límites): (1133.0000, 377.8800)
2025-05-19 16:48:57 - jugador - [DEBUG] - [JUGADOR_0] Movimiento para CH: dx_int=0, dy_int=3. HB (antes CH): (1133, 375), PosFlotante: (1133.0000,377.8800)
2025-05-19 16:48:57 - jugador - [DEBUG] - [JUGADOR_0] Iniciando gestión de colisión con dx=0, dy=3. Hitbox actual: (1133, 375)
2025-05-19 16:48:57 - jugador - [DEBUG] - [JUGADOR_0] Posición POST CH: HB: (1133, 378), PosFlotante: (1133.00, 378.00)
2025-05-19 16:48:57 - jugador - [DEBUG] - [JUGADOR_0] Delta flotante intentado: dx=0.0000, dy=3.0600 (delta_time: 0.0170)
2025-05-19 16:48:57 - jugador - [DEBUG] - [JUGADOR_0] Pos flotante (pre-límites): (1133.0000, 381.0600)
2025-05-19 16:48:57 - jugador - [DEBUG] - [JUGADOR_0] Pos flotante (post-límites): (1133.0000, 381.0600)
2025-05-19 16:48:57 - jugador - [DEBUG] - [JUGADOR_0] Movimiento para CH: dx_int=0, dy_int=4. HB (antes CH): (1133, 378), PosFlotante: (1133.0000,381.0600)
2025-05-19 16:48:57 - jugador - [DEBUG] - [JUGADOR_0] Iniciando gestión de colisión con dx=0, dy=4. Hitbox actual: (1133, 378)
2025-05-19 16:48:57 - jugador - [DEBUG] - [JUGADOR_0] Posición POST CH: HB: (1133, 382), PosFlotante: (1133.00, 382.00)
2025-05-19 16:48:57 - jugador - [DEBUG] - [JUGADOR_0] Pos flotante (pre-límites): (1133.0000, 384.8800)
2025-05-19 16:48:57 - jugador - [DEBUG] - [JUGADOR_0] Pos flotante (post-límites): (1133.0000, 384.8800)
2025-05-19 16:48:57 - jugador - [DEBUG] - [JUGADOR_0] Movimiento para CH: dx_int=0, dy_int=3. HB (antes CH): (1133, 382), PosFlotante: (1133.0000,384.8800)
2025-05-19 16:48:57 - jugador - [DEBUG] - [JUGADOR_0] Iniciando gestión de colisión con dx=0, dy=3. Hitbox actual: (1133, 382)
2025-05-19 16:48:57 - jugador - [DEBUG] - [JUGADOR_0] Posición POST CH: HB: (1133, 385), PosFlotante: (1133.00, 385.00)
2025-05-19 16:48:57 - jugador - [DEBUG] - [JUGADOR_0] Pos flotante (pre-límites): (1133.0000, 388.0600)
2025-05-19 16:48:57 - jugador - [DEBUG] - [JUGADOR_0] Pos flotante (post-límites): (1133.0000, 388.0600)
2025-05-19 16:48:57 - jugador - [DEBUG] - [JUGADOR_0] Movimiento para CH: dx_int=0, dy_int=4. HB (antes CH): (1133, 385), PosFlotante: (1133.0000,388.0600)
2025-05-19 16:48:57 - jugador - [DEBUG] - [JUGADOR_0] Iniciando gestión de colisión con dx=0, dy=4. Hitbox actual: (1133, 385)
2025-05-19 16:48:57 - jugador - [DEBUG] - [JUGADOR_0] Posición POST CH: HB: (1133, 389), PosFlotante: (1133.00, 389.00)
2025-05-19 16:48:57 - jugador - [DEBUG] - [JUGADOR_0] Input teclado procesado: mov_x_input_raw=0, mov_y_input_raw=180
2025-05-19 16:48:57 - jugador - [DEBUG] - [JUGADOR_0] Pos flotante (pre-límites): (1133.0000, 392.0600)
2025-05-19 16:48:57 - jugador - [DEBUG] - [JUGADOR_0] Pos flotante (post-límites): (1133.0000, 392.0600)
2025-05-19 16:48:57 - jugador - [DEBUG] - [JUGADOR_0] Movimiento para CH: dx_int=0, dy_int=4. HB (antes CH): (1133, 389), PosFlotante: (1133.0000,392.0600)
2025-05-19 16:48:57 - jugador - [DEBUG] - [JUGADOR_0] Iniciando gestión de colisión con dx=0, dy=4. Hitbox actual: (1133, 389)
2025-05-19 16:48:57 - jugador - [DEBUG] - [JUGADOR_0] Posición POST CH: HB: (1133, 393), PosFlotante: (1133.00, 393.00)
2025-05-19 16:48:57 - jugador - [DEBUG] - [JUGADOR_0] Delta flotante intentado: dx=0.0000, dy=2.8800 (delta_time: 0.0160)
2025-05-19 16:48:57 - jugador - [DEBUG] - [JUGADOR_0] Pos flotante (pre-límites): (1133.0000, 395.8800)
2025-05-19 16:48:57 - jugador - [DEBUG] - [JUGADOR_0] Pos flotante (post-límites): (1133.0000, 395.8800)
2025-05-19 16:48:57 - jugador - [DEBUG] - [JUGADOR_0] Movimiento para CH: dx_int=0, dy_int=3. HB (antes CH): (1133, 393), PosFlotante: (1133.0000,395.8800)
2025-05-19 16:48:57 - jugador - [DEBUG] - [JUGADOR_0] Iniciando gestión de colisión con dx=0, dy=3. Hitbox actual: (1133, 393)
2025-05-19 16:48:57 - jugador - [DEBUG] - [JUGADOR_0] Posición POST CH: HB: (1133, 396), PosFlotante: (1133.00, 396.00)
2025-05-19 16:48:57 - jugador - [DEBUG] - [JUGADOR_0] Pos flotante (pre-límites): (1133.0000, 398.8800)
2025-05-19 16:48:57 - jugador - [DEBUG] - [JUGADOR_0] Pos flotante (post-límites): (1133.0000, 398.8800)
2025-05-19 16:48:57 - jugador - [DEBUG] - [JUGADOR_0] Movimiento para CH: dx_int=0, dy_int=3. HB (antes CH): (1133, 396), PosFlotante: (1133.0000,398.8800)
2025-05-19 16:48:57 - jugador - [DEBUG] - [JUGADOR_0] Iniciando gestión de colisión con dx=0, dy=3. Hitbox actual: (1133, 396)
2025-05-19 16:48:57 - jugador - [DEBUG] - [JUGADOR_0] Posición POST CH: HB: (1133, 399), PosFlotante: (1133.00, 399.00)
2025-05-19 16:48:57 - jugador - [DEBUG] - [JUGADOR_0] Pos flotante (pre-límites): (1133.0000, 401.8800)
2025-05-19 16:48:57 - jugador - [DEBUG] - [JUGADOR_0] Pos flotante (post-límites): (1133.0000, 401.8800)
2025-05-19 16:48:57 - jugador - [DEBUG] - [JUGADOR_0] Movimiento para CH: dx_int=0, dy_int=3. HB (antes CH): (1133, 399), PosFlotante: (1133.0000,401.8800)
2025-05-19 16:48:57 - jugador - [DEBUG] - [JUGADOR_0] Iniciando gestión de colisión con dx=0, dy=3. Hitbox actual: (1133, 399)
2025-05-19 16:48:57 - jugador - [DEBUG] - [JUGADOR_0] Posición POST CH: HB: (1133, 402), PosFlotante: (1133.00, 402.00)
2025-05-19 16:48:57 - jugador - [DEBUG] - [JUGADOR_0] Input teclado procesado: mov_x_input_raw=0, mov_y_input_raw=180
2025-05-19 16:48:57 - jugador - [DEBUG] - [JUGADOR_0] Pos flotante (pre-límites): (1133.0000, 404.8800)
2025-05-19 16:48:57 - jugador - [DEBUG] - [JUGADOR_0] Pos flotante (post-límites): (1133.0000, 404.8800)
2025-05-19 16:48:57 - jugador - [DEBUG] - [JUGADOR_0] Movimiento para CH: dx_int=0, dy_int=3. HB (antes CH): (1133, 402), PosFlotante: (1133.0000,404.8800)
2025-05-19 16:48:57 - jugador - [DEBUG] - [JUGADOR_0] Iniciando gestión de colisión con dx=0, dy=3. Hitbox actual: (1133, 402)
2025-05-19 16:48:57 - jugador - [DEBUG] - [JUGADOR_0] Posición POST CH: HB: (1133, 405), PosFlotante: (1133.00, 405.00)
2025-05-19 16:48:57 - jugador - [DEBUG] - [JUGADOR_0] Delta flotante intentado: dx=0.0000, dy=3.0600 (delta_time: 0.0170)
2025-05-19 16:48:57 - jugador - [DEBUG] - [JUGADOR_0] Pos flotante (pre-límites): (1133.0000, 408.0600)
2025-05-19 16:48:57 - jugador - [DEBUG] - [JUGADOR_0] Pos flotante (post-límites): (1133.0000, 408.0600)
2025-05-19 16:48:57 - jugador - [DEBUG] - [JUGADOR_0] Movimiento para CH: dx_int=0, dy_int=4. HB (antes CH): (1133, 405), PosFlotante: (1133.0000,408.0600)
2025-05-19 16:48:57 - jugador - [DEBUG] - [JUGADOR_0] Iniciando gestión de colisión con dx=0, dy=4. Hitbox actual: (1133, 405)
2025-05-19 16:48:57 - jugador - [DEBUG] - [JUGADOR_0] Posición POST CH: HB: (1133, 409), PosFlotante: (1133.00, 409.00)
2025-05-19 16:48:57 - jugador - [DEBUG] - [JUGADOR_0] Input teclado procesado: mov_x_input_raw=-180, mov_y_input_raw=180
2025-05-19 16:48:57 - jugador - [DEBUG] - [JUGADOR_0] Delta flotante intentado: dx=-3.0600, dy=3.0600 (delta_time: 0.0170)
2025-05-19 16:48:57 - jugador - [DEBUG] - [JUGADOR_0] Pos flotante (pre-límites): (1129.9400, 412.0600)
2025-05-19 16:48:57 - jugador - [DEBUG] - [JUGADOR_0] Pos flotante (post-límites): (1129.9400, 412.0600)
2025-05-19 16:48:57 - jugador - [DEBUG] - [JUGADOR_0] Movimiento para CH: dx_int=-4, dy_int=4. HB (antes CH): (1133, 409), PosFlotante: (1129.9400,412.0600)
2025-05-19 16:48:57 - jugador - [DEBUG] - [JUGADOR_0] Iniciando gestión de colisión con dx=-4, dy=4. Hitbox actual: (1133, 409)
2025-05-19 16:48:57 - jugador - [DEBUG] - [JUGADOR_0] Posición POST CH: HB: (1129, 413), PosFlotante: (1129.00, 413.00)
2025-05-19 16:48:57 - jugador - [DEBUG] - [JUGADOR_0] Input teclado procesado: mov_x_input_raw=-180, mov_y_input_raw=0
2025-05-19 16:48:57 - jugador - [DEBUG] - [JUGADOR_0] Delta flotante intentado: dx=-3.0600, dy=0.0000 (delta_time: 0.0170)
2025-05-19 16:48:57 - jugador - [DEBUG] - [JUGADOR_0] Pos flotante (pre-límites): (1125.9400, 413.0000)
2025-05-19 16:48:57 - jugador - [DEBUG] - [JUGADOR_0] Pos flotante (post-límites): (1125.9400, 413.0000)
2025-05-19 16:48:57 - jugador - [DEBUG] - [JUGADOR_0] Movimiento para CH: dx_int=-4, dy_int=0. HB (antes CH): (1129, 413), PosFlotante: (1125.9400,413.0000)
2025-05-19 16:48:57 - jugador - [DEBUG] - [JUGADOR_0] Iniciando gestión de colisión con dx=-4, dy=0. Hitbox actual: (1129, 413)
2025-05-19 16:48:57 - jugador - [DEBUG] - [JUGADOR_0] Posición POST CH: HB: (1125, 413), PosFlotante: (1125.00, 413.00)
2025-05-19 16:48:57 - jugador - [DEBUG] - [JUGADOR_0] Pos flotante (pre-límites): (1121.9400, 413.0000)
2025-05-19 16:48:57 - jugador - [DEBUG] - [JUGADOR_0] Pos flotante (post-límites): (1121.9400, 413.0000)
2025-05-19 16:48:57 - jugador - [DEBUG] - [JUGADOR_0] Movimiento para CH: dx_int=-4, dy_int=0. HB (antes CH): (1125, 413), PosFlotante: (1121.9400,413.0000)
2025-05-19 16:48:57 - jugador - [DEBUG] - [JUGADOR_0] Iniciando gestión de colisión con dx=-4, dy=0. Hitbox actual: (1125, 413)
2025-05-19 16:48:57 - jugador - [DEBUG] - [JUGADOR_0] Posición POST CH: HB: (1121, 413), PosFlotante: (1121.00, 413.00)
2025-05-19 16:48:57 - jugador - [DEBUG] - [JUGADOR_0] Delta flotante intentado: dx=-2.8800, dy=0.0000 (delta_time: 0.0160)
2025-05-19 16:48:57 - jugador - [DEBUG] - [JUGADOR_0] Pos flotante (pre-límites): (1118.1200, 413.0000)
2025-05-19 16:48:57 - jugador - [DEBUG] - [JUGADOR_0] Pos flotante (post-límites): (1118.1200, 413.0000)
2025-05-19 16:48:57 - jugador - [DEBUG] - [JUGADOR_0] Movimiento para CH: dx_int=-3, dy_int=0. HB (antes CH): (1121, 413), PosFlotante: (1118.1200,413.0000)
2025-05-19 16:48:57 - jugador - [DEBUG] - [JUGADOR_0] Iniciando gestión de colisión con dx=-3, dy=0. Hitbox actual: (1121, 413)
2025-05-19 16:48:57 - jugador - [DEBUG] - [JUGADOR_0] Posición POST CH: HB: (1118, 413), PosFlotante: (1118.00, 413.00)
2025-05-19 16:48:57 - jugador - [DEBUG] - [JUGADOR_0] Pos flotante (pre-límites): (1115.1200, 413.0000)
2025-05-19 16:48:57 - jugador - [DEBUG] - [JUGADOR_0] Pos flotante (post-límites): (1115.1200, 413.0000)
2025-05-19 16:48:57 - jugador - [DEBUG] - [JUGADOR_0] Movimiento para CH: dx_int=-3, dy_int=0. HB (antes CH): (1118, 413), PosFlotante: (1115.1200,413.0000)
2025-05-19 16:48:57 - jugador - [DEBUG] - [JUGADOR_0] Iniciando gestión de colisión con dx=-3, dy=0. Hitbox actual: (1118, 413)
2025-05-19 16:48:57 - jugador - [DEBUG] - [JUGADOR_0] Posición POST CH: HB: (1115, 413), PosFlotante: (1115.00, 413.00)
2025-05-19 16:48:57 - jugador - [DEBUG] - [JUGADOR_0] Input teclado procesado: mov_x_input_raw=-180, mov_y_input_raw=0
2025-05-19 16:48:57 - jugador - [DEBUG] - [JUGADOR_0] Delta flotante intentado: dx=-3.0600, dy=0.0000 (delta_time: 0.0170)
2025-05-19 16:48:57 - jugador - [DEBUG] - [JUGADOR_0] Pos flotante (pre-límites): (1111.9400, 413.0000)
2025-05-19 16:48:57 - jugador - [DEBUG] - [JUGADOR_0] Pos flotante (post-límites): (1111.9400, 413.0000)
2025-05-19 16:48:57 - jugador - [DEBUG] - [JUGADOR_0] Movimiento para CH: dx_int=-4, dy_int=0. HB (antes CH): (1115, 413), PosFlotante: (1111.9400,413.0000)
2025-05-19 16:48:57 - jugador - [DEBUG] - [JUGADOR_0] Iniciando gestión de colisión con dx=-4, dy=0. Hitbox actual: (1115, 413)
2025-05-19 16:48:57 - jugador - [DEBUG] - [JUGADOR_0] Posición POST CH: HB: (1111, 413), PosFlotante: (1111.00, 413.00)
2025-05-19 16:48:57 - jugador - [DEBUG] - [JUGADOR_0] Pos flotante (pre-límites): (1108.1200, 413.0000)
2025-05-19 16:48:57 - jugador - [DEBUG] - [JUGADOR_0] Pos flotante (post-límites): (1108.1200, 413.0000)
2025-05-19 16:48:57 - jugador - [DEBUG] - [JUGADOR_0] Movimiento para CH: dx_int=-3, dy_int=0. HB (antes CH): (1111, 413), PosFlotante: (1108.1200,413.0000)
2025-05-19 16:48:57 - jugador - [DEBUG] - [JUGADOR_0] Iniciando gestión de colisión con dx=-3, dy=0. Hitbox actual: (1111, 413)
2025-05-19 16:48:57 - jugador - [DEBUG] - [JUGADOR_0] Posición POST CH: HB: (1108, 413), PosFlotante: (1108.00, 413.00)
2025-05-19 16:48:57 - jugador - [DEBUG] - [JUGADOR_0] Delta flotante intentado: dx=-2.8800, dy=0.0000 (delta_time: 0.0160)
2025-05-19 16:48:57 - jugador - [DEBUG] - [JUGADOR_0] Pos flotante (pre-límites): (1105.1200, 413.0000)
2025-05-19 16:48:57 - jugador - [DEBUG] - [JUGADOR_0] Pos flotante (post-límites): (1105.1200, 413.0000)
2025-05-19 16:48:57 - jugador - [DEBUG] - [JUGADOR_0] Movimiento para CH: dx_int=-3, dy_int=0. HB (antes CH): (1108, 413), PosFlotante: (1105.1200,413.0000)
2025-05-19 16:48:57 - jugador - [DEBUG] - [JUGADOR_0] Iniciando gestión de colisión con dx=-3, dy=0. Hitbox actual: (1108, 413)
2025-05-19 16:48:57 - jugador - [DEBUG] - [JUGADOR_0] Posición POST CH: HB: (1105, 413), PosFlotante: (1105.00, 413.00)
2025-05-19 16:48:57 - jugador - [DEBUG] - [JUGADOR_0] Pos flotante (pre-límites): (1101.9400, 413.0000)
2025-05-19 16:48:57 - jugador - [DEBUG] - [JUGADOR_0] Pos flotante (post-límites): (1101.9400, 413.0000)
2025-05-19 16:48:57 - jugador - [DEBUG] - [JUGADOR_0] Movimiento para CH: dx_int=-4, dy_int=0. HB (antes CH): (1105, 413), PosFlotante: (1101.9400,413.0000)
2025-05-19 16:48:57 - jugador - [DEBUG] - [JUGADOR_0] Iniciando gestión de colisión con dx=-4, dy=0. Hitbox actual: (1105, 413)
2025-05-19 16:48:57 - jugador - [DEBUG] - [JUGADOR_0] Posición POST CH: HB: (1101, 413), PosFlotante: (1101.00, 413.00)
2025-05-19 16:48:57 - jugador - [DEBUG] - [JUGADOR_0] Input teclado procesado: mov_x_input_raw=-180, mov_y_input_raw=0
2025-05-19 16:48:57 - jugador - [DEBUG] - [JUGADOR_0] Delta flotante intentado: dx=-3.0600, dy=0.0000 (delta_time: 0.0170)
2025-05-19 16:48:57 - jugador - [DEBUG] - [JUGADOR_0] Pos flotante (pre-límites): (1097.9400, 413.0000)
2025-05-19 16:48:57 - jugador - [DEBUG] - [JUGADOR_0] Pos flotante (post-límites): (1097.9400, 413.0000)
2025-05-19 16:48:57 - jugador - [DEBUG] - [JUGADOR_0] Movimiento para CH: dx_int=-4, dy_int=0. HB (antes CH): (1101, 413), PosFlotante: (1097.9400,413.0000)
2025-05-19 16:48:57 - jugador - [DEBUG] - [JUGADOR_0] Iniciando gestión de colisión con dx=-4, dy=0. Hitbox actual: (1101, 413)
2025-05-19 16:48:57 - jugador - [DEBUG] - [JUGADOR_0] Posición POST CH: HB: (1097, 413), PosFlotante: (1097.00, 413.00)
2025-05-19 16:48:57 - jugador - [INFO] - [JUGADOR_0] ATAQUE INICIADO (Cooldown: 700.0ms). Perfil: 'ataque_offset_distancia'
2025-05-19 16:48:57 - jugador - [DEBUG] - [JUGADOR_0] Delta flotante intentado: dx=-2.8800, dy=0.0000 (delta_time: 0.0160)
2025-05-19 16:48:57 - jugador - [DEBUG] - [JUGADOR_0] Pos flotante (pre-límites): (1094.1200, 413.0000)
2025-05-19 16:48:57 - jugador - [DEBUG] - [JUGADOR_0] Pos flotante (post-límites): (1094.1200, 413.0000)
2025-05-19 16:48:57 - jugador - [DEBUG] - [JUGADOR_0] Movimiento para CH: dx_int=-3, dy_int=0. HB (antes CH): (1097, 413), PosFlotante: (1094.1200,413.0000)
2025-05-19 16:48:57 - jugador - [DEBUG] - [JUGADOR_0] Iniciando gestión de colisión con dx=-3, dy=0. Hitbox actual: (1097, 413)
2025-05-19 16:48:57 - jugador - [DEBUG] - [JUGADOR_0] Posición POST CH: HB: (1094, 413), PosFlotante: (1094.00, 413.00)
2025-05-19 16:48:57 - jugador - [DEBUG] - [JUGADOR_0] Hitbox ataque: <rect(953, 417, 42, 15)> (Dir: -1,0)
2025-05-19 16:48:57 - jugador - [DEBUG] - [JUGADOR_0] Pos flotante (pre-límites): (1091.1200, 413.0000)
2025-05-19 16:48:57 - jugador - [DEBUG] - [JUGADOR_0] Pos flotante (post-límites): (1091.1200, 413.0000)
2025-05-19 16:48:57 - jugador - [DEBUG] - [JUGADOR_0] Movimiento para CH: dx_int=-3, dy_int=0. HB (antes CH): (1094, 413), PosFlotante: (1091.1200,413.0000)
2025-05-19 16:48:57 - jugador - [DEBUG] - [JUGADOR_0] Iniciando gestión de colisión con dx=-3, dy=0. Hitbox actual: (1094, 413)
2025-05-19 16:48:57 - jugador - [DEBUG] - [JUGADOR_0] Posición POST CH: HB: (1091, 413), PosFlotante: (1091.00, 413.00)
2025-05-19 16:48:57 - jugador - [DEBUG] - [JUGADOR_0] Hitbox ataque: <rect(950, 417, 42, 15)> (Dir: -1,0)
2025-05-19 16:48:57 - jugador - [DEBUG] - [JUGADOR_0] Pos flotante (pre-límites): (1087.9400, 413.0000)
2025-05-19 16:48:57 - jugador - [DEBUG] - [JUGADOR_0] Pos flotante (post-límites): (1087.9400, 413.0000)
2025-05-19 16:48:57 - jugador - [DEBUG] - [JUGADOR_0] Movimiento para CH: dx_int=-4, dy_int=0. HB (antes CH): (1091, 413), PosFlotante: (1087.9400,413.0000)
2025-05-19 16:48:57 - jugador - [DEBUG] - [JUGADOR_0] Iniciando gestión de colisión con dx=-4, dy=0. Hitbox actual: (1091, 413)
2025-05-19 16:48:57 - jugador - [DEBUG] - [JUGADOR_0] Posición POST CH: HB: (1087, 413), PosFlotante: (1087.00, 413.00)
2025-05-19 16:48:57 - jugador - [DEBUG] - [JUGADOR_0] Hitbox ataque: <rect(946, 417, 42, 15)> (Dir: -1,0)
2025-05-19 16:48:57 - jugador - [DEBUG] - [JUGADOR_0] Input teclado procesado: mov_x_input_raw=-180, mov_y_input_raw=0
2025-05-19 16:48:57 - jugador - [DEBUG] - [JUGADOR_0] Delta flotante intentado: dx=-3.0600, dy=0.0000 (delta_time: 0.0170)
2025-05-19 16:48:57 - jugador - [DEBUG] - [JUGADOR_0] Pos flotante (pre-límites): (1083.9400, 413.0000)
2025-05-19 16:48:57 - jugador - [DEBUG] - [JUGADOR_0] Pos flotante (post-límites): (1083.9400, 413.0000)
2025-05-19 16:48:57 - jugador - [DEBUG] - [JUGADOR_0] Movimiento para CH: dx_int=-4, dy_int=0. HB (antes CH): (1087, 413), PosFlotante: (1083.9400,413.0000)
2025-05-19 16:48:57 - jugador - [DEBUG] - [JUGADOR_0] Iniciando gestión de colisión con dx=-4, dy=0. Hitbox actual: (1087, 413)
2025-05-19 16:48:57 - jugador - [DEBUG] - [JUGADOR_0] Posición POST CH: HB: (1083, 413), PosFlotante: (1083.00, 413.00)
2025-05-19 16:48:57 - jugador - [DEBUG] - [JUGADOR_0] Hitbox ataque: <rect(942, 417, 42, 15)> (Dir: -1,0)
2025-05-19 16:48:57 - jugador - [DEBUG] - [JUGADOR_0] Delta flotante intentado: dx=-2.8800, dy=0.0000 (delta_time: 0.0160)
2025-05-19 16:48:57 - jugador - [DEBUG] - [JUGADOR_0] Pos flotante (pre-límites): (1080.1200, 413.0000)
2025-05-19 16:48:57 - jugador - [DEBUG] - [JUGADOR_0] Pos flotante (post-límites): (1080.1200, 413.0000)
2025-05-19 16:48:57 - jugador - [DEBUG] - [JUGADOR_0] Movimiento para CH: dx_int=-3, dy_int=0. HB (antes CH): (1083, 413), PosFlotante: (1080.1200,413.0000)
2025-05-19 16:48:57 - jugador - [DEBUG] - [JUGADOR_0] Iniciando gestión de colisión con dx=-3, dy=0. Hitbox actual: (1083, 413)
2025-05-19 16:48:57 - jugador - [DEBUG] - [JUGADOR_0] Posición POST CH: HB: (1080, 413), PosFlotante: (1080.00, 413.00)
2025-05-19 16:48:57 - jugador - [DEBUG] - [JUGADOR_0] Hitbox ataque: <rect(939, 417, 42, 15)> (Dir: -1,0)
2025-05-19 16:48:57 - jugador - [DEBUG] - [JUGADOR_0] Pos flotante (pre-límites): (1077.1200, 413.0000)
2025-05-19 16:48:57 - jugador - [DEBUG] - [JUGADOR_0] Pos flotante (post-límites): (1077.1200, 413.0000)
2025-05-19 16:48:57 - jugador - [DEBUG] - [JUGADOR_0] Movimiento para CH: dx_int=-3, dy_int=0. HB (antes CH): (1080, 413), PosFlotante: (1077.1200,413.0000)
2025-05-19 16:48:57 - jugador - [DEBUG] - [JUGADOR_0] Iniciando gestión de colisión con dx=-3, dy=0. Hitbox actual: (1080, 413)
2025-05-19 16:48:57 - jugador - [DEBUG] - [JUGADOR_0] Posición POST CH: HB: (1077, 413), PosFlotante: (1077.00, 413.00)
2025-05-19 16:48:57 - jugador - [DEBUG] - [JUGADOR_0] Hitbox ataque: <rect(936, 417, 42, 15)> (Dir: -1,0)
2025-05-19 16:48:57 - jugador - [DEBUG] - [JUGADOR_0] Pos flotante (pre-límites): (1074.1200, 413.0000)
2025-05-19 16:48:57 - jugador - [DEBUG] - [JUGADOR_0] Pos flotante (post-límites): (1074.1200, 413.0000)
2025-05-19 16:48:57 - jugador - [DEBUG] - [JUGADOR_0] Movimiento para CH: dx_int=-3, dy_int=0. HB (antes CH): (1077, 413), PosFlotante: (1074.1200,413.0000)
2025-05-19 16:48:57 - jugador - [DEBUG] - [JUGADOR_0] Iniciando gestión de colisión con dx=-3, dy=0. Hitbox actual: (1077, 413)
2025-05-19 16:48:57 - jugador - [DEBUG] - [JUGADOR_0] Posición POST CH: HB: (1074, 413), PosFlotante: (1074.00, 413.00)
2025-05-19 16:48:57 - jugador - [DEBUG] - [JUGADOR_0] Hitbox ataque: <rect(933, 417, 42, 15)> (Dir: -1,0)
2025-05-19 16:48:57 - jugador - [DEBUG] - [JUGADOR_0] Input teclado procesado: mov_x_input_raw=-180, mov_y_input_raw=0
2025-05-19 16:48:57 - jugador - [DEBUG] - [JUGADOR_0] Delta flotante intentado: dx=-3.0600, dy=0.0000 (delta_time: 0.0170)
2025-05-19 16:48:57 - jugador - [DEBUG] - [JUGADOR_0] Pos flotante (pre-límites): (1070.9400, 413.0000)
2025-05-19 16:48:57 - jugador - [DEBUG] - [JUGADOR_0] Pos flotante (post-límites): (1070.9400, 413.0000)
2025-05-19 16:48:57 - jugador - [DEBUG] - [JUGADOR_0] Movimiento para CH: dx_int=-4, dy_int=0. HB (antes CH): (1074, 413), PosFlotante: (1070.9400,413.0000)
2025-05-19 16:48:57 - jugador - [DEBUG] - [JUGADOR_0] Iniciando gestión de colisión con dx=-4, dy=0. Hitbox actual: (1074, 413)
2025-05-19 16:48:57 - jugador - [DEBUG] - [JUGADOR_0] Posición POST CH: HB: (1070, 413), PosFlotante: (1070.00, 413.00)
2025-05-19 16:48:57 - jugador - [DEBUG] - [JUGADOR_0] Hitbox ataque: <rect(929, 417, 42, 15)> (Dir: -1,0)
2025-05-19 16:48:57 - jugador - [DEBUG] - [JUGADOR_0] Delta flotante intentado: dx=-2.8800, dy=0.0000 (delta_time: 0.0160)
2025-05-19 16:48:57 - jugador - [DEBUG] - [JUGADOR_0] Pos flotante (pre-límites): (1067.1200, 413.0000)
2025-05-19 16:48:57 - jugador - [DEBUG] - [JUGADOR_0] Pos flotante (post-límites): (1067.1200, 413.0000)
2025-05-19 16:48:57 - jugador - [DEBUG] - [JUGADOR_0] Movimiento para CH: dx_int=-3, dy_int=0. HB (antes CH): (1070, 413), PosFlotante: (1067.1200,413.0000)
2025-05-19 16:48:57 - jugador - [DEBUG] - [JUGADOR_0] Iniciando gestión de colisión con dx=-3, dy=0. Hitbox actual: (1070, 413)
2025-05-19 16:48:57 - jugador - [DEBUG] - [JUGADOR_0] Posición POST CH: HB: (1067, 413), PosFlotante: (1067.00, 413.00)
2025-05-19 16:48:57 - jugador - [DEBUG] - [JUGADOR_0] Hitbox ataque: <rect(926, 417, 42, 15)> (Dir: -1,0)
2025-05-19 16:48:57 - jugador - [DEBUG] - [JUGADOR_0] Pos flotante (pre-límites): (1064.1200, 413.0000)
2025-05-19 16:48:57 - jugador - [DEBUG] - [JUGADOR_0] Pos flotante (post-límites): (1064.1200, 413.0000)
2025-05-19 16:48:57 - jugador - [DEBUG] - [JUGADOR_0] Movimiento para CH: dx_int=-3, dy_int=0. HB (antes CH): (1067, 413), PosFlotante: (1064.1200,413.0000)
2025-05-19 16:48:57 - jugador - [DEBUG] - [JUGADOR_0] Iniciando gestión de colisión con dx=-3, dy=0. Hitbox actual: (1067, 413)
2025-05-19 16:48:57 - jugador - [DEBUG] - [JUGADOR_0] Posición POST CH: HB: (1064, 413), PosFlotante: (1064.00, 413.00)
2025-05-19 16:48:57 - jugador - [DEBUG] - [JUGADOR_0] Hitbox ataque: <rect(923, 417, 42, 15)> (Dir: -1,0)
2025-05-19 16:48:57 - jugador - [DEBUG] - [JUGADOR_0] Pos flotante (pre-límites): (1061.1200, 413.0000)
2025-05-19 16:48:57 - jugador - [DEBUG] - [JUGADOR_0] Pos flotante (post-límites): (1061.1200, 413.0000)
2025-05-19 16:48:57 - jugador - [DEBUG] - [JUGADOR_0] Movimiento para CH: dx_int=-3, dy_int=0. HB (antes CH): (1064, 413), PosFlotante: (1061.1200,413.0000)
2025-05-19 16:48:57 - jugador - [DEBUG] - [JUGADOR_0] Iniciando gestión de colisión con dx=-3, dy=0. Hitbox actual: (1064, 413)
2025-05-19 16:48:57 - jugador - [DEBUG] - [JUGADOR_0] Posición POST CH: HB: (1061, 413), PosFlotante: (1061.00, 413.00)
2025-05-19 16:48:57 - jugador - [DEBUG] - [JUGADOR_0] Hitbox ataque: <rect(920, 417, 42, 15)> (Dir: -1,0)
2025-05-19 16:48:57 - jugador - [DEBUG] - [JUGADOR_0] Input teclado procesado: mov_x_input_raw=-180, mov_y_input_raw=0
2025-05-19 16:48:57 - jugador - [DEBUG] - [JUGADOR_0] Delta flotante intentado: dx=-2.8800, dy=0.0000 (delta_time: 0.0160)
2025-05-19 16:48:57 - jugador - [DEBUG] - [JUGADOR_0] Pos flotante (pre-límites): (1058.1200, 413.0000)
2025-05-19 16:48:57 - jugador - [DEBUG] - [JUGADOR_0] Pos flotante (post-límites): (1058.1200, 413.0000)
2025-05-19 16:48:57 - jugador - [DEBUG] - [JUGADOR_0] Movimiento para CH: dx_int=-3, dy_int=0. HB (antes CH): (1061, 413), PosFlotante: (1058.1200,413.0000)
2025-05-19 16:48:57 - jugador - [DEBUG] - [JUGADOR_0] Iniciando gestión de colisión con dx=-3, dy=0. Hitbox actual: (1061, 413)
2025-05-19 16:48:57 - jugador - [DEBUG] - [JUGADOR_0] Posición POST CH: HB: (1058, 413), PosFlotante: (1058.00, 413.00)
2025-05-19 16:48:57 - jugador - [DEBUG] - [JUGADOR_0] Hitbox ataque: <rect(917, 417, 42, 15)> (Dir: -1,0)
2025-05-19 16:48:57 - jugador - [DEBUG] - [JUGADOR_0] Pos flotante (pre-límites): (1055.1200, 413.0000)
2025-05-19 16:48:57 - jugador - [DEBUG] - [JUGADOR_0] Pos flotante (post-límites): (1055.1200, 413.0000)
2025-05-19 16:48:57 - jugador - [DEBUG] - [JUGADOR_0] Movimiento para CH: dx_int=-3, dy_int=0. HB (antes CH): (1058, 413), PosFlotante: (1055.1200,413.0000)
2025-05-19 16:48:57 - jugador - [DEBUG] - [JUGADOR_0] Iniciando gestión de colisión con dx=-3, dy=0. Hitbox actual: (1058, 413)
2025-05-19 16:48:57 - jugador - [DEBUG] - [JUGADOR_0] Posición POST CH: HB: (1055, 413), PosFlotante: (1055.00, 413.00)
2025-05-19 16:48:57 - jugador - [DEBUG] - [JUGADOR_0] Hitbox ataque: <rect(914, 417, 42, 15)> (Dir: -1,0)
2025-05-19 16:48:57 - jugador - [DEBUG] - [JUGADOR_0] Delta flotante intentado: dx=-3.0600, dy=0.0000 (delta_time: 0.0170)
2025-05-19 16:48:57 - jugador - [DEBUG] - [JUGADOR_0] Pos flotante (pre-límites): (1051.9400, 413.0000)
2025-05-19 16:48:57 - jugador - [DEBUG] - [JUGADOR_0] Pos flotante (post-límites): (1051.9400, 413.0000)
2025-05-19 16:48:57 - jugador - [DEBUG] - [JUGADOR_0] Movimiento para CH: dx_int=-4, dy_int=0. HB (antes CH): (1055, 413), PosFlotante: (1051.9400,413.0000)
2025-05-19 16:48:57 - jugador - [DEBUG] - [JUGADOR_0] Iniciando gestión de colisión con dx=-4, dy=0. Hitbox actual: (1055, 413)
2025-05-19 16:48:57 - jugador - [DEBUG] - [JUGADOR_0] Posición POST CH: HB: (1051, 413), PosFlotante: (1051.00, 413.00)
2025-05-19 16:48:57 - jugador - [DEBUG] - [JUGADOR_0] Hitbox ataque: <rect(910, 417, 42, 15)> (Dir: -1,0)
2025-05-19 16:48:57 - jugador - [DEBUG] - [JUGADOR_0] Pos flotante (pre-límites): (1048.1200, 413.0000)
2025-05-19 16:48:57 - jugador - [DEBUG] - [JUGADOR_0] Pos flotante (post-límites): (1048.1200, 413.0000)
2025-05-19 16:48:57 - jugador - [DEBUG] - [JUGADOR_0] Movimiento para CH: dx_int=-3, dy_int=0. HB (antes CH): (1051, 413), PosFlotante: (1048.1200,413.0000)
2025-05-19 16:48:57 - jugador - [DEBUG] - [JUGADOR_0] Iniciando gestión de colisión con dx=-3, dy=0. Hitbox actual: (1051, 413)
2025-05-19 16:48:57 - jugador - [DEBUG] - [JUGADOR_0] Posición POST CH: HB: (1048, 413), PosFlotante: (1048.00, 413.00)
2025-05-19 16:48:57 - jugador - [DEBUG] - [JUGADOR_0] Hitbox ataque: <rect(907, 417, 42, 15)> (Dir: -1,0)
2025-05-19 16:48:57 - jugador - [DEBUG] - [JUGADOR_0] Input teclado procesado: mov_x_input_raw=-180, mov_y_input_raw=0
2025-05-19 16:48:57 - jugador - [DEBUG] - [JUGADOR_0] Delta flotante intentado: dx=-2.8800, dy=0.0000 (delta_time: 0.0160)
2025-05-19 16:48:57 - jugador - [DEBUG] - [JUGADOR_0] Pos flotante (pre-límites): (1045.1200, 413.0000)
2025-05-19 16:48:57 - jugador - [DEBUG] - [JUGADOR_0] Pos flotante (post-límites): (1045.1200, 413.0000)
2025-05-19 16:48:57 - jugador - [DEBUG] - [JUGADOR_0] Movimiento para CH: dx_int=-3, dy_int=0. HB (antes CH): (1048, 413), PosFlotante: (1045.1200,413.0000)
2025-05-19 16:48:57 - jugador - [DEBUG] - [JUGADOR_0] Iniciando gestión de colisión con dx=-3, dy=0. Hitbox actual: (1048, 413)
2025-05-19 16:48:57 - jugador - [DEBUG] - [JUGADOR_0] Posición POST CH: HB: (1045, 413), PosFlotante: (1045.00, 413.00)
2025-05-19 16:48:57 - jugador - [DEBUG] - [JUGADOR_0] Hitbox ataque: <rect(904, 417, 42, 15)> (Dir: -1,0)
2025-05-19 16:48:57 - jugador - [DEBUG] - [JUGADOR_0] Pos flotante (pre-límites): (1042.1200, 413.0000)
2025-05-19 16:48:57 - jugador - [DEBUG] - [JUGADOR_0] Pos flotante (post-límites): (1042.1200, 413.0000)
2025-05-19 16:48:57 - jugador - [DEBUG] - [JUGADOR_0] Movimiento para CH: dx_int=-3, dy_int=0. HB (antes CH): (1045, 413), PosFlotante: (1042.1200,413.0000)
2025-05-19 16:48:57 - jugador - [DEBUG] - [JUGADOR_0] Iniciando gestión de colisión con dx=-3, dy=0. Hitbox actual: (1045, 413)
2025-05-19 16:48:57 - jugador - [DEBUG] - [JUGADOR_0] Posición POST CH: HB: (1042, 413), PosFlotante: (1042.00, 413.00)
2025-05-19 16:48:57 - jugador - [DEBUG] - [JUGADOR_0] Hitbox ataque: <rect(901, 417, 42, 15)> (Dir: -1,0)
2025-05-19 16:48:57 - jugador - [DEBUG] - [JUGADOR_0] Pos flotante (pre-límites): (1039.1200, 413.0000)
2025-05-19 16:48:57 - jugador - [DEBUG] - [JUGADOR_0] Pos flotante (post-límites): (1039.1200, 413.0000)
2025-05-19 16:48:57 - jugador - [DEBUG] - [JUGADOR_0] Movimiento para CH: dx_int=-3, dy_int=0. HB (antes CH): (1042, 413), PosFlotante: (1039.1200,413.0000)
2025-05-19 16:48:57 - jugador - [DEBUG] - [JUGADOR_0] Iniciando gestión de colisión con dx=-3, dy=0. Hitbox actual: (1042, 413)
2025-05-19 16:48:57 - jugador - [DEBUG] - [JUGADOR_0] Posición POST CH: HB: (1039, 413), PosFlotante: (1039.00, 413.00)
2025-05-19 16:48:57 - jugador - [DEBUG] - [JUGADOR_0] Hitbox ataque: <rect(898, 417, 42, 15)> (Dir: -1,0)
2025-05-19 16:48:57 - jugador - [DEBUG] - [JUGADOR_0] Delta flotante intentado: dx=-3.0600, dy=0.0000 (delta_time: 0.0170)
2025-05-19 16:48:57 - jugador - [DEBUG] - [JUGADOR_0] Pos flotante (pre-límites): (1035.9400, 413.0000)
2025-05-19 16:48:57 - jugador - [DEBUG] - [JUGADOR_0] Pos flotante (post-límites): (1035.9400, 413.0000)
2025-05-19 16:48:57 - jugador - [DEBUG] - [JUGADOR_0] Movimiento para CH: dx_int=-4, dy_int=0. HB (antes CH): (1039, 413), PosFlotante: (1035.9400,413.0000)
2025-05-19 16:48:57 - jugador - [DEBUG] - [JUGADOR_0] Iniciando gestión de colisión con dx=-4, dy=0. Hitbox actual: (1039, 413)
2025-05-19 16:48:57 - jugador - [DEBUG] - [JUGADOR_0] Posición POST CH: HB: (1035, 413), PosFlotante: (1035.00, 413.00)
2025-05-19 16:48:57 - jugador - [DEBUG] - [JUGADOR_0] Hitbox ataque: <rect(894, 417, 42, 15)> (Dir: -1,0)
2025-05-19 16:48:57 - jugador - [DEBUG] - [JUGADOR_0] Input teclado procesado: mov_x_input_raw=-180, mov_y_input_raw=0
2025-05-19 16:48:57 - jugador - [DEBUG] - [JUGADOR_0] Delta flotante intentado: dx=-2.8800, dy=0.0000 (delta_time: 0.0160)
2025-05-19 16:48:57 - jugador - [DEBUG] - [JUGADOR_0] Pos flotante (pre-límites): (1032.1200, 413.0000)
2025-05-19 16:48:57 - jugador - [DEBUG] - [JUGADOR_0] Pos flotante (post-límites): (1032.1200, 413.0000)
2025-05-19 16:48:57 - jugador - [DEBUG] - [JUGADOR_0] Movimiento para CH: dx_int=-3, dy_int=0. HB (antes CH): (1035, 413), PosFlotante: (1032.1200,413.0000)
2025-05-19 16:48:57 - jugador - [DEBUG] - [JUGADOR_0] Iniciando gestión de colisión con dx=-3, dy=0. Hitbox actual: (1035, 413)
2025-05-19 16:48:57 - jugador - [DEBUG] - [JUGADOR_0] Posición POST CH: HB: (1032, 413), PosFlotante: (1032.00, 413.00)
2025-05-19 16:48:57 - jugador - [DEBUG] - [JUGADOR_0] ATAQUE FINALIZADO (Duración: 300ms). Enemigos golpeados: 0
2025-05-19 16:48:57 - jugador - [DEBUG] - [JUGADOR_0] Pos flotante (pre-límites): (1029.1200, 413.0000)
2025-05-19 16:48:57 - jugador - [DEBUG] - [JUGADOR_0] Pos flotante (post-límites): (1029.1200, 413.0000)
2025-05-19 16:48:57 - jugador - [DEBUG] - [JUGADOR_0] Movimiento para CH: dx_int=-3, dy_int=0. HB (antes CH): (1032, 413), PosFlotante: (1029.1200,413.0000)
2025-05-19 16:48:57 - jugador - [DEBUG] - [JUGADOR_0] Iniciando gestión de colisión con dx=-3, dy=0. Hitbox actual: (1032, 413)
2025-05-19 16:48:57 - jugador - [DEBUG] - [JUGADOR_0] Posición POST CH: HB: (1029, 413), PosFlotante: (1029.00, 413.00)
2025-05-19 16:48:57 - jugador - [DEBUG] - [JUGADOR_0] Pos flotante (pre-límites): (1026.1200, 413.0000)
2025-05-19 16:48:57 - jugador - [DEBUG] - [JUGADOR_0] Pos flotante (post-límites): (1026.1200, 413.0000)
2025-05-19 16:48:57 - jugador - [DEBUG] - [JUGADOR_0] Movimiento para CH: dx_int=-3, dy_int=0. HB (antes CH): (1029, 413), PosFlotante: (1026.1200,413.0000)
2025-05-19 16:48:57 - jugador - [DEBUG] - [JUGADOR_0] Iniciando gestión de colisión con dx=-3, dy=0. Hitbox actual: (1029, 413)
2025-05-19 16:48:57 - jugador - [DEBUG] - [JUGADOR_0] Posición POST CH: HB: (1026, 413), PosFlotante: (1026.00, 413.00)
2025-05-19 16:48:57 - jugador - [DEBUG] - [JUGADOR_0] Pos flotante (pre-límites): (1023.1200, 413.0000)
2025-05-19 16:48:57 - jugador - [DEBUG] - [JUGADOR_0] Pos flotante (post-límites): (1023.1200, 413.0000)
2025-05-19 16:48:57 - jugador - [DEBUG] - [JUGADOR_0] Movimiento para CH: dx_int=-3, dy_int=0. HB (antes CH): (1026, 413), PosFlotante: (1023.1200,413.0000)
2025-05-19 16:48:57 - jugador - [DEBUG] - [JUGADOR_0] Iniciando gestión de colisión con dx=-3, dy=0. Hitbox actual: (1026, 413)
2025-05-19 16:48:57 - jugador - [DEBUG] - [JUGADOR_0] Posición POST CH: HB: (1023, 413), PosFlotante: (1023.00, 413.00)
2025-05-19 16:48:57 - jugador - [DEBUG] - [JUGADOR_0] Input teclado procesado: mov_x_input_raw=-180, mov_y_input_raw=0
2025-05-19 16:48:57 - jugador - [DEBUG] - [JUGADOR_0] Delta flotante intentado: dx=-3.0600, dy=0.0000 (delta_time: 0.0170)
2025-05-19 16:48:57 - jugador - [DEBUG] - [JUGADOR_0] Pos flotante (pre-límites): (1019.9400, 413.0000)
2025-05-19 16:48:57 - jugador - [DEBUG] - [JUGADOR_0] Pos flotante (post-límites): (1019.9400, 413.0000)
2025-05-19 16:48:57 - jugador - [DEBUG] - [JUGADOR_0] Movimiento para CH: dx_int=-4, dy_int=0. HB (antes CH): (1023, 413), PosFlotante: (1019.9400,413.0000)
2025-05-19 16:48:57 - jugador - [DEBUG] - [JUGADOR_0] Iniciando gestión de colisión con dx=-4, dy=0. Hitbox actual: (1023, 413)
2025-05-19 16:48:57 - jugador - [DEBUG] - [JUGADOR_0] Posición POST CH: HB: (1019, 413), PosFlotante: (1019.00, 413.00)
2025-05-19 16:48:57 - jugador - [DEBUG] - [JUGADOR_0] Delta flotante intentado: dx=-2.8800, dy=0.0000 (delta_time: 0.0160)
2025-05-19 16:48:57 - jugador - [DEBUG] - [JUGADOR_0] Pos flotante (pre-límites): (1016.1200, 413.0000)
2025-05-19 16:48:57 - jugador - [DEBUG] - [JUGADOR_0] Pos flotante (post-límites): (1016.1200, 413.0000)
2025-05-19 16:48:57 - jugador - [DEBUG] - [JUGADOR_0] Movimiento para CH: dx_int=-3, dy_int=0. HB (antes CH): (1019, 413), PosFlotante: (1016.1200,413.0000)
2025-05-19 16:48:57 - jugador - [DEBUG] - [JUGADOR_0] Iniciando gestión de colisión con dx=-3, dy=0. Hitbox actual: (1019, 413)
2025-05-19 16:48:57 - jugador - [DEBUG] - [JUGADOR_0] Posición POST CH: HB: (1016, 413), PosFlotante: (1016.00, 413.00)
2025-05-19 16:48:57 - jugador - [DEBUG] - [JUGADOR_0] Pos flotante (pre-límites): (1012.9400, 413.0000)
2025-05-19 16:48:57 - jugador - [DEBUG] - [JUGADOR_0] Pos flotante (post-límites): (1012.9400, 413.0000)
2025-05-19 16:48:57 - jugador - [DEBUG] - [JUGADOR_0] Movimiento para CH: dx_int=-4, dy_int=0. HB (antes CH): (1016, 413), PosFlotante: (1012.9400,413.0000)
2025-05-19 16:48:57 - jugador - [DEBUG] - [JUGADOR_0] Iniciando gestión de colisión con dx=-4, dy=0. Hitbox actual: (1016, 413)
2025-05-19 16:48:57 - jugador - [DEBUG] - [JUGADOR_0] Posición POST CH: HB: (1012, 413), PosFlotante: (1012.00, 413.00)
2025-05-19 16:48:57 - jugador - [DEBUG] - [JUGADOR_0] Pos flotante (pre-límites): (1008.9400, 413.0000)
2025-05-19 16:48:57 - jugador - [DEBUG] - [JUGADOR_0] Pos flotante (post-límites): (1008.9400, 413.0000)
2025-05-19 16:48:57 - jugador - [DEBUG] - [JUGADOR_0] Movimiento para CH: dx_int=-4, dy_int=0. HB (antes CH): (1012, 413), PosFlotante: (1008.9400,413.0000)
2025-05-19 16:48:57 - jugador - [DEBUG] - [JUGADOR_0] Iniciando gestión de colisión con dx=-4, dy=0. Hitbox actual: (1012, 413)
2025-05-19 16:48:57 - jugador - [DEBUG] - [JUGADOR_0] Posición POST CH: HB: (1008, 413), PosFlotante: (1008.00, 413.00)
2025-05-19 16:48:57 - jugador - [DEBUG] - [JUGADOR_0] Input teclado procesado: mov_x_input_raw=-180, mov_y_input_raw=0
2025-05-19 16:48:57 - jugador - [DEBUG] - [JUGADOR_0] Pos flotante (pre-límites): (1005.1200, 413.0000)
2025-05-19 16:48:57 - jugador - [DEBUG] - [JUGADOR_0] Pos flotante (post-límites): (1005.1200, 413.0000)
2025-05-19 16:48:57 - jugador - [DEBUG] - [JUGADOR_0] Movimiento para CH: dx_int=-3, dy_int=0. HB (antes CH): (1008, 413), PosFlotante: (1005.1200,413.0000)
2025-05-19 16:48:57 - jugador - [DEBUG] - [JUGADOR_0] Iniciando gestión de colisión con dx=-3, dy=0. Hitbox actual: (1008, 413)
2025-05-19 16:48:57 - jugador - [DEBUG] - [JUGADOR_0] Posición POST CH: HB: (1005, 413), PosFlotante: (1005.00, 413.00)
2025-05-19 16:48:57 - jugador - [DEBUG] - [JUGADOR_0] Delta flotante intentado: dx=-3.0600, dy=0.0000 (delta_time: 0.0170)
2025-05-19 16:48:57 - jugador - [DEBUG] - [JUGADOR_0] Pos flotante (pre-límites): (1001.9400, 413.0000)
2025-05-19 16:48:57 - jugador - [DEBUG] - [JUGADOR_0] Pos flotante (post-límites): (1001.9400, 413.0000)
2025-05-19 16:48:57 - jugador - [DEBUG] - [JUGADOR_0] Movimiento para CH: dx_int=-4, dy_int=0. HB (antes CH): (1005, 413), PosFlotante: (1001.9400,413.0000)
2025-05-19 16:48:57 - jugador - [DEBUG] - [JUGADOR_0] Iniciando gestión de colisión con dx=-4, dy=0. Hitbox actual: (1005, 413)
2025-05-19 16:48:57 - jugador - [DEBUG] - [JUGADOR_0] Posición POST CH: HB: (1001, 413), PosFlotante: (1001.00, 413.00)
2025-05-19 16:48:57 - jugador - [DEBUG] - [JUGADOR_0] Delta flotante intentado: dx=-2.8800, dy=0.0000 (delta_time: 0.0160)
2025-05-19 16:48:57 - jugador - [DEBUG] - [JUGADOR_0] Pos flotante (pre-límites): (998.1200, 413.0000)
2025-05-19 16:48:57 - jugador - [DEBUG] - [JUGADOR_0] Pos flotante (post-límites): (998.1200, 413.0000)
2025-05-19 16:48:57 - jugador - [DEBUG] - [JUGADOR_0] Movimiento para CH: dx_int=-3, dy_int=0. HB (antes CH): (1001, 413), PosFlotante: (998.1200,413.0000)
2025-05-19 16:48:57 - jugador - [DEBUG] - [JUGADOR_0] Iniciando gestión de colisión con dx=-3, dy=0. Hitbox actual: (1001, 413)
2025-05-19 16:48:57 - jugador - [DEBUG] - [JUGADOR_0] Posición POST CH: HB: (998, 413), PosFlotante: (998.00, 413.00)
2025-05-19 16:48:57 - jugador - [DEBUG] - [JUGADOR_0] Input teclado procesado: mov_x_input_raw=-180, mov_y_input_raw=0
2025-05-19 16:48:57 - jugador - [DEBUG] - [JUGADOR_0] Pos flotante (pre-límites): (994.9400, 413.0000)
2025-05-19 16:48:57 - jugador - [DEBUG] - [JUGADOR_0] Pos flotante (post-límites): (994.9400, 413.0000)
2025-05-19 16:48:57 - jugador - [DEBUG] - [JUGADOR_0] Movimiento para CH: dx_int=-4, dy_int=0. HB (antes CH): (998, 413), PosFlotante: (994.9400,413.0000)
2025-05-19 16:48:57 - jugador - [DEBUG] - [JUGADOR_0] Iniciando gestión de colisión con dx=-4, dy=0. Hitbox actual: (998, 413)
2025-05-19 16:48:57 - jugador - [DEBUG] - [JUGADOR_0] Posición POST CH: HB: (994, 413), PosFlotante: (994.00, 413.00)
2025-05-19 16:48:57 - jugador - [DEBUG] - [JUGADOR_0] Pos flotante (pre-límites): (991.1200, 413.0000)
2025-05-19 16:48:57 - jugador - [DEBUG] - [JUGADOR_0] Pos flotante (post-límites): (991.1200, 413.0000)
2025-05-19 16:48:57 - jugador - [DEBUG] - [JUGADOR_0] Movimiento para CH: dx_int=-3, dy_int=0. HB (antes CH): (994, 413), PosFlotante: (991.1200,413.0000)
2025-05-19 16:48:57 - jugador - [DEBUG] - [JUGADOR_0] Iniciando gestión de colisión con dx=-3, dy=0. Hitbox actual: (994, 413)
2025-05-19 16:48:57 - jugador - [DEBUG] - [JUGADOR_0] Posición POST CH: HB: (991, 413), PosFlotante: (991.00, 413.00)
2025-05-19 16:48:57 - jugador - [DEBUG] - [JUGADOR_0] Delta flotante intentado: dx=-3.0600, dy=0.0000 (delta_time: 0.0170)
2025-05-19 16:48:57 - jugador - [DEBUG] - [JUGADOR_0] Pos flotante (pre-límites): (987.9400, 413.0000)
2025-05-19 16:48:57 - jugador - [DEBUG] - [JUGADOR_0] Pos flotante (post-límites): (987.9400, 413.0000)
2025-05-19 16:48:57 - jugador - [DEBUG] - [JUGADOR_0] Movimiento para CH: dx_int=-4, dy_int=0. HB (antes CH): (991, 413), PosFlotante: (987.9400,413.0000)
2025-05-19 16:48:57 - jugador - [DEBUG] - [JUGADOR_0] Iniciando gestión de colisión con dx=-4, dy=0. Hitbox actual: (991, 413)
2025-05-19 16:48:57 - jugador - [DEBUG] - [JUGADOR_0] Posición POST CH: HB: (987, 413), PosFlotante: (987.00, 413.00)
2025-05-19 16:48:57 - jugador - [DEBUG] - [JUGADOR_0] Delta flotante intentado: dx=-2.8800, dy=0.0000 (delta_time: 0.0160)
2025-05-19 16:48:57 - jugador - [DEBUG] - [JUGADOR_0] Pos flotante (pre-límites): (984.1200, 413.0000)
2025-05-19 16:48:57 - jugador - [DEBUG] - [JUGADOR_0] Pos flotante (post-límites): (984.1200, 413.0000)
2025-05-19 16:48:57 - jugador - [DEBUG] - [JUGADOR_0] Movimiento para CH: dx_int=-3, dy_int=0. HB (antes CH): (987, 413), PosFlotante: (984.1200,413.0000)
2025-05-19 16:48:57 - jugador - [DEBUG] - [JUGADOR_0] Iniciando gestión de colisión con dx=-3, dy=0. Hitbox actual: (987, 413)
2025-05-19 16:48:57 - jugador - [DEBUG] - [JUGADOR_0] Posición POST CH: HB: (984, 413), PosFlotante: (984.00, 413.00)
2025-05-19 16:48:58 - jugador - [DEBUG] - [JUGADOR_0] Input teclado procesado: mov_x_input_raw=-180, mov_y_input_raw=0
2025-05-19 16:48:58 - jugador - [DEBUG] - [JUGADOR_0] Pos flotante (pre-límites): (980.9400, 413.0000)
2025-05-19 16:48:58 - jugador - [DEBUG] - [JUGADOR_0] Pos flotante (post-límites): (980.9400, 413.0000)
2025-05-19 16:48:58 - jugador - [DEBUG] - [JUGADOR_0] Movimiento para CH: dx_int=-4, dy_int=0. HB (antes CH): (984, 413), PosFlotante: (980.9400,413.0000)
2025-05-19 16:48:58 - jugador - [DEBUG] - [JUGADOR_0] Iniciando gestión de colisión con dx=-4, dy=0. Hitbox actual: (984, 413)
2025-05-19 16:48:58 - jugador - [DEBUG] - [JUGADOR_0] Posición POST CH: HB: (980, 413), PosFlotante: (980.00, 413.00)
2025-05-19 16:48:58 - jugador - [DEBUG] - [JUGADOR_0] Pos flotante (pre-límites): (977.1200, 413.0000)
2025-05-19 16:48:58 - jugador - [DEBUG] - [JUGADOR_0] Pos flotante (post-límites): (977.1200, 413.0000)
2025-05-19 16:48:58 - jugador - [DEBUG] - [JUGADOR_0] Movimiento para CH: dx_int=-3, dy_int=0. HB (antes CH): (980, 413), PosFlotante: (977.1200,413.0000)
2025-05-19 16:48:58 - jugador - [DEBUG] - [JUGADOR_0] Iniciando gestión de colisión con dx=-3, dy=0. Hitbox actual: (980, 413)
2025-05-19 16:48:58 - jugador - [DEBUG] - [JUGADOR_0] Posición POST CH: HB: (977, 413), PosFlotante: (977.00, 413.00)
2025-05-19 16:48:58 - jugador - [DEBUG] - [JUGADOR_0] Delta flotante intentado: dx=-3.0600, dy=0.0000 (delta_time: 0.0170)
2025-05-19 16:48:58 - jugador - [DEBUG] - [JUGADOR_0] Pos flotante (pre-límites): (973.9400, 413.0000)
2025-05-19 16:48:58 - jugador - [DEBUG] - [JUGADOR_0] Pos flotante (post-límites): (973.9400, 413.0000)
2025-05-19 16:48:58 - jugador - [DEBUG] - [JUGADOR_0] Movimiento para CH: dx_int=-4, dy_int=0. HB (antes CH): (977, 413), PosFlotante: (973.9400,413.0000)
2025-05-19 16:48:58 - jugador - [DEBUG] - [JUGADOR_0] Iniciando gestión de colisión con dx=-4, dy=0. Hitbox actual: (977, 413)
2025-05-19 16:48:58 - jugador - [DEBUG] - [JUGADOR_0] Posición POST CH: HB: (973, 413), PosFlotante: (973.00, 413.00)
2025-05-19 16:48:58 - jugador - [DEBUG] - [JUGADOR_0] Delta flotante intentado: dx=-2.8800, dy=0.0000 (delta_time: 0.0160)
2025-05-19 16:48:58 - jugador - [DEBUG] - [JUGADOR_0] Pos flotante (pre-límites): (970.1200, 413.0000)
2025-05-19 16:48:58 - jugador - [DEBUG] - [JUGADOR_0] Pos flotante (post-límites): (970.1200, 413.0000)
2025-05-19 16:48:58 - jugador - [DEBUG] - [JUGADOR_0] Movimiento para CH: dx_int=-3, dy_int=0. HB (antes CH): (973, 413), PosFlotante: (970.1200,413.0000)
2025-05-19 16:48:58 - jugador - [DEBUG] - [JUGADOR_0] Iniciando gestión de colisión con dx=-3, dy=0. Hitbox actual: (973, 413)
2025-05-19 16:48:58 - jugador - [DEBUG] - [JUGADOR_0] Posición POST CH: HB: (970, 413), PosFlotante: (970.00, 413.00)
2025-05-19 16:48:58 - jugador - [DEBUG] - [JUGADOR_0] Input teclado procesado: mov_x_input_raw=-180, mov_y_input_raw=0
2025-05-19 16:48:58 - jugador - [DEBUG] - [JUGADOR_0] Pos flotante (pre-límites): (966.9400, 413.0000)
2025-05-19 16:48:58 - jugador - [DEBUG] - [JUGADOR_0] Pos flotante (post-límites): (966.9400, 413.0000)
2025-05-19 16:48:58 - jugador - [DEBUG] - [JUGADOR_0] Movimiento para CH: dx_int=-4, dy_int=0. HB (antes CH): (970, 413), PosFlotante: (966.9400,413.0000)
2025-05-19 16:48:58 - jugador - [DEBUG] - [JUGADOR_0] Iniciando gestión de colisión con dx=-4, dy=0. Hitbox actual: (970, 413)
2025-05-19 16:48:58 - jugador - [DEBUG] - [JUGADOR_0] Posición POST CH: HB: (966, 413), PosFlotante: (966.00, 413.00)
2025-05-19 16:48:58 - jugador - [DEBUG] - [JUGADOR_0] Delta flotante intentado: dx=-3.0600, dy=0.0000 (delta_time: 0.0170)
2025-05-19 16:48:58 - jugador - [DEBUG] - [JUGADOR_0] Pos flotante (pre-límites): (962.9400, 413.0000)
2025-05-19 16:48:58 - jugador - [DEBUG] - [JUGADOR_0] Pos flotante (post-límites): (962.9400, 413.0000)
2025-05-19 16:48:58 - jugador - [DEBUG] - [JUGADOR_0] Movimiento para CH: dx_int=-4, dy_int=0. HB (antes CH): (966, 413), PosFlotante: (962.9400,413.0000)
2025-05-19 16:48:58 - jugador - [DEBUG] - [JUGADOR_0] Iniciando gestión de colisión con dx=-4, dy=0. Hitbox actual: (966, 413)
2025-05-19 16:48:58 - jugador - [DEBUG] - [JUGADOR_0] Posición POST CH: HB: (962, 413), PosFlotante: (962.00, 413.00)
2025-05-19 16:48:58 - jugador - [DEBUG] - [JUGADOR_0] Pos flotante (pre-límites): (958.9400, 413.0000)
2025-05-19 16:48:58 - jugador - [DEBUG] - [JUGADOR_0] Pos flotante (post-límites): (958.9400, 413.0000)
2025-05-19 16:48:58 - jugador - [DEBUG] - [JUGADOR_0] Movimiento para CH: dx_int=-4, dy_int=0. HB (antes CH): (962, 413), PosFlotante: (958.9400,413.0000)
2025-05-19 16:48:58 - jugador - [DEBUG] - [JUGADOR_0] Iniciando gestión de colisión con dx=-4, dy=0. Hitbox actual: (962, 413)
2025-05-19 16:48:58 - jugador - [DEBUG] - [JUGADOR_0] Posición POST CH: HB: (958, 413), PosFlotante: (958.00, 413.00)
2025-05-19 16:48:58 - jugador - [DEBUG] - [JUGADOR_0] Input teclado procesado: mov_x_input_raw=-180, mov_y_input_raw=0
2025-05-19 16:48:58 - jugador - [DEBUG] - [JUGADOR_0] Delta flotante intentado: dx=-3.2400, dy=0.0000 (delta_time: 0.0180)
2025-05-19 16:48:58 - jugador - [DEBUG] - [JUGADOR_0] Pos flotante (pre-límites): (954.7600, 413.0000)
2025-05-19 16:48:58 - jugador - [DEBUG] - [JUGADOR_0] Pos flotante (post-límites): (954.7600, 413.0000)
2025-05-19 16:48:58 - jugador - [DEBUG] - [JUGADOR_0] Movimiento para CH: dx_int=-4, dy_int=0. HB (antes CH): (958, 413), PosFlotante: (954.7600,413.0000)
2025-05-19 16:48:58 - jugador - [DEBUG] - [JUGADOR_0] Iniciando gestión de colisión con dx=-4, dy=0. Hitbox actual: (958, 413)
2025-05-19 16:48:58 - jugador - [DEBUG] - [JUGADOR_0] Posición POST CH: HB: (954, 413), PosFlotante: (954.00, 413.00)
2025-05-19 16:48:58 - jugador - [DEBUG] - [JUGADOR_0] Delta flotante intentado: dx=-3.0600, dy=0.0000 (delta_time: 0.0170)
2025-05-19 16:48:58 - jugador - [DEBUG] - [JUGADOR_0] Pos flotante (pre-límites): (950.9400, 413.0000)
2025-05-19 16:48:58 - jugador - [DEBUG] - [JUGADOR_0] Pos flotante (post-límites): (950.9400, 413.0000)
2025-05-19 16:48:58 - jugador - [DEBUG] - [JUGADOR_0] Movimiento para CH: dx_int=-4, dy_int=0. HB (antes CH): (954, 413), PosFlotante: (950.9400,413.0000)
2025-05-19 16:48:58 - jugador - [DEBUG] - [JUGADOR_0] Iniciando gestión de colisión con dx=-4, dy=0. Hitbox actual: (954, 413)
2025-05-19 16:48:58 - jugador - [DEBUG] - [JUGADOR_0] Posición POST CH: HB: (950, 413), PosFlotante: (950.00, 413.00)
2025-05-19 16:48:58 - jugador - [DEBUG] - [JUGADOR_0] Delta flotante intentado: dx=-2.8800, dy=0.0000 (delta_time: 0.0160)
2025-05-19 16:48:58 - jugador - [DEBUG] - [JUGADOR_0] Pos flotante (pre-límites): (947.1200, 413.0000)
2025-05-19 16:48:58 - jugador - [DEBUG] - [JUGADOR_0] Pos flotante (post-límites): (947.1200, 413.0000)
2025-05-19 16:48:58 - jugador - [DEBUG] - [JUGADOR_0] Movimiento para CH: dx_int=-3, dy_int=0. HB (antes CH): (950, 413), PosFlotante: (947.1200,413.0000)
2025-05-19 16:48:58 - jugador - [DEBUG] - [JUGADOR_0] Iniciando gestión de colisión con dx=-3, dy=0. Hitbox actual: (950, 413)
2025-05-19 16:48:58 - jugador - [DEBUG] - [JUGADOR_0] Posición POST CH: HB: (947, 413), PosFlotante: (947.00, 413.00)
2025-05-19 16:48:58 - jugador - [DEBUG] - [JUGADOR_0] Pos flotante (pre-límites): (944.1200, 413.0000)
2025-05-19 16:48:58 - jugador - [DEBUG] - [JUGADOR_0] Pos flotante (post-límites): (944.1200, 413.0000)
2025-05-19 16:48:58 - jugador - [DEBUG] - [JUGADOR_0] Movimiento para CH: dx_int=-3, dy_int=0. HB (antes CH): (947, 413), PosFlotante: (944.1200,413.0000)
2025-05-19 16:48:58 - jugador - [DEBUG] - [JUGADOR_0] Iniciando gestión de colisión con dx=-3, dy=0. Hitbox actual: (947, 413)
2025-05-19 16:48:58 - jugador - [DEBUG] - [JUGADOR_0] Posición POST CH: HB: (944, 413), PosFlotante: (944.00, 413.00)
2025-05-19 16:48:58 - jugador - [DEBUG] - [JUGADOR_0] Input teclado procesado: mov_x_input_raw=-180, mov_y_input_raw=0
2025-05-19 16:48:58 - jugador - [DEBUG] - [JUGADOR_0] Pos flotante (pre-límites): (941.1200, 413.0000)
2025-05-19 16:48:58 - jugador - [DEBUG] - [JUGADOR_0] Pos flotante (post-límites): (941.1200, 413.0000)
2025-05-19 16:48:58 - jugador - [DEBUG] - [JUGADOR_0] Movimiento para CH: dx_int=-3, dy_int=0. HB (antes CH): (944, 413), PosFlotante: (941.1200,413.0000)
2025-05-19 16:48:58 - jugador - [DEBUG] - [JUGADOR_0] Iniciando gestión de colisión con dx=-3, dy=0. Hitbox actual: (944, 413)
2025-05-19 16:48:58 - jugador - [DEBUG] - [JUGADOR_0] Posición POST CH: HB: (941, 413), PosFlotante: (941.00, 413.00)
2025-05-19 16:48:58 - jugador - [DEBUG] - [JUGADOR_0] Pos flotante (pre-límites): (938.1200, 413.0000)
2025-05-19 16:48:58 - jugador - [DEBUG] - [JUGADOR_0] Pos flotante (post-límites): (938.1200, 413.0000)
2025-05-19 16:48:58 - jugador - [DEBUG] - [JUGADOR_0] Movimiento para CH: dx_int=-3, dy_int=0. HB (antes CH): (941, 413), PosFlotante: (938.1200,413.0000)
2025-05-19 16:48:58 - jugador - [DEBUG] - [JUGADOR_0] Iniciando gestión de colisión con dx=-3, dy=0. Hitbox actual: (941, 413)
2025-05-19 16:48:58 - jugador - [DEBUG] - [JUGADOR_0] Posición POST CH: HB: (938, 413), PosFlotante: (938.00, 413.00)
2025-05-19 16:48:58 - jugador - [DEBUG] - [JUGADOR_0] Delta flotante intentado: dx=-2.8800, dy=0.0000 (delta_time: 0.0160)
2025-05-19 16:48:58 - jugador - [DEBUG] - [JUGADOR_0] Pos flotante (pre-límites): (935.1200, 413.0000)
2025-05-19 16:48:58 - jugador - [DEBUG] - [JUGADOR_0] Pos flotante (post-límites): (935.1200, 413.0000)
2025-05-19 16:48:58 - jugador - [DEBUG] - [JUGADOR_0] Movimiento para CH: dx_int=-3, dy_int=0. HB (antes CH): (938, 413), PosFlotante: (935.1200,413.0000)
2025-05-19 16:48:58 - jugador - [DEBUG] - [JUGADOR_0] Iniciando gestión de colisión con dx=-3, dy=0. Hitbox actual: (938, 413)
2025-05-19 16:48:58 - jugador - [DEBUG] - [JUGADOR_0] Posición POST CH: HB: (935, 413), PosFlotante: (935.00, 413.00)
2025-05-19 16:48:58 - jugador - [DEBUG] - [JUGADOR_0] Pos flotante (pre-límites): (932.1200, 413.0000)
2025-05-19 16:48:58 - jugador - [DEBUG] - [JUGADOR_0] Pos flotante (post-límites): (932.1200, 413.0000)
2025-05-19 16:48:58 - jugador - [DEBUG] - [JUGADOR_0] Movimiento para CH: dx_int=-3, dy_int=0. HB (antes CH): (935, 413), PosFlotante: (932.1200,413.0000)
2025-05-19 16:48:58 - jugador - [DEBUG] - [JUGADOR_0] Iniciando gestión de colisión con dx=-3, dy=0. Hitbox actual: (935, 413)
2025-05-19 16:48:58 - jugador - [DEBUG] - [JUGADOR_0] Posición POST CH: HB: (932, 413), PosFlotante: (932.00, 413.00)
2025-05-19 16:48:58 - jugador - [DEBUG] - [JUGADOR_0] Input teclado procesado: mov_x_input_raw=-180, mov_y_input_raw=0
2025-05-19 16:48:58 - jugador - [DEBUG] - [JUGADOR_0] Pos flotante (pre-límites): (929.1200, 413.0000)
2025-05-19 16:48:58 - jugador - [DEBUG] - [JUGADOR_0] Pos flotante (post-límites): (929.1200, 413.0000)
2025-05-19 16:48:58 - jugador - [DEBUG] - [JUGADOR_0] Movimiento para CH: dx_int=-3, dy_int=0. HB (antes CH): (932, 413), PosFlotante: (929.1200,413.0000)
2025-05-19 16:48:58 - jugador - [DEBUG] - [JUGADOR_0] Iniciando gestión de colisión con dx=-3, dy=0. Hitbox actual: (932, 413)
2025-05-19 16:48:58 - jugador - [DEBUG] - [JUGADOR_0] Posición POST CH: HB: (929, 413), PosFlotante: (929.00, 413.00)
2025-05-19 16:48:58 - jugador - [DEBUG] - [JUGADOR_0] Pos flotante (pre-límites): (926.1200, 413.0000)
2025-05-19 16:48:58 - jugador - [DEBUG] - [JUGADOR_0] Pos flotante (post-límites): (926.1200, 413.0000)
2025-05-19 16:48:58 - jugador - [DEBUG] - [JUGADOR_0] Movimiento para CH: dx_int=-3, dy_int=0. HB (antes CH): (929, 413), PosFlotante: (926.1200,413.0000)
2025-05-19 16:48:58 - jugador - [DEBUG] - [JUGADOR_0] Iniciando gestión de colisión con dx=-3, dy=0. Hitbox actual: (929, 413)
2025-05-19 16:48:58 - jugador - [DEBUG] - [JUGADOR_0] Posición POST CH: HB: (926, 413), PosFlotante: (926.00, 413.00)
2025-05-19 16:48:58 - jugador - [DEBUG] - [JUGADOR_0] Delta flotante intentado: dx=-3.0600, dy=0.0000 (delta_time: 0.0170)
2025-05-19 16:48:58 - jugador - [DEBUG] - [JUGADOR_0] Pos flotante (pre-límites): (922.9400, 413.0000)
2025-05-19 16:48:58 - jugador - [DEBUG] - [JUGADOR_0] Pos flotante (post-límites): (922.9400, 413.0000)
2025-05-19 16:48:58 - jugador - [DEBUG] - [JUGADOR_0] Movimiento para CH: dx_int=-4, dy_int=0. HB (antes CH): (926, 413), PosFlotante: (922.9400,413.0000)
2025-05-19 16:48:58 - jugador - [DEBUG] - [JUGADOR_0] Iniciando gestión de colisión con dx=-4, dy=0. Hitbox actual: (926, 413)
2025-05-19 16:48:58 - jugador - [DEBUG] - [JUGADOR_0] Posición POST CH: HB: (922, 413), PosFlotante: (922.00, 413.00)
2025-05-19 16:48:58 - jugador - [DEBUG] - [JUGADOR_0] Delta flotante intentado: dx=-2.8800, dy=0.0000 (delta_time: 0.0160)
2025-05-19 16:48:58 - jugador - [DEBUG] - [JUGADOR_0] Pos flotante (pre-límites): (919.1200, 413.0000)
2025-05-19 16:48:58 - jugador - [DEBUG] - [JUGADOR_0] Pos flotante (post-límites): (919.1200, 413.0000)
2025-05-19 16:48:58 - jugador - [DEBUG] - [JUGADOR_0] Movimiento para CH: dx_int=-3, dy_int=0. HB (antes CH): (922, 413), PosFlotante: (919.1200,413.0000)
2025-05-19 16:48:58 - jugador - [DEBUG] - [JUGADOR_0] Iniciando gestión de colisión con dx=-3, dy=0. Hitbox actual: (922, 413)
2025-05-19 16:48:58 - jugador - [DEBUG] - [JUGADOR_0] Posición POST CH: HB: (919, 413), PosFlotante: (919.00, 413.00)
2025-05-19 16:48:58 - jugador - [DEBUG] - [JUGADOR_0] Input teclado procesado: mov_x_input_raw=-180, mov_y_input_raw=0
2025-05-19 16:48:58 - jugador - [DEBUG] - [JUGADOR_0] Delta flotante intentado: dx=-3.2400, dy=0.0000 (delta_time: 0.0180)
2025-05-19 16:48:58 - jugador - [DEBUG] - [JUGADOR_0] Pos flotante (pre-límites): (915.7600, 413.0000)
2025-05-19 16:48:58 - jugador - [DEBUG] - [JUGADOR_0] Pos flotante (post-límites): (915.7600, 413.0000)
2025-05-19 16:48:58 - jugador - [DEBUG] - [JUGADOR_0] Movimiento para CH: dx_int=-4, dy_int=0. HB (antes CH): (919, 413), PosFlotante: (915.7600,413.0000)
2025-05-19 16:48:58 - jugador - [DEBUG] - [JUGADOR_0] Iniciando gestión de colisión con dx=-4, dy=0. Hitbox actual: (919, 413)
2025-05-19 16:48:58 - jugador - [DEBUG] - [JUGADOR_0] Posición POST CH: HB: (915, 413), PosFlotante: (915.00, 413.00)
2025-05-19 16:48:58 - jugador - [DEBUG] - [JUGADOR_0] Pos flotante (pre-límites): (912.1200, 413.0000)
2025-05-19 16:48:58 - jugador - [DEBUG] - [JUGADOR_0] Pos flotante (post-límites): (912.1200, 413.0000)
2025-05-19 16:48:58 - jugador - [DEBUG] - [JUGADOR_0] Movimiento para CH: dx_int=-3, dy_int=0. HB (antes CH): (915, 413), PosFlotante: (912.1200,413.0000)
2025-05-19 16:48:58 - jugador - [DEBUG] - [JUGADOR_0] Iniciando gestión de colisión con dx=-3, dy=0. Hitbox actual: (915, 413)
2025-05-19 16:48:58 - jugador - [DEBUG] - [JUGADOR_0] Posición POST CH: HB: (912, 413), PosFlotante: (912.00, 413.00)
2025-05-19 16:48:58 - jugador - [DEBUG] - [JUGADOR_0] Delta flotante intentado: dx=-3.0600, dy=0.0000 (delta_time: 0.0170)
2025-05-19 16:48:58 - jugador - [DEBUG] - [JUGADOR_0] Pos flotante (pre-límites): (908.9400, 413.0000)
2025-05-19 16:48:58 - jugador - [DEBUG] - [JUGADOR_0] Pos flotante (post-límites): (908.9400, 413.0000)
2025-05-19 16:48:58 - jugador - [DEBUG] - [JUGADOR_0] Movimiento para CH: dx_int=-4, dy_int=0. HB (antes CH): (912, 413), PosFlotante: (908.9400,413.0000)
2025-05-19 16:48:58 - jugador - [DEBUG] - [JUGADOR_0] Iniciando gestión de colisión con dx=-4, dy=0. Hitbox actual: (912, 413)
2025-05-19 16:48:58 - jugador - [DEBUG] - [JUGADOR_0] Posición POST CH: HB: (908, 413), PosFlotante: (908.00, 413.00)
2025-05-19 16:48:58 - jugador - [DEBUG] - [JUGADOR_0] Delta flotante intentado: dx=-2.8800, dy=0.0000 (delta_time: 0.0160)
2025-05-19 16:48:58 - jugador - [DEBUG] - [JUGADOR_0] Pos flotante (pre-límites): (905.1200, 413.0000)
2025-05-19 16:48:58 - jugador - [DEBUG] - [JUGADOR_0] Pos flotante (post-límites): (905.1200, 413.0000)
2025-05-19 16:48:58 - jugador - [DEBUG] - [JUGADOR_0] Movimiento para CH: dx_int=-3, dy_int=0. HB (antes CH): (908, 413), PosFlotante: (905.1200,413.0000)
2025-05-19 16:48:58 - jugador - [DEBUG] - [JUGADOR_0] Iniciando gestión de colisión con dx=-3, dy=0. Hitbox actual: (908, 413)
2025-05-19 16:48:58 - jugador - [DEBUG] - [JUGADOR_0] Posición POST CH: HB: (905, 413), PosFlotante: (905.00, 413.00)
2025-05-19 16:48:58 - jugador - [DEBUG] - [JUGADOR_0] Input teclado procesado: mov_x_input_raw=-180, mov_y_input_raw=0
2025-05-19 16:48:58 - jugador - [DEBUG] - [JUGADOR_0] Pos flotante (pre-límites): (901.9400, 413.0000)
2025-05-19 16:48:58 - jugador - [DEBUG] - [JUGADOR_0] Pos flotante (post-límites): (901.9400, 413.0000)
2025-05-19 16:48:58 - jugador - [DEBUG] - [JUGADOR_0] Movimiento para CH: dx_int=-4, dy_int=0. HB (antes CH): (905, 413), PosFlotante: (901.9400,413.0000)
2025-05-19 16:48:58 - jugador - [DEBUG] - [JUGADOR_0] Iniciando gestión de colisión con dx=-4, dy=0. Hitbox actual: (905, 413)
2025-05-19 16:48:58 - jugador - [DEBUG] - [JUGADOR_0] Posición POST CH: HB: (901, 413), PosFlotante: (901.00, 413.00)
2025-05-19 16:48:58 - jugador - [DEBUG] - [JUGADOR_0] Delta flotante intentado: dx=-3.0600, dy=0.0000 (delta_time: 0.0170)
2025-05-19 16:48:58 - jugador - [DEBUG] - [JUGADOR_0] Pos flotante (pre-límites): (897.9400, 413.0000)
2025-05-19 16:48:58 - jugador - [DEBUG] - [JUGADOR_0] Pos flotante (post-límites): (897.9400, 413.0000)
2025-05-19 16:48:58 - jugador - [DEBUG] - [JUGADOR_0] Movimiento para CH: dx_int=-4, dy_int=0. HB (antes CH): (901, 413), PosFlotante: (897.9400,413.0000)
2025-05-19 16:48:58 - jugador - [DEBUG] - [JUGADOR_0] Iniciando gestión de colisión con dx=-4, dy=0. Hitbox actual: (901, 413)
2025-05-19 16:48:58 - jugador - [DEBUG] - [JUGADOR_0] Posición POST CH: HB: (897, 413), PosFlotante: (897.00, 413.00)
2025-05-19 16:48:58 - jugador - [DEBUG] - [JUGADOR_0] Delta flotante intentado: dx=-2.8800, dy=0.0000 (delta_time: 0.0160)
2025-05-19 16:48:58 - jugador - [DEBUG] - [JUGADOR_0] Pos flotante (pre-límites): (894.1200, 413.0000)
2025-05-19 16:48:58 - jugador - [DEBUG] - [JUGADOR_0] Pos flotante (post-límites): (894.1200, 413.0000)
2025-05-19 16:48:58 - jugador - [DEBUG] - [JUGADOR_0] Movimiento para CH: dx_int=-3, dy_int=0. HB (antes CH): (897, 413), PosFlotante: (894.1200,413.0000)
2025-05-19 16:48:58 - jugador - [DEBUG] - [JUGADOR_0] Iniciando gestión de colisión con dx=-3, dy=0. Hitbox actual: (897, 413)
2025-05-19 16:48:58 - jugador - [DEBUG] - [JUGADOR_0] Posición POST CH: HB: (894, 413), PosFlotante: (894.00, 413.00)
2025-05-19 16:48:58 - jugador - [DEBUG] - [JUGADOR_0] Input teclado procesado: mov_x_input_raw=-180, mov_y_input_raw=0
2025-05-19 16:48:58 - jugador - [DEBUG] - [JUGADOR_0] Pos flotante (pre-límites): (890.9400, 413.0000)
2025-05-19 16:48:58 - jugador - [DEBUG] - [JUGADOR_0] Pos flotante (post-límites): (890.9400, 413.0000)
2025-05-19 16:48:58 - jugador - [DEBUG] - [JUGADOR_0] Movimiento para CH: dx_int=-4, dy_int=0. HB (antes CH): (894, 413), PosFlotante: (890.9400,413.0000)
2025-05-19 16:48:58 - jugador - [DEBUG] - [JUGADOR_0] Iniciando gestión de colisión con dx=-4, dy=0. Hitbox actual: (894, 413)
2025-05-19 16:48:58 - jugador - [DEBUG] - [JUGADOR_0] Posición POST CH: HB: (890, 413), PosFlotante: (890.00, 413.00)
2025-05-19 16:48:58 - jugador - [DEBUG] - [JUGADOR_0] Pos flotante (pre-límites): (887.1200, 413.0000)
2025-05-19 16:48:58 - jugador - [DEBUG] - [JUGADOR_0] Pos flotante (post-límites): (887.1200, 413.0000)
2025-05-19 16:48:58 - jugador - [DEBUG] - [JUGADOR_0] Movimiento para CH: dx_int=-3, dy_int=0. HB (antes CH): (890, 413), PosFlotante: (887.1200,413.0000)
2025-05-19 16:48:58 - jugador - [DEBUG] - [JUGADOR_0] Iniciando gestión de colisión con dx=-3, dy=0. Hitbox actual: (890, 413)
2025-05-19 16:48:58 - jugador - [DEBUG] - [JUGADOR_0] Posición POST CH: HB: (887, 413), PosFlotante: (887.00, 413.00)
2025-05-19 16:48:58 - jugador - [DEBUG] - [JUGADOR_0] Pos flotante (pre-límites): (884.1200, 413.0000)
2025-05-19 16:48:58 - jugador - [DEBUG] - [JUGADOR_0] Pos flotante (post-límites): (884.1200, 413.0000)
2025-05-19 16:48:58 - jugador - [DEBUG] - [JUGADOR_0] Movimiento para CH: dx_int=-3, dy_int=0. HB (antes CH): (887, 413), PosFlotante: (884.1200,413.0000)
2025-05-19 16:48:58 - jugador - [DEBUG] - [JUGADOR_0] Iniciando gestión de colisión con dx=-3, dy=0. Hitbox actual: (887, 413)
2025-05-19 16:48:58 - jugador - [DEBUG] - [JUGADOR_0] Posición POST CH: HB: (884, 413), PosFlotante: (884.00, 413.00)
2025-05-19 16:48:58 - jugador - [DEBUG] - [JUGADOR_0] Delta flotante intentado: dx=-2.8800, dy=0.0000 (delta_time: 0.0160)
2025-05-19 16:48:58 - jugador - [DEBUG] - [JUGADOR_0] Pos flotante (pre-límites): (881.1200, 413.0000)
2025-05-19 16:48:58 - jugador - [DEBUG] - [JUGADOR_0] Pos flotante (post-límites): (881.1200, 413.0000)
2025-05-19 16:48:58 - jugador - [DEBUG] - [JUGADOR_0] Movimiento para CH: dx_int=-3, dy_int=0. HB (antes CH): (884, 413), PosFlotante: (881.1200,413.0000)
2025-05-19 16:48:58 - jugador - [DEBUG] - [JUGADOR_0] Iniciando gestión de colisión con dx=-3, dy=0. Hitbox actual: (884, 413)
2025-05-19 16:48:58 - jugador - [DEBUG] - [JUGADOR_0] Posición POST CH: HB: (881, 413), PosFlotante: (881.00, 413.00)
2025-05-19 16:48:58 - jugador - [DEBUG] - [JUGADOR_0] Input teclado procesado: mov_x_input_raw=180, mov_y_input_raw=0
2025-05-19 16:48:58 - jugador - [DEBUG] - [JUGADOR_0] Delta flotante intentado: dx=2.8800, dy=0.0000 (delta_time: 0.0160)
2025-05-19 16:48:58 - jugador - [DEBUG] - [JUGADOR_0] Pos flotante (pre-límites): (883.8800, 413.0000)
2025-05-19 16:48:58 - jugador - [DEBUG] - [JUGADOR_0] Pos flotante (post-límites): (883.8800, 413.0000)
2025-05-19 16:48:58 - jugador - [DEBUG] - [JUGADOR_0] Movimiento para CH: dx_int=3, dy_int=0. HB (antes CH): (881, 413), PosFlotante: (883.8800,413.0000)
2025-05-19 16:48:58 - jugador - [DEBUG] - [JUGADOR_0] Iniciando gestión de colisión con dx=3, dy=0. Hitbox actual: (881, 413)
2025-05-19 16:48:58 - jugador - [DEBUG] - [JUGADOR_0] Delta flotante intentado: dx=3.0600, dy=0.0000 (delta_time: 0.0170)
2025-05-19 16:48:58 - jugador - [DEBUG] - [JUGADOR_0] Pos flotante (pre-límites): (887.0600, 413.0000)
2025-05-19 16:48:58 - jugador - [DEBUG] - [JUGADOR_0] Pos flotante (post-límites): (887.0600, 413.0000)
2025-05-19 16:48:58 - jugador - [DEBUG] - [JUGADOR_0] Movimiento para CH: dx_int=4, dy_int=0. HB (antes CH): (884, 413), PosFlotante: (887.0600,413.0000)
2025-05-19 16:48:58 - jugador - [DEBUG] - [JUGADOR_0] Iniciando gestión de colisión con dx=4, dy=0. Hitbox actual: (884, 413)
2025-05-19 16:48:58 - jugador - [DEBUG] - [JUGADOR_0] Posición POST CH: HB: (888, 413), PosFlotante: (888.00, 413.00)
2025-05-19 16:48:58 - jugador - [DEBUG] - [JUGADOR_0] Pos flotante (pre-límites): (890.8800, 413.0000)
2025-05-19 16:48:58 - jugador - [DEBUG] - [JUGADOR_0] Pos flotante (post-límites): (890.8800, 413.0000)
2025-05-19 16:48:58 - jugador - [DEBUG] - [JUGADOR_0] Movimiento para CH: dx_int=3, dy_int=0. HB (antes CH): (888, 413), PosFlotante: (890.8800,413.0000)
2025-05-19 16:48:58 - jugador - [DEBUG] - [JUGADOR_0] Iniciando gestión de colisión con dx=3, dy=0. Hitbox actual: (888, 413)
2025-05-19 16:48:58 - jugador - [DEBUG] - [JUGADOR_0] Posición POST CH: HB: (891, 413), PosFlotante: (891.00, 413.00)
2025-05-19 16:48:58 - jugador - [DEBUG] - [JUGADOR_0] Pos flotante (pre-límites): (894.0600, 413.0000)
2025-05-19 16:48:58 - jugador - [DEBUG] - [JUGADOR_0] Pos flotante (post-límites): (894.0600, 413.0000)
2025-05-19 16:48:58 - jugador - [DEBUG] - [JUGADOR_0] Movimiento para CH: dx_int=4, dy_int=0. HB (antes CH): (891, 413), PosFlotante: (894.0600,413.0000)
2025-05-19 16:48:58 - jugador - [DEBUG] - [JUGADOR_0] Iniciando gestión de colisión con dx=4, dy=0. Hitbox actual: (891, 413)
2025-05-19 16:48:58 - jugador - [DEBUG] - [JUGADOR_0] Posición POST CH: HB: (895, 413), PosFlotante: (895.00, 413.00)
2025-05-19 16:48:58 - jugador - [DEBUG] - [JUGADOR_0] Input teclado procesado: mov_x_input_raw=180, mov_y_input_raw=0
2025-05-19 16:48:58 - jugador - [DEBUG] - [JUGADOR_0] Delta flotante intentado: dx=2.8800, dy=0.0000 (delta_time: 0.0160)
2025-05-19 16:48:58 - jugador - [DEBUG] - [JUGADOR_0] Pos flotante (pre-límites): (897.8800, 413.0000)
2025-05-19 16:48:58 - jugador - [DEBUG] - [JUGADOR_0] Pos flotante (post-límites): (897.8800, 413.0000)
2025-05-19 16:48:58 - jugador - [DEBUG] - [JUGADOR_0] Movimiento para CH: dx_int=3, dy_int=0. HB (antes CH): (895, 413), PosFlotante: (897.8800,413.0000)
2025-05-19 16:48:58 - jugador - [DEBUG] - [JUGADOR_0] Iniciando gestión de colisión con dx=3, dy=0. Hitbox actual: (895, 413)
2025-05-19 16:48:58 - jugador - [DEBUG] - [JUGADOR_0] Posición POST CH: HB: (898, 413), PosFlotante: (898.00, 413.00)
2025-05-19 16:48:58 - jugador - [INFO] - [JUGADOR_0] ATAQUE INICIADO (Cooldown: 700.0ms). Perfil: 'ataque_offset_distancia'
2025-05-19 16:48:58 - jugador - [DEBUG] - [JUGADOR_0] Pos flotante (pre-límites): (900.8800, 413.0000)
2025-05-19 16:48:58 - jugador - [DEBUG] - [JUGADOR_0] Pos flotante (post-límites): (900.8800, 413.0000)
2025-05-19 16:48:58 - jugador - [DEBUG] - [JUGADOR_0] Movimiento para CH: dx_int=3, dy_int=0. HB (antes CH): (898, 413), PosFlotante: (900.8800,413.0000)
2025-05-19 16:48:58 - jugador - [DEBUG] - [JUGADOR_0] Iniciando gestión de colisión con dx=3, dy=0. Hitbox actual: (898, 413)
2025-05-19 16:48:58 - jugador - [DEBUG] - [JUGADOR_0] Posición POST CH: HB: (901, 413), PosFlotante: (901.00, 413.00)
2025-05-19 16:48:58 - jugador - [DEBUG] - [JUGADOR_0] Hitbox ataque: <rect(1024, 417, 42, 15)> (Dir: 1,0)
2025-05-19 16:48:58 - jugador - [INFO] - [JUGADOR_0] Golpeó a [Enemigo_1] con 5 de daño.
2025-05-19 16:48:58 - jugador - [DEBUG] - [JUGADOR_0] Pos flotante (pre-límites): (903.8800, 413.0000)
2025-05-19 16:48:58 - jugador - [DEBUG] - [JUGADOR_0] Pos flotante (post-límites): (903.8800, 413.0000)
2025-05-19 16:48:58 - jugador - [DEBUG] - [JUGADOR_0] Movimiento para CH: dx_int=3, dy_int=0. HB (antes CH): (901, 413), PosFlotante: (903.8800,413.0000)
2025-05-19 16:48:58 - jugador - [DEBUG] - [JUGADOR_0] Iniciando gestión de colisión con dx=3, dy=0. Hitbox actual: (901, 413)
2025-05-19 16:48:58 - jugador - [DEBUG] - [JUGADOR_0] Posición POST CH: HB: (904, 413), PosFlotante: (904.00, 413.00)
2025-05-19 16:48:58 - jugador - [DEBUG] - [JUGADOR_0] Hitbox ataque: <rect(1027, 417, 42, 15)> (Dir: 1,0)
2025-05-19 16:48:58 - jugador - [DEBUG] - [JUGADOR_0] Delta flotante intentado: dx=3.0600, dy=0.0000 (delta_time: 0.0170)
2025-05-19 16:48:58 - jugador - [DEBUG] - [JUGADOR_0] Pos flotante (pre-límites): (907.0600, 413.0000)
2025-05-19 16:48:58 - jugador - [DEBUG] - [JUGADOR_0] Pos flotante (post-límites): (907.0600, 413.0000)
2025-05-19 16:48:58 - jugador - [DEBUG] - [JUGADOR_0] Movimiento para CH: dx_int=4, dy_int=0. HB (antes CH): (904, 413), PosFlotante: (907.0600,413.0000)
2025-05-19 16:48:58 - jugador - [DEBUG] - [JUGADOR_0] Iniciando gestión de colisión con dx=4, dy=0. Hitbox actual: (904, 413)
2025-05-19 16:48:58 - jugador - [DEBUG] - [JUGADOR_0] Posición POST CH: HB: (908, 413), PosFlotante: (908.00, 413.00)
2025-05-19 16:48:58 - jugador - [DEBUG] - [JUGADOR_0] Hitbox ataque: <rect(1031, 417, 42, 15)> (Dir: 1,0)
2025-05-19 16:48:58 - jugador - [DEBUG] - [JUGADOR_0] Input teclado procesado: mov_x_input_raw=180, mov_y_input_raw=0
2025-05-19 16:48:58 - jugador - [DEBUG] - [JUGADOR_0] Delta flotante intentado: dx=2.8800, dy=0.0000 (delta_time: 0.0160)
2025-05-19 16:48:58 - jugador - [DEBUG] - [JUGADOR_0] Pos flotante (pre-límites): (910.8800, 413.0000)
2025-05-19 16:48:58 - jugador - [DEBUG] - [JUGADOR_0] Pos flotante (post-límites): (910.8800, 413.0000)
2025-05-19 16:48:58 - jugador - [DEBUG] - [JUGADOR_0] Movimiento para CH: dx_int=3, dy_int=0. HB (antes CH): (908, 413), PosFlotante: (910.8800,413.0000)
2025-05-19 16:48:58 - jugador - [DEBUG] - [JUGADOR_0] Iniciando gestión de colisión con dx=3, dy=0. Hitbox actual: (908, 413)
2025-05-19 16:48:58 - jugador - [DEBUG] - [JUGADOR_0] Posición POST CH: HB: (911, 413), PosFlotante: (911.00, 413.00)
2025-05-19 16:48:58 - jugador - [DEBUG] - [JUGADOR_0] Hitbox ataque: <rect(1034, 417, 42, 15)> (Dir: 1,0)
2025-05-19 16:48:58 - jugador - [DEBUG] - [JUGADOR_0] Pos flotante (pre-límites): (913.8800, 413.0000)
2025-05-19 16:48:58 - jugador - [DEBUG] - [JUGADOR_0] Pos flotante (post-límites): (913.8800, 413.0000)
2025-05-19 16:48:58 - jugador - [DEBUG] - [JUGADOR_0] Movimiento para CH: dx_int=3, dy_int=0. HB (antes CH): (911, 413), PosFlotante: (913.8800,413.0000)
2025-05-19 16:48:58 - jugador - [DEBUG] - [JUGADOR_0] Iniciando gestión de colisión con dx=3, dy=0. Hitbox actual: (911, 413)
2025-05-19 16:48:58 - jugador - [DEBUG] - [JUGADOR_0] Posición POST CH: HB: (914, 413), PosFlotante: (914.00, 413.00)
2025-05-19 16:48:58 - jugador - [DEBUG] - [JUGADOR_0] Hitbox ataque: <rect(1037, 417, 42, 15)> (Dir: 1,0)
2025-05-19 16:48:58 - jugador - [DEBUG] - [JUGADOR_0] Pos flotante (pre-límites): (917.0600, 413.0000)
2025-05-19 16:48:58 - jugador - [DEBUG] - [JUGADOR_0] Pos flotante (post-límites): (917.0600, 413.0000)
2025-05-19 16:48:58 - jugador - [DEBUG] - [JUGADOR_0] Movimiento para CH: dx_int=4, dy_int=0. HB (antes CH): (914, 413), PosFlotante: (917.0600,413.0000)
2025-05-19 16:48:58 - jugador - [DEBUG] - [JUGADOR_0] Iniciando gestión de colisión con dx=4, dy=0. Hitbox actual: (914, 413)
2025-05-19 16:48:58 - jugador - [DEBUG] - [JUGADOR_0] Posición POST CH: HB: (918, 413), PosFlotante: (918.00, 413.00)
2025-05-19 16:48:58 - jugador - [DEBUG] - [JUGADOR_0] Hitbox ataque: <rect(1041, 417, 42, 15)> (Dir: 1,0)
2025-05-19 16:48:58 - jugador - [DEBUG] - [JUGADOR_0] Delta flotante intentado: dx=3.0600, dy=0.0000 (delta_time: 0.0170)
2025-05-19 16:48:58 - jugador - [DEBUG] - [JUGADOR_0] Pos flotante (pre-límites): (921.0600, 413.0000)
2025-05-19 16:48:58 - jugador - [DEBUG] - [JUGADOR_0] Pos flotante (post-límites): (921.0600, 413.0000)
2025-05-19 16:48:58 - jugador - [DEBUG] - [JUGADOR_0] Movimiento para CH: dx_int=4, dy_int=0. HB (antes CH): (918, 413), PosFlotante: (921.0600,413.0000)
2025-05-19 16:48:58 - jugador - [DEBUG] - [JUGADOR_0] Iniciando gestión de colisión con dx=4, dy=0. Hitbox actual: (918, 413)
2025-05-19 16:48:58 - jugador - [DEBUG] - [JUGADOR_0] Posición POST CH: HB: (922, 413), PosFlotante: (922.00, 413.00)
2025-05-19 16:48:58 - jugador - [DEBUG] - [JUGADOR_0] Hitbox ataque: <rect(1045, 417, 42, 15)> (Dir: 1,0)
2025-05-19 16:48:58 - jugador - [DEBUG] - [JUGADOR_0] Input teclado procesado: mov_x_input_raw=-180, mov_y_input_raw=0
2025-05-19 16:48:58 - jugador - [DEBUG] - [JUGADOR_0] Delta flotante intentado: dx=-2.8800, dy=0.0000 (delta_time: 0.0160)
2025-05-19 16:48:58 - jugador - [DEBUG] - [JUGADOR_0] Pos flotante (pre-límites): (919.1200, 413.0000)
2025-05-19 16:48:58 - jugador - [DEBUG] - [JUGADOR_0] Pos flotante (post-límites): (919.1200, 413.0000)
2025-05-19 16:48:58 - jugador - [DEBUG] - [JUGADOR_0] Movimiento para CH: dx_int=-3, dy_int=0. HB (antes CH): (922, 413), PosFlotante: (919.1200,413.0000)
2025-05-19 16:48:58 - jugador - [DEBUG] - [JUGADOR_0] Iniciando gestión de colisión con dx=-3, dy=0. Hitbox actual: (922, 413)
2025-05-19 16:48:58 - jugador - [DEBUG] - [JUGADOR_0] Posición POST CH: HB: (919, 413), PosFlotante: (919.00, 413.00)
2025-05-19 16:48:58 - jugador - [DEBUG] - [JUGADOR_0] Hitbox ataque: <rect(778, 417, 42, 15)> (Dir: -1,0)
2025-05-19 16:48:58 - jugador - [DEBUG] - [JUGADOR_0] Delta flotante intentado: dx=-3.0600, dy=0.0000 (delta_time: 0.0170)
2025-05-19 16:48:58 - jugador - [DEBUG] - [JUGADOR_0] Pos flotante (pre-límites): (915.9400, 413.0000)
2025-05-19 16:48:58 - jugador - [DEBUG] - [JUGADOR_0] Pos flotante (post-límites): (915.9400, 413.0000)
2025-05-19 16:48:58 - jugador - [DEBUG] - [JUGADOR_0] Movimiento para CH: dx_int=-4, dy_int=0. HB (antes CH): (919, 413), PosFlotante: (915.9400,413.0000)
2025-05-19 16:48:58 - jugador - [DEBUG] - [JUGADOR_0] Iniciando gestión de colisión con dx=-4, dy=0. Hitbox actual: (919, 413)
2025-05-19 16:48:58 - jugador - [DEBUG] - [JUGADOR_0] Posición POST CH: HB: (915, 413), PosFlotante: (915.00, 413.00)
2025-05-19 16:48:58 - jugador - [DEBUG] - [JUGADOR_0] Hitbox ataque: <rect(774, 417, 42, 15)> (Dir: -1,0)
2025-05-19 16:48:58 - jugador - [DEBUG] - [JUGADOR_0] Pos flotante (pre-límites): (912.1200, 413.0000)
2025-05-19 16:48:58 - jugador - [DEBUG] - [JUGADOR_0] Pos flotante (post-límites): (912.1200, 413.0000)
2025-05-19 16:48:58 - jugador - [DEBUG] - [JUGADOR_0] Movimiento para CH: dx_int=-3, dy_int=0. HB (antes CH): (915, 413), PosFlotante: (912.1200,413.0000)
2025-05-19 16:48:58 - jugador - [DEBUG] - [JUGADOR_0] Iniciando gestión de colisión con dx=-3, dy=0. Hitbox actual: (915, 413)
2025-05-19 16:48:58 - jugador - [DEBUG] - [JUGADOR_0] Posición POST CH: HB: (912, 413), PosFlotante: (912.00, 413.00)
2025-05-19 16:48:58 - jugador - [DEBUG] - [JUGADOR_0] Hitbox ataque: <rect(771, 417, 42, 15)> (Dir: -1,0)
2025-05-19 16:48:58 - jugador - [DEBUG] - [JUGADOR_0] Pos flotante (pre-límites): (908.9400, 413.0000)
2025-05-19 16:48:58 - jugador - [DEBUG] - [JUGADOR_0] Pos flotante (post-límites): (908.9400, 413.0000)
2025-05-19 16:48:58 - jugador - [DEBUG] - [JUGADOR_0] Movimiento para CH: dx_int=-4, dy_int=0. HB (antes CH): (912, 413), PosFlotante: (908.9400,413.0000)
2025-05-19 16:48:58 - jugador - [DEBUG] - [JUGADOR_0] Iniciando gestión de colisión con dx=-4, dy=0. Hitbox actual: (912, 413)
2025-05-19 16:48:58 - jugador - [DEBUG] - [JUGADOR_0] Posición POST CH: HB: (908, 413), PosFlotante: (908.00, 413.00)
2025-05-19 16:48:58 - jugador - [DEBUG] - [JUGADOR_0] Hitbox ataque: <rect(767, 417, 42, 15)> (Dir: -1,0)
2025-05-19 16:48:58 - jugador - [DEBUG] - [JUGADOR_0] Input teclado procesado: mov_x_input_raw=-180, mov_y_input_raw=0
2025-05-19 16:48:58 - jugador - [DEBUG] - [JUGADOR_0] Delta flotante intentado: dx=-2.8800, dy=0.0000 (delta_time: 0.0160)
2025-05-19 16:48:58 - jugador - [DEBUG] - [JUGADOR_0] Pos flotante (pre-límites): (905.1200, 413.0000)
2025-05-19 16:48:58 - jugador - [DEBUG] - [JUGADOR_0] Pos flotante (post-límites): (905.1200, 413.0000)
2025-05-19 16:48:58 - jugador - [DEBUG] - [JUGADOR_0] Movimiento para CH: dx_int=-3, dy_int=0. HB (antes CH): (908, 413), PosFlotante: (905.1200,413.0000)
2025-05-19 16:48:58 - jugador - [DEBUG] - [JUGADOR_0] Iniciando gestión de colisión con dx=-3, dy=0. Hitbox actual: (908, 413)
2025-05-19 16:48:58 - jugador - [DEBUG] - [JUGADOR_0] Posición POST CH: HB: (905, 413), PosFlotante: (905.00, 413.00)
2025-05-19 16:48:58 - jugador - [DEBUG] - [JUGADOR_0] Hitbox ataque: <rect(764, 417, 42, 15)> (Dir: -1,0)
2025-05-19 16:48:58 - jugador - [DEBUG] - [JUGADOR_0] Delta flotante intentado: dx=-3.0600, dy=0.0000 (delta_time: 0.0170)
2025-05-19 16:48:58 - jugador - [DEBUG] - [JUGADOR_0] Pos flotante (pre-límites): (901.9400, 413.0000)
2025-05-19 16:48:58 - jugador - [DEBUG] - [JUGADOR_0] Pos flotante (post-límites): (901.9400, 413.0000)
2025-05-19 16:48:58 - jugador - [DEBUG] - [JUGADOR_0] Movimiento para CH: dx_int=-4, dy_int=0. HB (antes CH): (905, 413), PosFlotante: (901.9400,413.0000)
2025-05-19 16:48:58 - jugador - [DEBUG] - [JUGADOR_0] Iniciando gestión de colisión con dx=-4, dy=0. Hitbox actual: (905, 413)
2025-05-19 16:48:58 - jugador - [DEBUG] - [JUGADOR_0] Posición POST CH: HB: (901, 413), PosFlotante: (901.00, 413.00)
2025-05-19 16:48:58 - jugador - [DEBUG] - [JUGADOR_0] Hitbox ataque: <rect(760, 417, 42, 15)> (Dir: -1,0)
2025-05-19 16:48:58 - jugador - [DEBUG] - [JUGADOR_0] Pos flotante (pre-límites): (897.9400, 413.0000)
2025-05-19 16:48:58 - jugador - [DEBUG] - [JUGADOR_0] Pos flotante (post-límites): (897.9400, 413.0000)
2025-05-19 16:48:58 - jugador - [DEBUG] - [JUGADOR_0] Movimiento para CH: dx_int=-4, dy_int=0. HB (antes CH): (901, 413), PosFlotante: (897.9400,413.0000)
2025-05-19 16:48:58 - jugador - [DEBUG] - [JUGADOR_0] Iniciando gestión de colisión con dx=-4, dy=0. Hitbox actual: (901, 413)
2025-05-19 16:48:58 - jugador - [DEBUG] - [JUGADOR_0] Posición POST CH: HB: (897, 413), PosFlotante: (897.00, 413.00)
2025-05-19 16:48:58 - jugador - [DEBUG] - [JUGADOR_0] Hitbox ataque: <rect(756, 417, 42, 15)> (Dir: -1,0)
2025-05-19 16:48:58 - jugador - [DEBUG] - [JUGADOR_0] Input teclado procesado: mov_x_input_raw=-180, mov_y_input_raw=0
2025-05-19 16:48:58 - jugador - [DEBUG] - [JUGADOR_0] Delta flotante intentado: dx=-2.8800, dy=0.0000 (delta_time: 0.0160)
2025-05-19 16:48:58 - jugador - [DEBUG] - [JUGADOR_0] Pos flotante (pre-límites): (894.1200, 413.0000)
2025-05-19 16:48:58 - jugador - [DEBUG] - [JUGADOR_0] Pos flotante (post-límites): (894.1200, 413.0000)
2025-05-19 16:48:58 - jugador - [DEBUG] - [JUGADOR_0] Movimiento para CH: dx_int=-3, dy_int=0. HB (antes CH): (897, 413), PosFlotante: (894.1200,413.0000)
2025-05-19 16:48:58 - jugador - [DEBUG] - [JUGADOR_0] Iniciando gestión de colisión con dx=-3, dy=0. Hitbox actual: (897, 413)
2025-05-19 16:48:58 - jugador - [DEBUG] - [JUGADOR_0] Posición POST CH: HB: (894, 413), PosFlotante: (894.00, 413.00)
2025-05-19 16:48:58 - jugador - [DEBUG] - [JUGADOR_0] Hitbox ataque: <rect(753, 417, 42, 15)> (Dir: -1,0)
2025-05-19 16:48:58 - jugador - [DEBUG] - [JUGADOR_0] Pos flotante (pre-límites): (891.1200, 413.0000)
2025-05-19 16:48:58 - jugador - [DEBUG] - [JUGADOR_0] Pos flotante (post-límites): (891.1200, 413.0000)
2025-05-19 16:48:58 - jugador - [DEBUG] - [JUGADOR_0] Movimiento para CH: dx_int=-3, dy_int=0. HB (antes CH): (894, 413), PosFlotante: (891.1200,413.0000)
2025-05-19 16:48:58 - jugador - [DEBUG] - [JUGADOR_0] Iniciando gestión de colisión con dx=-3, dy=0. Hitbox actual: (894, 413)
2025-05-19 16:48:58 - jugador - [DEBUG] - [JUGADOR_0] Posición POST CH: HB: (891, 413), PosFlotante: (891.00, 413.00)
2025-05-19 16:48:58 - jugador - [DEBUG] - [JUGADOR_0] Hitbox ataque: <rect(750, 417, 42, 15)> (Dir: -1,0)
2025-05-19 16:48:58 - jugador - [DEBUG] - [JUGADOR_0] Delta flotante intentado: dx=-3.0600, dy=0.0000 (delta_time: 0.0170)
2025-05-19 16:48:58 - jugador - [DEBUG] - [JUGADOR_0] Pos flotante (pre-límites): (887.9400, 413.0000)
2025-05-19 16:48:58 - jugador - [DEBUG] - [JUGADOR_0] Pos flotante (post-límites): (887.9400, 413.0000)
2025-05-19 16:48:58 - jugador - [DEBUG] - [JUGADOR_0] Movimiento para CH: dx_int=-4, dy_int=0. HB (antes CH): (891, 413), PosFlotante: (887.9400,413.0000)
2025-05-19 16:48:58 - jugador - [DEBUG] - [JUGADOR_0] Iniciando gestión de colisión con dx=-4, dy=0. Hitbox actual: (891, 413)
2025-05-19 16:48:58 - jugador - [DEBUG] - [JUGADOR_0] Posición POST CH: HB: (887, 413), PosFlotante: (887.00, 413.00)
2025-05-19 16:48:58 - jugador - [DEBUG] - [JUGADOR_0] Hitbox ataque: <rect(746, 417, 42, 15)> (Dir: -1,0)
2025-05-19 16:48:58 - jugador - [DEBUG] - [JUGADOR_0] Pos flotante (pre-límites): (884.1200, 413.0000)
2025-05-19 16:48:58 - jugador - [DEBUG] - [JUGADOR_0] Pos flotante (post-límites): (884.1200, 413.0000)
2025-05-19 16:48:58 - jugador - [DEBUG] - [JUGADOR_0] Movimiento para CH: dx_int=-3, dy_int=0. HB (antes CH): (887, 413), PosFlotante: (884.1200,413.0000)
2025-05-19 16:48:58 - jugador - [DEBUG] - [JUGADOR_0] Iniciando gestión de colisión con dx=-3, dy=0. Hitbox actual: (887, 413)
2025-05-19 16:48:58 - jugador - [DEBUG] - [JUGADOR_0] Posición POST CH: HB: (884, 413), PosFlotante: (884.00, 413.00)
2025-05-19 16:48:58 - jugador - [DEBUG] - [JUGADOR_0] Hitbox ataque: <rect(743, 417, 42, 15)> (Dir: -1,0)
2025-05-19 16:48:58 - jugador - [DEBUG] - [JUGADOR_0] Input teclado procesado: mov_x_input_raw=-180, mov_y_input_raw=0
2025-05-19 16:48:58 - jugador - [DEBUG] - [JUGADOR_0] Pos flotante (pre-límites): (880.9400, 413.0000)
2025-05-19 16:48:58 - jugador - [DEBUG] - [JUGADOR_0] Pos flotante (post-límites): (880.9400, 413.0000)
2025-05-19 16:48:58 - jugador - [DEBUG] - [JUGADOR_0] Movimiento para CH: dx_int=-4, dy_int=0. HB (antes CH): (884, 413), PosFlotante: (880.9400,413.0000)
2025-05-19 16:48:58 - jugador - [DEBUG] - [JUGADOR_0] Iniciando gestión de colisión con dx=-4, dy=0. Hitbox actual: (884, 413)
2025-05-19 16:48:58 - jugador - [DEBUG] - [JUGADOR_0] Posición POST CH: HB: (880, 413), PosFlotante: (880.00, 413.00)
2025-05-19 16:48:58 - jugador - [DEBUG] - [JUGADOR_0] Hitbox ataque: <rect(739, 417, 42, 15)> (Dir: -1,0)
2025-05-19 16:48:58 - jugador - [DEBUG] - [JUGADOR_0] Delta flotante intentado: dx=-2.8800, dy=0.0000 (delta_time: 0.0160)
2025-05-19 16:48:58 - jugador - [DEBUG] - [JUGADOR_0] Pos flotante (pre-límites): (877.1200, 413.0000)
2025-05-19 16:48:58 - jugador - [DEBUG] - [JUGADOR_0] Pos flotante (post-límites): (877.1200, 413.0000)
2025-05-19 16:48:58 - jugador - [DEBUG] - [JUGADOR_0] Movimiento para CH: dx_int=-3, dy_int=0. HB (antes CH): (880, 413), PosFlotante: (877.1200,413.0000)
2025-05-19 16:48:58 - jugador - [DEBUG] - [JUGADOR_0] Iniciando gestión de colisión con dx=-3, dy=0. Hitbox actual: (880, 413)
2025-05-19 16:48:58 - jugador - [DEBUG] - [JUGADOR_0] Posición POST CH: HB: (877, 413), PosFlotante: (877.00, 413.00)
2025-05-19 16:48:58 - jugador - [DEBUG] - [JUGADOR_0] ATAQUE FINALIZADO (Duración: 300ms). Enemigos golpeados: 1
2025-05-19 16:48:58 - jugador - [DEBUG] - [JUGADOR_0] Pos flotante (pre-límites): (874.1200, 413.0000)
2025-05-19 16:48:58 - jugador - [DEBUG] - [JUGADOR_0] Pos flotante (post-límites): (874.1200, 413.0000)
2025-05-19 16:48:58 - jugador - [DEBUG] - [JUGADOR_0] Movimiento para CH: dx_int=-3, dy_int=0. HB (antes CH): (877, 413), PosFlotante: (874.1200,413.0000)
2025-05-19 16:48:58 - jugador - [DEBUG] - [JUGADOR_0] Iniciando gestión de colisión con dx=-3, dy=0. Hitbox actual: (877, 413)
2025-05-19 16:48:58 - jugador - [DEBUG] - [JUGADOR_0] Posición POST CH: HB: (874, 413), PosFlotante: (874.00, 413.00)
2025-05-19 16:48:58 - jugador - [DEBUG] - [JUGADOR_0] Delta flotante intentado: dx=-3.0600, dy=0.0000 (delta_time: 0.0170)
2025-05-19 16:48:58 - jugador - [DEBUG] - [JUGADOR_0] Pos flotante (pre-límites): (870.9400, 413.0000)
2025-05-19 16:48:58 - jugador - [DEBUG] - [JUGADOR_0] Pos flotante (post-límites): (870.9400, 413.0000)
2025-05-19 16:48:58 - jugador - [DEBUG] - [JUGADOR_0] Movimiento para CH: dx_int=-4, dy_int=0. HB (antes CH): (874, 413), PosFlotante: (870.9400,413.0000)
2025-05-19 16:48:58 - jugador - [DEBUG] - [JUGADOR_0] Iniciando gestión de colisión con dx=-4, dy=0. Hitbox actual: (874, 413)
2025-05-19 16:48:58 - jugador - [DEBUG] - [JUGADOR_0] Posición POST CH: HB: (870, 413), PosFlotante: (870.00, 413.00)
2025-05-19 16:48:58 - jugador - [DEBUG] - [JUGADOR_0] Input teclado procesado: mov_x_input_raw=-180, mov_y_input_raw=0
2025-05-19 16:48:58 - jugador - [DEBUG] - [JUGADOR_0] Pos flotante (pre-límites): (866.9400, 413.0000)
2025-05-19 16:48:58 - jugador - [DEBUG] - [JUGADOR_0] Pos flotante (post-límites): (866.9400, 413.0000)
2025-05-19 16:48:58 - jugador - [DEBUG] - [JUGADOR_0] Movimiento para CH: dx_int=-4, dy_int=0. HB (antes CH): (870, 413), PosFlotante: (866.9400,413.0000)
2025-05-19 16:48:58 - jugador - [DEBUG] - [JUGADOR_0] Iniciando gestión de colisión con dx=-4, dy=0. Hitbox actual: (870, 413)
2025-05-19 16:48:58 - jugador - [DEBUG] - [JUGADOR_0] Posición POST CH: HB: (866, 413), PosFlotante: (866.00, 413.00)
2025-05-19 16:48:58 - jugador - [DEBUG] - [JUGADOR_0] Pos flotante (pre-límites): (862.9400, 413.0000)
2025-05-19 16:48:58 - jugador - [DEBUG] - [JUGADOR_0] Pos flotante (post-límites): (862.9400, 413.0000)
2025-05-19 16:48:58 - jugador - [DEBUG] - [JUGADOR_0] Movimiento para CH: dx_int=-4, dy_int=0. HB (antes CH): (866, 413), PosFlotante: (862.9400,413.0000)
2025-05-19 16:48:58 - jugador - [DEBUG] - [JUGADOR_0] Iniciando gestión de colisión con dx=-4, dy=0. Hitbox actual: (866, 413)
2025-05-19 16:48:58 - jugador - [DEBUG] - [JUGADOR_0] Posición POST CH: HB: (862, 413), PosFlotante: (862.00, 413.00)
2025-05-19 16:48:58 - jugador - [DEBUG] - [JUGADOR_0] Delta flotante intentado: dx=-2.8800, dy=0.0000 (delta_time: 0.0160)
2025-05-19 16:48:58 - jugador - [DEBUG] - [JUGADOR_0] Pos flotante (pre-límites): (859.1200, 413.0000)
2025-05-19 16:48:58 - jugador - [DEBUG] - [JUGADOR_0] Pos flotante (post-límites): (859.1200, 413.0000)
2025-05-19 16:48:58 - jugador - [DEBUG] - [JUGADOR_0] Movimiento para CH: dx_int=-3, dy_int=0. HB (antes CH): (862, 413), PosFlotante: (859.1200,413.0000)
2025-05-19 16:48:58 - jugador - [DEBUG] - [JUGADOR_0] Iniciando gestión de colisión con dx=-3, dy=0. Hitbox actual: (862, 413)
2025-05-19 16:48:58 - jugador - [DEBUG] - [JUGADOR_0] Posición POST CH: HB: (859, 413), PosFlotante: (859.00, 413.00)
2025-05-19 16:48:58 - jugador - [DEBUG] - [JUGADOR_0] Input teclado procesado: mov_x_input_raw=-180, mov_y_input_raw=0
2025-05-19 16:48:58 - jugador - [DEBUG] - [JUGADOR_0] Delta flotante intentado: dx=-3.0600, dy=0.0000 (delta_time: 0.0170)
2025-05-19 16:48:58 - jugador - [DEBUG] - [JUGADOR_0] Pos flotante (pre-límites): (855.9400, 413.0000)
2025-05-19 16:48:58 - jugador - [DEBUG] - [JUGADOR_0] Pos flotante (post-límites): (855.9400, 413.0000)
2025-05-19 16:48:58 - jugador - [DEBUG] - [JUGADOR_0] Movimiento para CH: dx_int=-4, dy_int=0. HB (antes CH): (859, 413), PosFlotante: (855.9400,413.0000)
2025-05-19 16:48:58 - jugador - [DEBUG] - [JUGADOR_0] Iniciando gestión de colisión con dx=-4, dy=0. Hitbox actual: (859, 413)
2025-05-19 16:48:58 - jugador - [DEBUG] - [JUGADOR_0] Posición POST CH: HB: (855, 413), PosFlotante: (855.00, 413.00)
2025-05-19 16:48:59 - jugador - [DEBUG] - [JUGADOR_0] Pos flotante (pre-límites): (852.1200, 413.0000)
2025-05-19 16:48:59 - jugador - [DEBUG] - [JUGADOR_0] Pos flotante (post-límites): (852.1200, 413.0000)
2025-05-19 16:48:59 - jugador - [DEBUG] - [JUGADOR_0] Movimiento para CH: dx_int=-3, dy_int=0. HB (antes CH): (855, 413), PosFlotante: (852.1200,413.0000)
2025-05-19 16:48:59 - jugador - [DEBUG] - [JUGADOR_0] Iniciando gestión de colisión con dx=-3, dy=0. Hitbox actual: (855, 413)
2025-05-19 16:48:59 - jugador - [DEBUG] - [JUGADOR_0] Posición POST CH: HB: (852, 413), PosFlotante: (852.00, 413.00)
2025-05-19 16:48:59 - jugador - [DEBUG] - [JUGADOR_0] Pos flotante (pre-límites): (849.1200, 413.0000)
2025-05-19 16:48:59 - jugador - [DEBUG] - [JUGADOR_0] Pos flotante (post-límites): (849.1200, 413.0000)
2025-05-19 16:48:59 - jugador - [DEBUG] - [JUGADOR_0] Movimiento para CH: dx_int=-3, dy_int=0. HB (antes CH): (852, 413), PosFlotante: (849.1200,413.0000)
2025-05-19 16:48:59 - jugador - [DEBUG] - [JUGADOR_0] Iniciando gestión de colisión con dx=-3, dy=0. Hitbox actual: (852, 413)
2025-05-19 16:48:59 - jugador - [DEBUG] - [JUGADOR_0] Posición POST CH: HB: (849, 413), PosFlotante: (849.00, 413.00)
2025-05-19 16:48:59 - jugador - [DEBUG] - [JUGADOR_0] Delta flotante intentado: dx=-2.8800, dy=0.0000 (delta_time: 0.0160)
2025-05-19 16:48:59 - jugador - [DEBUG] - [JUGADOR_0] Pos flotante (pre-límites): (846.1200, 413.0000)
2025-05-19 16:48:59 - jugador - [DEBUG] - [JUGADOR_0] Pos flotante (post-límites): (846.1200, 413.0000)
2025-05-19 16:48:59 - jugador - [DEBUG] - [JUGADOR_0] Movimiento para CH: dx_int=-3, dy_int=0. HB (antes CH): (849, 413), PosFlotante: (846.1200,413.0000)
2025-05-19 16:48:59 - jugador - [DEBUG] - [JUGADOR_0] Iniciando gestión de colisión con dx=-3, dy=0. Hitbox actual: (849, 413)
2025-05-19 16:48:59 - jugador - [DEBUG] - [JUGADOR_0] Posición POST CH: HB: (846, 413), PosFlotante: (846.00, 413.00)
2025-05-19 16:48:59 - jugador - [DEBUG] - [JUGADOR_0] Input teclado procesado: mov_x_input_raw=-180, mov_y_input_raw=0
2025-05-19 16:48:59 - jugador - [DEBUG] - [JUGADOR_0] Pos flotante (pre-límites): (843.1200, 413.0000)
2025-05-19 16:48:59 - jugador - [DEBUG] - [JUGADOR_0] Pos flotante (post-límites): (843.1200, 413.0000)
2025-05-19 16:48:59 - jugador - [DEBUG] - [JUGADOR_0] Movimiento para CH: dx_int=-3, dy_int=0. HB (antes CH): (846, 413), PosFlotante: (843.1200,413.0000)
2025-05-19 16:48:59 - jugador - [DEBUG] - [JUGADOR_0] Iniciando gestión de colisión con dx=-3, dy=0. Hitbox actual: (846, 413)
2025-05-19 16:48:59 - jugador - [DEBUG] - [JUGADOR_0] Posición POST CH: HB: (843, 413), PosFlotante: (843.00, 413.00)
2025-05-19 16:48:59 - jugador - [DEBUG] - [JUGADOR_0] Pos flotante (pre-límites): (840.1200, 413.0000)
2025-05-19 16:48:59 - jugador - [DEBUG] - [JUGADOR_0] Pos flotante (post-límites): (840.1200, 413.0000)
2025-05-19 16:48:59 - jugador - [DEBUG] - [JUGADOR_0] Movimiento para CH: dx_int=-3, dy_int=0. HB (antes CH): (843, 413), PosFlotante: (840.1200,413.0000)
2025-05-19 16:48:59 - jugador - [DEBUG] - [JUGADOR_0] Iniciando gestión de colisión con dx=-3, dy=0. Hitbox actual: (843, 413)
2025-05-19 16:48:59 - jugador - [DEBUG] - [JUGADOR_0] Posición POST CH: HB: (840, 413), PosFlotante: (840.00, 413.00)
2025-05-19 16:48:59 - jugador - [DEBUG] - [JUGADOR_0] Delta flotante intentado: dx=-3.0600, dy=0.0000 (delta_time: 0.0170)
2025-05-19 16:48:59 - jugador - [DEBUG] - [JUGADOR_0] Pos flotante (pre-límites): (836.9400, 413.0000)
2025-05-19 16:48:59 - jugador - [DEBUG] - [JUGADOR_0] Pos flotante (post-límites): (836.9400, 413.0000)
2025-05-19 16:48:59 - jugador - [DEBUG] - [JUGADOR_0] Movimiento para CH: dx_int=-4, dy_int=0. HB (antes CH): (840, 413), PosFlotante: (836.9400,413.0000)
2025-05-19 16:48:59 - jugador - [DEBUG] - [JUGADOR_0] Iniciando gestión de colisión con dx=-4, dy=0. Hitbox actual: (840, 413)
2025-05-19 16:48:59 - jugador - [DEBUG] - [JUGADOR_0] Posición POST CH: HB: (836, 413), PosFlotante: (836.00, 413.00)
2025-05-19 16:48:59 - jugador - [DEBUG] - [JUGADOR_0] Pos flotante (pre-límites): (832.9400, 413.0000)
2025-05-19 16:48:59 - jugador - [DEBUG] - [JUGADOR_0] Pos flotante (post-límites): (832.9400, 413.0000)
2025-05-19 16:48:59 - jugador - [DEBUG] - [JUGADOR_0] Movimiento para CH: dx_int=-4, dy_int=0. HB (antes CH): (836, 413), PosFlotante: (832.9400,413.0000)
2025-05-19 16:48:59 - jugador - [DEBUG] - [JUGADOR_0] Iniciando gestión de colisión con dx=-4, dy=0. Hitbox actual: (836, 413)
2025-05-19 16:48:59 - jugador - [DEBUG] - [JUGADOR_0] Posición POST CH: HB: (832, 413), PosFlotante: (832.00, 413.00)
2025-05-19 16:48:59 - jugador - [DEBUG] - [JUGADOR_0] Input teclado procesado: mov_x_input_raw=-180, mov_y_input_raw=0
2025-05-19 16:48:59 - jugador - [DEBUG] - [JUGADOR_0] Pos flotante (pre-límites): (828.9400, 413.0000)
2025-05-19 16:48:59 - jugador - [DEBUG] - [JUGADOR_0] Pos flotante (post-límites): (828.9400, 413.0000)
2025-05-19 16:48:59 - jugador - [DEBUG] - [JUGADOR_0] Movimiento para CH: dx_int=-4, dy_int=0. HB (antes CH): (832, 413), PosFlotante: (828.9400,413.0000)
2025-05-19 16:48:59 - jugador - [DEBUG] - [JUGADOR_0] Iniciando gestión de colisión con dx=-4, dy=0. Hitbox actual: (832, 413)
2025-05-19 16:48:59 - jugador - [DEBUG] - [JUGADOR_0] Posición POST CH: HB: (828, 413), PosFlotante: (828.00, 413.00)
2025-05-19 16:48:59 - jugador - [DEBUG] - [JUGADOR_0] Delta flotante intentado: dx=-2.8800, dy=0.0000 (delta_time: 0.0160)
2025-05-19 16:48:59 - jugador - [DEBUG] - [JUGADOR_0] Pos flotante (pre-límites): (825.1200, 413.0000)
2025-05-19 16:48:59 - jugador - [DEBUG] - [JUGADOR_0] Pos flotante (post-límites): (825.1200, 413.0000)
2025-05-19 16:48:59 - jugador - [DEBUG] - [JUGADOR_0] Movimiento para CH: dx_int=-3, dy_int=0. HB (antes CH): (828, 413), PosFlotante: (825.1200,413.0000)
2025-05-19 16:48:59 - jugador - [DEBUG] - [JUGADOR_0] Iniciando gestión de colisión con dx=-3, dy=0. Hitbox actual: (828, 413)
2025-05-19 16:48:59 - jugador - [DEBUG] - [JUGADOR_0] Posición POST CH: HB: (825, 413), PosFlotante: (825.00, 413.00)
2025-05-19 16:48:59 - jugador - [DEBUG] - [JUGADOR_0] Delta flotante intentado: dx=-3.0600, dy=0.0000 (delta_time: 0.0170)
2025-05-19 16:48:59 - jugador - [DEBUG] - [JUGADOR_0] Pos flotante (pre-límites): (821.9400, 413.0000)
2025-05-19 16:48:59 - jugador - [DEBUG] - [JUGADOR_0] Pos flotante (post-límites): (821.9400, 413.0000)
2025-05-19 16:48:59 - jugador - [DEBUG] - [JUGADOR_0] Movimiento para CH: dx_int=-4, dy_int=0. HB (antes CH): (825, 413), PosFlotante: (821.9400,413.0000)
2025-05-19 16:48:59 - jugador - [DEBUG] - [JUGADOR_0] Iniciando gestión de colisión con dx=-4, dy=0. Hitbox actual: (825, 413)
2025-05-19 16:48:59 - jugador - [DEBUG] - [JUGADOR_0] Posición POST CH: HB: (821, 413), PosFlotante: (821.00, 413.00)
2025-05-19 16:48:59 - jugador - [DEBUG] - [JUGADOR_0] Input teclado procesado: mov_x_input_raw=-180, mov_y_input_raw=0
2025-05-19 16:48:59 - jugador - [DEBUG] - [JUGADOR_0] Pos flotante (pre-límites): (817.9400, 413.0000)
2025-05-19 16:48:59 - jugador - [DEBUG] - [JUGADOR_0] Pos flotante (post-límites): (817.9400, 413.0000)
2025-05-19 16:48:59 - jugador - [DEBUG] - [JUGADOR_0] Movimiento para CH: dx_int=-4, dy_int=0. HB (antes CH): (821, 413), PosFlotante: (817.9400,413.0000)
2025-05-19 16:48:59 - jugador - [DEBUG] - [JUGADOR_0] Iniciando gestión de colisión con dx=-4, dy=0. Hitbox actual: (821, 413)
2025-05-19 16:48:59 - jugador - [DEBUG] - [JUGADOR_0] Posición POST CH: HB: (817, 413), PosFlotante: (817.00, 413.00)
2025-05-19 16:48:59 - jugador - [DEBUG] - [JUGADOR_0] Pos flotante (pre-límites): (814.1200, 413.0000)
2025-05-19 16:48:59 - jugador - [DEBUG] - [JUGADOR_0] Pos flotante (post-límites): (814.1200, 413.0000)
2025-05-19 16:48:59 - jugador - [DEBUG] - [JUGADOR_0] Movimiento para CH: dx_int=-3, dy_int=0. HB (antes CH): (817, 413), PosFlotante: (814.1200,413.0000)
2025-05-19 16:48:59 - jugador - [DEBUG] - [JUGADOR_0] Iniciando gestión de colisión con dx=-3, dy=0. Hitbox actual: (817, 413)
2025-05-19 16:48:59 - jugador - [DEBUG] - [JUGADOR_0] Posición POST CH: HB: (814, 413), PosFlotante: (814.00, 413.00)
2025-05-19 16:48:59 - jugador - [DEBUG] - [JUGADOR_0] Delta flotante intentado: dx=-3.0600, dy=0.0000 (delta_time: 0.0170)
2025-05-19 16:48:59 - jugador - [DEBUG] - [JUGADOR_0] Pos flotante (pre-límites): (810.9400, 413.0000)
2025-05-19 16:48:59 - jugador - [DEBUG] - [JUGADOR_0] Pos flotante (post-límites): (810.9400, 413.0000)
2025-05-19 16:48:59 - jugador - [DEBUG] - [JUGADOR_0] Movimiento para CH: dx_int=-4, dy_int=0. HB (antes CH): (814, 413), PosFlotante: (810.9400,413.0000)
2025-05-19 16:48:59 - jugador - [DEBUG] - [JUGADOR_0] Iniciando gestión de colisión con dx=-4, dy=0. Hitbox actual: (814, 413)
2025-05-19 16:48:59 - jugador - [DEBUG] - [JUGADOR_0] Posición POST CH: HB: (810, 413), PosFlotante: (810.00, 413.00)
2025-05-19 16:48:59 - jugador - [DEBUG] - [JUGADOR_0] Input teclado procesado: mov_x_input_raw=-180, mov_y_input_raw=0
2025-05-19 16:48:59 - jugador - [DEBUG] - [JUGADOR_0] Pos flotante (pre-límites): (806.9400, 413.0000)
2025-05-19 16:48:59 - jugador - [DEBUG] - [JUGADOR_0] Pos flotante (post-límites): (806.9400, 413.0000)
2025-05-19 16:48:59 - jugador - [DEBUG] - [JUGADOR_0] Movimiento para CH: dx_int=-4, dy_int=0. HB (antes CH): (810, 413), PosFlotante: (806.9400,413.0000)
2025-05-19 16:48:59 - jugador - [DEBUG] - [JUGADOR_0] Iniciando gestión de colisión con dx=-4, dy=0. Hitbox actual: (810, 413)
2025-05-19 16:48:59 - jugador - [DEBUG] - [JUGADOR_0] Posición POST CH: HB: (806, 413), PosFlotante: (806.00, 413.00)
2025-05-19 16:48:59 - jugador - [DEBUG] - [JUGADOR_0] Delta flotante intentado: dx=-2.8800, dy=0.0000 (delta_time: 0.0160)
2025-05-19 16:48:59 - jugador - [DEBUG] - [JUGADOR_0] Pos flotante (pre-límites): (803.1200, 413.0000)
2025-05-19 16:48:59 - jugador - [DEBUG] - [JUGADOR_0] Pos flotante (post-límites): (803.1200, 413.0000)
2025-05-19 16:48:59 - jugador - [DEBUG] - [JUGADOR_0] Movimiento para CH: dx_int=-3, dy_int=0. HB (antes CH): (806, 413), PosFlotante: (803.1200,413.0000)
2025-05-19 16:48:59 - jugador - [DEBUG] - [JUGADOR_0] Iniciando gestión de colisión con dx=-3, dy=0. Hitbox actual: (806, 413)
2025-05-19 16:48:59 - jugador - [DEBUG] - [JUGADOR_0] Posición POST CH: HB: (803, 413), PosFlotante: (803.00, 413.00)
2025-05-19 16:48:59 - jugador - [DEBUG] - [JUGADOR_0] Pos flotante (pre-límites): (799.9400, 413.0000)
2025-05-19 16:48:59 - jugador - [DEBUG] - [JUGADOR_0] Pos flotante (post-límites): (799.9400, 413.0000)
2025-05-19 16:48:59 - jugador - [DEBUG] - [JUGADOR_0] Movimiento para CH: dx_int=-4, dy_int=0. HB (antes CH): (803, 413), PosFlotante: (799.9400,413.0000)
2025-05-19 16:48:59 - jugador - [DEBUG] - [JUGADOR_0] Iniciando gestión de colisión con dx=-4, dy=0. Hitbox actual: (803, 413)
2025-05-19 16:48:59 - jugador - [DEBUG] - [JUGADOR_0] Posición POST CH: HB: (799, 413), PosFlotante: (799.00, 413.00)
2025-05-19 16:48:59 - jugador - [DEBUG] - [JUGADOR_0] Delta flotante intentado: dx=-3.0600, dy=0.0000 (delta_time: 0.0170)
2025-05-19 16:48:59 - jugador - [DEBUG] - [JUGADOR_0] Pos flotante (pre-límites): (795.9400, 413.0000)
2025-05-19 16:48:59 - jugador - [DEBUG] - [JUGADOR_0] Pos flotante (post-límites): (795.9400, 413.0000)
2025-05-19 16:48:59 - jugador - [DEBUG] - [JUGADOR_0] Movimiento para CH: dx_int=-4, dy_int=0. HB (antes CH): (799, 413), PosFlotante: (795.9400,413.0000)
2025-05-19 16:48:59 - jugador - [DEBUG] - [JUGADOR_0] Iniciando gestión de colisión con dx=-4, dy=0. Hitbox actual: (799, 413)
2025-05-19 16:48:59 - jugador - [DEBUG] - [JUGADOR_0] Posición POST CH: HB: (795, 413), PosFlotante: (795.00, 413.00)
2025-05-19 16:48:59 - jugador - [DEBUG] - [JUGADOR_0] Input teclado procesado: mov_x_input_raw=-180, mov_y_input_raw=0
2025-05-19 16:48:59 - jugador - [DEBUG] - [JUGADOR_0] Pos flotante (pre-límites): (792.1200, 413.0000)
2025-05-19 16:48:59 - jugador - [DEBUG] - [JUGADOR_0] Pos flotante (post-límites): (792.1200, 413.0000)
2025-05-19 16:48:59 - jugador - [DEBUG] - [JUGADOR_0] Movimiento para CH: dx_int=-3, dy_int=0. HB (antes CH): (795, 413), PosFlotante: (792.1200,413.0000)
2025-05-19 16:48:59 - jugador - [DEBUG] - [JUGADOR_0] Iniciando gestión de colisión con dx=-3, dy=0. Hitbox actual: (795, 413)
2025-05-19 16:48:59 - jugador - [DEBUG] - [JUGADOR_0] Posición POST CH: HB: (792, 413), PosFlotante: (792.00, 413.00)
2025-05-19 16:48:59 - jugador - [DEBUG] - [JUGADOR_0] Delta flotante intentado: dx=-2.8800, dy=0.0000 (delta_time: 0.0160)
2025-05-19 16:48:59 - jugador - [DEBUG] - [JUGADOR_0] Pos flotante (pre-límites): (789.1200, 413.0000)
2025-05-19 16:48:59 - jugador - [DEBUG] - [JUGADOR_0] Pos flotante (post-límites): (789.1200, 413.0000)
2025-05-19 16:48:59 - jugador - [DEBUG] - [JUGADOR_0] Movimiento para CH: dx_int=-3, dy_int=0. HB (antes CH): (792, 413), PosFlotante: (789.1200,413.0000)
2025-05-19 16:48:59 - jugador - [DEBUG] - [JUGADOR_0] Iniciando gestión de colisión con dx=-3, dy=0. Hitbox actual: (792, 413)
2025-05-19 16:48:59 - jugador - [DEBUG] - [JUGADOR_0] Posición POST CH: HB: (789, 413), PosFlotante: (789.00, 413.00)
2025-05-19 16:48:59 - jugador - [DEBUG] - [JUGADOR_0] Pos flotante (pre-límites): (785.9400, 413.0000)
2025-05-19 16:48:59 - jugador - [DEBUG] - [JUGADOR_0] Pos flotante (post-límites): (785.9400, 413.0000)
2025-05-19 16:48:59 - jugador - [DEBUG] - [JUGADOR_0] Movimiento para CH: dx_int=-4, dy_int=0. HB (antes CH): (789, 413), PosFlotante: (785.9400,413.0000)
2025-05-19 16:48:59 - jugador - [DEBUG] - [JUGADOR_0] Iniciando gestión de colisión con dx=-4, dy=0. Hitbox actual: (789, 413)
2025-05-19 16:48:59 - jugador - [DEBUG] - [JUGADOR_0] Posición POST CH: HB: (785, 413), PosFlotante: (785.00, 413.00)
2025-05-19 16:48:59 - jugador - [DEBUG] - [JUGADOR_0] Pos flotante (pre-límites): (782.1200, 413.0000)
2025-05-19 16:48:59 - jugador - [DEBUG] - [JUGADOR_0] Pos flotante (post-límites): (782.1200, 413.0000)
2025-05-19 16:48:59 - jugador - [DEBUG] - [JUGADOR_0] Movimiento para CH: dx_int=-3, dy_int=0. HB (antes CH): (785, 413), PosFlotante: (782.1200,413.0000)
2025-05-19 16:48:59 - jugador - [DEBUG] - [JUGADOR_0] Iniciando gestión de colisión con dx=-3, dy=0. Hitbox actual: (785, 413)
2025-05-19 16:48:59 - jugador - [DEBUG] - [JUGADOR_0] Posición POST CH: HB: (782, 413), PosFlotante: (782.00, 413.00)
2025-05-19 16:48:59 - jugador - [DEBUG] - [JUGADOR_0] Input teclado procesado: mov_x_input_raw=-180, mov_y_input_raw=0
2025-05-19 16:48:59 - jugador - [DEBUG] - [JUGADOR_0] Delta flotante intentado: dx=-3.0600, dy=0.0000 (delta_time: 0.0170)
2025-05-19 16:48:59 - jugador - [DEBUG] - [JUGADOR_0] Pos flotante (pre-límites): (778.9400, 413.0000)
2025-05-19 16:48:59 - jugador - [DEBUG] - [JUGADOR_0] Pos flotante (post-límites): (778.9400, 413.0000)
2025-05-19 16:48:59 - jugador - [DEBUG] - [JUGADOR_0] Movimiento para CH: dx_int=-4, dy_int=0. HB (antes CH): (782, 413), PosFlotante: (778.9400,413.0000)
2025-05-19 16:48:59 - jugador - [DEBUG] - [JUGADOR_0] Iniciando gestión de colisión con dx=-4, dy=0. Hitbox actual: (782, 413)
2025-05-19 16:48:59 - jugador - [DEBUG] - [JUGADOR_0] Posición POST CH: HB: (778, 413), PosFlotante: (778.00, 413.00)
2025-05-19 16:48:59 - jugador - [DEBUG] - [JUGADOR_0] Delta flotante intentado: dx=-2.8800, dy=0.0000 (delta_time: 0.0160)
2025-05-19 16:48:59 - jugador - [DEBUG] - [JUGADOR_0] Pos flotante (pre-límites): (775.1200, 413.0000)
2025-05-19 16:48:59 - jugador - [DEBUG] - [JUGADOR_0] Pos flotante (post-límites): (775.1200, 413.0000)
2025-05-19 16:48:59 - jugador - [DEBUG] - [JUGADOR_0] Movimiento para CH: dx_int=-3, dy_int=0. HB (antes CH): (778, 413), PosFlotante: (775.1200,413.0000)
2025-05-19 16:48:59 - jugador - [DEBUG] - [JUGADOR_0] Iniciando gestión de colisión con dx=-3, dy=0. Hitbox actual: (778, 413)
2025-05-19 16:48:59 - jugador - [DEBUG] - [JUGADOR_0] Posición POST CH: HB: (775, 413), PosFlotante: (775.00, 413.00)
2025-05-19 16:48:59 - jugador - [DEBUG] - [JUGADOR_0] Pos flotante (pre-límites): (772.1200, 413.0000)
2025-05-19 16:48:59 - jugador - [DEBUG] - [JUGADOR_0] Pos flotante (post-límites): (772.1200, 413.0000)
2025-05-19 16:48:59 - jugador - [DEBUG] - [JUGADOR_0] Movimiento para CH: dx_int=-3, dy_int=0. HB (antes CH): (775, 413), PosFlotante: (772.1200,413.0000)
2025-05-19 16:48:59 - jugador - [DEBUG] - [JUGADOR_0] Iniciando gestión de colisión con dx=-3, dy=0. Hitbox actual: (775, 413)
2025-05-19 16:48:59 - jugador - [DEBUG] - [JUGADOR_0] Posición POST CH: HB: (772, 413), PosFlotante: (772.00, 413.00)
2025-05-19 16:48:59 - jugador - [DEBUG] - [JUGADOR_0] Pos flotante (pre-límites): (768.9400, 413.0000)
2025-05-19 16:48:59 - jugador - [DEBUG] - [JUGADOR_0] Pos flotante (post-límites): (768.9400, 413.0000)
2025-05-19 16:48:59 - jugador - [DEBUG] - [JUGADOR_0] Movimiento para CH: dx_int=-4, dy_int=0. HB (antes CH): (772, 413), PosFlotante: (768.9400,413.0000)
2025-05-19 16:48:59 - jugador - [DEBUG] - [JUGADOR_0] Iniciando gestión de colisión con dx=-4, dy=0. Hitbox actual: (772, 413)
2025-05-19 16:48:59 - jugador - [DEBUG] - [JUGADOR_0] Posición POST CH: HB: (768, 413), PosFlotante: (768.00, 413.00)
2025-05-19 16:48:59 - jugador - [DEBUG] - [JUGADOR_0] Input teclado procesado: mov_x_input_raw=-180, mov_y_input_raw=0
2025-05-19 16:48:59 - jugador - [DEBUG] - [JUGADOR_0] Pos flotante (pre-límites): (765.1200, 413.0000)
2025-05-19 16:48:59 - jugador - [DEBUG] - [JUGADOR_0] Pos flotante (post-límites): (765.1200, 413.0000)
2025-05-19 16:48:59 - jugador - [DEBUG] - [JUGADOR_0] Movimiento para CH: dx_int=-3, dy_int=0. HB (antes CH): (768, 413), PosFlotante: (765.1200,413.0000)
2025-05-19 16:48:59 - jugador - [DEBUG] - [JUGADOR_0] Iniciando gestión de colisión con dx=-3, dy=0. Hitbox actual: (768, 413)
2025-05-19 16:48:59 - jugador - [DEBUG] - [JUGADOR_0] Posición POST CH: HB: (765, 413), PosFlotante: (765.00, 413.00)
2025-05-19 16:48:59 - jugador - [DEBUG] - [JUGADOR_0] Delta flotante intentado: dx=-2.8800, dy=0.0000 (delta_time: 0.0160)
2025-05-19 16:48:59 - jugador - [DEBUG] - [JUGADOR_0] Pos flotante (pre-límites): (762.1200, 413.0000)
2025-05-19 16:48:59 - jugador - [DEBUG] - [JUGADOR_0] Pos flotante (post-límites): (762.1200, 413.0000)
2025-05-19 16:48:59 - jugador - [DEBUG] - [JUGADOR_0] Movimiento para CH: dx_int=-3, dy_int=0. HB (antes CH): (765, 413), PosFlotante: (762.1200,413.0000)
2025-05-19 16:48:59 - jugador - [DEBUG] - [JUGADOR_0] Iniciando gestión de colisión con dx=-3, dy=0. Hitbox actual: (765, 413)
2025-05-19 16:48:59 - jugador - [DEBUG] - [JUGADOR_0] Posición POST CH: HB: (762, 413), PosFlotante: (762.00, 413.00)
2025-05-19 16:48:59 - jugador - [DEBUG] - [JUGADOR_0] Pos flotante (pre-límites): (759.1200, 413.0000)
2025-05-19 16:48:59 - jugador - [DEBUG] - [JUGADOR_0] Pos flotante (post-límites): (759.1200, 413.0000)
2025-05-19 16:48:59 - jugador - [DEBUG] - [JUGADOR_0] Movimiento para CH: dx_int=-3, dy_int=0. HB (antes CH): (762, 413), PosFlotante: (759.1200,413.0000)
2025-05-19 16:48:59 - jugador - [DEBUG] - [JUGADOR_0] Iniciando gestión de colisión con dx=-3, dy=0. Hitbox actual: (762, 413)
2025-05-19 16:48:59 - jugador - [DEBUG] - [JUGADOR_0] Posición POST CH: HB: (759, 413), PosFlotante: (759.00, 413.00)
2025-05-19 16:48:59 - jugador - [DEBUG] - [JUGADOR_0] Pos flotante (pre-límites): (756.1200, 413.0000)
2025-05-19 16:48:59 - jugador - [DEBUG] - [JUGADOR_0] Pos flotante (post-límites): (756.1200, 413.0000)
2025-05-19 16:48:59 - jugador - [DEBUG] - [JUGADOR_0] Movimiento para CH: dx_int=-3, dy_int=0. HB (antes CH): (759, 413), PosFlotante: (756.1200,413.0000)
2025-05-19 16:48:59 - jugador - [DEBUG] - [JUGADOR_0] Iniciando gestión de colisión con dx=-3, dy=0. Hitbox actual: (759, 413)
2025-05-19 16:48:59 - jugador - [DEBUG] - [JUGADOR_0] Posición POST CH: HB: (756, 413), PosFlotante: (756.00, 413.00)
2025-05-19 16:48:59 - jugador - [DEBUG] - [JUGADOR_0] Input teclado procesado: mov_x_input_raw=-180, mov_y_input_raw=0
2025-05-19 16:48:59 - jugador - [DEBUG] - [JUGADOR_0] Pos flotante (pre-límites): (753.1200, 413.0000)
2025-05-19 16:48:59 - jugador - [DEBUG] - [JUGADOR_0] Pos flotante (post-límites): (753.1200, 413.0000)
2025-05-19 16:48:59 - jugador - [DEBUG] - [JUGADOR_0] Movimiento para CH: dx_int=-3, dy_int=0. HB (antes CH): (756, 413), PosFlotante: (753.1200,413.0000)
2025-05-19 16:48:59 - jugador - [DEBUG] - [JUGADOR_0] Iniciando gestión de colisión con dx=-3, dy=0. Hitbox actual: (756, 413)
2025-05-19 16:48:59 - jugador - [DEBUG] - [JUGADOR_0] Posición POST CH: HB: (753, 413), PosFlotante: (753.00, 413.00)
2025-05-19 16:48:59 - jugador - [DEBUG] - [JUGADOR_0] Delta flotante intentado: dx=-2.8800, dy=0.0000 (delta_time: 0.0160)
2025-05-19 16:48:59 - jugador - [DEBUG] - [JUGADOR_0] Pos flotante (pre-límites): (750.1200, 413.0000)
2025-05-19 16:48:59 - jugador - [DEBUG] - [JUGADOR_0] Pos flotante (post-límites): (750.1200, 413.0000)
2025-05-19 16:48:59 - jugador - [DEBUG] - [JUGADOR_0] Movimiento para CH: dx_int=-3, dy_int=0. HB (antes CH): (753, 413), PosFlotante: (750.1200,413.0000)
2025-05-19 16:48:59 - jugador - [DEBUG] - [JUGADOR_0] Iniciando gestión de colisión con dx=-3, dy=0. Hitbox actual: (753, 413)
2025-05-19 16:48:59 - jugador - [DEBUG] - [JUGADOR_0] Posición POST CH: HB: (750, 413), PosFlotante: (750.00, 413.00)
2025-05-19 16:48:59 - jugador - [DEBUG] - [JUGADOR_0] Delta flotante intentado: dx=-3.0600, dy=0.0000 (delta_time: 0.0170)
2025-05-19 16:48:59 - jugador - [DEBUG] - [JUGADOR_0] Pos flotante (pre-límites): (746.9400, 413.0000)
2025-05-19 16:48:59 - jugador - [DEBUG] - [JUGADOR_0] Pos flotante (post-límites): (746.9400, 413.0000)
2025-05-19 16:48:59 - jugador - [DEBUG] - [JUGADOR_0] Movimiento para CH: dx_int=-4, dy_int=0. HB (antes CH): (750, 413), PosFlotante: (746.9400,413.0000)
2025-05-19 16:48:59 - jugador - [DEBUG] - [JUGADOR_0] Iniciando gestión de colisión con dx=-4, dy=0. Hitbox actual: (750, 413)
2025-05-19 16:48:59 - jugador - [DEBUG] - [JUGADOR_0] Posición POST CH: HB: (746, 413), PosFlotante: (746.00, 413.00)
2025-05-19 16:48:59 - jugador - [DEBUG] - [JUGADOR_0] Pos flotante (pre-límites): (743.1200, 413.0000)
2025-05-19 16:48:59 - jugador - [DEBUG] - [JUGADOR_0] Pos flotante (post-límites): (743.1200, 413.0000)
2025-05-19 16:48:59 - jugador - [DEBUG] - [JUGADOR_0] Movimiento para CH: dx_int=-3, dy_int=0. HB (antes CH): (746, 413), PosFlotante: (743.1200,413.0000)
2025-05-19 16:48:59 - jugador - [DEBUG] - [JUGADOR_0] Iniciando gestión de colisión con dx=-3, dy=0. Hitbox actual: (746, 413)
2025-05-19 16:48:59 - jugador - [DEBUG] - [JUGADOR_0] Posición POST CH: HB: (743, 413), PosFlotante: (743.00, 413.00)
2025-05-19 16:48:59 - jugador - [DEBUG] - [JUGADOR_0] Input teclado procesado: mov_x_input_raw=-180, mov_y_input_raw=0
2025-05-19 16:48:59 - jugador - [DEBUG] - [JUGADOR_0] Pos flotante (pre-límites): (740.1200, 413.0000)
2025-05-19 16:48:59 - jugador - [DEBUG] - [JUGADOR_0] Pos flotante (post-límites): (740.1200, 413.0000)
2025-05-19 16:48:59 - jugador - [DEBUG] - [JUGADOR_0] Movimiento para CH: dx_int=-3, dy_int=0. HB (antes CH): (743, 413), PosFlotante: (740.1200,413.0000)
2025-05-19 16:48:59 - jugador - [DEBUG] - [JUGADOR_0] Iniciando gestión de colisión con dx=-3, dy=0. Hitbox actual: (743, 413)
2025-05-19 16:48:59 - jugador - [DEBUG] - [JUGADOR_0] Posición POST CH: HB: (740, 413), PosFlotante: (740.00, 413.00)
2025-05-19 16:48:59 - jugador - [DEBUG] - [JUGADOR_0] Delta flotante intentado: dx=-2.8800, dy=0.0000 (delta_time: 0.0160)
2025-05-19 16:48:59 - jugador - [DEBUG] - [JUGADOR_0] Pos flotante (pre-límites): (737.1200, 413.0000)
2025-05-19 16:48:59 - jugador - [DEBUG] - [JUGADOR_0] Pos flotante (post-límites): (737.1200, 413.0000)
2025-05-19 16:48:59 - jugador - [DEBUG] - [JUGADOR_0] Movimiento para CH: dx_int=-3, dy_int=0. HB (antes CH): (740, 413), PosFlotante: (737.1200,413.0000)
2025-05-19 16:48:59 - jugador - [DEBUG] - [JUGADOR_0] Iniciando gestión de colisión con dx=-3, dy=0. Hitbox actual: (740, 413)
2025-05-19 16:48:59 - jugador - [DEBUG] - [JUGADOR_0] Posición POST CH: HB: (737, 413), PosFlotante: (737.00, 413.00)
2025-05-19 16:48:59 - jugador - [DEBUG] - [JUGADOR_0] Pos flotante (pre-límites): (734.1200, 413.0000)
2025-05-19 16:48:59 - jugador - [DEBUG] - [JUGADOR_0] Pos flotante (post-límites): (734.1200, 413.0000)
2025-05-19 16:48:59 - jugador - [DEBUG] - [JUGADOR_0] Movimiento para CH: dx_int=-3, dy_int=0. HB (antes CH): (737, 413), PosFlotante: (734.1200,413.0000)
2025-05-19 16:48:59 - jugador - [DEBUG] - [JUGADOR_0] Iniciando gestión de colisión con dx=-3, dy=0. Hitbox actual: (737, 413)
2025-05-19 16:48:59 - jugador - [DEBUG] - [JUGADOR_0] Posición POST CH: HB: (734, 413), PosFlotante: (734.00, 413.00)
2025-05-19 16:48:59 - jugador - [DEBUG] - [JUGADOR_0] Pos flotante (pre-límites): (731.1200, 413.0000)
2025-05-19 16:48:59 - jugador - [DEBUG] - [JUGADOR_0] Pos flotante (post-límites): (731.1200, 413.0000)
2025-05-19 16:48:59 - jugador - [DEBUG] - [JUGADOR_0] Movimiento para CH: dx_int=-3, dy_int=0. HB (antes CH): (734, 413), PosFlotante: (731.1200,413.0000)
2025-05-19 16:48:59 - jugador - [DEBUG] - [JUGADOR_0] Iniciando gestión de colisión con dx=-3, dy=0. Hitbox actual: (734, 413)
2025-05-19 16:48:59 - jugador - [DEBUG] - [JUGADOR_0] Posición POST CH: HB: (731, 413), PosFlotante: (731.00, 413.00)
2025-05-19 16:48:59 - jugador - [DEBUG] - [JUGADOR_0] Input teclado procesado: mov_x_input_raw=-180, mov_y_input_raw=0
2025-05-19 16:48:59 - jugador - [DEBUG] - [JUGADOR_0] Delta flotante intentado: dx=-3.0600, dy=0.0000 (delta_time: 0.0170)
2025-05-19 16:48:59 - jugador - [DEBUG] - [JUGADOR_0] Pos flotante (pre-límites): (727.9400, 413.0000)
2025-05-19 16:48:59 - jugador - [DEBUG] - [JUGADOR_0] Pos flotante (post-límites): (727.9400, 413.0000)
2025-05-19 16:48:59 - jugador - [DEBUG] - [JUGADOR_0] Movimiento para CH: dx_int=-4, dy_int=0. HB (antes CH): (731, 413), PosFlotante: (727.9400,413.0000)
2025-05-19 16:48:59 - jugador - [DEBUG] - [JUGADOR_0] Iniciando gestión de colisión con dx=-4, dy=0. Hitbox actual: (731, 413)
2025-05-19 16:48:59 - jugador - [DEBUG] - [JUGADOR_0] Posición POST CH: HB: (727, 413), PosFlotante: (727.00, 413.00)
2025-05-19 16:48:59 - jugador - [DEBUG] - [JUGADOR_0] Pos flotante (pre-límites): (723.9400, 413.0000)
2025-05-19 16:48:59 - jugador - [DEBUG] - [JUGADOR_0] Pos flotante (post-límites): (723.9400, 413.0000)
2025-05-19 16:48:59 - jugador - [DEBUG] - [JUGADOR_0] Movimiento para CH: dx_int=-4, dy_int=0. HB (antes CH): (727, 413), PosFlotante: (723.9400,413.0000)
2025-05-19 16:48:59 - jugador - [DEBUG] - [JUGADOR_0] Iniciando gestión de colisión con dx=-4, dy=0. Hitbox actual: (727, 413)
2025-05-19 16:48:59 - jugador - [DEBUG] - [JUGADOR_0] Posición POST CH: HB: (723, 413), PosFlotante: (723.00, 413.00)
2025-05-19 16:48:59 - jugador - [DEBUG] - [JUGADOR_0] Delta flotante intentado: dx=-2.8800, dy=0.0000 (delta_time: 0.0160)
2025-05-19 16:48:59 - jugador - [DEBUG] - [JUGADOR_0] Pos flotante (pre-límites): (720.1200, 413.0000)
2025-05-19 16:48:59 - jugador - [DEBUG] - [JUGADOR_0] Pos flotante (post-límites): (720.1200, 413.0000)
2025-05-19 16:48:59 - jugador - [DEBUG] - [JUGADOR_0] Movimiento para CH: dx_int=-3, dy_int=0. HB (antes CH): (723, 413), PosFlotante: (720.1200,413.0000)
2025-05-19 16:48:59 - jugador - [DEBUG] - [JUGADOR_0] Iniciando gestión de colisión con dx=-3, dy=0. Hitbox actual: (723, 413)
2025-05-19 16:48:59 - jugador - [DEBUG] - [JUGADOR_0] Posición POST CH: HB: (720, 413), PosFlotante: (720.00, 413.00)
2025-05-19 16:48:59 - jugador - [DEBUG] - [JUGADOR_0] Input teclado procesado: mov_x_input_raw=-180, mov_y_input_raw=0
2025-05-19 16:48:59 - jugador - [DEBUG] - [JUGADOR_0] Delta flotante intentado: dx=-3.0600, dy=0.0000 (delta_time: 0.0170)
2025-05-19 16:48:59 - jugador - [DEBUG] - [JUGADOR_0] Pos flotante (pre-límites): (716.9400, 413.0000)
2025-05-19 16:48:59 - jugador - [DEBUG] - [JUGADOR_0] Pos flotante (post-límites): (716.9400, 413.0000)
2025-05-19 16:48:59 - jugador - [DEBUG] - [JUGADOR_0] Movimiento para CH: dx_int=-4, dy_int=0. HB (antes CH): (720, 413), PosFlotante: (716.9400,413.0000)
2025-05-19 16:48:59 - jugador - [DEBUG] - [JUGADOR_0] Iniciando gestión de colisión con dx=-4, dy=0. Hitbox actual: (720, 413)
2025-05-19 16:48:59 - jugador - [DEBUG] - [JUGADOR_0] Posición POST CH: HB: (716, 413), PosFlotante: (716.00, 413.00)
2025-05-19 16:48:59 - jugador - [DEBUG] - [JUGADOR_0] Pos flotante (pre-límites): (712.9400, 413.0000)
2025-05-19 16:48:59 - jugador - [DEBUG] - [JUGADOR_0] Pos flotante (post-límites): (712.9400, 413.0000)
2025-05-19 16:48:59 - jugador - [DEBUG] - [JUGADOR_0] Movimiento para CH: dx_int=-4, dy_int=0. HB (antes CH): (716, 413), PosFlotante: (712.9400,413.0000)
2025-05-19 16:48:59 - jugador - [DEBUG] - [JUGADOR_0] Iniciando gestión de colisión con dx=-4, dy=0. Hitbox actual: (716, 413)
2025-05-19 16:48:59 - jugador - [DEBUG] - [JUGADOR_0] Posición POST CH: HB: (712, 413), PosFlotante: (712.00, 413.00)
2025-05-19 16:48:59 - jugador - [DEBUG] - [JUGADOR_0] Pos flotante (pre-límites): (708.9400, 413.0000)
2025-05-19 16:48:59 - jugador - [DEBUG] - [JUGADOR_0] Pos flotante (post-límites): (708.9400, 413.0000)
2025-05-19 16:48:59 - jugador - [DEBUG] - [JUGADOR_0] Movimiento para CH: dx_int=-4, dy_int=0. HB (antes CH): (712, 413), PosFlotante: (708.9400,413.0000)
2025-05-19 16:48:59 - jugador - [DEBUG] - [JUGADOR_0] Iniciando gestión de colisión con dx=-4, dy=0. Hitbox actual: (712, 413)
2025-05-19 16:48:59 - jugador - [DEBUG] - [JUGADOR_0] Posición POST CH: HB: (708, 413), PosFlotante: (708.00, 413.00)
2025-05-19 16:48:59 - jugador - [INFO] - [JUGADOR_0] ATAQUE INICIADO (Cooldown: 700.0ms). Perfil: 'ataque_offset_distancia'
2025-05-19 16:48:59 - jugador - [DEBUG] - [JUGADOR_0] Input teclado procesado: mov_x_input_raw=-180, mov_y_input_raw=0
2025-05-19 16:48:59 - jugador - [DEBUG] - [JUGADOR_0] Delta flotante intentado: dx=-2.8800, dy=0.0000 (delta_time: 0.0160)
2025-05-19 16:48:59 - jugador - [DEBUG] - [JUGADOR_0] Pos flotante (pre-límites): (705.1200, 413.0000)
2025-05-19 16:48:59 - jugador - [DEBUG] - [JUGADOR_0] Pos flotante (post-límites): (705.1200, 413.0000)
2025-05-19 16:48:59 - jugador - [DEBUG] - [JUGADOR_0] Movimiento para CH: dx_int=-3, dy_int=0. HB (antes CH): (708, 413), PosFlotante: (705.1200,413.0000)
2025-05-19 16:48:59 - jugador - [DEBUG] - [JUGADOR_0] Iniciando gestión de colisión con dx=-3, dy=0. Hitbox actual: (708, 413)
2025-05-19 16:48:59 - jugador - [DEBUG] - [JUGADOR_0] Posición POST CH: HB: (705, 413), PosFlotante: (705.00, 413.00)
2025-05-19 16:48:59 - jugador - [DEBUG] - [JUGADOR_0] Hitbox ataque: <rect(564, 417, 42, 15)> (Dir: -1,0)
2025-05-19 16:48:59 - jugador - [DEBUG] - [JUGADOR_0] Pos flotante (pre-límites): (702.1200, 413.0000)
2025-05-19 16:48:59 - jugador - [DEBUG] - [JUGADOR_0] Pos flotante (post-límites): (702.1200, 413.0000)
2025-05-19 16:48:59 - jugador - [DEBUG] - [JUGADOR_0] Movimiento para CH: dx_int=-3, dy_int=0. HB (antes CH): (705, 413), PosFlotante: (702.1200,413.0000)
2025-05-19 16:48:59 - jugador - [DEBUG] - [JUGADOR_0] Iniciando gestión de colisión con dx=-3, dy=0. Hitbox actual: (705, 413)
2025-05-19 16:48:59 - jugador - [DEBUG] - [JUGADOR_0] Posición POST CH: HB: (702, 413), PosFlotante: (702.00, 413.00)
2025-05-19 16:48:59 - jugador - [DEBUG] - [JUGADOR_0] Hitbox ataque: <rect(561, 417, 42, 15)> (Dir: -1,0)
2025-05-19 16:48:59 - jugador - [DEBUG] - [JUGADOR_0] Delta flotante intentado: dx=-3.0600, dy=0.0000 (delta_time: 0.0170)
2025-05-19 16:48:59 - jugador - [DEBUG] - [JUGADOR_0] Pos flotante (pre-límites): (698.9400, 413.0000)
2025-05-19 16:48:59 - jugador - [DEBUG] - [JUGADOR_0] Pos flotante (post-límites): (698.9400, 413.0000)
2025-05-19 16:48:59 - jugador - [DEBUG] - [JUGADOR_0] Movimiento para CH: dx_int=-4, dy_int=0. HB (antes CH): (702, 413), PosFlotante: (698.9400,413.0000)
2025-05-19 16:48:59 - jugador - [DEBUG] - [JUGADOR_0] Iniciando gestión de colisión con dx=-4, dy=0. Hitbox actual: (702, 413)
2025-05-19 16:48:59 - jugador - [DEBUG] - [JUGADOR_0] Posición POST CH: HB: (698, 413), PosFlotante: (698.00, 413.00)
2025-05-19 16:48:59 - jugador - [DEBUG] - [JUGADOR_0] Hitbox ataque: <rect(557, 417, 42, 15)> (Dir: -1,0)
2025-05-19 16:48:59 - jugador - [DEBUG] - [JUGADOR_0] Pos flotante (pre-límites): (695.1200, 413.0000)
2025-05-19 16:48:59 - jugador - [DEBUG] - [JUGADOR_0] Pos flotante (post-límites): (695.1200, 413.0000)
2025-05-19 16:48:59 - jugador - [DEBUG] - [JUGADOR_0] Movimiento para CH: dx_int=-3, dy_int=0. HB (antes CH): (698, 413), PosFlotante: (695.1200,413.0000)
2025-05-19 16:48:59 - jugador - [DEBUG] - [JUGADOR_0] Iniciando gestión de colisión con dx=-3, dy=0. Hitbox actual: (698, 413)
2025-05-19 16:48:59 - jugador - [DEBUG] - [JUGADOR_0] Posición POST CH: HB: (695, 413), PosFlotante: (695.00, 413.00)
2025-05-19 16:48:59 - jugador - [DEBUG] - [JUGADOR_0] Hitbox ataque: <rect(554, 417, 42, 15)> (Dir: -1,0)
2025-05-19 16:48:59 - jugador - [DEBUG] - [JUGADOR_0] Input teclado procesado: mov_x_input_raw=-180, mov_y_input_raw=0
2025-05-19 16:48:59 - jugador - [DEBUG] - [JUGADOR_0] Delta flotante intentado: dx=-2.8800, dy=0.0000 (delta_time: 0.0160)
2025-05-19 16:48:59 - jugador - [DEBUG] - [JUGADOR_0] Pos flotante (pre-límites): (692.1200, 413.0000)
2025-05-19 16:48:59 - jugador - [DEBUG] - [JUGADOR_0] Pos flotante (post-límites): (692.1200, 413.0000)
2025-05-19 16:48:59 - jugador - [DEBUG] - [JUGADOR_0] Movimiento para CH: dx_int=-3, dy_int=0. HB (antes CH): (695, 413), PosFlotante: (692.1200,413.0000)
2025-05-19 16:48:59 - jugador - [DEBUG] - [JUGADOR_0] Iniciando gestión de colisión con dx=-3, dy=0. Hitbox actual: (695, 413)
2025-05-19 16:48:59 - jugador - [DEBUG] - [JUGADOR_0] Posición POST CH: HB: (692, 413), PosFlotante: (692.00, 413.00)
2025-05-19 16:48:59 - jugador - [DEBUG] - [JUGADOR_0] Hitbox ataque: <rect(551, 417, 42, 15)> (Dir: -1,0)
2025-05-19 16:48:59 - jugador - [DEBUG] - [JUGADOR_0] Pos flotante (pre-límites): (689.1200, 413.0000)
2025-05-19 16:48:59 - jugador - [DEBUG] - [JUGADOR_0] Pos flotante (post-límites): (689.1200, 413.0000)
2025-05-19 16:48:59 - jugador - [DEBUG] - [JUGADOR_0] Movimiento para CH: dx_int=-3, dy_int=0. HB (antes CH): (692, 413), PosFlotante: (689.1200,413.0000)
2025-05-19 16:48:59 - jugador - [DEBUG] - [JUGADOR_0] Iniciando gestión de colisión con dx=-3, dy=0. Hitbox actual: (692, 413)
2025-05-19 16:48:59 - jugador - [DEBUG] - [JUGADOR_0] Posición POST CH: HB: (689, 413), PosFlotante: (689.00, 413.00)
2025-05-19 16:48:59 - jugador - [DEBUG] - [JUGADOR_0] Hitbox ataque: <rect(548, 417, 42, 15)> (Dir: -1,0)
2025-05-19 16:48:59 - jugador - [DEBUG] - [JUGADOR_0] Pos flotante (pre-límites): (686.1200, 413.0000)
2025-05-19 16:48:59 - jugador - [DEBUG] - [JUGADOR_0] Pos flotante (post-límites): (686.1200, 413.0000)
2025-05-19 16:48:59 - jugador - [DEBUG] - [JUGADOR_0] Movimiento para CH: dx_int=-3, dy_int=0. HB (antes CH): (689, 413), PosFlotante: (686.1200,413.0000)
2025-05-19 16:48:59 - jugador - [DEBUG] - [JUGADOR_0] Iniciando gestión de colisión con dx=-3, dy=0. Hitbox actual: (689, 413)
2025-05-19 16:48:59 - jugador - [DEBUG] - [JUGADOR_0] Posición POST CH: HB: (686, 413), PosFlotante: (686.00, 413.00)
2025-05-19 16:48:59 - jugador - [DEBUG] - [JUGADOR_0] Hitbox ataque: <rect(545, 417, 42, 15)> (Dir: -1,0)
2025-05-19 16:48:59 - jugador - [DEBUG] - [JUGADOR_0] Delta flotante intentado: dx=-3.0600, dy=0.0000 (delta_time: 0.0170)
2025-05-19 16:48:59 - jugador - [DEBUG] - [JUGADOR_0] Pos flotante (pre-límites): (682.9400, 413.0000)
2025-05-19 16:48:59 - jugador - [DEBUG] - [JUGADOR_0] Pos flotante (post-límites): (682.9400, 413.0000)
2025-05-19 16:48:59 - jugador - [DEBUG] - [JUGADOR_0] Movimiento para CH: dx_int=-4, dy_int=0. HB (antes CH): (686, 413), PosFlotante: (682.9400,413.0000)
2025-05-19 16:48:59 - jugador - [DEBUG] - [JUGADOR_0] Iniciando gestión de colisión con dx=-4, dy=0. Hitbox actual: (686, 413)
2025-05-19 16:48:59 - jugador - [DEBUG] - [JUGADOR_0] Posición POST CH: HB: (682, 413), PosFlotante: (682.00, 413.00)
2025-05-19 16:48:59 - jugador - [DEBUG] - [JUGADOR_0] Hitbox ataque: <rect(541, 417, 42, 15)> (Dir: -1,0)
2025-05-19 16:48:59 - jugador - [DEBUG] - [JUGADOR_0] Input teclado procesado: mov_x_input_raw=-180, mov_y_input_raw=0
2025-05-19 16:48:59 - jugador - [DEBUG] - [JUGADOR_0] Delta flotante intentado: dx=-2.8800, dy=0.0000 (delta_time: 0.0160)
2025-05-19 16:48:59 - jugador - [DEBUG] - [JUGADOR_0] Pos flotante (pre-límites): (679.1200, 413.0000)
2025-05-19 16:48:59 - jugador - [DEBUG] - [JUGADOR_0] Pos flotante (post-límites): (679.1200, 413.0000)
2025-05-19 16:48:59 - jugador - [DEBUG] - [JUGADOR_0] Movimiento para CH: dx_int=-3, dy_int=0. HB (antes CH): (682, 413), PosFlotante: (679.1200,413.0000)
2025-05-19 16:48:59 - jugador - [DEBUG] - [JUGADOR_0] Iniciando gestión de colisión con dx=-3, dy=0. Hitbox actual: (682, 413)
2025-05-19 16:48:59 - jugador - [DEBUG] - [JUGADOR_0] Posición POST CH: HB: (679, 413), PosFlotante: (679.00, 413.00)
2025-05-19 16:48:59 - jugador - [DEBUG] - [JUGADOR_0] Hitbox ataque: <rect(538, 417, 42, 15)> (Dir: -1,0)
2025-05-19 16:48:59 - jugador - [DEBUG] - [JUGADOR_0] Pos flotante (pre-límites): (676.1200, 413.0000)
2025-05-19 16:48:59 - jugador - [DEBUG] - [JUGADOR_0] Pos flotante (post-límites): (676.1200, 413.0000)
2025-05-19 16:48:59 - jugador - [DEBUG] - [JUGADOR_0] Movimiento para CH: dx_int=-3, dy_int=0. HB (antes CH): (679, 413), PosFlotante: (676.1200,413.0000)
2025-05-19 16:48:59 - jugador - [DEBUG] - [JUGADOR_0] Iniciando gestión de colisión con dx=-3, dy=0. Hitbox actual: (679, 413)
2025-05-19 16:48:59 - jugador - [DEBUG] - [JUGADOR_0] Posición POST CH: HB: (676, 413), PosFlotante: (676.00, 413.00)
2025-05-19 16:48:59 - jugador - [DEBUG] - [JUGADOR_0] Hitbox ataque: <rect(535, 417, 42, 15)> (Dir: -1,0)
2025-05-19 16:48:59 - jugador - [DEBUG] - [JUGADOR_0] Pos flotante (pre-límites): (672.9400, 413.0000)
2025-05-19 16:48:59 - jugador - [DEBUG] - [JUGADOR_0] Pos flotante (post-límites): (672.9400, 413.0000)
2025-05-19 16:48:59 - jugador - [DEBUG] - [JUGADOR_0] Movimiento para CH: dx_int=-4, dy_int=0. HB (antes CH): (676, 413), PosFlotante: (672.9400,413.0000)
2025-05-19 16:48:59 - jugador - [DEBUG] - [JUGADOR_0] Iniciando gestión de colisión con dx=-4, dy=0. Hitbox actual: (676, 413)
2025-05-19 16:48:59 - jugador - [DEBUG] - [JUGADOR_0] Posición POST CH: HB: (672, 413), PosFlotante: (672.00, 413.00)
2025-05-19 16:48:59 - jugador - [DEBUG] - [JUGADOR_0] Hitbox ataque: <rect(531, 417, 42, 15)> (Dir: -1,0)
2025-05-19 16:48:59 - jugador - [DEBUG] - [JUGADOR_0] Delta flotante intentado: dx=-3.0600, dy=0.0000 (delta_time: 0.0170)
2025-05-19 16:48:59 - jugador - [DEBUG] - [JUGADOR_0] Pos flotante (pre-límites): (668.9400, 413.0000)
2025-05-19 16:48:59 - jugador - [DEBUG] - [JUGADOR_0] Pos flotante (post-límites): (668.9400, 413.0000)
2025-05-19 16:48:59 - jugador - [DEBUG] - [JUGADOR_0] Movimiento para CH: dx_int=-4, dy_int=0. HB (antes CH): (672, 413), PosFlotante: (668.9400,413.0000)
2025-05-19 16:48:59 - jugador - [DEBUG] - [JUGADOR_0] Iniciando gestión de colisión con dx=-4, dy=0. Hitbox actual: (672, 413)
2025-05-19 16:48:59 - jugador - [DEBUG] - [JUGADOR_0] Posición POST CH: HB: (668, 413), PosFlotante: (668.00, 413.00)
2025-05-19 16:48:59 - jugador - [DEBUG] - [JUGADOR_0] Hitbox ataque: <rect(527, 417, 42, 15)> (Dir: -1,0)
2025-05-19 16:48:59 - jugador - [DEBUG] - [JUGADOR_0] Input teclado procesado: mov_x_input_raw=-180, mov_y_input_raw=0
2025-05-19 16:48:59 - jugador - [DEBUG] - [JUGADOR_0] Delta flotante intentado: dx=-2.8800, dy=0.0000 (delta_time: 0.0160)
2025-05-19 16:48:59 - jugador - [DEBUG] - [JUGADOR_0] Pos flotante (pre-límites): (665.1200, 413.0000)
2025-05-19 16:48:59 - jugador - [DEBUG] - [JUGADOR_0] Pos flotante (post-límites): (665.1200, 413.0000)
2025-05-19 16:48:59 - jugador - [DEBUG] - [JUGADOR_0] Movimiento para CH: dx_int=-3, dy_int=0. HB (antes CH): (668, 413), PosFlotante: (665.1200,413.0000)
2025-05-19 16:48:59 - jugador - [DEBUG] - [JUGADOR_0] Iniciando gestión de colisión con dx=-3, dy=0. Hitbox actual: (668, 413)
2025-05-19 16:48:59 - jugador - [DEBUG] - [JUGADOR_0] Posición POST CH: HB: (665, 413), PosFlotante: (665.00, 413.00)
2025-05-19 16:48:59 - jugador - [DEBUG] - [JUGADOR_0] Hitbox ataque: <rect(524, 417, 42, 15)> (Dir: -1,0)
2025-05-19 16:48:59 - jugador - [DEBUG] - [JUGADOR_0] Pos flotante (pre-límites): (661.9400, 413.0000)
2025-05-19 16:48:59 - jugador - [DEBUG] - [JUGADOR_0] Pos flotante (post-límites): (661.9400, 413.0000)
2025-05-19 16:48:59 - jugador - [DEBUG] - [JUGADOR_0] Movimiento para CH: dx_int=-4, dy_int=0. HB (antes CH): (665, 413), PosFlotante: (661.9400,413.0000)
2025-05-19 16:48:59 - jugador - [DEBUG] - [JUGADOR_0] Iniciando gestión de colisión con dx=-4, dy=0. Hitbox actual: (665, 413)
2025-05-19 16:48:59 - jugador - [DEBUG] - [JUGADOR_0] Posición POST CH: HB: (661, 413), PosFlotante: (661.00, 413.00)
2025-05-19 16:48:59 - jugador - [DEBUG] - [JUGADOR_0] Hitbox ataque: <rect(520, 417, 42, 15)> (Dir: -1,0)
2025-05-19 16:48:59 - jugador - [DEBUG] - [JUGADOR_0] Pos flotante (pre-límites): (658.1200, 413.0000)
2025-05-19 16:48:59 - jugador - [DEBUG] - [JUGADOR_0] Pos flotante (post-límites): (658.1200, 413.0000)
2025-05-19 16:48:59 - jugador - [DEBUG] - [JUGADOR_0] Movimiento para CH: dx_int=-3, dy_int=0. HB (antes CH): (661, 413), PosFlotante: (658.1200,413.0000)
2025-05-19 16:48:59 - jugador - [DEBUG] - [JUGADOR_0] Iniciando gestión de colisión con dx=-3, dy=0. Hitbox actual: (661, 413)
2025-05-19 16:48:59 - jugador - [DEBUG] - [JUGADOR_0] Posición POST CH: HB: (658, 413), PosFlotante: (658.00, 413.00)
2025-05-19 16:48:59 - jugador - [DEBUG] - [JUGADOR_0] Hitbox ataque: <rect(517, 417, 42, 15)> (Dir: -1,0)
2025-05-19 16:48:59 - jugador - [DEBUG] - [JUGADOR_0] Pos flotante (pre-límites): (655.1200, 413.0000)
2025-05-19 16:48:59 - jugador - [DEBUG] - [JUGADOR_0] Pos flotante (post-límites): (655.1200, 413.0000)
2025-05-19 16:48:59 - jugador - [DEBUG] - [JUGADOR_0] Movimiento para CH: dx_int=-3, dy_int=0. HB (antes CH): (658, 413), PosFlotante: (655.1200,413.0000)
2025-05-19 16:48:59 - jugador - [DEBUG] - [JUGADOR_0] Iniciando gestión de colisión con dx=-3, dy=0. Hitbox actual: (658, 413)
2025-05-19 16:48:59 - jugador - [DEBUG] - [JUGADOR_0] Posición POST CH: HB: (655, 413), PosFlotante: (655.00, 413.00)
2025-05-19 16:48:59 - jugador - [DEBUG] - [JUGADOR_0] Hitbox ataque: <rect(514, 417, 42, 15)> (Dir: -1,0)
2025-05-19 16:48:59 - jugador - [DEBUG] - [JUGADOR_0] Input teclado procesado: mov_x_input_raw=-180, mov_y_input_raw=0
2025-05-19 16:48:59 - jugador - [DEBUG] - [JUGADOR_0] Delta flotante intentado: dx=-3.0600, dy=0.0000 (delta_time: 0.0170)
2025-05-19 16:48:59 - jugador - [DEBUG] - [JUGADOR_0] Pos flotante (pre-límites): (651.9400, 413.0000)
2025-05-19 16:48:59 - jugador - [DEBUG] - [JUGADOR_0] Pos flotante (post-límites): (651.9400, 413.0000)
2025-05-19 16:48:59 - jugador - [DEBUG] - [JUGADOR_0] Movimiento para CH: dx_int=-4, dy_int=0. HB (antes CH): (655, 413), PosFlotante: (651.9400,413.0000)
2025-05-19 16:48:59 - jugador - [DEBUG] - [JUGADOR_0] Iniciando gestión de colisión con dx=-4, dy=0. Hitbox actual: (655, 413)
2025-05-19 16:48:59 - jugador - [DEBUG] - [JUGADOR_0] Posición POST CH: HB: (651, 413), PosFlotante: (651.00, 413.00)
2025-05-19 16:48:59 - jugador - [DEBUG] - [JUGADOR_0] Hitbox ataque: <rect(510, 417, 42, 15)> (Dir: -1,0)
2025-05-19 16:48:59 - jugador - [DEBUG] - [JUGADOR_0] Delta flotante intentado: dx=-2.8800, dy=0.0000 (delta_time: 0.0160)
2025-05-19 16:48:59 - jugador - [DEBUG] - [JUGADOR_0] Pos flotante (pre-límites): (648.1200, 413.0000)
2025-05-19 16:48:59 - jugador - [DEBUG] - [JUGADOR_0] Pos flotante (post-límites): (648.1200, 413.0000)
2025-05-19 16:48:59 - jugador - [DEBUG] - [JUGADOR_0] Movimiento para CH: dx_int=-3, dy_int=0. HB (antes CH): (651, 413), PosFlotante: (648.1200,413.0000)
2025-05-19 16:48:59 - jugador - [DEBUG] - [JUGADOR_0] Iniciando gestión de colisión con dx=-3, dy=0. Hitbox actual: (651, 413)
2025-05-19 16:49:00 - jugador - [DEBUG] - [JUGADOR_0] Posición POST CH: HB: (648, 413), PosFlotante: (648.00, 413.00)
2025-05-19 16:49:00 - jugador - [DEBUG] - [JUGADOR_0] Hitbox ataque: <rect(507, 417, 42, 15)> (Dir: -1,0)
2025-05-19 16:49:00 - jugador - [DEBUG] - [JUGADOR_0] Pos flotante (pre-límites): (645.1200, 413.0000)
2025-05-19 16:49:00 - jugador - [DEBUG] - [JUGADOR_0] Pos flotante (post-límites): (645.1200, 413.0000)
2025-05-19 16:49:00 - jugador - [DEBUG] - [JUGADOR_0] Movimiento para CH: dx_int=-3, dy_int=0. HB (antes CH): (648, 413), PosFlotante: (645.1200,413.0000)
2025-05-19 16:49:00 - jugador - [DEBUG] - [JUGADOR_0] Iniciando gestión de colisión con dx=-3, dy=0. Hitbox actual: (648, 413)
2025-05-19 16:49:00 - jugador - [DEBUG] - [JUGADOR_0] Posición POST CH: HB: (645, 413), PosFlotante: (645.00, 413.00)
2025-05-19 16:49:00 - jugador - [DEBUG] - [JUGADOR_0] Hitbox ataque: <rect(504, 417, 42, 15)> (Dir: -1,0)
2025-05-19 16:49:00 - jugador - [DEBUG] - [JUGADOR_0] Pos flotante (pre-límites): (642.1200, 413.0000)
2025-05-19 16:49:00 - jugador - [DEBUG] - [JUGADOR_0] Pos flotante (post-límites): (642.1200, 413.0000)
2025-05-19 16:49:00 - jugador - [DEBUG] - [JUGADOR_0] Movimiento para CH: dx_int=-3, dy_int=0. HB (antes CH): (645, 413), PosFlotante: (642.1200,413.0000)
2025-05-19 16:49:00 - jugador - [DEBUG] - [JUGADOR_0] Iniciando gestión de colisión con dx=-3, dy=0. Hitbox actual: (645, 413)
2025-05-19 16:49:00 - jugador - [DEBUG] - [JUGADOR_0] Posición POST CH: HB: (642, 413), PosFlotante: (642.00, 413.00)
2025-05-19 16:49:00 - jugador - [DEBUG] - [JUGADOR_0] ATAQUE FINALIZADO (Duración: 300ms). Enemigos golpeados: 0
2025-05-19 16:49:00 - jugador - [DEBUG] - [JUGADOR_0] Input teclado procesado: mov_x_input_raw=-180, mov_y_input_raw=0
2025-05-19 16:49:00 - jugador - [DEBUG] - [JUGADOR_0] Pos flotante (pre-límites): (639.1200, 413.0000)
2025-05-19 16:49:00 - jugador - [DEBUG] - [JUGADOR_0] Pos flotante (post-límites): (639.1200, 413.0000)
2025-05-19 16:49:00 - jugador - [DEBUG] - [JUGADOR_0] Movimiento para CH: dx_int=-3, dy_int=0. HB (antes CH): (642, 413), PosFlotante: (639.1200,413.0000)
2025-05-19 16:49:00 - jugador - [DEBUG] - [JUGADOR_0] Iniciando gestión de colisión con dx=-3, dy=0. Hitbox actual: (642, 413)
2025-05-19 16:49:00 - jugador - [DEBUG] - [JUGADOR_0] Posición POST CH: HB: (639, 413), PosFlotante: (639.00, 413.00)
2025-05-19 16:49:00 - jugador - [DEBUG] - [JUGADOR_0] Delta flotante intentado: dx=-2.8800, dy=0.0000 (delta_time: 0.0160)
2025-05-19 16:49:00 - jugador - [DEBUG] - [JUGADOR_0] Pos flotante (pre-límites): (636.1200, 413.0000)
2025-05-19 16:49:00 - jugador - [DEBUG] - [JUGADOR_0] Pos flotante (post-límites): (636.1200, 413.0000)
2025-05-19 16:49:00 - jugador - [DEBUG] - [JUGADOR_0] Movimiento para CH: dx_int=-3, dy_int=0. HB (antes CH): (639, 413), PosFlotante: (636.1200,413.0000)
2025-05-19 16:49:00 - jugador - [DEBUG] - [JUGADOR_0] Iniciando gestión de colisión con dx=-3, dy=0. Hitbox actual: (639, 413)
2025-05-19 16:49:00 - jugador - [DEBUG] - [JUGADOR_0] Posición POST CH: HB: (636, 413), PosFlotante: (636.00, 413.00)
2025-05-19 16:49:00 - jugador - [DEBUG] - [JUGADOR_0] Input teclado procesado: mov_x_input_raw=180, mov_y_input_raw=0
2025-05-19 16:49:00 - jugador - [DEBUG] - [JUGADOR_0] Delta flotante intentado: dx=3.0600, dy=0.0000 (delta_time: 0.0170)
2025-05-19 16:49:00 - jugador - [DEBUG] - [JUGADOR_0] Pos flotante (pre-límites): (639.0600, 413.0000)
2025-05-19 16:49:00 - jugador - [DEBUG] - [JUGADOR_0] Pos flotante (post-límites): (639.0600, 413.0000)
2025-05-19 16:49:00 - jugador - [DEBUG] - [JUGADOR_0] Movimiento para CH: dx_int=4, dy_int=0. HB (antes CH): (636, 413), PosFlotante: (639.0600,413.0000)
2025-05-19 16:49:00 - jugador - [DEBUG] - [JUGADOR_0] Iniciando gestión de colisión con dx=4, dy=0. Hitbox actual: (636, 413)
2025-05-19 16:49:00 - jugador - [DEBUG] - [JUGADOR_0] Posición POST CH: HB: (640, 413), PosFlotante: (640.00, 413.00)
2025-05-19 16:49:00 - jugador - [DEBUG] - [JUGADOR_0] Delta flotante intentado: dx=2.8800, dy=0.0000 (delta_time: 0.0160)
2025-05-19 16:49:00 - jugador - [DEBUG] - [JUGADOR_0] Pos flotante (pre-límites): (642.8800, 413.0000)
2025-05-19 16:49:00 - jugador - [DEBUG] - [JUGADOR_0] Pos flotante (post-límites): (642.8800, 413.0000)
2025-05-19 16:49:00 - jugador - [DEBUG] - [JUGADOR_0] Movimiento para CH: dx_int=3, dy_int=0. HB (antes CH): (640, 413), PosFlotante: (642.8800,413.0000)
2025-05-19 16:49:00 - jugador - [DEBUG] - [JUGADOR_0] Iniciando gestión de colisión con dx=3, dy=0. Hitbox actual: (640, 413)
2025-05-19 16:49:00 - jugador - [DEBUG] - [JUGADOR_0] Posición POST CH: HB: (643, 413), PosFlotante: (643.00, 413.00)
2025-05-19 16:49:00 - jugador - [DEBUG] - [JUGADOR_0] Pos flotante (pre-límites): (646.0600, 413.0000)
2025-05-19 16:49:00 - jugador - [DEBUG] - [JUGADOR_0] Pos flotante (post-límites): (646.0600, 413.0000)
2025-05-19 16:49:00 - jugador - [DEBUG] - [JUGADOR_0] Movimiento para CH: dx_int=4, dy_int=0. HB (antes CH): (643, 413), PosFlotante: (646.0600,413.0000)
2025-05-19 16:49:00 - jugador - [DEBUG] - [JUGADOR_0] Iniciando gestión de colisión con dx=4, dy=0. Hitbox actual: (643, 413)
2025-05-19 16:49:00 - jugador - [DEBUG] - [JUGADOR_0] Posición POST CH: HB: (647, 413), PosFlotante: (647.00, 413.00)
2025-05-19 16:49:00 - jugador - [DEBUG] - [JUGADOR_0] Input teclado procesado: mov_x_input_raw=180, mov_y_input_raw=0
2025-05-19 16:49:00 - jugador - [DEBUG] - [JUGADOR_0] Delta flotante intentado: dx=3.0600, dy=0.0000 (delta_time: 0.0170)
2025-05-19 16:49:00 - jugador - [DEBUG] - [JUGADOR_0] Pos flotante (pre-límites): (650.0600, 413.0000)
2025-05-19 16:49:00 - jugador - [DEBUG] - [JUGADOR_0] Pos flotante (post-límites): (650.0600, 413.0000)
2025-05-19 16:49:00 - jugador - [DEBUG] - [JUGADOR_0] Movimiento para CH: dx_int=4, dy_int=0. HB (antes CH): (647, 413), PosFlotante: (650.0600,413.0000)
2025-05-19 16:49:00 - jugador - [DEBUG] - [JUGADOR_0] Iniciando gestión de colisión con dx=4, dy=0. Hitbox actual: (647, 413)
2025-05-19 16:49:00 - jugador - [DEBUG] - [JUGADOR_0] Posición POST CH: HB: (651, 413), PosFlotante: (651.00, 413.00)
2025-05-19 16:49:00 - jugador - [DEBUG] - [JUGADOR_0] Pos flotante (pre-límites): (653.8800, 413.0000)
2025-05-19 16:49:00 - jugador - [DEBUG] - [JUGADOR_0] Pos flotante (post-límites): (653.8800, 413.0000)
2025-05-19 16:49:00 - jugador - [DEBUG] - [JUGADOR_0] Movimiento para CH: dx_int=3, dy_int=0. HB (antes CH): (651, 413), PosFlotante: (653.8800,413.0000)
2025-05-19 16:49:00 - jugador - [DEBUG] - [JUGADOR_0] Iniciando gestión de colisión con dx=3, dy=0. Hitbox actual: (651, 413)
2025-05-19 16:49:00 - jugador - [DEBUG] - [JUGADOR_0] Posición POST CH: HB: (654, 413), PosFlotante: (654.00, 413.00)
2025-05-19 16:49:00 - jugador - [DEBUG] - [JUGADOR_0] Delta flotante intentado: dx=2.8800, dy=0.0000 (delta_time: 0.0160)
2025-05-19 16:49:00 - jugador - [DEBUG] - [JUGADOR_0] Pos flotante (pre-límites): (656.8800, 413.0000)
2025-05-19 16:49:00 - jugador - [DEBUG] - [JUGADOR_0] Pos flotante (post-límites): (656.8800, 413.0000)
2025-05-19 16:49:00 - jugador - [DEBUG] - [JUGADOR_0] Movimiento para CH: dx_int=3, dy_int=0. HB (antes CH): (654, 413), PosFlotante: (656.8800,413.0000)
2025-05-19 16:49:00 - jugador - [DEBUG] - [JUGADOR_0] Iniciando gestión de colisión con dx=3, dy=0. Hitbox actual: (654, 413)
2025-05-19 16:49:00 - jugador - [DEBUG] - [JUGADOR_0] Posición POST CH: HB: (657, 413), PosFlotante: (657.00, 413.00)
2025-05-19 16:49:00 - jugador - [DEBUG] - [JUGADOR_0] Pos flotante (pre-límites): (660.0600, 413.0000)
2025-05-19 16:49:00 - jugador - [DEBUG] - [JUGADOR_0] Pos flotante (post-límites): (660.0600, 413.0000)
2025-05-19 16:49:00 - jugador - [DEBUG] - [JUGADOR_0] Movimiento para CH: dx_int=4, dy_int=0. HB (antes CH): (657, 413), PosFlotante: (660.0600,413.0000)
2025-05-19 16:49:00 - jugador - [DEBUG] - [JUGADOR_0] Iniciando gestión de colisión con dx=4, dy=0. Hitbox actual: (657, 413)
2025-05-19 16:49:00 - jugador - [DEBUG] - [JUGADOR_0] Posición POST CH: HB: (661, 413), PosFlotante: (661.00, 413.00)
2025-05-19 16:49:00 - jugador - [DEBUG] - [JUGADOR_0] Input teclado procesado: mov_x_input_raw=180, mov_y_input_raw=0
2025-05-19 16:49:00 - jugador - [DEBUG] - [JUGADOR_0] Pos flotante (pre-límites): (663.8800, 413.0000)
2025-05-19 16:49:00 - jugador - [DEBUG] - [JUGADOR_0] Pos flotante (post-límites): (663.8800, 413.0000)
2025-05-19 16:49:00 - jugador - [DEBUG] - [JUGADOR_0] Movimiento para CH: dx_int=3, dy_int=0. HB (antes CH): (661, 413), PosFlotante: (663.8800,413.0000)
2025-05-19 16:49:00 - jugador - [DEBUG] - [JUGADOR_0] Iniciando gestión de colisión con dx=3, dy=0. Hitbox actual: (661, 413)
2025-05-19 16:49:00 - jugador - [DEBUG] - [JUGADOR_0] Posición POST CH: HB: (664, 413), PosFlotante: (664.00, 413.00)
2025-05-19 16:49:00 - jugador - [DEBUG] - [JUGADOR_0] Pos flotante (pre-límites): (666.8800, 413.0000)
2025-05-19 16:49:00 - jugador - [DEBUG] - [JUGADOR_0] Pos flotante (post-límites): (666.8800, 413.0000)
2025-05-19 16:49:00 - jugador - [DEBUG] - [JUGADOR_0] Movimiento para CH: dx_int=3, dy_int=0. HB (antes CH): (664, 413), PosFlotante: (666.8800,413.0000)
2025-05-19 16:49:00 - jugador - [DEBUG] - [JUGADOR_0] Iniciando gestión de colisión con dx=3, dy=0. Hitbox actual: (664, 413)
2025-05-19 16:49:00 - jugador - [DEBUG] - [JUGADOR_0] Posición POST CH: HB: (667, 413), PosFlotante: (667.00, 413.00)
2025-05-19 16:49:00 - jugador - [DEBUG] - [JUGADOR_0] Delta flotante intentado: dx=2.8800, dy=0.0000 (delta_time: 0.0160)
2025-05-19 16:49:00 - jugador - [DEBUG] - [JUGADOR_0] Pos flotante (pre-límites): (669.8800, 413.0000)
2025-05-19 16:49:00 - jugador - [DEBUG] - [JUGADOR_0] Pos flotante (post-límites): (669.8800, 413.0000)
2025-05-19 16:49:00 - jugador - [DEBUG] - [JUGADOR_0] Movimiento para CH: dx_int=3, dy_int=0. HB (antes CH): (667, 413), PosFlotante: (669.8800,413.0000)
2025-05-19 16:49:00 - jugador - [DEBUG] - [JUGADOR_0] Iniciando gestión de colisión con dx=3, dy=0. Hitbox actual: (667, 413)
2025-05-19 16:49:00 - jugador - [DEBUG] - [JUGADOR_0] Posición POST CH: HB: (670, 413), PosFlotante: (670.00, 413.00)
2025-05-19 16:49:00 - jugador - [DEBUG] - [JUGADOR_0] Delta flotante intentado: dx=3.0600, dy=0.0000 (delta_time: 0.0170)
2025-05-19 16:49:00 - jugador - [DEBUG] - [JUGADOR_0] Pos flotante (pre-límites): (673.0600, 413.0000)
2025-05-19 16:49:00 - jugador - [DEBUG] - [JUGADOR_0] Pos flotante (post-límites): (673.0600, 413.0000)
2025-05-19 16:49:00 - jugador - [DEBUG] - [JUGADOR_0] Movimiento para CH: dx_int=4, dy_int=0. HB (antes CH): (670, 413), PosFlotante: (673.0600,413.0000)
2025-05-19 16:49:00 - jugador - [DEBUG] - [JUGADOR_0] Iniciando gestión de colisión con dx=4, dy=0. Hitbox actual: (670, 413)
2025-05-19 16:49:00 - jugador - [DEBUG] - [JUGADOR_0] Posición POST CH: HB: (674, 413), PosFlotante: (674.00, 413.00)
2025-05-19 16:49:00 - jugador - [DEBUG] - [JUGADOR_0] Input teclado procesado: mov_x_input_raw=180, mov_y_input_raw=0
2025-05-19 16:49:00 - jugador - [DEBUG] - [JUGADOR_0] Pos flotante (pre-límites): (677.0600, 413.0000)
2025-05-19 16:49:00 - jugador - [DEBUG] - [JUGADOR_0] Pos flotante (post-límites): (677.0600, 413.0000)
2025-05-19 16:49:00 - jugador - [DEBUG] - [JUGADOR_0] Movimiento para CH: dx_int=4, dy_int=0. HB (antes CH): (674, 413), PosFlotante: (677.0600,413.0000)
2025-05-19 16:49:00 - jugador - [DEBUG] - [JUGADOR_0] Iniciando gestión de colisión con dx=4, dy=0. Hitbox actual: (674, 413)
2025-05-19 16:49:00 - jugador - [DEBUG] - [JUGADOR_0] Posición POST CH: HB: (678, 413), PosFlotante: (678.00, 413.00)
2025-05-19 16:49:00 - jugador - [DEBUG] - [JUGADOR_0] Pos flotante (pre-límites): (681.0600, 413.0000)
2025-05-19 16:49:00 - jugador - [DEBUG] - [JUGADOR_0] Pos flotante (post-límites): (681.0600, 413.0000)
2025-05-19 16:49:00 - jugador - [DEBUG] - [JUGADOR_0] Movimiento para CH: dx_int=4, dy_int=0. HB (antes CH): (678, 413), PosFlotante: (681.0600,413.0000)
2025-05-19 16:49:00 - jugador - [DEBUG] - [JUGADOR_0] Iniciando gestión de colisión con dx=4, dy=0. Hitbox actual: (678, 413)
2025-05-19 16:49:00 - jugador - [DEBUG] - [JUGADOR_0] Posición POST CH: HB: (682, 413), PosFlotante: (682.00, 413.00)
2025-05-19 16:49:00 - jugador - [DEBUG] - [JUGADOR_0] Delta flotante intentado: dx=2.8800, dy=0.0000 (delta_time: 0.0160)
2025-05-19 16:49:00 - jugador - [DEBUG] - [JUGADOR_0] Pos flotante (pre-límites): (684.8800, 413.0000)
2025-05-19 16:49:00 - jugador - [DEBUG] - [JUGADOR_0] Pos flotante (post-límites): (684.8800, 413.0000)
2025-05-19 16:49:00 - jugador - [DEBUG] - [JUGADOR_0] Movimiento para CH: dx_int=3, dy_int=0. HB (antes CH): (682, 413), PosFlotante: (684.8800,413.0000)
2025-05-19 16:49:00 - jugador - [DEBUG] - [JUGADOR_0] Iniciando gestión de colisión con dx=3, dy=0. Hitbox actual: (682, 413)
2025-05-19 16:49:00 - jugador - [DEBUG] - [JUGADOR_0] Posición POST CH: HB: (685, 413), PosFlotante: (685.00, 413.00)
2025-05-19 16:49:00 - jugador - [DEBUG] - [JUGADOR_0] Input teclado procesado: mov_x_input_raw=-180, mov_y_input_raw=0
2025-05-19 16:49:00 - jugador - [DEBUG] - [JUGADOR_0] Delta flotante intentado: dx=-3.0600, dy=0.0000 (delta_time: 0.0170)
2025-05-19 16:49:00 - jugador - [DEBUG] - [JUGADOR_0] Pos flotante (pre-límites): (681.9400, 413.0000)
2025-05-19 16:49:00 - jugador - [DEBUG] - [JUGADOR_0] Pos flotante (post-límites): (681.9400, 413.0000)
2025-05-19 16:49:00 - jugador - [DEBUG] - [JUGADOR_0] Movimiento para CH: dx_int=-4, dy_int=0. HB (antes CH): (685, 413), PosFlotante: (681.9400,413.0000)
2025-05-19 16:49:00 - jugador - [DEBUG] - [JUGADOR_0] Iniciando gestión de colisión con dx=-4, dy=0. Hitbox actual: (685, 413)
2025-05-19 16:49:00 - jugador - [DEBUG] - [JUGADOR_0] Posición POST CH: HB: (681, 413), PosFlotante: (681.00, 413.00)
2025-05-19 16:49:00 - jugador - [DEBUG] - [JUGADOR_0] Pos flotante (pre-límites): (677.9400, 413.0000)
2025-05-19 16:49:00 - jugador - [DEBUG] - [JUGADOR_0] Pos flotante (post-límites): (677.9400, 413.0000)
2025-05-19 16:49:00 - jugador - [DEBUG] - [JUGADOR_0] Movimiento para CH: dx_int=-4, dy_int=0. HB (antes CH): (681, 413), PosFlotante: (677.9400,413.0000)
2025-05-19 16:49:00 - jugador - [DEBUG] - [JUGADOR_0] Iniciando gestión de colisión con dx=-4, dy=0. Hitbox actual: (681, 413)
2025-05-19 16:49:00 - jugador - [DEBUG] - [JUGADOR_0] Posición POST CH: HB: (677, 413), PosFlotante: (677.00, 413.00)
2025-05-19 16:49:00 - jugador - [DEBUG] - [JUGADOR_0] Delta flotante intentado: dx=-2.8800, dy=0.0000 (delta_time: 0.0160)
2025-05-19 16:49:00 - jugador - [DEBUG] - [JUGADOR_0] Pos flotante (pre-límites): (674.1200, 413.0000)
2025-05-19 16:49:00 - jugador - [DEBUG] - [JUGADOR_0] Pos flotante (post-límites): (674.1200, 413.0000)
2025-05-19 16:49:00 - jugador - [DEBUG] - [JUGADOR_0] Movimiento para CH: dx_int=-3, dy_int=0. HB (antes CH): (677, 413), PosFlotante: (674.1200,413.0000)
2025-05-19 16:49:00 - jugador - [DEBUG] - [JUGADOR_0] Iniciando gestión de colisión con dx=-3, dy=0. Hitbox actual: (677, 413)
2025-05-19 16:49:00 - jugador - [DEBUG] - [JUGADOR_0] Posición POST CH: HB: (674, 413), PosFlotante: (674.00, 413.00)
2025-05-19 16:49:00 - jugador - [DEBUG] - [JUGADOR_0] Pos flotante (pre-límites): (670.9400, 413.0000)
2025-05-19 16:49:00 - jugador - [DEBUG] - [JUGADOR_0] Pos flotante (post-límites): (670.9400, 413.0000)
2025-05-19 16:49:00 - jugador - [DEBUG] - [JUGADOR_0] Movimiento para CH: dx_int=-4, dy_int=0. HB (antes CH): (674, 413), PosFlotante: (670.9400,413.0000)
2025-05-19 16:49:00 - jugador - [DEBUG] - [JUGADOR_0] Iniciando gestión de colisión con dx=-4, dy=0. Hitbox actual: (674, 413)
2025-05-19 16:49:00 - jugador - [DEBUG] - [JUGADOR_0] Posición POST CH: HB: (670, 413), PosFlotante: (670.00, 413.00)
2025-05-19 16:49:00 - jugador - [DEBUG] - [JUGADOR_0] Input teclado procesado: mov_x_input_raw=-180, mov_y_input_raw=0
2025-05-19 16:49:00 - jugador - [DEBUG] - [JUGADOR_0] Delta flotante intentado: dx=-3.0600, dy=0.0000 (delta_time: 0.0170)
2025-05-19 16:49:00 - jugador - [DEBUG] - [JUGADOR_0] Pos flotante (pre-límites): (666.9400, 413.0000)
2025-05-19 16:49:00 - jugador - [DEBUG] - [JUGADOR_0] Pos flotante (post-límites): (666.9400, 413.0000)
2025-05-19 16:49:00 - jugador - [DEBUG] - [JUGADOR_0] Movimiento para CH: dx_int=-4, dy_int=0. HB (antes CH): (670, 413), PosFlotante: (666.9400,413.0000)
2025-05-19 16:49:00 - jugador - [DEBUG] - [JUGADOR_0] Iniciando gestión de colisión con dx=-4, dy=0. Hitbox actual: (670, 413)
2025-05-19 16:49:00 - jugador - [DEBUG] - [JUGADOR_0] Posición POST CH: HB: (666, 413), PosFlotante: (666.00, 413.00)
2025-05-19 16:49:00 - jugador - [DEBUG] - [JUGADOR_0] Pos flotante (pre-límites): (663.1200, 413.0000)
2025-05-19 16:49:00 - jugador - [DEBUG] - [JUGADOR_0] Pos flotante (post-límites): (663.1200, 413.0000)
2025-05-19 16:49:00 - jugador - [DEBUG] - [JUGADOR_0] Movimiento para CH: dx_int=-3, dy_int=0. HB (antes CH): (666, 413), PosFlotante: (663.1200,413.0000)
2025-05-19 16:49:00 - jugador - [DEBUG] - [JUGADOR_0] Iniciando gestión de colisión con dx=-3, dy=0. Hitbox actual: (666, 413)
2025-05-19 16:49:00 - jugador - [DEBUG] - [JUGADOR_0] Posición POST CH: HB: (663, 413), PosFlotante: (663.00, 413.00)
2025-05-19 16:49:00 - jugador - [DEBUG] - [JUGADOR_0] Pos flotante (pre-límites): (659.9400, 413.0000)
2025-05-19 16:49:00 - jugador - [DEBUG] - [JUGADOR_0] Pos flotante (post-límites): (659.9400, 413.0000)
2025-05-19 16:49:00 - jugador - [DEBUG] - [JUGADOR_0] Movimiento para CH: dx_int=-4, dy_int=0. HB (antes CH): (663, 413), PosFlotante: (659.9400,413.0000)
2025-05-19 16:49:00 - jugador - [DEBUG] - [JUGADOR_0] Iniciando gestión de colisión con dx=-4, dy=0. Hitbox actual: (663, 413)
2025-05-19 16:49:00 - jugador - [DEBUG] - [JUGADOR_0] Posición POST CH: HB: (659, 413), PosFlotante: (659.00, 413.00)
2025-05-19 16:49:00 - jugador - [INFO] - [JUGADOR_0] ATAQUE INICIADO (Cooldown: 700.0ms). Perfil: 'ataque_offset_distancia'
2025-05-19 16:49:00 - jugador - [DEBUG] - [JUGADOR_0] Input teclado procesado: mov_x_input_raw=-180, mov_y_input_raw=0
2025-05-19 16:49:00 - jugador - [DEBUG] - [JUGADOR_0] Delta flotante intentado: dx=-3.0600, dy=0.0000 (delta_time: 0.0170)
2025-05-19 16:49:00 - jugador - [DEBUG] - [JUGADOR_0] Pos flotante (pre-límites): (655.9400, 413.0000)
2025-05-19 16:49:00 - jugador - [DEBUG] - [JUGADOR_0] Pos flotante (post-límites): (655.9400, 413.0000)
2025-05-19 16:49:00 - jugador - [DEBUG] - [JUGADOR_0] Movimiento para CH: dx_int=-4, dy_int=0. HB (antes CH): (659, 413), PosFlotante: (655.9400,413.0000)
2025-05-19 16:49:00 - jugador - [DEBUG] - [JUGADOR_0] Iniciando gestión de colisión con dx=-4, dy=0. Hitbox actual: (659, 413)
2025-05-19 16:49:00 - jugador - [DEBUG] - [JUGADOR_0] Posición POST CH: HB: (655, 413), PosFlotante: (655.00, 413.00)
2025-05-19 16:49:00 - jugador - [DEBUG] - [JUGADOR_0] Hitbox ataque: <rect(514, 417, 42, 15)> (Dir: -1,0)
2025-05-19 16:49:00 - jugador - [DEBUG] - [JUGADOR_0] Delta flotante intentado: dx=-2.8800, dy=0.0000 (delta_time: 0.0160)
2025-05-19 16:49:00 - jugador - [DEBUG] - [JUGADOR_0] Pos flotante (pre-límites): (652.1200, 413.0000)
2025-05-19 16:49:00 - jugador - [DEBUG] - [JUGADOR_0] Pos flotante (post-límites): (652.1200, 413.0000)
2025-05-19 16:49:00 - jugador - [DEBUG] - [JUGADOR_0] Movimiento para CH: dx_int=-3, dy_int=0. HB (antes CH): (655, 413), PosFlotante: (652.1200,413.0000)
2025-05-19 16:49:00 - jugador - [DEBUG] - [JUGADOR_0] Iniciando gestión de colisión con dx=-3, dy=0. Hitbox actual: (655, 413)
2025-05-19 16:49:00 - jugador - [DEBUG] - [JUGADOR_0] Posición POST CH: HB: (652, 413), PosFlotante: (652.00, 413.00)
2025-05-19 16:49:00 - jugador - [DEBUG] - [JUGADOR_0] Hitbox ataque: <rect(511, 417, 42, 15)> (Dir: -1,0)
2025-05-19 16:49:00 - jugador - [DEBUG] - [JUGADOR_0] Pos flotante (pre-límites): (648.9400, 413.0000)
2025-05-19 16:49:00 - jugador - [DEBUG] - [JUGADOR_0] Pos flotante (post-límites): (648.9400, 413.0000)
2025-05-19 16:49:00 - jugador - [DEBUG] - [JUGADOR_0] Movimiento para CH: dx_int=-4, dy_int=0. HB (antes CH): (652, 413), PosFlotante: (648.9400,413.0000)
2025-05-19 16:49:00 - jugador - [DEBUG] - [JUGADOR_0] Iniciando gestión de colisión con dx=-4, dy=0. Hitbox actual: (652, 413)
2025-05-19 16:49:00 - jugador - [DEBUG] - [JUGADOR_0] Posición POST CH: HB: (648, 413), PosFlotante: (648.00, 413.00)
2025-05-19 16:49:00 - jugador - [DEBUG] - [JUGADOR_0] Hitbox ataque: <rect(507, 417, 42, 15)> (Dir: -1,0)
2025-05-19 16:49:00 - jugador - [DEBUG] - [JUGADOR_0] Pos flotante (pre-límites): (645.1200, 413.0000)
2025-05-19 16:49:00 - jugador - [DEBUG] - [JUGADOR_0] Pos flotante (post-límites): (645.1200, 413.0000)
2025-05-19 16:49:00 - jugador - [DEBUG] - [JUGADOR_0] Movimiento para CH: dx_int=-3, dy_int=0. HB (antes CH): (648, 413), PosFlotante: (645.1200,413.0000)
2025-05-19 16:49:00 - jugador - [DEBUG] - [JUGADOR_0] Iniciando gestión de colisión con dx=-3, dy=0. Hitbox actual: (648, 413)
2025-05-19 16:49:00 - jugador - [DEBUG] - [JUGADOR_0] Posición POST CH: HB: (645, 413), PosFlotante: (645.00, 413.00)
2025-05-19 16:49:00 - jugador - [DEBUG] - [JUGADOR_0] Hitbox ataque: <rect(504, 417, 42, 15)> (Dir: -1,0)
2025-05-19 16:49:00 - jugador - [DEBUG] - [JUGADOR_0] Input teclado procesado: mov_x_input_raw=-180, mov_y_input_raw=0
2025-05-19 16:49:00 - jugador - [DEBUG] - [JUGADOR_0] Pos flotante (pre-límites): (642.1200, 413.0000)
2025-05-19 16:49:00 - jugador - [DEBUG] - [JUGADOR_0] Pos flotante (post-límites): (642.1200, 413.0000)
2025-05-19 16:49:00 - jugador - [DEBUG] - [JUGADOR_0] Movimiento para CH: dx_int=-3, dy_int=0. HB (antes CH): (645, 413), PosFlotante: (642.1200,413.0000)
2025-05-19 16:49:00 - jugador - [DEBUG] - [JUGADOR_0] Iniciando gestión de colisión con dx=-3, dy=0. Hitbox actual: (645, 413)
2025-05-19 16:49:00 - jugador - [DEBUG] - [JUGADOR_0] Posición POST CH: HB: (642, 413), PosFlotante: (642.00, 413.00)
2025-05-19 16:49:00 - jugador - [DEBUG] - [JUGADOR_0] Hitbox ataque: <rect(501, 417, 42, 15)> (Dir: -1,0)
2025-05-19 16:49:00 - jugador - [DEBUG] - [JUGADOR_0] Delta flotante intentado: dx=-2.8800, dy=0.0000 (delta_time: 0.0160)
2025-05-19 16:49:00 - jugador - [DEBUG] - [JUGADOR_0] Pos flotante (pre-límites): (639.1200, 413.0000)
2025-05-19 16:49:00 - jugador - [DEBUG] - [JUGADOR_0] Pos flotante (post-límites): (639.1200, 413.0000)
2025-05-19 16:49:00 - jugador - [DEBUG] - [JUGADOR_0] Movimiento para CH: dx_int=-3, dy_int=0. HB (antes CH): (642, 413), PosFlotante: (639.1200,413.0000)
2025-05-19 16:49:00 - jugador - [DEBUG] - [JUGADOR_0] Iniciando gestión de colisión con dx=-3, dy=0. Hitbox actual: (642, 413)
2025-05-19 16:49:00 - jugador - [DEBUG] - [JUGADOR_0] Posición POST CH: HB: (639, 413), PosFlotante: (639.00, 413.00)
2025-05-19 16:49:00 - jugador - [DEBUG] - [JUGADOR_0] Hitbox ataque: <rect(498, 417, 42, 15)> (Dir: -1,0)
2025-05-19 16:49:00 - jugador - [DEBUG] - [JUGADOR_0] Pos flotante (pre-límites): (636.1200, 413.0000)
2025-05-19 16:49:00 - jugador - [DEBUG] - [JUGADOR_0] Pos flotante (post-límites): (636.1200, 413.0000)
2025-05-19 16:49:00 - jugador - [DEBUG] - [JUGADOR_0] Movimiento para CH: dx_int=-3, dy_int=0. HB (antes CH): (639, 413), PosFlotante: (636.1200,413.0000)
2025-05-19 16:49:00 - jugador - [DEBUG] - [JUGADOR_0] Iniciando gestión de colisión con dx=-3, dy=0. Hitbox actual: (639, 413)
2025-05-19 16:49:00 - jugador - [DEBUG] - [JUGADOR_0] Posición POST CH: HB: (636, 413), PosFlotante: (636.00, 413.00)
2025-05-19 16:49:00 - jugador - [DEBUG] - [JUGADOR_0] Hitbox ataque: <rect(495, 417, 42, 15)> (Dir: -1,0)
2025-05-19 16:49:00 - jugador - [DEBUG] - [JUGADOR_0] Pos flotante (pre-límites): (633.1200, 413.0000)
2025-05-19 16:49:00 - jugador - [DEBUG] - [JUGADOR_0] Pos flotante (post-límites): (633.1200, 413.0000)
2025-05-19 16:49:00 - jugador - [DEBUG] - [JUGADOR_0] Movimiento para CH: dx_int=-3, dy_int=0. HB (antes CH): (636, 413), PosFlotante: (633.1200,413.0000)
2025-05-19 16:49:00 - jugador - [DEBUG] - [JUGADOR_0] Iniciando gestión de colisión con dx=-3, dy=0. Hitbox actual: (636, 413)
2025-05-19 16:49:00 - jugador - [DEBUG] - [JUGADOR_0] Posición POST CH: HB: (633, 413), PosFlotante: (633.00, 413.00)
2025-05-19 16:49:00 - jugador - [DEBUG] - [JUGADOR_0] Hitbox ataque: <rect(492, 417, 42, 15)> (Dir: -1,0)
2025-05-19 16:49:00 - jugador - [DEBUG] - [JUGADOR_0] Input teclado procesado: mov_x_input_raw=-180, mov_y_input_raw=0
2025-05-19 16:49:00 - jugador - [DEBUG] - [JUGADOR_0] Delta flotante intentado: dx=-3.0600, dy=0.0000 (delta_time: 0.0170)
2025-05-19 16:49:00 - jugador - [DEBUG] - [JUGADOR_0] Pos flotante (pre-límites): (629.9400, 413.0000)
2025-05-19 16:49:00 - jugador - [DEBUG] - [JUGADOR_0] Pos flotante (post-límites): (629.9400, 413.0000)
2025-05-19 16:49:00 - jugador - [DEBUG] - [JUGADOR_0] Movimiento para CH: dx_int=-4, dy_int=0. HB (antes CH): (633, 413), PosFlotante: (629.9400,413.0000)
2025-05-19 16:49:00 - jugador - [DEBUG] - [JUGADOR_0] Iniciando gestión de colisión con dx=-4, dy=0. Hitbox actual: (633, 413)
2025-05-19 16:49:00 - jugador - [DEBUG] - [JUGADOR_0] Posición POST CH: HB: (629, 413), PosFlotante: (629.00, 413.00)
2025-05-19 16:49:00 - jugador - [DEBUG] - [JUGADOR_0] Hitbox ataque: <rect(488, 417, 42, 15)> (Dir: -1,0)
2025-05-19 16:49:00 - jugador - [DEBUG] - [JUGADOR_0] Pos flotante (pre-límites): (625.9400, 413.0000)
2025-05-19 16:49:00 - jugador - [DEBUG] - [JUGADOR_0] Pos flotante (post-límites): (625.9400, 413.0000)
2025-05-19 16:49:00 - jugador - [DEBUG] - [JUGADOR_0] Movimiento para CH: dx_int=-4, dy_int=0. HB (antes CH): (629, 413), PosFlotante: (625.9400,413.0000)
2025-05-19 16:49:00 - jugador - [DEBUG] - [JUGADOR_0] Iniciando gestión de colisión con dx=-4, dy=0. Hitbox actual: (629, 413)
2025-05-19 16:49:00 - jugador - [DEBUG] - [JUGADOR_0] Posición POST CH: HB: (625, 413), PosFlotante: (625.00, 413.00)
2025-05-19 16:49:00 - jugador - [DEBUG] - [JUGADOR_0] Hitbox ataque: <rect(484, 417, 42, 15)> (Dir: -1,0)
2025-05-19 16:49:00 - jugador - [DEBUG] - [JUGADOR_0] Delta flotante intentado: dx=-2.8800, dy=0.0000 (delta_time: 0.0160)
2025-05-19 16:49:00 - jugador - [DEBUG] - [JUGADOR_0] Pos flotante (pre-límites): (622.1200, 413.0000)
2025-05-19 16:49:00 - jugador - [DEBUG] - [JUGADOR_0] Pos flotante (post-límites): (622.1200, 413.0000)
2025-05-19 16:49:00 - jugador - [DEBUG] - [JUGADOR_0] Movimiento para CH: dx_int=-3, dy_int=0. HB (antes CH): (625, 413), PosFlotante: (622.1200,413.0000)
2025-05-19 16:49:00 - jugador - [DEBUG] - [JUGADOR_0] Iniciando gestión de colisión con dx=-3, dy=0. Hitbox actual: (625, 413)
2025-05-19 16:49:00 - jugador - [DEBUG] - [JUGADOR_0] Posición POST CH: HB: (622, 413), PosFlotante: (622.00, 413.00)
2025-05-19 16:49:00 - jugador - [DEBUG] - [JUGADOR_0] Hitbox ataque: <rect(481, 417, 42, 15)> (Dir: -1,0)
2025-05-19 16:49:00 - jugador - [DEBUG] - [JUGADOR_0] Pos flotante (pre-límites): (619.1200, 413.0000)
2025-05-19 16:49:00 - jugador - [DEBUG] - [JUGADOR_0] Pos flotante (post-límites): (619.1200, 413.0000)
2025-05-19 16:49:00 - jugador - [DEBUG] - [JUGADOR_0] Movimiento para CH: dx_int=-3, dy_int=0. HB (antes CH): (622, 413), PosFlotante: (619.1200,413.0000)
2025-05-19 16:49:00 - jugador - [DEBUG] - [JUGADOR_0] Iniciando gestión de colisión con dx=-3, dy=0. Hitbox actual: (622, 413)
2025-05-19 16:49:00 - jugador - [DEBUG] - [JUGADOR_0] Posición POST CH: HB: (619, 413), PosFlotante: (619.00, 413.00)
2025-05-19 16:49:00 - jugador - [DEBUG] - [JUGADOR_0] Hitbox ataque: <rect(478, 417, 42, 15)> (Dir: -1,0)
2025-05-19 16:49:00 - jugador - [DEBUG] - [JUGADOR_0] Input teclado procesado: mov_x_input_raw=-180, mov_y_input_raw=0
2025-05-19 16:49:00 - jugador - [DEBUG] - [JUGADOR_0] Delta flotante intentado: dx=-3.0600, dy=0.0000 (delta_time: 0.0170)
2025-05-19 16:49:00 - jugador - [DEBUG] - [JUGADOR_0] Pos flotante (pre-límites): (615.9400, 413.0000)
2025-05-19 16:49:00 - jugador - [DEBUG] - [JUGADOR_0] Pos flotante (post-límites): (615.9400, 413.0000)
2025-05-19 16:49:00 - jugador - [DEBUG] - [JUGADOR_0] Movimiento para CH: dx_int=-4, dy_int=0. HB (antes CH): (619, 413), PosFlotante: (615.9400,413.0000)
2025-05-19 16:49:00 - jugador - [DEBUG] - [JUGADOR_0] Iniciando gestión de colisión con dx=-4, dy=0. Hitbox actual: (619, 413)
2025-05-19 16:49:00 - jugador - [DEBUG] - [JUGADOR_0] Posición POST CH: HB: (615, 413), PosFlotante: (615.00, 413.00)
2025-05-19 16:49:00 - jugador - [DEBUG] - [JUGADOR_0] Hitbox ataque: <rect(474, 417, 42, 15)> (Dir: -1,0)
2025-05-19 16:49:00 - jugador - [DEBUG] - [JUGADOR_0] Pos flotante (pre-límites): (611.9400, 413.0000)
2025-05-19 16:49:00 - jugador - [DEBUG] - [JUGADOR_0] Pos flotante (post-límites): (611.9400, 413.0000)
2025-05-19 16:49:00 - jugador - [DEBUG] - [JUGADOR_0] Movimiento para CH: dx_int=-4, dy_int=0. HB (antes CH): (615, 413), PosFlotante: (611.9400,413.0000)
2025-05-19 16:49:00 - jugador - [DEBUG] - [JUGADOR_0] Iniciando gestión de colisión con dx=-4, dy=0. Hitbox actual: (615, 413)
2025-05-19 16:49:00 - jugador - [DEBUG] - [JUGADOR_0] Posición POST CH: HB: (611, 413), PosFlotante: (611.00, 413.00)
2025-05-19 16:49:00 - jugador - [DEBUG] - [JUGADOR_0] Hitbox ataque: <rect(470, 417, 42, 15)> (Dir: -1,0)
2025-05-19 16:49:00 - jugador - [DEBUG] - [JUGADOR_0] Delta flotante intentado: dx=-2.8800, dy=0.0000 (delta_time: 0.0160)
2025-05-19 16:49:00 - jugador - [DEBUG] - [JUGADOR_0] Pos flotante (pre-límites): (608.1200, 413.0000)
2025-05-19 16:49:00 - jugador - [DEBUG] - [JUGADOR_0] Pos flotante (post-límites): (608.1200, 413.0000)
2025-05-19 16:49:00 - jugador - [DEBUG] - [JUGADOR_0] Movimiento para CH: dx_int=-3, dy_int=0. HB (antes CH): (611, 413), PosFlotante: (608.1200,413.0000)
2025-05-19 16:49:00 - jugador - [DEBUG] - [JUGADOR_0] Iniciando gestión de colisión con dx=-3, dy=0. Hitbox actual: (611, 413)
2025-05-19 16:49:00 - jugador - [DEBUG] - [JUGADOR_0] Posición POST CH: HB: (608, 413), PosFlotante: (608.00, 413.00)
2025-05-19 16:49:00 - jugador - [DEBUG] - [JUGADOR_0] Hitbox ataque: <rect(467, 417, 42, 15)> (Dir: -1,0)
2025-05-19 16:49:00 - jugador - [DEBUG] - [JUGADOR_0] Pos flotante (pre-límites): (605.1200, 413.0000)
2025-05-19 16:49:00 - jugador - [DEBUG] - [JUGADOR_0] Pos flotante (post-límites): (605.1200, 413.0000)
2025-05-19 16:49:00 - jugador - [DEBUG] - [JUGADOR_0] Movimiento para CH: dx_int=-3, dy_int=0. HB (antes CH): (608, 413), PosFlotante: (605.1200,413.0000)
2025-05-19 16:49:00 - jugador - [DEBUG] - [JUGADOR_0] Iniciando gestión de colisión con dx=-3, dy=0. Hitbox actual: (608, 413)
2025-05-19 16:49:00 - jugador - [DEBUG] - [JUGADOR_0] Posición POST CH: HB: (605, 413), PosFlotante: (605.00, 413.00)
2025-05-19 16:49:00 - jugador - [DEBUG] - [JUGADOR_0] Hitbox ataque: <rect(464, 417, 42, 15)> (Dir: -1,0)
2025-05-19 16:49:00 - jugador - [DEBUG] - [JUGADOR_0] Input teclado procesado: mov_x_input_raw=-180, mov_y_input_raw=0
2025-05-19 16:49:00 - jugador - [DEBUG] - [JUGADOR_0] Pos flotante (pre-límites): (602.1200, 413.0000)
2025-05-19 16:49:00 - jugador - [DEBUG] - [JUGADOR_0] Pos flotante (post-límites): (602.1200, 413.0000)
2025-05-19 16:49:00 - jugador - [DEBUG] - [JUGADOR_0] Movimiento para CH: dx_int=-3, dy_int=0. HB (antes CH): (605, 413), PosFlotante: (602.1200,413.0000)
2025-05-19 16:49:00 - jugador - [DEBUG] - [JUGADOR_0] Iniciando gestión de colisión con dx=-3, dy=0. Hitbox actual: (605, 413)
2025-05-19 16:49:00 - jugador - [DEBUG] - [JUGADOR_0] Posición POST CH: HB: (602, 413), PosFlotante: (602.00, 413.00)
2025-05-19 16:49:00 - jugador - [DEBUG] - [JUGADOR_0] Hitbox ataque: <rect(461, 417, 42, 15)> (Dir: -1,0)
2025-05-19 16:49:00 - jugador - [DEBUG] - [JUGADOR_0] Pos flotante (pre-límites): (599.1200, 413.0000)
2025-05-19 16:49:00 - jugador - [DEBUG] - [JUGADOR_0] Pos flotante (post-límites): (599.1200, 413.0000)
2025-05-19 16:49:00 - jugador - [DEBUG] - [JUGADOR_0] Movimiento para CH: dx_int=-3, dy_int=0. HB (antes CH): (602, 413), PosFlotante: (599.1200,413.0000)
2025-05-19 16:49:00 - jugador - [DEBUG] - [JUGADOR_0] Iniciando gestión de colisión con dx=-3, dy=0. Hitbox actual: (602, 413)
2025-05-19 16:49:00 - jugador - [DEBUG] - [JUGADOR_0] Posición POST CH: HB: (599, 413), PosFlotante: (599.00, 413.00)
2025-05-19 16:49:00 - jugador - [DEBUG] - [JUGADOR_0] Hitbox ataque: <rect(458, 417, 42, 15)> (Dir: -1,0)
2025-05-19 16:49:00 - jugador - [DEBUG] - [JUGADOR_0] Delta flotante intentado: dx=-2.8800, dy=0.0000 (delta_time: 0.0160)
2025-05-19 16:49:00 - jugador - [DEBUG] - [JUGADOR_0] Pos flotante (pre-límites): (596.1200, 413.0000)
2025-05-19 16:49:00 - jugador - [DEBUG] - [JUGADOR_0] Pos flotante (post-límites): (596.1200, 413.0000)
2025-05-19 16:49:00 - jugador - [DEBUG] - [JUGADOR_0] Movimiento para CH: dx_int=-3, dy_int=0. HB (antes CH): (599, 413), PosFlotante: (596.1200,413.0000)
2025-05-19 16:49:00 - jugador - [DEBUG] - [JUGADOR_0] Iniciando gestión de colisión con dx=-3, dy=0. Hitbox actual: (599, 413)
2025-05-19 16:49:00 - jugador - [DEBUG] - [JUGADOR_0] Posición POST CH: HB: (596, 413), PosFlotante: (596.00, 413.00)
2025-05-19 16:49:00 - jugador - [DEBUG] - [JUGADOR_0] Hitbox ataque: <rect(455, 417, 42, 15)> (Dir: -1,0)
2025-05-19 16:49:00 - jugador - [DEBUG] - [JUGADOR_0] Pos flotante (pre-límites): (593.1200, 413.0000)
2025-05-19 16:49:00 - jugador - [DEBUG] - [JUGADOR_0] Pos flotante (post-límites): (593.1200, 413.0000)
2025-05-19 16:49:00 - jugador - [DEBUG] - [JUGADOR_0] Movimiento para CH: dx_int=-3, dy_int=0. HB (antes CH): (596, 413), PosFlotante: (593.1200,413.0000)
2025-05-19 16:49:00 - jugador - [DEBUG] - [JUGADOR_0] Iniciando gestión de colisión con dx=-3, dy=0. Hitbox actual: (596, 413)
2025-05-19 16:49:00 - jugador - [DEBUG] - [JUGADOR_0] Posición POST CH: HB: (593, 413), PosFlotante: (593.00, 413.00)
2025-05-19 16:49:00 - jugador - [DEBUG] - [JUGADOR_0] ATAQUE FINALIZADO (Duración: 300ms). Enemigos golpeados: 0
2025-05-19 16:49:00 - jugador - [DEBUG] - [JUGADOR_0] Input teclado procesado: mov_x_input_raw=-180, mov_y_input_raw=0
2025-05-19 16:49:00 - jugador - [DEBUG] - [JUGADOR_0] Pos flotante (pre-límites): (590.1200, 413.0000)
2025-05-19 16:49:00 - jugador - [DEBUG] - [JUGADOR_0] Pos flotante (post-límites): (590.1200, 413.0000)
2025-05-19 16:49:00 - jugador - [DEBUG] - [JUGADOR_0] Movimiento para CH: dx_int=-3, dy_int=0. HB (antes CH): (593, 413), PosFlotante: (590.1200,413.0000)
2025-05-19 16:49:00 - jugador - [DEBUG] - [JUGADOR_0] Iniciando gestión de colisión con dx=-3, dy=0. Hitbox actual: (593, 413)
2025-05-19 16:49:00 - jugador - [DEBUG] - [JUGADOR_0] Posición POST CH: HB: (590, 413), PosFlotante: (590.00, 413.00)
2025-05-19 16:49:00 - jugador - [DEBUG] - [JUGADOR_0] Delta flotante intentado: dx=-3.0600, dy=0.0000 (delta_time: 0.0170)
2025-05-19 16:49:00 - jugador - [DEBUG] - [JUGADOR_0] Pos flotante (pre-límites): (586.9400, 413.0000)
2025-05-19 16:49:00 - jugador - [DEBUG] - [JUGADOR_0] Pos flotante (post-límites): (586.9400, 413.0000)
2025-05-19 16:49:00 - jugador - [DEBUG] - [JUGADOR_0] Movimiento para CH: dx_int=-4, dy_int=0. HB (antes CH): (590, 413), PosFlotante: (586.9400,413.0000)
2025-05-19 16:49:00 - jugador - [DEBUG] - [JUGADOR_0] Iniciando gestión de colisión con dx=-4, dy=0. Hitbox actual: (590, 413)
2025-05-19 16:49:00 - jugador - [DEBUG] - [JUGADOR_0] Posición POST CH: HB: (586, 413), PosFlotante: (586.00, 413.00)
2025-05-19 16:49:00 - jugador - [DEBUG] - [JUGADOR_0] Delta flotante intentado: dx=-2.8800, dy=0.0000 (delta_time: 0.0160)
2025-05-19 16:49:00 - jugador - [DEBUG] - [JUGADOR_0] Pos flotante (pre-límites): (583.1200, 413.0000)
2025-05-19 16:49:00 - jugador - [DEBUG] - [JUGADOR_0] Pos flotante (post-límites): (583.1200, 413.0000)
2025-05-19 16:49:00 - jugador - [DEBUG] - [JUGADOR_0] Movimiento para CH: dx_int=-3, dy_int=0. HB (antes CH): (586, 413), PosFlotante: (583.1200,413.0000)
2025-05-19 16:49:00 - jugador - [DEBUG] - [JUGADOR_0] Iniciando gestión de colisión con dx=-3, dy=0. Hitbox actual: (586, 413)
2025-05-19 16:49:00 - jugador - [DEBUG] - [JUGADOR_0] Posición POST CH: HB: (583, 413), PosFlotante: (583.00, 413.00)
2025-05-19 16:49:00 - jugador - [DEBUG] - [JUGADOR_0] Pos flotante (pre-límites): (580.1200, 413.0000)
2025-05-19 16:49:00 - jugador - [DEBUG] - [JUGADOR_0] Pos flotante (post-límites): (580.1200, 413.0000)
2025-05-19 16:49:00 - jugador - [DEBUG] - [JUGADOR_0] Movimiento para CH: dx_int=-3, dy_int=0. HB (antes CH): (583, 413), PosFlotante: (580.1200,413.0000)
2025-05-19 16:49:00 - jugador - [DEBUG] - [JUGADOR_0] Iniciando gestión de colisión con dx=-3, dy=0. Hitbox actual: (583, 413)
2025-05-19 16:49:00 - jugador - [DEBUG] - [JUGADOR_0] Posición POST CH: HB: (580, 413), PosFlotante: (580.00, 413.00)
2025-05-19 16:49:00 - jugador - [DEBUG] - [JUGADOR_0] Input teclado procesado: mov_x_input_raw=-180, mov_y_input_raw=0
2025-05-19 16:49:00 - jugador - [DEBUG] - [JUGADOR_0] Pos flotante (pre-límites): (577.1200, 413.0000)
2025-05-19 16:49:00 - jugador - [DEBUG] - [JUGADOR_0] Pos flotante (post-límites): (577.1200, 413.0000)
2025-05-19 16:49:00 - jugador - [DEBUG] - [JUGADOR_0] Movimiento para CH: dx_int=-3, dy_int=0. HB (antes CH): (580, 413), PosFlotante: (577.1200,413.0000)
2025-05-19 16:49:00 - jugador - [DEBUG] - [JUGADOR_0] Iniciando gestión de colisión con dx=-3, dy=0. Hitbox actual: (580, 413)
2025-05-19 16:49:00 - jugador - [DEBUG] - [JUGADOR_0] Posición POST CH: HB: (577, 413), PosFlotante: (577.00, 413.00)
2025-05-19 16:49:00 - jugador - [DEBUG] - [JUGADOR_0] Pos flotante (pre-límites): (574.1200, 413.0000)
2025-05-19 16:49:00 - jugador - [DEBUG] - [JUGADOR_0] Pos flotante (post-límites): (574.1200, 413.0000)
2025-05-19 16:49:00 - jugador - [DEBUG] - [JUGADOR_0] Movimiento para CH: dx_int=-3, dy_int=0. HB (antes CH): (577, 413), PosFlotante: (574.1200,413.0000)
2025-05-19 16:49:00 - jugador - [DEBUG] - [JUGADOR_0] Iniciando gestión de colisión con dx=-3, dy=0. Hitbox actual: (577, 413)
2025-05-19 16:49:00 - jugador - [DEBUG] - [JUGADOR_0] Posición POST CH: HB: (574, 413), PosFlotante: (574.00, 413.00)
2025-05-19 16:49:00 - jugador - [DEBUG] - [JUGADOR_0] Delta flotante intentado: dx=-2.8800, dy=0.0000 (delta_time: 0.0160)
2025-05-19 16:49:00 - jugador - [DEBUG] - [JUGADOR_0] Pos flotante (pre-límites): (571.1200, 413.0000)
2025-05-19 16:49:00 - jugador - [DEBUG] - [JUGADOR_0] Pos flotante (post-límites): (571.1200, 413.0000)
2025-05-19 16:49:00 - jugador - [DEBUG] - [JUGADOR_0] Movimiento para CH: dx_int=-3, dy_int=0. HB (antes CH): (574, 413), PosFlotante: (571.1200,413.0000)
2025-05-19 16:49:00 - jugador - [DEBUG] - [JUGADOR_0] Iniciando gestión de colisión con dx=-3, dy=0. Hitbox actual: (574, 413)
2025-05-19 16:49:00 - jugador - [DEBUG] - [JUGADOR_0] Posición POST CH: HB: (571, 413), PosFlotante: (571.00, 413.00)
2025-05-19 16:49:00 - jugador - [DEBUG] - [JUGADOR_0] Pos flotante (pre-límites): (568.1200, 413.0000)
2025-05-19 16:49:00 - jugador - [DEBUG] - [JUGADOR_0] Pos flotante (post-límites): (568.1200, 413.0000)
2025-05-19 16:49:00 - jugador - [DEBUG] - [JUGADOR_0] Movimiento para CH: dx_int=-3, dy_int=0. HB (antes CH): (571, 413), PosFlotante: (568.1200,413.0000)
2025-05-19 16:49:00 - jugador - [DEBUG] - [JUGADOR_0] Iniciando gestión de colisión con dx=-3, dy=0. Hitbox actual: (571, 413)
2025-05-19 16:49:00 - jugador - [DEBUG] - [JUGADOR_0] Posición POST CH: HB: (568, 413), PosFlotante: (568.00, 413.00)
2025-05-19 16:49:00 - jugador - [DEBUG] - [JUGADOR_0] Input teclado procesado: mov_x_input_raw=-180, mov_y_input_raw=0
2025-05-19 16:49:00 - jugador - [DEBUG] - [JUGADOR_0] Pos flotante (pre-límites): (565.1200, 413.0000)
2025-05-19 16:49:00 - jugador - [DEBUG] - [JUGADOR_0] Pos flotante (post-límites): (565.1200, 413.0000)
2025-05-19 16:49:00 - jugador - [DEBUG] - [JUGADOR_0] Movimiento para CH: dx_int=-3, dy_int=0. HB (antes CH): (568, 413), PosFlotante: (565.1200,413.0000)
2025-05-19 16:49:00 - jugador - [DEBUG] - [JUGADOR_0] Iniciando gestión de colisión con dx=-3, dy=0. Hitbox actual: (568, 413)
2025-05-19 16:49:00 - jugador - [DEBUG] - [JUGADOR_0] Posición POST CH: HB: (565, 413), PosFlotante: (565.00, 413.00)
2025-05-19 16:49:00 - jugador - [DEBUG] - [JUGADOR_0] Pos flotante (pre-límites): (562.1200, 413.0000)
2025-05-19 16:49:00 - jugador - [DEBUG] - [JUGADOR_0] Pos flotante (post-límites): (562.1200, 413.0000)
2025-05-19 16:49:00 - jugador - [DEBUG] - [JUGADOR_0] Movimiento para CH: dx_int=-3, dy_int=0. HB (antes CH): (565, 413), PosFlotante: (562.1200,413.0000)
2025-05-19 16:49:00 - jugador - [DEBUG] - [JUGADOR_0] Iniciando gestión de colisión con dx=-3, dy=0. Hitbox actual: (565, 413)
2025-05-19 16:49:00 - jugador - [DEBUG] - [JUGADOR_0] Posición POST CH: HB: (562, 413), PosFlotante: (562.00, 413.00)
2025-05-19 16:49:00 - jugador - [DEBUG] - [JUGADOR_0] Delta flotante intentado: dx=-2.8800, dy=0.0000 (delta_time: 0.0160)
2025-05-19 16:49:00 - jugador - [DEBUG] - [JUGADOR_0] Pos flotante (pre-límites): (559.1200, 413.0000)
2025-05-19 16:49:00 - jugador - [DEBUG] - [JUGADOR_0] Pos flotante (post-límites): (559.1200, 413.0000)
2025-05-19 16:49:00 - jugador - [DEBUG] - [JUGADOR_0] Movimiento para CH: dx_int=-3, dy_int=0. HB (antes CH): (562, 413), PosFlotante: (559.1200,413.0000)
2025-05-19 16:49:00 - jugador - [DEBUG] - [JUGADOR_0] Iniciando gestión de colisión con dx=-3, dy=0. Hitbox actual: (562, 413)
2025-05-19 16:49:00 - jugador - [DEBUG] - [JUGADOR_0] Posición POST CH: HB: (559, 413), PosFlotante: (559.00, 413.00)
2025-05-19 16:49:00 - jugador - [DEBUG] - [JUGADOR_0] Pos flotante (pre-límites): (556.1200, 413.0000)
2025-05-19 16:49:00 - jugador - [DEBUG] - [JUGADOR_0] Pos flotante (post-límites): (556.1200, 413.0000)
2025-05-19 16:49:00 - jugador - [DEBUG] - [JUGADOR_0] Movimiento para CH: dx_int=-3, dy_int=0. HB (antes CH): (559, 413), PosFlotante: (556.1200,413.0000)
2025-05-19 16:49:00 - jugador - [DEBUG] - [JUGADOR_0] Iniciando gestión de colisión con dx=-3, dy=0. Hitbox actual: (559, 413)
2025-05-19 16:49:00 - jugador - [DEBUG] - [JUGADOR_0] Posición POST CH: HB: (556, 413), PosFlotante: (556.00, 413.00)
2025-05-19 16:49:00 - jugador - [DEBUG] - [JUGADOR_0] Input teclado procesado: mov_x_input_raw=-180, mov_y_input_raw=0
2025-05-19 16:49:00 - jugador - [DEBUG] - [JUGADOR_0] Pos flotante (pre-límites): (553.1200, 413.0000)
2025-05-19 16:49:00 - jugador - [DEBUG] - [JUGADOR_0] Pos flotante (post-límites): (553.1200, 413.0000)
2025-05-19 16:49:00 - jugador - [DEBUG] - [JUGADOR_0] Movimiento para CH: dx_int=-3, dy_int=0. HB (antes CH): (556, 413), PosFlotante: (553.1200,413.0000)
2025-05-19 16:49:00 - jugador - [DEBUG] - [JUGADOR_0] Iniciando gestión de colisión con dx=-3, dy=0. Hitbox actual: (556, 413)
2025-05-19 16:49:00 - jugador - [DEBUG] - [JUGADOR_0] Posición POST CH: HB: (553, 413), PosFlotante: (553.00, 413.00)
2025-05-19 16:49:00 - jugador - [DEBUG] - [JUGADOR_0] Pos flotante (pre-límites): (550.1200, 413.0000)
2025-05-19 16:49:00 - jugador - [DEBUG] - [JUGADOR_0] Pos flotante (post-límites): (550.1200, 413.0000)
2025-05-19 16:49:00 - jugador - [DEBUG] - [JUGADOR_0] Movimiento para CH: dx_int=-3, dy_int=0. HB (antes CH): (553, 413), PosFlotante: (550.1200,413.0000)
2025-05-19 16:49:00 - jugador - [DEBUG] - [JUGADOR_0] Iniciando gestión de colisión con dx=-3, dy=0. Hitbox actual: (553, 413)
2025-05-19 16:49:00 - jugador - [DEBUG] - [JUGADOR_0] Posición POST CH: HB: (550, 413), PosFlotante: (550.00, 413.00)
2025-05-19 16:49:00 - jugador - [DEBUG] - [JUGADOR_0] Delta flotante intentado: dx=-2.8800, dy=0.0000 (delta_time: 0.0160)
2025-05-19 16:49:00 - jugador - [DEBUG] - [JUGADOR_0] Pos flotante (pre-límites): (547.1200, 413.0000)
2025-05-19 16:49:00 - jugador - [DEBUG] - [JUGADOR_0] Pos flotante (post-límites): (547.1200, 413.0000)
2025-05-19 16:49:00 - jugador - [DEBUG] - [JUGADOR_0] Movimiento para CH: dx_int=-3, dy_int=0. HB (antes CH): (550, 413), PosFlotante: (547.1200,413.0000)
2025-05-19 16:49:00 - jugador - [DEBUG] - [JUGADOR_0] Iniciando gestión de colisión con dx=-3, dy=0. Hitbox actual: (550, 413)
2025-05-19 16:49:00 - jugador - [DEBUG] - [JUGADOR_0] Posición POST CH: HB: (547, 413), PosFlotante: (547.00, 413.00)
2025-05-19 16:49:00 - jugador - [DEBUG] - [JUGADOR_0] Delta flotante intentado: dx=-3.0600, dy=0.0000 (delta_time: 0.0170)
2025-05-19 16:49:00 - jugador - [DEBUG] - [JUGADOR_0] Pos flotante (pre-límites): (543.9400, 413.0000)
2025-05-19 16:49:00 - jugador - [DEBUG] - [JUGADOR_0] Pos flotante (post-límites): (543.9400, 413.0000)
2025-05-19 16:49:00 - jugador - [DEBUG] - [JUGADOR_0] Movimiento para CH: dx_int=-4, dy_int=0. HB (antes CH): (547, 413), PosFlotante: (543.9400,413.0000)
2025-05-19 16:49:00 - jugador - [DEBUG] - [JUGADOR_0] Iniciando gestión de colisión con dx=-4, dy=0. Hitbox actual: (547, 413)
2025-05-19 16:49:00 - jugador - [DEBUG] - [JUGADOR_0] Posición POST CH: HB: (543, 413), PosFlotante: (543.00, 413.00)
2025-05-19 16:49:01 - jugador - [DEBUG] - [JUGADOR_0] Input teclado procesado: mov_x_input_raw=-180, mov_y_input_raw=0
2025-05-19 16:49:01 - jugador - [DEBUG] - [JUGADOR_0] Pos flotante (pre-límites): (540.1200, 413.0000)
2025-05-19 16:49:01 - jugador - [DEBUG] - [JUGADOR_0] Pos flotante (post-límites): (540.1200, 413.0000)
2025-05-19 16:49:01 - jugador - [DEBUG] - [JUGADOR_0] Movimiento para CH: dx_int=-3, dy_int=0. HB (antes CH): (543, 413), PosFlotante: (540.1200,413.0000)
2025-05-19 16:49:01 - jugador - [DEBUG] - [JUGADOR_0] Iniciando gestión de colisión con dx=-3, dy=0. Hitbox actual: (543, 413)
2025-05-19 16:49:01 - jugador - [DEBUG] - [JUGADOR_0] Posición POST CH: HB: (540, 413), PosFlotante: (540.00, 413.00)
2025-05-19 16:49:01 - jugador - [DEBUG] - [JUGADOR_0] Pos flotante (pre-límites): (536.9400, 413.0000)
2025-05-19 16:49:01 - jugador - [DEBUG] - [JUGADOR_0] Pos flotante (post-límites): (536.9400, 413.0000)
2025-05-19 16:49:01 - jugador - [DEBUG] - [JUGADOR_0] Movimiento para CH: dx_int=-4, dy_int=0. HB (antes CH): (540, 413), PosFlotante: (536.9400,413.0000)
2025-05-19 16:49:01 - jugador - [DEBUG] - [JUGADOR_0] Iniciando gestión de colisión con dx=-4, dy=0. Hitbox actual: (540, 413)
2025-05-19 16:49:01 - jugador - [DEBUG] - [JUGADOR_0] Posición POST CH: HB: (536, 413), PosFlotante: (536.00, 413.00)
2025-05-19 16:49:01 - jugador - [DEBUG] - [JUGADOR_0] Pos flotante (pre-límites): (532.9400, 413.0000)
2025-05-19 16:49:01 - jugador - [DEBUG] - [JUGADOR_0] Pos flotante (post-límites): (532.9400, 413.0000)
2025-05-19 16:49:01 - jugador - [DEBUG] - [JUGADOR_0] Movimiento para CH: dx_int=-4, dy_int=0. HB (antes CH): (536, 413), PosFlotante: (532.9400,413.0000)
2025-05-19 16:49:01 - jugador - [DEBUG] - [JUGADOR_0] Iniciando gestión de colisión con dx=-4, dy=0. Hitbox actual: (536, 413)
2025-05-19 16:49:01 - jugador - [DEBUG] - [JUGADOR_0] Posición POST CH: HB: (532, 413), PosFlotante: (532.00, 413.00)
2025-05-19 16:49:01 - jugador - [DEBUG] - [JUGADOR_0] Input teclado procesado: mov_x_input_raw=-180, mov_y_input_raw=0
2025-05-19 16:49:01 - jugador - [DEBUG] - [JUGADOR_0] Delta flotante intentado: dx=-3.0600, dy=0.0000 (delta_time: 0.0170)
2025-05-19 16:49:01 - jugador - [DEBUG] - [JUGADOR_0] Pos flotante (pre-límites): (528.9400, 413.0000)
2025-05-19 16:49:01 - jugador - [DEBUG] - [JUGADOR_0] Pos flotante (post-límites): (528.9400, 413.0000)
2025-05-19 16:49:01 - jugador - [DEBUG] - [JUGADOR_0] Movimiento para CH: dx_int=-4, dy_int=0. HB (antes CH): (532, 413), PosFlotante: (528.9400,413.0000)
2025-05-19 16:49:01 - jugador - [DEBUG] - [JUGADOR_0] Iniciando gestión de colisión con dx=-4, dy=0. Hitbox actual: (532, 413)
2025-05-19 16:49:01 - jugador - [DEBUG] - [JUGADOR_0] Posición POST CH: HB: (528, 413), PosFlotante: (528.00, 413.00)
2025-05-19 16:49:01 - jugador - [DEBUG] - [JUGADOR_0] Pos flotante (pre-límites): (524.9400, 413.0000)
2025-05-19 16:49:01 - jugador - [DEBUG] - [JUGADOR_0] Pos flotante (post-límites): (524.9400, 413.0000)
2025-05-19 16:49:01 - jugador - [DEBUG] - [JUGADOR_0] Movimiento para CH: dx_int=-4, dy_int=0. HB (antes CH): (528, 413), PosFlotante: (524.9400,413.0000)
2025-05-19 16:49:01 - jugador - [DEBUG] - [JUGADOR_0] Iniciando gestión de colisión con dx=-4, dy=0. Hitbox actual: (528, 413)
2025-05-19 16:49:01 - jugador - [DEBUG] - [JUGADOR_0] Posición POST CH: HB: (524, 413), PosFlotante: (524.00, 413.00)
2025-05-19 16:49:01 - jugador - [DEBUG] - [JUGADOR_0] Pos flotante (pre-límites): (520.9400, 413.0000)
2025-05-19 16:49:01 - jugador - [DEBUG] - [JUGADOR_0] Pos flotante (post-límites): (520.9400, 413.0000)
2025-05-19 16:49:01 - jugador - [DEBUG] - [JUGADOR_0] Movimiento para CH: dx_int=-4, dy_int=0. HB (antes CH): (524, 413), PosFlotante: (520.9400,413.0000)
2025-05-19 16:49:01 - jugador - [DEBUG] - [JUGADOR_0] Iniciando gestión de colisión con dx=-4, dy=0. Hitbox actual: (524, 413)
2025-05-19 16:49:01 - jugador - [DEBUG] - [JUGADOR_0] Posición POST CH: HB: (520, 413), PosFlotante: (520.00, 413.00)
2025-05-19 16:49:01 - jugador - [DEBUG] - [JUGADOR_0] Input teclado procesado: mov_x_input_raw=-180, mov_y_input_raw=0
2025-05-19 16:49:01 - jugador - [DEBUG] - [JUGADOR_0] Delta flotante intentado: dx=-2.8800, dy=0.0000 (delta_time: 0.0160)
2025-05-19 16:49:01 - jugador - [DEBUG] - [JUGADOR_0] Pos flotante (pre-límites): (517.1200, 413.0000)
2025-05-19 16:49:01 - jugador - [DEBUG] - [JUGADOR_0] Pos flotante (post-límites): (517.1200, 413.0000)
2025-05-19 16:49:01 - jugador - [DEBUG] - [JUGADOR_0] Movimiento para CH: dx_int=-3, dy_int=0. HB (antes CH): (520, 413), PosFlotante: (517.1200,413.0000)
2025-05-19 16:49:01 - jugador - [DEBUG] - [JUGADOR_0] Iniciando gestión de colisión con dx=-3, dy=0. Hitbox actual: (520, 413)
2025-05-19 16:49:01 - jugador - [DEBUG] - [JUGADOR_0] Posición POST CH: HB: (517, 413), PosFlotante: (517.00, 413.00)
2025-05-19 16:49:01 - jugador - [DEBUG] - [JUGADOR_0] Pos flotante (pre-límites): (514.1200, 413.0000)
2025-05-19 16:49:01 - jugador - [DEBUG] - [JUGADOR_0] Pos flotante (post-límites): (514.1200, 413.0000)
2025-05-19 16:49:01 - jugador - [DEBUG] - [JUGADOR_0] Movimiento para CH: dx_int=-3, dy_int=0. HB (antes CH): (517, 413), PosFlotante: (514.1200,413.0000)
2025-05-19 16:49:01 - jugador - [DEBUG] - [JUGADOR_0] Iniciando gestión de colisión con dx=-3, dy=0. Hitbox actual: (517, 413)
2025-05-19 16:49:01 - jugador - [DEBUG] - [JUGADOR_0] Posición POST CH: HB: (514, 413), PosFlotante: (514.00, 413.00)
2025-05-19 16:49:01 - jugador - [DEBUG] - [JUGADOR_0] Input teclado procesado: mov_x_input_raw=180, mov_y_input_raw=0
2025-05-19 16:49:01 - jugador - [DEBUG] - [JUGADOR_0] Delta flotante intentado: dx=3.0600, dy=0.0000 (delta_time: 0.0170)
2025-05-19 16:49:01 - jugador - [DEBUG] - [JUGADOR_0] Pos flotante (pre-límites): (517.0600, 413.0000)
2025-05-19 16:49:01 - jugador - [DEBUG] - [JUGADOR_0] Pos flotante (post-límites): (517.0600, 413.0000)
2025-05-19 16:49:01 - jugador - [DEBUG] - [JUGADOR_0] Movimiento para CH: dx_int=4, dy_int=0. HB (antes CH): (514, 413), PosFlotante: (517.0600,413.0000)
2025-05-19 16:49:01 - jugador - [DEBUG] - [JUGADOR_0] Iniciando gestión de colisión con dx=4, dy=0. Hitbox actual: (514, 413)
2025-05-19 16:49:01 - jugador - [DEBUG] - [JUGADOR_0] Posición POST CH: HB: (518, 413), PosFlotante: (518.00, 413.00)
2025-05-19 16:49:01 - jugador - [DEBUG] - [JUGADOR_0] Pos flotante (pre-límites): (521.0600, 413.0000)
2025-05-19 16:49:01 - jugador - [DEBUG] - [JUGADOR_0] Pos flotante (post-límites): (521.0600, 413.0000)
2025-05-19 16:49:01 - jugador - [DEBUG] - [JUGADOR_0] Movimiento para CH: dx_int=4, dy_int=0. HB (antes CH): (518, 413), PosFlotante: (521.0600,413.0000)
2025-05-19 16:49:01 - jugador - [DEBUG] - [JUGADOR_0] Iniciando gestión de colisión con dx=4, dy=0. Hitbox actual: (518, 413)
2025-05-19 16:49:01 - jugador - [DEBUG] - [JUGADOR_0] Posición POST CH: HB: (522, 413), PosFlotante: (522.00, 413.00)
2025-05-19 16:49:01 - jugador - [DEBUG] - [JUGADOR_0] Delta flotante intentado: dx=2.8800, dy=0.0000 (delta_time: 0.0160)
2025-05-19 16:49:01 - jugador - [DEBUG] - [JUGADOR_0] Pos flotante (pre-límites): (524.8800, 413.0000)
2025-05-19 16:49:01 - jugador - [DEBUG] - [JUGADOR_0] Pos flotante (post-límites): (524.8800, 413.0000)
2025-05-19 16:49:01 - jugador - [DEBUG] - [JUGADOR_0] Movimiento para CH: dx_int=3, dy_int=0. HB (antes CH): (522, 413), PosFlotante: (524.8800,413.0000)
2025-05-19 16:49:01 - jugador - [DEBUG] - [JUGADOR_0] Iniciando gestión de colisión con dx=3, dy=0. Hitbox actual: (522, 413)
2025-05-19 16:49:01 - jugador - [DEBUG] - [JUGADOR_0] Posición POST CH: HB: (525, 413), PosFlotante: (525.00, 413.00)
2025-05-19 16:49:01 - jugador - [DEBUG] - [JUGADOR_0] Pos flotante (pre-límites): (527.8800, 413.0000)
2025-05-19 16:49:01 - jugador - [DEBUG] - [JUGADOR_0] Pos flotante (post-límites): (527.8800, 413.0000)
2025-05-19 16:49:01 - jugador - [DEBUG] - [JUGADOR_0] Movimiento para CH: dx_int=3, dy_int=0. HB (antes CH): (525, 413), PosFlotante: (527.8800,413.0000)
2025-05-19 16:49:01 - jugador - [DEBUG] - [JUGADOR_0] Iniciando gestión de colisión con dx=3, dy=0. Hitbox actual: (525, 413)
2025-05-19 16:49:01 - jugador - [DEBUG] - [JUGADOR_0] Posición POST CH: HB: (528, 413), PosFlotante: (528.00, 413.00)
2025-05-19 16:49:01 - jugador - [DEBUG] - [JUGADOR_0] Input teclado procesado: mov_x_input_raw=180, mov_y_input_raw=0
2025-05-19 16:49:01 - jugador - [DEBUG] - [JUGADOR_0] Delta flotante intentado: dx=3.0600, dy=0.0000 (delta_time: 0.0170)
2025-05-19 16:49:01 - jugador - [DEBUG] - [JUGADOR_0] Pos flotante (pre-límites): (531.0600, 413.0000)
2025-05-19 16:49:01 - jugador - [DEBUG] - [JUGADOR_0] Pos flotante (post-límites): (531.0600, 413.0000)
2025-05-19 16:49:01 - jugador - [DEBUG] - [JUGADOR_0] Movimiento para CH: dx_int=4, dy_int=0. HB (antes CH): (528, 413), PosFlotante: (531.0600,413.0000)
2025-05-19 16:49:01 - jugador - [DEBUG] - [JUGADOR_0] Iniciando gestión de colisión con dx=4, dy=0. Hitbox actual: (528, 413)
2025-05-19 16:49:01 - jugador - [DEBUG] - [JUGADOR_0] Posición POST CH: HB: (532, 413), PosFlotante: (532.00, 413.00)
2025-05-19 16:49:01 - jugador - [DEBUG] - [JUGADOR_0] Pos flotante (pre-límites): (535.0600, 413.0000)
2025-05-19 16:49:01 - jugador - [DEBUG] - [JUGADOR_0] Pos flotante (post-límites): (535.0600, 413.0000)
2025-05-19 16:49:01 - jugador - [DEBUG] - [JUGADOR_0] Movimiento para CH: dx_int=4, dy_int=0. HB (antes CH): (532, 413), PosFlotante: (535.0600,413.0000)
2025-05-19 16:49:01 - jugador - [DEBUG] - [JUGADOR_0] Iniciando gestión de colisión con dx=4, dy=0. Hitbox actual: (532, 413)
2025-05-19 16:49:01 - jugador - [DEBUG] - [JUGADOR_0] Posición POST CH: HB: (536, 413), PosFlotante: (536.00, 413.00)
2025-05-19 16:49:01 - jugador - [DEBUG] - [JUGADOR_0] Delta flotante intentado: dx=2.8800, dy=0.0000 (delta_time: 0.0160)
2025-05-19 16:49:01 - jugador - [DEBUG] - [JUGADOR_0] Pos flotante (pre-límites): (538.8800, 413.0000)
2025-05-19 16:49:01 - jugador - [DEBUG] - [JUGADOR_0] Pos flotante (post-límites): (538.8800, 413.0000)
2025-05-19 16:49:01 - jugador - [DEBUG] - [JUGADOR_0] Movimiento para CH: dx_int=3, dy_int=0. HB (antes CH): (536, 413), PosFlotante: (538.8800,413.0000)
2025-05-19 16:49:01 - jugador - [DEBUG] - [JUGADOR_0] Iniciando gestión de colisión con dx=3, dy=0. Hitbox actual: (536, 413)
2025-05-19 16:49:01 - jugador - [DEBUG] - [JUGADOR_0] Posición POST CH: HB: (539, 413), PosFlotante: (539.00, 413.00)
2025-05-19 16:49:01 - jugador - [DEBUG] - [JUGADOR_0] Input teclado procesado: mov_x_input_raw=180, mov_y_input_raw=0
2025-05-19 16:49:01 - jugador - [DEBUG] - [JUGADOR_0] Delta flotante intentado: dx=3.0600, dy=0.0000 (delta_time: 0.0170)
2025-05-19 16:49:01 - jugador - [DEBUG] - [JUGADOR_0] Pos flotante (pre-límites): (542.0600, 413.0000)
2025-05-19 16:49:01 - jugador - [DEBUG] - [JUGADOR_0] Pos flotante (post-límites): (542.0600, 413.0000)
2025-05-19 16:49:01 - jugador - [DEBUG] - [JUGADOR_0] Movimiento para CH: dx_int=4, dy_int=0. HB (antes CH): (539, 413), PosFlotante: (542.0600,413.0000)
2025-05-19 16:49:01 - jugador - [DEBUG] - [JUGADOR_0] Iniciando gestión de colisión con dx=4, dy=0. Hitbox actual: (539, 413)
2025-05-19 16:49:01 - jugador - [DEBUG] - [JUGADOR_0] Posición POST CH: HB: (543, 413), PosFlotante: (543.00, 413.00)
2025-05-19 16:49:01 - jugador - [INFO] - [JUGADOR_0] ATAQUE INICIADO (Cooldown: 700.0ms). Perfil: 'ataque_offset_distancia'
2025-05-19 16:49:01 - jugador - [DEBUG] - [JUGADOR_0] Pos flotante (pre-límites): (545.8800, 413.0000)
2025-05-19 16:49:01 - jugador - [DEBUG] - [JUGADOR_0] Pos flotante (post-límites): (545.8800, 413.0000)
2025-05-19 16:49:01 - jugador - [DEBUG] - [JUGADOR_0] Movimiento para CH: dx_int=3, dy_int=0. HB (antes CH): (543, 413), PosFlotante: (545.8800,413.0000)
2025-05-19 16:49:01 - jugador - [DEBUG] - [JUGADOR_0] Iniciando gestión de colisión con dx=3, dy=0. Hitbox actual: (543, 413)
2025-05-19 16:49:01 - jugador - [DEBUG] - [JUGADOR_0] Posición POST CH: HB: (546, 413), PosFlotante: (546.00, 413.00)
2025-05-19 16:49:01 - jugador - [DEBUG] - [JUGADOR_0] Hitbox ataque: <rect(669, 417, 42, 15)> (Dir: 1,0)
2025-05-19 16:49:01 - jugador - [INFO] - [JUGADOR_0] Golpeó a [Enemigo_1] con 5 de daño.
2025-05-19 16:49:01 - jugador - [INFO] - [JUGADOR_0] Golpeó a [Enemigo_2] con 5 de daño.
2025-05-19 16:49:01 - jugador - [DEBUG] - [JUGADOR_0] Pos flotante (pre-límites): (549.0600, 413.0000)
2025-05-19 16:49:01 - jugador - [DEBUG] - [JUGADOR_0] Pos flotante (post-límites): (549.0600, 413.0000)
2025-05-19 16:49:01 - jugador - [DEBUG] - [JUGADOR_0] Movimiento para CH: dx_int=4, dy_int=0. HB (antes CH): (546, 413), PosFlotante: (549.0600,413.0000)
2025-05-19 16:49:01 - jugador - [DEBUG] - [JUGADOR_0] Iniciando gestión de colisión con dx=4, dy=0. Hitbox actual: (546, 413)
2025-05-19 16:49:01 - jugador - [DEBUG] - [JUGADOR_0] Posición POST CH: HB: (550, 413), PosFlotante: (550.00, 413.00)
2025-05-19 16:49:01 - jugador - [DEBUG] - [JUGADOR_0] Hitbox ataque: <rect(673, 417, 42, 15)> (Dir: 1,0)
2025-05-19 16:49:01 - jugador - [DEBUG] - [JUGADOR_0] Input teclado procesado: mov_x_input_raw=180, mov_y_input_raw=0
2025-05-19 16:49:01 - jugador - [DEBUG] - [JUGADOR_0] Delta flotante intentado: dx=3.0600, dy=0.0000 (delta_time: 0.0170)
2025-05-19 16:49:01 - jugador - [DEBUG] - [JUGADOR_0] Pos flotante (pre-límites): (553.0600, 413.0000)
2025-05-19 16:49:01 - jugador - [DEBUG] - [JUGADOR_0] Pos flotante (post-límites): (553.0600, 413.0000)
2025-05-19 16:49:01 - jugador - [DEBUG] - [JUGADOR_0] Movimiento para CH: dx_int=4, dy_int=0. HB (antes CH): (550, 413), PosFlotante: (553.0600,413.0000)
2025-05-19 16:49:01 - jugador - [DEBUG] - [JUGADOR_0] Iniciando gestión de colisión con dx=4, dy=0. Hitbox actual: (550, 413)
2025-05-19 16:49:01 - jugador - [DEBUG] - [JUGADOR_0] Posición POST CH: HB: (554, 413), PosFlotante: (554.00, 413.00)
2025-05-19 16:49:01 - jugador - [DEBUG] - [JUGADOR_0] Hitbox ataque: <rect(677, 417, 42, 15)> (Dir: 1,0)
2025-05-19 16:49:01 - jugador - [DEBUG] - [JUGADOR_0] Delta flotante intentado: dx=2.8800, dy=0.0000 (delta_time: 0.0160)
2025-05-19 16:49:01 - jugador - [DEBUG] - [JUGADOR_0] Pos flotante (pre-límites): (556.8800, 413.0000)
2025-05-19 16:49:01 - jugador - [DEBUG] - [JUGADOR_0] Pos flotante (post-límites): (556.8800, 413.0000)
2025-05-19 16:49:01 - jugador - [DEBUG] - [JUGADOR_0] Movimiento para CH: dx_int=3, dy_int=0. HB (antes CH): (554, 413), PosFlotante: (556.8800,413.0000)
2025-05-19 16:49:01 - jugador - [DEBUG] - [JUGADOR_0] Iniciando gestión de colisión con dx=3, dy=0. Hitbox actual: (554, 413)
2025-05-19 16:49:01 - jugador - [DEBUG] - [JUGADOR_0] Posición POST CH: HB: (557, 413), PosFlotante: (557.00, 413.00)
2025-05-19 16:49:01 - jugador - [DEBUG] - [JUGADOR_0] Hitbox ataque: <rect(680, 417, 42, 15)> (Dir: 1,0)
2025-05-19 16:49:01 - jugador - [DEBUG] - [JUGADOR_0] Pos flotante (pre-límites): (559.8800, 413.0000)
2025-05-19 16:49:01 - jugador - [DEBUG] - [JUGADOR_0] Pos flotante (post-límites): (559.8800, 413.0000)
2025-05-19 16:49:01 - jugador - [DEBUG] - [JUGADOR_0] Movimiento para CH: dx_int=3, dy_int=0. HB (antes CH): (557, 413), PosFlotante: (559.8800,413.0000)
2025-05-19 16:49:01 - jugador - [DEBUG] - [JUGADOR_0] Iniciando gestión de colisión con dx=3, dy=0. Hitbox actual: (557, 413)
2025-05-19 16:49:01 - jugador - [DEBUG] - [JUGADOR_0] Posición POST CH: HB: (560, 413), PosFlotante: (560.00, 413.00)
2025-05-19 16:49:01 - jugador - [DEBUG] - [JUGADOR_0] Hitbox ataque: <rect(683, 417, 42, 15)> (Dir: 1,0)
2025-05-19 16:49:01 - jugador - [DEBUG] - [JUGADOR_0] Pos flotante (pre-límites): (563.0600, 413.0000)
2025-05-19 16:49:01 - jugador - [DEBUG] - [JUGADOR_0] Pos flotante (post-límites): (563.0600, 413.0000)
2025-05-19 16:49:01 - jugador - [DEBUG] - [JUGADOR_0] Movimiento para CH: dx_int=4, dy_int=0. HB (antes CH): (560, 413), PosFlotante: (563.0600,413.0000)
2025-05-19 16:49:01 - jugador - [DEBUG] - [JUGADOR_0] Iniciando gestión de colisión con dx=4, dy=0. Hitbox actual: (560, 413)
2025-05-19 16:49:01 - jugador - [DEBUG] - [JUGADOR_0] Posición POST CH: HB: (564, 413), PosFlotante: (564.00, 413.00)
2025-05-19 16:49:01 - jugador - [DEBUG] - [JUGADOR_0] Hitbox ataque: <rect(687, 417, 42, 15)> (Dir: 1,0)
2025-05-19 16:49:01 - jugador - [DEBUG] - [JUGADOR_0] Input teclado procesado: mov_x_input_raw=180, mov_y_input_raw=0
2025-05-19 16:49:01 - jugador - [DEBUG] - [JUGADOR_0] Pos flotante (pre-límites): (566.8800, 413.0000)
2025-05-19 16:49:01 - jugador - [DEBUG] - [JUGADOR_0] Pos flotante (post-límites): (566.8800, 413.0000)
2025-05-19 16:49:01 - jugador - [DEBUG] - [JUGADOR_0] Movimiento para CH: dx_int=3, dy_int=0. HB (antes CH): (564, 413), PosFlotante: (566.8800,413.0000)
2025-05-19 16:49:01 - jugador - [DEBUG] - [JUGADOR_0] Iniciando gestión de colisión con dx=3, dy=0. Hitbox actual: (564, 413)
2025-05-19 16:49:01 - jugador - [DEBUG] - [JUGADOR_0] Posición POST CH: HB: (567, 413), PosFlotante: (567.00, 413.00)
2025-05-19 16:49:01 - jugador - [DEBUG] - [JUGADOR_0] Hitbox ataque: <rect(690, 417, 42, 15)> (Dir: 1,0)
2025-05-19 16:49:01 - jugador - [DEBUG] - [JUGADOR_0] Delta flotante intentado: dx=3.0600, dy=0.0000 (delta_time: 0.0170)
2025-05-19 16:49:01 - jugador - [DEBUG] - [JUGADOR_0] Pos flotante (pre-límites): (570.0600, 413.0000)
2025-05-19 16:49:01 - jugador - [DEBUG] - [JUGADOR_0] Pos flotante (post-límites): (570.0600, 413.0000)
2025-05-19 16:49:01 - jugador - [DEBUG] - [JUGADOR_0] Movimiento para CH: dx_int=4, dy_int=0. HB (antes CH): (567, 413), PosFlotante: (570.0600,413.0000)
2025-05-19 16:49:01 - jugador - [DEBUG] - [JUGADOR_0] Iniciando gestión de colisión con dx=4, dy=0. Hitbox actual: (567, 413)
2025-05-19 16:49:01 - jugador - [DEBUG] - [JUGADOR_0] Posición POST CH: HB: (571, 413), PosFlotante: (571.00, 413.00)
2025-05-19 16:49:01 - jugador - [DEBUG] - [JUGADOR_0] Hitbox ataque: <rect(694, 417, 42, 15)> (Dir: 1,0)
2025-05-19 16:49:01 - jugador - [DEBUG] - [JUGADOR_0] Input teclado procesado: mov_x_input_raw=-180, mov_y_input_raw=0
2025-05-19 16:49:01 - jugador - [DEBUG] - [JUGADOR_0] Delta flotante intentado: dx=-2.8800, dy=0.0000 (delta_time: 0.0160)
2025-05-19 16:49:01 - jugador - [DEBUG] - [JUGADOR_0] Pos flotante (pre-límites): (568.1200, 413.0000)
2025-05-19 16:49:01 - jugador - [DEBUG] - [JUGADOR_0] Pos flotante (post-límites): (568.1200, 413.0000)
2025-05-19 16:49:01 - jugador - [DEBUG] - [JUGADOR_0] Movimiento para CH: dx_int=-3, dy_int=0. HB (antes CH): (571, 413), PosFlotante: (568.1200,413.0000)
2025-05-19 16:49:01 - jugador - [DEBUG] - [JUGADOR_0] Iniciando gestión de colisión con dx=-3, dy=0. Hitbox actual: (571, 413)
2025-05-19 16:49:01 - jugador - [DEBUG] - [JUGADOR_0] Posición POST CH: HB: (568, 413), PosFlotante: (568.00, 413.00)
2025-05-19 16:49:01 - jugador - [DEBUG] - [JUGADOR_0] Hitbox ataque: <rect(427, 417, 42, 15)> (Dir: -1,0)
2025-05-19 16:49:01 - jugador - [DEBUG] - [JUGADOR_0] Delta flotante intentado: dx=-3.0600, dy=0.0000 (delta_time: 0.0170)
2025-05-19 16:49:01 - jugador - [DEBUG] - [JUGADOR_0] Pos flotante (pre-límites): (564.9400, 413.0000)
2025-05-19 16:49:01 - jugador - [DEBUG] - [JUGADOR_0] Pos flotante (post-límites): (564.9400, 413.0000)
2025-05-19 16:49:01 - jugador - [DEBUG] - [JUGADOR_0] Movimiento para CH: dx_int=-4, dy_int=0. HB (antes CH): (568, 413), PosFlotante: (564.9400,413.0000)
2025-05-19 16:49:01 - jugador - [DEBUG] - [JUGADOR_0] Iniciando gestión de colisión con dx=-4, dy=0. Hitbox actual: (568, 413)
2025-05-19 16:49:01 - jugador - [DEBUG] - [JUGADOR_0] Posición POST CH: HB: (564, 413), PosFlotante: (564.00, 413.00)
2025-05-19 16:49:01 - jugador - [DEBUG] - [JUGADOR_0] Hitbox ataque: <rect(423, 417, 42, 15)> (Dir: -1,0)
2025-05-19 16:49:01 - jugador - [DEBUG] - [JUGADOR_0] Pos flotante (pre-límites): (561.1200, 413.0000)
2025-05-19 16:49:01 - jugador - [DEBUG] - [JUGADOR_0] Pos flotante (post-límites): (561.1200, 413.0000)
2025-05-19 16:49:01 - jugador - [DEBUG] - [JUGADOR_0] Movimiento para CH: dx_int=-3, dy_int=0. HB (antes CH): (564, 413), PosFlotante: (561.1200,413.0000)
2025-05-19 16:49:01 - jugador - [DEBUG] - [JUGADOR_0] Iniciando gestión de colisión con dx=-3, dy=0. Hitbox actual: (564, 413)
2025-05-19 16:49:01 - jugador - [DEBUG] - [JUGADOR_0] Posición POST CH: HB: (561, 413), PosFlotante: (561.00, 413.00)
2025-05-19 16:49:01 - jugador - [DEBUG] - [JUGADOR_0] Hitbox ataque: <rect(420, 417, 42, 15)> (Dir: -1,0)
2025-05-19 16:49:01 - jugador - [DEBUG] - [JUGADOR_0] Input teclado procesado: mov_x_input_raw=-180, mov_y_input_raw=0
2025-05-19 16:49:01 - jugador - [DEBUG] - [JUGADOR_0] Delta flotante intentado: dx=-3.2400, dy=0.0000 (delta_time: 0.0180)
2025-05-19 16:49:01 - jugador - [DEBUG] - [JUGADOR_0] Pos flotante (pre-límites): (557.7600, 413.0000)
2025-05-19 16:49:01 - jugador - [DEBUG] - [JUGADOR_0] Pos flotante (post-límites): (557.7600, 413.0000)
2025-05-19 16:49:01 - jugador - [DEBUG] - [JUGADOR_0] Movimiento para CH: dx_int=-4, dy_int=0. HB (antes CH): (561, 413), PosFlotante: (557.7600,413.0000)
2025-05-19 16:49:01 - jugador - [DEBUG] - [JUGADOR_0] Iniciando gestión de colisión con dx=-4, dy=0. Hitbox actual: (561, 413)
2025-05-19 16:49:01 - jugador - [DEBUG] - [JUGADOR_0] Posición POST CH: HB: (557, 413), PosFlotante: (557.00, 413.00)
2025-05-19 16:49:01 - jugador - [DEBUG] - [JUGADOR_0] Hitbox ataque: <rect(416, 417, 42, 15)> (Dir: -1,0)
2025-05-19 16:49:01 - jugador - [DEBUG] - [JUGADOR_0] Delta flotante intentado: dx=-3.0600, dy=0.0000 (delta_time: 0.0170)
2025-05-19 16:49:01 - jugador - [DEBUG] - [JUGADOR_0] Pos flotante (pre-límites): (553.9400, 413.0000)
2025-05-19 16:49:01 - jugador - [DEBUG] - [JUGADOR_0] Pos flotante (post-límites): (553.9400, 413.0000)
2025-05-19 16:49:01 - jugador - [DEBUG] - [JUGADOR_0] Movimiento para CH: dx_int=-4, dy_int=0. HB (antes CH): (557, 413), PosFlotante: (553.9400,413.0000)
2025-05-19 16:49:01 - jugador - [DEBUG] - [JUGADOR_0] Iniciando gestión de colisión con dx=-4, dy=0. Hitbox actual: (557, 413)
2025-05-19 16:49:01 - jugador - [DEBUG] - [JUGADOR_0] Posición POST CH: HB: (553, 413), PosFlotante: (553.00, 413.00)
2025-05-19 16:49:01 - jugador - [DEBUG] - [JUGADOR_0] Hitbox ataque: <rect(412, 417, 42, 15)> (Dir: -1,0)
2025-05-19 16:49:01 - jugador - [DEBUG] - [JUGADOR_0] Pos flotante (pre-límites): (549.9400, 413.0000)
2025-05-19 16:49:01 - jugador - [DEBUG] - [JUGADOR_0] Pos flotante (post-límites): (549.9400, 413.0000)
2025-05-19 16:49:01 - jugador - [DEBUG] - [JUGADOR_0] Movimiento para CH: dx_int=-4, dy_int=0. HB (antes CH): (553, 413), PosFlotante: (549.9400,413.0000)
2025-05-19 16:49:01 - jugador - [DEBUG] - [JUGADOR_0] Iniciando gestión de colisión con dx=-4, dy=0. Hitbox actual: (553, 413)
2025-05-19 16:49:01 - jugador - [DEBUG] - [JUGADOR_0] Posición POST CH: HB: (549, 413), PosFlotante: (549.00, 413.00)
2025-05-19 16:49:01 - jugador - [DEBUG] - [JUGADOR_0] Hitbox ataque: <rect(408, 417, 42, 15)> (Dir: -1,0)
2025-05-19 16:49:01 - jugador - [DEBUG] - [JUGADOR_0] Input teclado procesado: mov_x_input_raw=-180, mov_y_input_raw=0
2025-05-19 16:49:01 - jugador - [DEBUG] - [JUGADOR_0] Pos flotante (pre-límites): (545.9400, 413.0000)
2025-05-19 16:49:01 - jugador - [DEBUG] - [JUGADOR_0] Pos flotante (post-límites): (545.9400, 413.0000)
2025-05-19 16:49:01 - jugador - [DEBUG] - [JUGADOR_0] Movimiento para CH: dx_int=-4, dy_int=0. HB (antes CH): (549, 413), PosFlotante: (545.9400,413.0000)
2025-05-19 16:49:01 - jugador - [DEBUG] - [JUGADOR_0] Iniciando gestión de colisión con dx=-4, dy=0. Hitbox actual: (549, 413)
2025-05-19 16:49:01 - jugador - [DEBUG] - [JUGADOR_0] Posición POST CH: HB: (545, 413), PosFlotante: (545.00, 413.00)
2025-05-19 16:49:01 - jugador - [DEBUG] - [JUGADOR_0] Hitbox ataque: <rect(404, 417, 42, 15)> (Dir: -1,0)
2025-05-19 16:49:01 - jugador - [DEBUG] - [JUGADOR_0] Delta flotante intentado: dx=-2.8800, dy=0.0000 (delta_time: 0.0160)
2025-05-19 16:49:01 - jugador - [DEBUG] - [JUGADOR_0] Pos flotante (pre-límites): (542.1200, 413.0000)
2025-05-19 16:49:01 - jugador - [DEBUG] - [JUGADOR_0] Pos flotante (post-límites): (542.1200, 413.0000)
2025-05-19 16:49:01 - jugador - [DEBUG] - [JUGADOR_0] Movimiento para CH: dx_int=-3, dy_int=0. HB (antes CH): (545, 413), PosFlotante: (542.1200,413.0000)
2025-05-19 16:49:01 - jugador - [DEBUG] - [JUGADOR_0] Iniciando gestión de colisión con dx=-3, dy=0. Hitbox actual: (545, 413)
2025-05-19 16:49:01 - jugador - [DEBUG] - [JUGADOR_0] Posición POST CH: HB: (542, 413), PosFlotante: (542.00, 413.00)
2025-05-19 16:49:01 - jugador - [DEBUG] - [JUGADOR_0] Hitbox ataque: <rect(401, 417, 42, 15)> (Dir: -1,0)
2025-05-19 16:49:01 - jugador - [DEBUG] - [JUGADOR_0] Delta flotante intentado: dx=-3.0600, dy=0.0000 (delta_time: 0.0170)
2025-05-19 16:49:01 - jugador - [DEBUG] - [JUGADOR_0] Pos flotante (pre-límites): (538.9400, 413.0000)
2025-05-19 16:49:01 - jugador - [DEBUG] - [JUGADOR_0] Pos flotante (post-límites): (538.9400, 413.0000)
2025-05-19 16:49:01 - jugador - [DEBUG] - [JUGADOR_0] Movimiento para CH: dx_int=-4, dy_int=0. HB (antes CH): (542, 413), PosFlotante: (538.9400,413.0000)
2025-05-19 16:49:01 - jugador - [DEBUG] - [JUGADOR_0] Iniciando gestión de colisión con dx=-4, dy=0. Hitbox actual: (542, 413)
2025-05-19 16:49:01 - jugador - [DEBUG] - [JUGADOR_0] Posición POST CH: HB: (538, 413), PosFlotante: (538.00, 413.00)
2025-05-19 16:49:01 - jugador - [DEBUG] - [JUGADOR_0] Hitbox ataque: <rect(397, 417, 42, 15)> (Dir: -1,0)
2025-05-19 16:49:01 - jugador - [DEBUG] - [JUGADOR_0] Input teclado procesado: mov_x_input_raw=-180, mov_y_input_raw=0
2025-05-19 16:49:01 - jugador - [DEBUG] - [JUGADOR_0] Pos flotante (pre-límites): (534.9400, 413.0000)
2025-05-19 16:49:01 - jugador - [DEBUG] - [JUGADOR_0] Pos flotante (post-límites): (534.9400, 413.0000)
2025-05-19 16:49:01 - jugador - [DEBUG] - [JUGADOR_0] Movimiento para CH: dx_int=-4, dy_int=0. HB (antes CH): (538, 413), PosFlotante: (534.9400,413.0000)
2025-05-19 16:49:01 - jugador - [DEBUG] - [JUGADOR_0] Iniciando gestión de colisión con dx=-4, dy=0. Hitbox actual: (538, 413)
2025-05-19 16:49:01 - jugador - [DEBUG] - [JUGADOR_0] Posición POST CH: HB: (534, 413), PosFlotante: (534.00, 413.00)
2025-05-19 16:49:01 - jugador - [DEBUG] - [JUGADOR_0] Hitbox ataque: <rect(393, 417, 42, 15)> (Dir: -1,0)
2025-05-19 16:49:01 - jugador - [DEBUG] - [JUGADOR_0] Pos flotante (pre-límites): (530.9400, 413.0000)
2025-05-19 16:49:01 - jugador - [DEBUG] - [JUGADOR_0] Pos flotante (post-límites): (530.9400, 413.0000)
2025-05-19 16:49:01 - jugador - [DEBUG] - [JUGADOR_0] Movimiento para CH: dx_int=-4, dy_int=0. HB (antes CH): (534, 413), PosFlotante: (530.9400,413.0000)
2025-05-19 16:49:01 - jugador - [DEBUG] - [JUGADOR_0] Iniciando gestión de colisión con dx=-4, dy=0. Hitbox actual: (534, 413)
2025-05-19 16:49:01 - jugador - [DEBUG] - [JUGADOR_0] Posición POST CH: HB: (530, 413), PosFlotante: (530.00, 413.00)
2025-05-19 16:49:01 - jugador - [DEBUG] - [JUGADOR_0] ATAQUE FINALIZADO (Duración: 300ms). Enemigos golpeados: 2
2025-05-19 16:49:01 - jugador - [DEBUG] - [JUGADOR_0] Delta flotante intentado: dx=-3.0600, dy=0.0000 (delta_time: 0.0170)
2025-05-19 16:49:01 - jugador - [DEBUG] - [JUGADOR_0] Pos flotante (pre-límites): (526.9400, 413.0000)
2025-05-19 16:49:01 - jugador - [DEBUG] - [JUGADOR_0] Pos flotante (post-límites): (526.9400, 413.0000)
2025-05-19 16:49:01 - jugador - [DEBUG] - [JUGADOR_0] Movimiento para CH: dx_int=-4, dy_int=0. HB (antes CH): (530, 413), PosFlotante: (526.9400,413.0000)
2025-05-19 16:49:01 - jugador - [DEBUG] - [JUGADOR_0] Iniciando gestión de colisión con dx=-4, dy=0. Hitbox actual: (530, 413)
2025-05-19 16:49:01 - jugador - [DEBUG] - [JUGADOR_0] Posición POST CH: HB: (526, 413), PosFlotante: (526.00, 413.00)
2025-05-19 16:49:01 - jugador - [DEBUG] - [JUGADOR_0] Input teclado procesado: mov_x_input_raw=-180, mov_y_input_raw=0
2025-05-19 16:49:01 - jugador - [DEBUG] - [JUGADOR_0] Delta flotante intentado: dx=-2.8800, dy=0.0000 (delta_time: 0.0160)
2025-05-19 16:49:01 - jugador - [DEBUG] - [JUGADOR_0] Pos flotante (pre-límites): (523.1200, 413.0000)
2025-05-19 16:49:01 - jugador - [DEBUG] - [JUGADOR_0] Pos flotante (post-límites): (523.1200, 413.0000)
2025-05-19 16:49:01 - jugador - [DEBUG] - [JUGADOR_0] Movimiento para CH: dx_int=-3, dy_int=0. HB (antes CH): (526, 413), PosFlotante: (523.1200,413.0000)
2025-05-19 16:49:01 - jugador - [DEBUG] - [JUGADOR_0] Iniciando gestión de colisión con dx=-3, dy=0. Hitbox actual: (526, 413)
2025-05-19 16:49:01 - jugador - [DEBUG] - [JUGADOR_0] Posición POST CH: HB: (523, 413), PosFlotante: (523.00, 413.00)
2025-05-19 16:49:01 - jugador - [DEBUG] - [JUGADOR_0] Pos flotante (pre-límites): (520.1200, 413.0000)
2025-05-19 16:49:01 - jugador - [DEBUG] - [JUGADOR_0] Pos flotante (post-límites): (520.1200, 413.0000)
2025-05-19 16:49:01 - jugador - [DEBUG] - [JUGADOR_0] Movimiento para CH: dx_int=-3, dy_int=0. HB (antes CH): (523, 413), PosFlotante: (520.1200,413.0000)
2025-05-19 16:49:01 - jugador - [DEBUG] - [JUGADOR_0] Iniciando gestión de colisión con dx=-3, dy=0. Hitbox actual: (523, 413)
2025-05-19 16:49:01 - jugador - [DEBUG] - [JUGADOR_0] Posición POST CH: HB: (520, 413), PosFlotante: (520.00, 413.00)
2025-05-19 16:49:01 - jugador - [DEBUG] - [JUGADOR_0] Pos flotante (pre-límites): (517.1200, 413.0000)
2025-05-19 16:49:01 - jugador - [DEBUG] - [JUGADOR_0] Pos flotante (post-límites): (517.1200, 413.0000)
2025-05-19 16:49:01 - jugador - [DEBUG] - [JUGADOR_0] Movimiento para CH: dx_int=-3, dy_int=0. HB (antes CH): (520, 413), PosFlotante: (517.1200,413.0000)
2025-05-19 16:49:01 - jugador - [DEBUG] - [JUGADOR_0] Iniciando gestión de colisión con dx=-3, dy=0. Hitbox actual: (520, 413)
2025-05-19 16:49:01 - jugador - [DEBUG] - [JUGADOR_0] Posición POST CH: HB: (517, 413), PosFlotante: (517.00, 413.00)
2025-05-19 16:49:01 - jugador - [DEBUG] - [JUGADOR_0] Pos flotante (pre-límites): (514.1200, 413.0000)
2025-05-19 16:49:01 - jugador - [DEBUG] - [JUGADOR_0] Pos flotante (post-límites): (514.1200, 413.0000)
2025-05-19 16:49:01 - jugador - [DEBUG] - [JUGADOR_0] Movimiento para CH: dx_int=-3, dy_int=0. HB (antes CH): (517, 413), PosFlotante: (514.1200,413.0000)
2025-05-19 16:49:01 - jugador - [DEBUG] - [JUGADOR_0] Iniciando gestión de colisión con dx=-3, dy=0. Hitbox actual: (517, 413)
2025-05-19 16:49:01 - jugador - [DEBUG] - [JUGADOR_0] Posición POST CH: HB: (514, 413), PosFlotante: (514.00, 413.00)
2025-05-19 16:49:01 - jugador - [DEBUG] - [JUGADOR_0] Input teclado procesado: mov_x_input_raw=-180, mov_y_input_raw=0
2025-05-19 16:49:01 - jugador - [DEBUG] - [JUGADOR_0] Delta flotante intentado: dx=-2.8800, dy=0.0000 (delta_time: 0.0160)
2025-05-19 16:49:01 - jugador - [DEBUG] - [JUGADOR_0] Pos flotante (pre-límites): (511.1200, 413.0000)
2025-05-19 16:49:01 - jugador - [DEBUG] - [JUGADOR_0] Pos flotante (post-límites): (511.1200, 413.0000)
2025-05-19 16:49:01 - jugador - [DEBUG] - [JUGADOR_0] Movimiento para CH: dx_int=-3, dy_int=0. HB (antes CH): (514, 413), PosFlotante: (511.1200,413.0000)
2025-05-19 16:49:01 - jugador - [DEBUG] - [JUGADOR_0] Iniciando gestión de colisión con dx=-3, dy=0. Hitbox actual: (514, 413)
2025-05-19 16:49:01 - jugador - [DEBUG] - [JUGADOR_0] Posición POST CH: HB: (511, 413), PosFlotante: (511.00, 413.00)
2025-05-19 16:49:01 - jugador - [DEBUG] - [JUGADOR_0] Delta flotante intentado: dx=-3.0600, dy=0.0000 (delta_time: 0.0170)
2025-05-19 16:49:01 - jugador - [DEBUG] - [JUGADOR_0] Pos flotante (pre-límites): (507.9400, 413.0000)
2025-05-19 16:49:01 - jugador - [DEBUG] - [JUGADOR_0] Pos flotante (post-límites): (507.9400, 413.0000)
2025-05-19 16:49:01 - jugador - [DEBUG] - [JUGADOR_0] Movimiento para CH: dx_int=-4, dy_int=0. HB (antes CH): (511, 413), PosFlotante: (507.9400,413.0000)
2025-05-19 16:49:01 - jugador - [DEBUG] - [JUGADOR_0] Iniciando gestión de colisión con dx=-4, dy=0. Hitbox actual: (511, 413)
2025-05-19 16:49:01 - jugador - [DEBUG] - [JUGADOR_0] Posición POST CH: HB: (507, 413), PosFlotante: (507.00, 413.00)
2025-05-19 16:49:01 - jugador - [DEBUG] - [JUGADOR_0] Pos flotante (pre-límites): (503.9400, 413.0000)
2025-05-19 16:49:01 - jugador - [DEBUG] - [JUGADOR_0] Pos flotante (post-límites): (503.9400, 413.0000)
2025-05-19 16:49:01 - jugador - [DEBUG] - [JUGADOR_0] Movimiento para CH: dx_int=-4, dy_int=0. HB (antes CH): (507, 413), PosFlotante: (503.9400,413.0000)
2025-05-19 16:49:01 - jugador - [DEBUG] - [JUGADOR_0] Iniciando gestión de colisión con dx=-4, dy=0. Hitbox actual: (507, 413)
2025-05-19 16:49:01 - jugador - [DEBUG] - [JUGADOR_0] Posición POST CH: HB: (503, 413), PosFlotante: (503.00, 413.00)
2025-05-19 16:49:01 - jugador - [DEBUG] - [JUGADOR_0] Pos flotante (pre-límites): (500.1200, 413.0000)
2025-05-19 16:49:01 - jugador - [DEBUG] - [JUGADOR_0] Pos flotante (post-límites): (500.1200, 413.0000)
2025-05-19 16:49:01 - jugador - [DEBUG] - [JUGADOR_0] Movimiento para CH: dx_int=-3, dy_int=0. HB (antes CH): (503, 413), PosFlotante: (500.1200,413.0000)
2025-05-19 16:49:01 - jugador - [DEBUG] - [JUGADOR_0] Iniciando gestión de colisión con dx=-3, dy=0. Hitbox actual: (503, 413)
2025-05-19 16:49:01 - jugador - [DEBUG] - [JUGADOR_0] Posición POST CH: HB: (500, 413), PosFlotante: (500.00, 413.00)
2025-05-19 16:49:01 - jugador - [DEBUG] - [JUGADOR_0] Input teclado procesado: mov_x_input_raw=-180, mov_y_input_raw=0
2025-05-19 16:49:01 - jugador - [DEBUG] - [JUGADOR_0] Delta flotante intentado: dx=-2.8800, dy=0.0000 (delta_time: 0.0160)
2025-05-19 16:49:01 - jugador - [DEBUG] - [JUGADOR_0] Pos flotante (pre-límites): (497.1200, 413.0000)
2025-05-19 16:49:01 - jugador - [DEBUG] - [JUGADOR_0] Pos flotante (post-límites): (497.1200, 413.0000)
2025-05-19 16:49:01 - jugador - [DEBUG] - [JUGADOR_0] Movimiento para CH: dx_int=-3, dy_int=0. HB (antes CH): (500, 413), PosFlotante: (497.1200,413.0000)
2025-05-19 16:49:01 - jugador - [DEBUG] - [JUGADOR_0] Iniciando gestión de colisión con dx=-3, dy=0. Hitbox actual: (500, 413)
2025-05-19 16:49:01 - jugador - [DEBUG] - [JUGADOR_0] Posición POST CH: HB: (497, 413), PosFlotante: (497.00, 413.00)
2025-05-19 16:49:01 - jugador - [DEBUG] - [JUGADOR_0] Delta flotante intentado: dx=-3.0600, dy=0.0000 (delta_time: 0.0170)
2025-05-19 16:49:01 - jugador - [DEBUG] - [JUGADOR_0] Pos flotante (pre-límites): (493.9400, 413.0000)
2025-05-19 16:49:01 - jugador - [DEBUG] - [JUGADOR_0] Pos flotante (post-límites): (493.9400, 413.0000)
2025-05-19 16:49:01 - jugador - [DEBUG] - [JUGADOR_0] Movimiento para CH: dx_int=-4, dy_int=0. HB (antes CH): (497, 413), PosFlotante: (493.9400,413.0000)
2025-05-19 16:49:01 - jugador - [DEBUG] - [JUGADOR_0] Iniciando gestión de colisión con dx=-4, dy=0. Hitbox actual: (497, 413)
2025-05-19 16:49:01 - jugador - [DEBUG] - [JUGADOR_0] Posición POST CH: HB: (493, 413), PosFlotante: (493.00, 413.00)
2025-05-19 16:49:01 - jugador - [DEBUG] - [JUGADOR_0] Pos flotante (pre-límites): (490.1200, 413.0000)
2025-05-19 16:49:01 - jugador - [DEBUG] - [JUGADOR_0] Pos flotante (post-límites): (490.1200, 413.0000)
2025-05-19 16:49:01 - jugador - [DEBUG] - [JUGADOR_0] Movimiento para CH: dx_int=-3, dy_int=0. HB (antes CH): (493, 413), PosFlotante: (490.1200,413.0000)
2025-05-19 16:49:01 - jugador - [DEBUG] - [JUGADOR_0] Iniciando gestión de colisión con dx=-3, dy=0. Hitbox actual: (493, 413)
2025-05-19 16:49:01 - jugador - [DEBUG] - [JUGADOR_0] Posición POST CH: HB: (490, 413), PosFlotante: (490.00, 413.00)
2025-05-19 16:49:01 - jugador - [DEBUG] - [JUGADOR_0] Pos flotante (pre-límites): (487.1200, 413.0000)
2025-05-19 16:49:01 - jugador - [DEBUG] - [JUGADOR_0] Pos flotante (post-límites): (487.1200, 413.0000)
2025-05-19 16:49:01 - jugador - [DEBUG] - [JUGADOR_0] Movimiento para CH: dx_int=-3, dy_int=0. HB (antes CH): (490, 413), PosFlotante: (487.1200,413.0000)
2025-05-19 16:49:01 - jugador - [DEBUG] - [JUGADOR_0] Iniciando gestión de colisión con dx=-3, dy=0. Hitbox actual: (490, 413)
2025-05-19 16:49:01 - jugador - [DEBUG] - [JUGADOR_0] Posición POST CH: HB: (487, 413), PosFlotante: (487.00, 413.00)
2025-05-19 16:49:01 - jugador - [DEBUG] - [JUGADOR_0] Input teclado procesado: mov_x_input_raw=-180, mov_y_input_raw=0
2025-05-19 16:49:01 - jugador - [DEBUG] - [JUGADOR_0] Delta flotante intentado: dx=-2.8800, dy=0.0000 (delta_time: 0.0160)
2025-05-19 16:49:01 - jugador - [DEBUG] - [JUGADOR_0] Pos flotante (pre-límites): (484.1200, 413.0000)
2025-05-19 16:49:01 - jugador - [DEBUG] - [JUGADOR_0] Pos flotante (post-límites): (484.1200, 413.0000)
2025-05-19 16:49:01 - jugador - [DEBUG] - [JUGADOR_0] Movimiento para CH: dx_int=-3, dy_int=0. HB (antes CH): (487, 413), PosFlotante: (484.1200,413.0000)
2025-05-19 16:49:01 - jugador - [DEBUG] - [JUGADOR_0] Iniciando gestión de colisión con dx=-3, dy=0. Hitbox actual: (487, 413)
2025-05-19 16:49:01 - jugador - [DEBUG] - [JUGADOR_0] Posición POST CH: HB: (484, 413), PosFlotante: (484.00, 413.00)
2025-05-19 16:49:01 - jugador - [DEBUG] - [JUGADOR_0] Pos flotante (pre-límites): (481.1200, 413.0000)
2025-05-19 16:49:01 - jugador - [DEBUG] - [JUGADOR_0] Pos flotante (post-límites): (481.1200, 413.0000)
2025-05-19 16:49:01 - jugador - [DEBUG] - [JUGADOR_0] Movimiento para CH: dx_int=-3, dy_int=0. HB (antes CH): (484, 413), PosFlotante: (481.1200,413.0000)
2025-05-19 16:49:01 - jugador - [DEBUG] - [JUGADOR_0] Iniciando gestión de colisión con dx=-3, dy=0. Hitbox actual: (484, 413)
2025-05-19 16:49:01 - jugador - [DEBUG] - [JUGADOR_0] Posición POST CH: HB: (481, 413), PosFlotante: (481.00, 413.00)
2025-05-19 16:49:01 - jugador - [DEBUG] - [JUGADOR_0] Pos flotante (pre-límites): (478.1200, 413.0000)
2025-05-19 16:49:01 - jugador - [DEBUG] - [JUGADOR_0] Pos flotante (post-límites): (478.1200, 413.0000)
2025-05-19 16:49:01 - jugador - [DEBUG] - [JUGADOR_0] Movimiento para CH: dx_int=-3, dy_int=0. HB (antes CH): (481, 413), PosFlotante: (478.1200,413.0000)
2025-05-19 16:49:01 - jugador - [DEBUG] - [JUGADOR_0] Iniciando gestión de colisión con dx=-3, dy=0. Hitbox actual: (481, 413)
2025-05-19 16:49:01 - jugador - [DEBUG] - [JUGADOR_0] Posición POST CH: HB: (478, 413), PosFlotante: (478.00, 413.00)
2025-05-19 16:49:01 - jugador - [DEBUG] - [JUGADOR_0] Pos flotante (pre-límites): (475.1200, 413.0000)
2025-05-19 16:49:01 - jugador - [DEBUG] - [JUGADOR_0] Pos flotante (post-límites): (475.1200, 413.0000)
2025-05-19 16:49:01 - jugador - [DEBUG] - [JUGADOR_0] Movimiento para CH: dx_int=-3, dy_int=0. HB (antes CH): (478, 413), PosFlotante: (475.1200,413.0000)
2025-05-19 16:49:01 - jugador - [DEBUG] - [JUGADOR_0] Iniciando gestión de colisión con dx=-3, dy=0. Hitbox actual: (478, 413)
2025-05-19 16:49:01 - jugador - [DEBUG] - [JUGADOR_0] Posición POST CH: HB: (475, 413), PosFlotante: (475.00, 413.00)
2025-05-19 16:49:01 - jugador - [DEBUG] - [JUGADOR_0] Input teclado procesado: mov_x_input_raw=-180, mov_y_input_raw=0
2025-05-19 16:49:01 - jugador - [DEBUG] - [JUGADOR_0] Delta flotante intentado: dx=-3.0600, dy=0.0000 (delta_time: 0.0170)
2025-05-19 16:49:01 - jugador - [DEBUG] - [JUGADOR_0] Pos flotante (pre-límites): (471.9400, 413.0000)
2025-05-19 16:49:01 - jugador - [DEBUG] - [JUGADOR_0] Pos flotante (post-límites): (471.9400, 413.0000)
2025-05-19 16:49:01 - jugador - [DEBUG] - [JUGADOR_0] Movimiento para CH: dx_int=-4, dy_int=0. HB (antes CH): (475, 413), PosFlotante: (471.9400,413.0000)
2025-05-19 16:49:01 - jugador - [DEBUG] - [JUGADOR_0] Iniciando gestión de colisión con dx=-4, dy=0. Hitbox actual: (475, 413)
2025-05-19 16:49:01 - jugador - [DEBUG] - [JUGADOR_0] Posición POST CH: HB: (471, 413), PosFlotante: (471.00, 413.00)
2025-05-19 16:49:01 - jugador - [DEBUG] - [JUGADOR_0] Pos flotante (pre-límites): (467.9400, 413.0000)
2025-05-19 16:49:01 - jugador - [DEBUG] - [JUGADOR_0] Pos flotante (post-límites): (467.9400, 413.0000)
2025-05-19 16:49:01 - jugador - [DEBUG] - [JUGADOR_0] Movimiento para CH: dx_int=-4, dy_int=0. HB (antes CH): (471, 413), PosFlotante: (467.9400,413.0000)
2025-05-19 16:49:01 - jugador - [DEBUG] - [JUGADOR_0] Iniciando gestión de colisión con dx=-4, dy=0. Hitbox actual: (471, 413)
2025-05-19 16:49:01 - jugador - [DEBUG] - [JUGADOR_0] Posición POST CH: HB: (467, 413), PosFlotante: (467.00, 413.00)
2025-05-19 16:49:01 - jugador - [DEBUG] - [JUGADOR_0] Delta flotante intentado: dx=-2.8800, dy=0.0000 (delta_time: 0.0160)
2025-05-19 16:49:01 - jugador - [DEBUG] - [JUGADOR_0] Pos flotante (pre-límites): (464.1200, 413.0000)
2025-05-19 16:49:01 - jugador - [DEBUG] - [JUGADOR_0] Pos flotante (post-límites): (464.1200, 413.0000)
2025-05-19 16:49:01 - jugador - [DEBUG] - [JUGADOR_0] Movimiento para CH: dx_int=-3, dy_int=0. HB (antes CH): (467, 413), PosFlotante: (464.1200,413.0000)
2025-05-19 16:49:01 - jugador - [DEBUG] - [JUGADOR_0] Iniciando gestión de colisión con dx=-3, dy=0. Hitbox actual: (467, 413)
2025-05-19 16:49:01 - jugador - [DEBUG] - [JUGADOR_0] Posición POST CH: HB: (464, 413), PosFlotante: (464.00, 413.00)
2025-05-19 16:49:01 - jugador - [DEBUG] - [JUGADOR_0] Pos flotante (pre-límites): (461.1200, 413.0000)
2025-05-19 16:49:01 - jugador - [DEBUG] - [JUGADOR_0] Pos flotante (post-límites): (461.1200, 413.0000)
2025-05-19 16:49:01 - jugador - [DEBUG] - [JUGADOR_0] Movimiento para CH: dx_int=-3, dy_int=0. HB (antes CH): (464, 413), PosFlotante: (461.1200,413.0000)
2025-05-19 16:49:01 - jugador - [DEBUG] - [JUGADOR_0] Iniciando gestión de colisión con dx=-3, dy=0. Hitbox actual: (464, 413)
2025-05-19 16:49:01 - jugador - [DEBUG] - [JUGADOR_0] Posición POST CH: HB: (461, 413), PosFlotante: (461.00, 413.00)
2025-05-19 16:49:01 - jugador - [DEBUG] - [JUGADOR_0] Input teclado procesado: mov_x_input_raw=-180, mov_y_input_raw=0
2025-05-19 16:49:01 - jugador - [DEBUG] - [JUGADOR_0] Pos flotante (pre-límites): (458.1200, 413.0000)
2025-05-19 16:49:01 - jugador - [DEBUG] - [JUGADOR_0] Pos flotante (post-límites): (458.1200, 413.0000)
2025-05-19 16:49:01 - jugador - [DEBUG] - [JUGADOR_0] Movimiento para CH: dx_int=-3, dy_int=0. HB (antes CH): (461, 413), PosFlotante: (458.1200,413.0000)
2025-05-19 16:49:01 - jugador - [DEBUG] - [JUGADOR_0] Iniciando gestión de colisión con dx=-3, dy=0. Hitbox actual: (461, 413)
2025-05-19 16:49:01 - jugador - [DEBUG] - [JUGADOR_0] Posición POST CH: HB: (458, 413), PosFlotante: (458.00, 413.00)
2025-05-19 16:49:01 - jugador - [DEBUG] - [JUGADOR_0] Delta flotante intentado: dx=-3.0600, dy=0.0000 (delta_time: 0.0170)
2025-05-19 16:49:01 - jugador - [DEBUG] - [JUGADOR_0] Pos flotante (pre-límites): (454.9400, 413.0000)
2025-05-19 16:49:01 - jugador - [DEBUG] - [JUGADOR_0] Pos flotante (post-límites): (454.9400, 413.0000)
2025-05-19 16:49:01 - jugador - [DEBUG] - [JUGADOR_0] Movimiento para CH: dx_int=-4, dy_int=0. HB (antes CH): (458, 413), PosFlotante: (454.9400,413.0000)
2025-05-19 16:49:01 - jugador - [DEBUG] - [JUGADOR_0] Iniciando gestión de colisión con dx=-4, dy=0. Hitbox actual: (458, 413)
2025-05-19 16:49:01 - jugador - [DEBUG] - [JUGADOR_0] Posición POST CH: HB: (454, 413), PosFlotante: (454.00, 413.00)
2025-05-19 16:49:01 - jugador - [DEBUG] - [JUGADOR_0] Pos flotante (pre-límites): (450.9400, 413.0000)
2025-05-19 16:49:01 - jugador - [DEBUG] - [JUGADOR_0] Pos flotante (post-límites): (450.9400, 413.0000)
2025-05-19 16:49:01 - jugador - [DEBUG] - [JUGADOR_0] Movimiento para CH: dx_int=-4, dy_int=0. HB (antes CH): (454, 413), PosFlotante: (450.9400,413.0000)
2025-05-19 16:49:01 - jugador - [DEBUG] - [JUGADOR_0] Iniciando gestión de colisión con dx=-4, dy=0. Hitbox actual: (454, 413)
2025-05-19 16:49:01 - jugador - [DEBUG] - [JUGADOR_0] Posición POST CH: HB: (450, 413), PosFlotante: (450.00, 413.00)
2025-05-19 16:49:01 - jugador - [DEBUG] - [JUGADOR_0] Input teclado procesado: mov_x_input_raw=-180, mov_y_input_raw=0
2025-05-19 16:49:01 - jugador - [DEBUG] - [JUGADOR_0] Delta flotante intentado: dx=-2.8800, dy=0.0000 (delta_time: 0.0160)
2025-05-19 16:49:01 - jugador - [DEBUG] - [JUGADOR_0] Pos flotante (pre-límites): (447.1200, 413.0000)
2025-05-19 16:49:01 - jugador - [DEBUG] - [JUGADOR_0] Pos flotante (post-límites): (447.1200, 413.0000)
2025-05-19 16:49:01 - jugador - [DEBUG] - [JUGADOR_0] Movimiento para CH: dx_int=-3, dy_int=0. HB (antes CH): (450, 413), PosFlotante: (447.1200,413.0000)
2025-05-19 16:49:01 - jugador - [DEBUG] - [JUGADOR_0] Iniciando gestión de colisión con dx=-3, dy=0. Hitbox actual: (450, 413)
2025-05-19 16:49:01 - jugador - [DEBUG] - [JUGADOR_0] Posición POST CH: HB: (447, 413), PosFlotante: (447.00, 413.00)
2025-05-19 16:49:02 - jugador - [DEBUG] - [JUGADOR_0] Pos flotante (pre-límites): (444.1200, 413.0000)
2025-05-19 16:49:02 - jugador - [DEBUG] - [JUGADOR_0] Pos flotante (post-límites): (444.1200, 413.0000)
2025-05-19 16:49:02 - jugador - [DEBUG] - [JUGADOR_0] Movimiento para CH: dx_int=-3, dy_int=0. HB (antes CH): (447, 413), PosFlotante: (444.1200,413.0000)
2025-05-19 16:49:02 - jugador - [DEBUG] - [JUGADOR_0] Iniciando gestión de colisión con dx=-3, dy=0. Hitbox actual: (447, 413)
2025-05-19 16:49:02 - jugador - [DEBUG] - [JUGADOR_0] Posición POST CH: HB: (444, 413), PosFlotante: (444.00, 413.00)
2025-05-19 16:49:02 - jugador - [DEBUG] - [JUGADOR_0] Delta flotante intentado: dx=-3.0600, dy=0.0000 (delta_time: 0.0170)
2025-05-19 16:49:02 - jugador - [DEBUG] - [JUGADOR_0] Pos flotante (pre-límites): (440.9400, 413.0000)
2025-05-19 16:49:02 - jugador - [DEBUG] - [JUGADOR_0] Pos flotante (post-límites): (440.9400, 413.0000)
2025-05-19 16:49:02 - jugador - [DEBUG] - [JUGADOR_0] Movimiento para CH: dx_int=-4, dy_int=0. HB (antes CH): (444, 413), PosFlotante: (440.9400,413.0000)
2025-05-19 16:49:02 - jugador - [DEBUG] - [JUGADOR_0] Iniciando gestión de colisión con dx=-4, dy=0. Hitbox actual: (444, 413)
2025-05-19 16:49:02 - jugador - [DEBUG] - [JUGADOR_0] Posición POST CH: HB: (440, 413), PosFlotante: (440.00, 413.00)
2025-05-19 16:49:02 - jugador - [DEBUG] - [JUGADOR_0] Pos flotante (pre-límites): (436.9400, 413.0000)
2025-05-19 16:49:02 - jugador - [DEBUG] - [JUGADOR_0] Pos flotante (post-límites): (436.9400, 413.0000)
2025-05-19 16:49:02 - jugador - [DEBUG] - [JUGADOR_0] Movimiento para CH: dx_int=-4, dy_int=0. HB (antes CH): (440, 413), PosFlotante: (436.9400,413.0000)
2025-05-19 16:49:02 - jugador - [DEBUG] - [JUGADOR_0] Iniciando gestión de colisión con dx=-4, dy=0. Hitbox actual: (440, 413)
2025-05-19 16:49:02 - jugador - [DEBUG] - [JUGADOR_0] Posición POST CH: HB: (436, 413), PosFlotante: (436.00, 413.00)
2025-05-19 16:49:02 - jugador - [DEBUG] - [JUGADOR_0] Input teclado procesado: mov_x_input_raw=-180, mov_y_input_raw=0
2025-05-19 16:49:02 - jugador - [DEBUG] - [JUGADOR_0] Pos flotante (pre-límites): (432.9400, 413.0000)
2025-05-19 16:49:02 - jugador - [DEBUG] - [JUGADOR_0] Pos flotante (post-límites): (432.9400, 413.0000)
2025-05-19 16:49:02 - jugador - [DEBUG] - [JUGADOR_0] Movimiento para CH: dx_int=-4, dy_int=0. HB (antes CH): (436, 413), PosFlotante: (432.9400,413.0000)
2025-05-19 16:49:02 - jugador - [DEBUG] - [JUGADOR_0] Iniciando gestión de colisión con dx=-4, dy=0. Hitbox actual: (436, 413)
2025-05-19 16:49:02 - jugador - [DEBUG] - [JUGADOR_0] Posición POST CH: HB: (432, 413), PosFlotante: (432.00, 413.00)
2025-05-19 16:49:02 - jugador - [DEBUG] - [JUGADOR_0] Delta flotante intentado: dx=-3.0600, dy=0.0000 (delta_time: 0.0170)
2025-05-19 16:49:02 - jugador - [DEBUG] - [JUGADOR_0] Pos flotante (pre-límites): (428.9400, 413.0000)
2025-05-19 16:49:02 - jugador - [DEBUG] - [JUGADOR_0] Pos flotante (post-límites): (428.9400, 413.0000)
2025-05-19 16:49:02 - jugador - [DEBUG] - [JUGADOR_0] Movimiento para CH: dx_int=-4, dy_int=0. HB (antes CH): (432, 413), PosFlotante: (428.9400,413.0000)
2025-05-19 16:49:02 - jugador - [DEBUG] - [JUGADOR_0] Iniciando gestión de colisión con dx=-4, dy=0. Hitbox actual: (432, 413)
2025-05-19 16:49:02 - jugador - [DEBUG] - [JUGADOR_0] Posición POST CH: HB: (428, 413), PosFlotante: (428.00, 413.00)
2025-05-19 16:49:02 - jugador - [DEBUG] - [JUGADOR_0] Delta flotante intentado: dx=-2.8800, dy=0.0000 (delta_time: 0.0160)
2025-05-19 16:49:02 - jugador - [DEBUG] - [JUGADOR_0] Pos flotante (pre-límites): (425.1200, 413.0000)
2025-05-19 16:49:02 - jugador - [DEBUG] - [JUGADOR_0] Pos flotante (post-límites): (425.1200, 413.0000)
2025-05-19 16:49:02 - jugador - [DEBUG] - [JUGADOR_0] Movimiento para CH: dx_int=-3, dy_int=0. HB (antes CH): (428, 413), PosFlotante: (425.1200,413.0000)
2025-05-19 16:49:02 - jugador - [DEBUG] - [JUGADOR_0] Iniciando gestión de colisión con dx=-3, dy=0. Hitbox actual: (428, 413)
2025-05-19 16:49:02 - jugador - [DEBUG] - [JUGADOR_0] Posición POST CH: HB: (425, 413), PosFlotante: (425.00, 413.00)
2025-05-19 16:49:02 - jugador - [DEBUG] - [JUGADOR_0] Pos flotante (pre-límites): (422.1200, 413.0000)
2025-05-19 16:49:02 - jugador - [DEBUG] - [JUGADOR_0] Pos flotante (post-límites): (422.1200, 413.0000)
2025-05-19 16:49:02 - jugador - [DEBUG] - [JUGADOR_0] Movimiento para CH: dx_int=-3, dy_int=0. HB (antes CH): (425, 413), PosFlotante: (422.1200,413.0000)
2025-05-19 16:49:02 - jugador - [DEBUG] - [JUGADOR_0] Iniciando gestión de colisión con dx=-3, dy=0. Hitbox actual: (425, 413)
2025-05-19 16:49:02 - jugador - [DEBUG] - [JUGADOR_0] Posición POST CH: HB: (422, 413), PosFlotante: (422.00, 413.00)
2025-05-19 16:49:02 - jugador - [DEBUG] - [JUGADOR_0] Input teclado procesado: mov_x_input_raw=-180, mov_y_input_raw=0
2025-05-19 16:49:02 - jugador - [DEBUG] - [JUGADOR_0] Pos flotante (pre-límites): (418.9400, 413.0000)
2025-05-19 16:49:02 - jugador - [DEBUG] - [JUGADOR_0] Pos flotante (post-límites): (418.9400, 413.0000)
2025-05-19 16:49:02 - jugador - [DEBUG] - [JUGADOR_0] Movimiento para CH: dx_int=-4, dy_int=0. HB (antes CH): (422, 413), PosFlotante: (418.9400,413.0000)
2025-05-19 16:49:02 - jugador - [DEBUG] - [JUGADOR_0] Iniciando gestión de colisión con dx=-4, dy=0. Hitbox actual: (422, 413)
2025-05-19 16:49:02 - jugador - [DEBUG] - [JUGADOR_0] Posición POST CH: HB: (418, 413), PosFlotante: (418.00, 413.00)
2025-05-19 16:49:02 - jugador - [DEBUG] - [JUGADOR_0] Pos flotante (pre-límites): (415.1200, 413.0000)
2025-05-19 16:49:02 - jugador - [DEBUG] - [JUGADOR_0] Pos flotante (post-límites): (415.1200, 413.0000)
2025-05-19 16:49:02 - jugador - [DEBUG] - [JUGADOR_0] Movimiento para CH: dx_int=-3, dy_int=0. HB (antes CH): (418, 413), PosFlotante: (415.1200,413.0000)
2025-05-19 16:49:02 - jugador - [DEBUG] - [JUGADOR_0] Iniciando gestión de colisión con dx=-3, dy=0. Hitbox actual: (418, 413)
2025-05-19 16:49:02 - jugador - [DEBUG] - [JUGADOR_0] Posición POST CH: HB: (415, 413), PosFlotante: (415.00, 413.00)
2025-05-19 16:49:02 - jugador - [DEBUG] - [JUGADOR_0] Delta flotante intentado: dx=-3.0600, dy=0.0000 (delta_time: 0.0170)
2025-05-19 16:49:02 - jugador - [DEBUG] - [JUGADOR_0] Pos flotante (pre-límites): (411.9400, 413.0000)
2025-05-19 16:49:02 - jugador - [DEBUG] - [JUGADOR_0] Pos flotante (post-límites): (411.9400, 413.0000)
2025-05-19 16:49:02 - jugador - [DEBUG] - [JUGADOR_0] Movimiento para CH: dx_int=-4, dy_int=0. HB (antes CH): (415, 413), PosFlotante: (411.9400,413.0000)
2025-05-19 16:49:02 - jugador - [DEBUG] - [JUGADOR_0] Iniciando gestión de colisión con dx=-4, dy=0. Hitbox actual: (415, 413)
2025-05-19 16:49:02 - jugador - [DEBUG] - [JUGADOR_0] Posición POST CH: HB: (411, 413), PosFlotante: (411.00, 413.00)
2025-05-19 16:49:02 - jugador - [DEBUG] - [JUGADOR_0] Pos flotante (pre-límites): (407.9400, 413.0000)
2025-05-19 16:49:02 - jugador - [DEBUG] - [JUGADOR_0] Pos flotante (post-límites): (407.9400, 413.0000)
2025-05-19 16:49:02 - jugador - [DEBUG] - [JUGADOR_0] Movimiento para CH: dx_int=-4, dy_int=0. HB (antes CH): (411, 413), PosFlotante: (407.9400,413.0000)
2025-05-19 16:49:02 - jugador - [DEBUG] - [JUGADOR_0] Iniciando gestión de colisión con dx=-4, dy=0. Hitbox actual: (411, 413)
2025-05-19 16:49:02 - jugador - [DEBUG] - [JUGADOR_0] Posición POST CH: HB: (407, 413), PosFlotante: (407.00, 413.00)
2025-05-19 16:49:02 - jugador - [DEBUG] - [JUGADOR_0] Input teclado procesado: mov_x_input_raw=-180, mov_y_input_raw=0
2025-05-19 16:49:02 - jugador - [DEBUG] - [JUGADOR_0] Delta flotante intentado: dx=-2.8800, dy=0.0000 (delta_time: 0.0160)
2025-05-19 16:49:02 - jugador - [DEBUG] - [JUGADOR_0] Pos flotante (pre-límites): (404.1200, 413.0000)
2025-05-19 16:49:02 - jugador - [DEBUG] - [JUGADOR_0] Pos flotante (post-límites): (404.1200, 413.0000)
2025-05-19 16:49:02 - jugador - [DEBUG] - [JUGADOR_0] Movimiento para CH: dx_int=-3, dy_int=0. HB (antes CH): (407, 413), PosFlotante: (404.1200,413.0000)
2025-05-19 16:49:02 - jugador - [DEBUG] - [JUGADOR_0] Iniciando gestión de colisión con dx=-3, dy=0. Hitbox actual: (407, 413)
2025-05-19 16:49:02 - jugador - [DEBUG] - [JUGADOR_0] Posición POST CH: HB: (404, 413), PosFlotante: (404.00, 413.00)
2025-05-19 16:49:02 - jugador - [DEBUG] - [JUGADOR_0] Pos flotante (pre-límites): (401.1200, 413.0000)
2025-05-19 16:49:02 - jugador - [DEBUG] - [JUGADOR_0] Pos flotante (post-límites): (401.1200, 413.0000)
2025-05-19 16:49:02 - jugador - [DEBUG] - [JUGADOR_0] Movimiento para CH: dx_int=-3, dy_int=0. HB (antes CH): (404, 413), PosFlotante: (401.1200,413.0000)
2025-05-19 16:49:02 - jugador - [DEBUG] - [JUGADOR_0] Iniciando gestión de colisión con dx=-3, dy=0. Hitbox actual: (404, 413)
2025-05-19 16:49:02 - jugador - [DEBUG] - [JUGADOR_0] Posición POST CH: HB: (401, 413), PosFlotante: (401.00, 413.00)
2025-05-19 16:49:02 - jugador - [DEBUG] - [JUGADOR_0] Pos flotante (pre-límites): (398.1200, 413.0000)
2025-05-19 16:49:02 - jugador - [DEBUG] - [JUGADOR_0] Pos flotante (post-límites): (398.1200, 413.0000)
2025-05-19 16:49:02 - jugador - [DEBUG] - [JUGADOR_0] Movimiento para CH: dx_int=-3, dy_int=0. HB (antes CH): (401, 413), PosFlotante: (398.1200,413.0000)
2025-05-19 16:49:02 - jugador - [DEBUG] - [JUGADOR_0] Iniciando gestión de colisión con dx=-3, dy=0. Hitbox actual: (401, 413)
2025-05-19 16:49:02 - jugador - [DEBUG] - [JUGADOR_0] Posición POST CH: HB: (398, 413), PosFlotante: (398.00, 413.00)
2025-05-19 16:49:02 - jugador - [DEBUG] - [JUGADOR_0] Pos flotante (pre-límites): (395.1200, 413.0000)
2025-05-19 16:49:02 - jugador - [DEBUG] - [JUGADOR_0] Pos flotante (post-límites): (395.1200, 413.0000)
2025-05-19 16:49:02 - jugador - [DEBUG] - [JUGADOR_0] Movimiento para CH: dx_int=-3, dy_int=0. HB (antes CH): (398, 413), PosFlotante: (395.1200,413.0000)
2025-05-19 16:49:02 - jugador - [DEBUG] - [JUGADOR_0] Iniciando gestión de colisión con dx=-3, dy=0. Hitbox actual: (398, 413)
2025-05-19 16:49:02 - jugador - [DEBUG] - [JUGADOR_0] Posición POST CH: HB: (395, 413), PosFlotante: (395.00, 413.00)
2025-05-19 16:49:02 - jugador - [DEBUG] - [JUGADOR_0] Input teclado procesado: mov_x_input_raw=-180, mov_y_input_raw=0
2025-05-19 16:49:02 - jugador - [DEBUG] - [JUGADOR_0] Delta flotante intentado: dx=-2.8800, dy=0.0000 (delta_time: 0.0160)
2025-05-19 16:49:02 - jugador - [DEBUG] - [JUGADOR_0] Pos flotante (pre-límites): (392.1200, 413.0000)
2025-05-19 16:49:02 - jugador - [DEBUG] - [JUGADOR_0] Pos flotante (post-límites): (392.1200, 413.0000)
2025-05-19 16:49:02 - jugador - [DEBUG] - [JUGADOR_0] Movimiento para CH: dx_int=-3, dy_int=0. HB (antes CH): (395, 413), PosFlotante: (392.1200,413.0000)
2025-05-19 16:49:02 - jugador - [DEBUG] - [JUGADOR_0] Iniciando gestión de colisión con dx=-3, dy=0. Hitbox actual: (395, 413)
2025-05-19 16:49:02 - jugador - [DEBUG] - [JUGADOR_0] Posición POST CH: HB: (392, 413), PosFlotante: (392.00, 413.00)
2025-05-19 16:49:02 - jugador - [DEBUG] - [JUGADOR_0] Pos flotante (pre-límites): (389.1200, 413.0000)
2025-05-19 16:49:02 - jugador - [DEBUG] - [JUGADOR_0] Pos flotante (post-límites): (389.1200, 413.0000)
2025-05-19 16:49:02 - jugador - [DEBUG] - [JUGADOR_0] Movimiento para CH: dx_int=-3, dy_int=0. HB (antes CH): (392, 413), PosFlotante: (389.1200,413.0000)
2025-05-19 16:49:02 - jugador - [DEBUG] - [JUGADOR_0] Iniciando gestión de colisión con dx=-3, dy=0. Hitbox actual: (392, 413)
2025-05-19 16:49:02 - jugador - [DEBUG] - [JUGADOR_0] Posición POST CH: HB: (389, 413), PosFlotante: (389.00, 413.00)
2025-05-19 16:49:02 - jugador - [DEBUG] - [JUGADOR_0] Pos flotante (pre-límites): (386.1200, 413.0000)
2025-05-19 16:49:02 - jugador - [DEBUG] - [JUGADOR_0] Pos flotante (post-límites): (386.1200, 413.0000)
2025-05-19 16:49:02 - jugador - [DEBUG] - [JUGADOR_0] Movimiento para CH: dx_int=-3, dy_int=0. HB (antes CH): (389, 413), PosFlotante: (386.1200,413.0000)
2025-05-19 16:49:02 - jugador - [DEBUG] - [JUGADOR_0] Iniciando gestión de colisión con dx=-3, dy=0. Hitbox actual: (389, 413)
2025-05-19 16:49:02 - jugador - [DEBUG] - [JUGADOR_0] Posición POST CH: HB: (386, 413), PosFlotante: (386.00, 413.00)
2025-05-19 16:49:02 - jugador - [DEBUG] - [JUGADOR_0] Delta flotante intentado: dx=-3.0600, dy=0.0000 (delta_time: 0.0170)
2025-05-19 16:49:02 - jugador - [DEBUG] - [JUGADOR_0] Pos flotante (pre-límites): (382.9400, 413.0000)
2025-05-19 16:49:02 - jugador - [DEBUG] - [JUGADOR_0] Pos flotante (post-límites): (382.9400, 413.0000)
2025-05-19 16:49:02 - jugador - [DEBUG] - [JUGADOR_0] Movimiento para CH: dx_int=-4, dy_int=0. HB (antes CH): (386, 413), PosFlotante: (382.9400,413.0000)
2025-05-19 16:49:02 - jugador - [DEBUG] - [JUGADOR_0] Iniciando gestión de colisión con dx=-4, dy=0. Hitbox actual: (386, 413)
2025-05-19 16:49:02 - jugador - [DEBUG] - [JUGADOR_0] Posición POST CH: HB: (382, 413), PosFlotante: (382.00, 413.00)
2025-05-19 16:49:02 - jugador - [DEBUG] - [JUGADOR_0] Input teclado procesado: mov_x_input_raw=-180, mov_y_input_raw=0
2025-05-19 16:49:02 - jugador - [DEBUG] - [JUGADOR_0] Pos flotante (pre-límites): (378.9400, 413.0000)
2025-05-19 16:49:02 - jugador - [DEBUG] - [JUGADOR_0] Pos flotante (post-límites): (378.9400, 413.0000)
2025-05-19 16:49:02 - jugador - [DEBUG] - [JUGADOR_0] Movimiento para CH: dx_int=-4, dy_int=0. HB (antes CH): (382, 413), PosFlotante: (378.9400,413.0000)
2025-05-19 16:49:02 - jugador - [DEBUG] - [JUGADOR_0] Iniciando gestión de colisión con dx=-4, dy=0. Hitbox actual: (382, 413)
2025-05-19 16:49:02 - jugador - [DEBUG] - [JUGADOR_0] Posición POST CH: HB: (378, 413), PosFlotante: (378.00, 413.00)
2025-05-19 16:49:02 - jugador - [DEBUG] - [JUGADOR_0] Pos flotante (pre-límites): (374.9400, 413.0000)
2025-05-19 16:49:02 - jugador - [DEBUG] - [JUGADOR_0] Pos flotante (post-límites): (374.9400, 413.0000)
2025-05-19 16:49:02 - jugador - [DEBUG] - [JUGADOR_0] Movimiento para CH: dx_int=-4, dy_int=0. HB (antes CH): (378, 413), PosFlotante: (374.9400,413.0000)
2025-05-19 16:49:02 - jugador - [DEBUG] - [JUGADOR_0] Iniciando gestión de colisión con dx=-4, dy=0. Hitbox actual: (378, 413)
2025-05-19 16:49:02 - jugador - [DEBUG] - [JUGADOR_0] Posición POST CH: HB: (374, 413), PosFlotante: (374.00, 413.00)
2025-05-19 16:49:02 - jugador - [DEBUG] - [JUGADOR_0] Delta flotante intentado: dx=-2.8800, dy=0.0000 (delta_time: 0.0160)
2025-05-19 16:49:02 - jugador - [DEBUG] - [JUGADOR_0] Pos flotante (pre-límites): (371.1200, 413.0000)
2025-05-19 16:49:02 - jugador - [DEBUG] - [JUGADOR_0] Pos flotante (post-límites): (371.1200, 413.0000)
2025-05-19 16:49:02 - jugador - [DEBUG] - [JUGADOR_0] Movimiento para CH: dx_int=-3, dy_int=0. HB (antes CH): (374, 413), PosFlotante: (371.1200,413.0000)
2025-05-19 16:49:02 - jugador - [DEBUG] - [JUGADOR_0] Iniciando gestión de colisión con dx=-3, dy=0. Hitbox actual: (374, 413)
2025-05-19 16:49:02 - jugador - [DEBUG] - [JUGADOR_0] Posición POST CH: HB: (371, 413), PosFlotante: (371.00, 413.00)
2025-05-19 16:49:02 - jugador - [DEBUG] - [JUGADOR_0] Pos flotante (pre-límites): (368.1200, 413.0000)
2025-05-19 16:49:02 - jugador - [DEBUG] - [JUGADOR_0] Pos flotante (post-límites): (368.1200, 413.0000)
2025-05-19 16:49:02 - jugador - [DEBUG] - [JUGADOR_0] Movimiento para CH: dx_int=-3, dy_int=0. HB (antes CH): (371, 413), PosFlotante: (368.1200,413.0000)
2025-05-19 16:49:02 - jugador - [DEBUG] - [JUGADOR_0] Iniciando gestión de colisión con dx=-3, dy=0. Hitbox actual: (371, 413)
2025-05-19 16:49:02 - jugador - [DEBUG] - [JUGADOR_0] Posición POST CH: HB: (368, 413), PosFlotante: (368.00, 413.00)
2025-05-19 16:49:02 - jugador - [DEBUG] - [JUGADOR_0] Input teclado procesado: mov_x_input_raw=-180, mov_y_input_raw=0
2025-05-19 16:49:02 - jugador - [DEBUG] - [JUGADOR_0] Pos flotante (pre-límites): (365.1200, 413.0000)
2025-05-19 16:49:02 - jugador - [DEBUG] - [JUGADOR_0] Pos flotante (post-límites): (365.1200, 413.0000)
2025-05-19 16:49:02 - jugador - [DEBUG] - [JUGADOR_0] Movimiento para CH: dx_int=-3, dy_int=0. HB (antes CH): (368, 413), PosFlotante: (365.1200,413.0000)
2025-05-19 16:49:02 - jugador - [DEBUG] - [JUGADOR_0] Iniciando gestión de colisión con dx=-3, dy=0. Hitbox actual: (368, 413)
2025-05-19 16:49:02 - jugador - [DEBUG] - [JUGADOR_0] Posición POST CH: HB: (365, 413), PosFlotante: (365.00, 413.00)
2025-05-19 16:49:02 - jugador - [DEBUG] - [JUGADOR_0] Delta flotante intentado: dx=-3.0600, dy=0.0000 (delta_time: 0.0170)
2025-05-19 16:49:02 - jugador - [DEBUG] - [JUGADOR_0] Pos flotante (pre-límites): (361.9400, 413.0000)
2025-05-19 16:49:02 - jugador - [DEBUG] - [JUGADOR_0] Pos flotante (post-límites): (361.9400, 413.0000)
2025-05-19 16:49:02 - jugador - [DEBUG] - [JUGADOR_0] Movimiento para CH: dx_int=-4, dy_int=0. HB (antes CH): (365, 413), PosFlotante: (361.9400,413.0000)
2025-05-19 16:49:02 - jugador - [DEBUG] - [JUGADOR_0] Iniciando gestión de colisión con dx=-4, dy=0. Hitbox actual: (365, 413)
2025-05-19 16:49:02 - jugador - [DEBUG] - [JUGADOR_0] Posición POST CH: HB: (361, 413), PosFlotante: (361.00, 413.00)
2025-05-19 16:49:02 - jugador - [DEBUG] - [JUGADOR_0] Pos flotante (pre-límites): (357.9400, 413.0000)
2025-05-19 16:49:02 - jugador - [DEBUG] - [JUGADOR_0] Pos flotante (post-límites): (357.9400, 413.0000)
2025-05-19 16:49:02 - jugador - [DEBUG] - [JUGADOR_0] Movimiento para CH: dx_int=-4, dy_int=0. HB (antes CH): (361, 413), PosFlotante: (357.9400,413.0000)
2025-05-19 16:49:02 - jugador - [DEBUG] - [JUGADOR_0] Iniciando gestión de colisión con dx=-4, dy=0. Hitbox actual: (361, 413)
2025-05-19 16:49:02 - jugador - [DEBUG] - [JUGADOR_0] Posición POST CH: HB: (357, 413), PosFlotante: (357.00, 413.00)
2025-05-19 16:49:02 - jugador - [DEBUG] - [JUGADOR_0] Input teclado procesado: mov_x_input_raw=-180, mov_y_input_raw=0
2025-05-19 16:49:02 - jugador - [DEBUG] - [JUGADOR_0] Pos flotante (pre-límites): (353.9400, 413.0000)
2025-05-19 16:49:02 - jugador - [DEBUG] - [JUGADOR_0] Pos flotante (post-límites): (353.9400, 413.0000)
2025-05-19 16:49:02 - jugador - [DEBUG] - [JUGADOR_0] Movimiento para CH: dx_int=-4, dy_int=0. HB (antes CH): (357, 413), PosFlotante: (353.9400,413.0000)
2025-05-19 16:49:02 - jugador - [DEBUG] - [JUGADOR_0] Iniciando gestión de colisión con dx=-4, dy=0. Hitbox actual: (357, 413)
2025-05-19 16:49:02 - jugador - [DEBUG] - [JUGADOR_0] Posición POST CH: HB: (353, 413), PosFlotante: (353.00, 413.00)
2025-05-19 16:49:02 - jugador - [DEBUG] - [JUGADOR_0] Delta flotante intentado: dx=-3.0600, dy=0.0000 (delta_time: 0.0170)
2025-05-19 16:49:02 - jugador - [DEBUG] - [JUGADOR_0] Pos flotante (pre-límites): (349.9400, 413.0000)
2025-05-19 16:49:02 - jugador - [DEBUG] - [JUGADOR_0] Pos flotante (post-límites): (349.9400, 413.0000)
2025-05-19 16:49:02 - jugador - [DEBUG] - [JUGADOR_0] Movimiento para CH: dx_int=-4, dy_int=0. HB (antes CH): (353, 413), PosFlotante: (349.9400,413.0000)
2025-05-19 16:49:02 - jugador - [DEBUG] - [JUGADOR_0] Iniciando gestión de colisión con dx=-4, dy=0. Hitbox actual: (353, 413)
2025-05-19 16:49:02 - jugador - [DEBUG] - [JUGADOR_0] Posición POST CH: HB: (349, 413), PosFlotante: (349.00, 413.00)
2025-05-19 16:49:02 - jugador - [DEBUG] - [JUGADOR_0] Delta flotante intentado: dx=-2.8800, dy=0.0000 (delta_time: 0.0160)
2025-05-19 16:49:02 - jugador - [DEBUG] - [JUGADOR_0] Pos flotante (pre-límites): (346.1200, 413.0000)
2025-05-19 16:49:02 - jugador - [DEBUG] - [JUGADOR_0] Pos flotante (post-límites): (346.1200, 413.0000)
2025-05-19 16:49:02 - jugador - [DEBUG] - [JUGADOR_0] Movimiento para CH: dx_int=-3, dy_int=0. HB (antes CH): (349, 413), PosFlotante: (346.1200,413.0000)
2025-05-19 16:49:02 - jugador - [DEBUG] - [JUGADOR_0] Iniciando gestión de colisión con dx=-3, dy=0. Hitbox actual: (349, 413)
2025-05-19 16:49:02 - jugador - [DEBUG] - [JUGADOR_0] Posición POST CH: HB: (346, 413), PosFlotante: (346.00, 413.00)
2025-05-19 16:49:02 - jugador - [DEBUG] - [JUGADOR_0] Pos flotante (pre-límites): (343.1200, 413.0000)
2025-05-19 16:49:02 - jugador - [DEBUG] - [JUGADOR_0] Pos flotante (post-límites): (343.1200, 413.0000)
2025-05-19 16:49:02 - jugador - [DEBUG] - [JUGADOR_0] Movimiento para CH: dx_int=-3, dy_int=0. HB (antes CH): (346, 413), PosFlotante: (343.1200,413.0000)
2025-05-19 16:49:02 - jugador - [DEBUG] - [JUGADOR_0] Iniciando gestión de colisión con dx=-3, dy=0. Hitbox actual: (346, 413)
2025-05-19 16:49:02 - jugador - [DEBUG] - [JUGADOR_0] Posición POST CH: HB: (343, 413), PosFlotante: (343.00, 413.00)
2025-05-19 16:49:02 - jugador - [DEBUG] - [JUGADOR_0] Input teclado procesado: mov_x_input_raw=-180, mov_y_input_raw=0
2025-05-19 16:49:02 - jugador - [DEBUG] - [JUGADOR_0] Delta flotante intentado: dx=-3.2400, dy=0.0000 (delta_time: 0.0180)
2025-05-19 16:49:02 - jugador - [DEBUG] - [JUGADOR_0] Pos flotante (pre-límites): (339.7600, 413.0000)
2025-05-19 16:49:02 - jugador - [DEBUG] - [JUGADOR_0] Pos flotante (post-límites): (339.7600, 413.0000)
2025-05-19 16:49:02 - jugador - [DEBUG] - [JUGADOR_0] Movimiento para CH: dx_int=-4, dy_int=0. HB (antes CH): (343, 413), PosFlotante: (339.7600,413.0000)
2025-05-19 16:49:02 - jugador - [DEBUG] - [JUGADOR_0] Iniciando gestión de colisión con dx=-4, dy=0. Hitbox actual: (343, 413)
2025-05-19 16:49:02 - jugador - [DEBUG] - [JUGADOR_0] Posición POST CH: HB: (339, 413), PosFlotante: (339.00, 413.00)
2025-05-19 16:49:02 - jugador - [DEBUG] - [JUGADOR_0] Pos flotante (pre-límites): (336.1200, 413.0000)
2025-05-19 16:49:02 - jugador - [DEBUG] - [JUGADOR_0] Pos flotante (post-límites): (336.1200, 413.0000)
2025-05-19 16:49:02 - jugador - [DEBUG] - [JUGADOR_0] Movimiento para CH: dx_int=-3, dy_int=0. HB (antes CH): (339, 413), PosFlotante: (336.1200,413.0000)
2025-05-19 16:49:02 - jugador - [DEBUG] - [JUGADOR_0] Iniciando gestión de colisión con dx=-3, dy=0. Hitbox actual: (339, 413)
2025-05-19 16:49:02 - jugador - [DEBUG] - [JUGADOR_0] Posición POST CH: HB: (336, 413), PosFlotante: (336.00, 413.00)
2025-05-19 16:49:02 - jugador - [DEBUG] - [JUGADOR_0] Delta flotante intentado: dx=-2.8800, dy=0.0000 (delta_time: 0.0160)
2025-05-19 16:49:02 - jugador - [DEBUG] - [JUGADOR_0] Pos flotante (pre-límites): (333.1200, 413.0000)
2025-05-19 16:49:02 - jugador - [DEBUG] - [JUGADOR_0] Pos flotante (post-límites): (333.1200, 413.0000)
2025-05-19 16:49:02 - jugador - [DEBUG] - [JUGADOR_0] Movimiento para CH: dx_int=-3, dy_int=0. HB (antes CH): (336, 413), PosFlotante: (333.1200,413.0000)
2025-05-19 16:49:02 - jugador - [DEBUG] - [JUGADOR_0] Iniciando gestión de colisión con dx=-3, dy=0. Hitbox actual: (336, 413)
2025-05-19 16:49:02 - jugador - [DEBUG] - [JUGADOR_0] Posición POST CH: HB: (333, 413), PosFlotante: (333.00, 413.00)
2025-05-19 16:49:02 - jugador - [DEBUG] - [JUGADOR_0] Delta flotante intentado: dx=-3.0600, dy=0.0000 (delta_time: 0.0170)
2025-05-19 16:49:02 - jugador - [DEBUG] - [JUGADOR_0] Pos flotante (pre-límites): (329.9400, 413.0000)
2025-05-19 16:49:02 - jugador - [DEBUG] - [JUGADOR_0] Pos flotante (post-límites): (329.9400, 413.0000)
2025-05-19 16:49:02 - jugador - [DEBUG] - [JUGADOR_0] Movimiento para CH: dx_int=-4, dy_int=0. HB (antes CH): (333, 413), PosFlotante: (329.9400,413.0000)
2025-05-19 16:49:02 - jugador - [DEBUG] - [JUGADOR_0] Iniciando gestión de colisión con dx=-4, dy=0. Hitbox actual: (333, 413)
2025-05-19 16:49:02 - jugador - [DEBUG] - [JUGADOR_0] Posición POST CH: HB: (329, 413), PosFlotante: (329.00, 413.00)
2025-05-19 16:49:02 - jugador - [DEBUG] - [JUGADOR_0] Input teclado procesado: mov_x_input_raw=180, mov_y_input_raw=0
2025-05-19 16:49:02 - jugador - [DEBUG] - [JUGADOR_0] Delta flotante intentado: dx=2.8800, dy=0.0000 (delta_time: 0.0160)
2025-05-19 16:49:02 - jugador - [DEBUG] - [JUGADOR_0] Pos flotante (pre-límites): (331.8800, 413.0000)
2025-05-19 16:49:02 - jugador - [DEBUG] - [JUGADOR_0] Pos flotante (post-límites): (331.8800, 413.0000)
2025-05-19 16:49:02 - jugador - [DEBUG] - [JUGADOR_0] Movimiento para CH: dx_int=3, dy_int=0. HB (antes CH): (329, 413), PosFlotante: (331.8800,413.0000)
2025-05-19 16:49:02 - jugador - [DEBUG] - [JUGADOR_0] Iniciando gestión de colisión con dx=3, dy=0. Hitbox actual: (329, 413)
2025-05-19 16:49:02 - jugador - [DEBUG] - [JUGADOR_0] Posición POST CH: HB: (332, 413), PosFlotante: (332.00, 413.00)
2025-05-19 16:49:02 - jugador - [DEBUG] - [JUGADOR_0] Delta flotante intentado: dx=3.0600, dy=0.0000 (delta_time: 0.0170)
2025-05-19 16:49:02 - jugador - [DEBUG] - [JUGADOR_0] Pos flotante (pre-límites): (335.0600, 413.0000)
2025-05-19 16:49:02 - jugador - [DEBUG] - [JUGADOR_0] Pos flotante (post-límites): (335.0600, 413.0000)
2025-05-19 16:49:02 - jugador - [DEBUG] - [JUGADOR_0] Movimiento para CH: dx_int=4, dy_int=0. HB (antes CH): (332, 413), PosFlotante: (335.0600,413.0000)
2025-05-19 16:49:02 - jugador - [DEBUG] - [JUGADOR_0] Iniciando gestión de colisión con dx=4, dy=0. Hitbox actual: (332, 413)
2025-05-19 16:49:02 - jugador - [DEBUG] - [JUGADOR_0] Posición POST CH: HB: (336, 413), PosFlotante: (336.00, 413.00)
2025-05-19 16:49:02 - jugador - [DEBUG] - [JUGADOR_0] Pos flotante (pre-límites): (339.0600, 413.0000)
2025-05-19 16:49:02 - jugador - [DEBUG] - [JUGADOR_0] Pos flotante (post-límites): (339.0600, 413.0000)
2025-05-19 16:49:02 - jugador - [DEBUG] - [JUGADOR_0] Movimiento para CH: dx_int=4, dy_int=0. HB (antes CH): (336, 413), PosFlotante: (339.0600,413.0000)
2025-05-19 16:49:02 - jugador - [DEBUG] - [JUGADOR_0] Iniciando gestión de colisión con dx=4, dy=0. Hitbox actual: (336, 413)
2025-05-19 16:49:02 - jugador - [DEBUG] - [JUGADOR_0] Posición POST CH: HB: (340, 413), PosFlotante: (340.00, 413.00)
2025-05-19 16:49:02 - jugador - [DEBUG] - [JUGADOR_0] Pos flotante (pre-límites): (342.8800, 413.0000)
2025-05-19 16:49:02 - jugador - [DEBUG] - [JUGADOR_0] Pos flotante (post-límites): (342.8800, 413.0000)
2025-05-19 16:49:02 - jugador - [DEBUG] - [JUGADOR_0] Movimiento para CH: dx_int=3, dy_int=0. HB (antes CH): (340, 413), PosFlotante: (342.8800,413.0000)
2025-05-19 16:49:02 - jugador - [DEBUG] - [JUGADOR_0] Iniciando gestión de colisión con dx=3, dy=0. Hitbox actual: (340, 413)
2025-05-19 16:49:02 - jugador - [DEBUG] - [JUGADOR_0] Posición POST CH: HB: (343, 413), PosFlotante: (343.00, 413.00)
2025-05-19 16:49:02 - jugador - [DEBUG] - [JUGADOR_0] Input teclado procesado: mov_x_input_raw=180, mov_y_input_raw=0
2025-05-19 16:49:02 - jugador - [DEBUG] - [JUGADOR_0] Delta flotante intentado: dx=2.8800, dy=0.0000 (delta_time: 0.0160)
2025-05-19 16:49:02 - jugador - [DEBUG] - [JUGADOR_0] Pos flotante (pre-límites): (345.8800, 413.0000)
2025-05-19 16:49:02 - jugador - [DEBUG] - [JUGADOR_0] Pos flotante (post-límites): (345.8800, 413.0000)
2025-05-19 16:49:02 - jugador - [DEBUG] - [JUGADOR_0] Movimiento para CH: dx_int=3, dy_int=0. HB (antes CH): (343, 413), PosFlotante: (345.8800,413.0000)
2025-05-19 16:49:02 - jugador - [DEBUG] - [JUGADOR_0] Iniciando gestión de colisión con dx=3, dy=0. Hitbox actual: (343, 413)
2025-05-19 16:49:02 - jugador - [DEBUG] - [JUGADOR_0] Posición POST CH: HB: (346, 413), PosFlotante: (346.00, 413.00)
2025-05-19 16:49:02 - jugador - [INFO] - [JUGADOR_0] ATAQUE INICIADO (Cooldown: 700.0ms). Perfil: 'ataque_offset_distancia'
2025-05-19 16:49:02 - jugador - [DEBUG] - [JUGADOR_0] Delta flotante intentado: dx=3.0600, dy=0.0000 (delta_time: 0.0170)
2025-05-19 16:49:02 - jugador - [DEBUG] - [JUGADOR_0] Pos flotante (pre-límites): (349.0600, 413.0000)
2025-05-19 16:49:02 - jugador - [DEBUG] - [JUGADOR_0] Pos flotante (post-límites): (349.0600, 413.0000)
2025-05-19 16:49:02 - jugador - [DEBUG] - [JUGADOR_0] Movimiento para CH: dx_int=4, dy_int=0. HB (antes CH): (346, 413), PosFlotante: (349.0600,413.0000)
2025-05-19 16:49:02 - jugador - [DEBUG] - [JUGADOR_0] Iniciando gestión de colisión con dx=4, dy=0. Hitbox actual: (346, 413)
2025-05-19 16:49:02 - jugador - [DEBUG] - [JUGADOR_0] Posición POST CH: HB: (350, 413), PosFlotante: (350.00, 413.00)
2025-05-19 16:49:02 - jugador - [DEBUG] - [JUGADOR_0] Hitbox ataque: <rect(473, 417, 42, 15)> (Dir: 1,0)
2025-05-19 16:49:02 - jugador - [INFO] - [JUGADOR_0] Golpeó a [Enemigo_2] con 5 de daño.
2025-05-19 16:49:02 - jugador - [DEBUG] - [JUGADOR_0] Pos flotante (pre-límites): (352.8800, 413.0000)
2025-05-19 16:49:02 - jugador - [DEBUG] - [JUGADOR_0] Pos flotante (post-límites): (352.8800, 413.0000)
2025-05-19 16:49:02 - jugador - [DEBUG] - [JUGADOR_0] Movimiento para CH: dx_int=3, dy_int=0. HB (antes CH): (350, 413), PosFlotante: (352.8800,413.0000)
2025-05-19 16:49:02 - jugador - [DEBUG] - [JUGADOR_0] Iniciando gestión de colisión con dx=3, dy=0. Hitbox actual: (350, 413)
2025-05-19 16:49:02 - jugador - [DEBUG] - [JUGADOR_0] Posición POST CH: HB: (353, 413), PosFlotante: (353.00, 413.00)
2025-05-19 16:49:02 - jugador - [DEBUG] - [JUGADOR_0] Hitbox ataque: <rect(476, 417, 42, 15)> (Dir: 1,0)
2025-05-19 16:49:02 - jugador - [DEBUG] - [JUGADOR_0] Input teclado procesado: mov_x_input_raw=180, mov_y_input_raw=0
2025-05-19 16:49:02 - jugador - [DEBUG] - [JUGADOR_0] Pos flotante (pre-límites): (356.0600, 413.0000)
2025-05-19 16:49:02 - jugador - [DEBUG] - [JUGADOR_0] Pos flotante (post-límites): (356.0600, 413.0000)
2025-05-19 16:49:02 - jugador - [DEBUG] - [JUGADOR_0] Movimiento para CH: dx_int=4, dy_int=0. HB (antes CH): (353, 413), PosFlotante: (356.0600,413.0000)
2025-05-19 16:49:02 - jugador - [DEBUG] - [JUGADOR_0] Iniciando gestión de colisión con dx=4, dy=0. Hitbox actual: (353, 413)
2025-05-19 16:49:02 - jugador - [DEBUG] - [JUGADOR_0] Posición POST CH: HB: (357, 413), PosFlotante: (357.00, 413.00)
2025-05-19 16:49:02 - jugador - [DEBUG] - [JUGADOR_0] Hitbox ataque: <rect(480, 417, 42, 15)> (Dir: 1,0)
2025-05-19 16:49:02 - jugador - [DEBUG] - [JUGADOR_0] Delta flotante intentado: dx=2.8800, dy=0.0000 (delta_time: 0.0160)
2025-05-19 16:49:02 - jugador - [DEBUG] - [JUGADOR_0] Pos flotante (pre-límites): (359.8800, 413.0000)
2025-05-19 16:49:02 - jugador - [DEBUG] - [JUGADOR_0] Pos flotante (post-límites): (359.8800, 413.0000)
2025-05-19 16:49:02 - jugador - [DEBUG] - [JUGADOR_0] Movimiento para CH: dx_int=3, dy_int=0. HB (antes CH): (357, 413), PosFlotante: (359.8800,413.0000)
2025-05-19 16:49:02 - jugador - [DEBUG] - [JUGADOR_0] Iniciando gestión de colisión con dx=3, dy=0. Hitbox actual: (357, 413)
2025-05-19 16:49:02 - jugador - [DEBUG] - [JUGADOR_0] Posición POST CH: HB: (360, 413), PosFlotante: (360.00, 413.00)
2025-05-19 16:49:02 - jugador - [DEBUG] - [JUGADOR_0] Hitbox ataque: <rect(483, 417, 42, 15)> (Dir: 1,0)
2025-05-19 16:49:02 - jugador - [DEBUG] - [JUGADOR_0] Pos flotante (pre-límites): (362.8800, 413.0000)
2025-05-19 16:49:02 - jugador - [DEBUG] - [JUGADOR_0] Pos flotante (post-límites): (362.8800, 413.0000)
2025-05-19 16:49:02 - jugador - [DEBUG] - [JUGADOR_0] Movimiento para CH: dx_int=3, dy_int=0. HB (antes CH): (360, 413), PosFlotante: (362.8800,413.0000)
2025-05-19 16:49:02 - jugador - [DEBUG] - [JUGADOR_0] Iniciando gestión de colisión con dx=3, dy=0. Hitbox actual: (360, 413)
2025-05-19 16:49:02 - jugador - [DEBUG] - [JUGADOR_0] Posición POST CH: HB: (363, 413), PosFlotante: (363.00, 413.00)
2025-05-19 16:49:02 - jugador - [DEBUG] - [JUGADOR_0] Hitbox ataque: <rect(486, 417, 42, 15)> (Dir: 1,0)
2025-05-19 16:49:02 - jugador - [DEBUG] - [JUGADOR_0] Delta flotante intentado: dx=3.0600, dy=0.0000 (delta_time: 0.0170)
2025-05-19 16:49:02 - jugador - [DEBUG] - [JUGADOR_0] Pos flotante (pre-límites): (366.0600, 413.0000)
2025-05-19 16:49:02 - jugador - [DEBUG] - [JUGADOR_0] Pos flotante (post-límites): (366.0600, 413.0000)
2025-05-19 16:49:02 - jugador - [DEBUG] - [JUGADOR_0] Movimiento para CH: dx_int=4, dy_int=0. HB (antes CH): (363, 413), PosFlotante: (366.0600,413.0000)
2025-05-19 16:49:02 - jugador - [DEBUG] - [JUGADOR_0] Iniciando gestión de colisión con dx=4, dy=0. Hitbox actual: (363, 413)
2025-05-19 16:49:02 - jugador - [DEBUG] - [JUGADOR_0] Posición POST CH: HB: (367, 413), PosFlotante: (367.00, 413.00)
2025-05-19 16:49:02 - jugador - [DEBUG] - [JUGADOR_0] Hitbox ataque: <rect(490, 417, 42, 15)> (Dir: 1,0)
2025-05-19 16:49:02 - jugador - [DEBUG] - [JUGADOR_0] Input teclado procesado: mov_x_input_raw=180, mov_y_input_raw=0
2025-05-19 16:49:02 - jugador - [DEBUG] - [JUGADOR_0] Delta flotante intentado: dx=2.8800, dy=0.0000 (delta_time: 0.0160)
2025-05-19 16:49:02 - jugador - [DEBUG] - [JUGADOR_0] Pos flotante (pre-límites): (369.8800, 413.0000)
2025-05-19 16:49:02 - jugador - [DEBUG] - [JUGADOR_0] Pos flotante (post-límites): (369.8800, 413.0000)
2025-05-19 16:49:02 - jugador - [DEBUG] - [JUGADOR_0] Movimiento para CH: dx_int=3, dy_int=0. HB (antes CH): (367, 413), PosFlotante: (369.8800,413.0000)
2025-05-19 16:49:02 - jugador - [DEBUG] - [JUGADOR_0] Iniciando gestión de colisión con dx=3, dy=0. Hitbox actual: (367, 413)
2025-05-19 16:49:02 - jugador - [DEBUG] - [JUGADOR_0] Posición POST CH: HB: (370, 413), PosFlotante: (370.00, 413.00)
2025-05-19 16:49:02 - jugador - [DEBUG] - [JUGADOR_0] Hitbox ataque: <rect(493, 417, 42, 15)> (Dir: 1,0)
2025-05-19 16:49:02 - jugador - [INFO] - [JUGADOR_0] Golpeó a [Enemigo_1] con 5 de daño.
2025-05-19 16:49:02 - jugador - [DEBUG] - [JUGADOR_0] Pos flotante (pre-límites): (372.8800, 413.0000)
2025-05-19 16:49:02 - jugador - [DEBUG] - [JUGADOR_0] Pos flotante (post-límites): (372.8800, 413.0000)
2025-05-19 16:49:02 - jugador - [DEBUG] - [JUGADOR_0] Movimiento para CH: dx_int=3, dy_int=0. HB (antes CH): (370, 413), PosFlotante: (372.8800,413.0000)
2025-05-19 16:49:02 - jugador - [DEBUG] - [JUGADOR_0] Iniciando gestión de colisión con dx=3, dy=0. Hitbox actual: (370, 413)
2025-05-19 16:49:02 - jugador - [DEBUG] - [JUGADOR_0] Posición POST CH: HB: (373, 413), PosFlotante: (373.00, 413.00)
2025-05-19 16:49:02 - jugador - [DEBUG] - [JUGADOR_0] Hitbox ataque: <rect(496, 417, 42, 15)> (Dir: 1,0)
2025-05-19 16:49:02 - jugador - [DEBUG] - [JUGADOR_0] Pos flotante (pre-límites): (375.8800, 413.0000)
2025-05-19 16:49:02 - jugador - [DEBUG] - [JUGADOR_0] Pos flotante (post-límites): (375.8800, 413.0000)
2025-05-19 16:49:02 - jugador - [DEBUG] - [JUGADOR_0] Movimiento para CH: dx_int=3, dy_int=0. HB (antes CH): (373, 413), PosFlotante: (375.8800,413.0000)
2025-05-19 16:49:02 - jugador - [DEBUG] - [JUGADOR_0] Iniciando gestión de colisión con dx=3, dy=0. Hitbox actual: (373, 413)
2025-05-19 16:49:02 - jugador - [DEBUG] - [JUGADOR_0] Posición POST CH: HB: (376, 413), PosFlotante: (376.00, 413.00)
2025-05-19 16:49:02 - jugador - [DEBUG] - [JUGADOR_0] Hitbox ataque: <rect(499, 417, 42, 15)> (Dir: 1,0)
2025-05-19 16:49:02 - jugador - [DEBUG] - [JUGADOR_0] Pos flotante (pre-límites): (378.8800, 413.0000)
2025-05-19 16:49:02 - jugador - [DEBUG] - [JUGADOR_0] Pos flotante (post-límites): (378.8800, 413.0000)
2025-05-19 16:49:02 - jugador - [DEBUG] - [JUGADOR_0] Movimiento para CH: dx_int=3, dy_int=0. HB (antes CH): (376, 413), PosFlotante: (378.8800,413.0000)
2025-05-19 16:49:02 - jugador - [DEBUG] - [JUGADOR_0] Iniciando gestión de colisión con dx=3, dy=0. Hitbox actual: (376, 413)
2025-05-19 16:49:02 - jugador - [DEBUG] - [JUGADOR_0] Posición POST CH: HB: (379, 413), PosFlotante: (379.00, 413.00)
2025-05-19 16:49:02 - jugador - [DEBUG] - [JUGADOR_0] Hitbox ataque: <rect(502, 417, 42, 15)> (Dir: 1,0)
2025-05-19 16:49:02 - jugador - [DEBUG] - [JUGADOR_0] Input teclado procesado: mov_x_input_raw=180, mov_y_input_raw=0
2025-05-19 16:49:02 - jugador - [DEBUG] - [JUGADOR_0] Delta flotante intentado: dx=2.8800, dy=0.0000 (delta_time: 0.0160)
2025-05-19 16:49:02 - jugador - [DEBUG] - [JUGADOR_0] Pos flotante (pre-límites): (381.8800, 413.0000)
2025-05-19 16:49:02 - jugador - [DEBUG] - [JUGADOR_0] Pos flotante (post-límites): (381.8800, 413.0000)
2025-05-19 16:49:02 - jugador - [DEBUG] - [JUGADOR_0] Movimiento para CH: dx_int=3, dy_int=0. HB (antes CH): (379, 413), PosFlotante: (381.8800,413.0000)
2025-05-19 16:49:02 - jugador - [DEBUG] - [JUGADOR_0] Iniciando gestión de colisión con dx=3, dy=0. Hitbox actual: (379, 413)
2025-05-19 16:49:02 - jugador - [DEBUG] - [JUGADOR_0] Posición POST CH: HB: (382, 413), PosFlotante: (382.00, 413.00)
2025-05-19 16:49:02 - jugador - [DEBUG] - [JUGADOR_0] Hitbox ataque: <rect(505, 417, 42, 15)> (Dir: 1,0)
2025-05-19 16:49:02 - jugador - [DEBUG] - [JUGADOR_0] Pos flotante (pre-límites): (384.8800, 413.0000)
2025-05-19 16:49:02 - jugador - [DEBUG] - [JUGADOR_0] Pos flotante (post-límites): (384.8800, 413.0000)
2025-05-19 16:49:02 - jugador - [DEBUG] - [JUGADOR_0] Movimiento para CH: dx_int=3, dy_int=0. HB (antes CH): (382, 413), PosFlotante: (384.8800,413.0000)
2025-05-19 16:49:02 - jugador - [DEBUG] - [JUGADOR_0] Iniciando gestión de colisión con dx=3, dy=0. Hitbox actual: (382, 413)
2025-05-19 16:49:02 - jugador - [DEBUG] - [JUGADOR_0] Posición POST CH: HB: (385, 413), PosFlotante: (385.00, 413.00)
2025-05-19 16:49:02 - jugador - [DEBUG] - [JUGADOR_0] Hitbox ataque: <rect(508, 417, 42, 15)> (Dir: 1,0)
2025-05-19 16:49:02 - jugador - [DEBUG] - [JUGADOR_0] Pos flotante (pre-límites): (387.8800, 413.0000)
2025-05-19 16:49:02 - jugador - [DEBUG] - [JUGADOR_0] Pos flotante (post-límites): (387.8800, 413.0000)
2025-05-19 16:49:02 - jugador - [DEBUG] - [JUGADOR_0] Movimiento para CH: dx_int=3, dy_int=0. HB (antes CH): (385, 413), PosFlotante: (387.8800,413.0000)
2025-05-19 16:49:02 - jugador - [DEBUG] - [JUGADOR_0] Iniciando gestión de colisión con dx=3, dy=0. Hitbox actual: (385, 413)
2025-05-19 16:49:02 - jugador - [DEBUG] - [JUGADOR_0] Posición POST CH: HB: (388, 413), PosFlotante: (388.00, 413.00)
2025-05-19 16:49:02 - jugador - [DEBUG] - [JUGADOR_0] Hitbox ataque: <rect(511, 417, 42, 15)> (Dir: 1,0)
2025-05-19 16:49:02 - jugador - [DEBUG] - [JUGADOR_0] Input teclado procesado: mov_x_input_raw=0, mov_y_input_raw=0
2025-05-19 16:49:02 - jugador - [DEBUG] - [JUGADOR_0] Delta flotante intentado: dx=0.0000, dy=0.0000 (delta_time: 0.0160)
2025-05-19 16:49:02 - jugador - [DEBUG] - [JUGADOR_0] Pos flotante (pre-límites): (388.0000, 413.0000)
2025-05-19 16:49:02 - jugador - [DEBUG] - [JUGADOR_0] Pos flotante (post-límites): (388.0000, 413.0000)
2025-05-19 16:49:02 - jugador - [DEBUG] - [JUGADOR_0] Sin mov. para CH (delta_int fue 0). HB: (388, 413), PosFlotante: (388.0000, 413.0000)
2025-05-19 16:49:02 - jugador - [DEBUG] - [JUGADOR_0] Delta flotante intentado: dx=0.0000, dy=0.0000 (delta_time: 0.0170)
2025-05-19 16:49:02 - jugador - [DEBUG] - [JUGADOR_0] Hitbox ataque: <rect(511, 417, 42, 15)> (Dir: 1,0)
2025-05-19 16:49:02 - jugador - [DEBUG] - [JUGADOR_0] Input teclado procesado: mov_x_input_raw=0, mov_y_input_raw=0
2025-05-19 16:49:02 - jugador - [DEBUG] - [JUGADOR_0] Pos flotante (pre-límites): (388.0000, 413.0000)
2025-05-19 16:49:02 - jugador - [DEBUG] - [JUGADOR_0] Pos flotante (post-límites): (388.0000, 413.0000)
2025-05-19 16:49:02 - jugador - [DEBUG] - [JUGADOR_0] Sin mov. para CH (delta_int fue 0). HB: (388, 413), PosFlotante: (388.0000, 413.0000)
2025-05-19 16:49:02 - jugador - [DEBUG] - [JUGADOR_0] Delta flotante intentado: dx=0.0000, dy=0.0000 (delta_time: 0.0170)
2025-05-19 16:49:02 - jugador - [DEBUG] - [JUGADOR_0] Delta flotante intentado: dx=0.0000, dy=0.0000 (delta_time: 0.0160)
2025-05-19 16:49:02 - jugador - [DEBUG] - [JUGADOR_0] ATAQUE FINALIZADO (Duración: 300ms). Enemigos golpeados: 2
2025-05-19 16:49:02 - jugador - [DEBUG] - [JUGADOR_0] Input teclado procesado: mov_x_input_raw=0, mov_y_input_raw=0
2025-05-19 16:49:02 - jugador - [DEBUG] - [JUGADOR_0] Pos flotante (pre-límites): (388.0000, 413.0000)
2025-05-19 16:49:02 - jugador - [DEBUG] - [JUGADOR_0] Pos flotante (post-límites): (388.0000, 413.0000)
2025-05-19 16:49:02 - jugador - [DEBUG] - [JUGADOR_0] Sin mov. para CH (delta_int fue 0). HB: (388, 413), PosFlotante: (388.0000, 413.0000)
2025-05-19 16:49:02 - jugador - [DEBUG] - [JUGADOR_0] Delta flotante intentado: dx=0.0000, dy=0.0000 (delta_time: 0.0170)
2025-05-19 16:49:03 - jugador - [DEBUG] - [JUGADOR_0] Input teclado procesado: mov_x_input_raw=0, mov_y_input_raw=0
2025-05-19 16:49:03 - jugador - [DEBUG] - [JUGADOR_0] Pos flotante (pre-límites): (388.0000, 413.0000)
2025-05-19 16:49:03 - jugador - [DEBUG] - [JUGADOR_0] Pos flotante (post-límites): (388.0000, 413.0000)
2025-05-19 16:49:03 - jugador - [DEBUG] - [JUGADOR_0] Sin mov. para CH (delta_int fue 0). HB: (388, 413), PosFlotante: (388.0000, 413.0000)
2025-05-19 16:49:03 - jugador - [DEBUG] - [JUGADOR_0] Delta flotante intentado: dx=0.0000, dy=0.0000 (delta_time: 0.0170)
2025-05-19 16:49:03 - jugador - [DEBUG] - [JUGADOR_0] Delta flotante intentado: dx=0.0000, dy=0.0000 (delta_time: 0.0160)
2025-05-19 16:49:03 - jugador - [DEBUG] - [JUGADOR_0] Input teclado procesado: mov_x_input_raw=0, mov_y_input_raw=0
2025-05-19 16:49:03 - jugador - [DEBUG] - [JUGADOR_0] Pos flotante (pre-límites): (388.0000, 413.0000)
2025-05-19 16:49:03 - jugador - [DEBUG] - [JUGADOR_0] Pos flotante (post-límites): (388.0000, 413.0000)
2025-05-19 16:49:03 - jugador - [DEBUG] - [JUGADOR_0] Sin mov. para CH (delta_int fue 0). HB: (388, 413), PosFlotante: (388.0000, 413.0000)
2025-05-19 16:49:03 - jugador - [DEBUG] - [JUGADOR_0] Input teclado procesado: mov_x_input_raw=0, mov_y_input_raw=0
2025-05-19 16:49:03 - jugador - [DEBUG] - [JUGADOR_0] Delta flotante intentado: dx=0.0000, dy=0.0000 (delta_time: 0.0170)
2025-05-19 16:49:03 - jugador - [DEBUG] - [JUGADOR_0] Pos flotante (pre-límites): (388.0000, 413.0000)
2025-05-19 16:49:03 - jugador - [DEBUG] - [JUGADOR_0] Pos flotante (post-límites): (388.0000, 413.0000)
2025-05-19 16:49:03 - jugador - [DEBUG] - [JUGADOR_0] Sin mov. para CH (delta_int fue 0). HB: (388, 413), PosFlotante: (388.0000, 413.0000)
2025-05-19 16:49:03 - jugador - [DEBUG] - [JUGADOR_0] Delta flotante intentado: dx=0.0000, dy=0.0000 (delta_time: 0.0160)
2025-05-19 16:49:03 - jugador - [DEBUG] - [JUGADOR_0] Input teclado procesado: mov_x_input_raw=0, mov_y_input_raw=0
2025-05-19 16:49:03 - jugador - [DEBUG] - [JUGADOR_0] Delta flotante intentado: dx=0.0000, dy=0.0000 (delta_time: 0.0170)
2025-05-19 16:49:03 - jugador - [DEBUG] - [JUGADOR_0] Pos flotante (pre-límites): (388.0000, 413.0000)
2025-05-19 16:49:03 - jugador - [DEBUG] - [JUGADOR_0] Pos flotante (post-límites): (388.0000, 413.0000)
2025-05-19 16:49:03 - jugador - [DEBUG] - [JUGADOR_0] Sin mov. para CH (delta_int fue 0). HB: (388, 413), PosFlotante: (388.0000, 413.0000)
2025-05-19 16:49:03 - jugador - [DEBUG] - [JUGADOR_0] Delta flotante intentado: dx=0.0000, dy=0.0000 (delta_time: 0.0160)
2025-05-19 16:49:03 - jugador - [DEBUG] - [JUGADOR_0] Input teclado procesado: mov_x_input_raw=0, mov_y_input_raw=0
2025-05-19 16:49:03 - jugador - [DEBUG] - [JUGADOR_0] Delta flotante intentado: dx=0.0000, dy=0.0000 (delta_time: 0.0170)
2025-05-19 16:49:03 - jugador - [DEBUG] - [JUGADOR_0] Pos flotante (pre-límites): (388.0000, 413.0000)
2025-05-19 16:49:03 - jugador - [DEBUG] - [JUGADOR_0] Pos flotante (post-límites): (388.0000, 413.0000)
2025-05-19 16:49:03 - jugador - [DEBUG] - [JUGADOR_0] Sin mov. para CH (delta_int fue 0). HB: (388, 413), PosFlotante: (388.0000, 413.0000)
2025-05-19 16:49:03 - jugador - [DEBUG] - [JUGADOR_0] Delta flotante intentado: dx=0.0000, dy=0.0000 (delta_time: 0.0160)
2025-05-19 16:49:03 - jugador - [DEBUG] - [JUGADOR_0] Input teclado procesado: mov_x_input_raw=0, mov_y_input_raw=0
2025-05-19 16:49:03 - jugador - [DEBUG] - [JUGADOR_0] Pos flotante (pre-límites): (388.0000, 413.0000)
2025-05-19 16:49:03 - jugador - [DEBUG] - [JUGADOR_0] Pos flotante (post-límites): (388.0000, 413.0000)
2025-05-19 16:49:03 - jugador - [DEBUG] - [JUGADOR_0] Sin mov. para CH (delta_int fue 0). HB: (388, 413), PosFlotante: (388.0000, 413.0000)
2025-05-19 16:49:03 - jugador - [DEBUG] - [JUGADOR_0] Delta flotante intentado: dx=0.0000, dy=0.0000 (delta_time: 0.0170)
2025-05-19 16:49:03 - jugador - [DEBUG] - [JUGADOR_0] Input teclado procesado: mov_x_input_raw=0, mov_y_input_raw=0
2025-05-19 16:49:03 - jugador - [DEBUG] - [JUGADOR_0] Pos flotante (pre-límites): (388.0000, 413.0000)
2025-05-19 16:49:03 - jugador - [DEBUG] - [JUGADOR_0] Pos flotante (post-límites): (388.0000, 413.0000)
2025-05-19 16:49:03 - jugador - [DEBUG] - [JUGADOR_0] Sin mov. para CH (delta_int fue 0). HB: (388, 413), PosFlotante: (388.0000, 413.0000)
2025-05-19 16:49:03 - jugador - [DEBUG] - [JUGADOR_0] Delta flotante intentado: dx=0.0000, dy=0.0000 (delta_time: 0.0160)
2025-05-19 16:49:03 - jugador - [DEBUG] - [JUGADOR_0] Delta flotante intentado: dx=0.0000, dy=0.0000 (delta_time: 0.0170)
2025-05-19 16:49:03 - jugador - [DEBUG] - [JUGADOR_0] Input teclado procesado: mov_x_input_raw=0, mov_y_input_raw=0
2025-05-19 16:49:03 - jugador - [DEBUG] - [JUGADOR_0] Pos flotante (pre-límites): (388.0000, 413.0000)
2025-05-19 16:49:03 - jugador - [DEBUG] - [JUGADOR_0] Pos flotante (post-límites): (388.0000, 413.0000)
2025-05-19 16:49:03 - jugador - [DEBUG] - [JUGADOR_0] Sin mov. para CH (delta_int fue 0). HB: (388, 413), PosFlotante: (388.0000, 413.0000)
2025-05-19 16:49:03 - jugador - [DEBUG] - [JUGADOR_0] Delta flotante intentado: dx=0.0000, dy=0.0000 (delta_time: 0.0170)
2025-05-19 16:49:03 - jugador - [DEBUG] - [JUGADOR_0] Delta flotante intentado: dx=0.0000, dy=0.0000 (delta_time: 0.0160)
2025-05-19 16:49:03 - jugador - [DEBUG] - [JUGADOR_0] Input teclado procesado: mov_x_input_raw=0, mov_y_input_raw=0
2025-05-19 16:49:03 - jugador - [DEBUG] - [JUGADOR_0] Pos flotante (pre-límites): (388.0000, 413.0000)
2025-05-19 16:49:03 - jugador - [DEBUG] - [JUGADOR_0] Pos flotante (post-límites): (388.0000, 413.0000)
2025-05-19 16:49:03 - jugador - [DEBUG] - [JUGADOR_0] Sin mov. para CH (delta_int fue 0). HB: (388, 413), PosFlotante: (388.0000, 413.0000)
