2025-05-19 16:53:46 - jugador - [DEBUG] - [JUGADOR_0] Hitbox recalculado a: <rect(404, 306, 24, 22)>
2025-05-19 16:53:46 - jugador - [DEBUG] - [JUGADOR_0] Input teclado procesado: mov_x_input_raw=0, mov_y_input_raw=0
2025-05-19 16:53:46 - jugador - [DEBUG] - [JUGADOR_0] Delta flotante intentado: dx=0.0000, dy=0.0000 (delta_time: 0.0170)
2025-05-19 16:53:46 - jugador - [DEBUG] - [JUGADOR_0] Pos flotante (pre-límites): (404.0000, 306.0000)
2025-05-19 16:53:46 - jugador - [DEBUG] - [JUGADOR_0] Pos flotante (post-límites): (404.0000, 306.0000)
2025-05-19 16:53:46 - jugador - [DEBUG] - [JUGADOR_0] Sin mov. para CH (delta_int fue 0). HB: (404, 306), PosFlotante: (404.0000, 306.0000)
2025-05-19 16:53:46 - jugador - [DEBUG] - [JUGADOR_0] Delta flotante intentado: dx=0.0000, dy=0.0000 (delta_time: 0.0160)
2025-05-19 16:53:46 - jugador - [DEBUG] - [JUGADOR_0] Input teclado procesado: mov_x_input_raw=0, mov_y_input_raw=0
2025-05-19 16:53:46 - jugador - [DEBUG] - [JUGADOR_0] Pos flotante (pre-límites): (404.0000, 306.0000)
2025-05-19 16:53:46 - jugador - [DEBUG] - [JUGADOR_0] Pos flotante (post-límites): (404.0000, 306.0000)
2025-05-19 16:53:46 - jugador - [DEBUG] - [JUGADOR_0] Sin mov. para CH (delta_int fue 0). HB: (404, 306), PosFlotante: (404.0000, 306.0000)
2025-05-19 16:53:46 - jugador - [DEBUG] - [JUGADOR_0] Delta flotante intentado: dx=0.0000, dy=0.0000 (delta_time: 0.0170)
2025-05-19 16:53:46 - jugador - [DEBUG] - [JUGADOR_0] Input teclado procesado: mov_x_input_raw=0, mov_y_input_raw=0
2025-05-19 16:53:46 - jugador - [DEBUG] - [JUGADOR_0] Pos flotante (pre-límites): (404.0000, 306.0000)
2025-05-19 16:53:46 - jugador - [DEBUG] - [JUGADOR_0] Pos flotante (post-límites): (404.0000, 306.0000)
2025-05-19 16:53:46 - jugador - [DEBUG] - [JUGADOR_0] Sin mov. para CH (delta_int fue 0). HB: (404, 306), PosFlotante: (404.0000, 306.0000)
2025-05-19 16:53:46 - jugador - [DEBUG] - [JUGADOR_0] Delta flotante intentado: dx=0.0000, dy=0.0000 (delta_time: 0.0170)
2025-05-19 16:53:46 - jugador - [DEBUG] - [JUGADOR_0] Delta flotante intentado: dx=0.0000, dy=0.0000 (delta_time: 0.0160)
2025-05-19 16:53:46 - jugador - [DEBUG] - [JUGADOR_0] Input teclado procesado: mov_x_input_raw=0, mov_y_input_raw=0
2025-05-19 16:53:46 - jugador - [DEBUG] - [JUGADOR_0] Delta flotante intentado: dx=0.0000, dy=0.0000 (delta_time: 0.0170)
2025-05-19 16:53:46 - jugador - [DEBUG] - [JUGADOR_0] Pos flotante (pre-límites): (404.0000, 306.0000)
2025-05-19 16:53:46 - jugador - [DEBUG] - [JUGADOR_0] Pos flotante (post-límites): (404.0000, 306.0000)
2025-05-19 16:53:46 - jugador - [DEBUG] - [JUGADOR_0] Sin mov. para CH (delta_int fue 0). HB: (404, 306), PosFlotante: (404.0000, 306.0000)
2025-05-19 16:53:46 - jugador - [DEBUG] - [JUGADOR_0] Delta flotante intentado: dx=0.0000, dy=0.0000 (delta_time: 0.0160)
2025-05-19 16:53:46 - jugador - [DEBUG] - [JUGADOR_0] Input teclado procesado: mov_x_input_raw=0, mov_y_input_raw=0
2025-05-19 16:53:46 - jugador - [DEBUG] - [JUGADOR_0] Delta flotante intentado: dx=0.0000, dy=0.0000 (delta_time: 0.0170)
2025-05-19 16:53:46 - jugador - [DEBUG] - [JUGADOR_0] Pos flotante (pre-límites): (404.0000, 306.0000)
2025-05-19 16:53:46 - jugador - [DEBUG] - [JUGADOR_0] Pos flotante (post-límites): (404.0000, 306.0000)
2025-05-19 16:53:46 - jugador - [DEBUG] - [JUGADOR_0] Sin mov. para CH (delta_int fue 0). HB: (404, 306), PosFlotante: (404.0000, 306.0000)
2025-05-19 16:53:46 - jugador - [DEBUG] - [JUGADOR_0] Delta flotante intentado: dx=0.0000, dy=0.0000 (delta_time: 0.0160)
2025-05-19 16:53:46 - jugador - [DEBUG] - [JUGADOR_0] Input teclado procesado: mov_x_input_raw=0, mov_y_input_raw=0
2025-05-19 16:53:46 - jugador - [DEBUG] - [JUGADOR_0] Pos flotante (pre-límites): (404.0000, 306.0000)
2025-05-19 16:53:46 - jugador - [DEBUG] - [JUGADOR_0] Pos flotante (post-límites): (404.0000, 306.0000)
2025-05-19 16:53:46 - jugador - [DEBUG] - [JUGADOR_0] Sin mov. para CH (delta_int fue 0). HB: (404, 306), PosFlotante: (404.0000, 306.0000)
2025-05-19 16:53:46 - jugador - [DEBUG] - [JUGADOR_0] Delta flotante intentado: dx=0.0000, dy=0.0000 (delta_time: 0.0170)
2025-05-19 16:53:47 - jugador - [DEBUG] - [JUGADOR_0] Input teclado procesado: mov_x_input_raw=0, mov_y_input_raw=0
2025-05-19 16:53:47 - jugador - [DEBUG] - [JUGADOR_0] Delta flotante intentado: dx=0.0000, dy=0.0000 (delta_time: 0.0160)
2025-05-19 16:53:47 - jugador - [DEBUG] - [JUGADOR_0] Pos flotante (pre-límites): (404.0000, 306.0000)
2025-05-19 16:53:47 - jugador - [DEBUG] - [JUGADOR_0] Pos flotante (post-límites): (404.0000, 306.0000)
2025-05-19 16:53:47 - jugador - [DEBUG] - [JUGADOR_0] Sin mov. para CH (delta_int fue 0). HB: (404, 306), PosFlotante: (404.0000, 306.0000)
2025-05-19 16:53:47 - jugador - [DEBUG] - [JUGADOR_0] Delta flotante intentado: dx=0.0000, dy=0.0000 (delta_time: 0.0170)
2025-05-19 16:53:47 - jugador - [DEBUG] - [JUGADOR_0] Input teclado procesado: mov_x_input_raw=0, mov_y_input_raw=0
2025-05-19 16:53:47 - jugador - [DEBUG] - [JUGADOR_0] Pos flotante (pre-límites): (404.0000, 306.0000)
2025-05-19 16:53:47 - jugador - [DEBUG] - [JUGADOR_0] Pos flotante (post-límites): (404.0000, 306.0000)
2025-05-19 16:53:47 - jugador - [DEBUG] - [JUGADOR_0] Sin mov. para CH (delta_int fue 0). HB: (404, 306), PosFlotante: (404.0000, 306.0000)
2025-05-19 16:53:47 - jugador - [DEBUG] - [JUGADOR_0] Delta flotante intentado: dx=0.0000, dy=0.0000 (delta_time: 0.0170)
2025-05-19 16:53:47 - jugador - [DEBUG] - [JUGADOR_0] Delta flotante intentado: dx=0.0000, dy=0.0000 (delta_time: 0.0160)
2025-05-19 16:53:47 - jugador - [DEBUG] - [JUGADOR_0] Input teclado procesado: mov_x_input_raw=0, mov_y_input_raw=0
2025-05-19 16:53:47 - jugador - [DEBUG] - [JUGADOR_0] Pos flotante (pre-límites): (404.0000, 306.0000)
2025-05-19 16:53:47 - jugador - [DEBUG] - [JUGADOR_0] Pos flotante (post-límites): (404.0000, 306.0000)
2025-05-19 16:53:47 - jugador - [DEBUG] - [JUGADOR_0] Sin mov. para CH (delta_int fue 0). HB: (404, 306), PosFlotante: (404.0000, 306.0000)
2025-05-19 16:53:47 - jugador - [DEBUG] - [JUGADOR_0] Delta flotante intentado: dx=0.0000, dy=0.0000 (delta_time: 0.0160)
2025-05-19 16:53:47 - jugador - [DEBUG] - [JUGADOR_0] Input teclado procesado: mov_x_input_raw=0, mov_y_input_raw=0
2025-05-19 16:53:47 - jugador - [DEBUG] - [JUGADOR_0] Delta flotante intentado: dx=0.0000, dy=0.0000 (delta_time: 0.0170)
2025-05-19 16:53:47 - jugador - [DEBUG] - [JUGADOR_0] Pos flotante (pre-límites): (404.0000, 306.0000)
2025-05-19 16:53:47 - jugador - [DEBUG] - [JUGADOR_0] Pos flotante (post-límites): (404.0000, 306.0000)
2025-05-19 16:53:47 - jugador - [DEBUG] - [JUGADOR_0] Sin mov. para CH (delta_int fue 0). HB: (404, 306), PosFlotante: (404.0000, 306.0000)
2025-05-19 16:53:47 - jugador - [DEBUG] - [JUGADOR_0] Input teclado procesado: mov_x_input_raw=0, mov_y_input_raw=0
2025-05-19 16:53:47 - jugador - [DEBUG] - [JUGADOR_0] Delta flotante intentado: dx=0.0000, dy=0.0000 (delta_time: 0.0170)
2025-05-19 16:53:47 - jugador - [DEBUG] - [JUGADOR_0] Pos flotante (pre-límites): (404.0000, 306.0000)
2025-05-19 16:53:47 - jugador - [DEBUG] - [JUGADOR_0] Pos flotante (post-límites): (404.0000, 306.0000)
2025-05-19 16:53:47 - jugador - [DEBUG] - [JUGADOR_0] Sin mov. para CH (delta_int fue 0). HB: (404, 306), PosFlotante: (404.0000, 306.0000)
2025-05-19 16:53:47 - jugador - [DEBUG] - [JUGADOR_0] Delta flotante intentado: dx=0.0000, dy=0.0000 (delta_time: 0.0160)
2025-05-19 16:53:47 - jugador - [DEBUG] - [JUGADOR_0] Input teclado procesado: mov_x_input_raw=0, mov_y_input_raw=0
2025-05-19 16:53:47 - jugador - [DEBUG] - [JUGADOR_0] Delta flotante intentado: dx=0.0000, dy=0.0000 (delta_time: 0.0170)
2025-05-19 16:53:47 - jugador - [DEBUG] - [JUGADOR_0] Pos flotante (pre-límites): (404.0000, 306.0000)
2025-05-19 16:53:47 - jugador - [DEBUG] - [JUGADOR_0] Pos flotante (post-límites): (404.0000, 306.0000)
2025-05-19 16:53:47 - jugador - [DEBUG] - [JUGADOR_0] Sin mov. para CH (delta_int fue 0). HB: (404, 306), PosFlotante: (404.0000, 306.0000)
2025-05-19 16:53:47 - jugador - [DEBUG] - [JUGADOR_0] Delta flotante intentado: dx=0.0000, dy=0.0000 (delta_time: 0.0160)
2025-05-19 16:53:47 - jugador - [DEBUG] - [JUGADOR_0] Input teclado procesado: mov_x_input_raw=0, mov_y_input_raw=0
2025-05-19 16:53:47 - jugador - [DEBUG] - [JUGADOR_0] Delta flotante intentado: dx=0.0000, dy=0.0000 (delta_time: 0.0170)
2025-05-19 16:53:47 - jugador - [DEBUG] - [JUGADOR_0] Pos flotante (pre-límites): (404.0000, 306.0000)
2025-05-19 16:53:47 - jugador - [DEBUG] - [JUGADOR_0] Pos flotante (post-límites): (404.0000, 306.0000)
2025-05-19 16:53:47 - jugador - [DEBUG] - [JUGADOR_0] Sin mov. para CH (delta_int fue 0). HB: (404, 306), PosFlotante: (404.0000, 306.0000)
2025-05-19 16:53:47 - jugador - [DEBUG] - [JUGADOR_0] Delta flotante intentado: dx=0.0000, dy=0.0000 (delta_time: 0.0160)
2025-05-19 16:53:47 - jugador - [DEBUG] - [JUGADOR_0] Input teclado procesado: mov_x_input_raw=0, mov_y_input_raw=0
2025-05-19 16:53:47 - jugador - [DEBUG] - [JUGADOR_0] Pos flotante (pre-límites): (404.0000, 306.0000)
2025-05-19 16:53:47 - jugador - [DEBUG] - [JUGADOR_0] Pos flotante (post-límites): (404.0000, 306.0000)
2025-05-19 16:53:47 - jugador - [DEBUG] - [JUGADOR_0] Sin mov. para CH (delta_int fue 0). HB: (404, 306), PosFlotante: (404.0000, 306.0000)
2025-05-19 16:53:47 - jugador - [DEBUG] - [JUGADOR_0] Delta flotante intentado: dx=0.0000, dy=0.0000 (delta_time: 0.0170)
2025-05-19 16:53:47 - jugador - [DEBUG] - [JUGADOR_0] Delta flotante intentado: dx=0.0000, dy=0.0000 (delta_time: 0.0160)
2025-05-19 16:53:47 - jugador - [DEBUG] - [JUGADOR_0] Input teclado procesado: mov_x_input_raw=0, mov_y_input_raw=0
2025-05-19 16:53:47 - jugador - [DEBUG] - [JUGADOR_0] Pos flotante (pre-límites): (404.0000, 306.0000)
2025-05-19 16:53:47 - jugador - [DEBUG] - [JUGADOR_0] Pos flotante (post-límites): (404.0000, 306.0000)
2025-05-19 16:53:47 - jugador - [DEBUG] - [JUGADOR_0] Sin mov. para CH (delta_int fue 0). HB: (404, 306), PosFlotante: (404.0000, 306.0000)
2025-05-19 16:53:47 - jugador - [DEBUG] - [JUGADOR_0] Delta flotante intentado: dx=0.0000, dy=0.0000 (delta_time: 0.0170)
2025-05-19 16:53:47 - jugador - [DEBUG] - [JUGADOR_0] Delta flotante intentado: dx=0.0000, dy=0.0000 (delta_time: 0.0160)
2025-05-19 16:53:47 - jugador - [DEBUG] - [JUGADOR_0] Input teclado procesado: mov_x_input_raw=0, mov_y_input_raw=0
2025-05-19 16:53:47 - jugador - [DEBUG] - [JUGADOR_0] Pos flotante (pre-límites): (404.0000, 306.0000)
2025-05-19 16:53:47 - jugador - [DEBUG] - [JUGADOR_0] Pos flotante (post-límites): (404.0000, 306.0000)
2025-05-19 16:53:47 - jugador - [DEBUG] - [JUGADOR_0] Sin mov. para CH (delta_int fue 0). HB: (404, 306), PosFlotante: (404.0000, 306.0000)
2025-05-19 16:53:47 - jugador - [DEBUG] - [JUGADOR_0] Delta flotante intentado: dx=0.0000, dy=0.0000 (delta_time: 0.0170)
2025-05-19 16:53:47 - jugador - [DEBUG] - [JUGADOR_0] Input teclado procesado: mov_x_input_raw=0, mov_y_input_raw=0
2025-05-19 16:53:47 - jugador - [DEBUG] - [JUGADOR_0] Pos flotante (pre-límites): (404.0000, 306.0000)
2025-05-19 16:53:47 - jugador - [DEBUG] - [JUGADOR_0] Pos flotante (post-límites): (404.0000, 306.0000)
2025-05-19 16:53:47 - jugador - [DEBUG] - [JUGADOR_0] Sin mov. para CH (delta_int fue 0). HB: (404, 306), PosFlotante: (404.0000, 306.0000)
2025-05-19 16:53:47 - jugador - [DEBUG] - [JUGADOR_0] Delta flotante intentado: dx=0.0000, dy=0.0000 (delta_time: 0.0160)
2025-05-19 16:53:47 - jugador - [DEBUG] - [JUGADOR_0] Delta flotante intentado: dx=0.0000, dy=0.0000 (delta_time: 0.0170)
2025-05-19 16:53:47 - jugador - [DEBUG] - [JUGADOR_0] Input teclado procesado: mov_x_input_raw=0, mov_y_input_raw=0
2025-05-19 16:53:47 - jugador - [DEBUG] - [JUGADOR_0] Pos flotante (pre-límites): (404.0000, 306.0000)
2025-05-19 16:53:47 - jugador - [DEBUG] - [JUGADOR_0] Pos flotante (post-límites): (404.0000, 306.0000)
2025-05-19 16:53:47 - jugador - [DEBUG] - [JUGADOR_0] Sin mov. para CH (delta_int fue 0). HB: (404, 306), PosFlotante: (404.0000, 306.0000)
2025-05-19 16:53:47 - jugador - [DEBUG] - [JUGADOR_0] Delta flotante intentado: dx=0.0000, dy=0.0000 (delta_time: 0.0160)
2025-05-19 16:53:47 - jugador - [DEBUG] - [JUGADOR_0] Input teclado procesado: mov_x_input_raw=0, mov_y_input_raw=0
2025-05-19 16:53:47 - jugador - [DEBUG] - [JUGADOR_0] Pos flotante (pre-límites): (404.0000, 306.0000)
2025-05-19 16:53:47 - jugador - [DEBUG] - [JUGADOR_0] Pos flotante (post-límites): (404.0000, 306.0000)
2025-05-19 16:53:47 - jugador - [DEBUG] - [JUGADOR_0] Sin mov. para CH (delta_int fue 0). HB: (404, 306), PosFlotante: (404.0000, 306.0000)
2025-05-19 16:53:47 - jugador - [DEBUG] - [JUGADOR_0] Delta flotante intentado: dx=0.0000, dy=0.0000 (delta_time: 0.0160)
2025-05-19 16:53:47 - jugador - [DEBUG] - [JUGADOR_0] Delta flotante intentado: dx=0.0000, dy=0.0000 (delta_time: 0.0170)
2025-05-19 16:53:47 - jugador - [DEBUG] - [JUGADOR_0] Input teclado procesado: mov_x_input_raw=0, mov_y_input_raw=0
2025-05-19 16:53:47 - jugador - [DEBUG] - [JUGADOR_0] Pos flotante (pre-límites): (404.0000, 306.0000)
2025-05-19 16:53:47 - jugador - [DEBUG] - [JUGADOR_0] Pos flotante (post-límites): (404.0000, 306.0000)
2025-05-19 16:53:47 - jugador - [DEBUG] - [JUGADOR_0] Sin mov. para CH (delta_int fue 0). HB: (404, 306), PosFlotante: (404.0000, 306.0000)
2025-05-19 16:53:47 - jugador - [DEBUG] - [JUGADOR_0] Delta flotante intentado: dx=0.0000, dy=0.0000 (delta_time: 0.0170)
2025-05-19 16:53:47 - jugador - [DEBUG] - [JUGADOR_0] Input teclado procesado: mov_x_input_raw=0, mov_y_input_raw=0
2025-05-19 16:53:47 - jugador - [DEBUG] - [JUGADOR_0] Pos flotante (pre-límites): (404.0000, 306.0000)
2025-05-19 16:53:47 - jugador - [DEBUG] - [JUGADOR_0] Pos flotante (post-límites): (404.0000, 306.0000)
2025-05-19 16:53:47 - jugador - [DEBUG] - [JUGADOR_0] Sin mov. para CH (delta_int fue 0). HB: (404, 306), PosFlotante: (404.0000, 306.0000)
2025-05-19 16:53:47 - jugador - [DEBUG] - [JUGADOR_0] Delta flotante intentado: dx=0.0000, dy=0.0000 (delta_time: 0.0160)
2025-05-19 16:53:47 - jugador - [DEBUG] - [JUGADOR_0] Delta flotante intentado: dx=0.0000, dy=0.0000 (delta_time: 0.0170)
2025-05-19 16:53:47 - jugador - [DEBUG] - [JUGADOR_0] Input teclado procesado: mov_x_input_raw=0, mov_y_input_raw=0
2025-05-19 16:53:47 - jugador - [DEBUG] - [JUGADOR_0] Pos flotante (pre-límites): (404.0000, 306.0000)
2025-05-19 16:53:47 - jugador - [DEBUG] - [JUGADOR_0] Pos flotante (post-límites): (404.0000, 306.0000)
2025-05-19 16:53:47 - jugador - [DEBUG] - [JUGADOR_0] Sin mov. para CH (delta_int fue 0). HB: (404, 306), PosFlotante: (404.0000, 306.0000)
2025-05-19 16:53:47 - jugador - [DEBUG] - [JUGADOR_0] Delta flotante intentado: dx=0.0000, dy=0.0000 (delta_time: 0.0160)
2025-05-19 16:53:47 - jugador - [DEBUG] - [JUGADOR_0] Delta flotante intentado: dx=0.0000, dy=0.0000 (delta_time: 0.0170)
2025-05-19 16:53:48 - jugador - [DEBUG] - [JUGADOR_0] Input teclado procesado: mov_x_input_raw=0, mov_y_input_raw=0
2025-05-19 16:53:48 - jugador - [DEBUG] - [JUGADOR_0] Pos flotante (pre-límites): (404.0000, 306.0000)
2025-05-19 16:53:48 - jugador - [DEBUG] - [JUGADOR_0] Pos flotante (post-límites): (404.0000, 306.0000)
2025-05-19 16:53:48 - jugador - [DEBUG] - [JUGADOR_0] Sin mov. para CH (delta_int fue 0). HB: (404, 306), PosFlotante: (404.0000, 306.0000)
2025-05-19 16:53:48 - jugador - [DEBUG] - [JUGADOR_0] Delta flotante intentado: dx=0.0000, dy=0.0000 (delta_time: 0.0160)
2025-05-19 16:53:48 - jugador - [DEBUG] - [JUGADOR_0] Delta flotante intentado: dx=0.0000, dy=0.0000 (delta_time: 0.0170)
2025-05-19 16:53:48 - jugador - [DEBUG] - [JUGADOR_0] Input teclado procesado: mov_x_input_raw=0, mov_y_input_raw=0
2025-05-19 16:53:48 - jugador - [DEBUG] - [JUGADOR_0] Delta flotante intentado: dx=0.0000, dy=0.0000 (delta_time: 0.0160)
2025-05-19 16:53:48 - jugador - [DEBUG] - [JUGADOR_0] Pos flotante (pre-límites): (404.0000, 306.0000)
2025-05-19 16:53:48 - jugador - [DEBUG] - [JUGADOR_0] Pos flotante (post-límites): (404.0000, 306.0000)
2025-05-19 16:53:48 - jugador - [DEBUG] - [JUGADOR_0] Sin mov. para CH (delta_int fue 0). HB: (404, 306), PosFlotante: (404.0000, 306.0000)
2025-05-19 16:53:48 - jugador - [DEBUG] - [JUGADOR_0] Delta flotante intentado: dx=0.0000, dy=0.0000 (delta_time: 0.0170)
2025-05-19 16:53:48 - jugador - [DEBUG] - [JUGADOR_0] Input teclado procesado: mov_x_input_raw=0, mov_y_input_raw=0
2025-05-19 16:53:48 - jugador - [DEBUG] - [JUGADOR_0] Pos flotante (pre-límites): (404.0000, 306.0000)
2025-05-19 16:53:48 - jugador - [DEBUG] - [JUGADOR_0] Pos flotante (post-límites): (404.0000, 306.0000)
2025-05-19 16:53:48 - jugador - [DEBUG] - [JUGADOR_0] Sin mov. para CH (delta_int fue 0). HB: (404, 306), PosFlotante: (404.0000, 306.0000)
2025-05-19 16:53:48 - jugador - [DEBUG] - [JUGADOR_0] Delta flotante intentado: dx=0.0000, dy=0.0000 (delta_time: 0.0160)
2025-05-19 16:53:48 - jugador - [DEBUG] - [JUGADOR_0] Input teclado procesado: mov_x_input_raw=0, mov_y_input_raw=0
2025-05-19 16:53:48 - jugador - [DEBUG] - [JUGADOR_0] Delta flotante intentado: dx=0.0000, dy=0.0000 (delta_time: 0.0170)
2025-05-19 16:53:48 - jugador - [DEBUG] - [JUGADOR_0] Pos flotante (pre-límites): (404.0000, 306.0000)
2025-05-19 16:53:48 - jugador - [DEBUG] - [JUGADOR_0] Pos flotante (post-límites): (404.0000, 306.0000)
2025-05-19 16:53:48 - jugador - [DEBUG] - [JUGADOR_0] Sin mov. para CH (delta_int fue 0). HB: (404, 306), PosFlotante: (404.0000, 306.0000)
2025-05-19 16:53:48 - jugador - [DEBUG] - [JUGADOR_0] Input teclado procesado: mov_x_input_raw=180, mov_y_input_raw=0
2025-05-19 16:53:48 - jugador - [DEBUG] - [JUGADOR_0] Delta flotante intentado: dx=3.0600, dy=0.0000 (delta_time: 0.0170)
2025-05-19 16:53:48 - jugador - [DEBUG] - [JUGADOR_0] Pos flotante (pre-límites): (407.0600, 306.0000)
2025-05-19 16:53:48 - jugador - [DEBUG] - [JUGADOR_0] Pos flotante (post-límites): (407.0600, 306.0000)
2025-05-19 16:53:48 - jugador - [DEBUG] - [JUGADOR_0] Movimiento para CH: dx_int=4, dy_int=0. HB (antes CH): (404, 306), PosFlotante: (407.0600,306.0000)
2025-05-19 16:53:48 - jugador - [DEBUG] - [JUGADOR_0] Iniciando gestión de colisión con dx=4, dy=0. Hitbox actual: (404, 306)
2025-05-19 16:53:48 - jugador - [DEBUG] - [JUGADOR_0] Posición POST CH: HB: (408, 306), PosFlotante: (408.00, 306.00)
2025-05-19 16:53:48 - jugador - [DEBUG] - [JUGADOR_0] Delta flotante intentado: dx=2.8800, dy=0.0000 (delta_time: 0.0160)
2025-05-19 16:53:48 - jugador - [DEBUG] - [JUGADOR_0] Pos flotante (pre-límites): (410.8800, 306.0000)
2025-05-19 16:53:48 - jugador - [DEBUG] - [JUGADOR_0] Pos flotante (post-límites): (410.8800, 306.0000)
2025-05-19 16:53:48 - jugador - [DEBUG] - [JUGADOR_0] Movimiento para CH: dx_int=3, dy_int=0. HB (antes CH): (408, 306), PosFlotante: (410.8800,306.0000)
2025-05-19 16:53:48 - jugador - [DEBUG] - [JUGADOR_0] Iniciando gestión de colisión con dx=3, dy=0. Hitbox actual: (408, 306)
2025-05-19 16:53:48 - jugador - [DEBUG] - [JUGADOR_0] Posición POST CH: HB: (433, 306), PosFlotante: (433.00, 306.00)
2025-05-19 16:53:48 - jugador - [DEBUG] - [JUGADOR_0] Pos flotante (pre-límites): (436.0600, 306.0000)
2025-05-19 16:53:48 - jugador - [DEBUG] - [JUGADOR_0] Pos flotante (post-límites): (436.0600, 306.0000)
2025-05-19 16:53:48 - jugador - [DEBUG] - [JUGADOR_0] Movimiento para CH: dx_int=4, dy_int=0. HB (antes CH): (433, 306), PosFlotante: (436.0600,306.0000)
2025-05-19 16:53:48 - jugador - [DEBUG] - [JUGADOR_0] Iniciando gestión de colisión con dx=4, dy=0. Hitbox actual: (433, 306)
2025-05-19 16:53:48 - jugador - [DEBUG] - [JUGADOR_0] Posición POST CH: HB: (437, 306), PosFlotante: (437.00, 306.00)
2025-05-19 16:53:48 - jugador - [DEBUG] - [JUGADOR_0] Input teclado procesado: mov_x_input_raw=180, mov_y_input_raw=0
2025-05-19 16:53:48 - jugador - [DEBUG] - [JUGADOR_0] Pos flotante (pre-límites): (439.8800, 306.0000)
2025-05-19 16:53:48 - jugador - [DEBUG] - [JUGADOR_0] Pos flotante (post-límites): (439.8800, 306.0000)
2025-05-19 16:53:48 - jugador - [DEBUG] - [JUGADOR_0] Movimiento para CH: dx_int=3, dy_int=0. HB (antes CH): (437, 306), PosFlotante: (439.8800,306.0000)
2025-05-19 16:53:48 - jugador - [DEBUG] - [JUGADOR_0] Iniciando gestión de colisión con dx=3, dy=0. Hitbox actual: (437, 306)
2025-05-19 16:53:48 - jugador - [DEBUG] - [JUGADOR_0] Posición POST CH: HB: (440, 306), PosFlotante: (440.00, 306.00)
2025-05-19 16:53:48 - jugador - [DEBUG] - [JUGADOR_0] Delta flotante intentado: dx=3.0600, dy=0.0000 (delta_time: 0.0170)
2025-05-19 16:53:48 - jugador - [DEBUG] - [JUGADOR_0] Pos flotante (pre-límites): (443.0600, 306.0000)
2025-05-19 16:53:48 - jugador - [DEBUG] - [JUGADOR_0] Pos flotante (post-límites): (443.0600, 306.0000)
2025-05-19 16:53:48 - jugador - [DEBUG] - [JUGADOR_0] Movimiento para CH: dx_int=4, dy_int=0. HB (antes CH): (440, 306), PosFlotante: (443.0600,306.0000)
2025-05-19 16:53:48 - jugador - [DEBUG] - [JUGADOR_0] Iniciando gestión de colisión con dx=4, dy=0. Hitbox actual: (440, 306)
2025-05-19 16:53:48 - jugador - [DEBUG] - [JUGADOR_0] Posición POST CH: HB: (444, 306), PosFlotante: (444.00, 306.00)
2025-05-19 16:53:48 - jugador - [DEBUG] - [JUGADOR_0] Pos flotante (pre-límites): (447.0600, 306.0000)
2025-05-19 16:53:48 - jugador - [DEBUG] - [JUGADOR_0] Pos flotante (post-límites): (447.0600, 306.0000)
2025-05-19 16:53:48 - jugador - [DEBUG] - [JUGADOR_0] Movimiento para CH: dx_int=4, dy_int=0. HB (antes CH): (444, 306), PosFlotante: (447.0600,306.0000)
2025-05-19 16:53:48 - jugador - [DEBUG] - [JUGADOR_0] Iniciando gestión de colisión con dx=4, dy=0. Hitbox actual: (444, 306)
2025-05-19 16:53:48 - jugador - [DEBUG] - [JUGADOR_0] Posición POST CH: HB: (448, 306), PosFlotante: (448.00, 306.00)
2025-05-19 16:53:48 - jugador - [DEBUG] - [JUGADOR_0] Input teclado procesado: mov_x_input_raw=180, mov_y_input_raw=0
2025-05-19 16:53:48 - jugador - [DEBUG] - [JUGADOR_0] Delta flotante intentado: dx=2.8800, dy=0.0000 (delta_time: 0.0160)
2025-05-19 16:53:48 - jugador - [DEBUG] - [JUGADOR_0] Pos flotante (pre-límites): (450.8800, 306.0000)
2025-05-19 16:53:48 - jugador - [DEBUG] - [JUGADOR_0] Pos flotante (post-límites): (450.8800, 306.0000)
2025-05-19 16:53:48 - jugador - [DEBUG] - [JUGADOR_0] Movimiento para CH: dx_int=3, dy_int=0. HB (antes CH): (448, 306), PosFlotante: (450.8800,306.0000)
2025-05-19 16:53:48 - jugador - [DEBUG] - [JUGADOR_0] Iniciando gestión de colisión con dx=3, dy=0. Hitbox actual: (448, 306)
2025-05-19 16:53:48 - jugador - [DEBUG] - [JUGADOR_0] Posición POST CH: HB: (451, 306), PosFlotante: (451.00, 306.00)
2025-05-19 16:53:48 - jugador - [DEBUG] - [JUGADOR_0] Pos flotante (pre-límites): (453.8800, 306.0000)
2025-05-19 16:53:48 - jugador - [DEBUG] - [JUGADOR_0] Pos flotante (post-límites): (453.8800, 306.0000)
2025-05-19 16:53:48 - jugador - [DEBUG] - [JUGADOR_0] Movimiento para CH: dx_int=3, dy_int=0. HB (antes CH): (451, 306), PosFlotante: (453.8800,306.0000)
2025-05-19 16:53:48 - jugador - [DEBUG] - [JUGADOR_0] Iniciando gestión de colisión con dx=3, dy=0. Hitbox actual: (451, 306)
2025-05-19 16:53:48 - jugador - [DEBUG] - [JUGADOR_0] Posición POST CH: HB: (454, 306), PosFlotante: (454.00, 306.00)
2025-05-19 16:53:48 - jugador - [DEBUG] - [JUGADOR_0] Pos flotante (pre-límites): (456.8800, 306.0000)
2025-05-19 16:53:48 - jugador - [DEBUG] - [JUGADOR_0] Pos flotante (post-límites): (456.8800, 306.0000)
2025-05-19 16:53:48 - jugador - [DEBUG] - [JUGADOR_0] Movimiento para CH: dx_int=3, dy_int=0. HB (antes CH): (454, 306), PosFlotante: (456.8800,306.0000)
2025-05-19 16:53:48 - jugador - [DEBUG] - [JUGADOR_0] Iniciando gestión de colisión con dx=3, dy=0. Hitbox actual: (454, 306)
2025-05-19 16:53:48 - jugador - [DEBUG] - [JUGADOR_0] Posición POST CH: HB: (457, 306), PosFlotante: (457.00, 306.00)
2025-05-19 16:53:48 - jugador - [DEBUG] - [JUGADOR_0] Pos flotante (pre-límites): (459.8800, 306.0000)
2025-05-19 16:53:48 - jugador - [DEBUG] - [JUGADOR_0] Pos flotante (post-límites): (459.8800, 306.0000)
2025-05-19 16:53:48 - jugador - [DEBUG] - [JUGADOR_0] Movimiento para CH: dx_int=3, dy_int=0. HB (antes CH): (457, 306), PosFlotante: (459.8800,306.0000)
2025-05-19 16:53:48 - jugador - [DEBUG] - [JUGADOR_0] Iniciando gestión de colisión con dx=3, dy=0. Hitbox actual: (457, 306)
2025-05-19 16:53:48 - jugador - [DEBUG] - [JUGADOR_0] Posición POST CH: HB: (460, 306), PosFlotante: (460.00, 306.00)
2025-05-19 16:53:48 - jugador - [DEBUG] - [JUGADOR_0] Input teclado procesado: mov_x_input_raw=180, mov_y_input_raw=0
2025-05-19 16:53:48 - jugador - [DEBUG] - [JUGADOR_0] Delta flotante intentado: dx=2.8800, dy=0.0000 (delta_time: 0.0160)
2025-05-19 16:53:48 - jugador - [DEBUG] - [JUGADOR_0] Pos flotante (pre-límites): (462.8800, 306.0000)
2025-05-19 16:53:48 - jugador - [DEBUG] - [JUGADOR_0] Pos flotante (post-límites): (462.8800, 306.0000)
2025-05-19 16:53:48 - jugador - [DEBUG] - [JUGADOR_0] Movimiento para CH: dx_int=3, dy_int=0. HB (antes CH): (460, 306), PosFlotante: (462.8800,306.0000)
2025-05-19 16:53:48 - jugador - [DEBUG] - [JUGADOR_0] Iniciando gestión de colisión con dx=3, dy=0. Hitbox actual: (460, 306)
2025-05-19 16:53:48 - jugador - [DEBUG] - [JUGADOR_0] Posición POST CH: HB: (463, 306), PosFlotante: (463.00, 306.00)
2025-05-19 16:53:48 - jugador - [DEBUG] - [JUGADOR_0] Pos flotante (pre-límites): (465.8800, 306.0000)
2025-05-19 16:53:48 - jugador - [DEBUG] - [JUGADOR_0] Pos flotante (post-límites): (465.8800, 306.0000)
2025-05-19 16:53:48 - jugador - [DEBUG] - [JUGADOR_0] Movimiento para CH: dx_int=3, dy_int=0. HB (antes CH): (463, 306), PosFlotante: (465.8800,306.0000)
2025-05-19 16:53:48 - jugador - [DEBUG] - [JUGADOR_0] Iniciando gestión de colisión con dx=3, dy=0. Hitbox actual: (463, 306)
2025-05-19 16:53:48 - jugador - [DEBUG] - [JUGADOR_0] Posición POST CH: HB: (466, 306), PosFlotante: (466.00, 306.00)
2025-05-19 16:53:48 - jugador - [DEBUG] - [JUGADOR_0] Delta flotante intentado: dx=3.0600, dy=0.0000 (delta_time: 0.0170)
2025-05-19 16:53:48 - jugador - [DEBUG] - [JUGADOR_0] Pos flotante (pre-límites): (469.0600, 306.0000)
2025-05-19 16:53:48 - jugador - [DEBUG] - [JUGADOR_0] Pos flotante (post-límites): (469.0600, 306.0000)
2025-05-19 16:53:48 - jugador - [DEBUG] - [JUGADOR_0] Movimiento para CH: dx_int=4, dy_int=0. HB (antes CH): (466, 306), PosFlotante: (469.0600,306.0000)
2025-05-19 16:53:48 - jugador - [DEBUG] - [JUGADOR_0] Iniciando gestión de colisión con dx=4, dy=0. Hitbox actual: (466, 306)
2025-05-19 16:53:48 - jugador - [DEBUG] - [JUGADOR_0] Posición POST CH: HB: (470, 306), PosFlotante: (470.00, 306.00)
2025-05-19 16:53:48 - jugador - [DEBUG] - [JUGADOR_0] Input teclado procesado: mov_x_input_raw=180, mov_y_input_raw=0
2025-05-19 16:53:48 - jugador - [DEBUG] - [JUGADOR_0] Pos flotante (pre-límites): (473.0600, 306.0000)
2025-05-19 16:53:48 - jugador - [DEBUG] - [JUGADOR_0] Pos flotante (post-límites): (473.0600, 306.0000)
2025-05-19 16:53:48 - jugador - [DEBUG] - [JUGADOR_0] Movimiento para CH: dx_int=4, dy_int=0. HB (antes CH): (470, 306), PosFlotante: (473.0600,306.0000)
2025-05-19 16:53:48 - jugador - [DEBUG] - [JUGADOR_0] Iniciando gestión de colisión con dx=4, dy=0. Hitbox actual: (470, 306)
2025-05-19 16:53:48 - jugador - [DEBUG] - [JUGADOR_0] Posición POST CH: HB: (474, 306), PosFlotante: (474.00, 306.00)
2025-05-19 16:53:48 - jugador - [DEBUG] - [JUGADOR_0] Pos flotante (pre-límites): (477.0600, 306.0000)
2025-05-19 16:53:48 - jugador - [DEBUG] - [JUGADOR_0] Pos flotante (post-límites): (477.0600, 306.0000)
2025-05-19 16:53:48 - jugador - [DEBUG] - [JUGADOR_0] Movimiento para CH: dx_int=4, dy_int=0. HB (antes CH): (474, 306), PosFlotante: (477.0600,306.0000)
2025-05-19 16:53:48 - jugador - [DEBUG] - [JUGADOR_0] Iniciando gestión de colisión con dx=4, dy=0. Hitbox actual: (474, 306)
2025-05-19 16:53:48 - jugador - [DEBUG] - [JUGADOR_0] Posición POST CH: HB: (478, 306), PosFlotante: (478.00, 306.00)
2025-05-19 16:53:48 - jugador - [DEBUG] - [JUGADOR_0] Delta flotante intentado: dx=3.0600, dy=0.0000 (delta_time: 0.0170)
2025-05-19 16:53:48 - jugador - [DEBUG] - [JUGADOR_0] Pos flotante (pre-límites): (481.0600, 306.0000)
2025-05-19 16:53:48 - jugador - [DEBUG] - [JUGADOR_0] Pos flotante (post-límites): (481.0600, 306.0000)
2025-05-19 16:53:48 - jugador - [DEBUG] - [JUGADOR_0] Movimiento para CH: dx_int=4, dy_int=0. HB (antes CH): (478, 306), PosFlotante: (481.0600,306.0000)
2025-05-19 16:53:48 - jugador - [DEBUG] - [JUGADOR_0] Iniciando gestión de colisión con dx=4, dy=0. Hitbox actual: (478, 306)
2025-05-19 16:53:48 - jugador - [DEBUG] - [JUGADOR_0] Posición POST CH: HB: (481, 306), PosFlotante: (481.00, 306.00)
2025-05-19 16:53:48 - jugador - [DEBUG] - [JUGADOR_0] Input teclado procesado: mov_x_input_raw=180, mov_y_input_raw=0
2025-05-19 16:53:48 - jugador - [DEBUG] - [JUGADOR_0] Pos flotante (pre-límites): (484.0600, 306.0000)
2025-05-19 16:53:48 - jugador - [DEBUG] - [JUGADOR_0] Pos flotante (post-límites): (484.0600, 306.0000)
2025-05-19 16:53:48 - jugador - [DEBUG] - [JUGADOR_0] Movimiento para CH: dx_int=4, dy_int=0. HB (antes CH): (481, 306), PosFlotante: (484.0600,306.0000)
2025-05-19 16:53:48 - jugador - [DEBUG] - [JUGADOR_0] Iniciando gestión de colisión con dx=4, dy=0. Hitbox actual: (481, 306)
2025-05-19 16:53:48 - jugador - [DEBUG] - [JUGADOR_0] Delta flotante intentado: dx=2.8800, dy=0.0000 (delta_time: 0.0160)
2025-05-19 16:53:48 - jugador - [DEBUG] - [JUGADOR_0] Pos flotante (pre-límites): (483.8800, 306.0000)
2025-05-19 16:53:48 - jugador - [DEBUG] - [JUGADOR_0] Pos flotante (post-límites): (483.8800, 306.0000)
2025-05-19 16:53:48 - jugador - [DEBUG] - [JUGADOR_0] Movimiento para CH: dx_int=3, dy_int=0. HB (antes CH): (481, 306), PosFlotante: (483.8800,306.0000)
2025-05-19 16:53:48 - jugador - [DEBUG] - [JUGADOR_0] Iniciando gestión de colisión con dx=3, dy=0. Hitbox actual: (481, 306)
2025-05-19 16:53:48 - jugador - [DEBUG] - [JUGADOR_0] Delta flotante intentado: dx=3.0600, dy=0.0000 (delta_time: 0.0170)
2025-05-19 16:53:48 - jugador - [DEBUG] - [JUGADOR_0] Posición POST CH: HB: (481, 306), PosFlotante: (481.00, 306.00)
2025-05-19 16:53:48 - jugador - [DEBUG] - [JUGADOR_0] Input teclado procesado: mov_x_input_raw=180, mov_y_input_raw=0
2025-05-19 16:53:48 - jugador - [INFO] - [JUGADOR_0] ATAQUE INICIADO (Cooldown: 700.0ms). Perfil: 'espada_predeterminada'
2025-05-19 16:53:48 - jugador - [DEBUG] - [JUGADOR_0] Pos flotante (pre-límites): (484.0600, 306.0000)
2025-05-19 16:53:48 - jugador - [DEBUG] - [JUGADOR_0] Pos flotante (post-límites): (484.0600, 306.0000)
2025-05-19 16:53:48 - jugador - [DEBUG] - [JUGADOR_0] Movimiento para CH: dx_int=4, dy_int=0. HB (antes CH): (481, 306), PosFlotante: (484.0600,306.0000)
2025-05-19 16:53:48 - jugador - [DEBUG] - [JUGADOR_0] Iniciando gestión de colisión con dx=4, dy=0. Hitbox actual: (481, 306)
2025-05-19 16:53:48 - jugador - [DEBUG] - [JUGADOR_0] Hitbox ataque: <rect(505, 283, 54, 69)> (Dir: 1,0)
2025-05-19 16:53:48 - jugador - [DEBUG] - [JUGADOR_0] Input teclado procesado: mov_x_input_raw=-180, mov_y_input_raw=0
2025-05-19 16:53:48 - jugador - [DEBUG] - [JUGADOR_0] Delta flotante intentado: dx=-2.8800, dy=0.0000 (delta_time: 0.0160)
2025-05-19 16:53:48 - jugador - [DEBUG] - [JUGADOR_0] Pos flotante (pre-límites): (478.1200, 306.0000)
2025-05-19 16:53:48 - jugador - [DEBUG] - [JUGADOR_0] Pos flotante (post-límites): (478.1200, 306.0000)
2025-05-19 16:53:48 - jugador - [DEBUG] - [JUGADOR_0] Movimiento para CH: dx_int=-3, dy_int=0. HB (antes CH): (481, 306), PosFlotante: (478.1200,306.0000)
2025-05-19 16:53:48 - jugador - [DEBUG] - [JUGADOR_0] Iniciando gestión de colisión con dx=-3, dy=0. Hitbox actual: (481, 306)
2025-05-19 16:53:48 - jugador - [DEBUG] - [JUGADOR_0] Posición POST CH: HB: (478, 306), PosFlotante: (478.00, 306.00)
2025-05-19 16:53:48 - jugador - [DEBUG] - [JUGADOR_0] Hitbox ataque: <rect(424, 283, 54, 69)> (Dir: -1,0)
2025-05-19 16:53:48 - jugador - [INFO] - [JUGADOR_0] Golpeó a [Enemigo_2] con 5 de daño.
2025-05-19 16:53:48 - jugador - [DEBUG] - [JUGADOR_0] Delta flotante intentado: dx=-3.0600, dy=0.0000 (delta_time: 0.0170)
2025-05-19 16:53:48 - jugador - [DEBUG] - [JUGADOR_0] Pos flotante (pre-límites): (474.9400, 306.0000)
2025-05-19 16:53:48 - jugador - [DEBUG] - [JUGADOR_0] Pos flotante (post-límites): (474.9400, 306.0000)
2025-05-19 16:53:48 - jugador - [DEBUG] - [JUGADOR_0] Movimiento para CH: dx_int=-4, dy_int=0. HB (antes CH): (478, 306), PosFlotante: (474.9400,306.0000)
2025-05-19 16:53:48 - jugador - [DEBUG] - [JUGADOR_0] Iniciando gestión de colisión con dx=-4, dy=0. Hitbox actual: (478, 306)
2025-05-19 16:53:48 - jugador - [DEBUG] - [JUGADOR_0] Posición POST CH: HB: (474, 306), PosFlotante: (474.00, 306.00)
2025-05-19 16:53:48 - jugador - [DEBUG] - [JUGADOR_0] Hitbox ataque: <rect(420, 283, 54, 69)> (Dir: -1,0)
2025-05-19 16:53:48 - jugador - [DEBUG] - [JUGADOR_0] Pos flotante (pre-límites): (471.1200, 306.0000)
2025-05-19 16:53:48 - jugador - [DEBUG] - [JUGADOR_0] Pos flotante (post-límites): (471.1200, 306.0000)
2025-05-19 16:53:48 - jugador - [DEBUG] - [JUGADOR_0] Movimiento para CH: dx_int=-3, dy_int=0. HB (antes CH): (474, 306), PosFlotante: (471.1200,306.0000)
2025-05-19 16:53:48 - jugador - [DEBUG] - [JUGADOR_0] Iniciando gestión de colisión con dx=-3, dy=0. Hitbox actual: (474, 306)
2025-05-19 16:53:48 - jugador - [DEBUG] - [JUGADOR_0] Posición POST CH: HB: (476, 306), PosFlotante: (476.00, 306.00)
2025-05-19 16:53:48 - jugador - [DEBUG] - [JUGADOR_0] Hitbox ataque: <rect(422, 283, 54, 69)> (Dir: -1,0)
2025-05-19 16:53:48 - jugador - [DEBUG] - [JUGADOR_0] Input teclado procesado: mov_x_input_raw=-180, mov_y_input_raw=0
2025-05-19 16:53:48 - jugador - [DEBUG] - [JUGADOR_0] Delta flotante intentado: dx=-3.2400, dy=0.0000 (delta_time: 0.0180)
2025-05-19 16:53:48 - jugador - [DEBUG] - [JUGADOR_0] Pos flotante (pre-límites): (472.7600, 306.0000)
2025-05-19 16:53:48 - jugador - [DEBUG] - [JUGADOR_0] Pos flotante (post-límites): (472.7600, 306.0000)
2025-05-19 16:53:48 - jugador - [DEBUG] - [JUGADOR_0] Movimiento para CH: dx_int=-4, dy_int=0. HB (antes CH): (476, 306), PosFlotante: (472.7600,306.0000)
2025-05-19 16:53:48 - jugador - [DEBUG] - [JUGADOR_0] Iniciando gestión de colisión con dx=-4, dy=0. Hitbox actual: (476, 306)
2025-05-19 16:53:48 - jugador - [DEBUG] - [JUGADOR_0] Posición POST CH: HB: (478, 306), PosFlotante: (478.00, 306.00)
2025-05-19 16:53:48 - jugador - [DEBUG] - [JUGADOR_0] Hitbox ataque: <rect(424, 283, 54, 69)> (Dir: -1,0)
2025-05-19 16:53:48 - jugador - [DEBUG] - [JUGADOR_0] Delta flotante intentado: dx=-3.0600, dy=0.0000 (delta_time: 0.0170)
2025-05-19 16:53:48 - jugador - [DEBUG] - [JUGADOR_0] Pos flotante (pre-límites): (474.9400, 306.0000)
2025-05-19 16:53:48 - jugador - [DEBUG] - [JUGADOR_0] Pos flotante (post-límites): (474.9400, 306.0000)
2025-05-19 16:53:48 - jugador - [DEBUG] - [JUGADOR_0] Movimiento para CH: dx_int=-4, dy_int=0. HB (antes CH): (478, 306), PosFlotante: (474.9400,306.0000)
2025-05-19 16:53:48 - jugador - [DEBUG] - [JUGADOR_0] Iniciando gestión de colisión con dx=-4, dy=0. Hitbox actual: (478, 306)
2025-05-19 16:53:48 - jugador - [DEBUG] - [JUGADOR_0] Posición POST CH: HB: (480, 306), PosFlotante: (480.00, 306.00)
2025-05-19 16:53:48 - jugador - [DEBUG] - [JUGADOR_0] Hitbox ataque: <rect(426, 283, 54, 69)> (Dir: -1,0)
2025-05-19 16:53:48 - jugador - [DEBUG] - [JUGADOR_0] Delta flotante intentado: dx=-2.8800, dy=0.0000 (delta_time: 0.0160)
2025-05-19 16:53:48 - jugador - [DEBUG] - [JUGADOR_0] Pos flotante (pre-límites): (477.1200, 306.0000)
2025-05-19 16:53:48 - jugador - [DEBUG] - [JUGADOR_0] Pos flotante (post-límites): (477.1200, 306.0000)
2025-05-19 16:53:48 - jugador - [DEBUG] - [JUGADOR_0] Movimiento para CH: dx_int=-3, dy_int=0. HB (antes CH): (480, 306), PosFlotante: (477.1200,306.0000)
2025-05-19 16:53:48 - jugador - [DEBUG] - [JUGADOR_0] Iniciando gestión de colisión con dx=-3, dy=0. Hitbox actual: (480, 306)
2025-05-19 16:53:48 - jugador - [DEBUG] - [JUGADOR_0] Posición POST CH: HB: (482, 288), PosFlotante: (482.00, 288.00)
2025-05-19 16:53:48 - jugador - [DEBUG] - [JUGADOR_0] Hitbox ataque: <rect(428, 265, 54, 69)> (Dir: -1,0)
2025-05-19 16:53:48 - jugador - [DEBUG] - [JUGADOR_0] Input teclado procesado: mov_x_input_raw=-180, mov_y_input_raw=0
2025-05-19 16:53:48 - jugador - [DEBUG] - [JUGADOR_0] Pos flotante (pre-límites): (478.9400, 288.0000)
2025-05-19 16:53:48 - jugador - [DEBUG] - [JUGADOR_0] Pos flotante (post-límites): (478.9400, 288.0000)
2025-05-19 16:53:48 - jugador - [DEBUG] - [JUGADOR_0] Movimiento para CH: dx_int=-4, dy_int=0. HB (antes CH): (482, 288), PosFlotante: (478.9400,288.0000)
2025-05-19 16:53:48 - jugador - [DEBUG] - [JUGADOR_0] Iniciando gestión de colisión con dx=-4, dy=0. Hitbox actual: (482, 288)
2025-05-19 16:53:48 - jugador - [DEBUG] - [JUGADOR_0] Posición POST CH: HB: (483, 288), PosFlotante: (483.00, 288.00)
2025-05-19 16:53:48 - jugador - [DEBUG] - [JUGADOR_0] Hitbox ataque: <rect(429, 265, 54, 69)> (Dir: -1,0)
2025-05-19 16:53:48 - jugador - [DEBUG] - [JUGADOR_0] Pos flotante (pre-límites): (480.1200, 288.0000)
2025-05-19 16:53:48 - jugador - [DEBUG] - [JUGADOR_0] Pos flotante (post-límites): (480.1200, 288.0000)
2025-05-19 16:53:48 - jugador - [DEBUG] - [JUGADOR_0] Movimiento para CH: dx_int=-3, dy_int=0. HB (antes CH): (483, 288), PosFlotante: (480.1200,288.0000)
2025-05-19 16:53:48 - jugador - [DEBUG] - [JUGADOR_0] Iniciando gestión de colisión con dx=-3, dy=0. Hitbox actual: (483, 288)
2025-05-19 16:53:48 - jugador - [DEBUG] - [JUGADOR_0] Posición POST CH: HB: (484, 288), PosFlotante: (484.00, 288.00)
2025-05-19 16:53:48 - jugador - [DEBUG] - [JUGADOR_0] Hitbox ataque: <rect(430, 265, 54, 69)> (Dir: -1,0)
2025-05-19 16:53:48 - jugador - [DEBUG] - [JUGADOR_0] Delta flotante intentado: dx=-3.2400, dy=0.0000 (delta_time: 0.0180)
2025-05-19 16:53:48 - jugador - [DEBUG] - [JUGADOR_0] Pos flotante (pre-límites): (480.7600, 288.0000)
2025-05-19 16:53:48 - jugador - [DEBUG] - [JUGADOR_0] Pos flotante (post-límites): (480.7600, 288.0000)
2025-05-19 16:53:48 - jugador - [DEBUG] - [JUGADOR_0] Movimiento para CH: dx_int=-4, dy_int=0. HB (antes CH): (484, 288), PosFlotante: (480.7600,288.0000)
2025-05-19 16:53:48 - jugador - [DEBUG] - [JUGADOR_0] Iniciando gestión de colisión con dx=-4, dy=0. Hitbox actual: (484, 288)
2025-05-19 16:53:48 - jugador - [DEBUG] - [JUGADOR_0] Posición POST CH: HB: (486, 288), PosFlotante: (486.00, 288.00)
2025-05-19 16:53:48 - jugador - [DEBUG] - [JUGADOR_0] Hitbox ataque: <rect(432, 265, 54, 69)> (Dir: -1,0)
2025-05-19 16:53:48 - jugador - [DEBUG] - [JUGADOR_0] Input teclado procesado: mov_x_input_raw=-180, mov_y_input_raw=0
2025-05-19 16:53:48 - jugador - [DEBUG] - [JUGADOR_0] Delta flotante intentado: dx=-3.0600, dy=0.0000 (delta_time: 0.0170)
2025-05-19 16:53:48 - jugador - [DEBUG] - [JUGADOR_0] Pos flotante (pre-límites): (482.9400, 288.0000)
2025-05-19 16:53:48 - jugador - [DEBUG] - [JUGADOR_0] Pos flotante (post-límites): (482.9400, 288.0000)
2025-05-19 16:53:48 - jugador - [DEBUG] - [JUGADOR_0] Movimiento para CH: dx_int=-4, dy_int=0. HB (antes CH): (486, 288), PosFlotante: (482.9400,288.0000)
2025-05-19 16:53:48 - jugador - [DEBUG] - [JUGADOR_0] Iniciando gestión de colisión con dx=-4, dy=0. Hitbox actual: (486, 288)
2025-05-19 16:53:48 - jugador - [DEBUG] - [JUGADOR_0] Posición POST CH: HB: (488, 288), PosFlotante: (488.00, 288.00)
2025-05-19 16:53:48 - jugador - [DEBUG] - [JUGADOR_0] Hitbox ataque: <rect(434, 265, 54, 69)> (Dir: -1,0)
2025-05-19 16:53:48 - jugador - [DEBUG] - [JUGADOR_0] Delta flotante intentado: dx=-2.8800, dy=0.0000 (delta_time: 0.0160)
2025-05-19 16:53:48 - jugador - [DEBUG] - [JUGADOR_0] Pos flotante (pre-límites): (485.1200, 288.0000)
2025-05-19 16:53:48 - jugador - [DEBUG] - [JUGADOR_0] Pos flotante (post-límites): (485.1200, 288.0000)
2025-05-19 16:53:48 - jugador - [DEBUG] - [JUGADOR_0] Movimiento para CH: dx_int=-3, dy_int=0. HB (antes CH): (488, 288), PosFlotante: (485.1200,288.0000)
2025-05-19 16:53:48 - jugador - [DEBUG] - [JUGADOR_0] Iniciando gestión de colisión con dx=-3, dy=0. Hitbox actual: (488, 288)
2025-05-19 16:53:48 - jugador - [DEBUG] - [JUGADOR_0] Posición POST CH: HB: (489, 288), PosFlotante: (489.00, 288.00)
2025-05-19 16:53:48 - jugador - [DEBUG] - [JUGADOR_0] Hitbox ataque: <rect(435, 265, 54, 69)> (Dir: -1,0)
2025-05-19 16:53:48 - jugador - [DEBUG] - [JUGADOR_0] Pos flotante (pre-límites): (486.1200, 288.0000)
2025-05-19 16:53:48 - jugador - [DEBUG] - [JUGADOR_0] Pos flotante (post-límites): (486.1200, 288.0000)
2025-05-19 16:53:48 - jugador - [DEBUG] - [JUGADOR_0] Movimiento para CH: dx_int=-3, dy_int=0. HB (antes CH): (489, 288), PosFlotante: (486.1200,288.0000)
2025-05-19 16:53:48 - jugador - [DEBUG] - [JUGADOR_0] Iniciando gestión de colisión con dx=-3, dy=0. Hitbox actual: (489, 288)
2025-05-19 16:53:48 - jugador - [DEBUG] - [JUGADOR_0] Posición POST CH: HB: (490, 288), PosFlotante: (490.00, 288.00)
2025-05-19 16:53:48 - jugador - [DEBUG] - [JUGADOR_0] Hitbox ataque: <rect(436, 265, 54, 69)> (Dir: -1,0)
2025-05-19 16:53:48 - jugador - [DEBUG] - [JUGADOR_0] Pos flotante (pre-límites): (487.1200, 288.0000)
2025-05-19 16:53:48 - jugador - [DEBUG] - [JUGADOR_0] Pos flotante (post-límites): (487.1200, 288.0000)
2025-05-19 16:53:48 - jugador - [DEBUG] - [JUGADOR_0] Movimiento para CH: dx_int=-3, dy_int=0. HB (antes CH): (490, 288), PosFlotante: (487.1200,288.0000)
2025-05-19 16:53:48 - jugador - [DEBUG] - [JUGADOR_0] Iniciando gestión de colisión con dx=-3, dy=0. Hitbox actual: (490, 288)
2025-05-19 16:53:48 - jugador - [DEBUG] - [JUGADOR_0] Posición POST CH: HB: (492, 288), PosFlotante: (492.00, 288.00)
2025-05-19 16:53:48 - jugador - [DEBUG] - [JUGADOR_0] Hitbox ataque: <rect(438, 265, 54, 69)> (Dir: -1,0)
2025-05-19 16:53:48 - jugador - [DEBUG] - [JUGADOR_0] Input teclado procesado: mov_x_input_raw=-180, mov_y_input_raw=0
2025-05-19 16:53:48 - jugador - [DEBUG] - [JUGADOR_0] Delta flotante intentado: dx=-3.0600, dy=0.0000 (delta_time: 0.0170)
2025-05-19 16:53:48 - jugador - [DEBUG] - [JUGADOR_0] Pos flotante (pre-límites): (488.9400, 288.0000)
2025-05-19 16:53:48 - jugador - [DEBUG] - [JUGADOR_0] Pos flotante (post-límites): (488.9400, 288.0000)
2025-05-19 16:53:48 - jugador - [DEBUG] - [JUGADOR_0] Movimiento para CH: dx_int=-4, dy_int=0. HB (antes CH): (492, 288), PosFlotante: (488.9400,288.0000)
2025-05-19 16:53:48 - jugador - [DEBUG] - [JUGADOR_0] Iniciando gestión de colisión con dx=-4, dy=0. Hitbox actual: (492, 288)
2025-05-19 16:53:48 - jugador - [DEBUG] - [JUGADOR_0] Posición POST CH: HB: (494, 288), PosFlotante: (494.00, 288.00)
2025-05-19 16:53:48 - jugador - [DEBUG] - [JUGADOR_0] Hitbox ataque: <rect(440, 265, 54, 69)> (Dir: -1,0)
2025-05-19 16:53:48 - jugador - [DEBUG] - [JUGADOR_0] Pos flotante (pre-límites): (490.9400, 288.0000)
2025-05-19 16:53:48 - jugador - [DEBUG] - [JUGADOR_0] Pos flotante (post-límites): (490.9400, 288.0000)
2025-05-19 16:53:48 - jugador - [DEBUG] - [JUGADOR_0] Movimiento para CH: dx_int=-4, dy_int=0. HB (antes CH): (494, 288), PosFlotante: (490.9400,288.0000)
2025-05-19 16:53:48 - jugador - [DEBUG] - [JUGADOR_0] Iniciando gestión de colisión con dx=-4, dy=0. Hitbox actual: (494, 288)
2025-05-19 16:53:48 - jugador - [DEBUG] - [JUGADOR_0] Posición POST CH: HB: (496, 288), PosFlotante: (496.00, 288.00)
2025-05-19 16:53:48 - jugador - [DEBUG] - [JUGADOR_0] ATAQUE FINALIZADO (Duración: 260ms). Enemigos golpeados: 1
2025-05-19 16:53:48 - jugador - [DEBUG] - [JUGADOR_0] Pos flotante (pre-límites): (492.9400, 288.0000)
2025-05-19 16:53:48 - jugador - [DEBUG] - [JUGADOR_0] Pos flotante (post-límites): (492.9400, 288.0000)
2025-05-19 16:53:48 - jugador - [DEBUG] - [JUGADOR_0] Movimiento para CH: dx_int=-4, dy_int=0. HB (antes CH): (496, 288), PosFlotante: (492.9400,288.0000)
2025-05-19 16:53:48 - jugador - [DEBUG] - [JUGADOR_0] Iniciando gestión de colisión con dx=-4, dy=0. Hitbox actual: (496, 288)
2025-05-19 16:53:48 - jugador - [DEBUG] - [JUGADOR_0] Posición POST CH: HB: (498, 288), PosFlotante: (498.00, 288.00)
2025-05-19 16:53:48 - jugador - [DEBUG] - [JUGADOR_0] Input teclado procesado: mov_x_input_raw=-180, mov_y_input_raw=0
2025-05-19 16:53:48 - jugador - [DEBUG] - [JUGADOR_0] Delta flotante intentado: dx=-2.8800, dy=0.0000 (delta_time: 0.0160)
2025-05-19 16:53:48 - jugador - [DEBUG] - [JUGADOR_0] Pos flotante (pre-límites): (495.1200, 288.0000)
2025-05-19 16:53:48 - jugador - [DEBUG] - [JUGADOR_0] Pos flotante (post-límites): (495.1200, 288.0000)
2025-05-19 16:53:48 - jugador - [DEBUG] - [JUGADOR_0] Movimiento para CH: dx_int=-3, dy_int=0. HB (antes CH): (498, 288), PosFlotante: (495.1200,288.0000)
2025-05-19 16:53:48 - jugador - [DEBUG] - [JUGADOR_0] Iniciando gestión de colisión con dx=-3, dy=0. Hitbox actual: (498, 288)
2025-05-19 16:53:48 - jugador - [DEBUG] - [JUGADOR_0] Posición POST CH: HB: (500, 288), PosFlotante: (500.00, 288.00)
2025-05-19 16:53:48 - jugador - [DEBUG] - [JUGADOR_0] Pos flotante (pre-límites): (497.1200, 288.0000)
2025-05-19 16:53:48 - jugador - [DEBUG] - [JUGADOR_0] Pos flotante (post-límites): (497.1200, 288.0000)
2025-05-19 16:53:48 - jugador - [DEBUG] - [JUGADOR_0] Movimiento para CH: dx_int=-3, dy_int=0. HB (antes CH): (500, 288), PosFlotante: (497.1200,288.0000)
2025-05-19 16:53:48 - jugador - [DEBUG] - [JUGADOR_0] Iniciando gestión de colisión con dx=-3, dy=0. Hitbox actual: (500, 288)
2025-05-19 16:53:48 - jugador - [DEBUG] - [JUGADOR_0] Posición POST CH: HB: (502, 288), PosFlotante: (502.00, 288.00)
2025-05-19 16:53:48 - jugador - [DEBUG] - [JUGADOR_0] Delta flotante intentado: dx=-3.2400, dy=0.0000 (delta_time: 0.0180)
2025-05-19 16:53:48 - jugador - [DEBUG] - [JUGADOR_0] Pos flotante (pre-límites): (498.7600, 288.0000)
2025-05-19 16:53:48 - jugador - [DEBUG] - [JUGADOR_0] Pos flotante (post-límites): (498.7600, 288.0000)
2025-05-19 16:53:48 - jugador - [DEBUG] - [JUGADOR_0] Movimiento para CH: dx_int=-4, dy_int=0. HB (antes CH): (502, 288), PosFlotante: (498.7600,288.0000)
2025-05-19 16:53:48 - jugador - [DEBUG] - [JUGADOR_0] Iniciando gestión de colisión con dx=-4, dy=0. Hitbox actual: (502, 288)
2025-05-19 16:53:48 - jugador - [DEBUG] - [JUGADOR_0] Posición POST CH: HB: (504, 288), PosFlotante: (504.00, 288.00)
2025-05-19 16:53:48 - jugador - [DEBUG] - [JUGADOR_0] Input teclado procesado: mov_x_input_raw=-180, mov_y_input_raw=0
2025-05-19 16:53:48 - jugador - [DEBUG] - [JUGADOR_0] Delta flotante intentado: dx=-3.0600, dy=0.0000 (delta_time: 0.0170)
2025-05-19 16:53:48 - jugador - [DEBUG] - [JUGADOR_0] Pos flotante (pre-límites): (500.9400, 288.0000)
2025-05-19 16:53:48 - jugador - [DEBUG] - [JUGADOR_0] Pos flotante (post-límites): (500.9400, 288.0000)
2025-05-19 16:53:48 - jugador - [DEBUG] - [JUGADOR_0] Movimiento para CH: dx_int=-4, dy_int=0. HB (antes CH): (504, 288), PosFlotante: (500.9400,288.0000)
2025-05-19 16:53:48 - jugador - [DEBUG] - [JUGADOR_0] Iniciando gestión de colisión con dx=-4, dy=0. Hitbox actual: (504, 288)
2025-05-19 16:53:48 - jugador - [DEBUG] - [JUGADOR_0] Posición POST CH: HB: (505, 288), PosFlotante: (505.00, 288.00)
2025-05-19 16:53:48 - jugador - [DEBUG] - [JUGADOR_0] Input teclado procesado: mov_x_input_raw=180, mov_y_input_raw=0
2025-05-19 16:53:48 - jugador - [DEBUG] - [JUGADOR_0] Delta flotante intentado: dx=2.8800, dy=0.0000 (delta_time: 0.0160)
2025-05-19 16:53:48 - jugador - [DEBUG] - [JUGADOR_0] Pos flotante (pre-límites): (507.8800, 288.0000)
2025-05-19 16:53:48 - jugador - [DEBUG] - [JUGADOR_0] Pos flotante (post-límites): (507.8800, 288.0000)
2025-05-19 16:53:48 - jugador - [DEBUG] - [JUGADOR_0] Movimiento para CH: dx_int=3, dy_int=0. HB (antes CH): (505, 288), PosFlotante: (507.8800,288.0000)
2025-05-19 16:53:48 - jugador - [DEBUG] - [JUGADOR_0] Iniciando gestión de colisión con dx=3, dy=0. Hitbox actual: (505, 288)
2025-05-19 16:53:48 - jugador - [DEBUG] - [JUGADOR_0] Posición POST CH: HB: (508, 288), PosFlotante: (508.00, 288.00)
2025-05-19 16:53:48 - jugador - [DEBUG] - [JUGADOR_0] Delta flotante intentado: dx=3.0600, dy=0.0000 (delta_time: 0.0170)
2025-05-19 16:53:48 - jugador - [DEBUG] - [JUGADOR_0] Pos flotante (pre-límites): (511.0600, 288.0000)
2025-05-19 16:53:48 - jugador - [DEBUG] - [JUGADOR_0] Pos flotante (post-límites): (511.0600, 288.0000)
2025-05-19 16:53:48 - jugador - [DEBUG] - [JUGADOR_0] Movimiento para CH: dx_int=4, dy_int=0. HB (antes CH): (508, 288), PosFlotante: (511.0600,288.0000)
2025-05-19 16:53:48 - jugador - [DEBUG] - [JUGADOR_0] Iniciando gestión de colisión con dx=4, dy=0. Hitbox actual: (508, 288)
2025-05-19 16:53:48 - jugador - [DEBUG] - [JUGADOR_0] Posición POST CH: HB: (512, 288), PosFlotante: (512.00, 288.00)
2025-05-19 16:53:48 - jugador - [DEBUG] - [JUGADOR_0] Pos flotante (pre-límites): (514.8800, 288.0000)
2025-05-19 16:53:48 - jugador - [DEBUG] - [JUGADOR_0] Pos flotante (post-límites): (514.8800, 288.0000)
2025-05-19 16:53:48 - jugador - [DEBUG] - [JUGADOR_0] Movimiento para CH: dx_int=3, dy_int=0. HB (antes CH): (512, 288), PosFlotante: (514.8800,288.0000)
2025-05-19 16:53:48 - jugador - [DEBUG] - [JUGADOR_0] Iniciando gestión de colisión con dx=3, dy=0. Hitbox actual: (512, 288)
2025-05-19 16:53:48 - jugador - [DEBUG] - [JUGADOR_0] Posición POST CH: HB: (515, 288), PosFlotante: (515.00, 288.00)
2025-05-19 16:53:49 - jugador - [DEBUG] - [JUGADOR_0] Pos flotante (pre-límites): (517.8800, 288.0000)
2025-05-19 16:53:49 - jugador - [DEBUG] - [JUGADOR_0] Pos flotante (post-límites): (517.8800, 288.0000)
2025-05-19 16:53:49 - jugador - [DEBUG] - [JUGADOR_0] Movimiento para CH: dx_int=3, dy_int=0. HB (antes CH): (515, 288), PosFlotante: (517.8800,288.0000)
2025-05-19 16:53:49 - jugador - [DEBUG] - [JUGADOR_0] Iniciando gestión de colisión con dx=3, dy=0. Hitbox actual: (515, 288)
2025-05-19 16:53:49 - jugador - [DEBUG] - [JUGADOR_0] Posición POST CH: HB: (518, 288), PosFlotante: (518.00, 288.00)
2025-05-19 16:53:49 - jugador - [DEBUG] - [JUGADOR_0] Input teclado procesado: mov_x_input_raw=180, mov_y_input_raw=0
2025-05-19 16:53:49 - jugador - [DEBUG] - [JUGADOR_0] Pos flotante (pre-límites): (521.0600, 288.0000)
2025-05-19 16:53:49 - jugador - [DEBUG] - [JUGADOR_0] Pos flotante (post-límites): (521.0600, 288.0000)
2025-05-19 16:53:49 - jugador - [DEBUG] - [JUGADOR_0] Movimiento para CH: dx_int=4, dy_int=0. HB (antes CH): (518, 288), PosFlotante: (521.0600,288.0000)
2025-05-19 16:53:49 - jugador - [DEBUG] - [JUGADOR_0] Iniciando gestión de colisión con dx=4, dy=0. Hitbox actual: (518, 288)
2025-05-19 16:53:49 - jugador - [DEBUG] - [JUGADOR_0] Posición POST CH: HB: (522, 288), PosFlotante: (522.00, 288.00)
2025-05-19 16:53:49 - jugador - [DEBUG] - [JUGADOR_0] Delta flotante intentado: dx=2.8800, dy=0.0000 (delta_time: 0.0160)
2025-05-19 16:53:49 - jugador - [DEBUG] - [JUGADOR_0] Pos flotante (pre-límites): (524.8800, 288.0000)
2025-05-19 16:53:49 - jugador - [DEBUG] - [JUGADOR_0] Pos flotante (post-límites): (524.8800, 288.0000)
2025-05-19 16:53:49 - jugador - [DEBUG] - [JUGADOR_0] Movimiento para CH: dx_int=3, dy_int=0. HB (antes CH): (522, 288), PosFlotante: (524.8800,288.0000)
2025-05-19 16:53:49 - jugador - [DEBUG] - [JUGADOR_0] Iniciando gestión de colisión con dx=3, dy=0. Hitbox actual: (522, 288)
2025-05-19 16:53:49 - jugador - [DEBUG] - [JUGADOR_0] Posición POST CH: HB: (525, 288), PosFlotante: (525.00, 288.00)
2025-05-19 16:53:49 - jugador - [DEBUG] - [JUGADOR_0] Delta flotante intentado: dx=3.0600, dy=0.0000 (delta_time: 0.0170)
2025-05-19 16:53:49 - jugador - [DEBUG] - [JUGADOR_0] Pos flotante (pre-límites): (528.0600, 288.0000)
2025-05-19 16:53:49 - jugador - [DEBUG] - [JUGADOR_0] Pos flotante (post-límites): (528.0600, 288.0000)
2025-05-19 16:53:49 - jugador - [DEBUG] - [JUGADOR_0] Movimiento para CH: dx_int=4, dy_int=0. HB (antes CH): (525, 288), PosFlotante: (528.0600,288.0000)
2025-05-19 16:53:49 - jugador - [DEBUG] - [JUGADOR_0] Iniciando gestión de colisión con dx=4, dy=0. Hitbox actual: (525, 288)
2025-05-19 16:53:49 - jugador - [DEBUG] - [JUGADOR_0] Posición POST CH: HB: (529, 288), PosFlotante: (529.00, 288.00)
2025-05-19 16:53:49 - jugador - [DEBUG] - [JUGADOR_0] Input teclado procesado: mov_x_input_raw=180, mov_y_input_raw=0
2025-05-19 16:53:49 - jugador - [DEBUG] - [JUGADOR_0] Pos flotante (pre-límites): (532.0600, 288.0000)
2025-05-19 16:53:49 - jugador - [DEBUG] - [JUGADOR_0] Pos flotante (post-límites): (532.0600, 288.0000)
2025-05-19 16:53:49 - jugador - [DEBUG] - [JUGADOR_0] Movimiento para CH: dx_int=4, dy_int=0. HB (antes CH): (529, 288), PosFlotante: (532.0600,288.0000)
2025-05-19 16:53:49 - jugador - [DEBUG] - [JUGADOR_0] Iniciando gestión de colisión con dx=4, dy=0. Hitbox actual: (529, 288)
2025-05-19 16:53:49 - jugador - [DEBUG] - [JUGADOR_0] Posición POST CH: HB: (533, 288), PosFlotante: (533.00, 288.00)
2025-05-19 16:53:49 - jugador - [DEBUG] - [JUGADOR_0] Pos flotante (pre-límites): (535.8800, 288.0000)
2025-05-19 16:53:49 - jugador - [DEBUG] - [JUGADOR_0] Pos flotante (post-límites): (535.8800, 288.0000)
2025-05-19 16:53:49 - jugador - [DEBUG] - [JUGADOR_0] Movimiento para CH: dx_int=3, dy_int=0. HB (antes CH): (533, 288), PosFlotante: (535.8800,288.0000)
2025-05-19 16:53:49 - jugador - [DEBUG] - [JUGADOR_0] Iniciando gestión de colisión con dx=3, dy=0. Hitbox actual: (533, 288)
2025-05-19 16:53:49 - jugador - [DEBUG] - [JUGADOR_0] Posición POST CH: HB: (536, 288), PosFlotante: (536.00, 288.00)
2025-05-19 16:53:49 - jugador - [DEBUG] - [JUGADOR_0] Delta flotante intentado: dx=3.0600, dy=0.0000 (delta_time: 0.0170)
2025-05-19 16:53:49 - jugador - [DEBUG] - [JUGADOR_0] Pos flotante (pre-límites): (539.0600, 288.0000)
2025-05-19 16:53:49 - jugador - [DEBUG] - [JUGADOR_0] Pos flotante (post-límites): (539.0600, 288.0000)
2025-05-19 16:53:49 - jugador - [DEBUG] - [JUGADOR_0] Movimiento para CH: dx_int=4, dy_int=0. HB (antes CH): (536, 288), PosFlotante: (539.0600,288.0000)
2025-05-19 16:53:49 - jugador - [DEBUG] - [JUGADOR_0] Iniciando gestión de colisión con dx=4, dy=0. Hitbox actual: (536, 288)
2025-05-19 16:53:49 - jugador - [DEBUG] - [JUGADOR_0] Posición POST CH: HB: (540, 288), PosFlotante: (540.00, 288.00)
2025-05-19 16:53:49 - jugador - [DEBUG] - [JUGADOR_0] Input teclado procesado: mov_x_input_raw=180, mov_y_input_raw=0
2025-05-19 16:53:49 - jugador - [DEBUG] - [JUGADOR_0] Pos flotante (pre-límites): (543.0600, 288.0000)
2025-05-19 16:53:49 - jugador - [DEBUG] - [JUGADOR_0] Pos flotante (post-límites): (543.0600, 288.0000)
2025-05-19 16:53:49 - jugador - [DEBUG] - [JUGADOR_0] Movimiento para CH: dx_int=4, dy_int=0. HB (antes CH): (540, 288), PosFlotante: (543.0600,288.0000)
2025-05-19 16:53:49 - jugador - [DEBUG] - [JUGADOR_0] Iniciando gestión de colisión con dx=4, dy=0. Hitbox actual: (540, 288)
2025-05-19 16:53:49 - jugador - [DEBUG] - [JUGADOR_0] Posición POST CH: HB: (544, 288), PosFlotante: (544.00, 288.00)
2025-05-19 16:53:49 - jugador - [DEBUG] - [JUGADOR_0] Input teclado procesado: mov_x_input_raw=180, mov_y_input_raw=180
2025-05-19 16:53:49 - jugador - [DEBUG] - [JUGADOR_0] Delta flotante intentado: dx=3.0600, dy=3.0600 (delta_time: 0.0170)
2025-05-19 16:53:49 - jugador - [DEBUG] - [JUGADOR_0] Pos flotante (pre-límites): (547.0600, 291.0600)
2025-05-19 16:53:49 - jugador - [DEBUG] - [JUGADOR_0] Pos flotante (post-límites): (547.0600, 291.0600)
2025-05-19 16:53:49 - jugador - [DEBUG] - [JUGADOR_0] Movimiento para CH: dx_int=4, dy_int=4. HB (antes CH): (544, 288), PosFlotante: (547.0600,291.0600)
2025-05-19 16:53:49 - jugador - [DEBUG] - [JUGADOR_0] Iniciando gestión de colisión con dx=4, dy=4. Hitbox actual: (544, 288)
2025-05-19 16:53:49 - jugador - [DEBUG] - [JUGADOR_0] Posición POST CH: HB: (548, 292), PosFlotante: (548.00, 292.00)
2025-05-19 16:53:49 - jugador - [DEBUG] - [JUGADOR_0] Delta flotante intentado: dx=2.8800, dy=2.8800 (delta_time: 0.0160)
2025-05-19 16:53:49 - jugador - [DEBUG] - [JUGADOR_0] Pos flotante (pre-límites): (550.8800, 294.8800)
2025-05-19 16:53:49 - jugador - [DEBUG] - [JUGADOR_0] Pos flotante (post-límites): (550.8800, 294.8800)
2025-05-19 16:53:49 - jugador - [DEBUG] - [JUGADOR_0] Movimiento para CH: dx_int=3, dy_int=3. HB (antes CH): (548, 292), PosFlotante: (550.8800,294.8800)
2025-05-19 16:53:49 - jugador - [DEBUG] - [JUGADOR_0] Iniciando gestión de colisión con dx=3, dy=3. Hitbox actual: (548, 292)
2025-05-19 16:53:49 - jugador - [DEBUG] - [JUGADOR_0] Posición POST CH: HB: (551, 295), PosFlotante: (551.00, 295.00)
2025-05-19 16:53:49 - jugador - [DEBUG] - [JUGADOR_0] Pos flotante (pre-límites): (553.8800, 297.8800)
2025-05-19 16:53:49 - jugador - [DEBUG] - [JUGADOR_0] Pos flotante (post-límites): (553.8800, 297.8800)
2025-05-19 16:53:49 - jugador - [DEBUG] - [JUGADOR_0] Movimiento para CH: dx_int=3, dy_int=3. HB (antes CH): (551, 295), PosFlotante: (553.8800,297.8800)
2025-05-19 16:53:49 - jugador - [DEBUG] - [JUGADOR_0] Iniciando gestión de colisión con dx=3, dy=3. Hitbox actual: (551, 295)
2025-05-19 16:53:49 - jugador - [DEBUG] - [JUGADOR_0] Posición POST CH: HB: (554, 298), PosFlotante: (554.00, 298.00)
2025-05-19 16:53:49 - jugador - [DEBUG] - [JUGADOR_0] Pos flotante (pre-límites): (557.0600, 301.0600)
2025-05-19 16:53:49 - jugador - [DEBUG] - [JUGADOR_0] Pos flotante (post-límites): (557.0600, 301.0600)
2025-05-19 16:53:49 - jugador - [DEBUG] - [JUGADOR_0] Movimiento para CH: dx_int=4, dy_int=4. HB (antes CH): (554, 298), PosFlotante: (557.0600,301.0600)
2025-05-19 16:53:49 - jugador - [DEBUG] - [JUGADOR_0] Iniciando gestión de colisión con dx=4, dy=4. Hitbox actual: (554, 298)
2025-05-19 16:53:49 - jugador - [DEBUG] - [JUGADOR_0] Posición POST CH: HB: (558, 302), PosFlotante: (558.00, 302.00)
2025-05-19 16:53:49 - jugador - [DEBUG] - [JUGADOR_0] Input teclado procesado: mov_x_input_raw=180, mov_y_input_raw=180
2025-05-19 16:53:49 - jugador - [DEBUG] - [JUGADOR_0] Delta flotante intentado: dx=3.0600, dy=3.0600 (delta_time: 0.0170)
2025-05-19 16:53:49 - jugador - [DEBUG] - [JUGADOR_0] Pos flotante (pre-límites): (561.0600, 305.0600)
2025-05-19 16:53:49 - jugador - [DEBUG] - [JUGADOR_0] Pos flotante (post-límites): (561.0600, 305.0600)
2025-05-19 16:53:49 - jugador - [DEBUG] - [JUGADOR_0] Movimiento para CH: dx_int=4, dy_int=4. HB (antes CH): (558, 302), PosFlotante: (561.0600,305.0600)
2025-05-19 16:53:49 - jugador - [DEBUG] - [JUGADOR_0] Iniciando gestión de colisión con dx=4, dy=4. Hitbox actual: (558, 302)
2025-05-19 16:53:49 - jugador - [DEBUG] - [JUGADOR_0] Posición POST CH: HB: (562, 306), PosFlotante: (562.00, 306.00)
2025-05-19 16:53:49 - jugador - [DEBUG] - [JUGADOR_0] Pos flotante (pre-límites): (565.0600, 309.0600)
2025-05-19 16:53:49 - jugador - [DEBUG] - [JUGADOR_0] Pos flotante (post-límites): (565.0600, 309.0600)
2025-05-19 16:53:49 - jugador - [DEBUG] - [JUGADOR_0] Movimiento para CH: dx_int=4, dy_int=4. HB (antes CH): (562, 306), PosFlotante: (565.0600,309.0600)
2025-05-19 16:53:49 - jugador - [DEBUG] - [JUGADOR_0] Iniciando gestión de colisión con dx=4, dy=4. Hitbox actual: (562, 306)
2025-05-19 16:53:49 - jugador - [DEBUG] - [JUGADOR_0] Posición POST CH: HB: (566, 310), PosFlotante: (566.00, 310.00)
2025-05-19 16:53:49 - jugador - [DEBUG] - [JUGADOR_0] Delta flotante intentado: dx=2.8800, dy=2.8800 (delta_time: 0.0160)
2025-05-19 16:53:49 - jugador - [DEBUG] - [JUGADOR_0] Pos flotante (pre-límites): (568.8800, 312.8800)
2025-05-19 16:53:49 - jugador - [DEBUG] - [JUGADOR_0] Pos flotante (post-límites): (568.8800, 312.8800)
2025-05-19 16:53:49 - jugador - [DEBUG] - [JUGADOR_0] Movimiento para CH: dx_int=3, dy_int=3. HB (antes CH): (566, 310), PosFlotante: (568.8800,312.8800)
2025-05-19 16:53:49 - jugador - [DEBUG] - [JUGADOR_0] Iniciando gestión de colisión con dx=3, dy=3. Hitbox actual: (566, 310)
2025-05-19 16:53:49 - jugador - [DEBUG] - [JUGADOR_0] Posición POST CH: HB: (569, 313), PosFlotante: (569.00, 313.00)
2025-05-19 16:53:49 - jugador - [DEBUG] - [JUGADOR_0] Pos flotante (pre-límites): (572.0600, 316.0600)
2025-05-19 16:53:49 - jugador - [DEBUG] - [JUGADOR_0] Pos flotante (post-límites): (572.0600, 316.0600)
2025-05-19 16:53:49 - jugador - [DEBUG] - [JUGADOR_0] Movimiento para CH: dx_int=4, dy_int=4. HB (antes CH): (569, 313), PosFlotante: (572.0600,316.0600)
2025-05-19 16:53:49 - jugador - [DEBUG] - [JUGADOR_0] Iniciando gestión de colisión con dx=4, dy=4. Hitbox actual: (569, 313)
2025-05-19 16:53:49 - jugador - [DEBUG] - [JUGADOR_0] Posición POST CH: HB: (573, 317), PosFlotante: (573.00, 317.00)
2025-05-19 16:53:49 - jugador - [DEBUG] - [JUGADOR_0] Input teclado procesado: mov_x_input_raw=180, mov_y_input_raw=180
2025-05-19 16:53:49 - jugador - [DEBUG] - [JUGADOR_0] Pos flotante (pre-límites): (575.8800, 319.8800)
2025-05-19 16:53:49 - jugador - [DEBUG] - [JUGADOR_0] Pos flotante (post-límites): (575.8800, 319.8800)
2025-05-19 16:53:49 - jugador - [DEBUG] - [JUGADOR_0] Movimiento para CH: dx_int=3, dy_int=3. HB (antes CH): (573, 317), PosFlotante: (575.8800,319.8800)
2025-05-19 16:53:49 - jugador - [DEBUG] - [JUGADOR_0] Iniciando gestión de colisión con dx=3, dy=3. Hitbox actual: (573, 317)
2025-05-19 16:53:49 - jugador - [DEBUG] - [JUGADOR_0] Posición POST CH: HB: (576, 320), PosFlotante: (576.00, 320.00)
2025-05-19 16:53:49 - jugador - [DEBUG] - [JUGADOR_0] Delta flotante intentado: dx=3.0600, dy=3.0600 (delta_time: 0.0170)
2025-05-19 16:53:49 - jugador - [DEBUG] - [JUGADOR_0] Pos flotante (pre-límites): (579.0600, 323.0600)
2025-05-19 16:53:49 - jugador - [DEBUG] - [JUGADOR_0] Pos flotante (post-límites): (579.0600, 323.0600)
2025-05-19 16:53:49 - jugador - [DEBUG] - [JUGADOR_0] Movimiento para CH: dx_int=4, dy_int=4. HB (antes CH): (576, 320), PosFlotante: (579.0600,323.0600)
2025-05-19 16:53:49 - jugador - [DEBUG] - [JUGADOR_0] Iniciando gestión de colisión con dx=4, dy=4. Hitbox actual: (576, 320)
2025-05-19 16:53:49 - jugador - [DEBUG] - [JUGADOR_0] Posición POST CH: HB: (580, 324), PosFlotante: (580.00, 324.00)
2025-05-19 16:53:49 - jugador - [DEBUG] - [JUGADOR_0] Delta flotante intentado: dx=2.8800, dy=2.8800 (delta_time: 0.0160)
2025-05-19 16:53:49 - jugador - [DEBUG] - [JUGADOR_0] Pos flotante (pre-límites): (582.8800, 326.8800)
2025-05-19 16:53:49 - jugador - [DEBUG] - [JUGADOR_0] Pos flotante (post-límites): (582.8800, 326.8800)
2025-05-19 16:53:49 - jugador - [DEBUG] - [JUGADOR_0] Movimiento para CH: dx_int=3, dy_int=3. HB (antes CH): (580, 324), PosFlotante: (582.8800,326.8800)
2025-05-19 16:53:49 - jugador - [DEBUG] - [JUGADOR_0] Iniciando gestión de colisión con dx=3, dy=3. Hitbox actual: (580, 324)
2025-05-19 16:53:49 - jugador - [DEBUG] - [JUGADOR_0] Posición POST CH: HB: (583, 327), PosFlotante: (583.00, 327.00)
2025-05-19 16:53:49 - jugador - [DEBUG] - [JUGADOR_0] Input teclado procesado: mov_x_input_raw=180, mov_y_input_raw=180
2025-05-19 16:53:49 - jugador - [DEBUG] - [JUGADOR_0] Pos flotante (pre-límites): (586.0600, 330.0600)
2025-05-19 16:53:49 - jugador - [DEBUG] - [JUGADOR_0] Pos flotante (post-límites): (586.0600, 330.0600)
2025-05-19 16:53:49 - jugador - [DEBUG] - [JUGADOR_0] Movimiento para CH: dx_int=4, dy_int=4. HB (antes CH): (583, 327), PosFlotante: (586.0600,330.0600)
2025-05-19 16:53:49 - jugador - [DEBUG] - [JUGADOR_0] Iniciando gestión de colisión con dx=4, dy=4. Hitbox actual: (583, 327)
2025-05-19 16:53:49 - jugador - [DEBUG] - [JUGADOR_0] Posición POST CH: HB: (587, 331), PosFlotante: (587.00, 331.00)
2025-05-19 16:53:49 - jugador - [DEBUG] - [JUGADOR_0] Delta flotante intentado: dx=3.0600, dy=3.0600 (delta_time: 0.0170)
2025-05-19 16:53:49 - jugador - [DEBUG] - [JUGADOR_0] Pos flotante (pre-límites): (590.0600, 334.0600)
2025-05-19 16:53:49 - jugador - [DEBUG] - [JUGADOR_0] Pos flotante (post-límites): (590.0600, 334.0600)
2025-05-19 16:53:49 - jugador - [DEBUG] - [JUGADOR_0] Movimiento para CH: dx_int=4, dy_int=4. HB (antes CH): (587, 331), PosFlotante: (590.0600,334.0600)
2025-05-19 16:53:49 - jugador - [DEBUG] - [JUGADOR_0] Iniciando gestión de colisión con dx=4, dy=4. Hitbox actual: (587, 331)
2025-05-19 16:53:49 - jugador - [DEBUG] - [JUGADOR_0] Posición POST CH: HB: (591, 335), PosFlotante: (591.00, 335.00)
2025-05-19 16:53:49 - jugador - [DEBUG] - [JUGADOR_0] Pos flotante (pre-límites): (594.0600, 338.0600)
2025-05-19 16:53:49 - jugador - [DEBUG] - [JUGADOR_0] Pos flotante (post-límites): (594.0600, 338.0600)
2025-05-19 16:53:49 - jugador - [DEBUG] - [JUGADOR_0] Movimiento para CH: dx_int=4, dy_int=4. HB (antes CH): (591, 335), PosFlotante: (594.0600,338.0600)
2025-05-19 16:53:49 - jugador - [DEBUG] - [JUGADOR_0] Iniciando gestión de colisión con dx=4, dy=4. Hitbox actual: (591, 335)
2025-05-19 16:53:49 - jugador - [DEBUG] - [JUGADOR_0] Posición POST CH: HB: (595, 339), PosFlotante: (595.00, 339.00)
2025-05-19 16:53:49 - jugador - [DEBUG] - [JUGADOR_0] Input teclado procesado: mov_x_input_raw=180, mov_y_input_raw=180
2025-05-19 16:53:49 - jugador - [DEBUG] - [JUGADOR_0] Delta flotante intentado: dx=2.8800, dy=2.8800 (delta_time: 0.0160)
2025-05-19 16:53:49 - jugador - [DEBUG] - [JUGADOR_0] Pos flotante (pre-límites): (597.8800, 341.8800)
2025-05-19 16:53:49 - jugador - [DEBUG] - [JUGADOR_0] Pos flotante (post-límites): (597.8800, 341.8800)
2025-05-19 16:53:49 - jugador - [DEBUG] - [JUGADOR_0] Movimiento para CH: dx_int=3, dy_int=3. HB (antes CH): (595, 339), PosFlotante: (597.8800,341.8800)
2025-05-19 16:53:49 - jugador - [DEBUG] - [JUGADOR_0] Iniciando gestión de colisión con dx=3, dy=3. Hitbox actual: (595, 339)
2025-05-19 16:53:49 - jugador - [DEBUG] - [JUGADOR_0] Posición POST CH: HB: (598, 342), PosFlotante: (598.00, 342.00)
2025-05-19 16:53:49 - jugador - [DEBUG] - [JUGADOR_0] Pos flotante (pre-límites): (601.0600, 345.0600)
2025-05-19 16:53:49 - jugador - [DEBUG] - [JUGADOR_0] Pos flotante (post-límites): (601.0600, 345.0600)
2025-05-19 16:53:49 - jugador - [DEBUG] - [JUGADOR_0] Movimiento para CH: dx_int=4, dy_int=4. HB (antes CH): (598, 342), PosFlotante: (601.0600,345.0600)
2025-05-19 16:53:49 - jugador - [DEBUG] - [JUGADOR_0] Iniciando gestión de colisión con dx=4, dy=4. Hitbox actual: (598, 342)
2025-05-19 16:53:49 - jugador - [DEBUG] - [JUGADOR_0] Posición POST CH: HB: (602, 346), PosFlotante: (602.00, 346.00)
2025-05-19 16:53:49 - jugador - [DEBUG] - [JUGADOR_0] Delta flotante intentado: dx=3.0600, dy=3.0600 (delta_time: 0.0170)
2025-05-19 16:53:49 - jugador - [DEBUG] - [JUGADOR_0] Pos flotante (pre-límites): (605.0600, 349.0600)
2025-05-19 16:53:49 - jugador - [DEBUG] - [JUGADOR_0] Pos flotante (post-límites): (605.0600, 349.0600)
2025-05-19 16:53:49 - jugador - [DEBUG] - [JUGADOR_0] Movimiento para CH: dx_int=4, dy_int=4. HB (antes CH): (602, 346), PosFlotante: (605.0600,349.0600)
2025-05-19 16:53:49 - jugador - [DEBUG] - [JUGADOR_0] Iniciando gestión de colisión con dx=4, dy=4. Hitbox actual: (602, 346)
2025-05-19 16:53:49 - jugador - [DEBUG] - [JUGADOR_0] Posición POST CH: HB: (606, 350), PosFlotante: (606.00, 350.00)
2025-05-19 16:53:49 - jugador - [DEBUG] - [JUGADOR_0] Pos flotante (pre-límites): (608.8800, 352.8800)
2025-05-19 16:53:49 - jugador - [DEBUG] - [JUGADOR_0] Pos flotante (post-límites): (608.8800, 352.8800)
2025-05-19 16:53:49 - jugador - [DEBUG] - [JUGADOR_0] Movimiento para CH: dx_int=3, dy_int=3. HB (antes CH): (606, 350), PosFlotante: (608.8800,352.8800)
2025-05-19 16:53:49 - jugador - [DEBUG] - [JUGADOR_0] Iniciando gestión de colisión con dx=3, dy=3. Hitbox actual: (606, 350)
2025-05-19 16:53:49 - jugador - [DEBUG] - [JUGADOR_0] Posición POST CH: HB: (609, 353), PosFlotante: (609.00, 353.00)
2025-05-19 16:53:49 - jugador - [DEBUG] - [JUGADOR_0] Input teclado procesado: mov_x_input_raw=180, mov_y_input_raw=180
2025-05-19 16:53:49 - jugador - [DEBUG] - [JUGADOR_0] Delta flotante intentado: dx=2.8800, dy=2.8800 (delta_time: 0.0160)
2025-05-19 16:53:49 - jugador - [DEBUG] - [JUGADOR_0] Pos flotante (pre-límites): (611.8800, 355.8800)
2025-05-19 16:53:49 - jugador - [DEBUG] - [JUGADOR_0] Pos flotante (post-límites): (611.8800, 355.8800)
2025-05-19 16:53:49 - jugador - [DEBUG] - [JUGADOR_0] Movimiento para CH: dx_int=3, dy_int=3. HB (antes CH): (609, 353), PosFlotante: (611.8800,355.8800)
2025-05-19 16:53:49 - jugador - [DEBUG] - [JUGADOR_0] Iniciando gestión de colisión con dx=3, dy=3. Hitbox actual: (609, 353)
2025-05-19 16:53:49 - jugador - [DEBUG] - [JUGADOR_0] Posición POST CH: HB: (612, 356), PosFlotante: (612.00, 356.00)
2025-05-19 16:53:49 - jugador - [DEBUG] - [JUGADOR_0] Pos flotante (pre-límites): (614.8800, 358.8800)
2025-05-19 16:53:49 - jugador - [DEBUG] - [JUGADOR_0] Pos flotante (post-límites): (614.8800, 358.8800)
2025-05-19 16:53:49 - jugador - [DEBUG] - [JUGADOR_0] Movimiento para CH: dx_int=3, dy_int=3. HB (antes CH): (612, 356), PosFlotante: (614.8800,358.8800)
2025-05-19 16:53:49 - jugador - [DEBUG] - [JUGADOR_0] Iniciando gestión de colisión con dx=3, dy=3. Hitbox actual: (612, 356)
2025-05-19 16:53:49 - jugador - [DEBUG] - [JUGADOR_0] Posición POST CH: HB: (615, 359), PosFlotante: (615.00, 359.00)
2025-05-19 16:53:49 - jugador - [DEBUG] - [JUGADOR_0] Pos flotante (pre-límites): (617.8800, 361.8800)
2025-05-19 16:53:49 - jugador - [DEBUG] - [JUGADOR_0] Pos flotante (post-límites): (617.8800, 361.8800)
2025-05-19 16:53:49 - jugador - [DEBUG] - [JUGADOR_0] Movimiento para CH: dx_int=3, dy_int=3. HB (antes CH): (615, 359), PosFlotante: (617.8800,361.8800)
2025-05-19 16:53:49 - jugador - [DEBUG] - [JUGADOR_0] Iniciando gestión de colisión con dx=3, dy=3. Hitbox actual: (615, 359)
2025-05-19 16:53:49 - jugador - [DEBUG] - [JUGADOR_0] Posición POST CH: HB: (618, 362), PosFlotante: (618.00, 362.00)
2025-05-19 16:53:49 - jugador - [DEBUG] - [JUGADOR_0] Input teclado procesado: mov_x_input_raw=-180, mov_y_input_raw=0
2025-05-19 16:53:49 - jugador - [DEBUG] - [JUGADOR_0] Delta flotante intentado: dx=-3.0600, dy=0.0000 (delta_time: 0.0170)
2025-05-19 16:53:49 - jugador - [DEBUG] - [JUGADOR_0] Pos flotante (pre-límites): (614.9400, 362.0000)
2025-05-19 16:53:49 - jugador - [DEBUG] - [JUGADOR_0] Pos flotante (post-límites): (614.9400, 362.0000)
2025-05-19 16:53:49 - jugador - [DEBUG] - [JUGADOR_0] Movimiento para CH: dx_int=-4, dy_int=0. HB (antes CH): (618, 362), PosFlotante: (614.9400,362.0000)
2025-05-19 16:53:49 - jugador - [DEBUG] - [JUGADOR_0] Iniciando gestión de colisión con dx=-4, dy=0. Hitbox actual: (618, 362)
2025-05-19 16:53:49 - jugador - [DEBUG] - [JUGADOR_0] Posición POST CH: HB: (614, 362), PosFlotante: (614.00, 362.00)
2025-05-19 16:53:49 - jugador - [DEBUG] - [JUGADOR_0] Pos flotante (pre-límites): (610.9400, 362.0000)
2025-05-19 16:53:49 - jugador - [DEBUG] - [JUGADOR_0] Pos flotante (post-límites): (610.9400, 362.0000)
2025-05-19 16:53:49 - jugador - [DEBUG] - [JUGADOR_0] Movimiento para CH: dx_int=-4, dy_int=0. HB (antes CH): (614, 362), PosFlotante: (610.9400,362.0000)
2025-05-19 16:53:49 - jugador - [DEBUG] - [JUGADOR_0] Iniciando gestión de colisión con dx=-4, dy=0. Hitbox actual: (614, 362)
2025-05-19 16:53:49 - jugador - [DEBUG] - [JUGADOR_0] Posición POST CH: HB: (610, 362), PosFlotante: (610.00, 362.00)
2025-05-19 16:53:49 - jugador - [DEBUG] - [JUGADOR_0] Delta flotante intentado: dx=-2.8800, dy=0.0000 (delta_time: 0.0160)
2025-05-19 16:53:49 - jugador - [DEBUG] - [JUGADOR_0] Pos flotante (pre-límites): (607.1200, 362.0000)
2025-05-19 16:53:49 - jugador - [DEBUG] - [JUGADOR_0] Pos flotante (post-límites): (607.1200, 362.0000)
2025-05-19 16:53:49 - jugador - [DEBUG] - [JUGADOR_0] Movimiento para CH: dx_int=-3, dy_int=0. HB (antes CH): (610, 362), PosFlotante: (607.1200,362.0000)
2025-05-19 16:53:49 - jugador - [DEBUG] - [JUGADOR_0] Iniciando gestión de colisión con dx=-3, dy=0. Hitbox actual: (610, 362)
2025-05-19 16:53:49 - jugador - [DEBUG] - [JUGADOR_0] Posición POST CH: HB: (607, 362), PosFlotante: (607.00, 362.00)
2025-05-19 16:53:49 - jugador - [DEBUG] - [JUGADOR_0] Pos flotante (pre-límites): (604.1200, 362.0000)
2025-05-19 16:53:49 - jugador - [DEBUG] - [JUGADOR_0] Pos flotante (post-límites): (604.1200, 362.0000)
2025-05-19 16:53:49 - jugador - [DEBUG] - [JUGADOR_0] Movimiento para CH: dx_int=-3, dy_int=0. HB (antes CH): (607, 362), PosFlotante: (604.1200,362.0000)
2025-05-19 16:53:49 - jugador - [DEBUG] - [JUGADOR_0] Iniciando gestión de colisión con dx=-3, dy=0. Hitbox actual: (607, 362)
2025-05-19 16:53:49 - jugador - [DEBUG] - [JUGADOR_0] Posición POST CH: HB: (604, 362), PosFlotante: (604.00, 362.00)
2025-05-19 16:53:49 - jugador - [DEBUG] - [JUGADOR_0] Input teclado procesado: mov_x_input_raw=-180, mov_y_input_raw=0
2025-05-19 16:53:49 - jugador - [DEBUG] - [JUGADOR_0] Pos flotante (pre-límites): (601.1200, 362.0000)
2025-05-19 16:53:49 - jugador - [DEBUG] - [JUGADOR_0] Pos flotante (post-límites): (601.1200, 362.0000)
2025-05-19 16:53:49 - jugador - [DEBUG] - [JUGADOR_0] Movimiento para CH: dx_int=-3, dy_int=0. HB (antes CH): (604, 362), PosFlotante: (601.1200,362.0000)
2025-05-19 16:53:49 - jugador - [DEBUG] - [JUGADOR_0] Iniciando gestión de colisión con dx=-3, dy=0. Hitbox actual: (604, 362)
2025-05-19 16:53:49 - jugador - [DEBUG] - [JUGADOR_0] Posición POST CH: HB: (601, 362), PosFlotante: (601.00, 362.00)
2025-05-19 16:53:49 - jugador - [DEBUG] - [JUGADOR_0] Pos flotante (pre-límites): (598.1200, 362.0000)
2025-05-19 16:53:49 - jugador - [DEBUG] - [JUGADOR_0] Pos flotante (post-límites): (598.1200, 362.0000)
2025-05-19 16:53:49 - jugador - [DEBUG] - [JUGADOR_0] Movimiento para CH: dx_int=-3, dy_int=0. HB (antes CH): (601, 362), PosFlotante: (598.1200,362.0000)
2025-05-19 16:53:49 - jugador - [DEBUG] - [JUGADOR_0] Iniciando gestión de colisión con dx=-3, dy=0. Hitbox actual: (601, 362)
2025-05-19 16:53:49 - jugador - [DEBUG] - [JUGADOR_0] Posición POST CH: HB: (598, 362), PosFlotante: (598.00, 362.00)
2025-05-19 16:53:49 - jugador - [DEBUG] - [JUGADOR_0] Delta flotante intentado: dx=-3.0600, dy=0.0000 (delta_time: 0.0170)
2025-05-19 16:53:49 - jugador - [DEBUG] - [JUGADOR_0] Pos flotante (pre-límites): (594.9400, 362.0000)
2025-05-19 16:53:49 - jugador - [DEBUG] - [JUGADOR_0] Pos flotante (post-límites): (594.9400, 362.0000)
2025-05-19 16:53:49 - jugador - [DEBUG] - [JUGADOR_0] Movimiento para CH: dx_int=-4, dy_int=0. HB (antes CH): (598, 362), PosFlotante: (594.9400,362.0000)
2025-05-19 16:53:49 - jugador - [DEBUG] - [JUGADOR_0] Iniciando gestión de colisión con dx=-4, dy=0. Hitbox actual: (598, 362)
2025-05-19 16:53:49 - jugador - [DEBUG] - [JUGADOR_0] Posición POST CH: HB: (594, 362), PosFlotante: (594.00, 362.00)
2025-05-19 16:53:49 - jugador - [DEBUG] - [JUGADOR_0] Delta flotante intentado: dx=-2.8800, dy=0.0000 (delta_time: 0.0160)
2025-05-19 16:53:49 - jugador - [DEBUG] - [JUGADOR_0] Pos flotante (pre-límites): (591.1200, 362.0000)
2025-05-19 16:53:49 - jugador - [DEBUG] - [JUGADOR_0] Pos flotante (post-límites): (591.1200, 362.0000)
2025-05-19 16:53:49 - jugador - [DEBUG] - [JUGADOR_0] Movimiento para CH: dx_int=-3, dy_int=0. HB (antes CH): (594, 362), PosFlotante: (591.1200,362.0000)
2025-05-19 16:53:49 - jugador - [DEBUG] - [JUGADOR_0] Iniciando gestión de colisión con dx=-3, dy=0. Hitbox actual: (594, 362)
2025-05-19 16:53:49 - jugador - [DEBUG] - [JUGADOR_0] Posición POST CH: HB: (591, 362), PosFlotante: (591.00, 362.00)
2025-05-19 16:53:49 - jugador - [DEBUG] - [JUGADOR_0] Input teclado procesado: mov_x_input_raw=-180, mov_y_input_raw=0
2025-05-19 16:53:49 - jugador - [DEBUG] - [JUGADOR_0] Pos flotante (pre-límites): (587.9400, 362.0000)
2025-05-19 16:53:49 - jugador - [DEBUG] - [JUGADOR_0] Pos flotante (post-límites): (587.9400, 362.0000)
2025-05-19 16:53:49 - jugador - [DEBUG] - [JUGADOR_0] Movimiento para CH: dx_int=-4, dy_int=0. HB (antes CH): (591, 362), PosFlotante: (587.9400,362.0000)
2025-05-19 16:53:49 - jugador - [DEBUG] - [JUGADOR_0] Iniciando gestión de colisión con dx=-4, dy=0. Hitbox actual: (591, 362)
2025-05-19 16:53:49 - jugador - [DEBUG] - [JUGADOR_0] Posición POST CH: HB: (587, 362), PosFlotante: (587.00, 362.00)
2025-05-19 16:53:49 - jugador - [DEBUG] - [JUGADOR_0] Input teclado procesado: mov_x_input_raw=-180, mov_y_input_raw=-180
2025-05-19 16:53:49 - jugador - [DEBUG] - [JUGADOR_0] Delta flotante intentado: dx=-3.0600, dy=-3.0600 (delta_time: 0.0170)
2025-05-19 16:53:49 - jugador - [DEBUG] - [JUGADOR_0] Pos flotante (pre-límites): (583.9400, 358.9400)
2025-05-19 16:53:49 - jugador - [DEBUG] - [JUGADOR_0] Pos flotante (post-límites): (583.9400, 358.9400)
2025-05-19 16:53:49 - jugador - [DEBUG] - [JUGADOR_0] Movimiento para CH: dx_int=-4, dy_int=-4. HB (antes CH): (587, 362), PosFlotante: (583.9400,358.9400)
2025-05-19 16:53:49 - jugador - [DEBUG] - [JUGADOR_0] Iniciando gestión de colisión con dx=-4, dy=-4. Hitbox actual: (587, 362)
2025-05-19 16:53:49 - jugador - [DEBUG] - [JUGADOR_0] Posición POST CH: HB: (583, 358), PosFlotante: (583.00, 358.00)
2025-05-19 16:53:49 - jugador - [DEBUG] - [JUGADOR_0] Pos flotante (pre-límites): (579.9400, 354.9400)
2025-05-19 16:53:49 - jugador - [DEBUG] - [JUGADOR_0] Pos flotante (post-límites): (579.9400, 354.9400)
2025-05-19 16:53:49 - jugador - [DEBUG] - [JUGADOR_0] Movimiento para CH: dx_int=-4, dy_int=-4. HB (antes CH): (583, 358), PosFlotante: (579.9400,354.9400)
2025-05-19 16:53:49 - jugador - [DEBUG] - [JUGADOR_0] Iniciando gestión de colisión con dx=-4, dy=-4. Hitbox actual: (583, 358)
2025-05-19 16:53:49 - jugador - [DEBUG] - [JUGADOR_0] Posición POST CH: HB: (579, 354), PosFlotante: (579.00, 354.00)
2025-05-19 16:53:49 - jugador - [DEBUG] - [JUGADOR_0] Pos flotante (pre-límites): (575.9400, 350.9400)
2025-05-19 16:53:49 - jugador - [DEBUG] - [JUGADOR_0] Pos flotante (post-límites): (575.9400, 350.9400)
2025-05-19 16:53:49 - jugador - [DEBUG] - [JUGADOR_0] Movimiento para CH: dx_int=-4, dy_int=-4. HB (antes CH): (579, 354), PosFlotante: (575.9400,350.9400)
2025-05-19 16:53:49 - jugador - [DEBUG] - [JUGADOR_0] Iniciando gestión de colisión con dx=-4, dy=-4. Hitbox actual: (579, 354)
2025-05-19 16:53:49 - jugador - [DEBUG] - [JUGADOR_0] Posición POST CH: HB: (575, 350), PosFlotante: (575.00, 350.00)
2025-05-19 16:53:49 - jugador - [DEBUG] - [JUGADOR_0] Delta flotante intentado: dx=-2.8800, dy=-2.8800 (delta_time: 0.0160)
2025-05-19 16:53:49 - jugador - [DEBUG] - [JUGADOR_0] Pos flotante (pre-límites): (572.1200, 347.1200)
2025-05-19 16:53:49 - jugador - [DEBUG] - [JUGADOR_0] Pos flotante (post-límites): (572.1200, 347.1200)
2025-05-19 16:53:49 - jugador - [DEBUG] - [JUGADOR_0] Movimiento para CH: dx_int=-3, dy_int=-3. HB (antes CH): (575, 350), PosFlotante: (572.1200,347.1200)
2025-05-19 16:53:49 - jugador - [DEBUG] - [JUGADOR_0] Iniciando gestión de colisión con dx=-3, dy=-3. Hitbox actual: (575, 350)
2025-05-19 16:53:49 - jugador - [DEBUG] - [JUGADOR_0] Posición POST CH: HB: (572, 347), PosFlotante: (572.00, 347.00)
2025-05-19 16:53:49 - jugador - [DEBUG] - [JUGADOR_0] Input teclado procesado: mov_x_input_raw=-180, mov_y_input_raw=-180
2025-05-19 16:53:49 - jugador - [DEBUG] - [JUGADOR_0] Pos flotante (pre-límites): (569.1200, 344.1200)
2025-05-19 16:53:49 - jugador - [DEBUG] - [JUGADOR_0] Pos flotante (post-límites): (569.1200, 344.1200)
2025-05-19 16:53:49 - jugador - [DEBUG] - [JUGADOR_0] Movimiento para CH: dx_int=-3, dy_int=-3. HB (antes CH): (572, 347), PosFlotante: (569.1200,344.1200)
2025-05-19 16:53:49 - jugador - [DEBUG] - [JUGADOR_0] Iniciando gestión de colisión con dx=-3, dy=-3. Hitbox actual: (572, 347)
2025-05-19 16:53:49 - jugador - [DEBUG] - [JUGADOR_0] Posición POST CH: HB: (569, 344), PosFlotante: (569.00, 344.00)
2025-05-19 16:53:49 - jugador - [DEBUG] - [JUGADOR_0] Input teclado procesado: mov_x_input_raw=0, mov_y_input_raw=-180
2025-05-19 16:53:49 - jugador - [DEBUG] - [JUGADOR_0] Delta flotante intentado: dx=0.0000, dy=-3.0600 (delta_time: 0.0170)
2025-05-19 16:53:49 - jugador - [DEBUG] - [JUGADOR_0] Pos flotante (pre-límites): (569.0000, 340.9400)
2025-05-19 16:53:49 - jugador - [DEBUG] - [JUGADOR_0] Pos flotante (post-límites): (569.0000, 340.9400)
2025-05-19 16:53:49 - jugador - [DEBUG] - [JUGADOR_0] Movimiento para CH: dx_int=0, dy_int=-4. HB (antes CH): (569, 344), PosFlotante: (569.0000,340.9400)
2025-05-19 16:53:49 - jugador - [DEBUG] - [JUGADOR_0] Iniciando gestión de colisión con dx=0, dy=-4. Hitbox actual: (569, 344)
2025-05-19 16:53:49 - jugador - [DEBUG] - [JUGADOR_0] Posición POST CH: HB: (569, 340), PosFlotante: (569.00, 340.00)
2025-05-19 16:53:49 - jugador - [INFO] - [JUGADOR_0] ATAQUE INICIADO (Cooldown: 700.0ms). Perfil: 'espada_predeterminada'
2025-05-19 16:53:49 - jugador - [DEBUG] - [JUGADOR_0] Pos flotante (pre-límites): (569.0000, 336.9400)
2025-05-19 16:53:49 - jugador - [DEBUG] - [JUGADOR_0] Pos flotante (post-límites): (569.0000, 336.9400)
2025-05-19 16:53:49 - jugador - [DEBUG] - [JUGADOR_0] Movimiento para CH: dx_int=0, dy_int=-4. HB (antes CH): (569, 340), PosFlotante: (569.0000,336.9400)
2025-05-19 16:53:49 - jugador - [DEBUG] - [JUGADOR_0] Iniciando gestión de colisión con dx=0, dy=-4. Hitbox actual: (569, 340)
2025-05-19 16:53:49 - jugador - [DEBUG] - [JUGADOR_0] Hitbox ataque: <rect(547, 286, 69, 54)> (Dir: 0,-1)
2025-05-19 16:53:49 - jugador - [INFO] - [JUGADOR_0] Golpeó a [Enemigo_1] con 5 de daño.
2025-05-19 16:53:49 - jugador - [INFO] - [JUGADOR_0] Golpeó a [Enemigo_2] con 5 de daño.
2025-05-19 16:53:49 - jugador - [DEBUG] - [JUGADOR_0] Input teclado procesado: mov_x_input_raw=0, mov_y_input_raw=-180
2025-05-19 16:53:49 - jugador - [DEBUG] - [JUGADOR_0] Delta flotante intentado: dx=0.0000, dy=-3.0600 (delta_time: 0.0170)
2025-05-19 16:53:49 - jugador - [DEBUG] - [JUGADOR_0] Delta flotante intentado: dx=0.0000, dy=-2.8800 (delta_time: 0.0160)
2025-05-19 16:53:49 - jugador - [DEBUG] - [JUGADOR_0] Pos flotante (pre-límites): (569.0000, 337.1200)
2025-05-19 16:53:49 - jugador - [DEBUG] - [JUGADOR_0] Pos flotante (post-límites): (569.0000, 337.1200)
2025-05-19 16:53:49 - jugador - [DEBUG] - [JUGADOR_0] Movimiento para CH: dx_int=0, dy_int=-3. HB (antes CH): (569, 340), PosFlotante: (569.0000,337.1200)
2025-05-19 16:53:49 - jugador - [DEBUG] - [JUGADOR_0] Iniciando gestión de colisión con dx=0, dy=-3. Hitbox actual: (569, 340)
2025-05-19 16:53:49 - jugador - [DEBUG] - [JUGADOR_0] Posición POST CH: HB: (569, 340), PosFlotante: (569.00, 340.00)
2025-05-19 16:53:49 - jugador - [DEBUG] - [JUGADOR_0] Hitbox ataque: <rect(547, 286, 69, 54)> (Dir: 0,-1)
2025-05-19 16:53:49 - jugador - [DEBUG] - [JUGADOR_0] Pos flotante (pre-límites): (569.0000, 336.9400)
2025-05-19 16:53:49 - jugador - [DEBUG] - [JUGADOR_0] Pos flotante (post-límites): (569.0000, 336.9400)
2025-05-19 16:53:49 - jugador - [DEBUG] - [JUGADOR_0] Movimiento para CH: dx_int=0, dy_int=-4. HB (antes CH): (569, 340), PosFlotante: (569.0000,336.9400)
2025-05-19 16:53:49 - jugador - [DEBUG] - [JUGADOR_0] Iniciando gestión de colisión con dx=0, dy=-4. Hitbox actual: (569, 340)
2025-05-19 16:53:49 - jugador - [DEBUG] - [JUGADOR_0] Input teclado procesado: mov_x_input_raw=0, mov_y_input_raw=-180
2025-05-19 16:53:49 - jugador - [DEBUG] - [JUGADOR_0] Delta flotante intentado: dx=0.0000, dy=-3.0600 (delta_time: 0.0170)
2025-05-19 16:53:49 - jugador - [DEBUG] - [JUGADOR_0] Input teclado procesado: mov_x_input_raw=180, mov_y_input_raw=-180
2025-05-19 16:53:49 - jugador - [DEBUG] - [JUGADOR_0] Delta flotante intentado: dx=3.0600, dy=-3.0600 (delta_time: 0.0170)
2025-05-19 16:53:49 - jugador - [DEBUG] - [JUGADOR_0] Pos flotante (pre-límites): (572.0600, 336.9400)
2025-05-19 16:53:49 - jugador - [DEBUG] - [JUGADOR_0] Pos flotante (post-límites): (572.0600, 336.9400)
2025-05-19 16:53:49 - jugador - [DEBUG] - [JUGADOR_0] Movimiento para CH: dx_int=4, dy_int=-4. HB (antes CH): (569, 340), PosFlotante: (572.0600,336.9400)
2025-05-19 16:53:49 - jugador - [DEBUG] - [JUGADOR_0] Iniciando gestión de colisión con dx=4, dy=-4. Hitbox actual: (569, 340)
2025-05-19 16:53:49 - jugador - [DEBUG] - [JUGADOR_0] Posición POST CH: HB: (573, 340), PosFlotante: (573.00, 340.00)
2025-05-19 16:53:49 - jugador - [DEBUG] - [JUGADOR_0] Hitbox ataque: <rect(597, 317, 54, 69)> (Dir: 1,0)
2025-05-19 16:53:49 - jugador - [DEBUG] - [JUGADOR_0] Delta flotante intentado: dx=2.8800, dy=-2.8800 (delta_time: 0.0160)
2025-05-19 16:53:49 - jugador - [DEBUG] - [JUGADOR_0] Pos flotante (pre-límites): (575.8800, 337.1200)
2025-05-19 16:53:49 - jugador - [DEBUG] - [JUGADOR_0] Pos flotante (post-límites): (575.8800, 337.1200)
2025-05-19 16:53:49 - jugador - [DEBUG] - [JUGADOR_0] Movimiento para CH: dx_int=3, dy_int=-3. HB (antes CH): (573, 340), PosFlotante: (575.8800,337.1200)
2025-05-19 16:53:49 - jugador - [DEBUG] - [JUGADOR_0] Iniciando gestión de colisión con dx=3, dy=-3. Hitbox actual: (573, 340)
2025-05-19 16:53:49 - jugador - [DEBUG] - [JUGADOR_0] Posición POST CH: HB: (576, 340), PosFlotante: (576.00, 340.00)
2025-05-19 16:53:49 - jugador - [DEBUG] - [JUGADOR_0] Hitbox ataque: <rect(600, 317, 54, 69)> (Dir: 1,0)
2025-05-19 16:53:49 - jugador - [DEBUG] - [JUGADOR_0] Pos flotante (pre-límites): (578.8800, 337.1200)
2025-05-19 16:53:49 - jugador - [DEBUG] - [JUGADOR_0] Pos flotante (post-límites): (578.8800, 337.1200)
2025-05-19 16:53:49 - jugador - [DEBUG] - [JUGADOR_0] Movimiento para CH: dx_int=3, dy_int=-3. HB (antes CH): (576, 340), PosFlotante: (578.8800,337.1200)
2025-05-19 16:53:49 - jugador - [DEBUG] - [JUGADOR_0] Iniciando gestión de colisión con dx=3, dy=-3. Hitbox actual: (576, 340)
2025-05-19 16:53:49 - jugador - [DEBUG] - [JUGADOR_0] Posición POST CH: HB: (579, 340), PosFlotante: (579.00, 340.00)
2025-05-19 16:53:49 - jugador - [DEBUG] - [JUGADOR_0] Hitbox ataque: <rect(603, 317, 54, 69)> (Dir: 1,0)
2025-05-19 16:53:49 - jugador - [DEBUG] - [JUGADOR_0] Pos flotante (pre-límites): (581.8800, 337.1200)
2025-05-19 16:53:49 - jugador - [DEBUG] - [JUGADOR_0] Pos flotante (post-límites): (581.8800, 337.1200)
2025-05-19 16:53:49 - jugador - [DEBUG] - [JUGADOR_0] Movimiento para CH: dx_int=3, dy_int=-3. HB (antes CH): (579, 340), PosFlotante: (581.8800,337.1200)
2025-05-19 16:53:49 - jugador - [DEBUG] - [JUGADOR_0] Iniciando gestión de colisión con dx=3, dy=-3. Hitbox actual: (579, 340)
2025-05-19 16:53:49 - jugador - [DEBUG] - [JUGADOR_0] Posición POST CH: HB: (582, 340), PosFlotante: (582.00, 340.00)
2025-05-19 16:53:49 - jugador - [DEBUG] - [JUGADOR_0] Hitbox ataque: <rect(606, 317, 54, 69)> (Dir: 1,0)
2025-05-19 16:53:49 - jugador - [DEBUG] - [JUGADOR_0] Input teclado procesado: mov_x_input_raw=180, mov_y_input_raw=-180
2025-05-19 16:53:49 - jugador - [DEBUG] - [JUGADOR_0] Pos flotante (pre-límites): (584.8800, 337.1200)
2025-05-19 16:53:49 - jugador - [DEBUG] - [JUGADOR_0] Pos flotante (post-límites): (584.8800, 337.1200)
2025-05-19 16:53:49 - jugador - [DEBUG] - [JUGADOR_0] Movimiento para CH: dx_int=3, dy_int=-3. HB (antes CH): (582, 340), PosFlotante: (584.8800,337.1200)
2025-05-19 16:53:49 - jugador - [DEBUG] - [JUGADOR_0] Iniciando gestión de colisión con dx=3, dy=-3. Hitbox actual: (582, 340)
2025-05-19 16:53:49 - jugador - [DEBUG] - [JUGADOR_0] Posición POST CH: HB: (604, 337), PosFlotante: (604.00, 337.00)
2025-05-19 16:53:49 - jugador - [DEBUG] - [JUGADOR_0] Hitbox ataque: <rect(628, 314, 54, 69)> (Dir: 1,0)
2025-05-19 16:53:49 - jugador - [DEBUG] - [JUGADOR_0] Delta flotante intentado: dx=2.8800, dy=-2.8800 (delta_time: 0.0160)
2025-05-19 16:53:49 - jugador - [DEBUG] - [JUGADOR_0] Pos flotante (pre-límites): (606.8800, 334.1200)
2025-05-19 16:53:49 - jugador - [DEBUG] - [JUGADOR_0] Pos flotante (post-límites): (606.8800, 334.1200)
2025-05-19 16:53:49 - jugador - [DEBUG] - [JUGADOR_0] Movimiento para CH: dx_int=3, dy_int=-3. HB (antes CH): (604, 337), PosFlotante: (606.8800,334.1200)
2025-05-19 16:53:49 - jugador - [DEBUG] - [JUGADOR_0] Iniciando gestión de colisión con dx=3, dy=-3. Hitbox actual: (604, 337)
2025-05-19 16:53:49 - jugador - [DEBUG] - [JUGADOR_0] Posición POST CH: HB: (607, 334), PosFlotante: (607.00, 334.00)
2025-05-19 16:53:49 - jugador - [DEBUG] - [JUGADOR_0] Hitbox ataque: <rect(631, 311, 54, 69)> (Dir: 1,0)
2025-05-19 16:53:49 - jugador - [DEBUG] - [JUGADOR_0] Delta flotante intentado: dx=3.0600, dy=-3.0600 (delta_time: 0.0170)
2025-05-19 16:53:49 - jugador - [DEBUG] - [JUGADOR_0] Pos flotante (pre-límites): (610.0600, 330.9400)
2025-05-19 16:53:49 - jugador - [DEBUG] - [JUGADOR_0] Pos flotante (post-límites): (610.0600, 330.9400)
2025-05-19 16:53:49 - jugador - [DEBUG] - [JUGADOR_0] Movimiento para CH: dx_int=4, dy_int=-4. HB (antes CH): (607, 334), PosFlotante: (610.0600,330.9400)
2025-05-19 16:53:49 - jugador - [DEBUG] - [JUGADOR_0] Iniciando gestión de colisión con dx=4, dy=-4. Hitbox actual: (607, 334)
2025-05-19 16:53:49 - jugador - [DEBUG] - [JUGADOR_0] Posición POST CH: HB: (611, 330), PosFlotante: (611.00, 330.00)
2025-05-19 16:53:49 - jugador - [DEBUG] - [JUGADOR_0] Hitbox ataque: <rect(635, 307, 54, 69)> (Dir: 1,0)
2025-05-19 16:53:49 - jugador - [DEBUG] - [JUGADOR_0] Input teclado procesado: mov_x_input_raw=180, mov_y_input_raw=-180
2025-05-19 16:53:49 - jugador - [DEBUG] - [JUGADOR_0] Pos flotante (pre-límites): (614.0600, 326.9400)
2025-05-19 16:53:49 - jugador - [DEBUG] - [JUGADOR_0] Pos flotante (post-límites): (614.0600, 326.9400)
2025-05-19 16:53:49 - jugador - [DEBUG] - [JUGADOR_0] Movimiento para CH: dx_int=4, dy_int=-4. HB (antes CH): (611, 330), PosFlotante: (614.0600,326.9400)
2025-05-19 16:53:49 - jugador - [DEBUG] - [JUGADOR_0] Iniciando gestión de colisión con dx=4, dy=-4. Hitbox actual: (611, 330)
2025-05-19 16:53:49 - jugador - [DEBUG] - [JUGADOR_0] Posición POST CH: HB: (615, 326), PosFlotante: (615.00, 326.00)
2025-05-19 16:53:49 - jugador - [DEBUG] - [JUGADOR_0] Hitbox ataque: <rect(639, 303, 54, 69)> (Dir: 1,0)
2025-05-19 16:53:49 - jugador - [DEBUG] - [JUGADOR_0] Pos flotante (pre-límites): (617.8800, 323.1200)
2025-05-19 16:53:49 - jugador - [DEBUG] - [JUGADOR_0] Pos flotante (post-límites): (617.8800, 323.1200)
2025-05-19 16:53:49 - jugador - [DEBUG] - [JUGADOR_0] Movimiento para CH: dx_int=3, dy_int=-3. HB (antes CH): (615, 326), PosFlotante: (617.8800,323.1200)
2025-05-19 16:53:49 - jugador - [DEBUG] - [JUGADOR_0] Iniciando gestión de colisión con dx=3, dy=-3. Hitbox actual: (615, 326)
2025-05-19 16:53:49 - jugador - [DEBUG] - [JUGADOR_0] Posición POST CH: HB: (618, 323), PosFlotante: (618.00, 323.00)
2025-05-19 16:53:49 - jugador - [DEBUG] - [JUGADOR_0] Hitbox ataque: <rect(642, 300, 54, 69)> (Dir: 1,0)
2025-05-19 16:53:49 - jugador - [DEBUG] - [JUGADOR_0] Input teclado procesado: mov_x_input_raw=180, mov_y_input_raw=0
2025-05-19 16:53:49 - jugador - [DEBUG] - [JUGADOR_0] Delta flotante intentado: dx=3.0600, dy=0.0000 (delta_time: 0.0170)
2025-05-19 16:53:49 - jugador - [DEBUG] - [JUGADOR_0] Pos flotante (pre-límites): (621.0600, 323.0000)
2025-05-19 16:53:49 - jugador - [DEBUG] - [JUGADOR_0] Pos flotante (post-límites): (621.0600, 323.0000)
2025-05-19 16:53:49 - jugador - [DEBUG] - [JUGADOR_0] Movimiento para CH: dx_int=4, dy_int=0. HB (antes CH): (618, 323), PosFlotante: (621.0600,323.0000)
2025-05-19 16:53:49 - jugador - [DEBUG] - [JUGADOR_0] Iniciando gestión de colisión con dx=4, dy=0. Hitbox actual: (618, 323)
2025-05-19 16:53:49 - jugador - [DEBUG] - [JUGADOR_0] Posición POST CH: HB: (622, 323), PosFlotante: (622.00, 323.00)
2025-05-19 16:53:49 - jugador - [DEBUG] - [JUGADOR_0] ATAQUE FINALIZADO (Duración: 260ms). Enemigos golpeados: 2
2025-05-19 16:53:50 - jugador - [DEBUG] - [JUGADOR_0] Delta flotante intentado: dx=2.8800, dy=0.0000 (delta_time: 0.0160)
2025-05-19 16:53:50 - jugador - [DEBUG] - [JUGADOR_0] Pos flotante (pre-límites): (624.8800, 323.0000)
2025-05-19 16:53:50 - jugador - [DEBUG] - [JUGADOR_0] Pos flotante (post-límites): (624.8800, 323.0000)
2025-05-19 16:53:50 - jugador - [DEBUG] - [JUGADOR_0] Movimiento para CH: dx_int=3, dy_int=0. HB (antes CH): (622, 323), PosFlotante: (624.8800,323.0000)
2025-05-19 16:53:50 - jugador - [DEBUG] - [JUGADOR_0] Iniciando gestión de colisión con dx=3, dy=0. Hitbox actual: (622, 323)
2025-05-19 16:53:50 - jugador - [DEBUG] - [JUGADOR_0] Posición POST CH: HB: (625, 323), PosFlotante: (625.00, 323.00)
2025-05-19 16:53:50 - jugador - [DEBUG] - [JUGADOR_0] Pos flotante (pre-límites): (627.8800, 323.0000)
2025-05-19 16:53:50 - jugador - [DEBUG] - [JUGADOR_0] Pos flotante (post-límites): (627.8800, 323.0000)
2025-05-19 16:53:50 - jugador - [DEBUG] - [JUGADOR_0] Movimiento para CH: dx_int=3, dy_int=0. HB (antes CH): (625, 323), PosFlotante: (627.8800,323.0000)
2025-05-19 16:53:50 - jugador - [DEBUG] - [JUGADOR_0] Iniciando gestión de colisión con dx=3, dy=0. Hitbox actual: (625, 323)
2025-05-19 16:53:50 - jugador - [DEBUG] - [JUGADOR_0] Posición POST CH: HB: (628, 323), PosFlotante: (628.00, 323.00)
2025-05-19 16:53:50 - jugador - [DEBUG] - [JUGADOR_0] Pos flotante (pre-límites): (631.0600, 323.0000)
2025-05-19 16:53:50 - jugador - [DEBUG] - [JUGADOR_0] Pos flotante (post-límites): (631.0600, 323.0000)
2025-05-19 16:53:50 - jugador - [DEBUG] - [JUGADOR_0] Movimiento para CH: dx_int=4, dy_int=0. HB (antes CH): (628, 323), PosFlotante: (631.0600,323.0000)
2025-05-19 16:53:50 - jugador - [DEBUG] - [JUGADOR_0] Iniciando gestión de colisión con dx=4, dy=0. Hitbox actual: (628, 323)
2025-05-19 16:53:50 - jugador - [DEBUG] - [JUGADOR_0] Posición POST CH: HB: (632, 323), PosFlotante: (632.00, 323.00)
2025-05-19 16:53:50 - jugador - [DEBUG] - [JUGADOR_0] Input teclado procesado: mov_x_input_raw=180, mov_y_input_raw=0
2025-05-19 16:53:50 - jugador - [DEBUG] - [JUGADOR_0] Delta flotante intentado: dx=3.0600, dy=0.0000 (delta_time: 0.0170)
2025-05-19 16:53:50 - jugador - [DEBUG] - [JUGADOR_0] Pos flotante (pre-límites): (635.0600, 323.0000)
2025-05-19 16:53:50 - jugador - [DEBUG] - [JUGADOR_0] Pos flotante (post-límites): (635.0600, 323.0000)
2025-05-19 16:53:50 - jugador - [DEBUG] - [JUGADOR_0] Movimiento para CH: dx_int=4, dy_int=0. HB (antes CH): (632, 323), PosFlotante: (635.0600,323.0000)
2025-05-19 16:53:50 - jugador - [DEBUG] - [JUGADOR_0] Iniciando gestión de colisión con dx=4, dy=0. Hitbox actual: (632, 323)
2025-05-19 16:53:50 - jugador - [DEBUG] - [JUGADOR_0] Posición POST CH: HB: (636, 323), PosFlotante: (636.00, 323.00)
2025-05-19 16:53:50 - jugador - [DEBUG] - [JUGADOR_0] Pos flotante (pre-límites): (639.0600, 323.0000)
2025-05-19 16:53:50 - jugador - [DEBUG] - [JUGADOR_0] Pos flotante (post-límites): (639.0600, 323.0000)
2025-05-19 16:53:50 - jugador - [DEBUG] - [JUGADOR_0] Movimiento para CH: dx_int=4, dy_int=0. HB (antes CH): (636, 323), PosFlotante: (639.0600,323.0000)
2025-05-19 16:53:50 - jugador - [DEBUG] - [JUGADOR_0] Iniciando gestión de colisión con dx=4, dy=0. Hitbox actual: (636, 323)
2025-05-19 16:53:50 - jugador - [DEBUG] - [JUGADOR_0] Posición POST CH: HB: (640, 323), PosFlotante: (640.00, 323.00)
2025-05-19 16:53:50 - jugador - [DEBUG] - [JUGADOR_0] Pos flotante (pre-límites): (643.0600, 323.0000)
2025-05-19 16:53:50 - jugador - [DEBUG] - [JUGADOR_0] Pos flotante (post-límites): (643.0600, 323.0000)
2025-05-19 16:53:50 - jugador - [DEBUG] - [JUGADOR_0] Movimiento para CH: dx_int=4, dy_int=0. HB (antes CH): (640, 323), PosFlotante: (643.0600,323.0000)
2025-05-19 16:53:50 - jugador - [DEBUG] - [JUGADOR_0] Iniciando gestión de colisión con dx=4, dy=0. Hitbox actual: (640, 323)
2025-05-19 16:53:50 - jugador - [DEBUG] - [JUGADOR_0] Posición POST CH: HB: (644, 323), PosFlotante: (644.00, 323.00)
2025-05-19 16:53:50 - jugador - [DEBUG] - [JUGADOR_0] Input teclado procesado: mov_x_input_raw=180, mov_y_input_raw=0
2025-05-19 16:53:50 - jugador - [DEBUG] - [JUGADOR_0] Delta flotante intentado: dx=2.8800, dy=0.0000 (delta_time: 0.0160)
2025-05-19 16:53:50 - jugador - [DEBUG] - [JUGADOR_0] Pos flotante (pre-límites): (646.8800, 323.0000)
2025-05-19 16:53:50 - jugador - [DEBUG] - [JUGADOR_0] Pos flotante (post-límites): (646.8800, 323.0000)
2025-05-19 16:53:50 - jugador - [DEBUG] - [JUGADOR_0] Movimiento para CH: dx_int=3, dy_int=0. HB (antes CH): (644, 323), PosFlotante: (646.8800,323.0000)
2025-05-19 16:53:50 - jugador - [DEBUG] - [JUGADOR_0] Iniciando gestión de colisión con dx=3, dy=0. Hitbox actual: (644, 323)
2025-05-19 16:53:50 - jugador - [DEBUG] - [JUGADOR_0] Posición POST CH: HB: (647, 323), PosFlotante: (647.00, 323.00)
2025-05-19 16:53:50 - jugador - [DEBUG] - [JUGADOR_0] Pos flotante (pre-límites): (649.8800, 323.0000)
2025-05-19 16:53:50 - jugador - [DEBUG] - [JUGADOR_0] Pos flotante (post-límites): (649.8800, 323.0000)
2025-05-19 16:53:50 - jugador - [DEBUG] - [JUGADOR_0] Movimiento para CH: dx_int=3, dy_int=0. HB (antes CH): (647, 323), PosFlotante: (649.8800,323.0000)
2025-05-19 16:53:50 - jugador - [DEBUG] - [JUGADOR_0] Iniciando gestión de colisión con dx=3, dy=0. Hitbox actual: (647, 323)
2025-05-19 16:53:50 - jugador - [DEBUG] - [JUGADOR_0] Posición POST CH: HB: (650, 323), PosFlotante: (650.00, 323.00)
2025-05-19 16:53:50 - jugador - [DEBUG] - [JUGADOR_0] Pos flotante (pre-límites): (652.8800, 323.0000)
2025-05-19 16:53:50 - jugador - [DEBUG] - [JUGADOR_0] Pos flotante (post-límites): (652.8800, 323.0000)
2025-05-19 16:53:50 - jugador - [DEBUG] - [JUGADOR_0] Movimiento para CH: dx_int=3, dy_int=0. HB (antes CH): (650, 323), PosFlotante: (652.8800,323.0000)
2025-05-19 16:53:50 - jugador - [DEBUG] - [JUGADOR_0] Iniciando gestión de colisión con dx=3, dy=0. Hitbox actual: (650, 323)
2025-05-19 16:53:50 - jugador - [DEBUG] - [JUGADOR_0] Posición POST CH: HB: (653, 323), PosFlotante: (653.00, 323.00)
2025-05-19 16:53:50 - jugador - [DEBUG] - [JUGADOR_0] Delta flotante intentado: dx=3.0600, dy=0.0000 (delta_time: 0.0170)
2025-05-19 16:53:50 - jugador - [DEBUG] - [JUGADOR_0] Pos flotante (pre-límites): (656.0600, 323.0000)
2025-05-19 16:53:50 - jugador - [DEBUG] - [JUGADOR_0] Pos flotante (post-límites): (656.0600, 323.0000)
2025-05-19 16:53:50 - jugador - [DEBUG] - [JUGADOR_0] Movimiento para CH: dx_int=4, dy_int=0. HB (antes CH): (653, 323), PosFlotante: (656.0600,323.0000)
2025-05-19 16:53:50 - jugador - [DEBUG] - [JUGADOR_0] Iniciando gestión de colisión con dx=4, dy=0. Hitbox actual: (653, 323)
2025-05-19 16:53:50 - jugador - [DEBUG] - [JUGADOR_0] Posición POST CH: HB: (657, 323), PosFlotante: (657.00, 323.00)
2025-05-19 16:53:50 - jugador - [DEBUG] - [JUGADOR_0] Input teclado procesado: mov_x_input_raw=180, mov_y_input_raw=0
2025-05-19 16:53:50 - jugador - [DEBUG] - [JUGADOR_0] Delta flotante intentado: dx=2.8800, dy=0.0000 (delta_time: 0.0160)
2025-05-19 16:53:50 - jugador - [DEBUG] - [JUGADOR_0] Pos flotante (pre-límites): (659.8800, 323.0000)
2025-05-19 16:53:50 - jugador - [DEBUG] - [JUGADOR_0] Pos flotante (post-límites): (659.8800, 323.0000)
2025-05-19 16:53:50 - jugador - [DEBUG] - [JUGADOR_0] Movimiento para CH: dx_int=3, dy_int=0. HB (antes CH): (657, 323), PosFlotante: (659.8800,323.0000)
2025-05-19 16:53:50 - jugador - [DEBUG] - [JUGADOR_0] Iniciando gestión de colisión con dx=3, dy=0. Hitbox actual: (657, 323)
2025-05-19 16:53:50 - jugador - [DEBUG] - [JUGADOR_0] Posición POST CH: HB: (660, 323), PosFlotante: (660.00, 323.00)
2025-05-19 16:53:50 - jugador - [DEBUG] - [JUGADOR_0] Pos flotante (pre-límites): (662.8800, 323.0000)
2025-05-19 16:53:50 - jugador - [DEBUG] - [JUGADOR_0] Pos flotante (post-límites): (662.8800, 323.0000)
2025-05-19 16:53:50 - jugador - [DEBUG] - [JUGADOR_0] Movimiento para CH: dx_int=3, dy_int=0. HB (antes CH): (660, 323), PosFlotante: (662.8800,323.0000)
2025-05-19 16:53:50 - jugador - [DEBUG] - [JUGADOR_0] Iniciando gestión de colisión con dx=3, dy=0. Hitbox actual: (660, 323)
2025-05-19 16:53:50 - jugador - [DEBUG] - [JUGADOR_0] Posición POST CH: HB: (663, 323), PosFlotante: (663.00, 323.00)
2025-05-19 16:53:50 - jugador - [DEBUG] - [JUGADOR_0] Pos flotante (pre-límites): (665.8800, 323.0000)
2025-05-19 16:53:50 - jugador - [DEBUG] - [JUGADOR_0] Pos flotante (post-límites): (665.8800, 323.0000)
2025-05-19 16:53:50 - jugador - [DEBUG] - [JUGADOR_0] Movimiento para CH: dx_int=3, dy_int=0. HB (antes CH): (663, 323), PosFlotante: (665.8800,323.0000)
2025-05-19 16:53:50 - jugador - [DEBUG] - [JUGADOR_0] Iniciando gestión de colisión con dx=3, dy=0. Hitbox actual: (663, 323)
2025-05-19 16:53:50 - jugador - [DEBUG] - [JUGADOR_0] Posición POST CH: HB: (666, 323), PosFlotante: (666.00, 323.00)
2025-05-19 16:53:50 - jugador - [DEBUG] - [JUGADOR_0] Delta flotante intentado: dx=3.0600, dy=0.0000 (delta_time: 0.0170)
2025-05-19 16:53:50 - jugador - [DEBUG] - [JUGADOR_0] Pos flotante (pre-límites): (669.0600, 323.0000)
2025-05-19 16:53:50 - jugador - [DEBUG] - [JUGADOR_0] Pos flotante (post-límites): (669.0600, 323.0000)
2025-05-19 16:53:50 - jugador - [DEBUG] - [JUGADOR_0] Movimiento para CH: dx_int=4, dy_int=0. HB (antes CH): (666, 323), PosFlotante: (669.0600,323.0000)
2025-05-19 16:53:50 - jugador - [DEBUG] - [JUGADOR_0] Iniciando gestión de colisión con dx=4, dy=0. Hitbox actual: (666, 323)
2025-05-19 16:53:50 - jugador - [DEBUG] - [JUGADOR_0] Posición POST CH: HB: (670, 323), PosFlotante: (670.00, 323.00)
2025-05-19 16:53:50 - jugador - [DEBUG] - [JUGADOR_0] Input teclado procesado: mov_x_input_raw=180, mov_y_input_raw=0
2025-05-19 16:53:50 - jugador - [DEBUG] - [JUGADOR_0] Delta flotante intentado: dx=2.8800, dy=0.0000 (delta_time: 0.0160)
2025-05-19 16:53:50 - jugador - [DEBUG] - [JUGADOR_0] Pos flotante (pre-límites): (672.8800, 323.0000)
2025-05-19 16:53:50 - jugador - [DEBUG] - [JUGADOR_0] Pos flotante (post-límites): (672.8800, 323.0000)
2025-05-19 16:53:50 - jugador - [DEBUG] - [JUGADOR_0] Movimiento para CH: dx_int=3, dy_int=0. HB (antes CH): (670, 323), PosFlotante: (672.8800,323.0000)
2025-05-19 16:53:50 - jugador - [DEBUG] - [JUGADOR_0] Iniciando gestión de colisión con dx=3, dy=0. Hitbox actual: (670, 323)
2025-05-19 16:53:50 - jugador - [DEBUG] - [JUGADOR_0] Posición POST CH: HB: (673, 323), PosFlotante: (673.00, 323.00)
2025-05-19 16:53:50 - jugador - [DEBUG] - [JUGADOR_0] Pos flotante (pre-límites): (675.8800, 323.0000)
2025-05-19 16:53:50 - jugador - [DEBUG] - [JUGADOR_0] Pos flotante (post-límites): (675.8800, 323.0000)
2025-05-19 16:53:50 - jugador - [DEBUG] - [JUGADOR_0] Movimiento para CH: dx_int=3, dy_int=0. HB (antes CH): (673, 323), PosFlotante: (675.8800,323.0000)
2025-05-19 16:53:50 - jugador - [DEBUG] - [JUGADOR_0] Iniciando gestión de colisión con dx=3, dy=0. Hitbox actual: (673, 323)
2025-05-19 16:53:50 - jugador - [DEBUG] - [JUGADOR_0] Posición POST CH: HB: (676, 323), PosFlotante: (676.00, 323.00)
2025-05-19 16:53:50 - jugador - [DEBUG] - [JUGADOR_0] Pos flotante (pre-límites): (678.8800, 323.0000)
2025-05-19 16:53:50 - jugador - [DEBUG] - [JUGADOR_0] Pos flotante (post-límites): (678.8800, 323.0000)
2025-05-19 16:53:50 - jugador - [DEBUG] - [JUGADOR_0] Movimiento para CH: dx_int=3, dy_int=0. HB (antes CH): (676, 323), PosFlotante: (678.8800,323.0000)
2025-05-19 16:53:50 - jugador - [DEBUG] - [JUGADOR_0] Iniciando gestión de colisión con dx=3, dy=0. Hitbox actual: (676, 323)
2025-05-19 16:53:50 - jugador - [DEBUG] - [JUGADOR_0] Posición POST CH: HB: (679, 323), PosFlotante: (679.00, 323.00)
2025-05-19 16:53:50 - jugador - [DEBUG] - [JUGADOR_0] Delta flotante intentado: dx=3.0600, dy=0.0000 (delta_time: 0.0170)
2025-05-19 16:53:50 - jugador - [DEBUG] - [JUGADOR_0] Pos flotante (pre-límites): (682.0600, 323.0000)
2025-05-19 16:53:50 - jugador - [DEBUG] - [JUGADOR_0] Pos flotante (post-límites): (682.0600, 323.0000)
2025-05-19 16:53:50 - jugador - [DEBUG] - [JUGADOR_0] Movimiento para CH: dx_int=4, dy_int=0. HB (antes CH): (679, 323), PosFlotante: (682.0600,323.0000)
2025-05-19 16:53:50 - jugador - [DEBUG] - [JUGADOR_0] Iniciando gestión de colisión con dx=4, dy=0. Hitbox actual: (679, 323)
2025-05-19 16:53:50 - jugador - [DEBUG] - [JUGADOR_0] Posición POST CH: HB: (683, 323), PosFlotante: (683.00, 323.00)
2025-05-19 16:53:50 - jugador - [DEBUG] - [JUGADOR_0] Input teclado procesado: mov_x_input_raw=180, mov_y_input_raw=0
2025-05-19 16:53:50 - jugador - [DEBUG] - [JUGADOR_0] Delta flotante intentado: dx=2.8800, dy=0.0000 (delta_time: 0.0160)
2025-05-19 16:53:50 - jugador - [DEBUG] - [JUGADOR_0] Pos flotante (pre-límites): (685.8800, 323.0000)
2025-05-19 16:53:50 - jugador - [DEBUG] - [JUGADOR_0] Pos flotante (post-límites): (685.8800, 323.0000)
2025-05-19 16:53:50 - jugador - [DEBUG] - [JUGADOR_0] Movimiento para CH: dx_int=3, dy_int=0. HB (antes CH): (683, 323), PosFlotante: (685.8800,323.0000)
2025-05-19 16:53:50 - jugador - [DEBUG] - [JUGADOR_0] Iniciando gestión de colisión con dx=3, dy=0. Hitbox actual: (683, 323)
2025-05-19 16:53:50 - jugador - [DEBUG] - [JUGADOR_0] Posición POST CH: HB: (686, 323), PosFlotante: (686.00, 323.00)
2025-05-19 16:53:50 - jugador - [DEBUG] - [JUGADOR_0] Delta flotante intentado: dx=3.2400, dy=0.0000 (delta_time: 0.0180)
2025-05-19 16:53:50 - jugador - [DEBUG] - [JUGADOR_0] Pos flotante (pre-límites): (689.2400, 323.0000)
2025-05-19 16:53:50 - jugador - [DEBUG] - [JUGADOR_0] Pos flotante (post-límites): (689.2400, 323.0000)
2025-05-19 16:53:50 - jugador - [DEBUG] - [JUGADOR_0] Movimiento para CH: dx_int=4, dy_int=0. HB (antes CH): (686, 323), PosFlotante: (689.2400,323.0000)
2025-05-19 16:53:50 - jugador - [DEBUG] - [JUGADOR_0] Iniciando gestión de colisión con dx=4, dy=0. Hitbox actual: (686, 323)
2025-05-19 16:53:50 - jugador - [DEBUG] - [JUGADOR_0] Posición POST CH: HB: (690, 323), PosFlotante: (690.00, 323.00)
2025-05-19 16:53:50 - jugador - [DEBUG] - [JUGADOR_0] Pos flotante (pre-límites): (692.8800, 323.0000)
2025-05-19 16:53:50 - jugador - [DEBUG] - [JUGADOR_0] Pos flotante (post-límites): (692.8800, 323.0000)
2025-05-19 16:53:50 - jugador - [DEBUG] - [JUGADOR_0] Movimiento para CH: dx_int=3, dy_int=0. HB (antes CH): (690, 323), PosFlotante: (692.8800,323.0000)
2025-05-19 16:53:50 - jugador - [DEBUG] - [JUGADOR_0] Iniciando gestión de colisión con dx=3, dy=0. Hitbox actual: (690, 323)
2025-05-19 16:53:50 - jugador - [DEBUG] - [JUGADOR_0] Posición POST CH: HB: (693, 323), PosFlotante: (693.00, 323.00)
2025-05-19 16:53:50 - jugador - [DEBUG] - [JUGADOR_0] Pos flotante (pre-límites): (695.8800, 323.0000)
2025-05-19 16:53:50 - jugador - [DEBUG] - [JUGADOR_0] Pos flotante (post-límites): (695.8800, 323.0000)
2025-05-19 16:53:50 - jugador - [DEBUG] - [JUGADOR_0] Movimiento para CH: dx_int=3, dy_int=0. HB (antes CH): (693, 323), PosFlotante: (695.8800,323.0000)
2025-05-19 16:53:50 - jugador - [DEBUG] - [JUGADOR_0] Iniciando gestión de colisión con dx=3, dy=0. Hitbox actual: (693, 323)
2025-05-19 16:53:50 - jugador - [DEBUG] - [JUGADOR_0] Posición POST CH: HB: (696, 323), PosFlotante: (696.00, 323.00)
2025-05-19 16:53:50 - jugador - [DEBUG] - [JUGADOR_0] Input teclado procesado: mov_x_input_raw=180, mov_y_input_raw=0
2025-05-19 16:53:50 - jugador - [DEBUG] - [JUGADOR_0] Delta flotante intentado: dx=2.8800, dy=0.0000 (delta_time: 0.0160)
2025-05-19 16:53:50 - jugador - [DEBUG] - [JUGADOR_0] Pos flotante (pre-límites): (698.8800, 323.0000)
2025-05-19 16:53:50 - jugador - [DEBUG] - [JUGADOR_0] Pos flotante (post-límites): (698.8800, 323.0000)
2025-05-19 16:53:50 - jugador - [DEBUG] - [JUGADOR_0] Movimiento para CH: dx_int=3, dy_int=0. HB (antes CH): (696, 323), PosFlotante: (698.8800,323.0000)
2025-05-19 16:53:50 - jugador - [DEBUG] - [JUGADOR_0] Iniciando gestión de colisión con dx=3, dy=0. Hitbox actual: (696, 323)
2025-05-19 16:53:50 - jugador - [DEBUG] - [JUGADOR_0] Posición POST CH: HB: (699, 323), PosFlotante: (699.00, 323.00)
2025-05-19 16:53:50 - jugador - [DEBUG] - [JUGADOR_0] Pos flotante (pre-límites): (701.8800, 323.0000)
2025-05-19 16:53:50 - jugador - [DEBUG] - [JUGADOR_0] Pos flotante (post-límites): (701.8800, 323.0000)
2025-05-19 16:53:50 - jugador - [DEBUG] - [JUGADOR_0] Movimiento para CH: dx_int=3, dy_int=0. HB (antes CH): (699, 323), PosFlotante: (701.8800,323.0000)
2025-05-19 16:53:50 - jugador - [DEBUG] - [JUGADOR_0] Iniciando gestión de colisión con dx=3, dy=0. Hitbox actual: (699, 323)
2025-05-19 16:53:50 - jugador - [DEBUG] - [JUGADOR_0] Posición POST CH: HB: (702, 323), PosFlotante: (702.00, 323.00)
2025-05-19 16:53:50 - jugador - [DEBUG] - [JUGADOR_0] Delta flotante intentado: dx=3.0600, dy=0.0000 (delta_time: 0.0170)
2025-05-19 16:53:50 - jugador - [DEBUG] - [JUGADOR_0] Pos flotante (pre-límites): (705.0600, 323.0000)
2025-05-19 16:53:50 - jugador - [DEBUG] - [JUGADOR_0] Pos flotante (post-límites): (705.0600, 323.0000)
2025-05-19 16:53:50 - jugador - [DEBUG] - [JUGADOR_0] Movimiento para CH: dx_int=4, dy_int=0. HB (antes CH): (702, 323), PosFlotante: (705.0600,323.0000)
2025-05-19 16:53:50 - jugador - [DEBUG] - [JUGADOR_0] Iniciando gestión de colisión con dx=4, dy=0. Hitbox actual: (702, 323)
2025-05-19 16:53:50 - jugador - [DEBUG] - [JUGADOR_0] Posición POST CH: HB: (706, 323), PosFlotante: (706.00, 323.00)
2025-05-19 16:53:50 - jugador - [DEBUG] - [JUGADOR_0] Pos flotante (pre-límites): (709.0600, 323.0000)
2025-05-19 16:53:50 - jugador - [DEBUG] - [JUGADOR_0] Pos flotante (post-límites): (709.0600, 323.0000)
2025-05-19 16:53:50 - jugador - [DEBUG] - [JUGADOR_0] Movimiento para CH: dx_int=4, dy_int=0. HB (antes CH): (706, 323), PosFlotante: (709.0600,323.0000)
2025-05-19 16:53:50 - jugador - [DEBUG] - [JUGADOR_0] Iniciando gestión de colisión con dx=4, dy=0. Hitbox actual: (706, 323)
2025-05-19 16:53:50 - jugador - [DEBUG] - [JUGADOR_0] Posición POST CH: HB: (710, 323), PosFlotante: (710.00, 323.00)
2025-05-19 16:53:50 - jugador - [DEBUG] - [JUGADOR_0] Input teclado procesado: mov_x_input_raw=180, mov_y_input_raw=0
2025-05-19 16:53:50 - jugador - [DEBUG] - [JUGADOR_0] Pos flotante (pre-límites): (713.0600, 323.0000)
2025-05-19 16:53:50 - jugador - [DEBUG] - [JUGADOR_0] Pos flotante (post-límites): (713.0600, 323.0000)
2025-05-19 16:53:50 - jugador - [DEBUG] - [JUGADOR_0] Movimiento para CH: dx_int=4, dy_int=0. HB (antes CH): (710, 323), PosFlotante: (713.0600,323.0000)
2025-05-19 16:53:50 - jugador - [DEBUG] - [JUGADOR_0] Iniciando gestión de colisión con dx=4, dy=0. Hitbox actual: (710, 323)
2025-05-19 16:53:50 - jugador - [DEBUG] - [JUGADOR_0] Posición POST CH: HB: (714, 323), PosFlotante: (714.00, 323.00)
2025-05-19 16:53:50 - jugador - [DEBUG] - [JUGADOR_0] Input teclado procesado: mov_x_input_raw=-180, mov_y_input_raw=0
2025-05-19 16:53:50 - jugador - [DEBUG] - [JUGADOR_0] Delta flotante intentado: dx=-2.8800, dy=0.0000 (delta_time: 0.0160)
2025-05-19 16:53:50 - jugador - [DEBUG] - [JUGADOR_0] Pos flotante (pre-límites): (711.1200, 323.0000)
2025-05-19 16:53:50 - jugador - [DEBUG] - [JUGADOR_0] Pos flotante (post-límites): (711.1200, 323.0000)
2025-05-19 16:53:50 - jugador - [DEBUG] - [JUGADOR_0] Movimiento para CH: dx_int=-3, dy_int=0. HB (antes CH): (714, 323), PosFlotante: (711.1200,323.0000)
2025-05-19 16:53:50 - jugador - [DEBUG] - [JUGADOR_0] Iniciando gestión de colisión con dx=-3, dy=0. Hitbox actual: (714, 323)
2025-05-19 16:53:50 - jugador - [DEBUG] - [JUGADOR_0] Posición POST CH: HB: (711, 323), PosFlotante: (711.00, 323.00)
2025-05-19 16:53:50 - jugador - [DEBUG] - [JUGADOR_0] Delta flotante intentado: dx=-3.0600, dy=0.0000 (delta_time: 0.0170)
2025-05-19 16:53:50 - jugador - [DEBUG] - [JUGADOR_0] Pos flotante (pre-límites): (707.9400, 323.0000)
2025-05-19 16:53:50 - jugador - [DEBUG] - [JUGADOR_0] Pos flotante (post-límites): (707.9400, 323.0000)
2025-05-19 16:53:50 - jugador - [DEBUG] - [JUGADOR_0] Movimiento para CH: dx_int=-4, dy_int=0. HB (antes CH): (711, 323), PosFlotante: (707.9400,323.0000)
2025-05-19 16:53:50 - jugador - [DEBUG] - [JUGADOR_0] Iniciando gestión de colisión con dx=-4, dy=0. Hitbox actual: (711, 323)
2025-05-19 16:53:50 - jugador - [DEBUG] - [JUGADOR_0] Posición POST CH: HB: (707, 323), PosFlotante: (707.00, 323.00)
2025-05-19 16:53:50 - jugador - [DEBUG] - [JUGADOR_0] Pos flotante (pre-límites): (703.9400, 323.0000)
2025-05-19 16:53:50 - jugador - [DEBUG] - [JUGADOR_0] Pos flotante (post-límites): (703.9400, 323.0000)
2025-05-19 16:53:50 - jugador - [DEBUG] - [JUGADOR_0] Movimiento para CH: dx_int=-4, dy_int=0. HB (antes CH): (707, 323), PosFlotante: (703.9400,323.0000)
2025-05-19 16:53:50 - jugador - [DEBUG] - [JUGADOR_0] Iniciando gestión de colisión con dx=-4, dy=0. Hitbox actual: (707, 323)
2025-05-19 16:53:50 - jugador - [DEBUG] - [JUGADOR_0] Posición POST CH: HB: (703, 323), PosFlotante: (703.00, 323.00)
2025-05-19 16:53:50 - jugador - [INFO] - [JUGADOR_0] ATAQUE INICIADO (Cooldown: 700.0ms). Perfil: 'espada_predeterminada'
2025-05-19 16:53:50 - jugador - [DEBUG] - [JUGADOR_0] Input teclado procesado: mov_x_input_raw=-180, mov_y_input_raw=0
2025-05-19 16:53:50 - jugador - [DEBUG] - [JUGADOR_0] Pos flotante (pre-límites): (699.9400, 323.0000)
2025-05-19 16:53:50 - jugador - [DEBUG] - [JUGADOR_0] Pos flotante (post-límites): (699.9400, 323.0000)
2025-05-19 16:53:50 - jugador - [DEBUG] - [JUGADOR_0] Movimiento para CH: dx_int=-4, dy_int=0. HB (antes CH): (703, 323), PosFlotante: (699.9400,323.0000)
2025-05-19 16:53:50 - jugador - [DEBUG] - [JUGADOR_0] Iniciando gestión de colisión con dx=-4, dy=0. Hitbox actual: (703, 323)
2025-05-19 16:53:50 - jugador - [DEBUG] - [JUGADOR_0] Posición POST CH: HB: (699, 323), PosFlotante: (699.00, 323.00)
2025-05-19 16:53:50 - jugador - [DEBUG] - [JUGADOR_0] Hitbox ataque: <rect(645, 300, 54, 69)> (Dir: -1,0)
2025-05-19 16:53:50 - jugador - [INFO] - [JUGADOR_0] Golpeó a [Enemigo_1] con 5 de daño.
2025-05-19 16:53:50 - jugador - [INFO] - [JUGADOR_0] Golpeó a [Enemigo_2] con 5 de daño.
2025-05-19 16:53:50 - jugador - [DEBUG] - [JUGADOR_0] Delta flotante intentado: dx=-3.0600, dy=0.0000 (delta_time: 0.0170)
2025-05-19 16:53:50 - jugador - [DEBUG] - [JUGADOR_0] Pos flotante (pre-límites): (695.9400, 323.0000)
2025-05-19 16:53:50 - jugador - [DEBUG] - [JUGADOR_0] Pos flotante (post-límites): (695.9400, 323.0000)
2025-05-19 16:53:50 - jugador - [DEBUG] - [JUGADOR_0] Movimiento para CH: dx_int=-4, dy_int=0. HB (antes CH): (699, 323), PosFlotante: (695.9400,323.0000)
2025-05-19 16:53:50 - jugador - [DEBUG] - [JUGADOR_0] Iniciando gestión de colisión con dx=-4, dy=0. Hitbox actual: (699, 323)
2025-05-19 16:53:50 - jugador - [DEBUG] - [JUGADOR_0] Posición POST CH: HB: (695, 323), PosFlotante: (695.00, 323.00)
2025-05-19 16:53:50 - jugador - [DEBUG] - [JUGADOR_0] Hitbox ataque: <rect(641, 300, 54, 69)> (Dir: -1,0)
2025-05-19 16:53:50 - jugador - [DEBUG] - [JUGADOR_0] Delta flotante intentado: dx=-2.8800, dy=0.0000 (delta_time: 0.0160)
2025-05-19 16:53:50 - jugador - [DEBUG] - [JUGADOR_0] Pos flotante (pre-límites): (692.1200, 323.0000)
2025-05-19 16:53:50 - jugador - [DEBUG] - [JUGADOR_0] Pos flotante (post-límites): (692.1200, 323.0000)
2025-05-19 16:53:50 - jugador - [DEBUG] - [JUGADOR_0] Movimiento para CH: dx_int=-3, dy_int=0. HB (antes CH): (695, 323), PosFlotante: (692.1200,323.0000)
2025-05-19 16:53:50 - jugador - [DEBUG] - [JUGADOR_0] Iniciando gestión de colisión con dx=-3, dy=0. Hitbox actual: (695, 323)
2025-05-19 16:53:50 - jugador - [DEBUG] - [JUGADOR_0] Posición POST CH: HB: (692, 323), PosFlotante: (692.00, 323.00)
2025-05-19 16:53:50 - jugador - [DEBUG] - [JUGADOR_0] Hitbox ataque: <rect(638, 300, 54, 69)> (Dir: -1,0)
2025-05-19 16:53:50 - jugador - [DEBUG] - [JUGADOR_0] Pos flotante (pre-límites): (689.1200, 323.0000)
2025-05-19 16:53:50 - jugador - [DEBUG] - [JUGADOR_0] Pos flotante (post-límites): (689.1200, 323.0000)
2025-05-19 16:53:50 - jugador - [DEBUG] - [JUGADOR_0] Movimiento para CH: dx_int=-3, dy_int=0. HB (antes CH): (692, 323), PosFlotante: (689.1200,323.0000)
2025-05-19 16:53:50 - jugador - [DEBUG] - [JUGADOR_0] Iniciando gestión de colisión con dx=-3, dy=0. Hitbox actual: (692, 323)
2025-05-19 16:53:50 - jugador - [DEBUG] - [JUGADOR_0] Posición POST CH: HB: (689, 323), PosFlotante: (689.00, 323.00)
2025-05-19 16:53:50 - jugador - [DEBUG] - [JUGADOR_0] Hitbox ataque: <rect(635, 300, 54, 69)> (Dir: -1,0)
2025-05-19 16:53:50 - jugador - [DEBUG] - [JUGADOR_0] Input teclado procesado: mov_x_input_raw=-180, mov_y_input_raw=0
2025-05-19 16:53:50 - jugador - [DEBUG] - [JUGADOR_0] Pos flotante (pre-límites): (685.9400, 323.0000)
2025-05-19 16:53:50 - jugador - [DEBUG] - [JUGADOR_0] Pos flotante (post-límites): (685.9400, 323.0000)
2025-05-19 16:53:50 - jugador - [DEBUG] - [JUGADOR_0] Movimiento para CH: dx_int=-4, dy_int=0. HB (antes CH): (689, 323), PosFlotante: (685.9400,323.0000)
2025-05-19 16:53:50 - jugador - [DEBUG] - [JUGADOR_0] Iniciando gestión de colisión con dx=-4, dy=0. Hitbox actual: (689, 323)
2025-05-19 16:53:50 - jugador - [DEBUG] - [JUGADOR_0] Posición POST CH: HB: (685, 323), PosFlotante: (685.00, 323.00)
2025-05-19 16:53:50 - jugador - [DEBUG] - [JUGADOR_0] Hitbox ataque: <rect(631, 300, 54, 69)> (Dir: -1,0)
2025-05-19 16:53:50 - jugador - [DEBUG] - [JUGADOR_0] Pos flotante (pre-límites): (682.1200, 323.0000)
2025-05-19 16:53:50 - jugador - [DEBUG] - [JUGADOR_0] Pos flotante (post-límites): (682.1200, 323.0000)
2025-05-19 16:53:50 - jugador - [DEBUG] - [JUGADOR_0] Movimiento para CH: dx_int=-3, dy_int=0. HB (antes CH): (685, 323), PosFlotante: (682.1200,323.0000)
2025-05-19 16:53:50 - jugador - [DEBUG] - [JUGADOR_0] Iniciando gestión de colisión con dx=-3, dy=0. Hitbox actual: (685, 323)
2025-05-19 16:53:50 - jugador - [DEBUG] - [JUGADOR_0] Posición POST CH: HB: (682, 323), PosFlotante: (682.00, 323.00)
2025-05-19 16:53:50 - jugador - [DEBUG] - [JUGADOR_0] Hitbox ataque: <rect(628, 300, 54, 69)> (Dir: -1,0)
2025-05-19 16:53:50 - jugador - [DEBUG] - [JUGADOR_0] Delta flotante intentado: dx=-2.8800, dy=0.0000 (delta_time: 0.0160)
2025-05-19 16:53:50 - jugador - [DEBUG] - [JUGADOR_0] Pos flotante (pre-límites): (679.1200, 323.0000)
2025-05-19 16:53:50 - jugador - [DEBUG] - [JUGADOR_0] Pos flotante (post-límites): (679.1200, 323.0000)
2025-05-19 16:53:50 - jugador - [DEBUG] - [JUGADOR_0] Movimiento para CH: dx_int=-3, dy_int=0. HB (antes CH): (682, 323), PosFlotante: (679.1200,323.0000)
2025-05-19 16:53:50 - jugador - [DEBUG] - [JUGADOR_0] Iniciando gestión de colisión con dx=-3, dy=0. Hitbox actual: (682, 323)
2025-05-19 16:53:50 - jugador - [DEBUG] - [JUGADOR_0] Posición POST CH: HB: (684, 323), PosFlotante: (684.00, 323.00)
2025-05-19 16:53:50 - jugador - [DEBUG] - [JUGADOR_0] Hitbox ataque: <rect(630, 300, 54, 69)> (Dir: -1,0)
2025-05-19 16:53:50 - jugador - [DEBUG] - [JUGADOR_0] Input teclado procesado: mov_x_input_raw=-180, mov_y_input_raw=0
2025-05-19 16:53:50 - jugador - [DEBUG] - [JUGADOR_0] Delta flotante intentado: dx=-3.0600, dy=0.0000 (delta_time: 0.0170)
2025-05-19 16:53:50 - jugador - [DEBUG] - [JUGADOR_0] Pos flotante (pre-límites): (680.9400, 323.0000)
2025-05-19 16:53:50 - jugador - [DEBUG] - [JUGADOR_0] Pos flotante (post-límites): (680.9400, 323.0000)
2025-05-19 16:53:50 - jugador - [DEBUG] - [JUGADOR_0] Movimiento para CH: dx_int=-4, dy_int=0. HB (antes CH): (684, 323), PosFlotante: (680.9400,323.0000)
2025-05-19 16:53:50 - jugador - [DEBUG] - [JUGADOR_0] Iniciando gestión de colisión con dx=-4, dy=0. Hitbox actual: (684, 323)
2025-05-19 16:53:50 - jugador - [DEBUG] - [JUGADOR_0] Posición POST CH: HB: (686, 323), PosFlotante: (686.00, 323.00)
2025-05-19 16:53:50 - jugador - [DEBUG] - [JUGADOR_0] Hitbox ataque: <rect(632, 300, 54, 69)> (Dir: -1,0)
2025-05-19 16:53:50 - jugador - [DEBUG] - [JUGADOR_0] Pos flotante (pre-límites): (683.1200, 323.0000)
2025-05-19 16:53:50 - jugador - [DEBUG] - [JUGADOR_0] Pos flotante (post-límites): (683.1200, 323.0000)
2025-05-19 16:53:50 - jugador - [DEBUG] - [JUGADOR_0] Movimiento para CH: dx_int=-3, dy_int=0. HB (antes CH): (686, 323), PosFlotante: (683.1200,323.0000)
2025-05-19 16:53:50 - jugador - [DEBUG] - [JUGADOR_0] Iniciando gestión de colisión con dx=-3, dy=0. Hitbox actual: (686, 323)
2025-05-19 16:53:50 - jugador - [DEBUG] - [JUGADOR_0] Posición POST CH: HB: (688, 323), PosFlotante: (688.00, 323.00)
2025-05-19 16:53:50 - jugador - [DEBUG] - [JUGADOR_0] Hitbox ataque: <rect(634, 300, 54, 69)> (Dir: -1,0)
2025-05-19 16:53:50 - jugador - [DEBUG] - [JUGADOR_0] Pos flotante (pre-límites): (684.9400, 323.0000)
2025-05-19 16:53:50 - jugador - [DEBUG] - [JUGADOR_0] Pos flotante (post-límites): (684.9400, 323.0000)
2025-05-19 16:53:50 - jugador - [DEBUG] - [JUGADOR_0] Movimiento para CH: dx_int=-4, dy_int=0. HB (antes CH): (688, 323), PosFlotante: (684.9400,323.0000)
2025-05-19 16:53:50 - jugador - [DEBUG] - [JUGADOR_0] Iniciando gestión de colisión con dx=-4, dy=0. Hitbox actual: (688, 323)
2025-05-19 16:53:50 - jugador - [DEBUG] - [JUGADOR_0] Posición POST CH: HB: (690, 323), PosFlotante: (690.00, 323.00)
2025-05-19 16:53:50 - jugador - [DEBUG] - [JUGADOR_0] Hitbox ataque: <rect(636, 300, 54, 69)> (Dir: -1,0)
2025-05-19 16:53:50 - jugador - [DEBUG] - [JUGADOR_0] Pos flotante (pre-límites): (686.9400, 323.0000)
2025-05-19 16:53:50 - jugador - [DEBUG] - [JUGADOR_0] Pos flotante (post-límites): (686.9400, 323.0000)
2025-05-19 16:53:50 - jugador - [DEBUG] - [JUGADOR_0] Movimiento para CH: dx_int=-4, dy_int=0. HB (antes CH): (690, 323), PosFlotante: (686.9400,323.0000)
2025-05-19 16:53:50 - jugador - [DEBUG] - [JUGADOR_0] Iniciando gestión de colisión con dx=-4, dy=0. Hitbox actual: (690, 323)
2025-05-19 16:53:50 - jugador - [DEBUG] - [JUGADOR_0] Posición POST CH: HB: (692, 323), PosFlotante: (692.00, 323.00)
2025-05-19 16:53:50 - jugador - [DEBUG] - [JUGADOR_0] Hitbox ataque: <rect(638, 300, 54, 69)> (Dir: -1,0)
2025-05-19 16:53:50 - jugador - [DEBUG] - [JUGADOR_0] Input teclado procesado: mov_x_input_raw=-180, mov_y_input_raw=0
2025-05-19 16:53:50 - jugador - [DEBUG] - [JUGADOR_0] Delta flotante intentado: dx=-2.8800, dy=0.0000 (delta_time: 0.0160)
2025-05-19 16:53:50 - jugador - [DEBUG] - [JUGADOR_0] Pos flotante (pre-límites): (689.1200, 323.0000)
2025-05-19 16:53:50 - jugador - [DEBUG] - [JUGADOR_0] Pos flotante (post-límites): (689.1200, 323.0000)
2025-05-19 16:53:50 - jugador - [DEBUG] - [JUGADOR_0] Movimiento para CH: dx_int=-3, dy_int=0. HB (antes CH): (692, 323), PosFlotante: (689.1200,323.0000)
2025-05-19 16:53:50 - jugador - [DEBUG] - [JUGADOR_0] Iniciando gestión de colisión con dx=-3, dy=0. Hitbox actual: (692, 323)
2025-05-19 16:53:50 - jugador - [DEBUG] - [JUGADOR_0] Posición POST CH: HB: (694, 323), PosFlotante: (694.00, 323.00)
2025-05-19 16:53:50 - jugador - [DEBUG] - [JUGADOR_0] Hitbox ataque: <rect(640, 300, 54, 69)> (Dir: -1,0)
2025-05-19 16:53:50 - jugador - [DEBUG] - [JUGADOR_0] Delta flotante intentado: dx=-3.0600, dy=0.0000 (delta_time: 0.0170)
2025-05-19 16:53:50 - jugador - [DEBUG] - [JUGADOR_0] Pos flotante (pre-límites): (690.9400, 323.0000)
2025-05-19 16:53:50 - jugador - [DEBUG] - [JUGADOR_0] Pos flotante (post-límites): (690.9400, 323.0000)
2025-05-19 16:53:50 - jugador - [DEBUG] - [JUGADOR_0] Movimiento para CH: dx_int=-4, dy_int=0. HB (antes CH): (694, 323), PosFlotante: (690.9400,323.0000)
2025-05-19 16:53:50 - jugador - [DEBUG] - [JUGADOR_0] Iniciando gestión de colisión con dx=-4, dy=0. Hitbox actual: (694, 323)
2025-05-19 16:53:50 - jugador - [DEBUG] - [JUGADOR_0] Posición POST CH: HB: (696, 323), PosFlotante: (696.00, 323.00)
2025-05-19 16:53:50 - jugador - [DEBUG] - [JUGADOR_0] Hitbox ataque: <rect(642, 300, 54, 69)> (Dir: -1,0)
2025-05-19 16:53:50 - jugador - [DEBUG] - [JUGADOR_0] Pos flotante (pre-límites): (693.1200, 323.0000)
2025-05-19 16:53:50 - jugador - [DEBUG] - [JUGADOR_0] Pos flotante (post-límites): (693.1200, 323.0000)
2025-05-19 16:53:50 - jugador - [DEBUG] - [JUGADOR_0] Movimiento para CH: dx_int=-3, dy_int=0. HB (antes CH): (696, 323), PosFlotante: (693.1200,323.0000)
2025-05-19 16:53:50 - jugador - [DEBUG] - [JUGADOR_0] Iniciando gestión de colisión con dx=-3, dy=0. Hitbox actual: (696, 323)
2025-05-19 16:53:50 - jugador - [DEBUG] - [JUGADOR_0] Posición POST CH: HB: (698, 323), PosFlotante: (698.00, 323.00)
2025-05-19 16:53:50 - jugador - [DEBUG] - [JUGADOR_0] Hitbox ataque: <rect(644, 300, 54, 69)> (Dir: -1,0)
2025-05-19 16:53:50 - jugador - [DEBUG] - [JUGADOR_0] Intento de ataque en cooldown (700.0ms). Tiempo desde último: 230ms
2025-05-19 16:53:50 - jugador - [DEBUG] - [JUGADOR_0] Pos flotante (pre-límites): (695.1200, 323.0000)
2025-05-19 16:53:50 - jugador - [DEBUG] - [JUGADOR_0] Pos flotante (post-límites): (695.1200, 323.0000)
2025-05-19 16:53:50 - jugador - [DEBUG] - [JUGADOR_0] Movimiento para CH: dx_int=-3, dy_int=0. HB (antes CH): (698, 323), PosFlotante: (695.1200,323.0000)
2025-05-19 16:53:50 - jugador - [DEBUG] - [JUGADOR_0] Iniciando gestión de colisión con dx=-3, dy=0. Hitbox actual: (698, 323)
2025-05-19 16:53:50 - jugador - [DEBUG] - [JUGADOR_0] Posición POST CH: HB: (700, 323), PosFlotante: (700.00, 323.00)
2025-05-19 16:53:50 - jugador - [DEBUG] - [JUGADOR_0] Hitbox ataque: <rect(646, 300, 54, 69)> (Dir: -1,0)
2025-05-19 16:53:50 - jugador - [DEBUG] - [JUGADOR_0] Input teclado procesado: mov_x_input_raw=-180, mov_y_input_raw=0
2025-05-19 16:53:50 - jugador - [DEBUG] - [JUGADOR_0] Delta flotante intentado: dx=-2.8800, dy=0.0000 (delta_time: 0.0160)
2025-05-19 16:53:50 - jugador - [DEBUG] - [JUGADOR_0] Pos flotante (pre-límites): (697.1200, 323.0000)
2025-05-19 16:53:50 - jugador - [DEBUG] - [JUGADOR_0] Pos flotante (post-límites): (697.1200, 323.0000)
2025-05-19 16:53:50 - jugador - [DEBUG] - [JUGADOR_0] Movimiento para CH: dx_int=-3, dy_int=0. HB (antes CH): (700, 323), PosFlotante: (697.1200,323.0000)
2025-05-19 16:53:50 - jugador - [DEBUG] - [JUGADOR_0] Iniciando gestión de colisión con dx=-3, dy=0. Hitbox actual: (700, 323)
2025-05-19 16:53:50 - jugador - [DEBUG] - [JUGADOR_0] Posición POST CH: HB: (702, 323), PosFlotante: (702.00, 323.00)
2025-05-19 16:53:50 - jugador - [DEBUG] - [JUGADOR_0] Hitbox ataque: <rect(648, 300, 54, 69)> (Dir: -1,0)
2025-05-19 16:53:50 - jugador - [DEBUG] - [JUGADOR_0] Delta flotante intentado: dx=-3.0600, dy=0.0000 (delta_time: 0.0170)
2025-05-19 16:53:50 - jugador - [DEBUG] - [JUGADOR_0] Pos flotante (pre-límites): (698.9400, 323.0000)
2025-05-19 16:53:50 - jugador - [DEBUG] - [JUGADOR_0] Pos flotante (post-límites): (698.9400, 323.0000)
2025-05-19 16:53:50 - jugador - [DEBUG] - [JUGADOR_0] Movimiento para CH: dx_int=-4, dy_int=0. HB (antes CH): (702, 323), PosFlotante: (698.9400,323.0000)
2025-05-19 16:53:50 - jugador - [DEBUG] - [JUGADOR_0] Iniciando gestión de colisión con dx=-4, dy=0. Hitbox actual: (702, 323)
2025-05-19 16:53:50 - jugador - [DEBUG] - [JUGADOR_0] Posición POST CH: HB: (704, 323), PosFlotante: (704.00, 323.00)
2025-05-19 16:53:50 - jugador - [DEBUG] - [JUGADOR_0] ATAQUE FINALIZADO (Duración: 260ms). Enemigos golpeados: 2
2025-05-19 16:53:50 - jugador - [DEBUG] - [JUGADOR_0] Pos flotante (pre-límites): (701.1200, 323.0000)
2025-05-19 16:53:50 - jugador - [DEBUG] - [JUGADOR_0] Pos flotante (post-límites): (701.1200, 323.0000)
2025-05-19 16:53:50 - jugador - [DEBUG] - [JUGADOR_0] Movimiento para CH: dx_int=-3, dy_int=0. HB (antes CH): (704, 323), PosFlotante: (701.1200,323.0000)
2025-05-19 16:53:50 - jugador - [DEBUG] - [JUGADOR_0] Iniciando gestión de colisión con dx=-3, dy=0. Hitbox actual: (704, 323)
2025-05-19 16:53:50 - jugador - [DEBUG] - [JUGADOR_0] Posición POST CH: HB: (706, 323), PosFlotante: (706.00, 323.00)
2025-05-19 16:53:50 - jugador - [DEBUG] - [JUGADOR_0] Pos flotante (pre-límites): (703.1200, 323.0000)
2025-05-19 16:53:50 - jugador - [DEBUG] - [JUGADOR_0] Pos flotante (post-límites): (703.1200, 323.0000)
2025-05-19 16:53:50 - jugador - [DEBUG] - [JUGADOR_0] Movimiento para CH: dx_int=-3, dy_int=0. HB (antes CH): (706, 323), PosFlotante: (703.1200,323.0000)
2025-05-19 16:53:50 - jugador - [DEBUG] - [JUGADOR_0] Iniciando gestión de colisión con dx=-3, dy=0. Hitbox actual: (706, 323)
2025-05-19 16:53:50 - jugador - [DEBUG] - [JUGADOR_0] Posición POST CH: HB: (708, 323), PosFlotante: (708.00, 323.00)
2025-05-19 16:53:50 - jugador - [DEBUG] - [JUGADOR_0] Input teclado procesado: mov_x_input_raw=-180, mov_y_input_raw=0
2025-05-19 16:53:50 - jugador - [DEBUG] - [JUGADOR_0] Delta flotante intentado: dx=-2.8800, dy=0.0000 (delta_time: 0.0160)
2025-05-19 16:53:50 - jugador - [DEBUG] - [JUGADOR_0] Pos flotante (pre-límites): (705.1200, 323.0000)
2025-05-19 16:53:50 - jugador - [DEBUG] - [JUGADOR_0] Pos flotante (post-límites): (705.1200, 323.0000)
2025-05-19 16:53:50 - jugador - [DEBUG] - [JUGADOR_0] Movimiento para CH: dx_int=-3, dy_int=0. HB (antes CH): (708, 323), PosFlotante: (705.1200,323.0000)
2025-05-19 16:53:50 - jugador - [DEBUG] - [JUGADOR_0] Iniciando gestión de colisión con dx=-3, dy=0. Hitbox actual: (708, 323)
2025-05-19 16:53:50 - jugador - [DEBUG] - [JUGADOR_0] Posición POST CH: HB: (710, 323), PosFlotante: (710.00, 323.00)
2025-05-19 16:53:50 - jugador - [DEBUG] - [JUGADOR_0] Delta flotante intentado: dx=-3.0600, dy=0.0000 (delta_time: 0.0170)
2025-05-19 16:53:50 - jugador - [DEBUG] - [JUGADOR_0] Pos flotante (pre-límites): (706.9400, 323.0000)
2025-05-19 16:53:50 - jugador - [DEBUG] - [JUGADOR_0] Pos flotante (post-límites): (706.9400, 323.0000)
2025-05-19 16:53:50 - jugador - [DEBUG] - [JUGADOR_0] Movimiento para CH: dx_int=-4, dy_int=0. HB (antes CH): (710, 323), PosFlotante: (706.9400,323.0000)
2025-05-19 16:53:50 - jugador - [DEBUG] - [JUGADOR_0] Iniciando gestión de colisión con dx=-4, dy=0. Hitbox actual: (710, 323)
2025-05-19 16:53:50 - jugador - [DEBUG] - [JUGADOR_0] Posición POST CH: HB: (712, 323), PosFlotante: (712.00, 323.00)
2025-05-19 16:53:50 - jugador - [DEBUG] - [JUGADOR_0] Pos flotante (pre-límites): (708.9400, 323.0000)
2025-05-19 16:53:50 - jugador - [DEBUG] - [JUGADOR_0] Pos flotante (post-límites): (708.9400, 323.0000)
2025-05-19 16:53:50 - jugador - [DEBUG] - [JUGADOR_0] Movimiento para CH: dx_int=-4, dy_int=0. HB (antes CH): (712, 323), PosFlotante: (708.9400,323.0000)
2025-05-19 16:53:50 - jugador - [DEBUG] - [JUGADOR_0] Iniciando gestión de colisión con dx=-4, dy=0. Hitbox actual: (712, 323)
2025-05-19 16:53:50 - jugador - [DEBUG] - [JUGADOR_0] Posición POST CH: HB: (714, 323), PosFlotante: (714.00, 323.00)
2025-05-19 16:53:50 - jugador - [DEBUG] - [JUGADOR_0] Input teclado procesado: mov_x_input_raw=-180, mov_y_input_raw=0
2025-05-19 16:53:50 - jugador - [DEBUG] - [JUGADOR_0] Pos flotante (pre-límites): (710.9400, 323.0000)
2025-05-19 16:53:50 - jugador - [DEBUG] - [JUGADOR_0] Pos flotante (post-límites): (710.9400, 323.0000)
2025-05-19 16:53:50 - jugador - [DEBUG] - [JUGADOR_0] Movimiento para CH: dx_int=-4, dy_int=0. HB (antes CH): (714, 323), PosFlotante: (710.9400,323.0000)
2025-05-19 16:53:50 - jugador - [DEBUG] - [JUGADOR_0] Iniciando gestión de colisión con dx=-4, dy=0. Hitbox actual: (714, 323)
2025-05-19 16:53:50 - jugador - [DEBUG] - [JUGADOR_0] Posición POST CH: HB: (716, 323), PosFlotante: (716.00, 323.00)
2025-05-19 16:53:50 - jugador - [DEBUG] - [JUGADOR_0] Delta flotante intentado: dx=-2.8800, dy=0.0000 (delta_time: 0.0160)
2025-05-19 16:53:50 - jugador - [DEBUG] - [JUGADOR_0] Pos flotante (pre-límites): (713.1200, 323.0000)
2025-05-19 16:53:50 - jugador - [DEBUG] - [JUGADOR_0] Pos flotante (post-límites): (713.1200, 323.0000)
2025-05-19 16:53:50 - jugador - [DEBUG] - [JUGADOR_0] Movimiento para CH: dx_int=-3, dy_int=0. HB (antes CH): (716, 323), PosFlotante: (713.1200,323.0000)
2025-05-19 16:53:50 - jugador - [DEBUG] - [JUGADOR_0] Iniciando gestión de colisión con dx=-3, dy=0. Hitbox actual: (716, 323)
2025-05-19 16:53:50 - jugador - [DEBUG] - [JUGADOR_0] Posición POST CH: HB: (718, 323), PosFlotante: (718.00, 323.00)
2025-05-19 16:53:50 - jugador - [DEBUG] - [JUGADOR_0] Pos flotante (pre-límites): (715.1200, 323.0000)
2025-05-19 16:53:50 - jugador - [DEBUG] - [JUGADOR_0] Pos flotante (post-límites): (715.1200, 323.0000)
2025-05-19 16:53:50 - jugador - [DEBUG] - [JUGADOR_0] Movimiento para CH: dx_int=-3, dy_int=0. HB (antes CH): (718, 323), PosFlotante: (715.1200,323.0000)
2025-05-19 16:53:50 - jugador - [DEBUG] - [JUGADOR_0] Iniciando gestión de colisión con dx=-3, dy=0. Hitbox actual: (718, 323)
2025-05-19 16:53:50 - jugador - [DEBUG] - [JUGADOR_0] Posición POST CH: HB: (720, 323), PosFlotante: (720.00, 323.00)
2025-05-19 16:53:50 - jugador - [DEBUG] - [JUGADOR_0] Pos flotante (pre-límites): (717.1200, 323.0000)
2025-05-19 16:53:50 - jugador - [DEBUG] - [JUGADOR_0] Pos flotante (post-límites): (717.1200, 323.0000)
2025-05-19 16:53:50 - jugador - [DEBUG] - [JUGADOR_0] Movimiento para CH: dx_int=-3, dy_int=0. HB (antes CH): (720, 323), PosFlotante: (717.1200,323.0000)
2025-05-19 16:53:50 - jugador - [DEBUG] - [JUGADOR_0] Iniciando gestión de colisión con dx=-3, dy=0. Hitbox actual: (720, 323)
2025-05-19 16:53:50 - jugador - [DEBUG] - [JUGADOR_0] Posición POST CH: HB: (722, 323), PosFlotante: (722.00, 323.00)
2025-05-19 16:53:50 - jugador - [DEBUG] - [JUGADOR_0] Input teclado procesado: mov_x_input_raw=-180, mov_y_input_raw=0
2025-05-19 16:53:50 - jugador - [DEBUG] - [JUGADOR_0] Pos flotante (pre-límites): (719.1200, 323.0000)
2025-05-19 16:53:50 - jugador - [DEBUG] - [JUGADOR_0] Pos flotante (post-límites): (719.1200, 323.0000)
2025-05-19 16:53:50 - jugador - [DEBUG] - [JUGADOR_0] Movimiento para CH: dx_int=-3, dy_int=0. HB (antes CH): (722, 323), PosFlotante: (719.1200,323.0000)
2025-05-19 16:53:50 - jugador - [DEBUG] - [JUGADOR_0] Iniciando gestión de colisión con dx=-3, dy=0. Hitbox actual: (722, 323)
2025-05-19 16:53:50 - jugador - [DEBUG] - [JUGADOR_0] Posición POST CH: HB: (724, 323), PosFlotante: (724.00, 323.00)
2025-05-19 16:53:50 - jugador - [DEBUG] - [JUGADOR_0] Delta flotante intentado: dx=-3.2400, dy=0.0000 (delta_time: 0.0180)
2025-05-19 16:53:50 - jugador - [DEBUG] - [JUGADOR_0] Pos flotante (pre-límites): (720.7600, 323.0000)
2025-05-19 16:53:50 - jugador - [DEBUG] - [JUGADOR_0] Pos flotante (post-límites): (720.7600, 323.0000)
2025-05-19 16:53:50 - jugador - [DEBUG] - [JUGADOR_0] Movimiento para CH: dx_int=-4, dy_int=0. HB (antes CH): (724, 323), PosFlotante: (720.7600,323.0000)
2025-05-19 16:53:50 - jugador - [DEBUG] - [JUGADOR_0] Iniciando gestión de colisión con dx=-4, dy=0. Hitbox actual: (724, 323)
2025-05-19 16:53:50 - jugador - [DEBUG] - [JUGADOR_0] Posición POST CH: HB: (726, 323), PosFlotante: (726.00, 323.00)
2025-05-19 16:53:50 - jugador - [DEBUG] - [JUGADOR_0] Delta flotante intentado: dx=-2.8800, dy=0.0000 (delta_time: 0.0160)
2025-05-19 16:53:50 - jugador - [DEBUG] - [JUGADOR_0] Pos flotante (pre-límites): (723.1200, 323.0000)
2025-05-19 16:53:50 - jugador - [DEBUG] - [JUGADOR_0] Pos flotante (post-límites): (723.1200, 323.0000)
2025-05-19 16:53:50 - jugador - [DEBUG] - [JUGADOR_0] Movimiento para CH: dx_int=-3, dy_int=0. HB (antes CH): (726, 323), PosFlotante: (723.1200,323.0000)
2025-05-19 16:53:50 - jugador - [DEBUG] - [JUGADOR_0] Iniciando gestión de colisión con dx=-3, dy=0. Hitbox actual: (726, 323)
2025-05-19 16:53:50 - jugador - [DEBUG] - [JUGADOR_0] Posición POST CH: HB: (728, 323), PosFlotante: (728.00, 323.00)
2025-05-19 16:53:50 - jugador - [DEBUG] - [JUGADOR_0] Input teclado procesado: mov_x_input_raw=-180, mov_y_input_raw=0
2025-05-19 16:53:50 - jugador - [DEBUG] - [JUGADOR_0] Pos flotante (pre-límites): (725.1200, 323.0000)
2025-05-19 16:53:50 - jugador - [DEBUG] - [JUGADOR_0] Pos flotante (post-límites): (725.1200, 323.0000)
2025-05-19 16:53:50 - jugador - [DEBUG] - [JUGADOR_0] Movimiento para CH: dx_int=-3, dy_int=0. HB (antes CH): (728, 323), PosFlotante: (725.1200,323.0000)
2025-05-19 16:53:50 - jugador - [DEBUG] - [JUGADOR_0] Iniciando gestión de colisión con dx=-3, dy=0. Hitbox actual: (728, 323)
2025-05-19 16:53:50 - jugador - [DEBUG] - [JUGADOR_0] Posición POST CH: HB: (730, 323), PosFlotante: (730.00, 323.00)
2025-05-19 16:53:50 - jugador - [DEBUG] - [JUGADOR_0] Pos flotante (pre-límites): (727.1200, 323.0000)
2025-05-19 16:53:50 - jugador - [DEBUG] - [JUGADOR_0] Pos flotante (post-límites): (727.1200, 323.0000)
2025-05-19 16:53:50 - jugador - [DEBUG] - [JUGADOR_0] Movimiento para CH: dx_int=-3, dy_int=0. HB (antes CH): (730, 323), PosFlotante: (727.1200,323.0000)
2025-05-19 16:53:50 - jugador - [DEBUG] - [JUGADOR_0] Iniciando gestión de colisión con dx=-3, dy=0. Hitbox actual: (730, 323)
2025-05-19 16:53:50 - jugador - [DEBUG] - [JUGADOR_0] Posición POST CH: HB: (732, 323), PosFlotante: (732.00, 323.00)
2025-05-19 16:53:51 - jugador - [DEBUG] - [JUGADOR_0] Delta flotante intentado: dx=-3.0600, dy=0.0000 (delta_time: 0.0170)
2025-05-19 16:53:51 - jugador - [DEBUG] - [JUGADOR_0] Pos flotante (pre-límites): (728.9400, 323.0000)
2025-05-19 16:53:51 - jugador - [DEBUG] - [JUGADOR_0] Pos flotante (post-límites): (728.9400, 323.0000)
2025-05-19 16:53:51 - jugador - [DEBUG] - [JUGADOR_0] Movimiento para CH: dx_int=-4, dy_int=0. HB (antes CH): (732, 323), PosFlotante: (728.9400,323.0000)
2025-05-19 16:53:51 - jugador - [DEBUG] - [JUGADOR_0] Iniciando gestión de colisión con dx=-4, dy=0. Hitbox actual: (732, 323)
2025-05-19 16:53:51 - jugador - [DEBUG] - [JUGADOR_0] Posición POST CH: HB: (734, 323), PosFlotante: (734.00, 323.00)
2025-05-19 16:53:51 - jugador - [DEBUG] - [JUGADOR_0] Pos flotante (pre-límites): (730.9400, 323.0000)
2025-05-19 16:53:51 - jugador - [DEBUG] - [JUGADOR_0] Pos flotante (post-límites): (730.9400, 323.0000)
2025-05-19 16:53:51 - jugador - [DEBUG] - [JUGADOR_0] Movimiento para CH: dx_int=-4, dy_int=0. HB (antes CH): (734, 323), PosFlotante: (730.9400,323.0000)
2025-05-19 16:53:51 - jugador - [DEBUG] - [JUGADOR_0] Iniciando gestión de colisión con dx=-4, dy=0. Hitbox actual: (734, 323)
2025-05-19 16:53:51 - jugador - [DEBUG] - [JUGADOR_0] Posición POST CH: HB: (736, 323), PosFlotante: (736.00, 323.00)
2025-05-19 16:53:51 - jugador - [DEBUG] - [JUGADOR_0] Input teclado procesado: mov_x_input_raw=-180, mov_y_input_raw=0
2025-05-19 16:53:51 - jugador - [DEBUG] - [JUGADOR_0] Delta flotante intentado: dx=-2.8800, dy=0.0000 (delta_time: 0.0160)
2025-05-19 16:53:51 - jugador - [DEBUG] - [JUGADOR_0] Pos flotante (pre-límites): (733.1200, 323.0000)
2025-05-19 16:53:51 - jugador - [DEBUG] - [JUGADOR_0] Pos flotante (post-límites): (733.1200, 323.0000)
2025-05-19 16:53:51 - jugador - [DEBUG] - [JUGADOR_0] Movimiento para CH: dx_int=-3, dy_int=0. HB (antes CH): (736, 323), PosFlotante: (733.1200,323.0000)
2025-05-19 16:53:51 - jugador - [DEBUG] - [JUGADOR_0] Iniciando gestión de colisión con dx=-3, dy=0. Hitbox actual: (736, 323)
2025-05-19 16:53:51 - jugador - [DEBUG] - [JUGADOR_0] Posición POST CH: HB: (738, 323), PosFlotante: (738.00, 323.00)
2025-05-19 16:53:51 - jugador - [DEBUG] - [JUGADOR_0] Delta flotante intentado: dx=-3.0600, dy=0.0000 (delta_time: 0.0170)
2025-05-19 16:53:51 - jugador - [DEBUG] - [JUGADOR_0] Pos flotante (pre-límites): (734.9400, 323.0000)
2025-05-19 16:53:51 - jugador - [DEBUG] - [JUGADOR_0] Pos flotante (post-límites): (734.9400, 323.0000)
2025-05-19 16:53:51 - jugador - [DEBUG] - [JUGADOR_0] Movimiento para CH: dx_int=-4, dy_int=0. HB (antes CH): (738, 323), PosFlotante: (734.9400,323.0000)
2025-05-19 16:53:51 - jugador - [DEBUG] - [JUGADOR_0] Iniciando gestión de colisión con dx=-4, dy=0. Hitbox actual: (738, 323)
2025-05-19 16:53:51 - jugador - [DEBUG] - [JUGADOR_0] Posición POST CH: HB: (740, 323), PosFlotante: (740.00, 323.00)
2025-05-19 16:53:51 - jugador - [DEBUG] - [JUGADOR_0] Input teclado procesado: mov_x_input_raw=180, mov_y_input_raw=0
2025-05-19 16:53:51 - jugador - [DEBUG] - [JUGADOR_0] Delta flotante intentado: dx=2.8800, dy=0.0000 (delta_time: 0.0160)
2025-05-19 16:53:51 - jugador - [DEBUG] - [JUGADOR_0] Pos flotante (pre-límites): (742.8800, 323.0000)
2025-05-19 16:53:51 - jugador - [DEBUG] - [JUGADOR_0] Pos flotante (post-límites): (742.8800, 323.0000)
2025-05-19 16:53:51 - jugador - [DEBUG] - [JUGADOR_0] Movimiento para CH: dx_int=3, dy_int=0. HB (antes CH): (740, 323), PosFlotante: (742.8800,323.0000)
2025-05-19 16:53:51 - jugador - [DEBUG] - [JUGADOR_0] Iniciando gestión de colisión con dx=3, dy=0. Hitbox actual: (740, 323)
2025-05-19 16:53:51 - jugador - [DEBUG] - [JUGADOR_0] Posición POST CH: HB: (745, 323), PosFlotante: (745.00, 323.00)
2025-05-19 16:53:51 - jugador - [DEBUG] - [JUGADOR_0] Pos flotante (pre-límites): (747.8800, 323.0000)
2025-05-19 16:53:51 - jugador - [DEBUG] - [JUGADOR_0] Pos flotante (post-límites): (747.8800, 323.0000)
2025-05-19 16:53:51 - jugador - [DEBUG] - [JUGADOR_0] Movimiento para CH: dx_int=3, dy_int=0. HB (antes CH): (745, 323), PosFlotante: (747.8800,323.0000)
2025-05-19 16:53:51 - jugador - [DEBUG] - [JUGADOR_0] Iniciando gestión de colisión con dx=3, dy=0. Hitbox actual: (745, 323)
2025-05-19 16:53:51 - jugador - [DEBUG] - [JUGADOR_0] Posición POST CH: HB: (748, 323), PosFlotante: (748.00, 323.00)
2025-05-19 16:53:51 - jugador - [DEBUG] - [JUGADOR_0] Pos flotante (pre-límites): (750.8800, 323.0000)
2025-05-19 16:53:51 - jugador - [DEBUG] - [JUGADOR_0] Pos flotante (post-límites): (750.8800, 323.0000)
2025-05-19 16:53:51 - jugador - [DEBUG] - [JUGADOR_0] Movimiento para CH: dx_int=3, dy_int=0. HB (antes CH): (748, 323), PosFlotante: (750.8800,323.0000)
2025-05-19 16:53:51 - jugador - [DEBUG] - [JUGADOR_0] Iniciando gestión de colisión con dx=3, dy=0. Hitbox actual: (748, 323)
2025-05-19 16:53:51 - jugador - [DEBUG] - [JUGADOR_0] Posición POST CH: HB: (751, 323), PosFlotante: (751.00, 323.00)
2025-05-19 16:53:51 - jugador - [DEBUG] - [JUGADOR_0] Delta flotante intentado: dx=3.0600, dy=0.0000 (delta_time: 0.0170)
2025-05-19 16:53:51 - jugador - [DEBUG] - [JUGADOR_0] Pos flotante (pre-límites): (754.0600, 323.0000)
2025-05-19 16:53:51 - jugador - [DEBUG] - [JUGADOR_0] Pos flotante (post-límites): (754.0600, 323.0000)
2025-05-19 16:53:51 - jugador - [DEBUG] - [JUGADOR_0] Movimiento para CH: dx_int=4, dy_int=0. HB (antes CH): (751, 323), PosFlotante: (754.0600,323.0000)
2025-05-19 16:53:51 - jugador - [DEBUG] - [JUGADOR_0] Iniciando gestión de colisión con dx=4, dy=0. Hitbox actual: (751, 323)
2025-05-19 16:53:51 - jugador - [DEBUG] - [JUGADOR_0] Posición POST CH: HB: (755, 323), PosFlotante: (755.00, 323.00)
2025-05-19 16:53:51 - jugador - [DEBUG] - [JUGADOR_0] Input teclado procesado: mov_x_input_raw=180, mov_y_input_raw=0
2025-05-19 16:53:51 - jugador - [DEBUG] - [JUGADOR_0] Delta flotante intentado: dx=2.8800, dy=0.0000 (delta_time: 0.0160)
2025-05-19 16:53:51 - jugador - [DEBUG] - [JUGADOR_0] Pos flotante (pre-límites): (757.8800, 323.0000)
2025-05-19 16:53:51 - jugador - [DEBUG] - [JUGADOR_0] Pos flotante (post-límites): (757.8800, 323.0000)
2025-05-19 16:53:51 - jugador - [DEBUG] - [JUGADOR_0] Movimiento para CH: dx_int=3, dy_int=0. HB (antes CH): (755, 323), PosFlotante: (757.8800,323.0000)
2025-05-19 16:53:51 - jugador - [DEBUG] - [JUGADOR_0] Iniciando gestión de colisión con dx=3, dy=0. Hitbox actual: (755, 323)
2025-05-19 16:53:51 - jugador - [DEBUG] - [JUGADOR_0] Posición POST CH: HB: (758, 323), PosFlotante: (758.00, 323.00)
2025-05-19 16:53:51 - jugador - [DEBUG] - [JUGADOR_0] Pos flotante (pre-límites): (761.0600, 323.0000)
2025-05-19 16:53:51 - jugador - [DEBUG] - [JUGADOR_0] Pos flotante (post-límites): (761.0600, 323.0000)
2025-05-19 16:53:51 - jugador - [DEBUG] - [JUGADOR_0] Movimiento para CH: dx_int=4, dy_int=0. HB (antes CH): (758, 323), PosFlotante: (761.0600,323.0000)
2025-05-19 16:53:51 - jugador - [DEBUG] - [JUGADOR_0] Iniciando gestión de colisión con dx=4, dy=0. Hitbox actual: (758, 323)
2025-05-19 16:53:51 - jugador - [DEBUG] - [JUGADOR_0] Posición POST CH: HB: (762, 323), PosFlotante: (762.00, 323.00)
2025-05-19 16:53:51 - jugador - [DEBUG] - [JUGADOR_0] Pos flotante (pre-límites): (764.8800, 323.0000)
2025-05-19 16:53:51 - jugador - [DEBUG] - [JUGADOR_0] Pos flotante (post-límites): (764.8800, 323.0000)
2025-05-19 16:53:51 - jugador - [DEBUG] - [JUGADOR_0] Movimiento para CH: dx_int=3, dy_int=0. HB (antes CH): (762, 323), PosFlotante: (764.8800,323.0000)
2025-05-19 16:53:51 - jugador - [DEBUG] - [JUGADOR_0] Iniciando gestión de colisión con dx=3, dy=0. Hitbox actual: (762, 323)
2025-05-19 16:53:51 - jugador - [DEBUG] - [JUGADOR_0] Posición POST CH: HB: (765, 323), PosFlotante: (765.00, 323.00)
2025-05-19 16:53:51 - jugador - [DEBUG] - [JUGADOR_0] Input teclado procesado: mov_x_input_raw=180, mov_y_input_raw=0
2025-05-19 16:53:51 - jugador - [DEBUG] - [JUGADOR_0] Delta flotante intentado: dx=3.0600, dy=0.0000 (delta_time: 0.0170)
2025-05-19 16:53:51 - jugador - [DEBUG] - [JUGADOR_0] Pos flotante (pre-límites): (768.0600, 323.0000)
2025-05-19 16:53:51 - jugador - [DEBUG] - [JUGADOR_0] Pos flotante (post-límites): (768.0600, 323.0000)
2025-05-19 16:53:51 - jugador - [DEBUG] - [JUGADOR_0] Movimiento para CH: dx_int=4, dy_int=0. HB (antes CH): (765, 323), PosFlotante: (768.0600,323.0000)
2025-05-19 16:53:51 - jugador - [DEBUG] - [JUGADOR_0] Iniciando gestión de colisión con dx=4, dy=0. Hitbox actual: (765, 323)
2025-05-19 16:53:51 - jugador - [DEBUG] - [JUGADOR_0] Posición POST CH: HB: (769, 323), PosFlotante: (769.00, 323.00)
2025-05-19 16:53:51 - jugador - [DEBUG] - [JUGADOR_0] Pos flotante (pre-límites): (772.0600, 323.0000)
2025-05-19 16:53:51 - jugador - [DEBUG] - [JUGADOR_0] Pos flotante (post-límites): (772.0600, 323.0000)
2025-05-19 16:53:51 - jugador - [DEBUG] - [JUGADOR_0] Movimiento para CH: dx_int=4, dy_int=0. HB (antes CH): (769, 323), PosFlotante: (772.0600,323.0000)
2025-05-19 16:53:51 - jugador - [DEBUG] - [JUGADOR_0] Iniciando gestión de colisión con dx=4, dy=0. Hitbox actual: (769, 323)
2025-05-19 16:53:51 - jugador - [DEBUG] - [JUGADOR_0] Posición POST CH: HB: (773, 323), PosFlotante: (773.00, 323.00)
2025-05-19 16:53:51 - jugador - [DEBUG] - [JUGADOR_0] Pos flotante (pre-límites): (776.0600, 323.0000)
2025-05-19 16:53:51 - jugador - [DEBUG] - [JUGADOR_0] Pos flotante (post-límites): (776.0600, 323.0000)
2025-05-19 16:53:51 - jugador - [DEBUG] - [JUGADOR_0] Movimiento para CH: dx_int=4, dy_int=0. HB (antes CH): (773, 323), PosFlotante: (776.0600,323.0000)
2025-05-19 16:53:51 - jugador - [DEBUG] - [JUGADOR_0] Iniciando gestión de colisión con dx=4, dy=0. Hitbox actual: (773, 323)
2025-05-19 16:53:51 - jugador - [DEBUG] - [JUGADOR_0] Posición POST CH: HB: (777, 323), PosFlotante: (777.00, 323.00)
2025-05-19 16:53:51 - jugador - [DEBUG] - [JUGADOR_0] Input teclado procesado: mov_x_input_raw=180, mov_y_input_raw=0
2025-05-19 16:53:51 - jugador - [DEBUG] - [JUGADOR_0] Delta flotante intentado: dx=2.8800, dy=0.0000 (delta_time: 0.0160)
2025-05-19 16:53:51 - jugador - [DEBUG] - [JUGADOR_0] Pos flotante (pre-límites): (779.8800, 323.0000)
2025-05-19 16:53:51 - jugador - [DEBUG] - [JUGADOR_0] Pos flotante (post-límites): (779.8800, 323.0000)
2025-05-19 16:53:51 - jugador - [DEBUG] - [JUGADOR_0] Movimiento para CH: dx_int=3, dy_int=0. HB (antes CH): (777, 323), PosFlotante: (779.8800,323.0000)
2025-05-19 16:53:51 - jugador - [DEBUG] - [JUGADOR_0] Iniciando gestión de colisión con dx=3, dy=0. Hitbox actual: (777, 323)
2025-05-19 16:53:51 - jugador - [DEBUG] - [JUGADOR_0] Posición POST CH: HB: (780, 323), PosFlotante: (780.00, 323.00)
2025-05-19 16:53:51 - jugador - [DEBUG] - [JUGADOR_0] Pos flotante (pre-límites): (782.8800, 323.0000)
2025-05-19 16:53:51 - jugador - [DEBUG] - [JUGADOR_0] Pos flotante (post-límites): (782.8800, 323.0000)
2025-05-19 16:53:51 - jugador - [DEBUG] - [JUGADOR_0] Movimiento para CH: dx_int=3, dy_int=0. HB (antes CH): (780, 323), PosFlotante: (782.8800,323.0000)
2025-05-19 16:53:51 - jugador - [DEBUG] - [JUGADOR_0] Iniciando gestión de colisión con dx=3, dy=0. Hitbox actual: (780, 323)
2025-05-19 16:53:51 - jugador - [DEBUG] - [JUGADOR_0] Posición POST CH: HB: (783, 323), PosFlotante: (783.00, 323.00)
2025-05-19 16:53:51 - jugador - [DEBUG] - [JUGADOR_0] Pos flotante (pre-límites): (785.8800, 323.0000)
2025-05-19 16:53:51 - jugador - [DEBUG] - [JUGADOR_0] Pos flotante (post-límites): (785.8800, 323.0000)
2025-05-19 16:53:51 - jugador - [DEBUG] - [JUGADOR_0] Movimiento para CH: dx_int=3, dy_int=0. HB (antes CH): (783, 323), PosFlotante: (785.8800,323.0000)
2025-05-19 16:53:51 - jugador - [DEBUG] - [JUGADOR_0] Iniciando gestión de colisión con dx=3, dy=0. Hitbox actual: (783, 323)
2025-05-19 16:53:51 - jugador - [DEBUG] - [JUGADOR_0] Posición POST CH: HB: (786, 323), PosFlotante: (786.00, 323.00)
2025-05-19 16:53:51 - jugador - [DEBUG] - [JUGADOR_0] Delta flotante intentado: dx=3.0600, dy=0.0000 (delta_time: 0.0170)
2025-05-19 16:53:51 - jugador - [DEBUG] - [JUGADOR_0] Pos flotante (pre-límites): (789.0600, 323.0000)
2025-05-19 16:53:51 - jugador - [DEBUG] - [JUGADOR_0] Pos flotante (post-límites): (789.0600, 323.0000)
2025-05-19 16:53:51 - jugador - [DEBUG] - [JUGADOR_0] Movimiento para CH: dx_int=4, dy_int=0. HB (antes CH): (786, 323), PosFlotante: (789.0600,323.0000)
2025-05-19 16:53:51 - jugador - [DEBUG] - [JUGADOR_0] Iniciando gestión de colisión con dx=4, dy=0. Hitbox actual: (786, 323)
2025-05-19 16:53:51 - jugador - [DEBUG] - [JUGADOR_0] Posición POST CH: HB: (790, 323), PosFlotante: (790.00, 323.00)
2025-05-19 16:53:51 - jugador - [DEBUG] - [JUGADOR_0] Input teclado procesado: mov_x_input_raw=-180, mov_y_input_raw=0
2025-05-19 16:53:51 - jugador - [DEBUG] - [JUGADOR_0] Delta flotante intentado: dx=-2.8800, dy=0.0000 (delta_time: 0.0160)
2025-05-19 16:53:51 - jugador - [DEBUG] - [JUGADOR_0] Pos flotante (pre-límites): (787.1200, 323.0000)
2025-05-19 16:53:51 - jugador - [DEBUG] - [JUGADOR_0] Pos flotante (post-límites): (787.1200, 323.0000)
2025-05-19 16:53:51 - jugador - [DEBUG] - [JUGADOR_0] Movimiento para CH: dx_int=-3, dy_int=0. HB (antes CH): (790, 323), PosFlotante: (787.1200,323.0000)
2025-05-19 16:53:51 - jugador - [DEBUG] - [JUGADOR_0] Iniciando gestión de colisión con dx=-3, dy=0. Hitbox actual: (790, 323)
2025-05-19 16:53:51 - jugador - [DEBUG] - [JUGADOR_0] Posición POST CH: HB: (787, 323), PosFlotante: (787.00, 323.00)
2025-05-19 16:53:51 - jugador - [DEBUG] - [JUGADOR_0] Pos flotante (pre-límites): (784.1200, 323.0000)
2025-05-19 16:53:51 - jugador - [DEBUG] - [JUGADOR_0] Pos flotante (post-límites): (784.1200, 323.0000)
2025-05-19 16:53:51 - jugador - [DEBUG] - [JUGADOR_0] Movimiento para CH: dx_int=-3, dy_int=0. HB (antes CH): (787, 323), PosFlotante: (784.1200,323.0000)
2025-05-19 16:53:51 - jugador - [DEBUG] - [JUGADOR_0] Iniciando gestión de colisión con dx=-3, dy=0. Hitbox actual: (787, 323)
2025-05-19 16:53:51 - jugador - [DEBUG] - [JUGADOR_0] Posición POST CH: HB: (784, 323), PosFlotante: (784.00, 323.00)
2025-05-19 16:53:51 - jugador - [DEBUG] - [JUGADOR_0] Pos flotante (pre-límites): (781.1200, 323.0000)
2025-05-19 16:53:51 - jugador - [DEBUG] - [JUGADOR_0] Pos flotante (post-límites): (781.1200, 323.0000)
2025-05-19 16:53:51 - jugador - [DEBUG] - [JUGADOR_0] Movimiento para CH: dx_int=-3, dy_int=0. HB (antes CH): (784, 323), PosFlotante: (781.1200,323.0000)
2025-05-19 16:53:51 - jugador - [DEBUG] - [JUGADOR_0] Iniciando gestión de colisión con dx=-3, dy=0. Hitbox actual: (784, 323)
2025-05-19 16:53:51 - jugador - [DEBUG] - [JUGADOR_0] Posición POST CH: HB: (781, 323), PosFlotante: (781.00, 323.00)
2025-05-19 16:53:51 - jugador - [DEBUG] - [JUGADOR_0] Delta flotante intentado: dx=-3.0600, dy=0.0000 (delta_time: 0.0170)
2025-05-19 16:53:51 - jugador - [DEBUG] - [JUGADOR_0] Pos flotante (pre-límites): (777.9400, 323.0000)
2025-05-19 16:53:51 - jugador - [DEBUG] - [JUGADOR_0] Pos flotante (post-límites): (777.9400, 323.0000)
2025-05-19 16:53:51 - jugador - [DEBUG] - [JUGADOR_0] Movimiento para CH: dx_int=-4, dy_int=0. HB (antes CH): (781, 323), PosFlotante: (777.9400,323.0000)
2025-05-19 16:53:51 - jugador - [DEBUG] - [JUGADOR_0] Iniciando gestión de colisión con dx=-4, dy=0. Hitbox actual: (781, 323)
2025-05-19 16:53:51 - jugador - [DEBUG] - [JUGADOR_0] Posición POST CH: HB: (777, 323), PosFlotante: (777.00, 323.00)
2025-05-19 16:53:51 - jugador - [DEBUG] - [JUGADOR_0] Input teclado procesado: mov_x_input_raw=-180, mov_y_input_raw=0
2025-05-19 16:53:51 - jugador - [DEBUG] - [JUGADOR_0] Pos flotante (pre-límites): (773.9400, 323.0000)
2025-05-19 16:53:51 - jugador - [DEBUG] - [JUGADOR_0] Pos flotante (post-límites): (773.9400, 323.0000)
2025-05-19 16:53:51 - jugador - [DEBUG] - [JUGADOR_0] Movimiento para CH: dx_int=-4, dy_int=0. HB (antes CH): (777, 323), PosFlotante: (773.9400,323.0000)
2025-05-19 16:53:51 - jugador - [DEBUG] - [JUGADOR_0] Iniciando gestión de colisión con dx=-4, dy=0. Hitbox actual: (777, 323)
2025-05-19 16:53:51 - jugador - [DEBUG] - [JUGADOR_0] Posición POST CH: HB: (778, 323), PosFlotante: (778.00, 323.00)
2025-05-19 16:53:51 - jugador - [DEBUG] - [JUGADOR_0] Pos flotante (pre-límites): (774.9400, 323.0000)
2025-05-19 16:53:51 - jugador - [DEBUG] - [JUGADOR_0] Pos flotante (post-límites): (774.9400, 323.0000)
2025-05-19 16:53:51 - jugador - [DEBUG] - [JUGADOR_0] Movimiento para CH: dx_int=-4, dy_int=0. HB (antes CH): (778, 323), PosFlotante: (774.9400,323.0000)
2025-05-19 16:53:51 - jugador - [DEBUG] - [JUGADOR_0] Iniciando gestión de colisión con dx=-4, dy=0. Hitbox actual: (778, 323)
2025-05-19 16:53:51 - jugador - [DEBUG] - [JUGADOR_0] Posición POST CH: HB: (780, 323), PosFlotante: (780.00, 323.00)
2025-05-19 16:53:51 - jugador - [DEBUG] - [JUGADOR_0] Delta flotante intentado: dx=-2.8800, dy=0.0000 (delta_time: 0.0160)
2025-05-19 16:53:51 - jugador - [DEBUG] - [JUGADOR_0] Pos flotante (pre-límites): (777.1200, 323.0000)
2025-05-19 16:53:51 - jugador - [DEBUG] - [JUGADOR_0] Pos flotante (post-límites): (777.1200, 323.0000)
2025-05-19 16:53:51 - jugador - [DEBUG] - [JUGADOR_0] Movimiento para CH: dx_int=-3, dy_int=0. HB (antes CH): (780, 323), PosFlotante: (777.1200,323.0000)
2025-05-19 16:53:51 - jugador - [DEBUG] - [JUGADOR_0] Iniciando gestión de colisión con dx=-3, dy=0. Hitbox actual: (780, 323)
2025-05-19 16:53:51 - jugador - [DEBUG] - [JUGADOR_0] Posición POST CH: HB: (782, 323), PosFlotante: (782.00, 323.00)
2025-05-19 16:53:51 - jugador - [DEBUG] - [JUGADOR_0] Pos flotante (pre-límites): (779.1200, 323.0000)
2025-05-19 16:53:51 - jugador - [DEBUG] - [JUGADOR_0] Pos flotante (post-límites): (779.1200, 323.0000)
2025-05-19 16:53:51 - jugador - [DEBUG] - [JUGADOR_0] Movimiento para CH: dx_int=-3, dy_int=0. HB (antes CH): (782, 323), PosFlotante: (779.1200,323.0000)
2025-05-19 16:53:51 - jugador - [DEBUG] - [JUGADOR_0] Iniciando gestión de colisión con dx=-3, dy=0. Hitbox actual: (782, 323)
2025-05-19 16:53:51 - jugador - [DEBUG] - [JUGADOR_0] Posición POST CH: HB: (784, 323), PosFlotante: (784.00, 323.00)
2025-05-19 16:53:51 - jugador - [DEBUG] - [JUGADOR_0] Input teclado procesado: mov_x_input_raw=-180, mov_y_input_raw=0
2025-05-19 16:53:51 - jugador - [DEBUG] - [JUGADOR_0] Delta flotante intentado: dx=-3.0600, dy=0.0000 (delta_time: 0.0170)
2025-05-19 16:53:51 - jugador - [DEBUG] - [JUGADOR_0] Pos flotante (pre-límites): (780.9400, 323.0000)
2025-05-19 16:53:51 - jugador - [DEBUG] - [JUGADOR_0] Pos flotante (post-límites): (780.9400, 323.0000)
2025-05-19 16:53:51 - jugador - [DEBUG] - [JUGADOR_0] Movimiento para CH: dx_int=-4, dy_int=0. HB (antes CH): (784, 323), PosFlotante: (780.9400,323.0000)
2025-05-19 16:53:51 - jugador - [DEBUG] - [JUGADOR_0] Iniciando gestión de colisión con dx=-4, dy=0. Hitbox actual: (784, 323)
2025-05-19 16:53:51 - jugador - [DEBUG] - [JUGADOR_0] Posición POST CH: HB: (786, 323), PosFlotante: (786.00, 323.00)
2025-05-19 16:53:51 - jugador - [DEBUG] - [JUGADOR_0] Pos flotante (pre-límites): (783.1200, 323.0000)
2025-05-19 16:53:51 - jugador - [DEBUG] - [JUGADOR_0] Pos flotante (post-límites): (783.1200, 323.0000)
2025-05-19 16:53:51 - jugador - [DEBUG] - [JUGADOR_0] Movimiento para CH: dx_int=-3, dy_int=0. HB (antes CH): (786, 323), PosFlotante: (783.1200,323.0000)
2025-05-19 16:53:51 - jugador - [DEBUG] - [JUGADOR_0] Iniciando gestión de colisión con dx=-3, dy=0. Hitbox actual: (786, 323)
2025-05-19 16:53:51 - jugador - [DEBUG] - [JUGADOR_0] Posición POST CH: HB: (788, 323), PosFlotante: (788.00, 323.00)
2025-05-19 16:53:51 - jugador - [DEBUG] - [JUGADOR_0] Delta flotante intentado: dx=-2.8800, dy=0.0000 (delta_time: 0.0160)
2025-05-19 16:53:51 - jugador - [DEBUG] - [JUGADOR_0] Pos flotante (pre-límites): (785.1200, 323.0000)
2025-05-19 16:53:51 - jugador - [DEBUG] - [JUGADOR_0] Pos flotante (post-límites): (785.1200, 323.0000)
2025-05-19 16:53:51 - jugador - [DEBUG] - [JUGADOR_0] Movimiento para CH: dx_int=-3, dy_int=0. HB (antes CH): (788, 323), PosFlotante: (785.1200,323.0000)
2025-05-19 16:53:51 - jugador - [DEBUG] - [JUGADOR_0] Iniciando gestión de colisión con dx=-3, dy=0. Hitbox actual: (788, 323)
2025-05-19 16:53:51 - jugador - [DEBUG] - [JUGADOR_0] Posición POST CH: HB: (790, 323), PosFlotante: (790.00, 323.00)
2025-05-19 16:53:51 - jugador - [DEBUG] - [JUGADOR_0] Pos flotante (pre-límites): (786.9400, 323.0000)
2025-05-19 16:53:51 - jugador - [DEBUG] - [JUGADOR_0] Pos flotante (post-límites): (786.9400, 323.0000)
2025-05-19 16:53:51 - jugador - [DEBUG] - [JUGADOR_0] Movimiento para CH: dx_int=-4, dy_int=0. HB (antes CH): (790, 323), PosFlotante: (786.9400,323.0000)
2025-05-19 16:53:51 - jugador - [DEBUG] - [JUGADOR_0] Iniciando gestión de colisión con dx=-4, dy=0. Hitbox actual: (790, 323)
2025-05-19 16:53:51 - jugador - [DEBUG] - [JUGADOR_0] Posición POST CH: HB: (792, 323), PosFlotante: (792.00, 323.00)
2025-05-19 16:53:51 - jugador - [DEBUG] - [JUGADOR_0] Input teclado procesado: mov_x_input_raw=-180, mov_y_input_raw=0
2025-05-19 16:53:51 - jugador - [DEBUG] - [JUGADOR_0] Pos flotante (pre-límites): (789.1200, 323.0000)
2025-05-19 16:53:51 - jugador - [DEBUG] - [JUGADOR_0] Pos flotante (post-límites): (789.1200, 323.0000)
2025-05-19 16:53:51 - jugador - [DEBUG] - [JUGADOR_0] Movimiento para CH: dx_int=-3, dy_int=0. HB (antes CH): (792, 323), PosFlotante: (789.1200,323.0000)
2025-05-19 16:53:51 - jugador - [DEBUG] - [JUGADOR_0] Iniciando gestión de colisión con dx=-3, dy=0. Hitbox actual: (792, 323)
2025-05-19 16:53:51 - jugador - [DEBUG] - [JUGADOR_0] Posición POST CH: HB: (794, 323), PosFlotante: (794.00, 323.00)
2025-05-19 16:53:51 - jugador - [DEBUG] - [JUGADOR_0] Pos flotante (pre-límites): (791.1200, 323.0000)
2025-05-19 16:53:51 - jugador - [DEBUG] - [JUGADOR_0] Pos flotante (post-límites): (791.1200, 323.0000)
2025-05-19 16:53:51 - jugador - [DEBUG] - [JUGADOR_0] Movimiento para CH: dx_int=-3, dy_int=0. HB (antes CH): (794, 323), PosFlotante: (791.1200,323.0000)
2025-05-19 16:53:51 - jugador - [DEBUG] - [JUGADOR_0] Iniciando gestión de colisión con dx=-3, dy=0. Hitbox actual: (794, 323)
2025-05-19 16:53:51 - jugador - [DEBUG] - [JUGADOR_0] Posición POST CH: HB: (796, 323), PosFlotante: (796.00, 323.00)
2025-05-19 16:53:51 - jugador - [DEBUG] - [JUGADOR_0] Delta flotante intentado: dx=-2.8800, dy=0.0000 (delta_time: 0.0160)
2025-05-19 16:53:51 - jugador - [DEBUG] - [JUGADOR_0] Pos flotante (pre-límites): (793.1200, 323.0000)
2025-05-19 16:53:51 - jugador - [DEBUG] - [JUGADOR_0] Pos flotante (post-límites): (793.1200, 323.0000)
2025-05-19 16:53:51 - jugador - [DEBUG] - [JUGADOR_0] Movimiento para CH: dx_int=-3, dy_int=0. HB (antes CH): (796, 323), PosFlotante: (793.1200,323.0000)
2025-05-19 16:53:51 - jugador - [DEBUG] - [JUGADOR_0] Iniciando gestión de colisión con dx=-3, dy=0. Hitbox actual: (796, 323)
2025-05-19 16:53:51 - jugador - [DEBUG] - [JUGADOR_0] Posición POST CH: HB: (798, 323), PosFlotante: (798.00, 323.00)
2025-05-19 16:53:51 - jugador - [DEBUG] - [JUGADOR_0] Pos flotante (pre-límites): (795.1200, 323.0000)
2025-05-19 16:53:51 - jugador - [DEBUG] - [JUGADOR_0] Pos flotante (post-límites): (795.1200, 323.0000)
2025-05-19 16:53:51 - jugador - [DEBUG] - [JUGADOR_0] Movimiento para CH: dx_int=-3, dy_int=0. HB (antes CH): (798, 323), PosFlotante: (795.1200,323.0000)
2025-05-19 16:53:51 - jugador - [DEBUG] - [JUGADOR_0] Iniciando gestión de colisión con dx=-3, dy=0. Hitbox actual: (798, 323)
2025-05-19 16:53:51 - jugador - [DEBUG] - [JUGADOR_0] Posición POST CH: HB: (800, 323), PosFlotante: (800.00, 323.00)
2025-05-19 16:53:51 - jugador - [DEBUG] - [JUGADOR_0] Input teclado procesado: mov_x_input_raw=-180, mov_y_input_raw=0
2025-05-19 16:53:51 - jugador - [DEBUG] - [JUGADOR_0] Pos flotante (pre-límites): (797.1200, 323.0000)
2025-05-19 16:53:51 - jugador - [DEBUG] - [JUGADOR_0] Pos flotante (post-límites): (797.1200, 323.0000)
2025-05-19 16:53:51 - jugador - [DEBUG] - [JUGADOR_0] Movimiento para CH: dx_int=-3, dy_int=0. HB (antes CH): (800, 323), PosFlotante: (797.1200,323.0000)
2025-05-19 16:53:51 - jugador - [DEBUG] - [JUGADOR_0] Iniciando gestión de colisión con dx=-3, dy=0. Hitbox actual: (800, 323)
2025-05-19 16:53:51 - jugador - [DEBUG] - [JUGADOR_0] Posición POST CH: HB: (802, 323), PosFlotante: (802.00, 323.00)
2025-05-19 16:53:51 - jugador - [DEBUG] - [JUGADOR_0] Pos flotante (pre-límites): (799.1200, 323.0000)
2025-05-19 16:53:51 - jugador - [DEBUG] - [JUGADOR_0] Pos flotante (post-límites): (799.1200, 323.0000)
2025-05-19 16:53:51 - jugador - [DEBUG] - [JUGADOR_0] Movimiento para CH: dx_int=-3, dy_int=0. HB (antes CH): (802, 323), PosFlotante: (799.1200,323.0000)
2025-05-19 16:53:51 - jugador - [DEBUG] - [JUGADOR_0] Iniciando gestión de colisión con dx=-3, dy=0. Hitbox actual: (802, 323)
2025-05-19 16:53:51 - jugador - [DEBUG] - [JUGADOR_0] Posición POST CH: HB: (804, 323), PosFlotante: (804.00, 323.00)
2025-05-19 16:53:51 - jugador - [DEBUG] - [JUGADOR_0] Delta flotante intentado: dx=-2.8800, dy=0.0000 (delta_time: 0.0160)
2025-05-19 16:53:51 - jugador - [DEBUG] - [JUGADOR_0] Pos flotante (pre-límites): (801.1200, 323.0000)
2025-05-19 16:53:51 - jugador - [DEBUG] - [JUGADOR_0] Pos flotante (post-límites): (801.1200, 323.0000)
2025-05-19 16:53:51 - jugador - [DEBUG] - [JUGADOR_0] Movimiento para CH: dx_int=-3, dy_int=0. HB (antes CH): (804, 323), PosFlotante: (801.1200,323.0000)
2025-05-19 16:53:51 - jugador - [DEBUG] - [JUGADOR_0] Iniciando gestión de colisión con dx=-3, dy=0. Hitbox actual: (804, 323)
2025-05-19 16:53:51 - jugador - [DEBUG] - [JUGADOR_0] Posición POST CH: HB: (806, 323), PosFlotante: (806.00, 323.00)
2025-05-19 16:53:51 - jugador - [INFO] - [JUGADOR_0] ATAQUE INICIADO (Cooldown: 700.0ms). Perfil: 'espada_predeterminada'
2025-05-19 16:53:51 - jugador - [DEBUG] - [JUGADOR_0] Pos flotante (pre-límites): (803.1200, 323.0000)
2025-05-19 16:53:51 - jugador - [DEBUG] - [JUGADOR_0] Pos flotante (post-límites): (803.1200, 323.0000)
2025-05-19 16:53:51 - jugador - [DEBUG] - [JUGADOR_0] Movimiento para CH: dx_int=-3, dy_int=0. HB (antes CH): (806, 323), PosFlotante: (803.1200,323.0000)
2025-05-19 16:53:51 - jugador - [DEBUG] - [JUGADOR_0] Iniciando gestión de colisión con dx=-3, dy=0. Hitbox actual: (806, 323)
2025-05-19 16:53:51 - jugador - [DEBUG] - [JUGADOR_0] Posición POST CH: HB: (808, 323), PosFlotante: (808.00, 323.00)
2025-05-19 16:53:51 - jugador - [DEBUG] - [JUGADOR_0] Hitbox ataque: <rect(754, 300, 54, 69)> (Dir: -1,0)
2025-05-19 16:53:51 - jugador - [INFO] - [JUGADOR_0] Golpeó a [Enemigo_1] con 5 de daño.
2025-05-19 16:53:51 - jugador - [INFO] - [JUGADOR_0] Golpeó a [Enemigo_2] con 5 de daño.
2025-05-19 16:53:51 - jugador - [DEBUG] - [JUGADOR_0] Input teclado procesado: mov_x_input_raw=-180, mov_y_input_raw=0
2025-05-19 16:53:51 - jugador - [DEBUG] - [JUGADOR_0] Delta flotante intentado: dx=-3.0600, dy=0.0000 (delta_time: 0.0170)
2025-05-19 16:53:51 - jugador - [DEBUG] - [JUGADOR_0] Pos flotante (pre-límites): (804.9400, 323.0000)
2025-05-19 16:53:51 - jugador - [DEBUG] - [JUGADOR_0] Pos flotante (post-límites): (804.9400, 323.0000)
2025-05-19 16:53:51 - jugador - [DEBUG] - [JUGADOR_0] Movimiento para CH: dx_int=-4, dy_int=0. HB (antes CH): (808, 323), PosFlotante: (804.9400,323.0000)
2025-05-19 16:53:51 - jugador - [DEBUG] - [JUGADOR_0] Iniciando gestión de colisión con dx=-4, dy=0. Hitbox actual: (808, 323)
2025-05-19 16:53:51 - jugador - [DEBUG] - [JUGADOR_0] Posición POST CH: HB: (810, 323), PosFlotante: (810.00, 323.00)
2025-05-19 16:53:51 - jugador - [DEBUG] - [JUGADOR_0] Hitbox ataque: <rect(756, 300, 54, 69)> (Dir: -1,0)
2025-05-19 16:53:51 - jugador - [DEBUG] - [JUGADOR_0] Pos flotante (pre-límites): (807.1200, 323.0000)
2025-05-19 16:53:51 - jugador - [DEBUG] - [JUGADOR_0] Pos flotante (post-límites): (807.1200, 323.0000)
2025-05-19 16:53:51 - jugador - [DEBUG] - [JUGADOR_0] Movimiento para CH: dx_int=-3, dy_int=0. HB (antes CH): (810, 323), PosFlotante: (807.1200,323.0000)
2025-05-19 16:53:51 - jugador - [DEBUG] - [JUGADOR_0] Iniciando gestión de colisión con dx=-3, dy=0. Hitbox actual: (810, 323)
2025-05-19 16:53:51 - jugador - [DEBUG] - [JUGADOR_0] Posición POST CH: HB: (812, 323), PosFlotante: (812.00, 323.00)
2025-05-19 16:53:51 - jugador - [DEBUG] - [JUGADOR_0] Hitbox ataque: <rect(758, 300, 54, 69)> (Dir: -1,0)
2025-05-19 16:53:51 - jugador - [DEBUG] - [JUGADOR_0] Pos flotante (pre-límites): (808.9400, 323.0000)
2025-05-19 16:53:51 - jugador - [DEBUG] - [JUGADOR_0] Pos flotante (post-límites): (808.9400, 323.0000)
2025-05-19 16:53:51 - jugador - [DEBUG] - [JUGADOR_0] Movimiento para CH: dx_int=-4, dy_int=0. HB (antes CH): (812, 323), PosFlotante: (808.9400,323.0000)
2025-05-19 16:53:51 - jugador - [DEBUG] - [JUGADOR_0] Iniciando gestión de colisión con dx=-4, dy=0. Hitbox actual: (812, 323)
2025-05-19 16:53:51 - jugador - [DEBUG] - [JUGADOR_0] Posición POST CH: HB: (814, 323), PosFlotante: (814.00, 323.00)
2025-05-19 16:53:51 - jugador - [DEBUG] - [JUGADOR_0] Hitbox ataque: <rect(760, 300, 54, 69)> (Dir: -1,0)
2025-05-19 16:53:51 - jugador - [DEBUG] - [JUGADOR_0] Delta flotante intentado: dx=-2.8800, dy=0.0000 (delta_time: 0.0160)
2025-05-19 16:53:51 - jugador - [DEBUG] - [JUGADOR_0] Pos flotante (pre-límites): (811.1200, 323.0000)
2025-05-19 16:53:51 - jugador - [DEBUG] - [JUGADOR_0] Pos flotante (post-límites): (811.1200, 323.0000)
2025-05-19 16:53:51 - jugador - [DEBUG] - [JUGADOR_0] Movimiento para CH: dx_int=-3, dy_int=0. HB (antes CH): (814, 323), PosFlotante: (811.1200,323.0000)
2025-05-19 16:53:51 - jugador - [DEBUG] - [JUGADOR_0] Iniciando gestión de colisión con dx=-3, dy=0. Hitbox actual: (814, 323)
2025-05-19 16:53:51 - jugador - [DEBUG] - [JUGADOR_0] Posición POST CH: HB: (816, 323), PosFlotante: (816.00, 323.00)
2025-05-19 16:53:51 - jugador - [DEBUG] - [JUGADOR_0] Hitbox ataque: <rect(762, 300, 54, 69)> (Dir: -1,0)
2025-05-19 16:53:51 - jugador - [DEBUG] - [JUGADOR_0] Input teclado procesado: mov_x_input_raw=-180, mov_y_input_raw=0
2025-05-19 16:53:51 - jugador - [DEBUG] - [JUGADOR_0] Delta flotante intentado: dx=-3.0600, dy=0.0000 (delta_time: 0.0170)
2025-05-19 16:53:51 - jugador - [DEBUG] - [JUGADOR_0] Pos flotante (pre-límites): (812.9400, 323.0000)
2025-05-19 16:53:51 - jugador - [DEBUG] - [JUGADOR_0] Pos flotante (post-límites): (812.9400, 323.0000)
2025-05-19 16:53:51 - jugador - [DEBUG] - [JUGADOR_0] Movimiento para CH: dx_int=-4, dy_int=0. HB (antes CH): (816, 323), PosFlotante: (812.9400,323.0000)
2025-05-19 16:53:51 - jugador - [DEBUG] - [JUGADOR_0] Iniciando gestión de colisión con dx=-4, dy=0. Hitbox actual: (816, 323)
2025-05-19 16:53:51 - jugador - [DEBUG] - [JUGADOR_0] Posición POST CH: HB: (818, 323), PosFlotante: (818.00, 323.00)
2025-05-19 16:53:51 - jugador - [DEBUG] - [JUGADOR_0] Hitbox ataque: <rect(764, 300, 54, 69)> (Dir: -1,0)
2025-05-19 16:53:51 - jugador - [DEBUG] - [JUGADOR_0] Pos flotante (pre-límites): (815.1200, 323.0000)
2025-05-19 16:53:51 - jugador - [DEBUG] - [JUGADOR_0] Pos flotante (post-límites): (815.1200, 323.0000)
2025-05-19 16:53:51 - jugador - [DEBUG] - [JUGADOR_0] Movimiento para CH: dx_int=-3, dy_int=0. HB (antes CH): (818, 323), PosFlotante: (815.1200,323.0000)
2025-05-19 16:53:51 - jugador - [DEBUG] - [JUGADOR_0] Iniciando gestión de colisión con dx=-3, dy=0. Hitbox actual: (818, 323)
2025-05-19 16:53:51 - jugador - [DEBUG] - [JUGADOR_0] Posición POST CH: HB: (820, 323), PosFlotante: (820.00, 323.00)
2025-05-19 16:53:51 - jugador - [DEBUG] - [JUGADOR_0] Hitbox ataque: <rect(766, 300, 54, 69)> (Dir: -1,0)
2025-05-19 16:53:51 - jugador - [DEBUG] - [JUGADOR_0] Pos flotante (pre-límites): (817.1200, 323.0000)
2025-05-19 16:53:51 - jugador - [DEBUG] - [JUGADOR_0] Pos flotante (post-límites): (817.1200, 323.0000)
2025-05-19 16:53:51 - jugador - [DEBUG] - [JUGADOR_0] Movimiento para CH: dx_int=-3, dy_int=0. HB (antes CH): (820, 323), PosFlotante: (817.1200,323.0000)
2025-05-19 16:53:51 - jugador - [DEBUG] - [JUGADOR_0] Iniciando gestión de colisión con dx=-3, dy=0. Hitbox actual: (820, 323)
2025-05-19 16:53:51 - jugador - [DEBUG] - [JUGADOR_0] Posición POST CH: HB: (822, 323), PosFlotante: (822.00, 323.00)
2025-05-19 16:53:51 - jugador - [DEBUG] - [JUGADOR_0] Hitbox ataque: <rect(768, 300, 54, 69)> (Dir: -1,0)
2025-05-19 16:53:51 - jugador - [DEBUG] - [JUGADOR_0] Input teclado procesado: mov_x_input_raw=-180, mov_y_input_raw=0
2025-05-19 16:53:51 - jugador - [DEBUG] - [JUGADOR_0] Delta flotante intentado: dx=-3.0600, dy=0.0000 (delta_time: 0.0170)
2025-05-19 16:53:51 - jugador - [DEBUG] - [JUGADOR_0] Pos flotante (pre-límites): (818.9400, 323.0000)
2025-05-19 16:53:51 - jugador - [DEBUG] - [JUGADOR_0] Pos flotante (post-límites): (818.9400, 323.0000)
2025-05-19 16:53:51 - jugador - [DEBUG] - [JUGADOR_0] Movimiento para CH: dx_int=-4, dy_int=0. HB (antes CH): (822, 323), PosFlotante: (818.9400,323.0000)
2025-05-19 16:53:51 - jugador - [DEBUG] - [JUGADOR_0] Iniciando gestión de colisión con dx=-4, dy=0. Hitbox actual: (822, 323)
2025-05-19 16:53:51 - jugador - [DEBUG] - [JUGADOR_0] Posición POST CH: HB: (824, 323), PosFlotante: (824.00, 323.00)
2025-05-19 16:53:51 - jugador - [DEBUG] - [JUGADOR_0] Hitbox ataque: <rect(770, 300, 54, 69)> (Dir: -1,0)
2025-05-19 16:53:51 - jugador - [DEBUG] - [JUGADOR_0] Pos flotante (pre-límites): (820.9400, 323.0000)
2025-05-19 16:53:51 - jugador - [DEBUG] - [JUGADOR_0] Pos flotante (post-límites): (820.9400, 323.0000)
2025-05-19 16:53:51 - jugador - [DEBUG] - [JUGADOR_0] Movimiento para CH: dx_int=-4, dy_int=0. HB (antes CH): (824, 323), PosFlotante: (820.9400,323.0000)
2025-05-19 16:53:51 - jugador - [DEBUG] - [JUGADOR_0] Iniciando gestión de colisión con dx=-4, dy=0. Hitbox actual: (824, 323)
2025-05-19 16:53:51 - jugador - [DEBUG] - [JUGADOR_0] Posición POST CH: HB: (826, 323), PosFlotante: (826.00, 323.00)
2025-05-19 16:53:51 - jugador - [DEBUG] - [JUGADOR_0] Hitbox ataque: <rect(772, 300, 54, 69)> (Dir: -1,0)
2025-05-19 16:53:51 - jugador - [DEBUG] - [JUGADOR_0] Delta flotante intentado: dx=-2.8800, dy=0.0000 (delta_time: 0.0160)
2025-05-19 16:53:51 - jugador - [DEBUG] - [JUGADOR_0] Pos flotante (pre-límites): (823.1200, 323.0000)
2025-05-19 16:53:51 - jugador - [DEBUG] - [JUGADOR_0] Pos flotante (post-límites): (823.1200, 323.0000)
2025-05-19 16:53:51 - jugador - [DEBUG] - [JUGADOR_0] Movimiento para CH: dx_int=-3, dy_int=0. HB (antes CH): (826, 323), PosFlotante: (823.1200,323.0000)
2025-05-19 16:53:51 - jugador - [DEBUG] - [JUGADOR_0] Iniciando gestión de colisión con dx=-3, dy=0. Hitbox actual: (826, 323)
2025-05-19 16:53:51 - jugador - [DEBUG] - [JUGADOR_0] Posición POST CH: HB: (828, 323), PosFlotante: (828.00, 323.00)
2025-05-19 16:53:51 - jugador - [DEBUG] - [JUGADOR_0] Hitbox ataque: <rect(774, 300, 54, 69)> (Dir: -1,0)
2025-05-19 16:53:51 - jugador - [DEBUG] - [JUGADOR_0] Pos flotante (pre-límites): (825.1200, 323.0000)
2025-05-19 16:53:51 - jugador - [DEBUG] - [JUGADOR_0] Pos flotante (post-límites): (825.1200, 323.0000)
2025-05-19 16:53:51 - jugador - [DEBUG] - [JUGADOR_0] Movimiento para CH: dx_int=-3, dy_int=0. HB (antes CH): (828, 323), PosFlotante: (825.1200,323.0000)
2025-05-19 16:53:51 - jugador - [DEBUG] - [JUGADOR_0] Iniciando gestión de colisión con dx=-3, dy=0. Hitbox actual: (828, 323)
2025-05-19 16:53:51 - jugador - [DEBUG] - [JUGADOR_0] Posición POST CH: HB: (830, 323), PosFlotante: (830.00, 323.00)
2025-05-19 16:53:51 - jugador - [DEBUG] - [JUGADOR_0] Hitbox ataque: <rect(776, 300, 54, 69)> (Dir: -1,0)
2025-05-19 16:53:51 - jugador - [DEBUG] - [JUGADOR_0] Input teclado procesado: mov_x_input_raw=-180, mov_y_input_raw=0
2025-05-19 16:53:51 - jugador - [DEBUG] - [JUGADOR_0] Delta flotante intentado: dx=-3.0600, dy=0.0000 (delta_time: 0.0170)
2025-05-19 16:53:51 - jugador - [DEBUG] - [JUGADOR_0] Pos flotante (pre-límites): (826.9400, 323.0000)
2025-05-19 16:53:51 - jugador - [DEBUG] - [JUGADOR_0] Pos flotante (post-límites): (826.9400, 323.0000)
2025-05-19 16:53:51 - jugador - [DEBUG] - [JUGADOR_0] Movimiento para CH: dx_int=-4, dy_int=0. HB (antes CH): (830, 323), PosFlotante: (826.9400,323.0000)
2025-05-19 16:53:51 - jugador - [DEBUG] - [JUGADOR_0] Iniciando gestión de colisión con dx=-4, dy=0. Hitbox actual: (830, 323)
2025-05-19 16:53:51 - jugador - [DEBUG] - [JUGADOR_0] Posición POST CH: HB: (832, 323), PosFlotante: (832.00, 323.00)
2025-05-19 16:53:51 - jugador - [DEBUG] - [JUGADOR_0] Hitbox ataque: <rect(778, 300, 54, 69)> (Dir: -1,0)
2025-05-19 16:53:51 - jugador - [DEBUG] - [JUGADOR_0] Pos flotante (pre-límites): (828.9400, 323.0000)
2025-05-19 16:53:51 - jugador - [DEBUG] - [JUGADOR_0] Pos flotante (post-límites): (828.9400, 323.0000)
2025-05-19 16:53:51 - jugador - [DEBUG] - [JUGADOR_0] Movimiento para CH: dx_int=-4, dy_int=0. HB (antes CH): (832, 323), PosFlotante: (828.9400,323.0000)
2025-05-19 16:53:51 - jugador - [DEBUG] - [JUGADOR_0] Iniciando gestión de colisión con dx=-4, dy=0. Hitbox actual: (832, 323)
2025-05-19 16:53:51 - jugador - [DEBUG] - [JUGADOR_0] Posición POST CH: HB: (834, 323), PosFlotante: (834.00, 323.00)
2025-05-19 16:53:51 - jugador - [DEBUG] - [JUGADOR_0] Hitbox ataque: <rect(780, 300, 54, 69)> (Dir: -1,0)
2025-05-19 16:53:51 - jugador - [DEBUG] - [JUGADOR_0] Delta flotante intentado: dx=-2.8800, dy=0.0000 (delta_time: 0.0160)
2025-05-19 16:53:51 - jugador - [DEBUG] - [JUGADOR_0] Pos flotante (pre-límites): (831.1200, 323.0000)
2025-05-19 16:53:51 - jugador - [DEBUG] - [JUGADOR_0] Pos flotante (post-límites): (831.1200, 323.0000)
2025-05-19 16:53:51 - jugador - [DEBUG] - [JUGADOR_0] Movimiento para CH: dx_int=-3, dy_int=0. HB (antes CH): (834, 323), PosFlotante: (831.1200,323.0000)
2025-05-19 16:53:51 - jugador - [DEBUG] - [JUGADOR_0] Iniciando gestión de colisión con dx=-3, dy=0. Hitbox actual: (834, 323)
2025-05-19 16:53:51 - jugador - [DEBUG] - [JUGADOR_0] Posición POST CH: HB: (836, 323), PosFlotante: (836.00, 323.00)
2025-05-19 16:53:51 - jugador - [DEBUG] - [JUGADOR_0] Hitbox ataque: <rect(782, 300, 54, 69)> (Dir: -1,0)
2025-05-19 16:53:51 - jugador - [DEBUG] - [JUGADOR_0] Pos flotante (pre-límites): (833.1200, 323.0000)
2025-05-19 16:53:51 - jugador - [DEBUG] - [JUGADOR_0] Pos flotante (post-límites): (833.1200, 323.0000)
2025-05-19 16:53:51 - jugador - [DEBUG] - [JUGADOR_0] Movimiento para CH: dx_int=-3, dy_int=0. HB (antes CH): (836, 323), PosFlotante: (833.1200,323.0000)
2025-05-19 16:53:51 - jugador - [DEBUG] - [JUGADOR_0] Iniciando gestión de colisión con dx=-3, dy=0. Hitbox actual: (836, 323)
2025-05-19 16:53:51 - jugador - [DEBUG] - [JUGADOR_0] Posición POST CH: HB: (838, 323), PosFlotante: (838.00, 323.00)
2025-05-19 16:53:51 - jugador - [DEBUG] - [JUGADOR_0] Hitbox ataque: <rect(784, 300, 54, 69)> (Dir: -1,0)
2025-05-19 16:53:51 - jugador - [DEBUG] - [JUGADOR_0] Input teclado procesado: mov_x_input_raw=-180, mov_y_input_raw=0
2025-05-19 16:53:51 - jugador - [DEBUG] - [JUGADOR_0] Delta flotante intentado: dx=-3.0600, dy=0.0000 (delta_time: 0.0170)
2025-05-19 16:53:51 - jugador - [DEBUG] - [JUGADOR_0] Pos flotante (pre-límites): (834.9400, 323.0000)
2025-05-19 16:53:51 - jugador - [DEBUG] - [JUGADOR_0] Pos flotante (post-límites): (834.9400, 323.0000)
2025-05-19 16:53:51 - jugador - [DEBUG] - [JUGADOR_0] Movimiento para CH: dx_int=-4, dy_int=0. HB (antes CH): (838, 323), PosFlotante: (834.9400,323.0000)
2025-05-19 16:53:51 - jugador - [DEBUG] - [JUGADOR_0] Iniciando gestión de colisión con dx=-4, dy=0. Hitbox actual: (838, 323)
2025-05-19 16:53:51 - jugador - [DEBUG] - [JUGADOR_0] Posición POST CH: HB: (840, 323), PosFlotante: (840.00, 323.00)
2025-05-19 16:53:51 - jugador - [DEBUG] - [JUGADOR_0] ATAQUE FINALIZADO (Duración: 260ms). Enemigos golpeados: 2
2025-05-19 16:53:51 - jugador - [DEBUG] - [JUGADOR_0] Pos flotante (pre-límites): (837.1200, 323.0000)
2025-05-19 16:53:51 - jugador - [DEBUG] - [JUGADOR_0] Pos flotante (post-límites): (837.1200, 323.0000)
2025-05-19 16:53:51 - jugador - [DEBUG] - [JUGADOR_0] Movimiento para CH: dx_int=-3, dy_int=0. HB (antes CH): (840, 323), PosFlotante: (837.1200,323.0000)
2025-05-19 16:53:51 - jugador - [DEBUG] - [JUGADOR_0] Iniciando gestión de colisión con dx=-3, dy=0. Hitbox actual: (840, 323)
2025-05-19 16:53:51 - jugador - [DEBUG] - [JUGADOR_0] Posición POST CH: HB: (842, 323), PosFlotante: (842.00, 323.00)
2025-05-19 16:53:51 - jugador - [DEBUG] - [JUGADOR_0] Pos flotante (pre-límites): (838.9400, 323.0000)
2025-05-19 16:53:51 - jugador - [DEBUG] - [JUGADOR_0] Pos flotante (post-límites): (838.9400, 323.0000)
2025-05-19 16:53:51 - jugador - [DEBUG] - [JUGADOR_0] Movimiento para CH: dx_int=-4, dy_int=0. HB (antes CH): (842, 323), PosFlotante: (838.9400,323.0000)
2025-05-19 16:53:51 - jugador - [DEBUG] - [JUGADOR_0] Iniciando gestión de colisión con dx=-4, dy=0. Hitbox actual: (842, 323)
2025-05-19 16:53:51 - jugador - [DEBUG] - [JUGADOR_0] Posición POST CH: HB: (844, 323), PosFlotante: (844.00, 323.00)
2025-05-19 16:53:51 - jugador - [DEBUG] - [JUGADOR_0] Delta flotante intentado: dx=-2.8800, dy=0.0000 (delta_time: 0.0160)
2025-05-19 16:53:51 - jugador - [DEBUG] - [JUGADOR_0] Pos flotante (pre-límites): (841.1200, 323.0000)
2025-05-19 16:53:51 - jugador - [DEBUG] - [JUGADOR_0] Pos flotante (post-límites): (841.1200, 323.0000)
2025-05-19 16:53:51 - jugador - [DEBUG] - [JUGADOR_0] Movimiento para CH: dx_int=-3, dy_int=0. HB (antes CH): (844, 323), PosFlotante: (841.1200,323.0000)
2025-05-19 16:53:51 - jugador - [DEBUG] - [JUGADOR_0] Iniciando gestión de colisión con dx=-3, dy=0. Hitbox actual: (844, 323)
2025-05-19 16:53:51 - jugador - [DEBUG] - [JUGADOR_0] Posición POST CH: HB: (846, 323), PosFlotante: (846.00, 323.00)
2025-05-19 16:53:51 - jugador - [DEBUG] - [JUGADOR_0] Input teclado procesado: mov_x_input_raw=-180, mov_y_input_raw=0
2025-05-19 16:53:51 - jugador - [DEBUG] - [JUGADOR_0] Delta flotante intentado: dx=-3.0600, dy=0.0000 (delta_time: 0.0170)
2025-05-19 16:53:51 - jugador - [DEBUG] - [JUGADOR_0] Pos flotante (pre-límites): (842.9400, 323.0000)
2025-05-19 16:53:51 - jugador - [DEBUG] - [JUGADOR_0] Pos flotante (post-límites): (842.9400, 323.0000)
2025-05-19 16:53:51 - jugador - [DEBUG] - [JUGADOR_0] Movimiento para CH: dx_int=-4, dy_int=0. HB (antes CH): (846, 323), PosFlotante: (842.9400,323.0000)
2025-05-19 16:53:51 - jugador - [DEBUG] - [JUGADOR_0] Iniciando gestión de colisión con dx=-4, dy=0. Hitbox actual: (846, 323)
2025-05-19 16:53:51 - jugador - [DEBUG] - [JUGADOR_0] Posición POST CH: HB: (848, 323), PosFlotante: (848.00, 323.00)
2025-05-19 16:53:51 - jugador - [DEBUG] - [JUGADOR_0] Pos flotante (pre-límites): (844.9400, 323.0000)
2025-05-19 16:53:51 - jugador - [DEBUG] - [JUGADOR_0] Pos flotante (post-límites): (844.9400, 323.0000)
2025-05-19 16:53:51 - jugador - [DEBUG] - [JUGADOR_0] Movimiento para CH: dx_int=-4, dy_int=0. HB (antes CH): (848, 323), PosFlotante: (844.9400,323.0000)
2025-05-19 16:53:51 - jugador - [DEBUG] - [JUGADOR_0] Iniciando gestión de colisión con dx=-4, dy=0. Hitbox actual: (848, 323)
2025-05-19 16:53:51 - jugador - [DEBUG] - [JUGADOR_0] Posición POST CH: HB: (850, 323), PosFlotante: (850.00, 323.00)
2025-05-19 16:53:51 - jugador - [DEBUG] - [JUGADOR_0] Pos flotante (pre-límites): (846.9400, 323.0000)
2025-05-19 16:53:51 - jugador - [DEBUG] - [JUGADOR_0] Pos flotante (post-límites): (846.9400, 323.0000)
2025-05-19 16:53:51 - jugador - [DEBUG] - [JUGADOR_0] Movimiento para CH: dx_int=-4, dy_int=0. HB (antes CH): (850, 323), PosFlotante: (846.9400,323.0000)
2025-05-19 16:53:51 - jugador - [DEBUG] - [JUGADOR_0] Iniciando gestión de colisión con dx=-4, dy=0. Hitbox actual: (850, 323)
2025-05-19 16:53:51 - jugador - [DEBUG] - [JUGADOR_0] Posición POST CH: HB: (852, 323), PosFlotante: (852.00, 323.00)
2025-05-19 16:53:51 - jugador - [DEBUG] - [JUGADOR_0] Input teclado procesado: mov_x_input_raw=-180, mov_y_input_raw=0
2025-05-19 16:53:51 - jugador - [DEBUG] - [JUGADOR_0] Delta flotante intentado: dx=-3.0600, dy=0.0000 (delta_time: 0.0170)
2025-05-19 16:53:51 - jugador - [DEBUG] - [JUGADOR_0] Pos flotante (pre-límites): (848.9400, 323.0000)
2025-05-19 16:53:51 - jugador - [DEBUG] - [JUGADOR_0] Pos flotante (post-límites): (848.9400, 323.0000)
2025-05-19 16:53:51 - jugador - [DEBUG] - [JUGADOR_0] Movimiento para CH: dx_int=-4, dy_int=0. HB (antes CH): (852, 323), PosFlotante: (848.9400,323.0000)
2025-05-19 16:53:51 - jugador - [DEBUG] - [JUGADOR_0] Iniciando gestión de colisión con dx=-4, dy=0. Hitbox actual: (852, 323)
2025-05-19 16:53:52 - jugador - [DEBUG] - [JUGADOR_0] Posición POST CH: HB: (854, 323), PosFlotante: (854.00, 323.00)
2025-05-19 16:53:52 - jugador - [DEBUG] - [JUGADOR_0] Pos flotante (pre-límites): (850.9400, 323.0000)
2025-05-19 16:53:52 - jugador - [DEBUG] - [JUGADOR_0] Pos flotante (post-límites): (850.9400, 323.0000)
2025-05-19 16:53:52 - jugador - [DEBUG] - [JUGADOR_0] Movimiento para CH: dx_int=-4, dy_int=0. HB (antes CH): (854, 323), PosFlotante: (850.9400,323.0000)
2025-05-19 16:53:52 - jugador - [DEBUG] - [JUGADOR_0] Iniciando gestión de colisión con dx=-4, dy=0. Hitbox actual: (854, 323)
2025-05-19 16:53:52 - jugador - [DEBUG] - [JUGADOR_0] Posición POST CH: HB: (856, 323), PosFlotante: (856.00, 323.00)
2025-05-19 16:53:52 - jugador - [DEBUG] - [JUGADOR_0] Intento de ataque en cooldown (700.0ms). Tiempo desde último: 415ms
2025-05-19 16:53:52 - jugador - [DEBUG] - [JUGADOR_0] Delta flotante intentado: dx=-2.8800, dy=0.0000 (delta_time: 0.0160)
2025-05-19 16:53:52 - jugador - [DEBUG] - [JUGADOR_0] Pos flotante (pre-límites): (853.1200, 323.0000)
2025-05-19 16:53:52 - jugador - [DEBUG] - [JUGADOR_0] Pos flotante (post-límites): (853.1200, 323.0000)
2025-05-19 16:53:52 - jugador - [DEBUG] - [JUGADOR_0] Movimiento para CH: dx_int=-3, dy_int=0. HB (antes CH): (856, 323), PosFlotante: (853.1200,323.0000)
2025-05-19 16:53:52 - jugador - [DEBUG] - [JUGADOR_0] Iniciando gestión de colisión con dx=-3, dy=0. Hitbox actual: (856, 323)
2025-05-19 16:53:52 - jugador - [DEBUG] - [JUGADOR_0] Posición POST CH: HB: (858, 323), PosFlotante: (858.00, 323.00)
2025-05-19 16:53:52 - jugador - [DEBUG] - [JUGADOR_0] Pos flotante (pre-límites): (855.1200, 323.0000)
2025-05-19 16:53:52 - jugador - [DEBUG] - [JUGADOR_0] Pos flotante (post-límites): (855.1200, 323.0000)
2025-05-19 16:53:52 - jugador - [DEBUG] - [JUGADOR_0] Movimiento para CH: dx_int=-3, dy_int=0. HB (antes CH): (858, 323), PosFlotante: (855.1200,323.0000)
2025-05-19 16:53:52 - jugador - [DEBUG] - [JUGADOR_0] Iniciando gestión de colisión con dx=-3, dy=0. Hitbox actual: (858, 323)
2025-05-19 16:53:52 - jugador - [DEBUG] - [JUGADOR_0] Posición POST CH: HB: (860, 323), PosFlotante: (860.00, 323.00)
2025-05-19 16:53:52 - jugador - [DEBUG] - [JUGADOR_0] Input teclado procesado: mov_x_input_raw=-180, mov_y_input_raw=0
2025-05-19 16:53:52 - jugador - [DEBUG] - [JUGADOR_0] Pos flotante (pre-límites): (857.1200, 323.0000)
2025-05-19 16:53:52 - jugador - [DEBUG] - [JUGADOR_0] Pos flotante (post-límites): (857.1200, 323.0000)
2025-05-19 16:53:52 - jugador - [DEBUG] - [JUGADOR_0] Movimiento para CH: dx_int=-3, dy_int=0. HB (antes CH): (860, 323), PosFlotante: (857.1200,323.0000)
2025-05-19 16:53:52 - jugador - [DEBUG] - [JUGADOR_0] Iniciando gestión de colisión con dx=-3, dy=0. Hitbox actual: (860, 323)
2025-05-19 16:53:52 - jugador - [DEBUG] - [JUGADOR_0] Posición POST CH: HB: (862, 323), PosFlotante: (862.00, 323.00)
2025-05-19 16:53:52 - jugador - [DEBUG] - [JUGADOR_0] Delta flotante intentado: dx=-3.0600, dy=0.0000 (delta_time: 0.0170)
2025-05-19 16:53:52 - jugador - [DEBUG] - [JUGADOR_0] Pos flotante (pre-límites): (858.9400, 323.0000)
2025-05-19 16:53:52 - jugador - [DEBUG] - [JUGADOR_0] Pos flotante (post-límites): (858.9400, 323.0000)
2025-05-19 16:53:52 - jugador - [DEBUG] - [JUGADOR_0] Movimiento para CH: dx_int=-4, dy_int=0. HB (antes CH): (862, 323), PosFlotante: (858.9400,323.0000)
2025-05-19 16:53:52 - jugador - [DEBUG] - [JUGADOR_0] Iniciando gestión de colisión con dx=-4, dy=0. Hitbox actual: (862, 323)
2025-05-19 16:53:52 - jugador - [DEBUG] - [JUGADOR_0] Posición POST CH: HB: (864, 323), PosFlotante: (864.00, 323.00)
2025-05-19 16:53:52 - jugador - [DEBUG] - [JUGADOR_0] Pos flotante (pre-límites): (860.9400, 323.0000)
2025-05-19 16:53:52 - jugador - [DEBUG] - [JUGADOR_0] Pos flotante (post-límites): (860.9400, 323.0000)
2025-05-19 16:53:52 - jugador - [DEBUG] - [JUGADOR_0] Movimiento para CH: dx_int=-4, dy_int=0. HB (antes CH): (864, 323), PosFlotante: (860.9400,323.0000)
2025-05-19 16:53:52 - jugador - [DEBUG] - [JUGADOR_0] Iniciando gestión de colisión con dx=-4, dy=0. Hitbox actual: (864, 323)
2025-05-19 16:53:52 - jugador - [DEBUG] - [JUGADOR_0] Posición POST CH: HB: (866, 323), PosFlotante: (866.00, 323.00)
2025-05-19 16:53:52 - jugador - [DEBUG] - [JUGADOR_0] Input teclado procesado: mov_x_input_raw=-180, mov_y_input_raw=0
2025-05-19 16:53:52 - jugador - [DEBUG] - [JUGADOR_0] Delta flotante intentado: dx=-2.8800, dy=0.0000 (delta_time: 0.0160)
2025-05-19 16:53:52 - jugador - [DEBUG] - [JUGADOR_0] Pos flotante (pre-límites): (863.1200, 323.0000)
2025-05-19 16:53:52 - jugador - [DEBUG] - [JUGADOR_0] Pos flotante (post-límites): (863.1200, 323.0000)
2025-05-19 16:53:52 - jugador - [DEBUG] - [JUGADOR_0] Movimiento para CH: dx_int=-3, dy_int=0. HB (antes CH): (866, 323), PosFlotante: (863.1200,323.0000)
2025-05-19 16:53:52 - jugador - [DEBUG] - [JUGADOR_0] Iniciando gestión de colisión con dx=-3, dy=0. Hitbox actual: (866, 323)
2025-05-19 16:53:52 - jugador - [DEBUG] - [JUGADOR_0] Posición POST CH: HB: (868, 323), PosFlotante: (868.00, 323.00)
2025-05-19 16:53:52 - jugador - [DEBUG] - [JUGADOR_0] Delta flotante intentado: dx=-3.0600, dy=0.0000 (delta_time: 0.0170)
2025-05-19 16:53:52 - jugador - [DEBUG] - [JUGADOR_0] Pos flotante (pre-límites): (864.9400, 323.0000)
2025-05-19 16:53:52 - jugador - [DEBUG] - [JUGADOR_0] Pos flotante (post-límites): (864.9400, 323.0000)
2025-05-19 16:53:52 - jugador - [DEBUG] - [JUGADOR_0] Movimiento para CH: dx_int=-4, dy_int=0. HB (antes CH): (868, 323), PosFlotante: (864.9400,323.0000)
2025-05-19 16:53:52 - jugador - [DEBUG] - [JUGADOR_0] Iniciando gestión de colisión con dx=-4, dy=0. Hitbox actual: (868, 323)
2025-05-19 16:53:52 - jugador - [DEBUG] - [JUGADOR_0] Posición POST CH: HB: (870, 323), PosFlotante: (870.00, 323.00)
2025-05-19 16:53:52 - jugador - [DEBUG] - [JUGADOR_0] Pos flotante (pre-límites): (866.9400, 323.0000)
2025-05-19 16:53:52 - jugador - [DEBUG] - [JUGADOR_0] Pos flotante (post-límites): (866.9400, 323.0000)
2025-05-19 16:53:52 - jugador - [DEBUG] - [JUGADOR_0] Movimiento para CH: dx_int=-4, dy_int=0. HB (antes CH): (870, 323), PosFlotante: (866.9400,323.0000)
2025-05-19 16:53:52 - jugador - [DEBUG] - [JUGADOR_0] Iniciando gestión de colisión con dx=-4, dy=0. Hitbox actual: (870, 323)
2025-05-19 16:53:52 - jugador - [DEBUG] - [JUGADOR_0] Posición POST CH: HB: (872, 323), PosFlotante: (872.00, 323.00)
2025-05-19 16:53:52 - jugador - [DEBUG] - [JUGADOR_0] Input teclado procesado: mov_x_input_raw=-180, mov_y_input_raw=0
2025-05-19 16:53:52 - jugador - [DEBUG] - [JUGADOR_0] Pos flotante (pre-límites): (868.9400, 323.0000)
2025-05-19 16:53:52 - jugador - [DEBUG] - [JUGADOR_0] Pos flotante (post-límites): (868.9400, 323.0000)
2025-05-19 16:53:52 - jugador - [DEBUG] - [JUGADOR_0] Movimiento para CH: dx_int=-4, dy_int=0. HB (antes CH): (872, 323), PosFlotante: (868.9400,323.0000)
2025-05-19 16:53:52 - jugador - [DEBUG] - [JUGADOR_0] Iniciando gestión de colisión con dx=-4, dy=0. Hitbox actual: (872, 323)
2025-05-19 16:53:52 - jugador - [DEBUG] - [JUGADOR_0] Posición POST CH: HB: (874, 323), PosFlotante: (874.00, 323.00)
2025-05-19 16:53:52 - jugador - [DEBUG] - [JUGADOR_0] Delta flotante intentado: dx=-2.8800, dy=0.0000 (delta_time: 0.0160)
2025-05-19 16:53:52 - jugador - [DEBUG] - [JUGADOR_0] Pos flotante (pre-límites): (871.1200, 323.0000)
2025-05-19 16:53:52 - jugador - [DEBUG] - [JUGADOR_0] Pos flotante (post-límites): (871.1200, 323.0000)
2025-05-19 16:53:52 - jugador - [DEBUG] - [JUGADOR_0] Movimiento para CH: dx_int=-3, dy_int=0. HB (antes CH): (874, 323), PosFlotante: (871.1200,323.0000)
2025-05-19 16:53:52 - jugador - [DEBUG] - [JUGADOR_0] Iniciando gestión de colisión con dx=-3, dy=0. Hitbox actual: (874, 323)
2025-05-19 16:53:52 - jugador - [DEBUG] - [JUGADOR_0] Posición POST CH: HB: (876, 323), PosFlotante: (876.00, 323.00)
2025-05-19 16:53:52 - jugador - [DEBUG] - [JUGADOR_0] Delta flotante intentado: dx=-3.0600, dy=0.0000 (delta_time: 0.0170)
2025-05-19 16:53:52 - jugador - [DEBUG] - [JUGADOR_0] Pos flotante (pre-límites): (872.9400, 323.0000)
2025-05-19 16:53:52 - jugador - [DEBUG] - [JUGADOR_0] Pos flotante (post-límites): (872.9400, 323.0000)
2025-05-19 16:53:52 - jugador - [DEBUG] - [JUGADOR_0] Movimiento para CH: dx_int=-4, dy_int=0. HB (antes CH): (876, 323), PosFlotante: (872.9400,323.0000)
2025-05-19 16:53:52 - jugador - [DEBUG] - [JUGADOR_0] Iniciando gestión de colisión con dx=-4, dy=0. Hitbox actual: (876, 323)
2025-05-19 16:53:52 - jugador - [DEBUG] - [JUGADOR_0] Posición POST CH: HB: (878, 323), PosFlotante: (878.00, 323.00)
2025-05-19 16:53:52 - jugador - [DEBUG] - [JUGADOR_0] Pos flotante (pre-límites): (875.1200, 323.0000)
2025-05-19 16:53:52 - jugador - [DEBUG] - [JUGADOR_0] Pos flotante (post-límites): (875.1200, 323.0000)
2025-05-19 16:53:52 - jugador - [DEBUG] - [JUGADOR_0] Movimiento para CH: dx_int=-3, dy_int=0. HB (antes CH): (878, 323), PosFlotante: (875.1200,323.0000)
2025-05-19 16:53:52 - jugador - [DEBUG] - [JUGADOR_0] Iniciando gestión de colisión con dx=-3, dy=0. Hitbox actual: (878, 323)
2025-05-19 16:53:52 - jugador - [DEBUG] - [JUGADOR_0] Posición POST CH: HB: (880, 323), PosFlotante: (880.00, 323.00)
2025-05-19 16:53:52 - jugador - [DEBUG] - [JUGADOR_0] Intento de ataque en cooldown (700.0ms). Tiempo desde último: 614ms
2025-05-19 16:53:52 - jugador - [DEBUG] - [JUGADOR_0] Input teclado procesado: mov_x_input_raw=-180, mov_y_input_raw=0
2025-05-19 16:53:52 - jugador - [DEBUG] - [JUGADOR_0] Pos flotante (pre-límites): (876.9400, 323.0000)
2025-05-19 16:53:52 - jugador - [DEBUG] - [JUGADOR_0] Pos flotante (post-límites): (876.9400, 323.0000)
2025-05-19 16:53:52 - jugador - [DEBUG] - [JUGADOR_0] Movimiento para CH: dx_int=-4, dy_int=0. HB (antes CH): (880, 323), PosFlotante: (876.9400,323.0000)
2025-05-19 16:53:52 - jugador - [DEBUG] - [JUGADOR_0] Iniciando gestión de colisión con dx=-4, dy=0. Hitbox actual: (880, 323)
2025-05-19 16:53:52 - jugador - [DEBUG] - [JUGADOR_0] Posición POST CH: HB: (882, 323), PosFlotante: (882.00, 323.00)
2025-05-19 16:53:52 - jugador - [DEBUG] - [JUGADOR_0] Pos flotante (pre-límites): (878.9400, 323.0000)
2025-05-19 16:53:52 - jugador - [DEBUG] - [JUGADOR_0] Pos flotante (post-límites): (878.9400, 323.0000)
2025-05-19 16:53:52 - jugador - [DEBUG] - [JUGADOR_0] Movimiento para CH: dx_int=-4, dy_int=0. HB (antes CH): (882, 323), PosFlotante: (878.9400,323.0000)
2025-05-19 16:53:52 - jugador - [DEBUG] - [JUGADOR_0] Iniciando gestión de colisión con dx=-4, dy=0. Hitbox actual: (882, 323)
2025-05-19 16:53:52 - jugador - [DEBUG] - [JUGADOR_0] Posición POST CH: HB: (884, 323), PosFlotante: (884.00, 323.00)
2025-05-19 16:53:52 - jugador - [DEBUG] - [JUGADOR_0] Delta flotante intentado: dx=-3.0600, dy=0.0000 (delta_time: 0.0170)
2025-05-19 16:53:52 - jugador - [DEBUG] - [JUGADOR_0] Pos flotante (pre-límites): (880.9400, 323.0000)
2025-05-19 16:53:52 - jugador - [DEBUG] - [JUGADOR_0] Pos flotante (post-límites): (880.9400, 323.0000)
2025-05-19 16:53:52 - jugador - [DEBUG] - [JUGADOR_0] Movimiento para CH: dx_int=-4, dy_int=0. HB (antes CH): (884, 323), PosFlotante: (880.9400,323.0000)
2025-05-19 16:53:52 - jugador - [DEBUG] - [JUGADOR_0] Iniciando gestión de colisión con dx=-4, dy=0. Hitbox actual: (884, 323)
2025-05-19 16:53:52 - jugador - [DEBUG] - [JUGADOR_0] Posición POST CH: HB: (886, 323), PosFlotante: (886.00, 323.00)
2025-05-19 16:53:52 - jugador - [DEBUG] - [JUGADOR_0] Delta flotante intentado: dx=-2.8800, dy=0.0000 (delta_time: 0.0160)
2025-05-19 16:53:52 - jugador - [DEBUG] - [JUGADOR_0] Pos flotante (pre-límites): (883.1200, 323.0000)
2025-05-19 16:53:52 - jugador - [DEBUG] - [JUGADOR_0] Pos flotante (post-límites): (883.1200, 323.0000)
2025-05-19 16:53:52 - jugador - [DEBUG] - [JUGADOR_0] Movimiento para CH: dx_int=-3, dy_int=0. HB (antes CH): (886, 323), PosFlotante: (883.1200,323.0000)
2025-05-19 16:53:52 - jugador - [DEBUG] - [JUGADOR_0] Iniciando gestión de colisión con dx=-3, dy=0. Hitbox actual: (886, 323)
2025-05-19 16:53:52 - jugador - [DEBUG] - [JUGADOR_0] Posición POST CH: HB: (888, 323), PosFlotante: (888.00, 323.00)
2025-05-19 16:53:52 - jugador - [DEBUG] - [JUGADOR_0] Input teclado procesado: mov_x_input_raw=-180, mov_y_input_raw=0
2025-05-19 16:53:52 - jugador - [DEBUG] - [JUGADOR_0] Pos flotante (pre-límites): (885.1200, 323.0000)
2025-05-19 16:53:52 - jugador - [DEBUG] - [JUGADOR_0] Pos flotante (post-límites): (885.1200, 323.0000)
2025-05-19 16:53:52 - jugador - [DEBUG] - [JUGADOR_0] Movimiento para CH: dx_int=-3, dy_int=0. HB (antes CH): (888, 323), PosFlotante: (885.1200,323.0000)
2025-05-19 16:53:52 - jugador - [DEBUG] - [JUGADOR_0] Iniciando gestión de colisión con dx=-3, dy=0. Hitbox actual: (888, 323)
2025-05-19 16:53:52 - jugador - [DEBUG] - [JUGADOR_0] Posición POST CH: HB: (890, 323), PosFlotante: (890.00, 323.00)
2025-05-19 16:53:52 - jugador - [DEBUG] - [JUGADOR_0] Pos flotante (pre-límites): (887.1200, 323.0000)
2025-05-19 16:53:52 - jugador - [DEBUG] - [JUGADOR_0] Pos flotante (post-límites): (887.1200, 323.0000)
2025-05-19 16:53:52 - jugador - [DEBUG] - [JUGADOR_0] Movimiento para CH: dx_int=-3, dy_int=0. HB (antes CH): (890, 323), PosFlotante: (887.1200,323.0000)
2025-05-19 16:53:52 - jugador - [DEBUG] - [JUGADOR_0] Iniciando gestión de colisión con dx=-3, dy=0. Hitbox actual: (890, 323)
2025-05-19 16:53:52 - jugador - [DEBUG] - [JUGADOR_0] Posición POST CH: HB: (892, 323), PosFlotante: (892.00, 323.00)
2025-05-19 16:53:52 - jugador - [DEBUG] - [JUGADOR_0] Delta flotante intentado: dx=-3.0600, dy=0.0000 (delta_time: 0.0170)
2025-05-19 16:53:52 - jugador - [DEBUG] - [JUGADOR_0] Pos flotante (pre-límites): (888.9400, 323.0000)
2025-05-19 16:53:52 - jugador - [DEBUG] - [JUGADOR_0] Pos flotante (post-límites): (888.9400, 323.0000)
2025-05-19 16:53:52 - jugador - [DEBUG] - [JUGADOR_0] Movimiento para CH: dx_int=-4, dy_int=0. HB (antes CH): (892, 323), PosFlotante: (888.9400,323.0000)
2025-05-19 16:53:52 - jugador - [DEBUG] - [JUGADOR_0] Iniciando gestión de colisión con dx=-4, dy=0. Hitbox actual: (892, 323)
2025-05-19 16:53:52 - jugador - [DEBUG] - [JUGADOR_0] Posición POST CH: HB: (894, 323), PosFlotante: (894.00, 323.00)
2025-05-19 16:53:52 - jugador - [DEBUG] - [JUGADOR_0] Input teclado procesado: mov_x_input_raw=-180, mov_y_input_raw=0
2025-05-19 16:53:52 - jugador - [DEBUG] - [JUGADOR_0] Pos flotante (pre-límites): (890.9400, 323.0000)
2025-05-19 16:53:52 - jugador - [DEBUG] - [JUGADOR_0] Pos flotante (post-límites): (890.9400, 323.0000)
2025-05-19 16:53:52 - jugador - [DEBUG] - [JUGADOR_0] Movimiento para CH: dx_int=-4, dy_int=0. HB (antes CH): (894, 323), PosFlotante: (890.9400,323.0000)
2025-05-19 16:53:52 - jugador - [DEBUG] - [JUGADOR_0] Iniciando gestión de colisión con dx=-4, dy=0. Hitbox actual: (894, 323)
2025-05-19 16:53:52 - jugador - [DEBUG] - [JUGADOR_0] Posición POST CH: HB: (896, 323), PosFlotante: (896.00, 323.00)
2025-05-19 16:53:52 - jugador - [DEBUG] - [JUGADOR_0] Delta flotante intentado: dx=-2.8800, dy=0.0000 (delta_time: 0.0160)
2025-05-19 16:53:52 - jugador - [DEBUG] - [JUGADOR_0] Pos flotante (pre-límites): (893.1200, 323.0000)
2025-05-19 16:53:52 - jugador - [DEBUG] - [JUGADOR_0] Pos flotante (post-límites): (893.1200, 323.0000)
2025-05-19 16:53:52 - jugador - [DEBUG] - [JUGADOR_0] Movimiento para CH: dx_int=-3, dy_int=0. HB (antes CH): (896, 323), PosFlotante: (893.1200,323.0000)
2025-05-19 16:53:52 - jugador - [DEBUG] - [JUGADOR_0] Iniciando gestión de colisión con dx=-3, dy=0. Hitbox actual: (896, 323)
2025-05-19 16:53:52 - jugador - [DEBUG] - [JUGADOR_0] Posición POST CH: HB: (898, 323), PosFlotante: (898.00, 323.00)
2025-05-19 16:53:52 - jugador - [DEBUG] - [JUGADOR_0] Pos flotante (pre-límites): (895.1200, 323.0000)
2025-05-19 16:53:52 - jugador - [DEBUG] - [JUGADOR_0] Pos flotante (post-límites): (895.1200, 323.0000)
2025-05-19 16:53:52 - jugador - [DEBUG] - [JUGADOR_0] Movimiento para CH: dx_int=-3, dy_int=0. HB (antes CH): (898, 323), PosFlotante: (895.1200,323.0000)
2025-05-19 16:53:52 - jugador - [DEBUG] - [JUGADOR_0] Iniciando gestión de colisión con dx=-3, dy=0. Hitbox actual: (898, 323)
2025-05-19 16:53:52 - jugador - [DEBUG] - [JUGADOR_0] Posición POST CH: HB: (900, 323), PosFlotante: (900.00, 323.00)
2025-05-19 16:53:52 - jugador - [DEBUG] - [JUGADOR_0] Pos flotante (pre-límites): (897.1200, 323.0000)
2025-05-19 16:53:52 - jugador - [DEBUG] - [JUGADOR_0] Pos flotante (post-límites): (897.1200, 323.0000)
2025-05-19 16:53:52 - jugador - [DEBUG] - [JUGADOR_0] Movimiento para CH: dx_int=-3, dy_int=0. HB (antes CH): (900, 323), PosFlotante: (897.1200,323.0000)
2025-05-19 16:53:52 - jugador - [DEBUG] - [JUGADOR_0] Iniciando gestión de colisión con dx=-3, dy=0. Hitbox actual: (900, 323)
2025-05-19 16:53:52 - jugador - [DEBUG] - [JUGADOR_0] Posición POST CH: HB: (902, 323), PosFlotante: (902.00, 323.00)
2025-05-19 16:53:52 - jugador - [INFO] - [JUGADOR_0] ATAQUE INICIADO (Cooldown: 700.0ms). Perfil: 'espada_predeterminada'
2025-05-19 16:53:52 - jugador - [DEBUG] - [JUGADOR_0] Input teclado procesado: mov_x_input_raw=-180, mov_y_input_raw=0
2025-05-19 16:53:52 - jugador - [DEBUG] - [JUGADOR_0] Pos flotante (pre-límites): (899.1200, 323.0000)
2025-05-19 16:53:52 - jugador - [DEBUG] - [JUGADOR_0] Pos flotante (post-límites): (899.1200, 323.0000)
2025-05-19 16:53:52 - jugador - [DEBUG] - [JUGADOR_0] Movimiento para CH: dx_int=-3, dy_int=0. HB (antes CH): (902, 323), PosFlotante: (899.1200,323.0000)
2025-05-19 16:53:52 - jugador - [DEBUG] - [JUGADOR_0] Iniciando gestión de colisión con dx=-3, dy=0. Hitbox actual: (902, 323)
2025-05-19 16:53:52 - jugador - [DEBUG] - [JUGADOR_0] Posición POST CH: HB: (904, 323), PosFlotante: (904.00, 323.00)
2025-05-19 16:53:52 - jugador - [DEBUG] - [JUGADOR_0] Hitbox ataque: <rect(850, 300, 54, 69)> (Dir: -1,0)
2025-05-19 16:53:52 - jugador - [INFO] - [JUGADOR_0] Golpeó a [Enemigo_1] con 5 de daño.
2025-05-19 16:53:52 - jugador - [INFO] - [JUGADOR_0] Golpeó a [Enemigo_2] con 5 de daño.
2025-05-19 16:53:52 - jugador - [DEBUG] - [JUGADOR_0] Delta flotante intentado: dx=-3.0600, dy=0.0000 (delta_time: 0.0170)
2025-05-19 16:53:52 - jugador - [DEBUG] - [JUGADOR_0] Pos flotante (pre-límites): (900.9400, 323.0000)
2025-05-19 16:53:52 - jugador - [DEBUG] - [JUGADOR_0] Pos flotante (post-límites): (900.9400, 323.0000)
2025-05-19 16:53:52 - jugador - [DEBUG] - [JUGADOR_0] Movimiento para CH: dx_int=-4, dy_int=0. HB (antes CH): (904, 323), PosFlotante: (900.9400,323.0000)
2025-05-19 16:53:52 - jugador - [DEBUG] - [JUGADOR_0] Iniciando gestión de colisión con dx=-4, dy=0. Hitbox actual: (904, 323)
2025-05-19 16:53:52 - jugador - [DEBUG] - [JUGADOR_0] Posición POST CH: HB: (906, 323), PosFlotante: (906.00, 323.00)
2025-05-19 16:53:52 - jugador - [DEBUG] - [JUGADOR_0] Hitbox ataque: <rect(852, 300, 54, 69)> (Dir: -1,0)
2025-05-19 16:53:52 - jugador - [DEBUG] - [JUGADOR_0] Delta flotante intentado: dx=-2.8800, dy=0.0000 (delta_time: 0.0160)
2025-05-19 16:53:52 - jugador - [DEBUG] - [JUGADOR_0] Pos flotante (pre-límites): (903.1200, 323.0000)
2025-05-19 16:53:52 - jugador - [DEBUG] - [JUGADOR_0] Pos flotante (post-límites): (903.1200, 323.0000)
2025-05-19 16:53:52 - jugador - [DEBUG] - [JUGADOR_0] Movimiento para CH: dx_int=-3, dy_int=0. HB (antes CH): (906, 323), PosFlotante: (903.1200,323.0000)
2025-05-19 16:53:52 - jugador - [DEBUG] - [JUGADOR_0] Iniciando gestión de colisión con dx=-3, dy=0. Hitbox actual: (906, 323)
2025-05-19 16:53:52 - jugador - [DEBUG] - [JUGADOR_0] Posición POST CH: HB: (908, 323), PosFlotante: (908.00, 323.00)
2025-05-19 16:53:52 - jugador - [DEBUG] - [JUGADOR_0] Hitbox ataque: <rect(854, 300, 54, 69)> (Dir: -1,0)
2025-05-19 16:53:52 - jugador - [DEBUG] - [JUGADOR_0] Pos flotante (pre-límites): (904.9400, 323.0000)
2025-05-19 16:53:52 - jugador - [DEBUG] - [JUGADOR_0] Pos flotante (post-límites): (904.9400, 323.0000)
2025-05-19 16:53:52 - jugador - [DEBUG] - [JUGADOR_0] Movimiento para CH: dx_int=-4, dy_int=0. HB (antes CH): (908, 323), PosFlotante: (904.9400,323.0000)
2025-05-19 16:53:52 - jugador - [DEBUG] - [JUGADOR_0] Iniciando gestión de colisión con dx=-4, dy=0. Hitbox actual: (908, 323)
2025-05-19 16:53:52 - jugador - [DEBUG] - [JUGADOR_0] Posición POST CH: HB: (910, 323), PosFlotante: (910.00, 323.00)
2025-05-19 16:53:52 - jugador - [DEBUG] - [JUGADOR_0] Hitbox ataque: <rect(856, 300, 54, 69)> (Dir: -1,0)
2025-05-19 16:53:52 - jugador - [DEBUG] - [JUGADOR_0] Input teclado procesado: mov_x_input_raw=-180, mov_y_input_raw=0
2025-05-19 16:53:52 - jugador - [DEBUG] - [JUGADOR_0] Delta flotante intentado: dx=-3.0600, dy=0.0000 (delta_time: 0.0170)
2025-05-19 16:53:52 - jugador - [DEBUG] - [JUGADOR_0] Pos flotante (pre-límites): (906.9400, 323.0000)
2025-05-19 16:53:52 - jugador - [DEBUG] - [JUGADOR_0] Pos flotante (post-límites): (906.9400, 323.0000)
2025-05-19 16:53:52 - jugador - [DEBUG] - [JUGADOR_0] Movimiento para CH: dx_int=-4, dy_int=0. HB (antes CH): (910, 323), PosFlotante: (906.9400,323.0000)
2025-05-19 16:53:52 - jugador - [DEBUG] - [JUGADOR_0] Iniciando gestión de colisión con dx=-4, dy=0. Hitbox actual: (910, 323)
2025-05-19 16:53:52 - jugador - [DEBUG] - [JUGADOR_0] Posición POST CH: HB: (912, 323), PosFlotante: (912.00, 323.00)
2025-05-19 16:53:52 - jugador - [DEBUG] - [JUGADOR_0] Hitbox ataque: <rect(858, 300, 54, 69)> (Dir: -1,0)
2025-05-19 16:53:52 - jugador - [DEBUG] - [JUGADOR_0] Pos flotante (pre-límites): (908.9400, 323.0000)
2025-05-19 16:53:52 - jugador - [DEBUG] - [JUGADOR_0] Pos flotante (post-límites): (908.9400, 323.0000)
2025-05-19 16:53:52 - jugador - [DEBUG] - [JUGADOR_0] Movimiento para CH: dx_int=-4, dy_int=0. HB (antes CH): (912, 323), PosFlotante: (908.9400,323.0000)
2025-05-19 16:53:52 - jugador - [DEBUG] - [JUGADOR_0] Iniciando gestión de colisión con dx=-4, dy=0. Hitbox actual: (912, 323)
2025-05-19 16:53:52 - jugador - [DEBUG] - [JUGADOR_0] Posición POST CH: HB: (914, 323), PosFlotante: (914.00, 323.00)
2025-05-19 16:53:52 - jugador - [DEBUG] - [JUGADOR_0] Hitbox ataque: <rect(860, 300, 54, 69)> (Dir: -1,0)
2025-05-19 16:53:52 - jugador - [DEBUG] - [JUGADOR_0] Delta flotante intentado: dx=-2.8800, dy=0.0000 (delta_time: 0.0160)
2025-05-19 16:53:52 - jugador - [DEBUG] - [JUGADOR_0] Pos flotante (pre-límites): (911.1200, 323.0000)
2025-05-19 16:53:52 - jugador - [DEBUG] - [JUGADOR_0] Pos flotante (post-límites): (911.1200, 323.0000)
2025-05-19 16:53:52 - jugador - [DEBUG] - [JUGADOR_0] Movimiento para CH: dx_int=-3, dy_int=0. HB (antes CH): (914, 323), PosFlotante: (911.1200,323.0000)
2025-05-19 16:53:52 - jugador - [DEBUG] - [JUGADOR_0] Iniciando gestión de colisión con dx=-3, dy=0. Hitbox actual: (914, 323)
2025-05-19 16:53:52 - jugador - [DEBUG] - [JUGADOR_0] Posición POST CH: HB: (916, 323), PosFlotante: (916.00, 323.00)
2025-05-19 16:53:52 - jugador - [DEBUG] - [JUGADOR_0] Hitbox ataque: <rect(862, 300, 54, 69)> (Dir: -1,0)
2025-05-19 16:53:52 - jugador - [DEBUG] - [JUGADOR_0] Pos flotante (pre-límites): (912.9400, 323.0000)
2025-05-19 16:53:52 - jugador - [DEBUG] - [JUGADOR_0] Pos flotante (post-límites): (912.9400, 323.0000)
2025-05-19 16:53:52 - jugador - [DEBUG] - [JUGADOR_0] Movimiento para CH: dx_int=-4, dy_int=0. HB (antes CH): (916, 323), PosFlotante: (912.9400,323.0000)
2025-05-19 16:53:52 - jugador - [DEBUG] - [JUGADOR_0] Iniciando gestión de colisión con dx=-4, dy=0. Hitbox actual: (916, 323)
2025-05-19 16:53:52 - jugador - [DEBUG] - [JUGADOR_0] Posición POST CH: HB: (918, 323), PosFlotante: (918.00, 323.00)
2025-05-19 16:53:52 - jugador - [DEBUG] - [JUGADOR_0] Hitbox ataque: <rect(864, 300, 54, 69)> (Dir: -1,0)
2025-05-19 16:53:52 - jugador - [DEBUG] - [JUGADOR_0] Input teclado procesado: mov_x_input_raw=-180, mov_y_input_raw=0
2025-05-19 16:53:52 - jugador - [DEBUG] - [JUGADOR_0] Pos flotante (pre-límites): (915.1200, 323.0000)
2025-05-19 16:53:52 - jugador - [DEBUG] - [JUGADOR_0] Pos flotante (post-límites): (915.1200, 323.0000)
2025-05-19 16:53:52 - jugador - [DEBUG] - [JUGADOR_0] Movimiento para CH: dx_int=-3, dy_int=0. HB (antes CH): (918, 323), PosFlotante: (915.1200,323.0000)
2025-05-19 16:53:52 - jugador - [DEBUG] - [JUGADOR_0] Iniciando gestión de colisión con dx=-3, dy=0. Hitbox actual: (918, 323)
2025-05-19 16:53:52 - jugador - [DEBUG] - [JUGADOR_0] Posición POST CH: HB: (920, 323), PosFlotante: (920.00, 323.00)
2025-05-19 16:53:52 - jugador - [DEBUG] - [JUGADOR_0] Hitbox ataque: <rect(866, 300, 54, 69)> (Dir: -1,0)
2025-05-19 16:53:52 - jugador - [DEBUG] - [JUGADOR_0] Delta flotante intentado: dx=-3.0600, dy=0.0000 (delta_time: 0.0170)
2025-05-19 16:53:52 - jugador - [DEBUG] - [JUGADOR_0] Pos flotante (pre-límites): (916.9400, 323.0000)
2025-05-19 16:53:52 - jugador - [DEBUG] - [JUGADOR_0] Pos flotante (post-límites): (916.9400, 323.0000)
2025-05-19 16:53:52 - jugador - [DEBUG] - [JUGADOR_0] Movimiento para CH: dx_int=-4, dy_int=0. HB (antes CH): (920, 323), PosFlotante: (916.9400,323.0000)
2025-05-19 16:53:52 - jugador - [DEBUG] - [JUGADOR_0] Iniciando gestión de colisión con dx=-4, dy=0. Hitbox actual: (920, 323)
2025-05-19 16:53:52 - jugador - [DEBUG] - [JUGADOR_0] Posición POST CH: HB: (922, 323), PosFlotante: (922.00, 323.00)
2025-05-19 16:53:52 - jugador - [DEBUG] - [JUGADOR_0] Hitbox ataque: <rect(868, 300, 54, 69)> (Dir: -1,0)
2025-05-19 16:53:52 - jugador - [DEBUG] - [JUGADOR_0] Pos flotante (pre-límites): (918.9400, 323.0000)
2025-05-19 16:53:52 - jugador - [DEBUG] - [JUGADOR_0] Pos flotante (post-límites): (918.9400, 323.0000)
2025-05-19 16:53:52 - jugador - [DEBUG] - [JUGADOR_0] Movimiento para CH: dx_int=-4, dy_int=0. HB (antes CH): (922, 323), PosFlotante: (918.9400,323.0000)
2025-05-19 16:53:52 - jugador - [DEBUG] - [JUGADOR_0] Iniciando gestión de colisión con dx=-4, dy=0. Hitbox actual: (922, 323)
2025-05-19 16:53:52 - jugador - [DEBUG] - [JUGADOR_0] Posición POST CH: HB: (924, 323), PosFlotante: (924.00, 323.00)
2025-05-19 16:53:52 - jugador - [DEBUG] - [JUGADOR_0] Hitbox ataque: <rect(870, 300, 54, 69)> (Dir: -1,0)
2025-05-19 16:53:52 - jugador - [DEBUG] - [JUGADOR_0] Intento de ataque en cooldown (700.0ms). Tiempo desde último: 183ms
2025-05-19 16:53:52 - jugador - [DEBUG] - [JUGADOR_0] Input teclado procesado: mov_x_input_raw=-180, mov_y_input_raw=-180
2025-05-19 16:53:52 - jugador - [DEBUG] - [JUGADOR_0] Delta flotante intentado: dx=-2.8800, dy=-2.8800 (delta_time: 0.0160)
2025-05-19 16:53:52 - jugador - [DEBUG] - [JUGADOR_0] Pos flotante (pre-límites): (921.1200, 320.1200)
2025-05-19 16:53:52 - jugador - [DEBUG] - [JUGADOR_0] Pos flotante (post-límites): (921.1200, 320.1200)
2025-05-19 16:53:52 - jugador - [DEBUG] - [JUGADOR_0] Movimiento para CH: dx_int=-3, dy_int=-3. HB (antes CH): (924, 323), PosFlotante: (921.1200,320.1200)
2025-05-19 16:53:52 - jugador - [DEBUG] - [JUGADOR_0] Iniciando gestión de colisión con dx=-3, dy=-3. Hitbox actual: (924, 323)
2025-05-19 16:53:52 - jugador - [DEBUG] - [JUGADOR_0] Posición POST CH: HB: (926, 320), PosFlotante: (926.00, 320.00)
2025-05-19 16:53:52 - jugador - [DEBUG] - [JUGADOR_0] Hitbox ataque: <rect(872, 297, 54, 69)> (Dir: -1,0)
2025-05-19 16:53:52 - jugador - [DEBUG] - [JUGADOR_0] Pos flotante (pre-límites): (923.1200, 317.1200)
2025-05-19 16:53:52 - jugador - [DEBUG] - [JUGADOR_0] Pos flotante (post-límites): (923.1200, 317.1200)
2025-05-19 16:53:52 - jugador - [DEBUG] - [JUGADOR_0] Movimiento para CH: dx_int=-3, dy_int=-3. HB (antes CH): (926, 320), PosFlotante: (923.1200,317.1200)
2025-05-19 16:53:52 - jugador - [DEBUG] - [JUGADOR_0] Iniciando gestión de colisión con dx=-3, dy=-3. Hitbox actual: (926, 320)
2025-05-19 16:53:52 - jugador - [DEBUG] - [JUGADOR_0] Posición POST CH: HB: (928, 317), PosFlotante: (928.00, 317.00)
2025-05-19 16:53:52 - jugador - [DEBUG] - [JUGADOR_0] Hitbox ataque: <rect(874, 294, 54, 69)> (Dir: -1,0)
2025-05-19 16:53:52 - jugador - [DEBUG] - [JUGADOR_0] Delta flotante intentado: dx=-3.0600, dy=-3.0600 (delta_time: 0.0170)
2025-05-19 16:53:52 - jugador - [DEBUG] - [JUGADOR_0] Pos flotante (pre-límites): (924.9400, 313.9400)
2025-05-19 16:53:52 - jugador - [DEBUG] - [JUGADOR_0] Pos flotante (post-límites): (924.9400, 313.9400)
2025-05-19 16:53:52 - jugador - [DEBUG] - [JUGADOR_0] Movimiento para CH: dx_int=-4, dy_int=-4. HB (antes CH): (928, 317), PosFlotante: (924.9400,313.9400)
2025-05-19 16:53:52 - jugador - [DEBUG] - [JUGADOR_0] Iniciando gestión de colisión con dx=-4, dy=-4. Hitbox actual: (928, 317)
2025-05-19 16:53:52 - jugador - [DEBUG] - [JUGADOR_0] Posición POST CH: HB: (930, 313), PosFlotante: (930.00, 313.00)
2025-05-19 16:53:52 - jugador - [DEBUG] - [JUGADOR_0] Hitbox ataque: <rect(876, 290, 54, 69)> (Dir: -1,0)
2025-05-19 16:53:52 - jugador - [DEBUG] - [JUGADOR_0] Pos flotante (pre-límites): (926.9400, 309.9400)
2025-05-19 16:53:52 - jugador - [DEBUG] - [JUGADOR_0] Pos flotante (post-límites): (926.9400, 309.9400)
2025-05-19 16:53:52 - jugador - [DEBUG] - [JUGADOR_0] Movimiento para CH: dx_int=-4, dy_int=-4. HB (antes CH): (930, 313), PosFlotante: (926.9400,309.9400)
2025-05-19 16:53:52 - jugador - [DEBUG] - [JUGADOR_0] Iniciando gestión de colisión con dx=-4, dy=-4. Hitbox actual: (930, 313)
2025-05-19 16:53:52 - jugador - [DEBUG] - [JUGADOR_0] Posición POST CH: HB: (932, 309), PosFlotante: (932.00, 309.00)
2025-05-19 16:53:52 - jugador - [DEBUG] - [JUGADOR_0] Hitbox ataque: <rect(878, 286, 54, 69)> (Dir: -1,0)
2025-05-19 16:53:52 - jugador - [DEBUG] - [JUGADOR_0] Input teclado procesado: mov_x_input_raw=-180, mov_y_input_raw=-180
2025-05-19 16:53:52 - jugador - [DEBUG] - [JUGADOR_0] Pos flotante (pre-límites): (928.9400, 305.9400)
2025-05-19 16:53:52 - jugador - [DEBUG] - [JUGADOR_0] Pos flotante (post-límites): (928.9400, 305.9400)
2025-05-19 16:53:52 - jugador - [DEBUG] - [JUGADOR_0] Movimiento para CH: dx_int=-4, dy_int=-4. HB (antes CH): (932, 309), PosFlotante: (928.9400,305.9400)
2025-05-19 16:53:52 - jugador - [DEBUG] - [JUGADOR_0] Iniciando gestión de colisión con dx=-4, dy=-4. Hitbox actual: (932, 309)
2025-05-19 16:53:52 - jugador - [DEBUG] - [JUGADOR_0] Posición POST CH: HB: (934, 305), PosFlotante: (934.00, 305.00)
2025-05-19 16:53:52 - jugador - [DEBUG] - [JUGADOR_0] Hitbox ataque: <rect(880, 282, 54, 69)> (Dir: -1,0)
2025-05-19 16:53:52 - jugador - [DEBUG] - [JUGADOR_0] Delta flotante intentado: dx=-3.0600, dy=-3.0600 (delta_time: 0.0170)
2025-05-19 16:53:52 - jugador - [DEBUG] - [JUGADOR_0] Pos flotante (pre-límites): (930.9400, 301.9400)
2025-05-19 16:53:52 - jugador - [DEBUG] - [JUGADOR_0] Pos flotante (post-límites): (930.9400, 301.9400)
2025-05-19 16:53:52 - jugador - [DEBUG] - [JUGADOR_0] Movimiento para CH: dx_int=-4, dy_int=-4. HB (antes CH): (934, 305), PosFlotante: (930.9400,301.9400)
2025-05-19 16:53:52 - jugador - [DEBUG] - [JUGADOR_0] Iniciando gestión de colisión con dx=-4, dy=-4. Hitbox actual: (934, 305)
2025-05-19 16:53:52 - jugador - [DEBUG] - [JUGADOR_0] Posición POST CH: HB: (936, 301), PosFlotante: (936.00, 301.00)
2025-05-19 16:53:52 - jugador - [DEBUG] - [JUGADOR_0] ATAQUE FINALIZADO (Duración: 260ms). Enemigos golpeados: 2
2025-05-19 16:53:52 - jugador - [DEBUG] - [JUGADOR_0] Delta flotante intentado: dx=-2.8800, dy=-2.8800 (delta_time: 0.0160)
2025-05-19 16:53:52 - jugador - [DEBUG] - [JUGADOR_0] Pos flotante (pre-límites): (933.1200, 298.1200)
2025-05-19 16:53:52 - jugador - [DEBUG] - [JUGADOR_0] Pos flotante (post-límites): (933.1200, 298.1200)
2025-05-19 16:53:52 - jugador - [DEBUG] - [JUGADOR_0] Movimiento para CH: dx_int=-3, dy_int=-3. HB (antes CH): (936, 301), PosFlotante: (933.1200,298.1200)
2025-05-19 16:53:52 - jugador - [DEBUG] - [JUGADOR_0] Iniciando gestión de colisión con dx=-3, dy=-3. Hitbox actual: (936, 301)
2025-05-19 16:53:52 - jugador - [DEBUG] - [JUGADOR_0] Posición POST CH: HB: (937, 298), PosFlotante: (937.00, 298.00)
2025-05-19 16:53:52 - jugador - [DEBUG] - [JUGADOR_0] Input teclado procesado: mov_x_input_raw=-180, mov_y_input_raw=-180
2025-05-19 16:53:52 - jugador - [DEBUG] - [JUGADOR_0] Pos flotante (pre-límites): (933.9400, 294.9400)
2025-05-19 16:53:52 - jugador - [DEBUG] - [JUGADOR_0] Pos flotante (post-límites): (933.9400, 294.9400)
2025-05-19 16:53:52 - jugador - [DEBUG] - [JUGADOR_0] Movimiento para CH: dx_int=-4, dy_int=-4. HB (antes CH): (937, 298), PosFlotante: (933.9400,294.9400)
2025-05-19 16:53:52 - jugador - [DEBUG] - [JUGADOR_0] Iniciando gestión de colisión con dx=-4, dy=-4. Hitbox actual: (937, 298)
2025-05-19 16:53:52 - jugador - [DEBUG] - [JUGADOR_0] Posición POST CH: HB: (938, 294), PosFlotante: (938.00, 294.00)
2025-05-19 16:53:52 - jugador - [DEBUG] - [JUGADOR_0] Input teclado procesado: mov_x_input_raw=-180, mov_y_input_raw=0
2025-05-19 16:53:52 - jugador - [DEBUG] - [JUGADOR_0] Delta flotante intentado: dx=-3.0600, dy=0.0000 (delta_time: 0.0170)
2025-05-19 16:53:52 - jugador - [DEBUG] - [JUGADOR_0] Pos flotante (pre-límites): (934.9400, 294.0000)
2025-05-19 16:53:52 - jugador - [DEBUG] - [JUGADOR_0] Pos flotante (post-límites): (934.9400, 294.0000)
2025-05-19 16:53:52 - jugador - [DEBUG] - [JUGADOR_0] Movimiento para CH: dx_int=-4, dy_int=0. HB (antes CH): (938, 294), PosFlotante: (934.9400,294.0000)
2025-05-19 16:53:52 - jugador - [DEBUG] - [JUGADOR_0] Iniciando gestión de colisión con dx=-4, dy=0. Hitbox actual: (938, 294)
2025-05-19 16:53:52 - jugador - [DEBUG] - [JUGADOR_0] Posición POST CH: HB: (934, 294), PosFlotante: (934.00, 294.00)
2025-05-19 16:53:52 - jugador - [DEBUG] - [JUGADOR_0] Pos flotante (pre-límites): (930.9400, 294.0000)
2025-05-19 16:53:52 - jugador - [DEBUG] - [JUGADOR_0] Pos flotante (post-límites): (930.9400, 294.0000)
2025-05-19 16:53:52 - jugador - [DEBUG] - [JUGADOR_0] Movimiento para CH: dx_int=-4, dy_int=0. HB (antes CH): (934, 294), PosFlotante: (930.9400,294.0000)
2025-05-19 16:53:52 - jugador - [DEBUG] - [JUGADOR_0] Iniciando gestión de colisión con dx=-4, dy=0. Hitbox actual: (934, 294)
2025-05-19 16:53:52 - jugador - [DEBUG] - [JUGADOR_0] Posición POST CH: HB: (940, 294), PosFlotante: (940.00, 294.00)
2025-05-19 16:53:52 - jugador - [DEBUG] - [JUGADOR_0] Pos flotante (pre-límites): (936.9400, 294.0000)
2025-05-19 16:53:52 - jugador - [DEBUG] - [JUGADOR_0] Pos flotante (post-límites): (936.9400, 294.0000)
2025-05-19 16:53:52 - jugador - [DEBUG] - [JUGADOR_0] Movimiento para CH: dx_int=-4, dy_int=0. HB (antes CH): (940, 294), PosFlotante: (936.9400,294.0000)
2025-05-19 16:53:52 - jugador - [DEBUG] - [JUGADOR_0] Iniciando gestión de colisión con dx=-4, dy=0. Hitbox actual: (940, 294)
2025-05-19 16:53:52 - jugador - [DEBUG] - [JUGADOR_0] Posición POST CH: HB: (941, 294), PosFlotante: (941.00, 294.00)
2025-05-19 16:53:52 - jugador - [DEBUG] - [JUGADOR_0] Input teclado procesado: mov_x_input_raw=-180, mov_y_input_raw=0
2025-05-19 16:53:52 - jugador - [DEBUG] - [JUGADOR_0] Delta flotante intentado: dx=-3.0600, dy=0.0000 (delta_time: 0.0170)
2025-05-19 16:53:52 - jugador - [DEBUG] - [JUGADOR_0] Pos flotante (pre-límites): (937.9400, 294.0000)
2025-05-19 16:53:52 - jugador - [DEBUG] - [JUGADOR_0] Pos flotante (post-límites): (937.9400, 294.0000)
2025-05-19 16:53:52 - jugador - [DEBUG] - [JUGADOR_0] Movimiento para CH: dx_int=-4, dy_int=0. HB (antes CH): (941, 294), PosFlotante: (937.9400,294.0000)
2025-05-19 16:53:52 - jugador - [DEBUG] - [JUGADOR_0] Iniciando gestión de colisión con dx=-4, dy=0. Hitbox actual: (941, 294)
2025-05-19 16:53:52 - jugador - [DEBUG] - [JUGADOR_0] Posición POST CH: HB: (942, 294), PosFlotante: (942.00, 294.00)
2025-05-19 16:53:52 - jugador - [DEBUG] - [JUGADOR_0] Intento de ataque en cooldown (700.0ms). Tiempo desde último: 384ms
2025-05-19 16:53:52 - jugador - [DEBUG] - [JUGADOR_0] Delta flotante intentado: dx=-2.8800, dy=0.0000 (delta_time: 0.0160)
2025-05-19 16:53:52 - jugador - [DEBUG] - [JUGADOR_0] Pos flotante (pre-límites): (939.1200, 294.0000)
2025-05-19 16:53:52 - jugador - [DEBUG] - [JUGADOR_0] Pos flotante (post-límites): (939.1200, 294.0000)
2025-05-19 16:53:52 - jugador - [DEBUG] - [JUGADOR_0] Movimiento para CH: dx_int=-3, dy_int=0. HB (antes CH): (942, 294), PosFlotante: (939.1200,294.0000)
2025-05-19 16:53:52 - jugador - [DEBUG] - [JUGADOR_0] Iniciando gestión de colisión con dx=-3, dy=0. Hitbox actual: (942, 294)
2025-05-19 16:53:52 - jugador - [DEBUG] - [JUGADOR_0] Posición POST CH: HB: (943, 294), PosFlotante: (943.00, 294.00)
2025-05-19 16:53:52 - jugador - [DEBUG] - [JUGADOR_0] Pos flotante (pre-límites): (940.1200, 294.0000)
2025-05-19 16:53:52 - jugador - [DEBUG] - [JUGADOR_0] Pos flotante (post-límites): (940.1200, 294.0000)
2025-05-19 16:53:52 - jugador - [DEBUG] - [JUGADOR_0] Movimiento para CH: dx_int=-3, dy_int=0. HB (antes CH): (943, 294), PosFlotante: (940.1200,294.0000)
2025-05-19 16:53:52 - jugador - [DEBUG] - [JUGADOR_0] Iniciando gestión de colisión con dx=-3, dy=0. Hitbox actual: (943, 294)
2025-05-19 16:53:52 - jugador - [DEBUG] - [JUGADOR_0] Posición POST CH: HB: (944, 294), PosFlotante: (944.00, 294.00)
2025-05-19 16:53:52 - jugador - [DEBUG] - [JUGADOR_0] Pos flotante (pre-límites): (940.9400, 294.0000)
2025-05-19 16:53:52 - jugador - [DEBUG] - [JUGADOR_0] Pos flotante (post-límites): (940.9400, 294.0000)
2025-05-19 16:53:52 - jugador - [DEBUG] - [JUGADOR_0] Movimiento para CH: dx_int=-4, dy_int=0. HB (antes CH): (944, 294), PosFlotante: (940.9400,294.0000)
2025-05-19 16:53:52 - jugador - [DEBUG] - [JUGADOR_0] Iniciando gestión de colisión con dx=-4, dy=0. Hitbox actual: (944, 294)
2025-05-19 16:53:52 - jugador - [DEBUG] - [JUGADOR_0] Posición POST CH: HB: (946, 294), PosFlotante: (946.00, 294.00)
2025-05-19 16:53:52 - jugador - [DEBUG] - [JUGADOR_0] Input teclado procesado: mov_x_input_raw=-180, mov_y_input_raw=180
2025-05-19 16:53:52 - jugador - [DEBUG] - [JUGADOR_0] Delta flotante intentado: dx=-3.0600, dy=3.0600 (delta_time: 0.0170)
2025-05-19 16:53:52 - jugador - [DEBUG] - [JUGADOR_0] Pos flotante (pre-límites): (942.9400, 297.0600)
2025-05-19 16:53:52 - jugador - [DEBUG] - [JUGADOR_0] Pos flotante (post-límites): (942.9400, 297.0600)
2025-05-19 16:53:52 - jugador - [DEBUG] - [JUGADOR_0] Movimiento para CH: dx_int=-4, dy_int=4. HB (antes CH): (946, 294), PosFlotante: (942.9400,297.0600)
2025-05-19 16:53:52 - jugador - [DEBUG] - [JUGADOR_0] Iniciando gestión de colisión con dx=-4, dy=4. Hitbox actual: (946, 294)
2025-05-19 16:53:52 - jugador - [DEBUG] - [JUGADOR_0] Posición POST CH: HB: (948, 298), PosFlotante: (948.00, 298.00)
2025-05-19 16:53:52 - jugador - [DEBUG] - [JUGADOR_0] Pos flotante (pre-límites): (944.9400, 301.0600)
2025-05-19 16:53:52 - jugador - [DEBUG] - [JUGADOR_0] Pos flotante (post-límites): (944.9400, 301.0600)
2025-05-19 16:53:52 - jugador - [DEBUG] - [JUGADOR_0] Movimiento para CH: dx_int=-4, dy_int=4. HB (antes CH): (948, 298), PosFlotante: (944.9400,301.0600)
2025-05-19 16:53:52 - jugador - [DEBUG] - [JUGADOR_0] Iniciando gestión de colisión con dx=-4, dy=4. Hitbox actual: (948, 298)
2025-05-19 16:53:52 - jugador - [DEBUG] - [JUGADOR_0] Posición POST CH: HB: (950, 302), PosFlotante: (950.00, 302.00)
2025-05-19 16:53:52 - jugador - [DEBUG] - [JUGADOR_0] Pos flotante (pre-límites): (946.9400, 305.0600)
2025-05-19 16:53:52 - jugador - [DEBUG] - [JUGADOR_0] Pos flotante (post-límites): (946.9400, 305.0600)
2025-05-19 16:53:52 - jugador - [DEBUG] - [JUGADOR_0] Movimiento para CH: dx_int=-4, dy_int=4. HB (antes CH): (950, 302), PosFlotante: (946.9400,305.0600)
2025-05-19 16:53:52 - jugador - [DEBUG] - [JUGADOR_0] Iniciando gestión de colisión con dx=-4, dy=4. Hitbox actual: (950, 302)
2025-05-19 16:53:52 - jugador - [DEBUG] - [JUGADOR_0] Posición POST CH: HB: (952, 306), PosFlotante: (952.00, 306.00)
2025-05-19 16:53:52 - jugador - [DEBUG] - [JUGADOR_0] Delta flotante intentado: dx=-2.8800, dy=2.8800 (delta_time: 0.0160)
2025-05-19 16:53:52 - jugador - [DEBUG] - [JUGADOR_0] Pos flotante (pre-límites): (949.1200, 308.8800)
2025-05-19 16:53:52 - jugador - [DEBUG] - [JUGADOR_0] Pos flotante (post-límites): (949.1200, 308.8800)
2025-05-19 16:53:52 - jugador - [DEBUG] - [JUGADOR_0] Movimiento para CH: dx_int=-3, dy_int=3. HB (antes CH): (952, 306), PosFlotante: (949.1200,308.8800)
2025-05-19 16:53:52 - jugador - [DEBUG] - [JUGADOR_0] Iniciando gestión de colisión con dx=-3, dy=3. Hitbox actual: (952, 306)
2025-05-19 16:53:52 - jugador - [DEBUG] - [JUGADOR_0] Posición POST CH: HB: (954, 309), PosFlotante: (954.00, 309.00)
2025-05-19 16:53:52 - jugador - [DEBUG] - [JUGADOR_0] Input teclado procesado: mov_x_input_raw=-180, mov_y_input_raw=180
2025-05-19 16:53:52 - jugador - [DEBUG] - [JUGADOR_0] Delta flotante intentado: dx=-3.0600, dy=3.0600 (delta_time: 0.0170)
2025-05-19 16:53:52 - jugador - [DEBUG] - [JUGADOR_0] Pos flotante (pre-límites): (950.9400, 312.0600)
2025-05-19 16:53:52 - jugador - [DEBUG] - [JUGADOR_0] Pos flotante (post-límites): (950.9400, 312.0600)
2025-05-19 16:53:52 - jugador - [DEBUG] - [JUGADOR_0] Movimiento para CH: dx_int=-4, dy_int=4. HB (antes CH): (954, 309), PosFlotante: (950.9400,312.0600)
2025-05-19 16:53:52 - jugador - [DEBUG] - [JUGADOR_0] Iniciando gestión de colisión con dx=-4, dy=4. Hitbox actual: (954, 309)
2025-05-19 16:53:52 - jugador - [DEBUG] - [JUGADOR_0] Posición POST CH: HB: (956, 313), PosFlotante: (956.00, 313.00)
2025-05-19 16:53:52 - jugador - [DEBUG] - [JUGADOR_0] Input teclado procesado: mov_x_input_raw=180, mov_y_input_raw=180
2025-05-19 16:53:52 - jugador - [DEBUG] - [JUGADOR_0] Delta flotante intentado: dx=3.0600, dy=3.0600 (delta_time: 0.0170)
2025-05-19 16:53:52 - jugador - [DEBUG] - [JUGADOR_0] Pos flotante (pre-límites): (959.0600, 316.0600)
2025-05-19 16:53:52 - jugador - [DEBUG] - [JUGADOR_0] Pos flotante (post-límites): (959.0600, 316.0600)
2025-05-19 16:53:52 - jugador - [DEBUG] - [JUGADOR_0] Movimiento para CH: dx_int=4, dy_int=4. HB (antes CH): (956, 313), PosFlotante: (959.0600,316.0600)
2025-05-19 16:53:52 - jugador - [DEBUG] - [JUGADOR_0] Iniciando gestión de colisión con dx=4, dy=4. Hitbox actual: (956, 313)
2025-05-19 16:53:52 - jugador - [DEBUG] - [JUGADOR_0] Posición POST CH: HB: (962, 317), PosFlotante: (962.00, 317.00)
2025-05-19 16:53:52 - jugador - [DEBUG] - [JUGADOR_0] Delta flotante intentado: dx=3.2400, dy=3.2400 (delta_time: 0.0180)
2025-05-19 16:53:52 - jugador - [DEBUG] - [JUGADOR_0] Pos flotante (pre-límites): (965.2400, 320.2400)
2025-05-19 16:53:52 - jugador - [DEBUG] - [JUGADOR_0] Pos flotante (post-límites): (965.2400, 320.2400)
2025-05-19 16:53:52 - jugador - [DEBUG] - [JUGADOR_0] Movimiento para CH: dx_int=4, dy_int=4. HB (antes CH): (962, 317), PosFlotante: (965.2400,320.2400)
2025-05-19 16:53:52 - jugador - [DEBUG] - [JUGADOR_0] Iniciando gestión de colisión con dx=4, dy=4. Hitbox actual: (962, 317)
2025-05-19 16:53:52 - jugador - [DEBUG] - [JUGADOR_0] Posición POST CH: HB: (966, 321), PosFlotante: (966.00, 321.00)
2025-05-19 16:53:52 - jugador - [DEBUG] - [JUGADOR_0] Delta flotante intentado: dx=2.8800, dy=2.8800 (delta_time: 0.0160)
2025-05-19 16:53:52 - jugador - [DEBUG] - [JUGADOR_0] Pos flotante (pre-límites): (968.8800, 323.8800)
2025-05-19 16:53:52 - jugador - [DEBUG] - [JUGADOR_0] Pos flotante (post-límites): (968.8800, 323.8800)
2025-05-19 16:53:52 - jugador - [DEBUG] - [JUGADOR_0] Movimiento para CH: dx_int=3, dy_int=3. HB (antes CH): (966, 321), PosFlotante: (968.8800,323.8800)
2025-05-19 16:53:52 - jugador - [DEBUG] - [JUGADOR_0] Iniciando gestión de colisión con dx=3, dy=3. Hitbox actual: (966, 321)
2025-05-19 16:53:52 - jugador - [DEBUG] - [JUGADOR_0] Posición POST CH: HB: (969, 324), PosFlotante: (969.00, 324.00)
2025-05-19 16:53:52 - jugador - [DEBUG] - [JUGADOR_0] Intento de ataque en cooldown (700.0ms). Tiempo desde último: 568ms
2025-05-19 16:53:52 - jugador - [DEBUG] - [JUGADOR_0] Input teclado procesado: mov_x_input_raw=180, mov_y_input_raw=180
2025-05-19 16:53:52 - jugador - [DEBUG] - [JUGADOR_0] Pos flotante (pre-límites): (971.8800, 326.8800)
2025-05-19 16:53:52 - jugador - [DEBUG] - [JUGADOR_0] Pos flotante (post-límites): (971.8800, 326.8800)
2025-05-19 16:53:52 - jugador - [DEBUG] - [JUGADOR_0] Movimiento para CH: dx_int=3, dy_int=3. HB (antes CH): (969, 324), PosFlotante: (971.8800,326.8800)
2025-05-19 16:53:52 - jugador - [DEBUG] - [JUGADOR_0] Iniciando gestión de colisión con dx=3, dy=3. Hitbox actual: (969, 324)
2025-05-19 16:53:52 - jugador - [DEBUG] - [JUGADOR_0] Posición POST CH: HB: (972, 327), PosFlotante: (972.00, 327.00)
2025-05-19 16:53:52 - jugador - [DEBUG] - [JUGADOR_0] Delta flotante intentado: dx=3.0600, dy=3.0600 (delta_time: 0.0170)
2025-05-19 16:53:52 - jugador - [DEBUG] - [JUGADOR_0] Pos flotante (pre-límites): (975.0600, 330.0600)
2025-05-19 16:53:52 - jugador - [DEBUG] - [JUGADOR_0] Pos flotante (post-límites): (975.0600, 330.0600)
2025-05-19 16:53:52 - jugador - [DEBUG] - [JUGADOR_0] Movimiento para CH: dx_int=4, dy_int=4. HB (antes CH): (972, 327), PosFlotante: (975.0600,330.0600)
2025-05-19 16:53:52 - jugador - [DEBUG] - [JUGADOR_0] Iniciando gestión de colisión con dx=4, dy=4. Hitbox actual: (972, 327)
2025-05-19 16:53:52 - jugador - [DEBUG] - [JUGADOR_0] Posición POST CH: HB: (976, 331), PosFlotante: (976.00, 331.00)
2025-05-19 16:53:53 - jugador - [DEBUG] - [JUGADOR_0] Input teclado procesado: mov_x_input_raw=180, mov_y_input_raw=0
2025-05-19 16:53:53 - jugador - [DEBUG] - [JUGADOR_0] Delta flotante intentado: dx=3.0600, dy=0.0000 (delta_time: 0.0170)
2025-05-19 16:53:53 - jugador - [DEBUG] - [JUGADOR_0] Pos flotante (pre-límites): (979.0600, 331.0000)
2025-05-19 16:53:53 - jugador - [DEBUG] - [JUGADOR_0] Pos flotante (post-límites): (979.0600, 331.0000)
2025-05-19 16:53:53 - jugador - [DEBUG] - [JUGADOR_0] Movimiento para CH: dx_int=4, dy_int=0. HB (antes CH): (976, 331), PosFlotante: (979.0600,331.0000)
2025-05-19 16:53:53 - jugador - [DEBUG] - [JUGADOR_0] Iniciando gestión de colisión con dx=4, dy=0. Hitbox actual: (976, 331)
2025-05-19 16:53:53 - jugador - [DEBUG] - [JUGADOR_0] Posición POST CH: HB: (980, 331), PosFlotante: (980.00, 331.00)
2025-05-19 16:53:53 - jugador - [DEBUG] - [JUGADOR_0] Pos flotante (pre-límites): (983.0600, 331.0000)
2025-05-19 16:53:53 - jugador - [DEBUG] - [JUGADOR_0] Pos flotante (post-límites): (983.0600, 331.0000)
2025-05-19 16:53:53 - jugador - [DEBUG] - [JUGADOR_0] Movimiento para CH: dx_int=4, dy_int=0. HB (antes CH): (980, 331), PosFlotante: (983.0600,331.0000)
2025-05-19 16:53:53 - jugador - [DEBUG] - [JUGADOR_0] Iniciando gestión de colisión con dx=4, dy=0. Hitbox actual: (980, 331)
2025-05-19 16:53:53 - jugador - [DEBUG] - [JUGADOR_0] Posición POST CH: HB: (984, 331), PosFlotante: (984.00, 331.00)
2025-05-19 16:53:53 - jugador - [DEBUG] - [JUGADOR_0] Delta flotante intentado: dx=2.8800, dy=0.0000 (delta_time: 0.0160)
2025-05-19 16:53:53 - jugador - [DEBUG] - [JUGADOR_0] Pos flotante (pre-límites): (986.8800, 331.0000)
2025-05-19 16:53:53 - jugador - [DEBUG] - [JUGADOR_0] Pos flotante (post-límites): (986.8800, 331.0000)
2025-05-19 16:53:53 - jugador - [DEBUG] - [JUGADOR_0] Movimiento para CH: dx_int=3, dy_int=0. HB (antes CH): (984, 331), PosFlotante: (986.8800,331.0000)
2025-05-19 16:53:53 - jugador - [DEBUG] - [JUGADOR_0] Iniciando gestión de colisión con dx=3, dy=0. Hitbox actual: (984, 331)
2025-05-19 16:53:53 - jugador - [DEBUG] - [JUGADOR_0] Posición POST CH: HB: (987, 331), PosFlotante: (987.00, 331.00)
2025-05-19 16:53:53 - jugador - [DEBUG] - [JUGADOR_0] Pos flotante (pre-límites): (989.8800, 331.0000)
2025-05-19 16:53:53 - jugador - [DEBUG] - [JUGADOR_0] Pos flotante (post-límites): (989.8800, 331.0000)
2025-05-19 16:53:53 - jugador - [DEBUG] - [JUGADOR_0] Movimiento para CH: dx_int=3, dy_int=0. HB (antes CH): (987, 331), PosFlotante: (989.8800,331.0000)
2025-05-19 16:53:53 - jugador - [DEBUG] - [JUGADOR_0] Iniciando gestión de colisión con dx=3, dy=0. Hitbox actual: (987, 331)
2025-05-19 16:53:53 - jugador - [DEBUG] - [JUGADOR_0] Posición POST CH: HB: (990, 331), PosFlotante: (990.00, 331.00)
2025-05-19 16:53:53 - jugador - [DEBUG] - [JUGADOR_0] Input teclado procesado: mov_x_input_raw=-180, mov_y_input_raw=0
2025-05-19 16:53:53 - jugador - [DEBUG] - [JUGADOR_0] Delta flotante intentado: dx=-3.0600, dy=0.0000 (delta_time: 0.0170)
2025-05-19 16:53:53 - jugador - [DEBUG] - [JUGADOR_0] Pos flotante (pre-límites): (986.9400, 331.0000)
2025-05-19 16:53:53 - jugador - [DEBUG] - [JUGADOR_0] Pos flotante (post-límites): (986.9400, 331.0000)
2025-05-19 16:53:53 - jugador - [DEBUG] - [JUGADOR_0] Movimiento para CH: dx_int=-4, dy_int=0. HB (antes CH): (990, 331), PosFlotante: (986.9400,331.0000)
2025-05-19 16:53:53 - jugador - [DEBUG] - [JUGADOR_0] Iniciando gestión de colisión con dx=-4, dy=0. Hitbox actual: (990, 331)
2025-05-19 16:53:53 - jugador - [DEBUG] - [JUGADOR_0] Posición POST CH: HB: (986, 331), PosFlotante: (986.00, 331.00)
2025-05-19 16:53:53 - jugador - [DEBUG] - [JUGADOR_0] Delta flotante intentado: dx=-2.8800, dy=0.0000 (delta_time: 0.0160)
2025-05-19 16:53:53 - jugador - [DEBUG] - [JUGADOR_0] Pos flotante (pre-límites): (983.1200, 331.0000)
2025-05-19 16:53:53 - jugador - [DEBUG] - [JUGADOR_0] Pos flotante (post-límites): (983.1200, 331.0000)
2025-05-19 16:53:53 - jugador - [DEBUG] - [JUGADOR_0] Movimiento para CH: dx_int=-3, dy_int=0. HB (antes CH): (986, 331), PosFlotante: (983.1200,331.0000)
2025-05-19 16:53:53 - jugador - [DEBUG] - [JUGADOR_0] Iniciando gestión de colisión con dx=-3, dy=0. Hitbox actual: (986, 331)
2025-05-19 16:53:53 - jugador - [DEBUG] - [JUGADOR_0] Posición POST CH: HB: (983, 331), PosFlotante: (983.00, 331.00)
2025-05-19 16:53:53 - jugador - [DEBUG] - [JUGADOR_0] Pos flotante (pre-límites): (979.9400, 331.0000)
2025-05-19 16:53:53 - jugador - [DEBUG] - [JUGADOR_0] Pos flotante (post-límites): (979.9400, 331.0000)
2025-05-19 16:53:53 - jugador - [DEBUG] - [JUGADOR_0] Movimiento para CH: dx_int=-4, dy_int=0. HB (antes CH): (983, 331), PosFlotante: (979.9400,331.0000)
2025-05-19 16:53:53 - jugador - [DEBUG] - [JUGADOR_0] Iniciando gestión de colisión con dx=-4, dy=0. Hitbox actual: (983, 331)
2025-05-19 16:53:53 - jugador - [DEBUG] - [JUGADOR_0] Posición POST CH: HB: (980, 331), PosFlotante: (980.00, 331.00)
2025-05-19 16:53:53 - jugador - [DEBUG] - [JUGADOR_0] Pos flotante (pre-límites): (976.9400, 331.0000)
2025-05-19 16:53:53 - jugador - [DEBUG] - [JUGADOR_0] Pos flotante (post-límites): (976.9400, 331.0000)
2025-05-19 16:53:53 - jugador - [DEBUG] - [JUGADOR_0] Movimiento para CH: dx_int=-4, dy_int=0. HB (antes CH): (980, 331), PosFlotante: (976.9400,331.0000)
2025-05-19 16:53:53 - jugador - [DEBUG] - [JUGADOR_0] Iniciando gestión de colisión con dx=-4, dy=0. Hitbox actual: (980, 331)
2025-05-19 16:53:53 - jugador - [DEBUG] - [JUGADOR_0] Posición POST CH: HB: (982, 331), PosFlotante: (982.00, 331.00)
2025-05-19 16:53:53 - jugador - [DEBUG] - [JUGADOR_0] Input teclado procesado: mov_x_input_raw=-180, mov_y_input_raw=180
2025-05-19 16:53:53 - jugador - [DEBUG] - [JUGADOR_0] Delta flotante intentado: dx=-2.8800, dy=2.8800 (delta_time: 0.0160)
2025-05-19 16:53:53 - jugador - [DEBUG] - [JUGADOR_0] Pos flotante (pre-límites): (979.1200, 333.8800)
2025-05-19 16:53:53 - jugador - [DEBUG] - [JUGADOR_0] Pos flotante (post-límites): (979.1200, 333.8800)
2025-05-19 16:53:53 - jugador - [DEBUG] - [JUGADOR_0] Movimiento para CH: dx_int=-3, dy_int=3. HB (antes CH): (982, 331), PosFlotante: (979.1200,333.8800)
2025-05-19 16:53:53 - jugador - [DEBUG] - [JUGADOR_0] Iniciando gestión de colisión con dx=-3, dy=3. Hitbox actual: (982, 331)
2025-05-19 16:53:53 - jugador - [DEBUG] - [JUGADOR_0] Posición POST CH: HB: (984, 334), PosFlotante: (984.00, 334.00)
2025-05-19 16:53:53 - jugador - [INFO] - [JUGADOR_0] ATAQUE INICIADO (Cooldown: 700.0ms). Perfil: 'espada_predeterminada'
2025-05-19 16:53:53 - jugador - [DEBUG] - [JUGADOR_0] Delta flotante intentado: dx=-3.0600, dy=3.0600 (delta_time: 0.0170)
2025-05-19 16:53:53 - jugador - [DEBUG] - [JUGADOR_0] Pos flotante (pre-límites): (980.9400, 337.0600)
2025-05-19 16:53:53 - jugador - [DEBUG] - [JUGADOR_0] Pos flotante (post-límites): (980.9400, 337.0600)
2025-05-19 16:53:53 - jugador - [DEBUG] - [JUGADOR_0] Movimiento para CH: dx_int=-4, dy_int=4. HB (antes CH): (984, 334), PosFlotante: (980.9400,337.0600)
2025-05-19 16:53:53 - jugador - [DEBUG] - [JUGADOR_0] Iniciando gestión de colisión con dx=-4, dy=4. Hitbox actual: (984, 334)
2025-05-19 16:53:53 - jugador - [DEBUG] - [JUGADOR_0] Posición POST CH: HB: (986, 338), PosFlotante: (986.00, 338.00)
2025-05-19 16:53:53 - jugador - [DEBUG] - [JUGADOR_0] Hitbox ataque: <rect(932, 315, 54, 69)> (Dir: -1,0)
2025-05-19 16:53:53 - jugador - [INFO] - [JUGADOR_0] Golpeó a [Enemigo_1] con 5 de daño.
2025-05-19 16:53:53 - jugador - [INFO] - [JUGADOR_0] Golpeó a [Enemigo_2] con 5 de daño.
2025-05-19 16:53:53 - jugador - [DEBUG] - [JUGADOR_0] Input teclado procesado: mov_x_input_raw=180, mov_y_input_raw=180
2025-05-19 16:53:53 - jugador - [DEBUG] - [JUGADOR_0] Delta flotante intentado: dx=3.0600, dy=3.0600 (delta_time: 0.0170)
2025-05-19 16:53:53 - jugador - [DEBUG] - [JUGADOR_0] Pos flotante (pre-límites): (989.0600, 341.0600)
2025-05-19 16:53:53 - jugador - [DEBUG] - [JUGADOR_0] Pos flotante (post-límites): (989.0600, 341.0600)
2025-05-19 16:53:53 - jugador - [DEBUG] - [JUGADOR_0] Movimiento para CH: dx_int=4, dy_int=4. HB (antes CH): (986, 338), PosFlotante: (989.0600,341.0600)
2025-05-19 16:53:53 - jugador - [DEBUG] - [JUGADOR_0] Iniciando gestión de colisión con dx=4, dy=4. Hitbox actual: (986, 338)
2025-05-19 16:53:53 - jugador - [DEBUG] - [JUGADOR_0] Posición POST CH: HB: (992, 342), PosFlotante: (992.00, 342.00)
2025-05-19 16:53:53 - jugador - [DEBUG] - [JUGADOR_0] Hitbox ataque: <rect(1016, 319, 54, 69)> (Dir: 1,0)
2025-05-19 16:53:53 - jugador - [DEBUG] - [JUGADOR_0] Pos flotante (pre-límites): (995.0600, 345.0600)
2025-05-19 16:53:53 - jugador - [DEBUG] - [JUGADOR_0] Pos flotante (post-límites): (995.0600, 345.0600)
2025-05-19 16:53:53 - jugador - [DEBUG] - [JUGADOR_0] Movimiento para CH: dx_int=4, dy_int=4. HB (antes CH): (992, 342), PosFlotante: (995.0600,345.0600)
2025-05-19 16:53:53 - jugador - [DEBUG] - [JUGADOR_0] Iniciando gestión de colisión con dx=4, dy=4. Hitbox actual: (992, 342)
2025-05-19 16:53:53 - jugador - [DEBUG] - [JUGADOR_0] Posición POST CH: HB: (996, 346), PosFlotante: (996.00, 346.00)
2025-05-19 16:53:53 - jugador - [DEBUG] - [JUGADOR_0] Hitbox ataque: <rect(1020, 323, 54, 69)> (Dir: 1,0)
2025-05-19 16:53:53 - jugador - [DEBUG] - [JUGADOR_0] Input teclado procesado: mov_x_input_raw=180, mov_y_input_raw=0
2025-05-19 16:53:53 - jugador - [DEBUG] - [JUGADOR_0] Delta flotante intentado: dx=3.0600, dy=0.0000 (delta_time: 0.0170)
2025-05-19 16:53:53 - jugador - [DEBUG] - [JUGADOR_0] Pos flotante (pre-límites): (999.0600, 346.0000)
2025-05-19 16:53:53 - jugador - [DEBUG] - [JUGADOR_0] Pos flotante (post-límites): (999.0600, 346.0000)
2025-05-19 16:53:53 - jugador - [DEBUG] - [JUGADOR_0] Movimiento para CH: dx_int=4, dy_int=0. HB (antes CH): (996, 346), PosFlotante: (999.0600,346.0000)
2025-05-19 16:53:53 - jugador - [DEBUG] - [JUGADOR_0] Iniciando gestión de colisión con dx=4, dy=0. Hitbox actual: (996, 346)
2025-05-19 16:53:53 - jugador - [DEBUG] - [JUGADOR_0] Posición POST CH: HB: (1000, 346), PosFlotante: (1000.00, 346.00)
2025-05-19 16:53:53 - jugador - [DEBUG] - [JUGADOR_0] Hitbox ataque: <rect(1024, 323, 54, 69)> (Dir: 1,0)
2025-05-19 16:53:53 - jugador - [DEBUG] - [JUGADOR_0] Pos flotante (pre-límites): (1003.0600, 346.0000)
2025-05-19 16:53:53 - jugador - [DEBUG] - [JUGADOR_0] Pos flotante (post-límites): (1003.0600, 346.0000)
2025-05-19 16:53:53 - jugador - [DEBUG] - [JUGADOR_0] Movimiento para CH: dx_int=4, dy_int=0. HB (antes CH): (1000, 346), PosFlotante: (1003.0600,346.0000)
2025-05-19 16:53:53 - jugador - [DEBUG] - [JUGADOR_0] Iniciando gestión de colisión con dx=4, dy=0. Hitbox actual: (1000, 346)
2025-05-19 16:53:53 - jugador - [DEBUG] - [JUGADOR_0] Posición POST CH: HB: (1004, 346), PosFlotante: (1004.00, 346.00)
2025-05-19 16:53:53 - jugador - [DEBUG] - [JUGADOR_0] Hitbox ataque: <rect(1028, 323, 54, 69)> (Dir: 1,0)
2025-05-19 16:53:53 - jugador - [DEBUG] - [JUGADOR_0] Delta flotante intentado: dx=2.8800, dy=0.0000 (delta_time: 0.0160)
2025-05-19 16:53:53 - jugador - [DEBUG] - [JUGADOR_0] Pos flotante (pre-límites): (1006.8800, 346.0000)
2025-05-19 16:53:53 - jugador - [DEBUG] - [JUGADOR_0] Pos flotante (post-límites): (1006.8800, 346.0000)
2025-05-19 16:53:53 - jugador - [DEBUG] - [JUGADOR_0] Movimiento para CH: dx_int=3, dy_int=0. HB (antes CH): (1004, 346), PosFlotante: (1006.8800,346.0000)
2025-05-19 16:53:53 - jugador - [DEBUG] - [JUGADOR_0] Iniciando gestión de colisión con dx=3, dy=0. Hitbox actual: (1004, 346)
2025-05-19 16:53:53 - jugador - [DEBUG] - [JUGADOR_0] Posición POST CH: HB: (1007, 346), PosFlotante: (1007.00, 346.00)
2025-05-19 16:53:53 - jugador - [DEBUG] - [JUGADOR_0] Hitbox ataque: <rect(1031, 323, 54, 69)> (Dir: 1,0)
2025-05-19 16:53:53 - jugador - [DEBUG] - [JUGADOR_0] Pos flotante (pre-límites): (1010.0600, 346.0000)
2025-05-19 16:53:53 - jugador - [DEBUG] - [JUGADOR_0] Pos flotante (post-límites): (1010.0600, 346.0000)
2025-05-19 16:53:53 - jugador - [DEBUG] - [JUGADOR_0] Movimiento para CH: dx_int=4, dy_int=0. HB (antes CH): (1007, 346), PosFlotante: (1010.0600,346.0000)
2025-05-19 16:53:53 - jugador - [DEBUG] - [JUGADOR_0] Iniciando gestión de colisión con dx=4, dy=0. Hitbox actual: (1007, 346)
2025-05-19 16:53:53 - jugador - [DEBUG] - [JUGADOR_0] Posición POST CH: HB: (1011, 346), PosFlotante: (1011.00, 346.00)
2025-05-19 16:53:53 - jugador - [DEBUG] - [JUGADOR_0] Hitbox ataque: <rect(1035, 323, 54, 69)> (Dir: 1,0)
2025-05-19 16:53:53 - jugador - [DEBUG] - [JUGADOR_0] Input teclado procesado: mov_x_input_raw=180, mov_y_input_raw=0
2025-05-19 16:53:53 - jugador - [DEBUG] - [JUGADOR_0] Pos flotante (pre-límites): (1013.8800, 346.0000)
2025-05-19 16:53:53 - jugador - [DEBUG] - [JUGADOR_0] Pos flotante (post-límites): (1013.8800, 346.0000)
2025-05-19 16:53:53 - jugador - [DEBUG] - [JUGADOR_0] Movimiento para CH: dx_int=3, dy_int=0. HB (antes CH): (1011, 346), PosFlotante: (1013.8800,346.0000)
2025-05-19 16:53:53 - jugador - [DEBUG] - [JUGADOR_0] Iniciando gestión de colisión con dx=3, dy=0. Hitbox actual: (1011, 346)
2025-05-19 16:53:53 - jugador - [DEBUG] - [JUGADOR_0] Posición POST CH: HB: (1014, 346), PosFlotante: (1014.00, 346.00)
2025-05-19 16:53:53 - jugador - [DEBUG] - [JUGADOR_0] Hitbox ataque: <rect(1038, 323, 54, 69)> (Dir: 1,0)
2025-05-19 16:53:53 - jugador - [DEBUG] - [JUGADOR_0] Pos flotante (pre-límites): (1016.8800, 346.0000)
2025-05-19 16:53:53 - jugador - [DEBUG] - [JUGADOR_0] Pos flotante (post-límites): (1016.8800, 346.0000)
2025-05-19 16:53:53 - jugador - [DEBUG] - [JUGADOR_0] Movimiento para CH: dx_int=3, dy_int=0. HB (antes CH): (1014, 346), PosFlotante: (1016.8800,346.0000)
2025-05-19 16:53:53 - jugador - [DEBUG] - [JUGADOR_0] Iniciando gestión de colisión con dx=3, dy=0. Hitbox actual: (1014, 346)
2025-05-19 16:53:53 - jugador - [DEBUG] - [JUGADOR_0] Posición POST CH: HB: (1017, 346), PosFlotante: (1017.00, 346.00)
2025-05-19 16:53:53 - jugador - [DEBUG] - [JUGADOR_0] Hitbox ataque: <rect(1041, 323, 54, 69)> (Dir: 1,0)
2025-05-19 16:53:53 - jugador - [DEBUG] - [JUGADOR_0] Input teclado procesado: mov_x_input_raw=-180, mov_y_input_raw=0
2025-05-19 16:53:53 - jugador - [DEBUG] - [JUGADOR_0] Delta flotante intentado: dx=-3.0600, dy=0.0000 (delta_time: 0.0170)
2025-05-19 16:53:53 - jugador - [DEBUG] - [JUGADOR_0] Pos flotante (pre-límites): (1013.9400, 346.0000)
2025-05-19 16:53:53 - jugador - [DEBUG] - [JUGADOR_0] Pos flotante (post-límites): (1013.9400, 346.0000)
2025-05-19 16:53:53 - jugador - [DEBUG] - [JUGADOR_0] Movimiento para CH: dx_int=-4, dy_int=0. HB (antes CH): (1017, 346), PosFlotante: (1013.9400,346.0000)
2025-05-19 16:53:53 - jugador - [DEBUG] - [JUGADOR_0] Iniciando gestión de colisión con dx=-4, dy=0. Hitbox actual: (1017, 346)
2025-05-19 16:53:53 - jugador - [DEBUG] - [JUGADOR_0] Posición POST CH: HB: (1013, 346), PosFlotante: (1013.00, 346.00)
2025-05-19 16:53:53 - jugador - [DEBUG] - [JUGADOR_0] Hitbox ataque: <rect(959, 323, 54, 69)> (Dir: -1,0)
2025-05-19 16:53:53 - jugador - [DEBUG] - [JUGADOR_0] Delta flotante intentado: dx=-2.8800, dy=0.0000 (delta_time: 0.0160)
2025-05-19 16:53:53 - jugador - [DEBUG] - [JUGADOR_0] Pos flotante (pre-límites): (1010.1200, 346.0000)
2025-05-19 16:53:53 - jugador - [DEBUG] - [JUGADOR_0] Pos flotante (post-límites): (1010.1200, 346.0000)
2025-05-19 16:53:53 - jugador - [DEBUG] - [JUGADOR_0] Movimiento para CH: dx_int=-3, dy_int=0. HB (antes CH): (1013, 346), PosFlotante: (1010.1200,346.0000)
2025-05-19 16:53:53 - jugador - [DEBUG] - [JUGADOR_0] Iniciando gestión de colisión con dx=-3, dy=0. Hitbox actual: (1013, 346)
2025-05-19 16:53:53 - jugador - [DEBUG] - [JUGADOR_0] Posición POST CH: HB: (1010, 346), PosFlotante: (1010.00, 346.00)
2025-05-19 16:53:53 - jugador - [DEBUG] - [JUGADOR_0] Hitbox ataque: <rect(956, 323, 54, 69)> (Dir: -1,0)
2025-05-19 16:53:53 - jugador - [DEBUG] - [JUGADOR_0] Pos flotante (pre-límites): (1007.1200, 346.0000)
2025-05-19 16:53:53 - jugador - [DEBUG] - [JUGADOR_0] Pos flotante (post-límites): (1007.1200, 346.0000)
2025-05-19 16:53:53 - jugador - [DEBUG] - [JUGADOR_0] Movimiento para CH: dx_int=-3, dy_int=0. HB (antes CH): (1010, 346), PosFlotante: (1007.1200,346.0000)
2025-05-19 16:53:53 - jugador - [DEBUG] - [JUGADOR_0] Iniciando gestión de colisión con dx=-3, dy=0. Hitbox actual: (1010, 346)
2025-05-19 16:53:53 - jugador - [DEBUG] - [JUGADOR_0] Posición POST CH: HB: (1007, 346), PosFlotante: (1007.00, 346.00)
2025-05-19 16:53:53 - jugador - [DEBUG] - [JUGADOR_0] Hitbox ataque: <rect(953, 323, 54, 69)> (Dir: -1,0)
2025-05-19 16:53:53 - jugador - [DEBUG] - [JUGADOR_0] Intento de ataque en cooldown (700.0ms). Tiempo desde último: 199ms
2025-05-19 16:53:53 - jugador - [DEBUG] - [JUGADOR_0] Input teclado procesado: mov_x_input_raw=-180, mov_y_input_raw=-180
2025-05-19 16:53:53 - jugador - [DEBUG] - [JUGADOR_0] Delta flotante intentado: dx=-3.0600, dy=-3.0600 (delta_time: 0.0170)
2025-05-19 16:53:53 - jugador - [DEBUG] - [JUGADOR_0] Pos flotante (pre-límites): (1003.9400, 342.9400)
2025-05-19 16:53:53 - jugador - [DEBUG] - [JUGADOR_0] Pos flotante (post-límites): (1003.9400, 342.9400)
2025-05-19 16:53:53 - jugador - [DEBUG] - [JUGADOR_0] Movimiento para CH: dx_int=-4, dy_int=-4. HB (antes CH): (1007, 346), PosFlotante: (1003.9400,342.9400)
2025-05-19 16:53:53 - jugador - [DEBUG] - [JUGADOR_0] Iniciando gestión de colisión con dx=-4, dy=-4. Hitbox actual: (1007, 346)
2025-05-19 16:53:53 - jugador - [DEBUG] - [JUGADOR_0] Posición POST CH: HB: (1007, 342), PosFlotante: (1007.00, 342.00)
2025-05-19 16:53:53 - jugador - [DEBUG] - [JUGADOR_0] Hitbox ataque: <rect(953, 319, 54, 69)> (Dir: -1,0)
2025-05-19 16:53:53 - jugador - [DEBUG] - [JUGADOR_0] Pos flotante (pre-límites): (1003.9400, 338.9400)
2025-05-19 16:53:53 - jugador - [DEBUG] - [JUGADOR_0] Pos flotante (post-límites): (1003.9400, 338.9400)
2025-05-19 16:53:53 - jugador - [DEBUG] - [JUGADOR_0] Movimiento para CH: dx_int=-4, dy_int=-4. HB (antes CH): (1007, 342), PosFlotante: (1003.9400,338.9400)
2025-05-19 16:53:53 - jugador - [DEBUG] - [JUGADOR_0] Iniciando gestión de colisión con dx=-4, dy=-4. Hitbox actual: (1007, 342)
2025-05-19 16:53:53 - jugador - [DEBUG] - [JUGADOR_0] Posición POST CH: HB: (1009, 338), PosFlotante: (1009.00, 338.00)
2025-05-19 16:53:53 - jugador - [DEBUG] - [JUGADOR_0] Hitbox ataque: <rect(955, 315, 54, 69)> (Dir: -1,0)
2025-05-19 16:53:53 - jugador - [DEBUG] - [JUGADOR_0] Delta flotante intentado: dx=-2.8800, dy=-2.8800 (delta_time: 0.0160)
2025-05-19 16:53:53 - jugador - [DEBUG] - [JUGADOR_0] Pos flotante (pre-límites): (1006.1200, 335.1200)
2025-05-19 16:53:53 - jugador - [DEBUG] - [JUGADOR_0] Pos flotante (post-límites): (1006.1200, 335.1200)
2025-05-19 16:53:53 - jugador - [DEBUG] - [JUGADOR_0] Movimiento para CH: dx_int=-3, dy_int=-3. HB (antes CH): (1009, 338), PosFlotante: (1006.1200,335.1200)
2025-05-19 16:53:53 - jugador - [DEBUG] - [JUGADOR_0] Iniciando gestión de colisión con dx=-3, dy=-3. Hitbox actual: (1009, 338)
2025-05-19 16:53:53 - jugador - [DEBUG] - [JUGADOR_0] Posición POST CH: HB: (1011, 335), PosFlotante: (1011.00, 335.00)
2025-05-19 16:53:53 - jugador - [DEBUG] - [JUGADOR_0] Hitbox ataque: <rect(957, 312, 54, 69)> (Dir: -1,0)
2025-05-19 16:53:53 - jugador - [DEBUG] - [JUGADOR_0] Pos flotante (pre-límites): (1007.9400, 331.9400)
2025-05-19 16:53:53 - jugador - [DEBUG] - [JUGADOR_0] Pos flotante (post-límites): (1007.9400, 331.9400)
2025-05-19 16:53:53 - jugador - [DEBUG] - [JUGADOR_0] Movimiento para CH: dx_int=-4, dy_int=-4. HB (antes CH): (1011, 335), PosFlotante: (1007.9400,331.9400)
2025-05-19 16:53:53 - jugador - [DEBUG] - [JUGADOR_0] Iniciando gestión de colisión con dx=-4, dy=-4. Hitbox actual: (1011, 335)
2025-05-19 16:53:53 - jugador - [DEBUG] - [JUGADOR_0] Posición POST CH: HB: (1013, 331), PosFlotante: (1013.00, 331.00)
2025-05-19 16:53:53 - jugador - [DEBUG] - [JUGADOR_0] Hitbox ataque: <rect(959, 308, 54, 69)> (Dir: -1,0)
2025-05-19 16:53:53 - jugador - [DEBUG] - [JUGADOR_0] Input teclado procesado: mov_x_input_raw=-180, mov_y_input_raw=-180
2025-05-19 16:53:53 - jugador - [DEBUG] - [JUGADOR_0] Delta flotante intentado: dx=-3.0600, dy=-3.0600 (delta_time: 0.0170)
2025-05-19 16:53:53 - jugador - [DEBUG] - [JUGADOR_0] Pos flotante (pre-límites): (1009.9400, 327.9400)
2025-05-19 16:53:53 - jugador - [DEBUG] - [JUGADOR_0] Pos flotante (post-límites): (1009.9400, 327.9400)
2025-05-19 16:53:53 - jugador - [DEBUG] - [JUGADOR_0] Movimiento para CH: dx_int=-4, dy_int=-4. HB (antes CH): (1013, 331), PosFlotante: (1009.9400,327.9400)
2025-05-19 16:53:53 - jugador - [DEBUG] - [JUGADOR_0] Iniciando gestión de colisión con dx=-4, dy=-4. Hitbox actual: (1013, 331)
2025-05-19 16:53:53 - jugador - [DEBUG] - [JUGADOR_0] Posición POST CH: HB: (1015, 327), PosFlotante: (1015.00, 327.00)
2025-05-19 16:53:53 - jugador - [DEBUG] - [JUGADOR_0] ATAQUE FINALIZADO (Duración: 260ms). Enemigos golpeados: 2
2025-05-19 16:53:53 - jugador - [DEBUG] - [JUGADOR_0] Input teclado procesado: mov_x_input_raw=180, mov_y_input_raw=-180
2025-05-19 16:53:53 - jugador - [DEBUG] - [JUGADOR_0] Delta flotante intentado: dx=3.0600, dy=-3.0600 (delta_time: 0.0170)
2025-05-19 16:53:53 - jugador - [DEBUG] - [JUGADOR_0] Pos flotante (pre-límites): (1018.0600, 323.9400)
2025-05-19 16:53:53 - jugador - [DEBUG] - [JUGADOR_0] Pos flotante (post-límites): (1018.0600, 323.9400)
2025-05-19 16:53:53 - jugador - [DEBUG] - [JUGADOR_0] Movimiento para CH: dx_int=4, dy_int=-4. HB (antes CH): (1015, 327), PosFlotante: (1018.0600,323.9400)
2025-05-19 16:53:53 - jugador - [DEBUG] - [JUGADOR_0] Iniciando gestión de colisión con dx=4, dy=-4. Hitbox actual: (1015, 327)
2025-05-19 16:53:53 - jugador - [DEBUG] - [JUGADOR_0] Posición POST CH: HB: (1021, 323), PosFlotante: (1021.00, 323.00)
2025-05-19 16:53:53 - jugador - [DEBUG] - [JUGADOR_0] Pos flotante (pre-límites): (1024.0600, 319.9400)
2025-05-19 16:53:53 - jugador - [DEBUG] - [JUGADOR_0] Pos flotante (post-límites): (1024.0600, 319.9400)
2025-05-19 16:53:53 - jugador - [DEBUG] - [JUGADOR_0] Movimiento para CH: dx_int=4, dy_int=-4. HB (antes CH): (1021, 323), PosFlotante: (1024.0600,319.9400)
2025-05-19 16:53:53 - jugador - [DEBUG] - [JUGADOR_0] Iniciando gestión de colisión con dx=4, dy=-4. Hitbox actual: (1021, 323)
2025-05-19 16:53:53 - jugador - [DEBUG] - [JUGADOR_0] Posición POST CH: HB: (1025, 319), PosFlotante: (1025.00, 319.00)
2025-05-19 16:53:53 - jugador - [DEBUG] - [JUGADOR_0] Pos flotante (pre-límites): (1028.0600, 315.9400)
2025-05-19 16:53:53 - jugador - [DEBUG] - [JUGADOR_0] Pos flotante (post-límites): (1028.0600, 315.9400)
2025-05-19 16:53:53 - jugador - [DEBUG] - [JUGADOR_0] Movimiento para CH: dx_int=4, dy_int=-4. HB (antes CH): (1025, 319), PosFlotante: (1028.0600,315.9400)
2025-05-19 16:53:53 - jugador - [DEBUG] - [JUGADOR_0] Iniciando gestión de colisión con dx=4, dy=-4. Hitbox actual: (1025, 319)
2025-05-19 16:53:53 - jugador - [DEBUG] - [JUGADOR_0] Posición POST CH: HB: (1029, 315), PosFlotante: (1029.00, 315.00)
2025-05-19 16:53:53 - jugador - [DEBUG] - [JUGADOR_0] Input teclado procesado: mov_x_input_raw=180, mov_y_input_raw=0
2025-05-19 16:53:53 - jugador - [DEBUG] - [JUGADOR_0] Delta flotante intentado: dx=2.8800, dy=0.0000 (delta_time: 0.0160)
2025-05-19 16:53:53 - jugador - [DEBUG] - [JUGADOR_0] Pos flotante (pre-límites): (1031.8800, 315.0000)
2025-05-19 16:53:53 - jugador - [DEBUG] - [JUGADOR_0] Pos flotante (post-límites): (1031.8800, 315.0000)
2025-05-19 16:53:53 - jugador - [DEBUG] - [JUGADOR_0] Movimiento para CH: dx_int=3, dy_int=0. HB (antes CH): (1029, 315), PosFlotante: (1031.8800,315.0000)
2025-05-19 16:53:53 - jugador - [DEBUG] - [JUGADOR_0] Iniciando gestión de colisión con dx=3, dy=0. Hitbox actual: (1029, 315)
2025-05-19 16:53:53 - jugador - [DEBUG] - [JUGADOR_0] Posición POST CH: HB: (1032, 315), PosFlotante: (1032.00, 315.00)
2025-05-19 16:53:53 - jugador - [DEBUG] - [JUGADOR_0] Intento de ataque en cooldown (700.0ms). Tiempo desde último: 349ms
2025-05-19 16:53:53 - jugador - [DEBUG] - [JUGADOR_0] Pos flotante (pre-límites): (1034.8800, 315.0000)
2025-05-19 16:53:53 - jugador - [DEBUG] - [JUGADOR_0] Pos flotante (post-límites): (1034.8800, 315.0000)
2025-05-19 16:53:53 - jugador - [DEBUG] - [JUGADOR_0] Movimiento para CH: dx_int=3, dy_int=0. HB (antes CH): (1032, 315), PosFlotante: (1034.8800,315.0000)
2025-05-19 16:53:53 - jugador - [DEBUG] - [JUGADOR_0] Iniciando gestión de colisión con dx=3, dy=0. Hitbox actual: (1032, 315)
2025-05-19 16:53:53 - jugador - [DEBUG] - [JUGADOR_0] Posición POST CH: HB: (1035, 315), PosFlotante: (1035.00, 315.00)
2025-05-19 16:53:53 - jugador - [DEBUG] - [JUGADOR_0] Delta flotante intentado: dx=3.0600, dy=0.0000 (delta_time: 0.0170)
2025-05-19 16:53:53 - jugador - [DEBUG] - [JUGADOR_0] Pos flotante (pre-límites): (1038.0600, 315.0000)
2025-05-19 16:53:53 - jugador - [DEBUG] - [JUGADOR_0] Pos flotante (post-límites): (1038.0600, 315.0000)
2025-05-19 16:53:53 - jugador - [DEBUG] - [JUGADOR_0] Movimiento para CH: dx_int=4, dy_int=0. HB (antes CH): (1035, 315), PosFlotante: (1038.0600,315.0000)
2025-05-19 16:53:53 - jugador - [DEBUG] - [JUGADOR_0] Iniciando gestión de colisión con dx=4, dy=0. Hitbox actual: (1035, 315)
2025-05-19 16:53:53 - jugador - [DEBUG] - [JUGADOR_0] Posición POST CH: HB: (1039, 315), PosFlotante: (1039.00, 315.00)
2025-05-19 16:53:53 - jugador - [DEBUG] - [JUGADOR_0] Pos flotante (pre-límites): (1042.0600, 315.0000)
2025-05-19 16:53:53 - jugador - [DEBUG] - [JUGADOR_0] Pos flotante (post-límites): (1042.0600, 315.0000)
2025-05-19 16:53:53 - jugador - [DEBUG] - [JUGADOR_0] Movimiento para CH: dx_int=4, dy_int=0. HB (antes CH): (1039, 315), PosFlotante: (1042.0600,315.0000)
2025-05-19 16:53:53 - jugador - [DEBUG] - [JUGADOR_0] Iniciando gestión de colisión con dx=4, dy=0. Hitbox actual: (1039, 315)
2025-05-19 16:53:53 - jugador - [DEBUG] - [JUGADOR_0] Posición POST CH: HB: (1043, 315), PosFlotante: (1043.00, 315.00)
2025-05-19 16:53:53 - jugador - [DEBUG] - [JUGADOR_0] Input teclado procesado: mov_x_input_raw=180, mov_y_input_raw=0
2025-05-19 16:53:53 - jugador - [DEBUG] - [JUGADOR_0] Pos flotante (pre-límites): (1046.0600, 315.0000)
2025-05-19 16:53:53 - jugador - [DEBUG] - [JUGADOR_0] Pos flotante (post-límites): (1046.0600, 315.0000)
2025-05-19 16:53:53 - jugador - [DEBUG] - [JUGADOR_0] Movimiento para CH: dx_int=4, dy_int=0. HB (antes CH): (1043, 315), PosFlotante: (1046.0600,315.0000)
2025-05-19 16:53:53 - jugador - [DEBUG] - [JUGADOR_0] Iniciando gestión de colisión con dx=4, dy=0. Hitbox actual: (1043, 315)
2025-05-19 16:53:53 - jugador - [DEBUG] - [JUGADOR_0] Posición POST CH: HB: (1047, 315), PosFlotante: (1047.00, 315.00)
2025-05-19 16:53:53 - jugador - [DEBUG] - [JUGADOR_0] Input teclado procesado: mov_x_input_raw=-180, mov_y_input_raw=0
2025-05-19 16:53:53 - jugador - [DEBUG] - [JUGADOR_0] Delta flotante intentado: dx=-3.0600, dy=0.0000 (delta_time: 0.0170)
2025-05-19 16:53:53 - jugador - [DEBUG] - [JUGADOR_0] Pos flotante (pre-límites): (1043.9400, 315.0000)
2025-05-19 16:53:53 - jugador - [DEBUG] - [JUGADOR_0] Pos flotante (post-límites): (1043.9400, 315.0000)
2025-05-19 16:53:53 - jugador - [DEBUG] - [JUGADOR_0] Movimiento para CH: dx_int=-4, dy_int=0. HB (antes CH): (1047, 315), PosFlotante: (1043.9400,315.0000)
2025-05-19 16:53:53 - jugador - [DEBUG] - [JUGADOR_0] Iniciando gestión de colisión con dx=-4, dy=0. Hitbox actual: (1047, 315)
2025-05-19 16:53:53 - jugador - [DEBUG] - [JUGADOR_0] Pos flotante (pre-límites): (1039.9400, 315.0000)
2025-05-19 16:53:53 - jugador - [DEBUG] - [JUGADOR_0] Pos flotante (post-límites): (1039.9400, 315.0000)
2025-05-19 16:53:53 - jugador - [DEBUG] - [JUGADOR_0] Movimiento para CH: dx_int=-4, dy_int=0. HB (antes CH): (1043, 315), PosFlotante: (1039.9400,315.0000)
2025-05-19 16:53:53 - jugador - [DEBUG] - [JUGADOR_0] Iniciando gestión de colisión con dx=-4, dy=0. Hitbox actual: (1043, 315)
2025-05-19 16:53:53 - jugador - [DEBUG] - [JUGADOR_0] Posición POST CH: HB: (1039, 315), PosFlotante: (1039.00, 315.00)
2025-05-19 16:53:53 - jugador - [DEBUG] - [JUGADOR_0] Delta flotante intentado: dx=-2.8800, dy=0.0000 (delta_time: 0.0160)
2025-05-19 16:53:53 - jugador - [DEBUG] - [JUGADOR_0] Pos flotante (pre-límites): (1036.1200, 315.0000)
2025-05-19 16:53:53 - jugador - [DEBUG] - [JUGADOR_0] Pos flotante (post-límites): (1036.1200, 315.0000)
2025-05-19 16:53:53 - jugador - [DEBUG] - [JUGADOR_0] Movimiento para CH: dx_int=-3, dy_int=0. HB (antes CH): (1039, 315), PosFlotante: (1036.1200,315.0000)
2025-05-19 16:53:53 - jugador - [DEBUG] - [JUGADOR_0] Iniciando gestión de colisión con dx=-3, dy=0. Hitbox actual: (1039, 315)
2025-05-19 16:53:53 - jugador - [DEBUG] - [JUGADOR_0] Posición POST CH: HB: (1037, 315), PosFlotante: (1037.00, 315.00)
2025-05-19 16:53:53 - jugador - [DEBUG] - [JUGADOR_0] Pos flotante (pre-límites): (1033.9400, 315.0000)
2025-05-19 16:53:53 - jugador - [DEBUG] - [JUGADOR_0] Pos flotante (post-límites): (1033.9400, 315.0000)
2025-05-19 16:53:53 - jugador - [DEBUG] - [JUGADOR_0] Movimiento para CH: dx_int=-4, dy_int=0. HB (antes CH): (1037, 315), PosFlotante: (1033.9400,315.0000)
2025-05-19 16:53:53 - jugador - [DEBUG] - [JUGADOR_0] Iniciando gestión de colisión con dx=-4, dy=0. Hitbox actual: (1037, 315)
2025-05-19 16:53:53 - jugador - [DEBUG] - [JUGADOR_0] Input teclado procesado: mov_x_input_raw=-180, mov_y_input_raw=0
2025-05-19 16:53:53 - jugador - [DEBUG] - [JUGADOR_0] Posición POST CH: HB: (1041, 315), PosFlotante: (1041.00, 315.00)
2025-05-19 16:53:53 - jugador - [DEBUG] - [JUGADOR_0] Pos flotante (pre-límites): (1038.1200, 315.0000)
2025-05-19 16:53:53 - jugador - [DEBUG] - [JUGADOR_0] Pos flotante (post-límites): (1038.1200, 315.0000)
2025-05-19 16:53:53 - jugador - [DEBUG] - [JUGADOR_0] Movimiento para CH: dx_int=-3, dy_int=0. HB (antes CH): (1041, 315), PosFlotante: (1038.1200,315.0000)
2025-05-19 16:53:53 - jugador - [DEBUG] - [JUGADOR_0] Iniciando gestión de colisión con dx=-3, dy=0. Hitbox actual: (1041, 315)
2025-05-19 16:53:53 - jugador - [DEBUG] - [JUGADOR_0] Posición POST CH: HB: (1043, 315), PosFlotante: (1043.00, 315.00)
2025-05-19 16:53:53 - jugador - [DEBUG] - [JUGADOR_0] Input teclado procesado: mov_x_input_raw=0, mov_y_input_raw=0
2025-05-19 16:53:53 - jugador - [DEBUG] - [JUGADOR_0] Delta flotante intentado: dx=0.0000, dy=0.0000 (delta_time: 0.0160)
2025-05-19 16:53:53 - jugador - [DEBUG] - [JUGADOR_0] Pos flotante (pre-límites): (1043.0000, 315.0000)
2025-05-19 16:53:53 - jugador - [DEBUG] - [JUGADOR_0] Pos flotante (post-límites): (1043.0000, 315.0000)
2025-05-19 16:53:53 - jugador - [DEBUG] - [JUGADOR_0] Sin mov. para CH (delta_int fue 0). HB: (1043, 315), PosFlotante: (1043.0000, 315.0000)
2025-05-19 16:53:53 - jugador - [DEBUG] - [JUGADOR_0] Delta flotante intentado: dx=0.0000, dy=0.0000 (delta_time: 0.0170)
2025-05-19 16:53:53 - jugador - [DEBUG] - [JUGADOR_0] Input teclado procesado: mov_x_input_raw=0, mov_y_input_raw=0
2025-05-19 16:53:53 - jugador - [DEBUG] - [JUGADOR_0] Pos flotante (pre-límites): (1043.0000, 315.0000)
2025-05-19 16:53:53 - jugador - [DEBUG] - [JUGADOR_0] Pos flotante (post-límites): (1043.0000, 315.0000)
2025-05-19 16:53:53 - jugador - [DEBUG] - [JUGADOR_0] Sin mov. para CH (delta_int fue 0). HB: (1043, 315), PosFlotante: (1043.0000, 315.0000)
2025-05-19 16:53:53 - jugador - [DEBUG] - [JUGADOR_0] Delta flotante intentado: dx=0.0000, dy=0.0000 (delta_time: 0.0160)
