2025-05-19 16:49:52 - gestor_eventos - [DEBUG] - GestorEventos inicializado.
2025-05-19 16:49:52 - gestor_eventos - [DEBUG] - Procesando 8 eventos...
2025-05-19 16:49:52 - gestor_eventos - [DEBUG] -   Evento: AudioDeviceAdded (<Event(4352-AudioDeviceAdded {'which': 0, 'iscapture': 0})>)
2025-05-19 16:49:52 - gestor_eventos - [DEBUG] -   Evento: AudioDeviceAdded (<Event(4352-AudioDeviceAdded {'which': 0, 'iscapture': 1})>)
2025-05-19 16:49:52 - gestor_eventos - [DEBUG] -   Evento: WindowShown (<Event(32774-WindowShown {'window': None})>)
2025-05-19 16:49:52 - gestor_eventos - [DEBUG] -   Evento: ActiveEvent (<Event(32768-ActiveEvent {'gain': 1, 'state': 2})>)
2025-05-19 16:49:52 - gestor_eventos - [DEBUG] -   Evento: WindowFocusGained (<Event(32785-WindowFocusGained {'window': None})>)
2025-05-19 16:49:52 - gestor_eventos - [DEBUG] -   Evento: TextEditing (<Event(770-TextEditing {'text': '', 'start': 0, 'length': 0, 'window': None})>)
2025-05-19 16:49:52 - gestor_eventos - [DEBUG] -   Evento: VideoExpose (<Event(32770-VideoExpose {})>)
2025-05-19 16:49:52 - gestor_eventos - [DEBUG] -   Evento: WindowExposed (<Event(32776-WindowExposed {'window': None})>)
2025-05-19 16:49:52 - gestor_eventos - [DEBUG] - Procesando 0 eventos...
2025-05-19 16:49:52 - gestor_eventos - [DEBUG] - Procesando 0 eventos...
2025-05-19 16:49:52 - gestor_eventos - [DEBUG] - Procesando 0 eventos...
2025-05-19 16:49:52 - gestor_eventos - [DEBUG] - Procesando 0 eventos...
2025-05-19 16:49:52 - gestor_eventos - [DEBUG] - Procesando 0 eventos...
2025-05-19 16:49:52 - gestor_eventos - [DEBUG] - Procesando 0 eventos...
2025-05-19 16:49:52 - gestor_eventos - [DEBUG] - Procesando 0 eventos...
2025-05-19 16:49:52 - gestor_eventos - [DEBUG] - Procesando 0 eventos...
2025-05-19 16:49:52 - gestor_eventos - [DEBUG] - Procesando 0 eventos...
2025-05-19 16:49:52 - gestor_eventos - [DEBUG] - Procesando 0 eventos...
2025-05-19 16:49:52 - gestor_eventos - [DEBUG] - Procesando 0 eventos...
2025-05-19 16:49:52 - gestor_eventos - [DEBUG] - Procesando 0 eventos...
2025-05-19 16:49:52 - gestor_eventos - [DEBUG] - Procesando 0 eventos...
2025-05-19 16:49:52 - gestor_eventos - [DEBUG] - Procesando 0 eventos...
2025-05-19 16:49:52 - gestor_eventos - [DEBUG] - Procesando 0 eventos...
2025-05-19 16:49:52 - gestor_eventos - [DEBUG] - Procesando 0 eventos...
2025-05-19 16:49:52 - gestor_eventos - [DEBUG] - Procesando 0 eventos...
2025-05-19 16:49:52 - gestor_eventos - [DEBUG] - Procesando 0 eventos...
2025-05-19 16:49:52 - gestor_eventos - [DEBUG] - Procesando 0 eventos...
2025-05-19 16:49:52 - gestor_eventos - [DEBUG] - Procesando 0 eventos...
2025-05-19 16:49:52 - gestor_eventos - [DEBUG] - Procesando 0 eventos...
2025-05-19 16:49:52 - gestor_eventos - [DEBUG] - Procesando 0 eventos...
2025-05-19 16:49:52 - gestor_eventos - [DEBUG] - Procesando 0 eventos...
2025-05-19 16:49:52 - gestor_eventos - [DEBUG] - Procesando 0 eventos...
2025-05-19 16:49:52 - gestor_eventos - [DEBUG] - Procesando 0 eventos...
2025-05-19 16:49:52 - gestor_eventos - [DEBUG] - Procesando 0 eventos...
2025-05-19 16:49:52 - gestor_eventos - [DEBUG] - Procesando 0 eventos...
2025-05-19 16:49:52 - gestor_eventos - [DEBUG] - Procesando 0 eventos...
2025-05-19 16:49:52 - gestor_eventos - [DEBUG] - Procesando 0 eventos...
2025-05-19 16:49:52 - gestor_eventos - [DEBUG] - Procesando 0 eventos...
2025-05-19 16:49:52 - gestor_eventos - [DEBUG] - Procesando 0 eventos...
2025-05-19 16:49:52 - gestor_eventos - [DEBUG] - Procesando 0 eventos...
2025-05-19 16:49:52 - gestor_eventos - [DEBUG] - Procesando 0 eventos...
2025-05-19 16:49:52 - gestor_eventos - [DEBUG] - Procesando 0 eventos...
2025-05-19 16:49:52 - gestor_eventos - [DEBUG] - Procesando 0 eventos...
2025-05-19 16:49:52 - gestor_eventos - [DEBUG] - Procesando 0 eventos...
2025-05-19 16:49:52 - gestor_eventos - [DEBUG] - Procesando 0 eventos...
2025-05-19 16:49:52 - gestor_eventos - [DEBUG] - Procesando 0 eventos...
2025-05-19 16:49:52 - gestor_eventos - [DEBUG] - Procesando 0 eventos...
2025-05-19 16:49:52 - gestor_eventos - [DEBUG] - Procesando 0 eventos...
2025-05-19 16:49:52 - gestor_eventos - [DEBUG] - Procesando 0 eventos...
2025-05-19 16:49:52 - gestor_eventos - [DEBUG] - Procesando 0 eventos...
2025-05-19 16:49:52 - gestor_eventos - [DEBUG] - Procesando 0 eventos...
2025-05-19 16:49:52 - gestor_eventos - [DEBUG] - Procesando 0 eventos...
2025-05-19 16:49:52 - gestor_eventos - [DEBUG] - Procesando 0 eventos...
2025-05-19 16:49:52 - gestor_eventos - [DEBUG] - Procesando 0 eventos...
2025-05-19 16:49:52 - gestor_eventos - [DEBUG] - Procesando 0 eventos...
2025-05-19 16:49:52 - gestor_eventos - [DEBUG] - Procesando 0 eventos...
2025-05-19 16:49:52 - gestor_eventos - [DEBUG] - Procesando 0 eventos...
2025-05-19 16:49:52 - gestor_eventos - [DEBUG] - Procesando 0 eventos...
2025-05-19 16:49:52 - gestor_eventos - [DEBUG] - Procesando 0 eventos...
2025-05-19 16:49:52 - gestor_eventos - [DEBUG] - Procesando 0 eventos...
2025-05-19 16:49:52 - gestor_eventos - [DEBUG] - Procesando 0 eventos...
2025-05-19 16:49:52 - gestor_eventos - [DEBUG] - Procesando 0 eventos...
2025-05-19 16:49:52 - gestor_eventos - [DEBUG] - Procesando 0 eventos...
2025-05-19 16:49:52 - gestor_eventos - [DEBUG] - Procesando 0 eventos...
2025-05-19 16:49:52 - gestor_eventos - [DEBUG] - Procesando 0 eventos...
2025-05-19 16:49:53 - gestor_eventos - [DEBUG] - Procesando 3 eventos...
2025-05-19 16:49:53 - gestor_eventos - [DEBUG] -   Evento: ActiveEvent (<Event(32768-ActiveEvent {'gain': 1, 'state': 1})>)
2025-05-19 16:49:53 - gestor_eventos - [DEBUG] -   Evento: WindowEnter (<Event(32783-WindowEnter {'window': None})>)
2025-05-19 16:49:53 - gestor_eventos - [DEBUG] -   Evento: MouseMotion (<Event(1024-MouseMotion {'pos': (793, 349), 'rel': (0, 0), 'buttons': (0, 0, 0), 'touch': False, 'window': None})>)
2025-05-19 16:49:53 - gestor_eventos - [DEBUG] - Procesando 1 eventos...
2025-05-19 16:49:53 - gestor_eventos - [DEBUG] -   Evento: MouseMotion (<Event(1024-MouseMotion {'pos': (760, 346), 'rel': (-33, -3), 'buttons': (0, 0, 0), 'touch': False, 'window': None})>)
2025-05-19 16:49:53 - gestor_eventos - [DEBUG] - Procesando 1 eventos...
2025-05-19 16:49:53 - gestor_eventos - [DEBUG] -   Evento: MouseMotion (<Event(1024-MouseMotion {'pos': (725, 342), 'rel': (-35, -4), 'buttons': (0, 0, 0), 'touch': False, 'window': None})>)
2025-05-19 16:49:53 - gestor_eventos - [DEBUG] - Procesando 1 eventos...
2025-05-19 16:49:53 - gestor_eventos - [DEBUG] -   Evento: MouseMotion (<Event(1024-MouseMotion {'pos': (701, 340), 'rel': (-24, -2), 'buttons': (0, 0, 0), 'touch': False, 'window': None})>)
2025-05-19 16:49:53 - gestor_eventos - [DEBUG] - Procesando 1 eventos...
2025-05-19 16:49:53 - gestor_eventos - [DEBUG] -   Evento: MouseMotion (<Event(1024-MouseMotion {'pos': (686, 338), 'rel': (-15, -2), 'buttons': (0, 0, 0), 'touch': False, 'window': None})>)
2025-05-19 16:49:53 - gestor_eventos - [DEBUG] - Procesando 1 eventos...
2025-05-19 16:49:53 - gestor_eventos - [DEBUG] -   Evento: MouseMotion (<Event(1024-MouseMotion {'pos': (673, 335), 'rel': (-13, -3), 'buttons': (0, 0, 0), 'touch': False, 'window': None})>)
2025-05-19 16:49:53 - gestor_eventos - [DEBUG] - Procesando 1 eventos...
2025-05-19 16:49:53 - gestor_eventos - [DEBUG] -   Evento: MouseMotion (<Event(1024-MouseMotion {'pos': (660, 333), 'rel': (-13, -2), 'buttons': (0, 0, 0), 'touch': False, 'window': None})>)
2025-05-19 16:49:53 - gestor_eventos - [DEBUG] - Procesando 1 eventos...
2025-05-19 16:49:53 - gestor_eventos - [DEBUG] -   Evento: MouseMotion (<Event(1024-MouseMotion {'pos': (645, 330), 'rel': (-15, -3), 'buttons': (0, 0, 0), 'touch': False, 'window': None})>)
2025-05-19 16:49:53 - gestor_eventos - [DEBUG] - Procesando 1 eventos...
2025-05-19 16:49:53 - gestor_eventos - [DEBUG] -   Evento: MouseMotion (<Event(1024-MouseMotion {'pos': (628, 326), 'rel': (-17, -4), 'buttons': (0, 0, 0), 'touch': False, 'window': None})>)
2025-05-19 16:49:53 - gestor_eventos - [DEBUG] - Procesando 1 eventos...
2025-05-19 16:49:53 - gestor_eventos - [DEBUG] -   Evento: MouseMotion (<Event(1024-MouseMotion {'pos': (607, 320), 'rel': (-21, -6), 'buttons': (0, 0, 0), 'touch': False, 'window': None})>)
2025-05-19 16:49:53 - gestor_eventos - [DEBUG] - Procesando 1 eventos...
2025-05-19 16:49:53 - gestor_eventos - [DEBUG] -   Evento: MouseMotion (<Event(1024-MouseMotion {'pos': (591, 315), 'rel': (-16, -5), 'buttons': (0, 0, 0), 'touch': False, 'window': None})>)
2025-05-19 16:49:53 - gestor_eventos - [DEBUG] - Procesando 2 eventos...
2025-05-19 16:49:53 - gestor_eventos - [DEBUG] -   Evento: MouseMotion (<Event(1024-MouseMotion {'pos': (578, 311), 'rel': (-13, -4), 'buttons': (0, 0, 0), 'touch': False, 'window': None})>)
2025-05-19 16:49:53 - gestor_eventos - [DEBUG] -   Evento: MouseMotion (<Event(1024-MouseMotion {'pos': (576, 310), 'rel': (-2, -1), 'buttons': (0, 0, 0), 'touch': False, 'window': None})>)
2025-05-19 16:49:53 - gestor_eventos - [DEBUG] - Procesando 1 eventos...
2025-05-19 16:49:53 - gestor_eventos - [DEBUG] -   Evento: MouseMotion (<Event(1024-MouseMotion {'pos': (564, 307), 'rel': (-12, -3), 'buttons': (0, 0, 0), 'touch': False, 'window': None})>)
2025-05-19 16:49:53 - gestor_eventos - [DEBUG] - Procesando 1 eventos...
2025-05-19 16:49:53 - gestor_eventos - [DEBUG] -   Evento: MouseMotion (<Event(1024-MouseMotion {'pos': (553, 304), 'rel': (-11, -3), 'buttons': (0, 0, 0), 'touch': False, 'window': None})>)
2025-05-19 16:49:53 - gestor_eventos - [DEBUG] - Procesando 1 eventos...
2025-05-19 16:49:53 - gestor_eventos - [DEBUG] -   Evento: MouseMotion (<Event(1024-MouseMotion {'pos': (545, 302), 'rel': (-8, -2), 'buttons': (0, 0, 0), 'touch': False, 'window': None})>)
2025-05-19 16:49:53 - gestor_eventos - [DEBUG] - Procesando 1 eventos...
2025-05-19 16:49:53 - gestor_eventos - [DEBUG] -   Evento: MouseMotion (<Event(1024-MouseMotion {'pos': (539, 301), 'rel': (-6, -1), 'buttons': (0, 0, 0), 'touch': False, 'window': None})>)
2025-05-19 16:49:53 - gestor_eventos - [DEBUG] - Procesando 1 eventos...
2025-05-19 16:49:53 - gestor_eventos - [DEBUG] -   Evento: MouseMotion (<Event(1024-MouseMotion {'pos': (535, 300), 'rel': (-4, -1), 'buttons': (0, 0, 0), 'touch': False, 'window': None})>)
2025-05-19 16:49:53 - gestor_eventos - [DEBUG] - Procesando 0 eventos...
2025-05-19 16:49:53 - gestor_eventos - [DEBUG] - Procesando 1 eventos...
2025-05-19 16:49:53 - gestor_eventos - [DEBUG] -   Evento: MouseButtonDown (<Event(1025-MouseButtonDown {'pos': (535, 300), 'button': 1, 'touch': False, 'window': None})>)
2025-05-19 16:49:53 - gestor_eventos - [DEBUG] - Procesando 0 eventos...
2025-05-19 16:49:53 - gestor_eventos - [DEBUG] - Procesando 0 eventos...
2025-05-19 16:49:53 - gestor_eventos - [DEBUG] - Procesando 0 eventos...
2025-05-19 16:49:53 - gestor_eventos - [DEBUG] - Procesando 0 eventos...
2025-05-19 16:49:53 - gestor_eventos - [DEBUG] - Procesando 0 eventos...
2025-05-19 16:49:53 - gestor_eventos - [DEBUG] - Procesando 0 eventos...
2025-05-19 16:49:53 - gestor_eventos - [DEBUG] - Procesando 1 eventos...
2025-05-19 16:49:53 - gestor_eventos - [DEBUG] -   Evento: MouseButtonUp (<Event(1026-MouseButtonUp {'pos': (535, 300), 'button': 1, 'touch': False, 'window': None})>)
2025-05-19 16:49:53 - gestor_eventos - [DEBUG] - Procesando 0 eventos...
2025-05-19 16:49:53 - gestor_eventos - [DEBUG] - Procesando 0 eventos...
2025-05-19 16:49:53 - gestor_eventos - [DEBUG] - Procesando 0 eventos...
2025-05-19 16:49:53 - gestor_eventos - [DEBUG] - Procesando 0 eventos...
2025-05-19 16:49:53 - gestor_eventos - [DEBUG] - Procesando 0 eventos...
2025-05-19 16:49:53 - gestor_eventos - [DEBUG] - Procesando 0 eventos...
2025-05-19 16:49:53 - gestor_eventos - [DEBUG] - Procesando 0 eventos...
2025-05-19 16:49:53 - gestor_eventos - [DEBUG] - Procesando 1 eventos...
2025-05-19 16:49:53 - gestor_eventos - [DEBUG] -   Evento: MouseMotion (<Event(1024-MouseMotion {'pos': (537, 299), 'rel': (2, -1), 'buttons': (0, 0, 0), 'touch': False, 'window': None})>)
2025-05-19 16:49:53 - gestor_eventos - [DEBUG] - Procesando 1 eventos...
2025-05-19 16:49:53 - gestor_eventos - [DEBUG] -   Evento: MouseMotion (<Event(1024-MouseMotion {'pos': (540, 298), 'rel': (3, -1), 'buttons': (0, 0, 0), 'touch': False, 'window': None})>)
2025-05-19 16:49:53 - gestor_eventos - [DEBUG] - Procesando 1 eventos...
2025-05-19 16:49:53 - gestor_eventos - [DEBUG] -   Evento: MouseMotion (<Event(1024-MouseMotion {'pos': (542, 297), 'rel': (2, -1), 'buttons': (0, 0, 0), 'touch': False, 'window': None})>)
2025-05-19 16:49:53 - gestor_eventos - [DEBUG] - Procesando 1 eventos...
2025-05-19 16:49:53 - gestor_eventos - [DEBUG] -   Evento: MouseMotion (<Event(1024-MouseMotion {'pos': (544, 296), 'rel': (2, -1), 'buttons': (0, 0, 0), 'touch': False, 'window': None})>)
2025-05-19 16:49:53 - gestor_eventos - [DEBUG] - Procesando 3 eventos...
2025-05-19 16:49:53 - gestor_eventos - [DEBUG] -   Evento: MouseMotion (<Event(1024-MouseMotion {'pos': (546, 295), 'rel': (2, -1), 'buttons': (0, 0, 0), 'touch': False, 'window': None})>)
2025-05-19 16:49:53 - gestor_eventos - [DEBUG] -   Evento: KeyDown (<Event(768-KeyDown {'unicode': 'd', 'key': 100, 'mod': 4096, 'scancode': 7, 'window': None})>)
2025-05-19 16:49:53 - gestor_eventos - [DEBUG] - GestorEventos: KEYDOWN d (100)
2025-05-19 16:49:53 - gestor_eventos - [DEBUG] -   Evento: TextInput (<Event(771-TextInput {'text': 'd', 'window': None})>)
2025-05-19 16:49:53 - gestor_eventos - [DEBUG] - Procesando 1 eventos...
2025-05-19 16:49:53 - gestor_eventos - [DEBUG] -   Evento: MouseMotion (<Event(1024-MouseMotion {'pos': (548, 294), 'rel': (2, -1), 'buttons': (0, 0, 0), 'touch': False, 'window': None})>)
2025-05-19 16:49:53 - gestor_eventos - [DEBUG] - Procesando 1 eventos...
2025-05-19 16:49:53 - gestor_eventos - [DEBUG] -   Evento: MouseMotion (<Event(1024-MouseMotion {'pos': (550, 293), 'rel': (2, -1), 'buttons': (0, 0, 0), 'touch': False, 'window': None})>)
2025-05-19 16:49:53 - gestor_eventos - [DEBUG] - Procesando 1 eventos...
2025-05-19 16:49:53 - gestor_eventos - [DEBUG] -   Evento: MouseMotion (<Event(1024-MouseMotion {'pos': (552, 292), 'rel': (2, -1), 'buttons': (0, 0, 0), 'touch': False, 'window': None})>)
2025-05-19 16:49:53 - gestor_eventos - [DEBUG] - Procesando 0 eventos...
2025-05-19 16:49:53 - gestor_eventos - [DEBUG] - Procesando 1 eventos...
2025-05-19 16:49:53 - gestor_eventos - [DEBUG] -   Evento: MouseMotion (<Event(1024-MouseMotion {'pos': (553, 292), 'rel': (1, 0), 'buttons': (0, 0, 0), 'touch': False, 'window': None})>)
2025-05-19 16:49:53 - gestor_eventos - [DEBUG] - Procesando 1 eventos...
2025-05-19 16:49:53 - gestor_eventos - [DEBUG] -   Evento: MouseMotion (<Event(1024-MouseMotion {'pos': (553, 291), 'rel': (0, -1), 'buttons': (0, 0, 0), 'touch': False, 'window': None})>)
2025-05-19 16:49:53 - gestor_eventos - [DEBUG] - Procesando 1 eventos...
2025-05-19 16:49:53 - gestor_eventos - [DEBUG] -   Evento: MouseMotion (<Event(1024-MouseMotion {'pos': (554, 291), 'rel': (1, 0), 'buttons': (0, 0, 0), 'touch': False, 'window': None})>)
2025-05-19 16:49:53 - gestor_eventos - [DEBUG] - Procesando 0 eventos...
2025-05-19 16:49:53 - gestor_eventos - [DEBUG] - Procesando 0 eventos...
2025-05-19 16:49:53 - gestor_eventos - [DEBUG] - Procesando 0 eventos...
2025-05-19 16:49:53 - gestor_eventos - [DEBUG] - Procesando 0 eventos...
2025-05-19 16:49:53 - gestor_eventos - [DEBUG] - Procesando 0 eventos...
2025-05-19 16:49:53 - gestor_eventos - [DEBUG] - Procesando 0 eventos...
2025-05-19 16:49:53 - gestor_eventos - [DEBUG] - Procesando 0 eventos...
2025-05-19 16:49:53 - gestor_eventos - [DEBUG] - Procesando 0 eventos...
2025-05-19 16:49:53 - gestor_eventos - [DEBUG] - Procesando 0 eventos...
2025-05-19 16:49:53 - gestor_eventos - [DEBUG] - Procesando 0 eventos...
2025-05-19 16:49:53 - gestor_eventos - [DEBUG] - Procesando 0 eventos...
2025-05-19 16:49:53 - gestor_eventos - [DEBUG] - Procesando 2 eventos...
2025-05-19 16:49:53 - gestor_eventos - [DEBUG] -   Evento: KeyDown (<Event(768-KeyDown {'unicode': 'a', 'key': 97, 'mod': 4096, 'scancode': 4, 'window': None})>)
2025-05-19 16:49:53 - gestor_eventos - [DEBUG] - GestorEventos: KEYDOWN a (97)
2025-05-19 16:49:53 - gestor_eventos - [DEBUG] -   Evento: TextInput (<Event(771-TextInput {'text': 'a', 'window': None})>)
2025-05-19 16:49:53 - gestor_eventos - [DEBUG] - Procesando 0 eventos...
2025-05-19 16:49:53 - gestor_eventos - [DEBUG] - Procesando 0 eventos...
2025-05-19 16:49:53 - gestor_eventos - [DEBUG] - Procesando 2 eventos...
2025-05-19 16:49:53 - gestor_eventos - [DEBUG] -   Evento: KeyDown (<Event(768-KeyDown {'unicode': ' ', 'key': 32, 'mod': 4096, 'scancode': 44, 'window': None})>)
2025-05-19 16:49:53 - gestor_eventos - [DEBUG] - GestorEventos: KEYDOWN space (32)
2025-05-19 16:49:53 - gestor_eventos - [DEBUG] - GestorEventos: K_SPACE (Atacar jugador) procesado.
2025-05-19 16:49:53 - gestor_eventos - [DEBUG] -   Evento: TextInput (<Event(771-TextInput {'text': ' ', 'window': None})>)
2025-05-19 16:49:53 - gestor_eventos - [DEBUG] - Procesando 0 eventos...
2025-05-19 16:49:54 - gestor_eventos - [DEBUG] - Procesando 0 eventos...
2025-05-19 16:49:54 - gestor_eventos - [DEBUG] - Procesando 1 eventos...
2025-05-19 16:49:54 - gestor_eventos - [DEBUG] -   Evento: KeyUp (<Event(769-KeyUp {'unicode': 'd', 'key': 100, 'mod': 4096, 'scancode': 7, 'window': None})>)
2025-05-19 16:49:54 - gestor_eventos - [DEBUG] - Procesando 0 eventos...
2025-05-19 16:49:54 - gestor_eventos - [DEBUG] - Procesando 0 eventos...
2025-05-19 16:49:54 - gestor_eventos - [DEBUG] - Procesando 0 eventos...
2025-05-19 16:49:54 - gestor_eventos - [DEBUG] - Procesando 0 eventos...
2025-05-19 16:49:54 - gestor_eventos - [DEBUG] - Procesando 0 eventos...
2025-05-19 16:49:54 - gestor_eventos - [DEBUG] - Procesando 0 eventos...
2025-05-19 16:49:54 - gestor_eventos - [DEBUG] - Procesando 0 eventos...
2025-05-19 16:49:54 - gestor_eventos - [DEBUG] - Procesando 2 eventos...
2025-05-19 16:49:54 - gestor_eventos - [DEBUG] -   Evento: KeyDown (<Event(768-KeyDown {'unicode': 'd', 'key': 100, 'mod': 4096, 'scancode': 7, 'window': None})>)
2025-05-19 16:49:54 - gestor_eventos - [DEBUG] - GestorEventos: KEYDOWN d (100)
2025-05-19 16:49:54 - gestor_eventos - [DEBUG] -   Evento: TextInput (<Event(771-TextInput {'text': 'd', 'window': None})>)
2025-05-19 16:49:54 - gestor_eventos - [DEBUG] - Procesando 0 eventos...
2025-05-19 16:49:54 - gestor_eventos - [DEBUG] - Procesando 1 eventos...
2025-05-19 16:49:54 - gestor_eventos - [DEBUG] -   Evento: KeyUp (<Event(769-KeyUp {'unicode': ' ', 'key': 32, 'mod': 4096, 'scancode': 44, 'window': None})>)
2025-05-19 16:49:54 - gestor_eventos - [DEBUG] - Procesando 0 eventos...
2025-05-19 16:49:54 - gestor_eventos - [DEBUG] - Procesando 0 eventos...
2025-05-19 16:49:54 - gestor_eventos - [DEBUG] - Procesando 0 eventos...
2025-05-19 16:49:54 - gestor_eventos - [DEBUG] - Procesando 1 eventos...
2025-05-19 16:49:54 - gestor_eventos - [DEBUG] -   Evento: KeyUp (<Event(769-KeyUp {'unicode': 'a', 'key': 97, 'mod': 4096, 'scancode': 4, 'window': None})>)
2025-05-19 16:49:54 - gestor_eventos - [DEBUG] - Procesando 0 eventos...
2025-05-19 16:49:54 - gestor_eventos - [DEBUG] - Procesando 0 eventos...
2025-05-19 16:49:54 - gestor_eventos - [DEBUG] - Procesando 0 eventos...
2025-05-19 16:49:54 - gestor_eventos - [DEBUG] - Procesando 0 eventos...
2025-05-19 16:49:54 - gestor_eventos - [DEBUG] - Procesando 0 eventos...
2025-05-19 16:49:54 - gestor_eventos - [DEBUG] - Procesando 2 eventos...
2025-05-19 16:49:54 - gestor_eventos - [DEBUG] -   Evento: KeyDown (<Event(768-KeyDown {'unicode': 'w', 'key': 119, 'mod': 4096, 'scancode': 26, 'window': None})>)
2025-05-19 16:49:54 - gestor_eventos - [DEBUG] - GestorEventos: KEYDOWN w (119)
2025-05-19 16:49:54 - gestor_eventos - [DEBUG] -   Evento: TextInput (<Event(771-TextInput {'text': 'w', 'window': None})>)
2025-05-19 16:49:54 - gestor_eventos - [DEBUG] - Procesando 1 eventos...
2025-05-19 16:49:54 - gestor_eventos - [DEBUG] -   Evento: MouseMotion (<Event(1024-MouseMotion {'pos': (555, 291), 'rel': (1, 0), 'buttons': (0, 0, 0), 'touch': False, 'window': None})>)
2025-05-19 16:49:54 - gestor_eventos - [DEBUG] - Procesando 0 eventos...
2025-05-19 16:49:54 - gestor_eventos - [DEBUG] - Procesando 0 eventos...
2025-05-19 16:49:54 - gestor_eventos - [DEBUG] - Procesando 0 eventos...
2025-05-19 16:49:54 - gestor_eventos - [DEBUG] - Procesando 0 eventos...
2025-05-19 16:49:54 - gestor_eventos - [DEBUG] - Procesando 2 eventos...
2025-05-19 16:49:54 - gestor_eventos - [DEBUG] -   Evento: KeyDown (<Event(768-KeyDown {'unicode': 'a', 'key': 97, 'mod': 4096, 'scancode': 4, 'window': None})>)
2025-05-19 16:49:54 - gestor_eventos - [DEBUG] - GestorEventos: KEYDOWN a (97)
2025-05-19 16:49:54 - gestor_eventos - [DEBUG] -   Evento: TextInput (<Event(771-TextInput {'text': 'a', 'window': None})>)
2025-05-19 16:49:54 - gestor_eventos - [DEBUG] - Procesando 0 eventos...
2025-05-19 16:49:54 - gestor_eventos - [DEBUG] - Procesando 0 eventos...
2025-05-19 16:49:54 - gestor_eventos - [DEBUG] - Procesando 0 eventos...
2025-05-19 16:49:54 - gestor_eventos - [DEBUG] - Procesando 0 eventos...
2025-05-19 16:49:54 - gestor_eventos - [DEBUG] - Procesando 0 eventos...
2025-05-19 16:49:54 - gestor_eventos - [DEBUG] - Procesando 0 eventos...
2025-05-19 16:49:54 - gestor_eventos - [DEBUG] - Procesando 2 eventos...
2025-05-19 16:49:54 - gestor_eventos - [DEBUG] -   Evento: KeyDown (<Event(768-KeyDown {'unicode': ' ', 'key': 32, 'mod': 4096, 'scancode': 44, 'window': None})>)
2025-05-19 16:49:54 - gestor_eventos - [DEBUG] - GestorEventos: KEYDOWN space (32)
2025-05-19 16:49:54 - gestor_eventos - [DEBUG] - GestorEventos: K_SPACE (Atacar jugador) procesado.
2025-05-19 16:49:54 - gestor_eventos - [DEBUG] -   Evento: TextInput (<Event(771-TextInput {'text': ' ', 'window': None})>)
2025-05-19 16:49:54 - gestor_eventos - [DEBUG] - Procesando 1 eventos...
2025-05-19 16:49:54 - gestor_eventos - [DEBUG] -   Evento: KeyUp (<Event(769-KeyUp {'unicode': 'w', 'key': 119, 'mod': 4096, 'scancode': 26, 'window': None})>)
2025-05-19 16:49:54 - gestor_eventos - [DEBUG] - Procesando 0 eventos...
2025-05-19 16:49:54 - gestor_eventos - [DEBUG] - Procesando 0 eventos...
2025-05-19 16:49:54 - gestor_eventos - [DEBUG] - Procesando 0 eventos...
2025-05-19 16:49:54 - gestor_eventos - [DEBUG] - Procesando 0 eventos...
2025-05-19 16:49:54 - gestor_eventos - [DEBUG] - Procesando 0 eventos...
2025-05-19 16:49:54 - gestor_eventos - [DEBUG] - Procesando 1 eventos...
2025-05-19 16:49:54 - gestor_eventos - [DEBUG] -   Evento: KeyUp (<Event(769-KeyUp {'unicode': 'a', 'key': 97, 'mod': 4096, 'scancode': 4, 'window': None})>)
2025-05-19 16:49:54 - gestor_eventos - [DEBUG] - Procesando 2 eventos...
2025-05-19 16:49:54 - gestor_eventos - [DEBUG] -   Evento: KeyDown (<Event(768-KeyDown {'unicode': 's', 'key': 115, 'mod': 4096, 'scancode': 22, 'window': None})>)
2025-05-19 16:49:54 - gestor_eventos - [DEBUG] - GestorEventos: KEYDOWN s (115)
2025-05-19 16:49:54 - gestor_eventos - [DEBUG] -   Evento: TextInput (<Event(771-TextInput {'text': 's', 'window': None})>)
2025-05-19 16:49:54 - gestor_eventos - [DEBUG] - Procesando 0 eventos...
2025-05-19 16:49:54 - gestor_eventos - [DEBUG] - Procesando 0 eventos...
2025-05-19 16:49:54 - gestor_eventos - [DEBUG] - Procesando 0 eventos...
2025-05-19 16:49:54 - gestor_eventos - [DEBUG] - Procesando 1 eventos...
2025-05-19 16:49:54 - gestor_eventos - [DEBUG] -   Evento: KeyUp (<Event(769-KeyUp {'unicode': ' ', 'key': 32, 'mod': 4096, 'scancode': 44, 'window': None})>)
2025-05-19 16:49:54 - gestor_eventos - [DEBUG] - Procesando 0 eventos...
2025-05-19 16:49:54 - gestor_eventos - [DEBUG] - Procesando 2 eventos...
2025-05-19 16:49:54 - gestor_eventos - [DEBUG] -   Evento: KeyDown (<Event(768-KeyDown {'unicode': 'a', 'key': 97, 'mod': 4096, 'scancode': 4, 'window': None})>)
2025-05-19 16:49:54 - gestor_eventos - [DEBUG] - GestorEventos: KEYDOWN a (97)
2025-05-19 16:49:54 - gestor_eventos - [DEBUG] -   Evento: TextInput (<Event(771-TextInput {'text': 'a', 'window': None})>)
2025-05-19 16:49:54 - gestor_eventos - [DEBUG] - Procesando 0 eventos...
2025-05-19 16:49:54 - gestor_eventos - [DEBUG] - Procesando 0 eventos...
2025-05-19 16:49:54 - gestor_eventos - [DEBUG] - Procesando 0 eventos...
2025-05-19 16:49:54 - gestor_eventos - [DEBUG] - Procesando 2 eventos...
2025-05-19 16:49:54 - gestor_eventos - [DEBUG] -   Evento: KeyDown (<Event(768-KeyDown {'unicode': ' ', 'key': 32, 'mod': 4096, 'scancode': 44, 'window': None})>)
2025-05-19 16:49:54 - gestor_eventos - [DEBUG] - GestorEventos: KEYDOWN space (32)
2025-05-19 16:49:54 - gestor_eventos - [DEBUG] - GestorEventos: K_SPACE (Atacar jugador) procesado.
2025-05-19 16:49:54 - gestor_eventos - [DEBUG] -   Evento: TextInput (<Event(771-TextInput {'text': ' ', 'window': None})>)
2025-05-19 16:49:54 - gestor_eventos - [DEBUG] - Procesando 0 eventos...
2025-05-19 16:49:54 - gestor_eventos - [DEBUG] - Procesando 0 eventos...
2025-05-19 16:49:54 - gestor_eventos - [DEBUG] - Procesando 0 eventos...
2025-05-19 16:49:54 - gestor_eventos - [DEBUG] - Procesando 0 eventos...
2025-05-19 16:49:54 - gestor_eventos - [DEBUG] - Procesando 0 eventos...
2025-05-19 16:49:54 - gestor_eventos - [DEBUG] - Procesando 0 eventos...
2025-05-19 16:49:54 - gestor_eventos - [DEBUG] - Procesando 0 eventos...
2025-05-19 16:49:55 - gestor_eventos - [DEBUG] - Procesando 1 eventos...
2025-05-19 16:49:55 - gestor_eventos - [DEBUG] -   Evento: KeyUp (<Event(769-KeyUp {'unicode': ' ', 'key': 32, 'mod': 4096, 'scancode': 44, 'window': None})>)
2025-05-19 16:49:55 - gestor_eventos - [DEBUG] - Procesando 0 eventos...
2025-05-19 16:49:55 - gestor_eventos - [DEBUG] - Procesando 0 eventos...
2025-05-19 16:49:55 - gestor_eventos - [DEBUG] - Procesando 0 eventos...
2025-05-19 16:49:55 - gestor_eventos - [DEBUG] - Procesando 0 eventos...
2025-05-19 16:49:55 - gestor_eventos - [DEBUG] - Procesando 1 eventos...
2025-05-19 16:49:55 - gestor_eventos - [DEBUG] -   Evento: KeyUp (<Event(769-KeyUp {'unicode': 'a', 'key': 97, 'mod': 4096, 'scancode': 4, 'window': None})>)
2025-05-19 16:49:55 - gestor_eventos - [DEBUG] - Procesando 0 eventos...
2025-05-19 16:49:55 - gestor_eventos - [DEBUG] - Procesando 0 eventos...
2025-05-19 16:49:55 - gestor_eventos - [DEBUG] - Procesando 0 eventos...
2025-05-19 16:49:55 - gestor_eventos - [DEBUG] - Procesando 0 eventos...
2025-05-19 16:49:55 - gestor_eventos - [DEBUG] - Procesando 1 eventos...
2025-05-19 16:49:55 - gestor_eventos - [DEBUG] -   Evento: KeyUp (<Event(769-KeyUp {'unicode': 's', 'key': 115, 'mod': 4096, 'scancode': 22, 'window': None})>)
2025-05-19 16:49:55 - gestor_eventos - [DEBUG] - Procesando 0 eventos...
2025-05-19 16:49:55 - gestor_eventos - [DEBUG] - Procesando 0 eventos...
2025-05-19 16:49:55 - gestor_eventos - [DEBUG] - Procesando 0 eventos...
2025-05-19 16:49:55 - gestor_eventos - [DEBUG] - Procesando 0 eventos...
2025-05-19 16:49:55 - gestor_eventos - [DEBUG] - Procesando 0 eventos...
2025-05-19 16:49:55 - gestor_eventos - [DEBUG] - Procesando 0 eventos...
2025-05-19 16:49:55 - gestor_eventos - [DEBUG] - Procesando 2 eventos...
2025-05-19 16:49:55 - gestor_eventos - [DEBUG] -   Evento: KeyDown (<Event(768-KeyDown {'unicode': 'w', 'key': 119, 'mod': 4096, 'scancode': 26, 'window': None})>)
2025-05-19 16:49:55 - gestor_eventos - [DEBUG] - GestorEventos: KEYDOWN w (119)
2025-05-19 16:49:55 - gestor_eventos - [DEBUG] -   Evento: TextInput (<Event(771-TextInput {'text': 'w', 'window': None})>)
2025-05-19 16:49:55 - gestor_eventos - [DEBUG] - Procesando 0 eventos...
2025-05-19 16:49:55 - gestor_eventos - [DEBUG] - Procesando 0 eventos...
2025-05-19 16:49:55 - gestor_eventos - [DEBUG] - Procesando 0 eventos...
2025-05-19 16:49:55 - gestor_eventos - [DEBUG] - Procesando 2 eventos...
2025-05-19 16:49:55 - gestor_eventos - [DEBUG] -   Evento: KeyDown (<Event(768-KeyDown {'unicode': 'a', 'key': 97, 'mod': 4096, 'scancode': 4, 'window': None})>)
2025-05-19 16:49:55 - gestor_eventos - [DEBUG] - GestorEventos: KEYDOWN a (97)
2025-05-19 16:49:55 - gestor_eventos - [DEBUG] -   Evento: TextInput (<Event(771-TextInput {'text': 'a', 'window': None})>)
2025-05-19 16:49:55 - gestor_eventos - [DEBUG] - Procesando 0 eventos...
2025-05-19 16:49:55 - gestor_eventos - [DEBUG] - Procesando 0 eventos...
2025-05-19 16:49:55 - gestor_eventos - [DEBUG] - Procesando 2 eventos...
2025-05-19 16:49:55 - gestor_eventos - [DEBUG] -   Evento: KeyDown (<Event(768-KeyDown {'unicode': ' ', 'key': 32, 'mod': 4096, 'scancode': 44, 'window': None})>)
2025-05-19 16:49:55 - gestor_eventos - [DEBUG] - GestorEventos: KEYDOWN space (32)
2025-05-19 16:49:55 - gestor_eventos - [DEBUG] - GestorEventos: K_SPACE (Atacar jugador) procesado.
2025-05-19 16:49:55 - gestor_eventos - [DEBUG] -   Evento: TextInput (<Event(771-TextInput {'text': ' ', 'window': None})>)
2025-05-19 16:49:55 - gestor_eventos - [DEBUG] - Procesando 0 eventos...
2025-05-19 16:49:55 - gestor_eventos - [DEBUG] - Procesando 0 eventos...
2025-05-19 16:49:55 - gestor_eventos - [DEBUG] - Procesando 0 eventos...
2025-05-19 16:49:55 - gestor_eventos - [DEBUG] - Procesando 0 eventos...
2025-05-19 16:49:55 - gestor_eventos - [DEBUG] - Procesando 1 eventos...
2025-05-19 16:49:55 - gestor_eventos - [DEBUG] -   Evento: KeyUp (<Event(769-KeyUp {'unicode': 'w', 'key': 119, 'mod': 4096, 'scancode': 26, 'window': None})>)
2025-05-19 16:49:55 - gestor_eventos - [DEBUG] - Procesando 0 eventos...
2025-05-19 16:49:55 - gestor_eventos - [DEBUG] - Procesando 0 eventos...
2025-05-19 16:49:55 - gestor_eventos - [DEBUG] - Procesando 0 eventos...
2025-05-19 16:49:55 - gestor_eventos - [DEBUG] - Procesando 0 eventos...
2025-05-19 16:49:55 - gestor_eventos - [DEBUG] - Procesando 2 eventos...
2025-05-19 16:49:55 - gestor_eventos - [DEBUG] -   Evento: KeyDown (<Event(768-KeyDown {'unicode': 's', 'key': 115, 'mod': 4096, 'scancode': 22, 'window': None})>)
2025-05-19 16:49:55 - gestor_eventos - [DEBUG] - GestorEventos: KEYDOWN s (115)
2025-05-19 16:49:55 - gestor_eventos - [DEBUG] -   Evento: TextInput (<Event(771-TextInput {'text': 's', 'window': None})>)
2025-05-19 16:49:55 - gestor_eventos - [DEBUG] - Procesando 1 eventos...
2025-05-19 16:49:55 - gestor_eventos - [DEBUG] -   Evento: KeyUp (<Event(769-KeyUp {'unicode': ' ', 'key': 32, 'mod': 4096, 'scancode': 44, 'window': None})>)
2025-05-19 16:49:55 - gestor_eventos - [DEBUG] - Procesando 1 eventos...
2025-05-19 16:49:55 - gestor_eventos - [DEBUG] -   Evento: KeyUp (<Event(769-KeyUp {'unicode': 'a', 'key': 97, 'mod': 4096, 'scancode': 4, 'window': None})>)
2025-05-19 16:49:55 - gestor_eventos - [DEBUG] - Procesando 0 eventos...
2025-05-19 16:49:55 - gestor_eventos - [DEBUG] - Procesando 0 eventos...
2025-05-19 16:49:55 - gestor_eventos - [DEBUG] - Procesando 0 eventos...
2025-05-19 16:49:55 - gestor_eventos - [DEBUG] - Procesando 0 eventos...
2025-05-19 16:49:55 - gestor_eventos - [DEBUG] - Procesando 0 eventos...
2025-05-19 16:49:55 - gestor_eventos - [DEBUG] - Procesando 0 eventos...
2025-05-19 16:49:55 - gestor_eventos - [DEBUG] - Procesando 2 eventos...
2025-05-19 16:49:55 - gestor_eventos - [DEBUG] -   Evento: KeyDown (<Event(768-KeyDown {'unicode': ' ', 'key': 32, 'mod': 4096, 'scancode': 44, 'window': None})>)
2025-05-19 16:49:55 - gestor_eventos - [DEBUG] - GestorEventos: KEYDOWN space (32)
2025-05-19 16:49:55 - gestor_eventos - [DEBUG] - GestorEventos: K_SPACE (Atacar jugador) procesado.
2025-05-19 16:49:55 - gestor_eventos - [DEBUG] -   Evento: TextInput (<Event(771-TextInput {'text': ' ', 'window': None})>)
2025-05-19 16:49:55 - gestor_eventos - [DEBUG] - Procesando 0 eventos...
2025-05-19 16:49:55 - gestor_eventos - [DEBUG] - Procesando 0 eventos...
2025-05-19 16:49:55 - gestor_eventos - [DEBUG] - Procesando 0 eventos...
2025-05-19 16:49:55 - gestor_eventos - [DEBUG] - Procesando 0 eventos...
2025-05-19 16:49:55 - gestor_eventos - [DEBUG] - Procesando 0 eventos...
2025-05-19 16:49:55 - gestor_eventos - [DEBUG] - Procesando 0 eventos...
2025-05-19 16:49:55 - gestor_eventos - [DEBUG] - Procesando 0 eventos...
2025-05-19 16:49:55 - gestor_eventos - [DEBUG] - Procesando 0 eventos...
2025-05-19 16:49:55 - gestor_eventos - [DEBUG] - Procesando 0 eventos...
2025-05-19 16:49:55 - gestor_eventos - [DEBUG] - Procesando 1 eventos...
2025-05-19 16:49:55 - gestor_eventos - [DEBUG] -   Evento: KeyUp (<Event(769-KeyUp {'unicode': 's', 'key': 115, 'mod': 4096, 'scancode': 22, 'window': None})>)
2025-05-19 16:49:55 - gestor_eventos - [DEBUG] - Procesando 1 eventos...
2025-05-19 16:49:55 - gestor_eventos - [DEBUG] -   Evento: KeyUp (<Event(769-KeyUp {'unicode': ' ', 'key': 32, 'mod': 4096, 'scancode': 44, 'window': None})>)
2025-05-19 16:49:55 - gestor_eventos - [DEBUG] - Procesando 0 eventos...
2025-05-19 16:49:55 - gestor_eventos - [DEBUG] - Procesando 0 eventos...
2025-05-19 16:49:55 - gestor_eventos - [DEBUG] - Procesando 0 eventos...
2025-05-19 16:49:55 - gestor_eventos - [DEBUG] - Procesando 0 eventos...
2025-05-19 16:49:55 - gestor_eventos - [DEBUG] - Procesando 2 eventos...
2025-05-19 16:49:55 - gestor_eventos - [DEBUG] -   Evento: KeyDown (<Event(768-KeyDown {'unicode': 'w', 'key': 119, 'mod': 4096, 'scancode': 26, 'window': None})>)
2025-05-19 16:49:55 - gestor_eventos - [DEBUG] - GestorEventos: KEYDOWN w (119)
2025-05-19 16:49:55 - gestor_eventos - [DEBUG] -   Evento: TextInput (<Event(771-TextInput {'text': 'w', 'window': None})>)
2025-05-19 16:49:55 - gestor_eventos - [DEBUG] - Procesando 0 eventos...
2025-05-19 16:49:56 - gestor_eventos - [DEBUG] - Procesando 0 eventos...
2025-05-19 16:49:56 - gestor_eventos - [DEBUG] - Procesando 0 eventos...
2025-05-19 16:49:56 - gestor_eventos - [DEBUG] - Procesando 2 eventos...
2025-05-19 16:49:56 - gestor_eventos - [DEBUG] -   Evento: KeyDown (<Event(768-KeyDown {'unicode': 'a', 'key': 97, 'mod': 4096, 'scancode': 4, 'window': None})>)
2025-05-19 16:49:56 - gestor_eventos - [DEBUG] - GestorEventos: KEYDOWN a (97)
2025-05-19 16:49:56 - gestor_eventos - [DEBUG] -   Evento: TextInput (<Event(771-TextInput {'text': 'a', 'window': None})>)
2025-05-19 16:49:56 - gestor_eventos - [DEBUG] - Procesando 0 eventos...
2025-05-19 16:49:56 - gestor_eventos - [DEBUG] - Procesando 0 eventos...
2025-05-19 16:49:56 - gestor_eventos - [DEBUG] - Procesando 0 eventos...
2025-05-19 16:49:56 - gestor_eventos - [DEBUG] - Procesando 0 eventos...
2025-05-19 16:49:56 - gestor_eventos - [DEBUG] - Procesando 2 eventos...
2025-05-19 16:49:56 - gestor_eventos - [DEBUG] -   Evento: KeyDown (<Event(768-KeyDown {'unicode': ' ', 'key': 32, 'mod': 4096, 'scancode': 44, 'window': None})>)
2025-05-19 16:49:56 - gestor_eventos - [DEBUG] - GestorEventos: KEYDOWN space (32)
2025-05-19 16:49:56 - gestor_eventos - [DEBUG] - GestorEventos: K_SPACE (Atacar jugador) procesado.
2025-05-19 16:49:56 - gestor_eventos - [DEBUG] -   Evento: TextInput (<Event(771-TextInput {'text': ' ', 'window': None})>)
2025-05-19 16:49:56 - gestor_eventos - [DEBUG] - Procesando 0 eventos...
2025-05-19 16:49:56 - gestor_eventos - [DEBUG] - Procesando 0 eventos...
2025-05-19 16:49:56 - gestor_eventos - [DEBUG] - Procesando 0 eventos...
2025-05-19 16:49:56 - gestor_eventos - [DEBUG] - Procesando 0 eventos...
2025-05-19 16:49:56 - gestor_eventos - [DEBUG] - Procesando 0 eventos...
2025-05-19 16:49:56 - gestor_eventos - [DEBUG] - Procesando 0 eventos...
2025-05-19 16:49:56 - gestor_eventos - [DEBUG] - Procesando 1 eventos...
2025-05-19 16:49:56 - gestor_eventos - [DEBUG] -   Evento: KeyUp (<Event(769-KeyUp {'unicode': 'd', 'key': 100, 'mod': 4096, 'scancode': 7, 'window': None})>)
2025-05-19 16:49:56 - gestor_eventos - [DEBUG] - Procesando 0 eventos...
2025-05-19 16:49:56 - gestor_eventos - [DEBUG] - Procesando 0 eventos...
2025-05-19 16:49:56 - gestor_eventos - [DEBUG] - Procesando 2 eventos...
2025-05-19 16:49:56 - gestor_eventos - [DEBUG] -   Evento: KeyUp (<Event(769-KeyUp {'unicode': ' ', 'key': 32, 'mod': 4096, 'scancode': 44, 'window': None})>)
2025-05-19 16:49:56 - gestor_eventos - [DEBUG] -   Evento: KeyUp (<Event(769-KeyUp {'unicode': 'w', 'key': 119, 'mod': 4096, 'scancode': 26, 'window': None})>)
2025-05-19 16:49:56 - gestor_eventos - [DEBUG] - Procesando 0 eventos...
2025-05-19 16:49:56 - gestor_eventos - [DEBUG] - Procesando 0 eventos...
2025-05-19 16:49:56 - gestor_eventos - [DEBUG] - Procesando 0 eventos...
2025-05-19 16:49:56 - gestor_eventos - [DEBUG] - Procesando 0 eventos...
2025-05-19 16:49:56 - gestor_eventos - [DEBUG] - Procesando 2 eventos...
2025-05-19 16:49:56 - gestor_eventos - [DEBUG] -   Evento: KeyDown (<Event(768-KeyDown {'unicode': ' ', 'key': 32, 'mod': 4096, 'scancode': 44, 'window': None})>)
2025-05-19 16:49:56 - gestor_eventos - [DEBUG] - GestorEventos: KEYDOWN space (32)
2025-05-19 16:49:56 - gestor_eventos - [DEBUG] - GestorEventos: K_SPACE (Atacar jugador) procesado.
2025-05-19 16:49:56 - gestor_eventos - [DEBUG] -   Evento: TextInput (<Event(771-TextInput {'text': ' ', 'window': None})>)
2025-05-19 16:49:56 - gestor_eventos - [DEBUG] - Procesando 0 eventos...
2025-05-19 16:49:56 - gestor_eventos - [DEBUG] - Procesando 0 eventos...
2025-05-19 16:49:56 - gestor_eventos - [DEBUG] - Procesando 2 eventos...
2025-05-19 16:49:56 - gestor_eventos - [DEBUG] -   Evento: KeyDown (<Event(768-KeyDown {'unicode': 's', 'key': 115, 'mod': 4096, 'scancode': 22, 'window': None})>)
2025-05-19 16:49:56 - gestor_eventos - [DEBUG] - GestorEventos: KEYDOWN s (115)
2025-05-19 16:49:56 - gestor_eventos - [DEBUG] -   Evento: TextInput (<Event(771-TextInput {'text': 's', 'window': None})>)
2025-05-19 16:49:56 - gestor_eventos - [DEBUG] - Procesando 0 eventos...
2025-05-19 16:49:56 - gestor_eventos - [DEBUG] - Procesando 0 eventos...
2025-05-19 16:49:56 - gestor_eventos - [DEBUG] - Procesando 1 eventos...
2025-05-19 16:49:56 - gestor_eventos - [DEBUG] -   Evento: MouseMotion (<Event(1024-MouseMotion {'pos': (555, 290), 'rel': (0, -1), 'buttons': (0, 0, 0), 'touch': False, 'window': None})>)
2025-05-19 16:49:56 - gestor_eventos - [DEBUG] - Procesando 1 eventos...
2025-05-19 16:49:56 - gestor_eventos - [DEBUG] -   Evento: MouseMotion (<Event(1024-MouseMotion {'pos': (556, 289), 'rel': (1, -1), 'buttons': (0, 0, 0), 'touch': False, 'window': None})>)
2025-05-19 16:49:56 - gestor_eventos - [DEBUG] - Procesando 1 eventos...
2025-05-19 16:49:56 - gestor_eventos - [DEBUG] -   Evento: KeyUp (<Event(769-KeyUp {'unicode': ' ', 'key': 32, 'mod': 4096, 'scancode': 44, 'window': None})>)
2025-05-19 16:49:56 - gestor_eventos - [DEBUG] - Procesando 0 eventos...
2025-05-19 16:49:56 - gestor_eventos - [DEBUG] - Procesando 0 eventos...
2025-05-19 16:49:56 - gestor_eventos - [DEBUG] - Procesando 0 eventos...
2025-05-19 16:49:56 - gestor_eventos - [DEBUG] - Procesando 0 eventos...
2025-05-19 16:49:56 - gestor_eventos - [DEBUG] - Procesando 2 eventos...
2025-05-19 16:49:56 - gestor_eventos - [DEBUG] -   Evento: KeyDown (<Event(768-KeyDown {'unicode': 'd', 'key': 100, 'mod': 4096, 'scancode': 7, 'window': None})>)
2025-05-19 16:49:56 - gestor_eventos - [DEBUG] - GestorEventos: KEYDOWN d (100)
2025-05-19 16:49:56 - gestor_eventos - [DEBUG] -   Evento: TextInput (<Event(771-TextInput {'text': 'd', 'window': None})>)
2025-05-19 16:49:56 - gestor_eventos - [DEBUG] - Procesando 2 eventos...
2025-05-19 16:49:56 - gestor_eventos - [DEBUG] -   Evento: KeyDown (<Event(768-KeyDown {'unicode': ' ', 'key': 32, 'mod': 4096, 'scancode': 44, 'window': None})>)
2025-05-19 16:49:56 - gestor_eventos - [DEBUG] - GestorEventos: KEYDOWN space (32)
2025-05-19 16:49:56 - gestor_eventos - [DEBUG] - GestorEventos: K_SPACE (Atacar jugador) procesado.
2025-05-19 16:49:56 - gestor_eventos - [DEBUG] -   Evento: TextInput (<Event(771-TextInput {'text': ' ', 'window': None})>)
2025-05-19 16:49:56 - gestor_eventos - [DEBUG] - Procesando 0 eventos...
2025-05-19 16:49:56 - gestor_eventos - [DEBUG] - Procesando 1 eventos...
2025-05-19 16:49:56 - gestor_eventos - [DEBUG] -   Evento: KeyUp (<Event(769-KeyUp {'unicode': 's', 'key': 115, 'mod': 4096, 'scancode': 22, 'window': None})>)
2025-05-19 16:49:56 - gestor_eventos - [DEBUG] - Procesando 0 eventos...
2025-05-19 16:49:56 - gestor_eventos - [DEBUG] - Procesando 0 eventos...
2025-05-19 16:49:56 - gestor_eventos - [DEBUG] - Procesando 0 eventos...
2025-05-19 16:49:56 - gestor_eventos - [DEBUG] - Procesando 0 eventos...
2025-05-19 16:49:56 - gestor_eventos - [DEBUG] - Procesando 0 eventos...
2025-05-19 16:49:56 - gestor_eventos - [DEBUG] - Procesando 1 eventos...
2025-05-19 16:49:56 - gestor_eventos - [DEBUG] -   Evento: MouseMotion (<Event(1024-MouseMotion {'pos': (552, 289), 'rel': (-4, 0), 'buttons': (0, 0, 0), 'touch': False, 'window': None})>)
2025-05-19 16:49:56 - gestor_eventos - [DEBUG] - Procesando 3 eventos...
2025-05-19 16:49:56 - gestor_eventos - [DEBUG] -   Evento: MouseMotion (<Event(1024-MouseMotion {'pos': (545, 288), 'rel': (-7, -1), 'buttons': (0, 0, 0), 'touch': False, 'window': None})>)
2025-05-19 16:49:56 - gestor_eventos - [DEBUG] -   Evento: KeyUp (<Event(769-KeyUp {'unicode': ' ', 'key': 32, 'mod': 4096, 'scancode': 44, 'window': None})>)
2025-05-19 16:49:56 - gestor_eventos - [DEBUG] -   Evento: MouseMotion (<Event(1024-MouseMotion {'pos': (543, 287), 'rel': (-2, -1), 'buttons': (0, 0, 0), 'touch': False, 'window': None})>)
2025-05-19 16:49:56 - gestor_eventos - [DEBUG] - Procesando 1 eventos...
2025-05-19 16:49:56 - gestor_eventos - [DEBUG] -   Evento: MouseMotion (<Event(1024-MouseMotion {'pos': (532, 287), 'rel': (-11, 0), 'buttons': (0, 0, 0), 'touch': False, 'window': None})>)
2025-05-19 16:49:56 - gestor_eventos - [DEBUG] - Procesando 1 eventos...
2025-05-19 16:49:56 - gestor_eventos - [DEBUG] -   Evento: MouseMotion (<Event(1024-MouseMotion {'pos': (516, 284), 'rel': (-16, -3), 'buttons': (0, 0, 0), 'touch': False, 'window': None})>)
2025-05-19 16:49:56 - gestor_eventos - [DEBUG] - Procesando 4 eventos...
2025-05-19 16:49:56 - gestor_eventos - [DEBUG] -   Evento: MouseMotion (<Event(1024-MouseMotion {'pos': (501, 277), 'rel': (-15, -7), 'buttons': (0, 0, 0), 'touch': False, 'window': None})>)
2025-05-19 16:49:56 - gestor_eventos - [DEBUG] -   Evento: KeyDown (<Event(768-KeyDown {'unicode': 'w', 'key': 119, 'mod': 4096, 'scancode': 26, 'window': None})>)
2025-05-19 16:49:56 - gestor_eventos - [DEBUG] - GestorEventos: KEYDOWN w (119)
2025-05-19 16:49:56 - gestor_eventos - [DEBUG] -   Evento: TextInput (<Event(771-TextInput {'text': 'w', 'window': None})>)
2025-05-19 16:49:56 - gestor_eventos - [DEBUG] -   Evento: MouseMotion (<Event(1024-MouseMotion {'pos': (499, 276), 'rel': (-2, -1), 'buttons': (0, 0, 0), 'touch': False, 'window': None})>)
2025-05-19 16:49:56 - gestor_eventos - [DEBUG] - Procesando 4 eventos...
2025-05-19 16:49:56 - gestor_eventos - [DEBUG] -   Evento: MouseButtonDown (<Event(1025-MouseButtonDown {'pos': (499, 276), 'button': 4, 'touch': False, 'window': None})>)
2025-05-19 16:49:56 - gestor_eventos - [DEBUG] -   Evento: MouseButtonUp (<Event(1026-MouseButtonUp {'pos': (499, 276), 'button': 4, 'touch': False, 'window': None})>)
2025-05-19 16:49:56 - gestor_eventos - [DEBUG] -   Evento: MouseWheel (<Event(1027-MouseWheel {'flipped': False, 'x': 0, 'y': 1, 'precise_x': 0.0, 'precise_y': 1.0, 'touch': False, 'window': None})>)
2025-05-19 16:49:56 - gestor_eventos - [DEBUG] - GestorEventos: MOUSEWHEEL. Zoom actual: 1.20, Solicitado nuevo: 1.30
2025-05-19 16:49:56 - gestor_eventos - [DEBUG] -   Evento: MouseMotion (<Event(1024-MouseMotion {'pos': (490, 272), 'rel': (-9, -4), 'buttons': (0, 0, 0), 'touch': False, 'window': None})>)
2025-05-19 16:49:56 - gestor_eventos - [DEBUG] - Procesando 4 eventos...
2025-05-19 16:49:56 - gestor_eventos - [DEBUG] -   Evento: MouseButtonDown (<Event(1025-MouseButtonDown {'pos': (490, 272), 'button': 4, 'touch': False, 'window': None})>)
2025-05-19 16:49:56 - gestor_eventos - [DEBUG] -   Evento: MouseButtonUp (<Event(1026-MouseButtonUp {'pos': (490, 272), 'button': 4, 'touch': False, 'window': None})>)
2025-05-19 16:49:56 - gestor_eventos - [DEBUG] -   Evento: MouseWheel (<Event(1027-MouseWheel {'flipped': False, 'x': 0, 'y': 1, 'precise_x': 0.0, 'precise_y': 1.0, 'touch': False, 'window': None})>)
2025-05-19 16:49:56 - gestor_eventos - [DEBUG] - GestorEventos: MOUSEWHEEL. Zoom actual: 1.30, Solicitado nuevo: 1.40
2025-05-19 16:49:56 - gestor_eventos - [DEBUG] -   Evento: MouseMotion (<Event(1024-MouseMotion {'pos': (489, 272), 'rel': (-1, 0), 'buttons': (0, 0, 0), 'touch': False, 'window': None})>)
2025-05-19 16:49:56 - gestor_eventos - [DEBUG] - Procesando 0 eventos...
2025-05-19 16:49:56 - gestor_eventos - [DEBUG] - Procesando 3 eventos...
2025-05-19 16:49:56 - gestor_eventos - [DEBUG] -   Evento: MouseButtonDown (<Event(1025-MouseButtonDown {'pos': (489, 272), 'button': 4, 'touch': False, 'window': None})>)
2025-05-19 16:49:56 - gestor_eventos - [DEBUG] -   Evento: MouseButtonUp (<Event(1026-MouseButtonUp {'pos': (489, 272), 'button': 4, 'touch': False, 'window': None})>)
2025-05-19 16:49:56 - gestor_eventos - [DEBUG] -   Evento: MouseWheel (<Event(1027-MouseWheel {'flipped': False, 'x': 0, 'y': 1, 'precise_x': 0.0, 'precise_y': 1.0, 'touch': False, 'window': None})>)
2025-05-19 16:49:56 - gestor_eventos - [DEBUG] - GestorEventos: MOUSEWHEEL. Zoom actual: 1.40, Solicitado nuevo: 1.50
2025-05-19 16:49:56 - gestor_eventos - [DEBUG] - Procesando 0 eventos...
2025-05-19 16:49:56 - gestor_eventos - [DEBUG] - Procesando 1 eventos...
2025-05-19 16:49:56 - gestor_eventos - [DEBUG] -   Evento: KeyUp (<Event(769-KeyUp {'unicode': 'd', 'key': 100, 'mod': 4096, 'scancode': 7, 'window': None})>)
2025-05-19 16:49:56 - gestor_eventos - [DEBUG] - Procesando 0 eventos...
2025-05-19 16:49:56 - gestor_eventos - [DEBUG] - Procesando 0 eventos...
2025-05-19 16:49:56 - gestor_eventos - [DEBUG] - Procesando 1 eventos...
2025-05-19 16:49:56 - gestor_eventos - [DEBUG] -   Evento: MouseMotion (<Event(1024-MouseMotion {'pos': (488, 272), 'rel': (-1, 0), 'buttons': (0, 0, 0), 'touch': False, 'window': None})>)
2025-05-19 16:49:56 - gestor_eventos - [DEBUG] - Procesando 1 eventos...
2025-05-19 16:49:56 - gestor_eventos - [DEBUG] -   Evento: MouseMotion (<Event(1024-MouseMotion {'pos': (487, 272), 'rel': (-1, 0), 'buttons': (0, 0, 0), 'touch': False, 'window': None})>)
2025-05-19 16:49:56 - gestor_eventos - [DEBUG] - Procesando 0 eventos...
2025-05-19 16:49:56 - gestor_eventos - [DEBUG] - Procesando 0 eventos...
2025-05-19 16:49:57 - gestor_eventos - [DEBUG] - Procesando 0 eventos...
2025-05-19 16:49:57 - gestor_eventos - [DEBUG] - Procesando 0 eventos...
2025-05-19 16:49:57 - gestor_eventos - [DEBUG] - Procesando 0 eventos...
2025-05-19 16:49:57 - gestor_eventos - [DEBUG] - Procesando 0 eventos...
2025-05-19 16:49:57 - gestor_eventos - [DEBUG] - Procesando 0 eventos...
2025-05-19 16:49:57 - gestor_eventos - [DEBUG] - Procesando 0 eventos...
2025-05-19 16:49:57 - gestor_eventos - [DEBUG] - Procesando 3 eventos...
2025-05-19 16:49:57 - gestor_eventos - [DEBUG] -   Evento: MouseButtonDown (<Event(1025-MouseButtonDown {'pos': (487, 272), 'button': 4, 'touch': False, 'window': None})>)
2025-05-19 16:49:57 - gestor_eventos - [DEBUG] -   Evento: MouseButtonUp (<Event(1026-MouseButtonUp {'pos': (487, 272), 'button': 4, 'touch': False, 'window': None})>)
2025-05-19 16:49:57 - gestor_eventos - [DEBUG] -   Evento: MouseWheel (<Event(1027-MouseWheel {'flipped': False, 'x': 0, 'y': 1, 'precise_x': 0.0, 'precise_y': 1.0, 'touch': False, 'window': None})>)
2025-05-19 16:49:57 - gestor_eventos - [DEBUG] - GestorEventos: MOUSEWHEEL. Zoom actual: 1.50, Solicitado nuevo: 1.60
2025-05-19 16:49:57 - gestor_eventos - [DEBUG] - Procesando 5 eventos...
2025-05-19 16:49:57 - gestor_eventos - [DEBUG] -   Evento: MouseButtonDown (<Event(1025-MouseButtonDown {'pos': (487, 272), 'button': 4, 'touch': False, 'window': None})>)
2025-05-19 16:49:57 - gestor_eventos - [DEBUG] -   Evento: MouseButtonUp (<Event(1026-MouseButtonUp {'pos': (487, 272), 'button': 4, 'touch': False, 'window': None})>)
2025-05-19 16:49:57 - gestor_eventos - [DEBUG] -   Evento: MouseButtonDown (<Event(1025-MouseButtonDown {'pos': (487, 272), 'button': 4, 'touch': False, 'window': None})>)
2025-05-19 16:49:57 - gestor_eventos - [DEBUG] -   Evento: MouseButtonUp (<Event(1026-MouseButtonUp {'pos': (487, 272), 'button': 4, 'touch': False, 'window': None})>)
2025-05-19 16:49:57 - gestor_eventos - [DEBUG] -   Evento: MouseWheel (<Event(1027-MouseWheel {'flipped': False, 'x': 0, 'y': 2, 'precise_x': 0.0, 'precise_y': 2.0, 'touch': False, 'window': None})>)
2025-05-19 16:49:57 - gestor_eventos - [DEBUG] - GestorEventos: MOUSEWHEEL. Zoom actual: 1.60, Solicitado nuevo: 1.70
2025-05-19 16:49:57 - gestor_eventos - [DEBUG] - Procesando 3 eventos...
2025-05-19 16:49:57 - gestor_eventos - [DEBUG] -   Evento: MouseButtonDown (<Event(1025-MouseButtonDown {'pos': (487, 272), 'button': 4, 'touch': False, 'window': None})>)
2025-05-19 16:49:57 - gestor_eventos - [DEBUG] -   Evento: MouseButtonUp (<Event(1026-MouseButtonUp {'pos': (487, 272), 'button': 4, 'touch': False, 'window': None})>)
2025-05-19 16:49:57 - gestor_eventos - [DEBUG] -   Evento: MouseWheel (<Event(1027-MouseWheel {'flipped': False, 'x': 0, 'y': 1, 'precise_x': 0.0, 'precise_y': 1.0, 'touch': False, 'window': None})>)
2025-05-19 16:49:57 - gestor_eventos - [DEBUG] - GestorEventos: MOUSEWHEEL. Zoom actual: 1.70, Solicitado nuevo: 1.80
2025-05-19 16:49:57 - gestor_eventos - [DEBUG] - Procesando 4 eventos...
2025-05-19 16:49:57 - gestor_eventos - [DEBUG] -   Evento: MouseButtonDown (<Event(1025-MouseButtonDown {'pos': (487, 272), 'button': 4, 'touch': False, 'window': None})>)
2025-05-19 16:49:57 - gestor_eventos - [DEBUG] -   Evento: MouseButtonUp (<Event(1026-MouseButtonUp {'pos': (487, 272), 'button': 4, 'touch': False, 'window': None})>)
2025-05-19 16:49:57 - gestor_eventos - [DEBUG] -   Evento: MouseWheel (<Event(1027-MouseWheel {'flipped': False, 'x': 0, 'y': 1, 'precise_x': 0.0, 'precise_y': 1.0, 'touch': False, 'window': None})>)
2025-05-19 16:49:57 - gestor_eventos - [DEBUG] - GestorEventos: MOUSEWHEEL. Zoom actual: 1.80, Solicitado nuevo: 1.90
2025-05-19 16:49:57 - gestor_eventos - [DEBUG] -   Evento: MouseMotion (<Event(1024-MouseMotion {'pos': (488, 272), 'rel': (1, 0), 'buttons': (0, 0, 0), 'touch': False, 'window': None})>)
2025-05-19 16:49:57 - gestor_eventos - [DEBUG] - Procesando 1 eventos...
2025-05-19 16:49:57 - gestor_eventos - [DEBUG] -   Evento: KeyUp (<Event(769-KeyUp {'unicode': 'w', 'key': 119, 'mod': 4096, 'scancode': 26, 'window': None})>)
2025-05-19 16:49:57 - gestor_eventos - [DEBUG] - Procesando 0 eventos...
2025-05-19 16:49:57 - gestor_eventos - [DEBUG] - Procesando 3 eventos...
2025-05-19 16:49:57 - gestor_eventos - [DEBUG] -   Evento: MouseButtonDown (<Event(1025-MouseButtonDown {'pos': (488, 272), 'button': 4, 'touch': False, 'window': None})>)
2025-05-19 16:49:57 - gestor_eventos - [DEBUG] -   Evento: MouseButtonUp (<Event(1026-MouseButtonUp {'pos': (488, 272), 'button': 4, 'touch': False, 'window': None})>)
2025-05-19 16:49:57 - gestor_eventos - [DEBUG] -   Evento: MouseWheel (<Event(1027-MouseWheel {'flipped': False, 'x': 0, 'y': 1, 'precise_x': 0.0, 'precise_y': 1.0, 'touch': False, 'window': None})>)
2025-05-19 16:49:57 - gestor_eventos - [DEBUG] - GestorEventos: MOUSEWHEEL. Zoom actual: 1.90, Solicitado nuevo: 2.00
2025-05-19 16:49:57 - gestor_eventos - [DEBUG] - Procesando 0 eventos...
2025-05-19 16:49:57 - gestor_eventos - [DEBUG] - Procesando 0 eventos...
2025-05-19 16:49:57 - gestor_eventos - [DEBUG] - Procesando 0 eventos...
2025-05-19 16:49:57 - gestor_eventos - [DEBUG] - Procesando 2 eventos...
2025-05-19 16:49:57 - gestor_eventos - [DEBUG] -   Evento: KeyDown (<Event(768-KeyDown {'unicode': ' ', 'key': 32, 'mod': 4096, 'scancode': 44, 'window': None})>)
2025-05-19 16:49:57 - gestor_eventos - [DEBUG] - GestorEventos: KEYDOWN space (32)
2025-05-19 16:49:57 - gestor_eventos - [DEBUG] - GestorEventos: K_SPACE (Atacar jugador) procesado.
2025-05-19 16:49:57 - gestor_eventos - [DEBUG] -   Evento: TextInput (<Event(771-TextInput {'text': ' ', 'window': None})>)
2025-05-19 16:49:57 - gestor_eventos - [DEBUG] - Procesando 0 eventos...
2025-05-19 16:49:57 - gestor_eventos - [DEBUG] - Procesando 3 eventos...
2025-05-19 16:49:57 - gestor_eventos - [DEBUG] -   Evento: MouseMotion (<Event(1024-MouseMotion {'pos': (491, 272), 'rel': (3, 0), 'buttons': (0, 0, 0), 'touch': False, 'window': None})>)
2025-05-19 16:49:57 - gestor_eventos - [DEBUG] -   Evento: KeyDown (<Event(768-KeyDown {'unicode': 's', 'key': 115, 'mod': 4096, 'scancode': 22, 'window': None})>)
2025-05-19 16:49:57 - gestor_eventos - [DEBUG] - GestorEventos: KEYDOWN s (115)
2025-05-19 16:49:57 - gestor_eventos - [DEBUG] -   Evento: TextInput (<Event(771-TextInput {'text': 's', 'window': None})>)
2025-05-19 16:49:57 - gestor_eventos - [DEBUG] - Procesando 1 eventos...
2025-05-19 16:49:57 - gestor_eventos - [DEBUG] -   Evento: MouseMotion (<Event(1024-MouseMotion {'pos': (492, 272), 'rel': (1, 0), 'buttons': (0, 0, 0), 'touch': False, 'window': None})>)
2025-05-19 16:49:57 - gestor_eventos - [DEBUG] - Procesando 1 eventos...
2025-05-19 16:49:57 - gestor_eventos - [DEBUG] -   Evento: MouseMotion (<Event(1024-MouseMotion {'pos': (493, 272), 'rel': (1, 0), 'buttons': (0, 0, 0), 'touch': False, 'window': None})>)
2025-05-19 16:49:57 - gestor_eventos - [DEBUG] - Procesando 1 eventos...
2025-05-19 16:49:57 - gestor_eventos - [DEBUG] -   Evento: MouseMotion (<Event(1024-MouseMotion {'pos': (494, 272), 'rel': (1, 0), 'buttons': (0, 0, 0), 'touch': False, 'window': None})>)
2025-05-19 16:49:57 - gestor_eventos - [DEBUG] - Procesando 0 eventos...
2025-05-19 16:49:57 - gestor_eventos - [DEBUG] - Procesando 0 eventos...
2025-05-19 16:49:57 - gestor_eventos - [DEBUG] - Procesando 2 eventos...
2025-05-19 16:49:57 - gestor_eventos - [DEBUG] -   Evento: MouseMotion (<Event(1024-MouseMotion {'pos': (495, 272), 'rel': (1, 0), 'buttons': (0, 0, 0), 'touch': False, 'window': None})>)
2025-05-19 16:49:57 - gestor_eventos - [DEBUG] -   Evento: KeyUp (<Event(769-KeyUp {'unicode': ' ', 'key': 32, 'mod': 4096, 'scancode': 44, 'window': None})>)
2025-05-19 16:49:57 - gestor_eventos - [DEBUG] - Procesando 0 eventos...
2025-05-19 16:49:57 - gestor_eventos - [DEBUG] - Procesando 0 eventos...
2025-05-19 16:49:57 - gestor_eventos - [DEBUG] - Procesando 0 eventos...
2025-05-19 16:49:57 - gestor_eventos - [DEBUG] - Procesando 0 eventos...
2025-05-19 16:49:57 - gestor_eventos - [DEBUG] - Procesando 0 eventos...
2025-05-19 16:49:57 - gestor_eventos - [DEBUG] - Procesando 2 eventos...
2025-05-19 16:49:57 - gestor_eventos - [DEBUG] -   Evento: KeyDown (<Event(768-KeyDown {'unicode': ' ', 'key': 32, 'mod': 4096, 'scancode': 44, 'window': None})>)
2025-05-19 16:49:57 - gestor_eventos - [DEBUG] - GestorEventos: KEYDOWN space (32)
2025-05-19 16:49:57 - gestor_eventos - [DEBUG] - GestorEventos: K_SPACE (Atacar jugador) procesado.
2025-05-19 16:49:57 - gestor_eventos - [DEBUG] -   Evento: TextInput (<Event(771-TextInput {'text': ' ', 'window': None})>)
2025-05-19 16:49:57 - gestor_eventos - [DEBUG] - Procesando 0 eventos...
2025-05-19 16:49:57 - gestor_eventos - [DEBUG] - Procesando 0 eventos...
2025-05-19 16:49:57 - gestor_eventos - [DEBUG] - Procesando 2 eventos...
2025-05-19 16:49:57 - gestor_eventos - [DEBUG] -   Evento: KeyDown (<Event(768-KeyDown {'unicode': 'd', 'key': 100, 'mod': 4096, 'scancode': 7, 'window': None})>)
2025-05-19 16:49:57 - gestor_eventos - [DEBUG] - GestorEventos: KEYDOWN d (100)
2025-05-19 16:49:57 - gestor_eventos - [DEBUG] -   Evento: TextInput (<Event(771-TextInput {'text': 'd', 'window': None})>)
2025-05-19 16:49:57 - gestor_eventos - [DEBUG] - Procesando 0 eventos...
2025-05-19 16:49:57 - gestor_eventos - [DEBUG] - Procesando 0 eventos...
2025-05-19 16:49:57 - gestor_eventos - [DEBUG] - Procesando 0 eventos...
2025-05-19 16:49:57 - gestor_eventos - [DEBUG] - Procesando 0 eventos...
2025-05-19 16:49:57 - gestor_eventos - [DEBUG] - Procesando 0 eventos...
2025-05-19 16:49:57 - gestor_eventos - [DEBUG] - Procesando 2 eventos...
2025-05-19 16:49:57 - gestor_eventos - [DEBUG] -   Evento: KeyUp (<Event(769-KeyUp {'unicode': ' ', 'key': 32, 'mod': 4096, 'scancode': 44, 'window': None})>)
2025-05-19 16:49:57 - gestor_eventos - [DEBUG] -   Evento: KeyUp (<Event(769-KeyUp {'unicode': 's', 'key': 115, 'mod': 4096, 'scancode': 22, 'window': None})>)
2025-05-19 16:49:57 - gestor_eventos - [DEBUG] - Procesando 0 eventos...
2025-05-19 16:49:57 - gestor_eventos - [DEBUG] - Procesando 0 eventos...
2025-05-19 16:49:57 - gestor_eventos - [DEBUG] - Procesando 0 eventos...
2025-05-19 16:49:57 - gestor_eventos - [DEBUG] - Procesando 0 eventos...
2025-05-19 16:49:57 - gestor_eventos - [DEBUG] - Procesando 1 eventos...
2025-05-19 16:49:57 - gestor_eventos - [DEBUG] -   Evento: KeyUp (<Event(769-KeyUp {'unicode': 'd', 'key': 100, 'mod': 4096, 'scancode': 7, 'window': None})>)
2025-05-19 16:49:57 - gestor_eventos - [DEBUG] - Procesando 0 eventos...
2025-05-19 16:49:57 - gestor_eventos - [DEBUG] - Procesando 0 eventos...
2025-05-19 16:49:57 - gestor_eventos - [DEBUG] - Procesando 2 eventos...
2025-05-19 16:49:57 - gestor_eventos - [DEBUG] -   Evento: KeyDown (<Event(768-KeyDown {'unicode': ' ', 'key': 32, 'mod': 4096, 'scancode': 44, 'window': None})>)
2025-05-19 16:49:57 - gestor_eventos - [DEBUG] - GestorEventos: KEYDOWN space (32)
2025-05-19 16:49:57 - gestor_eventos - [DEBUG] - GestorEventos: K_SPACE (Atacar jugador) procesado.
2025-05-19 16:49:57 - gestor_eventos - [DEBUG] -   Evento: TextInput (<Event(771-TextInput {'text': ' ', 'window': None})>)
2025-05-19 16:49:57 - gestor_eventos - [DEBUG] - Procesando 0 eventos...
2025-05-19 16:49:57 - gestor_eventos - [DEBUG] - Procesando 0 eventos...
2025-05-19 16:49:57 - gestor_eventos - [DEBUG] - Procesando 1 eventos...
2025-05-19 16:49:57 - gestor_eventos - [DEBUG] -   Evento: MouseMotion (<Event(1024-MouseMotion {'pos': (496, 272), 'rel': (1, 0), 'buttons': (0, 0, 0), 'touch': False, 'window': None})>)
2025-05-19 16:49:57 - gestor_eventos - [DEBUG] - Procesando 0 eventos...
2025-05-19 16:49:57 - gestor_eventos - [DEBUG] - Procesando 0 eventos...
2025-05-19 16:49:57 - gestor_eventos - [DEBUG] - Procesando 0 eventos...
2025-05-19 16:49:57 - gestor_eventos - [DEBUG] - Procesando 0 eventos...
2025-05-19 16:49:57 - gestor_eventos - [DEBUG] - Procesando 1 eventos...
2025-05-19 16:49:57 - gestor_eventos - [DEBUG] -   Evento: KeyUp (<Event(769-KeyUp {'unicode': ' ', 'key': 32, 'mod': 4096, 'scancode': 44, 'window': None})>)
2025-05-19 16:49:57 - gestor_eventos - [DEBUG] - Procesando 0 eventos...
2025-05-19 16:49:57 - gestor_eventos - [DEBUG] - Procesando 0 eventos...
2025-05-19 16:49:57 - gestor_eventos - [DEBUG] - Procesando 0 eventos...
2025-05-19 16:49:57 - gestor_eventos - [DEBUG] - Procesando 0 eventos...
2025-05-19 16:49:57 - gestor_eventos - [DEBUG] - Procesando 0 eventos...
2025-05-19 16:49:58 - gestor_eventos - [DEBUG] - Procesando 2 eventos...
2025-05-19 16:49:58 - gestor_eventos - [DEBUG] -   Evento: KeyDown (<Event(768-KeyDown {'unicode': ' ', 'key': 32, 'mod': 4096, 'scancode': 44, 'window': None})>)
2025-05-19 16:49:58 - gestor_eventos - [DEBUG] - GestorEventos: KEYDOWN space (32)
2025-05-19 16:49:58 - gestor_eventos - [DEBUG] - GestorEventos: K_SPACE (Atacar jugador) procesado.
2025-05-19 16:49:58 - gestor_eventos - [DEBUG] -   Evento: TextInput (<Event(771-TextInput {'text': ' ', 'window': None})>)
2025-05-19 16:49:58 - gestor_eventos - [DEBUG] - Procesando 0 eventos...
2025-05-19 16:49:58 - gestor_eventos - [DEBUG] - Procesando 0 eventos...
2025-05-19 16:49:58 - gestor_eventos - [DEBUG] - Procesando 0 eventos...
2025-05-19 16:49:58 - gestor_eventos - [DEBUG] - Procesando 0 eventos...
2025-05-19 16:49:58 - gestor_eventos - [DEBUG] - Procesando 0 eventos...
2025-05-19 16:49:58 - gestor_eventos - [DEBUG] - Procesando 0 eventos...
2025-05-19 16:49:58 - gestor_eventos - [DEBUG] - Procesando 1 eventos...
2025-05-19 16:49:58 - gestor_eventos - [DEBUG] -   Evento: KeyUp (<Event(769-KeyUp {'unicode': ' ', 'key': 32, 'mod': 4096, 'scancode': 44, 'window': None})>)
2025-05-19 16:49:58 - gestor_eventos - [DEBUG] - Procesando 0 eventos...
2025-05-19 16:49:58 - gestor_eventos - [DEBUG] - Procesando 0 eventos...
2025-05-19 16:49:58 - gestor_eventos - [DEBUG] - Procesando 0 eventos...
2025-05-19 16:49:58 - gestor_eventos - [DEBUG] - Procesando 0 eventos...
2025-05-19 16:49:58 - gestor_eventos - [DEBUG] - Procesando 2 eventos...
2025-05-19 16:49:58 - gestor_eventos - [DEBUG] -   Evento: KeyDown (<Event(768-KeyDown {'unicode': ' ', 'key': 32, 'mod': 4096, 'scancode': 44, 'window': None})>)
2025-05-19 16:49:58 - gestor_eventos - [DEBUG] - GestorEventos: KEYDOWN space (32)
2025-05-19 16:49:58 - gestor_eventos - [DEBUG] - GestorEventos: K_SPACE (Atacar jugador) procesado.
2025-05-19 16:49:58 - gestor_eventos - [DEBUG] -   Evento: TextInput (<Event(771-TextInput {'text': ' ', 'window': None})>)
2025-05-19 16:49:58 - gestor_eventos - [DEBUG] - Procesando 0 eventos...
2025-05-19 16:49:58 - gestor_eventos - [DEBUG] - Procesando 0 eventos...
2025-05-19 16:49:58 - gestor_eventos - [DEBUG] - Procesando 0 eventos...
2025-05-19 16:49:58 - gestor_eventos - [DEBUG] - Procesando 0 eventos...
2025-05-19 16:49:58 - gestor_eventos - [DEBUG] - Procesando 1 eventos...
2025-05-19 16:49:58 - gestor_eventos - [DEBUG] -   Evento: KeyUp (<Event(769-KeyUp {'unicode': ' ', 'key': 32, 'mod': 4096, 'scancode': 44, 'window': None})>)
2025-05-19 16:49:58 - gestor_eventos - [DEBUG] - Procesando 0 eventos...
2025-05-19 16:49:58 - gestor_eventos - [DEBUG] - Procesando 0 eventos...
2025-05-19 16:49:58 - gestor_eventos - [DEBUG] - Procesando 0 eventos...
2025-05-19 16:49:58 - gestor_eventos - [DEBUG] - Procesando 0 eventos...
2025-05-19 16:49:58 - gestor_eventos - [DEBUG] - Procesando 0 eventos...
2025-05-19 16:49:58 - gestor_eventos - [DEBUG] - Procesando 2 eventos...
2025-05-19 16:49:58 - gestor_eventos - [DEBUG] -   Evento: KeyDown (<Event(768-KeyDown {'unicode': ' ', 'key': 32, 'mod': 4096, 'scancode': 44, 'window': None})>)
2025-05-19 16:49:58 - gestor_eventos - [DEBUG] - GestorEventos: KEYDOWN space (32)
2025-05-19 16:49:58 - gestor_eventos - [DEBUG] - GestorEventos: K_SPACE (Atacar jugador) procesado.
2025-05-19 16:49:58 - gestor_eventos - [DEBUG] -   Evento: TextInput (<Event(771-TextInput {'text': ' ', 'window': None})>)
2025-05-19 16:49:58 - gestor_eventos - [DEBUG] - Procesando 0 eventos...
2025-05-19 16:49:58 - gestor_eventos - [DEBUG] - Procesando 0 eventos...
2025-05-19 16:49:58 - gestor_eventos - [DEBUG] - Procesando 0 eventos...
2025-05-19 16:49:58 - gestor_eventos - [DEBUG] - Procesando 0 eventos...
2025-05-19 16:49:58 - gestor_eventos - [DEBUG] - Procesando 0 eventos...
2025-05-19 16:49:58 - gestor_eventos - [DEBUG] - Procesando 1 eventos...
2025-05-19 16:49:58 - gestor_eventos - [DEBUG] -   Evento: KeyUp (<Event(769-KeyUp {'unicode': ' ', 'key': 32, 'mod': 4096, 'scancode': 44, 'window': None})>)
2025-05-19 16:49:58 - gestor_eventos - [DEBUG] - Procesando 0 eventos...
2025-05-19 16:49:58 - gestor_eventos - [DEBUG] - Procesando 0 eventos...
2025-05-19 16:49:58 - gestor_eventos - [DEBUG] - Procesando 0 eventos...
2025-05-19 16:49:58 - gestor_eventos - [DEBUG] - Procesando 0 eventos...
2025-05-19 16:49:58 - gestor_eventos - [DEBUG] - Procesando 0 eventos...
2025-05-19 16:49:58 - gestor_eventos - [DEBUG] - Procesando 0 eventos...
2025-05-19 16:49:58 - gestor_eventos - [DEBUG] - Procesando 2 eventos...
2025-05-19 16:49:58 - gestor_eventos - [DEBUG] -   Evento: KeyDown (<Event(768-KeyDown {'unicode': ' ', 'key': 32, 'mod': 4096, 'scancode': 44, 'window': None})>)
2025-05-19 16:49:58 - gestor_eventos - [DEBUG] - GestorEventos: KEYDOWN space (32)
2025-05-19 16:49:58 - gestor_eventos - [DEBUG] - GestorEventos: K_SPACE (Atacar jugador) procesado.
2025-05-19 16:49:58 - gestor_eventos - [DEBUG] -   Evento: TextInput (<Event(771-TextInput {'text': ' ', 'window': None})>)
2025-05-19 16:49:58 - gestor_eventos - [DEBUG] - Procesando 0 eventos...
2025-05-19 16:49:58 - gestor_eventos - [DEBUG] - Procesando 0 eventos...
2025-05-19 16:49:58 - gestor_eventos - [DEBUG] - Procesando 0 eventos...
2025-05-19 16:49:58 - gestor_eventos - [DEBUG] - Procesando 0 eventos...
2025-05-19 16:49:58 - gestor_eventos - [DEBUG] - Procesando 0 eventos...
2025-05-19 16:49:58 - gestor_eventos - [DEBUG] - Procesando 1 eventos...
2025-05-19 16:49:58 - gestor_eventos - [DEBUG] -   Evento: KeyUp (<Event(769-KeyUp {'unicode': ' ', 'key': 32, 'mod': 4096, 'scancode': 44, 'window': None})>)
2025-05-19 16:49:58 - gestor_eventos - [DEBUG] - Procesando 0 eventos...
2025-05-19 16:49:58 - gestor_eventos - [DEBUG] - Procesando 0 eventos...
2025-05-19 16:49:58 - gestor_eventos - [DEBUG] - Procesando 0 eventos...
2025-05-19 16:49:58 - gestor_eventos - [DEBUG] - Procesando 0 eventos...
2025-05-19 16:49:58 - gestor_eventos - [DEBUG] - Procesando 0 eventos...
2025-05-19 16:49:58 - gestor_eventos - [DEBUG] - Procesando 2 eventos...
2025-05-19 16:49:58 - gestor_eventos - [DEBUG] -   Evento: KeyDown (<Event(768-KeyDown {'unicode': ' ', 'key': 32, 'mod': 4096, 'scancode': 44, 'window': None})>)
2025-05-19 16:49:58 - gestor_eventos - [DEBUG] - GestorEventos: KEYDOWN space (32)
2025-05-19 16:49:58 - gestor_eventos - [DEBUG] - GestorEventos: K_SPACE (Atacar jugador) procesado.
2025-05-19 16:49:58 - gestor_eventos - [DEBUG] -   Evento: TextInput (<Event(771-TextInput {'text': ' ', 'window': None})>)
2025-05-19 16:49:58 - gestor_eventos - [DEBUG] - Procesando 0 eventos...
2025-05-19 16:49:58 - gestor_eventos - [DEBUG] - Procesando 0 eventos...
2025-05-19 16:49:58 - gestor_eventos - [DEBUG] - Procesando 0 eventos...
2025-05-19 16:49:58 - gestor_eventos - [DEBUG] - Procesando 0 eventos...
2025-05-19 16:49:58 - gestor_eventos - [DEBUG] - Procesando 1 eventos...
2025-05-19 16:49:58 - gestor_eventos - [DEBUG] -   Evento: KeyUp (<Event(769-KeyUp {'unicode': ' ', 'key': 32, 'mod': 4096, 'scancode': 44, 'window': None})>)
2025-05-19 16:49:58 - gestor_eventos - [DEBUG] - Procesando 0 eventos...
2025-05-19 16:49:58 - gestor_eventos - [DEBUG] - Procesando 0 eventos...
2025-05-19 16:49:58 - gestor_eventos - [DEBUG] - Procesando 0 eventos...
2025-05-19 16:49:58 - gestor_eventos - [DEBUG] - Procesando 0 eventos...
2025-05-19 16:49:58 - gestor_eventos - [DEBUG] - Procesando 0 eventos...
2025-05-19 16:49:58 - gestor_eventos - [DEBUG] - Procesando 2 eventos...
2025-05-19 16:49:58 - gestor_eventos - [DEBUG] -   Evento: KeyDown (<Event(768-KeyDown {'unicode': ' ', 'key': 32, 'mod': 4096, 'scancode': 44, 'window': None})>)
2025-05-19 16:49:58 - gestor_eventos - [DEBUG] - GestorEventos: KEYDOWN space (32)
2025-05-19 16:49:58 - gestor_eventos - [DEBUG] - GestorEventos: K_SPACE (Atacar jugador) procesado.
2025-05-19 16:49:58 - gestor_eventos - [DEBUG] -   Evento: TextInput (<Event(771-TextInput {'text': ' ', 'window': None})>)
2025-05-19 16:49:59 - gestor_eventos - [DEBUG] - Procesando 0 eventos...
2025-05-19 16:49:59 - gestor_eventos - [DEBUG] - Procesando 0 eventos...
2025-05-19 16:49:59 - gestor_eventos - [DEBUG] - Procesando 2 eventos...
2025-05-19 16:49:59 - gestor_eventos - [DEBUG] -   Evento: KeyDown (<Event(768-KeyDown {'unicode': 'w', 'key': 119, 'mod': 4096, 'scancode': 26, 'window': None})>)
2025-05-19 16:49:59 - gestor_eventos - [DEBUG] - GestorEventos: KEYDOWN w (119)
2025-05-19 16:49:59 - gestor_eventos - [DEBUG] -   Evento: TextInput (<Event(771-TextInput {'text': 'w', 'window': None})>)
2025-05-19 16:49:59 - gestor_eventos - [DEBUG] - Procesando 0 eventos...
2025-05-19 16:49:59 - gestor_eventos - [DEBUG] - Procesando 0 eventos...
2025-05-19 16:49:59 - gestor_eventos - [DEBUG] - Procesando 0 eventos...
2025-05-19 16:49:59 - gestor_eventos - [DEBUG] - Procesando 1 eventos...
2025-05-19 16:49:59 - gestor_eventos - [DEBUG] -   Evento: KeyUp (<Event(769-KeyUp {'unicode': ' ', 'key': 32, 'mod': 4096, 'scancode': 44, 'window': None})>)
2025-05-19 16:49:59 - gestor_eventos - [DEBUG] - Procesando 0 eventos...
2025-05-19 16:49:59 - gestor_eventos - [DEBUG] - Procesando 0 eventos...
2025-05-19 16:49:59 - gestor_eventos - [DEBUG] - Procesando 0 eventos...
2025-05-19 16:49:59 - gestor_eventos - [DEBUG] - Procesando 0 eventos...
2025-05-19 16:49:59 - gestor_eventos - [DEBUG] - Procesando 0 eventos...
2025-05-19 16:49:59 - gestor_eventos - [DEBUG] - Procesando 0 eventos...
2025-05-19 16:49:59 - gestor_eventos - [DEBUG] - Procesando 0 eventos...
2025-05-19 16:49:59 - gestor_eventos - [DEBUG] - Procesando 2 eventos...
2025-05-19 16:49:59 - gestor_eventos - [DEBUG] -   Evento: KeyDown (<Event(768-KeyDown {'unicode': ' ', 'key': 32, 'mod': 4096, 'scancode': 44, 'window': None})>)
2025-05-19 16:49:59 - gestor_eventos - [DEBUG] - GestorEventos: KEYDOWN space (32)
2025-05-19 16:49:59 - gestor_eventos - [DEBUG] - GestorEventos: K_SPACE (Atacar jugador) procesado.
2025-05-19 16:49:59 - gestor_eventos - [DEBUG] -   Evento: TextInput (<Event(771-TextInput {'text': ' ', 'window': None})>)
2025-05-19 16:49:59 - gestor_eventos - [DEBUG] - Procesando 1 eventos...
2025-05-19 16:49:59 - gestor_eventos - [DEBUG] -   Evento: KeyUp (<Event(769-KeyUp {'unicode': 'w', 'key': 119, 'mod': 4096, 'scancode': 26, 'window': None})>)
2025-05-19 16:49:59 - gestor_eventos - [DEBUG] - Procesando 0 eventos...
2025-05-19 16:49:59 - gestor_eventos - [DEBUG] - Procesando 0 eventos...
2025-05-19 16:49:59 - gestor_eventos - [DEBUG] - Procesando 0 eventos...
2025-05-19 16:49:59 - gestor_eventos - [DEBUG] - Procesando 0 eventos...
2025-05-19 16:49:59 - gestor_eventos - [DEBUG] - Procesando 0 eventos...
2025-05-19 16:49:59 - gestor_eventos - [DEBUG] - Procesando 3 eventos...
2025-05-19 16:49:59 - gestor_eventos - [DEBUG] -   Evento: KeyUp (<Event(769-KeyUp {'unicode': ' ', 'key': 32, 'mod': 4096, 'scancode': 44, 'window': None})>)
2025-05-19 16:49:59 - gestor_eventos - [DEBUG] -   Evento: KeyDown (<Event(768-KeyDown {'unicode': 's', 'key': 115, 'mod': 4096, 'scancode': 22, 'window': None})>)
2025-05-19 16:49:59 - gestor_eventos - [DEBUG] - GestorEventos: KEYDOWN s (115)
2025-05-19 16:49:59 - gestor_eventos - [DEBUG] -   Evento: TextInput (<Event(771-TextInput {'text': 's', 'window': None})>)
2025-05-19 16:49:59 - gestor_eventos - [DEBUG] - Procesando 0 eventos...
2025-05-19 16:49:59 - gestor_eventos - [DEBUG] - Procesando 0 eventos...
2025-05-19 16:49:59 - gestor_eventos - [DEBUG] - Procesando 0 eventos...
2025-05-19 16:49:59 - gestor_eventos - [DEBUG] - Procesando 0 eventos...
2025-05-19 16:49:59 - gestor_eventos - [DEBUG] - Procesando 3 eventos...
2025-05-19 16:49:59 - gestor_eventos - [DEBUG] -   Evento: KeyUp (<Event(769-KeyUp {'unicode': 'a', 'key': 97, 'mod': 4096, 'scancode': 4, 'window': None})>)
2025-05-19 16:49:59 - gestor_eventos - [DEBUG] -   Evento: KeyDown (<Event(768-KeyDown {'unicode': 'd', 'key': 100, 'mod': 4096, 'scancode': 7, 'window': None})>)
2025-05-19 16:49:59 - gestor_eventos - [DEBUG] - GestorEventos: KEYDOWN d (100)
2025-05-19 16:49:59 - gestor_eventos - [DEBUG] -   Evento: TextInput (<Event(771-TextInput {'text': 'd', 'window': None})>)
2025-05-19 16:49:59 - gestor_eventos - [DEBUG] - Procesando 0 eventos...
2025-05-19 16:49:59 - gestor_eventos - [DEBUG] - Procesando 0 eventos...
2025-05-19 16:49:59 - gestor_eventos - [DEBUG] - Procesando 1 eventos...
2025-05-19 16:49:59 - gestor_eventos - [DEBUG] -   Evento: KeyUp (<Event(769-KeyUp {'unicode': 's', 'key': 115, 'mod': 4096, 'scancode': 22, 'window': None})>)
2025-05-19 16:49:59 - gestor_eventos - [DEBUG] - Procesando 0 eventos...
2025-05-19 16:49:59 - gestor_eventos - [DEBUG] - Procesando 0 eventos...
2025-05-19 16:49:59 - gestor_eventos - [DEBUG] - Procesando 2 eventos...
2025-05-19 16:49:59 - gestor_eventos - [DEBUG] -   Evento: KeyDown (<Event(768-KeyDown {'unicode': 'a', 'key': 97, 'mod': 4096, 'scancode': 4, 'window': None})>)
2025-05-19 16:49:59 - gestor_eventos - [DEBUG] - GestorEventos: KEYDOWN a (97)
2025-05-19 16:49:59 - gestor_eventos - [DEBUG] -   Evento: TextInput (<Event(771-TextInput {'text': 'a', 'window': None})>)
2025-05-19 16:49:59 - gestor_eventos - [DEBUG] - Procesando 0 eventos...
2025-05-19 16:49:59 - gestor_eventos - [DEBUG] - Procesando 0 eventos...
2025-05-19 16:49:59 - gestor_eventos - [DEBUG] - Procesando 1 eventos...
2025-05-19 16:49:59 - gestor_eventos - [DEBUG] -   Evento: KeyUp (<Event(769-KeyUp {'unicode': 'd', 'key': 100, 'mod': 4096, 'scancode': 7, 'window': None})>)
2025-05-19 16:49:59 - gestor_eventos - [DEBUG] - Procesando 0 eventos...
2025-05-19 16:49:59 - gestor_eventos - [DEBUG] - Procesando 0 eventos...
2025-05-19 16:49:59 - gestor_eventos - [DEBUG] - Procesando 0 eventos...
2025-05-19 16:49:59 - gestor_eventos - [DEBUG] - Procesando 2 eventos...
2025-05-19 16:49:59 - gestor_eventos - [DEBUG] -   Evento: KeyDown (<Event(768-KeyDown {'unicode': 'd', 'key': 100, 'mod': 4096, 'scancode': 7, 'window': None})>)
2025-05-19 16:49:59 - gestor_eventos - [DEBUG] - GestorEventos: KEYDOWN d (100)
2025-05-19 16:49:59 - gestor_eventos - [DEBUG] -   Evento: TextInput (<Event(771-TextInput {'text': 'd', 'window': None})>)
2025-05-19 16:49:59 - gestor_eventos - [DEBUG] - Procesando 0 eventos...
2025-05-19 16:49:59 - gestor_eventos - [DEBUG] - Procesando 0 eventos...
2025-05-19 16:49:59 - gestor_eventos - [DEBUG] - Procesando 0 eventos...
2025-05-19 16:49:59 - gestor_eventos - [DEBUG] - Procesando 3 eventos...
2025-05-19 16:49:59 - gestor_eventos - [DEBUG] -   Evento: KeyUp (<Event(769-KeyUp {'unicode': 'a', 'key': 97, 'mod': 4096, 'scancode': 4, 'window': None})>)
2025-05-19 16:49:59 - gestor_eventos - [DEBUG] -   Evento: KeyDown (<Event(768-KeyDown {'unicode': 'w', 'key': 119, 'mod': 4096, 'scancode': 26, 'window': None})>)
2025-05-19 16:49:59 - gestor_eventos - [DEBUG] - GestorEventos: KEYDOWN w (119)
2025-05-19 16:49:59 - gestor_eventos - [DEBUG] -   Evento: TextInput (<Event(771-TextInput {'text': 'w', 'window': None})>)
2025-05-19 16:49:59 - gestor_eventos - [DEBUG] - Procesando 0 eventos...
2025-05-19 16:49:59 - gestor_eventos - [DEBUG] - Procesando 0 eventos...
2025-05-19 16:49:59 - gestor_eventos - [DEBUG] - Procesando 0 eventos...
2025-05-19 16:49:59 - gestor_eventos - [DEBUG] - Procesando 2 eventos...
2025-05-19 16:49:59 - gestor_eventos - [DEBUG] -   Evento: KeyDown (<Event(768-KeyDown {'unicode': 'a', 'key': 97, 'mod': 4096, 'scancode': 4, 'window': None})>)
2025-05-19 16:49:59 - gestor_eventos - [DEBUG] - GestorEventos: KEYDOWN a (97)
2025-05-19 16:49:59 - gestor_eventos - [DEBUG] -   Evento: TextInput (<Event(771-TextInput {'text': 'a', 'window': None})>)
2025-05-19 16:49:59 - gestor_eventos - [DEBUG] - Procesando 0 eventos...
2025-05-19 16:49:59 - gestor_eventos - [DEBUG] - Procesando 1 eventos...
2025-05-19 16:49:59 - gestor_eventos - [DEBUG] -   Evento: KeyUp (<Event(769-KeyUp {'unicode': 'd', 'key': 100, 'mod': 4096, 'scancode': 7, 'window': None})>)
2025-05-19 16:49:59 - gestor_eventos - [DEBUG] - Procesando 0 eventos...
2025-05-19 16:49:59 - gestor_eventos - [DEBUG] - Procesando 0 eventos...
2025-05-19 16:49:59 - gestor_eventos - [DEBUG] - Procesando 0 eventos...
2025-05-19 16:49:59 - gestor_eventos - [DEBUG] - Procesando 0 eventos...
2025-05-19 16:49:59 - gestor_eventos - [DEBUG] - Procesando 0 eventos...
2025-05-19 16:49:59 - gestor_eventos - [DEBUG] - Procesando 2 eventos...
2025-05-19 16:49:59 - gestor_eventos - [DEBUG] -   Evento: KeyDown (<Event(768-KeyDown {'unicode': ' ', 'key': 32, 'mod': 4096, 'scancode': 44, 'window': None})>)
2025-05-19 16:49:59 - gestor_eventos - [DEBUG] - GestorEventos: KEYDOWN space (32)
2025-05-19 16:49:59 - gestor_eventos - [DEBUG] - GestorEventos: K_SPACE (Atacar jugador) procesado.
2025-05-19 16:49:59 - gestor_eventos - [DEBUG] -   Evento: TextInput (<Event(771-TextInput {'text': ' ', 'window': None})>)
2025-05-19 16:49:59 - gestor_eventos - [DEBUG] - Procesando 0 eventos...
2025-05-19 16:49:59 - gestor_eventos - [DEBUG] - Procesando 1 eventos...
2025-05-19 16:49:59 - gestor_eventos - [DEBUG] -   Evento: KeyUp (<Event(769-KeyUp {'unicode': 'w', 'key': 119, 'mod': 4096, 'scancode': 26, 'window': None})>)
2025-05-19 16:49:59 - gestor_eventos - [DEBUG] - Procesando 0 eventos...
2025-05-19 16:49:59 - gestor_eventos - [DEBUG] - Procesando 0 eventos...
2025-05-19 16:49:59 - gestor_eventos - [DEBUG] - Procesando 0 eventos...
2025-05-19 16:50:00 - gestor_eventos - [DEBUG] - Procesando 0 eventos...
2025-05-19 16:50:00 - gestor_eventos - [DEBUG] - Procesando 1 eventos...
2025-05-19 16:50:00 - gestor_eventos - [DEBUG] -   Evento: KeyUp (<Event(769-KeyUp {'unicode': ' ', 'key': 32, 'mod': 4096, 'scancode': 44, 'window': None})>)
2025-05-19 16:50:00 - gestor_eventos - [DEBUG] - Procesando 0 eventos...
2025-05-19 16:50:00 - gestor_eventos - [DEBUG] - Procesando 0 eventos...
2025-05-19 16:50:00 - gestor_eventos - [DEBUG] - Procesando 0 eventos...
2025-05-19 16:50:00 - gestor_eventos - [DEBUG] - Procesando 0 eventos...
2025-05-19 16:50:00 - gestor_eventos - [DEBUG] - Procesando 2 eventos...
2025-05-19 16:50:00 - gestor_eventos - [DEBUG] -   Evento: KeyDown (<Event(768-KeyDown {'unicode': ' ', 'key': 32, 'mod': 4096, 'scancode': 44, 'window': None})>)
2025-05-19 16:50:00 - gestor_eventos - [DEBUG] - GestorEventos: KEYDOWN space (32)
2025-05-19 16:50:00 - gestor_eventos - [DEBUG] - GestorEventos: K_SPACE (Atacar jugador) procesado.
2025-05-19 16:50:00 - gestor_eventos - [DEBUG] -   Evento: TextInput (<Event(771-TextInput {'text': ' ', 'window': None})>)
2025-05-19 16:50:00 - gestor_eventos - [DEBUG] - Procesando 0 eventos...
2025-05-19 16:50:00 - gestor_eventos - [DEBUG] - Procesando 0 eventos...
2025-05-19 16:50:00 - gestor_eventos - [DEBUG] - Procesando 0 eventos...
2025-05-19 16:50:00 - gestor_eventos - [DEBUG] - Procesando 0 eventos...
2025-05-19 16:50:00 - gestor_eventos - [DEBUG] - Procesando 0 eventos...
2025-05-19 16:50:00 - gestor_eventos - [DEBUG] - Procesando 0 eventos...
2025-05-19 16:50:00 - gestor_eventos - [DEBUG] - Procesando 0 eventos...
2025-05-19 16:50:00 - gestor_eventos - [DEBUG] - Procesando 1 eventos...
2025-05-19 16:50:00 - gestor_eventos - [DEBUG] -   Evento: KeyUp (<Event(769-KeyUp {'unicode': ' ', 'key': 32, 'mod': 4096, 'scancode': 44, 'window': None})>)
2025-05-19 16:50:00 - gestor_eventos - [DEBUG] - Procesando 0 eventos...
2025-05-19 16:50:00 - gestor_eventos - [DEBUG] - Procesando 0 eventos...
2025-05-19 16:50:00 - gestor_eventos - [DEBUG] - Procesando 0 eventos...
2025-05-19 16:50:00 - gestor_eventos - [DEBUG] - Procesando 0 eventos...
2025-05-19 16:50:00 - gestor_eventos - [DEBUG] - Procesando 0 eventos...
2025-05-19 16:50:00 - gestor_eventos - [DEBUG] - Procesando 0 eventos...
2025-05-19 16:50:00 - gestor_eventos - [DEBUG] - Procesando 0 eventos...
2025-05-19 16:50:00 - gestor_eventos - [DEBUG] - Procesando 0 eventos...
2025-05-19 16:50:00 - gestor_eventos - [DEBUG] - Procesando 0 eventos...
2025-05-19 16:50:00 - gestor_eventos - [DEBUG] - Procesando 0 eventos...
2025-05-19 16:50:00 - gestor_eventos - [DEBUG] - Procesando 0 eventos...
2025-05-19 16:50:00 - gestor_eventos - [DEBUG] - Procesando 0 eventos...
2025-05-19 16:50:00 - gestor_eventos - [DEBUG] - Procesando 0 eventos...
2025-05-19 16:50:00 - gestor_eventos - [DEBUG] - Procesando 1 eventos...
2025-05-19 16:50:00 - gestor_eventos - [DEBUG] -   Evento: MouseMotion (<Event(1024-MouseMotion {'pos': (496, 271), 'rel': (0, -1), 'buttons': (0, 0, 0), 'touch': False, 'window': None})>)
2025-05-19 16:50:00 - gestor_eventos - [DEBUG] - Procesando 0 eventos...
2025-05-19 16:50:00 - gestor_eventos - [DEBUG] - Procesando 0 eventos...
2025-05-19 16:50:00 - gestor_eventos - [DEBUG] - Procesando 0 eventos...
2025-05-19 16:50:00 - gestor_eventos - [DEBUG] - Procesando 0 eventos...
2025-05-19 16:50:00 - gestor_eventos - [DEBUG] - Procesando 0 eventos...
2025-05-19 16:50:00 - gestor_eventos - [DEBUG] - Procesando 2 eventos...
2025-05-19 16:50:00 - gestor_eventos - [DEBUG] -   Evento: KeyDown (<Event(768-KeyDown {'unicode': ' ', 'key': 32, 'mod': 4096, 'scancode': 44, 'window': None})>)
2025-05-19 16:50:00 - gestor_eventos - [DEBUG] - GestorEventos: KEYDOWN space (32)
2025-05-19 16:50:00 - gestor_eventos - [DEBUG] - GestorEventos: K_SPACE (Atacar jugador) procesado.
2025-05-19 16:50:00 - gestor_eventos - [DEBUG] -   Evento: TextInput (<Event(771-TextInput {'text': ' ', 'window': None})>)
2025-05-19 16:50:00 - gestor_eventos - [DEBUG] - Procesando 0 eventos...
2025-05-19 16:50:00 - gestor_eventos - [DEBUG] - Procesando 0 eventos...
2025-05-19 16:50:00 - gestor_eventos - [DEBUG] - Procesando 0 eventos...
2025-05-19 16:50:00 - gestor_eventos - [DEBUG] - Procesando 0 eventos...
2025-05-19 16:50:00 - gestor_eventos - [DEBUG] - Procesando 0 eventos...
2025-05-19 16:50:00 - gestor_eventos - [DEBUG] - Procesando 0 eventos...
2025-05-19 16:50:00 - gestor_eventos - [DEBUG] - Procesando 1 eventos...
2025-05-19 16:50:00 - gestor_eventos - [DEBUG] -   Evento: KeyUp (<Event(769-KeyUp {'unicode': ' ', 'key': 32, 'mod': 4096, 'scancode': 44, 'window': None})>)
2025-05-19 16:50:00 - gestor_eventos - [DEBUG] - Procesando 0 eventos...
2025-05-19 16:50:00 - gestor_eventos - [DEBUG] - Procesando 0 eventos...
2025-05-19 16:50:00 - gestor_eventos - [DEBUG] - Procesando 0 eventos...
2025-05-19 16:50:00 - gestor_eventos - [DEBUG] - Procesando 0 eventos...
2025-05-19 16:50:00 - gestor_eventos - [DEBUG] - Procesando 0 eventos...
2025-05-19 16:50:00 - gestor_eventos - [DEBUG] - Procesando 2 eventos...
2025-05-19 16:50:00 - gestor_eventos - [DEBUG] -   Evento: KeyDown (<Event(768-KeyDown {'unicode': ' ', 'key': 32, 'mod': 4096, 'scancode': 44, 'window': None})>)
2025-05-19 16:50:00 - gestor_eventos - [DEBUG] - GestorEventos: KEYDOWN space (32)
2025-05-19 16:50:00 - gestor_eventos - [DEBUG] - GestorEventos: K_SPACE (Atacar jugador) procesado.
2025-05-19 16:50:00 - gestor_eventos - [DEBUG] -   Evento: TextInput (<Event(771-TextInput {'text': ' ', 'window': None})>)
2025-05-19 16:50:00 - gestor_eventos - [DEBUG] - Procesando 0 eventos...
2025-05-19 16:50:00 - gestor_eventos - [DEBUG] - Procesando 0 eventos...
2025-05-19 16:50:00 - gestor_eventos - [DEBUG] - Procesando 0 eventos...
2025-05-19 16:50:00 - gestor_eventos - [DEBUG] - Procesando 0 eventos...
2025-05-19 16:50:00 - gestor_eventos - [DEBUG] - Procesando 0 eventos...
2025-05-19 16:50:00 - gestor_eventos - [DEBUG] - Procesando 1 eventos...
2025-05-19 16:50:00 - gestor_eventos - [DEBUG] -   Evento: KeyUp (<Event(769-KeyUp {'unicode': ' ', 'key': 32, 'mod': 4096, 'scancode': 44, 'window': None})>)
2025-05-19 16:50:00 - gestor_eventos - [DEBUG] - Procesando 0 eventos...
2025-05-19 16:50:00 - gestor_eventos - [DEBUG] - Procesando 0 eventos...
2025-05-19 16:50:00 - gestor_eventos - [DEBUG] - Procesando 0 eventos...
2025-05-19 16:50:00 - gestor_eventos - [DEBUG] - Procesando 0 eventos...
2025-05-19 16:50:00 - gestor_eventos - [DEBUG] - Procesando 0 eventos...
2025-05-19 16:50:00 - gestor_eventos - [DEBUG] - Procesando 2 eventos...
2025-05-19 16:50:00 - gestor_eventos - [DEBUG] -   Evento: KeyDown (<Event(768-KeyDown {'unicode': ' ', 'key': 32, 'mod': 4096, 'scancode': 44, 'window': None})>)
2025-05-19 16:50:00 - gestor_eventos - [DEBUG] - GestorEventos: KEYDOWN space (32)
2025-05-19 16:50:00 - gestor_eventos - [DEBUG] - GestorEventos: K_SPACE (Atacar jugador) procesado.
2025-05-19 16:50:00 - gestor_eventos - [DEBUG] -   Evento: TextInput (<Event(771-TextInput {'text': ' ', 'window': None})>)
2025-05-19 16:50:00 - gestor_eventos - [DEBUG] - Procesando 2 eventos...
2025-05-19 16:50:00 - gestor_eventos - [DEBUG] -   Evento: KeyDown (<Event(768-KeyDown {'unicode': 'w', 'key': 119, 'mod': 4096, 'scancode': 26, 'window': None})>)
2025-05-19 16:50:00 - gestor_eventos - [DEBUG] - GestorEventos: KEYDOWN w (119)
2025-05-19 16:50:00 - gestor_eventos - [DEBUG] -   Evento: TextInput (<Event(771-TextInput {'text': 'w', 'window': None})>)
2025-05-19 16:50:01 - gestor_eventos - [DEBUG] - Procesando 0 eventos...
2025-05-19 16:50:01 - gestor_eventos - [DEBUG] - Procesando 0 eventos...
2025-05-19 16:50:01 - gestor_eventos - [DEBUG] - Procesando 0 eventos...
2025-05-19 16:50:01 - gestor_eventos - [DEBUG] - Procesando 0 eventos...
2025-05-19 16:50:01 - gestor_eventos - [DEBUG] - Procesando 1 eventos...
2025-05-19 16:50:01 - gestor_eventos - [DEBUG] -   Evento: KeyUp (<Event(769-KeyUp {'unicode': ' ', 'key': 32, 'mod': 4096, 'scancode': 44, 'window': None})>)
2025-05-19 16:50:01 - gestor_eventos - [DEBUG] - Procesando 0 eventos...
2025-05-19 16:50:01 - gestor_eventos - [DEBUG] - Procesando 0 eventos...
2025-05-19 16:50:01 - gestor_eventos - [DEBUG] - Procesando 0 eventos...
2025-05-19 16:50:01 - gestor_eventos - [DEBUG] - Procesando 0 eventos...
2025-05-19 16:50:01 - gestor_eventos - [DEBUG] - Procesando 0 eventos...
2025-05-19 16:50:01 - gestor_eventos - [DEBUG] - Procesando 0 eventos...
2025-05-19 16:50:01 - gestor_eventos - [DEBUG] - Procesando 2 eventos...
2025-05-19 16:50:01 - gestor_eventos - [DEBUG] -   Evento: KeyDown (<Event(768-KeyDown {'unicode': ' ', 'key': 32, 'mod': 4096, 'scancode': 44, 'window': None})>)
2025-05-19 16:50:01 - gestor_eventos - [DEBUG] - GestorEventos: KEYDOWN space (32)
2025-05-19 16:50:01 - gestor_eventos - [DEBUG] - GestorEventos: K_SPACE (Atacar jugador) procesado.
2025-05-19 16:50:01 - gestor_eventos - [DEBUG] -   Evento: TextInput (<Event(771-TextInput {'text': ' ', 'window': None})>)
2025-05-19 16:50:01 - gestor_eventos - [DEBUG] - Procesando 0 eventos...
2025-05-19 16:50:01 - gestor_eventos - [DEBUG] - Procesando 0 eventos...
2025-05-19 16:50:01 - gestor_eventos - [DEBUG] - Procesando 0 eventos...
2025-05-19 16:50:01 - gestor_eventos - [DEBUG] - Procesando 0 eventos...
2025-05-19 16:50:01 - gestor_eventos - [DEBUG] - Procesando 0 eventos...
2025-05-19 16:50:01 - gestor_eventos - [DEBUG] - Procesando 1 eventos...
2025-05-19 16:50:01 - gestor_eventos - [DEBUG] -   Evento: KeyUp (<Event(769-KeyUp {'unicode': ' ', 'key': 32, 'mod': 4096, 'scancode': 44, 'window': None})>)
2025-05-19 16:50:01 - gestor_eventos - [DEBUG] - Procesando 0 eventos...
2025-05-19 16:50:01 - gestor_eventos - [DEBUG] - Procesando 1 eventos...
2025-05-19 16:50:01 - gestor_eventos - [DEBUG] -   Evento: KeyUp (<Event(769-KeyUp {'unicode': 'w', 'key': 119, 'mod': 4096, 'scancode': 26, 'window': None})>)
2025-05-19 16:50:01 - gestor_eventos - [DEBUG] - Procesando 0 eventos...
2025-05-19 16:50:01 - gestor_eventos - [DEBUG] - Procesando 0 eventos...
2025-05-19 16:50:01 - gestor_eventos - [DEBUG] - Procesando 0 eventos...
2025-05-19 16:50:01 - gestor_eventos - [DEBUG] - Procesando 0 eventos...
2025-05-19 16:50:01 - gestor_eventos - [DEBUG] - Procesando 2 eventos...
2025-05-19 16:50:01 - gestor_eventos - [DEBUG] -   Evento: KeyDown (<Event(768-KeyDown {'unicode': ' ', 'key': 32, 'mod': 4096, 'scancode': 44, 'window': None})>)
2025-05-19 16:50:01 - gestor_eventos - [DEBUG] - GestorEventos: KEYDOWN space (32)
2025-05-19 16:50:01 - gestor_eventos - [DEBUG] - GestorEventos: K_SPACE (Atacar jugador) procesado.
2025-05-19 16:50:01 - gestor_eventos - [DEBUG] -   Evento: TextInput (<Event(771-TextInput {'text': ' ', 'window': None})>)
2025-05-19 16:50:01 - gestor_eventos - [DEBUG] - Procesando 0 eventos...
2025-05-19 16:50:01 - gestor_eventos - [DEBUG] - Procesando 0 eventos...
2025-05-19 16:50:01 - gestor_eventos - [DEBUG] - Procesando 0 eventos...
2025-05-19 16:50:01 - gestor_eventos - [DEBUG] - Procesando 0 eventos...
2025-05-19 16:50:01 - gestor_eventos - [DEBUG] - Procesando 0 eventos...
2025-05-19 16:50:01 - gestor_eventos - [DEBUG] - Procesando 0 eventos...
2025-05-19 16:50:01 - gestor_eventos - [DEBUG] - Procesando 0 eventos...
2025-05-19 16:50:01 - gestor_eventos - [DEBUG] - Procesando 0 eventos...
2025-05-19 16:50:01 - gestor_eventos - [DEBUG] - Procesando 0 eventos...
2025-05-19 16:50:01 - gestor_eventos - [DEBUG] - Procesando 0 eventos...
2025-05-19 16:50:01 - gestor_eventos - [DEBUG] - Procesando 0 eventos...
2025-05-19 16:50:01 - gestor_eventos - [DEBUG] - Procesando 0 eventos...
2025-05-19 16:50:01 - gestor_eventos - [DEBUG] - Procesando 1 eventos...
2025-05-19 16:50:01 - gestor_eventos - [DEBUG] -   Evento: KeyUp (<Event(769-KeyUp {'unicode': ' ', 'key': 32, 'mod': 4096, 'scancode': 44, 'window': None})>)
2025-05-19 16:50:01 - gestor_eventos - [DEBUG] - Procesando 0 eventos...
2025-05-19 16:50:01 - gestor_eventos - [DEBUG] - Procesando 0 eventos...
2025-05-19 16:50:01 - gestor_eventos - [DEBUG] - Procesando 0 eventos...
2025-05-19 16:50:01 - gestor_eventos - [DEBUG] - Procesando 0 eventos...
2025-05-19 16:50:01 - gestor_eventos - [DEBUG] - Procesando 0 eventos...
2025-05-19 16:50:01 - gestor_eventos - [DEBUG] - Procesando 0 eventos...
2025-05-19 16:50:01 - gestor_eventos - [DEBUG] - Procesando 0 eventos...
2025-05-19 16:50:01 - gestor_eventos - [DEBUG] - Procesando 0 eventos...
2025-05-19 16:50:01 - gestor_eventos - [DEBUG] - Procesando 0 eventos...
2025-05-19 16:50:01 - gestor_eventos - [DEBUG] - Procesando 2 eventos...
2025-05-19 16:50:01 - gestor_eventos - [DEBUG] -   Evento: KeyDown (<Event(768-KeyDown {'unicode': 'd', 'key': 100, 'mod': 4096, 'scancode': 7, 'window': None})>)
2025-05-19 16:50:01 - gestor_eventos - [DEBUG] - GestorEventos: KEYDOWN d (100)
2025-05-19 16:50:01 - gestor_eventos - [DEBUG] -   Evento: TextInput (<Event(771-TextInput {'text': 'd', 'window': None})>)
2025-05-19 16:50:01 - gestor_eventos - [DEBUG] - Procesando 0 eventos...
2025-05-19 16:50:01 - gestor_eventos - [DEBUG] - Procesando 0 eventos...
2025-05-19 16:50:01 - gestor_eventos - [DEBUG] - Procesando 1 eventos...
2025-05-19 16:50:01 - gestor_eventos - [DEBUG] -   Evento: KeyUp (<Event(769-KeyUp {'unicode': 'a', 'key': 97, 'mod': 4096, 'scancode': 4, 'window': None})>)
2025-05-19 16:50:01 - gestor_eventos - [DEBUG] - Procesando 0 eventos...
2025-05-19 16:50:01 - gestor_eventos - [DEBUG] - Procesando 0 eventos...
2025-05-19 16:50:01 - gestor_eventos - [DEBUG] - Procesando 0 eventos...
2025-05-19 16:50:01 - gestor_eventos - [DEBUG] - Procesando 0 eventos...
2025-05-19 16:50:01 - gestor_eventos - [DEBUG] - Procesando 0 eventos...
2025-05-19 16:50:01 - gestor_eventos - [DEBUG] - Procesando 5 eventos...
2025-05-19 16:50:01 - gestor_eventos - [DEBUG] -   Evento: KeyDown (<Event(768-KeyDown {'unicode': ' ', 'key': 32, 'mod': 4096, 'scancode': 44, 'window': None})>)
2025-05-19 16:50:01 - gestor_eventos - [DEBUG] - GestorEventos: KEYDOWN space (32)
2025-05-19 16:50:01 - gestor_eventos - [DEBUG] - GestorEventos: K_SPACE (Atacar jugador) procesado.
2025-05-19 16:50:01 - gestor_eventos - [DEBUG] -   Evento: TextInput (<Event(771-TextInput {'text': ' ', 'window': None})>)
2025-05-19 16:50:01 - gestor_eventos - [DEBUG] -   Evento: MouseMotion (<Event(1024-MouseMotion {'pos': (497, 271), 'rel': (1, 0), 'buttons': (0, 0, 0), 'touch': False, 'window': None})>)
2025-05-19 16:50:01 - gestor_eventos - [DEBUG] -   Evento: KeyDown (<Event(768-KeyDown {'unicode': 'a', 'key': 97, 'mod': 4096, 'scancode': 4, 'window': None})>)
2025-05-19 16:50:01 - gestor_eventos - [DEBUG] - GestorEventos: KEYDOWN a (97)
2025-05-19 16:50:01 - gestor_eventos - [DEBUG] -   Evento: TextInput (<Event(771-TextInput {'text': 'a', 'window': None})>)
2025-05-19 16:50:01 - gestor_eventos - [DEBUG] - Procesando 0 eventos...
2025-05-19 16:50:01 - gestor_eventos - [DEBUG] - Procesando 0 eventos...
2025-05-19 16:50:01 - gestor_eventos - [DEBUG] - Procesando 1 eventos...
2025-05-19 16:50:01 - gestor_eventos - [DEBUG] -   Evento: KeyUp (<Event(769-KeyUp {'unicode': 'd', 'key': 100, 'mod': 4096, 'scancode': 7, 'window': None})>)
2025-05-19 16:50:02 - gestor_eventos - [DEBUG] - Procesando 0 eventos...
2025-05-19 16:50:02 - gestor_eventos - [DEBUG] - Procesando 0 eventos...
2025-05-19 16:50:02 - gestor_eventos - [DEBUG] - Procesando 0 eventos...
2025-05-19 16:50:02 - gestor_eventos - [DEBUG] - Procesando 1 eventos...
2025-05-19 16:50:02 - gestor_eventos - [DEBUG] -   Evento: KeyUp (<Event(769-KeyUp {'unicode': ' ', 'key': 32, 'mod': 4096, 'scancode': 44, 'window': None})>)
2025-05-19 16:50:02 - gestor_eventos - [DEBUG] - Procesando 0 eventos...
2025-05-19 16:50:02 - gestor_eventos - [DEBUG] - Procesando 0 eventos...
2025-05-19 16:50:02 - gestor_eventos - [DEBUG] - Procesando 0 eventos...
2025-05-19 16:50:02 - gestor_eventos - [DEBUG] - Procesando 0 eventos...
2025-05-19 16:50:02 - gestor_eventos - [DEBUG] - Procesando 0 eventos...
2025-05-19 16:50:02 - gestor_eventos - [DEBUG] - Procesando 0 eventos...
2025-05-19 16:50:02 - gestor_eventos - [DEBUG] - Procesando 0 eventos...
2025-05-19 16:50:02 - gestor_eventos - [DEBUG] - Procesando 0 eventos...
2025-05-19 16:50:02 - gestor_eventos - [DEBUG] - Procesando 0 eventos...
2025-05-19 16:50:02 - gestor_eventos - [DEBUG] - Procesando 0 eventos...
2025-05-19 16:50:02 - gestor_eventos - [DEBUG] - Procesando 2 eventos...
2025-05-19 16:50:02 - gestor_eventos - [DEBUG] -   Evento: KeyDown (<Event(768-KeyDown {'unicode': ' ', 'key': 32, 'mod': 4096, 'scancode': 44, 'window': None})>)
2025-05-19 16:50:02 - gestor_eventos - [DEBUG] - GestorEventos: KEYDOWN space (32)
2025-05-19 16:50:02 - gestor_eventos - [DEBUG] - GestorEventos: K_SPACE (Atacar jugador) procesado.
2025-05-19 16:50:02 - gestor_eventos - [DEBUG] -   Evento: TextInput (<Event(771-TextInput {'text': ' ', 'window': None})>)
2025-05-19 16:50:02 - gestor_eventos - [DEBUG] - Procesando 0 eventos...
2025-05-19 16:50:02 - gestor_eventos - [DEBUG] - Procesando 0 eventos...
2025-05-19 16:50:02 - gestor_eventos - [DEBUG] - Procesando 0 eventos...
2025-05-19 16:50:02 - gestor_eventos - [DEBUG] - Procesando 0 eventos...
2025-05-19 16:50:02 - gestor_eventos - [DEBUG] - Procesando 0 eventos...
2025-05-19 16:50:02 - gestor_eventos - [DEBUG] - Procesando 0 eventos...
2025-05-19 16:50:02 - gestor_eventos - [DEBUG] - Procesando 0 eventos...
2025-05-19 16:50:02 - gestor_eventos - [DEBUG] - Procesando 0 eventos...
2025-05-19 16:50:02 - gestor_eventos - [DEBUG] - Procesando 0 eventos...
2025-05-19 16:50:02 - gestor_eventos - [DEBUG] - Procesando 0 eventos...
2025-05-19 16:50:02 - gestor_eventos - [DEBUG] - Procesando 1 eventos...
2025-05-19 16:50:02 - gestor_eventos - [DEBUG] -   Evento: KeyUp (<Event(769-KeyUp {'unicode': ' ', 'key': 32, 'mod': 4096, 'scancode': 44, 'window': None})>)
2025-05-19 16:50:02 - gestor_eventos - [DEBUG] - Procesando 0 eventos...
2025-05-19 16:50:02 - gestor_eventos - [DEBUG] - Procesando 0 eventos...
2025-05-19 16:50:02 - gestor_eventos - [DEBUG] - Procesando 0 eventos...
2025-05-19 16:50:02 - gestor_eventos - [DEBUG] - Procesando 0 eventos...
2025-05-19 16:50:02 - gestor_eventos - [DEBUG] - Procesando 0 eventos...
2025-05-19 16:50:02 - gestor_eventos - [DEBUG] - Procesando 0 eventos...
2025-05-19 16:50:02 - gestor_eventos - [DEBUG] - Procesando 0 eventos...
2025-05-19 16:50:02 - gestor_eventos - [DEBUG] - Procesando 0 eventos...
2025-05-19 16:50:02 - gestor_eventos - [DEBUG] - Procesando 0 eventos...
2025-05-19 16:50:02 - gestor_eventos - [DEBUG] - Procesando 0 eventos...
2025-05-19 16:50:02 - gestor_eventos - [DEBUG] - Procesando 0 eventos...
2025-05-19 16:50:02 - gestor_eventos - [DEBUG] - Procesando 0 eventos...
2025-05-19 16:50:02 - gestor_eventos - [DEBUG] - Procesando 0 eventos...
2025-05-19 16:50:02 - gestor_eventos - [DEBUG] - Procesando 0 eventos...
2025-05-19 16:50:02 - gestor_eventos - [DEBUG] - Procesando 0 eventos...
2025-05-19 16:50:02 - gestor_eventos - [DEBUG] - Procesando 0 eventos...
2025-05-19 16:50:02 - gestor_eventos - [DEBUG] - Procesando 0 eventos...
2025-05-19 16:50:02 - gestor_eventos - [DEBUG] - Procesando 0 eventos...
2025-05-19 16:50:02 - gestor_eventos - [DEBUG] - Procesando 0 eventos...
2025-05-19 16:50:02 - gestor_eventos - [DEBUG] - Procesando 0 eventos...
2025-05-19 16:50:02 - gestor_eventos - [DEBUG] - Procesando 0 eventos...
2025-05-19 16:50:02 - gestor_eventos - [DEBUG] - Procesando 0 eventos...
2025-05-19 16:50:02 - gestor_eventos - [DEBUG] - Procesando 0 eventos...
2025-05-19 16:50:02 - gestor_eventos - [DEBUG] - Procesando 0 eventos...
2025-05-19 16:50:02 - gestor_eventos - [DEBUG] - Procesando 0 eventos...
2025-05-19 16:50:02 - gestor_eventos - [DEBUG] - Procesando 0 eventos...
2025-05-19 16:50:02 - gestor_eventos - [DEBUG] - Procesando 0 eventos...
2025-05-19 16:50:02 - gestor_eventos - [DEBUG] - Procesando 0 eventos...
2025-05-19 16:50:02 - gestor_eventos - [DEBUG] - Procesando 2 eventos...
2025-05-19 16:50:02 - gestor_eventos - [DEBUG] -   Evento: KeyDown (<Event(768-KeyDown {'unicode': 'd', 'key': 100, 'mod': 4096, 'scancode': 7, 'window': None})>)
2025-05-19 16:50:02 - gestor_eventos - [DEBUG] - GestorEventos: KEYDOWN d (100)
2025-05-19 16:50:02 - gestor_eventos - [DEBUG] -   Evento: TextInput (<Event(771-TextInput {'text': 'd', 'window': None})>)
2025-05-19 16:50:02 - gestor_eventos - [DEBUG] - Procesando 0 eventos...
2025-05-19 16:50:02 - gestor_eventos - [DEBUG] - Procesando 0 eventos...
2025-05-19 16:50:02 - gestor_eventos - [DEBUG] - Procesando 1 eventos...
2025-05-19 16:50:02 - gestor_eventos - [DEBUG] -   Evento: KeyUp (<Event(769-KeyUp {'unicode': 'a', 'key': 97, 'mod': 4096, 'scancode': 4, 'window': None})>)
2025-05-19 16:50:02 - gestor_eventos - [DEBUG] - Procesando 0 eventos...
2025-05-19 16:50:02 - gestor_eventos - [DEBUG] - Procesando 0 eventos...
2025-05-19 16:50:02 - gestor_eventos - [DEBUG] - Procesando 0 eventos...
2025-05-19 16:50:03 - gestor_eventos - [DEBUG] - Procesando 0 eventos...
2025-05-19 16:50:03 - gestor_eventos - [DEBUG] - Procesando 0 eventos...
2025-05-19 16:50:03 - gestor_eventos - [DEBUG] - Procesando 2 eventos...
2025-05-19 16:50:03 - gestor_eventos - [DEBUG] -   Evento: KeyDown (<Event(768-KeyDown {'unicode': 'a', 'key': 97, 'mod': 4096, 'scancode': 4, 'window': None})>)
2025-05-19 16:50:03 - gestor_eventos - [DEBUG] - GestorEventos: KEYDOWN a (97)
2025-05-19 16:50:03 - gestor_eventos - [DEBUG] -   Evento: TextInput (<Event(771-TextInput {'text': 'a', 'window': None})>)
2025-05-19 16:50:03 - gestor_eventos - [DEBUG] - Procesando 0 eventos...
2025-05-19 16:50:03 - gestor_eventos - [DEBUG] - Procesando 2 eventos...
2025-05-19 16:50:03 - gestor_eventos - [DEBUG] -   Evento: KeyDown (<Event(768-KeyDown {'unicode': ' ', 'key': 32, 'mod': 4096, 'scancode': 44, 'window': None})>)
2025-05-19 16:50:03 - gestor_eventos - [DEBUG] - GestorEventos: KEYDOWN space (32)
2025-05-19 16:50:03 - gestor_eventos - [DEBUG] - GestorEventos: K_SPACE (Atacar jugador) procesado.
2025-05-19 16:50:03 - gestor_eventos - [DEBUG] -   Evento: TextInput (<Event(771-TextInput {'text': ' ', 'window': None})>)
2025-05-19 16:50:03 - gestor_eventos - [DEBUG] - Procesando 0 eventos...
2025-05-19 16:50:03 - gestor_eventos - [DEBUG] - Procesando 1 eventos...
2025-05-19 16:50:03 - gestor_eventos - [DEBUG] -   Evento: KeyUp (<Event(769-KeyUp {'unicode': 'd', 'key': 100, 'mod': 4096, 'scancode': 7, 'window': None})>)
2025-05-19 16:50:03 - gestor_eventos - [DEBUG] - Procesando 0 eventos...
2025-05-19 16:50:03 - gestor_eventos - [DEBUG] - Procesando 0 eventos...
2025-05-19 16:50:03 - gestor_eventos - [DEBUG] - Procesando 0 eventos...
2025-05-19 16:50:03 - gestor_eventos - [DEBUG] - Procesando 0 eventos...
2025-05-19 16:50:03 - gestor_eventos - [DEBUG] - Procesando 0 eventos...
2025-05-19 16:50:03 - gestor_eventos - [DEBUG] - Procesando 1 eventos...
2025-05-19 16:50:03 - gestor_eventos - [DEBUG] -   Evento: KeyUp (<Event(769-KeyUp {'unicode': ' ', 'key': 32, 'mod': 4096, 'scancode': 44, 'window': None})>)
2025-05-19 16:50:03 - gestor_eventos - [DEBUG] - Procesando 0 eventos...
2025-05-19 16:50:03 - gestor_eventos - [DEBUG] - Procesando 0 eventos...
2025-05-19 16:50:03 - gestor_eventos - [DEBUG] - Procesando 0 eventos...
2025-05-19 16:50:03 - gestor_eventos - [DEBUG] - Procesando 0 eventos...
2025-05-19 16:50:03 - gestor_eventos - [DEBUG] - Procesando 0 eventos...
2025-05-19 16:50:03 - gestor_eventos - [DEBUG] - Procesando 0 eventos...
2025-05-19 16:50:03 - gestor_eventos - [DEBUG] - Procesando 0 eventos...
2025-05-19 16:50:03 - gestor_eventos - [DEBUG] - Procesando 0 eventos...
2025-05-19 16:50:03 - gestor_eventos - [DEBUG] - Procesando 0 eventos...
2025-05-19 16:50:03 - gestor_eventos - [DEBUG] - Procesando 0 eventos...
2025-05-19 16:50:03 - gestor_eventos - [DEBUG] - Procesando 0 eventos...
2025-05-19 16:50:03 - gestor_eventos - [DEBUG] - Procesando 0 eventos...
2025-05-19 16:50:03 - gestor_eventos - [DEBUG] - Procesando 0 eventos...
2025-05-19 16:50:03 - gestor_eventos - [DEBUG] - Procesando 0 eventos...
2025-05-19 16:50:03 - gestor_eventos - [DEBUG] - Procesando 0 eventos...
2025-05-19 16:50:03 - gestor_eventos - [DEBUG] - Procesando 0 eventos...
2025-05-19 16:50:03 - gestor_eventos - [DEBUG] - Procesando 0 eventos...
2025-05-19 16:50:03 - gestor_eventos - [DEBUG] - Procesando 0 eventos...
2025-05-19 16:50:03 - gestor_eventos - [DEBUG] - Procesando 0 eventos...
2025-05-19 16:50:03 - gestor_eventos - [DEBUG] - Procesando 0 eventos...
2025-05-19 16:50:03 - gestor_eventos - [DEBUG] - Procesando 0 eventos...
2025-05-19 16:50:03 - gestor_eventos - [DEBUG] - Procesando 0 eventos...
2025-05-19 16:50:03 - gestor_eventos - [DEBUG] - Procesando 0 eventos...
2025-05-19 16:50:03 - gestor_eventos - [DEBUG] - Procesando 0 eventos...
2025-05-19 16:50:03 - gestor_eventos - [DEBUG] - Procesando 0 eventos...
2025-05-19 16:50:03 - gestor_eventos - [DEBUG] - Procesando 0 eventos...
2025-05-19 16:50:03 - gestor_eventos - [DEBUG] - Procesando 0 eventos...
2025-05-19 16:50:03 - gestor_eventos - [DEBUG] - Procesando 0 eventos...
2025-05-19 16:50:03 - gestor_eventos - [DEBUG] - Procesando 0 eventos...
2025-05-19 16:50:03 - gestor_eventos - [DEBUG] - Procesando 0 eventos...
2025-05-19 16:50:03 - gestor_eventos - [DEBUG] - Procesando 0 eventos...
2025-05-19 16:50:03 - gestor_eventos - [DEBUG] - Procesando 0 eventos...
2025-05-19 16:50:03 - gestor_eventos - [DEBUG] - Procesando 0 eventos...
2025-05-19 16:50:03 - gestor_eventos - [DEBUG] - Procesando 0 eventos...
2025-05-19 16:50:03 - gestor_eventos - [DEBUG] - Procesando 0 eventos...
2025-05-19 16:50:03 - gestor_eventos - [DEBUG] - Procesando 0 eventos...
2025-05-19 16:50:03 - gestor_eventos - [DEBUG] - Procesando 0 eventos...
2025-05-19 16:50:03 - gestor_eventos - [DEBUG] - Procesando 0 eventos...
2025-05-19 16:50:03 - gestor_eventos - [DEBUG] - Procesando 0 eventos...
2025-05-19 16:50:03 - gestor_eventos - [DEBUG] - Procesando 2 eventos...
2025-05-19 16:50:03 - gestor_eventos - [DEBUG] -   Evento: KeyDown (<Event(768-KeyDown {'unicode': 'd', 'key': 100, 'mod': 4096, 'scancode': 7, 'window': None})>)
2025-05-19 16:50:03 - gestor_eventos - [DEBUG] - GestorEventos: KEYDOWN d (100)
2025-05-19 16:50:03 - gestor_eventos - [DEBUG] -   Evento: TextInput (<Event(771-TextInput {'text': 'd', 'window': None})>)
2025-05-19 16:50:03 - gestor_eventos - [DEBUG] - Procesando 0 eventos...
2025-05-19 16:50:03 - gestor_eventos - [DEBUG] - Procesando 0 eventos...
2025-05-19 16:50:03 - gestor_eventos - [DEBUG] - Procesando 1 eventos...
2025-05-19 16:50:03 - gestor_eventos - [DEBUG] -   Evento: KeyUp (<Event(769-KeyUp {'unicode': 'a', 'key': 97, 'mod': 4096, 'scancode': 4, 'window': None})>)
2025-05-19 16:50:03 - gestor_eventos - [DEBUG] - Procesando 0 eventos...
2025-05-19 16:50:03 - gestor_eventos - [DEBUG] - Procesando 0 eventos...
2025-05-19 16:50:03 - gestor_eventos - [DEBUG] - Procesando 0 eventos...
2025-05-19 16:50:03 - gestor_eventos - [DEBUG] - Procesando 0 eventos...
2025-05-19 16:50:04 - gestor_eventos - [DEBUG] - Procesando 0 eventos...
2025-05-19 16:50:04 - gestor_eventos - [DEBUG] - Procesando 0 eventos...
2025-05-19 16:50:04 - gestor_eventos - [DEBUG] - Procesando 0 eventos...
2025-05-19 16:50:04 - gestor_eventos - [DEBUG] - Procesando 0 eventos...
2025-05-19 16:50:04 - gestor_eventos - [DEBUG] - Procesando 2 eventos...
2025-05-19 16:50:04 - gestor_eventos - [DEBUG] -   Evento: KeyDown (<Event(768-KeyDown {'unicode': 'a', 'key': 97, 'mod': 4096, 'scancode': 4, 'window': None})>)
2025-05-19 16:50:04 - gestor_eventos - [DEBUG] - GestorEventos: KEYDOWN a (97)
2025-05-19 16:50:04 - gestor_eventos - [DEBUG] -   Evento: TextInput (<Event(771-TextInput {'text': 'a', 'window': None})>)
2025-05-19 16:50:04 - gestor_eventos - [DEBUG] - Procesando 2 eventos...
2025-05-19 16:50:04 - gestor_eventos - [DEBUG] -   Evento: KeyDown (<Event(768-KeyDown {'unicode': ' ', 'key': 32, 'mod': 4096, 'scancode': 44, 'window': None})>)
2025-05-19 16:50:04 - gestor_eventos - [DEBUG] - GestorEventos: KEYDOWN space (32)
2025-05-19 16:50:04 - gestor_eventos - [DEBUG] - GestorEventos: K_SPACE (Atacar jugador) procesado.
2025-05-19 16:50:04 - gestor_eventos - [DEBUG] -   Evento: TextInput (<Event(771-TextInput {'text': ' ', 'window': None})>)
2025-05-19 16:50:04 - gestor_eventos - [DEBUG] - Procesando 0 eventos...
2025-05-19 16:50:04 - gestor_eventos - [DEBUG] - Procesando 0 eventos...
2025-05-19 16:50:04 - gestor_eventos - [DEBUG] - Procesando 1 eventos...
2025-05-19 16:50:04 - gestor_eventos - [DEBUG] -   Evento: KeyUp (<Event(769-KeyUp {'unicode': 'd', 'key': 100, 'mod': 4096, 'scancode': 7, 'window': None})>)
2025-05-19 16:50:04 - gestor_eventos - [DEBUG] - Procesando 0 eventos...
2025-05-19 16:50:04 - gestor_eventos - [DEBUG] - Procesando 0 eventos...
2025-05-19 16:50:04 - gestor_eventos - [DEBUG] - Procesando 0 eventos...
2025-05-19 16:50:04 - gestor_eventos - [DEBUG] - Procesando 1 eventos...
2025-05-19 16:50:04 - gestor_eventos - [DEBUG] -   Evento: KeyUp (<Event(769-KeyUp {'unicode': ' ', 'key': 32, 'mod': 4096, 'scancode': 44, 'window': None})>)
2025-05-19 16:50:04 - gestor_eventos - [DEBUG] - Procesando 0 eventos...
2025-05-19 16:50:04 - gestor_eventos - [DEBUG] - Procesando 0 eventos...
2025-05-19 16:50:04 - gestor_eventos - [DEBUG] - Procesando 0 eventos...
2025-05-19 16:50:04 - gestor_eventos - [DEBUG] - Procesando 0 eventos...
2025-05-19 16:50:04 - gestor_eventos - [DEBUG] - Procesando 0 eventos...
2025-05-19 16:50:04 - gestor_eventos - [DEBUG] - Procesando 0 eventos...
2025-05-19 16:50:04 - gestor_eventos - [DEBUG] - Procesando 0 eventos...
2025-05-19 16:50:04 - gestor_eventos - [DEBUG] - Procesando 0 eventos...
2025-05-19 16:50:04 - gestor_eventos - [DEBUG] - Procesando 0 eventos...
2025-05-19 16:50:04 - gestor_eventos - [DEBUG] - Procesando 0 eventos...
2025-05-19 16:50:04 - gestor_eventos - [DEBUG] - Procesando 0 eventos...
2025-05-19 16:50:04 - gestor_eventos - [DEBUG] - Procesando 0 eventos...
2025-05-19 16:50:04 - gestor_eventos - [DEBUG] - Procesando 0 eventos...
2025-05-19 16:50:04 - gestor_eventos - [DEBUG] - Procesando 0 eventos...
2025-05-19 16:50:04 - gestor_eventos - [DEBUG] - Procesando 0 eventos...
2025-05-19 16:50:04 - gestor_eventos - [DEBUG] - Procesando 0 eventos...
2025-05-19 16:50:04 - gestor_eventos - [DEBUG] - Procesando 0 eventos...
2025-05-19 16:50:04 - gestor_eventos - [DEBUG] - Procesando 0 eventos...
2025-05-19 16:50:04 - gestor_eventos - [DEBUG] - Procesando 0 eventos...
2025-05-19 16:50:04 - gestor_eventos - [DEBUG] - Procesando 0 eventos...
2025-05-19 16:50:04 - gestor_eventos - [DEBUG] - Procesando 0 eventos...
2025-05-19 16:50:04 - gestor_eventos - [DEBUG] - Procesando 0 eventos...
2025-05-19 16:50:04 - gestor_eventos - [DEBUG] - Procesando 0 eventos...
2025-05-19 16:50:04 - gestor_eventos - [DEBUG] - Procesando 0 eventos...
2025-05-19 16:50:04 - gestor_eventos - [DEBUG] - Procesando 0 eventos...
2025-05-19 16:50:04 - gestor_eventos - [DEBUG] - Procesando 0 eventos...
2025-05-19 16:50:04 - gestor_eventos - [DEBUG] - Procesando 0 eventos...
2025-05-19 16:50:04 - gestor_eventos - [DEBUG] - Procesando 0 eventos...
2025-05-19 16:50:04 - gestor_eventos - [DEBUG] - Procesando 0 eventos...
2025-05-19 16:50:04 - gestor_eventos - [DEBUG] - Procesando 0 eventos...
2025-05-19 16:50:04 - gestor_eventos - [DEBUG] - Procesando 0 eventos...
2025-05-19 16:50:04 - gestor_eventos - [DEBUG] - Procesando 0 eventos...
2025-05-19 16:50:04 - gestor_eventos - [DEBUG] - Procesando 0 eventos...
2025-05-19 16:50:04 - gestor_eventos - [DEBUG] - Procesando 0 eventos...
2025-05-19 16:50:04 - gestor_eventos - [DEBUG] - Procesando 0 eventos...
2025-05-19 16:50:04 - gestor_eventos - [DEBUG] - Procesando 0 eventos...
2025-05-19 16:50:04 - gestor_eventos - [DEBUG] - Procesando 0 eventos...
2025-05-19 16:50:04 - gestor_eventos - [DEBUG] - Procesando 0 eventos...
2025-05-19 16:50:04 - gestor_eventos - [DEBUG] - Procesando 0 eventos...
2025-05-19 16:50:04 - gestor_eventos - [DEBUG] - Procesando 2 eventos...
2025-05-19 16:50:04 - gestor_eventos - [DEBUG] -   Evento: KeyDown (<Event(768-KeyDown {'unicode': 'd', 'key': 100, 'mod': 4096, 'scancode': 7, 'window': None})>)
2025-05-19 16:50:04 - gestor_eventos - [DEBUG] - GestorEventos: KEYDOWN d (100)
2025-05-19 16:50:04 - gestor_eventos - [DEBUG] -   Evento: TextInput (<Event(771-TextInput {'text': 'd', 'window': None})>)
2025-05-19 16:50:04 - gestor_eventos - [DEBUG] - Procesando 0 eventos...
2025-05-19 16:50:04 - gestor_eventos - [DEBUG] - Procesando 1 eventos...
2025-05-19 16:50:04 - gestor_eventos - [DEBUG] -   Evento: KeyUp (<Event(769-KeyUp {'unicode': 'a', 'key': 97, 'mod': 4096, 'scancode': 4, 'window': None})>)
2025-05-19 16:50:04 - gestor_eventos - [DEBUG] - Procesando 0 eventos...
2025-05-19 16:50:04 - gestor_eventos - [DEBUG] - Procesando 0 eventos...
2025-05-19 16:50:04 - gestor_eventos - [DEBUG] - Procesando 0 eventos...
2025-05-19 16:50:04 - gestor_eventos - [DEBUG] - Procesando 0 eventos...
2025-05-19 16:50:04 - gestor_eventos - [DEBUG] - Procesando 0 eventos...
2025-05-19 16:50:04 - gestor_eventos - [DEBUG] - Procesando 2 eventos...
2025-05-19 16:50:04 - gestor_eventos - [DEBUG] -   Evento: KeyDown (<Event(768-KeyDown {'unicode': 'a', 'key': 97, 'mod': 4096, 'scancode': 4, 'window': None})>)
2025-05-19 16:50:04 - gestor_eventos - [DEBUG] - GestorEventos: KEYDOWN a (97)
2025-05-19 16:50:04 - gestor_eventos - [DEBUG] -   Evento: TextInput (<Event(771-TextInput {'text': 'a', 'window': None})>)
2025-05-19 16:50:05 - gestor_eventos - [DEBUG] - Procesando 2 eventos...
2025-05-19 16:50:05 - gestor_eventos - [DEBUG] -   Evento: KeyDown (<Event(768-KeyDown {'unicode': ' ', 'key': 32, 'mod': 4096, 'scancode': 44, 'window': None})>)
2025-05-19 16:50:05 - gestor_eventos - [DEBUG] - GestorEventos: KEYDOWN space (32)
2025-05-19 16:50:05 - gestor_eventos - [DEBUG] - GestorEventos: K_SPACE (Atacar jugador) procesado.
2025-05-19 16:50:05 - gestor_eventos - [DEBUG] -   Evento: TextInput (<Event(771-TextInput {'text': ' ', 'window': None})>)
2025-05-19 16:50:05 - gestor_eventos - [DEBUG] - Procesando 0 eventos...
2025-05-19 16:50:05 - gestor_eventos - [DEBUG] - Procesando 0 eventos...
2025-05-19 16:50:05 - gestor_eventos - [DEBUG] - Procesando 1 eventos...
2025-05-19 16:50:05 - gestor_eventos - [DEBUG] -   Evento: KeyUp (<Event(769-KeyUp {'unicode': 'd', 'key': 100, 'mod': 4096, 'scancode': 7, 'window': None})>)
2025-05-19 16:50:05 - gestor_eventos - [DEBUG] - Procesando 0 eventos...
2025-05-19 16:50:05 - gestor_eventos - [DEBUG] - Procesando 0 eventos...
2025-05-19 16:50:05 - gestor_eventos - [DEBUG] - Procesando 0 eventos...
2025-05-19 16:50:05 - gestor_eventos - [DEBUG] - Procesando 0 eventos...
2025-05-19 16:50:05 - gestor_eventos - [DEBUG] - Procesando 0 eventos...
2025-05-19 16:50:05 - gestor_eventos - [DEBUG] - Procesando 0 eventos...
2025-05-19 16:50:05 - gestor_eventos - [DEBUG] - Procesando 0 eventos...
2025-05-19 16:50:05 - gestor_eventos - [DEBUG] - Procesando 0 eventos...
2025-05-19 16:50:05 - gestor_eventos - [DEBUG] - Procesando 0 eventos...
2025-05-19 16:50:05 - gestor_eventos - [DEBUG] - Procesando 0 eventos...
2025-05-19 16:50:05 - gestor_eventos - [DEBUG] - Procesando 1 eventos...
2025-05-19 16:50:05 - gestor_eventos - [DEBUG] -   Evento: KeyUp (<Event(769-KeyUp {'unicode': ' ', 'key': 32, 'mod': 4096, 'scancode': 44, 'window': None})>)
2025-05-19 16:50:05 - gestor_eventos - [DEBUG] - Procesando 0 eventos...
2025-05-19 16:50:05 - gestor_eventos - [DEBUG] - Procesando 0 eventos...
2025-05-19 16:50:05 - gestor_eventos - [DEBUG] - Procesando 0 eventos...
2025-05-19 16:50:05 - gestor_eventos - [DEBUG] - Procesando 0 eventos...
2025-05-19 16:50:05 - gestor_eventos - [DEBUG] - Procesando 0 eventos...
2025-05-19 16:50:05 - gestor_eventos - [DEBUG] - Procesando 0 eventos...
2025-05-19 16:50:05 - gestor_eventos - [DEBUG] - Procesando 0 eventos...
2025-05-19 16:50:05 - gestor_eventos - [DEBUG] - Procesando 0 eventos...
2025-05-19 16:50:05 - gestor_eventos - [DEBUG] - Procesando 0 eventos...
2025-05-19 16:50:05 - gestor_eventos - [DEBUG] - Procesando 0 eventos...
2025-05-19 16:50:05 - gestor_eventos - [DEBUG] - Procesando 0 eventos...
2025-05-19 16:50:05 - gestor_eventos - [DEBUG] - Procesando 0 eventos...
2025-05-19 16:50:05 - gestor_eventos - [DEBUG] - Procesando 0 eventos...
2025-05-19 16:50:05 - gestor_eventos - [DEBUG] - Procesando 0 eventos...
2025-05-19 16:50:05 - gestor_eventos - [DEBUG] - Procesando 0 eventos...
2025-05-19 16:50:05 - gestor_eventos - [DEBUG] - Procesando 0 eventos...
2025-05-19 16:50:05 - gestor_eventos - [DEBUG] - Procesando 0 eventos...
2025-05-19 16:50:05 - gestor_eventos - [DEBUG] - Procesando 0 eventos...
2025-05-19 16:50:05 - gestor_eventos - [DEBUG] - Procesando 0 eventos...
2025-05-19 16:50:05 - gestor_eventos - [DEBUG] - Procesando 0 eventos...
2025-05-19 16:50:05 - gestor_eventos - [DEBUG] - Procesando 0 eventos...
2025-05-19 16:50:05 - gestor_eventos - [DEBUG] - Procesando 0 eventos...
2025-05-19 16:50:05 - gestor_eventos - [DEBUG] - Procesando 0 eventos...
2025-05-19 16:50:05 - gestor_eventos - [DEBUG] - Procesando 0 eventos...
2025-05-19 16:50:05 - gestor_eventos - [DEBUG] - Procesando 0 eventos...
2025-05-19 16:50:05 - gestor_eventos - [DEBUG] - Procesando 2 eventos...
2025-05-19 16:50:05 - gestor_eventos - [DEBUG] -   Evento: KeyDown (<Event(768-KeyDown {'unicode': 'd', 'key': 100, 'mod': 4096, 'scancode': 7, 'window': None})>)
2025-05-19 16:50:05 - gestor_eventos - [DEBUG] - GestorEventos: KEYDOWN d (100)
2025-05-19 16:50:05 - gestor_eventos - [DEBUG] -   Evento: TextInput (<Event(771-TextInput {'text': 'd', 'window': None})>)
2025-05-19 16:50:05 - gestor_eventos - [DEBUG] - Procesando 0 eventos...
2025-05-19 16:50:05 - gestor_eventos - [DEBUG] - Procesando 1 eventos...
2025-05-19 16:50:05 - gestor_eventos - [DEBUG] -   Evento: KeyUp (<Event(769-KeyUp {'unicode': 'a', 'key': 97, 'mod': 4096, 'scancode': 4, 'window': None})>)
2025-05-19 16:50:05 - gestor_eventos - [DEBUG] - Procesando 0 eventos...
2025-05-19 16:50:05 - gestor_eventos - [DEBUG] - Procesando 0 eventos...
2025-05-19 16:50:05 - gestor_eventos - [DEBUG] - Procesando 0 eventos...
2025-05-19 16:50:05 - gestor_eventos - [DEBUG] - Procesando 0 eventos...
2025-05-19 16:50:05 - gestor_eventos - [DEBUG] - Procesando 0 eventos...
2025-05-19 16:50:05 - gestor_eventos - [DEBUG] - Procesando 0 eventos...
2025-05-19 16:50:05 - gestor_eventos - [DEBUG] - Procesando 0 eventos...
2025-05-19 16:50:05 - gestor_eventos - [DEBUG] - Procesando 4 eventos...
2025-05-19 16:50:05 - gestor_eventos - [DEBUG] -   Evento: KeyDown (<Event(768-KeyDown {'unicode': ' ', 'key': 32, 'mod': 4096, 'scancode': 44, 'window': None})>)
2025-05-19 16:50:05 - gestor_eventos - [DEBUG] - GestorEventos: KEYDOWN space (32)
2025-05-19 16:50:05 - gestor_eventos - [DEBUG] - GestorEventos: K_SPACE (Atacar jugador) procesado.
2025-05-19 16:50:05 - gestor_eventos - [DEBUG] -   Evento: TextInput (<Event(771-TextInput {'text': ' ', 'window': None})>)
2025-05-19 16:50:05 - gestor_eventos - [DEBUG] -   Evento: KeyDown (<Event(768-KeyDown {'unicode': 'a', 'key': 97, 'mod': 4096, 'scancode': 4, 'window': None})>)
2025-05-19 16:50:05 - gestor_eventos - [DEBUG] - GestorEventos: KEYDOWN a (97)
2025-05-19 16:50:05 - gestor_eventos - [DEBUG] -   Evento: TextInput (<Event(771-TextInput {'text': 'a', 'window': None})>)
2025-05-19 16:50:05 - gestor_eventos - [DEBUG] - Procesando 0 eventos...
2025-05-19 16:50:05 - gestor_eventos - [DEBUG] - Procesando 0 eventos...
2025-05-19 16:50:05 - gestor_eventos - [DEBUG] - Procesando 0 eventos...
2025-05-19 16:50:05 - gestor_eventos - [DEBUG] - Procesando 1 eventos...
2025-05-19 16:50:05 - gestor_eventos - [DEBUG] -   Evento: KeyUp (<Event(769-KeyUp {'unicode': 'd', 'key': 100, 'mod': 4096, 'scancode': 7, 'window': None})>)
2025-05-19 16:50:05 - gestor_eventos - [DEBUG] - Procesando 0 eventos...
2025-05-19 16:50:05 - gestor_eventos - [DEBUG] - Procesando 1 eventos...
2025-05-19 16:50:05 - gestor_eventos - [DEBUG] -   Evento: KeyUp (<Event(769-KeyUp {'unicode': ' ', 'key': 32, 'mod': 4096, 'scancode': 44, 'window': None})>)
2025-05-19 16:50:05 - gestor_eventos - [DEBUG] - Procesando 0 eventos...
2025-05-19 16:50:05 - gestor_eventos - [DEBUG] - Procesando 0 eventos...
2025-05-19 16:50:05 - gestor_eventos - [DEBUG] - Procesando 0 eventos...
2025-05-19 16:50:05 - gestor_eventos - [DEBUG] - Procesando 0 eventos...
2025-05-19 16:50:06 - gestor_eventos - [DEBUG] - Procesando 0 eventos...
2025-05-19 16:50:06 - gestor_eventos - [DEBUG] - Procesando 2 eventos...
2025-05-19 16:50:06 - gestor_eventos - [DEBUG] -   Evento: KeyDown (<Event(768-KeyDown {'unicode': ' ', 'key': 32, 'mod': 4096, 'scancode': 44, 'window': None})>)
2025-05-19 16:50:06 - gestor_eventos - [DEBUG] - GestorEventos: KEYDOWN space (32)
2025-05-19 16:50:06 - gestor_eventos - [DEBUG] - GestorEventos: K_SPACE (Atacar jugador) procesado.
2025-05-19 16:50:06 - gestor_eventos - [DEBUG] -   Evento: TextInput (<Event(771-TextInput {'text': ' ', 'window': None})>)
2025-05-19 16:50:06 - gestor_eventos - [DEBUG] - Procesando 0 eventos...
2025-05-19 16:50:06 - gestor_eventos - [DEBUG] - Procesando 0 eventos...
2025-05-19 16:50:06 - gestor_eventos - [DEBUG] - Procesando 0 eventos...
2025-05-19 16:50:06 - gestor_eventos - [DEBUG] - Procesando 0 eventos...
2025-05-19 16:50:06 - gestor_eventos - [DEBUG] - Procesando 0 eventos...
2025-05-19 16:50:06 - gestor_eventos - [DEBUG] - Procesando 0 eventos...
2025-05-19 16:50:06 - gestor_eventos - [DEBUG] - Procesando 0 eventos...
2025-05-19 16:50:06 - gestor_eventos - [DEBUG] - Procesando 0 eventos...
2025-05-19 16:50:06 - gestor_eventos - [DEBUG] - Procesando 0 eventos...
2025-05-19 16:50:06 - gestor_eventos - [DEBUG] - Procesando 0 eventos...
2025-05-19 16:50:06 - gestor_eventos - [DEBUG] - Procesando 0 eventos...
2025-05-19 16:50:06 - gestor_eventos - [DEBUG] - Procesando 0 eventos...
2025-05-19 16:50:06 - gestor_eventos - [DEBUG] - Procesando 0 eventos...
2025-05-19 16:50:06 - gestor_eventos - [DEBUG] - Procesando 0 eventos...
2025-05-19 16:50:06 - gestor_eventos - [DEBUG] - Procesando 1 eventos...
2025-05-19 16:50:06 - gestor_eventos - [DEBUG] -   Evento: KeyUp (<Event(769-KeyUp {'unicode': ' ', 'key': 32, 'mod': 4096, 'scancode': 44, 'window': None})>)
2025-05-19 16:50:06 - gestor_eventos - [DEBUG] - Procesando 0 eventos...
2025-05-19 16:50:06 - gestor_eventos - [DEBUG] - Procesando 0 eventos...
2025-05-19 16:50:06 - gestor_eventos - [DEBUG] - Procesando 0 eventos...
2025-05-19 16:50:06 - gestor_eventos - [DEBUG] - Procesando 0 eventos...
2025-05-19 16:50:06 - gestor_eventos - [DEBUG] - Procesando 0 eventos...
2025-05-19 16:50:06 - gestor_eventos - [DEBUG] - Procesando 0 eventos...
2025-05-19 16:50:06 - gestor_eventos - [DEBUG] - Procesando 2 eventos...
2025-05-19 16:50:06 - gestor_eventos - [DEBUG] -   Evento: KeyDown (<Event(768-KeyDown {'unicode': 'd', 'key': 100, 'mod': 4096, 'scancode': 7, 'window': None})>)
2025-05-19 16:50:06 - gestor_eventos - [DEBUG] - GestorEventos: KEYDOWN d (100)
2025-05-19 16:50:06 - gestor_eventos - [DEBUG] -   Evento: TextInput (<Event(771-TextInput {'text': 'd', 'window': None})>)
2025-05-19 16:50:06 - gestor_eventos - [DEBUG] - Procesando 0 eventos...
2025-05-19 16:50:06 - gestor_eventos - [DEBUG] - Procesando 1 eventos...
2025-05-19 16:50:06 - gestor_eventos - [DEBUG] -   Evento: KeyUp (<Event(769-KeyUp {'unicode': 'a', 'key': 97, 'mod': 4096, 'scancode': 4, 'window': None})>)
2025-05-19 16:50:06 - gestor_eventos - [DEBUG] - Procesando 0 eventos...
2025-05-19 16:50:06 - gestor_eventos - [DEBUG] - Procesando 0 eventos...
2025-05-19 16:50:06 - gestor_eventos - [DEBUG] - Procesando 0 eventos...
2025-05-19 16:50:06 - gestor_eventos - [DEBUG] - Procesando 0 eventos...
2025-05-19 16:50:06 - gestor_eventos - [DEBUG] - Procesando 0 eventos...
2025-05-19 16:50:06 - gestor_eventos - [DEBUG] - Procesando 0 eventos...
2025-05-19 16:50:06 - gestor_eventos - [DEBUG] - Procesando 0 eventos...
2025-05-19 16:50:06 - gestor_eventos - [DEBUG] - Procesando 0 eventos...
2025-05-19 16:50:06 - gestor_eventos - [DEBUG] - Procesando 0 eventos...
2025-05-19 16:50:06 - gestor_eventos - [DEBUG] - Procesando 2 eventos...
2025-05-19 16:50:06 - gestor_eventos - [DEBUG] -   Evento: KeyDown (<Event(768-KeyDown {'unicode': ' ', 'key': 32, 'mod': 4096, 'scancode': 44, 'window': None})>)
2025-05-19 16:50:06 - gestor_eventos - [DEBUG] - GestorEventos: KEYDOWN space (32)
2025-05-19 16:50:06 - gestor_eventos - [DEBUG] - GestorEventos: K_SPACE (Atacar jugador) procesado.
2025-05-19 16:50:06 - gestor_eventos - [DEBUG] -   Evento: TextInput (<Event(771-TextInput {'text': ' ', 'window': None})>)
2025-05-19 16:50:06 - gestor_eventos - [DEBUG] - Procesando 0 eventos...
2025-05-19 16:50:06 - gestor_eventos - [DEBUG] - Procesando 0 eventos...
2025-05-19 16:50:06 - gestor_eventos - [DEBUG] - Procesando 0 eventos...
2025-05-19 16:50:06 - gestor_eventos - [DEBUG] - Procesando 2 eventos...
2025-05-19 16:50:06 - gestor_eventos - [DEBUG] -   Evento: KeyDown (<Event(768-KeyDown {'unicode': 'a', 'key': 97, 'mod': 4096, 'scancode': 4, 'window': None})>)
2025-05-19 16:50:06 - gestor_eventos - [DEBUG] - GestorEventos: KEYDOWN a (97)
2025-05-19 16:50:06 - gestor_eventos - [DEBUG] -   Evento: TextInput (<Event(771-TextInput {'text': 'a', 'window': None})>)
2025-05-19 16:50:06 - gestor_eventos - [DEBUG] - Procesando 0 eventos...
2025-05-19 16:50:06 - gestor_eventos - [DEBUG] - Procesando 0 eventos...
2025-05-19 16:50:06 - gestor_eventos - [DEBUG] - Procesando 0 eventos...
2025-05-19 16:50:06 - gestor_eventos - [DEBUG] - Procesando 1 eventos...
2025-05-19 16:50:06 - gestor_eventos - [DEBUG] -   Evento: KeyUp (<Event(769-KeyUp {'unicode': 'd', 'key': 100, 'mod': 4096, 'scancode': 7, 'window': None})>)
2025-05-19 16:50:06 - gestor_eventos - [DEBUG] - Procesando 0 eventos...
2025-05-19 16:50:06 - gestor_eventos - [DEBUG] - Procesando 1 eventos...
2025-05-19 16:50:06 - gestor_eventos - [DEBUG] -   Evento: KeyUp (<Event(769-KeyUp {'unicode': ' ', 'key': 32, 'mod': 4096, 'scancode': 44, 'window': None})>)
2025-05-19 16:50:06 - gestor_eventos - [DEBUG] - Procesando 0 eventos...
2025-05-19 16:50:06 - gestor_eventos - [DEBUG] - Procesando 0 eventos...
2025-05-19 16:50:06 - gestor_eventos - [DEBUG] - Procesando 0 eventos...
2025-05-19 16:50:06 - gestor_eventos - [DEBUG] - Procesando 0 eventos...
2025-05-19 16:50:06 - gestor_eventos - [DEBUG] - Procesando 0 eventos...
2025-05-19 16:50:06 - gestor_eventos - [DEBUG] - Procesando 0 eventos...
2025-05-19 16:50:06 - gestor_eventos - [DEBUG] - Procesando 0 eventos...
2025-05-19 16:50:06 - gestor_eventos - [DEBUG] - Procesando 0 eventos...
2025-05-19 16:50:06 - gestor_eventos - [DEBUG] - Procesando 0 eventos...
2025-05-19 16:50:06 - gestor_eventos - [DEBUG] - Procesando 0 eventos...
2025-05-19 16:50:06 - gestor_eventos - [DEBUG] - Procesando 0 eventos...
2025-05-19 16:50:06 - gestor_eventos - [DEBUG] - Procesando 0 eventos...
2025-05-19 16:50:06 - gestor_eventos - [DEBUG] - Procesando 0 eventos...
2025-05-19 16:50:06 - gestor_eventos - [DEBUG] - Procesando 0 eventos...
2025-05-19 16:50:07 - gestor_eventos - [DEBUG] - Procesando 0 eventos...
2025-05-19 16:50:07 - gestor_eventos - [DEBUG] - Procesando 2 eventos...
2025-05-19 16:50:07 - gestor_eventos - [DEBUG] -   Evento: KeyDown (<Event(768-KeyDown {'unicode': 's', 'key': 115, 'mod': 4096, 'scancode': 22, 'window': None})>)
2025-05-19 16:50:07 - gestor_eventos - [DEBUG] - GestorEventos: KEYDOWN s (115)
2025-05-19 16:50:07 - gestor_eventos - [DEBUG] -   Evento: TextInput (<Event(771-TextInput {'text': 's', 'window': None})>)
2025-05-19 16:50:07 - gestor_eventos - [DEBUG] - Procesando 0 eventos...
2025-05-19 16:50:07 - gestor_eventos - [DEBUG] - Procesando 0 eventos...
2025-05-19 16:50:07 - gestor_eventos - [DEBUG] - Procesando 0 eventos...
2025-05-19 16:50:07 - gestor_eventos - [DEBUG] - Procesando 1 eventos...
2025-05-19 16:50:07 - gestor_eventos - [DEBUG] -   Evento: KeyUp (<Event(769-KeyUp {'unicode': 'a', 'key': 97, 'mod': 4096, 'scancode': 4, 'window': None})>)
2025-05-19 16:50:07 - gestor_eventos - [DEBUG] - Procesando 0 eventos...
2025-05-19 16:50:07 - gestor_eventos - [DEBUG] - Procesando 2 eventos...
2025-05-19 16:50:07 - gestor_eventos - [DEBUG] -   Evento: KeyDown (<Event(768-KeyDown {'unicode': 'd', 'key': 100, 'mod': 4096, 'scancode': 7, 'window': None})>)
2025-05-19 16:50:07 - gestor_eventos - [DEBUG] - GestorEventos: KEYDOWN d (100)
2025-05-19 16:50:07 - gestor_eventos - [DEBUG] -   Evento: TextInput (<Event(771-TextInput {'text': 'd', 'window': None})>)
2025-05-19 16:50:07 - gestor_eventos - [DEBUG] - Procesando 0 eventos...
2025-05-19 16:50:07 - gestor_eventos - [DEBUG] - Procesando 0 eventos...
2025-05-19 16:50:07 - gestor_eventos - [DEBUG] - Procesando 0 eventos...
2025-05-19 16:50:07 - gestor_eventos - [DEBUG] - Procesando 3 eventos...
2025-05-19 16:50:07 - gestor_eventos - [DEBUG] -   Evento: KeyDown (<Event(768-KeyDown {'unicode': ' ', 'key': 32, 'mod': 4096, 'scancode': 44, 'window': None})>)
2025-05-19 16:50:07 - gestor_eventos - [DEBUG] - GestorEventos: KEYDOWN space (32)
2025-05-19 16:50:07 - gestor_eventos - [DEBUG] - GestorEventos: K_SPACE (Atacar jugador) procesado.
2025-05-19 16:50:07 - gestor_eventos - [DEBUG] -   Evento: TextInput (<Event(771-TextInput {'text': ' ', 'window': None})>)
2025-05-19 16:50:07 - gestor_eventos - [DEBUG] -   Evento: KeyUp (<Event(769-KeyUp {'unicode': 's', 'key': 115, 'mod': 4096, 'scancode': 22, 'window': None})>)
2025-05-19 16:50:07 - gestor_eventos - [DEBUG] - Procesando 0 eventos...
2025-05-19 16:50:07 - gestor_eventos - [DEBUG] - Procesando 0 eventos...
2025-05-19 16:50:07 - gestor_eventos - [DEBUG] - Procesando 0 eventos...
2025-05-19 16:50:07 - gestor_eventos - [DEBUG] - Procesando 0 eventos...
2025-05-19 16:50:07 - gestor_eventos - [DEBUG] - Procesando 0 eventos...
2025-05-19 16:50:07 - gestor_eventos - [DEBUG] - Procesando 0 eventos...
2025-05-19 16:50:07 - gestor_eventos - [DEBUG] - Procesando 0 eventos...
2025-05-19 16:50:07 - gestor_eventos - [DEBUG] - Procesando 2 eventos...
2025-05-19 16:50:07 - gestor_eventos - [DEBUG] -   Evento: KeyDown (<Event(768-KeyDown {'unicode': 'w', 'key': 119, 'mod': 4096, 'scancode': 26, 'window': None})>)
2025-05-19 16:50:07 - gestor_eventos - [DEBUG] - GestorEventos: KEYDOWN w (119)
2025-05-19 16:50:07 - gestor_eventos - [DEBUG] -   Evento: TextInput (<Event(771-TextInput {'text': 'w', 'window': None})>)
2025-05-19 16:50:07 - gestor_eventos - [DEBUG] - Procesando 1 eventos...
2025-05-19 16:50:07 - gestor_eventos - [DEBUG] -   Evento: KeyUp (<Event(769-KeyUp {'unicode': ' ', 'key': 32, 'mod': 4096, 'scancode': 44, 'window': None})>)
2025-05-19 16:50:07 - gestor_eventos - [DEBUG] - Procesando 0 eventos...
2025-05-19 16:50:07 - gestor_eventos - [DEBUG] - Procesando 0 eventos...
2025-05-19 16:50:07 - gestor_eventos - [DEBUG] - Procesando 0 eventos...
2025-05-19 16:50:07 - gestor_eventos - [DEBUG] - Procesando 0 eventos...
2025-05-19 16:50:07 - gestor_eventos - [DEBUG] - Procesando 0 eventos...
2025-05-19 16:50:07 - gestor_eventos - [DEBUG] - Procesando 0 eventos...
2025-05-19 16:50:07 - gestor_eventos - [DEBUG] - Procesando 0 eventos...
2025-05-19 16:50:07 - gestor_eventos - [DEBUG] - Procesando 4 eventos...
2025-05-19 16:50:07 - gestor_eventos - [DEBUG] -   Evento: KeyDown (<Event(768-KeyDown {'unicode': ' ', 'key': 32, 'mod': 4096, 'scancode': 44, 'window': None})>)
2025-05-19 16:50:07 - gestor_eventos - [DEBUG] - GestorEventos: KEYDOWN space (32)
2025-05-19 16:50:07 - gestor_eventos - [DEBUG] - GestorEventos: K_SPACE (Atacar jugador) procesado.
2025-05-19 16:50:07 - gestor_eventos - [DEBUG] -   Evento: TextInput (<Event(771-TextInput {'text': ' ', 'window': None})>)
2025-05-19 16:50:07 - gestor_eventos - [DEBUG] -   Evento: KeyDown (<Event(768-KeyDown {'unicode': 'a', 'key': 97, 'mod': 4096, 'scancode': 4, 'window': None})>)
2025-05-19 16:50:07 - gestor_eventos - [DEBUG] - GestorEventos: KEYDOWN a (97)
2025-05-19 16:50:07 - gestor_eventos - [DEBUG] -   Evento: TextInput (<Event(771-TextInput {'text': 'a', 'window': None})>)
2025-05-19 16:50:07 - gestor_eventos - [DEBUG] - Procesando 1 eventos...
2025-05-19 16:50:07 - gestor_eventos - [DEBUG] -   Evento: KeyUp (<Event(769-KeyUp {'unicode': 'd', 'key': 100, 'mod': 4096, 'scancode': 7, 'window': None})>)
2025-05-19 16:50:07 - gestor_eventos - [DEBUG] - Procesando 0 eventos...
2025-05-19 16:50:07 - gestor_eventos - [DEBUG] - Procesando 0 eventos...
2025-05-19 16:50:07 - gestor_eventos - [DEBUG] - Procesando 0 eventos...
2025-05-19 16:50:07 - gestor_eventos - [DEBUG] - Procesando 1 eventos...
2025-05-19 16:50:07 - gestor_eventos - [DEBUG] -   Evento: KeyUp (<Event(769-KeyUp {'unicode': ' ', 'key': 32, 'mod': 4096, 'scancode': 44, 'window': None})>)
2025-05-19 16:50:07 - gestor_eventos - [DEBUG] - Procesando 0 eventos...
2025-05-19 16:50:07 - gestor_eventos - [DEBUG] - Procesando 0 eventos...
2025-05-19 16:50:07 - gestor_eventos - [DEBUG] - Procesando 0 eventos...
2025-05-19 16:50:07 - gestor_eventos - [DEBUG] - Procesando 2 eventos...
2025-05-19 16:50:07 - gestor_eventos - [DEBUG] -   Evento: KeyDown (<Event(768-KeyDown {'unicode': ' ', 'key': 32, 'mod': 4096, 'scancode': 44, 'window': None})>)
2025-05-19 16:50:07 - gestor_eventos - [DEBUG] - GestorEventos: KEYDOWN space (32)
2025-05-19 16:50:07 - gestor_eventos - [DEBUG] - GestorEventos: K_SPACE (Atacar jugador) procesado.
2025-05-19 16:50:07 - gestor_eventos - [DEBUG] -   Evento: TextInput (<Event(771-TextInput {'text': ' ', 'window': None})>)
2025-05-19 16:50:07 - gestor_eventos - [DEBUG] - Procesando 0 eventos...
2025-05-19 16:50:07 - gestor_eventos - [DEBUG] - Procesando 0 eventos...
2025-05-19 16:50:07 - gestor_eventos - [DEBUG] - Procesando 0 eventos...
2025-05-19 16:50:07 - gestor_eventos - [DEBUG] - Procesando 0 eventos...
2025-05-19 16:50:07 - gestor_eventos - [DEBUG] - Procesando 0 eventos...
2025-05-19 16:50:07 - gestor_eventos - [DEBUG] - Procesando 1 eventos...
2025-05-19 16:50:07 - gestor_eventos - [DEBUG] -   Evento: KeyUp (<Event(769-KeyUp {'unicode': 'a', 'key': 97, 'mod': 4096, 'scancode': 4, 'window': None})>)
2025-05-19 16:50:07 - gestor_eventos - [DEBUG] - Procesando 0 eventos...
2025-05-19 16:50:07 - gestor_eventos - [DEBUG] - Procesando 1 eventos...
2025-05-19 16:50:07 - gestor_eventos - [DEBUG] -   Evento: KeyUp (<Event(769-KeyUp {'unicode': ' ', 'key': 32, 'mod': 4096, 'scancode': 44, 'window': None})>)
2025-05-19 16:50:07 - gestor_eventos - [DEBUG] - Procesando 2 eventos...
2025-05-19 16:50:07 - gestor_eventos - [DEBUG] -   Evento: KeyDown (<Event(768-KeyDown {'unicode': 'd', 'key': 100, 'mod': 4096, 'scancode': 7, 'window': None})>)
2025-05-19 16:50:07 - gestor_eventos - [DEBUG] - GestorEventos: KEYDOWN d (100)
2025-05-19 16:50:07 - gestor_eventos - [DEBUG] -   Evento: TextInput (<Event(771-TextInput {'text': 'd', 'window': None})>)
2025-05-19 16:50:07 - gestor_eventos - [DEBUG] - Procesando 0 eventos...
2025-05-19 16:50:07 - gestor_eventos - [DEBUG] - Procesando 0 eventos...
2025-05-19 16:50:07 - gestor_eventos - [DEBUG] - Procesando 0 eventos...
2025-05-19 16:50:07 - gestor_eventos - [DEBUG] - Procesando 0 eventos...
2025-05-19 16:50:07 - gestor_eventos - [DEBUG] - Procesando 0 eventos...
2025-05-19 16:50:07 - gestor_eventos - [DEBUG] - Procesando 3 eventos...
2025-05-19 16:50:07 - gestor_eventos - [DEBUG] -   Evento: KeyUp (<Event(769-KeyUp {'unicode': 'w', 'key': 119, 'mod': 4096, 'scancode': 26, 'window': None})>)
2025-05-19 16:50:07 - gestor_eventos - [DEBUG] -   Evento: KeyDown (<Event(768-KeyDown {'unicode': ' ', 'key': 32, 'mod': 4096, 'scancode': 44, 'window': None})>)
2025-05-19 16:50:07 - gestor_eventos - [DEBUG] - GestorEventos: KEYDOWN space (32)
2025-05-19 16:50:07 - gestor_eventos - [DEBUG] - GestorEventos: K_SPACE (Atacar jugador) procesado.
2025-05-19 16:50:07 - gestor_eventos - [DEBUG] -   Evento: TextInput (<Event(771-TextInput {'text': ' ', 'window': None})>)
2025-05-19 16:50:07 - gestor_eventos - [DEBUG] - Procesando 0 eventos...
2025-05-19 16:50:07 - gestor_eventos - [DEBUG] - Procesando 0 eventos...
2025-05-19 16:50:07 - gestor_eventos - [DEBUG] - Procesando 0 eventos...
2025-05-19 16:50:07 - gestor_eventos - [DEBUG] - Procesando 0 eventos...
2025-05-19 16:50:07 - gestor_eventos - [DEBUG] - Procesando 0 eventos...
2025-05-19 16:50:07 - gestor_eventos - [DEBUG] - Procesando 2 eventos...
2025-05-19 16:50:07 - gestor_eventos - [DEBUG] -   Evento: KeyDown (<Event(768-KeyDown {'unicode': 's', 'key': 115, 'mod': 4096, 'scancode': 22, 'window': None})>)
2025-05-19 16:50:07 - gestor_eventos - [DEBUG] - GestorEventos: KEYDOWN s (115)
2025-05-19 16:50:07 - gestor_eventos - [DEBUG] -   Evento: TextInput (<Event(771-TextInput {'text': 's', 'window': None})>)
2025-05-19 16:50:07 - gestor_eventos - [DEBUG] - Procesando 0 eventos...
2025-05-19 16:50:07 - gestor_eventos - [DEBUG] - Procesando 3 eventos...
2025-05-19 16:50:07 - gestor_eventos - [DEBUG] -   Evento: KeyDown (<Event(768-KeyDown {'unicode': 'a', 'key': 97, 'mod': 4096, 'scancode': 4, 'window': None})>)
2025-05-19 16:50:07 - gestor_eventos - [DEBUG] - GestorEventos: KEYDOWN a (97)
2025-05-19 16:50:07 - gestor_eventos - [DEBUG] -   Evento: TextInput (<Event(771-TextInput {'text': 'a', 'window': None})>)
2025-05-19 16:50:07 - gestor_eventos - [DEBUG] -   Evento: KeyUp (<Event(769-KeyUp {'unicode': ' ', 'key': 32, 'mod': 4096, 'scancode': 44, 'window': None})>)
2025-05-19 16:50:08 - gestor_eventos - [DEBUG] - Procesando 0 eventos...
2025-05-19 16:50:08 - gestor_eventos - [DEBUG] - Procesando 0 eventos...
2025-05-19 16:50:08 - gestor_eventos - [DEBUG] - Procesando 0 eventos...
2025-05-19 16:50:08 - gestor_eventos - [DEBUG] - Procesando 0 eventos...
2025-05-19 16:50:08 - gestor_eventos - [DEBUG] - Procesando 1 eventos...
2025-05-19 16:50:08 - gestor_eventos - [DEBUG] -   Evento: KeyUp (<Event(769-KeyUp {'unicode': 'd', 'key': 100, 'mod': 4096, 'scancode': 7, 'window': None})>)
2025-05-19 16:50:08 - gestor_eventos - [DEBUG] - Procesando 0 eventos...
2025-05-19 16:50:08 - gestor_eventos - [DEBUG] - Procesando 0 eventos...
2025-05-19 16:50:08 - gestor_eventos - [DEBUG] - Procesando 0 eventos...
2025-05-19 16:50:08 - gestor_eventos - [DEBUG] - Procesando 0 eventos...
2025-05-19 16:50:08 - gestor_eventos - [DEBUG] - Procesando 0 eventos...
2025-05-19 16:50:08 - gestor_eventos - [DEBUG] - Procesando 0 eventos...
2025-05-19 16:50:08 - gestor_eventos - [DEBUG] - Procesando 0 eventos...
2025-05-19 16:50:08 - gestor_eventos - [DEBUG] - Procesando 0 eventos...
2025-05-19 16:50:08 - gestor_eventos - [DEBUG] - Procesando 0 eventos...
2025-05-19 16:50:08 - gestor_eventos - [DEBUG] - Procesando 0 eventos...
2025-05-19 16:50:08 - gestor_eventos - [DEBUG] - Procesando 0 eventos...
2025-05-19 16:50:08 - gestor_eventos - [DEBUG] - Procesando 1 eventos...
2025-05-19 16:50:08 - gestor_eventos - [DEBUG] -   Evento: KeyUp (<Event(769-KeyUp {'unicode': 's', 'key': 115, 'mod': 4096, 'scancode': 22, 'window': None})>)
2025-05-19 16:50:08 - gestor_eventos - [DEBUG] - Procesando 0 eventos...
2025-05-19 16:50:08 - gestor_eventos - [DEBUG] - Procesando 0 eventos...
2025-05-19 16:50:08 - gestor_eventos - [DEBUG] - Procesando 0 eventos...
2025-05-19 16:50:08 - gestor_eventos - [DEBUG] - Procesando 0 eventos...
2025-05-19 16:50:08 - gestor_eventos - [DEBUG] - Procesando 0 eventos...
2025-05-19 16:50:08 - gestor_eventos - [DEBUG] - Procesando 0 eventos...
2025-05-19 16:50:08 - gestor_eventos - [DEBUG] - Procesando 0 eventos...
2025-05-19 16:50:08 - gestor_eventos - [DEBUG] - Procesando 0 eventos...
2025-05-19 16:50:08 - gestor_eventos - [DEBUG] - Procesando 0 eventos...
2025-05-19 16:50:08 - gestor_eventos - [DEBUG] - Procesando 0 eventos...
2025-05-19 16:50:08 - gestor_eventos - [DEBUG] - Procesando 0 eventos...
2025-05-19 16:50:08 - gestor_eventos - [DEBUG] - Procesando 2 eventos...
2025-05-19 16:50:08 - gestor_eventos - [DEBUG] -   Evento: KeyDown (<Event(768-KeyDown {'unicode': 'w', 'key': 119, 'mod': 4096, 'scancode': 26, 'window': None})>)
2025-05-19 16:50:08 - gestor_eventos - [DEBUG] - GestorEventos: KEYDOWN w (119)
2025-05-19 16:50:08 - gestor_eventos - [DEBUG] -   Evento: TextInput (<Event(771-TextInput {'text': 'w', 'window': None})>)
2025-05-19 16:50:08 - gestor_eventos - [DEBUG] - Procesando 0 eventos...
2025-05-19 16:50:08 - gestor_eventos - [DEBUG] - Procesando 0 eventos...
2025-05-19 16:50:08 - gestor_eventos - [DEBUG] - Procesando 0 eventos...
2025-05-19 16:50:08 - gestor_eventos - [DEBUG] - Procesando 0 eventos...
2025-05-19 16:50:08 - gestor_eventos - [DEBUG] - Procesando 0 eventos...
2025-05-19 16:50:08 - gestor_eventos - [DEBUG] - Procesando 0 eventos...
2025-05-19 16:50:08 - gestor_eventos - [DEBUG] - Procesando 0 eventos...
2025-05-19 16:50:08 - gestor_eventos - [DEBUG] - Procesando 0 eventos...
2025-05-19 16:50:08 - gestor_eventos - [DEBUG] - Procesando 0 eventos...
2025-05-19 16:50:08 - gestor_eventos - [DEBUG] - Procesando 0 eventos...
2025-05-19 16:50:08 - gestor_eventos - [DEBUG] - Procesando 0 eventos...
2025-05-19 16:50:08 - gestor_eventos - [DEBUG] - Procesando 0 eventos...
2025-05-19 16:50:08 - gestor_eventos - [DEBUG] - Procesando 0 eventos...
2025-05-19 16:50:08 - gestor_eventos - [DEBUG] - Procesando 0 eventos...
2025-05-19 16:50:08 - gestor_eventos - [DEBUG] - Procesando 2 eventos...
2025-05-19 16:50:08 - gestor_eventos - [DEBUG] -   Evento: KeyDown (<Event(768-KeyDown {'unicode': ' ', 'key': 32, 'mod': 4096, 'scancode': 44, 'window': None})>)
2025-05-19 16:50:08 - gestor_eventos - [DEBUG] - GestorEventos: KEYDOWN space (32)
2025-05-19 16:50:08 - gestor_eventos - [DEBUG] - GestorEventos: K_SPACE (Atacar jugador) procesado.
2025-05-19 16:50:08 - gestor_eventos - [DEBUG] -   Evento: TextInput (<Event(771-TextInput {'text': ' ', 'window': None})>)
2025-05-19 16:50:08 - gestor_eventos - [DEBUG] - Procesando 0 eventos...
2025-05-19 16:50:08 - gestor_eventos - [DEBUG] - Procesando 1 eventos...
2025-05-19 16:50:08 - gestor_eventos - [DEBUG] -   Evento: KeyUp (<Event(769-KeyUp {'unicode': 'w', 'key': 119, 'mod': 4096, 'scancode': 26, 'window': None})>)
2025-05-19 16:50:08 - gestor_eventos - [DEBUG] - Procesando 0 eventos...
2025-05-19 16:50:08 - gestor_eventos - [DEBUG] - Procesando 1 eventos...
2025-05-19 16:50:08 - gestor_eventos - [DEBUG] -   Evento: MouseMotion (<Event(1024-MouseMotion {'pos': (497, 270), 'rel': (0, -1), 'buttons': (0, 0, 0), 'touch': False, 'window': None})>)
2025-05-19 16:50:08 - gestor_eventos - [DEBUG] - Procesando 1 eventos...
2025-05-19 16:50:08 - gestor_eventos - [DEBUG] -   Evento: MouseMotion (<Event(1024-MouseMotion {'pos': (498, 270), 'rel': (1, 0), 'buttons': (0, 0, 0), 'touch': False, 'window': None})>)
2025-05-19 16:50:08 - gestor_eventos - [DEBUG] - Procesando 2 eventos...
2025-05-19 16:50:08 - gestor_eventos - [DEBUG] -   Evento: KeyDown (<Event(768-KeyDown {'unicode': 'd', 'key': 100, 'mod': 4096, 'scancode': 7, 'window': None})>)
2025-05-19 16:50:08 - gestor_eventos - [DEBUG] - GestorEventos: KEYDOWN d (100)
2025-05-19 16:50:08 - gestor_eventos - [DEBUG] -   Evento: TextInput (<Event(771-TextInput {'text': 'd', 'window': None})>)
2025-05-19 16:50:08 - gestor_eventos - [DEBUG] - Procesando 0 eventos...
2025-05-19 16:50:08 - gestor_eventos - [DEBUG] - Procesando 1 eventos...
2025-05-19 16:50:08 - gestor_eventos - [DEBUG] -   Evento: MouseMotion (<Event(1024-MouseMotion {'pos': (499, 270), 'rel': (1, 0), 'buttons': (0, 0, 0), 'touch': False, 'window': None})>)
2025-05-19 16:50:08 - gestor_eventos - [DEBUG] - Procesando 1 eventos...
2025-05-19 16:50:08 - gestor_eventos - [DEBUG] -   Evento: KeyUp (<Event(769-KeyUp {'unicode': ' ', 'key': 32, 'mod': 4096, 'scancode': 44, 'window': None})>)
2025-05-19 16:50:08 - gestor_eventos - [DEBUG] - Procesando 1 eventos...
2025-05-19 16:50:08 - gestor_eventos - [DEBUG] -   Evento: MouseMotion (<Event(1024-MouseMotion {'pos': (498, 270), 'rel': (-1, 0), 'buttons': (0, 0, 0), 'touch': False, 'window': None})>)
2025-05-19 16:50:08 - gestor_eventos - [DEBUG] - Procesando 1 eventos...
2025-05-19 16:50:08 - gestor_eventos - [DEBUG] -   Evento: MouseMotion (<Event(1024-MouseMotion {'pos': (497, 270), 'rel': (-1, 0), 'buttons': (0, 0, 0), 'touch': False, 'window': None})>)
2025-05-19 16:50:08 - gestor_eventos - [DEBUG] - Procesando 1 eventos...
2025-05-19 16:50:08 - gestor_eventos - [DEBUG] -   Evento: MouseMotion (<Event(1024-MouseMotion {'pos': (497, 269), 'rel': (0, -1), 'buttons': (0, 0, 0), 'touch': False, 'window': None})>)
2025-05-19 16:50:08 - gestor_eventos - [DEBUG] - Procesando 3 eventos...
2025-05-19 16:50:08 - gestor_eventos - [DEBUG] -   Evento: MouseMotion (<Event(1024-MouseMotion {'pos': (496, 269), 'rel': (-1, 0), 'buttons': (0, 0, 0), 'touch': False, 'window': None})>)
2025-05-19 16:50:08 - gestor_eventos - [DEBUG] -   Evento: KeyUp (<Event(769-KeyUp {'unicode': 'd', 'key': 100, 'mod': 4096, 'scancode': 7, 'window': None})>)
2025-05-19 16:50:08 - gestor_eventos - [DEBUG] -   Evento: MouseMotion (<Event(1024-MouseMotion {'pos': (494, 269), 'rel': (-2, 0), 'buttons': (0, 0, 0), 'touch': False, 'window': None})>)
2025-05-19 16:50:08 - gestor_eventos - [DEBUG] - Procesando 1 eventos...
2025-05-19 16:50:08 - gestor_eventos - [DEBUG] -   Evento: MouseMotion (<Event(1024-MouseMotion {'pos': (494, 270), 'rel': (0, 1), 'buttons': (0, 0, 0), 'touch': False, 'window': None})>)
2025-05-19 16:50:08 - gestor_eventos - [DEBUG] - Procesando 1 eventos...
2025-05-19 16:50:08 - gestor_eventos - [DEBUG] -   Evento: MouseMotion (<Event(1024-MouseMotion {'pos': (493, 271), 'rel': (-1, 1), 'buttons': (0, 0, 0), 'touch': False, 'window': None})>)
2025-05-19 16:50:08 - gestor_eventos - [DEBUG] - Procesando 1 eventos...
2025-05-19 16:50:08 - gestor_eventos - [DEBUG] -   Evento: MouseMotion (<Event(1024-MouseMotion {'pos': (493, 273), 'rel': (0, 2), 'buttons': (0, 0, 0), 'touch': False, 'window': None})>)
2025-05-19 16:50:09 - gestor_eventos - [DEBUG] - Procesando 1 eventos...
2025-05-19 16:50:09 - gestor_eventos - [DEBUG] -   Evento: MouseMotion (<Event(1024-MouseMotion {'pos': (493, 275), 'rel': (0, 2), 'buttons': (0, 0, 0), 'touch': False, 'window': None})>)
2025-05-19 16:50:09 - gestor_eventos - [DEBUG] - Procesando 0 eventos...
2025-05-19 16:50:09 - gestor_eventos - [DEBUG] - Procesando 0 eventos...
2025-05-19 16:50:09 - gestor_eventos - [DEBUG] - Procesando 2 eventos...
2025-05-19 16:50:09 - gestor_eventos - [DEBUG] -   Evento: KeyDown (<Event(768-KeyDown {'unicode': ' ', 'key': 32, 'mod': 4096, 'scancode': 44, 'window': None})>)
2025-05-19 16:50:09 - gestor_eventos - [DEBUG] - GestorEventos: KEYDOWN space (32)
2025-05-19 16:50:09 - gestor_eventos - [DEBUG] - GestorEventos: K_SPACE (Atacar jugador) procesado.
2025-05-19 16:50:09 - gestor_eventos - [DEBUG] -   Evento: TextInput (<Event(771-TextInput {'text': ' ', 'window': None})>)
2025-05-19 16:50:09 - gestor_eventos - [DEBUG] - Procesando 0 eventos...
2025-05-19 16:50:09 - gestor_eventos - [DEBUG] - Procesando 2 eventos...
2025-05-19 16:50:09 - gestor_eventos - [DEBUG] -   Evento: KeyDown (<Event(768-KeyDown {'unicode': 's', 'key': 115, 'mod': 4096, 'scancode': 22, 'window': None})>)
2025-05-19 16:50:09 - gestor_eventos - [DEBUG] - GestorEventos: KEYDOWN s (115)
2025-05-19 16:50:09 - gestor_eventos - [DEBUG] -   Evento: TextInput (<Event(771-TextInput {'text': 's', 'window': None})>)
2025-05-19 16:50:09 - gestor_eventos - [DEBUG] - Procesando 0 eventos...
2025-05-19 16:50:09 - gestor_eventos - [DEBUG] - Procesando 0 eventos...
2025-05-19 16:50:09 - gestor_eventos - [DEBUG] - Procesando 0 eventos...
2025-05-19 16:50:09 - gestor_eventos - [DEBUG] - Procesando 1 eventos...
2025-05-19 16:50:09 - gestor_eventos - [DEBUG] -   Evento: KeyUp (<Event(769-KeyUp {'unicode': ' ', 'key': 32, 'mod': 4096, 'scancode': 44, 'window': None})>)
2025-05-19 16:50:09 - gestor_eventos - [DEBUG] - Procesando 0 eventos...
2025-05-19 16:50:09 - gestor_eventos - [DEBUG] - Procesando 0 eventos...
2025-05-19 16:50:09 - gestor_eventos - [DEBUG] - Procesando 0 eventos...
2025-05-19 16:50:09 - gestor_eventos - [DEBUG] - Procesando 0 eventos...
2025-05-19 16:50:09 - gestor_eventos - [DEBUG] - Procesando 2 eventos...
2025-05-19 16:50:09 - gestor_eventos - [DEBUG] -   Evento: KeyDown (<Event(768-KeyDown {'unicode': ' ', 'key': 32, 'mod': 4096, 'scancode': 44, 'window': None})>)
2025-05-19 16:50:09 - gestor_eventos - [DEBUG] - GestorEventos: KEYDOWN space (32)
2025-05-19 16:50:09 - gestor_eventos - [DEBUG] - GestorEventos: K_SPACE (Atacar jugador) procesado.
2025-05-19 16:50:09 - gestor_eventos - [DEBUG] -   Evento: TextInput (<Event(771-TextInput {'text': ' ', 'window': None})>)
2025-05-19 16:50:09 - gestor_eventos - [DEBUG] - Procesando 0 eventos...
2025-05-19 16:50:09 - gestor_eventos - [DEBUG] - Procesando 1 eventos...
2025-05-19 16:50:09 - gestor_eventos - [DEBUG] -   Evento: KeyUp (<Event(769-KeyUp {'unicode': 's', 'key': 115, 'mod': 4096, 'scancode': 22, 'window': None})>)
2025-05-19 16:50:09 - gestor_eventos - [DEBUG] - Procesando 1 eventos...
2025-05-19 16:50:09 - gestor_eventos - [DEBUG] -   Evento: KeyUp (<Event(769-KeyUp {'unicode': 'a', 'key': 97, 'mod': 4096, 'scancode': 4, 'window': None})>)
2025-05-19 16:50:09 - gestor_eventos - [DEBUG] - Procesando 0 eventos...
2025-05-19 16:50:09 - gestor_eventos - [DEBUG] - Procesando 0 eventos...
2025-05-19 16:50:09 - gestor_eventos - [DEBUG] - Procesando 1 eventos...
2025-05-19 16:50:09 - gestor_eventos - [DEBUG] -   Evento: KeyUp (<Event(769-KeyUp {'unicode': ' ', 'key': 32, 'mod': 4096, 'scancode': 44, 'window': None})>)
2025-05-19 16:50:09 - gestor_eventos - [DEBUG] - Procesando 0 eventos...
2025-05-19 16:50:09 - gestor_eventos - [DEBUG] - Procesando 0 eventos...
2025-05-19 16:50:09 - gestor_eventos - [DEBUG] - Procesando 0 eventos...
2025-05-19 16:50:09 - gestor_eventos - [DEBUG] - Procesando 0 eventos...
2025-05-19 16:50:09 - gestor_eventos - [DEBUG] - Procesando 0 eventos...
2025-05-19 16:50:09 - gestor_eventos - [DEBUG] - Procesando 1 eventos...
2025-05-19 16:50:09 - gestor_eventos - [DEBUG] -   Evento: KeyDown (<Event(768-KeyDown {'unicode': '\x1b', 'key': 27, 'mod': 4096, 'scancode': 41, 'window': None})>)
2025-05-19 16:50:09 - gestor_eventos - [DEBUG] - GestorEventos: KEYDOWN escape (27)
2025-05-19 16:50:09 - gestor_eventos - [INFO] - GestorEventos: Solicitud de SALIR recibida (ESCAPE).
