2025-05-19 17:14:33 - enemigo - [DEBUG] - [Enemigo_1] Hitbox recentrado (enemigo): (616, 213) (Rect center: (616, 213))
2025-05-19 17:14:33 - enemigo - [DEBUG] - [Enemigo_1] Atributos IA: Agro:200, DMinAlJugador:22, DanoAtaque:1
2025-05-19 17:14:33 - enemigo - [DEBUG] - [Enemigo_2] Hitbox recentrado (enemigo): (416, 513) (Rect center: (416, 513))
2025-05-19 17:14:33 - enemigo - [DEBUG] - [Enemigo_2] Atributos IA: Agro:200, DMinAlJugador:22, DanoAtaque:1
2025-05-19 17:14:33 - enemigo - [DEBUG] - [Enemigo_1] --- Inicio Update IA --- Delta: 0.0170s. Pos ANTES: HB (603, 203), Rect (600, 200), Flot (603.00, 203.00)
2025-05-19 17:14:33 - enemigo - [DEBUG] - [Enemigo_1] Target (centro (416, 317)), Dist: 225.42. Mi Centro HB: (616, 213)
2025-05-19 17:14:33 - enemigo - [DEBUG] - [Enemigo_1] FUERA DE RANGO AGRO/DEMASIADO CERCA. No se calcula mov.
2025-05-19 17:14:33 - enemigo - [DEBUG] - [Enemigo_1] Pos flotante (post-IA y delta): (603.0000, 203.0000)
2025-05-19 17:14:33 - enemigo - [DEBUG] - [Enemigo_1] Sin mov. entero para CH. HB: (603, 203), PosFlotante re-sincronizada a (603.00,203.00)
2025-05-19 17:14:33 - enemigo - [DEBUG] - [Enemigo_2] --- Inicio Update IA --- Delta: 0.0170s. Pos ANTES: HB (403, 503), Rect (400, 500), Flot (403.00, 503.00)
2025-05-19 17:14:33 - enemigo - [DEBUG] - [Enemigo_2] Target (centro (416, 317)), Dist: 196.00. Mi Centro HB: (416, 513)
2025-05-19 17:14:33 - enemigo - [DEBUG] - [Enemigo_2] EN RANGO AGRO. Input IA (vel): (0.00, -70.00)
2025-05-19 17:14:33 - enemigo - [DEBUG] - [Enemigo_2] Pos flotante (post-IA y delta): (403.0000, 501.8100)
2025-05-19 17:14:33 - enemigo - [DEBUG] - [Enemigo_2] Solicita movimiento a CH (deltas enteros): dx_int=0, dy_int=-2. HB Actual: (403, 503) (Flotantes totales: dx=0.0000, dy=-1.1900)
2025-05-19 17:14:33 - enemigo - [DEBUG] - [Enemigo_2] Inicia _mover_y_colisionar_con_obstaculos. dx_int=0, dy_int=-2. HB Actual: (403, 503)
2025-05-19 17:14:33 - enemigo - [DEBUG] - [Enemigo_2] Hitbox recentrado (enemigo): (416, 511) (Rect center: (416, 511))
2025-05-19 17:14:33 - enemigo - [DEBUG] - [Enemigo_2] _mover_y_colisionar: HB Antes CH: (403,503), HB Despues CH y Sinc: (403,501), Rect: (400, 498), PosFlotante: (403.00,501.00)
2025-05-19 17:14:33 - enemigo - [DEBUG] - [Enemigo_2] Posición DESPUÉS de mov/col: HB (403, 501), Rect (400, 498), Flot (403.00, 501.00)
2025-05-19 17:14:33 - enemigo - [DEBUG] - [Enemigo_1] --- Inicio Update IA --- Delta: 0.0180s. Pos ANTES: HB (603, 203), Rect (600, 200), Flot (603.00, 203.00)
2025-05-19 17:14:33 - enemigo - [DEBUG] - [Enemigo_2] --- Inicio Update IA --- Delta: 0.0180s. Pos ANTES: HB (403, 501), Rect (400, 498), Flot (403.00, 501.00)
2025-05-19 17:14:33 - enemigo - [DEBUG] - [Enemigo_2] Target (centro (416, 317)), Dist: 194.00. Mi Centro HB: (416, 511)
2025-05-19 17:14:33 - enemigo - [DEBUG] - [Enemigo_2] Pos flotante (post-IA y delta): (403.0000, 499.7400)
2025-05-19 17:14:33 - enemigo - [DEBUG] - [Enemigo_2] Solicita movimiento a CH (deltas enteros): dx_int=0, dy_int=-2. HB Actual: (403, 501) (Flotantes totales: dx=0.0000, dy=-1.2600)
2025-05-19 17:14:33 - enemigo - [DEBUG] - [Enemigo_2] Inicia _mover_y_colisionar_con_obstaculos. dx_int=0, dy_int=-2. HB Actual: (403, 501)
2025-05-19 17:14:33 - enemigo - [DEBUG] - [Enemigo_2] Hitbox recentrado (enemigo): (416, 509) (Rect center: (416, 509))
2025-05-19 17:14:33 - enemigo - [DEBUG] - [Enemigo_2] _mover_y_colisionar: HB Antes CH: (403,501), HB Despues CH y Sinc: (403,499), Rect: (400, 496), PosFlotante: (403.00,499.00)
2025-05-19 17:14:33 - enemigo - [DEBUG] - [Enemigo_2] Posición DESPUÉS de mov/col: HB (403, 499), Rect (400, 496), Flot (403.00, 499.00)
2025-05-19 17:14:33 - enemigo - [DEBUG] - [Enemigo_2] --- Inicio Update IA --- Delta: 0.0170s. Pos ANTES: HB (403, 499), Rect (400, 496), Flot (403.00, 499.00)
2025-05-19 17:14:33 - enemigo - [DEBUG] - [Enemigo_2] Target (centro (416, 317)), Dist: 192.00. Mi Centro HB: (416, 509)
2025-05-19 17:14:33 - enemigo - [DEBUG] - [Enemigo_2] Pos flotante (post-IA y delta): (403.0000, 497.8100)
2025-05-19 17:14:33 - enemigo - [DEBUG] - [Enemigo_2] Solicita movimiento a CH (deltas enteros): dx_int=0, dy_int=-2. HB Actual: (403, 499) (Flotantes totales: dx=0.0000, dy=-1.1900)
2025-05-19 17:14:33 - enemigo - [DEBUG] - [Enemigo_2] Inicia _mover_y_colisionar_con_obstaculos. dx_int=0, dy_int=-2. HB Actual: (403, 499)
2025-05-19 17:14:33 - enemigo - [DEBUG] - [Enemigo_2] Hitbox recentrado (enemigo): (416, 507) (Rect center: (416, 507))
2025-05-19 17:14:33 - enemigo - [DEBUG] - [Enemigo_2] _mover_y_colisionar: HB Antes CH: (403,499), HB Despues CH y Sinc: (403,497), Rect: (400, 494), PosFlotante: (403.00,497.00)
2025-05-19 17:14:33 - enemigo - [DEBUG] - [Enemigo_2] Posición DESPUÉS de mov/col: HB (403, 497), Rect (400, 494), Flot (403.00, 497.00)
2025-05-19 17:14:33 - enemigo - [DEBUG] - [Enemigo_2] --- Inicio Update IA --- Delta: 0.0170s. Pos ANTES: HB (403, 497), Rect (400, 494), Flot (403.00, 497.00)
2025-05-19 17:14:33 - enemigo - [DEBUG] - [Enemigo_2] Target (centro (416, 317)), Dist: 190.00. Mi Centro HB: (416, 507)
2025-05-19 17:14:33 - enemigo - [DEBUG] - [Enemigo_2] Pos flotante (post-IA y delta): (403.0000, 495.8100)
2025-05-19 17:14:33 - enemigo - [DEBUG] - [Enemigo_2] Solicita movimiento a CH (deltas enteros): dx_int=0, dy_int=-2. HB Actual: (403, 497) (Flotantes totales: dx=0.0000, dy=-1.1900)
2025-05-19 17:14:33 - enemigo - [DEBUG] - [Enemigo_2] Inicia _mover_y_colisionar_con_obstaculos. dx_int=0, dy_int=-2. HB Actual: (403, 497)
2025-05-19 17:14:33 - enemigo - [DEBUG] - [Enemigo_2] Hitbox recentrado (enemigo): (416, 505) (Rect center: (416, 505))
2025-05-19 17:14:33 - enemigo - [DEBUG] - [Enemigo_2] _mover_y_colisionar: HB Antes CH: (403,497), HB Despues CH y Sinc: (403,495), Rect: (400, 492), PosFlotante: (403.00,495.00)
2025-05-19 17:14:33 - enemigo - [DEBUG] - [Enemigo_2] Posición DESPUÉS de mov/col: HB (403, 495), Rect (400, 492), Flot (403.00, 495.00)
2025-05-19 17:14:33 - enemigo - [DEBUG] - [Enemigo_1] --- Inicio Update IA --- Delta: 0.0160s. Pos ANTES: HB (603, 203), Rect (600, 200), Flot (603.00, 203.00)
2025-05-19 17:14:33 - enemigo - [DEBUG] - [Enemigo_1] Target (centro (416, 317)), Dist: 225.42. Mi Centro HB: (616, 213)
2025-05-19 17:14:33 - enemigo - [DEBUG] - [Enemigo_1] FUERA DE RANGO AGRO/DEMASIADO CERCA. No se calcula mov.
2025-05-19 17:14:33 - enemigo - [DEBUG] - [Enemigo_1] Pos flotante (post-IA y delta): (603.0000, 203.0000)
2025-05-19 17:14:33 - enemigo - [DEBUG] - [Enemigo_1] Sin mov. entero para CH. HB: (603, 203), PosFlotante re-sincronizada a (603.00,203.00)
2025-05-19 17:14:33 - enemigo - [DEBUG] - [Enemigo_2] --- Inicio Update IA --- Delta: 0.0160s. Pos ANTES: HB (403, 495), Rect (400, 492), Flot (403.00, 495.00)
2025-05-19 17:14:33 - enemigo - [DEBUG] - [Enemigo_2] Target (centro (416, 317)), Dist: 188.00. Mi Centro HB: (416, 505)
2025-05-19 17:14:33 - enemigo - [DEBUG] - [Enemigo_2] EN RANGO AGRO. Input IA (vel): (0.00, -70.00)
2025-05-19 17:14:33 - enemigo - [DEBUG] - [Enemigo_2] Pos flotante (post-IA y delta): (403.0000, 493.8800)
2025-05-19 17:14:33 - enemigo - [DEBUG] - [Enemigo_2] Solicita movimiento a CH (deltas enteros): dx_int=0, dy_int=-2. HB Actual: (403, 495) (Flotantes totales: dx=0.0000, dy=-1.1200)
2025-05-19 17:14:33 - enemigo - [DEBUG] - [Enemigo_2] Inicia _mover_y_colisionar_con_obstaculos. dx_int=0, dy_int=-2. HB Actual: (403, 495)
2025-05-19 17:14:33 - enemigo - [DEBUG] - [Enemigo_2] Hitbox recentrado (enemigo): (416, 503) (Rect center: (416, 503))
2025-05-19 17:14:33 - enemigo - [DEBUG] - [Enemigo_2] _mover_y_colisionar: HB Antes CH: (403,495), HB Despues CH y Sinc: (403,493), Rect: (400, 490), PosFlotante: (403.00,493.00)
2025-05-19 17:14:33 - enemigo - [DEBUG] - [Enemigo_2] Posición DESPUÉS de mov/col: HB (403, 493), Rect (400, 490), Flot (403.00, 493.00)
2025-05-19 17:14:33 - enemigo - [DEBUG] - [Enemigo_1] --- Inicio Update IA --- Delta: 0.0170s. Pos ANTES: HB (603, 203), Rect (600, 200), Flot (603.00, 203.00)
2025-05-19 17:14:33 - enemigo - [DEBUG] - [Enemigo_2] --- Inicio Update IA --- Delta: 0.0170s. Pos ANTES: HB (403, 493), Rect (400, 490), Flot (403.00, 493.00)
2025-05-19 17:14:33 - enemigo - [DEBUG] - [Enemigo_2] Target (centro (416, 317)), Dist: 186.00. Mi Centro HB: (416, 503)
2025-05-19 17:14:33 - enemigo - [DEBUG] - [Enemigo_2] Pos flotante (post-IA y delta): (403.0000, 491.8100)
2025-05-19 17:14:33 - enemigo - [DEBUG] - [Enemigo_2] Solicita movimiento a CH (deltas enteros): dx_int=0, dy_int=-2. HB Actual: (403, 493) (Flotantes totales: dx=0.0000, dy=-1.1900)
2025-05-19 17:14:33 - enemigo - [DEBUG] - [Enemigo_2] Inicia _mover_y_colisionar_con_obstaculos. dx_int=0, dy_int=-2. HB Actual: (403, 493)
2025-05-19 17:14:33 - enemigo - [DEBUG] - [Enemigo_2] Hitbox recentrado (enemigo): (416, 501) (Rect center: (416, 501))
2025-05-19 17:14:33 - enemigo - [DEBUG] - [Enemigo_2] _mover_y_colisionar: HB Antes CH: (403,493), HB Despues CH y Sinc: (403,491), Rect: (400, 488), PosFlotante: (403.00,491.00)
2025-05-19 17:14:33 - enemigo - [DEBUG] - [Enemigo_2] Posición DESPUÉS de mov/col: HB (403, 491), Rect (400, 488), Flot (403.00, 491.00)
2025-05-19 17:14:33 - enemigo - [DEBUG] - [Enemigo_2] --- Inicio Update IA --- Delta: 0.0160s. Pos ANTES: HB (403, 491), Rect (400, 488), Flot (403.00, 491.00)
2025-05-19 17:14:33 - enemigo - [DEBUG] - [Enemigo_2] Target (centro (416, 317)), Dist: 184.00. Mi Centro HB: (416, 501)
2025-05-19 17:14:33 - enemigo - [DEBUG] - [Enemigo_2] Pos flotante (post-IA y delta): (403.0000, 489.8800)
2025-05-19 17:14:33 - enemigo - [DEBUG] - [Enemigo_2] Solicita movimiento a CH (deltas enteros): dx_int=0, dy_int=-2. HB Actual: (403, 491) (Flotantes totales: dx=0.0000, dy=-1.1200)
2025-05-19 17:14:33 - enemigo - [DEBUG] - [Enemigo_2] Inicia _mover_y_colisionar_con_obstaculos. dx_int=0, dy_int=-2. HB Actual: (403, 491)
2025-05-19 17:14:33 - enemigo - [DEBUG] - [Enemigo_2] Hitbox recentrado (enemigo): (416, 499) (Rect center: (416, 499))
2025-05-19 17:14:33 - enemigo - [DEBUG] - [Enemigo_2] _mover_y_colisionar: HB Antes CH: (403,491), HB Despues CH y Sinc: (403,489), Rect: (400, 486), PosFlotante: (403.00,489.00)
2025-05-19 17:14:33 - enemigo - [DEBUG] - [Enemigo_2] Posición DESPUÉS de mov/col: HB (403, 489), Rect (400, 486), Flot (403.00, 489.00)
2025-05-19 17:14:33 - enemigo - [DEBUG] - [Enemigo_2] --- Inicio Update IA --- Delta: 0.0160s. Pos ANTES: HB (403, 489), Rect (400, 486), Flot (403.00, 489.00)
2025-05-19 17:14:33 - enemigo - [DEBUG] - [Enemigo_2] Target (centro (416, 317)), Dist: 182.00. Mi Centro HB: (416, 499)
2025-05-19 17:14:33 - enemigo - [DEBUG] - [Enemigo_2] Pos flotante (post-IA y delta): (403.0000, 487.8800)
2025-05-19 17:14:33 - enemigo - [DEBUG] - [Enemigo_2] Solicita movimiento a CH (deltas enteros): dx_int=0, dy_int=-2. HB Actual: (403, 489) (Flotantes totales: dx=0.0000, dy=-1.1200)
2025-05-19 17:14:33 - enemigo - [DEBUG] - [Enemigo_2] Inicia _mover_y_colisionar_con_obstaculos. dx_int=0, dy_int=-2. HB Actual: (403, 489)
2025-05-19 17:14:33 - enemigo - [DEBUG] - [Enemigo_2] Hitbox recentrado (enemigo): (416, 497) (Rect center: (416, 497))
2025-05-19 17:14:33 - enemigo - [DEBUG] - [Enemigo_2] _mover_y_colisionar: HB Antes CH: (403,489), HB Despues CH y Sinc: (403,487), Rect: (400, 484), PosFlotante: (403.00,487.00)
2025-05-19 17:14:33 - enemigo - [DEBUG] - [Enemigo_2] Posición DESPUÉS de mov/col: HB (403, 487), Rect (400, 484), Flot (403.00, 487.00)
2025-05-19 17:14:33 - enemigo - [DEBUG] - [Enemigo_1] --- Inicio Update IA --- Delta: 0.0160s. Pos ANTES: HB (603, 203), Rect (600, 200), Flot (603.00, 203.00)
2025-05-19 17:14:33 - enemigo - [DEBUG] - [Enemigo_1] Target (centro (416, 317)), Dist: 225.42. Mi Centro HB: (616, 213)
2025-05-19 17:14:33 - enemigo - [DEBUG] - [Enemigo_1] FUERA DE RANGO AGRO/DEMASIADO CERCA. No se calcula mov.
2025-05-19 17:14:33 - enemigo - [DEBUG] - [Enemigo_1] Pos flotante (post-IA y delta): (603.0000, 203.0000)
2025-05-19 17:14:33 - enemigo - [DEBUG] - [Enemigo_1] Sin mov. entero para CH. HB: (603, 203), PosFlotante re-sincronizada a (603.00,203.00)
2025-05-19 17:14:33 - enemigo - [DEBUG] - [Enemigo_2] --- Inicio Update IA --- Delta: 0.0160s. Pos ANTES: HB (403, 487), Rect (400, 484), Flot (403.00, 487.00)
2025-05-19 17:14:33 - enemigo - [DEBUG] - [Enemigo_2] Target (centro (416, 317)), Dist: 180.00. Mi Centro HB: (416, 497)
2025-05-19 17:14:33 - enemigo - [DEBUG] - [Enemigo_2] EN RANGO AGRO. Input IA (vel): (0.00, -70.00)
2025-05-19 17:14:33 - enemigo - [DEBUG] - [Enemigo_2] Pos flotante (post-IA y delta): (403.0000, 485.8800)
2025-05-19 17:14:33 - enemigo - [DEBUG] - [Enemigo_2] Solicita movimiento a CH (deltas enteros): dx_int=0, dy_int=-2. HB Actual: (403, 487) (Flotantes totales: dx=0.0000, dy=-1.1200)
2025-05-19 17:14:33 - enemigo - [DEBUG] - [Enemigo_2] Inicia _mover_y_colisionar_con_obstaculos. dx_int=0, dy_int=-2. HB Actual: (403, 487)
2025-05-19 17:14:33 - enemigo - [DEBUG] - [Enemigo_2] Hitbox recentrado (enemigo): (416, 495) (Rect center: (416, 495))
2025-05-19 17:14:33 - enemigo - [DEBUG] - [Enemigo_2] _mover_y_colisionar: HB Antes CH: (403,487), HB Despues CH y Sinc: (403,485), Rect: (400, 482), PosFlotante: (403.00,485.00)
2025-05-19 17:14:33 - enemigo - [DEBUG] - [Enemigo_2] Posición DESPUÉS de mov/col: HB (403, 485), Rect (400, 482), Flot (403.00, 485.00)
2025-05-19 17:14:33 - enemigo - [DEBUG] - [Enemigo_1] --- Inicio Update IA --- Delta: 0.0170s. Pos ANTES: HB (603, 203), Rect (600, 200), Flot (603.00, 203.00)
2025-05-19 17:14:33 - enemigo - [DEBUG] - [Enemigo_2] --- Inicio Update IA --- Delta: 0.0170s. Pos ANTES: HB (403, 485), Rect (400, 482), Flot (403.00, 485.00)
2025-05-19 17:14:33 - enemigo - [DEBUG] - [Enemigo_2] Target (centro (416, 317)), Dist: 178.00. Mi Centro HB: (416, 495)
2025-05-19 17:14:33 - enemigo - [DEBUG] - [Enemigo_2] Pos flotante (post-IA y delta): (403.0000, 483.8100)
2025-05-19 17:14:33 - enemigo - [DEBUG] - [Enemigo_2] Solicita movimiento a CH (deltas enteros): dx_int=0, dy_int=-2. HB Actual: (403, 485) (Flotantes totales: dx=0.0000, dy=-1.1900)
2025-05-19 17:14:33 - enemigo - [DEBUG] - [Enemigo_2] Inicia _mover_y_colisionar_con_obstaculos. dx_int=0, dy_int=-2. HB Actual: (403, 485)
2025-05-19 17:14:33 - enemigo - [DEBUG] - [Enemigo_2] Hitbox recentrado (enemigo): (416, 493) (Rect center: (416, 493))
2025-05-19 17:14:33 - enemigo - [DEBUG] - [Enemigo_2] _mover_y_colisionar: HB Antes CH: (403,485), HB Despues CH y Sinc: (403,483), Rect: (400, 480), PosFlotante: (403.00,483.00)
2025-05-19 17:14:33 - enemigo - [DEBUG] - [Enemigo_2] Posición DESPUÉS de mov/col: HB (403, 483), Rect (400, 480), Flot (403.00, 483.00)
2025-05-19 17:14:33 - enemigo - [DEBUG] - [Enemigo_2] --- Inicio Update IA --- Delta: 0.0170s. Pos ANTES: HB (403, 483), Rect (400, 480), Flot (403.00, 483.00)
2025-05-19 17:14:33 - enemigo - [DEBUG] - [Enemigo_2] Target (centro (416, 317)), Dist: 176.00. Mi Centro HB: (416, 493)
2025-05-19 17:14:33 - enemigo - [DEBUG] - [Enemigo_2] Pos flotante (post-IA y delta): (403.0000, 481.8100)
2025-05-19 17:14:33 - enemigo - [DEBUG] - [Enemigo_2] Solicita movimiento a CH (deltas enteros): dx_int=0, dy_int=-2. HB Actual: (403, 483) (Flotantes totales: dx=0.0000, dy=-1.1900)
2025-05-19 17:14:33 - enemigo - [DEBUG] - [Enemigo_2] Inicia _mover_y_colisionar_con_obstaculos. dx_int=0, dy_int=-2. HB Actual: (403, 483)
2025-05-19 17:14:33 - enemigo - [DEBUG] - [Enemigo_2] Hitbox recentrado (enemigo): (416, 491) (Rect center: (416, 491))
2025-05-19 17:14:33 - enemigo - [DEBUG] - [Enemigo_2] _mover_y_colisionar: HB Antes CH: (403,483), HB Despues CH y Sinc: (403,481), Rect: (400, 478), PosFlotante: (403.00,481.00)
2025-05-19 17:14:33 - enemigo - [DEBUG] - [Enemigo_2] Posición DESPUÉS de mov/col: HB (403, 481), Rect (400, 478), Flot (403.00, 481.00)
2025-05-19 17:14:33 - enemigo - [DEBUG] - [Enemigo_1] Target (centro (416, 317)), Dist: 225.42. Mi Centro HB: (616, 213)
2025-05-19 17:14:33 - enemigo - [DEBUG] - [Enemigo_1] FUERA DE RANGO AGRO/DEMASIADO CERCA. No se calcula mov.
2025-05-19 17:14:33 - enemigo - [DEBUG] - [Enemigo_1] Pos flotante (post-IA y delta): (603.0000, 203.0000)
2025-05-19 17:14:33 - enemigo - [DEBUG] - [Enemigo_1] Sin mov. entero para CH. HB: (603, 203), PosFlotante re-sincronizada a (603.00,203.00)
2025-05-19 17:14:33 - enemigo - [DEBUG] - [Enemigo_2] --- Inicio Update IA --- Delta: 0.0170s. Pos ANTES: HB (403, 481), Rect (400, 478), Flot (403.00, 481.00)
2025-05-19 17:14:33 - enemigo - [DEBUG] - [Enemigo_2] Target (centro (416, 317)), Dist: 174.00. Mi Centro HB: (416, 491)
2025-05-19 17:14:33 - enemigo - [DEBUG] - [Enemigo_2] EN RANGO AGRO. Input IA (vel): (0.00, -70.00)
2025-05-19 17:14:33 - enemigo - [DEBUG] - [Enemigo_2] Pos flotante (post-IA y delta): (403.0000, 479.8100)
2025-05-19 17:14:33 - enemigo - [DEBUG] - [Enemigo_2] Solicita movimiento a CH (deltas enteros): dx_int=0, dy_int=-2. HB Actual: (403, 481) (Flotantes totales: dx=0.0000, dy=-1.1900)
2025-05-19 17:14:33 - enemigo - [DEBUG] - [Enemigo_2] Inicia _mover_y_colisionar_con_obstaculos. dx_int=0, dy_int=-2. HB Actual: (403, 481)
2025-05-19 17:14:33 - enemigo - [DEBUG] - [Enemigo_2] Hitbox recentrado (enemigo): (416, 489) (Rect center: (416, 489))
2025-05-19 17:14:33 - enemigo - [DEBUG] - [Enemigo_2] _mover_y_colisionar: HB Antes CH: (403,481), HB Despues CH y Sinc: (403,479), Rect: (400, 476), PosFlotante: (403.00,479.00)
2025-05-19 17:14:33 - enemigo - [DEBUG] - [Enemigo_2] Posición DESPUÉS de mov/col: HB (403, 479), Rect (400, 476), Flot (403.00, 479.00)
2025-05-19 17:14:33 - enemigo - [DEBUG] - [Enemigo_1] --- Inicio Update IA --- Delta: 0.0170s. Pos ANTES: HB (603, 203), Rect (600, 200), Flot (603.00, 203.00)
2025-05-19 17:14:33 - enemigo - [DEBUG] - [Enemigo_2] --- Inicio Update IA --- Delta: 0.0170s. Pos ANTES: HB (403, 479), Rect (400, 476), Flot (403.00, 479.00)
2025-05-19 17:14:33 - enemigo - [DEBUG] - [Enemigo_2] Target (centro (416, 317)), Dist: 172.00. Mi Centro HB: (416, 489)
2025-05-19 17:14:33 - enemigo - [DEBUG] - [Enemigo_2] Pos flotante (post-IA y delta): (403.0000, 477.8100)
2025-05-19 17:14:33 - enemigo - [DEBUG] - [Enemigo_2] Solicita movimiento a CH (deltas enteros): dx_int=0, dy_int=-2. HB Actual: (403, 479) (Flotantes totales: dx=0.0000, dy=-1.1900)
2025-05-19 17:14:33 - enemigo - [DEBUG] - [Enemigo_2] Inicia _mover_y_colisionar_con_obstaculos. dx_int=0, dy_int=-2. HB Actual: (403, 479)
2025-05-19 17:14:33 - enemigo - [DEBUG] - [Enemigo_2] Hitbox recentrado (enemigo): (416, 487) (Rect center: (416, 487))
2025-05-19 17:14:33 - enemigo - [DEBUG] - [Enemigo_2] _mover_y_colisionar: HB Antes CH: (403,479), HB Despues CH y Sinc: (403,477), Rect: (400, 474), PosFlotante: (403.00,477.00)
2025-05-19 17:14:33 - enemigo - [DEBUG] - [Enemigo_2] Posición DESPUÉS de mov/col: HB (403, 477), Rect (400, 474), Flot (403.00, 477.00)
2025-05-19 17:14:33 - enemigo - [DEBUG] - [Enemigo_2] --- Inicio Update IA --- Delta: 0.0170s. Pos ANTES: HB (403, 477), Rect (400, 474), Flot (403.00, 477.00)
2025-05-19 17:14:33 - enemigo - [DEBUG] - [Enemigo_2] Target (centro (416, 317)), Dist: 170.00. Mi Centro HB: (416, 487)
2025-05-19 17:14:33 - enemigo - [DEBUG] - [Enemigo_2] Pos flotante (post-IA y delta): (403.0000, 475.8100)
2025-05-19 17:14:33 - enemigo - [DEBUG] - [Enemigo_2] Solicita movimiento a CH (deltas enteros): dx_int=0, dy_int=-2. HB Actual: (403, 477) (Flotantes totales: dx=0.0000, dy=-1.1900)
2025-05-19 17:14:33 - enemigo - [DEBUG] - [Enemigo_2] Inicia _mover_y_colisionar_con_obstaculos. dx_int=0, dy_int=-2. HB Actual: (403, 477)
2025-05-19 17:14:33 - enemigo - [DEBUG] - [Enemigo_2] Hitbox recentrado (enemigo): (416, 485) (Rect center: (416, 485))
2025-05-19 17:14:33 - enemigo - [DEBUG] - [Enemigo_2] _mover_y_colisionar: HB Antes CH: (403,477), HB Despues CH y Sinc: (403,475), Rect: (400, 472), PosFlotante: (403.00,475.00)
2025-05-19 17:14:33 - enemigo - [DEBUG] - [Enemigo_2] Posición DESPUÉS de mov/col: HB (403, 475), Rect (400, 472), Flot (403.00, 475.00)
2025-05-19 17:14:33 - enemigo - [DEBUG] - [Enemigo_1] --- Inicio Update IA --- Delta: 0.0160s. Pos ANTES: HB (603, 203), Rect (600, 200), Flot (603.00, 203.00)
2025-05-19 17:14:33 - enemigo - [DEBUG] - [Enemigo_1] Target (centro (416, 317)), Dist: 225.42. Mi Centro HB: (616, 213)
2025-05-19 17:14:33 - enemigo - [DEBUG] - [Enemigo_1] FUERA DE RANGO AGRO/DEMASIADO CERCA. No se calcula mov.
2025-05-19 17:14:33 - enemigo - [DEBUG] - [Enemigo_1] Pos flotante (post-IA y delta): (603.0000, 203.0000)
2025-05-19 17:14:33 - enemigo - [DEBUG] - [Enemigo_1] Sin mov. entero para CH. HB: (603, 203), PosFlotante re-sincronizada a (603.00,203.00)
2025-05-19 17:14:33 - enemigo - [DEBUG] - [Enemigo_2] --- Inicio Update IA --- Delta: 0.0160s. Pos ANTES: HB (403, 475), Rect (400, 472), Flot (403.00, 475.00)
2025-05-19 17:14:33 - enemigo - [DEBUG] - [Enemigo_2] Target (centro (416, 317)), Dist: 168.00. Mi Centro HB: (416, 485)
2025-05-19 17:14:33 - enemigo - [DEBUG] - [Enemigo_2] EN RANGO AGRO. Input IA (vel): (0.00, -70.00)
2025-05-19 17:14:33 - enemigo - [DEBUG] - [Enemigo_2] Pos flotante (post-IA y delta): (403.0000, 473.8800)
2025-05-19 17:14:33 - enemigo - [DEBUG] - [Enemigo_2] Solicita movimiento a CH (deltas enteros): dx_int=0, dy_int=-2. HB Actual: (403, 475) (Flotantes totales: dx=0.0000, dy=-1.1200)
2025-05-19 17:14:33 - enemigo - [DEBUG] - [Enemigo_2] Inicia _mover_y_colisionar_con_obstaculos. dx_int=0, dy_int=-2. HB Actual: (403, 475)
2025-05-19 17:14:33 - enemigo - [DEBUG] - [Enemigo_2] Hitbox recentrado (enemigo): (416, 483) (Rect center: (416, 483))
2025-05-19 17:14:33 - enemigo - [DEBUG] - [Enemigo_2] _mover_y_colisionar: HB Antes CH: (403,475), HB Despues CH y Sinc: (403,473), Rect: (400, 470), PosFlotante: (403.00,473.00)
2025-05-19 17:14:33 - enemigo - [DEBUG] - [Enemigo_2] Posición DESPUÉS de mov/col: HB (403, 473), Rect (400, 470), Flot (403.00, 473.00)
2025-05-19 17:14:33 - enemigo - [DEBUG] - [Enemigo_2] --- Inicio Update IA --- Delta: 0.0170s. Pos ANTES: HB (403, 473), Rect (400, 470), Flot (403.00, 473.00)
2025-05-19 17:14:33 - enemigo - [DEBUG] - [Enemigo_2] Target (centro (416, 317)), Dist: 166.00. Mi Centro HB: (416, 483)
2025-05-19 17:14:33 - enemigo - [DEBUG] - [Enemigo_2] Pos flotante (post-IA y delta): (403.0000, 471.8100)
2025-05-19 17:14:33 - enemigo - [DEBUG] - [Enemigo_2] Solicita movimiento a CH (deltas enteros): dx_int=0, dy_int=-2. HB Actual: (403, 473) (Flotantes totales: dx=0.0000, dy=-1.1900)
2025-05-19 17:14:33 - enemigo - [DEBUG] - [Enemigo_2] Inicia _mover_y_colisionar_con_obstaculos. dx_int=0, dy_int=-2. HB Actual: (403, 473)
2025-05-19 17:14:33 - enemigo - [DEBUG] - [Enemigo_2] Hitbox recentrado (enemigo): (416, 481) (Rect center: (416, 481))
2025-05-19 17:14:33 - enemigo - [DEBUG] - [Enemigo_2] _mover_y_colisionar: HB Antes CH: (403,473), HB Despues CH y Sinc: (403,471), Rect: (400, 468), PosFlotante: (403.00,471.00)
2025-05-19 17:14:33 - enemigo - [DEBUG] - [Enemigo_2] Posición DESPUÉS de mov/col: HB (403, 471), Rect (400, 468), Flot (403.00, 471.00)
2025-05-19 17:14:33 - enemigo - [DEBUG] - [Enemigo_1] --- Inicio Update IA --- Delta: 0.0170s. Pos ANTES: HB (603, 203), Rect (600, 200), Flot (603.00, 203.00)
2025-05-19 17:14:33 - enemigo - [DEBUG] - [Enemigo_2] --- Inicio Update IA --- Delta: 0.0170s. Pos ANTES: HB (403, 471), Rect (400, 468), Flot (403.00, 471.00)
2025-05-19 17:14:33 - enemigo - [DEBUG] - [Enemigo_2] Target (centro (416, 317)), Dist: 164.00. Mi Centro HB: (416, 481)
2025-05-19 17:14:33 - enemigo - [DEBUG] - [Enemigo_2] Pos flotante (post-IA y delta): (403.0000, 469.8100)
2025-05-19 17:14:33 - enemigo - [DEBUG] - [Enemigo_2] Solicita movimiento a CH (deltas enteros): dx_int=0, dy_int=-2. HB Actual: (403, 471) (Flotantes totales: dx=0.0000, dy=-1.1900)
2025-05-19 17:14:33 - enemigo - [DEBUG] - [Enemigo_2] Inicia _mover_y_colisionar_con_obstaculos. dx_int=0, dy_int=-2. HB Actual: (403, 471)
2025-05-19 17:14:33 - enemigo - [DEBUG] - [Enemigo_2] Hitbox recentrado (enemigo): (416, 479) (Rect center: (416, 479))
2025-05-19 17:14:33 - enemigo - [DEBUG] - [Enemigo_2] _mover_y_colisionar: HB Antes CH: (403,471), HB Despues CH y Sinc: (403,469), Rect: (400, 466), PosFlotante: (403.00,469.00)
2025-05-19 17:14:33 - enemigo - [DEBUG] - [Enemigo_2] Posición DESPUÉS de mov/col: HB (403, 469), Rect (400, 466), Flot (403.00, 469.00)
2025-05-19 17:14:33 - enemigo - [DEBUG] - [Enemigo_2] --- Inicio Update IA --- Delta: 0.0160s. Pos ANTES: HB (403, 469), Rect (400, 466), Flot (403.00, 469.00)
2025-05-19 17:14:33 - enemigo - [DEBUG] - [Enemigo_2] Target (centro (416, 317)), Dist: 162.00. Mi Centro HB: (416, 479)
2025-05-19 17:14:33 - enemigo - [DEBUG] - [Enemigo_2] Pos flotante (post-IA y delta): (403.0000, 467.8800)
2025-05-19 17:14:33 - enemigo - [DEBUG] - [Enemigo_2] Solicita movimiento a CH (deltas enteros): dx_int=0, dy_int=-2. HB Actual: (403, 469) (Flotantes totales: dx=0.0000, dy=-1.1200)
2025-05-19 17:14:33 - enemigo - [DEBUG] - [Enemigo_2] Inicia _mover_y_colisionar_con_obstaculos. dx_int=0, dy_int=-2. HB Actual: (403, 469)
2025-05-19 17:14:33 - enemigo - [DEBUG] - [Enemigo_2] Hitbox recentrado (enemigo): (416, 477) (Rect center: (416, 477))
2025-05-19 17:14:33 - enemigo - [DEBUG] - [Enemigo_2] _mover_y_colisionar: HB Antes CH: (403,469), HB Despues CH y Sinc: (403,467), Rect: (400, 464), PosFlotante: (403.00,467.00)
2025-05-19 17:14:33 - enemigo - [DEBUG] - [Enemigo_2] Posición DESPUÉS de mov/col: HB (403, 467), Rect (400, 464), Flot (403.00, 467.00)
2025-05-19 17:14:33 - enemigo - [DEBUG] - [Enemigo_1] --- Inicio Update IA --- Delta: 0.0160s. Pos ANTES: HB (603, 203), Rect (600, 200), Flot (603.00, 203.00)
2025-05-19 17:14:33 - enemigo - [DEBUG] - [Enemigo_1] Target (centro (416, 317)), Dist: 225.42. Mi Centro HB: (616, 213)
2025-05-19 17:14:33 - enemigo - [DEBUG] - [Enemigo_1] FUERA DE RANGO AGRO/DEMASIADO CERCA. No se calcula mov.
2025-05-19 17:14:33 - enemigo - [DEBUG] - [Enemigo_1] Pos flotante (post-IA y delta): (603.0000, 203.0000)
2025-05-19 17:14:33 - enemigo - [DEBUG] - [Enemigo_1] Sin mov. entero para CH. HB: (603, 203), PosFlotante re-sincronizada a (603.00,203.00)
2025-05-19 17:14:33 - enemigo - [DEBUG] - [Enemigo_2] --- Inicio Update IA --- Delta: 0.0160s. Pos ANTES: HB (403, 467), Rect (400, 464), Flot (403.00, 467.00)
2025-05-19 17:14:33 - enemigo - [DEBUG] - [Enemigo_2] Target (centro (416, 317)), Dist: 160.00. Mi Centro HB: (416, 477)
2025-05-19 17:14:33 - enemigo - [DEBUG] - [Enemigo_2] EN RANGO AGRO. Input IA (vel): (0.00, -70.00)
2025-05-19 17:14:33 - enemigo - [DEBUG] - [Enemigo_2] Pos flotante (post-IA y delta): (403.0000, 465.8800)
2025-05-19 17:14:33 - enemigo - [DEBUG] - [Enemigo_2] Solicita movimiento a CH (deltas enteros): dx_int=0, dy_int=-2. HB Actual: (403, 467) (Flotantes totales: dx=0.0000, dy=-1.1200)
2025-05-19 17:14:33 - enemigo - [DEBUG] - [Enemigo_2] Inicia _mover_y_colisionar_con_obstaculos. dx_int=0, dy_int=-2. HB Actual: (403, 467)
2025-05-19 17:14:33 - enemigo - [DEBUG] - [Enemigo_2] Hitbox recentrado (enemigo): (416, 475) (Rect center: (416, 475))
2025-05-19 17:14:33 - enemigo - [DEBUG] - [Enemigo_2] _mover_y_colisionar: HB Antes CH: (403,467), HB Despues CH y Sinc: (403,465), Rect: (400, 462), PosFlotante: (403.00,465.00)
2025-05-19 17:14:33 - enemigo - [DEBUG] - [Enemigo_2] Posición DESPUÉS de mov/col: HB (403, 465), Rect (400, 462), Flot (403.00, 465.00)
2025-05-19 17:14:33 - enemigo - [DEBUG] - [Enemigo_2] --- Inicio Update IA --- Delta: 0.0160s. Pos ANTES: HB (403, 465), Rect (400, 462), Flot (403.00, 465.00)
2025-05-19 17:14:33 - enemigo - [DEBUG] - [Enemigo_2] Target (centro (416, 317)), Dist: 158.00. Mi Centro HB: (416, 475)
2025-05-19 17:14:33 - enemigo - [DEBUG] - [Enemigo_2] Pos flotante (post-IA y delta): (403.0000, 463.8800)
2025-05-19 17:14:33 - enemigo - [DEBUG] - [Enemigo_2] Solicita movimiento a CH (deltas enteros): dx_int=0, dy_int=-2. HB Actual: (403, 465) (Flotantes totales: dx=0.0000, dy=-1.1200)
2025-05-19 17:14:33 - enemigo - [DEBUG] - [Enemigo_2] Inicia _mover_y_colisionar_con_obstaculos. dx_int=0, dy_int=-2. HB Actual: (403, 465)
2025-05-19 17:14:33 - enemigo - [DEBUG] - [Enemigo_2] Hitbox recentrado (enemigo): (416, 473) (Rect center: (416, 473))
2025-05-19 17:14:33 - enemigo - [DEBUG] - [Enemigo_2] _mover_y_colisionar: HB Antes CH: (403,465), HB Despues CH y Sinc: (403,463), Rect: (400, 460), PosFlotante: (403.00,463.00)
2025-05-19 17:14:33 - enemigo - [DEBUG] - [Enemigo_2] Posición DESPUÉS de mov/col: HB (403, 463), Rect (400, 460), Flot (403.00, 463.00)
2025-05-19 17:14:33 - enemigo - [DEBUG] - [Enemigo_1] --- Inicio Update IA --- Delta: 0.0170s. Pos ANTES: HB (603, 203), Rect (600, 200), Flot (603.00, 203.00)
2025-05-19 17:14:33 - enemigo - [DEBUG] - [Enemigo_2] --- Inicio Update IA --- Delta: 0.0170s. Pos ANTES: HB (403, 463), Rect (400, 460), Flot (403.00, 463.00)
2025-05-19 17:14:33 - enemigo - [DEBUG] - [Enemigo_2] Target (centro (416, 317)), Dist: 156.00. Mi Centro HB: (416, 473)
2025-05-19 17:14:33 - enemigo - [DEBUG] - [Enemigo_2] Pos flotante (post-IA y delta): (403.0000, 461.8100)
2025-05-19 17:14:33 - enemigo - [DEBUG] - [Enemigo_2] Solicita movimiento a CH (deltas enteros): dx_int=0, dy_int=-2. HB Actual: (403, 463) (Flotantes totales: dx=0.0000, dy=-1.1900)
2025-05-19 17:14:33 - enemigo - [DEBUG] - [Enemigo_2] Inicia _mover_y_colisionar_con_obstaculos. dx_int=0, dy_int=-2. HB Actual: (403, 463)
2025-05-19 17:14:33 - enemigo - [DEBUG] - [Enemigo_2] Hitbox recentrado (enemigo): (416, 471) (Rect center: (416, 471))
2025-05-19 17:14:33 - enemigo - [DEBUG] - [Enemigo_2] _mover_y_colisionar: HB Antes CH: (403,463), HB Despues CH y Sinc: (403,461), Rect: (400, 458), PosFlotante: (403.00,461.00)
2025-05-19 17:14:33 - enemigo - [DEBUG] - [Enemigo_2] Posición DESPUÉS de mov/col: HB (403, 461), Rect (400, 458), Flot (403.00, 461.00)
2025-05-19 17:14:33 - enemigo - [DEBUG] - [Enemigo_2] --- Inicio Update IA --- Delta: 0.0160s. Pos ANTES: HB (403, 461), Rect (400, 458), Flot (403.00, 461.00)
2025-05-19 17:14:33 - enemigo - [DEBUG] - [Enemigo_2] Target (centro (416, 317)), Dist: 154.00. Mi Centro HB: (416, 471)
2025-05-19 17:14:33 - enemigo - [DEBUG] - [Enemigo_2] Pos flotante (post-IA y delta): (403.0000, 459.8800)
2025-05-19 17:14:33 - enemigo - [DEBUG] - [Enemigo_2] Solicita movimiento a CH (deltas enteros): dx_int=0, dy_int=-2. HB Actual: (403, 461) (Flotantes totales: dx=0.0000, dy=-1.1200)
2025-05-19 17:14:33 - enemigo - [DEBUG] - [Enemigo_2] Inicia _mover_y_colisionar_con_obstaculos. dx_int=0, dy_int=-2. HB Actual: (403, 461)
2025-05-19 17:14:33 - enemigo - [DEBUG] - [Enemigo_2] Hitbox recentrado (enemigo): (416, 469) (Rect center: (416, 469))
2025-05-19 17:14:33 - enemigo - [DEBUG] - [Enemigo_2] _mover_y_colisionar: HB Antes CH: (403,461), HB Despues CH y Sinc: (403,459), Rect: (400, 456), PosFlotante: (403.00,459.00)
2025-05-19 17:14:33 - enemigo - [DEBUG] - [Enemigo_2] Posición DESPUÉS de mov/col: HB (403, 459), Rect (400, 456), Flot (403.00, 459.00)
2025-05-19 17:14:33 - enemigo - [DEBUG] - [Enemigo_1] Target (centro (416, 317)), Dist: 225.42. Mi Centro HB: (616, 213)
2025-05-19 17:14:33 - enemigo - [DEBUG] - [Enemigo_1] FUERA DE RANGO AGRO/DEMASIADO CERCA. No se calcula mov.
2025-05-19 17:14:33 - enemigo - [DEBUG] - [Enemigo_1] Pos flotante (post-IA y delta): (603.0000, 203.0000)
2025-05-19 17:14:33 - enemigo - [DEBUG] - [Enemigo_1] Sin mov. entero para CH. HB: (603, 203), PosFlotante re-sincronizada a (603.00,203.00)
2025-05-19 17:14:33 - enemigo - [DEBUG] - [Enemigo_2] --- Inicio Update IA --- Delta: 0.0170s. Pos ANTES: HB (403, 459), Rect (400, 456), Flot (403.00, 459.00)
2025-05-19 17:14:33 - enemigo - [DEBUG] - [Enemigo_2] Target (centro (416, 317)), Dist: 152.00. Mi Centro HB: (416, 469)
2025-05-19 17:14:33 - enemigo - [DEBUG] - [Enemigo_2] EN RANGO AGRO. Input IA (vel): (0.00, -70.00)
2025-05-19 17:14:33 - enemigo - [DEBUG] - [Enemigo_2] Pos flotante (post-IA y delta): (403.0000, 457.8100)
2025-05-19 17:14:33 - enemigo - [DEBUG] - [Enemigo_2] Solicita movimiento a CH (deltas enteros): dx_int=0, dy_int=-2. HB Actual: (403, 459) (Flotantes totales: dx=0.0000, dy=-1.1900)
2025-05-19 17:14:33 - enemigo - [DEBUG] - [Enemigo_2] Inicia _mover_y_colisionar_con_obstaculos. dx_int=0, dy_int=-2. HB Actual: (403, 459)
2025-05-19 17:14:33 - enemigo - [DEBUG] - [Enemigo_2] Hitbox recentrado (enemigo): (416, 467) (Rect center: (416, 467))
2025-05-19 17:14:33 - enemigo - [DEBUG] - [Enemigo_2] _mover_y_colisionar: HB Antes CH: (403,459), HB Despues CH y Sinc: (403,457), Rect: (400, 454), PosFlotante: (403.00,457.00)
2025-05-19 17:14:33 - enemigo - [DEBUG] - [Enemigo_2] Posición DESPUÉS de mov/col: HB (403, 457), Rect (400, 454), Flot (403.00, 457.00)
2025-05-19 17:14:33 - enemigo - [DEBUG] - [Enemigo_1] --- Inicio Update IA --- Delta: 0.0170s. Pos ANTES: HB (603, 203), Rect (600, 200), Flot (603.00, 203.00)
2025-05-19 17:14:33 - enemigo - [DEBUG] - [Enemigo_2] --- Inicio Update IA --- Delta: 0.0170s. Pos ANTES: HB (403, 457), Rect (400, 454), Flot (403.00, 457.00)
2025-05-19 17:14:33 - enemigo - [DEBUG] - [Enemigo_2] Target (centro (416, 317)), Dist: 150.00. Mi Centro HB: (416, 467)
2025-05-19 17:14:33 - enemigo - [DEBUG] - [Enemigo_2] Pos flotante (post-IA y delta): (403.0000, 455.8100)
2025-05-19 17:14:33 - enemigo - [DEBUG] - [Enemigo_2] Solicita movimiento a CH (deltas enteros): dx_int=0, dy_int=-2. HB Actual: (403, 457) (Flotantes totales: dx=0.0000, dy=-1.1900)
2025-05-19 17:14:33 - enemigo - [DEBUG] - [Enemigo_2] Inicia _mover_y_colisionar_con_obstaculos. dx_int=0, dy_int=-2. HB Actual: (403, 457)
2025-05-19 17:14:33 - enemigo - [DEBUG] - [Enemigo_2] Hitbox recentrado (enemigo): (416, 465) (Rect center: (416, 465))
2025-05-19 17:14:33 - enemigo - [DEBUG] - [Enemigo_2] _mover_y_colisionar: HB Antes CH: (403,457), HB Despues CH y Sinc: (403,455), Rect: (400, 452), PosFlotante: (403.00,455.00)
2025-05-19 17:14:33 - enemigo - [DEBUG] - [Enemigo_2] Posición DESPUÉS de mov/col: HB (403, 455), Rect (400, 452), Flot (403.00, 455.00)
2025-05-19 17:14:33 - enemigo - [DEBUG] - [Enemigo_2] --- Inicio Update IA --- Delta: 0.0170s. Pos ANTES: HB (403, 455), Rect (400, 452), Flot (403.00, 455.00)
2025-05-19 17:14:33 - enemigo - [DEBUG] - [Enemigo_2] Target (centro (416, 317)), Dist: 148.00. Mi Centro HB: (416, 465)
2025-05-19 17:14:33 - enemigo - [DEBUG] - [Enemigo_2] Pos flotante (post-IA y delta): (403.0000, 453.8100)
2025-05-19 17:14:33 - enemigo - [DEBUG] - [Enemigo_2] Solicita movimiento a CH (deltas enteros): dx_int=0, dy_int=-2. HB Actual: (403, 455) (Flotantes totales: dx=0.0000, dy=-1.1900)
2025-05-19 17:14:33 - enemigo - [DEBUG] - [Enemigo_2] Inicia _mover_y_colisionar_con_obstaculos. dx_int=0, dy_int=-2. HB Actual: (403, 455)
2025-05-19 17:14:33 - enemigo - [DEBUG] - [Enemigo_2] Hitbox recentrado (enemigo): (416, 463) (Rect center: (416, 463))
2025-05-19 17:14:33 - enemigo - [DEBUG] - [Enemigo_2] _mover_y_colisionar: HB Antes CH: (403,455), HB Despues CH y Sinc: (403,453), Rect: (400, 450), PosFlotante: (403.00,453.00)
2025-05-19 17:14:33 - enemigo - [DEBUG] - [Enemigo_2] Posición DESPUÉS de mov/col: HB (403, 453), Rect (400, 450), Flot (403.00, 453.00)
2025-05-19 17:14:33 - enemigo - [DEBUG] - [Enemigo_1] Target (centro (416, 317)), Dist: 225.42. Mi Centro HB: (616, 213)
2025-05-19 17:14:33 - enemigo - [DEBUG] - [Enemigo_1] FUERA DE RANGO AGRO/DEMASIADO CERCA. No se calcula mov.
2025-05-19 17:14:33 - enemigo - [DEBUG] - [Enemigo_1] Pos flotante (post-IA y delta): (603.0000, 203.0000)
2025-05-19 17:14:33 - enemigo - [DEBUG] - [Enemigo_1] Sin mov. entero para CH. HB: (603, 203), PosFlotante re-sincronizada a (603.00,203.00)
2025-05-19 17:14:33 - enemigo - [DEBUG] - [Enemigo_2] --- Inicio Update IA --- Delta: 0.0170s. Pos ANTES: HB (403, 453), Rect (400, 450), Flot (403.00, 453.00)
2025-05-19 17:14:33 - enemigo - [DEBUG] - [Enemigo_2] Target (centro (416, 317)), Dist: 146.00. Mi Centro HB: (416, 463)
2025-05-19 17:14:33 - enemigo - [DEBUG] - [Enemigo_2] EN RANGO AGRO. Input IA (vel): (0.00, -70.00)
2025-05-19 17:14:33 - enemigo - [DEBUG] - [Enemigo_2] Pos flotante (post-IA y delta): (403.0000, 451.8100)
2025-05-19 17:14:33 - enemigo - [DEBUG] - [Enemigo_2] Solicita movimiento a CH (deltas enteros): dx_int=0, dy_int=-2. HB Actual: (403, 453) (Flotantes totales: dx=0.0000, dy=-1.1900)
2025-05-19 17:14:33 - enemigo - [DEBUG] - [Enemigo_2] Inicia _mover_y_colisionar_con_obstaculos. dx_int=0, dy_int=-2. HB Actual: (403, 453)
2025-05-19 17:14:33 - enemigo - [DEBUG] - [Enemigo_2] Hitbox recentrado (enemigo): (416, 461) (Rect center: (416, 461))
2025-05-19 17:14:33 - enemigo - [DEBUG] - [Enemigo_2] _mover_y_colisionar: HB Antes CH: (403,453), HB Despues CH y Sinc: (403,451), Rect: (400, 448), PosFlotante: (403.00,451.00)
2025-05-19 17:14:33 - enemigo - [DEBUG] - [Enemigo_2] Posición DESPUÉS de mov/col: HB (403, 451), Rect (400, 448), Flot (403.00, 451.00)
2025-05-19 17:14:33 - enemigo - [DEBUG] - [Enemigo_1] --- Inicio Update IA --- Delta: 0.0170s. Pos ANTES: HB (603, 203), Rect (600, 200), Flot (603.00, 203.00)
2025-05-19 17:14:33 - enemigo - [DEBUG] - [Enemigo_2] --- Inicio Update IA --- Delta: 0.0170s. Pos ANTES: HB (403, 451), Rect (400, 448), Flot (403.00, 451.00)
2025-05-19 17:14:33 - enemigo - [DEBUG] - [Enemigo_2] Target (centro (416, 317)), Dist: 144.00. Mi Centro HB: (416, 461)
2025-05-19 17:14:33 - enemigo - [DEBUG] - [Enemigo_2] Pos flotante (post-IA y delta): (403.0000, 449.8100)
2025-05-19 17:14:33 - enemigo - [DEBUG] - [Enemigo_2] Solicita movimiento a CH (deltas enteros): dx_int=0, dy_int=-2. HB Actual: (403, 451) (Flotantes totales: dx=0.0000, dy=-1.1900)
2025-05-19 17:14:33 - enemigo - [DEBUG] - [Enemigo_2] Inicia _mover_y_colisionar_con_obstaculos. dx_int=0, dy_int=-2. HB Actual: (403, 451)
2025-05-19 17:14:33 - enemigo - [DEBUG] - [Enemigo_2] Hitbox recentrado (enemigo): (416, 459) (Rect center: (416, 459))
2025-05-19 17:14:33 - enemigo - [DEBUG] - [Enemigo_2] _mover_y_colisionar: HB Antes CH: (403,451), HB Despues CH y Sinc: (403,449), Rect: (400, 446), PosFlotante: (403.00,449.00)
2025-05-19 17:14:33 - enemigo - [DEBUG] - [Enemigo_2] Posición DESPUÉS de mov/col: HB (403, 449), Rect (400, 446), Flot (403.00, 449.00)
2025-05-19 17:14:33 - enemigo - [DEBUG] - [Enemigo_2] --- Inicio Update IA --- Delta: 0.0170s. Pos ANTES: HB (403, 449), Rect (400, 446), Flot (403.00, 449.00)
2025-05-19 17:14:33 - enemigo - [DEBUG] - [Enemigo_2] Target (centro (416, 317)), Dist: 142.00. Mi Centro HB: (416, 459)
2025-05-19 17:14:33 - enemigo - [DEBUG] - [Enemigo_2] Pos flotante (post-IA y delta): (403.0000, 447.8100)
2025-05-19 17:14:33 - enemigo - [DEBUG] - [Enemigo_2] Solicita movimiento a CH (deltas enteros): dx_int=0, dy_int=-2. HB Actual: (403, 449) (Flotantes totales: dx=0.0000, dy=-1.1900)
2025-05-19 17:14:33 - enemigo - [DEBUG] - [Enemigo_2] Inicia _mover_y_colisionar_con_obstaculos. dx_int=0, dy_int=-2. HB Actual: (403, 449)
2025-05-19 17:14:33 - enemigo - [DEBUG] - [Enemigo_2] Hitbox recentrado (enemigo): (416, 457) (Rect center: (416, 457))
2025-05-19 17:14:33 - enemigo - [DEBUG] - [Enemigo_2] _mover_y_colisionar: HB Antes CH: (403,449), HB Despues CH y Sinc: (403,447), Rect: (400, 444), PosFlotante: (403.00,447.00)
2025-05-19 17:14:33 - enemigo - [DEBUG] - [Enemigo_2] Posición DESPUÉS de mov/col: HB (403, 447), Rect (400, 444), Flot (403.00, 447.00)
2025-05-19 17:14:33 - enemigo - [DEBUG] - [Enemigo_1] --- Inicio Update IA --- Delta: 0.0160s. Pos ANTES: HB (603, 203), Rect (600, 200), Flot (603.00, 203.00)
2025-05-19 17:14:33 - enemigo - [DEBUG] - [Enemigo_2] --- Inicio Update IA --- Delta: 0.0160s. Pos ANTES: HB (403, 447), Rect (400, 444), Flot (403.00, 447.00)
2025-05-19 17:14:33 - enemigo - [DEBUG] - [Enemigo_2] Target (centro (416, 317)), Dist: 140.00. Mi Centro HB: (416, 457)
2025-05-19 17:14:33 - enemigo - [DEBUG] - [Enemigo_2] Pos flotante (post-IA y delta): (403.0000, 445.8800)
2025-05-19 17:14:33 - enemigo - [DEBUG] - [Enemigo_2] Solicita movimiento a CH (deltas enteros): dx_int=0, dy_int=-2. HB Actual: (403, 447) (Flotantes totales: dx=0.0000, dy=-1.1200)
2025-05-19 17:14:33 - enemigo - [DEBUG] - [Enemigo_2] Inicia _mover_y_colisionar_con_obstaculos. dx_int=0, dy_int=-2. HB Actual: (403, 447)
2025-05-19 17:14:33 - enemigo - [DEBUG] - [Enemigo_2] Hitbox recentrado (enemigo): (416, 455) (Rect center: (416, 455))
2025-05-19 17:14:33 - enemigo - [DEBUG] - [Enemigo_2] _mover_y_colisionar: HB Antes CH: (403,447), HB Despues CH y Sinc: (403,445), Rect: (400, 442), PosFlotante: (403.00,445.00)
2025-05-19 17:14:33 - enemigo - [DEBUG] - [Enemigo_2] Posición DESPUÉS de mov/col: HB (403, 445), Rect (400, 442), Flot (403.00, 445.00)
2025-05-19 17:14:33 - enemigo - [DEBUG] - [Enemigo_1] Target (centro (416, 317)), Dist: 225.42. Mi Centro HB: (616, 213)
2025-05-19 17:14:33 - enemigo - [DEBUG] - [Enemigo_1] FUERA DE RANGO AGRO/DEMASIADO CERCA. No se calcula mov.
2025-05-19 17:14:33 - enemigo - [DEBUG] - [Enemigo_1] Pos flotante (post-IA y delta): (603.0000, 203.0000)
2025-05-19 17:14:33 - enemigo - [DEBUG] - [Enemigo_1] Sin mov. entero para CH. HB: (603, 203), PosFlotante re-sincronizada a (603.00,203.00)
2025-05-19 17:14:33 - enemigo - [DEBUG] - [Enemigo_2] --- Inicio Update IA --- Delta: 0.0170s. Pos ANTES: HB (403, 445), Rect (400, 442), Flot (403.00, 445.00)
2025-05-19 17:14:33 - enemigo - [DEBUG] - [Enemigo_2] Target (centro (416, 317)), Dist: 138.00. Mi Centro HB: (416, 455)
2025-05-19 17:14:33 - enemigo - [DEBUG] - [Enemigo_2] EN RANGO AGRO. Input IA (vel): (0.00, -70.00)
2025-05-19 17:14:33 - enemigo - [DEBUG] - [Enemigo_2] Pos flotante (post-IA y delta): (403.0000, 443.8100)
2025-05-19 17:14:33 - enemigo - [DEBUG] - [Enemigo_2] Solicita movimiento a CH (deltas enteros): dx_int=0, dy_int=-2. HB Actual: (403, 445) (Flotantes totales: dx=0.0000, dy=-1.1900)
2025-05-19 17:14:33 - enemigo - [DEBUG] - [Enemigo_2] Inicia _mover_y_colisionar_con_obstaculos. dx_int=0, dy_int=-2. HB Actual: (403, 445)
2025-05-19 17:14:33 - enemigo - [DEBUG] - [Enemigo_2] Hitbox recentrado (enemigo): (416, 453) (Rect center: (416, 453))
2025-05-19 17:14:33 - enemigo - [DEBUG] - [Enemigo_2] _mover_y_colisionar: HB Antes CH: (403,445), HB Despues CH y Sinc: (403,443), Rect: (400, 440), PosFlotante: (403.00,443.00)
2025-05-19 17:14:33 - enemigo - [DEBUG] - [Enemigo_2] Posición DESPUÉS de mov/col: HB (403, 443), Rect (400, 440), Flot (403.00, 443.00)
2025-05-19 17:14:33 - enemigo - [DEBUG] - [Enemigo_1] --- Inicio Update IA --- Delta: 0.0170s. Pos ANTES: HB (603, 203), Rect (600, 200), Flot (603.00, 203.00)
2025-05-19 17:14:33 - enemigo - [DEBUG] - [Enemigo_2] --- Inicio Update IA --- Delta: 0.0170s. Pos ANTES: HB (403, 443), Rect (400, 440), Flot (403.00, 443.00)
2025-05-19 17:14:33 - enemigo - [DEBUG] - [Enemigo_2] Target (centro (416, 317)), Dist: 136.00. Mi Centro HB: (416, 453)
2025-05-19 17:14:33 - enemigo - [DEBUG] - [Enemigo_2] Pos flotante (post-IA y delta): (403.0000, 441.8100)
2025-05-19 17:14:33 - enemigo - [DEBUG] - [Enemigo_2] Solicita movimiento a CH (deltas enteros): dx_int=0, dy_int=-2. HB Actual: (403, 443) (Flotantes totales: dx=0.0000, dy=-1.1900)
2025-05-19 17:14:33 - enemigo - [DEBUG] - [Enemigo_2] Inicia _mover_y_colisionar_con_obstaculos. dx_int=0, dy_int=-2. HB Actual: (403, 443)
2025-05-19 17:14:33 - enemigo - [DEBUG] - [Enemigo_2] Hitbox recentrado (enemigo): (416, 451) (Rect center: (416, 451))
2025-05-19 17:14:33 - enemigo - [DEBUG] - [Enemigo_2] _mover_y_colisionar: HB Antes CH: (403,443), HB Despues CH y Sinc: (403,441), Rect: (400, 438), PosFlotante: (403.00,441.00)
2025-05-19 17:14:33 - enemigo - [DEBUG] - [Enemigo_2] Posición DESPUÉS de mov/col: HB (403, 441), Rect (400, 438), Flot (403.00, 441.00)
2025-05-19 17:14:33 - enemigo - [DEBUG] - [Enemigo_2] --- Inicio Update IA --- Delta: 0.0160s. Pos ANTES: HB (403, 441), Rect (400, 438), Flot (403.00, 441.00)
2025-05-19 17:14:33 - enemigo - [DEBUG] - [Enemigo_2] Target (centro (416, 317)), Dist: 134.00. Mi Centro HB: (416, 451)
2025-05-19 17:14:33 - enemigo - [DEBUG] - [Enemigo_2] Pos flotante (post-IA y delta): (403.0000, 439.8800)
2025-05-19 17:14:33 - enemigo - [DEBUG] - [Enemigo_2] Solicita movimiento a CH (deltas enteros): dx_int=0, dy_int=-2. HB Actual: (403, 441) (Flotantes totales: dx=0.0000, dy=-1.1200)
2025-05-19 17:14:33 - enemigo - [DEBUG] - [Enemigo_2] Inicia _mover_y_colisionar_con_obstaculos. dx_int=0, dy_int=-2. HB Actual: (403, 441)
2025-05-19 17:14:33 - enemigo - [DEBUG] - [Enemigo_2] Hitbox recentrado (enemigo): (416, 449) (Rect center: (416, 449))
2025-05-19 17:14:33 - enemigo - [DEBUG] - [Enemigo_2] _mover_y_colisionar: HB Antes CH: (403,441), HB Despues CH y Sinc: (403,439), Rect: (400, 436), PosFlotante: (403.00,439.00)
2025-05-19 17:14:33 - enemigo - [DEBUG] - [Enemigo_2] Posición DESPUÉS de mov/col: HB (403, 439), Rect (400, 436), Flot (403.00, 439.00)
2025-05-19 17:14:33 - enemigo - [DEBUG] - [Enemigo_1] --- Inicio Update IA --- Delta: 0.0160s. Pos ANTES: HB (603, 203), Rect (600, 200), Flot (603.00, 203.00)
2025-05-19 17:14:33 - enemigo - [DEBUG] - [Enemigo_2] --- Inicio Update IA --- Delta: 0.0160s. Pos ANTES: HB (403, 439), Rect (400, 436), Flot (403.00, 439.00)
2025-05-19 17:14:33 - enemigo - [DEBUG] - [Enemigo_2] Target (centro (416, 317)), Dist: 132.00. Mi Centro HB: (416, 449)
2025-05-19 17:14:33 - enemigo - [DEBUG] - [Enemigo_2] Pos flotante (post-IA y delta): (403.0000, 437.8800)
2025-05-19 17:14:33 - enemigo - [DEBUG] - [Enemigo_2] Solicita movimiento a CH (deltas enteros): dx_int=0, dy_int=-2. HB Actual: (403, 439) (Flotantes totales: dx=0.0000, dy=-1.1200)
2025-05-19 17:14:33 - enemigo - [DEBUG] - [Enemigo_2] Inicia _mover_y_colisionar_con_obstaculos. dx_int=0, dy_int=-2. HB Actual: (403, 439)
2025-05-19 17:14:33 - enemigo - [DEBUG] - [Enemigo_2] Hitbox recentrado (enemigo): (416, 447) (Rect center: (416, 447))
2025-05-19 17:14:33 - enemigo - [DEBUG] - [Enemigo_2] _mover_y_colisionar: HB Antes CH: (403,439), HB Despues CH y Sinc: (403,437), Rect: (400, 434), PosFlotante: (403.00,437.00)
2025-05-19 17:14:33 - enemigo - [DEBUG] - [Enemigo_2] Posición DESPUÉS de mov/col: HB (403, 437), Rect (400, 434), Flot (403.00, 437.00)
2025-05-19 17:14:33 - enemigo - [DEBUG] - [Enemigo_1] Target (centro (416, 317)), Dist: 225.42. Mi Centro HB: (616, 213)
2025-05-19 17:14:33 - enemigo - [DEBUG] - [Enemigo_1] FUERA DE RANGO AGRO/DEMASIADO CERCA. No se calcula mov.
2025-05-19 17:14:33 - enemigo - [DEBUG] - [Enemigo_1] Pos flotante (post-IA y delta): (603.0000, 203.0000)
2025-05-19 17:14:33 - enemigo - [DEBUG] - [Enemigo_1] Sin mov. entero para CH. HB: (603, 203), PosFlotante re-sincronizada a (603.00,203.00)
2025-05-19 17:14:33 - enemigo - [DEBUG] - [Enemigo_2] --- Inicio Update IA --- Delta: 0.0170s. Pos ANTES: HB (403, 437), Rect (400, 434), Flot (403.00, 437.00)
2025-05-19 17:14:33 - enemigo - [DEBUG] - [Enemigo_2] Target (centro (416, 317)), Dist: 130.00. Mi Centro HB: (416, 447)
2025-05-19 17:14:33 - enemigo - [DEBUG] - [Enemigo_2] EN RANGO AGRO. Input IA (vel): (0.00, -70.00)
2025-05-19 17:14:33 - enemigo - [DEBUG] - [Enemigo_2] Pos flotante (post-IA y delta): (403.0000, 435.8100)
2025-05-19 17:14:33 - enemigo - [DEBUG] - [Enemigo_2] Solicita movimiento a CH (deltas enteros): dx_int=0, dy_int=-2. HB Actual: (403, 437) (Flotantes totales: dx=0.0000, dy=-1.1900)
2025-05-19 17:14:33 - enemigo - [DEBUG] - [Enemigo_2] Inicia _mover_y_colisionar_con_obstaculos. dx_int=0, dy_int=-2. HB Actual: (403, 437)
2025-05-19 17:14:33 - enemigo - [DEBUG] - [Enemigo_2] Hitbox recentrado (enemigo): (416, 445) (Rect center: (416, 445))
2025-05-19 17:14:33 - enemigo - [DEBUG] - [Enemigo_2] _mover_y_colisionar: HB Antes CH: (403,437), HB Despues CH y Sinc: (403,435), Rect: (400, 432), PosFlotante: (403.00,435.00)
2025-05-19 17:14:33 - enemigo - [DEBUG] - [Enemigo_2] Posición DESPUÉS de mov/col: HB (403, 435), Rect (400, 432), Flot (403.00, 435.00)
2025-05-19 17:14:33 - enemigo - [DEBUG] - [Enemigo_1] --- Inicio Update IA --- Delta: 0.0170s. Pos ANTES: HB (603, 203), Rect (600, 200), Flot (603.00, 203.00)
2025-05-19 17:14:33 - enemigo - [DEBUG] - [Enemigo_2] --- Inicio Update IA --- Delta: 0.0170s. Pos ANTES: HB (403, 435), Rect (400, 432), Flot (403.00, 435.00)
2025-05-19 17:14:33 - enemigo - [DEBUG] - [Enemigo_2] Target (centro (416, 317)), Dist: 128.00. Mi Centro HB: (416, 445)
2025-05-19 17:14:33 - enemigo - [DEBUG] - [Enemigo_2] Pos flotante (post-IA y delta): (403.0000, 433.8100)
2025-05-19 17:14:33 - enemigo - [DEBUG] - [Enemigo_2] Solicita movimiento a CH (deltas enteros): dx_int=0, dy_int=-2. HB Actual: (403, 435) (Flotantes totales: dx=0.0000, dy=-1.1900)
2025-05-19 17:14:33 - enemigo - [DEBUG] - [Enemigo_2] Inicia _mover_y_colisionar_con_obstaculos. dx_int=0, dy_int=-2. HB Actual: (403, 435)
2025-05-19 17:14:33 - enemigo - [DEBUG] - [Enemigo_2] Hitbox recentrado (enemigo): (416, 443) (Rect center: (416, 443))
2025-05-19 17:14:33 - enemigo - [DEBUG] - [Enemigo_2] _mover_y_colisionar: HB Antes CH: (403,435), HB Despues CH y Sinc: (403,433), Rect: (400, 430), PosFlotante: (403.00,433.00)
2025-05-19 17:14:33 - enemigo - [DEBUG] - [Enemigo_2] Posición DESPUÉS de mov/col: HB (403, 433), Rect (400, 430), Flot (403.00, 433.00)
2025-05-19 17:14:33 - enemigo - [DEBUG] - [Enemigo_1] --- Inicio Update IA --- Delta: 0.0160s. Pos ANTES: HB (603, 203), Rect (600, 200), Flot (603.00, 203.00)
2025-05-19 17:14:33 - enemigo - [DEBUG] - [Enemigo_2] --- Inicio Update IA --- Delta: 0.0160s. Pos ANTES: HB (403, 433), Rect (400, 430), Flot (403.00, 433.00)
2025-05-19 17:14:33 - enemigo - [DEBUG] - [Enemigo_2] Target (centro (416, 317)), Dist: 126.00. Mi Centro HB: (416, 443)
2025-05-19 17:14:33 - enemigo - [DEBUG] - [Enemigo_2] Pos flotante (post-IA y delta): (403.0000, 431.8800)
2025-05-19 17:14:33 - enemigo - [DEBUG] - [Enemigo_2] Solicita movimiento a CH (deltas enteros): dx_int=0, dy_int=-2. HB Actual: (403, 433) (Flotantes totales: dx=0.0000, dy=-1.1200)
2025-05-19 17:14:33 - enemigo - [DEBUG] - [Enemigo_2] Inicia _mover_y_colisionar_con_obstaculos. dx_int=0, dy_int=-2. HB Actual: (403, 433)
2025-05-19 17:14:33 - enemigo - [DEBUG] - [Enemigo_2] Hitbox recentrado (enemigo): (416, 441) (Rect center: (416, 441))
2025-05-19 17:14:33 - enemigo - [DEBUG] - [Enemigo_2] _mover_y_colisionar: HB Antes CH: (403,433), HB Despues CH y Sinc: (403,431), Rect: (400, 428), PosFlotante: (403.00,431.00)
2025-05-19 17:14:33 - enemigo - [DEBUG] - [Enemigo_2] Posición DESPUÉS de mov/col: HB (403, 431), Rect (400, 428), Flot (403.00, 431.00)
2025-05-19 17:14:33 - enemigo - [DEBUG] - [Enemigo_2] --- Inicio Update IA --- Delta: 0.0160s. Pos ANTES: HB (403, 431), Rect (400, 428), Flot (403.00, 431.00)
2025-05-19 17:14:33 - enemigo - [DEBUG] - [Enemigo_2] Target (centro (416, 317)), Dist: 124.00. Mi Centro HB: (416, 441)
2025-05-19 17:14:33 - enemigo - [DEBUG] - [Enemigo_2] Pos flotante (post-IA y delta): (403.0000, 429.8800)
2025-05-19 17:14:33 - enemigo - [DEBUG] - [Enemigo_2] Solicita movimiento a CH (deltas enteros): dx_int=0, dy_int=-2. HB Actual: (403, 431) (Flotantes totales: dx=0.0000, dy=-1.1200)
2025-05-19 17:14:33 - enemigo - [DEBUG] - [Enemigo_2] Inicia _mover_y_colisionar_con_obstaculos. dx_int=0, dy_int=-2. HB Actual: (403, 431)
2025-05-19 17:14:33 - enemigo - [DEBUG] - [Enemigo_2] Hitbox recentrado (enemigo): (416, 439) (Rect center: (416, 439))
2025-05-19 17:14:33 - enemigo - [DEBUG] - [Enemigo_2] _mover_y_colisionar: HB Antes CH: (403,431), HB Despues CH y Sinc: (403,429), Rect: (400, 426), PosFlotante: (403.00,429.00)
2025-05-19 17:14:33 - enemigo - [DEBUG] - [Enemigo_2] Posición DESPUÉS de mov/col: HB (403, 429), Rect (400, 426), Flot (403.00, 429.00)
2025-05-19 17:14:33 - enemigo - [DEBUG] - [Enemigo_1] Target (centro (416, 317)), Dist: 225.42. Mi Centro HB: (616, 213)
2025-05-19 17:14:33 - enemigo - [DEBUG] - [Enemigo_1] FUERA DE RANGO AGRO/DEMASIADO CERCA. No se calcula mov.
2025-05-19 17:14:33 - enemigo - [DEBUG] - [Enemigo_1] Pos flotante (post-IA y delta): (603.0000, 203.0000)
2025-05-19 17:14:33 - enemigo - [DEBUG] - [Enemigo_1] Sin mov. entero para CH. HB: (603, 203), PosFlotante re-sincronizada a (603.00,203.00)
2025-05-19 17:14:33 - enemigo - [DEBUG] - [Enemigo_2] --- Inicio Update IA --- Delta: 0.0160s. Pos ANTES: HB (403, 429), Rect (400, 426), Flot (403.00, 429.00)
2025-05-19 17:14:33 - enemigo - [DEBUG] - [Enemigo_2] Target (centro (416, 317)), Dist: 122.00. Mi Centro HB: (416, 439)
2025-05-19 17:14:33 - enemigo - [DEBUG] - [Enemigo_2] EN RANGO AGRO. Input IA (vel): (0.00, -70.00)
2025-05-19 17:14:33 - enemigo - [DEBUG] - [Enemigo_2] Pos flotante (post-IA y delta): (403.0000, 427.8800)
2025-05-19 17:14:33 - enemigo - [DEBUG] - [Enemigo_2] Solicita movimiento a CH (deltas enteros): dx_int=0, dy_int=-2. HB Actual: (403, 429) (Flotantes totales: dx=0.0000, dy=-1.1200)
2025-05-19 17:14:33 - enemigo - [DEBUG] - [Enemigo_2] Inicia _mover_y_colisionar_con_obstaculos. dx_int=0, dy_int=-2. HB Actual: (403, 429)
2025-05-19 17:14:33 - enemigo - [DEBUG] - [Enemigo_2] Hitbox recentrado (enemigo): (416, 437) (Rect center: (416, 437))
2025-05-19 17:14:33 - enemigo - [DEBUG] - [Enemigo_2] _mover_y_colisionar: HB Antes CH: (403,429), HB Despues CH y Sinc: (403,427), Rect: (400, 424), PosFlotante: (403.00,427.00)
2025-05-19 17:14:33 - enemigo - [DEBUG] - [Enemigo_2] Posición DESPUÉS de mov/col: HB (403, 427), Rect (400, 424), Flot (403.00, 427.00)
2025-05-19 17:14:33 - enemigo - [DEBUG] - [Enemigo_2] --- Inicio Update IA --- Delta: 0.0160s. Pos ANTES: HB (403, 427), Rect (400, 424), Flot (403.00, 427.00)
2025-05-19 17:14:33 - enemigo - [DEBUG] - [Enemigo_2] Target (centro (416, 317)), Dist: 120.00. Mi Centro HB: (416, 437)
2025-05-19 17:14:33 - enemigo - [DEBUG] - [Enemigo_2] Pos flotante (post-IA y delta): (403.0000, 425.8800)
2025-05-19 17:14:33 - enemigo - [DEBUG] - [Enemigo_2] Solicita movimiento a CH (deltas enteros): dx_int=0, dy_int=-2. HB Actual: (403, 427) (Flotantes totales: dx=0.0000, dy=-1.1200)
2025-05-19 17:14:33 - enemigo - [DEBUG] - [Enemigo_2] Inicia _mover_y_colisionar_con_obstaculos. dx_int=0, dy_int=-2. HB Actual: (403, 427)
2025-05-19 17:14:33 - enemigo - [DEBUG] - [Enemigo_2] Hitbox recentrado (enemigo): (416, 435) (Rect center: (416, 435))
2025-05-19 17:14:33 - enemigo - [DEBUG] - [Enemigo_2] _mover_y_colisionar: HB Antes CH: (403,427), HB Despues CH y Sinc: (403,425), Rect: (400, 422), PosFlotante: (403.00,425.00)
2025-05-19 17:14:33 - enemigo - [DEBUG] - [Enemigo_2] Posición DESPUÉS de mov/col: HB (403, 425), Rect (400, 422), Flot (403.00, 425.00)
2025-05-19 17:14:33 - enemigo - [DEBUG] - [Enemigo_1] --- Inicio Update IA --- Delta: 0.0160s. Pos ANTES: HB (603, 203), Rect (600, 200), Flot (603.00, 203.00)
2025-05-19 17:14:33 - enemigo - [DEBUG] - [Enemigo_2] --- Inicio Update IA --- Delta: 0.0160s. Pos ANTES: HB (403, 425), Rect (400, 422), Flot (403.00, 425.00)
2025-05-19 17:14:33 - enemigo - [DEBUG] - [Enemigo_2] Target (centro (416, 317)), Dist: 118.00. Mi Centro HB: (416, 435)
2025-05-19 17:14:33 - enemigo - [DEBUG] - [Enemigo_2] Pos flotante (post-IA y delta): (403.0000, 423.8800)
2025-05-19 17:14:33 - enemigo - [DEBUG] - [Enemigo_2] Solicita movimiento a CH (deltas enteros): dx_int=0, dy_int=-2. HB Actual: (403, 425) (Flotantes totales: dx=0.0000, dy=-1.1200)
2025-05-19 17:14:33 - enemigo - [DEBUG] - [Enemigo_2] Inicia _mover_y_colisionar_con_obstaculos. dx_int=0, dy_int=-2. HB Actual: (403, 425)
2025-05-19 17:14:33 - enemigo - [DEBUG] - [Enemigo_2] Hitbox recentrado (enemigo): (416, 433) (Rect center: (416, 433))
2025-05-19 17:14:33 - enemigo - [DEBUG] - [Enemigo_2] _mover_y_colisionar: HB Antes CH: (403,425), HB Despues CH y Sinc: (403,423), Rect: (400, 420), PosFlotante: (403.00,423.00)
2025-05-19 17:14:33 - enemigo - [DEBUG] - [Enemigo_2] Posición DESPUÉS de mov/col: HB (403, 423), Rect (400, 420), Flot (403.00, 423.00)
2025-05-19 17:14:33 - enemigo - [DEBUG] - [Enemigo_1] --- Inicio Update IA --- Delta: 0.0170s. Pos ANTES: HB (603, 203), Rect (600, 200), Flot (603.00, 203.00)
2025-05-19 17:14:33 - enemigo - [DEBUG] - [Enemigo_2] --- Inicio Update IA --- Delta: 0.0170s. Pos ANTES: HB (403, 423), Rect (400, 420), Flot (403.00, 423.00)
2025-05-19 17:14:33 - enemigo - [DEBUG] - [Enemigo_2] Target (centro (416, 317)), Dist: 116.00. Mi Centro HB: (416, 433)
2025-05-19 17:14:33 - enemigo - [DEBUG] - [Enemigo_2] Pos flotante (post-IA y delta): (403.0000, 421.8100)
2025-05-19 17:14:33 - enemigo - [DEBUG] - [Enemigo_2] Solicita movimiento a CH (deltas enteros): dx_int=0, dy_int=-2. HB Actual: (403, 423) (Flotantes totales: dx=0.0000, dy=-1.1900)
2025-05-19 17:14:33 - enemigo - [DEBUG] - [Enemigo_2] Inicia _mover_y_colisionar_con_obstaculos. dx_int=0, dy_int=-2. HB Actual: (403, 423)
2025-05-19 17:14:33 - enemigo - [DEBUG] - [Enemigo_2] Hitbox recentrado (enemigo): (416, 431) (Rect center: (416, 431))
2025-05-19 17:14:33 - enemigo - [DEBUG] - [Enemigo_2] _mover_y_colisionar: HB Antes CH: (403,423), HB Despues CH y Sinc: (403,421), Rect: (400, 418), PosFlotante: (403.00,421.00)
2025-05-19 17:14:33 - enemigo - [DEBUG] - [Enemigo_2] Posición DESPUÉS de mov/col: HB (403, 421), Rect (400, 418), Flot (403.00, 421.00)
2025-05-19 17:14:33 - enemigo - [DEBUG] - [Enemigo_1] Target (centro (416, 317)), Dist: 225.42. Mi Centro HB: (616, 213)
2025-05-19 17:14:33 - enemigo - [DEBUG] - [Enemigo_1] FUERA DE RANGO AGRO/DEMASIADO CERCA. No se calcula mov.
2025-05-19 17:14:33 - enemigo - [DEBUG] - [Enemigo_1] Pos flotante (post-IA y delta): (603.0000, 203.0000)
2025-05-19 17:14:33 - enemigo - [DEBUG] - [Enemigo_1] Sin mov. entero para CH. HB: (603, 203), PosFlotante re-sincronizada a (603.00,203.00)
2025-05-19 17:14:33 - enemigo - [DEBUG] - [Enemigo_2] --- Inicio Update IA --- Delta: 0.0160s. Pos ANTES: HB (403, 421), Rect (400, 418), Flot (403.00, 421.00)
2025-05-19 17:14:33 - enemigo - [DEBUG] - [Enemigo_2] Target (centro (416, 317)), Dist: 114.00. Mi Centro HB: (416, 431)
2025-05-19 17:14:33 - enemigo - [DEBUG] - [Enemigo_2] EN RANGO AGRO. Input IA (vel): (0.00, -70.00)
2025-05-19 17:14:33 - enemigo - [DEBUG] - [Enemigo_2] Pos flotante (post-IA y delta): (403.0000, 419.8800)
2025-05-19 17:14:33 - enemigo - [DEBUG] - [Enemigo_2] Solicita movimiento a CH (deltas enteros): dx_int=0, dy_int=-2. HB Actual: (403, 421) (Flotantes totales: dx=0.0000, dy=-1.1200)
2025-05-19 17:14:33 - enemigo - [DEBUG] - [Enemigo_2] Inicia _mover_y_colisionar_con_obstaculos. dx_int=0, dy_int=-2. HB Actual: (403, 421)
2025-05-19 17:14:33 - enemigo - [DEBUG] - [Enemigo_2] Hitbox recentrado (enemigo): (416, 429) (Rect center: (416, 429))
2025-05-19 17:14:33 - enemigo - [DEBUG] - [Enemigo_2] _mover_y_colisionar: HB Antes CH: (403,421), HB Despues CH y Sinc: (403,419), Rect: (400, 416), PosFlotante: (403.00,419.00)
2025-05-19 17:14:33 - enemigo - [DEBUG] - [Enemigo_2] Posición DESPUÉS de mov/col: HB (403, 419), Rect (400, 416), Flot (403.00, 419.00)
2025-05-19 17:14:33 - enemigo - [DEBUG] - [Enemigo_2] --- Inicio Update IA --- Delta: 0.0160s. Pos ANTES: HB (403, 419), Rect (400, 416), Flot (403.00, 419.00)
2025-05-19 17:14:33 - enemigo - [DEBUG] - [Enemigo_2] Target (centro (416, 317)), Dist: 112.00. Mi Centro HB: (416, 429)
2025-05-19 17:14:33 - enemigo - [DEBUG] - [Enemigo_2] Pos flotante (post-IA y delta): (403.0000, 417.8800)
2025-05-19 17:14:33 - enemigo - [DEBUG] - [Enemigo_2] Solicita movimiento a CH (deltas enteros): dx_int=0, dy_int=-2. HB Actual: (403, 419) (Flotantes totales: dx=0.0000, dy=-1.1200)
2025-05-19 17:14:33 - enemigo - [DEBUG] - [Enemigo_2] Inicia _mover_y_colisionar_con_obstaculos. dx_int=0, dy_int=-2. HB Actual: (403, 419)
2025-05-19 17:14:33 - enemigo - [DEBUG] - [Enemigo_2] Hitbox recentrado (enemigo): (416, 427) (Rect center: (416, 427))
2025-05-19 17:14:33 - enemigo - [DEBUG] - [Enemigo_2] _mover_y_colisionar: HB Antes CH: (403,419), HB Despues CH y Sinc: (403,417), Rect: (400, 414), PosFlotante: (403.00,417.00)
2025-05-19 17:14:33 - enemigo - [DEBUG] - [Enemigo_2] Posición DESPUÉS de mov/col: HB (403, 417), Rect (400, 414), Flot (403.00, 417.00)
2025-05-19 17:14:33 - enemigo - [DEBUG] - [Enemigo_1] --- Inicio Update IA --- Delta: 0.0160s. Pos ANTES: HB (603, 203), Rect (600, 200), Flot (603.00, 203.00)
2025-05-19 17:14:33 - enemigo - [DEBUG] - [Enemigo_2] --- Inicio Update IA --- Delta: 0.0160s. Pos ANTES: HB (403, 417), Rect (400, 414), Flot (403.00, 417.00)
2025-05-19 17:14:33 - enemigo - [DEBUG] - [Enemigo_2] Target (centro (416, 317)), Dist: 110.00. Mi Centro HB: (416, 427)
2025-05-19 17:14:33 - enemigo - [DEBUG] - [Enemigo_2] Pos flotante (post-IA y delta): (403.0000, 415.8800)
2025-05-19 17:14:33 - enemigo - [DEBUG] - [Enemigo_2] Solicita movimiento a CH (deltas enteros): dx_int=0, dy_int=-2. HB Actual: (403, 417) (Flotantes totales: dx=0.0000, dy=-1.1200)
2025-05-19 17:14:33 - enemigo - [DEBUG] - [Enemigo_2] Inicia _mover_y_colisionar_con_obstaculos. dx_int=0, dy_int=-2. HB Actual: (403, 417)
2025-05-19 17:14:33 - enemigo - [DEBUG] - [Enemigo_2] Hitbox recentrado (enemigo): (416, 425) (Rect center: (416, 425))
2025-05-19 17:14:33 - enemigo - [DEBUG] - [Enemigo_2] _mover_y_colisionar: HB Antes CH: (403,417), HB Despues CH y Sinc: (403,415), Rect: (400, 412), PosFlotante: (403.00,415.00)
2025-05-19 17:14:33 - enemigo - [DEBUG] - [Enemigo_2] Posición DESPUÉS de mov/col: HB (403, 415), Rect (400, 412), Flot (403.00, 415.00)
2025-05-19 17:14:33 - enemigo - [DEBUG] - [Enemigo_2] --- Inicio Update IA --- Delta: 0.0160s. Pos ANTES: HB (403, 415), Rect (400, 412), Flot (403.00, 415.00)
2025-05-19 17:14:33 - enemigo - [DEBUG] - [Enemigo_2] Target (centro (416, 317)), Dist: 108.00. Mi Centro HB: (416, 425)
2025-05-19 17:14:33 - enemigo - [DEBUG] - [Enemigo_2] Pos flotante (post-IA y delta): (403.0000, 413.8800)
2025-05-19 17:14:33 - enemigo - [DEBUG] - [Enemigo_2] Solicita movimiento a CH (deltas enteros): dx_int=0, dy_int=-2. HB Actual: (403, 415) (Flotantes totales: dx=0.0000, dy=-1.1200)
2025-05-19 17:14:33 - enemigo - [DEBUG] - [Enemigo_2] Inicia _mover_y_colisionar_con_obstaculos. dx_int=0, dy_int=-2. HB Actual: (403, 415)
2025-05-19 17:14:33 - enemigo - [DEBUG] - [Enemigo_2] Hitbox recentrado (enemigo): (416, 423) (Rect center: (416, 423))
2025-05-19 17:14:33 - enemigo - [DEBUG] - [Enemigo_2] _mover_y_colisionar: HB Antes CH: (403,415), HB Despues CH y Sinc: (403,413), Rect: (400, 410), PosFlotante: (403.00,413.00)
2025-05-19 17:14:33 - enemigo - [DEBUG] - [Enemigo_2] Posición DESPUÉS de mov/col: HB (403, 413), Rect (400, 410), Flot (403.00, 413.00)
2025-05-19 17:14:33 - enemigo - [DEBUG] - [Enemigo_1] Target (centro (416, 317)), Dist: 225.42. Mi Centro HB: (616, 213)
2025-05-19 17:14:33 - enemigo - [DEBUG] - [Enemigo_1] FUERA DE RANGO AGRO/DEMASIADO CERCA. No se calcula mov.
2025-05-19 17:14:33 - enemigo - [DEBUG] - [Enemigo_1] Pos flotante (post-IA y delta): (603.0000, 203.0000)
2025-05-19 17:14:33 - enemigo - [DEBUG] - [Enemigo_1] Sin mov. entero para CH. HB: (603, 203), PosFlotante re-sincronizada a (603.00,203.00)
2025-05-19 17:14:33 - enemigo - [DEBUG] - [Enemigo_2] --- Inicio Update IA --- Delta: 0.0160s. Pos ANTES: HB (403, 413), Rect (400, 410), Flot (403.00, 413.00)
2025-05-19 17:14:33 - enemigo - [DEBUG] - [Enemigo_2] Target (centro (416, 317)), Dist: 106.00. Mi Centro HB: (416, 423)
2025-05-19 17:14:33 - enemigo - [DEBUG] - [Enemigo_2] EN RANGO AGRO. Input IA (vel): (0.00, -70.00)
2025-05-19 17:14:33 - enemigo - [DEBUG] - [Enemigo_2] Pos flotante (post-IA y delta): (403.0000, 411.8800)
2025-05-19 17:14:33 - enemigo - [DEBUG] - [Enemigo_2] Solicita movimiento a CH (deltas enteros): dx_int=0, dy_int=-2. HB Actual: (403, 413) (Flotantes totales: dx=0.0000, dy=-1.1200)
2025-05-19 17:14:33 - enemigo - [DEBUG] - [Enemigo_2] Inicia _mover_y_colisionar_con_obstaculos. dx_int=0, dy_int=-2. HB Actual: (403, 413)
2025-05-19 17:14:33 - enemigo - [DEBUG] - [Enemigo_2] Hitbox recentrado (enemigo): (416, 421) (Rect center: (416, 421))
2025-05-19 17:14:33 - enemigo - [DEBUG] - [Enemigo_2] _mover_y_colisionar: HB Antes CH: (403,413), HB Despues CH y Sinc: (403,411), Rect: (400, 408), PosFlotante: (403.00,411.00)
2025-05-19 17:14:33 - enemigo - [DEBUG] - [Enemigo_2] Posición DESPUÉS de mov/col: HB (403, 411), Rect (400, 408), Flot (403.00, 411.00)
2025-05-19 17:14:33 - enemigo - [DEBUG] - [Enemigo_1] --- Inicio Update IA --- Delta: 0.0170s. Pos ANTES: HB (603, 203), Rect (600, 200), Flot (603.00, 203.00)
2025-05-19 17:14:33 - enemigo - [DEBUG] - [Enemigo_2] --- Inicio Update IA --- Delta: 0.0170s. Pos ANTES: HB (403, 411), Rect (400, 408), Flot (403.00, 411.00)
2025-05-19 17:14:33 - enemigo - [DEBUG] - [Enemigo_2] Target (centro (416, 317)), Dist: 104.00. Mi Centro HB: (416, 421)
2025-05-19 17:14:33 - enemigo - [DEBUG] - [Enemigo_2] Pos flotante (post-IA y delta): (403.0000, 409.8100)
2025-05-19 17:14:33 - enemigo - [DEBUG] - [Enemigo_2] Solicita movimiento a CH (deltas enteros): dx_int=0, dy_int=-2. HB Actual: (403, 411) (Flotantes totales: dx=0.0000, dy=-1.1900)
2025-05-19 17:14:33 - enemigo - [DEBUG] - [Enemigo_2] Inicia _mover_y_colisionar_con_obstaculos. dx_int=0, dy_int=-2. HB Actual: (403, 411)
2025-05-19 17:14:33 - enemigo - [DEBUG] - [Enemigo_2] Hitbox recentrado (enemigo): (416, 419) (Rect center: (416, 419))
2025-05-19 17:14:33 - enemigo - [DEBUG] - [Enemigo_2] _mover_y_colisionar: HB Antes CH: (403,411), HB Despues CH y Sinc: (403,409), Rect: (400, 406), PosFlotante: (403.00,409.00)
2025-05-19 17:14:33 - enemigo - [DEBUG] - [Enemigo_2] Posición DESPUÉS de mov/col: HB (403, 409), Rect (400, 406), Flot (403.00, 409.00)
2025-05-19 17:14:33 - enemigo - [DEBUG] - [Enemigo_2] --- Inicio Update IA --- Delta: 0.0170s. Pos ANTES: HB (403, 409), Rect (400, 406), Flot (403.00, 409.00)
2025-05-19 17:14:33 - enemigo - [DEBUG] - [Enemigo_2] Target (centro (416, 317)), Dist: 102.00. Mi Centro HB: (416, 419)
2025-05-19 17:14:33 - enemigo - [DEBUG] - [Enemigo_2] Pos flotante (post-IA y delta): (403.0000, 407.8100)
2025-05-19 17:14:33 - enemigo - [DEBUG] - [Enemigo_2] Solicita movimiento a CH (deltas enteros): dx_int=0, dy_int=-2. HB Actual: (403, 409) (Flotantes totales: dx=0.0000, dy=-1.1900)
2025-05-19 17:14:33 - enemigo - [DEBUG] - [Enemigo_2] Inicia _mover_y_colisionar_con_obstaculos. dx_int=0, dy_int=-2. HB Actual: (403, 409)
2025-05-19 17:14:33 - enemigo - [DEBUG] - [Enemigo_2] Hitbox recentrado (enemigo): (416, 417) (Rect center: (416, 417))
2025-05-19 17:14:33 - enemigo - [DEBUG] - [Enemigo_2] _mover_y_colisionar: HB Antes CH: (403,409), HB Despues CH y Sinc: (403,407), Rect: (400, 404), PosFlotante: (403.00,407.00)
2025-05-19 17:14:33 - enemigo - [DEBUG] - [Enemigo_2] Posición DESPUÉS de mov/col: HB (403, 407), Rect (400, 404), Flot (403.00, 407.00)
2025-05-19 17:14:33 - enemigo - [DEBUG] - [Enemigo_1] --- Inicio Update IA --- Delta: 0.0160s. Pos ANTES: HB (603, 203), Rect (600, 200), Flot (603.00, 203.00)
2025-05-19 17:14:33 - enemigo - [DEBUG] - [Enemigo_2] --- Inicio Update IA --- Delta: 0.0160s. Pos ANTES: HB (403, 407), Rect (400, 404), Flot (403.00, 407.00)
2025-05-19 17:14:33 - enemigo - [DEBUG] - [Enemigo_2] Target (centro (416, 317)), Dist: 100.00. Mi Centro HB: (416, 417)
2025-05-19 17:14:33 - enemigo - [DEBUG] - [Enemigo_2] Pos flotante (post-IA y delta): (403.0000, 405.8800)
2025-05-19 17:14:33 - enemigo - [DEBUG] - [Enemigo_2] Solicita movimiento a CH (deltas enteros): dx_int=0, dy_int=-2. HB Actual: (403, 407) (Flotantes totales: dx=0.0000, dy=-1.1200)
2025-05-19 17:14:33 - enemigo - [DEBUG] - [Enemigo_2] Inicia _mover_y_colisionar_con_obstaculos. dx_int=0, dy_int=-2. HB Actual: (403, 407)
2025-05-19 17:14:33 - enemigo - [DEBUG] - [Enemigo_2] Hitbox recentrado (enemigo): (416, 415) (Rect center: (416, 415))
2025-05-19 17:14:33 - enemigo - [DEBUG] - [Enemigo_2] _mover_y_colisionar: HB Antes CH: (403,407), HB Despues CH y Sinc: (403,405), Rect: (400, 402), PosFlotante: (403.00,405.00)
2025-05-19 17:14:33 - enemigo - [DEBUG] - [Enemigo_2] Posición DESPUÉS de mov/col: HB (403, 405), Rect (400, 402), Flot (403.00, 405.00)
2025-05-19 17:14:33 - enemigo - [DEBUG] - [Enemigo_1] Target (centro (416, 317)), Dist: 225.42. Mi Centro HB: (616, 213)
2025-05-19 17:14:33 - enemigo - [DEBUG] - [Enemigo_1] FUERA DE RANGO AGRO/DEMASIADO CERCA. No se calcula mov.
2025-05-19 17:14:33 - enemigo - [DEBUG] - [Enemigo_1] Pos flotante (post-IA y delta): (603.0000, 203.0000)
2025-05-19 17:14:33 - enemigo - [DEBUG] - [Enemigo_1] Sin mov. entero para CH. HB: (603, 203), PosFlotante re-sincronizada a (603.00,203.00)
2025-05-19 17:14:33 - enemigo - [DEBUG] - [Enemigo_2] --- Inicio Update IA --- Delta: 0.0170s. Pos ANTES: HB (403, 405), Rect (400, 402), Flot (403.00, 405.00)
2025-05-19 17:14:33 - enemigo - [DEBUG] - [Enemigo_2] Target (centro (416, 317)), Dist: 98.00. Mi Centro HB: (416, 415)
2025-05-19 17:14:33 - enemigo - [DEBUG] - [Enemigo_2] EN RANGO AGRO. Input IA (vel): (0.00, -70.00)
2025-05-19 17:14:33 - enemigo - [DEBUG] - [Enemigo_2] Pos flotante (post-IA y delta): (403.0000, 403.8100)
2025-05-19 17:14:33 - enemigo - [DEBUG] - [Enemigo_2] Solicita movimiento a CH (deltas enteros): dx_int=0, dy_int=-2. HB Actual: (403, 405) (Flotantes totales: dx=0.0000, dy=-1.1900)
2025-05-19 17:14:33 - enemigo - [DEBUG] - [Enemigo_2] Inicia _mover_y_colisionar_con_obstaculos. dx_int=0, dy_int=-2. HB Actual: (403, 405)
2025-05-19 17:14:33 - enemigo - [DEBUG] - [Enemigo_2] Hitbox recentrado (enemigo): (416, 413) (Rect center: (416, 413))
2025-05-19 17:14:33 - enemigo - [DEBUG] - [Enemigo_2] _mover_y_colisionar: HB Antes CH: (403,405), HB Despues CH y Sinc: (403,403), Rect: (400, 400), PosFlotante: (403.00,403.00)
2025-05-19 17:14:33 - enemigo - [DEBUG] - [Enemigo_2] Posición DESPUÉS de mov/col: HB (403, 403), Rect (400, 400), Flot (403.00, 403.00)
2025-05-19 17:14:33 - enemigo - [DEBUG] - [Enemigo_2] --- Inicio Update IA --- Delta: 0.0160s. Pos ANTES: HB (403, 403), Rect (400, 400), Flot (403.00, 403.00)
2025-05-19 17:14:33 - enemigo - [DEBUG] - [Enemigo_2] Target (centro (416, 317)), Dist: 96.00. Mi Centro HB: (416, 413)
2025-05-19 17:14:33 - enemigo - [DEBUG] - [Enemigo_2] Pos flotante (post-IA y delta): (403.0000, 401.8800)
2025-05-19 17:14:33 - enemigo - [DEBUG] - [Enemigo_2] Solicita movimiento a CH (deltas enteros): dx_int=0, dy_int=-2. HB Actual: (403, 403) (Flotantes totales: dx=0.0000, dy=-1.1200)
2025-05-19 17:14:33 - enemigo - [DEBUG] - [Enemigo_2] Inicia _mover_y_colisionar_con_obstaculos. dx_int=0, dy_int=-2. HB Actual: (403, 403)
2025-05-19 17:14:33 - enemigo - [DEBUG] - [Enemigo_2] Hitbox recentrado (enemigo): (416, 411) (Rect center: (416, 411))
2025-05-19 17:14:33 - enemigo - [DEBUG] - [Enemigo_2] _mover_y_colisionar: HB Antes CH: (403,403), HB Despues CH y Sinc: (403,401), Rect: (400, 398), PosFlotante: (403.00,401.00)
2025-05-19 17:14:33 - enemigo - [DEBUG] - [Enemigo_2] Posición DESPUÉS de mov/col: HB (403, 401), Rect (400, 398), Flot (403.00, 401.00)
2025-05-19 17:14:33 - enemigo - [DEBUG] - [Enemigo_1] --- Inicio Update IA --- Delta: 0.0170s. Pos ANTES: HB (603, 203), Rect (600, 200), Flot (603.00, 203.00)
2025-05-19 17:14:33 - enemigo - [DEBUG] - [Enemigo_2] --- Inicio Update IA --- Delta: 0.0170s. Pos ANTES: HB (403, 401), Rect (400, 398), Flot (403.00, 401.00)
2025-05-19 17:14:33 - enemigo - [DEBUG] - [Enemigo_2] Target (centro (416, 317)), Dist: 94.00. Mi Centro HB: (416, 411)
2025-05-19 17:14:33 - enemigo - [DEBUG] - [Enemigo_2] Pos flotante (post-IA y delta): (403.0000, 399.8100)
2025-05-19 17:14:33 - enemigo - [DEBUG] - [Enemigo_2] Solicita movimiento a CH (deltas enteros): dx_int=0, dy_int=-2. HB Actual: (403, 401) (Flotantes totales: dx=0.0000, dy=-1.1900)
2025-05-19 17:14:33 - enemigo - [DEBUG] - [Enemigo_2] Inicia _mover_y_colisionar_con_obstaculos. dx_int=0, dy_int=-2. HB Actual: (403, 401)
2025-05-19 17:14:33 - enemigo - [DEBUG] - [Enemigo_2] Hitbox recentrado (enemigo): (416, 409) (Rect center: (416, 409))
2025-05-19 17:14:33 - enemigo - [DEBUG] - [Enemigo_2] _mover_y_colisionar: HB Antes CH: (403,401), HB Despues CH y Sinc: (403,399), Rect: (400, 396), PosFlotante: (403.00,399.00)
2025-05-19 17:14:33 - enemigo - [DEBUG] - [Enemigo_2] Posición DESPUÉS de mov/col: HB (403, 399), Rect (400, 396), Flot (403.00, 399.00)
2025-05-19 17:14:33 - enemigo - [DEBUG] - [Enemigo_1] --- Inicio Update IA --- Delta: 0.0160s. Pos ANTES: HB (603, 203), Rect (600, 200), Flot (603.00, 203.00)
2025-05-19 17:14:33 - enemigo - [DEBUG] - [Enemigo_2] --- Inicio Update IA --- Delta: 0.0160s. Pos ANTES: HB (403, 399), Rect (400, 396), Flot (403.00, 399.00)
2025-05-19 17:14:33 - enemigo - [DEBUG] - [Enemigo_2] Target (centro (416, 317)), Dist: 92.00. Mi Centro HB: (416, 409)
2025-05-19 17:14:33 - enemigo - [DEBUG] - [Enemigo_2] Pos flotante (post-IA y delta): (403.0000, 397.8800)
2025-05-19 17:14:33 - enemigo - [DEBUG] - [Enemigo_2] Solicita movimiento a CH (deltas enteros): dx_int=0, dy_int=-2. HB Actual: (403, 399) (Flotantes totales: dx=0.0000, dy=-1.1200)
2025-05-19 17:14:33 - enemigo - [DEBUG] - [Enemigo_2] Inicia _mover_y_colisionar_con_obstaculos. dx_int=0, dy_int=-2. HB Actual: (403, 399)
2025-05-19 17:14:33 - enemigo - [DEBUG] - [Enemigo_2] Hitbox recentrado (enemigo): (416, 407) (Rect center: (416, 407))
2025-05-19 17:14:33 - enemigo - [DEBUG] - [Enemigo_2] _mover_y_colisionar: HB Antes CH: (403,399), HB Despues CH y Sinc: (403,397), Rect: (400, 394), PosFlotante: (403.00,397.00)
2025-05-19 17:14:33 - enemigo - [DEBUG] - [Enemigo_2] Posición DESPUÉS de mov/col: HB (403, 397), Rect (400, 394), Flot (403.00, 397.00)
2025-05-19 17:14:33 - enemigo - [DEBUG] - [Enemigo_1] Target (centro (416, 317)), Dist: 225.42. Mi Centro HB: (616, 213)
2025-05-19 17:14:33 - enemigo - [DEBUG] - [Enemigo_1] FUERA DE RANGO AGRO/DEMASIADO CERCA. No se calcula mov.
2025-05-19 17:14:33 - enemigo - [DEBUG] - [Enemigo_1] Pos flotante (post-IA y delta): (603.0000, 203.0000)
2025-05-19 17:14:33 - enemigo - [DEBUG] - [Enemigo_1] Sin mov. entero para CH. HB: (603, 203), PosFlotante re-sincronizada a (603.00,203.00)
2025-05-19 17:14:33 - enemigo - [DEBUG] - [Enemigo_2] --- Inicio Update IA --- Delta: 0.0170s. Pos ANTES: HB (403, 397), Rect (400, 394), Flot (403.00, 397.00)
2025-05-19 17:14:33 - enemigo - [DEBUG] - [Enemigo_2] Target (centro (416, 317)), Dist: 90.00. Mi Centro HB: (416, 407)
2025-05-19 17:14:33 - enemigo - [DEBUG] - [Enemigo_2] EN RANGO AGRO. Input IA (vel): (0.00, -70.00)
2025-05-19 17:14:33 - enemigo - [DEBUG] - [Enemigo_2] Pos flotante (post-IA y delta): (403.0000, 395.8100)
2025-05-19 17:14:33 - enemigo - [DEBUG] - [Enemigo_2] Solicita movimiento a CH (deltas enteros): dx_int=0, dy_int=-2. HB Actual: (403, 397) (Flotantes totales: dx=0.0000, dy=-1.1900)
2025-05-19 17:14:33 - enemigo - [DEBUG] - [Enemigo_2] Inicia _mover_y_colisionar_con_obstaculos. dx_int=0, dy_int=-2. HB Actual: (403, 397)
2025-05-19 17:14:33 - enemigo - [DEBUG] - [Enemigo_2] Hitbox recentrado (enemigo): (416, 405) (Rect center: (416, 405))
2025-05-19 17:14:33 - enemigo - [DEBUG] - [Enemigo_2] _mover_y_colisionar: HB Antes CH: (403,397), HB Despues CH y Sinc: (403,395), Rect: (400, 392), PosFlotante: (403.00,395.00)
2025-05-19 17:14:33 - enemigo - [DEBUG] - [Enemigo_2] Posición DESPUÉS de mov/col: HB (403, 395), Rect (400, 392), Flot (403.00, 395.00)
2025-05-19 17:14:33 - enemigo - [DEBUG] - [Enemigo_2] --- Inicio Update IA --- Delta: 0.0160s. Pos ANTES: HB (403, 395), Rect (400, 392), Flot (403.00, 395.00)
2025-05-19 17:14:33 - enemigo - [DEBUG] - [Enemigo_2] Target (centro (416, 317)), Dist: 88.00. Mi Centro HB: (416, 405)
2025-05-19 17:14:33 - enemigo - [DEBUG] - [Enemigo_2] Pos flotante (post-IA y delta): (403.0000, 393.8800)
2025-05-19 17:14:33 - enemigo - [DEBUG] - [Enemigo_2] Solicita movimiento a CH (deltas enteros): dx_int=0, dy_int=-2. HB Actual: (403, 395) (Flotantes totales: dx=0.0000, dy=-1.1200)
2025-05-19 17:14:33 - enemigo - [DEBUG] - [Enemigo_2] Inicia _mover_y_colisionar_con_obstaculos. dx_int=0, dy_int=-2. HB Actual: (403, 395)
2025-05-19 17:14:33 - enemigo - [DEBUG] - [Enemigo_2] Hitbox recentrado (enemigo): (416, 403) (Rect center: (416, 403))
2025-05-19 17:14:33 - enemigo - [DEBUG] - [Enemigo_2] _mover_y_colisionar: HB Antes CH: (403,395), HB Despues CH y Sinc: (403,393), Rect: (400, 390), PosFlotante: (403.00,393.00)
2025-05-19 17:14:33 - enemigo - [DEBUG] - [Enemigo_2] Posición DESPUÉS de mov/col: HB (403, 393), Rect (400, 390), Flot (403.00, 393.00)
2025-05-19 17:14:34 - enemigo - [DEBUG] - [Enemigo_2] --- Inicio Update IA --- Delta: 0.0160s. Pos ANTES: HB (403, 393), Rect (400, 390), Flot (403.00, 393.00)
2025-05-19 17:14:34 - enemigo - [DEBUG] - [Enemigo_2] Target (centro (416, 317)), Dist: 86.00. Mi Centro HB: (416, 403)
2025-05-19 17:14:34 - enemigo - [DEBUG] - [Enemigo_2] Pos flotante (post-IA y delta): (403.0000, 391.8800)
2025-05-19 17:14:34 - enemigo - [DEBUG] - [Enemigo_2] Solicita movimiento a CH (deltas enteros): dx_int=0, dy_int=-2. HB Actual: (403, 393) (Flotantes totales: dx=0.0000, dy=-1.1200)
2025-05-19 17:14:34 - enemigo - [DEBUG] - [Enemigo_2] Inicia _mover_y_colisionar_con_obstaculos. dx_int=0, dy_int=-2. HB Actual: (403, 393)
2025-05-19 17:14:34 - enemigo - [DEBUG] - [Enemigo_2] Hitbox recentrado (enemigo): (416, 401) (Rect center: (416, 401))
2025-05-19 17:14:34 - enemigo - [DEBUG] - [Enemigo_2] _mover_y_colisionar: HB Antes CH: (403,393), HB Despues CH y Sinc: (403,391), Rect: (400, 388), PosFlotante: (403.00,391.00)
2025-05-19 17:14:34 - enemigo - [DEBUG] - [Enemigo_2] Posición DESPUÉS de mov/col: HB (403, 391), Rect (400, 388), Flot (403.00, 391.00)
2025-05-19 17:14:34 - enemigo - [DEBUG] - [Enemigo_1] --- Inicio Update IA --- Delta: 0.0160s. Pos ANTES: HB (603, 203), Rect (600, 200), Flot (603.00, 203.00)
2025-05-19 17:14:34 - enemigo - [DEBUG] - [Enemigo_2] --- Inicio Update IA --- Delta: 0.0160s. Pos ANTES: HB (403, 391), Rect (400, 388), Flot (403.00, 391.00)
2025-05-19 17:14:34 - enemigo - [DEBUG] - [Enemigo_2] Target (centro (416, 317)), Dist: 84.00. Mi Centro HB: (416, 401)
2025-05-19 17:14:34 - enemigo - [DEBUG] - [Enemigo_2] Pos flotante (post-IA y delta): (403.0000, 389.8800)
2025-05-19 17:14:34 - enemigo - [DEBUG] - [Enemigo_2] Solicita movimiento a CH (deltas enteros): dx_int=0, dy_int=-2. HB Actual: (403, 391) (Flotantes totales: dx=0.0000, dy=-1.1200)
2025-05-19 17:14:34 - enemigo - [DEBUG] - [Enemigo_2] Inicia _mover_y_colisionar_con_obstaculos. dx_int=0, dy_int=-2. HB Actual: (403, 391)
2025-05-19 17:14:34 - enemigo - [DEBUG] - [Enemigo_2] Hitbox recentrado (enemigo): (416, 399) (Rect center: (416, 399))
2025-05-19 17:14:34 - enemigo - [DEBUG] - [Enemigo_2] _mover_y_colisionar: HB Antes CH: (403,391), HB Despues CH y Sinc: (403,389), Rect: (400, 386), PosFlotante: (403.00,389.00)
2025-05-19 17:14:34 - enemigo - [DEBUG] - [Enemigo_2] Posición DESPUÉS de mov/col: HB (403, 389), Rect (400, 386), Flot (403.00, 389.00)
2025-05-19 17:14:34 - enemigo - [DEBUG] - [Enemigo_1] Target (centro (416, 317)), Dist: 225.42. Mi Centro HB: (616, 213)
2025-05-19 17:14:34 - enemigo - [DEBUG] - [Enemigo_1] FUERA DE RANGO AGRO/DEMASIADO CERCA. No se calcula mov.
2025-05-19 17:14:34 - enemigo - [DEBUG] - [Enemigo_1] Pos flotante (post-IA y delta): (603.0000, 203.0000)
2025-05-19 17:14:34 - enemigo - [DEBUG] - [Enemigo_1] Sin mov. entero para CH. HB: (603, 203), PosFlotante re-sincronizada a (603.00,203.00)
2025-05-19 17:14:34 - enemigo - [DEBUG] - [Enemigo_2] --- Inicio Update IA --- Delta: 0.0160s. Pos ANTES: HB (403, 389), Rect (400, 386), Flot (403.00, 389.00)
2025-05-19 17:14:34 - enemigo - [DEBUG] - [Enemigo_2] Target (centro (416, 317)), Dist: 82.00. Mi Centro HB: (416, 399)
2025-05-19 17:14:34 - enemigo - [DEBUG] - [Enemigo_2] EN RANGO AGRO. Input IA (vel): (0.00, -70.00)
2025-05-19 17:14:34 - enemigo - [DEBUG] - [Enemigo_2] Pos flotante (post-IA y delta): (403.0000, 387.8800)
2025-05-19 17:14:34 - enemigo - [DEBUG] - [Enemigo_2] Solicita movimiento a CH (deltas enteros): dx_int=0, dy_int=-2. HB Actual: (403, 389) (Flotantes totales: dx=0.0000, dy=-1.1200)
2025-05-19 17:14:34 - enemigo - [DEBUG] - [Enemigo_2] Inicia _mover_y_colisionar_con_obstaculos. dx_int=0, dy_int=-2. HB Actual: (403, 389)
2025-05-19 17:14:34 - enemigo - [DEBUG] - [Enemigo_2] Hitbox recentrado (enemigo): (416, 397) (Rect center: (416, 397))
2025-05-19 17:14:34 - enemigo - [DEBUG] - [Enemigo_2] _mover_y_colisionar: HB Antes CH: (403,389), HB Despues CH y Sinc: (403,387), Rect: (400, 384), PosFlotante: (403.00,387.00)
2025-05-19 17:14:34 - enemigo - [DEBUG] - [Enemigo_2] Posición DESPUÉS de mov/col: HB (403, 387), Rect (400, 384), Flot (403.00, 387.00)
2025-05-19 17:14:34 - enemigo - [DEBUG] - [Enemigo_1] --- Inicio Update IA --- Delta: 0.0170s. Pos ANTES: HB (603, 203), Rect (600, 200), Flot (603.00, 203.00)
2025-05-19 17:14:34 - enemigo - [DEBUG] - [Enemigo_2] --- Inicio Update IA --- Delta: 0.0170s. Pos ANTES: HB (403, 387), Rect (400, 384), Flot (403.00, 387.00)
2025-05-19 17:14:34 - enemigo - [DEBUG] - [Enemigo_2] Target (centro (416, 317)), Dist: 80.00. Mi Centro HB: (416, 397)
2025-05-19 17:14:34 - enemigo - [DEBUG] - [Enemigo_2] Pos flotante (post-IA y delta): (403.0000, 385.8100)
2025-05-19 17:14:34 - enemigo - [DEBUG] - [Enemigo_2] Solicita movimiento a CH (deltas enteros): dx_int=0, dy_int=-2. HB Actual: (403, 387) (Flotantes totales: dx=0.0000, dy=-1.1900)
2025-05-19 17:14:34 - enemigo - [DEBUG] - [Enemigo_2] Inicia _mover_y_colisionar_con_obstaculos. dx_int=0, dy_int=-2. HB Actual: (403, 387)
2025-05-19 17:14:34 - enemigo - [DEBUG] - [Enemigo_2] Hitbox recentrado (enemigo): (416, 395) (Rect center: (416, 395))
2025-05-19 17:14:34 - enemigo - [DEBUG] - [Enemigo_2] _mover_y_colisionar: HB Antes CH: (403,387), HB Despues CH y Sinc: (403,385), Rect: (400, 382), PosFlotante: (403.00,385.00)
2025-05-19 17:14:34 - enemigo - [DEBUG] - [Enemigo_2] Posición DESPUÉS de mov/col: HB (403, 385), Rect (400, 382), Flot (403.00, 385.00)
2025-05-19 17:14:34 - enemigo - [DEBUG] - [Enemigo_2] --- Inicio Update IA --- Delta: 0.0160s. Pos ANTES: HB (403, 385), Rect (400, 382), Flot (403.00, 385.00)
2025-05-19 17:14:34 - enemigo - [DEBUG] - [Enemigo_2] Target (centro (416, 317)), Dist: 78.00. Mi Centro HB: (416, 395)
2025-05-19 17:14:34 - enemigo - [DEBUG] - [Enemigo_2] Pos flotante (post-IA y delta): (403.0000, 383.8800)
2025-05-19 17:14:34 - enemigo - [DEBUG] - [Enemigo_2] Solicita movimiento a CH (deltas enteros): dx_int=0, dy_int=-2. HB Actual: (403, 385) (Flotantes totales: dx=0.0000, dy=-1.1200)
2025-05-19 17:14:34 - enemigo - [DEBUG] - [Enemigo_2] Inicia _mover_y_colisionar_con_obstaculos. dx_int=0, dy_int=-2. HB Actual: (403, 385)
2025-05-19 17:14:34 - enemigo - [DEBUG] - [Enemigo_2] Hitbox recentrado (enemigo): (416, 393) (Rect center: (416, 393))
2025-05-19 17:14:34 - enemigo - [DEBUG] - [Enemigo_2] _mover_y_colisionar: HB Antes CH: (403,385), HB Despues CH y Sinc: (403,383), Rect: (400, 380), PosFlotante: (403.00,383.00)
2025-05-19 17:14:34 - enemigo - [DEBUG] - [Enemigo_2] Posición DESPUÉS de mov/col: HB (403, 383), Rect (400, 380), Flot (403.00, 383.00)
2025-05-19 17:14:34 - enemigo - [DEBUG] - [Enemigo_1] --- Inicio Update IA --- Delta: 0.0160s. Pos ANTES: HB (603, 203), Rect (600, 200), Flot (603.00, 203.00)
2025-05-19 17:14:34 - enemigo - [DEBUG] - [Enemigo_2] --- Inicio Update IA --- Delta: 0.0160s. Pos ANTES: HB (403, 383), Rect (400, 380), Flot (403.00, 383.00)
2025-05-19 17:14:34 - enemigo - [DEBUG] - [Enemigo_2] Target (centro (416, 317)), Dist: 76.00. Mi Centro HB: (416, 393)
2025-05-19 17:14:34 - enemigo - [DEBUG] - [Enemigo_2] Pos flotante (post-IA y delta): (403.0000, 381.8800)
2025-05-19 17:14:34 - enemigo - [DEBUG] - [Enemigo_2] Solicita movimiento a CH (deltas enteros): dx_int=0, dy_int=-2. HB Actual: (403, 383) (Flotantes totales: dx=0.0000, dy=-1.1200)
2025-05-19 17:14:34 - enemigo - [DEBUG] - [Enemigo_2] Inicia _mover_y_colisionar_con_obstaculos. dx_int=0, dy_int=-2. HB Actual: (403, 383)
2025-05-19 17:14:34 - enemigo - [DEBUG] - [Enemigo_2] Hitbox recentrado (enemigo): (416, 391) (Rect center: (416, 391))
2025-05-19 17:14:34 - enemigo - [DEBUG] - [Enemigo_2] _mover_y_colisionar: HB Antes CH: (403,383), HB Despues CH y Sinc: (403,381), Rect: (400, 378), PosFlotante: (403.00,381.00)
2025-05-19 17:14:34 - enemigo - [DEBUG] - [Enemigo_2] Posición DESPUÉS de mov/col: HB (403, 381), Rect (400, 378), Flot (403.00, 381.00)
2025-05-19 17:14:34 - enemigo - [DEBUG] - [Enemigo_1] Target (centro (416, 317)), Dist: 225.42. Mi Centro HB: (616, 213)
2025-05-19 17:14:34 - enemigo - [DEBUG] - [Enemigo_1] FUERA DE RANGO AGRO/DEMASIADO CERCA. No se calcula mov.
2025-05-19 17:14:34 - enemigo - [DEBUG] - [Enemigo_1] Pos flotante (post-IA y delta): (603.0000, 203.0000)
2025-05-19 17:14:34 - enemigo - [DEBUG] - [Enemigo_1] Sin mov. entero para CH. HB: (603, 203), PosFlotante re-sincronizada a (603.00,203.00)
2025-05-19 17:14:34 - enemigo - [DEBUG] - [Enemigo_2] --- Inicio Update IA --- Delta: 0.0160s. Pos ANTES: HB (403, 381), Rect (400, 378), Flot (403.00, 381.00)
2025-05-19 17:14:34 - enemigo - [DEBUG] - [Enemigo_2] Target (centro (416, 317)), Dist: 74.00. Mi Centro HB: (416, 391)
2025-05-19 17:14:34 - enemigo - [DEBUG] - [Enemigo_2] EN RANGO AGRO. Input IA (vel): (0.00, -70.00)
2025-05-19 17:14:34 - enemigo - [DEBUG] - [Enemigo_2] Pos flotante (post-IA y delta): (403.0000, 379.8800)
2025-05-19 17:14:34 - enemigo - [DEBUG] - [Enemigo_2] Solicita movimiento a CH (deltas enteros): dx_int=0, dy_int=-2. HB Actual: (403, 381) (Flotantes totales: dx=0.0000, dy=-1.1200)
2025-05-19 17:14:34 - enemigo - [DEBUG] - [Enemigo_2] Inicia _mover_y_colisionar_con_obstaculos. dx_int=0, dy_int=-2. HB Actual: (403, 381)
2025-05-19 17:14:34 - enemigo - [DEBUG] - [Enemigo_2] Hitbox recentrado (enemigo): (416, 389) (Rect center: (416, 389))
2025-05-19 17:14:34 - enemigo - [DEBUG] - [Enemigo_2] _mover_y_colisionar: HB Antes CH: (403,381), HB Despues CH y Sinc: (403,379), Rect: (400, 376), PosFlotante: (403.00,379.00)
2025-05-19 17:14:34 - enemigo - [DEBUG] - [Enemigo_2] Posición DESPUÉS de mov/col: HB (403, 379), Rect (400, 376), Flot (403.00, 379.00)
2025-05-19 17:14:34 - enemigo - [DEBUG] - [Enemigo_1] --- Inicio Update IA --- Delta: 0.0170s. Pos ANTES: HB (603, 203), Rect (600, 200), Flot (603.00, 203.00)
2025-05-19 17:14:34 - enemigo - [DEBUG] - [Enemigo_2] --- Inicio Update IA --- Delta: 0.0170s. Pos ANTES: HB (403, 379), Rect (400, 376), Flot (403.00, 379.00)
2025-05-19 17:14:34 - enemigo - [DEBUG] - [Enemigo_2] Target (centro (416, 317)), Dist: 72.00. Mi Centro HB: (416, 389)
2025-05-19 17:14:34 - enemigo - [DEBUG] - [Enemigo_2] Pos flotante (post-IA y delta): (403.0000, 377.8100)
2025-05-19 17:14:34 - enemigo - [DEBUG] - [Enemigo_2] Solicita movimiento a CH (deltas enteros): dx_int=0, dy_int=-2. HB Actual: (403, 379) (Flotantes totales: dx=0.0000, dy=-1.1900)
2025-05-19 17:14:34 - enemigo - [DEBUG] - [Enemigo_2] Inicia _mover_y_colisionar_con_obstaculos. dx_int=0, dy_int=-2. HB Actual: (403, 379)
2025-05-19 17:14:34 - enemigo - [DEBUG] - [Enemigo_2] Hitbox recentrado (enemigo): (416, 387) (Rect center: (416, 387))
2025-05-19 17:14:34 - enemigo - [DEBUG] - [Enemigo_2] _mover_y_colisionar: HB Antes CH: (403,379), HB Despues CH y Sinc: (403,377), Rect: (400, 374), PosFlotante: (403.00,377.00)
2025-05-19 17:14:34 - enemigo - [DEBUG] - [Enemigo_2] Posición DESPUÉS de mov/col: HB (403, 377), Rect (400, 374), Flot (403.00, 377.00)
2025-05-19 17:14:34 - enemigo - [DEBUG] - [Enemigo_2] --- Inicio Update IA --- Delta: 0.0170s. Pos ANTES: HB (403, 377), Rect (400, 374), Flot (403.00, 377.00)
2025-05-19 17:14:34 - enemigo - [DEBUG] - [Enemigo_2] Target (centro (416, 317)), Dist: 70.00. Mi Centro HB: (416, 387)
2025-05-19 17:14:34 - enemigo - [DEBUG] - [Enemigo_2] Pos flotante (post-IA y delta): (403.0000, 375.8100)
2025-05-19 17:14:34 - enemigo - [DEBUG] - [Enemigo_2] Solicita movimiento a CH (deltas enteros): dx_int=0, dy_int=-2. HB Actual: (403, 377) (Flotantes totales: dx=0.0000, dy=-1.1900)
2025-05-19 17:14:34 - enemigo - [DEBUG] - [Enemigo_2] Inicia _mover_y_colisionar_con_obstaculos. dx_int=0, dy_int=-2. HB Actual: (403, 377)
2025-05-19 17:14:34 - enemigo - [DEBUG] - [Enemigo_2] Hitbox recentrado (enemigo): (416, 385) (Rect center: (416, 385))
2025-05-19 17:14:34 - enemigo - [DEBUG] - [Enemigo_2] _mover_y_colisionar: HB Antes CH: (403,377), HB Despues CH y Sinc: (403,375), Rect: (400, 372), PosFlotante: (403.00,375.00)
2025-05-19 17:14:34 - enemigo - [DEBUG] - [Enemigo_2] Posición DESPUÉS de mov/col: HB (403, 375), Rect (400, 372), Flot (403.00, 375.00)
2025-05-19 17:14:34 - enemigo - [DEBUG] - [Enemigo_1] --- Inicio Update IA --- Delta: 0.0160s. Pos ANTES: HB (603, 203), Rect (600, 200), Flot (603.00, 203.00)
2025-05-19 17:14:34 - enemigo - [DEBUG] - [Enemigo_2] --- Inicio Update IA --- Delta: 0.0160s. Pos ANTES: HB (403, 375), Rect (400, 372), Flot (403.00, 375.00)
2025-05-19 17:14:34 - enemigo - [DEBUG] - [Enemigo_2] Target (centro (416, 317)), Dist: 68.00. Mi Centro HB: (416, 385)
2025-05-19 17:14:34 - enemigo - [DEBUG] - [Enemigo_2] Pos flotante (post-IA y delta): (403.0000, 373.8800)
2025-05-19 17:14:34 - enemigo - [DEBUG] - [Enemigo_2] Solicita movimiento a CH (deltas enteros): dx_int=0, dy_int=-2. HB Actual: (403, 375) (Flotantes totales: dx=0.0000, dy=-1.1200)
2025-05-19 17:14:34 - enemigo - [DEBUG] - [Enemigo_2] Inicia _mover_y_colisionar_con_obstaculos. dx_int=0, dy_int=-2. HB Actual: (403, 375)
2025-05-19 17:14:34 - enemigo - [DEBUG] - [Enemigo_2] Hitbox recentrado (enemigo): (416, 383) (Rect center: (416, 383))
2025-05-19 17:14:34 - enemigo - [DEBUG] - [Enemigo_2] _mover_y_colisionar: HB Antes CH: (403,375), HB Despues CH y Sinc: (403,373), Rect: (400, 370), PosFlotante: (403.00,373.00)
2025-05-19 17:14:34 - enemigo - [DEBUG] - [Enemigo_2] Posición DESPUÉS de mov/col: HB (403, 373), Rect (400, 370), Flot (403.00, 373.00)
2025-05-19 17:14:34 - enemigo - [DEBUG] - [Enemigo_1] --- Inicio Update IA --- Delta: 0.0170s. Pos ANTES: HB (603, 203), Rect (600, 200), Flot (603.00, 203.00)
2025-05-19 17:14:34 - enemigo - [DEBUG] - [Enemigo_1] Target (centro (416, 317)), Dist: 225.42. Mi Centro HB: (616, 213)
2025-05-19 17:14:34 - enemigo - [DEBUG] - [Enemigo_1] FUERA DE RANGO AGRO/DEMASIADO CERCA. No se calcula mov.
2025-05-19 17:14:34 - enemigo - [DEBUG] - [Enemigo_1] Pos flotante (post-IA y delta): (603.0000, 203.0000)
2025-05-19 17:14:34 - enemigo - [DEBUG] - [Enemigo_1] Sin mov. entero para CH. HB: (603, 203), PosFlotante re-sincronizada a (603.00,203.00)
2025-05-19 17:14:34 - enemigo - [DEBUG] - [Enemigo_2] --- Inicio Update IA --- Delta: 0.0170s. Pos ANTES: HB (403, 373), Rect (400, 370), Flot (403.00, 373.00)
2025-05-19 17:14:34 - enemigo - [DEBUG] - [Enemigo_2] Target (centro (416, 317)), Dist: 66.00. Mi Centro HB: (416, 383)
2025-05-19 17:14:34 - enemigo - [DEBUG] - [Enemigo_2] EN RANGO AGRO. Input IA (vel): (0.00, -70.00)
2025-05-19 17:14:34 - enemigo - [DEBUG] - [Enemigo_2] Pos flotante (post-IA y delta): (403.0000, 371.8100)
2025-05-19 17:14:34 - enemigo - [DEBUG] - [Enemigo_2] Solicita movimiento a CH (deltas enteros): dx_int=0, dy_int=-2. HB Actual: (403, 373) (Flotantes totales: dx=0.0000, dy=-1.1900)
2025-05-19 17:14:34 - enemigo - [DEBUG] - [Enemigo_2] Inicia _mover_y_colisionar_con_obstaculos. dx_int=0, dy_int=-2. HB Actual: (403, 373)
2025-05-19 17:14:34 - enemigo - [DEBUG] - [Enemigo_2] Hitbox recentrado (enemigo): (416, 381) (Rect center: (416, 381))
2025-05-19 17:14:34 - enemigo - [DEBUG] - [Enemigo_2] _mover_y_colisionar: HB Antes CH: (403,373), HB Despues CH y Sinc: (403,371), Rect: (400, 368), PosFlotante: (403.00,371.00)
2025-05-19 17:14:34 - enemigo - [DEBUG] - [Enemigo_2] Posición DESPUÉS de mov/col: HB (403, 371), Rect (400, 368), Flot (403.00, 371.00)
2025-05-19 17:14:34 - enemigo - [DEBUG] - [Enemigo_2] --- Inicio Update IA --- Delta: 0.0160s. Pos ANTES: HB (403, 371), Rect (400, 368), Flot (403.00, 371.00)
2025-05-19 17:14:34 - enemigo - [DEBUG] - [Enemigo_2] Target (centro (416, 317)), Dist: 64.00. Mi Centro HB: (416, 381)
2025-05-19 17:14:34 - enemigo - [DEBUG] - [Enemigo_2] Pos flotante (post-IA y delta): (403.0000, 369.8800)
2025-05-19 17:14:34 - enemigo - [DEBUG] - [Enemigo_2] Solicita movimiento a CH (deltas enteros): dx_int=0, dy_int=-2. HB Actual: (403, 371) (Flotantes totales: dx=0.0000, dy=-1.1200)
2025-05-19 17:14:34 - enemigo - [DEBUG] - [Enemigo_2] Inicia _mover_y_colisionar_con_obstaculos. dx_int=0, dy_int=-2. HB Actual: (403, 371)
2025-05-19 17:14:34 - enemigo - [DEBUG] - [Enemigo_2] Hitbox recentrado (enemigo): (416, 379) (Rect center: (416, 379))
2025-05-19 17:14:34 - enemigo - [DEBUG] - [Enemigo_2] _mover_y_colisionar: HB Antes CH: (403,371), HB Despues CH y Sinc: (403,369), Rect: (400, 366), PosFlotante: (403.00,369.00)
2025-05-19 17:14:34 - enemigo - [DEBUG] - [Enemigo_2] Posición DESPUÉS de mov/col: HB (403, 369), Rect (400, 366), Flot (403.00, 369.00)
2025-05-19 17:14:34 - enemigo - [DEBUG] - [Enemigo_2] --- Inicio Update IA --- Delta: 0.0160s. Pos ANTES: HB (403, 369), Rect (400, 366), Flot (403.00, 369.00)
2025-05-19 17:14:34 - enemigo - [DEBUG] - [Enemigo_2] Target (centro (416, 317)), Dist: 62.00. Mi Centro HB: (416, 379)
2025-05-19 17:14:34 - enemigo - [DEBUG] - [Enemigo_2] Pos flotante (post-IA y delta): (403.0000, 367.8800)
2025-05-19 17:14:34 - enemigo - [DEBUG] - [Enemigo_2] Solicita movimiento a CH (deltas enteros): dx_int=0, dy_int=-2. HB Actual: (403, 369) (Flotantes totales: dx=0.0000, dy=-1.1200)
2025-05-19 17:14:34 - enemigo - [DEBUG] - [Enemigo_2] Inicia _mover_y_colisionar_con_obstaculos. dx_int=0, dy_int=-2. HB Actual: (403, 369)
2025-05-19 17:14:34 - enemigo - [DEBUG] - [Enemigo_2] Hitbox recentrado (enemigo): (416, 377) (Rect center: (416, 377))
2025-05-19 17:14:34 - enemigo - [DEBUG] - [Enemigo_2] _mover_y_colisionar: HB Antes CH: (403,369), HB Despues CH y Sinc: (403,367), Rect: (400, 364), PosFlotante: (403.00,367.00)
2025-05-19 17:14:34 - enemigo - [DEBUG] - [Enemigo_2] Posición DESPUÉS de mov/col: HB (403, 367), Rect (400, 364), Flot (403.00, 367.00)
2025-05-19 17:14:34 - enemigo - [DEBUG] - [Enemigo_1] --- Inicio Update IA --- Delta: 0.0160s. Pos ANTES: HB (603, 203), Rect (600, 200), Flot (603.00, 203.00)
2025-05-19 17:14:34 - enemigo - [DEBUG] - [Enemigo_2] --- Inicio Update IA --- Delta: 0.0160s. Pos ANTES: HB (403, 367), Rect (400, 364), Flot (403.00, 367.00)
2025-05-19 17:14:34 - enemigo - [DEBUG] - [Enemigo_2] Target (centro (416, 317)), Dist: 60.00. Mi Centro HB: (416, 377)
2025-05-19 17:14:34 - enemigo - [DEBUG] - [Enemigo_2] Pos flotante (post-IA y delta): (403.0000, 365.8800)
2025-05-19 17:14:34 - enemigo - [DEBUG] - [Enemigo_2] Solicita movimiento a CH (deltas enteros): dx_int=0, dy_int=-2. HB Actual: (403, 367) (Flotantes totales: dx=0.0000, dy=-1.1200)
2025-05-19 17:14:34 - enemigo - [DEBUG] - [Enemigo_2] Inicia _mover_y_colisionar_con_obstaculos. dx_int=0, dy_int=-2. HB Actual: (403, 367)
2025-05-19 17:14:34 - enemigo - [DEBUG] - [Enemigo_2] Hitbox recentrado (enemigo): (416, 375) (Rect center: (416, 375))
2025-05-19 17:14:34 - enemigo - [DEBUG] - [Enemigo_2] _mover_y_colisionar: HB Antes CH: (403,367), HB Despues CH y Sinc: (403,365), Rect: (400, 362), PosFlotante: (403.00,365.00)
2025-05-19 17:14:34 - enemigo - [DEBUG] - [Enemigo_2] Posición DESPUÉS de mov/col: HB (403, 365), Rect (400, 362), Flot (403.00, 365.00)
2025-05-19 17:14:34 - enemigo - [DEBUG] - [Enemigo_1] --- Inicio Update IA --- Delta: 0.0170s. Pos ANTES: HB (603, 203), Rect (600, 200), Flot (603.00, 203.00)
2025-05-19 17:14:34 - enemigo - [DEBUG] - [Enemigo_1] Target (centro (416, 317)), Dist: 225.42. Mi Centro HB: (616, 213)
2025-05-19 17:14:34 - enemigo - [DEBUG] - [Enemigo_1] FUERA DE RANGO AGRO/DEMASIADO CERCA. No se calcula mov.
2025-05-19 17:14:34 - enemigo - [DEBUG] - [Enemigo_1] Pos flotante (post-IA y delta): (603.0000, 203.0000)
2025-05-19 17:14:34 - enemigo - [DEBUG] - [Enemigo_1] Sin mov. entero para CH. HB: (603, 203), PosFlotante re-sincronizada a (603.00,203.00)
2025-05-19 17:14:34 - enemigo - [DEBUG] - [Enemigo_2] --- Inicio Update IA --- Delta: 0.0170s. Pos ANTES: HB (403, 365), Rect (400, 362), Flot (403.00, 365.00)
2025-05-19 17:14:34 - enemigo - [DEBUG] - [Enemigo_2] Target (centro (416, 317)), Dist: 58.00. Mi Centro HB: (416, 375)
2025-05-19 17:14:34 - enemigo - [DEBUG] - [Enemigo_2] EN RANGO AGRO. Input IA (vel): (0.00, -70.00)
2025-05-19 17:14:34 - enemigo - [DEBUG] - [Enemigo_2] Pos flotante (post-IA y delta): (403.0000, 363.8100)
2025-05-19 17:14:34 - enemigo - [DEBUG] - [Enemigo_2] Solicita movimiento a CH (deltas enteros): dx_int=0, dy_int=-2. HB Actual: (403, 365) (Flotantes totales: dx=0.0000, dy=-1.1900)
2025-05-19 17:14:34 - enemigo - [DEBUG] - [Enemigo_2] Inicia _mover_y_colisionar_con_obstaculos. dx_int=0, dy_int=-2. HB Actual: (403, 365)
2025-05-19 17:14:34 - enemigo - [DEBUG] - [Enemigo_2] Hitbox recentrado (enemigo): (416, 373) (Rect center: (416, 373))
2025-05-19 17:14:34 - enemigo - [DEBUG] - [Enemigo_2] _mover_y_colisionar: HB Antes CH: (403,365), HB Despues CH y Sinc: (403,363), Rect: (400, 360), PosFlotante: (403.00,363.00)
2025-05-19 17:14:34 - enemigo - [DEBUG] - [Enemigo_2] Posición DESPUÉS de mov/col: HB (403, 363), Rect (400, 360), Flot (403.00, 363.00)
2025-05-19 17:14:34 - enemigo - [DEBUG] - [Enemigo_2] --- Inicio Update IA --- Delta: 0.0160s. Pos ANTES: HB (403, 363), Rect (400, 360), Flot (403.00, 363.00)
2025-05-19 17:14:34 - enemigo - [DEBUG] - [Enemigo_2] Target (centro (416, 317)), Dist: 56.00. Mi Centro HB: (416, 373)
2025-05-19 17:14:34 - enemigo - [DEBUG] - [Enemigo_2] Pos flotante (post-IA y delta): (403.0000, 361.8800)
2025-05-19 17:14:34 - enemigo - [DEBUG] - [Enemigo_2] Solicita movimiento a CH (deltas enteros): dx_int=0, dy_int=-2. HB Actual: (403, 363) (Flotantes totales: dx=0.0000, dy=-1.1200)
2025-05-19 17:14:34 - enemigo - [DEBUG] - [Enemigo_2] Inicia _mover_y_colisionar_con_obstaculos. dx_int=0, dy_int=-2. HB Actual: (403, 363)
2025-05-19 17:14:34 - enemigo - [DEBUG] - [Enemigo_2] Hitbox recentrado (enemigo): (416, 371) (Rect center: (416, 371))
2025-05-19 17:14:34 - enemigo - [DEBUG] - [Enemigo_2] _mover_y_colisionar: HB Antes CH: (403,363), HB Despues CH y Sinc: (403,361), Rect: (400, 358), PosFlotante: (403.00,361.00)
2025-05-19 17:14:34 - enemigo - [DEBUG] - [Enemigo_2] Posición DESPUÉS de mov/col: HB (403, 361), Rect (400, 358), Flot (403.00, 361.00)
2025-05-19 17:14:34 - enemigo - [DEBUG] - [Enemigo_2] --- Inicio Update IA --- Delta: 0.0160s. Pos ANTES: HB (403, 361), Rect (400, 358), Flot (403.00, 361.00)
2025-05-19 17:14:34 - enemigo - [DEBUG] - [Enemigo_2] Target (centro (416, 317)), Dist: 54.00. Mi Centro HB: (416, 371)
2025-05-19 17:14:34 - enemigo - [DEBUG] - [Enemigo_2] Pos flotante (post-IA y delta): (403.0000, 359.8800)
2025-05-19 17:14:34 - enemigo - [DEBUG] - [Enemigo_2] Solicita movimiento a CH (deltas enteros): dx_int=0, dy_int=-2. HB Actual: (403, 361) (Flotantes totales: dx=0.0000, dy=-1.1200)
2025-05-19 17:14:34 - enemigo - [DEBUG] - [Enemigo_2] Inicia _mover_y_colisionar_con_obstaculos. dx_int=0, dy_int=-2. HB Actual: (403, 361)
2025-05-19 17:14:34 - enemigo - [DEBUG] - [Enemigo_2] Hitbox recentrado (enemigo): (416, 369) (Rect center: (416, 369))
2025-05-19 17:14:34 - enemigo - [DEBUG] - [Enemigo_2] _mover_y_colisionar: HB Antes CH: (403,361), HB Despues CH y Sinc: (403,359), Rect: (400, 356), PosFlotante: (403.00,359.00)
2025-05-19 17:14:34 - enemigo - [DEBUG] - [Enemigo_2] Posición DESPUÉS de mov/col: HB (403, 359), Rect (400, 356), Flot (403.00, 359.00)
2025-05-19 17:14:34 - enemigo - [DEBUG] - [Enemigo_2] --- Inicio Update IA --- Delta: 0.0170s. Pos ANTES: HB (403, 359), Rect (400, 356), Flot (403.00, 359.00)
2025-05-19 17:14:34 - enemigo - [DEBUG] - [Enemigo_2] Target (centro (416, 317)), Dist: 52.00. Mi Centro HB: (416, 369)
2025-05-19 17:14:34 - enemigo - [DEBUG] - [Enemigo_2] Pos flotante (post-IA y delta): (403.0000, 357.8100)
2025-05-19 17:14:34 - enemigo - [DEBUG] - [Enemigo_2] Solicita movimiento a CH (deltas enteros): dx_int=0, dy_int=-2. HB Actual: (403, 359) (Flotantes totales: dx=0.0000, dy=-1.1900)
2025-05-19 17:14:34 - enemigo - [DEBUG] - [Enemigo_2] Inicia _mover_y_colisionar_con_obstaculos. dx_int=0, dy_int=-2. HB Actual: (403, 359)
2025-05-19 17:14:34 - enemigo - [DEBUG] - [Enemigo_2] Hitbox recentrado (enemigo): (416, 367) (Rect center: (416, 367))
2025-05-19 17:14:34 - enemigo - [DEBUG] - [Enemigo_2] _mover_y_colisionar: HB Antes CH: (403,359), HB Despues CH y Sinc: (403,357), Rect: (400, 354), PosFlotante: (403.00,357.00)
2025-05-19 17:14:34 - enemigo - [DEBUG] - [Enemigo_2] Posición DESPUÉS de mov/col: HB (403, 357), Rect (400, 354), Flot (403.00, 357.00)
2025-05-19 17:14:34 - enemigo - [DEBUG] - [Enemigo_1] --- Inicio Update IA --- Delta: 0.0160s. Pos ANTES: HB (603, 203), Rect (600, 200), Flot (603.00, 203.00)
2025-05-19 17:14:34 - enemigo - [DEBUG] - [Enemigo_1] Target (centro (416, 317)), Dist: 225.42. Mi Centro HB: (616, 213)
2025-05-19 17:14:34 - enemigo - [DEBUG] - [Enemigo_1] FUERA DE RANGO AGRO/DEMASIADO CERCA. No se calcula mov.
2025-05-19 17:14:34 - enemigo - [DEBUG] - [Enemigo_1] Pos flotante (post-IA y delta): (603.0000, 203.0000)
2025-05-19 17:14:34 - enemigo - [DEBUG] - [Enemigo_1] Sin mov. entero para CH. HB: (603, 203), PosFlotante re-sincronizada a (603.00,203.00)
2025-05-19 17:14:34 - enemigo - [DEBUG] - [Enemigo_2] --- Inicio Update IA --- Delta: 0.0160s. Pos ANTES: HB (403, 357), Rect (400, 354), Flot (403.00, 357.00)
2025-05-19 17:14:34 - enemigo - [DEBUG] - [Enemigo_2] Target (centro (416, 317)), Dist: 50.00. Mi Centro HB: (416, 367)
2025-05-19 17:14:34 - enemigo - [DEBUG] - [Enemigo_2] EN RANGO AGRO. Input IA (vel): (0.00, -70.00)
2025-05-19 17:14:34 - enemigo - [DEBUG] - [Enemigo_2] Pos flotante (post-IA y delta): (403.0000, 355.8800)
2025-05-19 17:14:34 - enemigo - [DEBUG] - [Enemigo_2] Solicita movimiento a CH (deltas enteros): dx_int=0, dy_int=-2. HB Actual: (403, 357) (Flotantes totales: dx=0.0000, dy=-1.1200)
2025-05-19 17:14:34 - enemigo - [DEBUG] - [Enemigo_2] Inicia _mover_y_colisionar_con_obstaculos. dx_int=0, dy_int=-2. HB Actual: (403, 357)
2025-05-19 17:14:34 - enemigo - [DEBUG] - [Enemigo_2] Hitbox recentrado (enemigo): (416, 365) (Rect center: (416, 365))
2025-05-19 17:14:34 - enemigo - [DEBUG] - [Enemigo_2] _mover_y_colisionar: HB Antes CH: (403,357), HB Despues CH y Sinc: (403,355), Rect: (400, 352), PosFlotante: (403.00,355.00)
2025-05-19 17:14:34 - enemigo - [DEBUG] - [Enemigo_2] Posición DESPUÉS de mov/col: HB (403, 355), Rect (400, 352), Flot (403.00, 355.00)
2025-05-19 17:14:34 - enemigo - [DEBUG] - [Enemigo_2] --- Inicio Update IA --- Delta: 0.0160s. Pos ANTES: HB (403, 355), Rect (400, 352), Flot (403.00, 355.00)
2025-05-19 17:14:34 - enemigo - [DEBUG] - [Enemigo_2] Target (centro (416, 317)), Dist: 48.00. Mi Centro HB: (416, 365)
2025-05-19 17:14:34 - enemigo - [DEBUG] - [Enemigo_2] Pos flotante (post-IA y delta): (403.0000, 353.8800)
2025-05-19 17:14:34 - enemigo - [DEBUG] - [Enemigo_2] Solicita movimiento a CH (deltas enteros): dx_int=0, dy_int=-2. HB Actual: (403, 355) (Flotantes totales: dx=0.0000, dy=-1.1200)
2025-05-19 17:14:34 - enemigo - [DEBUG] - [Enemigo_2] Inicia _mover_y_colisionar_con_obstaculos. dx_int=0, dy_int=-2. HB Actual: (403, 355)
2025-05-19 17:14:34 - enemigo - [DEBUG] - [Enemigo_2] Hitbox recentrado (enemigo): (416, 363) (Rect center: (416, 363))
2025-05-19 17:14:34 - enemigo - [DEBUG] - [Enemigo_2] _mover_y_colisionar: HB Antes CH: (403,355), HB Despues CH y Sinc: (403,353), Rect: (400, 350), PosFlotante: (403.00,353.00)
2025-05-19 17:14:34 - enemigo - [DEBUG] - [Enemigo_2] Posición DESPUÉS de mov/col: HB (403, 353), Rect (400, 350), Flot (403.00, 353.00)
2025-05-19 17:14:34 - enemigo - [DEBUG] - [Enemigo_2] --- Inicio Update IA --- Delta: 0.0160s. Pos ANTES: HB (403, 353), Rect (400, 350), Flot (403.00, 353.00)
2025-05-19 17:14:34 - enemigo - [DEBUG] - [Enemigo_2] Target (centro (416, 317)), Dist: 46.00. Mi Centro HB: (416, 363)
2025-05-19 17:14:34 - enemigo - [DEBUG] - [Enemigo_2] Pos flotante (post-IA y delta): (403.0000, 351.8800)
2025-05-19 17:14:34 - enemigo - [DEBUG] - [Enemigo_2] Solicita movimiento a CH (deltas enteros): dx_int=0, dy_int=-2. HB Actual: (403, 353) (Flotantes totales: dx=0.0000, dy=-1.1200)
2025-05-19 17:14:34 - enemigo - [DEBUG] - [Enemigo_2] Inicia _mover_y_colisionar_con_obstaculos. dx_int=0, dy_int=-2. HB Actual: (403, 353)
2025-05-19 17:14:34 - enemigo - [DEBUG] - [Enemigo_2] Hitbox recentrado (enemigo): (416, 361) (Rect center: (416, 361))
2025-05-19 17:14:34 - enemigo - [DEBUG] - [Enemigo_2] _mover_y_colisionar: HB Antes CH: (403,353), HB Despues CH y Sinc: (403,351), Rect: (400, 348), PosFlotante: (403.00,351.00)
2025-05-19 17:14:34 - enemigo - [DEBUG] - [Enemigo_2] Posición DESPUÉS de mov/col: HB (403, 351), Rect (400, 348), Flot (403.00, 351.00)
2025-05-19 17:14:34 - enemigo - [DEBUG] - [Enemigo_2] --- Inicio Update IA --- Delta: 0.0160s. Pos ANTES: HB (403, 351), Rect (400, 348), Flot (403.00, 351.00)
2025-05-19 17:14:34 - enemigo - [DEBUG] - [Enemigo_2] Target (centro (416, 317)), Dist: 44.00. Mi Centro HB: (416, 361)
2025-05-19 17:14:34 - enemigo - [DEBUG] - [Enemigo_2] Pos flotante (post-IA y delta): (403.0000, 349.8800)
2025-05-19 17:14:34 - enemigo - [DEBUG] - [Enemigo_2] Solicita movimiento a CH (deltas enteros): dx_int=0, dy_int=-2. HB Actual: (403, 351) (Flotantes totales: dx=0.0000, dy=-1.1200)
2025-05-19 17:14:34 - enemigo - [DEBUG] - [Enemigo_2] Inicia _mover_y_colisionar_con_obstaculos. dx_int=0, dy_int=-2. HB Actual: (403, 351)
2025-05-19 17:14:34 - enemigo - [DEBUG] - [Enemigo_2] Hitbox recentrado (enemigo): (416, 359) (Rect center: (416, 359))
2025-05-19 17:14:34 - enemigo - [DEBUG] - [Enemigo_2] _mover_y_colisionar: HB Antes CH: (403,351), HB Despues CH y Sinc: (403,349), Rect: (400, 346), PosFlotante: (403.00,349.00)
2025-05-19 17:14:34 - enemigo - [DEBUG] - [Enemigo_2] Posición DESPUÉS de mov/col: HB (403, 349), Rect (400, 346), Flot (403.00, 349.00)
2025-05-19 17:14:34 - enemigo - [DEBUG] - [Enemigo_1] --- Inicio Update IA --- Delta: 0.0170s. Pos ANTES: HB (603, 203), Rect (600, 200), Flot (603.00, 203.00)
2025-05-19 17:14:34 - enemigo - [DEBUG] - [Enemigo_1] Target (centro (416, 317)), Dist: 225.42. Mi Centro HB: (616, 213)
2025-05-19 17:14:34 - enemigo - [DEBUG] - [Enemigo_1] FUERA DE RANGO AGRO/DEMASIADO CERCA. No se calcula mov.
2025-05-19 17:14:34 - enemigo - [DEBUG] - [Enemigo_1] Pos flotante (post-IA y delta): (603.0000, 203.0000)
2025-05-19 17:14:34 - enemigo - [DEBUG] - [Enemigo_1] Sin mov. entero para CH. HB: (603, 203), PosFlotante re-sincronizada a (603.00,203.00)
2025-05-19 17:14:34 - enemigo - [DEBUG] - [Enemigo_2] --- Inicio Update IA --- Delta: 0.0170s. Pos ANTES: HB (403, 349), Rect (400, 346), Flot (403.00, 349.00)
2025-05-19 17:14:34 - enemigo - [DEBUG] - [Enemigo_2] Target (centro (416, 317)), Dist: 42.00. Mi Centro HB: (416, 359)
2025-05-19 17:14:34 - enemigo - [DEBUG] - [Enemigo_2] EN RANGO AGRO. Input IA (vel): (0.00, -70.00)
2025-05-19 17:14:34 - enemigo - [DEBUG] - [Enemigo_2] Pos flotante (post-IA y delta): (403.0000, 347.8100)
2025-05-19 17:14:34 - enemigo - [DEBUG] - [Enemigo_2] Solicita movimiento a CH (deltas enteros): dx_int=0, dy_int=-2. HB Actual: (403, 349) (Flotantes totales: dx=0.0000, dy=-1.1900)
2025-05-19 17:14:34 - enemigo - [DEBUG] - [Enemigo_2] Inicia _mover_y_colisionar_con_obstaculos. dx_int=0, dy_int=-2. HB Actual: (403, 349)
2025-05-19 17:14:34 - enemigo - [DEBUG] - [Enemigo_2] Hitbox recentrado (enemigo): (416, 357) (Rect center: (416, 357))
2025-05-19 17:14:34 - enemigo - [DEBUG] - [Enemigo_2] _mover_y_colisionar: HB Antes CH: (403,349), HB Despues CH y Sinc: (403,347), Rect: (400, 344), PosFlotante: (403.00,347.00)
2025-05-19 17:14:34 - enemigo - [DEBUG] - [Enemigo_2] Posición DESPUÉS de mov/col: HB (403, 347), Rect (400, 344), Flot (403.00, 347.00)
2025-05-19 17:14:34 - enemigo - [DEBUG] - [Enemigo_1] --- Inicio Update IA --- Delta: 0.0160s. Pos ANTES: HB (603, 203), Rect (600, 200), Flot (603.00, 203.00)
2025-05-19 17:14:34 - enemigo - [DEBUG] - [Enemigo_2] --- Inicio Update IA --- Delta: 0.0160s. Pos ANTES: HB (403, 347), Rect (400, 344), Flot (403.00, 347.00)
2025-05-19 17:14:34 - enemigo - [DEBUG] - [Enemigo_2] Target (centro (416, 317)), Dist: 40.00. Mi Centro HB: (416, 357)
2025-05-19 17:14:34 - enemigo - [DEBUG] - [Enemigo_2] Pos flotante (post-IA y delta): (403.0000, 345.8800)
2025-05-19 17:14:34 - enemigo - [DEBUG] - [Enemigo_2] Solicita movimiento a CH (deltas enteros): dx_int=0, dy_int=-2. HB Actual: (403, 347) (Flotantes totales: dx=0.0000, dy=-1.1200)
2025-05-19 17:14:34 - enemigo - [DEBUG] - [Enemigo_2] Inicia _mover_y_colisionar_con_obstaculos. dx_int=0, dy_int=-2. HB Actual: (403, 347)
2025-05-19 17:14:34 - enemigo - [DEBUG] - [Enemigo_2] Hitbox recentrado (enemigo): (416, 355) (Rect center: (416, 355))
2025-05-19 17:14:34 - enemigo - [DEBUG] - [Enemigo_2] _mover_y_colisionar: HB Antes CH: (403,347), HB Despues CH y Sinc: (403,345), Rect: (400, 342), PosFlotante: (403.00,345.00)
2025-05-19 17:14:34 - enemigo - [DEBUG] - [Enemigo_2] Posición DESPUÉS de mov/col: HB (403, 345), Rect (400, 342), Flot (403.00, 345.00)
2025-05-19 17:14:34 - enemigo - [DEBUG] - [Enemigo_2] --- Inicio Update IA --- Delta: 0.0160s. Pos ANTES: HB (403, 345), Rect (400, 342), Flot (403.00, 345.00)
2025-05-19 17:14:34 - enemigo - [DEBUG] - [Enemigo_2] Target (centro (416, 317)), Dist: 38.00. Mi Centro HB: (416, 355)
2025-05-19 17:14:34 - enemigo - [DEBUG] - [Enemigo_2] Pos flotante (post-IA y delta): (403.0000, 343.8800)
2025-05-19 17:14:34 - enemigo - [DEBUG] - [Enemigo_2] Solicita movimiento a CH (deltas enteros): dx_int=0, dy_int=-2. HB Actual: (403, 345) (Flotantes totales: dx=0.0000, dy=-1.1200)
2025-05-19 17:14:34 - enemigo - [DEBUG] - [Enemigo_2] Inicia _mover_y_colisionar_con_obstaculos. dx_int=0, dy_int=-2. HB Actual: (403, 345)
2025-05-19 17:14:34 - enemigo - [DEBUG] - [Enemigo_2] Hitbox recentrado (enemigo): (416, 353) (Rect center: (416, 353))
2025-05-19 17:14:34 - enemigo - [DEBUG] - [Enemigo_2] _mover_y_colisionar: HB Antes CH: (403,345), HB Despues CH y Sinc: (403,343), Rect: (400, 340), PosFlotante: (403.00,343.00)
2025-05-19 17:14:34 - enemigo - [DEBUG] - [Enemigo_2] Posición DESPUÉS de mov/col: HB (403, 343), Rect (400, 340), Flot (403.00, 343.00)
2025-05-19 17:14:34 - enemigo - [DEBUG] - [Enemigo_2] --- Inicio Update IA --- Delta: 0.0160s. Pos ANTES: HB (403, 343), Rect (400, 340), Flot (403.00, 343.00)
2025-05-19 17:14:34 - enemigo - [DEBUG] - [Enemigo_2] Target (centro (416, 317)), Dist: 36.00. Mi Centro HB: (416, 353)
2025-05-19 17:14:34 - enemigo - [DEBUG] - [Enemigo_2] Pos flotante (post-IA y delta): (403.0000, 341.8800)
2025-05-19 17:14:34 - enemigo - [DEBUG] - [Enemigo_2] Solicita movimiento a CH (deltas enteros): dx_int=0, dy_int=-2. HB Actual: (403, 343) (Flotantes totales: dx=0.0000, dy=-1.1200)
2025-05-19 17:14:34 - enemigo - [DEBUG] - [Enemigo_2] Inicia _mover_y_colisionar_con_obstaculos. dx_int=0, dy_int=-2. HB Actual: (403, 343)
2025-05-19 17:14:34 - enemigo - [DEBUG] - [Enemigo_2] Hitbox recentrado (enemigo): (416, 351) (Rect center: (416, 351))
2025-05-19 17:14:34 - enemigo - [DEBUG] - [Enemigo_2] _mover_y_colisionar: HB Antes CH: (403,343), HB Despues CH y Sinc: (403,341), Rect: (400, 338), PosFlotante: (403.00,341.00)
2025-05-19 17:14:34 - enemigo - [DEBUG] - [Enemigo_2] Posición DESPUÉS de mov/col: HB (403, 341), Rect (400, 338), Flot (403.00, 341.00)
2025-05-19 17:14:34 - enemigo - [DEBUG] - [Enemigo_1] --- Inicio Update IA --- Delta: 0.0170s. Pos ANTES: HB (603, 203), Rect (600, 200), Flot (603.00, 203.00)
2025-05-19 17:14:34 - enemigo - [DEBUG] - [Enemigo_1] Target (centro (416, 317)), Dist: 225.42. Mi Centro HB: (616, 213)
2025-05-19 17:14:34 - enemigo - [DEBUG] - [Enemigo_1] FUERA DE RANGO AGRO/DEMASIADO CERCA. No se calcula mov.
2025-05-19 17:14:34 - enemigo - [DEBUG] - [Enemigo_1] Pos flotante (post-IA y delta): (603.0000, 203.0000)
2025-05-19 17:14:34 - enemigo - [DEBUG] - [Enemigo_1] Sin mov. entero para CH. HB: (603, 203), PosFlotante re-sincronizada a (603.00,203.00)
2025-05-19 17:14:34 - enemigo - [DEBUG] - [Enemigo_2] --- Inicio Update IA --- Delta: 0.0170s. Pos ANTES: HB (403, 341), Rect (400, 338), Flot (403.00, 341.00)
2025-05-19 17:14:34 - enemigo - [DEBUG] - [Enemigo_2] Target (centro (416, 317)), Dist: 34.00. Mi Centro HB: (416, 351)
2025-05-19 17:14:34 - enemigo - [DEBUG] - [Enemigo_2] EN RANGO AGRO. Input IA (vel): (0.00, -70.00)
2025-05-19 17:14:34 - enemigo - [DEBUG] - [Enemigo_2] Pos flotante (post-IA y delta): (403.0000, 339.8100)
2025-05-19 17:14:34 - enemigo - [DEBUG] - [Enemigo_2] Solicita movimiento a CH (deltas enteros): dx_int=0, dy_int=-2. HB Actual: (403, 341) (Flotantes totales: dx=0.0000, dy=-1.1900)
2025-05-19 17:14:34 - enemigo - [DEBUG] - [Enemigo_2] Inicia _mover_y_colisionar_con_obstaculos. dx_int=0, dy_int=-2. HB Actual: (403, 341)
2025-05-19 17:14:34 - enemigo - [DEBUG] - [Enemigo_2] Hitbox recentrado (enemigo): (416, 349) (Rect center: (416, 349))
2025-05-19 17:14:34 - enemigo - [DEBUG] - [Enemigo_2] _mover_y_colisionar: HB Antes CH: (403,341), HB Despues CH y Sinc: (403,339), Rect: (400, 336), PosFlotante: (403.00,339.00)
2025-05-19 17:14:34 - enemigo - [DEBUG] - [Enemigo_2] Posición DESPUÉS de mov/col: HB (403, 339), Rect (400, 336), Flot (403.00, 339.00)
2025-05-19 17:14:34 - enemigo - [DEBUG] - [Enemigo_2] --- Inicio Update IA --- Delta: 0.0170s. Pos ANTES: HB (403, 339), Rect (400, 336), Flot (403.00, 339.00)
2025-05-19 17:14:34 - enemigo - [DEBUG] - [Enemigo_2] Target (centro (416, 317)), Dist: 32.00. Mi Centro HB: (416, 349)
2025-05-19 17:14:34 - enemigo - [DEBUG] - [Enemigo_2] Pos flotante (post-IA y delta): (403.0000, 337.8100)
2025-05-19 17:14:34 - enemigo - [DEBUG] - [Enemigo_2] Solicita movimiento a CH (deltas enteros): dx_int=0, dy_int=-2. HB Actual: (403, 339) (Flotantes totales: dx=0.0000, dy=-1.1900)
2025-05-19 17:14:34 - enemigo - [DEBUG] - [Enemigo_2] Inicia _mover_y_colisionar_con_obstaculos. dx_int=0, dy_int=-2. HB Actual: (403, 339)
2025-05-19 17:14:34 - enemigo - [DEBUG] - [Enemigo_2] Hitbox recentrado (enemigo): (416, 347) (Rect center: (416, 347))
2025-05-19 17:14:34 - enemigo - [DEBUG] - [Enemigo_2] _mover_y_colisionar: HB Antes CH: (403,339), HB Despues CH y Sinc: (403,337), Rect: (400, 334), PosFlotante: (403.00,337.00)
2025-05-19 17:14:34 - enemigo - [DEBUG] - [Enemigo_2] Posición DESPUÉS de mov/col: HB (403, 337), Rect (400, 334), Flot (403.00, 337.00)
2025-05-19 17:14:34 - enemigo - [DEBUG] - [Enemigo_1] --- Inicio Update IA --- Delta: 0.0160s. Pos ANTES: HB (603, 203), Rect (600, 200), Flot (603.00, 203.00)
2025-05-19 17:14:34 - enemigo - [DEBUG] - [Enemigo_2] --- Inicio Update IA --- Delta: 0.0160s. Pos ANTES: HB (403, 337), Rect (400, 334), Flot (403.00, 337.00)
2025-05-19 17:14:34 - enemigo - [DEBUG] - [Enemigo_2] Target (centro (416, 317)), Dist: 30.00. Mi Centro HB: (416, 347)
2025-05-19 17:14:34 - enemigo - [DEBUG] - [Enemigo_2] Pos flotante (post-IA y delta): (403.0000, 335.8800)
2025-05-19 17:14:34 - enemigo - [DEBUG] - [Enemigo_2] Solicita movimiento a CH (deltas enteros): dx_int=0, dy_int=-2. HB Actual: (403, 337) (Flotantes totales: dx=0.0000, dy=-1.1200)
2025-05-19 17:14:34 - enemigo - [DEBUG] - [Enemigo_2] Inicia _mover_y_colisionar_con_obstaculos. dx_int=0, dy_int=-2. HB Actual: (403, 337)
2025-05-19 17:14:34 - enemigo - [DEBUG] - [Enemigo_2] Hitbox recentrado (enemigo): (416, 345) (Rect center: (416, 345))
2025-05-19 17:14:34 - enemigo - [DEBUG] - [Enemigo_2] _mover_y_colisionar: HB Antes CH: (403,337), HB Despues CH y Sinc: (403,335), Rect: (400, 332), PosFlotante: (403.00,335.00)
2025-05-19 17:14:34 - enemigo - [DEBUG] - [Enemigo_2] Posición DESPUÉS de mov/col: HB (403, 335), Rect (400, 332), Flot (403.00, 335.00)
2025-05-19 17:14:34 - enemigo - [DEBUG] - [Enemigo_1] --- Inicio Update IA --- Delta: 0.0170s. Pos ANTES: HB (603, 203), Rect (600, 200), Flot (603.00, 203.00)
2025-05-19 17:14:34 - enemigo - [DEBUG] - [Enemigo_1] Target (centro (416, 317)), Dist: 225.42. Mi Centro HB: (616, 213)
2025-05-19 17:14:34 - enemigo - [DEBUG] - [Enemigo_1] FUERA DE RANGO AGRO/DEMASIADO CERCA. No se calcula mov.
2025-05-19 17:14:34 - enemigo - [DEBUG] - [Enemigo_1] Pos flotante (post-IA y delta): (603.0000, 203.0000)
2025-05-19 17:14:34 - enemigo - [DEBUG] - [Enemigo_1] Sin mov. entero para CH. HB: (603, 203), PosFlotante re-sincronizada a (603.00,203.00)
2025-05-19 17:14:34 - enemigo - [DEBUG] - [Enemigo_2] --- Inicio Update IA --- Delta: 0.0170s. Pos ANTES: HB (403, 335), Rect (400, 332), Flot (403.00, 335.00)
2025-05-19 17:14:34 - enemigo - [DEBUG] - [Enemigo_2] Target (centro (416, 317)), Dist: 28.00. Mi Centro HB: (416, 345)
2025-05-19 17:14:34 - enemigo - [DEBUG] - [Enemigo_2] EN RANGO AGRO. Input IA (vel): (0.00, -70.00)
2025-05-19 17:14:34 - enemigo - [DEBUG] - [Enemigo_2] Pos flotante (post-IA y delta): (403.0000, 333.8100)
2025-05-19 17:14:34 - enemigo - [DEBUG] - [Enemigo_2] Solicita movimiento a CH (deltas enteros): dx_int=0, dy_int=-2. HB Actual: (403, 335) (Flotantes totales: dx=0.0000, dy=-1.1900)
2025-05-19 17:14:34 - enemigo - [DEBUG] - [Enemigo_2] Inicia _mover_y_colisionar_con_obstaculos. dx_int=0, dy_int=-2. HB Actual: (403, 335)
2025-05-19 17:14:34 - enemigo - [DEBUG] - [Enemigo_2] Hitbox recentrado (enemigo): (416, 343) (Rect center: (416, 343))
2025-05-19 17:14:34 - enemigo - [DEBUG] - [Enemigo_2] _mover_y_colisionar: HB Antes CH: (403,335), HB Despues CH y Sinc: (403,333), Rect: (400, 330), PosFlotante: (403.00,333.00)
2025-05-19 17:14:34 - enemigo - [DEBUG] - [Enemigo_2] Posición DESPUÉS de mov/col: HB (403, 333), Rect (400, 330), Flot (403.00, 333.00)
2025-05-19 17:14:34 - enemigo - [DEBUG] - [Enemigo_2] --- Inicio Update IA --- Delta: 0.0160s. Pos ANTES: HB (403, 333), Rect (400, 330), Flot (403.00, 333.00)
2025-05-19 17:14:34 - enemigo - [DEBUG] - [Enemigo_2] Target (centro (416, 317)), Dist: 26.00. Mi Centro HB: (416, 343)
2025-05-19 17:14:34 - enemigo - [DEBUG] - [Enemigo_2] Pos flotante (post-IA y delta): (403.0000, 331.8800)
2025-05-19 17:14:34 - enemigo - [DEBUG] - [Enemigo_2] Solicita movimiento a CH (deltas enteros): dx_int=0, dy_int=-2. HB Actual: (403, 333) (Flotantes totales: dx=0.0000, dy=-1.1200)
2025-05-19 17:14:34 - enemigo - [DEBUG] - [Enemigo_2] Inicia _mover_y_colisionar_con_obstaculos. dx_int=0, dy_int=-2. HB Actual: (403, 333)
2025-05-19 17:14:34 - enemigo - [DEBUG] - [Enemigo_2] Hitbox recentrado (enemigo): (416, 341) (Rect center: (416, 341))
2025-05-19 17:14:34 - enemigo - [DEBUG] - [Enemigo_2] _mover_y_colisionar: HB Antes CH: (403,333), HB Despues CH y Sinc: (403,331), Rect: (400, 328), PosFlotante: (403.00,331.00)
2025-05-19 17:14:34 - enemigo - [DEBUG] - [Enemigo_2] Posición DESPUÉS de mov/col: HB (403, 331), Rect (400, 328), Flot (403.00, 331.00)
2025-05-19 17:14:34 - enemigo - [DEBUG] - [Enemigo_2] --- Inicio Update IA --- Delta: 0.0170s. Pos ANTES: HB (403, 331), Rect (400, 328), Flot (403.00, 331.00)
2025-05-19 17:14:34 - enemigo - [DEBUG] - [Enemigo_2] Target (centro (416, 317)), Dist: 24.00. Mi Centro HB: (416, 341)
2025-05-19 17:14:34 - enemigo - [DEBUG] - [Enemigo_2] Pos flotante (post-IA y delta): (403.0000, 329.8100)
2025-05-19 17:14:34 - enemigo - [DEBUG] - [Enemigo_2] Solicita movimiento a CH (deltas enteros): dx_int=0, dy_int=-2. HB Actual: (403, 331) (Flotantes totales: dx=0.0000, dy=-1.1900)
2025-05-19 17:14:34 - enemigo - [DEBUG] - [Enemigo_2] Inicia _mover_y_colisionar_con_obstaculos. dx_int=0, dy_int=-2. HB Actual: (403, 331)
2025-05-19 17:14:34 - enemigo - [DEBUG] - [Enemigo_2] Hitbox recentrado (enemigo): (416, 339) (Rect center: (416, 339))
2025-05-19 17:14:34 - enemigo - [DEBUG] - [Enemigo_2] _mover_y_colisionar: HB Antes CH: (403,331), HB Despues CH y Sinc: (403,329), Rect: (400, 326), PosFlotante: (403.00,329.00)
2025-05-19 17:14:34 - enemigo - [DEBUG] - [Enemigo_2] Posición DESPUÉS de mov/col: HB (403, 329), Rect (400, 326), Flot (403.00, 329.00)
2025-05-19 17:14:34 - enemigo - [DEBUG] - [Enemigo_2] --- Inicio Update IA --- Delta: 0.0170s. Pos ANTES: HB (403, 329), Rect (400, 326), Flot (403.00, 329.00)
2025-05-19 17:14:34 - enemigo - [DEBUG] - [Enemigo_2] Target (centro (416, 317)), Dist: 22.00. Mi Centro HB: (416, 339)
2025-05-19 17:14:34 - enemigo - [DEBUG] - [Enemigo_2] FUERA DE RANGO AGRO/DEMASIADO CERCA. No se calcula mov.
2025-05-19 17:14:34 - enemigo - [DEBUG] - [Enemigo_2] Pos flotante (post-IA y delta): (403.0000, 329.0000)
2025-05-19 17:14:34 - enemigo - [DEBUG] - [Enemigo_2] Sin mov. entero para CH. HB: (403, 329), PosFlotante re-sincronizada a (403.00,329.00)
2025-05-19 17:14:34 - enemigo - [DEBUG] - [Enemigo_1] --- Inicio Update IA --- Delta: 0.0160s. Pos ANTES: HB (603, 203), Rect (600, 200), Flot (603.00, 203.00)
2025-05-19 17:14:34 - enemigo - [DEBUG] - [Enemigo_1] Target (centro (416, 317)), Dist: 225.42. Mi Centro HB: (616, 213)
2025-05-19 17:14:34 - enemigo - [DEBUG] - [Enemigo_1] FUERA DE RANGO AGRO/DEMASIADO CERCA. No se calcula mov.
2025-05-19 17:14:34 - enemigo - [DEBUG] - [Enemigo_1] Pos flotante (post-IA y delta): (603.0000, 203.0000)
2025-05-19 17:14:34 - enemigo - [DEBUG] - [Enemigo_1] Sin mov. entero para CH. HB: (603, 203), PosFlotante re-sincronizada a (603.00,203.00)
2025-05-19 17:14:34 - enemigo - [DEBUG] - [Enemigo_2] --- Inicio Update IA --- Delta: 0.0160s. Pos ANTES: HB (403, 329), Rect (400, 326), Flot (403.00, 329.00)
2025-05-19 17:14:34 - enemigo - [DEBUG] - [Enemigo_1] --- Inicio Update IA --- Delta: 0.0170s. Pos ANTES: HB (603, 203), Rect (600, 200), Flot (603.00, 203.00)
2025-05-19 17:14:34 - enemigo - [DEBUG] - [Enemigo_2] Target (centro (416, 317)), Dist: 22.00. Mi Centro HB: (416, 339)
2025-05-19 17:14:34 - enemigo - [DEBUG] - [Enemigo_2] FUERA DE RANGO AGRO/DEMASIADO CERCA. No se calcula mov.
2025-05-19 17:14:34 - enemigo - [DEBUG] - [Enemigo_2] Pos flotante (post-IA y delta): (403.0000, 329.0000)
2025-05-19 17:14:34 - enemigo - [DEBUG] - [Enemigo_2] Sin mov. entero para CH. HB: (403, 329), PosFlotante re-sincronizada a (403.00,329.00)
2025-05-19 17:14:34 - enemigo - [DEBUG] - [Enemigo_1] --- Inicio Update IA --- Delta: 0.0160s. Pos ANTES: HB (603, 203), Rect (600, 200), Flot (603.00, 203.00)
2025-05-19 17:14:34 - enemigo - [DEBUG] - [Enemigo_1] Target (centro (416, 317)), Dist: 225.42. Mi Centro HB: (616, 213)
2025-05-19 17:14:34 - enemigo - [DEBUG] - [Enemigo_1] FUERA DE RANGO AGRO/DEMASIADO CERCA. No se calcula mov.
2025-05-19 17:14:34 - enemigo - [DEBUG] - [Enemigo_1] Pos flotante (post-IA y delta): (603.0000, 203.0000)
2025-05-19 17:14:34 - enemigo - [DEBUG] - [Enemigo_1] Sin mov. entero para CH. HB: (603, 203), PosFlotante re-sincronizada a (603.00,203.00)
2025-05-19 17:14:34 - enemigo - [DEBUG] - [Enemigo_2] --- Inicio Update IA --- Delta: 0.0160s. Pos ANTES: HB (403, 329), Rect (400, 326), Flot (403.00, 329.00)
2025-05-19 17:14:34 - enemigo - [DEBUG] - [Enemigo_1] --- Inicio Update IA --- Delta: 0.0180s. Pos ANTES: HB (603, 203), Rect (600, 200), Flot (603.00, 203.00)
2025-05-19 17:14:34 - enemigo - [DEBUG] - [Enemigo_2] --- Inicio Update IA --- Delta: 0.0180s. Pos ANTES: HB (403, 329), Rect (400, 326), Flot (403.00, 329.00)
2025-05-19 17:14:34 - enemigo - [DEBUG] - [Enemigo_2] Target (centro (416, 317)), Dist: 22.00. Mi Centro HB: (416, 339)
2025-05-19 17:14:34 - enemigo - [DEBUG] - [Enemigo_2] FUERA DE RANGO AGRO/DEMASIADO CERCA. No se calcula mov.
2025-05-19 17:14:34 - enemigo - [DEBUG] - [Enemigo_2] Pos flotante (post-IA y delta): (403.0000, 329.0000)
2025-05-19 17:14:34 - enemigo - [DEBUG] - [Enemigo_2] Sin mov. entero para CH. HB: (403, 329), PosFlotante re-sincronizada a (403.00,329.00)
2025-05-19 17:14:34 - enemigo - [DEBUG] - [Enemigo_1] --- Inicio Update IA --- Delta: 0.0170s. Pos ANTES: HB (603, 203), Rect (600, 200), Flot (603.00, 203.00)
2025-05-19 17:14:34 - enemigo - [DEBUG] - [Enemigo_1] Target (centro (416, 317)), Dist: 225.42. Mi Centro HB: (616, 213)
2025-05-19 17:14:34 - enemigo - [DEBUG] - [Enemigo_1] FUERA DE RANGO AGRO/DEMASIADO CERCA. No se calcula mov.
2025-05-19 17:14:34 - enemigo - [DEBUG] - [Enemigo_1] Pos flotante (post-IA y delta): (603.0000, 203.0000)
2025-05-19 17:14:34 - enemigo - [DEBUG] - [Enemigo_1] Sin mov. entero para CH. HB: (603, 203), PosFlotante re-sincronizada a (603.00,203.00)
2025-05-19 17:14:34 - enemigo - [DEBUG] - [Enemigo_2] --- Inicio Update IA --- Delta: 0.0170s. Pos ANTES: HB (403, 329), Rect (400, 326), Flot (403.00, 329.00)
2025-05-19 17:14:34 - enemigo - [DEBUG] - [Enemigo_1] --- Inicio Update IA --- Delta: 0.0160s. Pos ANTES: HB (603, 203), Rect (600, 200), Flot (603.00, 203.00)
2025-05-19 17:14:34 - enemigo - [DEBUG] - [Enemigo_2] --- Inicio Update IA --- Delta: 0.0160s. Pos ANTES: HB (403, 329), Rect (400, 326), Flot (403.00, 329.00)
2025-05-19 17:14:34 - enemigo - [DEBUG] - [Enemigo_2] Target (centro (416, 317)), Dist: 22.00. Mi Centro HB: (416, 339)
2025-05-19 17:14:34 - enemigo - [DEBUG] - [Enemigo_2] FUERA DE RANGO AGRO/DEMASIADO CERCA. No se calcula mov.
2025-05-19 17:14:34 - enemigo - [DEBUG] - [Enemigo_2] Pos flotante (post-IA y delta): (403.0000, 329.0000)
2025-05-19 17:14:34 - enemigo - [DEBUG] - [Enemigo_2] Sin mov. entero para CH. HB: (403, 329), PosFlotante re-sincronizada a (403.00,329.00)
2025-05-19 17:14:34 - enemigo - [DEBUG] - [Enemigo_1] --- Inicio Update IA --- Delta: 0.0170s. Pos ANTES: HB (603, 203), Rect (600, 200), Flot (603.00, 203.00)
2025-05-19 17:14:34 - enemigo - [DEBUG] - [Enemigo_1] Target (centro (416, 317)), Dist: 225.42. Mi Centro HB: (616, 213)
2025-05-19 17:14:34 - enemigo - [DEBUG] - [Enemigo_1] FUERA DE RANGO AGRO/DEMASIADO CERCA. No se calcula mov.
2025-05-19 17:14:34 - enemigo - [DEBUG] - [Enemigo_1] Pos flotante (post-IA y delta): (603.0000, 203.0000)
2025-05-19 17:14:34 - enemigo - [DEBUG] - [Enemigo_1] Sin mov. entero para CH. HB: (603, 203), PosFlotante re-sincronizada a (603.00,203.00)
2025-05-19 17:14:34 - enemigo - [DEBUG] - [Enemigo_2] --- Inicio Update IA --- Delta: 0.0170s. Pos ANTES: HB (403, 329), Rect (400, 326), Flot (403.00, 329.00)
2025-05-19 17:14:34 - enemigo - [DEBUG] - [Enemigo_2] Target (centro (416, 317)), Dist: 22.00. Mi Centro HB: (416, 339)
2025-05-19 17:14:34 - enemigo - [DEBUG] - [Enemigo_2] FUERA DE RANGO AGRO/DEMASIADO CERCA. No se calcula mov.
2025-05-19 17:14:34 - enemigo - [DEBUG] - [Enemigo_2] Pos flotante (post-IA y delta): (403.0000, 329.0000)
2025-05-19 17:14:34 - enemigo - [DEBUG] - [Enemigo_2] Sin mov. entero para CH. HB: (403, 329), PosFlotante re-sincronizada a (403.00,329.00)
2025-05-19 17:14:34 - enemigo - [DEBUG] - [Enemigo_1] --- Inicio Update IA --- Delta: 0.0170s. Pos ANTES: HB (603, 203), Rect (600, 200), Flot (603.00, 203.00)
2025-05-19 17:14:34 - enemigo - [DEBUG] - [Enemigo_1] Target (centro (416, 317)), Dist: 225.42. Mi Centro HB: (616, 213)
2025-05-19 17:14:34 - enemigo - [DEBUG] - [Enemigo_1] FUERA DE RANGO AGRO/DEMASIADO CERCA. No se calcula mov.
2025-05-19 17:14:34 - enemigo - [DEBUG] - [Enemigo_1] Pos flotante (post-IA y delta): (603.0000, 203.0000)
2025-05-19 17:14:34 - enemigo - [DEBUG] - [Enemigo_1] Sin mov. entero para CH. HB: (603, 203), PosFlotante re-sincronizada a (603.00,203.00)
2025-05-19 17:14:34 - enemigo - [DEBUG] - [Enemigo_2] --- Inicio Update IA --- Delta: 0.0170s. Pos ANTES: HB (403, 329), Rect (400, 326), Flot (403.00, 329.00)
2025-05-19 17:14:34 - enemigo - [DEBUG] - [Enemigo_2] Target (centro (416, 317)), Dist: 22.00. Mi Centro HB: (416, 339)
2025-05-19 17:14:34 - enemigo - [DEBUG] - [Enemigo_2] FUERA DE RANGO AGRO/DEMASIADO CERCA. No se calcula mov.
2025-05-19 17:14:34 - enemigo - [DEBUG] - [Enemigo_2] Pos flotante (post-IA y delta): (403.0000, 329.0000)
2025-05-19 17:14:34 - enemigo - [DEBUG] - [Enemigo_2] Sin mov. entero para CH. HB: (403, 329), PosFlotante re-sincronizada a (403.00,329.00)
2025-05-19 17:14:34 - enemigo - [DEBUG] - [Enemigo_1] --- Inicio Update IA --- Delta: 0.0160s. Pos ANTES: HB (603, 203), Rect (600, 200), Flot (603.00, 203.00)
2025-05-19 17:14:34 - enemigo - [DEBUG] - [Enemigo_1] Target (centro (416, 317)), Dist: 225.42. Mi Centro HB: (616, 213)
2025-05-19 17:14:34 - enemigo - [DEBUG] - [Enemigo_1] FUERA DE RANGO AGRO/DEMASIADO CERCA. No se calcula mov.
2025-05-19 17:14:34 - enemigo - [DEBUG] - [Enemigo_1] Pos flotante (post-IA y delta): (603.0000, 203.0000)
2025-05-19 17:14:34 - enemigo - [DEBUG] - [Enemigo_1] Sin mov. entero para CH. HB: (603, 203), PosFlotante re-sincronizada a (603.00,203.00)
2025-05-19 17:14:34 - enemigo - [DEBUG] - [Enemigo_2] --- Inicio Update IA --- Delta: 0.0160s. Pos ANTES: HB (403, 329), Rect (400, 326), Flot (403.00, 329.00)
2025-05-19 17:14:34 - enemigo - [DEBUG] - [Enemigo_1] --- Inicio Update IA --- Delta: 0.0170s. Pos ANTES: HB (603, 203), Rect (600, 200), Flot (603.00, 203.00)
2025-05-19 17:14:34 - enemigo - [DEBUG] - [Enemigo_2] --- Inicio Update IA --- Delta: 0.0170s. Pos ANTES: HB (403, 329), Rect (400, 326), Flot (403.00, 329.00)
2025-05-19 17:14:34 - enemigo - [DEBUG] - [Enemigo_2] Target (centro (416, 317)), Dist: 22.00. Mi Centro HB: (416, 339)
2025-05-19 17:14:34 - enemigo - [DEBUG] - [Enemigo_2] FUERA DE RANGO AGRO/DEMASIADO CERCA. No se calcula mov.
2025-05-19 17:14:34 - enemigo - [DEBUG] - [Enemigo_2] Pos flotante (post-IA y delta): (403.0000, 329.0000)
2025-05-19 17:14:34 - enemigo - [DEBUG] - [Enemigo_2] Sin mov. entero para CH. HB: (403, 329), PosFlotante re-sincronizada a (403.00,329.00)
2025-05-19 17:14:34 - enemigo - [DEBUG] - [Enemigo_1] Target (centro (416, 317)), Dist: 225.42. Mi Centro HB: (616, 213)
2025-05-19 17:14:34 - enemigo - [DEBUG] - [Enemigo_1] FUERA DE RANGO AGRO/DEMASIADO CERCA. No se calcula mov.
2025-05-19 17:14:34 - enemigo - [DEBUG] - [Enemigo_1] Pos flotante (post-IA y delta): (603.0000, 203.0000)
2025-05-19 17:14:34 - enemigo - [DEBUG] - [Enemigo_1] Sin mov. entero para CH. HB: (603, 203), PosFlotante re-sincronizada a (603.00,203.00)
2025-05-19 17:14:34 - enemigo - [DEBUG] - [Enemigo_1] --- Inicio Update IA --- Delta: 0.0170s. Pos ANTES: HB (603, 203), Rect (600, 200), Flot (603.00, 203.00)
2025-05-19 17:14:34 - enemigo - [DEBUG] - [Enemigo_2] --- Inicio Update IA --- Delta: 0.0170s. Pos ANTES: HB (403, 329), Rect (400, 326), Flot (403.00, 329.00)
2025-05-19 17:14:34 - enemigo - [DEBUG] - [Enemigo_2] Target (centro (416, 317)), Dist: 22.00. Mi Centro HB: (416, 339)
2025-05-19 17:14:34 - enemigo - [DEBUG] - [Enemigo_2] FUERA DE RANGO AGRO/DEMASIADO CERCA. No se calcula mov.
2025-05-19 17:14:34 - enemigo - [DEBUG] - [Enemigo_2] Pos flotante (post-IA y delta): (403.0000, 329.0000)
2025-05-19 17:14:34 - enemigo - [DEBUG] - [Enemigo_2] Sin mov. entero para CH. HB: (403, 329), PosFlotante re-sincronizada a (403.00,329.00)
2025-05-19 17:14:34 - enemigo - [DEBUG] - [Enemigo_1] --- Inicio Update IA --- Delta: 0.0160s. Pos ANTES: HB (603, 203), Rect (600, 200), Flot (603.00, 203.00)
2025-05-19 17:14:34 - enemigo - [DEBUG] - [Enemigo_1] Target (centro (416, 317)), Dist: 225.42. Mi Centro HB: (616, 213)
2025-05-19 17:14:34 - enemigo - [DEBUG] - [Enemigo_1] FUERA DE RANGO AGRO/DEMASIADO CERCA. No se calcula mov.
2025-05-19 17:14:34 - enemigo - [DEBUG] - [Enemigo_1] Pos flotante (post-IA y delta): (603.0000, 203.0000)
2025-05-19 17:14:34 - enemigo - [DEBUG] - [Enemigo_1] Sin mov. entero para CH. HB: (603, 203), PosFlotante re-sincronizada a (603.00,203.00)
2025-05-19 17:14:34 - enemigo - [DEBUG] - [Enemigo_2] --- Inicio Update IA --- Delta: 0.0160s. Pos ANTES: HB (403, 329), Rect (400, 326), Flot (403.00, 329.00)
2025-05-19 17:14:34 - enemigo - [DEBUG] - [Enemigo_1] --- Inicio Update IA --- Delta: 0.0170s. Pos ANTES: HB (603, 203), Rect (600, 200), Flot (603.00, 203.00)
2025-05-19 17:14:34 - enemigo - [DEBUG] - [Enemigo_2] --- Inicio Update IA --- Delta: 0.0170s. Pos ANTES: HB (403, 329), Rect (400, 326), Flot (403.00, 329.00)
2025-05-19 17:14:34 - enemigo - [DEBUG] - [Enemigo_2] Target (centro (416, 317)), Dist: 22.00. Mi Centro HB: (416, 339)
2025-05-19 17:14:34 - enemigo - [DEBUG] - [Enemigo_2] FUERA DE RANGO AGRO/DEMASIADO CERCA. No se calcula mov.
2025-05-19 17:14:34 - enemigo - [DEBUG] - [Enemigo_2] Pos flotante (post-IA y delta): (403.0000, 329.0000)
2025-05-19 17:14:34 - enemigo - [DEBUG] - [Enemigo_2] Sin mov. entero para CH. HB: (403, 329), PosFlotante re-sincronizada a (403.00,329.00)
2025-05-19 17:14:35 - enemigo - [DEBUG] - [Enemigo_1] --- Inicio Update IA --- Delta: 0.0180s. Pos ANTES: HB (603, 203), Rect (600, 200), Flot (603.00, 203.00)
2025-05-19 17:14:35 - enemigo - [DEBUG] - [Enemigo_1] Target (centro (416, 317)), Dist: 225.42. Mi Centro HB: (616, 213)
2025-05-19 17:14:35 - enemigo - [DEBUG] - [Enemigo_1] FUERA DE RANGO AGRO/DEMASIADO CERCA. No se calcula mov.
2025-05-19 17:14:35 - enemigo - [DEBUG] - [Enemigo_1] Pos flotante (post-IA y delta): (603.0000, 203.0000)
2025-05-19 17:14:35 - enemigo - [DEBUG] - [Enemigo_1] Sin mov. entero para CH. HB: (603, 203), PosFlotante re-sincronizada a (603.00,203.00)
2025-05-19 17:14:35 - enemigo - [DEBUG] - [Enemigo_2] --- Inicio Update IA --- Delta: 0.0180s. Pos ANTES: HB (403, 329), Rect (400, 326), Flot (403.00, 329.00)
2025-05-19 17:14:35 - enemigo - [DEBUG] - [Enemigo_1] --- Inicio Update IA --- Delta: 0.0170s. Pos ANTES: HB (603, 203), Rect (600, 200), Flot (603.00, 203.00)
2025-05-19 17:14:35 - enemigo - [DEBUG] - [Enemigo_2] --- Inicio Update IA --- Delta: 0.0170s. Pos ANTES: HB (403, 329), Rect (400, 326), Flot (403.00, 329.00)
2025-05-19 17:14:35 - enemigo - [DEBUG] - [Enemigo_2] Target (centro (416, 317)), Dist: 22.00. Mi Centro HB: (416, 339)
2025-05-19 17:14:35 - enemigo - [DEBUG] - [Enemigo_2] FUERA DE RANGO AGRO/DEMASIADO CERCA. No se calcula mov.
2025-05-19 17:14:35 - enemigo - [DEBUG] - [Enemigo_2] Pos flotante (post-IA y delta): (403.0000, 329.0000)
2025-05-19 17:14:35 - enemigo - [DEBUG] - [Enemigo_2] Sin mov. entero para CH. HB: (403, 329), PosFlotante re-sincronizada a (403.00,329.00)
2025-05-19 17:14:35 - enemigo - [DEBUG] - [Enemigo_1] --- Inicio Update IA --- Delta: 0.0160s. Pos ANTES: HB (603, 203), Rect (600, 200), Flot (603.00, 203.00)
2025-05-19 17:14:35 - enemigo - [DEBUG] - [Enemigo_1] Target (centro (416, 317)), Dist: 225.42. Mi Centro HB: (616, 213)
2025-05-19 17:14:35 - enemigo - [DEBUG] - [Enemigo_1] FUERA DE RANGO AGRO/DEMASIADO CERCA. No se calcula mov.
2025-05-19 17:14:35 - enemigo - [DEBUG] - [Enemigo_1] Pos flotante (post-IA y delta): (603.0000, 203.0000)
2025-05-19 17:14:35 - enemigo - [DEBUG] - [Enemigo_1] Sin mov. entero para CH. HB: (603, 203), PosFlotante re-sincronizada a (603.00,203.00)
2025-05-19 17:14:35 - enemigo - [DEBUG] - [Enemigo_2] --- Inicio Update IA --- Delta: 0.0160s. Pos ANTES: HB (403, 329), Rect (400, 326), Flot (403.00, 329.00)
2025-05-19 17:14:35 - enemigo - [DEBUG] - [Enemigo_2] Target (centro (416, 317)), Dist: 22.00. Mi Centro HB: (416, 339)
2025-05-19 17:14:35 - enemigo - [DEBUG] - [Enemigo_2] FUERA DE RANGO AGRO/DEMASIADO CERCA. No se calcula mov.
2025-05-19 17:14:35 - enemigo - [DEBUG] - [Enemigo_2] Pos flotante (post-IA y delta): (403.0000, 329.0000)
2025-05-19 17:14:35 - enemigo - [DEBUG] - [Enemigo_2] Sin mov. entero para CH. HB: (403, 329), PosFlotante re-sincronizada a (403.00,329.00)
2025-05-19 17:14:35 - enemigo - [DEBUG] - [Enemigo_1] --- Inicio Update IA --- Delta: 0.0170s. Pos ANTES: HB (603, 203), Rect (600, 200), Flot (603.00, 203.00)
2025-05-19 17:14:35 - enemigo - [DEBUG] - [Enemigo_2] --- Inicio Update IA --- Delta: 0.0170s. Pos ANTES: HB (403, 329), Rect (400, 326), Flot (403.00, 329.00)
2025-05-19 17:14:35 - enemigo - [DEBUG] - [Enemigo_1] --- Inicio Update IA --- Delta: 0.0160s. Pos ANTES: HB (603, 203), Rect (600, 200), Flot (603.00, 203.00)
2025-05-19 17:14:35 - enemigo - [DEBUG] - [Enemigo_1] Target (centro (416, 317)), Dist: 225.42. Mi Centro HB: (616, 213)
2025-05-19 17:14:35 - enemigo - [DEBUG] - [Enemigo_1] FUERA DE RANGO AGRO/DEMASIADO CERCA. No se calcula mov.
2025-05-19 17:14:35 - enemigo - [DEBUG] - [Enemigo_1] Pos flotante (post-IA y delta): (603.0000, 203.0000)
2025-05-19 17:14:35 - enemigo - [DEBUG] - [Enemigo_1] Sin mov. entero para CH. HB: (603, 203), PosFlotante re-sincronizada a (603.00,203.00)
2025-05-19 17:14:35 - enemigo - [DEBUG] - [Enemigo_2] --- Inicio Update IA --- Delta: 0.0160s. Pos ANTES: HB (403, 329), Rect (400, 326), Flot (403.00, 329.00)
2025-05-19 17:14:35 - enemigo - [DEBUG] - [Enemigo_2] Target (centro (416, 317)), Dist: 22.00. Mi Centro HB: (416, 339)
2025-05-19 17:14:35 - enemigo - [DEBUG] - [Enemigo_2] FUERA DE RANGO AGRO/DEMASIADO CERCA. No se calcula mov.
2025-05-19 17:14:35 - enemigo - [DEBUG] - [Enemigo_2] Pos flotante (post-IA y delta): (403.0000, 329.0000)
2025-05-19 17:14:35 - enemigo - [DEBUG] - [Enemigo_2] Sin mov. entero para CH. HB: (403, 329), PosFlotante re-sincronizada a (403.00,329.00)
2025-05-19 17:14:35 - enemigo - [DEBUG] - [Enemigo_1] --- Inicio Update IA --- Delta: 0.0170s. Pos ANTES: HB (603, 203), Rect (600, 200), Flot (603.00, 203.00)
2025-05-19 17:14:35 - enemigo - [DEBUG] - [Enemigo_1] Target (centro (416, 317)), Dist: 225.42. Mi Centro HB: (616, 213)
2025-05-19 17:14:35 - enemigo - [DEBUG] - [Enemigo_1] FUERA DE RANGO AGRO/DEMASIADO CERCA. No se calcula mov.
2025-05-19 17:14:35 - enemigo - [DEBUG] - [Enemigo_1] Pos flotante (post-IA y delta): (603.0000, 203.0000)
2025-05-19 17:14:35 - enemigo - [DEBUG] - [Enemigo_1] Sin mov. entero para CH. HB: (603, 203), PosFlotante re-sincronizada a (603.00,203.00)
2025-05-19 17:14:35 - enemigo - [DEBUG] - [Enemigo_2] --- Inicio Update IA --- Delta: 0.0170s. Pos ANTES: HB (403, 329), Rect (400, 326), Flot (403.00, 329.00)
2025-05-19 17:14:35 - enemigo - [DEBUG] - [Enemigo_1] --- Inicio Update IA --- Delta: 0.0160s. Pos ANTES: HB (603, 203), Rect (600, 200), Flot (603.00, 203.00)
2025-05-19 17:14:35 - enemigo - [DEBUG] - [Enemigo_2] --- Inicio Update IA --- Delta: 0.0160s. Pos ANTES: HB (403, 329), Rect (400, 326), Flot (403.00, 329.00)
2025-05-19 17:14:35 - enemigo - [DEBUG] - [Enemigo_2] Target (centro (416, 317)), Dist: 22.00. Mi Centro HB: (416, 339)
2025-05-19 17:14:35 - enemigo - [DEBUG] - [Enemigo_2] FUERA DE RANGO AGRO/DEMASIADO CERCA. No se calcula mov.
2025-05-19 17:14:35 - enemigo - [DEBUG] - [Enemigo_2] Pos flotante (post-IA y delta): (403.0000, 329.0000)
2025-05-19 17:14:35 - enemigo - [DEBUG] - [Enemigo_2] Sin mov. entero para CH. HB: (403, 329), PosFlotante re-sincronizada a (403.00,329.00)
2025-05-19 17:14:35 - enemigo - [DEBUG] - [Enemigo_1] Target (centro (416, 317)), Dist: 225.42. Mi Centro HB: (616, 213)
2025-05-19 17:14:35 - enemigo - [DEBUG] - [Enemigo_1] FUERA DE RANGO AGRO/DEMASIADO CERCA. No se calcula mov.
2025-05-19 17:14:35 - enemigo - [DEBUG] - [Enemigo_1] Pos flotante (post-IA y delta): (603.0000, 203.0000)
2025-05-19 17:14:35 - enemigo - [DEBUG] - [Enemigo_1] Sin mov. entero para CH. HB: (603, 203), PosFlotante re-sincronizada a (603.00,203.00)
2025-05-19 17:14:35 - enemigo - [DEBUG] - [Enemigo_1] --- Inicio Update IA --- Delta: 0.0170s. Pos ANTES: HB (603, 203), Rect (600, 200), Flot (603.00, 203.00)
2025-05-19 17:14:35 - enemigo - [DEBUG] - [Enemigo_2] --- Inicio Update IA --- Delta: 0.0170s. Pos ANTES: HB (403, 329), Rect (400, 326), Flot (403.00, 329.00)
2025-05-19 17:14:35 - enemigo - [DEBUG] - [Enemigo_1] --- Inicio Update IA --- Delta: 0.0160s. Pos ANTES: HB (603, 203), Rect (600, 200), Flot (603.00, 203.00)
2025-05-19 17:14:35 - enemigo - [DEBUG] - [Enemigo_2] --- Inicio Update IA --- Delta: 0.0160s. Pos ANTES: HB (403, 329), Rect (400, 326), Flot (403.00, 329.00)
2025-05-19 17:14:35 - enemigo - [DEBUG] - [Enemigo_2] Target (centro (416, 317)), Dist: 22.00. Mi Centro HB: (416, 339)
2025-05-19 17:14:35 - enemigo - [DEBUG] - [Enemigo_2] FUERA DE RANGO AGRO/DEMASIADO CERCA. No se calcula mov.
2025-05-19 17:14:35 - enemigo - [DEBUG] - [Enemigo_2] Pos flotante (post-IA y delta): (403.0000, 329.0000)
2025-05-19 17:14:35 - enemigo - [DEBUG] - [Enemigo_2] Sin mov. entero para CH. HB: (403, 329), PosFlotante re-sincronizada a (403.00,329.00)
2025-05-19 17:14:35 - enemigo - [DEBUG] - [Enemigo_1] Target (centro (416, 317)), Dist: 225.42. Mi Centro HB: (616, 213)
2025-05-19 17:14:35 - enemigo - [DEBUG] - [Enemigo_1] FUERA DE RANGO AGRO/DEMASIADO CERCA. No se calcula mov.
2025-05-19 17:14:35 - enemigo - [DEBUG] - [Enemigo_1] Pos flotante (post-IA y delta): (603.0000, 203.0000)
2025-05-19 17:14:35 - enemigo - [DEBUG] - [Enemigo_1] Sin mov. entero para CH. HB: (603, 203), PosFlotante re-sincronizada a (603.00,203.00)
2025-05-19 17:14:35 - enemigo - [DEBUG] - [Enemigo_1] --- Inicio Update IA --- Delta: 0.0160s. Pos ANTES: HB (603, 203), Rect (600, 200), Flot (603.00, 203.00)
2025-05-19 17:14:35 - enemigo - [DEBUG] - [Enemigo_2] --- Inicio Update IA --- Delta: 0.0160s. Pos ANTES: HB (403, 329), Rect (400, 326), Flot (403.00, 329.00)
2025-05-19 17:14:35 - enemigo - [DEBUG] - [Enemigo_1] --- Inicio Update IA --- Delta: 0.0170s. Pos ANTES: HB (603, 203), Rect (600, 200), Flot (603.00, 203.00)
2025-05-19 17:14:35 - enemigo - [DEBUG] - [Enemigo_2] --- Inicio Update IA --- Delta: 0.0170s. Pos ANTES: HB (403, 329), Rect (400, 326), Flot (403.00, 329.00)
2025-05-19 17:14:35 - enemigo - [DEBUG] - [Enemigo_2] Target (centro (416, 317)), Dist: 22.00. Mi Centro HB: (416, 339)
2025-05-19 17:14:35 - enemigo - [DEBUG] - [Enemigo_2] FUERA DE RANGO AGRO/DEMASIADO CERCA. No se calcula mov.
2025-05-19 17:14:35 - enemigo - [DEBUG] - [Enemigo_2] Pos flotante (post-IA y delta): (403.0000, 329.0000)
2025-05-19 17:14:35 - enemigo - [DEBUG] - [Enemigo_2] Sin mov. entero para CH. HB: (403, 329), PosFlotante re-sincronizada a (403.00,329.00)
2025-05-19 17:14:35 - enemigo - [DEBUG] - [Enemigo_1] Target (centro (416, 317)), Dist: 225.42. Mi Centro HB: (616, 213)
2025-05-19 17:14:35 - enemigo - [DEBUG] - [Enemigo_1] FUERA DE RANGO AGRO/DEMASIADO CERCA. No se calcula mov.
2025-05-19 17:14:35 - enemigo - [DEBUG] - [Enemigo_1] Pos flotante (post-IA y delta): (603.0000, 203.0000)
2025-05-19 17:14:35 - enemigo - [DEBUG] - [Enemigo_1] Sin mov. entero para CH. HB: (603, 203), PosFlotante re-sincronizada a (603.00,203.00)
2025-05-19 17:14:35 - enemigo - [DEBUG] - [Enemigo_1] --- Inicio Update IA --- Delta: 0.0160s. Pos ANTES: HB (603, 203), Rect (600, 200), Flot (603.00, 203.00)
2025-05-19 17:14:35 - enemigo - [DEBUG] - [Enemigo_2] --- Inicio Update IA --- Delta: 0.0160s. Pos ANTES: HB (403, 329), Rect (400, 326), Flot (403.00, 329.00)
2025-05-19 17:14:35 - enemigo - [DEBUG] - [Enemigo_2] Target (centro (416, 317)), Dist: 22.00. Mi Centro HB: (416, 339)
2025-05-19 17:14:35 - enemigo - [DEBUG] - [Enemigo_2] FUERA DE RANGO AGRO/DEMASIADO CERCA. No se calcula mov.
2025-05-19 17:14:35 - enemigo - [DEBUG] - [Enemigo_2] Pos flotante (post-IA y delta): (403.0000, 329.0000)
2025-05-19 17:14:35 - enemigo - [DEBUG] - [Enemigo_2] Sin mov. entero para CH. HB: (403, 329), PosFlotante re-sincronizada a (403.00,329.00)
2025-05-19 17:14:35 - enemigo - [DEBUG] - [Enemigo_1] --- Inicio Update IA --- Delta: 0.0170s. Pos ANTES: HB (603, 203), Rect (600, 200), Flot (603.00, 203.00)
2025-05-19 17:14:35 - enemigo - [DEBUG] - [Enemigo_1] Target (centro (416, 317)), Dist: 225.42. Mi Centro HB: (616, 213)
2025-05-19 17:14:35 - enemigo - [DEBUG] - [Enemigo_1] FUERA DE RANGO AGRO/DEMASIADO CERCA. No se calcula mov.
2025-05-19 17:14:35 - enemigo - [DEBUG] - [Enemigo_1] Pos flotante (post-IA y delta): (603.0000, 203.0000)
2025-05-19 17:14:35 - enemigo - [DEBUG] - [Enemigo_1] Sin mov. entero para CH. HB: (603, 203), PosFlotante re-sincronizada a (603.00,203.00)
2025-05-19 17:14:35 - enemigo - [DEBUG] - [Enemigo_2] --- Inicio Update IA --- Delta: 0.0170s. Pos ANTES: HB (403, 329), Rect (400, 326), Flot (403.00, 329.00)
2025-05-19 17:14:35 - enemigo - [DEBUG] - [Enemigo_1] Target (centro (420, 317)), Dist: 221.88. Mi Centro HB: (616, 213)
2025-05-19 17:14:35 - enemigo - [DEBUG] - [Enemigo_2] Target (centro (420, 317)), Dist: 22.36. Mi Centro HB: (416, 339)
2025-05-19 17:14:35 - enemigo - [DEBUG] - [Enemigo_2] EN RANGO AGRO. Input IA (vel): (12.52, -68.87)
2025-05-19 17:14:35 - enemigo - [DEBUG] - [Enemigo_2] Pos flotante (post-IA y delta): (403.2004, 327.8981)
2025-05-19 17:14:35 - enemigo - [DEBUG] - [Enemigo_2] Solicita movimiento a CH (deltas enteros): dx_int=1, dy_int=-2. HB Actual: (403, 329) (Flotantes totales: dx=0.2004, dy=-1.1019)
2025-05-19 17:14:35 - enemigo - [DEBUG] - [Enemigo_2] Inicia _mover_y_colisionar_con_obstaculos. dx_int=1, dy_int=-2. HB Actual: (403, 329)
2025-05-19 17:14:35 - enemigo - [DEBUG] - [Enemigo_2] Hitbox recentrado (enemigo): (417, 337) (Rect center: (417, 337))
2025-05-19 17:14:35 - enemigo - [DEBUG] - [Enemigo_2] _mover_y_colisionar: HB Antes CH: (403,329), HB Despues CH y Sinc: (404,327), Rect: (401, 324), PosFlotante: (404.00,327.00)
2025-05-19 17:14:35 - enemigo - [DEBUG] - [Enemigo_2] Posición DESPUÉS de mov/col: HB (404, 327), Rect (401, 324), Flot (404.00, 327.00)
2025-05-19 17:14:35 - enemigo - [DEBUG] - [Enemigo_1] Target (centro (445, 317)), Dist: 200.14. Mi Centro HB: (616, 213)
2025-05-19 17:14:35 - enemigo - [DEBUG] - [Enemigo_2] --- Inicio Update IA --- Delta: 0.0170s. Pos ANTES: HB (404, 327), Rect (401, 324), Flot (404.00, 327.00)
2025-05-19 17:14:35 - enemigo - [DEBUG] - [Enemigo_2] Target (centro (445, 317)), Dist: 34.41. Mi Centro HB: (417, 337)
2025-05-19 17:14:35 - enemigo - [DEBUG] - [Enemigo_2] EN RANGO AGRO. Input IA (vel): (56.96, -40.69)
2025-05-19 17:14:35 - enemigo - [DEBUG] - [Enemigo_2] Pos flotante (post-IA y delta): (404.9683, 326.3083)
2025-05-19 17:14:35 - enemigo - [DEBUG] - [Enemigo_2] Solicita movimiento a CH (deltas enteros): dx_int=1, dy_int=-1. HB Actual: (404, 327) (Flotantes totales: dx=0.9683, dy=-0.6917)
2025-05-19 17:14:35 - enemigo - [DEBUG] - [Enemigo_2] Inicia _mover_y_colisionar_con_obstaculos. dx_int=1, dy_int=-1. HB Actual: (404, 327)
2025-05-19 17:14:35 - enemigo - [DEBUG] - [Enemigo_2] Hitbox recentrado (enemigo): (418, 336) (Rect center: (418, 336))
2025-05-19 17:14:35 - enemigo - [DEBUG] - [Enemigo_2] _mover_y_colisionar: HB Antes CH: (404,327), HB Despues CH y Sinc: (405,326), Rect: (402, 323), PosFlotante: (405.00,326.00)
2025-05-19 17:14:35 - enemigo - [DEBUG] - [Enemigo_2] Posición DESPUÉS de mov/col: HB (405, 326), Rect (402, 323), Flot (405.00, 326.00)
2025-05-19 17:14:35 - enemigo - [DEBUG] - [Enemigo_1] --- Inicio Update IA --- Delta: 0.0160s. Pos ANTES: HB (603, 203), Rect (600, 200), Flot (603.00, 203.00)
2025-05-19 17:14:35 - enemigo - [DEBUG] - [Enemigo_1] Target (centro (449, 317)), Dist: 196.74. Mi Centro HB: (616, 213)
2025-05-19 17:14:35 - enemigo - [DEBUG] - [Enemigo_1] EN RANGO AGRO. Input IA (vel): (-59.42, 37.00)
2025-05-19 17:14:35 - enemigo - [DEBUG] - [Enemigo_1] Pos flotante (post-IA y delta): (602.0493, 203.5921)
2025-05-19 17:14:35 - enemigo - [DEBUG] - [Enemigo_1] Solicita movimiento a CH (deltas enteros): dx_int=-1, dy_int=1. HB Actual: (603, 203) (Flotantes totales: dx=-0.9507, dy=0.5921)
2025-05-19 17:14:35 - enemigo - [DEBUG] - [Enemigo_1] Inicia _mover_y_colisionar_con_obstaculos. dx_int=-1, dy_int=1. HB Actual: (603, 203)
2025-05-19 17:14:35 - enemigo - [DEBUG] - [Enemigo_1] Hitbox recentrado (enemigo): (615, 214) (Rect center: (615, 214))
2025-05-19 17:14:35 - enemigo - [DEBUG] - [Enemigo_1] _mover_y_colisionar: HB Antes CH: (603,203), HB Despues CH y Sinc: (602,204), Rect: (599, 201), PosFlotante: (602.00,204.00)
2025-05-19 17:14:35 - enemigo - [DEBUG] - [Enemigo_1] Posición DESPUÉS de mov/col: HB (602, 204), Rect (599, 201), Flot (602.00, 204.00)
2025-05-19 17:14:35 - enemigo - [DEBUG] - [Enemigo_2] --- Inicio Update IA --- Delta: 0.0160s. Pos ANTES: HB (405, 326), Rect (402, 323), Flot (405.00, 326.00)
2025-05-19 17:14:35 - enemigo - [DEBUG] - [Enemigo_2] Target (centro (449, 317)), Dist: 36.36. Mi Centro HB: (418, 336)
2025-05-19 17:14:35 - enemigo - [DEBUG] - [Enemigo_2] EN RANGO AGRO. Input IA (vel): (59.68, -36.58)
2025-05-19 17:14:35 - enemigo - [DEBUG] - [Enemigo_2] Pos flotante (post-IA y delta): (405.9549, 325.4147)
2025-05-19 17:14:35 - enemigo - [DEBUG] - [Enemigo_2] Solicita movimiento a CH (deltas enteros): dx_int=1, dy_int=-1. HB Actual: (405, 326) (Flotantes totales: dx=0.9549, dy=-0.5853)
2025-05-19 17:14:35 - enemigo - [DEBUG] - [Enemigo_2] Inicia _mover_y_colisionar_con_obstaculos. dx_int=1, dy_int=-1. HB Actual: (405, 326)
2025-05-19 17:14:35 - enemigo - [DEBUG] - [Enemigo_2] Hitbox recentrado (enemigo): (419, 335) (Rect center: (419, 335))
2025-05-19 17:14:35 - enemigo - [DEBUG] - [Enemigo_2] _mover_y_colisionar: HB Antes CH: (405,326), HB Despues CH y Sinc: (406,325), Rect: (403, 322), PosFlotante: (406.00,325.00)
2025-05-19 17:14:35 - enemigo - [DEBUG] - [Enemigo_2] Posición DESPUÉS de mov/col: HB (406, 325), Rect (403, 322), Flot (406.00, 325.00)
2025-05-19 17:14:35 - enemigo - [DEBUG] - [Enemigo_1] --- Inicio Update IA --- Delta: 0.0160s. Pos ANTES: HB (602, 204), Rect (599, 201), Flot (602.00, 204.00)
2025-05-19 17:14:35 - enemigo - [DEBUG] - [Enemigo_1] Target (centro (452, 317)), Dist: 192.82. Mi Centro HB: (615, 214)
2025-05-19 17:14:35 - enemigo - [DEBUG] - [Enemigo_1] EN RANGO AGRO. Input IA (vel): (-59.18, 37.39)
2025-05-19 17:14:35 - enemigo - [DEBUG] - [Enemigo_1] Pos flotante (post-IA y delta): (601.0532, 204.5983)
2025-05-19 17:14:35 - enemigo - [DEBUG] - [Enemigo_1] Solicita movimiento a CH (deltas enteros): dx_int=-1, dy_int=1. HB Actual: (602, 204) (Flotantes totales: dx=-0.9468, dy=0.5983)
2025-05-19 17:14:35 - enemigo - [DEBUG] - [Enemigo_1] Inicia _mover_y_colisionar_con_obstaculos. dx_int=-1, dy_int=1. HB Actual: (602, 204)
2025-05-19 17:14:35 - enemigo - [DEBUG] - [Enemigo_1] Hitbox recentrado (enemigo): (614, 215) (Rect center: (614, 215))
2025-05-19 17:14:35 - enemigo - [DEBUG] - [Enemigo_1] _mover_y_colisionar: HB Antes CH: (602,204), HB Despues CH y Sinc: (601,205), Rect: (598, 202), PosFlotante: (601.00,205.00)
2025-05-19 17:14:35 - enemigo - [DEBUG] - [Enemigo_1] Posición DESPUÉS de mov/col: HB (601, 205), Rect (598, 202), Flot (601.00, 205.00)
2025-05-19 17:14:35 - enemigo - [DEBUG] - [Enemigo_2] --- Inicio Update IA --- Delta: 0.0160s. Pos ANTES: HB (406, 325), Rect (403, 322), Flot (406.00, 325.00)
2025-05-19 17:14:35 - enemigo - [DEBUG] - [Enemigo_2] Target (centro (452, 317)), Dist: 37.59. Mi Centro HB: (419, 335)
2025-05-19 17:14:35 - enemigo - [DEBUG] - [Enemigo_2] EN RANGO AGRO. Input IA (vel): (61.45, -33.52)
2025-05-19 17:14:35 - enemigo - [DEBUG] - [Enemigo_2] Pos flotante (post-IA y delta): (406.9832, 324.4637)
2025-05-19 17:14:35 - enemigo - [DEBUG] - [Enemigo_2] Solicita movimiento a CH (deltas enteros): dx_int=1, dy_int=-1. HB Actual: (406, 325) (Flotantes totales: dx=0.9832, dy=-0.5363)
2025-05-19 17:14:35 - enemigo - [DEBUG] - [Enemigo_2] Inicia _mover_y_colisionar_con_obstaculos. dx_int=1, dy_int=-1. HB Actual: (406, 325)
2025-05-19 17:14:35 - enemigo - [DEBUG] - [Enemigo_2] Hitbox recentrado (enemigo): (420, 334) (Rect center: (420, 334))
2025-05-19 17:14:35 - enemigo - [DEBUG] - [Enemigo_2] _mover_y_colisionar: HB Antes CH: (406,325), HB Despues CH y Sinc: (407,324), Rect: (404, 321), PosFlotante: (407.00,324.00)
2025-05-19 17:14:35 - enemigo - [DEBUG] - [Enemigo_2] Posición DESPUÉS de mov/col: HB (407, 324), Rect (404, 321), Flot (407.00, 324.00)
2025-05-19 17:14:35 - enemigo - [DEBUG] - [Enemigo_1] --- Inicio Update IA --- Delta: 0.0170s. Pos ANTES: HB (601, 205), Rect (598, 202), Flot (601.00, 205.00)
2025-05-19 17:14:35 - enemigo - [DEBUG] - [Enemigo_1] Target (centro (455, 317)), Dist: 188.90. Mi Centro HB: (614, 215)
2025-05-19 17:14:35 - enemigo - [DEBUG] - [Enemigo_1] EN RANGO AGRO. Input IA (vel): (-58.92, 37.80)
2025-05-19 17:14:35 - enemigo - [DEBUG] - [Enemigo_1] Pos flotante (post-IA y delta): (599.9984, 205.6425)
2025-05-19 17:14:35 - enemigo - [DEBUG] - [Enemigo_1] Solicita movimiento a CH (deltas enteros): dx_int=-2, dy_int=1. HB Actual: (601, 205) (Flotantes totales: dx=-1.0016, dy=0.6425)
2025-05-19 17:14:35 - enemigo - [DEBUG] - [Enemigo_1] Inicia _mover_y_colisionar_con_obstaculos. dx_int=-2, dy_int=1. HB Actual: (601, 205)
2025-05-19 17:14:35 - enemigo - [DEBUG] - [Enemigo_1] Hitbox recentrado (enemigo): (612, 216) (Rect center: (612, 216))
2025-05-19 17:14:35 - enemigo - [DEBUG] - [Enemigo_1] _mover_y_colisionar: HB Antes CH: (601,205), HB Despues CH y Sinc: (599,206), Rect: (596, 203), PosFlotante: (599.00,206.00)
2025-05-19 17:14:35 - enemigo - [DEBUG] - [Enemigo_1] Posición DESPUÉS de mov/col: HB (599, 206), Rect (596, 203), Flot (599.00, 206.00)
2025-05-19 17:14:35 - enemigo - [DEBUG] - [Enemigo_2] --- Inicio Update IA --- Delta: 0.0170s. Pos ANTES: HB (407, 324), Rect (404, 321), Flot (407.00, 324.00)
2025-05-19 17:14:35 - enemigo - [DEBUG] - [Enemigo_2] Target (centro (455, 317)), Dist: 38.91. Mi Centro HB: (420, 334)
2025-05-19 17:14:35 - enemigo - [DEBUG] - [Enemigo_2] EN RANGO AGRO. Input IA (vel): (62.97, -30.58)
2025-05-19 17:14:35 - enemigo - [DEBUG] - [Enemigo_2] Pos flotante (post-IA y delta): (408.0704, 323.4801)
2025-05-19 17:14:35 - enemigo - [DEBUG] - [Enemigo_2] Solicita movimiento a CH (deltas enteros): dx_int=2, dy_int=-1. HB Actual: (407, 324) (Flotantes totales: dx=1.0704, dy=-0.5199)
2025-05-19 17:14:35 - enemigo - [DEBUG] - [Enemigo_2] Inicia _mover_y_colisionar_con_obstaculos. dx_int=2, dy_int=-1. HB Actual: (407, 324)
2025-05-19 17:14:35 - enemigo - [DEBUG] - [Enemigo_2] Hitbox recentrado (enemigo): (422, 333) (Rect center: (422, 333))
2025-05-19 17:14:35 - enemigo - [DEBUG] - [Enemigo_2] _mover_y_colisionar: HB Antes CH: (407,324), HB Despues CH y Sinc: (409,323), Rect: (406, 320), PosFlotante: (409.00,323.00)
2025-05-19 17:14:35 - enemigo - [DEBUG] - [Enemigo_2] Posición DESPUÉS de mov/col: HB (409, 323), Rect (406, 320), Flot (409.00, 323.00)
2025-05-19 17:14:35 - enemigo - [DEBUG] - [Enemigo_1] --- Inicio Update IA --- Delta: 0.0170s. Pos ANTES: HB (599, 206), Rect (596, 203), Flot (599.00, 206.00)
2025-05-19 17:14:35 - enemigo - [DEBUG] - [Enemigo_1] Target (centro (459, 317)), Dist: 183.33. Mi Centro HB: (612, 216)
2025-05-19 17:14:35 - enemigo - [DEBUG] - [Enemigo_1] EN RANGO AGRO. Input IA (vel): (-58.42, 38.56)
2025-05-19 17:14:35 - enemigo - [DEBUG] - [Enemigo_1] Pos flotante (post-IA y delta): (598.0069, 206.6556)
2025-05-19 17:14:35 - enemigo - [DEBUG] - [Enemigo_1] Solicita movimiento a CH (deltas enteros): dx_int=-1, dy_int=1. HB Actual: (599, 206) (Flotantes totales: dx=-0.9931, dy=0.6556)
2025-05-19 17:14:35 - enemigo - [DEBUG] - [Enemigo_1] Inicia _mover_y_colisionar_con_obstaculos. dx_int=-1, dy_int=1. HB Actual: (599, 206)
2025-05-19 17:14:35 - enemigo - [DEBUG] - [Enemigo_1] Hitbox recentrado (enemigo): (611, 217) (Rect center: (611, 217))
2025-05-19 17:14:35 - enemigo - [DEBUG] - [Enemigo_1] _mover_y_colisionar: HB Antes CH: (599,206), HB Despues CH y Sinc: (598,207), Rect: (595, 204), PosFlotante: (598.00,207.00)
2025-05-19 17:14:35 - enemigo - [DEBUG] - [Enemigo_1] Posición DESPUÉS de mov/col: HB (598, 207), Rect (595, 204), Flot (598.00, 207.00)
2025-05-19 17:14:35 - enemigo - [DEBUG] - [Enemigo_2] --- Inicio Update IA --- Delta: 0.0170s. Pos ANTES: HB (409, 323), Rect (406, 320), Flot (409.00, 323.00)
2025-05-19 17:14:35 - enemigo - [DEBUG] - [Enemigo_2] Target (centro (459, 317)), Dist: 40.31. Mi Centro HB: (422, 333)
2025-05-19 17:14:35 - enemigo - [DEBUG] - [Enemigo_2] EN RANGO AGRO. Input IA (vel): (64.25, -27.78)
2025-05-19 17:14:35 - enemigo - [DEBUG] - [Enemigo_2] Pos flotante (post-IA y delta): (410.0922, 322.5277)
2025-05-19 17:14:35 - enemigo - [DEBUG] - [Enemigo_2] Solicita movimiento a CH (deltas enteros): dx_int=2, dy_int=-1. HB Actual: (409, 323) (Flotantes totales: dx=1.0922, dy=-0.4723)
2025-05-19 17:14:35 - enemigo - [DEBUG] - [Enemigo_2] Inicia _mover_y_colisionar_con_obstaculos. dx_int=2, dy_int=-1. HB Actual: (409, 323)
2025-05-19 17:14:35 - enemigo - [DEBUG] - [Enemigo_2] Hitbox recentrado (enemigo): (424, 332) (Rect center: (424, 332))
2025-05-19 17:14:35 - enemigo - [DEBUG] - [Enemigo_2] _mover_y_colisionar: HB Antes CH: (409,323), HB Despues CH y Sinc: (411,322), Rect: (408, 319), PosFlotante: (411.00,322.00)
2025-05-19 17:14:35 - enemigo - [DEBUG] - [Enemigo_2] Posición DESPUÉS de mov/col: HB (411, 322), Rect (408, 319), Flot (411.00, 322.00)
2025-05-19 17:14:35 - enemigo - [DEBUG] - [Enemigo_1] --- Inicio Update IA --- Delta: 0.0170s. Pos ANTES: HB (598, 207), Rect (595, 204), Flot (598.00, 207.00)
2025-05-19 17:14:35 - enemigo - [DEBUG] - [Enemigo_1] Target (centro (463, 317)), Dist: 178.62. Mi Centro HB: (611, 217)
2025-05-19 17:14:35 - enemigo - [DEBUG] - [Enemigo_1] EN RANGO AGRO. Input IA (vel): (-58.00, 39.19)
2025-05-19 17:14:35 - enemigo - [DEBUG] - [Enemigo_1] Pos flotante (post-IA y delta): (597.0140, 207.6662)
2025-05-19 17:14:35 - enemigo - [DEBUG] - [Enemigo_1] Solicita movimiento a CH (deltas enteros): dx_int=-1, dy_int=1. HB Actual: (598, 207) (Flotantes totales: dx=-0.9860, dy=0.6662)
2025-05-19 17:14:35 - enemigo - [DEBUG] - [Enemigo_1] Inicia _mover_y_colisionar_con_obstaculos. dx_int=-1, dy_int=1. HB Actual: (598, 207)
2025-05-19 17:14:35 - enemigo - [DEBUG] - [Enemigo_1] Hitbox recentrado (enemigo): (610, 218) (Rect center: (610, 218))
2025-05-19 17:14:35 - enemigo - [DEBUG] - [Enemigo_1] _mover_y_colisionar: HB Antes CH: (598,207), HB Despues CH y Sinc: (597,208), Rect: (594, 205), PosFlotante: (597.00,208.00)
2025-05-19 17:14:35 - enemigo - [DEBUG] - [Enemigo_1] Posición DESPUÉS de mov/col: HB (597, 208), Rect (594, 205), Flot (597.00, 208.00)
2025-05-19 17:14:35 - enemigo - [DEBUG] - [Enemigo_2] --- Inicio Update IA --- Delta: 0.0170s. Pos ANTES: HB (411, 322), Rect (408, 319), Flot (411.00, 322.00)
2025-05-19 17:14:35 - enemigo - [DEBUG] - [Enemigo_2] Target (centro (463, 317)), Dist: 41.79. Mi Centro HB: (424, 332)
2025-05-19 17:14:35 - enemigo - [DEBUG] - [Enemigo_2] EN RANGO AGRO. Input IA (vel): (65.33, -25.13)
2025-05-19 17:14:35 - enemigo - [DEBUG] - [Enemigo_2] Pos flotante (post-IA y delta): (412.1107, 321.5728)
2025-05-19 17:14:35 - enemigo - [DEBUG] - [Enemigo_2] Solicita movimiento a CH (deltas enteros): dx_int=2, dy_int=-1. HB Actual: (411, 322) (Flotantes totales: dx=1.1107, dy=-0.4272)
2025-05-19 17:14:35 - enemigo - [DEBUG] - [Enemigo_2] Inicia _mover_y_colisionar_con_obstaculos. dx_int=2, dy_int=-1. HB Actual: (411, 322)
2025-05-19 17:14:35 - enemigo - [DEBUG] - [Enemigo_2] Hitbox recentrado (enemigo): (426, 331) (Rect center: (426, 331))
2025-05-19 17:14:35 - enemigo - [DEBUG] - [Enemigo_2] _mover_y_colisionar: HB Antes CH: (411,322), HB Despues CH y Sinc: (413,321), Rect: (410, 318), PosFlotante: (413.00,321.00)
2025-05-19 17:14:35 - enemigo - [DEBUG] - [Enemigo_2] Posición DESPUÉS de mov/col: HB (413, 321), Rect (410, 318), Flot (413.00, 321.00)
2025-05-19 17:14:35 - enemigo - [DEBUG] - [Enemigo_1] --- Inicio Update IA --- Delta: 0.0170s. Pos ANTES: HB (597, 208), Rect (594, 205), Flot (597.00, 208.00)
2025-05-19 17:14:35 - enemigo - [DEBUG] - [Enemigo_1] Target (centro (467, 317)), Dist: 173.93. Mi Centro HB: (610, 218)
2025-05-19 17:14:35 - enemigo - [DEBUG] - [Enemigo_1] EN RANGO AGRO. Input IA (vel): (-57.55, 39.84)
2025-05-19 17:14:35 - enemigo - [DEBUG] - [Enemigo_1] Pos flotante (post-IA y delta): (596.0216, 208.6774)
2025-05-19 17:14:35 - enemigo - [DEBUG] - [Enemigo_1] Solicita movimiento a CH (deltas enteros): dx_int=-1, dy_int=1. HB Actual: (597, 208) (Flotantes totales: dx=-0.9784, dy=0.6774)
2025-05-19 17:14:35 - enemigo - [DEBUG] - [Enemigo_1] Inicia _mover_y_colisionar_con_obstaculos. dx_int=-1, dy_int=1. HB Actual: (597, 208)
2025-05-19 17:14:35 - enemigo - [DEBUG] - [Enemigo_1] Hitbox recentrado (enemigo): (609, 219) (Rect center: (609, 219))
2025-05-19 17:14:35 - enemigo - [DEBUG] - [Enemigo_1] _mover_y_colisionar: HB Antes CH: (597,208), HB Despues CH y Sinc: (596,209), Rect: (593, 206), PosFlotante: (596.00,209.00)
2025-05-19 17:14:35 - enemigo - [DEBUG] - [Enemigo_1] Posición DESPUÉS de mov/col: HB (596, 209), Rect (593, 206), Flot (596.00, 209.00)
2025-05-19 17:14:35 - enemigo - [DEBUG] - [Enemigo_2] --- Inicio Update IA --- Delta: 0.0170s. Pos ANTES: HB (413, 321), Rect (410, 318), Flot (413.00, 321.00)
2025-05-19 17:14:35 - enemigo - [DEBUG] - [Enemigo_2] Target (centro (467, 317)), Dist: 43.32. Mi Centro HB: (426, 331)
2025-05-19 17:14:35 - enemigo - [DEBUG] - [Enemigo_2] EN RANGO AGRO. Input IA (vel): (66.24, -22.62)
2025-05-19 17:14:35 - enemigo - [DEBUG] - [Enemigo_2] Pos flotante (post-IA y delta): (414.1262, 320.6155)
2025-05-19 17:14:35 - enemigo - [DEBUG] - [Enemigo_2] Solicita movimiento a CH (deltas enteros): dx_int=2, dy_int=-1. HB Actual: (413, 321) (Flotantes totales: dx=1.1262, dy=-0.3845)
2025-05-19 17:14:35 - enemigo - [DEBUG] - [Enemigo_2] Inicia _mover_y_colisionar_con_obstaculos. dx_int=2, dy_int=-1. HB Actual: (413, 321)
2025-05-19 17:14:35 - enemigo - [DEBUG] - [Enemigo_2] Hitbox recentrado (enemigo): (428, 330) (Rect center: (428, 330))
2025-05-19 17:14:35 - enemigo - [DEBUG] - [Enemigo_2] _mover_y_colisionar: HB Antes CH: (413,321), HB Despues CH y Sinc: (415,320), Rect: (412, 317), PosFlotante: (415.00,320.00)
2025-05-19 17:14:35 - enemigo - [DEBUG] - [Enemigo_2] Posición DESPUÉS de mov/col: HB (415, 320), Rect (412, 317), Flot (415.00, 320.00)
2025-05-19 17:14:35 - enemigo - [DEBUG] - [Enemigo_1] --- Inicio Update IA --- Delta: 0.0160s. Pos ANTES: HB (596, 209), Rect (593, 206), Flot (596.00, 209.00)
2025-05-19 17:14:35 - enemigo - [DEBUG] - [Enemigo_1] Target (centro (471, 317)), Dist: 169.26. Mi Centro HB: (609, 219)
2025-05-19 17:14:35 - enemigo - [DEBUG] - [Enemigo_1] EN RANGO AGRO. Input IA (vel): (-57.07, 40.53)
2025-05-19 17:14:35 - enemigo - [DEBUG] - [Enemigo_1] Pos flotante (post-IA y delta): (595.0868, 209.6485)
2025-05-19 17:14:35 - enemigo - [DEBUG] - [Enemigo_1] Solicita movimiento a CH (deltas enteros): dx_int=-1, dy_int=1. HB Actual: (596, 209) (Flotantes totales: dx=-0.9132, dy=0.6485)
2025-05-19 17:14:35 - enemigo - [DEBUG] - [Enemigo_1] Inicia _mover_y_colisionar_con_obstaculos. dx_int=-1, dy_int=1. HB Actual: (596, 209)
2025-05-19 17:14:35 - enemigo - [DEBUG] - [Enemigo_1] Hitbox recentrado (enemigo): (608, 220) (Rect center: (608, 220))
2025-05-19 17:14:35 - enemigo - [DEBUG] - [Enemigo_1] _mover_y_colisionar: HB Antes CH: (596,209), HB Despues CH y Sinc: (595,210), Rect: (592, 207), PosFlotante: (595.00,210.00)
2025-05-19 17:14:35 - enemigo - [DEBUG] - [Enemigo_1] Posición DESPUÉS de mov/col: HB (595, 210), Rect (592, 207), Flot (595.00, 210.00)
2025-05-19 17:14:35 - enemigo - [DEBUG] - [Enemigo_2] --- Inicio Update IA --- Delta: 0.0160s. Pos ANTES: HB (415, 320), Rect (412, 317), Flot (415.00, 320.00)
2025-05-19 17:14:35 - enemigo - [DEBUG] - [Enemigo_2] Target (centro (471, 317)), Dist: 44.92. Mi Centro HB: (428, 330)
2025-05-19 17:14:35 - enemigo - [DEBUG] - [Enemigo_2] EN RANGO AGRO. Input IA (vel): (67.00, -20.26)
2025-05-19 17:14:35 - enemigo - [DEBUG] - [Enemigo_2] Pos flotante (post-IA y delta): (416.0721, 319.6759)
2025-05-19 17:14:35 - enemigo - [DEBUG] - [Enemigo_2] Solicita movimiento a CH (deltas enteros): dx_int=2, dy_int=-1. HB Actual: (415, 320) (Flotantes totales: dx=1.0721, dy=-0.3241)
2025-05-19 17:14:35 - enemigo - [DEBUG] - [Enemigo_2] Inicia _mover_y_colisionar_con_obstaculos. dx_int=2, dy_int=-1. HB Actual: (415, 320)
2025-05-19 17:14:35 - enemigo - [DEBUG] - [Enemigo_2] Hitbox recentrado (enemigo): (430, 329) (Rect center: (430, 329))
2025-05-19 17:14:35 - enemigo - [DEBUG] - [Enemigo_2] _mover_y_colisionar: HB Antes CH: (415,320), HB Despues CH y Sinc: (417,319), Rect: (414, 316), PosFlotante: (417.00,319.00)
2025-05-19 17:14:35 - enemigo - [DEBUG] - [Enemigo_2] Posición DESPUÉS de mov/col: HB (417, 319), Rect (414, 316), Flot (417.00, 319.00)
2025-05-19 17:14:35 - enemigo - [DEBUG] - [Enemigo_1] --- Inicio Update IA --- Delta: 0.0160s. Pos ANTES: HB (595, 210), Rect (592, 207), Flot (595.00, 210.00)
2025-05-19 17:14:35 - enemigo - [DEBUG] - [Enemigo_1] Target (centro (474, 320)), Dist: 167.20. Mi Centro HB: (608, 220)
2025-05-19 17:14:35 - enemigo - [DEBUG] - [Enemigo_1] EN RANGO AGRO. Input IA (vel): (-56.10, 41.87)
2025-05-19 17:14:35 - enemigo - [DEBUG] - [Enemigo_1] Pos flotante (post-IA y delta): (594.1024, 210.6699)
2025-05-19 17:14:35 - enemigo - [DEBUG] - [Enemigo_1] Solicita movimiento a CH (deltas enteros): dx_int=-1, dy_int=1. HB Actual: (595, 210) (Flotantes totales: dx=-0.8976, dy=0.6699)
2025-05-19 17:14:35 - enemigo - [DEBUG] - [Enemigo_1] Inicia _mover_y_colisionar_con_obstaculos. dx_int=-1, dy_int=1. HB Actual: (595, 210)
2025-05-19 17:14:35 - enemigo - [DEBUG] - [Enemigo_1] Hitbox recentrado (enemigo): (607, 221) (Rect center: (607, 221))
2025-05-19 17:14:35 - enemigo - [DEBUG] - [Enemigo_1] _mover_y_colisionar: HB Antes CH: (595,210), HB Despues CH y Sinc: (594,211), Rect: (591, 208), PosFlotante: (594.00,211.00)
2025-05-19 17:14:35 - enemigo - [DEBUG] - [Enemigo_1] Posición DESPUÉS de mov/col: HB (594, 211), Rect (591, 208), Flot (594.00, 211.00)
2025-05-19 17:14:35 - enemigo - [DEBUG] - [Enemigo_2] --- Inicio Update IA --- Delta: 0.0160s. Pos ANTES: HB (417, 319), Rect (414, 316), Flot (417.00, 319.00)
2025-05-19 17:14:35 - enemigo - [DEBUG] - [Enemigo_2] Target (centro (474, 320)), Dist: 44.91. Mi Centro HB: (430, 329)
2025-05-19 17:14:35 - enemigo - [DEBUG] - [Enemigo_2] EN RANGO AGRO. Input IA (vel): (68.58, -14.03)
2025-05-19 17:14:35 - enemigo - [DEBUG] - [Enemigo_2] Pos flotante (post-IA y delta): (418.0973, 318.7756)
2025-05-19 17:14:35 - enemigo - [DEBUG] - [Enemigo_2] Solicita movimiento a CH (deltas enteros): dx_int=2, dy_int=-1. HB Actual: (417, 319) (Flotantes totales: dx=1.0973, dy=-0.2244)
2025-05-19 17:14:35 - enemigo - [DEBUG] - [Enemigo_2] Inicia _mover_y_colisionar_con_obstaculos. dx_int=2, dy_int=-1. HB Actual: (417, 319)
2025-05-19 17:14:35 - enemigo - [DEBUG] - [Enemigo_2] Hitbox recentrado (enemigo): (432, 328) (Rect center: (432, 328))
2025-05-19 17:14:35 - enemigo - [DEBUG] - [Enemigo_2] _mover_y_colisionar: HB Antes CH: (417,319), HB Despues CH y Sinc: (419,318), Rect: (416, 315), PosFlotante: (419.00,318.00)
2025-05-19 17:14:35 - enemigo - [DEBUG] - [Enemigo_2] Posición DESPUÉS de mov/col: HB (419, 318), Rect (416, 315), Flot (419.00, 318.00)
2025-05-19 17:14:35 - enemigo - [DEBUG] - [Enemigo_1] --- Inicio Update IA --- Delta: 0.0170s. Pos ANTES: HB (594, 211), Rect (591, 208), Flot (594.00, 211.00)
2025-05-19 17:14:35 - enemigo - [DEBUG] - [Enemigo_1] Target (centro (477, 323)), Dist: 165.24. Mi Centro HB: (607, 221)
2025-05-19 17:14:35 - enemigo - [DEBUG] - [Enemigo_1] EN RANGO AGRO. Input IA (vel): (-55.07, 43.21)
2025-05-19 17:14:35 - enemigo - [DEBUG] - [Enemigo_1] Pos flotante (post-IA y delta): (593.0638, 211.7346)
2025-05-19 17:14:35 - enemigo - [DEBUG] - [Enemigo_1] Solicita movimiento a CH (deltas enteros): dx_int=-1, dy_int=1. HB Actual: (594, 211) (Flotantes totales: dx=-0.9362, dy=0.7346)
2025-05-19 17:14:35 - enemigo - [DEBUG] - [Enemigo_1] Inicia _mover_y_colisionar_con_obstaculos. dx_int=-1, dy_int=1. HB Actual: (594, 211)
2025-05-19 17:14:35 - enemigo - [DEBUG] - [Enemigo_1] Hitbox recentrado (enemigo): (606, 222) (Rect center: (606, 222))
2025-05-19 17:14:35 - enemigo - [DEBUG] - [Enemigo_1] _mover_y_colisionar: HB Antes CH: (594,211), HB Despues CH y Sinc: (593,212), Rect: (590, 209), PosFlotante: (593.00,212.00)
2025-05-19 17:14:35 - enemigo - [DEBUG] - [Enemigo_1] Posición DESPUÉS de mov/col: HB (593, 212), Rect (590, 209), Flot (593.00, 212.00)
2025-05-19 17:14:35 - enemigo - [DEBUG] - [Enemigo_2] --- Inicio Update IA --- Delta: 0.0170s. Pos ANTES: HB (419, 318), Rect (416, 315), Flot (419.00, 318.00)
2025-05-19 17:14:35 - enemigo - [DEBUG] - [Enemigo_2] Target (centro (477, 323)), Dist: 45.28. Mi Centro HB: (432, 328)
2025-05-19 17:14:35 - enemigo - [DEBUG] - [Enemigo_2] EN RANGO AGRO. Input IA (vel): (69.57, -7.73)
2025-05-19 17:14:35 - enemigo - [DEBUG] - [Enemigo_2] Pos flotante (post-IA y delta): (420.1827, 317.8686)
2025-05-19 17:14:35 - enemigo - [DEBUG] - [Enemigo_2] Solicita movimiento a CH (deltas enteros): dx_int=2, dy_int=-1. HB Actual: (419, 318) (Flotantes totales: dx=1.1827, dy=-0.1314)
2025-05-19 17:14:35 - enemigo - [DEBUG] - [Enemigo_2] Inicia _mover_y_colisionar_con_obstaculos. dx_int=2, dy_int=-1. HB Actual: (419, 318)
2025-05-19 17:14:35 - enemigo - [DEBUG] - [Enemigo_2] Hitbox recentrado (enemigo): (434, 327) (Rect center: (434, 327))
2025-05-19 17:14:35 - enemigo - [DEBUG] - [Enemigo_2] _mover_y_colisionar: HB Antes CH: (419,318), HB Despues CH y Sinc: (421,317), Rect: (418, 314), PosFlotante: (421.00,317.00)
2025-05-19 17:14:35 - enemigo - [DEBUG] - [Enemigo_2] Posición DESPUÉS de mov/col: HB (421, 317), Rect (418, 314), Flot (421.00, 317.00)
2025-05-19 17:14:35 - enemigo - [DEBUG] - [Enemigo_1] --- Inicio Update IA --- Delta: 0.0170s. Pos ANTES: HB (593, 212), Rect (590, 209), Flot (593.00, 212.00)
2025-05-19 17:14:35 - enemigo - [DEBUG] - [Enemigo_1] Target (centro (481, 327)), Dist: 163.25. Mi Centro HB: (606, 222)
2025-05-19 17:14:35 - enemigo - [DEBUG] - [Enemigo_1] EN RANGO AGRO. Input IA (vel): (-53.60, 45.02)
2025-05-19 17:14:35 - enemigo - [DEBUG] - [Enemigo_1] Pos flotante (post-IA y delta): (592.0888, 212.7654)
2025-05-19 17:14:35 - enemigo - [DEBUG] - [Enemigo_1] Solicita movimiento a CH (deltas enteros): dx_int=-1, dy_int=1. HB Actual: (593, 212) (Flotantes totales: dx=-0.9112, dy=0.7654)
2025-05-19 17:14:35 - enemigo - [DEBUG] - [Enemigo_1] Inicia _mover_y_colisionar_con_obstaculos. dx_int=-1, dy_int=1. HB Actual: (593, 212)
2025-05-19 17:14:35 - enemigo - [DEBUG] - [Enemigo_1] Hitbox recentrado (enemigo): (605, 223) (Rect center: (605, 223))
2025-05-19 17:14:35 - enemigo - [DEBUG] - [Enemigo_1] _mover_y_colisionar: HB Antes CH: (593,212), HB Despues CH y Sinc: (592,213), Rect: (589, 210), PosFlotante: (592.00,213.00)
2025-05-19 17:14:35 - enemigo - [DEBUG] - [Enemigo_1] Posición DESPUÉS de mov/col: HB (592, 213), Rect (589, 210), Flot (592.00, 213.00)
2025-05-19 17:14:35 - enemigo - [DEBUG] - [Enemigo_2] --- Inicio Update IA --- Delta: 0.0170s. Pos ANTES: HB (421, 317), Rect (418, 314), Flot (421.00, 317.00)
2025-05-19 17:14:35 - enemigo - [DEBUG] - [Enemigo_2] Target (centro (481, 327)), Dist: 47.00. Mi Centro HB: (434, 327)
2025-05-19 17:14:35 - enemigo - [DEBUG] - [Enemigo_2] EN RANGO AGRO. Input IA (vel): (70.00, 0.00)
2025-05-19 17:14:35 - enemigo - [DEBUG] - [Enemigo_2] Pos flotante (post-IA y delta): (422.1900, 317.0000)
2025-05-19 17:14:35 - enemigo - [DEBUG] - [Enemigo_2] Solicita movimiento a CH (deltas enteros): dx_int=2, dy_int=0. HB Actual: (421, 317) (Flotantes totales: dx=1.1900, dy=0.0000)
2025-05-19 17:14:35 - enemigo - [DEBUG] - [Enemigo_2] Inicia _mover_y_colisionar_con_obstaculos. dx_int=2, dy_int=0. HB Actual: (421, 317)
2025-05-19 17:14:35 - enemigo - [DEBUG] - [Enemigo_2] Hitbox recentrado (enemigo): (436, 327) (Rect center: (436, 327))
2025-05-19 17:14:35 - enemigo - [DEBUG] - [Enemigo_2] _mover_y_colisionar: HB Antes CH: (421,317), HB Despues CH y Sinc: (423,317), Rect: (420, 314), PosFlotante: (423.00,317.00)
2025-05-19 17:14:35 - enemigo - [DEBUG] - [Enemigo_2] Posición DESPUÉS de mov/col: HB (423, 317), Rect (420, 314), Flot (423.00, 317.00)
2025-05-19 17:14:35 - enemigo - [DEBUG] - [Enemigo_1] --- Inicio Update IA --- Delta: 0.0170s. Pos ANTES: HB (592, 213), Rect (589, 210), Flot (592.00, 213.00)
2025-05-19 17:14:35 - enemigo - [DEBUG] - [Enemigo_1] Target (centro (485, 331)), Dist: 161.44. Mi Centro HB: (605, 223)
2025-05-19 17:14:35 - enemigo - [DEBUG] - [Enemigo_1] EN RANGO AGRO. Input IA (vel): (-52.03, 46.83)
2025-05-19 17:14:35 - enemigo - [DEBUG] - [Enemigo_1] Pos flotante (post-IA y delta): (591.1155, 213.7961)
2025-05-19 17:14:35 - enemigo - [DEBUG] - [Enemigo_1] Solicita movimiento a CH (deltas enteros): dx_int=-1, dy_int=1. HB Actual: (592, 213) (Flotantes totales: dx=-0.8845, dy=0.7961)
2025-05-19 17:14:35 - enemigo - [DEBUG] - [Enemigo_1] Inicia _mover_y_colisionar_con_obstaculos. dx_int=-1, dy_int=1. HB Actual: (592, 213)
2025-05-19 17:14:35 - enemigo - [DEBUG] - [Enemigo_1] Hitbox recentrado (enemigo): (604, 224) (Rect center: (604, 224))
2025-05-19 17:14:35 - enemigo - [DEBUG] - [Enemigo_1] _mover_y_colisionar: HB Antes CH: (592,213), HB Despues CH y Sinc: (591,214), Rect: (588, 211), PosFlotante: (591.00,214.00)
2025-05-19 17:14:35 - enemigo - [DEBUG] - [Enemigo_1] Posición DESPUÉS de mov/col: HB (591, 214), Rect (588, 211), Flot (591.00, 214.00)
2025-05-19 17:14:35 - enemigo - [DEBUG] - [Enemigo_2] --- Inicio Update IA --- Delta: 0.0170s. Pos ANTES: HB (423, 317), Rect (420, 314), Flot (423.00, 317.00)
2025-05-19 17:14:35 - enemigo - [DEBUG] - [Enemigo_2] Target (centro (485, 331)), Dist: 49.16. Mi Centro HB: (436, 327)
2025-05-19 17:14:35 - enemigo - [DEBUG] - [Enemigo_2] EN RANGO AGRO. Input IA (vel): (69.77, 5.70)
2025-05-19 17:14:35 - enemigo - [DEBUG] - [Enemigo_2] Pos flotante (post-IA y delta): (424.1861, 317.0968)
2025-05-19 17:14:35 - enemigo - [DEBUG] - [Enemigo_2] Solicita movimiento a CH (deltas enteros): dx_int=2, dy_int=1. HB Actual: (423, 317) (Flotantes totales: dx=1.1861, dy=0.0968)
2025-05-19 17:14:35 - enemigo - [DEBUG] - [Enemigo_2] Inicia _mover_y_colisionar_con_obstaculos. dx_int=2, dy_int=1. HB Actual: (423, 317)
2025-05-19 17:14:35 - enemigo - [DEBUG] - [Enemigo_2] Hitbox recentrado (enemigo): (438, 328) (Rect center: (438, 328))
2025-05-19 17:14:35 - enemigo - [DEBUG] - [Enemigo_2] _mover_y_colisionar: HB Antes CH: (423,317), HB Despues CH y Sinc: (425,318), Rect: (422, 315), PosFlotante: (425.00,318.00)
2025-05-19 17:14:35 - enemigo - [DEBUG] - [Enemigo_2] Posición DESPUÉS de mov/col: HB (425, 318), Rect (422, 315), Flot (425.00, 318.00)
2025-05-19 17:14:35 - enemigo - [DEBUG] - [Enemigo_1] --- Inicio Update IA --- Delta: 0.0170s. Pos ANTES: HB (591, 214), Rect (588, 211), Flot (591.00, 214.00)
2025-05-19 17:14:35 - enemigo - [DEBUG] - [Enemigo_1] Target (centro (489, 335)), Dist: 159.83. Mi Centro HB: (604, 224)
2025-05-19 17:14:35 - enemigo - [DEBUG] - [Enemigo_1] EN RANGO AGRO. Input IA (vel): (-50.37, 48.61)
2025-05-19 17:14:35 - enemigo - [DEBUG] - [Enemigo_1] Pos flotante (post-IA y delta): (590.1438, 214.8264)
2025-05-19 17:14:35 - enemigo - [DEBUG] - [Enemigo_1] Solicita movimiento a CH (deltas enteros): dx_int=-1, dy_int=1. HB Actual: (591, 214) (Flotantes totales: dx=-0.8562, dy=0.8264)
2025-05-19 17:14:35 - enemigo - [DEBUG] - [Enemigo_1] Inicia _mover_y_colisionar_con_obstaculos. dx_int=-1, dy_int=1. HB Actual: (591, 214)
2025-05-19 17:14:35 - enemigo - [DEBUG] - [Enemigo_1] Hitbox recentrado (enemigo): (603, 225) (Rect center: (603, 225))
2025-05-19 17:14:35 - enemigo - [DEBUG] - [Enemigo_1] _mover_y_colisionar: HB Antes CH: (591,214), HB Despues CH y Sinc: (590,215), Rect: (587, 212), PosFlotante: (590.00,215.00)
2025-05-19 17:14:35 - enemigo - [DEBUG] - [Enemigo_1] Posición DESPUÉS de mov/col: HB (590, 215), Rect (587, 212), Flot (590.00, 215.00)
2025-05-19 17:14:35 - enemigo - [DEBUG] - [Enemigo_2] --- Inicio Update IA --- Delta: 0.0170s. Pos ANTES: HB (425, 318), Rect (422, 315), Flot (425.00, 318.00)
2025-05-19 17:14:35 - enemigo - [DEBUG] - [Enemigo_2] Target (centro (489, 335)), Dist: 51.48. Mi Centro HB: (438, 328)
2025-05-19 17:14:35 - enemigo - [DEBUG] - [Enemigo_2] EN RANGO AGRO. Input IA (vel): (69.35, 9.52)
2025-05-19 17:14:35 - enemigo - [DEBUG] - [Enemigo_2] Pos flotante (post-IA y delta): (426.1789, 318.1618)
2025-05-19 17:14:35 - enemigo - [DEBUG] - [Enemigo_2] Solicita movimiento a CH (deltas enteros): dx_int=2, dy_int=1. HB Actual: (425, 318) (Flotantes totales: dx=1.1789, dy=0.1618)
2025-05-19 17:14:35 - enemigo - [DEBUG] - [Enemigo_2] Inicia _mover_y_colisionar_con_obstaculos. dx_int=2, dy_int=1. HB Actual: (425, 318)
2025-05-19 17:14:35 - enemigo - [DEBUG] - [Enemigo_2] Hitbox recentrado (enemigo): (440, 329) (Rect center: (440, 329))
2025-05-19 17:14:35 - enemigo - [DEBUG] - [Enemigo_2] _mover_y_colisionar: HB Antes CH: (425,318), HB Despues CH y Sinc: (427,319), Rect: (424, 316), PosFlotante: (427.00,319.00)
2025-05-19 17:14:35 - enemigo - [DEBUG] - [Enemigo_2] Posición DESPUÉS de mov/col: HB (427, 319), Rect (424, 316), Flot (427.00, 319.00)
2025-05-19 17:14:35 - enemigo - [DEBUG] - [Enemigo_1] --- Inicio Update IA --- Delta: 0.0170s. Pos ANTES: HB (590, 215), Rect (587, 212), Flot (590.00, 215.00)
2025-05-19 17:14:35 - enemigo - [DEBUG] - [Enemigo_1] Target (centro (493, 339)), Dist: 158.42. Mi Centro HB: (603, 225)
2025-05-19 17:14:35 - enemigo - [DEBUG] - [Enemigo_1] EN RANGO AGRO. Input IA (vel): (-48.61, 50.37)
2025-05-19 17:14:35 - enemigo - [DEBUG] - [Enemigo_1] Pos flotante (post-IA y delta): (589.1737, 215.8563)
2025-05-19 17:14:35 - enemigo - [DEBUG] - [Enemigo_1] Solicita movimiento a CH (deltas enteros): dx_int=-1, dy_int=1. HB Actual: (590, 215) (Flotantes totales: dx=-0.8263, dy=0.8563)
2025-05-19 17:14:35 - enemigo - [DEBUG] - [Enemigo_1] Inicia _mover_y_colisionar_con_obstaculos. dx_int=-1, dy_int=1. HB Actual: (590, 215)
2025-05-19 17:14:35 - enemigo - [DEBUG] - [Enemigo_1] Hitbox recentrado (enemigo): (602, 226) (Rect center: (602, 226))
2025-05-19 17:14:35 - enemigo - [DEBUG] - [Enemigo_1] _mover_y_colisionar: HB Antes CH: (590,215), HB Despues CH y Sinc: (589,216), Rect: (586, 213), PosFlotante: (589.00,216.00)
2025-05-19 17:14:35 - enemigo - [DEBUG] - [Enemigo_1] Posición DESPUÉS de mov/col: HB (589, 216), Rect (586, 213), Flot (589.00, 216.00)
2025-05-19 17:14:35 - enemigo - [DEBUG] - [Enemigo_2] --- Inicio Update IA --- Delta: 0.0170s. Pos ANTES: HB (427, 319), Rect (424, 316), Flot (427.00, 319.00)
2025-05-19 17:14:35 - enemigo - [DEBUG] - [Enemigo_2] Target (centro (493, 339)), Dist: 53.94. Mi Centro HB: (440, 329)
2025-05-19 17:14:35 - enemigo - [DEBUG] - [Enemigo_2] EN RANGO AGRO. Input IA (vel): (68.79, 12.98)
2025-05-19 17:14:35 - enemigo - [DEBUG] - [Enemigo_2] Pos flotante (post-IA y delta): (428.1694, 319.2206)
2025-05-19 17:14:35 - enemigo - [DEBUG] - [Enemigo_2] Solicita movimiento a CH (deltas enteros): dx_int=2, dy_int=1. HB Actual: (427, 319) (Flotantes totales: dx=1.1694, dy=0.2206)
2025-05-19 17:14:35 - enemigo - [DEBUG] - [Enemigo_2] Inicia _mover_y_colisionar_con_obstaculos. dx_int=2, dy_int=1. HB Actual: (427, 319)
2025-05-19 17:14:35 - enemigo - [DEBUG] - [Enemigo_2] Hitbox recentrado (enemigo): (442, 330) (Rect center: (442, 330))
2025-05-19 17:14:35 - enemigo - [DEBUG] - [Enemigo_2] _mover_y_colisionar: HB Antes CH: (427,319), HB Despues CH y Sinc: (429,320), Rect: (426, 317), PosFlotante: (429.00,320.00)
2025-05-19 17:14:35 - enemigo - [DEBUG] - [Enemigo_2] Posición DESPUÉS de mov/col: HB (429, 320), Rect (426, 317), Flot (429.00, 320.00)
2025-05-19 17:14:35 - enemigo - [DEBUG] - [Enemigo_1] --- Inicio Update IA --- Delta: 0.0170s. Pos ANTES: HB (589, 216), Rect (586, 213), Flot (589.00, 216.00)
2025-05-19 17:14:35 - enemigo - [DEBUG] - [Enemigo_1] Target (centro (493, 343)), Dist: 159.91. Mi Centro HB: (602, 226)
2025-05-19 17:14:35 - enemigo - [DEBUG] - [Enemigo_1] EN RANGO AGRO. Input IA (vel): (-47.72, 51.22)
2025-05-19 17:14:35 - enemigo - [DEBUG] - [Enemigo_1] Pos flotante (post-IA y delta): (588.1888, 216.8707)
2025-05-19 17:14:35 - enemigo - [DEBUG] - [Enemigo_1] Solicita movimiento a CH (deltas enteros): dx_int=-1, dy_int=1. HB Actual: (589, 216) (Flotantes totales: dx=-0.8112, dy=0.8707)
2025-05-19 17:14:35 - enemigo - [DEBUG] - [Enemigo_1] Inicia _mover_y_colisionar_con_obstaculos. dx_int=-1, dy_int=1. HB Actual: (589, 216)
2025-05-19 17:14:35 - enemigo - [DEBUG] - [Enemigo_1] Hitbox recentrado (enemigo): (601, 227) (Rect center: (601, 227))
2025-05-19 17:14:35 - enemigo - [DEBUG] - [Enemigo_1] _mover_y_colisionar: HB Antes CH: (589,216), HB Despues CH y Sinc: (588,217), Rect: (585, 214), PosFlotante: (588.00,217.00)
2025-05-19 17:14:35 - enemigo - [DEBUG] - [Enemigo_1] Posición DESPUÉS de mov/col: HB (588, 217), Rect (585, 214), Flot (588.00, 217.00)
2025-05-19 17:14:35 - enemigo - [DEBUG] - [Enemigo_2] --- Inicio Update IA --- Delta: 0.0170s. Pos ANTES: HB (429, 320), Rect (426, 317), Flot (429.00, 320.00)
2025-05-19 17:14:35 - enemigo - [DEBUG] - [Enemigo_2] Target (centro (493, 343)), Dist: 52.63. Mi Centro HB: (442, 330)
2025-05-19 17:14:35 - enemigo - [DEBUG] - [Enemigo_2] EN RANGO AGRO. Input IA (vel): (67.83, 17.29)
2025-05-19 17:14:35 - enemigo - [DEBUG] - [Enemigo_2] Pos flotante (post-IA y delta): (430.1531, 320.2939)
2025-05-19 17:14:35 - enemigo - [DEBUG] - [Enemigo_2] Solicita movimiento a CH (deltas enteros): dx_int=2, dy_int=1. HB Actual: (429, 320) (Flotantes totales: dx=1.1531, dy=0.2939)
2025-05-19 17:14:35 - enemigo - [DEBUG] - [Enemigo_2] Inicia _mover_y_colisionar_con_obstaculos. dx_int=2, dy_int=1. HB Actual: (429, 320)
2025-05-19 17:14:35 - enemigo - [DEBUG] - [Enemigo_2] Hitbox recentrado (enemigo): (444, 331) (Rect center: (444, 331))
2025-05-19 17:14:35 - enemigo - [DEBUG] - [Enemigo_2] _mover_y_colisionar: HB Antes CH: (429,320), HB Despues CH y Sinc: (431,321), Rect: (428, 318), PosFlotante: (431.00,321.00)
2025-05-19 17:14:35 - enemigo - [DEBUG] - [Enemigo_2] Posición DESPUÉS de mov/col: HB (431, 321), Rect (428, 318), Flot (431.00, 321.00)
2025-05-19 17:14:35 - enemigo - [DEBUG] - [Enemigo_1] --- Inicio Update IA --- Delta: 0.0170s. Pos ANTES: HB (588, 217), Rect (585, 214), Flot (588.00, 217.00)
2025-05-19 17:14:35 - enemigo - [DEBUG] - [Enemigo_1] Target (centro (493, 347)), Dist: 161.44. Mi Centro HB: (601, 227)
2025-05-19 17:14:35 - enemigo - [DEBUG] - [Enemigo_1] EN RANGO AGRO. Input IA (vel): (-46.83, 52.03)
2025-05-19 17:14:35 - enemigo - [DEBUG] - [Enemigo_1] Pos flotante (post-IA y delta): (587.2039, 217.8845)
2025-05-19 17:14:35 - enemigo - [DEBUG] - [Enemigo_1] Solicita movimiento a CH (deltas enteros): dx_int=-1, dy_int=1. HB Actual: (588, 217) (Flotantes totales: dx=-0.7961, dy=0.8845)
2025-05-19 17:14:35 - enemigo - [DEBUG] - [Enemigo_1] Inicia _mover_y_colisionar_con_obstaculos. dx_int=-1, dy_int=1. HB Actual: (588, 217)
2025-05-19 17:14:35 - enemigo - [DEBUG] - [Enemigo_1] Hitbox recentrado (enemigo): (600, 228) (Rect center: (600, 228))
2025-05-19 17:14:35 - enemigo - [DEBUG] - [Enemigo_1] _mover_y_colisionar: HB Antes CH: (588,217), HB Despues CH y Sinc: (587,218), Rect: (584, 215), PosFlotante: (587.00,218.00)
2025-05-19 17:14:35 - enemigo - [DEBUG] - [Enemigo_1] Posición DESPUÉS de mov/col: HB (587, 218), Rect (584, 215), Flot (587.00, 218.00)
2025-05-19 17:14:35 - enemigo - [DEBUG] - [Enemigo_2] --- Inicio Update IA --- Delta: 0.0170s. Pos ANTES: HB (431, 321), Rect (428, 318), Flot (431.00, 321.00)
2025-05-19 17:14:35 - enemigo - [DEBUG] - [Enemigo_2] Target (centro (493, 347)), Dist: 51.55. Mi Centro HB: (444, 331)
2025-05-19 17:14:35 - enemigo - [DEBUG] - [Enemigo_2] EN RANGO AGRO. Input IA (vel): (66.54, 21.73)
2025-05-19 17:14:35 - enemigo - [DEBUG] - [Enemigo_2] Pos flotante (post-IA y delta): (432.1312, 321.3694)
2025-05-19 17:14:35 - enemigo - [DEBUG] - [Enemigo_2] Solicita movimiento a CH (deltas enteros): dx_int=2, dy_int=1. HB Actual: (431, 321) (Flotantes totales: dx=1.1312, dy=0.3694)
2025-05-19 17:14:35 - enemigo - [DEBUG] - [Enemigo_2] Inicia _mover_y_colisionar_con_obstaculos. dx_int=2, dy_int=1. HB Actual: (431, 321)
2025-05-19 17:14:35 - enemigo - [DEBUG] - [Enemigo_2] Hitbox recentrado (enemigo): (446, 332) (Rect center: (446, 332))
2025-05-19 17:14:35 - enemigo - [DEBUG] - [Enemigo_2] _mover_y_colisionar: HB Antes CH: (431,321), HB Despues CH y Sinc: (433,322), Rect: (430, 319), PosFlotante: (433.00,322.00)
2025-05-19 17:14:35 - enemigo - [DEBUG] - [Enemigo_2] Posición DESPUÉS de mov/col: HB (433, 322), Rect (430, 319), Flot (433.00, 322.00)
2025-05-19 17:14:35 - enemigo - [DEBUG] - [Enemigo_1] --- Inicio Update IA --- Delta: 0.0170s. Pos ANTES: HB (587, 218), Rect (584, 215), Flot (587.00, 218.00)
2025-05-19 17:14:35 - enemigo - [DEBUG] - [Enemigo_1] Target (centro (489, 351)), Dist: 165.68. Mi Centro HB: (600, 228)
2025-05-19 17:14:35 - enemigo - [DEBUG] - [Enemigo_1] EN RANGO AGRO. Input IA (vel): (-46.90, 51.97)
2025-05-19 17:14:35 - enemigo - [DEBUG] - [Enemigo_1] Pos flotante (post-IA y delta): (586.2027, 218.8834)
2025-05-19 17:14:35 - enemigo - [DEBUG] - [Enemigo_1] Solicita movimiento a CH (deltas enteros): dx_int=-1, dy_int=1. HB Actual: (587, 218) (Flotantes totales: dx=-0.7973, dy=0.8834)
2025-05-19 17:14:35 - enemigo - [DEBUG] - [Enemigo_1] Inicia _mover_y_colisionar_con_obstaculos. dx_int=-1, dy_int=1. HB Actual: (587, 218)
2025-05-19 17:14:35 - enemigo - [DEBUG] - [Enemigo_1] Hitbox recentrado (enemigo): (599, 229) (Rect center: (599, 229))
2025-05-19 17:14:35 - enemigo - [DEBUG] - [Enemigo_1] _mover_y_colisionar: HB Antes CH: (587,218), HB Despues CH y Sinc: (586,219), Rect: (583, 216), PosFlotante: (586.00,219.00)
2025-05-19 17:14:35 - enemigo - [DEBUG] - [Enemigo_1] Posición DESPUÉS de mov/col: HB (586, 219), Rect (583, 216), Flot (586.00, 219.00)
2025-05-19 17:14:35 - enemigo - [DEBUG] - [Enemigo_2] --- Inicio Update IA --- Delta: 0.0170s. Pos ANTES: HB (433, 322), Rect (430, 319), Flot (433.00, 322.00)
2025-05-19 17:14:35 - enemigo - [DEBUG] - [Enemigo_2] Target (centro (489, 351)), Dist: 47.01. Mi Centro HB: (446, 332)
2025-05-19 17:14:35 - enemigo - [DEBUG] - [Enemigo_2] EN RANGO AGRO. Input IA (vel): (64.03, 28.29)
2025-05-19 17:14:35 - enemigo - [DEBUG] - [Enemigo_2] Pos flotante (post-IA y delta): (434.0885, 322.4810)
2025-05-19 17:14:35 - enemigo - [DEBUG] - [Enemigo_2] Solicita movimiento a CH (deltas enteros): dx_int=2, dy_int=1. HB Actual: (433, 322) (Flotantes totales: dx=1.0885, dy=0.4810)
2025-05-19 17:14:35 - enemigo - [DEBUG] - [Enemigo_2] Inicia _mover_y_colisionar_con_obstaculos. dx_int=2, dy_int=1. HB Actual: (433, 322)
2025-05-19 17:14:35 - enemigo - [DEBUG] - [Enemigo_2] Hitbox recentrado (enemigo): (448, 333) (Rect center: (448, 333))
2025-05-19 17:14:35 - enemigo - [DEBUG] - [Enemigo_2] _mover_y_colisionar: HB Antes CH: (433,322), HB Despues CH y Sinc: (435,323), Rect: (432, 320), PosFlotante: (435.00,323.00)
2025-05-19 17:14:35 - enemigo - [DEBUG] - [Enemigo_2] Posición DESPUÉS de mov/col: HB (435, 323), Rect (432, 320), Flot (435.00, 323.00)
2025-05-19 17:14:35 - enemigo - [DEBUG] - [Enemigo_1] --- Inicio Update IA --- Delta: 0.0160s. Pos ANTES: HB (586, 219), Rect (583, 216), Flot (586.00, 219.00)
2025-05-19 17:14:35 - enemigo - [DEBUG] - [Enemigo_1] Target (centro (485, 355)), Dist: 169.92. Mi Centro HB: (599, 229)
2025-05-19 17:14:35 - enemigo - [DEBUG] - [Enemigo_1] EN RANGO AGRO. Input IA (vel): (-46.96, 51.91)
2025-05-19 17:14:35 - enemigo - [DEBUG] - [Enemigo_1] Pos flotante (post-IA y delta): (585.2486, 219.8305)
2025-05-19 17:14:35 - enemigo - [DEBUG] - [Enemigo_1] Solicita movimiento a CH (deltas enteros): dx_int=-1, dy_int=1. HB Actual: (586, 219) (Flotantes totales: dx=-0.7514, dy=0.8305)
2025-05-19 17:14:35 - enemigo - [DEBUG] - [Enemigo_1] Inicia _mover_y_colisionar_con_obstaculos. dx_int=-1, dy_int=1. HB Actual: (586, 219)
2025-05-19 17:14:35 - enemigo - [DEBUG] - [Enemigo_1] Hitbox recentrado (enemigo): (598, 230) (Rect center: (598, 230))
2025-05-19 17:14:35 - enemigo - [DEBUG] - [Enemigo_1] _mover_y_colisionar: HB Antes CH: (586,219), HB Despues CH y Sinc: (585,220), Rect: (582, 217), PosFlotante: (585.00,220.00)
2025-05-19 17:14:35 - enemigo - [DEBUG] - [Enemigo_1] Posición DESPUÉS de mov/col: HB (585, 220), Rect (582, 217), Flot (585.00, 220.00)
2025-05-19 17:14:35 - enemigo - [DEBUG] - [Enemigo_2] --- Inicio Update IA --- Delta: 0.0160s. Pos ANTES: HB (435, 323), Rect (432, 320), Flot (435.00, 323.00)
2025-05-19 17:14:35 - enemigo - [DEBUG] - [Enemigo_2] Target (centro (485, 355)), Dist: 43.05. Mi Centro HB: (448, 333)
2025-05-19 17:14:35 - enemigo - [DEBUG] - [Enemigo_2] EN RANGO AGRO. Input IA (vel): (60.17, 35.78)
2025-05-19 17:14:35 - enemigo - [DEBUG] - [Enemigo_2] Pos flotante (post-IA y delta): (435.9627, 323.5724)
2025-05-19 17:14:35 - enemigo - [DEBUG] - [Enemigo_2] Solicita movimiento a CH (deltas enteros): dx_int=1, dy_int=1. HB Actual: (435, 323) (Flotantes totales: dx=0.9627, dy=0.5724)
2025-05-19 17:14:35 - enemigo - [DEBUG] - [Enemigo_2] Inicia _mover_y_colisionar_con_obstaculos. dx_int=1, dy_int=1. HB Actual: (435, 323)
2025-05-19 17:14:35 - enemigo - [DEBUG] - [Enemigo_2] Hitbox recentrado (enemigo): (449, 334) (Rect center: (449, 334))
2025-05-19 17:14:35 - enemigo - [DEBUG] - [Enemigo_2] _mover_y_colisionar: HB Antes CH: (435,323), HB Despues CH y Sinc: (436,324), Rect: (433, 321), PosFlotante: (436.00,324.00)
2025-05-19 17:14:35 - enemigo - [DEBUG] - [Enemigo_2] Posición DESPUÉS de mov/col: HB (436, 324), Rect (433, 321), Flot (436.00, 324.00)
2025-05-19 17:14:35 - enemigo - [DEBUG] - [Enemigo_1] --- Inicio Update IA --- Delta: 0.0160s. Pos ANTES: HB (585, 220), Rect (582, 217), Flot (585.00, 220.00)
2025-05-19 17:14:35 - enemigo - [DEBUG] - [Enemigo_1] Target (centro (482, 358)), Dist: 172.74. Mi Centro HB: (598, 230)
2025-05-19 17:14:35 - enemigo - [DEBUG] - [Enemigo_1] EN RANGO AGRO. Input IA (vel): (-47.01, 51.87)
2025-05-19 17:14:35 - enemigo - [DEBUG] - [Enemigo_1] Pos flotante (post-IA y delta): (584.2479, 220.8299)
2025-05-19 17:14:35 - enemigo - [DEBUG] - [Enemigo_1] Solicita movimiento a CH (deltas enteros): dx_int=-1, dy_int=1. HB Actual: (585, 220) (Flotantes totales: dx=-0.7521, dy=0.8299)
2025-05-19 17:14:35 - enemigo - [DEBUG] - [Enemigo_1] Inicia _mover_y_colisionar_con_obstaculos. dx_int=-1, dy_int=1. HB Actual: (585, 220)
2025-05-19 17:14:35 - enemigo - [DEBUG] - [Enemigo_1] Hitbox recentrado (enemigo): (597, 231) (Rect center: (597, 231))
2025-05-19 17:14:35 - enemigo - [DEBUG] - [Enemigo_1] _mover_y_colisionar: HB Antes CH: (585,220), HB Despues CH y Sinc: (584,221), Rect: (581, 218), PosFlotante: (584.00,221.00)
2025-05-19 17:14:35 - enemigo - [DEBUG] - [Enemigo_1] Posición DESPUÉS de mov/col: HB (584, 221), Rect (581, 218), Flot (584.00, 221.00)
2025-05-19 17:14:35 - enemigo - [DEBUG] - [Enemigo_2] --- Inicio Update IA --- Delta: 0.0160s. Pos ANTES: HB (436, 324), Rect (433, 321), Flot (436.00, 324.00)
2025-05-19 17:14:35 - enemigo - [DEBUG] - [Enemigo_2] Target (centro (482, 358)), Dist: 40.80. Mi Centro HB: (449, 334)
2025-05-19 17:14:35 - enemigo - [DEBUG] - [Enemigo_2] EN RANGO AGRO. Input IA (vel): (56.61, 41.17)
2025-05-19 17:14:35 - enemigo - [DEBUG] - [Enemigo_2] Pos flotante (post-IA y delta): (436.9058, 324.6588)
2025-05-19 17:14:35 - enemigo - [DEBUG] - [Enemigo_2] Solicita movimiento a CH (deltas enteros): dx_int=1, dy_int=1. HB Actual: (436, 324) (Flotantes totales: dx=0.9058, dy=0.6588)
2025-05-19 17:14:35 - enemigo - [DEBUG] - [Enemigo_2] Inicia _mover_y_colisionar_con_obstaculos. dx_int=1, dy_int=1. HB Actual: (436, 324)
2025-05-19 17:14:35 - enemigo - [DEBUG] - [Enemigo_2] Hitbox recentrado (enemigo): (450, 335) (Rect center: (450, 335))
2025-05-19 17:14:35 - enemigo - [DEBUG] - [Enemigo_2] _mover_y_colisionar: HB Antes CH: (436,324), HB Despues CH y Sinc: (437,325), Rect: (434, 322), PosFlotante: (437.00,325.00)
2025-05-19 17:14:35 - enemigo - [DEBUG] - [Enemigo_2] Posición DESPUÉS de mov/col: HB (437, 325), Rect (434, 322), Flot (437.00, 325.00)
2025-05-19 17:14:35 - enemigo - [DEBUG] - [Enemigo_1] --- Inicio Update IA --- Delta: 0.0160s. Pos ANTES: HB (584, 221), Rect (581, 218), Flot (584.00, 221.00)
2025-05-19 17:14:35 - enemigo - [DEBUG] - [Enemigo_1] Target (centro (479, 361)), Dist: 175.57. Mi Centro HB: (597, 231)
2025-05-19 17:14:35 - enemigo - [DEBUG] - [Enemigo_1] EN RANGO AGRO. Input IA (vel): (-47.05, 51.83)
2025-05-19 17:14:35 - enemigo - [DEBUG] - [Enemigo_1] Pos flotante (post-IA y delta): (583.2472, 221.8293)
2025-05-19 17:14:35 - enemigo - [DEBUG] - [Enemigo_1] Solicita movimiento a CH (deltas enteros): dx_int=-1, dy_int=1. HB Actual: (584, 221) (Flotantes totales: dx=-0.7528, dy=0.8293)
2025-05-19 17:14:35 - enemigo - [DEBUG] - [Enemigo_1] Inicia _mover_y_colisionar_con_obstaculos. dx_int=-1, dy_int=1. HB Actual: (584, 221)
2025-05-19 17:14:35 - enemigo - [DEBUG] - [Enemigo_1] Hitbox recentrado (enemigo): (596, 232) (Rect center: (596, 232))
2025-05-19 17:14:35 - enemigo - [DEBUG] - [Enemigo_1] _mover_y_colisionar: HB Antes CH: (584,221), HB Despues CH y Sinc: (583,222), Rect: (580, 219), PosFlotante: (583.00,222.00)
2025-05-19 17:14:35 - enemigo - [DEBUG] - [Enemigo_1] Posición DESPUÉS de mov/col: HB (583, 222), Rect (580, 219), Flot (583.00, 222.00)
2025-05-19 17:14:35 - enemigo - [DEBUG] - [Enemigo_2] --- Inicio Update IA --- Delta: 0.0160s. Pos ANTES: HB (437, 325), Rect (434, 322), Flot (437.00, 325.00)
2025-05-19 17:14:35 - enemigo - [DEBUG] - [Enemigo_2] Target (centro (479, 361)), Dist: 38.95. Mi Centro HB: (450, 335)
2025-05-19 17:14:35 - enemigo - [DEBUG] - [Enemigo_2] EN RANGO AGRO. Input IA (vel): (52.12, 46.73)
2025-05-19 17:14:35 - enemigo - [DEBUG] - [Enemigo_2] Pos flotante (post-IA y delta): (437.8339, 325.7477)
2025-05-19 17:14:35 - enemigo - [DEBUG] - [Enemigo_2] Solicita movimiento a CH (deltas enteros): dx_int=1, dy_int=1. HB Actual: (437, 325) (Flotantes totales: dx=0.8339, dy=0.7477)
2025-05-19 17:14:35 - enemigo - [DEBUG] - [Enemigo_2] Inicia _mover_y_colisionar_con_obstaculos. dx_int=1, dy_int=1. HB Actual: (437, 325)
2025-05-19 17:14:35 - enemigo - [DEBUG] - [Enemigo_2] Hitbox recentrado (enemigo): (451, 336) (Rect center: (451, 336))
2025-05-19 17:14:35 - enemigo - [DEBUG] - [Enemigo_2] _mover_y_colisionar: HB Antes CH: (437,325), HB Despues CH y Sinc: (438,326), Rect: (435, 323), PosFlotante: (438.00,326.00)
2025-05-19 17:14:35 - enemigo - [DEBUG] - [Enemigo_2] Posición DESPUÉS de mov/col: HB (438, 326), Rect (435, 323), Flot (438.00, 326.00)
2025-05-19 17:14:35 - enemigo - [DEBUG] - [Enemigo_1] --- Inicio Update IA --- Delta: 0.0170s. Pos ANTES: HB (583, 222), Rect (580, 219), Flot (583.00, 222.00)
2025-05-19 17:14:35 - enemigo - [DEBUG] - [Enemigo_1] Target (centro (476, 361)), Dist: 176.18. Mi Centro HB: (596, 232)
2025-05-19 17:14:35 - enemigo - [DEBUG] - [Enemigo_1] EN RANGO AGRO. Input IA (vel): (-47.68, 51.25)
2025-05-19 17:14:35 - enemigo - [DEBUG] - [Enemigo_1] Pos flotante (post-IA y delta): (582.1895, 222.8713)
2025-05-19 17:14:35 - enemigo - [DEBUG] - [Enemigo_1] Solicita movimiento a CH (deltas enteros): dx_int=-1, dy_int=1. HB Actual: (583, 222) (Flotantes totales: dx=-0.8105, dy=0.8713)
2025-05-19 17:14:35 - enemigo - [DEBUG] - [Enemigo_1] Inicia _mover_y_colisionar_con_obstaculos. dx_int=-1, dy_int=1. HB Actual: (583, 222)
2025-05-19 17:14:35 - enemigo - [DEBUG] - [Enemigo_1] Hitbox recentrado (enemigo): (595, 233) (Rect center: (595, 233))
2025-05-19 17:14:35 - enemigo - [DEBUG] - [Enemigo_1] _mover_y_colisionar: HB Antes CH: (583,222), HB Despues CH y Sinc: (582,223), Rect: (579, 220), PosFlotante: (582.00,223.00)
2025-05-19 17:14:35 - enemigo - [DEBUG] - [Enemigo_1] Posición DESPUÉS de mov/col: HB (582, 223), Rect (579, 220), Flot (582.00, 223.00)
2025-05-19 17:14:35 - enemigo - [DEBUG] - [Enemigo_2] --- Inicio Update IA --- Delta: 0.0170s. Pos ANTES: HB (438, 326), Rect (435, 323), Flot (438.00, 326.00)
2025-05-19 17:14:35 - enemigo - [DEBUG] - [Enemigo_2] Target (centro (476, 361)), Dist: 35.36. Mi Centro HB: (451, 336)
2025-05-19 17:14:35 - enemigo - [DEBUG] - [Enemigo_2] EN RANGO AGRO. Input IA (vel): (49.50, 49.50)
2025-05-19 17:14:35 - enemigo - [DEBUG] - [Enemigo_2] Pos flotante (post-IA y delta): (438.8415, 326.8415)
2025-05-19 17:14:35 - enemigo - [DEBUG] - [Enemigo_2] Solicita movimiento a CH (deltas enteros): dx_int=1, dy_int=1. HB Actual: (438, 326) (Flotantes totales: dx=0.8415, dy=0.8415)
2025-05-19 17:14:35 - enemigo - [DEBUG] - [Enemigo_2] Inicia _mover_y_colisionar_con_obstaculos. dx_int=1, dy_int=1. HB Actual: (438, 326)
2025-05-19 17:14:35 - enemigo - [DEBUG] - [Enemigo_2] Hitbox recentrado (enemigo): (452, 337) (Rect center: (452, 337))
2025-05-19 17:14:35 - enemigo - [DEBUG] - [Enemigo_2] _mover_y_colisionar: HB Antes CH: (438,326), HB Despues CH y Sinc: (439,327), Rect: (436, 324), PosFlotante: (439.00,327.00)
2025-05-19 17:14:35 - enemigo - [DEBUG] - [Enemigo_2] Posición DESPUÉS de mov/col: HB (439, 327), Rect (436, 324), Flot (439.00, 327.00)
2025-05-19 17:14:35 - enemigo - [DEBUG] - [Enemigo_1] --- Inicio Update IA --- Delta: 0.0170s. Pos ANTES: HB (582, 223), Rect (579, 220), Flot (582.00, 223.00)
2025-05-19 17:14:35 - enemigo - [DEBUG] - [Enemigo_1] Target (centro (472, 361)), Dist: 177.52. Mi Centro HB: (595, 233)
2025-05-19 17:14:35 - enemigo - [DEBUG] - [Enemigo_1] EN RANGO AGRO. Input IA (vel): (-48.50, 50.47)
2025-05-19 17:14:35 - enemigo - [DEBUG] - [Enemigo_1] Pos flotante (post-IA y delta): (581.1755, 223.8580)
2025-05-19 17:14:35 - enemigo - [DEBUG] - [Enemigo_1] Solicita movimiento a CH (deltas enteros): dx_int=-1, dy_int=1. HB Actual: (582, 223) (Flotantes totales: dx=-0.8245, dy=0.8580)
2025-05-19 17:14:35 - enemigo - [DEBUG] - [Enemigo_1] Inicia _mover_y_colisionar_con_obstaculos. dx_int=-1, dy_int=1. HB Actual: (582, 223)
2025-05-19 17:14:35 - enemigo - [DEBUG] - [Enemigo_1] Hitbox recentrado (enemigo): (594, 234) (Rect center: (594, 234))
2025-05-19 17:14:35 - enemigo - [DEBUG] - [Enemigo_1] _mover_y_colisionar: HB Antes CH: (582,223), HB Despues CH y Sinc: (581,224), Rect: (578, 221), PosFlotante: (581.00,224.00)
2025-05-19 17:14:35 - enemigo - [DEBUG] - [Enemigo_1] Posición DESPUÉS de mov/col: HB (581, 224), Rect (578, 221), Flot (581.00, 224.00)
2025-05-19 17:14:35 - enemigo - [DEBUG] - [Enemigo_2] --- Inicio Update IA --- Delta: 0.0170s. Pos ANTES: HB (439, 327), Rect (436, 324), Flot (439.00, 327.00)
2025-05-19 17:14:35 - enemigo - [DEBUG] - [Enemigo_2] Target (centro (472, 361)), Dist: 31.24. Mi Centro HB: (452, 337)
2025-05-19 17:14:35 - enemigo - [DEBUG] - [Enemigo_2] EN RANGO AGRO. Input IA (vel): (44.81, 53.78)
2025-05-19 17:14:35 - enemigo - [DEBUG] - [Enemigo_2] Pos flotante (post-IA y delta): (439.7618, 327.9142)
2025-05-19 17:14:35 - enemigo - [DEBUG] - [Enemigo_2] Solicita movimiento a CH (deltas enteros): dx_int=1, dy_int=1. HB Actual: (439, 327) (Flotantes totales: dx=0.7618, dy=0.9142)
2025-05-19 17:14:35 - enemigo - [DEBUG] - [Enemigo_2] Inicia _mover_y_colisionar_con_obstaculos. dx_int=1, dy_int=1. HB Actual: (439, 327)
2025-05-19 17:14:35 - enemigo - [DEBUG] - [Enemigo_2] Hitbox recentrado (enemigo): (453, 338) (Rect center: (453, 338))
2025-05-19 17:14:35 - enemigo - [DEBUG] - [Enemigo_2] _mover_y_colisionar: HB Antes CH: (439,327), HB Despues CH y Sinc: (440,328), Rect: (437, 325), PosFlotante: (440.00,328.00)
2025-05-19 17:14:35 - enemigo - [DEBUG] - [Enemigo_2] Posición DESPUÉS de mov/col: HB (440, 328), Rect (437, 325), Flot (440.00, 328.00)
2025-05-19 17:14:35 - enemigo - [DEBUG] - [Enemigo_1] --- Inicio Update IA --- Delta: 0.0170s. Pos ANTES: HB (581, 224), Rect (578, 221), Flot (581.00, 224.00)
2025-05-19 17:14:35 - enemigo - [DEBUG] - [Enemigo_1] Target (centro (468, 361)), Dist: 178.90. Mi Centro HB: (594, 234)
2025-05-19 17:14:35 - enemigo - [DEBUG] - [Enemigo_1] EN RANGO AGRO. Input IA (vel): (-49.30, 49.69)
2025-05-19 17:14:35 - enemigo - [DEBUG] - [Enemigo_1] Pos flotante (post-IA y delta): (580.1619, 224.8448)
2025-05-19 17:14:35 - enemigo - [DEBUG] - [Enemigo_1] Solicita movimiento a CH (deltas enteros): dx_int=-1, dy_int=1. HB Actual: (581, 224) (Flotantes totales: dx=-0.8381, dy=0.8448)
2025-05-19 17:14:35 - enemigo - [DEBUG] - [Enemigo_1] Inicia _mover_y_colisionar_con_obstaculos. dx_int=-1, dy_int=1. HB Actual: (581, 224)
2025-05-19 17:14:35 - enemigo - [DEBUG] - [Enemigo_1] Hitbox recentrado (enemigo): (593, 235) (Rect center: (593, 235))
2025-05-19 17:14:35 - enemigo - [DEBUG] - [Enemigo_1] _mover_y_colisionar: HB Antes CH: (581,224), HB Despues CH y Sinc: (580,225), Rect: (577, 222), PosFlotante: (580.00,225.00)
2025-05-19 17:14:35 - enemigo - [DEBUG] - [Enemigo_1] Posición DESPUÉS de mov/col: HB (580, 225), Rect (577, 222), Flot (580.00, 225.00)
2025-05-19 17:14:35 - enemigo - [DEBUG] - [Enemigo_2] --- Inicio Update IA --- Delta: 0.0170s. Pos ANTES: HB (440, 328), Rect (437, 325), Flot (440.00, 328.00)
2025-05-19 17:14:35 - enemigo - [DEBUG] - [Enemigo_2] Target (centro (468, 361)), Dist: 27.46. Mi Centro HB: (453, 338)
2025-05-19 17:14:35 - enemigo - [DEBUG] - [Enemigo_2] EN RANGO AGRO. Input IA (vel): (38.24, 58.63)
2025-05-19 17:14:35 - enemigo - [DEBUG] - [Enemigo_2] Pos flotante (post-IA y delta): (440.6501, 328.9968)
2025-05-19 17:14:35 - enemigo - [DEBUG] - [Enemigo_2] Solicita movimiento a CH (deltas enteros): dx_int=1, dy_int=1. HB Actual: (440, 328) (Flotantes totales: dx=0.6501, dy=0.9968)
2025-05-19 17:14:35 - enemigo - [DEBUG] - [Enemigo_2] Inicia _mover_y_colisionar_con_obstaculos. dx_int=1, dy_int=1. HB Actual: (440, 328)
2025-05-19 17:14:35 - enemigo - [DEBUG] - [Enemigo_2] Hitbox recentrado (enemigo): (454, 339) (Rect center: (454, 339))
2025-05-19 17:14:35 - enemigo - [DEBUG] - [Enemigo_2] _mover_y_colisionar: HB Antes CH: (440,328), HB Despues CH y Sinc: (441,329), Rect: (438, 326), PosFlotante: (441.00,329.00)
2025-05-19 17:14:35 - enemigo - [DEBUG] - [Enemigo_2] Posición DESPUÉS de mov/col: HB (441, 329), Rect (438, 326), Flot (441.00, 329.00)
2025-05-19 17:14:35 - enemigo - [DEBUG] - [Enemigo_1] --- Inicio Update IA --- Delta: 0.0170s. Pos ANTES: HB (580, 225), Rect (577, 222), Flot (580.00, 225.00)
2025-05-19 17:14:35 - enemigo - [DEBUG] - [Enemigo_1] Target (centro (464, 361)), Dist: 180.32. Mi Centro HB: (593, 235)
2025-05-19 17:14:35 - enemigo - [DEBUG] - [Enemigo_1] EN RANGO AGRO. Input IA (vel): (-50.08, 48.91)
2025-05-19 17:14:35 - enemigo - [DEBUG] - [Enemigo_1] Pos flotante (post-IA y delta): (579.1487, 225.8315)
2025-05-19 17:14:35 - enemigo - [DEBUG] - [Enemigo_1] Solicita movimiento a CH (deltas enteros): dx_int=-1, dy_int=1. HB Actual: (580, 225) (Flotantes totales: dx=-0.8513, dy=0.8315)
2025-05-19 17:14:35 - enemigo - [DEBUG] - [Enemigo_1] Inicia _mover_y_colisionar_con_obstaculos. dx_int=-1, dy_int=1. HB Actual: (580, 225)
2025-05-19 17:14:35 - enemigo - [DEBUG] - [Enemigo_1] Hitbox recentrado (enemigo): (592, 236) (Rect center: (592, 236))
2025-05-19 17:14:35 - enemigo - [DEBUG] - [Enemigo_1] _mover_y_colisionar: HB Antes CH: (580,225), HB Despues CH y Sinc: (579,226), Rect: (576, 223), PosFlotante: (579.00,226.00)
2025-05-19 17:14:35 - enemigo - [DEBUG] - [Enemigo_1] Posición DESPUÉS de mov/col: HB (579, 226), Rect (576, 223), Flot (579.00, 226.00)
2025-05-19 17:14:35 - enemigo - [DEBUG] - [Enemigo_2] --- Inicio Update IA --- Delta: 0.0170s. Pos ANTES: HB (441, 329), Rect (438, 326), Flot (441.00, 329.00)
2025-05-19 17:14:35 - enemigo - [DEBUG] - [Enemigo_2] Target (centro (464, 361)), Dist: 24.17. Mi Centro HB: (454, 339)
2025-05-19 17:14:35 - enemigo - [DEBUG] - [Enemigo_2] EN RANGO AGRO. Input IA (vel): (28.97, 63.73)
2025-05-19 17:14:35 - enemigo - [DEBUG] - [Enemigo_2] Pos flotante (post-IA y delta): (441.4924, 330.0833)
2025-05-19 17:14:35 - enemigo - [DEBUG] - [Enemigo_2] Solicita movimiento a CH (deltas enteros): dx_int=1, dy_int=2. HB Actual: (441, 329) (Flotantes totales: dx=0.4924, dy=1.0833)
2025-05-19 17:14:35 - enemigo - [DEBUG] - [Enemigo_2] Inicia _mover_y_colisionar_con_obstaculos. dx_int=1, dy_int=2. HB Actual: (441, 329)
2025-05-19 17:14:35 - enemigo - [DEBUG] - [Enemigo_2] Hitbox recentrado (enemigo): (455, 341) (Rect center: (455, 341))
2025-05-19 17:14:35 - enemigo - [DEBUG] - [Enemigo_2] _mover_y_colisionar: HB Antes CH: (441,329), HB Despues CH y Sinc: (442,331), Rect: (439, 328), PosFlotante: (442.00,331.00)
2025-05-19 17:14:35 - enemigo - [DEBUG] - [Enemigo_2] Posición DESPUÉS de mov/col: HB (442, 331), Rect (439, 328), Flot (442.00, 331.00)
2025-05-19 17:14:35 - enemigo - [DEBUG] - [Enemigo_1] --- Inicio Update IA --- Delta: 0.0170s. Pos ANTES: HB (579, 226), Rect (576, 223), Flot (579.00, 226.00)
2025-05-19 17:14:35 - enemigo - [DEBUG] - [Enemigo_1] Target (centro (480, 361)), Dist: 167.84. Mi Centro HB: (592, 236)
2025-05-19 17:14:35 - enemigo - [DEBUG] - [Enemigo_1] EN RANGO AGRO. Input IA (vel): (-46.71, 52.13)
2025-05-19 17:14:35 - enemigo - [DEBUG] - [Enemigo_1] Pos flotante (post-IA y delta): (578.2059, 226.8863)
2025-05-19 17:14:35 - enemigo - [DEBUG] - [Enemigo_1] Solicita movimiento a CH (deltas enteros): dx_int=-1, dy_int=1. HB Actual: (579, 226) (Flotantes totales: dx=-0.7941, dy=0.8863)
2025-05-19 17:14:35 - enemigo - [DEBUG] - [Enemigo_1] Inicia _mover_y_colisionar_con_obstaculos. dx_int=-1, dy_int=1. HB Actual: (579, 226)
2025-05-19 17:14:35 - enemigo - [DEBUG] - [Enemigo_1] Hitbox recentrado (enemigo): (591, 237) (Rect center: (591, 237))
2025-05-19 17:14:35 - enemigo - [DEBUG] - [Enemigo_1] _mover_y_colisionar: HB Antes CH: (579,226), HB Despues CH y Sinc: (578,227), Rect: (575, 224), PosFlotante: (578.00,227.00)
2025-05-19 17:14:35 - enemigo - [DEBUG] - [Enemigo_1] Posición DESPUÉS de mov/col: HB (578, 227), Rect (575, 224), Flot (578.00, 227.00)
2025-05-19 17:14:35 - enemigo - [DEBUG] - [Enemigo_2] --- Inicio Update IA --- Delta: 0.0170s. Pos ANTES: HB (442, 331), Rect (439, 328), Flot (442.00, 331.00)
2025-05-19 17:14:35 - enemigo - [DEBUG] - [Enemigo_2] Target (centro (480, 361)), Dist: 32.02. Mi Centro HB: (455, 341)
2025-05-19 17:14:35 - enemigo - [DEBUG] - [Enemigo_2] EN RANGO AGRO. Input IA (vel): (54.66, 43.73)
2025-05-19 17:14:35 - enemigo - [DEBUG] - [Enemigo_2] Pos flotante (post-IA y delta): (442.9292, 331.7434)
2025-05-19 17:14:35 - enemigo - [DEBUG] - [Enemigo_2] Solicita movimiento a CH (deltas enteros): dx_int=1, dy_int=1. HB Actual: (442, 331) (Flotantes totales: dx=0.9292, dy=0.7434)
2025-05-19 17:14:35 - enemigo - [DEBUG] - [Enemigo_2] Inicia _mover_y_colisionar_con_obstaculos. dx_int=1, dy_int=1. HB Actual: (442, 331)
2025-05-19 17:14:35 - enemigo - [DEBUG] - [Enemigo_2] Hitbox recentrado (enemigo): (456, 342) (Rect center: (456, 342))
2025-05-19 17:14:35 - enemigo - [DEBUG] - [Enemigo_2] _mover_y_colisionar: HB Antes CH: (442,331), HB Despues CH y Sinc: (443,332), Rect: (440, 329), PosFlotante: (443.00,332.00)
2025-05-19 17:14:35 - enemigo - [DEBUG] - [Enemigo_2] Posición DESPUÉS de mov/col: HB (443, 332), Rect (440, 329), Flot (443.00, 332.00)
2025-05-19 17:14:35 - enemigo - [DEBUG] - [Enemigo_1] --- Inicio Update IA --- Delta: 0.0170s. Pos ANTES: HB (578, 227), Rect (575, 224), Flot (578.00, 227.00)
2025-05-19 17:14:35 - enemigo - [DEBUG] - [Enemigo_1] Target (centro (481, 361)), Dist: 165.76. Mi Centro HB: (591, 237)
2025-05-19 17:14:35 - enemigo - [DEBUG] - [Enemigo_1] EN RANGO AGRO. Input IA (vel): (-46.45, 52.37)
2025-05-19 17:14:35 - enemigo - [DEBUG] - [Enemigo_1] Pos flotante (post-IA y delta): (577.2103, 227.8902)
2025-05-19 17:14:35 - enemigo - [DEBUG] - [Enemigo_1] Solicita movimiento a CH (deltas enteros): dx_int=-1, dy_int=1. HB Actual: (578, 227) (Flotantes totales: dx=-0.7897, dy=0.8902)
2025-05-19 17:14:35 - enemigo - [DEBUG] - [Enemigo_1] Inicia _mover_y_colisionar_con_obstaculos. dx_int=-1, dy_int=1. HB Actual: (578, 227)
2025-05-19 17:14:35 - enemigo - [DEBUG] - [Enemigo_1] Hitbox recentrado (enemigo): (590, 238) (Rect center: (590, 238))
2025-05-19 17:14:35 - enemigo - [DEBUG] - [Enemigo_1] _mover_y_colisionar: HB Antes CH: (578,227), HB Despues CH y Sinc: (577,228), Rect: (574, 225), PosFlotante: (577.00,228.00)
2025-05-19 17:14:35 - enemigo - [DEBUG] - [Enemigo_1] Posición DESPUÉS de mov/col: HB (577, 228), Rect (574, 225), Flot (577.00, 228.00)
2025-05-19 17:14:35 - enemigo - [DEBUG] - [Enemigo_2] --- Inicio Update IA --- Delta: 0.0170s. Pos ANTES: HB (443, 332), Rect (440, 329), Flot (443.00, 332.00)
2025-05-19 17:14:35 - enemigo - [DEBUG] - [Enemigo_2] Target (centro (481, 361)), Dist: 31.40. Mi Centro HB: (456, 342)
2025-05-19 17:14:35 - enemigo - [DEBUG] - [Enemigo_2] EN RANGO AGRO. Input IA (vel): (55.73, 42.36)
2025-05-19 17:14:35 - enemigo - [DEBUG] - [Enemigo_2] Pos flotante (post-IA y delta): (443.9474, 332.7200)
2025-05-19 17:14:35 - enemigo - [DEBUG] - [Enemigo_2] Solicita movimiento a CH (deltas enteros): dx_int=1, dy_int=1. HB Actual: (443, 332) (Flotantes totales: dx=0.9474, dy=0.7200)
2025-05-19 17:14:35 - enemigo - [DEBUG] - [Enemigo_2] Inicia _mover_y_colisionar_con_obstaculos. dx_int=1, dy_int=1. HB Actual: (443, 332)
2025-05-19 17:14:35 - enemigo - [DEBUG] - [Enemigo_2] Hitbox recentrado (enemigo): (457, 343) (Rect center: (457, 343))
2025-05-19 17:14:35 - enemigo - [DEBUG] - [Enemigo_2] _mover_y_colisionar: HB Antes CH: (443,332), HB Despues CH y Sinc: (444,333), Rect: (441, 330), PosFlotante: (444.00,333.00)
2025-05-19 17:14:35 - enemigo - [DEBUG] - [Enemigo_2] Posición DESPUÉS de mov/col: HB (444, 333), Rect (441, 330), Flot (444.00, 333.00)
2025-05-19 17:14:35 - enemigo - [DEBUG] - [Enemigo_1] --- Inicio Update IA --- Delta: 0.0160s. Pos ANTES: HB (577, 228), Rect (574, 225), Flot (577.00, 228.00)
2025-05-19 17:14:35 - enemigo - [DEBUG] - [Enemigo_1] Target (centro (482, 361)), Dist: 163.69. Mi Centro HB: (590, 238)
2025-05-19 17:14:35 - enemigo - [DEBUG] - [Enemigo_1] EN RANGO AGRO. Input IA (vel): (-46.19, 52.60)
2025-05-19 17:14:35 - enemigo - [DEBUG] - [Enemigo_1] Pos flotante (post-IA y delta): (576.2610, 228.8416)
2025-05-19 17:14:35 - enemigo - [DEBUG] - [Enemigo_1] Solicita movimiento a CH (deltas enteros): dx_int=-1, dy_int=1. HB Actual: (577, 228) (Flotantes totales: dx=-0.7390, dy=0.8416)
2025-05-19 17:14:35 - enemigo - [DEBUG] - [Enemigo_1] Inicia _mover_y_colisionar_con_obstaculos. dx_int=-1, dy_int=1. HB Actual: (577, 228)
2025-05-19 17:14:35 - enemigo - [DEBUG] - [Enemigo_1] Hitbox recentrado (enemigo): (589, 239) (Rect center: (589, 239))
2025-05-19 17:14:35 - enemigo - [DEBUG] - [Enemigo_1] _mover_y_colisionar: HB Antes CH: (577,228), HB Despues CH y Sinc: (576,229), Rect: (573, 226), PosFlotante: (576.00,229.00)
2025-05-19 17:14:35 - enemigo - [DEBUG] - [Enemigo_1] Posición DESPUÉS de mov/col: HB (576, 229), Rect (573, 226), Flot (576.00, 229.00)
2025-05-19 17:14:35 - enemigo - [DEBUG] - [Enemigo_2] --- Inicio Update IA --- Delta: 0.0160s. Pos ANTES: HB (444, 333), Rect (441, 330), Flot (444.00, 333.00)
2025-05-19 17:14:35 - enemigo - [DEBUG] - [Enemigo_2] Target (centro (482, 361)), Dist: 30.81. Mi Centro HB: (457, 343)
2025-05-19 17:14:35 - enemigo - [DEBUG] - [Enemigo_2] EN RANGO AGRO. Input IA (vel): (56.81, 40.90)
2025-05-19 17:14:35 - enemigo - [DEBUG] - [Enemigo_2] Pos flotante (post-IA y delta): (444.9089, 333.6544)
2025-05-19 17:14:35 - enemigo - [DEBUG] - [Enemigo_2] Solicita movimiento a CH (deltas enteros): dx_int=1, dy_int=1. HB Actual: (444, 333) (Flotantes totales: dx=0.9089, dy=0.6544)
2025-05-19 17:14:35 - enemigo - [DEBUG] - [Enemigo_2] Inicia _mover_y_colisionar_con_obstaculos. dx_int=1, dy_int=1. HB Actual: (444, 333)
2025-05-19 17:14:35 - enemigo - [DEBUG] - [Enemigo_2] Hitbox recentrado (enemigo): (458, 344) (Rect center: (458, 344))
2025-05-19 17:14:35 - enemigo - [DEBUG] - [Enemigo_2] _mover_y_colisionar: HB Antes CH: (444,333), HB Despues CH y Sinc: (445,334), Rect: (442, 331), PosFlotante: (445.00,334.00)
2025-05-19 17:14:35 - enemigo - [DEBUG] - [Enemigo_2] Posición DESPUÉS de mov/col: HB (445, 334), Rect (442, 331), Flot (445.00, 334.00)
2025-05-19 17:14:35 - enemigo - [DEBUG] - [Enemigo_1] --- Inicio Update IA --- Delta: 0.0170s. Pos ANTES: HB (576, 229), Rect (573, 226), Flot (576.00, 229.00)
2025-05-19 17:14:35 - enemigo - [DEBUG] - [Enemigo_1] Target (centro (479, 361)), Dist: 164.27. Mi Centro HB: (589, 239)
2025-05-19 17:14:35 - enemigo - [DEBUG] - [Enemigo_1] EN RANGO AGRO. Input IA (vel): (-46.87, 51.99)
2025-05-19 17:14:35 - enemigo - [DEBUG] - [Enemigo_1] Pos flotante (post-IA y delta): (575.2031, 229.8838)
2025-05-19 17:14:35 - enemigo - [DEBUG] - [Enemigo_1] Solicita movimiento a CH (deltas enteros): dx_int=-1, dy_int=1. HB Actual: (576, 229) (Flotantes totales: dx=-0.7969, dy=0.8838)
2025-05-19 17:14:35 - enemigo - [DEBUG] - [Enemigo_1] Inicia _mover_y_colisionar_con_obstaculos. dx_int=-1, dy_int=1. HB Actual: (576, 229)
2025-05-19 17:14:35 - enemigo - [DEBUG] - [Enemigo_1] Hitbox recentrado (enemigo): (588, 240) (Rect center: (588, 240))
2025-05-19 17:14:35 - enemigo - [DEBUG] - [Enemigo_1] _mover_y_colisionar: HB Antes CH: (576,229), HB Despues CH y Sinc: (575,230), Rect: (572, 227), PosFlotante: (575.00,230.00)
2025-05-19 17:14:35 - enemigo - [DEBUG] - [Enemigo_1] Posición DESPUÉS de mov/col: HB (575, 230), Rect (572, 227), Flot (575.00, 230.00)
2025-05-19 17:14:35 - enemigo - [DEBUG] - [Enemigo_1] --- Inicio Update IA --- Delta: 0.0170s. Pos ANTES: HB (575, 230), Rect (572, 227), Flot (575.00, 230.00)
2025-05-19 17:14:35 - enemigo - [DEBUG] - [Enemigo_1] Target (centro (475, 361)), Dist: 165.56. Mi Centro HB: (588, 240)
2025-05-19 17:14:35 - enemigo - [DEBUG] - [Enemigo_1] EN RANGO AGRO. Input IA (vel): (-47.78, 51.16)
2025-05-19 17:14:35 - enemigo - [DEBUG] - [Enemigo_1] Pos flotante (post-IA y delta): (574.1878, 230.8697)
2025-05-19 17:14:35 - enemigo - [DEBUG] - [Enemigo_1] Solicita movimiento a CH (deltas enteros): dx_int=-1, dy_int=1. HB Actual: (575, 230) (Flotantes totales: dx=-0.8122, dy=0.8697)
2025-05-19 17:14:35 - enemigo - [DEBUG] - [Enemigo_1] Inicia _mover_y_colisionar_con_obstaculos. dx_int=-1, dy_int=1. HB Actual: (575, 230)
2025-05-19 17:14:35 - enemigo - [DEBUG] - [Enemigo_1] Hitbox recentrado (enemigo): (587, 241) (Rect center: (587, 241))
2025-05-19 17:14:35 - enemigo - [DEBUG] - [Enemigo_1] _mover_y_colisionar: HB Antes CH: (575,230), HB Despues CH y Sinc: (574,231), Rect: (571, 228), PosFlotante: (574.00,231.00)
2025-05-19 17:14:35 - enemigo - [DEBUG] - [Enemigo_1] Posición DESPUÉS de mov/col: HB (574, 231), Rect (571, 228), Flot (574.00, 231.00)
2025-05-19 17:14:35 - enemigo - [DEBUG] - [Enemigo_1] --- Inicio Update IA --- Delta: 0.0170s. Pos ANTES: HB (574, 231), Rect (571, 228), Flot (574.00, 231.00)
2025-05-19 17:14:35 - enemigo - [DEBUG] - [Enemigo_1] Target (centro (471, 361)), Dist: 166.90. Mi Centro HB: (587, 241)
2025-05-19 17:14:35 - enemigo - [DEBUG] - [Enemigo_1] EN RANGO AGRO. Input IA (vel): (-48.65, 50.33)
2025-05-19 17:14:35 - enemigo - [DEBUG] - [Enemigo_1] Pos flotante (post-IA y delta): (573.1729, 231.8556)
2025-05-19 17:14:35 - enemigo - [DEBUG] - [Enemigo_1] Solicita movimiento a CH (deltas enteros): dx_int=-1, dy_int=1. HB Actual: (574, 231) (Flotantes totales: dx=-0.8271, dy=0.8556)
2025-05-19 17:14:35 - enemigo - [DEBUG] - [Enemigo_1] Inicia _mover_y_colisionar_con_obstaculos. dx_int=-1, dy_int=1. HB Actual: (574, 231)
2025-05-19 17:14:35 - enemigo - [DEBUG] - [Enemigo_1] Hitbox recentrado (enemigo): (586, 242) (Rect center: (586, 242))
2025-05-19 17:14:35 - enemigo - [DEBUG] - [Enemigo_1] _mover_y_colisionar: HB Antes CH: (574,231), HB Despues CH y Sinc: (573,232), Rect: (570, 229), PosFlotante: (573.00,232.00)
2025-05-19 17:14:35 - enemigo - [DEBUG] - [Enemigo_1] Posición DESPUÉS de mov/col: HB (573, 232), Rect (570, 229), Flot (573.00, 232.00)
2025-05-19 17:14:35 - enemigo - [DEBUG] - [Enemigo_1] --- Inicio Update IA --- Delta: 0.0170s. Pos ANTES: HB (573, 232), Rect (570, 229), Flot (573.00, 232.00)
2025-05-19 17:14:35 - enemigo - [DEBUG] - [Enemigo_1] Target (centro (467, 361)), Dist: 168.29. Mi Centro HB: (586, 242)
2025-05-19 17:14:35 - enemigo - [DEBUG] - [Enemigo_1] EN RANGO AGRO. Input IA (vel): (-49.50, 49.50)
2025-05-19 17:14:35 - enemigo - [DEBUG] - [Enemigo_1] Pos flotante (post-IA y delta): (572.1585, 232.8415)
2025-05-19 17:14:35 - enemigo - [DEBUG] - [Enemigo_1] Solicita movimiento a CH (deltas enteros): dx_int=-1, dy_int=1. HB Actual: (573, 232) (Flotantes totales: dx=-0.8415, dy=0.8415)
2025-05-19 17:14:35 - enemigo - [DEBUG] - [Enemigo_1] Inicia _mover_y_colisionar_con_obstaculos. dx_int=-1, dy_int=1. HB Actual: (573, 232)
2025-05-19 17:14:35 - enemigo - [DEBUG] - [Enemigo_1] Hitbox recentrado (enemigo): (585, 243) (Rect center: (585, 243))
2025-05-19 17:14:35 - enemigo - [DEBUG] - [Enemigo_1] _mover_y_colisionar: HB Antes CH: (573,232), HB Despues CH y Sinc: (572,233), Rect: (569, 230), PosFlotante: (572.00,233.00)
2025-05-19 17:14:35 - enemigo - [DEBUG] - [Enemigo_1] Posición DESPUÉS de mov/col: HB (572, 233), Rect (569, 230), Flot (572.00, 233.00)
2025-05-19 17:14:36 - enemigo - [DEBUG] - [Enemigo_1] --- Inicio Update IA --- Delta: 0.0160s. Pos ANTES: HB (572, 233), Rect (569, 230), Flot (572.00, 233.00)
2025-05-19 17:14:36 - enemigo - [DEBUG] - [Enemigo_1] Target (centro (463, 361)), Dist: 169.73. Mi Centro HB: (585, 243)
2025-05-19 17:14:36 - enemigo - [DEBUG] - [Enemigo_1] EN RANGO AGRO. Input IA (vel): (-50.32, 48.67)
2025-05-19 17:14:36 - enemigo - [DEBUG] - [Enemigo_1] Pos flotante (post-IA y delta): (571.1950, 233.7787)
2025-05-19 17:14:36 - enemigo - [DEBUG] - [Enemigo_1] Solicita movimiento a CH (deltas enteros): dx_int=-1, dy_int=1. HB Actual: (572, 233) (Flotantes totales: dx=-0.8050, dy=0.7787)
2025-05-19 17:14:36 - enemigo - [DEBUG] - [Enemigo_1] Inicia _mover_y_colisionar_con_obstaculos. dx_int=-1, dy_int=1. HB Actual: (572, 233)
2025-05-19 17:14:36 - enemigo - [DEBUG] - [Enemigo_1] Hitbox recentrado (enemigo): (584, 244) (Rect center: (584, 244))
2025-05-19 17:14:36 - enemigo - [DEBUG] - [Enemigo_1] _mover_y_colisionar: HB Antes CH: (572,233), HB Despues CH y Sinc: (571,234), Rect: (568, 231), PosFlotante: (571.00,234.00)
2025-05-19 17:14:36 - enemigo - [DEBUG] - [Enemigo_1] Posición DESPUÉS de mov/col: HB (571, 234), Rect (568, 231), Flot (571.00, 234.00)
2025-05-19 17:14:36 - enemigo - [DEBUG] - [Enemigo_1] --- Inicio Update IA --- Delta: 0.0160s. Pos ANTES: HB (571, 234), Rect (568, 231), Flot (571.00, 234.00)
2025-05-19 17:14:36 - enemigo - [DEBUG] - [Enemigo_1] Target (centro (460, 361)), Dist: 170.48. Mi Centro HB: (584, 244)
2025-05-19 17:14:36 - enemigo - [DEBUG] - [Enemigo_1] EN RANGO AGRO. Input IA (vel): (-50.91, 48.04)
2025-05-19 17:14:36 - enemigo - [DEBUG] - [Enemigo_1] Pos flotante (post-IA y delta): (570.1854, 234.7686)
2025-05-19 17:14:36 - enemigo - [DEBUG] - [Enemigo_1] Solicita movimiento a CH (deltas enteros): dx_int=-1, dy_int=1. HB Actual: (571, 234) (Flotantes totales: dx=-0.8146, dy=0.7686)
2025-05-19 17:14:36 - enemigo - [DEBUG] - [Enemigo_1] Inicia _mover_y_colisionar_con_obstaculos. dx_int=-1, dy_int=1. HB Actual: (571, 234)
2025-05-19 17:14:36 - enemigo - [DEBUG] - [Enemigo_1] Hitbox recentrado (enemigo): (583, 245) (Rect center: (583, 245))
2025-05-19 17:14:36 - enemigo - [DEBUG] - [Enemigo_1] _mover_y_colisionar: HB Antes CH: (571,234), HB Despues CH y Sinc: (570,235), Rect: (567, 232), PosFlotante: (570.00,235.00)
2025-05-19 17:14:36 - enemigo - [DEBUG] - [Enemigo_1] Posición DESPUÉS de mov/col: HB (570, 235), Rect (567, 232), Flot (570.00, 235.00)
2025-05-19 17:14:36 - enemigo - [DEBUG] - [Enemigo_1] --- Inicio Update IA --- Delta: 0.0160s. Pos ANTES: HB (570, 235), Rect (567, 232), Flot (570.00, 235.00)
2025-05-19 17:14:36 - enemigo - [DEBUG] - [Enemigo_1] Target (centro (457, 361)), Dist: 171.27. Mi Centro HB: (583, 245)
2025-05-19 17:14:36 - enemigo - [DEBUG] - [Enemigo_1] EN RANGO AGRO. Input IA (vel): (-51.50, 47.41)
2025-05-19 17:14:36 - enemigo - [DEBUG] - [Enemigo_1] Pos flotante (post-IA y delta): (569.1760, 235.7586)
2025-05-19 17:14:36 - enemigo - [DEBUG] - [Enemigo_1] Solicita movimiento a CH (deltas enteros): dx_int=-1, dy_int=1. HB Actual: (570, 235) (Flotantes totales: dx=-0.8240, dy=0.7586)
2025-05-19 17:14:36 - enemigo - [DEBUG] - [Enemigo_1] Inicia _mover_y_colisionar_con_obstaculos. dx_int=-1, dy_int=1. HB Actual: (570, 235)
2025-05-19 17:14:36 - enemigo - [DEBUG] - [Enemigo_1] Hitbox recentrado (enemigo): (582, 246) (Rect center: (582, 246))
2025-05-19 17:14:36 - enemigo - [DEBUG] - [Enemigo_1] _mover_y_colisionar: HB Antes CH: (570,235), HB Despues CH y Sinc: (569,236), Rect: (566, 233), PosFlotante: (569.00,236.00)
2025-05-19 17:14:36 - enemigo - [DEBUG] - [Enemigo_1] Posición DESPUÉS de mov/col: HB (569, 236), Rect (566, 233), Flot (569.00, 236.00)
2025-05-19 17:14:36 - enemigo - [DEBUG] - [Enemigo_1] --- Inicio Update IA --- Delta: 0.0170s. Pos ANTES: HB (569, 236), Rect (566, 233), Flot (569.00, 236.00)
2025-05-19 17:14:36 - enemigo - [DEBUG] - [Enemigo_1] Target (centro (454, 361)), Dist: 172.07. Mi Centro HB: (582, 246)
2025-05-19 17:14:36 - enemigo - [DEBUG] - [Enemigo_1] EN RANGO AGRO. Input IA (vel): (-52.07, 46.78)
2025-05-19 17:14:36 - enemigo - [DEBUG] - [Enemigo_1] Pos flotante (post-IA y delta): (568.1148, 236.7953)
2025-05-19 17:14:36 - enemigo - [DEBUG] - [Enemigo_1] Solicita movimiento a CH (deltas enteros): dx_int=-1, dy_int=1. HB Actual: (569, 236) (Flotantes totales: dx=-0.8852, dy=0.7953)
2025-05-19 17:14:36 - enemigo - [DEBUG] - [Enemigo_1] Inicia _mover_y_colisionar_con_obstaculos. dx_int=-1, dy_int=1. HB Actual: (569, 236)
2025-05-19 17:14:36 - enemigo - [DEBUG] - [Enemigo_1] Hitbox recentrado (enemigo): (581, 247) (Rect center: (581, 247))
2025-05-19 17:14:36 - enemigo - [DEBUG] - [Enemigo_1] _mover_y_colisionar: HB Antes CH: (569,236), HB Despues CH y Sinc: (568,237), Rect: (565, 234), PosFlotante: (568.00,237.00)
2025-05-19 17:14:36 - enemigo - [DEBUG] - [Enemigo_1] Posición DESPUÉS de mov/col: HB (568, 237), Rect (565, 234), Flot (568.00, 237.00)
2025-05-19 17:14:36 - enemigo - [DEBUG] - [Enemigo_1] --- Inicio Update IA --- Delta: 0.0170s. Pos ANTES: HB (568, 237), Rect (565, 234), Flot (568.00, 237.00)
2025-05-19 17:14:36 - enemigo - [DEBUG] - [Enemigo_1] Target (centro (450, 361)), Dist: 173.66. Mi Centro HB: (581, 247)
2025-05-19 17:14:36 - enemigo - [DEBUG] - [Enemigo_1] EN RANGO AGRO. Input IA (vel): (-52.81, 45.95)
2025-05-19 17:14:36 - enemigo - [DEBUG] - [Enemigo_1] Pos flotante (post-IA y delta): (567.1023, 237.7812)
2025-05-19 17:14:36 - enemigo - [DEBUG] - [Enemigo_1] Solicita movimiento a CH (deltas enteros): dx_int=-1, dy_int=1. HB Actual: (568, 237) (Flotantes totales: dx=-0.8977, dy=0.7812)
2025-05-19 17:14:36 - enemigo - [DEBUG] - [Enemigo_1] Inicia _mover_y_colisionar_con_obstaculos. dx_int=-1, dy_int=1. HB Actual: (568, 237)
2025-05-19 17:14:36 - enemigo - [DEBUG] - [Enemigo_1] Hitbox recentrado (enemigo): (580, 248) (Rect center: (580, 248))
2025-05-19 17:14:36 - enemigo - [DEBUG] - [Enemigo_1] _mover_y_colisionar: HB Antes CH: (568,237), HB Despues CH y Sinc: (567,238), Rect: (564, 235), PosFlotante: (567.00,238.00)
2025-05-19 17:14:36 - enemigo - [DEBUG] - [Enemigo_1] Posición DESPUÉS de mov/col: HB (567, 238), Rect (564, 235), Flot (567.00, 238.00)
2025-05-19 17:14:36 - enemigo - [DEBUG] - [Enemigo_1] --- Inicio Update IA --- Delta: 0.0170s. Pos ANTES: HB (567, 238), Rect (564, 235), Flot (567.00, 238.00)
2025-05-19 17:14:36 - enemigo - [DEBUG] - [Enemigo_1] Target (centro (446, 361)), Dist: 175.29. Mi Centro HB: (580, 248)
2025-05-19 17:14:36 - enemigo - [DEBUG] - [Enemigo_1] EN RANGO AGRO. Input IA (vel): (-53.51, 45.13)
2025-05-19 17:14:36 - enemigo - [DEBUG] - [Enemigo_1] Pos flotante (post-IA y delta): (566.0903, 238.7671)
2025-05-19 17:14:36 - enemigo - [DEBUG] - [Enemigo_1] Solicita movimiento a CH (deltas enteros): dx_int=-1, dy_int=1. HB Actual: (567, 238) (Flotantes totales: dx=-0.9097, dy=0.7671)
2025-05-19 17:14:36 - enemigo - [DEBUG] - [Enemigo_1] Inicia _mover_y_colisionar_con_obstaculos. dx_int=-1, dy_int=1. HB Actual: (567, 238)
2025-05-19 17:14:36 - enemigo - [DEBUG] - [Enemigo_1] Hitbox recentrado (enemigo): (579, 249) (Rect center: (579, 249))
2025-05-19 17:14:36 - enemigo - [DEBUG] - [Enemigo_1] _mover_y_colisionar: HB Antes CH: (567,238), HB Despues CH y Sinc: (566,239), Rect: (563, 236), PosFlotante: (566.00,239.00)
2025-05-19 17:14:36 - enemigo - [DEBUG] - [Enemigo_1] Posición DESPUÉS de mov/col: HB (566, 239), Rect (563, 236), Flot (566.00, 239.00)
2025-05-19 17:14:36 - enemigo - [DEBUG] - [Enemigo_1] --- Inicio Update IA --- Delta: 0.0170s. Pos ANTES: HB (566, 239), Rect (563, 236), Flot (566.00, 239.00)
2025-05-19 17:14:36 - enemigo - [DEBUG] - [Enemigo_1] Target (centro (442, 361)), Dist: 176.95. Mi Centro HB: (579, 249)
2025-05-19 17:14:36 - enemigo - [DEBUG] - [Enemigo_1] EN RANGO AGRO. Input IA (vel): (-54.19, 44.31)
2025-05-19 17:14:36 - enemigo - [DEBUG] - [Enemigo_1] Pos flotante (post-IA y delta): (565.0787, 239.7532)
2025-05-19 17:14:36 - enemigo - [DEBUG] - [Enemigo_1] Solicita movimiento a CH (deltas enteros): dx_int=-1, dy_int=1. HB Actual: (566, 239) (Flotantes totales: dx=-0.9213, dy=0.7532)
2025-05-19 17:14:36 - enemigo - [DEBUG] - [Enemigo_1] Inicia _mover_y_colisionar_con_obstaculos. dx_int=-1, dy_int=1. HB Actual: (566, 239)
2025-05-19 17:14:36 - enemigo - [DEBUG] - [Enemigo_1] Hitbox recentrado (enemigo): (578, 250) (Rect center: (578, 250))
2025-05-19 17:14:36 - enemigo - [DEBUG] - [Enemigo_1] _mover_y_colisionar: HB Antes CH: (566,239), HB Despues CH y Sinc: (565,240), Rect: (562, 237), PosFlotante: (565.00,240.00)
2025-05-19 17:14:36 - enemigo - [DEBUG] - [Enemigo_1] Posición DESPUÉS de mov/col: HB (565, 240), Rect (562, 237), Flot (565.00, 240.00)
2025-05-19 17:14:36 - enemigo - [DEBUG] - [Enemigo_1] --- Inicio Update IA --- Delta: 0.0170s. Pos ANTES: HB (565, 240), Rect (562, 237), Flot (565.00, 240.00)
2025-05-19 17:14:36 - enemigo - [DEBUG] - [Enemigo_1] Target (centro (446, 361)), Dist: 172.47. Mi Centro HB: (578, 250)
2025-05-19 17:14:36 - enemigo - [DEBUG] - [Enemigo_1] EN RANGO AGRO. Input IA (vel): (-53.58, 45.05)
2025-05-19 17:14:36 - enemigo - [DEBUG] - [Enemigo_1] Pos flotante (post-IA y delta): (564.0892, 240.7659)
2025-05-19 17:14:36 - enemigo - [DEBUG] - [Enemigo_1] Solicita movimiento a CH (deltas enteros): dx_int=-1, dy_int=1. HB Actual: (565, 240) (Flotantes totales: dx=-0.9108, dy=0.7659)
2025-05-19 17:14:36 - enemigo - [DEBUG] - [Enemigo_1] Inicia _mover_y_colisionar_con_obstaculos. dx_int=-1, dy_int=1. HB Actual: (565, 240)
2025-05-19 17:14:36 - enemigo - [DEBUG] - [Enemigo_1] Hitbox recentrado (enemigo): (577, 251) (Rect center: (577, 251))
2025-05-19 17:14:36 - enemigo - [DEBUG] - [Enemigo_1] _mover_y_colisionar: HB Antes CH: (565,240), HB Despues CH y Sinc: (564,241), Rect: (561, 238), PosFlotante: (564.00,241.00)
2025-05-19 17:14:36 - enemigo - [DEBUG] - [Enemigo_1] Posición DESPUÉS de mov/col: HB (564, 241), Rect (561, 238), Flot (564.00, 241.00)
2025-05-19 17:14:36 - enemigo - [DEBUG] - [Enemigo_1] --- Inicio Update IA --- Delta: 0.0160s. Pos ANTES: HB (564, 241), Rect (561, 238), Flot (564.00, 241.00)
2025-05-19 17:14:36 - enemigo - [DEBUG] - [Enemigo_1] Target (centro (450, 361)), Dist: 168.01. Mi Centro HB: (577, 251)
2025-05-19 17:14:36 - enemigo - [DEBUG] - [Enemigo_1] EN RANGO AGRO. Input IA (vel): (-52.91, 45.83)
2025-05-19 17:14:36 - enemigo - [DEBUG] - [Enemigo_1] Pos flotante (post-IA y delta): (563.1534, 241.7333)
2025-05-19 17:14:36 - enemigo - [DEBUG] - [Enemigo_1] Solicita movimiento a CH (deltas enteros): dx_int=-1, dy_int=1. HB Actual: (564, 241) (Flotantes totales: dx=-0.8466, dy=0.7333)
2025-05-19 17:14:36 - enemigo - [DEBUG] - [Enemigo_1] Inicia _mover_y_colisionar_con_obstaculos. dx_int=-1, dy_int=1. HB Actual: (564, 241)
2025-05-19 17:14:36 - enemigo - [DEBUG] - [Enemigo_1] Hitbox recentrado (enemigo): (576, 252) (Rect center: (576, 252))
2025-05-19 17:14:36 - enemigo - [DEBUG] - [Enemigo_1] _mover_y_colisionar: HB Antes CH: (564,241), HB Despues CH y Sinc: (563,242), Rect: (560, 239), PosFlotante: (563.00,242.00)
2025-05-19 17:14:36 - enemigo - [DEBUG] - [Enemigo_1] Posición DESPUÉS de mov/col: HB (563, 242), Rect (560, 239), Flot (563.00, 242.00)
2025-05-19 17:14:36 - enemigo - [DEBUG] - [Enemigo_1] --- Inicio Update IA --- Delta: 0.0170s. Pos ANTES: HB (563, 242), Rect (560, 239), Flot (563.00, 242.00)
2025-05-19 17:14:36 - enemigo - [DEBUG] - [Enemigo_1] Target (centro (453, 361)), Dist: 164.35. Mi Centro HB: (576, 252)
2025-05-19 17:14:36 - enemigo - [DEBUG] - [Enemigo_1] EN RANGO AGRO. Input IA (vel): (-52.39, 46.43)
2025-05-19 17:14:36 - enemigo - [DEBUG] - [Enemigo_1] Pos flotante (post-IA y delta): (562.1094, 242.7892)
2025-05-19 17:14:36 - enemigo - [DEBUG] - [Enemigo_1] Solicita movimiento a CH (deltas enteros): dx_int=-1, dy_int=1. HB Actual: (563, 242) (Flotantes totales: dx=-0.8906, dy=0.7892)
2025-05-19 17:14:36 - enemigo - [DEBUG] - [Enemigo_1] Inicia _mover_y_colisionar_con_obstaculos. dx_int=-1, dy_int=1. HB Actual: (563, 242)
2025-05-19 17:14:36 - enemigo - [DEBUG] - [Enemigo_1] Hitbox recentrado (enemigo): (575, 253) (Rect center: (575, 253))
2025-05-19 17:14:36 - enemigo - [DEBUG] - [Enemigo_1] _mover_y_colisionar: HB Antes CH: (563,242), HB Despues CH y Sinc: (562,243), Rect: (559, 240), PosFlotante: (562.00,243.00)
2025-05-19 17:14:36 - enemigo - [DEBUG] - [Enemigo_1] Posición DESPUÉS de mov/col: HB (562, 243), Rect (559, 240), Flot (562.00, 243.00)
2025-05-19 17:14:36 - enemigo - [DEBUG] - [Enemigo_1] --- Inicio Update IA --- Delta: 0.0160s. Pos ANTES: HB (562, 243), Rect (559, 240), Flot (562.00, 243.00)
2025-05-19 17:14:36 - enemigo - [DEBUG] - [Enemigo_1] Target (centro (457, 361)), Dist: 159.96. Mi Centro HB: (575, 253)
2025-05-19 17:14:36 - enemigo - [DEBUG] - [Enemigo_1] EN RANGO AGRO. Input IA (vel): (-51.64, 47.26)
2025-05-19 17:14:36 - enemigo - [DEBUG] - [Enemigo_1] Pos flotante (post-IA y delta): (561.1738, 243.7562)
2025-05-19 17:14:36 - enemigo - [DEBUG] - [Enemigo_1] Solicita movimiento a CH (deltas enteros): dx_int=-1, dy_int=1. HB Actual: (562, 243) (Flotantes totales: dx=-0.8262, dy=0.7562)
2025-05-19 17:14:36 - enemigo - [DEBUG] - [Enemigo_1] Inicia _mover_y_colisionar_con_obstaculos. dx_int=-1, dy_int=1. HB Actual: (562, 243)
2025-05-19 17:14:36 - enemigo - [DEBUG] - [Enemigo_1] Hitbox recentrado (enemigo): (574, 254) (Rect center: (574, 254))
2025-05-19 17:14:36 - enemigo - [DEBUG] - [Enemigo_1] _mover_y_colisionar: HB Antes CH: (562,243), HB Despues CH y Sinc: (561,244), Rect: (558, 241), PosFlotante: (561.00,244.00)
2025-05-19 17:14:36 - enemigo - [DEBUG] - [Enemigo_1] Posición DESPUÉS de mov/col: HB (561, 244), Rect (558, 241), Flot (561.00, 244.00)
2025-05-19 17:14:36 - enemigo - [DEBUG] - [Enemigo_1] --- Inicio Update IA --- Delta: 0.0160s. Pos ANTES: HB (561, 244), Rect (558, 241), Flot (561.00, 244.00)
2025-05-19 17:14:36 - enemigo - [DEBUG] - [Enemigo_1] Target (centro (460, 361)), Dist: 156.35. Mi Centro HB: (574, 254)
2025-05-19 17:14:36 - enemigo - [DEBUG] - [Enemigo_1] EN RANGO AGRO. Input IA (vel): (-51.04, 47.91)
2025-05-19 17:14:36 - enemigo - [DEBUG] - [Enemigo_1] Pos flotante (post-IA y delta): (560.1834, 244.7665)
2025-05-19 17:14:36 - enemigo - [DEBUG] - [Enemigo_1] Solicita movimiento a CH (deltas enteros): dx_int=-1, dy_int=1. HB Actual: (561, 244) (Flotantes totales: dx=-0.8166, dy=0.7665)
2025-05-19 17:14:36 - enemigo - [DEBUG] - [Enemigo_1] Inicia _mover_y_colisionar_con_obstaculos. dx_int=-1, dy_int=1. HB Actual: (561, 244)
2025-05-19 17:14:36 - enemigo - [DEBUG] - [Enemigo_1] Hitbox recentrado (enemigo): (573, 255) (Rect center: (573, 255))
2025-05-19 17:14:36 - enemigo - [DEBUG] - [Enemigo_1] _mover_y_colisionar: HB Antes CH: (561,244), HB Despues CH y Sinc: (560,245), Rect: (557, 242), PosFlotante: (560.00,245.00)
2025-05-19 17:14:36 - enemigo - [DEBUG] - [Enemigo_1] Posición DESPUÉS de mov/col: HB (560, 245), Rect (557, 242), Flot (560.00, 245.00)
2025-05-19 17:14:36 - enemigo - [DEBUG] - [Enemigo_1] --- Inicio Update IA --- Delta: 0.0170s. Pos ANTES: HB (560, 245), Rect (557, 242), Flot (560.00, 245.00)
2025-05-19 17:14:36 - enemigo - [DEBUG] - [Enemigo_1] Target (centro (463, 358)), Dist: 150.70. Mi Centro HB: (573, 255)
2025-05-19 17:14:36 - enemigo - [DEBUG] - [Enemigo_1] EN RANGO AGRO. Input IA (vel): (-51.10, 47.84)
2025-05-19 17:14:36 - enemigo - [DEBUG] - [Enemigo_1] Pos flotante (post-IA y delta): (559.1314, 245.8134)
2025-05-19 17:14:36 - enemigo - [DEBUG] - [Enemigo_1] Solicita movimiento a CH (deltas enteros): dx_int=-1, dy_int=1. HB Actual: (560, 245) (Flotantes totales: dx=-0.8686, dy=0.8134)
2025-05-19 17:14:36 - enemigo - [DEBUG] - [Enemigo_1] Inicia _mover_y_colisionar_con_obstaculos. dx_int=-1, dy_int=1. HB Actual: (560, 245)
2025-05-19 17:14:36 - enemigo - [DEBUG] - [Enemigo_1] Hitbox recentrado (enemigo): (572, 256) (Rect center: (572, 256))
2025-05-19 17:14:36 - enemigo - [DEBUG] - [Enemigo_1] _mover_y_colisionar: HB Antes CH: (560,245), HB Despues CH y Sinc: (559,246), Rect: (556, 243), PosFlotante: (559.00,246.00)
2025-05-19 17:14:36 - enemigo - [DEBUG] - [Enemigo_1] Posición DESPUÉS de mov/col: HB (559, 246), Rect (556, 243), Flot (559.00, 246.00)
2025-05-19 17:14:36 - enemigo - [DEBUG] - [Enemigo_1] --- Inicio Update IA --- Delta: 0.0160s. Pos ANTES: HB (559, 246), Rect (556, 243), Flot (559.00, 246.00)
2025-05-19 17:14:36 - enemigo - [DEBUG] - [Enemigo_1] Target (centro (467, 354)), Dist: 143.63. Mi Centro HB: (572, 256)
2025-05-19 17:14:36 - enemigo - [DEBUG] - [Enemigo_1] EN RANGO AGRO. Input IA (vel): (-51.17, 47.76)
2025-05-19 17:14:36 - enemigo - [DEBUG] - [Enemigo_1] Pos flotante (post-IA y delta): (558.1812, 246.7642)
2025-05-19 17:14:36 - enemigo - [DEBUG] - [Enemigo_1] Solicita movimiento a CH (deltas enteros): dx_int=-1, dy_int=1. HB Actual: (559, 246) (Flotantes totales: dx=-0.8188, dy=0.7642)
2025-05-19 17:14:36 - enemigo - [DEBUG] - [Enemigo_1] Inicia _mover_y_colisionar_con_obstaculos. dx_int=-1, dy_int=1. HB Actual: (559, 246)
2025-05-19 17:14:36 - enemigo - [DEBUG] - [Enemigo_1] Hitbox recentrado (enemigo): (571, 257) (Rect center: (571, 257))
2025-05-19 17:14:36 - enemigo - [DEBUG] - [Enemigo_1] _mover_y_colisionar: HB Antes CH: (559,246), HB Despues CH y Sinc: (558,247), Rect: (555, 244), PosFlotante: (558.00,247.00)
2025-05-19 17:14:36 - enemigo - [DEBUG] - [Enemigo_1] Posición DESPUÉS de mov/col: HB (558, 247), Rect (555, 244), Flot (558.00, 247.00)
2025-05-19 17:14:36 - enemigo - [DEBUG] - [Enemigo_1] --- Inicio Update IA --- Delta: 0.0170s. Pos ANTES: HB (558, 247), Rect (555, 244), Flot (558.00, 247.00)
2025-05-19 17:14:36 - enemigo - [DEBUG] - [Enemigo_1] Target (centro (470, 351)), Dist: 137.97. Mi Centro HB: (571, 257)
2025-05-19 17:14:36 - enemigo - [DEBUG] - [Enemigo_1] EN RANGO AGRO. Input IA (vel): (-51.24, 47.69)
2025-05-19 17:14:36 - enemigo - [DEBUG] - [Enemigo_1] Pos flotante (post-IA y delta): (557.1289, 247.8107)
2025-05-19 17:14:36 - enemigo - [DEBUG] - [Enemigo_1] Solicita movimiento a CH (deltas enteros): dx_int=-1, dy_int=1. HB Actual: (558, 247) (Flotantes totales: dx=-0.8711, dy=0.8107)
2025-05-19 17:14:36 - enemigo - [DEBUG] - [Enemigo_1] Inicia _mover_y_colisionar_con_obstaculos. dx_int=-1, dy_int=1. HB Actual: (558, 247)
2025-05-19 17:14:36 - enemigo - [DEBUG] - [Enemigo_1] Hitbox recentrado (enemigo): (570, 258) (Rect center: (570, 258))
2025-05-19 17:14:36 - enemigo - [DEBUG] - [Enemigo_1] _mover_y_colisionar: HB Antes CH: (558,247), HB Despues CH y Sinc: (557,248), Rect: (554, 245), PosFlotante: (557.00,248.00)
2025-05-19 17:14:36 - enemigo - [DEBUG] - [Enemigo_1] Posición DESPUÉS de mov/col: HB (557, 248), Rect (554, 245), Flot (557.00, 248.00)
2025-05-19 17:14:36 - enemigo - [DEBUG] - [Enemigo_1] --- Inicio Update IA --- Delta: 0.0160s. Pos ANTES: HB (557, 248), Rect (554, 245), Flot (557.00, 248.00)
2025-05-19 17:14:36 - enemigo - [DEBUG] - [Enemigo_1] Target (centro (474, 347)), Dist: 130.91. Mi Centro HB: (570, 258)
2025-05-19 17:14:36 - enemigo - [DEBUG] - [Enemigo_1] EN RANGO AGRO. Input IA (vel): (-51.33, 47.59)
2025-05-19 17:14:36 - enemigo - [DEBUG] - [Enemigo_1] Pos flotante (post-IA y delta): (556.1787, 248.7614)
2025-05-19 17:14:36 - enemigo - [DEBUG] - [Enemigo_1] Solicita movimiento a CH (deltas enteros): dx_int=-1, dy_int=1. HB Actual: (557, 248) (Flotantes totales: dx=-0.8213, dy=0.7614)
2025-05-19 17:14:36 - enemigo - [DEBUG] - [Enemigo_1] Inicia _mover_y_colisionar_con_obstaculos. dx_int=-1, dy_int=1. HB Actual: (557, 248)
2025-05-19 17:14:36 - enemigo - [DEBUG] - [Enemigo_1] Hitbox recentrado (enemigo): (569, 259) (Rect center: (569, 259))
2025-05-19 17:14:36 - enemigo - [DEBUG] - [Enemigo_1] _mover_y_colisionar: HB Antes CH: (557,248), HB Despues CH y Sinc: (556,249), Rect: (553, 246), PosFlotante: (556.00,249.00)
2025-05-19 17:14:36 - enemigo - [DEBUG] - [Enemigo_1] Posición DESPUÉS de mov/col: HB (556, 249), Rect (553, 246), Flot (556.00, 249.00)
2025-05-19 17:14:36 - enemigo - [DEBUG] - [Enemigo_1] --- Inicio Update IA --- Delta: 0.0170s. Pos ANTES: HB (556, 249), Rect (553, 246), Flot (556.00, 249.00)
2025-05-19 17:14:36 - enemigo - [DEBUG] - [Enemigo_1] Target (centro (477, 344)), Dist: 125.26. Mi Centro HB: (569, 259)
2025-05-19 17:14:36 - enemigo - [DEBUG] - [Enemigo_1] EN RANGO AGRO. Input IA (vel): (-51.41, 47.50)
2025-05-19 17:14:36 - enemigo - [DEBUG] - [Enemigo_1] Pos flotante (post-IA y delta): (555.1259, 249.8075)
2025-05-19 17:14:36 - enemigo - [DEBUG] - [Enemigo_1] Solicita movimiento a CH (deltas enteros): dx_int=-1, dy_int=1. HB Actual: (556, 249) (Flotantes totales: dx=-0.8741, dy=0.8075)
2025-05-19 17:14:36 - enemigo - [DEBUG] - [Enemigo_1] Inicia _mover_y_colisionar_con_obstaculos. dx_int=-1, dy_int=1. HB Actual: (556, 249)
2025-05-19 17:14:36 - enemigo - [DEBUG] - [Enemigo_1] Hitbox recentrado (enemigo): (568, 260) (Rect center: (568, 260))
2025-05-19 17:14:36 - enemigo - [DEBUG] - [Enemigo_1] _mover_y_colisionar: HB Antes CH: (556,249), HB Despues CH y Sinc: (555,250), Rect: (552, 247), PosFlotante: (555.00,250.00)
2025-05-19 17:14:36 - enemigo - [DEBUG] - [Enemigo_1] Posición DESPUÉS de mov/col: HB (555, 250), Rect (552, 247), Flot (555.00, 250.00)
2025-05-19 17:14:36 - enemigo - [DEBUG] - [Enemigo_1] --- Inicio Update IA --- Delta: 0.0170s. Pos ANTES: HB (555, 250), Rect (552, 247), Flot (555.00, 250.00)
2025-05-19 17:14:36 - enemigo - [DEBUG] - [Enemigo_1] Target (centro (481, 340)), Dist: 118.19. Mi Centro HB: (568, 260)
2025-05-19 17:14:36 - enemigo - [DEBUG] - [Enemigo_1] EN RANGO AGRO. Input IA (vel): (-51.53, 47.38)
2025-05-19 17:14:36 - enemigo - [DEBUG] - [Enemigo_1] Pos flotante (post-IA y delta): (554.1240, 250.8055)
2025-05-19 17:14:36 - enemigo - [DEBUG] - [Enemigo_1] Solicita movimiento a CH (deltas enteros): dx_int=-1, dy_int=1. HB Actual: (555, 250) (Flotantes totales: dx=-0.8760, dy=0.8055)
2025-05-19 17:14:36 - enemigo - [DEBUG] - [Enemigo_1] Inicia _mover_y_colisionar_con_obstaculos. dx_int=-1, dy_int=1. HB Actual: (555, 250)
2025-05-19 17:14:36 - enemigo - [DEBUG] - [Enemigo_1] Hitbox recentrado (enemigo): (567, 261) (Rect center: (567, 261))
2025-05-19 17:14:36 - enemigo - [DEBUG] - [Enemigo_1] _mover_y_colisionar: HB Antes CH: (555,250), HB Despues CH y Sinc: (554,251), Rect: (551, 248), PosFlotante: (554.00,251.00)
2025-05-19 17:14:36 - enemigo - [DEBUG] - [Enemigo_1] Posición DESPUÉS de mov/col: HB (554, 251), Rect (551, 248), Flot (554.00, 251.00)
2025-05-19 17:14:36 - enemigo - [DEBUG] - [Enemigo_1] --- Inicio Update IA --- Delta: 0.0160s. Pos ANTES: HB (554, 251), Rect (551, 248), Flot (554.00, 251.00)
2025-05-19 17:14:36 - enemigo - [DEBUG] - [Enemigo_1] Target (centro (485, 336)), Dist: 111.13. Mi Centro HB: (567, 261)
2025-05-19 17:14:36 - enemigo - [DEBUG] - [Enemigo_1] EN RANGO AGRO. Input IA (vel): (-51.65, 47.24)
2025-05-19 17:14:36 - enemigo - [DEBUG] - [Enemigo_1] Pos flotante (post-IA y delta): (553.1736, 251.7559)
2025-05-19 17:14:36 - enemigo - [DEBUG] - [Enemigo_1] Solicita movimiento a CH (deltas enteros): dx_int=-1, dy_int=1. HB Actual: (554, 251) (Flotantes totales: dx=-0.8264, dy=0.7559)
2025-05-19 17:14:36 - enemigo - [DEBUG] - [Enemigo_1] Inicia _mover_y_colisionar_con_obstaculos. dx_int=-1, dy_int=1. HB Actual: (554, 251)
2025-05-19 17:14:36 - enemigo - [DEBUG] - [Enemigo_1] Hitbox recentrado (enemigo): (566, 262) (Rect center: (566, 262))
2025-05-19 17:14:36 - enemigo - [DEBUG] - [Enemigo_1] _mover_y_colisionar: HB Antes CH: (554,251), HB Despues CH y Sinc: (553,252), Rect: (550, 249), PosFlotante: (553.00,252.00)
2025-05-19 17:14:36 - enemigo - [DEBUG] - [Enemigo_1] Posición DESPUÉS de mov/col: HB (553, 252), Rect (550, 249), Flot (553.00, 252.00)
2025-05-19 17:14:36 - enemigo - [DEBUG] - [Enemigo_1] --- Inicio Update IA --- Delta: 0.0170s. Pos ANTES: HB (553, 252), Rect (550, 249), Flot (553.00, 252.00)
2025-05-19 17:14:36 - enemigo - [DEBUG] - [Enemigo_1] Target (centro (488, 333)), Dist: 105.48. Mi Centro HB: (566, 262)
2025-05-19 17:14:36 - enemigo - [DEBUG] - [Enemigo_1] EN RANGO AGRO. Input IA (vel): (-51.77, 47.12)
2025-05-19 17:14:36 - enemigo - [DEBUG] - [Enemigo_1] Pos flotante (post-IA y delta): (552.1200, 252.8010)
2025-05-19 17:14:36 - enemigo - [DEBUG] - [Enemigo_1] Solicita movimiento a CH (deltas enteros): dx_int=-1, dy_int=1. HB Actual: (553, 252) (Flotantes totales: dx=-0.8800, dy=0.8010)
2025-05-19 17:14:36 - enemigo - [DEBUG] - [Enemigo_1] Inicia _mover_y_colisionar_con_obstaculos. dx_int=-1, dy_int=1. HB Actual: (553, 252)
2025-05-19 17:14:36 - enemigo - [DEBUG] - [Enemigo_1] Hitbox recentrado (enemigo): (565, 263) (Rect center: (565, 263))
2025-05-19 17:14:36 - enemigo - [DEBUG] - [Enemigo_1] _mover_y_colisionar: HB Antes CH: (553,252), HB Despues CH y Sinc: (552,253), Rect: (549, 250), PosFlotante: (552.00,253.00)
2025-05-19 17:14:36 - enemigo - [DEBUG] - [Enemigo_1] Posición DESPUÉS de mov/col: HB (552, 253), Rect (549, 250), Flot (552.00, 253.00)
2025-05-19 17:14:36 - enemigo - [DEBUG] - [Enemigo_1] --- Inicio Update IA --- Delta: 0.0170s. Pos ANTES: HB (552, 253), Rect (549, 250), Flot (552.00, 253.00)
2025-05-19 17:14:36 - enemigo - [DEBUG] - [Enemigo_1] Target (centro (492, 329)), Dist: 98.41. Mi Centro HB: (565, 263)
2025-05-19 17:14:36 - enemigo - [DEBUG] - [Enemigo_1] EN RANGO AGRO. Input IA (vel): (-51.92, 46.95)
2025-05-19 17:14:36 - enemigo - [DEBUG] - [Enemigo_1] Pos flotante (post-IA y delta): (551.1173, 253.7981)
2025-05-19 17:14:36 - enemigo - [DEBUG] - [Enemigo_1] Solicita movimiento a CH (deltas enteros): dx_int=-1, dy_int=1. HB Actual: (552, 253) (Flotantes totales: dx=-0.8827, dy=0.7981)
2025-05-19 17:14:36 - enemigo - [DEBUG] - [Enemigo_1] Inicia _mover_y_colisionar_con_obstaculos. dx_int=-1, dy_int=1. HB Actual: (552, 253)
2025-05-19 17:14:36 - enemigo - [DEBUG] - [Enemigo_1] Hitbox recentrado (enemigo): (564, 264) (Rect center: (564, 264))
2025-05-19 17:14:36 - enemigo - [DEBUG] - [Enemigo_1] _mover_y_colisionar: HB Antes CH: (552,253), HB Despues CH y Sinc: (551,254), Rect: (548, 251), PosFlotante: (551.00,254.00)
2025-05-19 17:14:36 - enemigo - [DEBUG] - [Enemigo_1] Posición DESPUÉS de mov/col: HB (551, 254), Rect (548, 251), Flot (551.00, 254.00)
2025-05-19 17:14:36 - enemigo - [DEBUG] - [Enemigo_1] --- Inicio Update IA --- Delta: 0.0170s. Pos ANTES: HB (551, 254), Rect (548, 251), Flot (551.00, 254.00)
2025-05-19 17:14:36 - enemigo - [DEBUG] - [Enemigo_1] Target (centro (493, 325)), Dist: 93.61. Mi Centro HB: (564, 264)
2025-05-19 17:14:36 - enemigo - [DEBUG] - [Enemigo_1] EN RANGO AGRO. Input IA (vel): (-53.10, 45.62)
2025-05-19 17:14:36 - enemigo - [DEBUG] - [Enemigo_1] Pos flotante (post-IA y delta): (550.0974, 254.7755)
2025-05-19 17:14:36 - enemigo - [DEBUG] - [Enemigo_1] Solicita movimiento a CH (deltas enteros): dx_int=-1, dy_int=1. HB Actual: (551, 254) (Flotantes totales: dx=-0.9026, dy=0.7755)
2025-05-19 17:14:36 - enemigo - [DEBUG] - [Enemigo_1] Inicia _mover_y_colisionar_con_obstaculos. dx_int=-1, dy_int=1. HB Actual: (551, 254)
2025-05-19 17:14:36 - enemigo - [DEBUG] - [Enemigo_1] Hitbox recentrado (enemigo): (563, 265) (Rect center: (563, 265))
2025-05-19 17:14:36 - enemigo - [DEBUG] - [Enemigo_1] _mover_y_colisionar: HB Antes CH: (551,254), HB Despues CH y Sinc: (550,255), Rect: (547, 252), PosFlotante: (550.00,255.00)
2025-05-19 17:14:36 - enemigo - [DEBUG] - [Enemigo_1] Posición DESPUÉS de mov/col: HB (550, 255), Rect (547, 252), Flot (550.00, 255.00)
2025-05-19 17:14:36 - enemigo - [DEBUG] - [Enemigo_1] --- Inicio Update IA --- Delta: 0.0170s. Pos ANTES: HB (550, 255), Rect (547, 252), Flot (550.00, 255.00)
2025-05-19 17:14:36 - enemigo - [DEBUG] - [Enemigo_1] Target (centro (493, 321)), Dist: 89.64. Mi Centro HB: (563, 265)
2025-05-19 17:14:36 - enemigo - [DEBUG] - [Enemigo_1] EN RANGO AGRO. Input IA (vel): (-54.66, 43.73)
2025-05-19 17:14:36 - enemigo - [DEBUG] - [Enemigo_1] Pos flotante (post-IA y delta): (549.0708, 255.7434)
2025-05-19 17:14:36 - enemigo - [DEBUG] - [Enemigo_1] Solicita movimiento a CH (deltas enteros): dx_int=-1, dy_int=1. HB Actual: (550, 255) (Flotantes totales: dx=-0.9292, dy=0.7434)
2025-05-19 17:14:36 - enemigo - [DEBUG] - [Enemigo_1] Inicia _mover_y_colisionar_con_obstaculos. dx_int=-1, dy_int=1. HB Actual: (550, 255)
2025-05-19 17:14:36 - enemigo - [DEBUG] - [Enemigo_1] Hitbox recentrado (enemigo): (562, 266) (Rect center: (562, 266))
2025-05-19 17:14:36 - enemigo - [DEBUG] - [Enemigo_1] _mover_y_colisionar: HB Antes CH: (550,255), HB Despues CH y Sinc: (549,256), Rect: (546, 253), PosFlotante: (549.00,256.00)
2025-05-19 17:14:36 - enemigo - [DEBUG] - [Enemigo_1] Posición DESPUÉS de mov/col: HB (549, 256), Rect (546, 253), Flot (549.00, 256.00)
2025-05-19 17:14:36 - enemigo - [DEBUG] - [Enemigo_1] --- Inicio Update IA --- Delta: 0.0170s. Pos ANTES: HB (549, 256), Rect (546, 253), Flot (549.00, 256.00)
2025-05-19 17:14:36 - enemigo - [DEBUG] - [Enemigo_1] Target (centro (493, 317)), Dist: 85.80. Mi Centro HB: (562, 266)
2025-05-19 17:14:36 - enemigo - [DEBUG] - [Enemigo_1] EN RANGO AGRO. Input IA (vel): (-56.29, 41.61)
2025-05-19 17:14:36 - enemigo - [DEBUG] - [Enemigo_1] Pos flotante (post-IA y delta): (548.0430, 256.7073)
2025-05-19 17:14:36 - enemigo - [DEBUG] - [Enemigo_1] Solicita movimiento a CH (deltas enteros): dx_int=-1, dy_int=1. HB Actual: (549, 256) (Flotantes totales: dx=-0.9570, dy=0.7073)
2025-05-19 17:14:36 - enemigo - [DEBUG] - [Enemigo_1] Inicia _mover_y_colisionar_con_obstaculos. dx_int=-1, dy_int=1. HB Actual: (549, 256)
2025-05-19 17:14:36 - enemigo - [DEBUG] - [Enemigo_1] Hitbox recentrado (enemigo): (561, 267) (Rect center: (561, 267))
2025-05-19 17:14:36 - enemigo - [DEBUG] - [Enemigo_1] _mover_y_colisionar: HB Antes CH: (549,256), HB Despues CH y Sinc: (548,257), Rect: (545, 254), PosFlotante: (548.00,257.00)
2025-05-19 17:14:36 - enemigo - [DEBUG] - [Enemigo_1] Posición DESPUÉS de mov/col: HB (548, 257), Rect (545, 254), Flot (548.00, 257.00)
2025-05-19 17:14:36 - enemigo - [DEBUG] - [Enemigo_1] --- Inicio Update IA --- Delta: 0.0160s. Pos ANTES: HB (548, 257), Rect (545, 254), Flot (548.00, 257.00)
2025-05-19 17:14:36 - enemigo - [DEBUG] - [Enemigo_1] Target (centro (493, 313)), Dist: 82.10. Mi Centro HB: (561, 267)
2025-05-19 17:14:36 - enemigo - [DEBUG] - [Enemigo_1] EN RANGO AGRO. Input IA (vel): (-57.98, 39.22)
2025-05-19 17:14:36 - enemigo - [DEBUG] - [Enemigo_1] Pos flotante (post-IA y delta): (547.0723, 257.6275)
2025-05-19 17:14:36 - enemigo - [DEBUG] - [Enemigo_1] Solicita movimiento a CH (deltas enteros): dx_int=-1, dy_int=1. HB Actual: (548, 257) (Flotantes totales: dx=-0.9277, dy=0.6275)
2025-05-19 17:14:36 - enemigo - [DEBUG] - [Enemigo_1] Inicia _mover_y_colisionar_con_obstaculos. dx_int=-1, dy_int=1. HB Actual: (548, 257)
2025-05-19 17:14:36 - enemigo - [DEBUG] - [Enemigo_1] Hitbox recentrado (enemigo): (560, 268) (Rect center: (560, 268))
2025-05-19 17:14:36 - enemigo - [DEBUG] - [Enemigo_1] _mover_y_colisionar: HB Antes CH: (548,257), HB Despues CH y Sinc: (547,258), Rect: (544, 255), PosFlotante: (547.00,258.00)
2025-05-19 17:14:36 - enemigo - [DEBUG] - [Enemigo_1] Posición DESPUÉS de mov/col: HB (547, 258), Rect (544, 255), Flot (547.00, 258.00)
2025-05-19 17:14:36 - enemigo - [DEBUG] - [Enemigo_1] --- Inicio Update IA --- Delta: 0.0160s. Pos ANTES: HB (547, 258), Rect (544, 255), Flot (547.00, 258.00)
2025-05-19 17:14:36 - enemigo - [DEBUG] - [Enemigo_1] Target (centro (493, 310)), Dist: 79.08. Mi Centro HB: (560, 268)
2025-05-19 17:14:36 - enemigo - [DEBUG] - [Enemigo_1] EN RANGO AGRO. Input IA (vel): (-59.31, 37.18)
2025-05-19 17:14:36 - enemigo - [DEBUG] - [Enemigo_1] Pos flotante (post-IA y delta): (546.0510, 258.5949)
2025-05-19 17:14:36 - enemigo - [DEBUG] - [Enemigo_1] Solicita movimiento a CH (deltas enteros): dx_int=-1, dy_int=1. HB Actual: (547, 258) (Flotantes totales: dx=-0.9490, dy=0.5949)
2025-05-19 17:14:36 - enemigo - [DEBUG] - [Enemigo_1] Inicia _mover_y_colisionar_con_obstaculos. dx_int=-1, dy_int=1. HB Actual: (547, 258)
2025-05-19 17:14:36 - enemigo - [DEBUG] - [Enemigo_1] Hitbox recentrado (enemigo): (559, 269) (Rect center: (559, 269))
2025-05-19 17:14:36 - enemigo - [DEBUG] - [Enemigo_1] _mover_y_colisionar: HB Antes CH: (547,258), HB Despues CH y Sinc: (546,259), Rect: (543, 256), PosFlotante: (546.00,259.00)
2025-05-19 17:14:36 - enemigo - [DEBUG] - [Enemigo_1] Posición DESPUÉS de mov/col: HB (546, 259), Rect (543, 256), Flot (546.00, 259.00)
2025-05-19 17:14:36 - enemigo - [DEBUG] - [Enemigo_1] --- Inicio Update IA --- Delta: 0.0170s. Pos ANTES: HB (546, 259), Rect (543, 256), Flot (546.00, 259.00)
2025-05-19 17:14:36 - enemigo - [DEBUG] - [Enemigo_1] Target (centro (493, 307)), Dist: 76.16. Mi Centro HB: (559, 269)
2025-05-19 17:14:36 - enemigo - [DEBUG] - [Enemigo_1] EN RANGO AGRO. Input IA (vel): (-60.66, 34.93)
2025-05-19 17:14:36 - enemigo - [DEBUG] - [Enemigo_1] Pos flotante (post-IA y delta): (544.9687, 259.5938)
2025-05-19 17:14:36 - enemigo - [DEBUG] - [Enemigo_1] Solicita movimiento a CH (deltas enteros): dx_int=-2, dy_int=1. HB Actual: (546, 259) (Flotantes totales: dx=-1.0313, dy=0.5938)
2025-05-19 17:14:36 - enemigo - [DEBUG] - [Enemigo_1] Inicia _mover_y_colisionar_con_obstaculos. dx_int=-2, dy_int=1. HB Actual: (546, 259)
2025-05-19 17:14:36 - enemigo - [DEBUG] - [Enemigo_1] Hitbox recentrado (enemigo): (557, 270) (Rect center: (557, 270))
2025-05-19 17:14:36 - enemigo - [DEBUG] - [Enemigo_1] _mover_y_colisionar: HB Antes CH: (546,259), HB Despues CH y Sinc: (544,260), Rect: (541, 257), PosFlotante: (544.00,260.00)
2025-05-19 17:14:36 - enemigo - [DEBUG] - [Enemigo_1] Posición DESPUÉS de mov/col: HB (544, 260), Rect (541, 257), Flot (544.00, 260.00)
2025-05-19 17:14:36 - enemigo - [DEBUG] - [Enemigo_1] --- Inicio Update IA --- Delta: 0.0170s. Pos ANTES: HB (544, 260), Rect (541, 257), Flot (544.00, 260.00)
2025-05-19 17:14:36 - enemigo - [DEBUG] - [Enemigo_1] Target (centro (493, 303)), Dist: 72.01. Mi Centro HB: (557, 270)
2025-05-19 17:14:36 - enemigo - [DEBUG] - [Enemigo_1] EN RANGO AGRO. Input IA (vel): (-62.22, 32.08)
2025-05-19 17:14:36 - enemigo - [DEBUG] - [Enemigo_1] Pos flotante (post-IA y delta): (542.9423, 260.5454)
2025-05-19 17:14:36 - enemigo - [DEBUG] - [Enemigo_1] Solicita movimiento a CH (deltas enteros): dx_int=-2, dy_int=1. HB Actual: (544, 260) (Flotantes totales: dx=-1.0577, dy=0.5454)
2025-05-19 17:14:36 - enemigo - [DEBUG] - [Enemigo_1] Inicia _mover_y_colisionar_con_obstaculos. dx_int=-2, dy_int=1. HB Actual: (544, 260)
2025-05-19 17:14:36 - enemigo - [DEBUG] - [Enemigo_1] Hitbox recentrado (enemigo): (555, 271) (Rect center: (555, 271))
2025-05-19 17:14:36 - enemigo - [DEBUG] - [Enemigo_1] _mover_y_colisionar: HB Antes CH: (544,260), HB Despues CH y Sinc: (542,261), Rect: (539, 258), PosFlotante: (542.00,261.00)
2025-05-19 17:14:36 - enemigo - [DEBUG] - [Enemigo_1] Posición DESPUÉS de mov/col: HB (542, 261), Rect (539, 258), Flot (542.00, 261.00)
2025-05-19 17:14:36 - enemigo - [DEBUG] - [Enemigo_1] --- Inicio Update IA --- Delta: 0.0170s. Pos ANTES: HB (542, 261), Rect (539, 258), Flot (542.00, 261.00)
2025-05-19 17:14:36 - enemigo - [DEBUG] - [Enemigo_1] Target (centro (493, 299)), Dist: 68.03. Mi Centro HB: (555, 271)
2025-05-19 17:14:36 - enemigo - [DEBUG] - [Enemigo_1] EN RANGO AGRO. Input IA (vel): (-63.80, 28.81)
2025-05-19 17:14:36 - enemigo - [DEBUG] - [Enemigo_1] Pos flotante (post-IA y delta): (540.9155, 261.4898)
2025-05-19 17:14:36 - enemigo - [DEBUG] - [Enemigo_1] Solicita movimiento a CH (deltas enteros): dx_int=-2, dy_int=1. HB Actual: (542, 261) (Flotantes totales: dx=-1.0845, dy=0.4898)
2025-05-19 17:14:36 - enemigo - [DEBUG] - [Enemigo_1] Inicia _mover_y_colisionar_con_obstaculos. dx_int=-2, dy_int=1. HB Actual: (542, 261)
2025-05-19 17:14:36 - enemigo - [DEBUG] - [Enemigo_1] Hitbox recentrado (enemigo): (553, 272) (Rect center: (553, 272))
2025-05-19 17:14:36 - enemigo - [DEBUG] - [Enemigo_1] _mover_y_colisionar: HB Antes CH: (542,261), HB Despues CH y Sinc: (540,262), Rect: (537, 259), PosFlotante: (540.00,262.00)
2025-05-19 17:14:36 - enemigo - [DEBUG] - [Enemigo_1] Posición DESPUÉS de mov/col: HB (540, 262), Rect (537, 259), Flot (540.00, 262.00)
2025-05-19 17:14:36 - enemigo - [DEBUG] - [Enemigo_1] --- Inicio Update IA --- Delta: 0.0170s. Pos ANTES: HB (540, 262), Rect (537, 259), Flot (540.00, 262.00)
2025-05-19 17:14:36 - enemigo - [DEBUG] - [Enemigo_1] Target (centro (497, 295)), Dist: 60.54. Mi Centro HB: (553, 272)
2025-05-19 17:14:36 - enemigo - [DEBUG] - [Enemigo_1] EN RANGO AGRO. Input IA (vel): (-64.75, 26.59)
2025-05-19 17:14:36 - enemigo - [DEBUG] - [Enemigo_1] Pos flotante (post-IA y delta): (538.8992, 262.4521)
2025-05-19 17:14:36 - enemigo - [DEBUG] - [Enemigo_1] Solicita movimiento a CH (deltas enteros): dx_int=-2, dy_int=1. HB Actual: (540, 262) (Flotantes totales: dx=-1.1008, dy=0.4521)
2025-05-19 17:14:36 - enemigo - [DEBUG] - [Enemigo_1] Inicia _mover_y_colisionar_con_obstaculos. dx_int=-2, dy_int=1. HB Actual: (540, 262)
2025-05-19 17:14:36 - enemigo - [DEBUG] - [Enemigo_1] Hitbox recentrado (enemigo): (551, 273) (Rect center: (551, 273))
2025-05-19 17:14:36 - enemigo - [DEBUG] - [Enemigo_1] _mover_y_colisionar: HB Antes CH: (540,262), HB Despues CH y Sinc: (538,263), Rect: (535, 260), PosFlotante: (538.00,263.00)
2025-05-19 17:14:36 - enemigo - [DEBUG] - [Enemigo_1] Posición DESPUÉS de mov/col: HB (538, 263), Rect (535, 260), Flot (538.00, 263.00)
2025-05-19 17:14:36 - enemigo - [DEBUG] - [Enemigo_1] --- Inicio Update IA --- Delta: 0.0170s. Pos ANTES: HB (538, 263), Rect (535, 260), Flot (538.00, 263.00)
2025-05-19 17:14:36 - enemigo - [DEBUG] - [Enemigo_1] Target (centro (501, 291)), Dist: 53.14. Mi Centro HB: (551, 273)
2025-05-19 17:14:36 - enemigo - [DEBUG] - [Enemigo_1] EN RANGO AGRO. Input IA (vel): (-65.86, 23.71)
2025-05-19 17:14:36 - enemigo - [DEBUG] - [Enemigo_1] Pos flotante (post-IA y delta): (536.8803, 263.4031)
2025-05-19 17:14:36 - enemigo - [DEBUG] - [Enemigo_1] Solicita movimiento a CH (deltas enteros): dx_int=-2, dy_int=1. HB Actual: (538, 263) (Flotantes totales: dx=-1.1197, dy=0.4031)
2025-05-19 17:14:36 - enemigo - [DEBUG] - [Enemigo_1] Inicia _mover_y_colisionar_con_obstaculos. dx_int=-2, dy_int=1. HB Actual: (538, 263)
2025-05-19 17:14:36 - enemigo - [DEBUG] - [Enemigo_1] Hitbox recentrado (enemigo): (549, 274) (Rect center: (549, 274))
2025-05-19 17:14:36 - enemigo - [DEBUG] - [Enemigo_1] _mover_y_colisionar: HB Antes CH: (538,263), HB Despues CH y Sinc: (536,264), Rect: (533, 261), PosFlotante: (536.00,264.00)
2025-05-19 17:14:36 - enemigo - [DEBUG] - [Enemigo_1] Posición DESPUÉS de mov/col: HB (536, 264), Rect (533, 261), Flot (536.00, 264.00)
2025-05-19 17:14:36 - enemigo - [DEBUG] - [Enemigo_1] --- Inicio Update IA --- Delta: 0.0160s. Pos ANTES: HB (536, 264), Rect (533, 261), Flot (536.00, 264.00)
2025-05-19 17:14:36 - enemigo - [DEBUG] - [Enemigo_1] Target (centro (505, 287)), Dist: 45.88. Mi Centro HB: (549, 274)
2025-05-19 17:14:36 - enemigo - [DEBUG] - [Enemigo_1] EN RANGO AGRO. Input IA (vel): (-67.13, 19.83)
2025-05-19 17:14:36 - enemigo - [DEBUG] - [Enemigo_1] Pos flotante (post-IA y delta): (534.9259, 264.3173)
2025-05-19 17:14:36 - enemigo - [DEBUG] - [Enemigo_1] Solicita movimiento a CH (deltas enteros): dx_int=-2, dy_int=1. HB Actual: (536, 264) (Flotantes totales: dx=-1.0741, dy=0.3173)
2025-05-19 17:14:36 - enemigo - [DEBUG] - [Enemigo_1] Inicia _mover_y_colisionar_con_obstaculos. dx_int=-2, dy_int=1. HB Actual: (536, 264)
2025-05-19 17:14:36 - enemigo - [DEBUG] - [Enemigo_1] Hitbox recentrado (enemigo): (547, 275) (Rect center: (547, 275))
2025-05-19 17:14:36 - enemigo - [DEBUG] - [Enemigo_1] _mover_y_colisionar: HB Antes CH: (536,264), HB Despues CH y Sinc: (534,265), Rect: (531, 262), PosFlotante: (534.00,265.00)
2025-05-19 17:14:36 - enemigo - [DEBUG] - [Enemigo_1] Posición DESPUÉS de mov/col: HB (534, 265), Rect (531, 262), Flot (534.00, 265.00)
2025-05-19 17:14:36 - enemigo - [DEBUG] - [Enemigo_1] --- Inicio Update IA --- Delta: 0.0160s. Pos ANTES: HB (534, 265), Rect (531, 262), Flot (534.00, 265.00)
2025-05-19 17:14:36 - enemigo - [DEBUG] - [Enemigo_1] Target (centro (508, 284)), Dist: 40.02. Mi Centro HB: (547, 275)
2025-05-19 17:14:36 - enemigo - [DEBUG] - [Enemigo_1] EN RANGO AGRO. Input IA (vel): (-68.21, 15.74)
2025-05-19 17:14:36 - enemigo - [DEBUG] - [Enemigo_1] Pos flotante (post-IA y delta): (532.9087, 265.2518)
2025-05-19 17:14:36 - enemigo - [DEBUG] - [Enemigo_1] Solicita movimiento a CH (deltas enteros): dx_int=-2, dy_int=1. HB Actual: (534, 265) (Flotantes totales: dx=-1.0913, dy=0.2518)
2025-05-19 17:14:36 - enemigo - [DEBUG] - [Enemigo_1] Inicia _mover_y_colisionar_con_obstaculos. dx_int=-2, dy_int=1. HB Actual: (534, 265)
2025-05-19 17:14:36 - enemigo - [DEBUG] - [Enemigo_1] Hitbox recentrado (enemigo): (545, 276) (Rect center: (545, 276))
2025-05-19 17:14:36 - enemigo - [DEBUG] - [Enemigo_1] _mover_y_colisionar: HB Antes CH: (534,265), HB Despues CH y Sinc: (532,266), Rect: (529, 263), PosFlotante: (532.00,266.00)
2025-05-19 17:14:36 - enemigo - [DEBUG] - [Enemigo_1] Posición DESPUÉS de mov/col: HB (532, 266), Rect (529, 263), Flot (532.00, 266.00)
2025-05-19 17:14:36 - enemigo - [DEBUG] - [Enemigo_1] --- Inicio Update IA --- Delta: 0.0170s. Pos ANTES: HB (532, 266), Rect (529, 263), Flot (532.00, 266.00)
2025-05-19 17:14:36 - enemigo - [DEBUG] - [Enemigo_1] Target (centro (511, 281)), Dist: 34.37. Mi Centro HB: (545, 276)
2025-05-19 17:14:36 - enemigo - [DEBUG] - [Enemigo_1] EN RANGO AGRO. Input IA (vel): (-69.26, 10.18)
2025-05-19 17:14:36 - enemigo - [DEBUG] - [Enemigo_1] Pos flotante (post-IA y delta): (530.8227, 266.1731)
2025-05-19 17:14:36 - enemigo - [DEBUG] - [Enemigo_1] Solicita movimiento a CH (deltas enteros): dx_int=-2, dy_int=1. HB Actual: (532, 266) (Flotantes totales: dx=-1.1773, dy=0.1731)
2025-05-19 17:14:36 - enemigo - [DEBUG] - [Enemigo_1] Inicia _mover_y_colisionar_con_obstaculos. dx_int=-2, dy_int=1. HB Actual: (532, 266)
2025-05-19 17:14:36 - enemigo - [DEBUG] - [Enemigo_1] Hitbox recentrado (enemigo): (543, 277) (Rect center: (543, 277))
2025-05-19 17:14:36 - enemigo - [DEBUG] - [Enemigo_1] _mover_y_colisionar: HB Antes CH: (532,266), HB Despues CH y Sinc: (530,267), Rect: (527, 264), PosFlotante: (530.00,267.00)
2025-05-19 17:14:36 - enemigo - [DEBUG] - [Enemigo_1] Posición DESPUÉS de mov/col: HB (530, 267), Rect (527, 264), Flot (530.00, 267.00)
2025-05-19 17:14:36 - enemigo - [DEBUG] - [Enemigo_1] --- Inicio Update IA --- Delta: 0.0160s. Pos ANTES: HB (530, 267), Rect (527, 264), Flot (530.00, 267.00)
2025-05-19 17:14:36 - enemigo - [DEBUG] - [Enemigo_1] Target (centro (507, 277)), Dist: 36.00. Mi Centro HB: (543, 277)
2025-05-19 17:14:36 - enemigo - [DEBUG] - [Enemigo_1] EN RANGO AGRO. Input IA (vel): (-70.00, 0.00)
2025-05-19 17:14:36 - enemigo - [DEBUG] - [Enemigo_1] Pos flotante (post-IA y delta): (528.8800, 267.0000)
2025-05-19 17:14:36 - enemigo - [DEBUG] - [Enemigo_1] Solicita movimiento a CH (deltas enteros): dx_int=-2, dy_int=0. HB Actual: (530, 267) (Flotantes totales: dx=-1.1200, dy=0.0000)
2025-05-19 17:14:36 - enemigo - [DEBUG] - [Enemigo_1] Inicia _mover_y_colisionar_con_obstaculos. dx_int=-2, dy_int=0. HB Actual: (530, 267)
2025-05-19 17:14:36 - enemigo - [DEBUG] - [Enemigo_1] Hitbox recentrado (enemigo): (541, 277) (Rect center: (541, 277))
2025-05-19 17:14:36 - enemigo - [DEBUG] - [Enemigo_1] _mover_y_colisionar: HB Antes CH: (530,267), HB Despues CH y Sinc: (528,267), Rect: (525, 264), PosFlotante: (528.00,267.00)
2025-05-19 17:14:36 - enemigo - [DEBUG] - [Enemigo_1] Posición DESPUÉS de mov/col: HB (528, 267), Rect (525, 264), Flot (528.00, 267.00)
2025-05-19 17:14:36 - enemigo - [DEBUG] - [Enemigo_1] --- Inicio Update IA --- Delta: 0.0160s. Pos ANTES: HB (528, 267), Rect (525, 264), Flot (528.00, 267.00)
2025-05-19 17:14:36 - enemigo - [DEBUG] - [Enemigo_1] Target (centro (504, 274)), Dist: 37.12. Mi Centro HB: (541, 277)
2025-05-19 17:14:36 - enemigo - [DEBUG] - [Enemigo_1] EN RANGO AGRO. Input IA (vel): (-69.77, -5.66)
2025-05-19 17:14:36 - enemigo - [DEBUG] - [Enemigo_1] Pos flotante (post-IA y delta): (526.8837, 266.9095)
2025-05-19 17:14:36 - enemigo - [DEBUG] - [Enemigo_1] Solicita movimiento a CH (deltas enteros): dx_int=-2, dy_int=-1. HB Actual: (528, 267) (Flotantes totales: dx=-1.1163, dy=-0.0905)
2025-05-19 17:14:36 - enemigo - [DEBUG] - [Enemigo_1] Inicia _mover_y_colisionar_con_obstaculos. dx_int=-2, dy_int=-1. HB Actual: (528, 267)
2025-05-19 17:14:36 - enemigo - [DEBUG] - [Enemigo_1] Hitbox recentrado (enemigo): (539, 276) (Rect center: (539, 276))
2025-05-19 17:14:36 - enemigo - [DEBUG] - [Enemigo_1] _mover_y_colisionar: HB Antes CH: (528,267), HB Despues CH y Sinc: (526,266), Rect: (523, 263), PosFlotante: (526.00,266.00)
2025-05-19 17:14:36 - enemigo - [DEBUG] - [Enemigo_1] Posición DESPUÉS de mov/col: HB (526, 266), Rect (523, 263), Flot (526.00, 266.00)
2025-05-19 17:14:36 - enemigo - [DEBUG] - [Enemigo_1] --- Inicio Update IA --- Delta: 0.0170s. Pos ANTES: HB (526, 266), Rect (523, 263), Flot (526.00, 266.00)
2025-05-19 17:14:36 - enemigo - [DEBUG] - [Enemigo_1] Target (centro (501, 274)), Dist: 38.05. Mi Centro HB: (539, 276)
2025-05-19 17:14:36 - enemigo - [DEBUG] - [Enemigo_1] EN RANGO AGRO. Input IA (vel): (-69.90, -3.68)
2025-05-19 17:14:36 - enemigo - [DEBUG] - [Enemigo_1] Pos flotante (post-IA y delta): (524.8116, 265.9375)
2025-05-19 17:14:36 - enemigo - [DEBUG] - [Enemigo_1] Solicita movimiento a CH (deltas enteros): dx_int=-2, dy_int=-1. HB Actual: (526, 266) (Flotantes totales: dx=-1.1884, dy=-0.0625)
2025-05-19 17:14:36 - enemigo - [DEBUG] - [Enemigo_1] Inicia _mover_y_colisionar_con_obstaculos. dx_int=-2, dy_int=-1. HB Actual: (526, 266)
2025-05-19 17:14:36 - enemigo - [DEBUG] - [Enemigo_1] Hitbox recentrado (enemigo): (537, 275) (Rect center: (537, 275))
2025-05-19 17:14:36 - enemigo - [DEBUG] - [Enemigo_1] _mover_y_colisionar: HB Antes CH: (526,266), HB Despues CH y Sinc: (524,265), Rect: (521, 262), PosFlotante: (524.00,265.00)
2025-05-19 17:14:36 - enemigo - [DEBUG] - [Enemigo_1] Posición DESPUÉS de mov/col: HB (524, 265), Rect (521, 262), Flot (524.00, 265.00)
2025-05-19 17:14:36 - enemigo - [DEBUG] - [Enemigo_1] --- Inicio Update IA --- Delta: 0.0160s. Pos ANTES: HB (524, 265), Rect (521, 262), Flot (524.00, 265.00)
2025-05-19 17:14:36 - enemigo - [DEBUG] - [Enemigo_1] Target (centro (497, 274)), Dist: 40.01. Mi Centro HB: (537, 275)
2025-05-19 17:14:36 - enemigo - [DEBUG] - [Enemigo_1] EN RANGO AGRO. Input IA (vel): (-69.98, -1.75)
2025-05-19 17:14:36 - enemigo - [DEBUG] - [Enemigo_1] Pos flotante (post-IA y delta): (522.8803, 264.9720)
2025-05-19 17:14:36 - enemigo - [DEBUG] - [Enemigo_1] Solicita movimiento a CH (deltas enteros): dx_int=-2, dy_int=-1. HB Actual: (524, 265) (Flotantes totales: dx=-1.1197, dy=-0.0280)
2025-05-19 17:14:36 - enemigo - [DEBUG] - [Enemigo_1] Inicia _mover_y_colisionar_con_obstaculos. dx_int=-2, dy_int=-1. HB Actual: (524, 265)
2025-05-19 17:14:36 - enemigo - [DEBUG] - [Enemigo_1] Hitbox recentrado (enemigo): (535, 274) (Rect center: (535, 274))
2025-05-19 17:14:36 - enemigo - [DEBUG] - [Enemigo_1] _mover_y_colisionar: HB Antes CH: (524,265), HB Despues CH y Sinc: (522,264), Rect: (519, 261), PosFlotante: (522.00,264.00)
2025-05-19 17:14:36 - enemigo - [DEBUG] - [Enemigo_1] Posición DESPUÉS de mov/col: HB (522, 264), Rect (519, 261), Flot (522.00, 264.00)
2025-05-19 17:14:36 - enemigo - [DEBUG] - [Enemigo_1] --- Inicio Update IA --- Delta: 0.0160s. Pos ANTES: HB (522, 264), Rect (519, 261), Flot (522.00, 264.00)
2025-05-19 17:14:36 - enemigo - [DEBUG] - [Enemigo_1] Target (centro (494, 274)), Dist: 41.00. Mi Centro HB: (535, 274)
2025-05-19 17:14:36 - enemigo - [DEBUG] - [Enemigo_1] EN RANGO AGRO. Input IA (vel): (-70.00, 0.00)
2025-05-19 17:14:36 - enemigo - [DEBUG] - [Enemigo_1] Pos flotante (post-IA y delta): (520.8800, 264.0000)
2025-05-19 17:14:36 - enemigo - [DEBUG] - [Enemigo_1] Solicita movimiento a CH (deltas enteros): dx_int=-2, dy_int=0. HB Actual: (522, 264) (Flotantes totales: dx=-1.1200, dy=0.0000)
2025-05-19 17:14:36 - enemigo - [DEBUG] - [Enemigo_1] Inicia _mover_y_colisionar_con_obstaculos. dx_int=-2, dy_int=0. HB Actual: (522, 264)
2025-05-19 17:14:36 - enemigo - [DEBUG] - [Enemigo_1] Hitbox recentrado (enemigo): (533, 274) (Rect center: (533, 274))
2025-05-19 17:14:36 - enemigo - [DEBUG] - [Enemigo_1] _mover_y_colisionar: HB Antes CH: (522,264), HB Despues CH y Sinc: (520,264), Rect: (517, 261), PosFlotante: (520.00,264.00)
2025-05-19 17:14:36 - enemigo - [DEBUG] - [Enemigo_1] Posición DESPUÉS de mov/col: HB (520, 264), Rect (517, 261), Flot (520.00, 264.00)
2025-05-19 17:14:36 - enemigo - [DEBUG] - [Enemigo_1] --- Inicio Update IA --- Delta: 0.0170s. Pos ANTES: HB (520, 264), Rect (517, 261), Flot (520.00, 264.00)
2025-05-19 17:14:36 - enemigo - [DEBUG] - [Enemigo_1] Target (centro (491, 274)), Dist: 42.00. Mi Centro HB: (533, 274)
2025-05-19 17:14:36 - enemigo - [DEBUG] - [Enemigo_1] Pos flotante (post-IA y delta): (518.8100, 264.0000)
2025-05-19 17:14:36 - enemigo - [DEBUG] - [Enemigo_1] Solicita movimiento a CH (deltas enteros): dx_int=-2, dy_int=0. HB Actual: (520, 264) (Flotantes totales: dx=-1.1900, dy=0.0000)
2025-05-19 17:14:36 - enemigo - [DEBUG] - [Enemigo_1] Inicia _mover_y_colisionar_con_obstaculos. dx_int=-2, dy_int=0. HB Actual: (520, 264)
2025-05-19 17:14:36 - enemigo - [DEBUG] - [Enemigo_1] Hitbox recentrado (enemigo): (531, 274) (Rect center: (531, 274))
2025-05-19 17:14:36 - enemigo - [DEBUG] - [Enemigo_1] _mover_y_colisionar: HB Antes CH: (520,264), HB Despues CH y Sinc: (518,264), Rect: (515, 261), PosFlotante: (518.00,264.00)
2025-05-19 17:14:36 - enemigo - [DEBUG] - [Enemigo_1] Posición DESPUÉS de mov/col: HB (518, 264), Rect (515, 261), Flot (518.00, 264.00)
2025-05-19 17:14:36 - enemigo - [DEBUG] - [Enemigo_1] --- Inicio Update IA --- Delta: 0.0160s. Pos ANTES: HB (518, 264), Rect (515, 261), Flot (518.00, 264.00)
2025-05-19 17:14:36 - enemigo - [DEBUG] - [Enemigo_1] Target (centro (487, 274)), Dist: 44.00. Mi Centro HB: (531, 274)
2025-05-19 17:14:36 - enemigo - [DEBUG] - [Enemigo_1] Pos flotante (post-IA y delta): (516.8800, 264.0000)
2025-05-19 17:14:36 - enemigo - [DEBUG] - [Enemigo_1] Solicita movimiento a CH (deltas enteros): dx_int=-2, dy_int=0. HB Actual: (518, 264) (Flotantes totales: dx=-1.1200, dy=0.0000)
2025-05-19 17:14:36 - enemigo - [DEBUG] - [Enemigo_1] Inicia _mover_y_colisionar_con_obstaculos. dx_int=-2, dy_int=0. HB Actual: (518, 264)
2025-05-19 17:14:36 - enemigo - [DEBUG] - [Enemigo_1] Hitbox recentrado (enemigo): (529, 274) (Rect center: (529, 274))
2025-05-19 17:14:36 - enemigo - [DEBUG] - [Enemigo_1] _mover_y_colisionar: HB Antes CH: (518,264), HB Despues CH y Sinc: (516,264), Rect: (513, 261), PosFlotante: (516.00,264.00)
2025-05-19 17:14:36 - enemigo - [DEBUG] - [Enemigo_1] Posición DESPUÉS de mov/col: HB (516, 264), Rect (513, 261), Flot (516.00, 264.00)
2025-05-19 17:14:36 - enemigo - [DEBUG] - [Enemigo_1] --- Inicio Update IA --- Delta: 0.0160s. Pos ANTES: HB (516, 264), Rect (513, 261), Flot (516.00, 264.00)
2025-05-19 17:14:36 - enemigo - [DEBUG] - [Enemigo_1] Target (centro (484, 274)), Dist: 45.00. Mi Centro HB: (529, 274)
2025-05-19 17:14:36 - enemigo - [DEBUG] - [Enemigo_1] Pos flotante (post-IA y delta): (514.8800, 264.0000)
2025-05-19 17:14:36 - enemigo - [DEBUG] - [Enemigo_1] Solicita movimiento a CH (deltas enteros): dx_int=-2, dy_int=0. HB Actual: (516, 264) (Flotantes totales: dx=-1.1200, dy=0.0000)
2025-05-19 17:14:36 - enemigo - [DEBUG] - [Enemigo_1] Inicia _mover_y_colisionar_con_obstaculos. dx_int=-2, dy_int=0. HB Actual: (516, 264)
2025-05-19 17:14:36 - enemigo - [DEBUG] - [Enemigo_1] Hitbox recentrado (enemigo): (527, 274) (Rect center: (527, 274))
2025-05-19 17:14:36 - enemigo - [DEBUG] - [Enemigo_1] _mover_y_colisionar: HB Antes CH: (516,264), HB Despues CH y Sinc: (514,264), Rect: (511, 261), PosFlotante: (514.00,264.00)
2025-05-19 17:14:36 - enemigo - [DEBUG] - [Enemigo_1] Posición DESPUÉS de mov/col: HB (514, 264), Rect (511, 261), Flot (514.00, 264.00)
2025-05-19 17:14:36 - enemigo - [DEBUG] - [Enemigo_1] --- Inicio Update IA --- Delta: 0.0160s. Pos ANTES: HB (514, 264), Rect (511, 261), Flot (514.00, 264.00)
2025-05-19 17:14:36 - enemigo - [DEBUG] - [Enemigo_1] Target (centro (487, 274)), Dist: 40.00. Mi Centro HB: (527, 274)
2025-05-19 17:14:36 - enemigo - [DEBUG] - [Enemigo_1] EN RANGO AGRO. Input IA (vel): (-70.00, 0.00)
2025-05-19 17:14:36 - enemigo - [DEBUG] - [Enemigo_1] Pos flotante (post-IA y delta): (512.8800, 264.0000)
2025-05-19 17:14:36 - enemigo - [DEBUG] - [Enemigo_1] Solicita movimiento a CH (deltas enteros): dx_int=-2, dy_int=0. HB Actual: (514, 264) (Flotantes totales: dx=-1.1200, dy=0.0000)
2025-05-19 17:14:36 - enemigo - [DEBUG] - [Enemigo_1] Inicia _mover_y_colisionar_con_obstaculos. dx_int=-2, dy_int=0. HB Actual: (514, 264)
2025-05-19 17:14:36 - enemigo - [DEBUG] - [Enemigo_1] Hitbox recentrado (enemigo): (525, 274) (Rect center: (525, 274))
2025-05-19 17:14:36 - enemigo - [DEBUG] - [Enemigo_1] _mover_y_colisionar: HB Antes CH: (514,264), HB Despues CH y Sinc: (512,264), Rect: (509, 261), PosFlotante: (512.00,264.00)
2025-05-19 17:14:36 - enemigo - [DEBUG] - [Enemigo_1] Posición DESPUÉS de mov/col: HB (512, 264), Rect (509, 261), Flot (512.00, 264.00)
2025-05-19 17:14:36 - enemigo - [DEBUG] - [Enemigo_1] --- Inicio Update IA --- Delta: 0.0160s. Pos ANTES: HB (512, 264), Rect (509, 261), Flot (512.00, 264.00)
2025-05-19 17:14:36 - enemigo - [DEBUG] - [Enemigo_1] Target (centro (490, 274)), Dist: 35.00. Mi Centro HB: (525, 274)
2025-05-19 17:14:36 - enemigo - [DEBUG] - [Enemigo_1] Pos flotante (post-IA y delta): (510.8800, 264.0000)
2025-05-19 17:14:36 - enemigo - [DEBUG] - [Enemigo_1] Solicita movimiento a CH (deltas enteros): dx_int=-2, dy_int=0. HB Actual: (512, 264) (Flotantes totales: dx=-1.1200, dy=0.0000)
2025-05-19 17:14:36 - enemigo - [DEBUG] - [Enemigo_1] Inicia _mover_y_colisionar_con_obstaculos. dx_int=-2, dy_int=0. HB Actual: (512, 264)
2025-05-19 17:14:36 - enemigo - [DEBUG] - [Enemigo_1] Hitbox recentrado (enemigo): (523, 274) (Rect center: (523, 274))
2025-05-19 17:14:36 - enemigo - [DEBUG] - [Enemigo_1] _mover_y_colisionar: HB Antes CH: (512,264), HB Despues CH y Sinc: (510,264), Rect: (507, 261), PosFlotante: (510.00,264.00)
2025-05-19 17:14:36 - enemigo - [DEBUG] - [Enemigo_1] Posición DESPUÉS de mov/col: HB (510, 264), Rect (507, 261), Flot (510.00, 264.00)
2025-05-19 17:14:36 - enemigo - [DEBUG] - [Enemigo_1] --- Inicio Update IA --- Delta: 0.0170s. Pos ANTES: HB (510, 264), Rect (507, 261), Flot (510.00, 264.00)
2025-05-19 17:14:36 - enemigo - [DEBUG] - [Enemigo_1] Target (centro (493, 274)), Dist: 30.00. Mi Centro HB: (523, 274)
2025-05-19 17:14:36 - enemigo - [DEBUG] - [Enemigo_1] Pos flotante (post-IA y delta): (508.8100, 264.0000)
2025-05-19 17:14:36 - enemigo - [DEBUG] - [Enemigo_1] Solicita movimiento a CH (deltas enteros): dx_int=-2, dy_int=0. HB Actual: (510, 264) (Flotantes totales: dx=-1.1900, dy=0.0000)
2025-05-19 17:14:36 - enemigo - [DEBUG] - [Enemigo_1] Inicia _mover_y_colisionar_con_obstaculos. dx_int=-2, dy_int=0. HB Actual: (510, 264)
2025-05-19 17:14:36 - enemigo - [DEBUG] - [Enemigo_1] Hitbox recentrado (enemigo): (521, 274) (Rect center: (521, 274))
2025-05-19 17:14:36 - enemigo - [DEBUG] - [Enemigo_1] _mover_y_colisionar: HB Antes CH: (510,264), HB Despues CH y Sinc: (508,264), Rect: (505, 261), PosFlotante: (508.00,264.00)
2025-05-19 17:14:36 - enemigo - [DEBUG] - [Enemigo_1] Posición DESPUÉS de mov/col: HB (508, 264), Rect (505, 261), Flot (508.00, 264.00)
2025-05-19 17:14:36 - enemigo - [DEBUG] - [Enemigo_1] --- Inicio Update IA --- Delta: 0.0160s. Pos ANTES: HB (508, 264), Rect (505, 261), Flot (508.00, 264.00)
2025-05-19 17:14:36 - enemigo - [DEBUG] - [Enemigo_1] Target (centro (496, 274)), Dist: 25.00. Mi Centro HB: (521, 274)
2025-05-19 17:14:36 - enemigo - [DEBUG] - [Enemigo_1] Pos flotante (post-IA y delta): (506.8800, 264.0000)
2025-05-19 17:14:36 - enemigo - [DEBUG] - [Enemigo_1] Solicita movimiento a CH (deltas enteros): dx_int=-2, dy_int=0. HB Actual: (508, 264) (Flotantes totales: dx=-1.1200, dy=0.0000)
2025-05-19 17:14:36 - enemigo - [DEBUG] - [Enemigo_1] Inicia _mover_y_colisionar_con_obstaculos. dx_int=-2, dy_int=0. HB Actual: (508, 264)
2025-05-19 17:14:36 - enemigo - [DEBUG] - [Enemigo_1] Hitbox recentrado (enemigo): (519, 274) (Rect center: (519, 274))
2025-05-19 17:14:36 - enemigo - [DEBUG] - [Enemigo_1] _mover_y_colisionar: HB Antes CH: (508,264), HB Despues CH y Sinc: (506,264), Rect: (503, 261), PosFlotante: (506.00,264.00)
2025-05-19 17:14:36 - enemigo - [DEBUG] - [Enemigo_1] Posición DESPUÉS de mov/col: HB (506, 264), Rect (503, 261), Flot (506.00, 264.00)
2025-05-19 17:14:36 - enemigo - [DEBUG] - [Enemigo_1] --- Inicio Update IA --- Delta: 0.0170s. Pos ANTES: HB (506, 264), Rect (503, 261), Flot (506.00, 264.00)
2025-05-19 17:14:36 - enemigo - [DEBUG] - [Enemigo_1] Target (centro (494, 274)), Dist: 25.00. Mi Centro HB: (519, 274)
2025-05-19 17:14:36 - enemigo - [DEBUG] - [Enemigo_1] EN RANGO AGRO. Input IA (vel): (-70.00, 0.00)
2025-05-19 17:14:36 - enemigo - [DEBUG] - [Enemigo_1] Pos flotante (post-IA y delta): (504.8100, 264.0000)
2025-05-19 17:14:36 - enemigo - [DEBUG] - [Enemigo_1] Solicita movimiento a CH (deltas enteros): dx_int=-2, dy_int=0. HB Actual: (506, 264) (Flotantes totales: dx=-1.1900, dy=0.0000)
2025-05-19 17:14:36 - enemigo - [DEBUG] - [Enemigo_1] Inicia _mover_y_colisionar_con_obstaculos. dx_int=-2, dy_int=0. HB Actual: (506, 264)
2025-05-19 17:14:36 - enemigo - [DEBUG] - [Enemigo_1] Hitbox recentrado (enemigo): (517, 274) (Rect center: (517, 274))
2025-05-19 17:14:36 - enemigo - [DEBUG] - [Enemigo_1] _mover_y_colisionar: HB Antes CH: (506,264), HB Despues CH y Sinc: (504,264), Rect: (501, 261), PosFlotante: (504.00,264.00)
2025-05-19 17:14:36 - enemigo - [DEBUG] - [Enemigo_1] Posición DESPUÉS de mov/col: HB (504, 264), Rect (501, 261), Flot (504.00, 264.00)
2025-05-19 17:14:36 - enemigo - [DEBUG] - [Enemigo_1] --- Inicio Update IA --- Delta: 0.0170s. Pos ANTES: HB (504, 264), Rect (501, 261), Flot (504.00, 264.00)
2025-05-19 17:14:36 - enemigo - [DEBUG] - [Enemigo_1] Target (centro (492, 274)), Dist: 25.00. Mi Centro HB: (517, 274)
2025-05-19 17:14:36 - enemigo - [DEBUG] - [Enemigo_1] Pos flotante (post-IA y delta): (502.8100, 264.0000)
2025-05-19 17:14:36 - enemigo - [DEBUG] - [Enemigo_1] Solicita movimiento a CH (deltas enteros): dx_int=-2, dy_int=0. HB Actual: (504, 264) (Flotantes totales: dx=-1.1900, dy=0.0000)
2025-05-19 17:14:36 - enemigo - [DEBUG] - [Enemigo_1] Inicia _mover_y_colisionar_con_obstaculos. dx_int=-2, dy_int=0. HB Actual: (504, 264)
2025-05-19 17:14:36 - enemigo - [DEBUG] - [Enemigo_1] Hitbox recentrado (enemigo): (515, 274) (Rect center: (515, 274))
2025-05-19 17:14:36 - enemigo - [DEBUG] - [Enemigo_1] _mover_y_colisionar: HB Antes CH: (504,264), HB Despues CH y Sinc: (502,264), Rect: (499, 261), PosFlotante: (502.00,264.00)
2025-05-19 17:14:36 - enemigo - [DEBUG] - [Enemigo_1] Posición DESPUÉS de mov/col: HB (502, 264), Rect (499, 261), Flot (502.00, 264.00)
2025-05-19 17:14:36 - enemigo - [DEBUG] - [Enemigo_1] --- Inicio Update IA --- Delta: 0.0160s. Pos ANTES: HB (502, 264), Rect (499, 261), Flot (502.00, 264.00)
2025-05-19 17:14:36 - enemigo - [DEBUG] - [Enemigo_1] Target (centro (490, 274)), Dist: 25.00. Mi Centro HB: (515, 274)
2025-05-19 17:14:36 - enemigo - [DEBUG] - [Enemigo_1] Pos flotante (post-IA y delta): (500.8800, 264.0000)
2025-05-19 17:14:36 - enemigo - [DEBUG] - [Enemigo_1] Solicita movimiento a CH (deltas enteros): dx_int=-2, dy_int=0. HB Actual: (502, 264) (Flotantes totales: dx=-1.1200, dy=0.0000)
2025-05-19 17:14:36 - enemigo - [DEBUG] - [Enemigo_1] Inicia _mover_y_colisionar_con_obstaculos. dx_int=-2, dy_int=0. HB Actual: (502, 264)
2025-05-19 17:14:36 - enemigo - [DEBUG] - [Enemigo_1] Hitbox recentrado (enemigo): (513, 274) (Rect center: (513, 274))
2025-05-19 17:14:36 - enemigo - [DEBUG] - [Enemigo_1] _mover_y_colisionar: HB Antes CH: (502,264), HB Despues CH y Sinc: (500,264), Rect: (497, 261), PosFlotante: (500.00,264.00)
2025-05-19 17:14:36 - enemigo - [DEBUG] - [Enemigo_1] Posición DESPUÉS de mov/col: HB (500, 264), Rect (497, 261), Flot (500.00, 264.00)
2025-05-19 17:14:36 - enemigo - [DEBUG] - [Enemigo_1] --- Inicio Update IA --- Delta: 0.0170s. Pos ANTES: HB (500, 264), Rect (497, 261), Flot (500.00, 264.00)
2025-05-19 17:14:36 - enemigo - [DEBUG] - [Enemigo_1] Target (centro (488, 274)), Dist: 25.00. Mi Centro HB: (513, 274)
2025-05-19 17:14:36 - enemigo - [DEBUG] - [Enemigo_1] EN RANGO AGRO. Input IA (vel): (-70.00, 0.00)
2025-05-19 17:14:36 - enemigo - [DEBUG] - [Enemigo_1] Pos flotante (post-IA y delta): (498.8100, 264.0000)
2025-05-19 17:14:36 - enemigo - [DEBUG] - [Enemigo_1] Solicita movimiento a CH (deltas enteros): dx_int=-2, dy_int=0. HB Actual: (500, 264) (Flotantes totales: dx=-1.1900, dy=0.0000)
2025-05-19 17:14:36 - enemigo - [DEBUG] - [Enemigo_1] Inicia _mover_y_colisionar_con_obstaculos. dx_int=-2, dy_int=0. HB Actual: (500, 264)
2025-05-19 17:14:36 - enemigo - [DEBUG] - [Enemigo_1] Hitbox recentrado (enemigo): (511, 274) (Rect center: (511, 274))
2025-05-19 17:14:36 - enemigo - [DEBUG] - [Enemigo_1] _mover_y_colisionar: HB Antes CH: (500,264), HB Despues CH y Sinc: (498,264), Rect: (495, 261), PosFlotante: (498.00,264.00)
2025-05-19 17:14:36 - enemigo - [DEBUG] - [Enemigo_1] Posición DESPUÉS de mov/col: HB (498, 264), Rect (495, 261), Flot (498.00, 264.00)
