2025-05-19 17:14:33 - jugador - [DEBUG] - [JUGADOR_0] Hitbox recalculado a: <rect(404, 306, 24, 22)>
2025-05-19 17:14:33 - jugador - [DEBUG] - [JUGADOR_0] Input teclado procesado: mov_x_input_raw=0, mov_y_input_raw=0
2025-05-19 17:14:33 - jugador - [DEBUG] - [JUGADOR_0] Delta flotante intentado: dx=0.0000, dy=0.0000 (delta_time: 0.0170)
2025-05-19 17:14:33 - jugador - [DEBUG] - [JUGADOR_0] Pos flotante (pre-límites): (404.0000, 306.0000)
2025-05-19 17:14:33 - jugador - [DEBUG] - [JUGADOR_0] Pos flotante (post-límites): (404.0000, 306.0000)
2025-05-19 17:14:33 - jugador - [DEBUG] - [JUGADOR_0] Sin mov. para CH (delta_int fue 0). HB: (404, 306), PosFlotante: (404.0000, 306.0000)
2025-05-19 17:14:33 - jugador - [DEBUG] - [JUGADOR_0] Delta flotante intentado: dx=0.0000, dy=0.0000 (delta_time: 0.0180)
2025-05-19 17:14:33 - jugador - [DEBUG] - [JUGADOR_0] Input teclado procesado: mov_x_input_raw=0, mov_y_input_raw=0
2025-05-19 17:14:33 - jugador - [DEBUG] - [JUGADOR_0] Delta flotante intentado: dx=0.0000, dy=0.0000 (delta_time: 0.0160)
2025-05-19 17:14:33 - jugador - [DEBUG] - [JUGADOR_0] Pos flotante (pre-límites): (404.0000, 306.0000)
2025-05-19 17:14:33 - jugador - [DEBUG] - [JUGADOR_0] Pos flotante (post-límites): (404.0000, 306.0000)
2025-05-19 17:14:33 - jugador - [DEBUG] - [JUGADOR_0] Sin mov. para CH (delta_int fue 0). HB: (404, 306), PosFlotante: (404.0000, 306.0000)
2025-05-19 17:14:33 - jugador - [DEBUG] - [JUGADOR_0] Delta flotante intentado: dx=0.0000, dy=0.0000 (delta_time: 0.0170)
2025-05-19 17:14:33 - jugador - [DEBUG] - [JUGADOR_0] Input teclado procesado: mov_x_input_raw=0, mov_y_input_raw=0
2025-05-19 17:14:33 - jugador - [DEBUG] - [JUGADOR_0] Delta flotante intentado: dx=0.0000, dy=0.0000 (delta_time: 0.0160)
2025-05-19 17:14:33 - jugador - [DEBUG] - [JUGADOR_0] Pos flotante (pre-límites): (404.0000, 306.0000)
2025-05-19 17:14:33 - jugador - [DEBUG] - [JUGADOR_0] Pos flotante (post-límites): (404.0000, 306.0000)
2025-05-19 17:14:33 - jugador - [DEBUG] - [JUGADOR_0] Sin mov. para CH (delta_int fue 0). HB: (404, 306), PosFlotante: (404.0000, 306.0000)
2025-05-19 17:14:33 - jugador - [DEBUG] - [JUGADOR_0] Delta flotante intentado: dx=0.0000, dy=0.0000 (delta_time: 0.0170)
2025-05-19 17:14:33 - jugador - [DEBUG] - [JUGADOR_0] Input teclado procesado: mov_x_input_raw=0, mov_y_input_raw=0
2025-05-19 17:14:33 - jugador - [DEBUG] - [JUGADOR_0] Delta flotante intentado: dx=0.0000, dy=0.0000 (delta_time: 0.0170)
2025-05-19 17:14:33 - jugador - [DEBUG] - [JUGADOR_0] Pos flotante (pre-límites): (404.0000, 306.0000)
2025-05-19 17:14:33 - jugador - [DEBUG] - [JUGADOR_0] Pos flotante (post-límites): (404.0000, 306.0000)
2025-05-19 17:14:33 - jugador - [DEBUG] - [JUGADOR_0] Sin mov. para CH (delta_int fue 0). HB: (404, 306), PosFlotante: (404.0000, 306.0000)
2025-05-19 17:14:33 - jugador - [DEBUG] - [JUGADOR_0] Input teclado procesado: mov_x_input_raw=0, mov_y_input_raw=0
2025-05-19 17:14:33 - jugador - [DEBUG] - [JUGADOR_0] Delta flotante intentado: dx=0.0000, dy=0.0000 (delta_time: 0.0160)
2025-05-19 17:14:33 - jugador - [DEBUG] - [JUGADOR_0] Delta flotante intentado: dx=0.0000, dy=0.0000 (delta_time: 0.0170)
2025-05-19 17:14:33 - jugador - [DEBUG] - [JUGADOR_0] Pos flotante (pre-límites): (404.0000, 306.0000)
2025-05-19 17:14:33 - jugador - [DEBUG] - [JUGADOR_0] Pos flotante (post-límites): (404.0000, 306.0000)
2025-05-19 17:14:33 - jugador - [DEBUG] - [JUGADOR_0] Sin mov. para CH (delta_int fue 0). HB: (404, 306), PosFlotante: (404.0000, 306.0000)
2025-05-19 17:14:33 - jugador - [DEBUG] - [JUGADOR_0] Input teclado procesado: mov_x_input_raw=0, mov_y_input_raw=0
2025-05-19 17:14:33 - jugador - [DEBUG] - [JUGADOR_0] Delta flotante intentado: dx=0.0000, dy=0.0000 (delta_time: 0.0160)
2025-05-19 17:14:33 - jugador - [DEBUG] - [JUGADOR_0] Delta flotante intentado: dx=0.0000, dy=0.0000 (delta_time: 0.0170)
2025-05-19 17:14:33 - jugador - [DEBUG] - [JUGADOR_0] Pos flotante (pre-límites): (404.0000, 306.0000)
2025-05-19 17:14:33 - jugador - [DEBUG] - [JUGADOR_0] Pos flotante (post-límites): (404.0000, 306.0000)
2025-05-19 17:14:33 - jugador - [DEBUG] - [JUGADOR_0] Sin mov. para CH (delta_int fue 0). HB: (404, 306), PosFlotante: (404.0000, 306.0000)
2025-05-19 17:14:33 - jugador - [DEBUG] - [JUGADOR_0] Input teclado procesado: mov_x_input_raw=0, mov_y_input_raw=0
2025-05-19 17:14:33 - jugador - [DEBUG] - [JUGADOR_0] Delta flotante intentado: dx=0.0000, dy=0.0000 (delta_time: 0.0170)
2025-05-19 17:14:33 - jugador - [DEBUG] - [JUGADOR_0] Pos flotante (pre-límites): (404.0000, 306.0000)
2025-05-19 17:14:33 - jugador - [DEBUG] - [JUGADOR_0] Pos flotante (post-límites): (404.0000, 306.0000)
2025-05-19 17:14:33 - jugador - [DEBUG] - [JUGADOR_0] Sin mov. para CH (delta_int fue 0). HB: (404, 306), PosFlotante: (404.0000, 306.0000)
2025-05-19 17:14:33 - jugador - [DEBUG] - [JUGADOR_0] Input teclado procesado: mov_x_input_raw=0, mov_y_input_raw=0
2025-05-19 17:14:33 - jugador - [DEBUG] - [JUGADOR_0] Delta flotante intentado: dx=0.0000, dy=0.0000 (delta_time: 0.0170)
2025-05-19 17:14:33 - jugador - [DEBUG] - [JUGADOR_0] Pos flotante (pre-límites): (404.0000, 306.0000)
2025-05-19 17:14:33 - jugador - [DEBUG] - [JUGADOR_0] Pos flotante (post-límites): (404.0000, 306.0000)
2025-05-19 17:14:33 - jugador - [DEBUG] - [JUGADOR_0] Sin mov. para CH (delta_int fue 0). HB: (404, 306), PosFlotante: (404.0000, 306.0000)
2025-05-19 17:14:33 - jugador - [DEBUG] - [JUGADOR_0] Delta flotante intentado: dx=0.0000, dy=0.0000 (delta_time: 0.0160)
2025-05-19 17:14:33 - jugador - [DEBUG] - [JUGADOR_0] Input teclado procesado: mov_x_input_raw=0, mov_y_input_raw=0
2025-05-19 17:14:33 - jugador - [DEBUG] - [JUGADOR_0] Delta flotante intentado: dx=0.0000, dy=0.0000 (delta_time: 0.0170)
2025-05-19 17:14:33 - jugador - [DEBUG] - [JUGADOR_0] Pos flotante (pre-límites): (404.0000, 306.0000)
2025-05-19 17:14:33 - jugador - [DEBUG] - [JUGADOR_0] Pos flotante (post-límites): (404.0000, 306.0000)
2025-05-19 17:14:33 - jugador - [DEBUG] - [JUGADOR_0] Sin mov. para CH (delta_int fue 0). HB: (404, 306), PosFlotante: (404.0000, 306.0000)
2025-05-19 17:14:33 - jugador - [DEBUG] - [JUGADOR_0] Delta flotante intentado: dx=0.0000, dy=0.0000 (delta_time: 0.0160)
2025-05-19 17:14:33 - jugador - [DEBUG] - [JUGADOR_0] Input teclado procesado: mov_x_input_raw=0, mov_y_input_raw=0
2025-05-19 17:14:33 - jugador - [DEBUG] - [JUGADOR_0] Delta flotante intentado: dx=0.0000, dy=0.0000 (delta_time: 0.0170)
2025-05-19 17:14:33 - jugador - [DEBUG] - [JUGADOR_0] Pos flotante (pre-límites): (404.0000, 306.0000)
2025-05-19 17:14:33 - jugador - [DEBUG] - [JUGADOR_0] Pos flotante (post-límites): (404.0000, 306.0000)
2025-05-19 17:14:33 - jugador - [DEBUG] - [JUGADOR_0] Sin mov. para CH (delta_int fue 0). HB: (404, 306), PosFlotante: (404.0000, 306.0000)
2025-05-19 17:14:33 - jugador - [DEBUG] - [JUGADOR_0] Delta flotante intentado: dx=0.0000, dy=0.0000 (delta_time: 0.0160)
2025-05-19 17:14:33 - jugador - [DEBUG] - [JUGADOR_0] Input teclado procesado: mov_x_input_raw=0, mov_y_input_raw=0
2025-05-19 17:14:33 - jugador - [DEBUG] - [JUGADOR_0] Pos flotante (pre-límites): (404.0000, 306.0000)
2025-05-19 17:14:33 - jugador - [DEBUG] - [JUGADOR_0] Pos flotante (post-límites): (404.0000, 306.0000)
2025-05-19 17:14:33 - jugador - [DEBUG] - [JUGADOR_0] Sin mov. para CH (delta_int fue 0). HB: (404, 306), PosFlotante: (404.0000, 306.0000)
2025-05-19 17:14:33 - jugador - [DEBUG] - [JUGADOR_0] Delta flotante intentado: dx=0.0000, dy=0.0000 (delta_time: 0.0160)
2025-05-19 17:14:33 - jugador - [DEBUG] - [JUGADOR_0] Delta flotante intentado: dx=0.0000, dy=0.0000 (delta_time: 0.0170)
2025-05-19 17:14:33 - jugador - [DEBUG] - [JUGADOR_0] Input teclado procesado: mov_x_input_raw=0, mov_y_input_raw=0
2025-05-19 17:14:33 - jugador - [DEBUG] - [JUGADOR_0] Pos flotante (pre-límites): (404.0000, 306.0000)
2025-05-19 17:14:33 - jugador - [DEBUG] - [JUGADOR_0] Pos flotante (post-límites): (404.0000, 306.0000)
2025-05-19 17:14:33 - jugador - [DEBUG] - [JUGADOR_0] Sin mov. para CH (delta_int fue 0). HB: (404, 306), PosFlotante: (404.0000, 306.0000)
2025-05-19 17:14:33 - jugador - [DEBUG] - [JUGADOR_0] Delta flotante intentado: dx=0.0000, dy=0.0000 (delta_time: 0.0160)
2025-05-19 17:14:33 - jugador - [DEBUG] - [JUGADOR_0] Input teclado procesado: mov_x_input_raw=0, mov_y_input_raw=0
2025-05-19 17:14:33 - jugador - [DEBUG] - [JUGADOR_0] Delta flotante intentado: dx=0.0000, dy=0.0000 (delta_time: 0.0170)
2025-05-19 17:14:33 - jugador - [DEBUG] - [JUGADOR_0] Pos flotante (pre-límites): (404.0000, 306.0000)
2025-05-19 17:14:33 - jugador - [DEBUG] - [JUGADOR_0] Pos flotante (post-límites): (404.0000, 306.0000)
2025-05-19 17:14:33 - jugador - [DEBUG] - [JUGADOR_0] Sin mov. para CH (delta_int fue 0). HB: (404, 306), PosFlotante: (404.0000, 306.0000)
2025-05-19 17:14:33 - jugador - [DEBUG] - [JUGADOR_0] Delta flotante intentado: dx=0.0000, dy=0.0000 (delta_time: 0.0160)
2025-05-19 17:14:33 - jugador - [DEBUG] - [JUGADOR_0] Input teclado procesado: mov_x_input_raw=0, mov_y_input_raw=0
2025-05-19 17:14:33 - jugador - [DEBUG] - [JUGADOR_0] Pos flotante (pre-límites): (404.0000, 306.0000)
2025-05-19 17:14:33 - jugador - [DEBUG] - [JUGADOR_0] Pos flotante (post-límites): (404.0000, 306.0000)
2025-05-19 17:14:33 - jugador - [DEBUG] - [JUGADOR_0] Sin mov. para CH (delta_int fue 0). HB: (404, 306), PosFlotante: (404.0000, 306.0000)
2025-05-19 17:14:33 - jugador - [DEBUG] - [JUGADOR_0] Delta flotante intentado: dx=0.0000, dy=0.0000 (delta_time: 0.0170)
2025-05-19 17:14:33 - jugador - [DEBUG] - [JUGADOR_0] Delta flotante intentado: dx=0.0000, dy=0.0000 (delta_time: 0.0160)
2025-05-19 17:14:33 - jugador - [DEBUG] - [JUGADOR_0] Input teclado procesado: mov_x_input_raw=0, mov_y_input_raw=0
2025-05-19 17:14:33 - jugador - [DEBUG] - [JUGADOR_0] Pos flotante (pre-límites): (404.0000, 306.0000)
2025-05-19 17:14:33 - jugador - [DEBUG] - [JUGADOR_0] Pos flotante (post-límites): (404.0000, 306.0000)
2025-05-19 17:14:33 - jugador - [DEBUG] - [JUGADOR_0] Sin mov. para CH (delta_int fue 0). HB: (404, 306), PosFlotante: (404.0000, 306.0000)
2025-05-19 17:14:34 - jugador - [DEBUG] - [JUGADOR_0] Delta flotante intentado: dx=0.0000, dy=0.0000 (delta_time: 0.0160)
2025-05-19 17:14:34 - jugador - [DEBUG] - [JUGADOR_0] Input teclado procesado: mov_x_input_raw=0, mov_y_input_raw=0
2025-05-19 17:14:34 - jugador - [DEBUG] - [JUGADOR_0] Pos flotante (pre-límites): (404.0000, 306.0000)
2025-05-19 17:14:34 - jugador - [DEBUG] - [JUGADOR_0] Pos flotante (post-límites): (404.0000, 306.0000)
2025-05-19 17:14:34 - jugador - [DEBUG] - [JUGADOR_0] Sin mov. para CH (delta_int fue 0). HB: (404, 306), PosFlotante: (404.0000, 306.0000)
2025-05-19 17:14:34 - jugador - [DEBUG] - [JUGADOR_0] Delta flotante intentado: dx=0.0000, dy=0.0000 (delta_time: 0.0170)
2025-05-19 17:14:34 - jugador - [DEBUG] - [JUGADOR_0] Delta flotante intentado: dx=0.0000, dy=0.0000 (delta_time: 0.0160)
2025-05-19 17:14:34 - jugador - [DEBUG] - [JUGADOR_0] Input teclado procesado: mov_x_input_raw=0, mov_y_input_raw=0
2025-05-19 17:14:34 - jugador - [DEBUG] - [JUGADOR_0] Pos flotante (pre-límites): (404.0000, 306.0000)
2025-05-19 17:14:34 - jugador - [DEBUG] - [JUGADOR_0] Pos flotante (post-límites): (404.0000, 306.0000)
2025-05-19 17:14:34 - jugador - [DEBUG] - [JUGADOR_0] Sin mov. para CH (delta_int fue 0). HB: (404, 306), PosFlotante: (404.0000, 306.0000)
2025-05-19 17:14:34 - jugador - [DEBUG] - [JUGADOR_0] Delta flotante intentado: dx=0.0000, dy=0.0000 (delta_time: 0.0170)
2025-05-19 17:14:34 - jugador - [DEBUG] - [JUGADOR_0] Delta flotante intentado: dx=0.0000, dy=0.0000 (delta_time: 0.0160)
2025-05-19 17:14:34 - jugador - [DEBUG] - [JUGADOR_0] Input teclado procesado: mov_x_input_raw=0, mov_y_input_raw=0
2025-05-19 17:14:34 - jugador - [DEBUG] - [JUGADOR_0] Delta flotante intentado: dx=0.0000, dy=0.0000 (delta_time: 0.0170)
2025-05-19 17:14:34 - jugador - [DEBUG] - [JUGADOR_0] Pos flotante (pre-límites): (404.0000, 306.0000)
2025-05-19 17:14:34 - jugador - [DEBUG] - [JUGADOR_0] Pos flotante (post-límites): (404.0000, 306.0000)
2025-05-19 17:14:34 - jugador - [DEBUG] - [JUGADOR_0] Sin mov. para CH (delta_int fue 0). HB: (404, 306), PosFlotante: (404.0000, 306.0000)
2025-05-19 17:14:34 - jugador - [DEBUG] - [JUGADOR_0] Delta flotante intentado: dx=0.0000, dy=0.0000 (delta_time: 0.0160)
2025-05-19 17:14:34 - jugador - [DEBUG] - [JUGADOR_0] Input teclado procesado: mov_x_input_raw=0, mov_y_input_raw=0
2025-05-19 17:14:34 - jugador - [DEBUG] - [JUGADOR_0] Delta flotante intentado: dx=0.0000, dy=0.0000 (delta_time: 0.0170)
2025-05-19 17:14:34 - jugador - [DEBUG] - [JUGADOR_0] Pos flotante (pre-límites): (404.0000, 306.0000)
2025-05-19 17:14:34 - jugador - [DEBUG] - [JUGADOR_0] Pos flotante (post-límites): (404.0000, 306.0000)
2025-05-19 17:14:34 - jugador - [DEBUG] - [JUGADOR_0] Sin mov. para CH (delta_int fue 0). HB: (404, 306), PosFlotante: (404.0000, 306.0000)
2025-05-19 17:14:34 - jugador - [DEBUG] - [JUGADOR_0] Input teclado procesado: mov_x_input_raw=0, mov_y_input_raw=0
2025-05-19 17:14:34 - jugador - [DEBUG] - [JUGADOR_0] Delta flotante intentado: dx=0.0000, dy=0.0000 (delta_time: 0.0160)
2025-05-19 17:14:34 - jugador - [DEBUG] - [JUGADOR_0] Pos flotante (pre-límites): (404.0000, 306.0000)
2025-05-19 17:14:34 - jugador - [DEBUG] - [JUGADOR_0] Pos flotante (post-límites): (404.0000, 306.0000)
2025-05-19 17:14:34 - jugador - [DEBUG] - [JUGADOR_0] Sin mov. para CH (delta_int fue 0). HB: (404, 306), PosFlotante: (404.0000, 306.0000)
2025-05-19 17:14:34 - jugador - [DEBUG] - [JUGADOR_0] Input teclado procesado: mov_x_input_raw=0, mov_y_input_raw=0
2025-05-19 17:14:34 - jugador - [DEBUG] - [JUGADOR_0] Delta flotante intentado: dx=0.0000, dy=0.0000 (delta_time: 0.0170)
2025-05-19 17:14:34 - jugador - [DEBUG] - [JUGADOR_0] Pos flotante (pre-límites): (404.0000, 306.0000)
2025-05-19 17:14:34 - jugador - [DEBUG] - [JUGADOR_0] Pos flotante (post-límites): (404.0000, 306.0000)
2025-05-19 17:14:34 - jugador - [DEBUG] - [JUGADOR_0] Sin mov. para CH (delta_int fue 0). HB: (404, 306), PosFlotante: (404.0000, 306.0000)
2025-05-19 17:14:34 - jugador - [DEBUG] - [JUGADOR_0] Delta flotante intentado: dx=0.0000, dy=0.0000 (delta_time: 0.0160)
2025-05-19 17:14:34 - jugador - [DEBUG] - [JUGADOR_0] Input teclado procesado: mov_x_input_raw=0, mov_y_input_raw=0
2025-05-19 17:14:34 - jugador - [DEBUG] - [JUGADOR_0] Delta flotante intentado: dx=0.0000, dy=0.0000 (delta_time: 0.0170)
2025-05-19 17:14:34 - jugador - [DEBUG] - [JUGADOR_0] Pos flotante (pre-límites): (404.0000, 306.0000)
2025-05-19 17:14:34 - jugador - [DEBUG] - [JUGADOR_0] Pos flotante (post-límites): (404.0000, 306.0000)
2025-05-19 17:14:34 - jugador - [DEBUG] - [JUGADOR_0] Sin mov. para CH (delta_int fue 0). HB: (404, 306), PosFlotante: (404.0000, 306.0000)
2025-05-19 17:14:34 - jugador - [DEBUG] - [JUGADOR_0] Delta flotante intentado: dx=0.0000, dy=0.0000 (delta_time: 0.0160)
2025-05-19 17:14:34 - jugador - [DEBUG] - [JUGADOR_0] Input teclado procesado: mov_x_input_raw=0, mov_y_input_raw=0
2025-05-19 17:14:34 - jugador - [DEBUG] - [JUGADOR_0] Pos flotante (pre-límites): (404.0000, 306.0000)
2025-05-19 17:14:34 - jugador - [DEBUG] - [JUGADOR_0] Pos flotante (post-límites): (404.0000, 306.0000)
2025-05-19 17:14:34 - jugador - [DEBUG] - [JUGADOR_0] Sin mov. para CH (delta_int fue 0). HB: (404, 306), PosFlotante: (404.0000, 306.0000)
2025-05-19 17:14:34 - jugador - [DEBUG] - [JUGADOR_0] Delta flotante intentado: dx=0.0000, dy=0.0000 (delta_time: 0.0170)
2025-05-19 17:14:34 - jugador - [DEBUG] - [JUGADOR_0] Delta flotante intentado: dx=0.0000, dy=0.0000 (delta_time: 0.0160)
2025-05-19 17:14:34 - jugador - [DEBUG] - [JUGADOR_0] Input teclado procesado: mov_x_input_raw=0, mov_y_input_raw=0
2025-05-19 17:14:34 - jugador - [DEBUG] - [JUGADOR_0] Pos flotante (pre-límites): (404.0000, 306.0000)
2025-05-19 17:14:34 - jugador - [DEBUG] - [JUGADOR_0] Pos flotante (post-límites): (404.0000, 306.0000)
2025-05-19 17:14:34 - jugador - [DEBUG] - [JUGADOR_0] Sin mov. para CH (delta_int fue 0). HB: (404, 306), PosFlotante: (404.0000, 306.0000)
2025-05-19 17:14:34 - jugador - [DEBUG] - [JUGADOR_0] Delta flotante intentado: dx=0.0000, dy=0.0000 (delta_time: 0.0160)
2025-05-19 17:14:34 - jugador - [DEBUG] - [JUGADOR_0] Input teclado procesado: mov_x_input_raw=0, mov_y_input_raw=0
2025-05-19 17:14:34 - jugador - [DEBUG] - [JUGADOR_0] Delta flotante intentado: dx=0.0000, dy=0.0000 (delta_time: 0.0180)
2025-05-19 17:14:34 - jugador - [DEBUG] - [JUGADOR_0] Pos flotante (pre-límites): (404.0000, 306.0000)
2025-05-19 17:14:34 - jugador - [DEBUG] - [JUGADOR_0] Pos flotante (post-límites): (404.0000, 306.0000)
2025-05-19 17:14:34 - jugador - [DEBUG] - [JUGADOR_0] Sin mov. para CH (delta_int fue 0). HB: (404, 306), PosFlotante: (404.0000, 306.0000)
2025-05-19 17:14:34 - jugador - [DEBUG] - [JUGADOR_0] Delta flotante intentado: dx=0.0000, dy=0.0000 (delta_time: 0.0170)
2025-05-19 17:14:34 - jugador - [DEBUG] - [JUGADOR_0] Input teclado procesado: mov_x_input_raw=0, mov_y_input_raw=0
2025-05-19 17:14:34 - jugador - [DEBUG] - [JUGADOR_0] Pos flotante (pre-límites): (404.0000, 306.0000)
2025-05-19 17:14:34 - jugador - [DEBUG] - [JUGADOR_0] Pos flotante (post-límites): (404.0000, 306.0000)
2025-05-19 17:14:34 - jugador - [DEBUG] - [JUGADOR_0] Sin mov. para CH (delta_int fue 0). HB: (404, 306), PosFlotante: (404.0000, 306.0000)
2025-05-19 17:14:34 - jugador - [DEBUG] - [JUGADOR_0] Delta flotante intentado: dx=0.0000, dy=0.0000 (delta_time: 0.0160)
2025-05-19 17:14:34 - jugador - [DEBUG] - [JUGADOR_0] Delta flotante intentado: dx=0.0000, dy=0.0000 (delta_time: 0.0170)
2025-05-19 17:14:34 - jugador - [DEBUG] - [JUGADOR_0] Input teclado procesado: mov_x_input_raw=0, mov_y_input_raw=0
2025-05-19 17:14:34 - jugador - [DEBUG] - [JUGADOR_0] Pos flotante (pre-límites): (404.0000, 306.0000)
2025-05-19 17:14:34 - jugador - [DEBUG] - [JUGADOR_0] Pos flotante (post-límites): (404.0000, 306.0000)
2025-05-19 17:14:34 - jugador - [DEBUG] - [JUGADOR_0] Sin mov. para CH (delta_int fue 0). HB: (404, 306), PosFlotante: (404.0000, 306.0000)
2025-05-19 17:14:34 - jugador - [DEBUG] - [JUGADOR_0] Delta flotante intentado: dx=0.0000, dy=0.0000 (delta_time: 0.0170)
2025-05-19 17:14:34 - jugador - [DEBUG] - [JUGADOR_0] Input teclado procesado: mov_x_input_raw=0, mov_y_input_raw=0
2025-05-19 17:14:34 - jugador - [DEBUG] - [JUGADOR_0] Pos flotante (pre-límites): (404.0000, 306.0000)
2025-05-19 17:14:34 - jugador - [DEBUG] - [JUGADOR_0] Pos flotante (post-límites): (404.0000, 306.0000)
2025-05-19 17:14:34 - jugador - [DEBUG] - [JUGADOR_0] Sin mov. para CH (delta_int fue 0). HB: (404, 306), PosFlotante: (404.0000, 306.0000)
2025-05-19 17:14:34 - jugador - [DEBUG] - [JUGADOR_0] Delta flotante intentado: dx=0.0000, dy=0.0000 (delta_time: 0.0160)
2025-05-19 17:14:34 - jugador - [DEBUG] - [JUGADOR_0] Input teclado procesado: mov_x_input_raw=0, mov_y_input_raw=0
2025-05-19 17:14:34 - jugador - [DEBUG] - [JUGADOR_0] Delta flotante intentado: dx=0.0000, dy=0.0000 (delta_time: 0.0170)
2025-05-19 17:14:34 - jugador - [DEBUG] - [JUGADOR_0] Pos flotante (pre-límites): (404.0000, 306.0000)
2025-05-19 17:14:34 - jugador - [DEBUG] - [JUGADOR_0] Pos flotante (post-límites): (404.0000, 306.0000)
2025-05-19 17:14:34 - jugador - [DEBUG] - [JUGADOR_0] Sin mov. para CH (delta_int fue 0). HB: (404, 306), PosFlotante: (404.0000, 306.0000)
2025-05-19 17:14:34 - jugador - [DEBUG] - [JUGADOR_0] Input teclado procesado: mov_x_input_raw=0, mov_y_input_raw=0
2025-05-19 17:14:34 - jugador - [DEBUG] - [JUGADOR_0] Delta flotante intentado: dx=0.0000, dy=0.0000 (delta_time: 0.0170)
2025-05-19 17:14:34 - jugador - [DEBUG] - [JUGADOR_0] Pos flotante (pre-límites): (404.0000, 306.0000)
2025-05-19 17:14:34 - jugador - [DEBUG] - [JUGADOR_0] Pos flotante (post-límites): (404.0000, 306.0000)
2025-05-19 17:14:34 - jugador - [DEBUG] - [JUGADOR_0] Sin mov. para CH (delta_int fue 0). HB: (404, 306), PosFlotante: (404.0000, 306.0000)
2025-05-19 17:14:34 - jugador - [DEBUG] - [JUGADOR_0] Delta flotante intentado: dx=0.0000, dy=0.0000 (delta_time: 0.0160)
2025-05-19 17:14:34 - jugador - [DEBUG] - [JUGADOR_0] Input teclado procesado: mov_x_input_raw=0, mov_y_input_raw=0
2025-05-19 17:14:34 - jugador - [DEBUG] - [JUGADOR_0] Delta flotante intentado: dx=0.0000, dy=0.0000 (delta_time: 0.0170)
2025-05-19 17:14:34 - jugador - [DEBUG] - [JUGADOR_0] Pos flotante (pre-límites): (404.0000, 306.0000)
2025-05-19 17:14:34 - jugador - [DEBUG] - [JUGADOR_0] Pos flotante (post-límites): (404.0000, 306.0000)
2025-05-19 17:14:34 - jugador - [DEBUG] - [JUGADOR_0] Sin mov. para CH (delta_int fue 0). HB: (404, 306), PosFlotante: (404.0000, 306.0000)
2025-05-19 17:14:35 - jugador - [DEBUG] - [JUGADOR_0] Delta flotante intentado: dx=0.0000, dy=0.0000 (delta_time: 0.0180)
2025-05-19 17:14:35 - jugador - [DEBUG] - [JUGADOR_0] Input teclado procesado: mov_x_input_raw=0, mov_y_input_raw=0
2025-05-19 17:14:35 - jugador - [DEBUG] - [JUGADOR_0] Delta flotante intentado: dx=0.0000, dy=0.0000 (delta_time: 0.0170)
2025-05-19 17:14:35 - jugador - [DEBUG] - [JUGADOR_0] Pos flotante (pre-límites): (404.0000, 306.0000)
2025-05-19 17:14:35 - jugador - [DEBUG] - [JUGADOR_0] Pos flotante (post-límites): (404.0000, 306.0000)
2025-05-19 17:14:35 - jugador - [DEBUG] - [JUGADOR_0] Sin mov. para CH (delta_int fue 0). HB: (404, 306), PosFlotante: (404.0000, 306.0000)
2025-05-19 17:14:35 - jugador - [DEBUG] - [JUGADOR_0] Delta flotante intentado: dx=0.0000, dy=0.0000 (delta_time: 0.0160)
2025-05-19 17:14:35 - jugador - [DEBUG] - [JUGADOR_0] Input teclado procesado: mov_x_input_raw=0, mov_y_input_raw=0
2025-05-19 17:14:35 - jugador - [DEBUG] - [JUGADOR_0] Pos flotante (pre-límites): (404.0000, 306.0000)
2025-05-19 17:14:35 - jugador - [DEBUG] - [JUGADOR_0] Pos flotante (post-límites): (404.0000, 306.0000)
2025-05-19 17:14:35 - jugador - [DEBUG] - [JUGADOR_0] Sin mov. para CH (delta_int fue 0). HB: (404, 306), PosFlotante: (404.0000, 306.0000)
2025-05-19 17:14:35 - jugador - [DEBUG] - [JUGADOR_0] Delta flotante intentado: dx=0.0000, dy=0.0000 (delta_time: 0.0170)
2025-05-19 17:14:35 - jugador - [DEBUG] - [JUGADOR_0] Delta flotante intentado: dx=0.0000, dy=0.0000 (delta_time: 0.0160)
2025-05-19 17:14:35 - jugador - [DEBUG] - [JUGADOR_0] Input teclado procesado: mov_x_input_raw=0, mov_y_input_raw=0
2025-05-19 17:14:35 - jugador - [DEBUG] - [JUGADOR_0] Pos flotante (pre-límites): (404.0000, 306.0000)
2025-05-19 17:14:35 - jugador - [DEBUG] - [JUGADOR_0] Pos flotante (post-límites): (404.0000, 306.0000)
2025-05-19 17:14:35 - jugador - [DEBUG] - [JUGADOR_0] Sin mov. para CH (delta_int fue 0). HB: (404, 306), PosFlotante: (404.0000, 306.0000)
2025-05-19 17:14:35 - jugador - [DEBUG] - [JUGADOR_0] Delta flotante intentado: dx=0.0000, dy=0.0000 (delta_time: 0.0170)
2025-05-19 17:14:35 - jugador - [DEBUG] - [JUGADOR_0] Delta flotante intentado: dx=0.0000, dy=0.0000 (delta_time: 0.0160)
2025-05-19 17:14:35 - jugador - [DEBUG] - [JUGADOR_0] Input teclado procesado: mov_x_input_raw=0, mov_y_input_raw=0
2025-05-19 17:14:35 - jugador - [DEBUG] - [JUGADOR_0] Pos flotante (pre-límites): (404.0000, 306.0000)
2025-05-19 17:14:35 - jugador - [DEBUG] - [JUGADOR_0] Pos flotante (post-límites): (404.0000, 306.0000)
2025-05-19 17:14:35 - jugador - [DEBUG] - [JUGADOR_0] Sin mov. para CH (delta_int fue 0). HB: (404, 306), PosFlotante: (404.0000, 306.0000)
2025-05-19 17:14:35 - jugador - [DEBUG] - [JUGADOR_0] Delta flotante intentado: dx=0.0000, dy=0.0000 (delta_time: 0.0170)
2025-05-19 17:14:35 - jugador - [DEBUG] - [JUGADOR_0] Delta flotante intentado: dx=0.0000, dy=0.0000 (delta_time: 0.0160)
2025-05-19 17:14:35 - jugador - [DEBUG] - [JUGADOR_0] Input teclado procesado: mov_x_input_raw=0, mov_y_input_raw=0
2025-05-19 17:14:35 - jugador - [DEBUG] - [JUGADOR_0] Pos flotante (pre-límites): (404.0000, 306.0000)
2025-05-19 17:14:35 - jugador - [DEBUG] - [JUGADOR_0] Pos flotante (post-límites): (404.0000, 306.0000)
2025-05-19 17:14:35 - jugador - [DEBUG] - [JUGADOR_0] Sin mov. para CH (delta_int fue 0). HB: (404, 306), PosFlotante: (404.0000, 306.0000)
2025-05-19 17:14:35 - jugador - [DEBUG] - [JUGADOR_0] Delta flotante intentado: dx=0.0000, dy=0.0000 (delta_time: 0.0160)
2025-05-19 17:14:35 - jugador - [DEBUG] - [JUGADOR_0] Input teclado procesado: mov_x_input_raw=0, mov_y_input_raw=0
2025-05-19 17:14:35 - jugador - [DEBUG] - [JUGADOR_0] Delta flotante intentado: dx=0.0000, dy=0.0000 (delta_time: 0.0170)
2025-05-19 17:14:35 - jugador - [DEBUG] - [JUGADOR_0] Pos flotante (pre-límites): (404.0000, 306.0000)
2025-05-19 17:14:35 - jugador - [DEBUG] - [JUGADOR_0] Pos flotante (post-límites): (404.0000, 306.0000)
2025-05-19 17:14:35 - jugador - [DEBUG] - [JUGADOR_0] Sin mov. para CH (delta_int fue 0). HB: (404, 306), PosFlotante: (404.0000, 306.0000)
2025-05-19 17:14:35 - jugador - [DEBUG] - [JUGADOR_0] Delta flotante intentado: dx=0.0000, dy=0.0000 (delta_time: 0.0160)
2025-05-19 17:14:35 - jugador - [DEBUG] - [JUGADOR_0] Input teclado procesado: mov_x_input_raw=0, mov_y_input_raw=0
2025-05-19 17:14:35 - jugador - [DEBUG] - [JUGADOR_0] Pos flotante (pre-límites): (404.0000, 306.0000)
2025-05-19 17:14:35 - jugador - [DEBUG] - [JUGADOR_0] Pos flotante (post-límites): (404.0000, 306.0000)
2025-05-19 17:14:35 - jugador - [DEBUG] - [JUGADOR_0] Sin mov. para CH (delta_int fue 0). HB: (404, 306), PosFlotante: (404.0000, 306.0000)
2025-05-19 17:14:35 - jugador - [DEBUG] - [JUGADOR_0] Input teclado procesado: mov_x_input_raw=180, mov_y_input_raw=0
2025-05-19 17:14:35 - jugador - [DEBUG] - [JUGADOR_0] Delta flotante intentado: dx=3.0600, dy=0.0000 (delta_time: 0.0170)
2025-05-19 17:14:35 - jugador - [DEBUG] - [JUGADOR_0] Pos flotante (pre-límites): (407.0600, 306.0000)
2025-05-19 17:14:35 - jugador - [DEBUG] - [JUGADOR_0] Pos flotante (post-límites): (407.0600, 306.0000)
2025-05-19 17:14:35 - jugador - [DEBUG] - [JUGADOR_0] Movimiento para CH: dx_int=4, dy_int=0. HB (antes CH): (404, 306), PosFlotante: (407.0600,306.0000)
2025-05-19 17:14:35 - jugador - [DEBUG] - [JUGADOR_0] Iniciando gestión de colisión con dx=4, dy=0. Hitbox actual: (404, 306)
2025-05-19 17:14:35 - jugador - [DEBUG] - [JUGADOR_0] Posición POST CH: HB: (408, 306), PosFlotante: (408.00, 306.00)
2025-05-19 17:14:35 - jugador - [DEBUG] - [JUGADOR_0] Delta flotante intentado: dx=2.8800, dy=0.0000 (delta_time: 0.0160)
2025-05-19 17:14:35 - jugador - [DEBUG] - [JUGADOR_0] Pos flotante (pre-límites): (410.8800, 306.0000)
2025-05-19 17:14:35 - jugador - [DEBUG] - [JUGADOR_0] Pos flotante (post-límites): (410.8800, 306.0000)
2025-05-19 17:14:35 - jugador - [DEBUG] - [JUGADOR_0] Movimiento para CH: dx_int=3, dy_int=0. HB (antes CH): (408, 306), PosFlotante: (410.8800,306.0000)
2025-05-19 17:14:35 - jugador - [DEBUG] - [JUGADOR_0] Iniciando gestión de colisión con dx=3, dy=0. Hitbox actual: (408, 306)
2025-05-19 17:14:35 - jugador - [DEBUG] - [JUGADOR_0] Posición POST CH: HB: (433, 306), PosFlotante: (433.00, 306.00)
2025-05-19 17:14:35 - jugador - [DEBUG] - [JUGADOR_0] Pos flotante (pre-límites): (436.0600, 306.0000)
2025-05-19 17:14:35 - jugador - [DEBUG] - [JUGADOR_0] Pos flotante (post-límites): (436.0600, 306.0000)
2025-05-19 17:14:35 - jugador - [DEBUG] - [JUGADOR_0] Movimiento para CH: dx_int=4, dy_int=0. HB (antes CH): (433, 306), PosFlotante: (436.0600,306.0000)
2025-05-19 17:14:35 - jugador - [DEBUG] - [JUGADOR_0] Iniciando gestión de colisión con dx=4, dy=0. Hitbox actual: (433, 306)
2025-05-19 17:14:35 - jugador - [DEBUG] - [JUGADOR_0] Posición POST CH: HB: (437, 306), PosFlotante: (437.00, 306.00)
2025-05-19 17:14:35 - jugador - [DEBUG] - [JUGADOR_0] Input teclado procesado: mov_x_input_raw=180, mov_y_input_raw=0
2025-05-19 17:14:35 - jugador - [DEBUG] - [JUGADOR_0] Pos flotante (pre-límites): (439.8800, 306.0000)
2025-05-19 17:14:35 - jugador - [DEBUG] - [JUGADOR_0] Pos flotante (post-límites): (439.8800, 306.0000)
2025-05-19 17:14:35 - jugador - [DEBUG] - [JUGADOR_0] Movimiento para CH: dx_int=3, dy_int=0. HB (antes CH): (437, 306), PosFlotante: (439.8800,306.0000)
2025-05-19 17:14:35 - jugador - [DEBUG] - [JUGADOR_0] Iniciando gestión de colisión con dx=3, dy=0. Hitbox actual: (437, 306)
2025-05-19 17:14:35 - jugador - [DEBUG] - [JUGADOR_0] Posición POST CH: HB: (440, 306), PosFlotante: (440.00, 306.00)
2025-05-19 17:14:35 - jugador - [DEBUG] - [JUGADOR_0] Delta flotante intentado: dx=2.8800, dy=0.0000 (delta_time: 0.0160)
2025-05-19 17:14:35 - jugador - [DEBUG] - [JUGADOR_0] Pos flotante (pre-límites): (442.8800, 306.0000)
2025-05-19 17:14:35 - jugador - [DEBUG] - [JUGADOR_0] Pos flotante (post-límites): (442.8800, 306.0000)
2025-05-19 17:14:35 - jugador - [DEBUG] - [JUGADOR_0] Movimiento para CH: dx_int=3, dy_int=0. HB (antes CH): (440, 306), PosFlotante: (442.8800,306.0000)
2025-05-19 17:14:35 - jugador - [DEBUG] - [JUGADOR_0] Iniciando gestión de colisión con dx=3, dy=0. Hitbox actual: (440, 306)
2025-05-19 17:14:35 - jugador - [DEBUG] - [JUGADOR_0] Posición POST CH: HB: (443, 306), PosFlotante: (443.00, 306.00)
2025-05-19 17:14:35 - jugador - [DEBUG] - [JUGADOR_0] Delta flotante intentado: dx=3.0600, dy=0.0000 (delta_time: 0.0170)
2025-05-19 17:14:35 - jugador - [DEBUG] - [JUGADOR_0] Pos flotante (pre-límites): (446.0600, 306.0000)
2025-05-19 17:14:35 - jugador - [DEBUG] - [JUGADOR_0] Pos flotante (post-límites): (446.0600, 306.0000)
2025-05-19 17:14:35 - jugador - [DEBUG] - [JUGADOR_0] Movimiento para CH: dx_int=4, dy_int=0. HB (antes CH): (443, 306), PosFlotante: (446.0600,306.0000)
2025-05-19 17:14:35 - jugador - [DEBUG] - [JUGADOR_0] Iniciando gestión de colisión con dx=4, dy=0. Hitbox actual: (443, 306)
2025-05-19 17:14:35 - jugador - [DEBUG] - [JUGADOR_0] Posición POST CH: HB: (447, 306), PosFlotante: (447.00, 306.00)
2025-05-19 17:14:35 - jugador - [DEBUG] - [JUGADOR_0] Pos flotante (pre-límites): (450.0600, 306.0000)
2025-05-19 17:14:35 - jugador - [DEBUG] - [JUGADOR_0] Pos flotante (post-límites): (450.0600, 306.0000)
2025-05-19 17:14:35 - jugador - [DEBUG] - [JUGADOR_0] Movimiento para CH: dx_int=4, dy_int=0. HB (antes CH): (447, 306), PosFlotante: (450.0600,306.0000)
2025-05-19 17:14:35 - jugador - [DEBUG] - [JUGADOR_0] Iniciando gestión de colisión con dx=4, dy=0. Hitbox actual: (447, 306)
2025-05-19 17:14:35 - jugador - [DEBUG] - [JUGADOR_0] Posición POST CH: HB: (451, 306), PosFlotante: (451.00, 306.00)
2025-05-19 17:14:35 - jugador - [DEBUG] - [JUGADOR_0] Input teclado procesado: mov_x_input_raw=180, mov_y_input_raw=0
2025-05-19 17:14:35 - jugador - [DEBUG] - [JUGADOR_0] Pos flotante (pre-límites): (454.0600, 306.0000)
2025-05-19 17:14:35 - jugador - [DEBUG] - [JUGADOR_0] Pos flotante (post-límites): (454.0600, 306.0000)
2025-05-19 17:14:35 - jugador - [DEBUG] - [JUGADOR_0] Movimiento para CH: dx_int=4, dy_int=0. HB (antes CH): (451, 306), PosFlotante: (454.0600,306.0000)
2025-05-19 17:14:35 - jugador - [DEBUG] - [JUGADOR_0] Iniciando gestión de colisión con dx=4, dy=0. Hitbox actual: (451, 306)
2025-05-19 17:14:35 - jugador - [DEBUG] - [JUGADOR_0] Posición POST CH: HB: (455, 306), PosFlotante: (455.00, 306.00)
2025-05-19 17:14:35 - jugador - [DEBUG] - [JUGADOR_0] Delta flotante intentado: dx=3.0600, dy=0.0000 (delta_time: 0.0170)
2025-05-19 17:14:35 - jugador - [DEBUG] - [JUGADOR_0] Pos flotante (pre-límites): (458.0600, 306.0000)
2025-05-19 17:14:35 - jugador - [DEBUG] - [JUGADOR_0] Pos flotante (post-límites): (458.0600, 306.0000)
2025-05-19 17:14:35 - jugador - [DEBUG] - [JUGADOR_0] Movimiento para CH: dx_int=4, dy_int=0. HB (antes CH): (455, 306), PosFlotante: (458.0600,306.0000)
2025-05-19 17:14:35 - jugador - [DEBUG] - [JUGADOR_0] Iniciando gestión de colisión con dx=4, dy=0. Hitbox actual: (455, 306)
2025-05-19 17:14:35 - jugador - [DEBUG] - [JUGADOR_0] Posición POST CH: HB: (459, 306), PosFlotante: (459.00, 306.00)
2025-05-19 17:14:35 - jugador - [DEBUG] - [JUGADOR_0] Input teclado procesado: mov_x_input_raw=180, mov_y_input_raw=180
2025-05-19 17:14:35 - jugador - [DEBUG] - [JUGADOR_0] Delta flotante intentado: dx=2.8800, dy=2.8800 (delta_time: 0.0160)
2025-05-19 17:14:35 - jugador - [DEBUG] - [JUGADOR_0] Pos flotante (pre-límites): (461.8800, 308.8800)
2025-05-19 17:14:35 - jugador - [DEBUG] - [JUGADOR_0] Pos flotante (post-límites): (461.8800, 308.8800)
2025-05-19 17:14:35 - jugador - [DEBUG] - [JUGADOR_0] Movimiento para CH: dx_int=3, dy_int=3. HB (antes CH): (459, 306), PosFlotante: (461.8800,308.8800)
2025-05-19 17:14:35 - jugador - [DEBUG] - [JUGADOR_0] Iniciando gestión de colisión con dx=3, dy=3. Hitbox actual: (459, 306)
2025-05-19 17:14:35 - jugador - [DEBUG] - [JUGADOR_0] Posición POST CH: HB: (462, 309), PosFlotante: (462.00, 309.00)
2025-05-19 17:14:35 - jugador - [DEBUG] - [JUGADOR_0] Pos flotante (pre-límites): (464.8800, 311.8800)
2025-05-19 17:14:35 - jugador - [DEBUG] - [JUGADOR_0] Pos flotante (post-límites): (464.8800, 311.8800)
2025-05-19 17:14:35 - jugador - [DEBUG] - [JUGADOR_0] Movimiento para CH: dx_int=3, dy_int=3. HB (antes CH): (462, 309), PosFlotante: (464.8800,311.8800)
2025-05-19 17:14:35 - jugador - [DEBUG] - [JUGADOR_0] Iniciando gestión de colisión con dx=3, dy=3. Hitbox actual: (462, 309)
2025-05-19 17:14:35 - jugador - [DEBUG] - [JUGADOR_0] Posición POST CH: HB: (465, 312), PosFlotante: (465.00, 312.00)
2025-05-19 17:14:35 - jugador - [DEBUG] - [JUGADOR_0] Delta flotante intentado: dx=3.0600, dy=3.0600 (delta_time: 0.0170)
2025-05-19 17:14:35 - jugador - [DEBUG] - [JUGADOR_0] Pos flotante (pre-límites): (468.0600, 315.0600)
2025-05-19 17:14:35 - jugador - [DEBUG] - [JUGADOR_0] Pos flotante (post-límites): (468.0600, 315.0600)
2025-05-19 17:14:35 - jugador - [DEBUG] - [JUGADOR_0] Movimiento para CH: dx_int=4, dy_int=4. HB (antes CH): (465, 312), PosFlotante: (468.0600,315.0600)
2025-05-19 17:14:35 - jugador - [DEBUG] - [JUGADOR_0] Iniciando gestión de colisión con dx=4, dy=4. Hitbox actual: (465, 312)
2025-05-19 17:14:35 - jugador - [DEBUG] - [JUGADOR_0] Posición POST CH: HB: (469, 316), PosFlotante: (469.00, 316.00)
2025-05-19 17:14:35 - jugador - [DEBUG] - [JUGADOR_0] Pos flotante (pre-límites): (472.0600, 319.0600)
2025-05-19 17:14:35 - jugador - [DEBUG] - [JUGADOR_0] Pos flotante (post-límites): (472.0600, 319.0600)
2025-05-19 17:14:35 - jugador - [DEBUG] - [JUGADOR_0] Movimiento para CH: dx_int=4, dy_int=4. HB (antes CH): (469, 316), PosFlotante: (472.0600,319.0600)
2025-05-19 17:14:35 - jugador - [DEBUG] - [JUGADOR_0] Iniciando gestión de colisión con dx=4, dy=4. Hitbox actual: (469, 316)
2025-05-19 17:14:35 - jugador - [DEBUG] - [JUGADOR_0] Posición POST CH: HB: (473, 320), PosFlotante: (473.00, 320.00)
2025-05-19 17:14:35 - jugador - [DEBUG] - [JUGADOR_0] Input teclado procesado: mov_x_input_raw=180, mov_y_input_raw=180
2025-05-19 17:14:35 - jugador - [DEBUG] - [JUGADOR_0] Pos flotante (pre-límites): (476.0600, 323.0600)
2025-05-19 17:14:35 - jugador - [DEBUG] - [JUGADOR_0] Pos flotante (post-límites): (476.0600, 323.0600)
2025-05-19 17:14:35 - jugador - [DEBUG] - [JUGADOR_0] Movimiento para CH: dx_int=4, dy_int=4. HB (antes CH): (473, 320), PosFlotante: (476.0600,323.0600)
2025-05-19 17:14:35 - jugador - [DEBUG] - [JUGADOR_0] Iniciando gestión de colisión con dx=4, dy=4. Hitbox actual: (473, 320)
2025-05-19 17:14:35 - jugador - [DEBUG] - [JUGADOR_0] Posición POST CH: HB: (477, 324), PosFlotante: (477.00, 324.00)
2025-05-19 17:14:35 - jugador - [DEBUG] - [JUGADOR_0] Delta flotante intentado: dx=3.0600, dy=3.0600 (delta_time: 0.0170)
2025-05-19 17:14:35 - jugador - [DEBUG] - [JUGADOR_0] Pos flotante (pre-límites): (480.0600, 327.0600)
2025-05-19 17:14:35 - jugador - [DEBUG] - [JUGADOR_0] Pos flotante (post-límites): (480.0600, 327.0600)
2025-05-19 17:14:35 - jugador - [DEBUG] - [JUGADOR_0] Movimiento para CH: dx_int=4, dy_int=4. HB (antes CH): (477, 324), PosFlotante: (480.0600,327.0600)
2025-05-19 17:14:35 - jugador - [DEBUG] - [JUGADOR_0] Iniciando gestión de colisión con dx=4, dy=4. Hitbox actual: (477, 324)
2025-05-19 17:14:35 - jugador - [DEBUG] - [JUGADOR_0] Posición POST CH: HB: (481, 328), PosFlotante: (481.00, 328.00)
2025-05-19 17:14:35 - jugador - [DEBUG] - [JUGADOR_0] Pos flotante (pre-límites): (484.0600, 331.0600)
2025-05-19 17:14:35 - jugador - [DEBUG] - [JUGADOR_0] Pos flotante (post-límites): (484.0600, 331.0600)
2025-05-19 17:14:35 - jugador - [DEBUG] - [JUGADOR_0] Movimiento para CH: dx_int=4, dy_int=4. HB (antes CH): (481, 328), PosFlotante: (484.0600,331.0600)
2025-05-19 17:14:35 - jugador - [DEBUG] - [JUGADOR_0] Iniciando gestión de colisión con dx=4, dy=4. Hitbox actual: (481, 328)
2025-05-19 17:14:35 - jugador - [DEBUG] - [JUGADOR_0] Posición POST CH: HB: (481, 332), PosFlotante: (481.00, 332.00)
2025-05-19 17:14:35 - jugador - [DEBUG] - [JUGADOR_0] Input teclado procesado: mov_x_input_raw=180, mov_y_input_raw=180
2025-05-19 17:14:35 - jugador - [DEBUG] - [JUGADOR_0] Pos flotante (pre-límites): (484.0600, 335.0600)
2025-05-19 17:14:35 - jugador - [DEBUG] - [JUGADOR_0] Pos flotante (post-límites): (484.0600, 335.0600)
2025-05-19 17:14:35 - jugador - [DEBUG] - [JUGADOR_0] Movimiento para CH: dx_int=4, dy_int=4. HB (antes CH): (481, 332), PosFlotante: (484.0600,335.0600)
2025-05-19 17:14:35 - jugador - [DEBUG] - [JUGADOR_0] Iniciando gestión de colisión con dx=4, dy=4. Hitbox actual: (481, 332)
2025-05-19 17:14:35 - jugador - [DEBUG] - [JUGADOR_0] Posición POST CH: HB: (481, 336), PosFlotante: (481.00, 336.00)
2025-05-19 17:14:35 - jugador - [DEBUG] - [JUGADOR_0] Input teclado procesado: mov_x_input_raw=-180, mov_y_input_raw=180
2025-05-19 17:14:35 - jugador - [DEBUG] - [JUGADOR_0] Delta flotante intentado: dx=-3.0600, dy=3.0600 (delta_time: 0.0170)
2025-05-19 17:14:35 - jugador - [DEBUG] - [JUGADOR_0] Pos flotante (pre-límites): (477.9400, 339.0600)
2025-05-19 17:14:35 - jugador - [DEBUG] - [JUGADOR_0] Pos flotante (post-límites): (477.9400, 339.0600)
2025-05-19 17:14:35 - jugador - [DEBUG] - [JUGADOR_0] Movimiento para CH: dx_int=-4, dy_int=4. HB (antes CH): (481, 336), PosFlotante: (477.9400,339.0600)
2025-05-19 17:14:35 - jugador - [DEBUG] - [JUGADOR_0] Iniciando gestión de colisión con dx=-4, dy=4. Hitbox actual: (481, 336)
2025-05-19 17:14:35 - jugador - [DEBUG] - [JUGADOR_0] Posición POST CH: HB: (477, 340), PosFlotante: (477.00, 340.00)
2025-05-19 17:14:35 - jugador - [DEBUG] - [JUGADOR_0] Pos flotante (pre-límites): (473.9400, 343.0600)
2025-05-19 17:14:35 - jugador - [DEBUG] - [JUGADOR_0] Pos flotante (post-límites): (473.9400, 343.0600)
2025-05-19 17:14:35 - jugador - [DEBUG] - [JUGADOR_0] Movimiento para CH: dx_int=-4, dy_int=4. HB (antes CH): (477, 340), PosFlotante: (473.9400,343.0600)
2025-05-19 17:14:35 - jugador - [DEBUG] - [JUGADOR_0] Iniciando gestión de colisión con dx=-4, dy=4. Hitbox actual: (477, 340)
2025-05-19 17:14:35 - jugador - [DEBUG] - [JUGADOR_0] Posición POST CH: HB: (473, 344), PosFlotante: (473.00, 344.00)
2025-05-19 17:14:35 - jugador - [DEBUG] - [JUGADOR_0] Delta flotante intentado: dx=-2.8800, dy=2.8800 (delta_time: 0.0160)
2025-05-19 17:14:35 - jugador - [DEBUG] - [JUGADOR_0] Pos flotante (pre-límites): (470.1200, 346.8800)
2025-05-19 17:14:35 - jugador - [DEBUG] - [JUGADOR_0] Pos flotante (post-límites): (470.1200, 346.8800)
2025-05-19 17:14:35 - jugador - [DEBUG] - [JUGADOR_0] Movimiento para CH: dx_int=-3, dy_int=3. HB (antes CH): (473, 344), PosFlotante: (470.1200,346.8800)
2025-05-19 17:14:35 - jugador - [DEBUG] - [JUGADOR_0] Iniciando gestión de colisión con dx=-3, dy=3. Hitbox actual: (473, 344)
2025-05-19 17:14:35 - jugador - [DEBUG] - [JUGADOR_0] Posición POST CH: HB: (470, 347), PosFlotante: (470.00, 347.00)
2025-05-19 17:14:35 - jugador - [DEBUG] - [JUGADOR_0] Pos flotante (pre-límites): (467.1200, 349.8800)
2025-05-19 17:14:35 - jugador - [DEBUG] - [JUGADOR_0] Pos flotante (post-límites): (467.1200, 349.8800)
2025-05-19 17:14:35 - jugador - [DEBUG] - [JUGADOR_0] Movimiento para CH: dx_int=-3, dy_int=3. HB (antes CH): (470, 347), PosFlotante: (467.1200,349.8800)
2025-05-19 17:14:35 - jugador - [DEBUG] - [JUGADOR_0] Iniciando gestión de colisión con dx=-3, dy=3. Hitbox actual: (470, 347)
2025-05-19 17:14:35 - jugador - [DEBUG] - [JUGADOR_0] Posición POST CH: HB: (467, 350), PosFlotante: (467.00, 350.00)
2025-05-19 17:14:35 - jugador - [DEBUG] - [JUGADOR_0] Input teclado procesado: mov_x_input_raw=-180, mov_y_input_raw=0
2025-05-19 17:14:35 - jugador - [DEBUG] - [JUGADOR_0] Delta flotante intentado: dx=-2.8800, dy=0.0000 (delta_time: 0.0160)
2025-05-19 17:14:35 - jugador - [DEBUG] - [JUGADOR_0] Pos flotante (pre-límites): (464.1200, 350.0000)
2025-05-19 17:14:35 - jugador - [DEBUG] - [JUGADOR_0] Pos flotante (post-límites): (464.1200, 350.0000)
2025-05-19 17:14:35 - jugador - [DEBUG] - [JUGADOR_0] Movimiento para CH: dx_int=-3, dy_int=0. HB (antes CH): (467, 350), PosFlotante: (464.1200,350.0000)
2025-05-19 17:14:35 - jugador - [DEBUG] - [JUGADOR_0] Iniciando gestión de colisión con dx=-3, dy=0. Hitbox actual: (467, 350)
2025-05-19 17:14:35 - jugador - [DEBUG] - [JUGADOR_0] Posición POST CH: HB: (464, 350), PosFlotante: (464.00, 350.00)
2025-05-19 17:14:35 - jugador - [DEBUG] - [JUGADOR_0] Delta flotante intentado: dx=-3.0600, dy=0.0000 (delta_time: 0.0170)
2025-05-19 17:14:35 - jugador - [DEBUG] - [JUGADOR_0] Pos flotante (pre-límites): (460.9400, 350.0000)
2025-05-19 17:14:35 - jugador - [DEBUG] - [JUGADOR_0] Pos flotante (post-límites): (460.9400, 350.0000)
2025-05-19 17:14:35 - jugador - [DEBUG] - [JUGADOR_0] Movimiento para CH: dx_int=-4, dy_int=0. HB (antes CH): (464, 350), PosFlotante: (460.9400,350.0000)
2025-05-19 17:14:35 - jugador - [DEBUG] - [JUGADOR_0] Iniciando gestión de colisión con dx=-4, dy=0. Hitbox actual: (464, 350)
2025-05-19 17:14:35 - jugador - [DEBUG] - [JUGADOR_0] Posición POST CH: HB: (460, 350), PosFlotante: (460.00, 350.00)
2025-05-19 17:14:35 - jugador - [DEBUG] - [JUGADOR_0] Pos flotante (pre-límites): (456.9400, 350.0000)
2025-05-19 17:14:35 - jugador - [DEBUG] - [JUGADOR_0] Pos flotante (post-límites): (456.9400, 350.0000)
2025-05-19 17:14:35 - jugador - [DEBUG] - [JUGADOR_0] Movimiento para CH: dx_int=-4, dy_int=0. HB (antes CH): (460, 350), PosFlotante: (456.9400,350.0000)
2025-05-19 17:14:35 - jugador - [DEBUG] - [JUGADOR_0] Iniciando gestión de colisión con dx=-4, dy=0. Hitbox actual: (460, 350)
2025-05-19 17:14:35 - jugador - [DEBUG] - [JUGADOR_0] Posición POST CH: HB: (456, 350), PosFlotante: (456.00, 350.00)
2025-05-19 17:14:35 - jugador - [DEBUG] - [JUGADOR_0] Input teclado procesado: mov_x_input_raw=-180, mov_y_input_raw=0
2025-05-19 17:14:35 - jugador - [DEBUG] - [JUGADOR_0] Pos flotante (pre-límites): (452.9400, 350.0000)
2025-05-19 17:14:35 - jugador - [DEBUG] - [JUGADOR_0] Pos flotante (post-límites): (452.9400, 350.0000)
2025-05-19 17:14:35 - jugador - [DEBUG] - [JUGADOR_0] Movimiento para CH: dx_int=-4, dy_int=0. HB (antes CH): (456, 350), PosFlotante: (452.9400,350.0000)
2025-05-19 17:14:35 - jugador - [DEBUG] - [JUGADOR_0] Iniciando gestión de colisión con dx=-4, dy=0. Hitbox actual: (456, 350)
2025-05-19 17:14:35 - jugador - [DEBUG] - [JUGADOR_0] Posición POST CH: HB: (452, 350), PosFlotante: (452.00, 350.00)
2025-05-19 17:14:35 - jugador - [DEBUG] - [JUGADOR_0] Delta flotante intentado: dx=-3.0600, dy=0.0000 (delta_time: 0.0170)
2025-05-19 17:14:35 - jugador - [DEBUG] - [JUGADOR_0] Pos flotante (pre-límites): (448.9400, 350.0000)
2025-05-19 17:14:35 - jugador - [DEBUG] - [JUGADOR_0] Pos flotante (post-límites): (448.9400, 350.0000)
2025-05-19 17:14:35 - jugador - [DEBUG] - [JUGADOR_0] Movimiento para CH: dx_int=-4, dy_int=0. HB (antes CH): (452, 350), PosFlotante: (448.9400,350.0000)
2025-05-19 17:14:35 - jugador - [DEBUG] - [JUGADOR_0] Iniciando gestión de colisión con dx=-4, dy=0. Hitbox actual: (452, 350)
2025-05-19 17:14:35 - jugador - [DEBUG] - [JUGADOR_0] Posición POST CH: HB: (468, 350), PosFlotante: (468.00, 350.00)
2025-05-19 17:14:35 - jugador - [DEBUG] - [JUGADOR_0] Pos flotante (pre-límites): (464.9400, 350.0000)
2025-05-19 17:14:35 - jugador - [DEBUG] - [JUGADOR_0] Pos flotante (post-límites): (464.9400, 350.0000)
2025-05-19 17:14:35 - jugador - [DEBUG] - [JUGADOR_0] Movimiento para CH: dx_int=-4, dy_int=0. HB (antes CH): (468, 350), PosFlotante: (464.9400,350.0000)
2025-05-19 17:14:35 - jugador - [DEBUG] - [JUGADOR_0] Iniciando gestión de colisión con dx=-4, dy=0. Hitbox actual: (468, 350)
2025-05-19 17:14:35 - jugador - [DEBUG] - [JUGADOR_0] Posición POST CH: HB: (469, 350), PosFlotante: (469.00, 350.00)
2025-05-19 17:14:35 - jugador - [INFO] - [JUGADOR_0] ATAQUE INICIADO (Cooldown: 700.0ms). Perfil: 'espada_predeterminada'
2025-05-19 17:14:35 - jugador - [DEBUG] - [JUGADOR_0] Input teclado procesado: mov_x_input_raw=-180, mov_y_input_raw=0
2025-05-19 17:14:35 - jugador - [DEBUG] - [JUGADOR_0] Pos flotante (pre-límites): (465.9400, 350.0000)
2025-05-19 17:14:35 - jugador - [DEBUG] - [JUGADOR_0] Pos flotante (post-límites): (465.9400, 350.0000)
2025-05-19 17:14:35 - jugador - [DEBUG] - [JUGADOR_0] Movimiento para CH: dx_int=-4, dy_int=0. HB (antes CH): (469, 350), PosFlotante: (465.9400,350.0000)
2025-05-19 17:14:35 - jugador - [DEBUG] - [JUGADOR_0] Iniciando gestión de colisión con dx=-4, dy=0. Hitbox actual: (469, 350)
2025-05-19 17:14:35 - jugador - [DEBUG] - [JUGADOR_0] Posición POST CH: HB: (470, 350), PosFlotante: (470.00, 350.00)
2025-05-19 17:14:35 - jugador - [DEBUG] - [JUGADOR_0] Hitbox ataque: <rect(430, 327, 54, 69)>, Dir: (-1.00, 0.00)
2025-05-19 17:14:35 - jugador - [INFO] - [JUGADOR_0] GOLPEÓ a [Enemigo_2] con perfil 'espada_predeterminada'. Daño: 5.0
2025-05-19 17:14:35 - jugador - [DEBUG] - [JUGADOR_0] Delta flotante intentado: dx=-2.8800, dy=0.0000 (delta_time: 0.0160)
2025-05-19 17:14:35 - jugador - [DEBUG] - [JUGADOR_0] Pos flotante (pre-límites): (467.1200, 350.0000)
2025-05-19 17:14:35 - jugador - [DEBUG] - [JUGADOR_0] Pos flotante (post-límites): (467.1200, 350.0000)
2025-05-19 17:14:35 - jugador - [DEBUG] - [JUGADOR_0] Movimiento para CH: dx_int=-3, dy_int=0. HB (antes CH): (470, 350), PosFlotante: (467.1200,350.0000)
2025-05-19 17:14:35 - jugador - [DEBUG] - [JUGADOR_0] Iniciando gestión de colisión con dx=-3, dy=0. Hitbox actual: (470, 350)
2025-05-19 17:14:35 - jugador - [DEBUG] - [JUGADOR_0] Posición POST CH: HB: (467, 350), PosFlotante: (467.00, 350.00)
2025-05-19 17:14:35 - jugador - [DEBUG] - [JUGADOR_0] Hitbox ataque: <rect(427, 327, 54, 69)>, Dir: (-1.00, 0.00)
2025-05-19 17:14:35 - jugador - [DEBUG] - [JUGADOR_0] Delta flotante intentado: dx=-3.0600, dy=0.0000 (delta_time: 0.0170)
2025-05-19 17:14:35 - jugador - [DEBUG] - [JUGADOR_0] Pos flotante (pre-límites): (463.9400, 350.0000)
2025-05-19 17:14:35 - jugador - [DEBUG] - [JUGADOR_0] Pos flotante (post-límites): (463.9400, 350.0000)
2025-05-19 17:14:35 - jugador - [DEBUG] - [JUGADOR_0] Movimiento para CH: dx_int=-4, dy_int=0. HB (antes CH): (467, 350), PosFlotante: (463.9400,350.0000)
2025-05-19 17:14:35 - jugador - [DEBUG] - [JUGADOR_0] Iniciando gestión de colisión con dx=-4, dy=0. Hitbox actual: (467, 350)
2025-05-19 17:14:35 - jugador - [DEBUG] - [JUGADOR_0] Posición POST CH: HB: (463, 350), PosFlotante: (463.00, 350.00)
2025-05-19 17:14:35 - jugador - [DEBUG] - [JUGADOR_0] Hitbox ataque: <rect(423, 327, 54, 69)>, Dir: (-1.00, 0.00)
2025-05-19 17:14:35 - jugador - [DEBUG] - [JUGADOR_0] Pos flotante (pre-límites): (459.9400, 350.0000)
2025-05-19 17:14:35 - jugador - [DEBUG] - [JUGADOR_0] Pos flotante (post-límites): (459.9400, 350.0000)
2025-05-19 17:14:35 - jugador - [DEBUG] - [JUGADOR_0] Movimiento para CH: dx_int=-4, dy_int=0. HB (antes CH): (463, 350), PosFlotante: (459.9400,350.0000)
2025-05-19 17:14:35 - jugador - [DEBUG] - [JUGADOR_0] Iniciando gestión de colisión con dx=-4, dy=0. Hitbox actual: (463, 350)
2025-05-19 17:14:35 - jugador - [DEBUG] - [JUGADOR_0] Posición POST CH: HB: (459, 350), PosFlotante: (459.00, 350.00)
2025-05-19 17:14:35 - jugador - [DEBUG] - [JUGADOR_0] Hitbox ataque: <rect(419, 327, 54, 69)>, Dir: (-1.00, 0.00)
2025-05-19 17:14:35 - jugador - [DEBUG] - [JUGADOR_0] Input teclado procesado: mov_x_input_raw=-180, mov_y_input_raw=0
2025-05-19 17:14:35 - jugador - [DEBUG] - [JUGADOR_0] Pos flotante (pre-límites): (455.9400, 350.0000)
2025-05-19 17:14:35 - jugador - [DEBUG] - [JUGADOR_0] Pos flotante (post-límites): (455.9400, 350.0000)
2025-05-19 17:14:35 - jugador - [DEBUG] - [JUGADOR_0] Movimiento para CH: dx_int=-4, dy_int=0. HB (antes CH): (459, 350), PosFlotante: (455.9400,350.0000)
2025-05-19 17:14:35 - jugador - [DEBUG] - [JUGADOR_0] Iniciando gestión de colisión con dx=-4, dy=0. Hitbox actual: (459, 350)
2025-05-19 17:14:35 - jugador - [DEBUG] - [JUGADOR_0] Posición POST CH: HB: (455, 350), PosFlotante: (455.00, 350.00)
2025-05-19 17:14:35 - jugador - [DEBUG] - [JUGADOR_0] Hitbox ataque: <rect(415, 327, 54, 69)>, Dir: (-1.00, 0.00)
2025-05-19 17:14:35 - jugador - [DEBUG] - [JUGADOR_0] Delta flotante intentado: dx=-3.0600, dy=0.0000 (delta_time: 0.0170)
2025-05-19 17:14:35 - jugador - [DEBUG] - [JUGADOR_0] Pos flotante (pre-límites): (451.9400, 350.0000)
2025-05-19 17:14:35 - jugador - [DEBUG] - [JUGADOR_0] Pos flotante (post-límites): (451.9400, 350.0000)
2025-05-19 17:14:35 - jugador - [DEBUG] - [JUGADOR_0] Movimiento para CH: dx_int=-4, dy_int=0. HB (antes CH): (455, 350), PosFlotante: (451.9400,350.0000)
2025-05-19 17:14:35 - jugador - [DEBUG] - [JUGADOR_0] Iniciando gestión de colisión con dx=-4, dy=0. Hitbox actual: (455, 350)
2025-05-19 17:14:35 - jugador - [DEBUG] - [JUGADOR_0] Posición POST CH: HB: (451, 350), PosFlotante: (451.00, 350.00)
2025-05-19 17:14:35 - jugador - [DEBUG] - [JUGADOR_0] Hitbox ataque: <rect(411, 327, 54, 69)>, Dir: (-1.00, 0.00)
2025-05-19 17:14:36 - jugador - [DEBUG] - [JUGADOR_0] Delta flotante intentado: dx=-2.8800, dy=0.0000 (delta_time: 0.0160)
2025-05-19 17:14:36 - jugador - [DEBUG] - [JUGADOR_0] Pos flotante (pre-límites): (448.1200, 350.0000)
2025-05-19 17:14:36 - jugador - [DEBUG] - [JUGADOR_0] Pos flotante (post-límites): (448.1200, 350.0000)
2025-05-19 17:14:36 - jugador - [DEBUG] - [JUGADOR_0] Movimiento para CH: dx_int=-3, dy_int=0. HB (antes CH): (451, 350), PosFlotante: (448.1200,350.0000)
2025-05-19 17:14:36 - jugador - [DEBUG] - [JUGADOR_0] Iniciando gestión de colisión con dx=-3, dy=0. Hitbox actual: (451, 350)
2025-05-19 17:14:36 - jugador - [DEBUG] - [JUGADOR_0] Posición POST CH: HB: (448, 350), PosFlotante: (448.00, 350.00)
2025-05-19 17:14:36 - jugador - [DEBUG] - [JUGADOR_0] Hitbox ataque: <rect(408, 327, 54, 69)>, Dir: (-1.00, 0.00)
2025-05-19 17:14:36 - jugador - [DEBUG] - [JUGADOR_0] Pos flotante (pre-límites): (445.1200, 350.0000)
2025-05-19 17:14:36 - jugador - [DEBUG] - [JUGADOR_0] Pos flotante (post-límites): (445.1200, 350.0000)
2025-05-19 17:14:36 - jugador - [DEBUG] - [JUGADOR_0] Movimiento para CH: dx_int=-3, dy_int=0. HB (antes CH): (448, 350), PosFlotante: (445.1200,350.0000)
2025-05-19 17:14:36 - jugador - [DEBUG] - [JUGADOR_0] Iniciando gestión de colisión con dx=-3, dy=0. Hitbox actual: (448, 350)
2025-05-19 17:14:36 - jugador - [DEBUG] - [JUGADOR_0] Posición POST CH: HB: (445, 350), PosFlotante: (445.00, 350.00)
2025-05-19 17:14:36 - jugador - [DEBUG] - [JUGADOR_0] Hitbox ataque: <rect(405, 327, 54, 69)>, Dir: (-1.00, 0.00)
2025-05-19 17:14:36 - jugador - [DEBUG] - [JUGADOR_0] Input teclado procesado: mov_x_input_raw=-180, mov_y_input_raw=0
2025-05-19 17:14:36 - jugador - [DEBUG] - [JUGADOR_0] Pos flotante (pre-límites): (442.1200, 350.0000)
2025-05-19 17:14:36 - jugador - [DEBUG] - [JUGADOR_0] Pos flotante (post-límites): (442.1200, 350.0000)
2025-05-19 17:14:36 - jugador - [DEBUG] - [JUGADOR_0] Movimiento para CH: dx_int=-3, dy_int=0. HB (antes CH): (445, 350), PosFlotante: (442.1200,350.0000)
2025-05-19 17:14:36 - jugador - [DEBUG] - [JUGADOR_0] Iniciando gestión de colisión con dx=-3, dy=0. Hitbox actual: (445, 350)
2025-05-19 17:14:36 - jugador - [DEBUG] - [JUGADOR_0] Posición POST CH: HB: (442, 350), PosFlotante: (442.00, 350.00)
2025-05-19 17:14:36 - jugador - [DEBUG] - [JUGADOR_0] Hitbox ataque: <rect(402, 327, 54, 69)>, Dir: (-1.00, 0.00)
2025-05-19 17:14:36 - jugador - [DEBUG] - [JUGADOR_0] Delta flotante intentado: dx=-3.0600, dy=0.0000 (delta_time: 0.0170)
2025-05-19 17:14:36 - jugador - [DEBUG] - [JUGADOR_0] Pos flotante (pre-límites): (438.9400, 350.0000)
2025-05-19 17:14:36 - jugador - [DEBUG] - [JUGADOR_0] Pos flotante (post-límites): (438.9400, 350.0000)
2025-05-19 17:14:36 - jugador - [DEBUG] - [JUGADOR_0] Movimiento para CH: dx_int=-4, dy_int=0. HB (antes CH): (442, 350), PosFlotante: (438.9400,350.0000)
2025-05-19 17:14:36 - jugador - [DEBUG] - [JUGADOR_0] Iniciando gestión de colisión con dx=-4, dy=0. Hitbox actual: (442, 350)
2025-05-19 17:14:36 - jugador - [DEBUG] - [JUGADOR_0] Posición POST CH: HB: (438, 350), PosFlotante: (438.00, 350.00)
2025-05-19 17:14:36 - jugador - [DEBUG] - [JUGADOR_0] Hitbox ataque: <rect(398, 327, 54, 69)>, Dir: (-1.00, 0.00)
2025-05-19 17:14:36 - jugador - [DEBUG] - [JUGADOR_0] Pos flotante (pre-límites): (434.9400, 350.0000)
2025-05-19 17:14:36 - jugador - [DEBUG] - [JUGADOR_0] Pos flotante (post-límites): (434.9400, 350.0000)
2025-05-19 17:14:36 - jugador - [DEBUG] - [JUGADOR_0] Movimiento para CH: dx_int=-4, dy_int=0. HB (antes CH): (438, 350), PosFlotante: (434.9400,350.0000)
2025-05-19 17:14:36 - jugador - [DEBUG] - [JUGADOR_0] Iniciando gestión de colisión con dx=-4, dy=0. Hitbox actual: (438, 350)
2025-05-19 17:14:36 - jugador - [DEBUG] - [JUGADOR_0] Posición POST CH: HB: (434, 350), PosFlotante: (434.00, 350.00)
2025-05-19 17:14:36 - jugador - [DEBUG] - [JUGADOR_0] Hitbox ataque: <rect(394, 327, 54, 69)>, Dir: (-1.00, 0.00)
2025-05-19 17:14:36 - jugador - [DEBUG] - [JUGADOR_0] Input teclado procesado: mov_x_input_raw=-180, mov_y_input_raw=0
2025-05-19 17:14:36 - jugador - [DEBUG] - [JUGADOR_0] Pos flotante (pre-límites): (430.9400, 350.0000)
2025-05-19 17:14:36 - jugador - [DEBUG] - [JUGADOR_0] Pos flotante (post-límites): (430.9400, 350.0000)
2025-05-19 17:14:36 - jugador - [DEBUG] - [JUGADOR_0] Movimiento para CH: dx_int=-4, dy_int=0. HB (antes CH): (434, 350), PosFlotante: (430.9400,350.0000)
2025-05-19 17:14:36 - jugador - [DEBUG] - [JUGADOR_0] Iniciando gestión de colisión con dx=-4, dy=0. Hitbox actual: (434, 350)
2025-05-19 17:14:36 - jugador - [DEBUG] - [JUGADOR_0] Posición POST CH: HB: (430, 350), PosFlotante: (430.00, 350.00)
2025-05-19 17:14:36 - jugador - [DEBUG] - [JUGADOR_0] Hitbox ataque: <rect(390, 327, 54, 69)>, Dir: (-1.00, 0.00)
2025-05-19 17:14:36 - jugador - [DEBUG] - [JUGADOR_0] Input teclado procesado: mov_x_input_raw=180, mov_y_input_raw=0
2025-05-19 17:14:36 - jugador - [DEBUG] - [JUGADOR_0] Delta flotante intentado: dx=3.0600, dy=0.0000 (delta_time: 0.0170)
2025-05-19 17:14:36 - jugador - [DEBUG] - [JUGADOR_0] Pos flotante (pre-límites): (433.0600, 350.0000)
2025-05-19 17:14:36 - jugador - [DEBUG] - [JUGADOR_0] Pos flotante (post-límites): (433.0600, 350.0000)
2025-05-19 17:14:36 - jugador - [DEBUG] - [JUGADOR_0] Movimiento para CH: dx_int=4, dy_int=0. HB (antes CH): (430, 350), PosFlotante: (433.0600,350.0000)
2025-05-19 17:14:36 - jugador - [DEBUG] - [JUGADOR_0] Iniciando gestión de colisión con dx=4, dy=0. Hitbox actual: (430, 350)
2025-05-19 17:14:36 - jugador - [DEBUG] - [JUGADOR_0] Hitbox ataque: <rect(444, 327, 54, 69)>, Dir: (1.00, 0.00)
2025-05-19 17:14:36 - jugador - [DEBUG] - [JUGADOR_0] Pos flotante (pre-límites): (437.0600, 350.0000)
2025-05-19 17:14:36 - jugador - [DEBUG] - [JUGADOR_0] Pos flotante (post-límites): (437.0600, 350.0000)
2025-05-19 17:14:36 - jugador - [DEBUG] - [JUGADOR_0] Movimiento para CH: dx_int=4, dy_int=0. HB (antes CH): (434, 350), PosFlotante: (437.0600,350.0000)
2025-05-19 17:14:36 - jugador - [DEBUG] - [JUGADOR_0] Iniciando gestión de colisión con dx=4, dy=0. Hitbox actual: (434, 350)
2025-05-19 17:14:36 - jugador - [DEBUG] - [JUGADOR_0] Posición POST CH: HB: (438, 350), PosFlotante: (438.00, 350.00)
2025-05-19 17:14:36 - jugador - [DEBUG] - [JUGADOR_0] Hitbox ataque: <rect(448, 327, 54, 69)>, Dir: (1.00, 0.00)
2025-05-19 17:14:36 - jugador - [DEBUG] - [JUGADOR_0] Delta flotante intentado: dx=2.8800, dy=0.0000 (delta_time: 0.0160)
2025-05-19 17:14:36 - jugador - [DEBUG] - [JUGADOR_0] Pos flotante (pre-límites): (440.8800, 350.0000)
2025-05-19 17:14:36 - jugador - [DEBUG] - [JUGADOR_0] Pos flotante (post-límites): (440.8800, 350.0000)
2025-05-19 17:14:36 - jugador - [DEBUG] - [JUGADOR_0] Movimiento para CH: dx_int=3, dy_int=0. HB (antes CH): (438, 350), PosFlotante: (440.8800,350.0000)
2025-05-19 17:14:36 - jugador - [DEBUG] - [JUGADOR_0] Iniciando gestión de colisión con dx=3, dy=0. Hitbox actual: (438, 350)
2025-05-19 17:14:36 - jugador - [DEBUG] - [JUGADOR_0] Posición POST CH: HB: (441, 350), PosFlotante: (441.00, 350.00)
2025-05-19 17:14:36 - jugador - [DEBUG] - [JUGADOR_0] Hitbox ataque: <rect(451, 327, 54, 69)>, Dir: (1.00, 0.00)
2025-05-19 17:14:36 - jugador - [DEBUG] - [JUGADOR_0] Pos flotante (pre-límites): (444.0600, 350.0000)
2025-05-19 17:14:36 - jugador - [DEBUG] - [JUGADOR_0] Pos flotante (post-límites): (444.0600, 350.0000)
2025-05-19 17:14:36 - jugador - [DEBUG] - [JUGADOR_0] Movimiento para CH: dx_int=4, dy_int=0. HB (antes CH): (441, 350), PosFlotante: (444.0600,350.0000)
2025-05-19 17:14:36 - jugador - [DEBUG] - [JUGADOR_0] Iniciando gestión de colisión con dx=4, dy=0. Hitbox actual: (441, 350)
2025-05-19 17:14:36 - jugador - [DEBUG] - [JUGADOR_0] Posición POST CH: HB: (445, 350), PosFlotante: (445.00, 350.00)
2025-05-19 17:14:36 - jugador - [DEBUG] - [JUGADOR_0] Hitbox ataque: <rect(455, 327, 54, 69)>, Dir: (1.00, 0.00)
2025-05-19 17:14:36 - jugador - [DEBUG] - [JUGADOR_0] Input teclado procesado: mov_x_input_raw=180, mov_y_input_raw=0
2025-05-19 17:14:36 - jugador - [DEBUG] - [JUGADOR_0] Pos flotante (pre-límites): (447.8800, 350.0000)
2025-05-19 17:14:36 - jugador - [DEBUG] - [JUGADOR_0] Pos flotante (post-límites): (447.8800, 350.0000)
2025-05-19 17:14:36 - jugador - [DEBUG] - [JUGADOR_0] Movimiento para CH: dx_int=3, dy_int=0. HB (antes CH): (445, 350), PosFlotante: (447.8800,350.0000)
2025-05-19 17:14:36 - jugador - [DEBUG] - [JUGADOR_0] Iniciando gestión de colisión con dx=3, dy=0. Hitbox actual: (445, 350)
2025-05-19 17:14:36 - jugador - [DEBUG] - [JUGADOR_0] Posición POST CH: HB: (448, 350), PosFlotante: (448.00, 350.00)
2025-05-19 17:14:36 - jugador - [DEBUG] - [JUGADOR_0] ATAQUE FINALIZADO (Duración: 260ms). Enemigos golpeados: 1
2025-05-19 17:14:36 - jugador - [DEBUG] - [JUGADOR_0] Input teclado procesado: mov_x_input_raw=180, mov_y_input_raw=-180
2025-05-19 17:14:36 - jugador - [DEBUG] - [JUGADOR_0] Delta flotante intentado: dx=2.8800, dy=-2.8800 (delta_time: 0.0160)
2025-05-19 17:14:36 - jugador - [DEBUG] - [JUGADOR_0] Pos flotante (pre-límites): (450.8800, 347.1200)
2025-05-19 17:14:36 - jugador - [DEBUG] - [JUGADOR_0] Pos flotante (post-límites): (450.8800, 347.1200)
2025-05-19 17:14:36 - jugador - [DEBUG] - [JUGADOR_0] Movimiento para CH: dx_int=3, dy_int=-3. HB (antes CH): (448, 350), PosFlotante: (450.8800,347.1200)
2025-05-19 17:14:36 - jugador - [DEBUG] - [JUGADOR_0] Iniciando gestión de colisión con dx=3, dy=-3. Hitbox actual: (448, 350)
2025-05-19 17:14:36 - jugador - [DEBUG] - [JUGADOR_0] Posición POST CH: HB: (451, 347), PosFlotante: (451.00, 347.00)
2025-05-19 17:14:36 - jugador - [DEBUG] - [JUGADOR_0] Delta flotante intentado: dx=3.0600, dy=-3.0600 (delta_time: 0.0170)
2025-05-19 17:14:36 - jugador - [DEBUG] - [JUGADOR_0] Pos flotante (pre-límites): (454.0600, 343.9400)
2025-05-19 17:14:36 - jugador - [DEBUG] - [JUGADOR_0] Pos flotante (post-límites): (454.0600, 343.9400)
2025-05-19 17:14:36 - jugador - [DEBUG] - [JUGADOR_0] Movimiento para CH: dx_int=4, dy_int=-4. HB (antes CH): (451, 347), PosFlotante: (454.0600,343.9400)
2025-05-19 17:14:36 - jugador - [DEBUG] - [JUGADOR_0] Iniciando gestión de colisión con dx=4, dy=-4. Hitbox actual: (451, 347)
2025-05-19 17:14:36 - jugador - [DEBUG] - [JUGADOR_0] Posición POST CH: HB: (455, 343), PosFlotante: (455.00, 343.00)
2025-05-19 17:14:36 - jugador - [DEBUG] - [JUGADOR_0] Pos flotante (pre-límites): (457.8800, 340.1200)
2025-05-19 17:14:36 - jugador - [DEBUG] - [JUGADOR_0] Pos flotante (post-límites): (457.8800, 340.1200)
2025-05-19 17:14:36 - jugador - [DEBUG] - [JUGADOR_0] Movimiento para CH: dx_int=3, dy_int=-3. HB (antes CH): (455, 343), PosFlotante: (457.8800,340.1200)
2025-05-19 17:14:36 - jugador - [DEBUG] - [JUGADOR_0] Iniciando gestión de colisión con dx=3, dy=-3. Hitbox actual: (455, 343)
2025-05-19 17:14:36 - jugador - [DEBUG] - [JUGADOR_0] Posición POST CH: HB: (458, 340), PosFlotante: (458.00, 340.00)
2025-05-19 17:14:36 - jugador - [DEBUG] - [JUGADOR_0] Input teclado procesado: mov_x_input_raw=180, mov_y_input_raw=-180
2025-05-19 17:14:36 - jugador - [DEBUG] - [JUGADOR_0] Pos flotante (pre-límites): (461.0600, 336.9400)
2025-05-19 17:14:36 - jugador - [DEBUG] - [JUGADOR_0] Pos flotante (post-límites): (461.0600, 336.9400)
2025-05-19 17:14:36 - jugador - [DEBUG] - [JUGADOR_0] Movimiento para CH: dx_int=4, dy_int=-4. HB (antes CH): (458, 340), PosFlotante: (461.0600,336.9400)
2025-05-19 17:14:36 - jugador - [DEBUG] - [JUGADOR_0] Iniciando gestión de colisión con dx=4, dy=-4. Hitbox actual: (458, 340)
2025-05-19 17:14:36 - jugador - [DEBUG] - [JUGADOR_0] Posición POST CH: HB: (462, 336), PosFlotante: (462.00, 336.00)
2025-05-19 17:14:36 - jugador - [DEBUG] - [JUGADOR_0] Delta flotante intentado: dx=2.8800, dy=-2.8800 (delta_time: 0.0160)
2025-05-19 17:14:36 - jugador - [DEBUG] - [JUGADOR_0] Pos flotante (pre-límites): (464.8800, 333.1200)
2025-05-19 17:14:36 - jugador - [DEBUG] - [JUGADOR_0] Pos flotante (post-límites): (464.8800, 333.1200)
2025-05-19 17:14:36 - jugador - [DEBUG] - [JUGADOR_0] Movimiento para CH: dx_int=3, dy_int=-3. HB (antes CH): (462, 336), PosFlotante: (464.8800,333.1200)
2025-05-19 17:14:36 - jugador - [DEBUG] - [JUGADOR_0] Iniciando gestión de colisión con dx=3, dy=-3. Hitbox actual: (462, 336)
2025-05-19 17:14:36 - jugador - [DEBUG] - [JUGADOR_0] Posición POST CH: HB: (465, 333), PosFlotante: (465.00, 333.00)
2025-05-19 17:14:36 - jugador - [DEBUG] - [JUGADOR_0] Delta flotante intentado: dx=3.0600, dy=-3.0600 (delta_time: 0.0170)
2025-05-19 17:14:36 - jugador - [DEBUG] - [JUGADOR_0] Pos flotante (pre-límites): (468.0600, 329.9400)
2025-05-19 17:14:36 - jugador - [DEBUG] - [JUGADOR_0] Pos flotante (post-límites): (468.0600, 329.9400)
2025-05-19 17:14:36 - jugador - [DEBUG] - [JUGADOR_0] Movimiento para CH: dx_int=4, dy_int=-4. HB (antes CH): (465, 333), PosFlotante: (468.0600,329.9400)
2025-05-19 17:14:36 - jugador - [DEBUG] - [JUGADOR_0] Iniciando gestión de colisión con dx=4, dy=-4. Hitbox actual: (465, 333)
2025-05-19 17:14:36 - jugador - [DEBUG] - [JUGADOR_0] Posición POST CH: HB: (469, 329), PosFlotante: (469.00, 329.00)
2025-05-19 17:14:36 - jugador - [DEBUG] - [JUGADOR_0] Pos flotante (pre-límites): (472.0600, 325.9400)
2025-05-19 17:14:36 - jugador - [DEBUG] - [JUGADOR_0] Pos flotante (post-límites): (472.0600, 325.9400)
2025-05-19 17:14:36 - jugador - [DEBUG] - [JUGADOR_0] Movimiento para CH: dx_int=4, dy_int=-4. HB (antes CH): (469, 329), PosFlotante: (472.0600,325.9400)
2025-05-19 17:14:36 - jugador - [DEBUG] - [JUGADOR_0] Iniciando gestión de colisión con dx=4, dy=-4. Hitbox actual: (469, 329)
2025-05-19 17:14:36 - jugador - [DEBUG] - [JUGADOR_0] Posición POST CH: HB: (473, 325), PosFlotante: (473.00, 325.00)
2025-05-19 17:14:36 - jugador - [DEBUG] - [JUGADOR_0] Input teclado procesado: mov_x_input_raw=180, mov_y_input_raw=-180
2025-05-19 17:14:36 - jugador - [DEBUG] - [JUGADOR_0] Pos flotante (pre-límites): (475.8800, 322.1200)
2025-05-19 17:14:36 - jugador - [DEBUG] - [JUGADOR_0] Pos flotante (post-límites): (475.8800, 322.1200)
2025-05-19 17:14:36 - jugador - [DEBUG] - [JUGADOR_0] Movimiento para CH: dx_int=3, dy_int=-3. HB (antes CH): (473, 325), PosFlotante: (475.8800,322.1200)
2025-05-19 17:14:36 - jugador - [DEBUG] - [JUGADOR_0] Iniciando gestión de colisión con dx=3, dy=-3. Hitbox actual: (473, 325)
2025-05-19 17:14:36 - jugador - [DEBUG] - [JUGADOR_0] Posición POST CH: HB: (476, 322), PosFlotante: (476.00, 322.00)
2025-05-19 17:14:36 - jugador - [DEBUG] - [JUGADOR_0] Delta flotante intentado: dx=3.0600, dy=-3.0600 (delta_time: 0.0170)
2025-05-19 17:14:36 - jugador - [DEBUG] - [JUGADOR_0] Pos flotante (pre-límites): (479.0600, 318.9400)
2025-05-19 17:14:36 - jugador - [DEBUG] - [JUGADOR_0] Pos flotante (post-límites): (479.0600, 318.9400)
2025-05-19 17:14:36 - jugador - [DEBUG] - [JUGADOR_0] Movimiento para CH: dx_int=4, dy_int=-4. HB (antes CH): (476, 322), PosFlotante: (479.0600,318.9400)
2025-05-19 17:14:36 - jugador - [DEBUG] - [JUGADOR_0] Iniciando gestión de colisión con dx=4, dy=-4. Hitbox actual: (476, 322)
2025-05-19 17:14:36 - jugador - [DEBUG] - [JUGADOR_0] Posición POST CH: HB: (480, 318), PosFlotante: (480.00, 318.00)
2025-05-19 17:14:36 - jugador - [DEBUG] - [JUGADOR_0] Pos flotante (pre-límites): (483.0600, 314.9400)
2025-05-19 17:14:36 - jugador - [DEBUG] - [JUGADOR_0] Pos flotante (post-límites): (483.0600, 314.9400)
2025-05-19 17:14:36 - jugador - [DEBUG] - [JUGADOR_0] Movimiento para CH: dx_int=4, dy_int=-4. HB (antes CH): (480, 318), PosFlotante: (483.0600,314.9400)
2025-05-19 17:14:36 - jugador - [DEBUG] - [JUGADOR_0] Iniciando gestión de colisión con dx=4, dy=-4. Hitbox actual: (480, 318)
2025-05-19 17:14:36 - jugador - [DEBUG] - [JUGADOR_0] Posición POST CH: HB: (481, 314), PosFlotante: (481.00, 314.00)
2025-05-19 17:14:36 - jugador - [DEBUG] - [JUGADOR_0] Input teclado procesado: mov_x_input_raw=180, mov_y_input_raw=-180
2025-05-19 17:14:36 - jugador - [DEBUG] - [JUGADOR_0] Pos flotante (pre-límites): (484.0600, 310.9400)
2025-05-19 17:14:36 - jugador - [DEBUG] - [JUGADOR_0] Pos flotante (post-límites): (484.0600, 310.9400)
2025-05-19 17:14:36 - jugador - [DEBUG] - [JUGADOR_0] Movimiento para CH: dx_int=4, dy_int=-4. HB (antes CH): (481, 314), PosFlotante: (484.0600,310.9400)
2025-05-19 17:14:36 - jugador - [DEBUG] - [JUGADOR_0] Iniciando gestión de colisión con dx=4, dy=-4. Hitbox actual: (481, 314)
2025-05-19 17:14:36 - jugador - [DEBUG] - [JUGADOR_0] Posición POST CH: HB: (481, 310), PosFlotante: (481.00, 310.00)
2025-05-19 17:14:36 - jugador - [DEBUG] - [JUGADOR_0] Delta flotante intentado: dx=3.0600, dy=-3.0600 (delta_time: 0.0170)
2025-05-19 17:14:36 - jugador - [DEBUG] - [JUGADOR_0] Pos flotante (pre-límites): (484.0600, 306.9400)
2025-05-19 17:14:36 - jugador - [DEBUG] - [JUGADOR_0] Pos flotante (post-límites): (484.0600, 306.9400)
2025-05-19 17:14:36 - jugador - [DEBUG] - [JUGADOR_0] Movimiento para CH: dx_int=4, dy_int=-4. HB (antes CH): (481, 310), PosFlotante: (484.0600,306.9400)
2025-05-19 17:14:36 - jugador - [DEBUG] - [JUGADOR_0] Iniciando gestión de colisión con dx=4, dy=-4. Hitbox actual: (481, 310)
2025-05-19 17:14:36 - jugador - [DEBUG] - [JUGADOR_0] Posición POST CH: HB: (481, 306), PosFlotante: (481.00, 306.00)
2025-05-19 17:14:36 - jugador - [DEBUG] - [JUGADOR_0] Pos flotante (pre-límites): (484.0600, 302.9400)
2025-05-19 17:14:36 - jugador - [DEBUG] - [JUGADOR_0] Pos flotante (post-límites): (484.0600, 302.9400)
2025-05-19 17:14:36 - jugador - [DEBUG] - [JUGADOR_0] Movimiento para CH: dx_int=4, dy_int=-4. HB (antes CH): (481, 306), PosFlotante: (484.0600,302.9400)
2025-05-19 17:14:36 - jugador - [DEBUG] - [JUGADOR_0] Iniciando gestión de colisión con dx=4, dy=-4. Hitbox actual: (481, 306)
2025-05-19 17:14:36 - jugador - [DEBUG] - [JUGADOR_0] Posición POST CH: HB: (481, 302), PosFlotante: (481.00, 302.00)
2025-05-19 17:14:36 - jugador - [DEBUG] - [JUGADOR_0] Input teclado procesado: mov_x_input_raw=180, mov_y_input_raw=-180
2025-05-19 17:14:36 - jugador - [DEBUG] - [JUGADOR_0] Delta flotante intentado: dx=2.8800, dy=-2.8800 (delta_time: 0.0160)
2025-05-19 17:14:36 - jugador - [DEBUG] - [JUGADOR_0] Pos flotante (pre-límites): (483.8800, 299.1200)
2025-05-19 17:14:36 - jugador - [DEBUG] - [JUGADOR_0] Pos flotante (post-límites): (483.8800, 299.1200)
2025-05-19 17:14:36 - jugador - [DEBUG] - [JUGADOR_0] Movimiento para CH: dx_int=3, dy_int=-3. HB (antes CH): (481, 302), PosFlotante: (483.8800,299.1200)
2025-05-19 17:14:36 - jugador - [DEBUG] - [JUGADOR_0] Iniciando gestión de colisión con dx=3, dy=-3. Hitbox actual: (481, 302)
2025-05-19 17:14:36 - jugador - [DEBUG] - [JUGADOR_0] Posición POST CH: HB: (481, 299), PosFlotante: (481.00, 299.00)
2025-05-19 17:14:36 - jugador - [DEBUG] - [JUGADOR_0] Pos flotante (pre-límites): (483.8800, 296.1200)
2025-05-19 17:14:36 - jugador - [DEBUG] - [JUGADOR_0] Pos flotante (post-límites): (483.8800, 296.1200)
2025-05-19 17:14:36 - jugador - [DEBUG] - [JUGADOR_0] Movimiento para CH: dx_int=3, dy_int=-3. HB (antes CH): (481, 299), PosFlotante: (483.8800,296.1200)
2025-05-19 17:14:36 - jugador - [DEBUG] - [JUGADOR_0] Iniciando gestión de colisión con dx=3, dy=-3. Hitbox actual: (481, 299)
2025-05-19 17:14:36 - jugador - [DEBUG] - [JUGADOR_0] Posición POST CH: HB: (481, 296), PosFlotante: (481.00, 296.00)
2025-05-19 17:14:36 - jugador - [DEBUG] - [JUGADOR_0] Delta flotante intentado: dx=3.0600, dy=-3.0600 (delta_time: 0.0170)
2025-05-19 17:14:36 - jugador - [DEBUG] - [JUGADOR_0] Pos flotante (pre-límites): (484.0600, 292.9400)
2025-05-19 17:14:36 - jugador - [DEBUG] - [JUGADOR_0] Pos flotante (post-límites): (484.0600, 292.9400)
2025-05-19 17:14:36 - jugador - [DEBUG] - [JUGADOR_0] Movimiento para CH: dx_int=4, dy_int=-4. HB (antes CH): (481, 296), PosFlotante: (484.0600,292.9400)
2025-05-19 17:14:36 - jugador - [DEBUG] - [JUGADOR_0] Iniciando gestión de colisión con dx=4, dy=-4. Hitbox actual: (481, 296)
2025-05-19 17:14:36 - jugador - [DEBUG] - [JUGADOR_0] Posición POST CH: HB: (481, 292), PosFlotante: (481.00, 292.00)
2025-05-19 17:14:36 - jugador - [DEBUG] - [JUGADOR_0] Pos flotante (pre-límites): (484.0600, 288.9400)
2025-05-19 17:14:36 - jugador - [DEBUG] - [JUGADOR_0] Pos flotante (post-límites): (484.0600, 288.9400)
2025-05-19 17:14:36 - jugador - [DEBUG] - [JUGADOR_0] Movimiento para CH: dx_int=4, dy_int=-4. HB (antes CH): (481, 292), PosFlotante: (484.0600,288.9400)
2025-05-19 17:14:36 - jugador - [DEBUG] - [JUGADOR_0] Iniciando gestión de colisión con dx=4, dy=-4. Hitbox actual: (481, 292)
2025-05-19 17:14:36 - jugador - [DEBUG] - [JUGADOR_0] Posición POST CH: HB: (481, 288), PosFlotante: (481.00, 288.00)
2025-05-19 17:14:36 - jugador - [DEBUG] - [JUGADOR_0] Input teclado procesado: mov_x_input_raw=180, mov_y_input_raw=-180
2025-05-19 17:14:36 - jugador - [DEBUG] - [JUGADOR_0] Pos flotante (pre-límites): (484.0600, 284.9400)
2025-05-19 17:14:36 - jugador - [DEBUG] - [JUGADOR_0] Pos flotante (post-límites): (484.0600, 284.9400)
2025-05-19 17:14:36 - jugador - [DEBUG] - [JUGADOR_0] Movimiento para CH: dx_int=4, dy_int=-4. HB (antes CH): (481, 288), PosFlotante: (484.0600,284.9400)
2025-05-19 17:14:36 - jugador - [DEBUG] - [JUGADOR_0] Iniciando gestión de colisión con dx=4, dy=-4. Hitbox actual: (481, 288)
2025-05-19 17:14:36 - jugador - [DEBUG] - [JUGADOR_0] Posición POST CH: HB: (485, 284), PosFlotante: (485.00, 284.00)
2025-05-19 17:14:36 - jugador - [DEBUG] - [JUGADOR_0] Delta flotante intentado: dx=3.0600, dy=-3.0600 (delta_time: 0.0170)
2025-05-19 17:14:36 - jugador - [DEBUG] - [JUGADOR_0] Pos flotante (pre-límites): (488.0600, 280.9400)
2025-05-19 17:14:36 - jugador - [DEBUG] - [JUGADOR_0] Pos flotante (post-límites): (488.0600, 280.9400)
2025-05-19 17:14:36 - jugador - [DEBUG] - [JUGADOR_0] Movimiento para CH: dx_int=4, dy_int=-4. HB (antes CH): (485, 284), PosFlotante: (488.0600,280.9400)
2025-05-19 17:14:36 - jugador - [DEBUG] - [JUGADOR_0] Iniciando gestión de colisión con dx=4, dy=-4. Hitbox actual: (485, 284)
2025-05-19 17:14:36 - jugador - [DEBUG] - [JUGADOR_0] Posición POST CH: HB: (489, 280), PosFlotante: (489.00, 280.00)
2025-05-19 17:14:36 - jugador - [DEBUG] - [JUGADOR_0] Pos flotante (pre-límites): (492.0600, 276.9400)
2025-05-19 17:14:36 - jugador - [DEBUG] - [JUGADOR_0] Pos flotante (post-límites): (492.0600, 276.9400)
2025-05-19 17:14:36 - jugador - [DEBUG] - [JUGADOR_0] Movimiento para CH: dx_int=4, dy_int=-4. HB (antes CH): (489, 280), PosFlotante: (492.0600,276.9400)
2025-05-19 17:14:36 - jugador - [DEBUG] - [JUGADOR_0] Iniciando gestión de colisión con dx=4, dy=-4. Hitbox actual: (489, 280)
2025-05-19 17:14:36 - jugador - [DEBUG] - [JUGADOR_0] Posición POST CH: HB: (493, 276), PosFlotante: (493.00, 276.00)
2025-05-19 17:14:36 - jugador - [DEBUG] - [JUGADOR_0] Intento de ataque en cooldown (700.0ms). Tiempo desde último: 616ms
2025-05-19 17:14:36 - jugador - [DEBUG] - [JUGADOR_0] Input teclado procesado: mov_x_input_raw=180, mov_y_input_raw=-180
2025-05-19 17:14:36 - jugador - [DEBUG] - [JUGADOR_0] Delta flotante intentado: dx=2.8800, dy=-2.8800 (delta_time: 0.0160)
2025-05-19 17:14:36 - jugador - [DEBUG] - [JUGADOR_0] Pos flotante (pre-límites): (495.8800, 273.1200)
2025-05-19 17:14:36 - jugador - [DEBUG] - [JUGADOR_0] Pos flotante (post-límites): (495.8800, 273.1200)
2025-05-19 17:14:36 - jugador - [DEBUG] - [JUGADOR_0] Movimiento para CH: dx_int=3, dy_int=-3. HB (antes CH): (493, 276), PosFlotante: (495.8800,273.1200)
2025-05-19 17:14:36 - jugador - [DEBUG] - [JUGADOR_0] Iniciando gestión de colisión con dx=3, dy=-3. Hitbox actual: (493, 276)
2025-05-19 17:14:36 - jugador - [DEBUG] - [JUGADOR_0] Posición POST CH: HB: (496, 273), PosFlotante: (496.00, 273.00)
2025-05-19 17:14:36 - jugador - [DEBUG] - [JUGADOR_0] Pos flotante (pre-límites): (498.8800, 270.1200)
2025-05-19 17:14:36 - jugador - [DEBUG] - [JUGADOR_0] Pos flotante (post-límites): (498.8800, 270.1200)
2025-05-19 17:14:36 - jugador - [DEBUG] - [JUGADOR_0] Movimiento para CH: dx_int=3, dy_int=-3. HB (antes CH): (496, 273), PosFlotante: (498.8800,270.1200)
2025-05-19 17:14:36 - jugador - [DEBUG] - [JUGADOR_0] Iniciando gestión de colisión con dx=3, dy=-3. Hitbox actual: (496, 273)
2025-05-19 17:14:36 - jugador - [DEBUG] - [JUGADOR_0] Posición POST CH: HB: (499, 270), PosFlotante: (499.00, 270.00)
2025-05-19 17:14:36 - jugador - [DEBUG] - [JUGADOR_0] Input teclado procesado: mov_x_input_raw=-180, mov_y_input_raw=-180
2025-05-19 17:14:36 - jugador - [DEBUG] - [JUGADOR_0] Delta flotante intentado: dx=-3.0600, dy=-3.0600 (delta_time: 0.0170)
2025-05-19 17:14:36 - jugador - [DEBUG] - [JUGADOR_0] Pos flotante (pre-límites): (495.9400, 266.9400)
2025-05-19 17:14:36 - jugador - [DEBUG] - [JUGADOR_0] Pos flotante (post-límites): (495.9400, 266.9400)
2025-05-19 17:14:36 - jugador - [DEBUG] - [JUGADOR_0] Movimiento para CH: dx_int=-4, dy_int=-4. HB (antes CH): (499, 270), PosFlotante: (495.9400,266.9400)
2025-05-19 17:14:36 - jugador - [DEBUG] - [JUGADOR_0] Iniciando gestión de colisión con dx=-4, dy=-4. Hitbox actual: (499, 270)
2025-05-19 17:14:36 - jugador - [DEBUG] - [JUGADOR_0] Posición POST CH: HB: (495, 266), PosFlotante: (495.00, 266.00)
2025-05-19 17:14:36 - jugador - [DEBUG] - [JUGADOR_0] Delta flotante intentado: dx=-2.8800, dy=-2.8800 (delta_time: 0.0160)
2025-05-19 17:14:36 - jugador - [DEBUG] - [JUGADOR_0] Pos flotante (pre-límites): (492.1200, 263.1200)
2025-05-19 17:14:36 - jugador - [DEBUG] - [JUGADOR_0] Pos flotante (post-límites): (492.1200, 263.1200)
2025-05-19 17:14:36 - jugador - [DEBUG] - [JUGADOR_0] Movimiento para CH: dx_int=-3, dy_int=-3. HB (antes CH): (495, 266), PosFlotante: (492.1200,263.1200)
2025-05-19 17:14:36 - jugador - [DEBUG] - [JUGADOR_0] Iniciando gestión de colisión con dx=-3, dy=-3. Hitbox actual: (495, 266)
2025-05-19 17:14:36 - jugador - [DEBUG] - [JUGADOR_0] Posición POST CH: HB: (492, 263), PosFlotante: (492.00, 263.00)
2025-05-19 17:14:36 - jugador - [DEBUG] - [JUGADOR_0] Input teclado procesado: mov_x_input_raw=-180, mov_y_input_raw=0
2025-05-19 17:14:36 - jugador - [DEBUG] - [JUGADOR_0] Delta flotante intentado: dx=-2.8800, dy=0.0000 (delta_time: 0.0160)
2025-05-19 17:14:36 - jugador - [DEBUG] - [JUGADOR_0] Pos flotante (pre-límites): (489.1200, 263.0000)
2025-05-19 17:14:36 - jugador - [DEBUG] - [JUGADOR_0] Pos flotante (post-límites): (489.1200, 263.0000)
2025-05-19 17:14:36 - jugador - [DEBUG] - [JUGADOR_0] Movimiento para CH: dx_int=-3, dy_int=0. HB (antes CH): (492, 263), PosFlotante: (489.1200,263.0000)
2025-05-19 17:14:36 - jugador - [DEBUG] - [JUGADOR_0] Iniciando gestión de colisión con dx=-3, dy=0. Hitbox actual: (492, 263)
2025-05-19 17:14:36 - jugador - [DEBUG] - [JUGADOR_0] Posición POST CH: HB: (489, 263), PosFlotante: (489.00, 263.00)
2025-05-19 17:14:36 - jugador - [DEBUG] - [JUGADOR_0] Delta flotante intentado: dx=-3.0600, dy=0.0000 (delta_time: 0.0170)
2025-05-19 17:14:36 - jugador - [DEBUG] - [JUGADOR_0] Pos flotante (pre-límites): (485.9400, 263.0000)
2025-05-19 17:14:36 - jugador - [DEBUG] - [JUGADOR_0] Pos flotante (post-límites): (485.9400, 263.0000)
2025-05-19 17:14:36 - jugador - [DEBUG] - [JUGADOR_0] Movimiento para CH: dx_int=-4, dy_int=0. HB (antes CH): (489, 263), PosFlotante: (485.9400,263.0000)
2025-05-19 17:14:36 - jugador - [DEBUG] - [JUGADOR_0] Iniciando gestión de colisión con dx=-4, dy=0. Hitbox actual: (489, 263)
2025-05-19 17:14:36 - jugador - [DEBUG] - [JUGADOR_0] Posición POST CH: HB: (485, 263), PosFlotante: (485.00, 263.00)
2025-05-19 17:14:36 - jugador - [DEBUG] - [JUGADOR_0] Pos flotante (pre-límites): (482.1200, 263.0000)
2025-05-19 17:14:36 - jugador - [DEBUG] - [JUGADOR_0] Pos flotante (post-límites): (482.1200, 263.0000)
2025-05-19 17:14:36 - jugador - [DEBUG] - [JUGADOR_0] Movimiento para CH: dx_int=-3, dy_int=0. HB (antes CH): (485, 263), PosFlotante: (482.1200,263.0000)
2025-05-19 17:14:36 - jugador - [DEBUG] - [JUGADOR_0] Iniciando gestión de colisión con dx=-3, dy=0. Hitbox actual: (485, 263)
2025-05-19 17:14:36 - jugador - [DEBUG] - [JUGADOR_0] Posición POST CH: HB: (482, 263), PosFlotante: (482.00, 263.00)
2025-05-19 17:14:36 - jugador - [DEBUG] - [JUGADOR_0] Pos flotante (pre-límites): (479.1200, 263.0000)
2025-05-19 17:14:36 - jugador - [DEBUG] - [JUGADOR_0] Pos flotante (post-límites): (479.1200, 263.0000)
2025-05-19 17:14:36 - jugador - [DEBUG] - [JUGADOR_0] Movimiento para CH: dx_int=-3, dy_int=0. HB (antes CH): (482, 263), PosFlotante: (479.1200,263.0000)
2025-05-19 17:14:36 - jugador - [DEBUG] - [JUGADOR_0] Iniciando gestión de colisión con dx=-3, dy=0. Hitbox actual: (482, 263)
2025-05-19 17:14:36 - jugador - [DEBUG] - [JUGADOR_0] Posición POST CH: HB: (479, 263), PosFlotante: (479.00, 263.00)
2025-05-19 17:14:36 - jugador - [DEBUG] - [JUGADOR_0] Input teclado procesado: mov_x_input_raw=-180, mov_y_input_raw=0
2025-05-19 17:14:36 - jugador - [DEBUG] - [JUGADOR_0] Pos flotante (pre-límites): (475.9400, 263.0000)
2025-05-19 17:14:36 - jugador - [DEBUG] - [JUGADOR_0] Pos flotante (post-límites): (475.9400, 263.0000)
2025-05-19 17:14:36 - jugador - [DEBUG] - [JUGADOR_0] Movimiento para CH: dx_int=-4, dy_int=0. HB (antes CH): (479, 263), PosFlotante: (475.9400,263.0000)
2025-05-19 17:14:36 - jugador - [DEBUG] - [JUGADOR_0] Iniciando gestión de colisión con dx=-4, dy=0. Hitbox actual: (479, 263)
2025-05-19 17:14:36 - jugador - [DEBUG] - [JUGADOR_0] Posición POST CH: HB: (475, 263), PosFlotante: (475.00, 263.00)
2025-05-19 17:14:36 - jugador - [DEBUG] - [JUGADOR_0] Delta flotante intentado: dx=-2.8800, dy=0.0000 (delta_time: 0.0160)
2025-05-19 17:14:36 - jugador - [DEBUG] - [JUGADOR_0] Pos flotante (pre-límites): (472.1200, 263.0000)
2025-05-19 17:14:36 - jugador - [DEBUG] - [JUGADOR_0] Pos flotante (post-límites): (472.1200, 263.0000)
2025-05-19 17:14:36 - jugador - [DEBUG] - [JUGADOR_0] Movimiento para CH: dx_int=-3, dy_int=0. HB (antes CH): (475, 263), PosFlotante: (472.1200,263.0000)
2025-05-19 17:14:36 - jugador - [DEBUG] - [JUGADOR_0] Iniciando gestión de colisión con dx=-3, dy=0. Hitbox actual: (475, 263)
2025-05-19 17:14:36 - jugador - [DEBUG] - [JUGADOR_0] Posición POST CH: HB: (472, 263), PosFlotante: (472.00, 263.00)
2025-05-19 17:14:36 - jugador - [DEBUG] - [JUGADOR_0] Input teclado procesado: mov_x_input_raw=180, mov_y_input_raw=0
2025-05-19 17:14:36 - jugador - [DEBUG] - [JUGADOR_0] Delta flotante intentado: dx=2.8800, dy=0.0000 (delta_time: 0.0160)
2025-05-19 17:14:36 - jugador - [DEBUG] - [JUGADOR_0] Pos flotante (pre-límites): (474.8800, 263.0000)
2025-05-19 17:14:36 - jugador - [DEBUG] - [JUGADOR_0] Pos flotante (post-límites): (474.8800, 263.0000)
2025-05-19 17:14:36 - jugador - [DEBUG] - [JUGADOR_0] Movimiento para CH: dx_int=3, dy_int=0. HB (antes CH): (472, 263), PosFlotante: (474.8800,263.0000)
2025-05-19 17:14:36 - jugador - [DEBUG] - [JUGADOR_0] Iniciando gestión de colisión con dx=3, dy=0. Hitbox actual: (472, 263)
2025-05-19 17:14:36 - jugador - [DEBUG] - [JUGADOR_0] Pos flotante (pre-límites): (477.8800, 263.0000)
2025-05-19 17:14:36 - jugador - [DEBUG] - [JUGADOR_0] Pos flotante (post-límites): (477.8800, 263.0000)
2025-05-19 17:14:36 - jugador - [DEBUG] - [JUGADOR_0] Movimiento para CH: dx_int=3, dy_int=0. HB (antes CH): (475, 263), PosFlotante: (477.8800,263.0000)
2025-05-19 17:14:36 - jugador - [DEBUG] - [JUGADOR_0] Iniciando gestión de colisión con dx=3, dy=0. Hitbox actual: (475, 263)
2025-05-19 17:14:36 - jugador - [DEBUG] - [JUGADOR_0] Posición POST CH: HB: (478, 263), PosFlotante: (478.00, 263.00)
2025-05-19 17:14:36 - jugador - [DEBUG] - [JUGADOR_0] Pos flotante (pre-límites): (480.8800, 263.0000)
2025-05-19 17:14:36 - jugador - [DEBUG] - [JUGADOR_0] Pos flotante (post-límites): (480.8800, 263.0000)
2025-05-19 17:14:36 - jugador - [DEBUG] - [JUGADOR_0] Movimiento para CH: dx_int=3, dy_int=0. HB (antes CH): (478, 263), PosFlotante: (480.8800,263.0000)
2025-05-19 17:14:36 - jugador - [DEBUG] - [JUGADOR_0] Iniciando gestión de colisión con dx=3, dy=0. Hitbox actual: (478, 263)
2025-05-19 17:14:36 - jugador - [DEBUG] - [JUGADOR_0] Posición POST CH: HB: (481, 263), PosFlotante: (481.00, 263.00)
2025-05-19 17:14:36 - jugador - [DEBUG] - [JUGADOR_0] Delta flotante intentado: dx=3.0600, dy=0.0000 (delta_time: 0.0170)
2025-05-19 17:14:36 - jugador - [DEBUG] - [JUGADOR_0] Pos flotante (pre-límites): (484.0600, 263.0000)
2025-05-19 17:14:36 - jugador - [DEBUG] - [JUGADOR_0] Pos flotante (post-límites): (484.0600, 263.0000)
2025-05-19 17:14:36 - jugador - [DEBUG] - [JUGADOR_0] Movimiento para CH: dx_int=4, dy_int=0. HB (antes CH): (481, 263), PosFlotante: (484.0600,263.0000)
2025-05-19 17:14:36 - jugador - [DEBUG] - [JUGADOR_0] Iniciando gestión de colisión con dx=4, dy=0. Hitbox actual: (481, 263)
2025-05-19 17:14:36 - jugador - [DEBUG] - [JUGADOR_0] Posición POST CH: HB: (484, 263), PosFlotante: (484.00, 263.00)
2025-05-19 17:14:36 - jugador - [DEBUG] - [JUGADOR_0] Input teclado procesado: mov_x_input_raw=180, mov_y_input_raw=0
2025-05-19 17:14:36 - jugador - [DEBUG] - [JUGADOR_0] Delta flotante intentado: dx=2.8800, dy=0.0000 (delta_time: 0.0160)
2025-05-19 17:14:36 - jugador - [DEBUG] - [JUGADOR_0] Pos flotante (pre-límites): (486.8800, 263.0000)
2025-05-19 17:14:36 - jugador - [DEBUG] - [JUGADOR_0] Pos flotante (post-límites): (486.8800, 263.0000)
2025-05-19 17:14:36 - jugador - [DEBUG] - [JUGADOR_0] Movimiento para CH: dx_int=3, dy_int=0. HB (antes CH): (484, 263), PosFlotante: (486.8800,263.0000)
2025-05-19 17:14:36 - jugador - [DEBUG] - [JUGADOR_0] Iniciando gestión de colisión con dx=3, dy=0. Hitbox actual: (484, 263)
2025-05-19 17:14:36 - jugador - [DEBUG] - [JUGADOR_0] Posición POST CH: HB: (482, 263), PosFlotante: (482.00, 263.00)
2025-05-19 17:14:36 - jugador - [DEBUG] - [JUGADOR_0] Pos flotante (pre-límites): (485.0600, 263.0000)
2025-05-19 17:14:36 - jugador - [DEBUG] - [JUGADOR_0] Pos flotante (post-límites): (485.0600, 263.0000)
2025-05-19 17:14:36 - jugador - [DEBUG] - [JUGADOR_0] Movimiento para CH: dx_int=4, dy_int=0. HB (antes CH): (482, 263), PosFlotante: (485.0600,263.0000)
2025-05-19 17:14:36 - jugador - [DEBUG] - [JUGADOR_0] Iniciando gestión de colisión con dx=4, dy=0. Hitbox actual: (482, 263)
2025-05-19 17:14:36 - jugador - [DEBUG] - [JUGADOR_0] Posición POST CH: HB: (480, 263), PosFlotante: (480.00, 263.00)
2025-05-19 17:14:36 - jugador - [DEBUG] - [JUGADOR_0] Pos flotante (pre-límites): (483.0600, 263.0000)
2025-05-19 17:14:36 - jugador - [DEBUG] - [JUGADOR_0] Pos flotante (post-límites): (483.0600, 263.0000)
2025-05-19 17:14:36 - jugador - [DEBUG] - [JUGADOR_0] Movimiento para CH: dx_int=4, dy_int=0. HB (antes CH): (480, 263), PosFlotante: (483.0600,263.0000)
2025-05-19 17:14:36 - jugador - [DEBUG] - [JUGADOR_0] Iniciando gestión de colisión con dx=4, dy=0. Hitbox actual: (480, 263)
2025-05-19 17:14:36 - jugador - [DEBUG] - [JUGADOR_0] Posición POST CH: HB: (478, 263), PosFlotante: (478.00, 263.00)
2025-05-19 17:14:36 - jugador - [INFO] - [JUGADOR_0] ATAQUE INICIADO (Cooldown: 700.0ms). Perfil: 'espada_predeterminada'
2025-05-19 17:14:36 - jugador - [DEBUG] - [JUGADOR_0] Input teclado procesado: mov_x_input_raw=180, mov_y_input_raw=0
2025-05-19 17:14:36 - jugador - [DEBUG] - [JUGADOR_0] Delta flotante intentado: dx=2.8800, dy=0.0000 (delta_time: 0.0160)
2025-05-19 17:14:36 - jugador - [DEBUG] - [JUGADOR_0] Pos flotante (pre-límites): (480.8800, 263.0000)
2025-05-19 17:14:36 - jugador - [DEBUG] - [JUGADOR_0] Pos flotante (post-límites): (480.8800, 263.0000)
2025-05-19 17:14:36 - jugador - [DEBUG] - [JUGADOR_0] Movimiento para CH: dx_int=3, dy_int=0. HB (antes CH): (478, 263), PosFlotante: (480.8800,263.0000)
2025-05-19 17:14:36 - jugador - [DEBUG] - [JUGADOR_0] Iniciando gestión de colisión con dx=3, dy=0. Hitbox actual: (478, 263)
2025-05-19 17:14:36 - jugador - [DEBUG] - [JUGADOR_0] Posición POST CH: HB: (476, 263), PosFlotante: (476.00, 263.00)
2025-05-19 17:14:36 - jugador - [DEBUG] - [JUGADOR_0] Hitbox ataque: <rect(486, 240, 54, 69)>, Dir: (1.00, 0.00)
2025-05-19 17:14:36 - jugador - [INFO] - [JUGADOR_0] GOLPEÓ a [Enemigo_1] con perfil 'espada_predeterminada'. Daño: 5.0
2025-05-19 17:14:36 - jugador - [DEBUG] - [JUGADOR_0] Delta flotante intentado: dx=3.0600, dy=0.0000 (delta_time: 0.0170)
2025-05-19 17:14:36 - jugador - [DEBUG] - [JUGADOR_0] Pos flotante (pre-límites): (479.0600, 263.0000)
2025-05-19 17:14:36 - jugador - [DEBUG] - [JUGADOR_0] Pos flotante (post-límites): (479.0600, 263.0000)
2025-05-19 17:14:36 - jugador - [DEBUG] - [JUGADOR_0] Movimiento para CH: dx_int=4, dy_int=0. HB (antes CH): (476, 263), PosFlotante: (479.0600,263.0000)
2025-05-19 17:14:36 - jugador - [DEBUG] - [JUGADOR_0] Iniciando gestión de colisión con dx=4, dy=0. Hitbox actual: (476, 263)
2025-05-19 17:14:36 - jugador - [DEBUG] - [JUGADOR_0] Posición POST CH: HB: (480, 263), PosFlotante: (480.00, 263.00)
2025-05-19 17:14:36 - jugador - [DEBUG] - [JUGADOR_0] Hitbox ataque: <rect(490, 240, 54, 69)>, Dir: (1.00, 0.00)
2025-05-19 17:14:36 - jugador - [DEBUG] - [JUGADOR_0] Posición POST CH: HB: (484, 263), PosFlotante: (484.00, 263.00)
2025-05-19 17:14:36 - jugador - [DEBUG] - [JUGADOR_0] Hitbox ataque: <rect(494, 240, 54, 69)>, Dir: (1.00, 0.00)
2025-05-19 17:14:36 - jugador - [DEBUG] - [JUGADOR_0] Pos flotante (pre-límites): (486.8800, 263.0000)
2025-05-19 17:14:36 - jugador - [DEBUG] - [JUGADOR_0] Pos flotante (post-límites): (486.8800, 263.0000)
2025-05-19 17:14:36 - jugador - [DEBUG] - [JUGADOR_0] Movimiento para CH: dx_int=3, dy_int=0. HB (antes CH): (484, 263), PosFlotante: (486.8800,263.0000)
2025-05-19 17:14:36 - jugador - [DEBUG] - [JUGADOR_0] Iniciando gestión de colisión con dx=3, dy=0. Hitbox actual: (484, 263)
2025-05-19 17:14:36 - jugador - [DEBUG] - [JUGADOR_0] Posición POST CH: HB: (487, 263), PosFlotante: (487.00, 263.00)
2025-05-19 17:14:36 - jugador - [DEBUG] - [JUGADOR_0] Hitbox ataque: <rect(497, 240, 54, 69)>, Dir: (1.00, 0.00)
2025-05-19 17:14:36 - jugador - [DEBUG] - [JUGADOR_0] Input teclado procesado: mov_x_input_raw=180, mov_y_input_raw=0
2025-05-19 17:14:36 - jugador - [DEBUG] - [JUGADOR_0] Pos flotante (pre-límites): (490.0600, 263.0000)
2025-05-19 17:14:36 - jugador - [DEBUG] - [JUGADOR_0] Pos flotante (post-límites): (490.0600, 263.0000)
2025-05-19 17:14:36 - jugador - [DEBUG] - [JUGADOR_0] Movimiento para CH: dx_int=4, dy_int=0. HB (antes CH): (487, 263), PosFlotante: (490.0600,263.0000)
2025-05-19 17:14:36 - jugador - [DEBUG] - [JUGADOR_0] Iniciando gestión de colisión con dx=4, dy=0. Hitbox actual: (487, 263)
2025-05-19 17:14:36 - jugador - [DEBUG] - [JUGADOR_0] Posición POST CH: HB: (491, 263), PosFlotante: (491.00, 263.00)
2025-05-19 17:14:36 - jugador - [DEBUG] - [JUGADOR_0] Hitbox ataque: <rect(501, 240, 54, 69)>, Dir: (1.00, 0.00)
2025-05-19 17:14:36 - jugador - [DEBUG] - [JUGADOR_0] Delta flotante intentado: dx=3.0600, dy=0.0000 (delta_time: 0.0170)
2025-05-19 17:14:36 - jugador - [DEBUG] - [JUGADOR_0] Pos flotante (pre-límites): (494.0600, 263.0000)
2025-05-19 17:14:36 - jugador - [DEBUG] - [JUGADOR_0] Pos flotante (post-límites): (494.0600, 263.0000)
2025-05-19 17:14:36 - jugador - [DEBUG] - [JUGADOR_0] Movimiento para CH: dx_int=4, dy_int=0. HB (antes CH): (491, 263), PosFlotante: (494.0600,263.0000)
2025-05-19 17:14:36 - jugador - [DEBUG] - [JUGADOR_0] Iniciando gestión de colisión con dx=4, dy=0. Hitbox actual: (491, 263)
2025-05-19 17:14:36 - jugador - [DEBUG] - [JUGADOR_0] Posición POST CH: HB: (495, 263), PosFlotante: (495.00, 263.00)
2025-05-19 17:14:36 - jugador - [DEBUG] - [JUGADOR_0] Hitbox ataque: <rect(505, 240, 54, 69)>, Dir: (1.00, 0.00)
2025-05-19 17:14:36 - jugador - [DEBUG] - [JUGADOR_0] Delta flotante intentado: dx=2.8800, dy=0.0000 (delta_time: 0.0160)
2025-05-19 17:14:36 - jugador - [DEBUG] - [JUGADOR_0] Pos flotante (pre-límites): (497.8800, 263.0000)
2025-05-19 17:14:36 - jugador - [DEBUG] - [JUGADOR_0] Pos flotante (post-límites): (497.8800, 263.0000)
2025-05-19 17:14:36 - jugador - [DEBUG] - [JUGADOR_0] Movimiento para CH: dx_int=3, dy_int=0. HB (antes CH): (495, 263), PosFlotante: (497.8800,263.0000)
2025-05-19 17:14:36 - jugador - [DEBUG] - [JUGADOR_0] Iniciando gestión de colisión con dx=3, dy=0. Hitbox actual: (495, 263)
2025-05-19 17:14:36 - jugador - [DEBUG] - [JUGADOR_0] Posición POST CH: HB: (498, 263), PosFlotante: (498.00, 263.00)
2025-05-19 17:14:36 - jugador - [DEBUG] - [JUGADOR_0] Hitbox ataque: <rect(508, 240, 54, 69)>, Dir: (1.00, 0.00)
2025-05-19 17:14:36 - jugador - [DEBUG] - [JUGADOR_0] Pos flotante (pre-límites): (500.8800, 263.0000)
2025-05-19 17:14:36 - jugador - [DEBUG] - [JUGADOR_0] Pos flotante (post-límites): (500.8800, 263.0000)
2025-05-19 17:14:36 - jugador - [DEBUG] - [JUGADOR_0] Movimiento para CH: dx_int=3, dy_int=0. HB (antes CH): (498, 263), PosFlotante: (500.8800,263.0000)
2025-05-19 17:14:36 - jugador - [DEBUG] - [JUGADOR_0] Iniciando gestión de colisión con dx=3, dy=0. Hitbox actual: (498, 263)
2025-05-19 17:14:36 - jugador - [DEBUG] - [JUGADOR_0] Posición POST CH: HB: (501, 263), PosFlotante: (501.00, 263.00)
2025-05-19 17:14:36 - jugador - [DEBUG] - [JUGADOR_0] Hitbox ataque: <rect(511, 240, 54, 69)>, Dir: (1.00, 0.00)
2025-05-19 17:14:36 - jugador - [DEBUG] - [JUGADOR_0] Input teclado procesado: mov_x_input_raw=180, mov_y_input_raw=0
2025-05-19 17:14:36 - jugador - [DEBUG] - [JUGADOR_0] Pos flotante (pre-límites): (504.0600, 263.0000)
2025-05-19 17:14:36 - jugador - [DEBUG] - [JUGADOR_0] Pos flotante (post-límites): (504.0600, 263.0000)
2025-05-19 17:14:36 - jugador - [DEBUG] - [JUGADOR_0] Movimiento para CH: dx_int=4, dy_int=0. HB (antes CH): (501, 263), PosFlotante: (504.0600,263.0000)
2025-05-19 17:14:36 - jugador - [DEBUG] - [JUGADOR_0] Iniciando gestión de colisión con dx=4, dy=0. Hitbox actual: (501, 263)
2025-05-19 17:14:36 - jugador - [DEBUG] - [JUGADOR_0] Posición POST CH: HB: (505, 263), PosFlotante: (505.00, 263.00)
2025-05-19 17:14:36 - jugador - [DEBUG] - [JUGADOR_0] Hitbox ataque: <rect(515, 240, 54, 69)>, Dir: (1.00, 0.00)
2025-05-19 17:14:36 - jugador - [DEBUG] - [JUGADOR_0] Pos flotante (pre-límites): (507.8800, 263.0000)
2025-05-19 17:14:36 - jugador - [DEBUG] - [JUGADOR_0] Pos flotante (post-límites): (507.8800, 263.0000)
2025-05-19 17:14:36 - jugador - [DEBUG] - [JUGADOR_0] Movimiento para CH: dx_int=3, dy_int=0. HB (antes CH): (505, 263), PosFlotante: (507.8800,263.0000)
2025-05-19 17:14:36 - jugador - [DEBUG] - [JUGADOR_0] Iniciando gestión de colisión con dx=3, dy=0. Hitbox actual: (505, 263)
2025-05-19 17:14:36 - jugador - [DEBUG] - [JUGADOR_0] Posición POST CH: HB: (508, 263), PosFlotante: (508.00, 263.00)
2025-05-19 17:14:36 - jugador - [DEBUG] - [JUGADOR_0] Hitbox ataque: <rect(518, 240, 54, 69)>, Dir: (1.00, 0.00)
2025-05-19 17:14:36 - jugador - [DEBUG] - [JUGADOR_0] Delta flotante intentado: dx=3.0600, dy=0.0000 (delta_time: 0.0170)
2025-05-19 17:14:36 - jugador - [DEBUG] - [JUGADOR_0] Pos flotante (pre-límites): (511.0600, 263.0000)
2025-05-19 17:14:36 - jugador - [DEBUG] - [JUGADOR_0] Pos flotante (post-límites): (511.0600, 263.0000)
2025-05-19 17:14:36 - jugador - [DEBUG] - [JUGADOR_0] Movimiento para CH: dx_int=4, dy_int=0. HB (antes CH): (508, 263), PosFlotante: (511.0600,263.0000)
2025-05-19 17:14:36 - jugador - [DEBUG] - [JUGADOR_0] Iniciando gestión de colisión con dx=4, dy=0. Hitbox actual: (508, 263)
2025-05-19 17:14:36 - jugador - [DEBUG] - [JUGADOR_0] Posición POST CH: HB: (512, 263), PosFlotante: (512.00, 263.00)
2025-05-19 17:14:36 - jugador - [DEBUG] - [JUGADOR_0] Hitbox ataque: <rect(522, 240, 54, 69)>, Dir: (1.00, 0.00)
2025-05-19 17:14:36 - jugador - [DEBUG] - [JUGADOR_0] Input teclado procesado: mov_x_input_raw=180, mov_y_input_raw=0
2025-05-19 17:14:36 - jugador - [DEBUG] - [JUGADOR_0] Pos flotante (pre-límites): (515.0600, 263.0000)
2025-05-19 17:14:36 - jugador - [DEBUG] - [JUGADOR_0] Pos flotante (post-límites): (515.0600, 263.0000)
2025-05-19 17:14:36 - jugador - [DEBUG] - [JUGADOR_0] Movimiento para CH: dx_int=4, dy_int=0. HB (antes CH): (512, 263), PosFlotante: (515.0600,263.0000)
2025-05-19 17:14:36 - jugador - [DEBUG] - [JUGADOR_0] Iniciando gestión de colisión con dx=4, dy=0. Hitbox actual: (512, 263)
2025-05-19 17:14:36 - jugador - [DEBUG] - [JUGADOR_0] Posición POST CH: HB: (516, 263), PosFlotante: (516.00, 263.00)
2025-05-19 17:14:36 - jugador - [DEBUG] - [JUGADOR_0] Hitbox ataque: <rect(526, 240, 54, 69)>, Dir: (1.00, 0.00)
2025-05-19 17:14:37 - jugador - [DEBUG] - [JUGADOR_0] Input teclado procesado: mov_x_input_raw=-180, mov_y_input_raw=0
2025-05-19 17:14:37 - jugador - [DEBUG] - [JUGADOR_0] Delta flotante intentado: dx=-3.0600, dy=0.0000 (delta_time: 0.0170)
2025-05-19 17:14:37 - jugador - [DEBUG] - [JUGADOR_0] Pos flotante (pre-límites): (512.9400, 263.0000)
2025-05-19 17:14:37 - jugador - [DEBUG] - [JUGADOR_0] Pos flotante (post-límites): (512.9400, 263.0000)
2025-05-19 17:14:37 - jugador - [DEBUG] - [JUGADOR_0] Movimiento para CH: dx_int=-4, dy_int=0. HB (antes CH): (516, 263), PosFlotante: (512.9400,263.0000)
2025-05-19 17:14:37 - jugador - [DEBUG] - [JUGADOR_0] Iniciando gestión de colisión con dx=-4, dy=0. Hitbox actual: (516, 263)
2025-05-19 17:14:37 - jugador - [DEBUG] - [JUGADOR_0] Hitbox ataque: <rect(472, 240, 54, 69)>, Dir: (-1.00, 0.00)
2025-05-19 17:14:37 - jugador - [DEBUG] - [JUGADOR_0] Intento de ataque en cooldown (700.0ms). Tiempo desde último: 216ms
2025-05-19 17:14:37 - jugador - [DEBUG] - [JUGADOR_0] Delta flotante intentado: dx=-2.8800, dy=0.0000 (delta_time: 0.0160)
2025-05-19 17:14:37 - jugador - [DEBUG] - [JUGADOR_0] Pos flotante (pre-límites): (509.1200, 263.0000)
2025-05-19 17:14:37 - jugador - [DEBUG] - [JUGADOR_0] Pos flotante (post-límites): (509.1200, 263.0000)
2025-05-19 17:14:37 - jugador - [DEBUG] - [JUGADOR_0] Movimiento para CH: dx_int=-3, dy_int=0. HB (antes CH): (512, 263), PosFlotante: (509.1200,263.0000)
2025-05-19 17:14:37 - jugador - [DEBUG] - [JUGADOR_0] Iniciando gestión de colisión con dx=-3, dy=0. Hitbox actual: (512, 263)
2025-05-19 17:14:37 - jugador - [DEBUG] - [JUGADOR_0] Posición POST CH: HB: (509, 263), PosFlotante: (509.00, 263.00)
2025-05-19 17:14:37 - jugador - [DEBUG] - [JUGADOR_0] Hitbox ataque: <rect(469, 240, 54, 69)>, Dir: (-1.00, 0.00)
2025-05-19 17:14:37 - jugador - [DEBUG] - [JUGADOR_0] Pos flotante (pre-límites): (505.9400, 263.0000)
2025-05-19 17:14:37 - jugador - [DEBUG] - [JUGADOR_0] Pos flotante (post-límites): (505.9400, 263.0000)
2025-05-19 17:14:37 - jugador - [DEBUG] - [JUGADOR_0] Movimiento para CH: dx_int=-4, dy_int=0. HB (antes CH): (509, 263), PosFlotante: (505.9400,263.0000)
2025-05-19 17:14:37 - jugador - [DEBUG] - [JUGADOR_0] Iniciando gestión de colisión con dx=-4, dy=0. Hitbox actual: (509, 263)
2025-05-19 17:14:37 - jugador - [DEBUG] - [JUGADOR_0] Posición POST CH: HB: (505, 263), PosFlotante: (505.00, 263.00)
2025-05-19 17:14:37 - jugador - [DEBUG] - [JUGADOR_0] Hitbox ataque: <rect(465, 240, 54, 69)>, Dir: (-1.00, 0.00)
2025-05-19 17:14:37 - jugador - [DEBUG] - [JUGADOR_0] Pos flotante (pre-límites): (502.1200, 263.0000)
2025-05-19 17:14:37 - jugador - [DEBUG] - [JUGADOR_0] Pos flotante (post-límites): (502.1200, 263.0000)
2025-05-19 17:14:37 - jugador - [DEBUG] - [JUGADOR_0] Movimiento para CH: dx_int=-3, dy_int=0. HB (antes CH): (505, 263), PosFlotante: (502.1200,263.0000)
2025-05-19 17:14:37 - jugador - [DEBUG] - [JUGADOR_0] Iniciando gestión de colisión con dx=-3, dy=0. Hitbox actual: (505, 263)
2025-05-19 17:14:37 - jugador - [DEBUG] - [JUGADOR_0] Posición POST CH: HB: (502, 263), PosFlotante: (502.00, 263.00)
2025-05-19 17:14:37 - jugador - [DEBUG] - [JUGADOR_0] Hitbox ataque: <rect(462, 240, 54, 69)>, Dir: (-1.00, 0.00)
2025-05-19 17:14:37 - jugador - [DEBUG] - [JUGADOR_0] Input teclado procesado: mov_x_input_raw=-180, mov_y_input_raw=0
2025-05-19 17:14:37 - jugador - [DEBUG] - [JUGADOR_0] Delta flotante intentado: dx=-3.0600, dy=0.0000 (delta_time: 0.0170)
2025-05-19 17:14:37 - jugador - [DEBUG] - [JUGADOR_0] Pos flotante (pre-límites): (498.9400, 263.0000)
2025-05-19 17:14:37 - jugador - [DEBUG] - [JUGADOR_0] Pos flotante (post-límites): (498.9400, 263.0000)
2025-05-19 17:14:37 - jugador - [DEBUG] - [JUGADOR_0] Movimiento para CH: dx_int=-4, dy_int=0. HB (antes CH): (502, 263), PosFlotante: (498.9400,263.0000)
2025-05-19 17:14:37 - jugador - [DEBUG] - [JUGADOR_0] Iniciando gestión de colisión con dx=-4, dy=0. Hitbox actual: (502, 263)
2025-05-19 17:14:37 - jugador - [DEBUG] - [JUGADOR_0] Posición POST CH: HB: (498, 263), PosFlotante: (498.00, 263.00)
2025-05-19 17:14:37 - jugador - [DEBUG] - [JUGADOR_0] ATAQUE FINALIZADO (Duración: 260ms). Enemigos golpeados: 1
2025-05-19 17:14:37 - jugador - [DEBUG] - [JUGADOR_0] Delta flotante intentado: dx=-2.8800, dy=0.0000 (delta_time: 0.0160)
2025-05-19 17:14:37 - jugador - [DEBUG] - [JUGADOR_0] Pos flotante (pre-límites): (495.1200, 263.0000)
2025-05-19 17:14:37 - jugador - [DEBUG] - [JUGADOR_0] Pos flotante (post-límites): (495.1200, 263.0000)
2025-05-19 17:14:37 - jugador - [DEBUG] - [JUGADOR_0] Movimiento para CH: dx_int=-3, dy_int=0. HB (antes CH): (498, 263), PosFlotante: (495.1200,263.0000)
2025-05-19 17:14:37 - jugador - [DEBUG] - [JUGADOR_0] Iniciando gestión de colisión con dx=-3, dy=0. Hitbox actual: (498, 263)
2025-05-19 17:14:37 - jugador - [DEBUG] - [JUGADOR_0] Posición POST CH: HB: (495, 263), PosFlotante: (495.00, 263.00)
2025-05-19 17:14:37 - jugador - [DEBUG] - [JUGADOR_0] Pos flotante (pre-límites): (491.9400, 263.0000)
2025-05-19 17:14:37 - jugador - [DEBUG] - [JUGADOR_0] Pos flotante (post-límites): (491.9400, 263.0000)
2025-05-19 17:14:37 - jugador - [DEBUG] - [JUGADOR_0] Movimiento para CH: dx_int=-4, dy_int=0. HB (antes CH): (495, 263), PosFlotante: (491.9400,263.0000)
2025-05-19 17:14:37 - jugador - [DEBUG] - [JUGADOR_0] Iniciando gestión de colisión con dx=-4, dy=0. Hitbox actual: (495, 263)
2025-05-19 17:14:37 - jugador - [DEBUG] - [JUGADOR_0] Posición POST CH: HB: (491, 263), PosFlotante: (491.00, 263.00)
2025-05-19 17:14:37 - jugador - [DEBUG] - [JUGADOR_0] Input teclado procesado: mov_x_input_raw=-180, mov_y_input_raw=0
2025-05-19 17:14:37 - jugador - [DEBUG] - [JUGADOR_0] Delta flotante intentado: dx=-3.0600, dy=0.0000 (delta_time: 0.0170)
2025-05-19 17:14:37 - jugador - [DEBUG] - [JUGADOR_0] Pos flotante (pre-límites): (487.9400, 263.0000)
2025-05-19 17:14:37 - jugador - [DEBUG] - [JUGADOR_0] Pos flotante (post-límites): (487.9400, 263.0000)
2025-05-19 17:14:37 - jugador - [DEBUG] - [JUGADOR_0] Movimiento para CH: dx_int=-4, dy_int=0. HB (antes CH): (491, 263), PosFlotante: (487.9400,263.0000)
2025-05-19 17:14:37 - jugador - [DEBUG] - [JUGADOR_0] Iniciando gestión de colisión con dx=-4, dy=0. Hitbox actual: (491, 263)
2025-05-19 17:14:37 - jugador - [DEBUG] - [JUGADOR_0] Posición POST CH: HB: (487, 263), PosFlotante: (487.00, 263.00)
2025-05-19 17:14:37 - jugador - [DEBUG] - [JUGADOR_0] Pos flotante (pre-límites): (483.9400, 263.0000)
2025-05-19 17:14:37 - jugador - [DEBUG] - [JUGADOR_0] Pos flotante (post-límites): (483.9400, 263.0000)
2025-05-19 17:14:37 - jugador - [DEBUG] - [JUGADOR_0] Movimiento para CH: dx_int=-4, dy_int=0. HB (antes CH): (487, 263), PosFlotante: (483.9400,263.0000)
2025-05-19 17:14:37 - jugador - [DEBUG] - [JUGADOR_0] Iniciando gestión de colisión con dx=-4, dy=0. Hitbox actual: (487, 263)
2025-05-19 17:14:37 - jugador - [DEBUG] - [JUGADOR_0] Posición POST CH: HB: (483, 263), PosFlotante: (483.00, 263.00)
2025-05-19 17:14:37 - jugador - [DEBUG] - [JUGADOR_0] Delta flotante intentado: dx=-2.8800, dy=0.0000 (delta_time: 0.0160)
2025-05-19 17:14:37 - jugador - [DEBUG] - [JUGADOR_0] Pos flotante (pre-límites): (480.1200, 263.0000)
2025-05-19 17:14:37 - jugador - [DEBUG] - [JUGADOR_0] Pos flotante (post-límites): (480.1200, 263.0000)
2025-05-19 17:14:37 - jugador - [DEBUG] - [JUGADOR_0] Movimiento para CH: dx_int=-3, dy_int=0. HB (antes CH): (483, 263), PosFlotante: (480.1200,263.0000)
2025-05-19 17:14:37 - jugador - [DEBUG] - [JUGADOR_0] Iniciando gestión de colisión con dx=-3, dy=0. Hitbox actual: (483, 263)
2025-05-19 17:14:37 - jugador - [DEBUG] - [JUGADOR_0] Posición POST CH: HB: (480, 263), PosFlotante: (480.00, 263.00)
2025-05-19 17:14:37 - jugador - [DEBUG] - [JUGADOR_0] Pos flotante (pre-límites): (477.1200, 263.0000)
2025-05-19 17:14:37 - jugador - [DEBUG] - [JUGADOR_0] Pos flotante (post-límites): (477.1200, 263.0000)
2025-05-19 17:14:37 - jugador - [DEBUG] - [JUGADOR_0] Movimiento para CH: dx_int=-3, dy_int=0. HB (antes CH): (480, 263), PosFlotante: (477.1200,263.0000)
2025-05-19 17:14:37 - jugador - [DEBUG] - [JUGADOR_0] Iniciando gestión de colisión con dx=-3, dy=0. Hitbox actual: (480, 263)
2025-05-19 17:14:37 - jugador - [DEBUG] - [JUGADOR_0] Posición POST CH: HB: (477, 263), PosFlotante: (477.00, 263.00)
2025-05-19 17:14:37 - jugador - [DEBUG] - [JUGADOR_0] Input teclado procesado: mov_x_input_raw=-180, mov_y_input_raw=0
2025-05-19 17:14:37 - jugador - [DEBUG] - [JUGADOR_0] Delta flotante intentado: dx=-3.0600, dy=0.0000 (delta_time: 0.0170)
2025-05-19 17:14:37 - jugador - [DEBUG] - [JUGADOR_0] Pos flotante (pre-límites): (473.9400, 263.0000)
2025-05-19 17:14:37 - jugador - [DEBUG] - [JUGADOR_0] Pos flotante (post-límites): (473.9400, 263.0000)
2025-05-19 17:14:37 - jugador - [DEBUG] - [JUGADOR_0] Movimiento para CH: dx_int=-4, dy_int=0. HB (antes CH): (477, 263), PosFlotante: (473.9400,263.0000)
2025-05-19 17:14:37 - jugador - [DEBUG] - [JUGADOR_0] Iniciando gestión de colisión con dx=-4, dy=0. Hitbox actual: (477, 263)
2025-05-19 17:14:37 - jugador - [DEBUG] - [JUGADOR_0] Posición POST CH: HB: (473, 263), PosFlotante: (473.00, 263.00)
2025-05-19 17:14:37 - jugador - [DEBUG] - [JUGADOR_0] Pos flotante (pre-límites): (470.1200, 263.0000)
2025-05-19 17:14:37 - jugador - [DEBUG] - [JUGADOR_0] Pos flotante (post-límites): (470.1200, 263.0000)
2025-05-19 17:14:37 - jugador - [DEBUG] - [JUGADOR_0] Movimiento para CH: dx_int=-3, dy_int=0. HB (antes CH): (473, 263), PosFlotante: (470.1200,263.0000)
2025-05-19 17:14:37 - jugador - [DEBUG] - [JUGADOR_0] Iniciando gestión de colisión con dx=-3, dy=0. Hitbox actual: (473, 263)
2025-05-19 17:14:37 - jugador - [DEBUG] - [JUGADOR_0] Posición POST CH: HB: (470, 263), PosFlotante: (470.00, 263.00)
2025-05-19 17:14:37 - jugador - [DEBUG] - [JUGADOR_0] Pos flotante (pre-límites): (466.9400, 263.0000)
2025-05-19 17:14:37 - jugador - [DEBUG] - [JUGADOR_0] Pos flotante (post-límites): (466.9400, 263.0000)
2025-05-19 17:14:37 - jugador - [DEBUG] - [JUGADOR_0] Movimiento para CH: dx_int=-4, dy_int=0. HB (antes CH): (470, 263), PosFlotante: (466.9400,263.0000)
2025-05-19 17:14:37 - jugador - [DEBUG] - [JUGADOR_0] Iniciando gestión de colisión con dx=-4, dy=0. Hitbox actual: (470, 263)
2025-05-19 17:14:37 - jugador - [DEBUG] - [JUGADOR_0] Posición POST CH: HB: (466, 263), PosFlotante: (466.00, 263.00)
2025-05-19 17:14:37 - jugador - [DEBUG] - [JUGADOR_0] Delta flotante intentado: dx=-2.8800, dy=0.0000 (delta_time: 0.0160)
2025-05-19 17:14:37 - jugador - [DEBUG] - [JUGADOR_0] Pos flotante (pre-límites): (463.1200, 263.0000)
2025-05-19 17:14:37 - jugador - [DEBUG] - [JUGADOR_0] Pos flotante (post-límites): (463.1200, 263.0000)
2025-05-19 17:14:37 - jugador - [DEBUG] - [JUGADOR_0] Movimiento para CH: dx_int=-3, dy_int=0. HB (antes CH): (466, 263), PosFlotante: (463.1200,263.0000)
2025-05-19 17:14:37 - jugador - [DEBUG] - [JUGADOR_0] Iniciando gestión de colisión con dx=-3, dy=0. Hitbox actual: (466, 263)
2025-05-19 17:14:37 - jugador - [DEBUG] - [JUGADOR_0] Posición POST CH: HB: (463, 263), PosFlotante: (463.00, 263.00)
2025-05-19 17:14:37 - jugador - [DEBUG] - [JUGADOR_0] Input teclado procesado: mov_x_input_raw=-180, mov_y_input_raw=0
2025-05-19 17:14:37 - jugador - [DEBUG] - [JUGADOR_0] Pos flotante (pre-límites): (460.1200, 263.0000)
2025-05-19 17:14:37 - jugador - [DEBUG] - [JUGADOR_0] Pos flotante (post-límites): (460.1200, 263.0000)
2025-05-19 17:14:37 - jugador - [DEBUG] - [JUGADOR_0] Movimiento para CH: dx_int=-3, dy_int=0. HB (antes CH): (463, 263), PosFlotante: (460.1200,263.0000)
2025-05-19 17:14:37 - jugador - [DEBUG] - [JUGADOR_0] Iniciando gestión de colisión con dx=-3, dy=0. Hitbox actual: (463, 263)
2025-05-19 17:14:37 - jugador - [DEBUG] - [JUGADOR_0] Posición POST CH: HB: (460, 263), PosFlotante: (460.00, 263.00)
2025-05-19 17:14:37 - jugador - [DEBUG] - [JUGADOR_0] Pos flotante (pre-límites): (457.1200, 263.0000)
2025-05-19 17:14:37 - jugador - [DEBUG] - [JUGADOR_0] Pos flotante (post-límites): (457.1200, 263.0000)
2025-05-19 17:14:37 - jugador - [DEBUG] - [JUGADOR_0] Movimiento para CH: dx_int=-3, dy_int=0. HB (antes CH): (460, 263), PosFlotante: (457.1200,263.0000)
2025-05-19 17:14:37 - jugador - [DEBUG] - [JUGADOR_0] Iniciando gestión de colisión con dx=-3, dy=0. Hitbox actual: (460, 263)
2025-05-19 17:14:37 - jugador - [DEBUG] - [JUGADOR_0] Posición POST CH: HB: (457, 263), PosFlotante: (457.00, 263.00)
2025-05-19 17:14:37 - jugador - [DEBUG] - [JUGADOR_0] Delta flotante intentado: dx=-3.0600, dy=0.0000 (delta_time: 0.0170)
2025-05-19 17:14:37 - jugador - [DEBUG] - [JUGADOR_0] Pos flotante (pre-límites): (453.9400, 263.0000)
2025-05-19 17:14:37 - jugador - [DEBUG] - [JUGADOR_0] Pos flotante (post-límites): (453.9400, 263.0000)
2025-05-19 17:14:37 - jugador - [DEBUG] - [JUGADOR_0] Movimiento para CH: dx_int=-4, dy_int=0. HB (antes CH): (457, 263), PosFlotante: (453.9400,263.0000)
2025-05-19 17:14:37 - jugador - [DEBUG] - [JUGADOR_0] Iniciando gestión de colisión con dx=-4, dy=0. Hitbox actual: (457, 263)
2025-05-19 17:14:37 - jugador - [DEBUG] - [JUGADOR_0] Posición POST CH: HB: (453, 263), PosFlotante: (453.00, 263.00)
2025-05-19 17:14:37 - jugador - [DEBUG] - [JUGADOR_0] Delta flotante intentado: dx=-2.8800, dy=0.0000 (delta_time: 0.0160)
2025-05-19 17:14:37 - jugador - [DEBUG] - [JUGADOR_0] Pos flotante (pre-límites): (450.1200, 263.0000)
2025-05-19 17:14:37 - jugador - [DEBUG] - [JUGADOR_0] Pos flotante (post-límites): (450.1200, 263.0000)
2025-05-19 17:14:37 - jugador - [DEBUG] - [JUGADOR_0] Movimiento para CH: dx_int=-3, dy_int=0. HB (antes CH): (453, 263), PosFlotante: (450.1200,263.0000)
2025-05-19 17:14:37 - jugador - [DEBUG] - [JUGADOR_0] Iniciando gestión de colisión con dx=-3, dy=0. Hitbox actual: (453, 263)
2025-05-19 17:14:37 - jugador - [DEBUG] - [JUGADOR_0] Posición POST CH: HB: (450, 263), PosFlotante: (450.00, 263.00)
2025-05-19 17:14:37 - jugador - [DEBUG] - [JUGADOR_0] Input teclado procesado: mov_x_input_raw=-180, mov_y_input_raw=0
2025-05-19 17:14:37 - jugador - [DEBUG] - [JUGADOR_0] Pos flotante (pre-límites): (447.1200, 263.0000)
2025-05-19 17:14:37 - jugador - [DEBUG] - [JUGADOR_0] Pos flotante (post-límites): (447.1200, 263.0000)
2025-05-19 17:14:37 - jugador - [DEBUG] - [JUGADOR_0] Movimiento para CH: dx_int=-3, dy_int=0. HB (antes CH): (450, 263), PosFlotante: (447.1200,263.0000)
2025-05-19 17:14:37 - jugador - [DEBUG] - [JUGADOR_0] Iniciando gestión de colisión con dx=-3, dy=0. Hitbox actual: (450, 263)
2025-05-19 17:14:37 - jugador - [DEBUG] - [JUGADOR_0] Posición POST CH: HB: (447, 263), PosFlotante: (447.00, 263.00)
2025-05-19 17:14:37 - jugador - [DEBUG] - [JUGADOR_0] Intento de ataque en cooldown (700.0ms). Tiempo desde último: 528ms
2025-05-19 17:14:37 - jugador - [DEBUG] - [JUGADOR_0] Pos flotante (pre-límites): (443.9400, 263.0000)
2025-05-19 17:14:37 - jugador - [DEBUG] - [JUGADOR_0] Pos flotante (post-límites): (443.9400, 263.0000)
2025-05-19 17:14:37 - jugador - [DEBUG] - [JUGADOR_0] Movimiento para CH: dx_int=-4, dy_int=0. HB (antes CH): (447, 263), PosFlotante: (443.9400,263.0000)
2025-05-19 17:14:37 - jugador - [DEBUG] - [JUGADOR_0] Iniciando gestión de colisión con dx=-4, dy=0. Hitbox actual: (447, 263)
2025-05-19 17:14:37 - jugador - [DEBUG] - [JUGADOR_0] Posición POST CH: HB: (443, 263), PosFlotante: (443.00, 263.00)
2025-05-19 17:14:37 - jugador - [DEBUG] - [JUGADOR_0] Delta flotante intentado: dx=-3.0600, dy=0.0000 (delta_time: 0.0170)
2025-05-19 17:14:37 - jugador - [DEBUG] - [JUGADOR_0] Pos flotante (pre-límites): (439.9400, 263.0000)
2025-05-19 17:14:37 - jugador - [DEBUG] - [JUGADOR_0] Pos flotante (post-límites): (439.9400, 263.0000)
2025-05-19 17:14:37 - jugador - [DEBUG] - [JUGADOR_0] Movimiento para CH: dx_int=-4, dy_int=0. HB (antes CH): (443, 263), PosFlotante: (439.9400,263.0000)
2025-05-19 17:14:37 - jugador - [DEBUG] - [JUGADOR_0] Iniciando gestión de colisión con dx=-4, dy=0. Hitbox actual: (443, 263)
2025-05-19 17:14:37 - jugador - [DEBUG] - [JUGADOR_0] Posición POST CH: HB: (439, 263), PosFlotante: (439.00, 263.00)
2025-05-19 17:14:37 - jugador - [DEBUG] - [JUGADOR_0] Input teclado procesado: mov_x_input_raw=-180, mov_y_input_raw=0
2025-05-19 17:14:37 - jugador - [DEBUG] - [JUGADOR_0] Pos flotante (pre-límites): (435.9400, 263.0000)
2025-05-19 17:14:37 - jugador - [DEBUG] - [JUGADOR_0] Pos flotante (post-límites): (435.9400, 263.0000)
2025-05-19 17:14:37 - jugador - [DEBUG] - [JUGADOR_0] Movimiento para CH: dx_int=-4, dy_int=0. HB (antes CH): (439, 263), PosFlotante: (435.9400,263.0000)
2025-05-19 17:14:37 - jugador - [DEBUG] - [JUGADOR_0] Iniciando gestión de colisión con dx=-4, dy=0. Hitbox actual: (439, 263)
2025-05-19 17:14:37 - jugador - [DEBUG] - [JUGADOR_0] Posición POST CH: HB: (435, 263), PosFlotante: (435.00, 263.00)
2025-05-19 17:14:37 - jugador - [DEBUG] - [JUGADOR_0] Input teclado procesado: mov_x_input_raw=-180, mov_y_input_raw=-180
2025-05-19 17:14:37 - jugador - [DEBUG] - [JUGADOR_0] Delta flotante intentado: dx=-3.0600, dy=-3.0600 (delta_time: 0.0170)
2025-05-19 17:14:37 - jugador - [DEBUG] - [JUGADOR_0] Pos flotante (pre-límites): (431.9400, 259.9400)
2025-05-19 17:14:37 - jugador - [DEBUG] - [JUGADOR_0] Pos flotante (post-límites): (431.9400, 259.9400)
2025-05-19 17:14:37 - jugador - [DEBUG] - [JUGADOR_0] Movimiento para CH: dx_int=-4, dy_int=-4. HB (antes CH): (435, 263), PosFlotante: (431.9400,259.9400)
2025-05-19 17:14:37 - jugador - [DEBUG] - [JUGADOR_0] Iniciando gestión de colisión con dx=-4, dy=-4. Hitbox actual: (435, 263)
2025-05-19 17:14:37 - jugador - [DEBUG] - [JUGADOR_0] Posición POST CH: HB: (431, 259), PosFlotante: (431.00, 259.00)
2025-05-19 17:14:37 - jugador - [DEBUG] - [JUGADOR_0] Delta flotante intentado: dx=-2.8800, dy=-2.8800 (delta_time: 0.0160)
2025-05-19 17:14:37 - jugador - [DEBUG] - [JUGADOR_0] Pos flotante (pre-límites): (428.1200, 256.1200)
2025-05-19 17:14:37 - jugador - [DEBUG] - [JUGADOR_0] Pos flotante (post-límites): (428.1200, 256.1200)
2025-05-19 17:14:37 - jugador - [DEBUG] - [JUGADOR_0] Movimiento para CH: dx_int=-3, dy_int=-3. HB (antes CH): (431, 259), PosFlotante: (428.1200,256.1200)
2025-05-19 17:14:37 - jugador - [DEBUG] - [JUGADOR_0] Iniciando gestión de colisión con dx=-3, dy=-3. Hitbox actual: (431, 259)
2025-05-19 17:14:37 - jugador - [DEBUG] - [JUGADOR_0] Posición POST CH: HB: (428, 256), PosFlotante: (428.00, 256.00)
2025-05-19 17:14:37 - jugador - [DEBUG] - [JUGADOR_0] Pos flotante (pre-límites): (424.9400, 252.9400)
2025-05-19 17:14:37 - jugador - [DEBUG] - [JUGADOR_0] Pos flotante (post-límites): (424.9400, 252.9400)
2025-05-19 17:14:37 - jugador - [DEBUG] - [JUGADOR_0] Movimiento para CH: dx_int=-4, dy_int=-4. HB (antes CH): (428, 256), PosFlotante: (424.9400,252.9400)
2025-05-19 17:14:37 - jugador - [DEBUG] - [JUGADOR_0] Iniciando gestión de colisión con dx=-4, dy=-4. Hitbox actual: (428, 256)
2025-05-19 17:14:37 - jugador - [DEBUG] - [JUGADOR_0] Posición POST CH: HB: (424, 252), PosFlotante: (424.00, 252.00)
2025-05-19 17:14:37 - jugador - [DEBUG] - [JUGADOR_0] Pos flotante (pre-límites): (421.1200, 249.1200)
2025-05-19 17:14:37 - jugador - [DEBUG] - [JUGADOR_0] Pos flotante (post-límites): (421.1200, 249.1200)
2025-05-19 17:14:37 - jugador - [DEBUG] - [JUGADOR_0] Movimiento para CH: dx_int=-3, dy_int=-3. HB (antes CH): (424, 252), PosFlotante: (421.1200,249.1200)
2025-05-19 17:14:37 - jugador - [DEBUG] - [JUGADOR_0] Iniciando gestión de colisión con dx=-3, dy=-3. Hitbox actual: (424, 252)
2025-05-19 17:14:37 - jugador - [DEBUG] - [JUGADOR_0] Posición POST CH: HB: (421, 249), PosFlotante: (421.00, 249.00)
2025-05-19 17:14:37 - jugador - [DEBUG] - [JUGADOR_0] Input teclado procesado: mov_x_input_raw=-180, mov_y_input_raw=-180
2025-05-19 17:14:37 - jugador - [DEBUG] - [JUGADOR_0] Delta flotante intentado: dx=-3.0600, dy=-3.0600 (delta_time: 0.0170)
2025-05-19 17:14:37 - jugador - [DEBUG] - [JUGADOR_0] Pos flotante (pre-límites): (417.9400, 245.9400)
2025-05-19 17:14:37 - jugador - [DEBUG] - [JUGADOR_0] Pos flotante (post-límites): (417.9400, 245.9400)
2025-05-19 17:14:37 - jugador - [DEBUG] - [JUGADOR_0] Movimiento para CH: dx_int=-4, dy_int=-4. HB (antes CH): (421, 249), PosFlotante: (417.9400,245.9400)
2025-05-19 17:14:37 - jugador - [DEBUG] - [JUGADOR_0] Iniciando gestión de colisión con dx=-4, dy=-4. Hitbox actual: (421, 249)
2025-05-19 17:14:37 - jugador - [DEBUG] - [JUGADOR_0] Posición POST CH: HB: (417, 245), PosFlotante: (417.00, 245.00)
2025-05-19 17:14:37 - jugador - [DEBUG] - [JUGADOR_0] Input teclado procesado: mov_x_input_raw=180, mov_y_input_raw=-180
2025-05-19 17:14:37 - jugador - [DEBUG] - [JUGADOR_0] Delta flotante intentado: dx=3.0600, dy=-3.0600 (delta_time: 0.0170)
2025-05-19 17:14:37 - jugador - [DEBUG] - [JUGADOR_0] Pos flotante (pre-límites): (420.0600, 241.9400)
2025-05-19 17:14:37 - jugador - [DEBUG] - [JUGADOR_0] Pos flotante (post-límites): (420.0600, 241.9400)
2025-05-19 17:14:37 - jugador - [DEBUG] - [JUGADOR_0] Movimiento para CH: dx_int=4, dy_int=-4. HB (antes CH): (417, 245), PosFlotante: (420.0600,241.9400)
2025-05-19 17:14:37 - jugador - [DEBUG] - [JUGADOR_0] Iniciando gestión de colisión con dx=4, dy=-4. Hitbox actual: (417, 245)
2025-05-19 17:14:37 - jugador - [DEBUG] - [JUGADOR_0] Posición POST CH: HB: (421, 241), PosFlotante: (421.00, 241.00)
2025-05-19 17:14:37 - jugador - [DEBUG] - [JUGADOR_0] Delta flotante intentado: dx=2.8800, dy=-2.8800 (delta_time: 0.0160)
2025-05-19 17:14:37 - jugador - [DEBUG] - [JUGADOR_0] Pos flotante (pre-límites): (423.8800, 238.1200)
2025-05-19 17:14:37 - jugador - [DEBUG] - [JUGADOR_0] Pos flotante (post-límites): (423.8800, 238.1200)
2025-05-19 17:14:37 - jugador - [DEBUG] - [JUGADOR_0] Movimiento para CH: dx_int=3, dy_int=-3. HB (antes CH): (421, 241), PosFlotante: (423.8800,238.1200)
2025-05-19 17:14:37 - jugador - [DEBUG] - [JUGADOR_0] Iniciando gestión de colisión con dx=3, dy=-3. Hitbox actual: (421, 241)
2025-05-19 17:14:37 - jugador - [DEBUG] - [JUGADOR_0] Posición POST CH: HB: (424, 238), PosFlotante: (424.00, 238.00)
2025-05-19 17:14:37 - jugador - [DEBUG] - [JUGADOR_0] Pos flotante (pre-límites): (427.0600, 234.9400)
2025-05-19 17:14:37 - jugador - [DEBUG] - [JUGADOR_0] Pos flotante (post-límites): (427.0600, 234.9400)
2025-05-19 17:14:37 - jugador - [DEBUG] - [JUGADOR_0] Movimiento para CH: dx_int=4, dy_int=-4. HB (antes CH): (424, 238), PosFlotante: (427.0600,234.9400)
2025-05-19 17:14:37 - jugador - [DEBUG] - [JUGADOR_0] Iniciando gestión de colisión con dx=4, dy=-4. Hitbox actual: (424, 238)
2025-05-19 17:14:37 - jugador - [DEBUG] - [JUGADOR_0] Posición POST CH: HB: (428, 234), PosFlotante: (428.00, 234.00)
2025-05-19 17:14:37 - jugador - [DEBUG] - [JUGADOR_0] Pos flotante (pre-límites): (431.0600, 230.9400)
2025-05-19 17:14:37 - jugador - [DEBUG] - [JUGADOR_0] Pos flotante (post-límites): (431.0600, 230.9400)
2025-05-19 17:14:37 - jugador - [DEBUG] - [JUGADOR_0] Movimiento para CH: dx_int=4, dy_int=-4. HB (antes CH): (428, 234), PosFlotante: (431.0600,230.9400)
2025-05-19 17:14:37 - jugador - [DEBUG] - [JUGADOR_0] Iniciando gestión de colisión con dx=4, dy=-4. Hitbox actual: (428, 234)
2025-05-19 17:14:37 - jugador - [DEBUG] - [JUGADOR_0] Posición POST CH: HB: (432, 230), PosFlotante: (432.00, 230.00)
2025-05-19 17:14:37 - jugador - [INFO] - [JUGADOR_0] ATAQUE INICIADO (Cooldown: 700.0ms). Perfil: 'espada_predeterminada'
2025-05-19 17:14:37 - jugador - [DEBUG] - [JUGADOR_0] Input teclado procesado: mov_x_input_raw=180, mov_y_input_raw=-180
2025-05-19 17:14:37 - jugador - [DEBUG] - [JUGADOR_0] Delta flotante intentado: dx=2.8800, dy=-2.8800 (delta_time: 0.0160)
2025-05-19 17:14:37 - jugador - [DEBUG] - [JUGADOR_0] Pos flotante (pre-límites): (434.8800, 227.1200)
2025-05-19 17:14:37 - jugador - [DEBUG] - [JUGADOR_0] Pos flotante (post-límites): (434.8800, 227.1200)
2025-05-19 17:14:37 - jugador - [DEBUG] - [JUGADOR_0] Movimiento para CH: dx_int=3, dy_int=-3. HB (antes CH): (432, 230), PosFlotante: (434.8800,227.1200)
2025-05-19 17:14:37 - jugador - [DEBUG] - [JUGADOR_0] Iniciando gestión de colisión con dx=3, dy=-3. Hitbox actual: (432, 230)
2025-05-19 17:14:37 - jugador - [DEBUG] - [JUGADOR_0] Posición POST CH: HB: (435, 227), PosFlotante: (435.00, 227.00)
2025-05-19 17:14:37 - jugador - [DEBUG] - [JUGADOR_0] Hitbox ataque: <rect(445, 204, 54, 69)>, Dir: (1.00, 0.00)
2025-05-19 17:14:37 - jugador - [DEBUG] - [JUGADOR_0] Pos flotante (pre-límites): (437.8800, 224.1200)
2025-05-19 17:14:37 - jugador - [DEBUG] - [JUGADOR_0] Pos flotante (post-límites): (437.8800, 224.1200)
2025-05-19 17:14:37 - jugador - [DEBUG] - [JUGADOR_0] Movimiento para CH: dx_int=3, dy_int=-3. HB (antes CH): (435, 227), PosFlotante: (437.8800,224.1200)
2025-05-19 17:14:37 - jugador - [DEBUG] - [JUGADOR_0] Iniciando gestión de colisión con dx=3, dy=-3. Hitbox actual: (435, 227)
2025-05-19 17:14:37 - jugador - [DEBUG] - [JUGADOR_0] Posición POST CH: HB: (438, 224), PosFlotante: (438.00, 224.00)
2025-05-19 17:14:37 - jugador - [DEBUG] - [JUGADOR_0] Hitbox ataque: <rect(448, 201, 54, 69)>, Dir: (1.00, 0.00)
2025-05-19 17:14:37 - jugador - [DEBUG] - [JUGADOR_0] Pos flotante (pre-límites): (440.8800, 221.1200)
2025-05-19 17:14:37 - jugador - [DEBUG] - [JUGADOR_0] Pos flotante (post-límites): (440.8800, 221.1200)
2025-05-19 17:14:37 - jugador - [DEBUG] - [JUGADOR_0] Movimiento para CH: dx_int=3, dy_int=-3. HB (antes CH): (438, 224), PosFlotante: (440.8800,221.1200)
2025-05-19 17:14:37 - jugador - [DEBUG] - [JUGADOR_0] Iniciando gestión de colisión con dx=3, dy=-3. Hitbox actual: (438, 224)
2025-05-19 17:14:37 - jugador - [DEBUG] - [JUGADOR_0] Posición POST CH: HB: (441, 221), PosFlotante: (441.00, 221.00)
2025-05-19 17:14:37 - jugador - [DEBUG] - [JUGADOR_0] Hitbox ataque: <rect(451, 198, 54, 69)>, Dir: (1.00, 0.00)
2025-05-19 17:14:37 - jugador - [DEBUG] - [JUGADOR_0] Pos flotante (pre-límites): (443.8800, 218.1200)
2025-05-19 17:14:37 - jugador - [DEBUG] - [JUGADOR_0] Pos flotante (post-límites): (443.8800, 218.1200)
2025-05-19 17:14:37 - jugador - [DEBUG] - [JUGADOR_0] Movimiento para CH: dx_int=3, dy_int=-3. HB (antes CH): (441, 221), PosFlotante: (443.8800,218.1200)
2025-05-19 17:14:37 - jugador - [DEBUG] - [JUGADOR_0] Iniciando gestión de colisión con dx=3, dy=-3. Hitbox actual: (441, 221)
2025-05-19 17:14:37 - jugador - [DEBUG] - [JUGADOR_0] Posición POST CH: HB: (444, 218), PosFlotante: (444.00, 218.00)
2025-05-19 17:14:37 - jugador - [DEBUG] - [JUGADOR_0] Hitbox ataque: <rect(454, 195, 54, 69)>, Dir: (1.00, 0.00)
2025-05-19 17:14:37 - jugador - [DEBUG] - [JUGADOR_0] Input teclado procesado: mov_x_input_raw=180, mov_y_input_raw=-180
2025-05-19 17:14:37 - jugador - [DEBUG] - [JUGADOR_0] Delta flotante intentado: dx=2.8800, dy=-2.8800 (delta_time: 0.0160)
2025-05-19 17:14:37 - jugador - [DEBUG] - [JUGADOR_0] Pos flotante (pre-límites): (446.8800, 215.1200)
2025-05-19 17:14:37 - jugador - [DEBUG] - [JUGADOR_0] Pos flotante (post-límites): (446.8800, 215.1200)
2025-05-19 17:14:37 - jugador - [DEBUG] - [JUGADOR_0] Movimiento para CH: dx_int=3, dy_int=-3. HB (antes CH): (444, 218), PosFlotante: (446.8800,215.1200)
2025-05-19 17:14:37 - jugador - [DEBUG] - [JUGADOR_0] Iniciando gestión de colisión con dx=3, dy=-3. Hitbox actual: (444, 218)
2025-05-19 17:14:37 - jugador - [DEBUG] - [JUGADOR_0] Posición POST CH: HB: (447, 215), PosFlotante: (447.00, 215.00)
2025-05-19 17:14:37 - jugador - [DEBUG] - [JUGADOR_0] Hitbox ataque: <rect(457, 192, 54, 69)>, Dir: (1.00, 0.00)
2025-05-19 17:14:37 - jugador - [DEBUG] - [JUGADOR_0] Pos flotante (pre-límites): (449.8800, 212.1200)
2025-05-19 17:14:37 - jugador - [DEBUG] - [JUGADOR_0] Pos flotante (post-límites): (449.8800, 212.1200)
2025-05-19 17:14:37 - jugador - [DEBUG] - [JUGADOR_0] Movimiento para CH: dx_int=3, dy_int=-3. HB (antes CH): (447, 215), PosFlotante: (449.8800,212.1200)
2025-05-19 17:14:37 - jugador - [DEBUG] - [JUGADOR_0] Iniciando gestión de colisión con dx=3, dy=-3. Hitbox actual: (447, 215)
2025-05-19 17:14:37 - jugador - [DEBUG] - [JUGADOR_0] Posición POST CH: HB: (450, 212), PosFlotante: (450.00, 212.00)
2025-05-19 17:14:37 - jugador - [DEBUG] - [JUGADOR_0] Hitbox ataque: <rect(460, 189, 54, 69)>, Dir: (1.00, 0.00)
2025-05-19 17:14:37 - jugador - [DEBUG] - [JUGADOR_0] Delta flotante intentado: dx=3.0600, dy=-3.0600 (delta_time: 0.0170)
2025-05-19 17:14:37 - jugador - [DEBUG] - [JUGADOR_0] Pos flotante (pre-límites): (453.0600, 208.9400)
2025-05-19 17:14:37 - jugador - [DEBUG] - [JUGADOR_0] Pos flotante (post-límites): (453.0600, 208.9400)
2025-05-19 17:14:37 - jugador - [DEBUG] - [JUGADOR_0] Movimiento para CH: dx_int=4, dy_int=-4. HB (antes CH): (450, 212), PosFlotante: (453.0600,208.9400)
2025-05-19 17:14:37 - jugador - [DEBUG] - [JUGADOR_0] Iniciando gestión de colisión con dx=4, dy=-4. Hitbox actual: (450, 212)
2025-05-19 17:14:37 - jugador - [DEBUG] - [JUGADOR_0] Posición POST CH: HB: (454, 208), PosFlotante: (454.00, 208.00)
2025-05-19 17:14:37 - jugador - [DEBUG] - [JUGADOR_0] Hitbox ataque: <rect(464, 185, 54, 69)>, Dir: (1.00, 0.00)
2025-05-19 17:14:37 - jugador - [DEBUG] - [JUGADOR_0] Pos flotante (pre-límites): (456.8800, 205.1200)
2025-05-19 17:14:37 - jugador - [DEBUG] - [JUGADOR_0] Pos flotante (post-límites): (456.8800, 205.1200)
2025-05-19 17:14:37 - jugador - [DEBUG] - [JUGADOR_0] Movimiento para CH: dx_int=3, dy_int=-3. HB (antes CH): (454, 208), PosFlotante: (456.8800,205.1200)
2025-05-19 17:14:37 - jugador - [DEBUG] - [JUGADOR_0] Iniciando gestión de colisión con dx=3, dy=-3. Hitbox actual: (454, 208)
2025-05-19 17:14:37 - jugador - [DEBUG] - [JUGADOR_0] Posición POST CH: HB: (457, 205), PosFlotante: (457.00, 205.00)
2025-05-19 17:14:37 - jugador - [DEBUG] - [JUGADOR_0] Hitbox ataque: <rect(467, 182, 54, 69)>, Dir: (1.00, 0.00)
2025-05-19 17:14:37 - jugador - [DEBUG] - [JUGADOR_0] Input teclado procesado: mov_x_input_raw=180, mov_y_input_raw=-180
2025-05-19 17:14:37 - jugador - [DEBUG] - [JUGADOR_0] Pos flotante (pre-límites): (460.0600, 201.9400)
2025-05-19 17:14:37 - jugador - [DEBUG] - [JUGADOR_0] Pos flotante (post-límites): (460.0600, 201.9400)
2025-05-19 17:14:37 - jugador - [DEBUG] - [JUGADOR_0] Movimiento para CH: dx_int=4, dy_int=-4. HB (antes CH): (457, 205), PosFlotante: (460.0600,201.9400)
2025-05-19 17:14:37 - jugador - [DEBUG] - [JUGADOR_0] Iniciando gestión de colisión con dx=4, dy=-4. Hitbox actual: (457, 205)
2025-05-19 17:14:37 - jugador - [DEBUG] - [JUGADOR_0] Posición POST CH: HB: (461, 201), PosFlotante: (461.00, 201.00)
2025-05-19 17:14:37 - jugador - [DEBUG] - [JUGADOR_0] Hitbox ataque: <rect(471, 178, 54, 69)>, Dir: (1.00, 0.00)
2025-05-19 17:14:37 - jugador - [DEBUG] - [JUGADOR_0] Delta flotante intentado: dx=2.8800, dy=-2.8800 (delta_time: 0.0160)
2025-05-19 17:14:37 - jugador - [DEBUG] - [JUGADOR_0] Pos flotante (pre-límites): (463.8800, 198.1200)
2025-05-19 17:14:37 - jugador - [DEBUG] - [JUGADOR_0] Pos flotante (post-límites): (463.8800, 198.1200)
2025-05-19 17:14:37 - jugador - [DEBUG] - [JUGADOR_0] Movimiento para CH: dx_int=3, dy_int=-3. HB (antes CH): (461, 201), PosFlotante: (463.8800,198.1200)
2025-05-19 17:14:37 - jugador - [DEBUG] - [JUGADOR_0] Iniciando gestión de colisión con dx=3, dy=-3. Hitbox actual: (461, 201)
2025-05-19 17:14:37 - jugador - [DEBUG] - [JUGADOR_0] Posición POST CH: HB: (464, 198), PosFlotante: (464.00, 198.00)
2025-05-19 17:14:37 - jugador - [DEBUG] - [JUGADOR_0] Hitbox ataque: <rect(474, 175, 54, 69)>, Dir: (1.00, 0.00)
2025-05-19 17:14:37 - jugador - [DEBUG] - [JUGADOR_0] Pos flotante (pre-límites): (466.8800, 195.1200)
2025-05-19 17:14:37 - jugador - [DEBUG] - [JUGADOR_0] Pos flotante (post-límites): (466.8800, 195.1200)
2025-05-19 17:14:37 - jugador - [DEBUG] - [JUGADOR_0] Movimiento para CH: dx_int=3, dy_int=-3. HB (antes CH): (464, 198), PosFlotante: (466.8800,195.1200)
2025-05-19 17:14:37 - jugador - [DEBUG] - [JUGADOR_0] Iniciando gestión de colisión con dx=3, dy=-3. Hitbox actual: (464, 198)
2025-05-19 17:14:37 - jugador - [DEBUG] - [JUGADOR_0] Posición POST CH: HB: (467, 195), PosFlotante: (467.00, 195.00)
2025-05-19 17:14:37 - jugador - [DEBUG] - [JUGADOR_0] Hitbox ataque: <rect(477, 172, 54, 69)>, Dir: (1.00, 0.00)
2025-05-19 17:14:37 - jugador - [DEBUG] - [JUGADOR_0] Input teclado procesado: mov_x_input_raw=180, mov_y_input_raw=0
2025-05-19 17:14:37 - jugador - [DEBUG] - [JUGADOR_0] Delta flotante intentado: dx=3.0600, dy=0.0000 (delta_time: 0.0170)
2025-05-19 17:14:37 - jugador - [DEBUG] - [JUGADOR_0] Pos flotante (pre-límites): (470.0600, 195.0000)
2025-05-19 17:14:37 - jugador - [DEBUG] - [JUGADOR_0] Pos flotante (post-límites): (470.0600, 195.0000)
2025-05-19 17:14:37 - jugador - [DEBUG] - [JUGADOR_0] Movimiento para CH: dx_int=4, dy_int=0. HB (antes CH): (467, 195), PosFlotante: (470.0600,195.0000)
2025-05-19 17:14:37 - jugador - [DEBUG] - [JUGADOR_0] Iniciando gestión de colisión con dx=4, dy=0. Hitbox actual: (467, 195)
2025-05-19 17:14:37 - jugador - [DEBUG] - [JUGADOR_0] Posición POST CH: HB: (471, 195), PosFlotante: (471.00, 195.00)
2025-05-19 17:14:37 - jugador - [DEBUG] - [JUGADOR_0] Hitbox ataque: <rect(481, 172, 54, 69)>, Dir: (1.00, 0.00)
2025-05-19 17:14:37 - jugador - [DEBUG] - [JUGADOR_0] Intento de ataque en cooldown (700.0ms). Tiempo desde último: 195ms
2025-05-19 17:14:37 - jugador - [DEBUG] - [JUGADOR_0] Delta flotante intentado: dx=2.8800, dy=0.0000 (delta_time: 0.0160)
2025-05-19 17:14:37 - jugador - [DEBUG] - [JUGADOR_0] Pos flotante (pre-límites): (473.8800, 195.0000)
2025-05-19 17:14:37 - jugador - [DEBUG] - [JUGADOR_0] Pos flotante (post-límites): (473.8800, 195.0000)
2025-05-19 17:14:37 - jugador - [DEBUG] - [JUGADOR_0] Movimiento para CH: dx_int=3, dy_int=0. HB (antes CH): (471, 195), PosFlotante: (473.8800,195.0000)
2025-05-19 17:14:37 - jugador - [DEBUG] - [JUGADOR_0] Iniciando gestión de colisión con dx=3, dy=0. Hitbox actual: (471, 195)
2025-05-19 17:14:37 - jugador - [DEBUG] - [JUGADOR_0] Posición POST CH: HB: (474, 195), PosFlotante: (474.00, 195.00)
2025-05-19 17:14:37 - jugador - [DEBUG] - [JUGADOR_0] Hitbox ataque: <rect(484, 172, 54, 69)>, Dir: (1.00, 0.00)
2025-05-19 17:14:37 - jugador - [DEBUG] - [JUGADOR_0] Pos flotante (pre-límites): (477.0600, 195.0000)
2025-05-19 17:14:37 - jugador - [DEBUG] - [JUGADOR_0] Pos flotante (post-límites): (477.0600, 195.0000)
2025-05-19 17:14:37 - jugador - [DEBUG] - [JUGADOR_0] Movimiento para CH: dx_int=4, dy_int=0. HB (antes CH): (474, 195), PosFlotante: (477.0600,195.0000)
2025-05-19 17:14:37 - jugador - [DEBUG] - [JUGADOR_0] Iniciando gestión de colisión con dx=4, dy=0. Hitbox actual: (474, 195)
2025-05-19 17:14:37 - jugador - [DEBUG] - [JUGADOR_0] Posición POST CH: HB: (478, 195), PosFlotante: (478.00, 195.00)
2025-05-19 17:14:37 - jugador - [DEBUG] - [JUGADOR_0] Hitbox ataque: <rect(488, 172, 54, 69)>, Dir: (1.00, 0.00)
2025-05-19 17:14:37 - jugador - [DEBUG] - [JUGADOR_0] Pos flotante (pre-límites): (480.8800, 195.0000)
2025-05-19 17:14:37 - jugador - [DEBUG] - [JUGADOR_0] Pos flotante (post-límites): (480.8800, 195.0000)
2025-05-19 17:14:37 - jugador - [DEBUG] - [JUGADOR_0] Movimiento para CH: dx_int=3, dy_int=0. HB (antes CH): (478, 195), PosFlotante: (480.8800,195.0000)
2025-05-19 17:14:37 - jugador - [DEBUG] - [JUGADOR_0] Iniciando gestión de colisión con dx=3, dy=0. Hitbox actual: (478, 195)
2025-05-19 17:14:37 - jugador - [DEBUG] - [JUGADOR_0] Posición POST CH: HB: (481, 195), PosFlotante: (481.00, 195.00)
2025-05-19 17:14:37 - jugador - [DEBUG] - [JUGADOR_0] Hitbox ataque: <rect(491, 172, 54, 69)>, Dir: (1.00, 0.00)
2025-05-19 17:14:37 - jugador - [DEBUG] - [JUGADOR_0] Input teclado procesado: mov_x_input_raw=180, mov_y_input_raw=0
2025-05-19 17:14:37 - jugador - [DEBUG] - [JUGADOR_0] Delta flotante intentado: dx=3.0600, dy=0.0000 (delta_time: 0.0170)
2025-05-19 17:14:37 - jugador - [DEBUG] - [JUGADOR_0] Pos flotante (pre-límites): (484.0600, 195.0000)
2025-05-19 17:14:37 - jugador - [DEBUG] - [JUGADOR_0] Pos flotante (post-límites): (484.0600, 195.0000)
2025-05-19 17:14:37 - jugador - [DEBUG] - [JUGADOR_0] Movimiento para CH: dx_int=4, dy_int=0. HB (antes CH): (481, 195), PosFlotante: (484.0600,195.0000)
2025-05-19 17:14:37 - jugador - [DEBUG] - [JUGADOR_0] Iniciando gestión de colisión con dx=4, dy=0. Hitbox actual: (481, 195)
2025-05-19 17:14:37 - jugador - [DEBUG] - [JUGADOR_0] Posición POST CH: HB: (485, 195), PosFlotante: (485.00, 195.00)
2025-05-19 17:14:37 - jugador - [DEBUG] - [JUGADOR_0] Hitbox ataque: <rect(495, 172, 54, 69)>, Dir: (1.00, 0.00)
2025-05-19 17:14:37 - jugador - [DEBUG] - [JUGADOR_0] Pos flotante (pre-límites): (488.0600, 195.0000)
2025-05-19 17:14:37 - jugador - [DEBUG] - [JUGADOR_0] Pos flotante (post-límites): (488.0600, 195.0000)
2025-05-19 17:14:37 - jugador - [DEBUG] - [JUGADOR_0] Movimiento para CH: dx_int=4, dy_int=0. HB (antes CH): (485, 195), PosFlotante: (488.0600,195.0000)
2025-05-19 17:14:37 - jugador - [DEBUG] - [JUGADOR_0] Iniciando gestión de colisión con dx=4, dy=0. Hitbox actual: (485, 195)
2025-05-19 17:14:37 - jugador - [DEBUG] - [JUGADOR_0] Posición POST CH: HB: (489, 195), PosFlotante: (489.00, 195.00)
2025-05-19 17:14:37 - jugador - [DEBUG] - [JUGADOR_0] ATAQUE FINALIZADO (Duración: 260ms). Enemigos golpeados: 0
2025-05-19 17:14:37 - jugador - [DEBUG] - [JUGADOR_0] Input teclado procesado: mov_x_input_raw=0, mov_y_input_raw=0
2025-05-19 17:14:37 - jugador - [DEBUG] - [JUGADOR_0] Delta flotante intentado: dx=0.0000, dy=0.0000 (delta_time: 0.0160)
2025-05-19 17:14:37 - jugador - [DEBUG] - [JUGADOR_0] Pos flotante (pre-límites): (489.0000, 195.0000)
2025-05-19 17:14:37 - jugador - [DEBUG] - [JUGADOR_0] Pos flotante (post-límites): (489.0000, 195.0000)
2025-05-19 17:14:37 - jugador - [DEBUG] - [JUGADOR_0] Sin mov. para CH (delta_int fue 0). HB: (489, 195), PosFlotante: (489.0000, 195.0000)
2025-05-19 17:14:37 - jugador - [DEBUG] - [JUGADOR_0] Delta flotante intentado: dx=0.0000, dy=0.0000 (delta_time: 0.0170)
2025-05-19 17:14:37 - jugador - [DEBUG] - [JUGADOR_0] Input teclado procesado: mov_x_input_raw=0, mov_y_input_raw=0
2025-05-19 17:14:37 - jugador - [DEBUG] - [JUGADOR_0] Pos flotante (pre-límites): (489.0000, 195.0000)
2025-05-19 17:14:37 - jugador - [DEBUG] - [JUGADOR_0] Pos flotante (post-límites): (489.0000, 195.0000)
2025-05-19 17:14:37 - jugador - [DEBUG] - [JUGADOR_0] Sin mov. para CH (delta_int fue 0). HB: (489, 195), PosFlotante: (489.0000, 195.0000)
2025-05-19 17:14:37 - jugador - [DEBUG] - [JUGADOR_0] Delta flotante intentado: dx=0.0000, dy=0.0000 (delta_time: 0.0170)
2025-05-19 17:14:37 - jugador - [DEBUG] - [JUGADOR_0] Input teclado procesado: mov_x_input_raw=0, mov_y_input_raw=0
2025-05-19 17:14:37 - jugador - [DEBUG] - [JUGADOR_0] Delta flotante intentado: dx=0.0000, dy=0.0000 (delta_time: 0.0160)
2025-05-19 17:14:37 - jugador - [DEBUG] - [JUGADOR_0] Pos flotante (pre-límites): (489.0000, 195.0000)
2025-05-19 17:14:37 - jugador - [DEBUG] - [JUGADOR_0] Pos flotante (post-límites): (489.0000, 195.0000)
2025-05-19 17:14:37 - jugador - [DEBUG] - [JUGADOR_0] Sin mov. para CH (delta_int fue 0). HB: (489, 195), PosFlotante: (489.0000, 195.0000)
