2025-05-19 16:50:40 - juego - [INFO] - Iniciando Pygame y módulos del juego...
2025-05-19 16:50:40 - juego - [DEBUG] - Pygame y fuentes inicializados.
2025-05-19 16:50:40 - juego - [DEBUG] - AssetManager inicializado y assets precargados.
2025-05-19 16:50:40 - juego - [DEBUG] - GestorNivel instanciado.
2025-05-19 16:50:40 - juego - [DEBUG] - GestorEventos instanciado.
2025-05-19 16:50:40 - juego - [DEBUG] - GestorEstado instanciado.
2025-05-19 16:50:40 - juego - [DEBUG] - Renderer instanciado.
2025-05-19 16:50:40 - juego - [INFO] - Juego inicializado y listo para ejecutarse.
2025-05-19 16:50:40 - juego - [DEBUG] -   Detalles inicialización: Pantalla: 800x600, Zoom inicial: 1.2
2025-05-19 16:50:40 - juego - [INFO] - Bucle principal iniciado.
2025-05-19 16:50:40 - juego - [DEBUG] - MENSAJE DE PRUEBA REPETIDO PARA FILTRO
2025-05-19 16:50:40 - juego - [DEBUG] - Procesando eventos Pygame...
2025-05-19 16:50:40 - juego - [DEBUG] - Iniciando ciclo de renderizado...
2025-05-19 16:50:40 - juego - [DEBUG] - Ciclo de renderizado completado (flip ejecutado).
2025-05-19 16:50:40 - juego - [DEBUG] - MENSAJE DE PRUEBA REPETIDO PARA FILTRO
2025-05-19 16:50:40 - juego - [DEBUG] - Procesando eventos Pygame...
2025-05-19 16:50:40 - juego - [DEBUG] - Iniciando ciclo de renderizado...
2025-05-19 16:50:40 - juego - [DEBUG] - Ciclo de renderizado completado (flip ejecutado).
2025-05-19 16:50:40 - juego - [DEBUG] - MENSAJE DE PRUEBA REPETIDO PARA FILTRO
2025-05-19 16:50:40 - juego - [DEBUG] - Procesando eventos Pygame...
2025-05-19 16:50:40 - juego - [DEBUG] - Iniciando ciclo de renderizado...
2025-05-19 16:50:40 - juego - [DEBUG] - Ciclo de renderizado completado (flip ejecutado).
2025-05-19 16:50:40 - juego - [DEBUG] - MENSAJE DE PRUEBA REPETIDO PARA FILTRO
2025-05-19 16:50:40 - juego - [DEBUG] - Procesando eventos Pygame...
2025-05-19 16:50:40 - juego - [DEBUG] - Iniciando ciclo de renderizado...
2025-05-19 16:50:40 - juego - [DEBUG] - Ciclo de renderizado completado (flip ejecutado).
2025-05-19 16:50:40 - juego - [DEBUG] - MENSAJE DE PRUEBA REPETIDO PARA FILTRO
2025-05-19 16:50:40 - juego - [DEBUG] - Procesando eventos Pygame...
2025-05-19 16:50:40 - juego - [DEBUG] - Iniciando ciclo de renderizado...
2025-05-19 16:50:40 - juego - [DEBUG] - Ciclo de renderizado completado (flip ejecutado).
2025-05-19 16:50:40 - juego - [DEBUG] - MENSAJE DE PRUEBA REPETIDO PARA FILTRO
2025-05-19 16:50:40 - juego - [DEBUG] - Procesando eventos Pygame...
2025-05-19 16:50:40 - juego - [DEBUG] - Iniciando ciclo de renderizado...
2025-05-19 16:50:40 - juego - [DEBUG] - Ciclo de renderizado completado (flip ejecutado).
2025-05-19 16:50:40 - juego - [DEBUG] - MENSAJE DE PRUEBA REPETIDO PARA FILTRO
2025-05-19 16:50:40 - juego - [DEBUG] - Procesando eventos Pygame...
2025-05-19 16:50:40 - juego - [DEBUG] - Iniciando ciclo de renderizado...
2025-05-19 16:50:40 - juego - [DEBUG] - Ciclo de renderizado completado (flip ejecutado).
2025-05-19 16:50:40 - juego - [DEBUG] - MENSAJE DE PRUEBA REPETIDO PARA FILTRO
2025-05-19 16:50:40 - juego - [DEBUG] - Procesando eventos Pygame...
2025-05-19 16:50:40 - juego - [DEBUG] - Iniciando ciclo de renderizado...
2025-05-19 16:50:40 - juego - [DEBUG] - Ciclo de renderizado completado (flip ejecutado).
2025-05-19 16:50:40 - juego - [DEBUG] - MENSAJE DE PRUEBA REPETIDO PARA FILTRO
2025-05-19 16:50:40 - juego - [DEBUG] - Procesando eventos Pygame...
2025-05-19 16:50:40 - juego - [DEBUG] - Iniciando ciclo de renderizado...
2025-05-19 16:50:40 - juego - [DEBUG] - Ciclo de renderizado completado (flip ejecutado).
2025-05-19 16:50:40 - juego - [DEBUG] - MENSAJE DE PRUEBA REPETIDO PARA FILTRO
2025-05-19 16:50:40 - juego - [DEBUG] - Procesando eventos Pygame...
2025-05-19 16:50:40 - juego - [DEBUG] - Iniciando ciclo de renderizado...
2025-05-19 16:50:40 - juego - [DEBUG] - Ciclo de renderizado completado (flip ejecutado).
2025-05-19 16:50:40 - juego - [DEBUG] - MENSAJE DE PRUEBA REPETIDO PARA FILTRO
2025-05-19 16:50:40 - juego - [DEBUG] - Procesando eventos Pygame...
2025-05-19 16:50:40 - juego - [DEBUG] - Iniciando ciclo de renderizado...
2025-05-19 16:50:40 - juego - [DEBUG] - Ciclo de renderizado completado (flip ejecutado).
2025-05-19 16:50:40 - juego - [DEBUG] - MENSAJE DE PRUEBA REPETIDO PARA FILTRO
2025-05-19 16:50:40 - juego - [DEBUG] - Procesando eventos Pygame...
2025-05-19 16:50:40 - juego - [DEBUG] - Iniciando ciclo de renderizado...
2025-05-19 16:50:40 - juego - [DEBUG] - Ciclo de renderizado completado (flip ejecutado).
2025-05-19 16:50:40 - juego - [DEBUG] - MENSAJE DE PRUEBA REPETIDO PARA FILTRO
2025-05-19 16:50:40 - juego - [DEBUG] - Procesando eventos Pygame...
2025-05-19 16:50:40 - juego - [DEBUG] - Iniciando ciclo de renderizado...
2025-05-19 16:50:40 - juego - [DEBUG] - Ciclo de renderizado completado (flip ejecutado).
2025-05-19 16:50:40 - juego - [DEBUG] - MENSAJE DE PRUEBA REPETIDO PARA FILTRO
2025-05-19 16:50:40 - juego - [DEBUG] - Procesando eventos Pygame...
2025-05-19 16:50:40 - juego - [DEBUG] - Iniciando ciclo de renderizado...
2025-05-19 16:50:40 - juego - [DEBUG] - Ciclo de renderizado completado (flip ejecutado).
2025-05-19 16:50:40 - juego - [DEBUG] - MENSAJE DE PRUEBA REPETIDO PARA FILTRO
2025-05-19 16:50:40 - juego - [DEBUG] - Procesando eventos Pygame...
2025-05-19 16:50:40 - juego - [DEBUG] - Iniciando ciclo de renderizado...
2025-05-19 16:50:40 - juego - [DEBUG] - Ciclo de renderizado completado (flip ejecutado).
2025-05-19 16:50:40 - juego - [DEBUG] - MENSAJE DE PRUEBA REPETIDO PARA FILTRO
2025-05-19 16:50:40 - juego - [DEBUG] - Procesando eventos Pygame...
2025-05-19 16:50:40 - juego - [DEBUG] - Iniciando ciclo de renderizado...
2025-05-19 16:50:40 - juego - [DEBUG] - Ciclo de renderizado completado (flip ejecutado).
2025-05-19 16:50:40 - juego - [DEBUG] - MENSAJE DE PRUEBA REPETIDO PARA FILTRO
2025-05-19 16:50:40 - juego - [DEBUG] - Procesando eventos Pygame...
2025-05-19 16:50:40 - juego - [DEBUG] - Iniciando ciclo de renderizado...
2025-05-19 16:50:40 - juego - [DEBUG] - Ciclo de renderizado completado (flip ejecutado).
2025-05-19 16:50:40 - juego - [DEBUG] - MENSAJE DE PRUEBA REPETIDO PARA FILTRO
2025-05-19 16:50:40 - juego - [DEBUG] - Procesando eventos Pygame...
2025-05-19 16:50:40 - juego - [DEBUG] - Iniciando ciclo de renderizado...
2025-05-19 16:50:40 - juego - [DEBUG] - Ciclo de renderizado completado (flip ejecutado).
2025-05-19 16:50:40 - juego - [DEBUG] - MENSAJE DE PRUEBA REPETIDO PARA FILTRO
2025-05-19 16:50:40 - juego - [DEBUG] - Procesando eventos Pygame...
2025-05-19 16:50:40 - juego - [DEBUG] - Iniciando ciclo de renderizado...
2025-05-19 16:50:40 - juego - [DEBUG] - Ciclo de renderizado completado (flip ejecutado).
2025-05-19 16:50:41 - juego - [DEBUG] - MENSAJE DE PRUEBA REPETIDO PARA FILTRO
2025-05-19 16:50:41 - juego - [DEBUG] - Procesando eventos Pygame...
2025-05-19 16:50:41 - juego - [DEBUG] - Iniciando ciclo de renderizado...
2025-05-19 16:50:41 - juego - [DEBUG] - Ciclo de renderizado completado (flip ejecutado).
2025-05-19 16:50:41 - juego - [DEBUG] - MENSAJE DE PRUEBA REPETIDO PARA FILTRO
2025-05-19 16:50:41 - juego - [DEBUG] - Procesando eventos Pygame...
2025-05-19 16:50:41 - juego - [DEBUG] - Iniciando ciclo de renderizado...
2025-05-19 16:50:41 - juego - [DEBUG] - Ciclo de renderizado completado (flip ejecutado).
2025-05-19 16:50:41 - juego - [DEBUG] - MENSAJE DE PRUEBA REPETIDO PARA FILTRO
2025-05-19 16:50:41 - juego - [DEBUG] - Procesando eventos Pygame...
2025-05-19 16:50:41 - juego - [DEBUG] - Iniciando ciclo de renderizado...
2025-05-19 16:50:41 - juego - [DEBUG] - Ciclo de renderizado completado (flip ejecutado).
2025-05-19 16:50:41 - juego - [DEBUG] - MENSAJE DE PRUEBA REPETIDO PARA FILTRO
2025-05-19 16:50:41 - juego - [DEBUG] - Procesando eventos Pygame...
2025-05-19 16:50:41 - juego - [DEBUG] - Iniciando ciclo de renderizado...
2025-05-19 16:50:41 - juego - [DEBUG] - Ciclo de renderizado completado (flip ejecutado).
2025-05-19 16:50:41 - juego - [DEBUG] - MENSAJE DE PRUEBA REPETIDO PARA FILTRO
2025-05-19 16:50:41 - juego - [DEBUG] - Procesando eventos Pygame...
2025-05-19 16:50:41 - juego - [DEBUG] - Iniciando ciclo de renderizado...
2025-05-19 16:50:41 - juego - [DEBUG] - Ciclo de renderizado completado (flip ejecutado).
2025-05-19 16:50:41 - juego - [DEBUG] - MENSAJE DE PRUEBA REPETIDO PARA FILTRO
2025-05-19 16:50:41 - juego - [DEBUG] - Procesando eventos Pygame...
2025-05-19 16:50:41 - juego - [DEBUG] - Iniciando ciclo de renderizado...
2025-05-19 16:50:41 - juego - [DEBUG] - Ciclo de renderizado completado (flip ejecutado).
2025-05-19 16:50:41 - juego - [DEBUG] - MENSAJE DE PRUEBA REPETIDO PARA FILTRO
2025-05-19 16:50:41 - juego - [DEBUG] - Procesando eventos Pygame...
2025-05-19 16:50:41 - juego - [DEBUG] - Iniciando ciclo de renderizado...
2025-05-19 16:50:41 - juego - [DEBUG] - Ciclo de renderizado completado (flip ejecutado).
2025-05-19 16:50:41 - juego - [DEBUG] - MENSAJE DE PRUEBA REPETIDO PARA FILTRO
2025-05-19 16:50:41 - juego - [DEBUG] - Procesando eventos Pygame...
2025-05-19 16:50:41 - juego - [DEBUG] - Iniciando ciclo de renderizado...
2025-05-19 16:50:41 - juego - [DEBUG] - Ciclo de renderizado completado (flip ejecutado).
2025-05-19 16:50:41 - juego - [DEBUG] - MENSAJE DE PRUEBA REPETIDO PARA FILTRO
2025-05-19 16:50:41 - juego - [DEBUG] - Procesando eventos Pygame...
2025-05-19 16:50:41 - juego - [DEBUG] - Iniciando ciclo de renderizado...
2025-05-19 16:50:41 - juego - [DEBUG] - Ciclo de renderizado completado (flip ejecutado).
2025-05-19 16:50:41 - juego - [DEBUG] - MENSAJE DE PRUEBA REPETIDO PARA FILTRO
2025-05-19 16:50:41 - juego - [DEBUG] - Procesando eventos Pygame...
2025-05-19 16:50:41 - juego - [DEBUG] - Iniciando ciclo de renderizado...
2025-05-19 16:50:41 - juego - [DEBUG] - Ciclo de renderizado completado (flip ejecutado).
2025-05-19 16:50:41 - juego - [DEBUG] - MENSAJE DE PRUEBA REPETIDO PARA FILTRO
2025-05-19 16:50:41 - juego - [DEBUG] - Procesando eventos Pygame...
2025-05-19 16:50:41 - juego - [DEBUG] - Iniciando ciclo de renderizado...
2025-05-19 16:50:41 - juego - [DEBUG] - Ciclo de renderizado completado (flip ejecutado).
2025-05-19 16:50:41 - juego - [DEBUG] - MENSAJE DE PRUEBA REPETIDO PARA FILTRO
2025-05-19 16:50:41 - juego - [DEBUG] - Procesando eventos Pygame...
2025-05-19 16:50:41 - juego - [DEBUG] - Iniciando ciclo de renderizado...
2025-05-19 16:50:41 - juego - [DEBUG] - Ciclo de renderizado completado (flip ejecutado).
2025-05-19 16:50:41 - juego - [DEBUG] - MENSAJE DE PRUEBA REPETIDO PARA FILTRO
2025-05-19 16:50:41 - juego - [DEBUG] - Procesando eventos Pygame...
2025-05-19 16:50:41 - juego - [DEBUG] - Iniciando ciclo de renderizado...
2025-05-19 16:50:41 - juego - [DEBUG] - Ciclo de renderizado completado (flip ejecutado).
2025-05-19 16:50:41 - juego - [DEBUG] - MENSAJE DE PRUEBA REPETIDO PARA FILTRO
2025-05-19 16:50:41 - juego - [DEBUG] - Procesando eventos Pygame...
2025-05-19 16:50:41 - juego - [DEBUG] - Iniciando ciclo de renderizado...
2025-05-19 16:50:41 - juego - [DEBUG] - Ciclo de renderizado completado (flip ejecutado).
2025-05-19 16:50:41 - juego - [DEBUG] - MENSAJE DE PRUEBA REPETIDO PARA FILTRO
2025-05-19 16:50:41 - juego - [DEBUG] - Procesando eventos Pygame...
2025-05-19 16:50:41 - juego - [DEBUG] - Iniciando ciclo de renderizado...
2025-05-19 16:50:41 - juego - [DEBUG] - Ciclo de renderizado completado (flip ejecutado).
2025-05-19 16:50:41 - juego - [DEBUG] - MENSAJE DE PRUEBA REPETIDO PARA FILTRO
2025-05-19 16:50:41 - juego - [DEBUG] - Procesando eventos Pygame...
2025-05-19 16:50:41 - juego - [DEBUG] - Iniciando ciclo de renderizado...
2025-05-19 16:50:41 - juego - [DEBUG] - Ciclo de renderizado completado (flip ejecutado).
2025-05-19 16:50:41 - juego - [DEBUG] - MENSAJE DE PRUEBA REPETIDO PARA FILTRO
2025-05-19 16:50:41 - juego - [DEBUG] - Procesando eventos Pygame...
2025-05-19 16:50:41 - juego - [DEBUG] - Iniciando ciclo de renderizado...
2025-05-19 16:50:41 - juego - [DEBUG] - Ciclo de renderizado completado (flip ejecutado).
2025-05-19 16:50:41 - juego - [DEBUG] - MENSAJE DE PRUEBA REPETIDO PARA FILTRO
2025-05-19 16:50:41 - juego - [DEBUG] - Procesando eventos Pygame...
2025-05-19 16:50:41 - juego - [DEBUG] - Iniciando ciclo de renderizado...
2025-05-19 16:50:41 - juego - [DEBUG] - Ciclo de renderizado completado (flip ejecutado).
2025-05-19 16:50:41 - juego - [DEBUG] - MENSAJE DE PRUEBA REPETIDO PARA FILTRO
2025-05-19 16:50:41 - juego - [DEBUG] - Procesando eventos Pygame...
2025-05-19 16:50:41 - juego - [DEBUG] - Iniciando ciclo de renderizado...
2025-05-19 16:50:41 - juego - [DEBUG] - Ciclo de renderizado completado (flip ejecutado).
2025-05-19 16:50:41 - juego - [DEBUG] - MENSAJE DE PRUEBA REPETIDO PARA FILTRO
2025-05-19 16:50:41 - juego - [DEBUG] - Procesando eventos Pygame...
2025-05-19 16:50:41 - juego - [DEBUG] - Iniciando ciclo de renderizado...
2025-05-19 16:50:41 - juego - [DEBUG] - Ciclo de renderizado completado (flip ejecutado).
2025-05-19 16:50:41 - juego - [DEBUG] - MENSAJE DE PRUEBA REPETIDO PARA FILTRO
2025-05-19 16:50:41 - juego - [DEBUG] - Procesando eventos Pygame...
2025-05-19 16:50:41 - juego - [DEBUG] - Iniciando ciclo de renderizado...
2025-05-19 16:50:41 - juego - [DEBUG] - Ciclo de renderizado completado (flip ejecutado).
2025-05-19 16:50:41 - juego - [DEBUG] - MENSAJE DE PRUEBA REPETIDO PARA FILTRO
2025-05-19 16:50:41 - juego - [DEBUG] - Procesando eventos Pygame...
2025-05-19 16:50:41 - juego - [DEBUG] - Iniciando ciclo de renderizado...
2025-05-19 16:50:41 - juego - [DEBUG] - Ciclo de renderizado completado (flip ejecutado).
2025-05-19 16:50:41 - juego - [DEBUG] - MENSAJE DE PRUEBA REPETIDO PARA FILTRO
2025-05-19 16:50:41 - juego - [DEBUG] - Procesando eventos Pygame...
2025-05-19 16:50:41 - juego - [DEBUG] - Iniciando ciclo de renderizado...
2025-05-19 16:50:41 - juego - [DEBUG] - Ciclo de renderizado completado (flip ejecutado).
2025-05-19 16:50:41 - juego - [DEBUG] - MENSAJE DE PRUEBA REPETIDO PARA FILTRO
2025-05-19 16:50:41 - juego - [DEBUG] - Procesando eventos Pygame...
2025-05-19 16:50:41 - juego - [DEBUG] - Iniciando ciclo de renderizado...
2025-05-19 16:50:41 - juego - [DEBUG] - Ciclo de renderizado completado (flip ejecutado).
2025-05-19 16:50:41 - juego - [DEBUG] - MENSAJE DE PRUEBA REPETIDO PARA FILTRO
2025-05-19 16:50:41 - juego - [DEBUG] - Procesando eventos Pygame...
2025-05-19 16:50:41 - juego - [DEBUG] - Iniciando ciclo de renderizado...
2025-05-19 16:50:41 - juego - [DEBUG] - Ciclo de renderizado completado (flip ejecutado).
2025-05-19 16:50:41 - juego - [DEBUG] - MENSAJE DE PRUEBA REPETIDO PARA FILTRO
2025-05-19 16:50:41 - juego - [DEBUG] - Procesando eventos Pygame...
2025-05-19 16:50:41 - juego - [DEBUG] - Iniciando ciclo de renderizado...
2025-05-19 16:50:41 - juego - [DEBUG] - Ciclo de renderizado completado (flip ejecutado).
2025-05-19 16:50:41 - juego - [DEBUG] - MENSAJE DE PRUEBA REPETIDO PARA FILTRO
2025-05-19 16:50:41 - juego - [DEBUG] - Procesando eventos Pygame...
2025-05-19 16:50:41 - juego - [DEBUG] - Iniciando ciclo de renderizado...
2025-05-19 16:50:41 - juego - [DEBUG] - Ciclo de renderizado completado (flip ejecutado).
2025-05-19 16:50:41 - juego - [DEBUG] - MENSAJE DE PRUEBA REPETIDO PARA FILTRO
2025-05-19 16:50:41 - juego - [DEBUG] - Procesando eventos Pygame...
2025-05-19 16:50:41 - juego - [DEBUG] - Iniciando ciclo de renderizado...
2025-05-19 16:50:41 - juego - [DEBUG] - Ciclo de renderizado completado (flip ejecutado).
2025-05-19 16:50:41 - juego - [DEBUG] - MENSAJE DE PRUEBA REPETIDO PARA FILTRO
2025-05-19 16:50:41 - juego - [DEBUG] - Procesando eventos Pygame...
2025-05-19 16:50:41 - juego - [DEBUG] - Iniciando ciclo de renderizado...
2025-05-19 16:50:41 - juego - [DEBUG] - Ciclo de renderizado completado (flip ejecutado).
2025-05-19 16:50:41 - juego - [DEBUG] - MENSAJE DE PRUEBA REPETIDO PARA FILTRO
2025-05-19 16:50:41 - juego - [DEBUG] - Procesando eventos Pygame...
2025-05-19 16:50:41 - juego - [DEBUG] - Iniciando ciclo de renderizado...
2025-05-19 16:50:41 - juego - [DEBUG] - Ciclo de renderizado completado (flip ejecutado).
2025-05-19 16:50:41 - juego - [DEBUG] - MENSAJE DE PRUEBA REPETIDO PARA FILTRO
2025-05-19 16:50:41 - juego - [DEBUG] - Procesando eventos Pygame...
2025-05-19 16:50:41 - juego - [DEBUG] - Iniciando ciclo de renderizado...
2025-05-19 16:50:41 - juego - [DEBUG] - Ciclo de renderizado completado (flip ejecutado).
2025-05-19 16:50:41 - juego - [DEBUG] - MENSAJE DE PRUEBA REPETIDO PARA FILTRO
2025-05-19 16:50:41 - juego - [DEBUG] - Procesando eventos Pygame...
2025-05-19 16:50:41 - juego - [DEBUG] - Iniciando ciclo de renderizado...
2025-05-19 16:50:41 - juego - [DEBUG] - Ciclo de renderizado completado (flip ejecutado).
2025-05-19 16:50:41 - juego - [DEBUG] - MENSAJE DE PRUEBA REPETIDO PARA FILTRO
2025-05-19 16:50:41 - juego - [DEBUG] - Procesando eventos Pygame...
2025-05-19 16:50:41 - juego - [DEBUG] - Iniciando ciclo de renderizado...
2025-05-19 16:50:41 - juego - [DEBUG] - Ciclo de renderizado completado (flip ejecutado).
2025-05-19 16:50:41 - juego - [DEBUG] - MENSAJE DE PRUEBA REPETIDO PARA FILTRO
2025-05-19 16:50:41 - juego - [DEBUG] - Procesando eventos Pygame...
2025-05-19 16:50:41 - juego - [DEBUG] - Iniciando ciclo de renderizado...
2025-05-19 16:50:41 - juego - [DEBUG] - Ciclo de renderizado completado (flip ejecutado).
2025-05-19 16:50:41 - juego - [DEBUG] - MENSAJE DE PRUEBA REPETIDO PARA FILTRO
2025-05-19 16:50:41 - juego - [DEBUG] - Procesando eventos Pygame...
2025-05-19 16:50:41 - juego - [DEBUG] - Iniciando ciclo de renderizado...
2025-05-19 16:50:41 - juego - [DEBUG] - Ciclo de renderizado completado (flip ejecutado).
2025-05-19 16:50:41 - juego - [DEBUG] - MENSAJE DE PRUEBA REPETIDO PARA FILTRO
2025-05-19 16:50:41 - juego - [DEBUG] - Procesando eventos Pygame...
2025-05-19 16:50:41 - juego - [DEBUG] - Iniciando ciclo de renderizado...
2025-05-19 16:50:41 - juego - [DEBUG] - Ciclo de renderizado completado (flip ejecutado).
2025-05-19 16:50:41 - juego - [DEBUG] - MENSAJE DE PRUEBA REPETIDO PARA FILTRO
2025-05-19 16:50:41 - juego - [DEBUG] - Procesando eventos Pygame...
2025-05-19 16:50:41 - juego - [DEBUG] - Iniciando ciclo de renderizado...
2025-05-19 16:50:41 - juego - [DEBUG] - Ciclo de renderizado completado (flip ejecutado).
2025-05-19 16:50:41 - juego - [DEBUG] - MENSAJE DE PRUEBA REPETIDO PARA FILTRO
2025-05-19 16:50:41 - juego - [DEBUG] - Procesando eventos Pygame...
2025-05-19 16:50:41 - juego - [DEBUG] - Iniciando ciclo de renderizado...
2025-05-19 16:50:41 - juego - [DEBUG] - Ciclo de renderizado completado (flip ejecutado).
2025-05-19 16:50:41 - juego - [DEBUG] - MENSAJE DE PRUEBA REPETIDO PARA FILTRO
2025-05-19 16:50:41 - juego - [DEBUG] - Procesando eventos Pygame...
2025-05-19 16:50:41 - juego - [DEBUG] - Iniciando ciclo de renderizado...
2025-05-19 16:50:41 - juego - [DEBUG] - Ciclo de renderizado completado (flip ejecutado).
2025-05-19 16:50:41 - juego - [DEBUG] - MENSAJE DE PRUEBA REPETIDO PARA FILTRO
2025-05-19 16:50:41 - juego - [DEBUG] - Procesando eventos Pygame...
2025-05-19 16:50:41 - juego - [DEBUG] - Iniciando ciclo de renderizado...
2025-05-19 16:50:41 - juego - [DEBUG] - Ciclo de renderizado completado (flip ejecutado).
2025-05-19 16:50:41 - juego - [DEBUG] - MENSAJE DE PRUEBA REPETIDO PARA FILTRO
2025-05-19 16:50:41 - juego - [DEBUG] - Procesando eventos Pygame...
2025-05-19 16:50:41 - juego - [DEBUG] - Iniciando ciclo de renderizado...
2025-05-19 16:50:41 - juego - [DEBUG] - Ciclo de renderizado completado (flip ejecutado).
2025-05-19 16:50:41 - juego - [DEBUG] - MENSAJE DE PRUEBA REPETIDO PARA FILTRO
2025-05-19 16:50:41 - juego - [DEBUG] - Procesando eventos Pygame...
2025-05-19 16:50:41 - juego - [DEBUG] - Iniciando ciclo de renderizado...
2025-05-19 16:50:41 - juego - [DEBUG] - Ciclo de renderizado completado (flip ejecutado).
2025-05-19 16:50:41 - juego - [DEBUG] - MENSAJE DE PRUEBA REPETIDO PARA FILTRO
2025-05-19 16:50:41 - juego - [DEBUG] - Procesando eventos Pygame...
2025-05-19 16:50:41 - juego - [DEBUG] - Iniciando ciclo de renderizado...
2025-05-19 16:50:41 - juego - [DEBUG] - Ciclo de renderizado completado (flip ejecutado).
2025-05-19 16:50:41 - juego - [DEBUG] - MENSAJE DE PRUEBA REPETIDO PARA FILTRO
2025-05-19 16:50:41 - juego - [DEBUG] - Procesando eventos Pygame...
2025-05-19 16:50:41 - juego - [DEBUG] - Iniciando ciclo de renderizado...
2025-05-19 16:50:41 - juego - [DEBUG] - Ciclo de renderizado completado (flip ejecutado).
2025-05-19 16:50:41 - juego - [DEBUG] - MENSAJE DE PRUEBA REPETIDO PARA FILTRO
2025-05-19 16:50:41 - juego - [DEBUG] - Procesando eventos Pygame...
2025-05-19 16:50:41 - juego - [DEBUG] - Iniciando ciclo de renderizado...
2025-05-19 16:50:41 - juego - [DEBUG] - Ciclo de renderizado completado (flip ejecutado).
2025-05-19 16:50:41 - juego - [DEBUG] - MENSAJE DE PRUEBA REPETIDO PARA FILTRO
2025-05-19 16:50:41 - juego - [DEBUG] - Procesando eventos Pygame...
2025-05-19 16:50:41 - juego - [DEBUG] - Iniciando ciclo de renderizado...
2025-05-19 16:50:41 - juego - [DEBUG] - Ciclo de renderizado completado (flip ejecutado).
2025-05-19 16:50:41 - juego - [DEBUG] - MENSAJE DE PRUEBA REPETIDO PARA FILTRO
2025-05-19 16:50:41 - juego - [DEBUG] - Procesando eventos Pygame...
2025-05-19 16:50:41 - juego - [DEBUG] - Iniciando ciclo de renderizado...
2025-05-19 16:50:41 - juego - [DEBUG] - Ciclo de renderizado completado (flip ejecutado).
2025-05-19 16:50:41 - juego - [DEBUG] - MENSAJE DE PRUEBA REPETIDO PARA FILTRO
2025-05-19 16:50:41 - juego - [DEBUG] - Procesando eventos Pygame...
2025-05-19 16:50:41 - juego - [DEBUG] - Iniciando ciclo de renderizado...
2025-05-19 16:50:41 - juego - [DEBUG] - Ciclo de renderizado completado (flip ejecutado).
2025-05-19 16:50:41 - juego - [DEBUG] - MENSAJE DE PRUEBA REPETIDO PARA FILTRO
2025-05-19 16:50:41 - juego - [DEBUG] - Procesando eventos Pygame...
2025-05-19 16:50:41 - juego - [DEBUG] - Iniciando ciclo de renderizado...
2025-05-19 16:50:41 - juego - [DEBUG] - Ciclo de renderizado completado (flip ejecutado).
2025-05-19 16:50:41 - juego - [DEBUG] - MENSAJE DE PRUEBA REPETIDO PARA FILTRO
2025-05-19 16:50:41 - juego - [DEBUG] - Procesando eventos Pygame...
2025-05-19 16:50:41 - juego - [DEBUG] - Iniciando ciclo de renderizado...
2025-05-19 16:50:41 - juego - [DEBUG] - Ciclo de renderizado completado (flip ejecutado).
2025-05-19 16:50:41 - juego - [DEBUG] - MENSAJE DE PRUEBA REPETIDO PARA FILTRO
2025-05-19 16:50:41 - juego - [DEBUG] - Procesando eventos Pygame...
2025-05-19 16:50:41 - juego - [DEBUG] - Iniciando ciclo de renderizado...
2025-05-19 16:50:41 - juego - [DEBUG] - Ciclo de renderizado completado (flip ejecutado).
2025-05-19 16:50:41 - juego - [DEBUG] - MENSAJE DE PRUEBA REPETIDO PARA FILTRO
2025-05-19 16:50:41 - juego - [DEBUG] - Procesando eventos Pygame...
2025-05-19 16:50:41 - juego - [DEBUG] - Iniciando ciclo de renderizado...
2025-05-19 16:50:41 - juego - [DEBUG] - Ciclo de renderizado completado (flip ejecutado).
2025-05-19 16:50:41 - juego - [DEBUG] - MENSAJE DE PRUEBA REPETIDO PARA FILTRO
2025-05-19 16:50:41 - juego - [DEBUG] - Procesando eventos Pygame...
2025-05-19 16:50:41 - juego - [DEBUG] - Iniciando ciclo de renderizado...
2025-05-19 16:50:41 - juego - [DEBUG] - Ciclo de renderizado completado (flip ejecutado).
2025-05-19 16:50:41 - juego - [DEBUG] - MENSAJE DE PRUEBA REPETIDO PARA FILTRO
2025-05-19 16:50:41 - juego - [DEBUG] - Procesando eventos Pygame...
2025-05-19 16:50:41 - juego - [DEBUG] - Iniciando ciclo de renderizado...
2025-05-19 16:50:41 - juego - [DEBUG] - Ciclo de renderizado completado (flip ejecutado).
2025-05-19 16:50:41 - juego - [DEBUG] - MENSAJE DE PRUEBA REPETIDO PARA FILTRO
2025-05-19 16:50:41 - juego - [DEBUG] - Procesando eventos Pygame...
2025-05-19 16:50:41 - juego - [DEBUG] - Iniciando ciclo de renderizado...
2025-05-19 16:50:41 - juego - [DEBUG] - Ciclo de renderizado completado (flip ejecutado).
2025-05-19 16:50:41 - juego - [DEBUG] - MENSAJE DE PRUEBA REPETIDO PARA FILTRO
2025-05-19 16:50:41 - juego - [DEBUG] - Procesando eventos Pygame...
2025-05-19 16:50:41 - juego - [DEBUG] - Iniciando ciclo de renderizado...
2025-05-19 16:50:41 - juego - [DEBUG] - Ciclo de renderizado completado (flip ejecutado).
2025-05-19 16:50:41 - juego - [DEBUG] - MENSAJE DE PRUEBA REPETIDO PARA FILTRO
2025-05-19 16:50:41 - juego - [DEBUG] - Procesando eventos Pygame...
2025-05-19 16:50:41 - juego - [DEBUG] - Iniciando ciclo de renderizado...
2025-05-19 16:50:41 - juego - [DEBUG] - Ciclo de renderizado completado (flip ejecutado).
2025-05-19 16:50:41 - juego - [DEBUG] - MENSAJE DE PRUEBA REPETIDO PARA FILTRO
2025-05-19 16:50:41 - juego - [DEBUG] - Procesando eventos Pygame...
2025-05-19 16:50:41 - juego - [DEBUG] - Iniciando ciclo de renderizado...
2025-05-19 16:50:41 - juego - [DEBUG] - Ciclo de renderizado completado (flip ejecutado).
2025-05-19 16:50:41 - juego - [DEBUG] - MENSAJE DE PRUEBA REPETIDO PARA FILTRO
2025-05-19 16:50:41 - juego - [DEBUG] - Procesando eventos Pygame...
2025-05-19 16:50:41 - juego - [DEBUG] - Iniciando ciclo de renderizado...
2025-05-19 16:50:41 - juego - [DEBUG] - Ciclo de renderizado completado (flip ejecutado).
2025-05-19 16:50:41 - juego - [DEBUG] - MENSAJE DE PRUEBA REPETIDO PARA FILTRO
2025-05-19 16:50:41 - juego - [DEBUG] - Procesando eventos Pygame...
2025-05-19 16:50:41 - juego - [DEBUG] - Iniciando ciclo de renderizado...
2025-05-19 16:50:41 - juego - [DEBUG] - Ciclo de renderizado completado (flip ejecutado).
2025-05-19 16:50:42 - juego - [DEBUG] - MENSAJE DE PRUEBA REPETIDO PARA FILTRO
2025-05-19 16:50:42 - juego - [DEBUG] - Procesando eventos Pygame...
2025-05-19 16:50:42 - juego - [DEBUG] - Iniciando ciclo de renderizado...
2025-05-19 16:50:42 - juego - [DEBUG] - Ciclo de renderizado completado (flip ejecutado).
2025-05-19 16:50:42 - juego - [DEBUG] - MENSAJE DE PRUEBA REPETIDO PARA FILTRO
2025-05-19 16:50:42 - juego - [DEBUG] - Procesando eventos Pygame...
2025-05-19 16:50:42 - juego - [DEBUG] - Iniciando ciclo de renderizado...
2025-05-19 16:50:42 - juego - [DEBUG] - Ciclo de renderizado completado (flip ejecutado).
2025-05-19 16:50:42 - juego - [DEBUG] - MENSAJE DE PRUEBA REPETIDO PARA FILTRO
2025-05-19 16:50:42 - juego - [DEBUG] - Procesando eventos Pygame...
2025-05-19 16:50:42 - juego - [DEBUG] - Iniciando ciclo de renderizado...
2025-05-19 16:50:42 - juego - [DEBUG] - Ciclo de renderizado completado (flip ejecutado).
2025-05-19 16:50:42 - juego - [DEBUG] - MENSAJE DE PRUEBA REPETIDO PARA FILTRO
2025-05-19 16:50:42 - juego - [DEBUG] - Procesando eventos Pygame...
2025-05-19 16:50:42 - juego - [DEBUG] - Iniciando ciclo de renderizado...
2025-05-19 16:50:42 - juego - [DEBUG] - Ciclo de renderizado completado (flip ejecutado).
2025-05-19 16:50:42 - juego - [DEBUG] - MENSAJE DE PRUEBA REPETIDO PARA FILTRO
2025-05-19 16:50:42 - juego - [DEBUG] - Procesando eventos Pygame...
2025-05-19 16:50:42 - juego - [DEBUG] - Iniciando ciclo de renderizado...
2025-05-19 16:50:42 - juego - [DEBUG] - Ciclo de renderizado completado (flip ejecutado).
2025-05-19 16:50:42 - juego - [DEBUG] - MENSAJE DE PRUEBA REPETIDO PARA FILTRO
2025-05-19 16:50:42 - juego - [DEBUG] - Procesando eventos Pygame...
2025-05-19 16:50:42 - juego - [DEBUG] - Iniciando ciclo de renderizado...
2025-05-19 16:50:42 - juego - [DEBUG] - Ciclo de renderizado completado (flip ejecutado).
2025-05-19 16:50:42 - juego - [DEBUG] - MENSAJE DE PRUEBA REPETIDO PARA FILTRO
2025-05-19 16:50:42 - juego - [DEBUG] - Procesando eventos Pygame...
2025-05-19 16:50:42 - juego - [DEBUG] - Iniciando ciclo de renderizado...
2025-05-19 16:50:42 - juego - [DEBUG] - Ciclo de renderizado completado (flip ejecutado).
2025-05-19 16:50:42 - juego - [DEBUG] - MENSAJE DE PRUEBA REPETIDO PARA FILTRO
2025-05-19 16:50:42 - juego - [DEBUG] - Procesando eventos Pygame...
2025-05-19 16:50:42 - juego - [DEBUG] - Iniciando ciclo de renderizado...
2025-05-19 16:50:42 - juego - [DEBUG] - Ciclo de renderizado completado (flip ejecutado).
2025-05-19 16:50:42 - juego - [DEBUG] - MENSAJE DE PRUEBA REPETIDO PARA FILTRO
2025-05-19 16:50:42 - juego - [DEBUG] - Procesando eventos Pygame...
2025-05-19 16:50:42 - juego - [DEBUG] - Iniciando ciclo de renderizado...
2025-05-19 16:50:42 - juego - [DEBUG] - Ciclo de renderizado completado (flip ejecutado).
2025-05-19 16:50:42 - juego - [DEBUG] - MENSAJE DE PRUEBA REPETIDO PARA FILTRO
2025-05-19 16:50:42 - juego - [DEBUG] - Procesando eventos Pygame...
2025-05-19 16:50:42 - juego - [DEBUG] - Iniciando ciclo de renderizado...
2025-05-19 16:50:42 - juego - [DEBUG] - Ciclo de renderizado completado (flip ejecutado).
2025-05-19 16:50:42 - juego - [DEBUG] - MENSAJE DE PRUEBA REPETIDO PARA FILTRO
2025-05-19 16:50:42 - juego - [DEBUG] - Procesando eventos Pygame...
2025-05-19 16:50:42 - juego - [DEBUG] - Iniciando ciclo de renderizado...
2025-05-19 16:50:42 - juego - [DEBUG] - Ciclo de renderizado completado (flip ejecutado).
2025-05-19 16:50:42 - juego - [DEBUG] - MENSAJE DE PRUEBA REPETIDO PARA FILTRO
2025-05-19 16:50:42 - juego - [DEBUG] - Procesando eventos Pygame...
2025-05-19 16:50:42 - juego - [DEBUG] - Iniciando ciclo de renderizado...
2025-05-19 16:50:42 - juego - [DEBUG] - Ciclo de renderizado completado (flip ejecutado).
2025-05-19 16:50:42 - juego - [DEBUG] - MENSAJE DE PRUEBA REPETIDO PARA FILTRO
2025-05-19 16:50:42 - juego - [DEBUG] - Procesando eventos Pygame...
2025-05-19 16:50:42 - juego - [DEBUG] - Iniciando ciclo de renderizado...
2025-05-19 16:50:42 - juego - [DEBUG] - Ciclo de renderizado completado (flip ejecutado).
2025-05-19 16:50:42 - juego - [DEBUG] - MENSAJE DE PRUEBA REPETIDO PARA FILTRO
2025-05-19 16:50:42 - juego - [DEBUG] - Procesando eventos Pygame...
2025-05-19 16:50:42 - juego - [DEBUG] - Iniciando ciclo de renderizado...
2025-05-19 16:50:42 - juego - [DEBUG] - Ciclo de renderizado completado (flip ejecutado).
2025-05-19 16:50:42 - juego - [DEBUG] - MENSAJE DE PRUEBA REPETIDO PARA FILTRO
2025-05-19 16:50:42 - juego - [DEBUG] - Procesando eventos Pygame...
2025-05-19 16:50:42 - juego - [DEBUG] - Iniciando ciclo de renderizado...
2025-05-19 16:50:42 - juego - [DEBUG] - Ciclo de renderizado completado (flip ejecutado).
2025-05-19 16:50:42 - juego - [DEBUG] - MENSAJE DE PRUEBA REPETIDO PARA FILTRO
2025-05-19 16:50:42 - juego - [DEBUG] - Procesando eventos Pygame...
2025-05-19 16:50:42 - juego - [DEBUG] - Iniciando ciclo de renderizado...
2025-05-19 16:50:42 - juego - [DEBUG] - Ciclo de renderizado completado (flip ejecutado).
2025-05-19 16:50:42 - juego - [DEBUG] - MENSAJE DE PRUEBA REPETIDO PARA FILTRO
2025-05-19 16:50:42 - juego - [DEBUG] - Procesando eventos Pygame...
2025-05-19 16:50:42 - juego - [DEBUG] - Iniciando ciclo de renderizado...
2025-05-19 16:50:42 - juego - [DEBUG] - Ciclo de renderizado completado (flip ejecutado).
2025-05-19 16:50:42 - juego - [DEBUG] - MENSAJE DE PRUEBA REPETIDO PARA FILTRO
2025-05-19 16:50:42 - juego - [DEBUG] - Procesando eventos Pygame...
2025-05-19 16:50:42 - juego - [DEBUG] - Iniciando ciclo de renderizado...
2025-05-19 16:50:42 - juego - [DEBUG] - Ciclo de renderizado completado (flip ejecutado).
2025-05-19 16:50:42 - juego - [DEBUG] - MENSAJE DE PRUEBA REPETIDO PARA FILTRO
2025-05-19 16:50:42 - juego - [DEBUG] - Procesando eventos Pygame...
2025-05-19 16:50:42 - juego - [DEBUG] - Iniciando ciclo de renderizado...
2025-05-19 16:50:42 - juego - [DEBUG] - Ciclo de renderizado completado (flip ejecutado).
2025-05-19 16:50:42 - juego - [DEBUG] - MENSAJE DE PRUEBA REPETIDO PARA FILTRO
2025-05-19 16:50:42 - juego - [DEBUG] - Procesando eventos Pygame...
2025-05-19 16:50:42 - juego - [DEBUG] - Iniciando ciclo de renderizado...
2025-05-19 16:50:42 - juego - [DEBUG] - Ciclo de renderizado completado (flip ejecutado).
2025-05-19 16:50:42 - juego - [DEBUG] - MENSAJE DE PRUEBA REPETIDO PARA FILTRO
2025-05-19 16:50:42 - juego - [DEBUG] - Procesando eventos Pygame...
2025-05-19 16:50:42 - juego - [DEBUG] - Iniciando ciclo de renderizado...
2025-05-19 16:50:42 - juego - [DEBUG] - Ciclo de renderizado completado (flip ejecutado).
2025-05-19 16:50:42 - juego - [DEBUG] - MENSAJE DE PRUEBA REPETIDO PARA FILTRO
2025-05-19 16:50:42 - juego - [DEBUG] - Procesando eventos Pygame...
2025-05-19 16:50:42 - juego - [DEBUG] - Iniciando ciclo de renderizado...
2025-05-19 16:50:42 - juego - [DEBUG] - Ciclo de renderizado completado (flip ejecutado).
2025-05-19 16:50:42 - juego - [DEBUG] - MENSAJE DE PRUEBA REPETIDO PARA FILTRO
2025-05-19 16:50:42 - juego - [DEBUG] - Procesando eventos Pygame...
2025-05-19 16:50:42 - juego - [DEBUG] - Iniciando ciclo de renderizado...
2025-05-19 16:50:42 - juego - [DEBUG] - Ciclo de renderizado completado (flip ejecutado).
2025-05-19 16:50:42 - juego - [DEBUG] - MENSAJE DE PRUEBA REPETIDO PARA FILTRO
2025-05-19 16:50:42 - juego - [DEBUG] - Procesando eventos Pygame...
2025-05-19 16:50:42 - juego - [DEBUG] - Iniciando ciclo de renderizado...
2025-05-19 16:50:42 - juego - [DEBUG] - Ciclo de renderizado completado (flip ejecutado).
2025-05-19 16:50:42 - juego - [DEBUG] - MENSAJE DE PRUEBA REPETIDO PARA FILTRO
2025-05-19 16:50:42 - juego - [DEBUG] - Procesando eventos Pygame...
2025-05-19 16:50:42 - juego - [DEBUG] - Iniciando ciclo de renderizado...
2025-05-19 16:50:42 - juego - [DEBUG] - Ciclo de renderizado completado (flip ejecutado).
2025-05-19 16:50:42 - juego - [DEBUG] - MENSAJE DE PRUEBA REPETIDO PARA FILTRO
2025-05-19 16:50:42 - juego - [DEBUG] - Procesando eventos Pygame...
2025-05-19 16:50:42 - juego - [DEBUG] - Iniciando ciclo de renderizado...
2025-05-19 16:50:42 - juego - [DEBUG] - Ciclo de renderizado completado (flip ejecutado).
2025-05-19 16:50:42 - juego - [DEBUG] - MENSAJE DE PRUEBA REPETIDO PARA FILTRO
2025-05-19 16:50:42 - juego - [DEBUG] - Procesando eventos Pygame...
2025-05-19 16:50:42 - juego - [DEBUG] - Iniciando ciclo de renderizado...
2025-05-19 16:50:42 - juego - [DEBUG] - Ciclo de renderizado completado (flip ejecutado).
2025-05-19 16:50:42 - juego - [DEBUG] - MENSAJE DE PRUEBA REPETIDO PARA FILTRO
2025-05-19 16:50:42 - juego - [DEBUG] - Procesando eventos Pygame...
2025-05-19 16:50:42 - juego - [DEBUG] - Iniciando ciclo de renderizado...
2025-05-19 16:50:42 - juego - [DEBUG] - Ciclo de renderizado completado (flip ejecutado).
2025-05-19 16:50:42 - juego - [DEBUG] - MENSAJE DE PRUEBA REPETIDO PARA FILTRO
2025-05-19 16:50:42 - juego - [DEBUG] - Procesando eventos Pygame...
2025-05-19 16:50:42 - juego - [DEBUG] - Iniciando ciclo de renderizado...
2025-05-19 16:50:42 - juego - [DEBUG] - Ciclo de renderizado completado (flip ejecutado).
2025-05-19 16:50:42 - juego - [DEBUG] - MENSAJE DE PRUEBA REPETIDO PARA FILTRO
2025-05-19 16:50:42 - juego - [DEBUG] - Procesando eventos Pygame...
2025-05-19 16:50:42 - juego - [DEBUG] - Iniciando ciclo de renderizado...
2025-05-19 16:50:42 - juego - [DEBUG] - Ciclo de renderizado completado (flip ejecutado).
2025-05-19 16:50:42 - juego - [DEBUG] - MENSAJE DE PRUEBA REPETIDO PARA FILTRO
2025-05-19 16:50:42 - juego - [DEBUG] - Procesando eventos Pygame...
2025-05-19 16:50:42 - juego - [DEBUG] - Iniciando ciclo de renderizado...
2025-05-19 16:50:42 - juego - [DEBUG] - Ciclo de renderizado completado (flip ejecutado).
2025-05-19 16:50:42 - juego - [DEBUG] - MENSAJE DE PRUEBA REPETIDO PARA FILTRO
2025-05-19 16:50:42 - juego - [DEBUG] - Procesando eventos Pygame...
2025-05-19 16:50:42 - juego - [DEBUG] - Iniciando ciclo de renderizado...
2025-05-19 16:50:42 - juego - [DEBUG] - Ciclo de renderizado completado (flip ejecutado).
2025-05-19 16:50:42 - juego - [DEBUG] - MENSAJE DE PRUEBA REPETIDO PARA FILTRO
2025-05-19 16:50:42 - juego - [DEBUG] - Procesando eventos Pygame...
2025-05-19 16:50:42 - juego - [DEBUG] - Iniciando ciclo de renderizado...
2025-05-19 16:50:42 - juego - [DEBUG] - Ciclo de renderizado completado (flip ejecutado).
2025-05-19 16:50:42 - juego - [DEBUG] - MENSAJE DE PRUEBA REPETIDO PARA FILTRO
2025-05-19 16:50:42 - juego - [DEBUG] - Procesando eventos Pygame...
2025-05-19 16:50:42 - juego - [DEBUG] - Iniciando ciclo de renderizado...
2025-05-19 16:50:42 - juego - [DEBUG] - Ciclo de renderizado completado (flip ejecutado).
2025-05-19 16:50:42 - juego - [DEBUG] - MENSAJE DE PRUEBA REPETIDO PARA FILTRO
2025-05-19 16:50:42 - juego - [DEBUG] - Procesando eventos Pygame...
2025-05-19 16:50:42 - juego - [DEBUG] - Iniciando ciclo de renderizado...
2025-05-19 16:50:42 - juego - [DEBUG] - Ciclo de renderizado completado (flip ejecutado).
2025-05-19 16:50:42 - juego - [DEBUG] - MENSAJE DE PRUEBA REPETIDO PARA FILTRO
2025-05-19 16:50:42 - juego - [DEBUG] - Procesando eventos Pygame...
2025-05-19 16:50:42 - juego - [DEBUG] - Iniciando ciclo de renderizado...
2025-05-19 16:50:42 - juego - [DEBUG] - Ciclo de renderizado completado (flip ejecutado).
2025-05-19 16:50:42 - juego - [DEBUG] - MENSAJE DE PRUEBA REPETIDO PARA FILTRO
2025-05-19 16:50:42 - juego - [DEBUG] - Procesando eventos Pygame...
2025-05-19 16:50:42 - juego - [DEBUG] - Iniciando ciclo de renderizado...
2025-05-19 16:50:42 - juego - [DEBUG] - Ciclo de renderizado completado (flip ejecutado).
2025-05-19 16:50:42 - juego - [DEBUG] - MENSAJE DE PRUEBA REPETIDO PARA FILTRO
2025-05-19 16:50:42 - juego - [DEBUG] - Procesando eventos Pygame...
2025-05-19 16:50:42 - juego - [DEBUG] - Iniciando ciclo de renderizado...
2025-05-19 16:50:42 - juego - [DEBUG] - Ciclo de renderizado completado (flip ejecutado).
2025-05-19 16:50:42 - juego - [DEBUG] - MENSAJE DE PRUEBA REPETIDO PARA FILTRO
2025-05-19 16:50:42 - juego - [DEBUG] - Procesando eventos Pygame...
2025-05-19 16:50:42 - juego - [DEBUG] - Iniciando ciclo de renderizado...
2025-05-19 16:50:42 - juego - [DEBUG] - Ciclo de renderizado completado (flip ejecutado).
2025-05-19 16:50:42 - juego - [DEBUG] - MENSAJE DE PRUEBA REPETIDO PARA FILTRO
2025-05-19 16:50:42 - juego - [DEBUG] - Procesando eventos Pygame...
2025-05-19 16:50:42 - juego - [DEBUG] - Iniciando ciclo de renderizado...
2025-05-19 16:50:42 - juego - [DEBUG] - Ciclo de renderizado completado (flip ejecutado).
2025-05-19 16:50:42 - juego - [DEBUG] - MENSAJE DE PRUEBA REPETIDO PARA FILTRO
2025-05-19 16:50:42 - juego - [DEBUG] - Procesando eventos Pygame...
2025-05-19 16:50:42 - juego - [DEBUG] - Iniciando ciclo de renderizado...
2025-05-19 16:50:42 - juego - [DEBUG] - Ciclo de renderizado completado (flip ejecutado).
2025-05-19 16:50:42 - juego - [DEBUG] - MENSAJE DE PRUEBA REPETIDO PARA FILTRO
2025-05-19 16:50:42 - juego - [DEBUG] - Procesando eventos Pygame...
2025-05-19 16:50:42 - juego - [DEBUG] - Iniciando ciclo de renderizado...
2025-05-19 16:50:42 - juego - [DEBUG] - Ciclo de renderizado completado (flip ejecutado).
2025-05-19 16:50:42 - juego - [DEBUG] - MENSAJE DE PRUEBA REPETIDO PARA FILTRO
2025-05-19 16:50:42 - juego - [DEBUG] - Procesando eventos Pygame...
2025-05-19 16:50:42 - juego - [DEBUG] - Iniciando ciclo de renderizado...
2025-05-19 16:50:42 - juego - [DEBUG] - Ciclo de renderizado completado (flip ejecutado).
2025-05-19 16:50:42 - juego - [DEBUG] - MENSAJE DE PRUEBA REPETIDO PARA FILTRO
2025-05-19 16:50:42 - juego - [DEBUG] - Procesando eventos Pygame...
2025-05-19 16:50:42 - juego - [DEBUG] - Iniciando ciclo de renderizado...
2025-05-19 16:50:42 - juego - [DEBUG] - Ciclo de renderizado completado (flip ejecutado).
2025-05-19 16:50:42 - juego - [DEBUG] - MENSAJE DE PRUEBA REPETIDO PARA FILTRO
2025-05-19 16:50:42 - juego - [DEBUG] - Procesando eventos Pygame...
2025-05-19 16:50:42 - juego - [DEBUG] - Iniciando ciclo de renderizado...
2025-05-19 16:50:42 - juego - [DEBUG] - Ciclo de renderizado completado (flip ejecutado).
2025-05-19 16:50:42 - juego - [DEBUG] - MENSAJE DE PRUEBA REPETIDO PARA FILTRO
2025-05-19 16:50:42 - juego - [DEBUG] - Procesando eventos Pygame...
2025-05-19 16:50:42 - juego - [DEBUG] - Iniciando ciclo de renderizado...
2025-05-19 16:50:42 - juego - [DEBUG] - Ciclo de renderizado completado (flip ejecutado).
2025-05-19 16:50:42 - juego - [DEBUG] - MENSAJE DE PRUEBA REPETIDO PARA FILTRO
2025-05-19 16:50:42 - juego - [DEBUG] - Procesando eventos Pygame...
2025-05-19 16:50:42 - juego - [DEBUG] - Iniciando ciclo de renderizado...
2025-05-19 16:50:42 - juego - [DEBUG] - Ciclo de renderizado completado (flip ejecutado).
2025-05-19 16:50:42 - juego - [DEBUG] - MENSAJE DE PRUEBA REPETIDO PARA FILTRO
2025-05-19 16:50:42 - juego - [DEBUG] - Procesando eventos Pygame...
2025-05-19 16:50:42 - juego - [DEBUG] - Iniciando ciclo de renderizado...
2025-05-19 16:50:42 - juego - [DEBUG] - Ciclo de renderizado completado (flip ejecutado).
2025-05-19 16:50:42 - juego - [DEBUG] - MENSAJE DE PRUEBA REPETIDO PARA FILTRO
2025-05-19 16:50:42 - juego - [DEBUG] - Procesando eventos Pygame...
2025-05-19 16:50:42 - juego - [DEBUG] - Iniciando ciclo de renderizado...
2025-05-19 16:50:42 - juego - [DEBUG] - Ciclo de renderizado completado (flip ejecutado).
2025-05-19 16:50:42 - juego - [DEBUG] - MENSAJE DE PRUEBA REPETIDO PARA FILTRO
2025-05-19 16:50:42 - juego - [DEBUG] - Procesando eventos Pygame...
2025-05-19 16:50:42 - juego - [DEBUG] - Iniciando ciclo de renderizado...
2025-05-19 16:50:42 - juego - [DEBUG] - Ciclo de renderizado completado (flip ejecutado).
2025-05-19 16:50:42 - juego - [DEBUG] - MENSAJE DE PRUEBA REPETIDO PARA FILTRO
2025-05-19 16:50:42 - juego - [DEBUG] - Procesando eventos Pygame...
2025-05-19 16:50:42 - juego - [DEBUG] - Iniciando ciclo de renderizado...
2025-05-19 16:50:42 - juego - [DEBUG] - Ciclo de renderizado completado (flip ejecutado).
2025-05-19 16:50:42 - juego - [DEBUG] - MENSAJE DE PRUEBA REPETIDO PARA FILTRO
2025-05-19 16:50:42 - juego - [DEBUG] - Procesando eventos Pygame...
2025-05-19 16:50:42 - juego - [DEBUG] - Iniciando ciclo de renderizado...
2025-05-19 16:50:42 - juego - [DEBUG] - Ciclo de renderizado completado (flip ejecutado).
2025-05-19 16:50:42 - juego - [DEBUG] - MENSAJE DE PRUEBA REPETIDO PARA FILTRO
2025-05-19 16:50:42 - juego - [DEBUG] - Procesando eventos Pygame...
2025-05-19 16:50:42 - juego - [DEBUG] - Iniciando ciclo de renderizado...
2025-05-19 16:50:42 - juego - [DEBUG] - Ciclo de renderizado completado (flip ejecutado).
2025-05-19 16:50:42 - juego - [DEBUG] - MENSAJE DE PRUEBA REPETIDO PARA FILTRO
2025-05-19 16:50:42 - juego - [DEBUG] - Procesando eventos Pygame...
2025-05-19 16:50:42 - juego - [DEBUG] - Iniciando ciclo de renderizado...
2025-05-19 16:50:42 - juego - [DEBUG] - Ciclo de renderizado completado (flip ejecutado).
2025-05-19 16:50:42 - juego - [DEBUG] - MENSAJE DE PRUEBA REPETIDO PARA FILTRO
2025-05-19 16:50:42 - juego - [DEBUG] - Procesando eventos Pygame...
2025-05-19 16:50:42 - juego - [DEBUG] - Iniciando ciclo de renderizado...
2025-05-19 16:50:42 - juego - [DEBUG] - Ciclo de renderizado completado (flip ejecutado).
2025-05-19 16:50:42 - juego - [DEBUG] - MENSAJE DE PRUEBA REPETIDO PARA FILTRO
2025-05-19 16:50:42 - juego - [DEBUG] - Procesando eventos Pygame...
2025-05-19 16:50:42 - juego - [DEBUG] - Iniciando ciclo de renderizado...
2025-05-19 16:50:42 - juego - [DEBUG] - Ciclo de renderizado completado (flip ejecutado).
2025-05-19 16:50:42 - juego - [DEBUG] - MENSAJE DE PRUEBA REPETIDO PARA FILTRO
2025-05-19 16:50:42 - juego - [DEBUG] - Procesando eventos Pygame...
2025-05-19 16:50:42 - juego - [DEBUG] - Iniciando ciclo de renderizado...
2025-05-19 16:50:42 - juego - [DEBUG] - Ciclo de renderizado completado (flip ejecutado).
2025-05-19 16:50:42 - juego - [DEBUG] - MENSAJE DE PRUEBA REPETIDO PARA FILTRO
2025-05-19 16:50:42 - juego - [DEBUG] - Procesando eventos Pygame...
2025-05-19 16:50:42 - juego - [DEBUG] - Iniciando ciclo de renderizado...
2025-05-19 16:50:42 - juego - [DEBUG] - Ciclo de renderizado completado (flip ejecutado).
2025-05-19 16:50:42 - juego - [DEBUG] - MENSAJE DE PRUEBA REPETIDO PARA FILTRO
2025-05-19 16:50:42 - juego - [DEBUG] - Procesando eventos Pygame...
2025-05-19 16:50:42 - juego - [DEBUG] - Iniciando ciclo de renderizado...
2025-05-19 16:50:42 - juego - [DEBUG] - Ciclo de renderizado completado (flip ejecutado).
2025-05-19 16:50:42 - juego - [DEBUG] - MENSAJE DE PRUEBA REPETIDO PARA FILTRO
2025-05-19 16:50:42 - juego - [DEBUG] - Procesando eventos Pygame...
2025-05-19 16:50:42 - juego - [DEBUG] - Iniciando ciclo de renderizado...
2025-05-19 16:50:42 - juego - [DEBUG] - Ciclo de renderizado completado (flip ejecutado).
2025-05-19 16:50:42 - juego - [DEBUG] - MENSAJE DE PRUEBA REPETIDO PARA FILTRO
2025-05-19 16:50:42 - juego - [DEBUG] - Procesando eventos Pygame...
2025-05-19 16:50:42 - juego - [DEBUG] - Iniciando ciclo de renderizado...
2025-05-19 16:50:42 - juego - [DEBUG] - Ciclo de renderizado completado (flip ejecutado).
2025-05-19 16:50:43 - juego - [DEBUG] - MENSAJE DE PRUEBA REPETIDO PARA FILTRO
2025-05-19 16:50:43 - juego - [DEBUG] - Procesando eventos Pygame...
2025-05-19 16:50:43 - juego - [DEBUG] - Iniciando ciclo de renderizado...
2025-05-19 16:50:43 - juego - [DEBUG] - Ciclo de renderizado completado (flip ejecutado).
2025-05-19 16:50:43 - juego - [DEBUG] - MENSAJE DE PRUEBA REPETIDO PARA FILTRO
2025-05-19 16:50:43 - juego - [DEBUG] - Procesando eventos Pygame...
2025-05-19 16:50:43 - juego - [DEBUG] - Iniciando ciclo de renderizado...
2025-05-19 16:50:43 - juego - [DEBUG] - Ciclo de renderizado completado (flip ejecutado).
2025-05-19 16:50:43 - juego - [DEBUG] - MENSAJE DE PRUEBA REPETIDO PARA FILTRO
2025-05-19 16:50:43 - juego - [DEBUG] - Procesando eventos Pygame...
2025-05-19 16:50:43 - juego - [DEBUG] - Iniciando ciclo de renderizado...
2025-05-19 16:50:43 - juego - [DEBUG] - Ciclo de renderizado completado (flip ejecutado).
2025-05-19 16:50:43 - juego - [DEBUG] - MENSAJE DE PRUEBA REPETIDO PARA FILTRO
2025-05-19 16:50:43 - juego - [DEBUG] - Procesando eventos Pygame...
2025-05-19 16:50:43 - juego - [DEBUG] - Iniciando ciclo de renderizado...
2025-05-19 16:50:43 - juego - [DEBUG] - Ciclo de renderizado completado (flip ejecutado).
2025-05-19 16:50:43 - juego - [DEBUG] - MENSAJE DE PRUEBA REPETIDO PARA FILTRO
2025-05-19 16:50:43 - juego - [DEBUG] - Procesando eventos Pygame...
2025-05-19 16:50:43 - juego - [DEBUG] - Iniciando ciclo de renderizado...
2025-05-19 16:50:43 - juego - [DEBUG] - Ciclo de renderizado completado (flip ejecutado).
2025-05-19 16:50:43 - juego - [DEBUG] - MENSAJE DE PRUEBA REPETIDO PARA FILTRO
2025-05-19 16:50:43 - juego - [DEBUG] - Procesando eventos Pygame...
2025-05-19 16:50:43 - juego - [DEBUG] - Iniciando ciclo de renderizado...
2025-05-19 16:50:43 - juego - [DEBUG] - Ciclo de renderizado completado (flip ejecutado).
2025-05-19 16:50:43 - juego - [DEBUG] - MENSAJE DE PRUEBA REPETIDO PARA FILTRO
2025-05-19 16:50:43 - juego - [DEBUG] - Procesando eventos Pygame...
2025-05-19 16:50:43 - juego - [DEBUG] - Iniciando ciclo de renderizado...
2025-05-19 16:50:43 - juego - [DEBUG] - Ciclo de renderizado completado (flip ejecutado).
2025-05-19 16:50:43 - juego - [DEBUG] - MENSAJE DE PRUEBA REPETIDO PARA FILTRO
2025-05-19 16:50:43 - juego - [DEBUG] - Procesando eventos Pygame...
2025-05-19 16:50:43 - juego - [DEBUG] - Iniciando ciclo de renderizado...
2025-05-19 16:50:43 - juego - [DEBUG] - Ciclo de renderizado completado (flip ejecutado).
2025-05-19 16:50:43 - juego - [DEBUG] - MENSAJE DE PRUEBA REPETIDO PARA FILTRO
2025-05-19 16:50:43 - juego - [DEBUG] - Procesando eventos Pygame...
2025-05-19 16:50:43 - juego - [DEBUG] - Iniciando ciclo de renderizado...
2025-05-19 16:50:43 - juego - [DEBUG] - Ciclo de renderizado completado (flip ejecutado).
2025-05-19 16:50:43 - juego - [DEBUG] - MENSAJE DE PRUEBA REPETIDO PARA FILTRO
2025-05-19 16:50:43 - juego - [DEBUG] - Procesando eventos Pygame...
2025-05-19 16:50:43 - juego - [DEBUG] - Iniciando ciclo de renderizado...
2025-05-19 16:50:43 - juego - [DEBUG] - Ciclo de renderizado completado (flip ejecutado).
2025-05-19 16:50:43 - juego - [DEBUG] - MENSAJE DE PRUEBA REPETIDO PARA FILTRO
2025-05-19 16:50:43 - juego - [DEBUG] - Procesando eventos Pygame...
2025-05-19 16:50:43 - juego - [DEBUG] - Iniciando ciclo de renderizado...
2025-05-19 16:50:43 - juego - [DEBUG] - Ciclo de renderizado completado (flip ejecutado).
2025-05-19 16:50:43 - juego - [DEBUG] - MENSAJE DE PRUEBA REPETIDO PARA FILTRO
2025-05-19 16:50:43 - juego - [DEBUG] - Procesando eventos Pygame...
2025-05-19 16:50:43 - juego - [DEBUG] - Iniciando ciclo de renderizado...
2025-05-19 16:50:43 - juego - [DEBUG] - Ciclo de renderizado completado (flip ejecutado).
2025-05-19 16:50:43 - juego - [DEBUG] - MENSAJE DE PRUEBA REPETIDO PARA FILTRO
2025-05-19 16:50:43 - juego - [DEBUG] - Procesando eventos Pygame...
2025-05-19 16:50:43 - juego - [DEBUG] - Iniciando ciclo de renderizado...
2025-05-19 16:50:43 - juego - [DEBUG] - Ciclo de renderizado completado (flip ejecutado).
2025-05-19 16:50:43 - juego - [DEBUG] - MENSAJE DE PRUEBA REPETIDO PARA FILTRO
2025-05-19 16:50:43 - juego - [DEBUG] - Procesando eventos Pygame...
2025-05-19 16:50:43 - juego - [DEBUG] - Iniciando ciclo de renderizado...
2025-05-19 16:50:43 - juego - [DEBUG] - Ciclo de renderizado completado (flip ejecutado).
2025-05-19 16:50:43 - juego - [DEBUG] - MENSAJE DE PRUEBA REPETIDO PARA FILTRO
2025-05-19 16:50:43 - juego - [DEBUG] - Procesando eventos Pygame...
2025-05-19 16:50:43 - juego - [DEBUG] - Iniciando ciclo de renderizado...
2025-05-19 16:50:43 - juego - [DEBUG] - Ciclo de renderizado completado (flip ejecutado).
2025-05-19 16:50:43 - juego - [DEBUG] - MENSAJE DE PRUEBA REPETIDO PARA FILTRO
2025-05-19 16:50:43 - juego - [DEBUG] - Procesando eventos Pygame...
2025-05-19 16:50:43 - juego - [DEBUG] - Iniciando ciclo de renderizado...
2025-05-19 16:50:43 - juego - [DEBUG] - Ciclo de renderizado completado (flip ejecutado).
2025-05-19 16:50:43 - juego - [DEBUG] - MENSAJE DE PRUEBA REPETIDO PARA FILTRO
2025-05-19 16:50:43 - juego - [DEBUG] - Procesando eventos Pygame...
2025-05-19 16:50:43 - juego - [DEBUG] - Iniciando ciclo de renderizado...
2025-05-19 16:50:43 - juego - [DEBUG] - Ciclo de renderizado completado (flip ejecutado).
2025-05-19 16:50:43 - juego - [DEBUG] - MENSAJE DE PRUEBA REPETIDO PARA FILTRO
2025-05-19 16:50:43 - juego - [DEBUG] - Procesando eventos Pygame...
2025-05-19 16:50:43 - juego - [DEBUG] - Iniciando ciclo de renderizado...
2025-05-19 16:50:43 - juego - [DEBUG] - Ciclo de renderizado completado (flip ejecutado).
2025-05-19 16:50:43 - juego - [DEBUG] - MENSAJE DE PRUEBA REPETIDO PARA FILTRO
2025-05-19 16:50:43 - juego - [DEBUG] - Procesando eventos Pygame...
2025-05-19 16:50:43 - juego - [DEBUG] - Iniciando ciclo de renderizado...
2025-05-19 16:50:43 - juego - [DEBUG] - Ciclo de renderizado completado (flip ejecutado).
2025-05-19 16:50:43 - juego - [DEBUG] - MENSAJE DE PRUEBA REPETIDO PARA FILTRO
2025-05-19 16:50:43 - juego - [DEBUG] - Procesando eventos Pygame...
2025-05-19 16:50:43 - juego - [DEBUG] - Iniciando ciclo de renderizado...
2025-05-19 16:50:43 - juego - [DEBUG] - Ciclo de renderizado completado (flip ejecutado).
2025-05-19 16:50:43 - juego - [DEBUG] - MENSAJE DE PRUEBA REPETIDO PARA FILTRO
2025-05-19 16:50:43 - juego - [DEBUG] - Procesando eventos Pygame...
2025-05-19 16:50:43 - juego - [DEBUG] - Iniciando ciclo de renderizado...
2025-05-19 16:50:43 - juego - [DEBUG] - Ciclo de renderizado completado (flip ejecutado).
2025-05-19 16:50:43 - juego - [DEBUG] - MENSAJE DE PRUEBA REPETIDO PARA FILTRO
2025-05-19 16:50:43 - juego - [DEBUG] - Procesando eventos Pygame...
2025-05-19 16:50:43 - juego - [DEBUG] - Iniciando ciclo de renderizado...
2025-05-19 16:50:43 - juego - [DEBUG] - Ciclo de renderizado completado (flip ejecutado).
2025-05-19 16:50:43 - juego - [DEBUG] - MENSAJE DE PRUEBA REPETIDO PARA FILTRO
2025-05-19 16:50:43 - juego - [DEBUG] - Procesando eventos Pygame...
2025-05-19 16:50:43 - juego - [DEBUG] - Iniciando ciclo de renderizado...
2025-05-19 16:50:43 - juego - [DEBUG] - Ciclo de renderizado completado (flip ejecutado).
2025-05-19 16:50:43 - juego - [DEBUG] - MENSAJE DE PRUEBA REPETIDO PARA FILTRO
2025-05-19 16:50:43 - juego - [DEBUG] - Procesando eventos Pygame...
2025-05-19 16:50:43 - juego - [DEBUG] - Iniciando ciclo de renderizado...
2025-05-19 16:50:43 - juego - [DEBUG] - Ciclo de renderizado completado (flip ejecutado).
2025-05-19 16:50:43 - juego - [DEBUG] - MENSAJE DE PRUEBA REPETIDO PARA FILTRO
2025-05-19 16:50:43 - juego - [DEBUG] - Procesando eventos Pygame...
2025-05-19 16:50:43 - juego - [DEBUG] - Iniciando ciclo de renderizado...
2025-05-19 16:50:43 - juego - [DEBUG] - Ciclo de renderizado completado (flip ejecutado).
2025-05-19 16:50:43 - juego - [DEBUG] - MENSAJE DE PRUEBA REPETIDO PARA FILTRO
2025-05-19 16:50:43 - juego - [DEBUG] - Procesando eventos Pygame...
2025-05-19 16:50:43 - juego - [DEBUG] - Iniciando ciclo de renderizado...
2025-05-19 16:50:43 - juego - [DEBUG] - Ciclo de renderizado completado (flip ejecutado).
2025-05-19 16:50:43 - juego - [DEBUG] - MENSAJE DE PRUEBA REPETIDO PARA FILTRO
2025-05-19 16:50:43 - juego - [DEBUG] - Procesando eventos Pygame...
2025-05-19 16:50:43 - juego - [DEBUG] - Iniciando ciclo de renderizado...
2025-05-19 16:50:43 - juego - [DEBUG] - Ciclo de renderizado completado (flip ejecutado).
2025-05-19 16:50:43 - juego - [DEBUG] - MENSAJE DE PRUEBA REPETIDO PARA FILTRO
2025-05-19 16:50:43 - juego - [DEBUG] - Procesando eventos Pygame...
2025-05-19 16:50:43 - juego - [DEBUG] - Iniciando ciclo de renderizado...
2025-05-19 16:50:43 - juego - [DEBUG] - Ciclo de renderizado completado (flip ejecutado).
2025-05-19 16:50:43 - juego - [DEBUG] - MENSAJE DE PRUEBA REPETIDO PARA FILTRO
2025-05-19 16:50:43 - juego - [DEBUG] - Procesando eventos Pygame...
2025-05-19 16:50:43 - juego - [DEBUG] - Iniciando ciclo de renderizado...
2025-05-19 16:50:43 - juego - [DEBUG] - Ciclo de renderizado completado (flip ejecutado).
2025-05-19 16:50:43 - juego - [DEBUG] - MENSAJE DE PRUEBA REPETIDO PARA FILTRO
2025-05-19 16:50:43 - juego - [DEBUG] - Procesando eventos Pygame...
2025-05-19 16:50:43 - juego - [DEBUG] - Iniciando ciclo de renderizado...
2025-05-19 16:50:43 - juego - [DEBUG] - Ciclo de renderizado completado (flip ejecutado).
2025-05-19 16:50:43 - juego - [DEBUG] - MENSAJE DE PRUEBA REPETIDO PARA FILTRO
2025-05-19 16:50:43 - juego - [DEBUG] - Procesando eventos Pygame...
2025-05-19 16:50:43 - juego - [DEBUG] - Iniciando ciclo de renderizado...
2025-05-19 16:50:43 - juego - [DEBUG] - Ciclo de renderizado completado (flip ejecutado).
2025-05-19 16:50:43 - juego - [DEBUG] - MENSAJE DE PRUEBA REPETIDO PARA FILTRO
2025-05-19 16:50:43 - juego - [DEBUG] - Procesando eventos Pygame...
2025-05-19 16:50:43 - juego - [DEBUG] - Iniciando ciclo de renderizado...
2025-05-19 16:50:43 - juego - [DEBUG] - Ciclo de renderizado completado (flip ejecutado).
2025-05-19 16:50:43 - juego - [DEBUG] - MENSAJE DE PRUEBA REPETIDO PARA FILTRO
2025-05-19 16:50:43 - juego - [DEBUG] - Procesando eventos Pygame...
2025-05-19 16:50:43 - juego - [DEBUG] - Iniciando ciclo de renderizado...
2025-05-19 16:50:43 - juego - [DEBUG] - Ciclo de renderizado completado (flip ejecutado).
2025-05-19 16:50:43 - juego - [DEBUG] - MENSAJE DE PRUEBA REPETIDO PARA FILTRO
2025-05-19 16:50:43 - juego - [DEBUG] - Procesando eventos Pygame...
2025-05-19 16:50:43 - juego - [DEBUG] - Iniciando ciclo de renderizado...
2025-05-19 16:50:43 - juego - [DEBUG] - Ciclo de renderizado completado (flip ejecutado).
2025-05-19 16:50:43 - juego - [DEBUG] - MENSAJE DE PRUEBA REPETIDO PARA FILTRO
2025-05-19 16:50:43 - juego - [DEBUG] - Procesando eventos Pygame...
2025-05-19 16:50:43 - juego - [DEBUG] - Iniciando ciclo de renderizado...
2025-05-19 16:50:43 - juego - [DEBUG] - Ciclo de renderizado completado (flip ejecutado).
2025-05-19 16:50:43 - juego - [DEBUG] - MENSAJE DE PRUEBA REPETIDO PARA FILTRO
2025-05-19 16:50:43 - juego - [DEBUG] - Procesando eventos Pygame...
2025-05-19 16:50:43 - juego - [DEBUG] - Iniciando ciclo de renderizado...
2025-05-19 16:50:43 - juego - [DEBUG] - Ciclo de renderizado completado (flip ejecutado).
2025-05-19 16:50:43 - juego - [DEBUG] - MENSAJE DE PRUEBA REPETIDO PARA FILTRO
2025-05-19 16:50:43 - juego - [DEBUG] - Procesando eventos Pygame...
2025-05-19 16:50:43 - juego - [DEBUG] - Iniciando ciclo de renderizado...
2025-05-19 16:50:43 - juego - [DEBUG] - Ciclo de renderizado completado (flip ejecutado).
2025-05-19 16:50:43 - juego - [DEBUG] - MENSAJE DE PRUEBA REPETIDO PARA FILTRO
2025-05-19 16:50:43 - juego - [DEBUG] - Procesando eventos Pygame...
2025-05-19 16:50:43 - juego - [DEBUG] - Iniciando ciclo de renderizado...
2025-05-19 16:50:43 - juego - [DEBUG] - Ciclo de renderizado completado (flip ejecutado).
2025-05-19 16:50:43 - juego - [DEBUG] - MENSAJE DE PRUEBA REPETIDO PARA FILTRO
2025-05-19 16:50:43 - juego - [DEBUG] - Procesando eventos Pygame...
2025-05-19 16:50:43 - juego - [DEBUG] - Iniciando ciclo de renderizado...
2025-05-19 16:50:43 - juego - [DEBUG] - Ciclo de renderizado completado (flip ejecutado).
2025-05-19 16:50:43 - juego - [DEBUG] - MENSAJE DE PRUEBA REPETIDO PARA FILTRO
2025-05-19 16:50:43 - juego - [DEBUG] - Procesando eventos Pygame...
2025-05-19 16:50:43 - juego - [DEBUG] - Iniciando ciclo de renderizado...
2025-05-19 16:50:43 - juego - [DEBUG] - Ciclo de renderizado completado (flip ejecutado).
2025-05-19 16:50:43 - juego - [DEBUG] - MENSAJE DE PRUEBA REPETIDO PARA FILTRO
2025-05-19 16:50:43 - juego - [DEBUG] - Procesando eventos Pygame...
2025-05-19 16:50:43 - juego - [DEBUG] - Iniciando ciclo de renderizado...
2025-05-19 16:50:43 - juego - [DEBUG] - Ciclo de renderizado completado (flip ejecutado).
2025-05-19 16:50:43 - juego - [DEBUG] - MENSAJE DE PRUEBA REPETIDO PARA FILTRO
2025-05-19 16:50:43 - juego - [DEBUG] - Procesando eventos Pygame...
2025-05-19 16:50:43 - juego - [DEBUG] - Iniciando ciclo de renderizado...
2025-05-19 16:50:43 - juego - [DEBUG] - Ciclo de renderizado completado (flip ejecutado).
2025-05-19 16:50:43 - juego - [DEBUG] - MENSAJE DE PRUEBA REPETIDO PARA FILTRO
2025-05-19 16:50:43 - juego - [DEBUG] - Procesando eventos Pygame...
2025-05-19 16:50:43 - juego - [DEBUG] - Iniciando ciclo de renderizado...
2025-05-19 16:50:43 - juego - [DEBUG] - Ciclo de renderizado completado (flip ejecutado).
2025-05-19 16:50:43 - juego - [DEBUG] - MENSAJE DE PRUEBA REPETIDO PARA FILTRO
2025-05-19 16:50:43 - juego - [DEBUG] - Procesando eventos Pygame...
2025-05-19 16:50:43 - juego - [DEBUG] - Iniciando ciclo de renderizado...
2025-05-19 16:50:43 - juego - [DEBUG] - Ciclo de renderizado completado (flip ejecutado).
2025-05-19 16:50:43 - juego - [DEBUG] - MENSAJE DE PRUEBA REPETIDO PARA FILTRO
2025-05-19 16:50:43 - juego - [DEBUG] - Procesando eventos Pygame...
2025-05-19 16:50:43 - juego - [DEBUG] - Iniciando ciclo de renderizado...
2025-05-19 16:50:43 - juego - [DEBUG] - Ciclo de renderizado completado (flip ejecutado).
2025-05-19 16:50:43 - juego - [DEBUG] - MENSAJE DE PRUEBA REPETIDO PARA FILTRO
2025-05-19 16:50:43 - juego - [DEBUG] - Procesando eventos Pygame...
2025-05-19 16:50:43 - juego - [DEBUG] - Iniciando ciclo de renderizado...
2025-05-19 16:50:43 - juego - [DEBUG] - Ciclo de renderizado completado (flip ejecutado).
2025-05-19 16:50:43 - juego - [DEBUG] - MENSAJE DE PRUEBA REPETIDO PARA FILTRO
2025-05-19 16:50:43 - juego - [DEBUG] - Procesando eventos Pygame...
2025-05-19 16:50:43 - juego - [DEBUG] - Iniciando ciclo de renderizado...
2025-05-19 16:50:43 - juego - [DEBUG] - Ciclo de renderizado completado (flip ejecutado).
2025-05-19 16:50:43 - juego - [DEBUG] - MENSAJE DE PRUEBA REPETIDO PARA FILTRO
2025-05-19 16:50:43 - juego - [DEBUG] - Procesando eventos Pygame...
2025-05-19 16:50:43 - juego - [DEBUG] - Iniciando ciclo de renderizado...
2025-05-19 16:50:43 - juego - [DEBUG] - Ciclo de renderizado completado (flip ejecutado).
2025-05-19 16:50:43 - juego - [DEBUG] - MENSAJE DE PRUEBA REPETIDO PARA FILTRO
2025-05-19 16:50:43 - juego - [DEBUG] - Procesando eventos Pygame...
2025-05-19 16:50:43 - juego - [DEBUG] - Iniciando ciclo de renderizado...
2025-05-19 16:50:43 - juego - [DEBUG] - Ciclo de renderizado completado (flip ejecutado).
2025-05-19 16:50:43 - juego - [DEBUG] - MENSAJE DE PRUEBA REPETIDO PARA FILTRO
2025-05-19 16:50:43 - juego - [DEBUG] - Procesando eventos Pygame...
2025-05-19 16:50:43 - juego - [DEBUG] - Iniciando ciclo de renderizado...
2025-05-19 16:50:43 - juego - [DEBUG] - Ciclo de renderizado completado (flip ejecutado).
2025-05-19 16:50:43 - juego - [DEBUG] - MENSAJE DE PRUEBA REPETIDO PARA FILTRO
2025-05-19 16:50:43 - juego - [DEBUG] - Procesando eventos Pygame...
2025-05-19 16:50:43 - juego - [DEBUG] - Iniciando ciclo de renderizado...
2025-05-19 16:50:43 - juego - [DEBUG] - Ciclo de renderizado completado (flip ejecutado).
2025-05-19 16:50:43 - juego - [DEBUG] - MENSAJE DE PRUEBA REPETIDO PARA FILTRO
2025-05-19 16:50:43 - juego - [DEBUG] - Procesando eventos Pygame...
2025-05-19 16:50:43 - juego - [DEBUG] - Iniciando ciclo de renderizado...
2025-05-19 16:50:43 - juego - [DEBUG] - Ciclo de renderizado completado (flip ejecutado).
2025-05-19 16:50:43 - juego - [DEBUG] - MENSAJE DE PRUEBA REPETIDO PARA FILTRO
2025-05-19 16:50:43 - juego - [DEBUG] - Procesando eventos Pygame...
2025-05-19 16:50:43 - juego - [DEBUG] - Iniciando ciclo de renderizado...
2025-05-19 16:50:43 - juego - [DEBUG] - Ciclo de renderizado completado (flip ejecutado).
2025-05-19 16:50:43 - juego - [DEBUG] - MENSAJE DE PRUEBA REPETIDO PARA FILTRO
2025-05-19 16:50:43 - juego - [DEBUG] - Procesando eventos Pygame...
2025-05-19 16:50:43 - juego - [DEBUG] - Iniciando ciclo de renderizado...
2025-05-19 16:50:43 - juego - [DEBUG] - Ciclo de renderizado completado (flip ejecutado).
2025-05-19 16:50:43 - juego - [DEBUG] - MENSAJE DE PRUEBA REPETIDO PARA FILTRO
2025-05-19 16:50:43 - juego - [DEBUG] - Procesando eventos Pygame...
2025-05-19 16:50:43 - juego - [DEBUG] - Iniciando ciclo de renderizado...
2025-05-19 16:50:43 - juego - [DEBUG] - Ciclo de renderizado completado (flip ejecutado).
2025-05-19 16:50:43 - juego - [DEBUG] - MENSAJE DE PRUEBA REPETIDO PARA FILTRO
2025-05-19 16:50:43 - juego - [DEBUG] - Procesando eventos Pygame...
2025-05-19 16:50:43 - juego - [DEBUG] - Iniciando ciclo de renderizado...
2025-05-19 16:50:43 - juego - [DEBUG] - Ciclo de renderizado completado (flip ejecutado).
2025-05-19 16:50:43 - juego - [DEBUG] - MENSAJE DE PRUEBA REPETIDO PARA FILTRO
2025-05-19 16:50:43 - juego - [DEBUG] - Procesando eventos Pygame...
2025-05-19 16:50:43 - juego - [DEBUG] - Iniciando ciclo de renderizado...
2025-05-19 16:50:43 - juego - [DEBUG] - Ciclo de renderizado completado (flip ejecutado).
2025-05-19 16:50:43 - juego - [DEBUG] - MENSAJE DE PRUEBA REPETIDO PARA FILTRO
2025-05-19 16:50:43 - juego - [DEBUG] - Procesando eventos Pygame...
2025-05-19 16:50:43 - juego - [DEBUG] - Iniciando ciclo de renderizado...
2025-05-19 16:50:43 - juego - [DEBUG] - Ciclo de renderizado completado (flip ejecutado).
2025-05-19 16:50:43 - juego - [DEBUG] - MENSAJE DE PRUEBA REPETIDO PARA FILTRO
2025-05-19 16:50:43 - juego - [DEBUG] - Procesando eventos Pygame...
2025-05-19 16:50:43 - juego - [DEBUG] - Iniciando ciclo de renderizado...
2025-05-19 16:50:43 - juego - [DEBUG] - Ciclo de renderizado completado (flip ejecutado).
2025-05-19 16:50:43 - juego - [DEBUG] - MENSAJE DE PRUEBA REPETIDO PARA FILTRO
2025-05-19 16:50:43 - juego - [DEBUG] - Procesando eventos Pygame...
2025-05-19 16:50:43 - juego - [DEBUG] - Iniciando ciclo de renderizado...
2025-05-19 16:50:43 - juego - [DEBUG] - Ciclo de renderizado completado (flip ejecutado).
2025-05-19 16:50:44 - juego - [DEBUG] - MENSAJE DE PRUEBA REPETIDO PARA FILTRO
2025-05-19 16:50:44 - juego - [DEBUG] - Procesando eventos Pygame...
2025-05-19 16:50:44 - juego - [DEBUG] - Iniciando ciclo de renderizado...
2025-05-19 16:50:44 - juego - [DEBUG] - Ciclo de renderizado completado (flip ejecutado).
2025-05-19 16:50:44 - juego - [DEBUG] - MENSAJE DE PRUEBA REPETIDO PARA FILTRO
2025-05-19 16:50:44 - juego - [DEBUG] - Procesando eventos Pygame...
2025-05-19 16:50:44 - juego - [DEBUG] - Iniciando ciclo de renderizado...
2025-05-19 16:50:44 - juego - [DEBUG] - Ciclo de renderizado completado (flip ejecutado).
2025-05-19 16:50:44 - juego - [DEBUG] - MENSAJE DE PRUEBA REPETIDO PARA FILTRO
2025-05-19 16:50:44 - juego - [DEBUG] - Procesando eventos Pygame...
2025-05-19 16:50:44 - juego - [DEBUG] - Iniciando ciclo de renderizado...
2025-05-19 16:50:44 - juego - [DEBUG] - Ciclo de renderizado completado (flip ejecutado).
2025-05-19 16:50:44 - juego - [DEBUG] - MENSAJE DE PRUEBA REPETIDO PARA FILTRO
2025-05-19 16:50:44 - juego - [DEBUG] - Procesando eventos Pygame...
2025-05-19 16:50:44 - juego - [DEBUG] - Iniciando ciclo de renderizado...
2025-05-19 16:50:44 - juego - [DEBUG] - Ciclo de renderizado completado (flip ejecutado).
2025-05-19 16:50:44 - juego - [DEBUG] - MENSAJE DE PRUEBA REPETIDO PARA FILTRO
2025-05-19 16:50:44 - juego - [DEBUG] - Procesando eventos Pygame...
2025-05-19 16:50:44 - juego - [DEBUG] - Iniciando ciclo de renderizado...
2025-05-19 16:50:44 - juego - [DEBUG] - Ciclo de renderizado completado (flip ejecutado).
2025-05-19 16:50:44 - juego - [DEBUG] - MENSAJE DE PRUEBA REPETIDO PARA FILTRO
2025-05-19 16:50:44 - juego - [DEBUG] - Procesando eventos Pygame...
2025-05-19 16:50:44 - juego - [DEBUG] - Iniciando ciclo de renderizado...
2025-05-19 16:50:44 - juego - [DEBUG] - Ciclo de renderizado completado (flip ejecutado).
2025-05-19 16:50:44 - juego - [DEBUG] - MENSAJE DE PRUEBA REPETIDO PARA FILTRO
2025-05-19 16:50:44 - juego - [DEBUG] - Procesando eventos Pygame...
2025-05-19 16:50:44 - juego - [DEBUG] - Iniciando ciclo de renderizado...
2025-05-19 16:50:44 - juego - [DEBUG] - Ciclo de renderizado completado (flip ejecutado).
2025-05-19 16:50:44 - juego - [DEBUG] - MENSAJE DE PRUEBA REPETIDO PARA FILTRO
2025-05-19 16:50:44 - juego - [DEBUG] - Procesando eventos Pygame...
2025-05-19 16:50:44 - juego - [DEBUG] - Iniciando ciclo de renderizado...
2025-05-19 16:50:44 - juego - [DEBUG] - Ciclo de renderizado completado (flip ejecutado).
2025-05-19 16:50:44 - juego - [DEBUG] - MENSAJE DE PRUEBA REPETIDO PARA FILTRO
2025-05-19 16:50:44 - juego - [DEBUG] - Procesando eventos Pygame...
2025-05-19 16:50:44 - juego - [DEBUG] - Iniciando ciclo de renderizado...
2025-05-19 16:50:44 - juego - [DEBUG] - Ciclo de renderizado completado (flip ejecutado).
2025-05-19 16:50:44 - juego - [DEBUG] - MENSAJE DE PRUEBA REPETIDO PARA FILTRO
2025-05-19 16:50:44 - juego - [DEBUG] - Procesando eventos Pygame...
2025-05-19 16:50:44 - juego - [DEBUG] - Iniciando ciclo de renderizado...
2025-05-19 16:50:44 - juego - [DEBUG] - Ciclo de renderizado completado (flip ejecutado).
2025-05-19 16:50:44 - juego - [DEBUG] - MENSAJE DE PRUEBA REPETIDO PARA FILTRO
2025-05-19 16:50:44 - juego - [DEBUG] - Procesando eventos Pygame...
2025-05-19 16:50:44 - juego - [DEBUG] - Iniciando ciclo de renderizado...
2025-05-19 16:50:44 - juego - [DEBUG] - Ciclo de renderizado completado (flip ejecutado).
2025-05-19 16:50:44 - juego - [DEBUG] - MENSAJE DE PRUEBA REPETIDO PARA FILTRO
2025-05-19 16:50:44 - juego - [DEBUG] - Procesando eventos Pygame...
2025-05-19 16:50:44 - juego - [DEBUG] - Iniciando ciclo de renderizado...
2025-05-19 16:50:44 - juego - [DEBUG] - Ciclo de renderizado completado (flip ejecutado).
2025-05-19 16:50:44 - juego - [DEBUG] - MENSAJE DE PRUEBA REPETIDO PARA FILTRO
2025-05-19 16:50:44 - juego - [DEBUG] - Procesando eventos Pygame...
2025-05-19 16:50:44 - juego - [DEBUG] - Iniciando ciclo de renderizado...
2025-05-19 16:50:44 - juego - [DEBUG] - Ciclo de renderizado completado (flip ejecutado).
2025-05-19 16:50:44 - juego - [DEBUG] - MENSAJE DE PRUEBA REPETIDO PARA FILTRO
2025-05-19 16:50:44 - juego - [DEBUG] - Procesando eventos Pygame...
2025-05-19 16:50:44 - juego - [DEBUG] - Iniciando ciclo de renderizado...
2025-05-19 16:50:44 - juego - [DEBUG] - Ciclo de renderizado completado (flip ejecutado).
2025-05-19 16:50:44 - juego - [DEBUG] - MENSAJE DE PRUEBA REPETIDO PARA FILTRO
2025-05-19 16:50:44 - juego - [DEBUG] - Procesando eventos Pygame...
2025-05-19 16:50:44 - juego - [DEBUG] - Iniciando ciclo de renderizado...
2025-05-19 16:50:44 - juego - [DEBUG] - Ciclo de renderizado completado (flip ejecutado).
2025-05-19 16:50:44 - juego - [DEBUG] - MENSAJE DE PRUEBA REPETIDO PARA FILTRO
2025-05-19 16:50:44 - juego - [DEBUG] - Procesando eventos Pygame...
2025-05-19 16:50:44 - juego - [DEBUG] - Iniciando ciclo de renderizado...
2025-05-19 16:50:44 - juego - [DEBUG] - Ciclo de renderizado completado (flip ejecutado).
2025-05-19 16:50:44 - juego - [DEBUG] - MENSAJE DE PRUEBA REPETIDO PARA FILTRO
2025-05-19 16:50:44 - juego - [DEBUG] - Procesando eventos Pygame...
2025-05-19 16:50:44 - juego - [DEBUG] - Iniciando ciclo de renderizado...
2025-05-19 16:50:44 - juego - [DEBUG] - Ciclo de renderizado completado (flip ejecutado).
2025-05-19 16:50:44 - juego - [DEBUG] - MENSAJE DE PRUEBA REPETIDO PARA FILTRO
2025-05-19 16:50:44 - juego - [DEBUG] - Procesando eventos Pygame...
2025-05-19 16:50:44 - juego - [DEBUG] - Iniciando ciclo de renderizado...
2025-05-19 16:50:44 - juego - [DEBUG] - Ciclo de renderizado completado (flip ejecutado).
2025-05-19 16:50:44 - juego - [DEBUG] - MENSAJE DE PRUEBA REPETIDO PARA FILTRO
2025-05-19 16:50:44 - juego - [DEBUG] - Procesando eventos Pygame...
2025-05-19 16:50:44 - juego - [DEBUG] - Iniciando ciclo de renderizado...
2025-05-19 16:50:44 - juego - [DEBUG] - Ciclo de renderizado completado (flip ejecutado).
2025-05-19 16:50:44 - juego - [DEBUG] - MENSAJE DE PRUEBA REPETIDO PARA FILTRO
2025-05-19 16:50:44 - juego - [DEBUG] - Procesando eventos Pygame...
2025-05-19 16:50:44 - juego - [DEBUG] - Iniciando ciclo de renderizado...
2025-05-19 16:50:44 - juego - [DEBUG] - Ciclo de renderizado completado (flip ejecutado).
2025-05-19 16:50:44 - juego - [DEBUG] - MENSAJE DE PRUEBA REPETIDO PARA FILTRO
2025-05-19 16:50:44 - juego - [DEBUG] - Procesando eventos Pygame...
2025-05-19 16:50:44 - juego - [DEBUG] - Iniciando ciclo de renderizado...
2025-05-19 16:50:44 - juego - [DEBUG] - Ciclo de renderizado completado (flip ejecutado).
2025-05-19 16:50:44 - juego - [DEBUG] - MENSAJE DE PRUEBA REPETIDO PARA FILTRO
2025-05-19 16:50:44 - juego - [DEBUG] - Procesando eventos Pygame...
2025-05-19 16:50:44 - juego - [DEBUG] - Iniciando ciclo de renderizado...
2025-05-19 16:50:44 - juego - [DEBUG] - Ciclo de renderizado completado (flip ejecutado).
2025-05-19 16:50:44 - juego - [DEBUG] - MENSAJE DE PRUEBA REPETIDO PARA FILTRO
2025-05-19 16:50:44 - juego - [DEBUG] - Procesando eventos Pygame...
2025-05-19 16:50:44 - juego - [DEBUG] - Iniciando ciclo de renderizado...
2025-05-19 16:50:44 - juego - [DEBUG] - Ciclo de renderizado completado (flip ejecutado).
2025-05-19 16:50:44 - juego - [DEBUG] - MENSAJE DE PRUEBA REPETIDO PARA FILTRO
2025-05-19 16:50:44 - juego - [DEBUG] - Procesando eventos Pygame...
2025-05-19 16:50:44 - juego - [DEBUG] - Iniciando ciclo de renderizado...
2025-05-19 16:50:44 - juego - [DEBUG] - Ciclo de renderizado completado (flip ejecutado).
2025-05-19 16:50:44 - juego - [DEBUG] - MENSAJE DE PRUEBA REPETIDO PARA FILTRO
2025-05-19 16:50:44 - juego - [DEBUG] - Procesando eventos Pygame...
2025-05-19 16:50:44 - juego - [DEBUG] - Iniciando ciclo de renderizado...
2025-05-19 16:50:44 - juego - [DEBUG] - Ciclo de renderizado completado (flip ejecutado).
2025-05-19 16:50:44 - juego - [DEBUG] - MENSAJE DE PRUEBA REPETIDO PARA FILTRO
2025-05-19 16:50:44 - juego - [DEBUG] - Procesando eventos Pygame...
2025-05-19 16:50:44 - juego - [DEBUG] - Iniciando ciclo de renderizado...
2025-05-19 16:50:44 - juego - [DEBUG] - Ciclo de renderizado completado (flip ejecutado).
2025-05-19 16:50:44 - juego - [DEBUG] - MENSAJE DE PRUEBA REPETIDO PARA FILTRO
2025-05-19 16:50:44 - juego - [DEBUG] - Procesando eventos Pygame...
2025-05-19 16:50:44 - juego - [DEBUG] - Iniciando ciclo de renderizado...
2025-05-19 16:50:44 - juego - [DEBUG] - Ciclo de renderizado completado (flip ejecutado).
2025-05-19 16:50:44 - juego - [DEBUG] - MENSAJE DE PRUEBA REPETIDO PARA FILTRO
2025-05-19 16:50:44 - juego - [DEBUG] - Procesando eventos Pygame...
2025-05-19 16:50:44 - juego - [DEBUG] - Iniciando ciclo de renderizado...
2025-05-19 16:50:44 - juego - [DEBUG] - Ciclo de renderizado completado (flip ejecutado).
2025-05-19 16:50:44 - juego - [DEBUG] - MENSAJE DE PRUEBA REPETIDO PARA FILTRO
2025-05-19 16:50:44 - juego - [DEBUG] - Procesando eventos Pygame...
2025-05-19 16:50:44 - juego - [DEBUG] - Iniciando ciclo de renderizado...
2025-05-19 16:50:44 - juego - [DEBUG] - Ciclo de renderizado completado (flip ejecutado).
2025-05-19 16:50:44 - juego - [DEBUG] - MENSAJE DE PRUEBA REPETIDO PARA FILTRO
2025-05-19 16:50:44 - juego - [DEBUG] - Procesando eventos Pygame...
2025-05-19 16:50:44 - juego - [DEBUG] - Iniciando ciclo de renderizado...
2025-05-19 16:50:44 - juego - [DEBUG] - Ciclo de renderizado completado (flip ejecutado).
2025-05-19 16:50:44 - juego - [DEBUG] - MENSAJE DE PRUEBA REPETIDO PARA FILTRO
2025-05-19 16:50:44 - juego - [DEBUG] - Procesando eventos Pygame...
2025-05-19 16:50:44 - juego - [DEBUG] - Iniciando ciclo de renderizado...
2025-05-19 16:50:44 - juego - [DEBUG] - Ciclo de renderizado completado (flip ejecutado).
2025-05-19 16:50:44 - juego - [DEBUG] - MENSAJE DE PRUEBA REPETIDO PARA FILTRO
2025-05-19 16:50:44 - juego - [DEBUG] - Procesando eventos Pygame...
2025-05-19 16:50:44 - juego - [DEBUG] - Iniciando ciclo de renderizado...
2025-05-19 16:50:44 - juego - [DEBUG] - Ciclo de renderizado completado (flip ejecutado).
2025-05-19 16:50:44 - juego - [DEBUG] - MENSAJE DE PRUEBA REPETIDO PARA FILTRO
2025-05-19 16:50:44 - juego - [DEBUG] - Procesando eventos Pygame...
2025-05-19 16:50:44 - juego - [DEBUG] - Iniciando ciclo de renderizado...
2025-05-19 16:50:44 - juego - [DEBUG] - Ciclo de renderizado completado (flip ejecutado).
2025-05-19 16:50:44 - juego - [DEBUG] - MENSAJE DE PRUEBA REPETIDO PARA FILTRO
2025-05-19 16:50:44 - juego - [DEBUG] - Procesando eventos Pygame...
2025-05-19 16:50:44 - juego - [DEBUG] - Iniciando ciclo de renderizado...
2025-05-19 16:50:44 - juego - [DEBUG] - Ciclo de renderizado completado (flip ejecutado).
2025-05-19 16:50:44 - juego - [DEBUG] - MENSAJE DE PRUEBA REPETIDO PARA FILTRO
2025-05-19 16:50:44 - juego - [DEBUG] - Procesando eventos Pygame...
2025-05-19 16:50:44 - juego - [DEBUG] - Iniciando ciclo de renderizado...
2025-05-19 16:50:44 - juego - [DEBUG] - Ciclo de renderizado completado (flip ejecutado).
2025-05-19 16:50:44 - juego - [DEBUG] - MENSAJE DE PRUEBA REPETIDO PARA FILTRO
2025-05-19 16:50:44 - juego - [DEBUG] - Procesando eventos Pygame...
2025-05-19 16:50:44 - juego - [DEBUG] - Iniciando ciclo de renderizado...
2025-05-19 16:50:44 - juego - [DEBUG] - Ciclo de renderizado completado (flip ejecutado).
2025-05-19 16:50:44 - juego - [DEBUG] - MENSAJE DE PRUEBA REPETIDO PARA FILTRO
2025-05-19 16:50:44 - juego - [DEBUG] - Procesando eventos Pygame...
2025-05-19 16:50:44 - juego - [DEBUG] - Iniciando ciclo de renderizado...
2025-05-19 16:50:44 - juego - [DEBUG] - Ciclo de renderizado completado (flip ejecutado).
2025-05-19 16:50:44 - juego - [DEBUG] - MENSAJE DE PRUEBA REPETIDO PARA FILTRO
2025-05-19 16:50:44 - juego - [DEBUG] - Procesando eventos Pygame...
2025-05-19 16:50:44 - juego - [DEBUG] - Iniciando ciclo de renderizado...
2025-05-19 16:50:44 - juego - [DEBUG] - Ciclo de renderizado completado (flip ejecutado).
2025-05-19 16:50:44 - juego - [DEBUG] - MENSAJE DE PRUEBA REPETIDO PARA FILTRO
2025-05-19 16:50:44 - juego - [DEBUG] - Procesando eventos Pygame...
2025-05-19 16:50:44 - juego - [DEBUG] - Iniciando ciclo de renderizado...
2025-05-19 16:50:44 - juego - [DEBUG] - Ciclo de renderizado completado (flip ejecutado).
2025-05-19 16:50:44 - juego - [DEBUG] - MENSAJE DE PRUEBA REPETIDO PARA FILTRO
2025-05-19 16:50:44 - juego - [DEBUG] - Procesando eventos Pygame...
2025-05-19 16:50:44 - juego - [DEBUG] - Iniciando ciclo de renderizado...
2025-05-19 16:50:44 - juego - [DEBUG] - Ciclo de renderizado completado (flip ejecutado).
2025-05-19 16:50:44 - juego - [DEBUG] - MENSAJE DE PRUEBA REPETIDO PARA FILTRO
2025-05-19 16:50:44 - juego - [DEBUG] - Procesando eventos Pygame...
2025-05-19 16:50:44 - juego - [DEBUG] - Iniciando ciclo de renderizado...
2025-05-19 16:50:44 - juego - [DEBUG] - Ciclo de renderizado completado (flip ejecutado).
2025-05-19 16:50:44 - juego - [DEBUG] - MENSAJE DE PRUEBA REPETIDO PARA FILTRO
2025-05-19 16:50:44 - juego - [DEBUG] - Procesando eventos Pygame...
2025-05-19 16:50:44 - juego - [DEBUG] - Iniciando ciclo de renderizado...
2025-05-19 16:50:44 - juego - [DEBUG] - Ciclo de renderizado completado (flip ejecutado).
2025-05-19 16:50:44 - juego - [DEBUG] - MENSAJE DE PRUEBA REPETIDO PARA FILTRO
2025-05-19 16:50:44 - juego - [DEBUG] - Procesando eventos Pygame...
2025-05-19 16:50:44 - juego - [DEBUG] - Iniciando ciclo de renderizado...
2025-05-19 16:50:44 - juego - [DEBUG] - Ciclo de renderizado completado (flip ejecutado).
2025-05-19 16:50:44 - juego - [DEBUG] - MENSAJE DE PRUEBA REPETIDO PARA FILTRO
2025-05-19 16:50:44 - juego - [DEBUG] - Procesando eventos Pygame...
2025-05-19 16:50:44 - juego - [DEBUG] - Iniciando ciclo de renderizado...
2025-05-19 16:50:44 - juego - [DEBUG] - Ciclo de renderizado completado (flip ejecutado).
2025-05-19 16:50:44 - juego - [DEBUG] - MENSAJE DE PRUEBA REPETIDO PARA FILTRO
2025-05-19 16:50:44 - juego - [DEBUG] - Procesando eventos Pygame...
2025-05-19 16:50:44 - juego - [DEBUG] - Iniciando ciclo de renderizado...
2025-05-19 16:50:44 - juego - [DEBUG] - Ciclo de renderizado completado (flip ejecutado).
2025-05-19 16:50:44 - juego - [DEBUG] - MENSAJE DE PRUEBA REPETIDO PARA FILTRO
2025-05-19 16:50:44 - juego - [DEBUG] - Procesando eventos Pygame...
2025-05-19 16:50:44 - juego - [DEBUG] - Iniciando ciclo de renderizado...
2025-05-19 16:50:44 - juego - [DEBUG] - Ciclo de renderizado completado (flip ejecutado).
2025-05-19 16:50:44 - juego - [DEBUG] - MENSAJE DE PRUEBA REPETIDO PARA FILTRO
2025-05-19 16:50:44 - juego - [DEBUG] - Procesando eventos Pygame...
2025-05-19 16:50:44 - juego - [DEBUG] - Iniciando ciclo de renderizado...
2025-05-19 16:50:44 - juego - [DEBUG] - Ciclo de renderizado completado (flip ejecutado).
2025-05-19 16:50:44 - juego - [DEBUG] - MENSAJE DE PRUEBA REPETIDO PARA FILTRO
2025-05-19 16:50:44 - juego - [DEBUG] - Procesando eventos Pygame...
2025-05-19 16:50:44 - juego - [DEBUG] - Iniciando ciclo de renderizado...
2025-05-19 16:50:44 - juego - [DEBUG] - Ciclo de renderizado completado (flip ejecutado).
2025-05-19 16:50:44 - juego - [DEBUG] - MENSAJE DE PRUEBA REPETIDO PARA FILTRO
2025-05-19 16:50:44 - juego - [DEBUG] - Procesando eventos Pygame...
2025-05-19 16:50:44 - juego - [DEBUG] - Iniciando ciclo de renderizado...
2025-05-19 16:50:44 - juego - [DEBUG] - Ciclo de renderizado completado (flip ejecutado).
2025-05-19 16:50:44 - juego - [DEBUG] - MENSAJE DE PRUEBA REPETIDO PARA FILTRO
2025-05-19 16:50:44 - juego - [DEBUG] - Procesando eventos Pygame...
2025-05-19 16:50:44 - juego - [DEBUG] - Iniciando ciclo de renderizado...
2025-05-19 16:50:44 - juego - [DEBUG] - Ciclo de renderizado completado (flip ejecutado).
2025-05-19 16:50:44 - juego - [DEBUG] - MENSAJE DE PRUEBA REPETIDO PARA FILTRO
2025-05-19 16:50:44 - juego - [DEBUG] - Procesando eventos Pygame...
2025-05-19 16:50:44 - juego - [DEBUG] - Iniciando ciclo de renderizado...
2025-05-19 16:50:44 - juego - [DEBUG] - Ciclo de renderizado completado (flip ejecutado).
2025-05-19 16:50:44 - juego - [DEBUG] - MENSAJE DE PRUEBA REPETIDO PARA FILTRO
2025-05-19 16:50:44 - juego - [DEBUG] - Procesando eventos Pygame...
2025-05-19 16:50:44 - juego - [DEBUG] - Iniciando ciclo de renderizado...
2025-05-19 16:50:44 - juego - [DEBUG] - Ciclo de renderizado completado (flip ejecutado).
2025-05-19 16:50:44 - juego - [DEBUG] - MENSAJE DE PRUEBA REPETIDO PARA FILTRO
2025-05-19 16:50:44 - juego - [DEBUG] - Procesando eventos Pygame...
2025-05-19 16:50:44 - juego - [DEBUG] - Iniciando ciclo de renderizado...
2025-05-19 16:50:44 - juego - [DEBUG] - Ciclo de renderizado completado (flip ejecutado).
2025-05-19 16:50:44 - juego - [DEBUG] - MENSAJE DE PRUEBA REPETIDO PARA FILTRO
2025-05-19 16:50:44 - juego - [DEBUG] - Procesando eventos Pygame...
2025-05-19 16:50:44 - juego - [DEBUG] - Iniciando ciclo de renderizado...
2025-05-19 16:50:44 - juego - [DEBUG] - Ciclo de renderizado completado (flip ejecutado).
2025-05-19 16:50:44 - juego - [DEBUG] - MENSAJE DE PRUEBA REPETIDO PARA FILTRO
2025-05-19 16:50:44 - juego - [DEBUG] - Procesando eventos Pygame...
2025-05-19 16:50:44 - juego - [DEBUG] - Iniciando ciclo de renderizado...
2025-05-19 16:50:44 - juego - [DEBUG] - Ciclo de renderizado completado (flip ejecutado).
2025-05-19 16:50:44 - juego - [DEBUG] - MENSAJE DE PRUEBA REPETIDO PARA FILTRO
2025-05-19 16:50:44 - juego - [DEBUG] - Procesando eventos Pygame...
2025-05-19 16:50:44 - juego - [DEBUG] - Iniciando ciclo de renderizado...
2025-05-19 16:50:44 - juego - [DEBUG] - Ciclo de renderizado completado (flip ejecutado).
2025-05-19 16:50:44 - juego - [DEBUG] - MENSAJE DE PRUEBA REPETIDO PARA FILTRO
2025-05-19 16:50:44 - juego - [DEBUG] - Procesando eventos Pygame...
2025-05-19 16:50:44 - juego - [DEBUG] - Iniciando ciclo de renderizado...
2025-05-19 16:50:44 - juego - [DEBUG] - Ciclo de renderizado completado (flip ejecutado).
2025-05-19 16:50:44 - juego - [DEBUG] - MENSAJE DE PRUEBA REPETIDO PARA FILTRO
2025-05-19 16:50:44 - juego - [DEBUG] - Procesando eventos Pygame...
2025-05-19 16:50:44 - juego - [DEBUG] - Iniciando ciclo de renderizado...
2025-05-19 16:50:44 - juego - [DEBUG] - Ciclo de renderizado completado (flip ejecutado).
2025-05-19 16:50:44 - juego - [DEBUG] - MENSAJE DE PRUEBA REPETIDO PARA FILTRO
2025-05-19 16:50:44 - juego - [DEBUG] - Procesando eventos Pygame...
2025-05-19 16:50:44 - juego - [DEBUG] - Iniciando ciclo de renderizado...
2025-05-19 16:50:44 - juego - [DEBUG] - Ciclo de renderizado completado (flip ejecutado).
2025-05-19 16:50:44 - juego - [DEBUG] - MENSAJE DE PRUEBA REPETIDO PARA FILTRO
2025-05-19 16:50:44 - juego - [DEBUG] - Procesando eventos Pygame...
2025-05-19 16:50:44 - juego - [DEBUG] - Iniciando ciclo de renderizado...
2025-05-19 16:50:44 - juego - [DEBUG] - Ciclo de renderizado completado (flip ejecutado).
2025-05-19 16:50:44 - juego - [DEBUG] - MENSAJE DE PRUEBA REPETIDO PARA FILTRO
2025-05-19 16:50:44 - juego - [DEBUG] - Procesando eventos Pygame...
2025-05-19 16:50:44 - juego - [DEBUG] - Iniciando ciclo de renderizado...
2025-05-19 16:50:44 - juego - [DEBUG] - Ciclo de renderizado completado (flip ejecutado).
2025-05-19 16:50:45 - juego - [DEBUG] - MENSAJE DE PRUEBA REPETIDO PARA FILTRO
2025-05-19 16:50:45 - juego - [DEBUG] - Procesando eventos Pygame...
2025-05-19 16:50:45 - juego - [DEBUG] - Iniciando ciclo de renderizado...
2025-05-19 16:50:45 - juego - [DEBUG] - Ciclo de renderizado completado (flip ejecutado).
2025-05-19 16:50:45 - juego - [DEBUG] - MENSAJE DE PRUEBA REPETIDO PARA FILTRO
2025-05-19 16:50:45 - juego - [DEBUG] - Procesando eventos Pygame...
2025-05-19 16:50:45 - juego - [DEBUG] - Iniciando ciclo de renderizado...
2025-05-19 16:50:45 - juego - [DEBUG] - Ciclo de renderizado completado (flip ejecutado).
2025-05-19 16:50:45 - juego - [DEBUG] - MENSAJE DE PRUEBA REPETIDO PARA FILTRO
2025-05-19 16:50:45 - juego - [DEBUG] - Procesando eventos Pygame...
2025-05-19 16:50:45 - juego - [DEBUG] - Iniciando ciclo de renderizado...
2025-05-19 16:50:45 - juego - [DEBUG] - Ciclo de renderizado completado (flip ejecutado).
2025-05-19 16:50:45 - juego - [DEBUG] - MENSAJE DE PRUEBA REPETIDO PARA FILTRO
2025-05-19 16:50:45 - juego - [DEBUG] - Procesando eventos Pygame...
2025-05-19 16:50:45 - juego - [DEBUG] - Iniciando ciclo de renderizado...
2025-05-19 16:50:45 - juego - [DEBUG] - Ciclo de renderizado completado (flip ejecutado).
2025-05-19 16:50:45 - juego - [DEBUG] - MENSAJE DE PRUEBA REPETIDO PARA FILTRO
2025-05-19 16:50:45 - juego - [DEBUG] - Procesando eventos Pygame...
2025-05-19 16:50:45 - juego - [DEBUG] - Iniciando ciclo de renderizado...
2025-05-19 16:50:45 - juego - [DEBUG] - Ciclo de renderizado completado (flip ejecutado).
2025-05-19 16:50:45 - juego - [DEBUG] - MENSAJE DE PRUEBA REPETIDO PARA FILTRO
2025-05-19 16:50:45 - juego - [DEBUG] - Procesando eventos Pygame...
2025-05-19 16:50:45 - juego - [DEBUG] - Iniciando ciclo de renderizado...
2025-05-19 16:50:45 - juego - [DEBUG] - Ciclo de renderizado completado (flip ejecutado).
2025-05-19 16:50:45 - juego - [DEBUG] - MENSAJE DE PRUEBA REPETIDO PARA FILTRO
2025-05-19 16:50:45 - juego - [DEBUG] - Procesando eventos Pygame...
2025-05-19 16:50:45 - juego - [DEBUG] - Iniciando ciclo de renderizado...
2025-05-19 16:50:45 - juego - [DEBUG] - Ciclo de renderizado completado (flip ejecutado).
2025-05-19 16:50:45 - juego - [DEBUG] - MENSAJE DE PRUEBA REPETIDO PARA FILTRO
2025-05-19 16:50:45 - juego - [DEBUG] - Procesando eventos Pygame...
2025-05-19 16:50:45 - juego - [DEBUG] - Iniciando ciclo de renderizado...
2025-05-19 16:50:45 - juego - [DEBUG] - Ciclo de renderizado completado (flip ejecutado).
2025-05-19 16:50:45 - juego - [DEBUG] - MENSAJE DE PRUEBA REPETIDO PARA FILTRO
2025-05-19 16:50:45 - juego - [DEBUG] - Procesando eventos Pygame...
2025-05-19 16:50:45 - juego - [DEBUG] - Iniciando ciclo de renderizado...
2025-05-19 16:50:45 - juego - [DEBUG] - Ciclo de renderizado completado (flip ejecutado).
2025-05-19 16:50:45 - juego - [DEBUG] - MENSAJE DE PRUEBA REPETIDO PARA FILTRO
2025-05-19 16:50:45 - juego - [DEBUG] - Procesando eventos Pygame...
2025-05-19 16:50:45 - juego - [DEBUG] - Iniciando ciclo de renderizado...
2025-05-19 16:50:45 - juego - [DEBUG] - Ciclo de renderizado completado (flip ejecutado).
2025-05-19 16:50:45 - juego - [DEBUG] - MENSAJE DE PRUEBA REPETIDO PARA FILTRO
2025-05-19 16:50:45 - juego - [DEBUG] - Procesando eventos Pygame...
2025-05-19 16:50:45 - juego - [DEBUG] - Iniciando ciclo de renderizado...
2025-05-19 16:50:45 - juego - [DEBUG] - Ciclo de renderizado completado (flip ejecutado).
2025-05-19 16:50:45 - juego - [DEBUG] - MENSAJE DE PRUEBA REPETIDO PARA FILTRO
2025-05-19 16:50:45 - juego - [DEBUG] - Procesando eventos Pygame...
2025-05-19 16:50:45 - juego - [DEBUG] - Iniciando ciclo de renderizado...
2025-05-19 16:50:45 - juego - [DEBUG] - Ciclo de renderizado completado (flip ejecutado).
2025-05-19 16:50:45 - juego - [DEBUG] - MENSAJE DE PRUEBA REPETIDO PARA FILTRO
2025-05-19 16:50:45 - juego - [DEBUG] - Procesando eventos Pygame...
2025-05-19 16:50:45 - juego - [DEBUG] - Iniciando ciclo de renderizado...
2025-05-19 16:50:45 - juego - [DEBUG] - Ciclo de renderizado completado (flip ejecutado).
2025-05-19 16:50:45 - juego - [DEBUG] - MENSAJE DE PRUEBA REPETIDO PARA FILTRO
2025-05-19 16:50:45 - juego - [DEBUG] - Procesando eventos Pygame...
2025-05-19 16:50:45 - juego - [DEBUG] - Iniciando ciclo de renderizado...
2025-05-19 16:50:45 - juego - [DEBUG] - Ciclo de renderizado completado (flip ejecutado).
2025-05-19 16:50:45 - juego - [DEBUG] - MENSAJE DE PRUEBA REPETIDO PARA FILTRO
2025-05-19 16:50:45 - juego - [DEBUG] - Procesando eventos Pygame...
2025-05-19 16:50:45 - juego - [DEBUG] - Iniciando ciclo de renderizado...
2025-05-19 16:50:45 - juego - [DEBUG] - Ciclo de renderizado completado (flip ejecutado).
2025-05-19 16:50:45 - juego - [DEBUG] - MENSAJE DE PRUEBA REPETIDO PARA FILTRO
2025-05-19 16:50:45 - juego - [DEBUG] - Procesando eventos Pygame...
2025-05-19 16:50:45 - juego - [DEBUG] - Iniciando ciclo de renderizado...
2025-05-19 16:50:45 - juego - [DEBUG] - Ciclo de renderizado completado (flip ejecutado).
2025-05-19 16:50:45 - juego - [DEBUG] - MENSAJE DE PRUEBA REPETIDO PARA FILTRO
2025-05-19 16:50:45 - juego - [DEBUG] - Procesando eventos Pygame...
2025-05-19 16:50:45 - juego - [DEBUG] - Iniciando ciclo de renderizado...
2025-05-19 16:50:45 - juego - [DEBUG] - Ciclo de renderizado completado (flip ejecutado).
2025-05-19 16:50:45 - juego - [DEBUG] - MENSAJE DE PRUEBA REPETIDO PARA FILTRO
2025-05-19 16:50:45 - juego - [DEBUG] - Procesando eventos Pygame...
2025-05-19 16:50:45 - juego - [DEBUG] - Iniciando ciclo de renderizado...
2025-05-19 16:50:45 - juego - [DEBUG] - Ciclo de renderizado completado (flip ejecutado).
2025-05-19 16:50:45 - juego - [DEBUG] - MENSAJE DE PRUEBA REPETIDO PARA FILTRO
2025-05-19 16:50:45 - juego - [DEBUG] - Procesando eventos Pygame...
2025-05-19 16:50:45 - juego - [DEBUG] - Iniciando ciclo de renderizado...
2025-05-19 16:50:45 - juego - [DEBUG] - Ciclo de renderizado completado (flip ejecutado).
2025-05-19 16:50:45 - juego - [DEBUG] - MENSAJE DE PRUEBA REPETIDO PARA FILTRO
2025-05-19 16:50:45 - juego - [DEBUG] - Procesando eventos Pygame...
2025-05-19 16:50:45 - juego - [DEBUG] - Iniciando ciclo de renderizado...
2025-05-19 16:50:45 - juego - [DEBUG] - Ciclo de renderizado completado (flip ejecutado).
2025-05-19 16:50:45 - juego - [DEBUG] - MENSAJE DE PRUEBA REPETIDO PARA FILTRO
2025-05-19 16:50:45 - juego - [DEBUG] - Procesando eventos Pygame...
2025-05-19 16:50:45 - juego - [DEBUG] - Iniciando ciclo de renderizado...
2025-05-19 16:50:45 - juego - [DEBUG] - Ciclo de renderizado completado (flip ejecutado).
2025-05-19 16:50:45 - juego - [DEBUG] - MENSAJE DE PRUEBA REPETIDO PARA FILTRO
2025-05-19 16:50:45 - juego - [DEBUG] - Procesando eventos Pygame...
2025-05-19 16:50:45 - juego - [DEBUG] - Iniciando ciclo de renderizado...
2025-05-19 16:50:45 - juego - [DEBUG] - Ciclo de renderizado completado (flip ejecutado).
2025-05-19 16:50:45 - juego - [DEBUG] - MENSAJE DE PRUEBA REPETIDO PARA FILTRO
2025-05-19 16:50:45 - juego - [DEBUG] - Procesando eventos Pygame...
2025-05-19 16:50:45 - juego - [DEBUG] - Iniciando ciclo de renderizado...
2025-05-19 16:50:45 - juego - [DEBUG] - Ciclo de renderizado completado (flip ejecutado).
2025-05-19 16:50:45 - juego - [DEBUG] - MENSAJE DE PRUEBA REPETIDO PARA FILTRO
2025-05-19 16:50:45 - juego - [DEBUG] - Procesando eventos Pygame...
2025-05-19 16:50:45 - juego - [DEBUG] - Iniciando ciclo de renderizado...
2025-05-19 16:50:45 - juego - [DEBUG] - Ciclo de renderizado completado (flip ejecutado).
2025-05-19 16:50:45 - juego - [DEBUG] - MENSAJE DE PRUEBA REPETIDO PARA FILTRO
2025-05-19 16:50:45 - juego - [DEBUG] - Procesando eventos Pygame...
2025-05-19 16:50:45 - juego - [DEBUG] - Iniciando ciclo de renderizado...
2025-05-19 16:50:45 - juego - [DEBUG] - Ciclo de renderizado completado (flip ejecutado).
2025-05-19 16:50:45 - juego - [DEBUG] - MENSAJE DE PRUEBA REPETIDO PARA FILTRO
2025-05-19 16:50:45 - juego - [DEBUG] - Procesando eventos Pygame...
2025-05-19 16:50:45 - juego - [DEBUG] - Iniciando ciclo de renderizado...
2025-05-19 16:50:45 - juego - [DEBUG] - Ciclo de renderizado completado (flip ejecutado).
2025-05-19 16:50:45 - juego - [DEBUG] - MENSAJE DE PRUEBA REPETIDO PARA FILTRO
2025-05-19 16:50:45 - juego - [DEBUG] - Procesando eventos Pygame...
2025-05-19 16:50:45 - juego - [DEBUG] - Iniciando ciclo de renderizado...
2025-05-19 16:50:45 - juego - [DEBUG] - Ciclo de renderizado completado (flip ejecutado).
2025-05-19 16:50:45 - juego - [DEBUG] - MENSAJE DE PRUEBA REPETIDO PARA FILTRO
2025-05-19 16:50:45 - juego - [DEBUG] - Procesando eventos Pygame...
2025-05-19 16:50:45 - juego - [DEBUG] - Iniciando ciclo de renderizado...
2025-05-19 16:50:45 - juego - [DEBUG] - Ciclo de renderizado completado (flip ejecutado).
2025-05-19 16:50:45 - juego - [DEBUG] - MENSAJE DE PRUEBA REPETIDO PARA FILTRO
2025-05-19 16:50:45 - juego - [DEBUG] - Procesando eventos Pygame...
2025-05-19 16:50:45 - juego - [DEBUG] - Iniciando ciclo de renderizado...
2025-05-19 16:50:45 - juego - [DEBUG] - Ciclo de renderizado completado (flip ejecutado).
2025-05-19 16:50:45 - juego - [DEBUG] - MENSAJE DE PRUEBA REPETIDO PARA FILTRO
2025-05-19 16:50:45 - juego - [DEBUG] - Procesando eventos Pygame...
2025-05-19 16:50:45 - juego - [DEBUG] - Iniciando ciclo de renderizado...
2025-05-19 16:50:45 - juego - [DEBUG] - Ciclo de renderizado completado (flip ejecutado).
2025-05-19 16:50:45 - juego - [DEBUG] - MENSAJE DE PRUEBA REPETIDO PARA FILTRO
2025-05-19 16:50:45 - juego - [DEBUG] - Procesando eventos Pygame...
2025-05-19 16:50:45 - juego - [DEBUG] - Iniciando ciclo de renderizado...
2025-05-19 16:50:45 - juego - [DEBUG] - Ciclo de renderizado completado (flip ejecutado).
2025-05-19 16:50:45 - juego - [DEBUG] - MENSAJE DE PRUEBA REPETIDO PARA FILTRO
2025-05-19 16:50:45 - juego - [DEBUG] - Procesando eventos Pygame...
2025-05-19 16:50:45 - juego - [DEBUG] - Iniciando ciclo de renderizado...
2025-05-19 16:50:45 - juego - [DEBUG] - Ciclo de renderizado completado (flip ejecutado).
2025-05-19 16:50:45 - juego - [DEBUG] - MENSAJE DE PRUEBA REPETIDO PARA FILTRO
2025-05-19 16:50:45 - juego - [DEBUG] - Procesando eventos Pygame...
2025-05-19 16:50:45 - juego - [DEBUG] - Iniciando ciclo de renderizado...
2025-05-19 16:50:45 - juego - [DEBUG] - Ciclo de renderizado completado (flip ejecutado).
2025-05-19 16:50:45 - juego - [DEBUG] - MENSAJE DE PRUEBA REPETIDO PARA FILTRO
2025-05-19 16:50:45 - juego - [DEBUG] - Procesando eventos Pygame...
2025-05-19 16:50:45 - juego - [DEBUG] - Iniciando ciclo de renderizado...
2025-05-19 16:50:45 - juego - [DEBUG] - Ciclo de renderizado completado (flip ejecutado).
2025-05-19 16:50:45 - juego - [DEBUG] - MENSAJE DE PRUEBA REPETIDO PARA FILTRO
2025-05-19 16:50:45 - juego - [DEBUG] - Procesando eventos Pygame...
2025-05-19 16:50:45 - juego - [DEBUG] - Iniciando ciclo de renderizado...
2025-05-19 16:50:45 - juego - [DEBUG] - Ciclo de renderizado completado (flip ejecutado).
2025-05-19 16:50:45 - juego - [DEBUG] - MENSAJE DE PRUEBA REPETIDO PARA FILTRO
2025-05-19 16:50:45 - juego - [DEBUG] - Procesando eventos Pygame...
2025-05-19 16:50:45 - juego - [DEBUG] - Iniciando ciclo de renderizado...
2025-05-19 16:50:45 - juego - [DEBUG] - Ciclo de renderizado completado (flip ejecutado).
2025-05-19 16:50:45 - juego - [DEBUG] - MENSAJE DE PRUEBA REPETIDO PARA FILTRO
2025-05-19 16:50:45 - juego - [DEBUG] - Procesando eventos Pygame...
2025-05-19 16:50:45 - juego - [DEBUG] - Iniciando ciclo de renderizado...
2025-05-19 16:50:45 - juego - [DEBUG] - Ciclo de renderizado completado (flip ejecutado).
2025-05-19 16:50:45 - juego - [DEBUG] - MENSAJE DE PRUEBA REPETIDO PARA FILTRO
2025-05-19 16:50:45 - juego - [DEBUG] - Procesando eventos Pygame...
2025-05-19 16:50:45 - juego - [DEBUG] - Iniciando ciclo de renderizado...
2025-05-19 16:50:45 - juego - [DEBUG] - Ciclo de renderizado completado (flip ejecutado).
2025-05-19 16:50:45 - juego - [DEBUG] - MENSAJE DE PRUEBA REPETIDO PARA FILTRO
2025-05-19 16:50:45 - juego - [DEBUG] - Procesando eventos Pygame...
2025-05-19 16:50:45 - juego - [DEBUG] - Iniciando ciclo de renderizado...
2025-05-19 16:50:45 - juego - [DEBUG] - Ciclo de renderizado completado (flip ejecutado).
2025-05-19 16:50:45 - juego - [DEBUG] - MENSAJE DE PRUEBA REPETIDO PARA FILTRO
2025-05-19 16:50:45 - juego - [DEBUG] - Procesando eventos Pygame...
2025-05-19 16:50:45 - juego - [DEBUG] - Iniciando ciclo de renderizado...
2025-05-19 16:50:45 - juego - [DEBUG] - Ciclo de renderizado completado (flip ejecutado).
2025-05-19 16:50:45 - juego - [DEBUG] - MENSAJE DE PRUEBA REPETIDO PARA FILTRO
2025-05-19 16:50:45 - juego - [DEBUG] - Procesando eventos Pygame...
2025-05-19 16:50:45 - juego - [DEBUG] - Iniciando ciclo de renderizado...
2025-05-19 16:50:45 - juego - [DEBUG] - Ciclo de renderizado completado (flip ejecutado).
2025-05-19 16:50:45 - juego - [DEBUG] - MENSAJE DE PRUEBA REPETIDO PARA FILTRO
2025-05-19 16:50:45 - juego - [DEBUG] - Procesando eventos Pygame...
2025-05-19 16:50:45 - juego - [DEBUG] - Iniciando ciclo de renderizado...
2025-05-19 16:50:45 - juego - [DEBUG] - Ciclo de renderizado completado (flip ejecutado).
2025-05-19 16:50:45 - juego - [DEBUG] - MENSAJE DE PRUEBA REPETIDO PARA FILTRO
2025-05-19 16:50:45 - juego - [DEBUG] - Procesando eventos Pygame...
2025-05-19 16:50:45 - juego - [DEBUG] - Iniciando ciclo de renderizado...
2025-05-19 16:50:45 - juego - [DEBUG] - Ciclo de renderizado completado (flip ejecutado).
2025-05-19 16:50:45 - juego - [DEBUG] - MENSAJE DE PRUEBA REPETIDO PARA FILTRO
2025-05-19 16:50:45 - juego - [DEBUG] - Procesando eventos Pygame...
2025-05-19 16:50:45 - juego - [DEBUG] - Iniciando ciclo de renderizado...
2025-05-19 16:50:45 - juego - [DEBUG] - Ciclo de renderizado completado (flip ejecutado).
2025-05-19 16:50:45 - juego - [DEBUG] - MENSAJE DE PRUEBA REPETIDO PARA FILTRO
2025-05-19 16:50:45 - juego - [DEBUG] - Procesando eventos Pygame...
2025-05-19 16:50:45 - juego - [DEBUG] - Iniciando ciclo de renderizado...
2025-05-19 16:50:45 - juego - [DEBUG] - Ciclo de renderizado completado (flip ejecutado).
2025-05-19 16:50:45 - juego - [DEBUG] - MENSAJE DE PRUEBA REPETIDO PARA FILTRO
2025-05-19 16:50:45 - juego - [DEBUG] - Procesando eventos Pygame...
2025-05-19 16:50:45 - juego - [DEBUG] - Iniciando ciclo de renderizado...
2025-05-19 16:50:45 - juego - [DEBUG] - Ciclo de renderizado completado (flip ejecutado).
2025-05-19 16:50:45 - juego - [DEBUG] - MENSAJE DE PRUEBA REPETIDO PARA FILTRO
2025-05-19 16:50:45 - juego - [DEBUG] - Procesando eventos Pygame...
2025-05-19 16:50:45 - juego - [DEBUG] - Iniciando ciclo de renderizado...
2025-05-19 16:50:45 - juego - [DEBUG] - Ciclo de renderizado completado (flip ejecutado).
2025-05-19 16:50:45 - juego - [DEBUG] - MENSAJE DE PRUEBA REPETIDO PARA FILTRO
2025-05-19 16:50:45 - juego - [DEBUG] - Procesando eventos Pygame...
2025-05-19 16:50:45 - juego - [DEBUG] - Iniciando ciclo de renderizado...
2025-05-19 16:50:45 - juego - [DEBUG] - Ciclo de renderizado completado (flip ejecutado).
2025-05-19 16:50:45 - juego - [DEBUG] - MENSAJE DE PRUEBA REPETIDO PARA FILTRO
2025-05-19 16:50:45 - juego - [DEBUG] - Procesando eventos Pygame...
2025-05-19 16:50:45 - juego - [DEBUG] - Iniciando ciclo de renderizado...
2025-05-19 16:50:45 - juego - [DEBUG] - Ciclo de renderizado completado (flip ejecutado).
2025-05-19 16:50:45 - juego - [DEBUG] - MENSAJE DE PRUEBA REPETIDO PARA FILTRO
2025-05-19 16:50:45 - juego - [DEBUG] - Procesando eventos Pygame...
2025-05-19 16:50:45 - juego - [DEBUG] - Iniciando ciclo de renderizado...
2025-05-19 16:50:45 - juego - [DEBUG] - Ciclo de renderizado completado (flip ejecutado).
2025-05-19 16:50:45 - juego - [DEBUG] - MENSAJE DE PRUEBA REPETIDO PARA FILTRO
2025-05-19 16:50:45 - juego - [DEBUG] - Procesando eventos Pygame...
2025-05-19 16:50:45 - juego - [DEBUG] - Iniciando ciclo de renderizado...
2025-05-19 16:50:45 - juego - [DEBUG] - Ciclo de renderizado completado (flip ejecutado).
2025-05-19 16:50:45 - juego - [DEBUG] - MENSAJE DE PRUEBA REPETIDO PARA FILTRO
2025-05-19 16:50:45 - juego - [DEBUG] - Procesando eventos Pygame...
2025-05-19 16:50:45 - juego - [DEBUG] - Iniciando ciclo de renderizado...
2025-05-19 16:50:45 - juego - [DEBUG] - Ciclo de renderizado completado (flip ejecutado).
2025-05-19 16:50:45 - juego - [DEBUG] - MENSAJE DE PRUEBA REPETIDO PARA FILTRO
2025-05-19 16:50:45 - juego - [DEBUG] - Procesando eventos Pygame...
2025-05-19 16:50:45 - juego - [DEBUG] - Iniciando ciclo de renderizado...
2025-05-19 16:50:45 - juego - [DEBUG] - Ciclo de renderizado completado (flip ejecutado).
2025-05-19 16:50:45 - juego - [DEBUG] - MENSAJE DE PRUEBA REPETIDO PARA FILTRO
2025-05-19 16:50:45 - juego - [DEBUG] - Procesando eventos Pygame...
2025-05-19 16:50:45 - juego - [DEBUG] - Iniciando ciclo de renderizado...
2025-05-19 16:50:45 - juego - [DEBUG] - Ciclo de renderizado completado (flip ejecutado).
2025-05-19 16:50:45 - juego - [DEBUG] - MENSAJE DE PRUEBA REPETIDO PARA FILTRO
2025-05-19 16:50:45 - juego - [DEBUG] - Procesando eventos Pygame...
2025-05-19 16:50:45 - juego - [DEBUG] - Iniciando ciclo de renderizado...
2025-05-19 16:50:45 - juego - [DEBUG] - Ciclo de renderizado completado (flip ejecutado).
2025-05-19 16:50:45 - juego - [DEBUG] - MENSAJE DE PRUEBA REPETIDO PARA FILTRO
2025-05-19 16:50:45 - juego - [DEBUG] - Procesando eventos Pygame...
2025-05-19 16:50:45 - juego - [DEBUG] - Iniciando ciclo de renderizado...
2025-05-19 16:50:45 - juego - [DEBUG] - Ciclo de renderizado completado (flip ejecutado).
2025-05-19 16:50:45 - juego - [DEBUG] - MENSAJE DE PRUEBA REPETIDO PARA FILTRO
2025-05-19 16:50:45 - juego - [DEBUG] - Procesando eventos Pygame...
2025-05-19 16:50:45 - juego - [DEBUG] - Iniciando ciclo de renderizado...
2025-05-19 16:50:45 - juego - [DEBUG] - Ciclo de renderizado completado (flip ejecutado).
2025-05-19 16:50:45 - juego - [DEBUG] - MENSAJE DE PRUEBA REPETIDO PARA FILTRO
2025-05-19 16:50:45 - juego - [DEBUG] - Procesando eventos Pygame...
2025-05-19 16:50:45 - juego - [DEBUG] - Iniciando ciclo de renderizado...
2025-05-19 16:50:45 - juego - [DEBUG] - Ciclo de renderizado completado (flip ejecutado).
2025-05-19 16:50:45 - juego - [DEBUG] - MENSAJE DE PRUEBA REPETIDO PARA FILTRO
2025-05-19 16:50:45 - juego - [DEBUG] - Procesando eventos Pygame...
2025-05-19 16:50:45 - juego - [DEBUG] - Iniciando ciclo de renderizado...
2025-05-19 16:50:45 - juego - [DEBUG] - Ciclo de renderizado completado (flip ejecutado).
2025-05-19 16:50:45 - juego - [DEBUG] - MENSAJE DE PRUEBA REPETIDO PARA FILTRO
2025-05-19 16:50:45 - juego - [DEBUG] - Procesando eventos Pygame...
2025-05-19 16:50:45 - juego - [DEBUG] - Iniciando ciclo de renderizado...
2025-05-19 16:50:45 - juego - [DEBUG] - Ciclo de renderizado completado (flip ejecutado).
2025-05-19 16:50:45 - juego - [DEBUG] - MENSAJE DE PRUEBA REPETIDO PARA FILTRO
2025-05-19 16:50:45 - juego - [DEBUG] - Procesando eventos Pygame...
2025-05-19 16:50:46 - juego - [DEBUG] - Iniciando ciclo de renderizado...
2025-05-19 16:50:46 - juego - [DEBUG] - Ciclo de renderizado completado (flip ejecutado).
2025-05-19 16:50:46 - juego - [DEBUG] - MENSAJE DE PRUEBA REPETIDO PARA FILTRO
2025-05-19 16:50:46 - juego - [DEBUG] - Procesando eventos Pygame...
2025-05-19 16:50:46 - juego - [DEBUG] - Iniciando ciclo de renderizado...
2025-05-19 16:50:46 - juego - [DEBUG] - Ciclo de renderizado completado (flip ejecutado).
2025-05-19 16:50:46 - juego - [DEBUG] - MENSAJE DE PRUEBA REPETIDO PARA FILTRO
2025-05-19 16:50:46 - juego - [DEBUG] - Procesando eventos Pygame...
2025-05-19 16:50:46 - juego - [DEBUG] - Iniciando ciclo de renderizado...
2025-05-19 16:50:46 - juego - [DEBUG] - Ciclo de renderizado completado (flip ejecutado).
2025-05-19 16:50:46 - juego - [DEBUG] - MENSAJE DE PRUEBA REPETIDO PARA FILTRO
2025-05-19 16:50:46 - juego - [DEBUG] - Procesando eventos Pygame...
2025-05-19 16:50:46 - juego - [DEBUG] - Iniciando ciclo de renderizado...
2025-05-19 16:50:46 - juego - [DEBUG] - Ciclo de renderizado completado (flip ejecutado).
2025-05-19 16:50:46 - juego - [DEBUG] - MENSAJE DE PRUEBA REPETIDO PARA FILTRO
2025-05-19 16:50:46 - juego - [DEBUG] - Procesando eventos Pygame...
2025-05-19 16:50:46 - juego - [DEBUG] - Iniciando ciclo de renderizado...
2025-05-19 16:50:46 - juego - [DEBUG] - Ciclo de renderizado completado (flip ejecutado).
2025-05-19 16:50:46 - juego - [DEBUG] - MENSAJE DE PRUEBA REPETIDO PARA FILTRO
2025-05-19 16:50:46 - juego - [DEBUG] - Procesando eventos Pygame...
2025-05-19 16:50:46 - juego - [DEBUG] - Iniciando ciclo de renderizado...
2025-05-19 16:50:46 - juego - [DEBUG] - Ciclo de renderizado completado (flip ejecutado).
2025-05-19 16:50:46 - juego - [DEBUG] - MENSAJE DE PRUEBA REPETIDO PARA FILTRO
2025-05-19 16:50:46 - juego - [DEBUG] - Procesando eventos Pygame...
2025-05-19 16:50:46 - juego - [DEBUG] - Iniciando ciclo de renderizado...
2025-05-19 16:50:46 - juego - [DEBUG] - Ciclo de renderizado completado (flip ejecutado).
2025-05-19 16:50:46 - juego - [DEBUG] - MENSAJE DE PRUEBA REPETIDO PARA FILTRO
2025-05-19 16:50:46 - juego - [DEBUG] - Procesando eventos Pygame...
2025-05-19 16:50:46 - juego - [DEBUG] - Iniciando ciclo de renderizado...
2025-05-19 16:50:46 - juego - [DEBUG] - Ciclo de renderizado completado (flip ejecutado).
2025-05-19 16:50:46 - juego - [DEBUG] - MENSAJE DE PRUEBA REPETIDO PARA FILTRO
2025-05-19 16:50:46 - juego - [DEBUG] - Procesando eventos Pygame...
2025-05-19 16:50:46 - juego - [DEBUG] - Iniciando ciclo de renderizado...
2025-05-19 16:50:46 - juego - [DEBUG] - Ciclo de renderizado completado (flip ejecutado).
2025-05-19 16:50:46 - juego - [DEBUG] - MENSAJE DE PRUEBA REPETIDO PARA FILTRO
2025-05-19 16:50:46 - juego - [DEBUG] - Procesando eventos Pygame...
2025-05-19 16:50:46 - juego - [DEBUG] - Iniciando ciclo de renderizado...
2025-05-19 16:50:46 - juego - [DEBUG] - Ciclo de renderizado completado (flip ejecutado).
2025-05-19 16:50:46 - juego - [DEBUG] - MENSAJE DE PRUEBA REPETIDO PARA FILTRO
2025-05-19 16:50:46 - juego - [DEBUG] - Procesando eventos Pygame...
2025-05-19 16:50:46 - juego - [DEBUG] - Iniciando ciclo de renderizado...
2025-05-19 16:50:46 - juego - [DEBUG] - Ciclo de renderizado completado (flip ejecutado).
2025-05-19 16:50:46 - juego - [DEBUG] - MENSAJE DE PRUEBA REPETIDO PARA FILTRO
2025-05-19 16:50:46 - juego - [DEBUG] - Procesando eventos Pygame...
2025-05-19 16:50:46 - juego - [DEBUG] - Iniciando ciclo de renderizado...
2025-05-19 16:50:46 - juego - [DEBUG] - Ciclo de renderizado completado (flip ejecutado).
2025-05-19 16:50:46 - juego - [DEBUG] - MENSAJE DE PRUEBA REPETIDO PARA FILTRO
2025-05-19 16:50:46 - juego - [DEBUG] - Procesando eventos Pygame...
2025-05-19 16:50:46 - juego - [DEBUG] - Iniciando ciclo de renderizado...
2025-05-19 16:50:46 - juego - [DEBUG] - Ciclo de renderizado completado (flip ejecutado).
2025-05-19 16:50:46 - juego - [DEBUG] - MENSAJE DE PRUEBA REPETIDO PARA FILTRO
2025-05-19 16:50:46 - juego - [DEBUG] - Procesando eventos Pygame...
2025-05-19 16:50:46 - juego - [DEBUG] - Iniciando ciclo de renderizado...
2025-05-19 16:50:46 - juego - [DEBUG] - Ciclo de renderizado completado (flip ejecutado).
2025-05-19 16:50:46 - juego - [DEBUG] - MENSAJE DE PRUEBA REPETIDO PARA FILTRO
2025-05-19 16:50:46 - juego - [DEBUG] - Procesando eventos Pygame...
2025-05-19 16:50:46 - juego - [DEBUG] - Iniciando ciclo de renderizado...
2025-05-19 16:50:46 - juego - [DEBUG] - Ciclo de renderizado completado (flip ejecutado).
2025-05-19 16:50:46 - juego - [DEBUG] - MENSAJE DE PRUEBA REPETIDO PARA FILTRO
2025-05-19 16:50:46 - juego - [DEBUG] - Procesando eventos Pygame...
2025-05-19 16:50:46 - juego - [DEBUG] - Iniciando ciclo de renderizado...
2025-05-19 16:50:46 - juego - [DEBUG] - Ciclo de renderizado completado (flip ejecutado).
2025-05-19 16:50:46 - juego - [DEBUG] - MENSAJE DE PRUEBA REPETIDO PARA FILTRO
2025-05-19 16:50:46 - juego - [DEBUG] - Procesando eventos Pygame...
2025-05-19 16:50:46 - juego - [DEBUG] - Iniciando ciclo de renderizado...
2025-05-19 16:50:46 - juego - [DEBUG] - Ciclo de renderizado completado (flip ejecutado).
2025-05-19 16:50:46 - juego - [DEBUG] - MENSAJE DE PRUEBA REPETIDO PARA FILTRO
2025-05-19 16:50:46 - juego - [DEBUG] - Procesando eventos Pygame...
2025-05-19 16:50:46 - juego - [DEBUG] - Iniciando ciclo de renderizado...
2025-05-19 16:50:46 - juego - [DEBUG] - Ciclo de renderizado completado (flip ejecutado).
2025-05-19 16:50:46 - juego - [DEBUG] - MENSAJE DE PRUEBA REPETIDO PARA FILTRO
2025-05-19 16:50:46 - juego - [DEBUG] - Procesando eventos Pygame...
2025-05-19 16:50:46 - juego - [DEBUG] - Iniciando ciclo de renderizado...
2025-05-19 16:50:46 - juego - [DEBUG] - Ciclo de renderizado completado (flip ejecutado).
2025-05-19 16:50:46 - juego - [DEBUG] - MENSAJE DE PRUEBA REPETIDO PARA FILTRO
2025-05-19 16:50:46 - juego - [DEBUG] - Procesando eventos Pygame...
2025-05-19 16:50:46 - juego - [DEBUG] - Iniciando ciclo de renderizado...
2025-05-19 16:50:46 - juego - [DEBUG] - Ciclo de renderizado completado (flip ejecutado).
2025-05-19 16:50:46 - juego - [DEBUG] - MENSAJE DE PRUEBA REPETIDO PARA FILTRO
2025-05-19 16:50:46 - juego - [DEBUG] - Procesando eventos Pygame...
2025-05-19 16:50:46 - juego - [DEBUG] - Iniciando ciclo de renderizado...
2025-05-19 16:50:46 - juego - [DEBUG] - Ciclo de renderizado completado (flip ejecutado).
2025-05-19 16:50:46 - juego - [DEBUG] - MENSAJE DE PRUEBA REPETIDO PARA FILTRO
2025-05-19 16:50:46 - juego - [DEBUG] - Procesando eventos Pygame...
2025-05-19 16:50:46 - juego - [DEBUG] - Iniciando ciclo de renderizado...
2025-05-19 16:50:46 - juego - [DEBUG] - Ciclo de renderizado completado (flip ejecutado).
2025-05-19 16:50:46 - juego - [DEBUG] - MENSAJE DE PRUEBA REPETIDO PARA FILTRO
2025-05-19 16:50:46 - juego - [DEBUG] - Procesando eventos Pygame...
2025-05-19 16:50:46 - juego - [DEBUG] - Iniciando ciclo de renderizado...
2025-05-19 16:50:46 - juego - [DEBUG] - Ciclo de renderizado completado (flip ejecutado).
2025-05-19 16:50:46 - juego - [DEBUG] - MENSAJE DE PRUEBA REPETIDO PARA FILTRO
2025-05-19 16:50:46 - juego - [DEBUG] - Procesando eventos Pygame...
2025-05-19 16:50:46 - juego - [DEBUG] - Iniciando ciclo de renderizado...
2025-05-19 16:50:46 - juego - [DEBUG] - Ciclo de renderizado completado (flip ejecutado).
2025-05-19 16:50:46 - juego - [DEBUG] - MENSAJE DE PRUEBA REPETIDO PARA FILTRO
2025-05-19 16:50:46 - juego - [DEBUG] - Procesando eventos Pygame...
2025-05-19 16:50:46 - juego - [DEBUG] - Iniciando ciclo de renderizado...
2025-05-19 16:50:46 - juego - [DEBUG] - Ciclo de renderizado completado (flip ejecutado).
2025-05-19 16:50:46 - juego - [DEBUG] - MENSAJE DE PRUEBA REPETIDO PARA FILTRO
2025-05-19 16:50:46 - juego - [DEBUG] - Procesando eventos Pygame...
2025-05-19 16:50:46 - juego - [DEBUG] - Iniciando ciclo de renderizado...
2025-05-19 16:50:46 - juego - [DEBUG] - Ciclo de renderizado completado (flip ejecutado).
2025-05-19 16:50:46 - juego - [DEBUG] - MENSAJE DE PRUEBA REPETIDO PARA FILTRO
2025-05-19 16:50:46 - juego - [DEBUG] - Procesando eventos Pygame...
2025-05-19 16:50:46 - juego - [DEBUG] - Iniciando ciclo de renderizado...
2025-05-19 16:50:46 - juego - [DEBUG] - Ciclo de renderizado completado (flip ejecutado).
2025-05-19 16:50:46 - juego - [DEBUG] - MENSAJE DE PRUEBA REPETIDO PARA FILTRO
2025-05-19 16:50:46 - juego - [DEBUG] - Procesando eventos Pygame...
2025-05-19 16:50:46 - juego - [DEBUG] - Iniciando ciclo de renderizado...
2025-05-19 16:50:46 - juego - [DEBUG] - Ciclo de renderizado completado (flip ejecutado).
2025-05-19 16:50:46 - juego - [DEBUG] - MENSAJE DE PRUEBA REPETIDO PARA FILTRO
2025-05-19 16:50:46 - juego - [DEBUG] - Procesando eventos Pygame...
2025-05-19 16:50:46 - juego - [DEBUG] - Iniciando ciclo de renderizado...
2025-05-19 16:50:46 - juego - [DEBUG] - Ciclo de renderizado completado (flip ejecutado).
2025-05-19 16:50:46 - juego - [DEBUG] - MENSAJE DE PRUEBA REPETIDO PARA FILTRO
2025-05-19 16:50:46 - juego - [DEBUG] - Procesando eventos Pygame...
2025-05-19 16:50:46 - juego - [DEBUG] - Iniciando ciclo de renderizado...
2025-05-19 16:50:46 - juego - [DEBUG] - Ciclo de renderizado completado (flip ejecutado).
2025-05-19 16:50:46 - juego - [DEBUG] - MENSAJE DE PRUEBA REPETIDO PARA FILTRO
2025-05-19 16:50:46 - juego - [DEBUG] - Procesando eventos Pygame...
2025-05-19 16:50:46 - juego - [DEBUG] - Iniciando ciclo de renderizado...
2025-05-19 16:50:46 - juego - [DEBUG] - Ciclo de renderizado completado (flip ejecutado).
2025-05-19 16:50:46 - juego - [DEBUG] - MENSAJE DE PRUEBA REPETIDO PARA FILTRO
2025-05-19 16:50:46 - juego - [DEBUG] - Procesando eventos Pygame...
2025-05-19 16:50:46 - juego - [DEBUG] - Iniciando ciclo de renderizado...
2025-05-19 16:50:46 - juego - [DEBUG] - Ciclo de renderizado completado (flip ejecutado).
2025-05-19 16:50:46 - juego - [DEBUG] - MENSAJE DE PRUEBA REPETIDO PARA FILTRO
2025-05-19 16:50:46 - juego - [DEBUG] - Procesando eventos Pygame...
2025-05-19 16:50:46 - juego - [DEBUG] - Iniciando ciclo de renderizado...
2025-05-19 16:50:46 - juego - [DEBUG] - Ciclo de renderizado completado (flip ejecutado).
2025-05-19 16:50:46 - juego - [DEBUG] - MENSAJE DE PRUEBA REPETIDO PARA FILTRO
2025-05-19 16:50:46 - juego - [DEBUG] - Procesando eventos Pygame...
2025-05-19 16:50:46 - juego - [DEBUG] - Iniciando ciclo de renderizado...
2025-05-19 16:50:46 - juego - [DEBUG] - Ciclo de renderizado completado (flip ejecutado).
2025-05-19 16:50:46 - juego - [DEBUG] - MENSAJE DE PRUEBA REPETIDO PARA FILTRO
2025-05-19 16:50:46 - juego - [DEBUG] - Procesando eventos Pygame...
2025-05-19 16:50:46 - juego - [DEBUG] - Iniciando ciclo de renderizado...
2025-05-19 16:50:46 - juego - [DEBUG] - Ciclo de renderizado completado (flip ejecutado).
2025-05-19 16:50:46 - juego - [DEBUG] - MENSAJE DE PRUEBA REPETIDO PARA FILTRO
2025-05-19 16:50:46 - juego - [DEBUG] - Procesando eventos Pygame...
2025-05-19 16:50:46 - juego - [DEBUG] - Iniciando ciclo de renderizado...
2025-05-19 16:50:46 - juego - [DEBUG] - Ciclo de renderizado completado (flip ejecutado).
2025-05-19 16:50:46 - juego - [DEBUG] - MENSAJE DE PRUEBA REPETIDO PARA FILTRO
2025-05-19 16:50:46 - juego - [DEBUG] - Procesando eventos Pygame...
2025-05-19 16:50:46 - juego - [DEBUG] - Iniciando ciclo de renderizado...
2025-05-19 16:50:46 - juego - [DEBUG] - Ciclo de renderizado completado (flip ejecutado).
2025-05-19 16:50:46 - juego - [DEBUG] - MENSAJE DE PRUEBA REPETIDO PARA FILTRO
2025-05-19 16:50:46 - juego - [DEBUG] - Procesando eventos Pygame...
2025-05-19 16:50:46 - juego - [DEBUG] - Iniciando ciclo de renderizado...
2025-05-19 16:50:46 - juego - [DEBUG] - Ciclo de renderizado completado (flip ejecutado).
2025-05-19 16:50:46 - juego - [DEBUG] - MENSAJE DE PRUEBA REPETIDO PARA FILTRO
2025-05-19 16:50:46 - juego - [DEBUG] - Procesando eventos Pygame...
2025-05-19 16:50:46 - juego - [DEBUG] - Iniciando ciclo de renderizado...
2025-05-19 16:50:46 - juego - [DEBUG] - Ciclo de renderizado completado (flip ejecutado).
2025-05-19 16:50:46 - juego - [DEBUG] - MENSAJE DE PRUEBA REPETIDO PARA FILTRO
2025-05-19 16:50:46 - juego - [DEBUG] - Procesando eventos Pygame...
2025-05-19 16:50:46 - juego - [DEBUG] - Iniciando ciclo de renderizado...
2025-05-19 16:50:46 - juego - [DEBUG] - Ciclo de renderizado completado (flip ejecutado).
2025-05-19 16:50:46 - juego - [DEBUG] - MENSAJE DE PRUEBA REPETIDO PARA FILTRO
2025-05-19 16:50:46 - juego - [DEBUG] - Procesando eventos Pygame...
2025-05-19 16:50:46 - juego - [DEBUG] - Iniciando ciclo de renderizado...
2025-05-19 16:50:46 - juego - [DEBUG] - Ciclo de renderizado completado (flip ejecutado).
2025-05-19 16:50:46 - juego - [DEBUG] - MENSAJE DE PRUEBA REPETIDO PARA FILTRO
2025-05-19 16:50:46 - juego - [DEBUG] - Procesando eventos Pygame...
2025-05-19 16:50:46 - juego - [DEBUG] - Iniciando ciclo de renderizado...
2025-05-19 16:50:46 - juego - [DEBUG] - Ciclo de renderizado completado (flip ejecutado).
2025-05-19 16:50:46 - juego - [DEBUG] - MENSAJE DE PRUEBA REPETIDO PARA FILTRO
2025-05-19 16:50:46 - juego - [DEBUG] - Procesando eventos Pygame...
2025-05-19 16:50:46 - juego - [DEBUG] - Iniciando ciclo de renderizado...
2025-05-19 16:50:46 - juego - [DEBUG] - Ciclo de renderizado completado (flip ejecutado).
2025-05-19 16:50:46 - juego - [DEBUG] - MENSAJE DE PRUEBA REPETIDO PARA FILTRO
2025-05-19 16:50:46 - juego - [DEBUG] - Procesando eventos Pygame...
2025-05-19 16:50:46 - juego - [DEBUG] - Iniciando ciclo de renderizado...
2025-05-19 16:50:46 - juego - [DEBUG] - Ciclo de renderizado completado (flip ejecutado).
2025-05-19 16:50:46 - juego - [DEBUG] - MENSAJE DE PRUEBA REPETIDO PARA FILTRO
2025-05-19 16:50:46 - juego - [DEBUG] - Procesando eventos Pygame...
2025-05-19 16:50:46 - juego - [DEBUG] - Iniciando ciclo de renderizado...
2025-05-19 16:50:46 - juego - [DEBUG] - Ciclo de renderizado completado (flip ejecutado).
2025-05-19 16:50:46 - juego - [DEBUG] - MENSAJE DE PRUEBA REPETIDO PARA FILTRO
2025-05-19 16:50:46 - juego - [DEBUG] - Procesando eventos Pygame...
2025-05-19 16:50:46 - juego - [DEBUG] - Iniciando ciclo de renderizado...
2025-05-19 16:50:46 - juego - [DEBUG] - Ciclo de renderizado completado (flip ejecutado).
2025-05-19 16:50:46 - juego - [DEBUG] - MENSAJE DE PRUEBA REPETIDO PARA FILTRO
2025-05-19 16:50:46 - juego - [DEBUG] - Procesando eventos Pygame...
2025-05-19 16:50:46 - juego - [DEBUG] - Iniciando ciclo de renderizado...
2025-05-19 16:50:46 - juego - [DEBUG] - Ciclo de renderizado completado (flip ejecutado).
2025-05-19 16:50:46 - juego - [DEBUG] - MENSAJE DE PRUEBA REPETIDO PARA FILTRO
2025-05-19 16:50:46 - juego - [DEBUG] - Procesando eventos Pygame...
2025-05-19 16:50:46 - juego - [DEBUG] - Iniciando ciclo de renderizado...
2025-05-19 16:50:46 - juego - [DEBUG] - Ciclo de renderizado completado (flip ejecutado).
2025-05-19 16:50:46 - juego - [DEBUG] - MENSAJE DE PRUEBA REPETIDO PARA FILTRO
2025-05-19 16:50:46 - juego - [DEBUG] - Procesando eventos Pygame...
2025-05-19 16:50:46 - juego - [DEBUG] - Iniciando ciclo de renderizado...
2025-05-19 16:50:46 - juego - [DEBUG] - Ciclo de renderizado completado (flip ejecutado).
2025-05-19 16:50:46 - juego - [DEBUG] - MENSAJE DE PRUEBA REPETIDO PARA FILTRO
2025-05-19 16:50:46 - juego - [DEBUG] - Procesando eventos Pygame...
2025-05-19 16:50:46 - juego - [DEBUG] - Iniciando ciclo de renderizado...
2025-05-19 16:50:46 - juego - [DEBUG] - Ciclo de renderizado completado (flip ejecutado).
2025-05-19 16:50:46 - juego - [DEBUG] - MENSAJE DE PRUEBA REPETIDO PARA FILTRO
2025-05-19 16:50:46 - juego - [DEBUG] - Procesando eventos Pygame...
2025-05-19 16:50:46 - juego - [DEBUG] - Iniciando ciclo de renderizado...
2025-05-19 16:50:46 - juego - [DEBUG] - Ciclo de renderizado completado (flip ejecutado).
2025-05-19 16:50:46 - juego - [DEBUG] - MENSAJE DE PRUEBA REPETIDO PARA FILTRO
2025-05-19 16:50:46 - juego - [DEBUG] - Procesando eventos Pygame...
2025-05-19 16:50:46 - juego - [DEBUG] - Iniciando ciclo de renderizado...
2025-05-19 16:50:46 - juego - [DEBUG] - Ciclo de renderizado completado (flip ejecutado).
2025-05-19 16:50:46 - juego - [DEBUG] - MENSAJE DE PRUEBA REPETIDO PARA FILTRO
2025-05-19 16:50:46 - juego - [DEBUG] - Procesando eventos Pygame...
2025-05-19 16:50:46 - juego - [DEBUG] - Iniciando ciclo de renderizado...
2025-05-19 16:50:46 - juego - [DEBUG] - Ciclo de renderizado completado (flip ejecutado).
2025-05-19 16:50:46 - juego - [DEBUG] - MENSAJE DE PRUEBA REPETIDO PARA FILTRO
2025-05-19 16:50:46 - juego - [DEBUG] - Procesando eventos Pygame...
2025-05-19 16:50:46 - juego - [DEBUG] - Iniciando ciclo de renderizado...
2025-05-19 16:50:46 - juego - [DEBUG] - Ciclo de renderizado completado (flip ejecutado).
2025-05-19 16:50:46 - juego - [DEBUG] - MENSAJE DE PRUEBA REPETIDO PARA FILTRO
2025-05-19 16:50:46 - juego - [DEBUG] - Procesando eventos Pygame...
2025-05-19 16:50:46 - juego - [DEBUG] - Iniciando ciclo de renderizado...
2025-05-19 16:50:46 - juego - [DEBUG] - Ciclo de renderizado completado (flip ejecutado).
2025-05-19 16:50:46 - juego - [DEBUG] - MENSAJE DE PRUEBA REPETIDO PARA FILTRO
2025-05-19 16:50:46 - juego - [DEBUG] - Procesando eventos Pygame...
2025-05-19 16:50:46 - juego - [DEBUG] - Iniciando ciclo de renderizado...
2025-05-19 16:50:46 - juego - [DEBUG] - Ciclo de renderizado completado (flip ejecutado).
2025-05-19 16:50:46 - juego - [DEBUG] - MENSAJE DE PRUEBA REPETIDO PARA FILTRO
2025-05-19 16:50:46 - juego - [DEBUG] - Procesando eventos Pygame...
2025-05-19 16:50:46 - juego - [DEBUG] - Iniciando ciclo de renderizado...
2025-05-19 16:50:46 - juego - [DEBUG] - Ciclo de renderizado completado (flip ejecutado).
2025-05-19 16:50:46 - juego - [DEBUG] - MENSAJE DE PRUEBA REPETIDO PARA FILTRO
2025-05-19 16:50:46 - juego - [DEBUG] - Procesando eventos Pygame...
2025-05-19 16:50:46 - juego - [DEBUG] - Iniciando ciclo de renderizado...
2025-05-19 16:50:46 - juego - [DEBUG] - Ciclo de renderizado completado (flip ejecutado).
2025-05-19 16:50:46 - juego - [DEBUG] - MENSAJE DE PRUEBA REPETIDO PARA FILTRO
2025-05-19 16:50:46 - juego - [DEBUG] - Procesando eventos Pygame...
2025-05-19 16:50:46 - juego - [DEBUG] - Iniciando ciclo de renderizado...
2025-05-19 16:50:46 - juego - [DEBUG] - Ciclo de renderizado completado (flip ejecutado).
2025-05-19 16:50:46 - juego - [DEBUG] - MENSAJE DE PRUEBA REPETIDO PARA FILTRO
2025-05-19 16:50:46 - juego - [DEBUG] - Procesando eventos Pygame...
2025-05-19 16:50:46 - juego - [DEBUG] - Iniciando ciclo de renderizado...
2025-05-19 16:50:46 - juego - [DEBUG] - Ciclo de renderizado completado (flip ejecutado).
2025-05-19 16:50:46 - juego - [DEBUG] - MENSAJE DE PRUEBA REPETIDO PARA FILTRO
2025-05-19 16:50:46 - juego - [DEBUG] - Procesando eventos Pygame...
2025-05-19 16:50:46 - juego - [DEBUG] - Iniciando ciclo de renderizado...
2025-05-19 16:50:46 - juego - [DEBUG] - Ciclo de renderizado completado (flip ejecutado).
2025-05-19 16:50:47 - juego - [DEBUG] - MENSAJE DE PRUEBA REPETIDO PARA FILTRO
2025-05-19 16:50:47 - juego - [DEBUG] - Procesando eventos Pygame...
2025-05-19 16:50:47 - juego - [DEBUG] - Iniciando ciclo de renderizado...
2025-05-19 16:50:47 - juego - [DEBUG] - Ciclo de renderizado completado (flip ejecutado).
2025-05-19 16:50:47 - juego - [DEBUG] - MENSAJE DE PRUEBA REPETIDO PARA FILTRO
2025-05-19 16:50:47 - juego - [DEBUG] - Procesando eventos Pygame...
2025-05-19 16:50:47 - juego - [DEBUG] - Iniciando ciclo de renderizado...
2025-05-19 16:50:47 - juego - [DEBUG] - Ciclo de renderizado completado (flip ejecutado).
2025-05-19 16:50:47 - juego - [DEBUG] - MENSAJE DE PRUEBA REPETIDO PARA FILTRO
2025-05-19 16:50:47 - juego - [DEBUG] - Procesando eventos Pygame...
2025-05-19 16:50:47 - juego - [DEBUG] - Iniciando ciclo de renderizado...
2025-05-19 16:50:47 - juego - [DEBUG] - Ciclo de renderizado completado (flip ejecutado).
2025-05-19 16:50:47 - juego - [DEBUG] - MENSAJE DE PRUEBA REPETIDO PARA FILTRO
2025-05-19 16:50:47 - juego - [DEBUG] - Procesando eventos Pygame...
2025-05-19 16:50:47 - juego - [DEBUG] - Iniciando ciclo de renderizado...
2025-05-19 16:50:47 - juego - [DEBUG] - Ciclo de renderizado completado (flip ejecutado).
2025-05-19 16:50:47 - juego - [DEBUG] - MENSAJE DE PRUEBA REPETIDO PARA FILTRO
2025-05-19 16:50:47 - juego - [DEBUG] - Procesando eventos Pygame...
2025-05-19 16:50:47 - juego - [DEBUG] - Iniciando ciclo de renderizado...
2025-05-19 16:50:47 - juego - [DEBUG] - Ciclo de renderizado completado (flip ejecutado).
2025-05-19 16:50:47 - juego - [DEBUG] - MENSAJE DE PRUEBA REPETIDO PARA FILTRO
2025-05-19 16:50:47 - juego - [DEBUG] - Procesando eventos Pygame...
2025-05-19 16:50:47 - juego - [DEBUG] - Iniciando ciclo de renderizado...
2025-05-19 16:50:47 - juego - [DEBUG] - Ciclo de renderizado completado (flip ejecutado).
2025-05-19 16:50:47 - juego - [DEBUG] - MENSAJE DE PRUEBA REPETIDO PARA FILTRO
2025-05-19 16:50:47 - juego - [DEBUG] - Procesando eventos Pygame...
2025-05-19 16:50:47 - juego - [DEBUG] - Iniciando ciclo de renderizado...
2025-05-19 16:50:47 - juego - [DEBUG] - Ciclo de renderizado completado (flip ejecutado).
2025-05-19 16:50:47 - juego - [DEBUG] - MENSAJE DE PRUEBA REPETIDO PARA FILTRO
2025-05-19 16:50:47 - juego - [DEBUG] - Procesando eventos Pygame...
2025-05-19 16:50:47 - juego - [DEBUG] - Iniciando ciclo de renderizado...
2025-05-19 16:50:47 - juego - [DEBUG] - Ciclo de renderizado completado (flip ejecutado).
2025-05-19 16:50:47 - juego - [DEBUG] - MENSAJE DE PRUEBA REPETIDO PARA FILTRO
2025-05-19 16:50:47 - juego - [DEBUG] - Procesando eventos Pygame...
2025-05-19 16:50:47 - juego - [DEBUG] - Iniciando ciclo de renderizado...
2025-05-19 16:50:47 - juego - [DEBUG] - Ciclo de renderizado completado (flip ejecutado).
2025-05-19 16:50:47 - juego - [DEBUG] - MENSAJE DE PRUEBA REPETIDO PARA FILTRO
2025-05-19 16:50:47 - juego - [DEBUG] - Procesando eventos Pygame...
2025-05-19 16:50:47 - juego - [DEBUG] - Iniciando ciclo de renderizado...
2025-05-19 16:50:47 - juego - [DEBUG] - Ciclo de renderizado completado (flip ejecutado).
2025-05-19 16:50:47 - juego - [DEBUG] - MENSAJE DE PRUEBA REPETIDO PARA FILTRO
2025-05-19 16:50:47 - juego - [DEBUG] - Procesando eventos Pygame...
2025-05-19 16:50:47 - juego - [DEBUG] - Iniciando ciclo de renderizado...
2025-05-19 16:50:47 - juego - [DEBUG] - Ciclo de renderizado completado (flip ejecutado).
2025-05-19 16:50:47 - juego - [DEBUG] - MENSAJE DE PRUEBA REPETIDO PARA FILTRO
2025-05-19 16:50:47 - juego - [DEBUG] - Procesando eventos Pygame...
2025-05-19 16:50:47 - juego - [DEBUG] - Iniciando ciclo de renderizado...
2025-05-19 16:50:47 - juego - [DEBUG] - Ciclo de renderizado completado (flip ejecutado).
2025-05-19 16:50:47 - juego - [DEBUG] - MENSAJE DE PRUEBA REPETIDO PARA FILTRO
2025-05-19 16:50:47 - juego - [DEBUG] - Procesando eventos Pygame...
2025-05-19 16:50:47 - juego - [DEBUG] - Iniciando ciclo de renderizado...
2025-05-19 16:50:47 - juego - [DEBUG] - Ciclo de renderizado completado (flip ejecutado).
2025-05-19 16:50:47 - juego - [DEBUG] - MENSAJE DE PRUEBA REPETIDO PARA FILTRO
2025-05-19 16:50:47 - juego - [DEBUG] - Procesando eventos Pygame...
2025-05-19 16:50:47 - juego - [DEBUG] - Iniciando ciclo de renderizado...
2025-05-19 16:50:47 - juego - [DEBUG] - Ciclo de renderizado completado (flip ejecutado).
2025-05-19 16:50:47 - juego - [DEBUG] - MENSAJE DE PRUEBA REPETIDO PARA FILTRO
2025-05-19 16:50:47 - juego - [DEBUG] - Procesando eventos Pygame...
2025-05-19 16:50:47 - juego - [DEBUG] - Iniciando ciclo de renderizado...
2025-05-19 16:50:47 - juego - [DEBUG] - Ciclo de renderizado completado (flip ejecutado).
2025-05-19 16:50:47 - juego - [DEBUG] - MENSAJE DE PRUEBA REPETIDO PARA FILTRO
2025-05-19 16:50:47 - juego - [DEBUG] - Procesando eventos Pygame...
2025-05-19 16:50:47 - juego - [DEBUG] - Iniciando ciclo de renderizado...
2025-05-19 16:50:47 - juego - [DEBUG] - Ciclo de renderizado completado (flip ejecutado).
2025-05-19 16:50:47 - juego - [DEBUG] - MENSAJE DE PRUEBA REPETIDO PARA FILTRO
2025-05-19 16:50:47 - juego - [DEBUG] - Procesando eventos Pygame...
2025-05-19 16:50:47 - juego - [DEBUG] - Iniciando ciclo de renderizado...
2025-05-19 16:50:47 - juego - [DEBUG] - Ciclo de renderizado completado (flip ejecutado).
2025-05-19 16:50:47 - juego - [DEBUG] - MENSAJE DE PRUEBA REPETIDO PARA FILTRO
2025-05-19 16:50:47 - juego - [DEBUG] - Procesando eventos Pygame...
2025-05-19 16:50:47 - juego - [DEBUG] - Iniciando ciclo de renderizado...
2025-05-19 16:50:47 - juego - [DEBUG] - Ciclo de renderizado completado (flip ejecutado).
2025-05-19 16:50:47 - juego - [DEBUG] - MENSAJE DE PRUEBA REPETIDO PARA FILTRO
2025-05-19 16:50:47 - juego - [DEBUG] - Procesando eventos Pygame...
2025-05-19 16:50:47 - juego - [DEBUG] - Iniciando ciclo de renderizado...
2025-05-19 16:50:47 - juego - [DEBUG] - Ciclo de renderizado completado (flip ejecutado).
2025-05-19 16:50:47 - juego - [DEBUG] - MENSAJE DE PRUEBA REPETIDO PARA FILTRO
2025-05-19 16:50:47 - juego - [DEBUG] - Procesando eventos Pygame...
2025-05-19 16:50:47 - juego - [DEBUG] - Iniciando ciclo de renderizado...
2025-05-19 16:50:47 - juego - [DEBUG] - Ciclo de renderizado completado (flip ejecutado).
2025-05-19 16:50:47 - juego - [DEBUG] - MENSAJE DE PRUEBA REPETIDO PARA FILTRO
2025-05-19 16:50:47 - juego - [DEBUG] - Procesando eventos Pygame...
2025-05-19 16:50:47 - juego - [DEBUG] - Iniciando ciclo de renderizado...
2025-05-19 16:50:47 - juego - [DEBUG] - Ciclo de renderizado completado (flip ejecutado).
2025-05-19 16:50:47 - juego - [DEBUG] - MENSAJE DE PRUEBA REPETIDO PARA FILTRO
2025-05-19 16:50:47 - juego - [DEBUG] - Procesando eventos Pygame...
2025-05-19 16:50:47 - juego - [DEBUG] - Iniciando ciclo de renderizado...
2025-05-19 16:50:47 - juego - [DEBUG] - Ciclo de renderizado completado (flip ejecutado).
2025-05-19 16:50:47 - juego - [DEBUG] - MENSAJE DE PRUEBA REPETIDO PARA FILTRO
2025-05-19 16:50:47 - juego - [DEBUG] - Procesando eventos Pygame...
2025-05-19 16:50:47 - juego - [DEBUG] - Iniciando ciclo de renderizado...
2025-05-19 16:50:47 - juego - [DEBUG] - Ciclo de renderizado completado (flip ejecutado).
2025-05-19 16:50:47 - juego - [DEBUG] - MENSAJE DE PRUEBA REPETIDO PARA FILTRO
2025-05-19 16:50:47 - juego - [DEBUG] - Procesando eventos Pygame...
2025-05-19 16:50:47 - juego - [DEBUG] - Iniciando ciclo de renderizado...
2025-05-19 16:50:47 - juego - [DEBUG] - Ciclo de renderizado completado (flip ejecutado).
2025-05-19 16:50:47 - juego - [DEBUG] - MENSAJE DE PRUEBA REPETIDO PARA FILTRO
2025-05-19 16:50:47 - juego - [DEBUG] - Procesando eventos Pygame...
2025-05-19 16:50:47 - juego - [DEBUG] - Iniciando ciclo de renderizado...
2025-05-19 16:50:47 - juego - [DEBUG] - Ciclo de renderizado completado (flip ejecutado).
2025-05-19 16:50:47 - juego - [DEBUG] - MENSAJE DE PRUEBA REPETIDO PARA FILTRO
2025-05-19 16:50:47 - juego - [DEBUG] - Procesando eventos Pygame...
2025-05-19 16:50:47 - juego - [DEBUG] - Iniciando ciclo de renderizado...
2025-05-19 16:50:47 - juego - [DEBUG] - Ciclo de renderizado completado (flip ejecutado).
2025-05-19 16:50:47 - juego - [DEBUG] - MENSAJE DE PRUEBA REPETIDO PARA FILTRO
2025-05-19 16:50:47 - juego - [DEBUG] - Procesando eventos Pygame...
2025-05-19 16:50:47 - juego - [DEBUG] - Iniciando ciclo de renderizado...
2025-05-19 16:50:47 - juego - [DEBUG] - Ciclo de renderizado completado (flip ejecutado).
2025-05-19 16:50:47 - juego - [DEBUG] - MENSAJE DE PRUEBA REPETIDO PARA FILTRO
2025-05-19 16:50:47 - juego - [DEBUG] - Procesando eventos Pygame...
2025-05-19 16:50:47 - juego - [DEBUG] - Iniciando ciclo de renderizado...
2025-05-19 16:50:47 - juego - [DEBUG] - Ciclo de renderizado completado (flip ejecutado).
2025-05-19 16:50:47 - juego - [DEBUG] - MENSAJE DE PRUEBA REPETIDO PARA FILTRO
2025-05-19 16:50:47 - juego - [DEBUG] - Procesando eventos Pygame...
2025-05-19 16:50:47 - juego - [DEBUG] - Iniciando ciclo de renderizado...
2025-05-19 16:50:47 - juego - [DEBUG] - Ciclo de renderizado completado (flip ejecutado).
2025-05-19 16:50:47 - juego - [DEBUG] - MENSAJE DE PRUEBA REPETIDO PARA FILTRO
2025-05-19 16:50:47 - juego - [DEBUG] - Procesando eventos Pygame...
2025-05-19 16:50:47 - juego - [DEBUG] - Iniciando ciclo de renderizado...
2025-05-19 16:50:47 - juego - [DEBUG] - Ciclo de renderizado completado (flip ejecutado).
2025-05-19 16:50:47 - juego - [DEBUG] - MENSAJE DE PRUEBA REPETIDO PARA FILTRO
2025-05-19 16:50:47 - juego - [DEBUG] - Procesando eventos Pygame...
2025-05-19 16:50:47 - juego - [DEBUG] - Iniciando ciclo de renderizado...
2025-05-19 16:50:47 - juego - [DEBUG] - Ciclo de renderizado completado (flip ejecutado).
2025-05-19 16:50:47 - juego - [DEBUG] - MENSAJE DE PRUEBA REPETIDO PARA FILTRO
2025-05-19 16:50:47 - juego - [DEBUG] - Procesando eventos Pygame...
2025-05-19 16:50:47 - juego - [DEBUG] - Iniciando ciclo de renderizado...
2025-05-19 16:50:47 - juego - [DEBUG] - Ciclo de renderizado completado (flip ejecutado).
2025-05-19 16:50:47 - juego - [DEBUG] - MENSAJE DE PRUEBA REPETIDO PARA FILTRO
2025-05-19 16:50:47 - juego - [DEBUG] - Procesando eventos Pygame...
2025-05-19 16:50:47 - juego - [DEBUG] - Iniciando ciclo de renderizado...
2025-05-19 16:50:47 - juego - [DEBUG] - Ciclo de renderizado completado (flip ejecutado).
2025-05-19 16:50:47 - juego - [DEBUG] - MENSAJE DE PRUEBA REPETIDO PARA FILTRO
2025-05-19 16:50:47 - juego - [DEBUG] - Procesando eventos Pygame...
2025-05-19 16:50:47 - juego - [DEBUG] - Iniciando ciclo de renderizado...
2025-05-19 16:50:47 - juego - [DEBUG] - Ciclo de renderizado completado (flip ejecutado).
2025-05-19 16:50:47 - juego - [DEBUG] - MENSAJE DE PRUEBA REPETIDO PARA FILTRO
2025-05-19 16:50:47 - juego - [DEBUG] - Procesando eventos Pygame...
2025-05-19 16:50:47 - juego - [DEBUG] - Iniciando ciclo de renderizado...
2025-05-19 16:50:47 - juego - [DEBUG] - Ciclo de renderizado completado (flip ejecutado).
2025-05-19 16:50:47 - juego - [DEBUG] - MENSAJE DE PRUEBA REPETIDO PARA FILTRO
2025-05-19 16:50:47 - juego - [DEBUG] - Procesando eventos Pygame...
2025-05-19 16:50:47 - juego - [DEBUG] - Iniciando ciclo de renderizado...
2025-05-19 16:50:47 - juego - [DEBUG] - Ciclo de renderizado completado (flip ejecutado).
2025-05-19 16:50:47 - juego - [DEBUG] - MENSAJE DE PRUEBA REPETIDO PARA FILTRO
2025-05-19 16:50:47 - juego - [DEBUG] - Procesando eventos Pygame...
2025-05-19 16:50:47 - juego - [DEBUG] - Iniciando ciclo de renderizado...
2025-05-19 16:50:47 - juego - [DEBUG] - Ciclo de renderizado completado (flip ejecutado).
2025-05-19 16:50:47 - juego - [DEBUG] - MENSAJE DE PRUEBA REPETIDO PARA FILTRO
2025-05-19 16:50:47 - juego - [DEBUG] - Procesando eventos Pygame...
2025-05-19 16:50:47 - juego - [DEBUG] - Iniciando ciclo de renderizado...
2025-05-19 16:50:47 - juego - [DEBUG] - Ciclo de renderizado completado (flip ejecutado).
2025-05-19 16:50:47 - juego - [DEBUG] - MENSAJE DE PRUEBA REPETIDO PARA FILTRO
2025-05-19 16:50:47 - juego - [DEBUG] - Procesando eventos Pygame...
2025-05-19 16:50:47 - juego - [DEBUG] - Iniciando ciclo de renderizado...
2025-05-19 16:50:47 - juego - [DEBUG] - Ciclo de renderizado completado (flip ejecutado).
2025-05-19 16:50:47 - juego - [DEBUG] - MENSAJE DE PRUEBA REPETIDO PARA FILTRO
2025-05-19 16:50:47 - juego - [DEBUG] - Procesando eventos Pygame...
2025-05-19 16:50:47 - juego - [DEBUG] - Iniciando ciclo de renderizado...
2025-05-19 16:50:47 - juego - [DEBUG] - Ciclo de renderizado completado (flip ejecutado).
2025-05-19 16:50:47 - juego - [DEBUG] - MENSAJE DE PRUEBA REPETIDO PARA FILTRO
2025-05-19 16:50:47 - juego - [DEBUG] - Procesando eventos Pygame...
2025-05-19 16:50:47 - juego - [DEBUG] - Iniciando ciclo de renderizado...
2025-05-19 16:50:47 - juego - [DEBUG] - Ciclo de renderizado completado (flip ejecutado).
2025-05-19 16:50:47 - juego - [DEBUG] - MENSAJE DE PRUEBA REPETIDO PARA FILTRO
2025-05-19 16:50:47 - juego - [DEBUG] - Procesando eventos Pygame...
2025-05-19 16:50:47 - juego - [DEBUG] - Iniciando ciclo de renderizado...
2025-05-19 16:50:47 - juego - [DEBUG] - Ciclo de renderizado completado (flip ejecutado).
2025-05-19 16:50:47 - juego - [DEBUG] - MENSAJE DE PRUEBA REPETIDO PARA FILTRO
2025-05-19 16:50:47 - juego - [DEBUG] - Procesando eventos Pygame...
2025-05-19 16:50:47 - juego - [DEBUG] - Iniciando ciclo de renderizado...
2025-05-19 16:50:47 - juego - [DEBUG] - Ciclo de renderizado completado (flip ejecutado).
2025-05-19 16:50:47 - juego - [DEBUG] - MENSAJE DE PRUEBA REPETIDO PARA FILTRO
2025-05-19 16:50:47 - juego - [DEBUG] - Procesando eventos Pygame...
2025-05-19 16:50:47 - juego - [DEBUG] - Iniciando ciclo de renderizado...
2025-05-19 16:50:47 - juego - [DEBUG] - Ciclo de renderizado completado (flip ejecutado).
2025-05-19 16:50:47 - juego - [DEBUG] - MENSAJE DE PRUEBA REPETIDO PARA FILTRO
2025-05-19 16:50:47 - juego - [DEBUG] - Procesando eventos Pygame...
2025-05-19 16:50:47 - juego - [DEBUG] - Iniciando ciclo de renderizado...
2025-05-19 16:50:47 - juego - [DEBUG] - Ciclo de renderizado completado (flip ejecutado).
2025-05-19 16:50:47 - juego - [DEBUG] - MENSAJE DE PRUEBA REPETIDO PARA FILTRO
2025-05-19 16:50:47 - juego - [DEBUG] - Procesando eventos Pygame...
2025-05-19 16:50:47 - juego - [DEBUG] - Iniciando ciclo de renderizado...
2025-05-19 16:50:47 - juego - [DEBUG] - Ciclo de renderizado completado (flip ejecutado).
2025-05-19 16:50:47 - juego - [DEBUG] - MENSAJE DE PRUEBA REPETIDO PARA FILTRO
2025-05-19 16:50:47 - juego - [DEBUG] - Procesando eventos Pygame...
2025-05-19 16:50:47 - juego - [DEBUG] - Iniciando ciclo de renderizado...
2025-05-19 16:50:47 - juego - [DEBUG] - Ciclo de renderizado completado (flip ejecutado).
2025-05-19 16:50:47 - juego - [DEBUG] - MENSAJE DE PRUEBA REPETIDO PARA FILTRO
2025-05-19 16:50:47 - juego - [DEBUG] - Procesando eventos Pygame...
2025-05-19 16:50:47 - juego - [DEBUG] - Iniciando ciclo de renderizado...
2025-05-19 16:50:47 - juego - [DEBUG] - Ciclo de renderizado completado (flip ejecutado).
2025-05-19 16:50:47 - juego - [DEBUG] - MENSAJE DE PRUEBA REPETIDO PARA FILTRO
2025-05-19 16:50:47 - juego - [DEBUG] - Procesando eventos Pygame...
2025-05-19 16:50:47 - juego - [DEBUG] - Iniciando ciclo de renderizado...
2025-05-19 16:50:47 - juego - [DEBUG] - Ciclo de renderizado completado (flip ejecutado).
2025-05-19 16:50:47 - juego - [DEBUG] - MENSAJE DE PRUEBA REPETIDO PARA FILTRO
2025-05-19 16:50:47 - juego - [DEBUG] - Procesando eventos Pygame...
2025-05-19 16:50:47 - juego - [DEBUG] - Iniciando ciclo de renderizado...
2025-05-19 16:50:47 - juego - [DEBUG] - Ciclo de renderizado completado (flip ejecutado).
2025-05-19 16:50:47 - juego - [DEBUG] - MENSAJE DE PRUEBA REPETIDO PARA FILTRO
2025-05-19 16:50:47 - juego - [DEBUG] - Procesando eventos Pygame...
2025-05-19 16:50:47 - juego - [DEBUG] - Iniciando ciclo de renderizado...
2025-05-19 16:50:47 - juego - [DEBUG] - Ciclo de renderizado completado (flip ejecutado).
2025-05-19 16:50:47 - juego - [DEBUG] - MENSAJE DE PRUEBA REPETIDO PARA FILTRO
2025-05-19 16:50:47 - juego - [DEBUG] - Procesando eventos Pygame...
2025-05-19 16:50:47 - juego - [DEBUG] - Iniciando ciclo de renderizado...
2025-05-19 16:50:47 - juego - [DEBUG] - Ciclo de renderizado completado (flip ejecutado).
2025-05-19 16:50:47 - juego - [DEBUG] - MENSAJE DE PRUEBA REPETIDO PARA FILTRO
2025-05-19 16:50:47 - juego - [DEBUG] - Procesando eventos Pygame...
2025-05-19 16:50:47 - juego - [DEBUG] - Iniciando ciclo de renderizado...
2025-05-19 16:50:47 - juego - [DEBUG] - Ciclo de renderizado completado (flip ejecutado).
2025-05-19 16:50:47 - juego - [DEBUG] - MENSAJE DE PRUEBA REPETIDO PARA FILTRO
2025-05-19 16:50:47 - juego - [DEBUG] - Procesando eventos Pygame...
2025-05-19 16:50:47 - juego - [DEBUG] - Iniciando ciclo de renderizado...
2025-05-19 16:50:47 - juego - [DEBUG] - Ciclo de renderizado completado (flip ejecutado).
2025-05-19 16:50:47 - juego - [DEBUG] - MENSAJE DE PRUEBA REPETIDO PARA FILTRO
2025-05-19 16:50:47 - juego - [DEBUG] - Procesando eventos Pygame...
2025-05-19 16:50:47 - juego - [DEBUG] - Iniciando ciclo de renderizado...
2025-05-19 16:50:47 - juego - [DEBUG] - Ciclo de renderizado completado (flip ejecutado).
2025-05-19 16:50:47 - juego - [DEBUG] - MENSAJE DE PRUEBA REPETIDO PARA FILTRO
2025-05-19 16:50:47 - juego - [DEBUG] - Procesando eventos Pygame...
2025-05-19 16:50:47 - juego - [DEBUG] - Iniciando ciclo de renderizado...
2025-05-19 16:50:47 - juego - [DEBUG] - Ciclo de renderizado completado (flip ejecutado).
2025-05-19 16:50:47 - juego - [DEBUG] - MENSAJE DE PRUEBA REPETIDO PARA FILTRO
2025-05-19 16:50:47 - juego - [DEBUG] - Procesando eventos Pygame...
2025-05-19 16:50:47 - juego - [DEBUG] - Iniciando ciclo de renderizado...
2025-05-19 16:50:47 - juego - [DEBUG] - Ciclo de renderizado completado (flip ejecutado).
2025-05-19 16:50:47 - juego - [DEBUG] - MENSAJE DE PRUEBA REPETIDO PARA FILTRO
2025-05-19 16:50:47 - juego - [DEBUG] - Procesando eventos Pygame...
2025-05-19 16:50:47 - juego - [DEBUG] - Iniciando ciclo de renderizado...
2025-05-19 16:50:47 - juego - [DEBUG] - Ciclo de renderizado completado (flip ejecutado).
2025-05-19 16:50:47 - juego - [DEBUG] - MENSAJE DE PRUEBA REPETIDO PARA FILTRO
2025-05-19 16:50:47 - juego - [DEBUG] - Procesando eventos Pygame...
2025-05-19 16:50:47 - juego - [DEBUG] - Iniciando ciclo de renderizado...
2025-05-19 16:50:47 - juego - [DEBUG] - Ciclo de renderizado completado (flip ejecutado).
2025-05-19 16:50:47 - juego - [DEBUG] - MENSAJE DE PRUEBA REPETIDO PARA FILTRO
2025-05-19 16:50:47 - juego - [DEBUG] - Procesando eventos Pygame...
2025-05-19 16:50:47 - juego - [DEBUG] - Iniciando ciclo de renderizado...
2025-05-19 16:50:47 - juego - [DEBUG] - Ciclo de renderizado completado (flip ejecutado).
2025-05-19 16:50:47 - juego - [DEBUG] - MENSAJE DE PRUEBA REPETIDO PARA FILTRO
2025-05-19 16:50:47 - juego - [DEBUG] - Procesando eventos Pygame...
2025-05-19 16:50:48 - juego - [DEBUG] - Iniciando ciclo de renderizado...
2025-05-19 16:50:48 - juego - [DEBUG] - Ciclo de renderizado completado (flip ejecutado).
2025-05-19 16:50:48 - juego - [DEBUG] - MENSAJE DE PRUEBA REPETIDO PARA FILTRO
2025-05-19 16:50:48 - juego - [DEBUG] - Procesando eventos Pygame...
2025-05-19 16:50:48 - juego - [DEBUG] - Iniciando ciclo de renderizado...
2025-05-19 16:50:48 - juego - [DEBUG] - Ciclo de renderizado completado (flip ejecutado).
2025-05-19 16:50:48 - juego - [DEBUG] - MENSAJE DE PRUEBA REPETIDO PARA FILTRO
2025-05-19 16:50:48 - juego - [DEBUG] - Procesando eventos Pygame...
2025-05-19 16:50:48 - juego - [DEBUG] - Iniciando ciclo de renderizado...
2025-05-19 16:50:48 - juego - [DEBUG] - Ciclo de renderizado completado (flip ejecutado).
2025-05-19 16:50:48 - juego - [DEBUG] - MENSAJE DE PRUEBA REPETIDO PARA FILTRO
2025-05-19 16:50:48 - juego - [DEBUG] - Procesando eventos Pygame...
2025-05-19 16:50:48 - juego - [DEBUG] - Iniciando ciclo de renderizado...
2025-05-19 16:50:48 - juego - [DEBUG] - Ciclo de renderizado completado (flip ejecutado).
2025-05-19 16:50:48 - juego - [DEBUG] - MENSAJE DE PRUEBA REPETIDO PARA FILTRO
2025-05-19 16:50:48 - juego - [DEBUG] - Procesando eventos Pygame...
2025-05-19 16:50:48 - juego - [DEBUG] - Iniciando ciclo de renderizado...
2025-05-19 16:50:48 - juego - [DEBUG] - Ciclo de renderizado completado (flip ejecutado).
2025-05-19 16:50:48 - juego - [DEBUG] - MENSAJE DE PRUEBA REPETIDO PARA FILTRO
2025-05-19 16:50:48 - juego - [DEBUG] - Procesando eventos Pygame...
2025-05-19 16:50:48 - juego - [DEBUG] - Iniciando ciclo de renderizado...
2025-05-19 16:50:48 - juego - [DEBUG] - Ciclo de renderizado completado (flip ejecutado).
2025-05-19 16:50:48 - juego - [DEBUG] - MENSAJE DE PRUEBA REPETIDO PARA FILTRO
2025-05-19 16:50:48 - juego - [DEBUG] - Procesando eventos Pygame...
2025-05-19 16:50:48 - juego - [DEBUG] - Iniciando ciclo de renderizado...
2025-05-19 16:50:48 - juego - [DEBUG] - Ciclo de renderizado completado (flip ejecutado).
2025-05-19 16:50:48 - juego - [DEBUG] - MENSAJE DE PRUEBA REPETIDO PARA FILTRO
2025-05-19 16:50:48 - juego - [DEBUG] - Procesando eventos Pygame...
2025-05-19 16:50:48 - juego - [DEBUG] - Iniciando ciclo de renderizado...
2025-05-19 16:50:48 - juego - [DEBUG] - Ciclo de renderizado completado (flip ejecutado).
2025-05-19 16:50:48 - juego - [DEBUG] - MENSAJE DE PRUEBA REPETIDO PARA FILTRO
2025-05-19 16:50:48 - juego - [DEBUG] - Procesando eventos Pygame...
2025-05-19 16:50:48 - juego - [DEBUG] - Iniciando ciclo de renderizado...
2025-05-19 16:50:48 - juego - [DEBUG] - Ciclo de renderizado completado (flip ejecutado).
2025-05-19 16:50:48 - juego - [DEBUG] - MENSAJE DE PRUEBA REPETIDO PARA FILTRO
2025-05-19 16:50:48 - juego - [DEBUG] - Procesando eventos Pygame...
2025-05-19 16:50:48 - juego - [DEBUG] - Iniciando ciclo de renderizado...
2025-05-19 16:50:48 - juego - [DEBUG] - Ciclo de renderizado completado (flip ejecutado).
2025-05-19 16:50:48 - juego - [DEBUG] - MENSAJE DE PRUEBA REPETIDO PARA FILTRO
2025-05-19 16:50:48 - juego - [DEBUG] - Procesando eventos Pygame...
2025-05-19 16:50:48 - juego - [DEBUG] - Iniciando ciclo de renderizado...
2025-05-19 16:50:48 - juego - [DEBUG] - Ciclo de renderizado completado (flip ejecutado).
2025-05-19 16:50:48 - juego - [DEBUG] - MENSAJE DE PRUEBA REPETIDO PARA FILTRO
2025-05-19 16:50:48 - juego - [DEBUG] - Procesando eventos Pygame...
2025-05-19 16:50:48 - juego - [DEBUG] - Iniciando ciclo de renderizado...
2025-05-19 16:50:48 - juego - [DEBUG] - Ciclo de renderizado completado (flip ejecutado).
2025-05-19 16:50:48 - juego - [DEBUG] - MENSAJE DE PRUEBA REPETIDO PARA FILTRO
2025-05-19 16:50:48 - juego - [DEBUG] - Procesando eventos Pygame...
2025-05-19 16:50:48 - juego - [DEBUG] - Iniciando ciclo de renderizado...
2025-05-19 16:50:48 - juego - [DEBUG] - Ciclo de renderizado completado (flip ejecutado).
2025-05-19 16:50:48 - juego - [DEBUG] - MENSAJE DE PRUEBA REPETIDO PARA FILTRO
2025-05-19 16:50:48 - juego - [DEBUG] - Procesando eventos Pygame...
2025-05-19 16:50:48 - juego - [DEBUG] - Iniciando ciclo de renderizado...
2025-05-19 16:50:48 - juego - [DEBUG] - Ciclo de renderizado completado (flip ejecutado).
2025-05-19 16:50:48 - juego - [DEBUG] - MENSAJE DE PRUEBA REPETIDO PARA FILTRO
2025-05-19 16:50:48 - juego - [DEBUG] - Procesando eventos Pygame...
2025-05-19 16:50:48 - juego - [DEBUG] - Iniciando ciclo de renderizado...
2025-05-19 16:50:48 - juego - [DEBUG] - Ciclo de renderizado completado (flip ejecutado).
2025-05-19 16:50:48 - juego - [DEBUG] - MENSAJE DE PRUEBA REPETIDO PARA FILTRO
2025-05-19 16:50:48 - juego - [DEBUG] - Procesando eventos Pygame...
2025-05-19 16:50:48 - juego - [DEBUG] - Iniciando ciclo de renderizado...
2025-05-19 16:50:48 - juego - [DEBUG] - Ciclo de renderizado completado (flip ejecutado).
2025-05-19 16:50:48 - juego - [DEBUG] - MENSAJE DE PRUEBA REPETIDO PARA FILTRO
2025-05-19 16:50:48 - juego - [DEBUG] - Procesando eventos Pygame...
2025-05-19 16:50:48 - juego - [DEBUG] - Iniciando ciclo de renderizado...
2025-05-19 16:50:48 - juego - [DEBUG] - Ciclo de renderizado completado (flip ejecutado).
2025-05-19 16:50:48 - juego - [DEBUG] - MENSAJE DE PRUEBA REPETIDO PARA FILTRO
2025-05-19 16:50:48 - juego - [DEBUG] - Procesando eventos Pygame...
2025-05-19 16:50:48 - juego - [DEBUG] - Iniciando ciclo de renderizado...
2025-05-19 16:50:48 - juego - [DEBUG] - Ciclo de renderizado completado (flip ejecutado).
2025-05-19 16:50:48 - juego - [DEBUG] - MENSAJE DE PRUEBA REPETIDO PARA FILTRO
2025-05-19 16:50:48 - juego - [DEBUG] - Procesando eventos Pygame...
2025-05-19 16:50:48 - juego - [DEBUG] - Iniciando ciclo de renderizado...
2025-05-19 16:50:48 - juego - [DEBUG] - Ciclo de renderizado completado (flip ejecutado).
2025-05-19 16:50:48 - juego - [DEBUG] - MENSAJE DE PRUEBA REPETIDO PARA FILTRO
2025-05-19 16:50:48 - juego - [DEBUG] - Procesando eventos Pygame...
2025-05-19 16:50:48 - juego - [DEBUG] - Iniciando ciclo de renderizado...
2025-05-19 16:50:48 - juego - [DEBUG] - Ciclo de renderizado completado (flip ejecutado).
2025-05-19 16:50:48 - juego - [DEBUG] - MENSAJE DE PRUEBA REPETIDO PARA FILTRO
2025-05-19 16:50:48 - juego - [DEBUG] - Procesando eventos Pygame...
2025-05-19 16:50:48 - juego - [DEBUG] - Iniciando ciclo de renderizado...
2025-05-19 16:50:48 - juego - [DEBUG] - Ciclo de renderizado completado (flip ejecutado).
2025-05-19 16:50:48 - juego - [DEBUG] - MENSAJE DE PRUEBA REPETIDO PARA FILTRO
2025-05-19 16:50:48 - juego - [DEBUG] - Procesando eventos Pygame...
2025-05-19 16:50:48 - juego - [DEBUG] - Iniciando ciclo de renderizado...
2025-05-19 16:50:48 - juego - [DEBUG] - Ciclo de renderizado completado (flip ejecutado).
2025-05-19 16:50:48 - juego - [DEBUG] - MENSAJE DE PRUEBA REPETIDO PARA FILTRO
2025-05-19 16:50:48 - juego - [DEBUG] - Procesando eventos Pygame...
2025-05-19 16:50:48 - juego - [DEBUG] - Iniciando ciclo de renderizado...
2025-05-19 16:50:48 - juego - [DEBUG] - Ciclo de renderizado completado (flip ejecutado).
2025-05-19 16:50:48 - juego - [DEBUG] - MENSAJE DE PRUEBA REPETIDO PARA FILTRO
2025-05-19 16:50:48 - juego - [DEBUG] - Procesando eventos Pygame...
2025-05-19 16:50:48 - juego - [DEBUG] - Iniciando ciclo de renderizado...
2025-05-19 16:50:48 - juego - [DEBUG] - Ciclo de renderizado completado (flip ejecutado).
2025-05-19 16:50:48 - juego - [DEBUG] - MENSAJE DE PRUEBA REPETIDO PARA FILTRO
2025-05-19 16:50:48 - juego - [DEBUG] - Procesando eventos Pygame...
2025-05-19 16:50:48 - juego - [DEBUG] - Iniciando ciclo de renderizado...
2025-05-19 16:50:48 - juego - [DEBUG] - Ciclo de renderizado completado (flip ejecutado).
2025-05-19 16:50:48 - juego - [DEBUG] - MENSAJE DE PRUEBA REPETIDO PARA FILTRO
2025-05-19 16:50:48 - juego - [DEBUG] - Procesando eventos Pygame...
2025-05-19 16:50:48 - juego - [DEBUG] - Iniciando ciclo de renderizado...
2025-05-19 16:50:48 - juego - [DEBUG] - Ciclo de renderizado completado (flip ejecutado).
2025-05-19 16:50:48 - juego - [DEBUG] - MENSAJE DE PRUEBA REPETIDO PARA FILTRO
2025-05-19 16:50:48 - juego - [DEBUG] - Procesando eventos Pygame...
2025-05-19 16:50:48 - juego - [DEBUG] - Iniciando ciclo de renderizado...
2025-05-19 16:50:48 - juego - [DEBUG] - Ciclo de renderizado completado (flip ejecutado).
2025-05-19 16:50:48 - juego - [DEBUG] - MENSAJE DE PRUEBA REPETIDO PARA FILTRO
2025-05-19 16:50:48 - juego - [DEBUG] - Procesando eventos Pygame...
2025-05-19 16:50:48 - juego - [DEBUG] - Iniciando ciclo de renderizado...
2025-05-19 16:50:48 - juego - [DEBUG] - Ciclo de renderizado completado (flip ejecutado).
2025-05-19 16:50:48 - juego - [DEBUG] - MENSAJE DE PRUEBA REPETIDO PARA FILTRO
2025-05-19 16:50:48 - juego - [DEBUG] - Procesando eventos Pygame...
2025-05-19 16:50:48 - juego - [DEBUG] - Iniciando ciclo de renderizado...
2025-05-19 16:50:48 - juego - [DEBUG] - Ciclo de renderizado completado (flip ejecutado).
2025-05-19 16:50:48 - juego - [DEBUG] - MENSAJE DE PRUEBA REPETIDO PARA FILTRO
2025-05-19 16:50:48 - juego - [DEBUG] - Procesando eventos Pygame...
2025-05-19 16:50:48 - juego - [DEBUG] - Iniciando ciclo de renderizado...
2025-05-19 16:50:48 - juego - [DEBUG] - Ciclo de renderizado completado (flip ejecutado).
2025-05-19 16:50:48 - juego - [DEBUG] - MENSAJE DE PRUEBA REPETIDO PARA FILTRO
2025-05-19 16:50:48 - juego - [DEBUG] - Procesando eventos Pygame...
2025-05-19 16:50:48 - juego - [DEBUG] - Iniciando ciclo de renderizado...
2025-05-19 16:50:48 - juego - [DEBUG] - Ciclo de renderizado completado (flip ejecutado).
2025-05-19 16:50:48 - juego - [DEBUG] - MENSAJE DE PRUEBA REPETIDO PARA FILTRO
2025-05-19 16:50:48 - juego - [DEBUG] - Procesando eventos Pygame...
2025-05-19 16:50:48 - juego - [DEBUG] - Iniciando ciclo de renderizado...
2025-05-19 16:50:48 - juego - [DEBUG] - Ciclo de renderizado completado (flip ejecutado).
2025-05-19 16:50:48 - juego - [DEBUG] - MENSAJE DE PRUEBA REPETIDO PARA FILTRO
2025-05-19 16:50:48 - juego - [DEBUG] - Procesando eventos Pygame...
2025-05-19 16:50:48 - juego - [DEBUG] - Iniciando ciclo de renderizado...
2025-05-19 16:50:48 - juego - [DEBUG] - Ciclo de renderizado completado (flip ejecutado).
2025-05-19 16:50:48 - juego - [DEBUG] - MENSAJE DE PRUEBA REPETIDO PARA FILTRO
2025-05-19 16:50:48 - juego - [DEBUG] - Procesando eventos Pygame...
2025-05-19 16:50:48 - juego - [DEBUG] - Iniciando ciclo de renderizado...
2025-05-19 16:50:48 - juego - [DEBUG] - Ciclo de renderizado completado (flip ejecutado).
2025-05-19 16:50:48 - juego - [DEBUG] - MENSAJE DE PRUEBA REPETIDO PARA FILTRO
2025-05-19 16:50:48 - juego - [DEBUG] - Procesando eventos Pygame...
2025-05-19 16:50:48 - juego - [DEBUG] - Iniciando ciclo de renderizado...
2025-05-19 16:50:48 - juego - [DEBUG] - Ciclo de renderizado completado (flip ejecutado).
2025-05-19 16:50:48 - juego - [DEBUG] - MENSAJE DE PRUEBA REPETIDO PARA FILTRO
2025-05-19 16:50:48 - juego - [DEBUG] - Procesando eventos Pygame...
2025-05-19 16:50:48 - juego - [DEBUG] - Iniciando ciclo de renderizado...
2025-05-19 16:50:48 - juego - [DEBUG] - Ciclo de renderizado completado (flip ejecutado).
2025-05-19 16:50:48 - juego - [DEBUG] - MENSAJE DE PRUEBA REPETIDO PARA FILTRO
2025-05-19 16:50:48 - juego - [DEBUG] - Procesando eventos Pygame...
2025-05-19 16:50:48 - juego - [DEBUG] - Iniciando ciclo de renderizado...
2025-05-19 16:50:48 - juego - [DEBUG] - Ciclo de renderizado completado (flip ejecutado).
2025-05-19 16:50:48 - juego - [DEBUG] - MENSAJE DE PRUEBA REPETIDO PARA FILTRO
2025-05-19 16:50:48 - juego - [DEBUG] - Procesando eventos Pygame...
2025-05-19 16:50:48 - juego - [DEBUG] - Iniciando ciclo de renderizado...
2025-05-19 16:50:48 - juego - [DEBUG] - Ciclo de renderizado completado (flip ejecutado).
2025-05-19 16:50:48 - juego - [DEBUG] - MENSAJE DE PRUEBA REPETIDO PARA FILTRO
2025-05-19 16:50:48 - juego - [DEBUG] - Procesando eventos Pygame...
2025-05-19 16:50:48 - juego - [DEBUG] - Iniciando ciclo de renderizado...
2025-05-19 16:50:48 - juego - [DEBUG] - Ciclo de renderizado completado (flip ejecutado).
2025-05-19 16:50:48 - juego - [DEBUG] - MENSAJE DE PRUEBA REPETIDO PARA FILTRO
2025-05-19 16:50:48 - juego - [DEBUG] - Procesando eventos Pygame...
2025-05-19 16:50:48 - juego - [DEBUG] - Iniciando ciclo de renderizado...
2025-05-19 16:50:48 - juego - [DEBUG] - Ciclo de renderizado completado (flip ejecutado).
2025-05-19 16:50:48 - juego - [DEBUG] - MENSAJE DE PRUEBA REPETIDO PARA FILTRO
2025-05-19 16:50:48 - juego - [DEBUG] - Procesando eventos Pygame...
2025-05-19 16:50:48 - juego - [DEBUG] - Iniciando ciclo de renderizado...
2025-05-19 16:50:48 - juego - [DEBUG] - Ciclo de renderizado completado (flip ejecutado).
2025-05-19 16:50:48 - juego - [DEBUG] - MENSAJE DE PRUEBA REPETIDO PARA FILTRO
2025-05-19 16:50:48 - juego - [DEBUG] - Procesando eventos Pygame...
2025-05-19 16:50:48 - juego - [DEBUG] - Iniciando ciclo de renderizado...
2025-05-19 16:50:48 - juego - [DEBUG] - Ciclo de renderizado completado (flip ejecutado).
2025-05-19 16:50:48 - juego - [DEBUG] - MENSAJE DE PRUEBA REPETIDO PARA FILTRO
2025-05-19 16:50:48 - juego - [DEBUG] - Procesando eventos Pygame...
2025-05-19 16:50:48 - juego - [DEBUG] - Iniciando ciclo de renderizado...
2025-05-19 16:50:48 - juego - [DEBUG] - Ciclo de renderizado completado (flip ejecutado).
2025-05-19 16:50:48 - juego - [DEBUG] - MENSAJE DE PRUEBA REPETIDO PARA FILTRO
2025-05-19 16:50:48 - juego - [DEBUG] - Procesando eventos Pygame...
2025-05-19 16:50:48 - juego - [DEBUG] - Iniciando ciclo de renderizado...
2025-05-19 16:50:48 - juego - [DEBUG] - Ciclo de renderizado completado (flip ejecutado).
2025-05-19 16:50:48 - juego - [DEBUG] - MENSAJE DE PRUEBA REPETIDO PARA FILTRO
2025-05-19 16:50:48 - juego - [DEBUG] - Procesando eventos Pygame...
2025-05-19 16:50:48 - juego - [DEBUG] - Iniciando ciclo de renderizado...
2025-05-19 16:50:48 - juego - [DEBUG] - Ciclo de renderizado completado (flip ejecutado).
2025-05-19 16:50:48 - juego - [DEBUG] - MENSAJE DE PRUEBA REPETIDO PARA FILTRO
2025-05-19 16:50:48 - juego - [DEBUG] - Procesando eventos Pygame...
2025-05-19 16:50:48 - juego - [DEBUG] - Iniciando ciclo de renderizado...
2025-05-19 16:50:48 - juego - [DEBUG] - Ciclo de renderizado completado (flip ejecutado).
2025-05-19 16:50:48 - juego - [DEBUG] - MENSAJE DE PRUEBA REPETIDO PARA FILTRO
2025-05-19 16:50:48 - juego - [DEBUG] - Procesando eventos Pygame...
2025-05-19 16:50:48 - juego - [DEBUG] - Iniciando ciclo de renderizado...
2025-05-19 16:50:48 - juego - [DEBUG] - Ciclo de renderizado completado (flip ejecutado).
2025-05-19 16:50:48 - juego - [DEBUG] - MENSAJE DE PRUEBA REPETIDO PARA FILTRO
2025-05-19 16:50:48 - juego - [DEBUG] - Procesando eventos Pygame...
2025-05-19 16:50:48 - juego - [DEBUG] - Iniciando ciclo de renderizado...
2025-05-19 16:50:48 - juego - [DEBUG] - Ciclo de renderizado completado (flip ejecutado).
2025-05-19 16:50:48 - juego - [DEBUG] - MENSAJE DE PRUEBA REPETIDO PARA FILTRO
2025-05-19 16:50:48 - juego - [DEBUG] - Procesando eventos Pygame...
2025-05-19 16:50:48 - juego - [DEBUG] - Iniciando ciclo de renderizado...
2025-05-19 16:50:48 - juego - [DEBUG] - Ciclo de renderizado completado (flip ejecutado).
2025-05-19 16:50:48 - juego - [DEBUG] - MENSAJE DE PRUEBA REPETIDO PARA FILTRO
2025-05-19 16:50:48 - juego - [DEBUG] - Procesando eventos Pygame...
2025-05-19 16:50:48 - juego - [DEBUG] - Iniciando ciclo de renderizado...
2025-05-19 16:50:48 - juego - [DEBUG] - Ciclo de renderizado completado (flip ejecutado).
2025-05-19 16:50:48 - juego - [DEBUG] - MENSAJE DE PRUEBA REPETIDO PARA FILTRO
2025-05-19 16:50:48 - juego - [DEBUG] - Procesando eventos Pygame...
2025-05-19 16:50:48 - juego - [DEBUG] - Iniciando ciclo de renderizado...
2025-05-19 16:50:48 - juego - [DEBUG] - Ciclo de renderizado completado (flip ejecutado).
2025-05-19 16:50:48 - juego - [DEBUG] - MENSAJE DE PRUEBA REPETIDO PARA FILTRO
2025-05-19 16:50:48 - juego - [DEBUG] - Procesando eventos Pygame...
2025-05-19 16:50:48 - juego - [DEBUG] - Iniciando ciclo de renderizado...
2025-05-19 16:50:48 - juego - [DEBUG] - Ciclo de renderizado completado (flip ejecutado).
2025-05-19 16:50:48 - juego - [DEBUG] - MENSAJE DE PRUEBA REPETIDO PARA FILTRO
2025-05-19 16:50:48 - juego - [DEBUG] - Procesando eventos Pygame...
2025-05-19 16:50:48 - juego - [DEBUG] - Iniciando ciclo de renderizado...
2025-05-19 16:50:48 - juego - [DEBUG] - Ciclo de renderizado completado (flip ejecutado).
2025-05-19 16:50:48 - juego - [DEBUG] - MENSAJE DE PRUEBA REPETIDO PARA FILTRO
2025-05-19 16:50:48 - juego - [DEBUG] - Procesando eventos Pygame...
2025-05-19 16:50:48 - juego - [DEBUG] - Iniciando ciclo de renderizado...
2025-05-19 16:50:48 - juego - [DEBUG] - Ciclo de renderizado completado (flip ejecutado).
2025-05-19 16:50:48 - juego - [DEBUG] - MENSAJE DE PRUEBA REPETIDO PARA FILTRO
2025-05-19 16:50:48 - juego - [DEBUG] - Procesando eventos Pygame...
2025-05-19 16:50:48 - juego - [DEBUG] - Iniciando ciclo de renderizado...
2025-05-19 16:50:48 - juego - [DEBUG] - Ciclo de renderizado completado (flip ejecutado).
2025-05-19 16:50:48 - juego - [DEBUG] - MENSAJE DE PRUEBA REPETIDO PARA FILTRO
2025-05-19 16:50:48 - juego - [DEBUG] - Procesando eventos Pygame...
2025-05-19 16:50:48 - juego - [DEBUG] - Iniciando ciclo de renderizado...
2025-05-19 16:50:48 - juego - [DEBUG] - Ciclo de renderizado completado (flip ejecutado).
2025-05-19 16:50:48 - juego - [DEBUG] - MENSAJE DE PRUEBA REPETIDO PARA FILTRO
2025-05-19 16:50:48 - juego - [DEBUG] - Procesando eventos Pygame...
2025-05-19 16:50:48 - juego - [DEBUG] - Iniciando ciclo de renderizado...
2025-05-19 16:50:48 - juego - [DEBUG] - Ciclo de renderizado completado (flip ejecutado).
2025-05-19 16:50:48 - juego - [DEBUG] - MENSAJE DE PRUEBA REPETIDO PARA FILTRO
2025-05-19 16:50:48 - juego - [DEBUG] - Procesando eventos Pygame...
2025-05-19 16:50:48 - juego - [DEBUG] - Iniciando ciclo de renderizado...
2025-05-19 16:50:48 - juego - [DEBUG] - Ciclo de renderizado completado (flip ejecutado).
2025-05-19 16:50:48 - juego - [DEBUG] - MENSAJE DE PRUEBA REPETIDO PARA FILTRO
2025-05-19 16:50:48 - juego - [DEBUG] - Procesando eventos Pygame...
2025-05-19 16:50:48 - juego - [DEBUG] - Iniciando ciclo de renderizado...
2025-05-19 16:50:48 - juego - [DEBUG] - Ciclo de renderizado completado (flip ejecutado).
2025-05-19 16:50:48 - juego - [DEBUG] - MENSAJE DE PRUEBA REPETIDO PARA FILTRO
2025-05-19 16:50:48 - juego - [DEBUG] - Procesando eventos Pygame...
2025-05-19 16:50:48 - juego - [DEBUG] - Iniciando ciclo de renderizado...
2025-05-19 16:50:48 - juego - [DEBUG] - Ciclo de renderizado completado (flip ejecutado).
2025-05-19 16:50:48 - juego - [DEBUG] - MENSAJE DE PRUEBA REPETIDO PARA FILTRO
2025-05-19 16:50:48 - juego - [DEBUG] - Procesando eventos Pygame...
2025-05-19 16:50:48 - juego - [DEBUG] - Iniciando ciclo de renderizado...
2025-05-19 16:50:48 - juego - [DEBUG] - Ciclo de renderizado completado (flip ejecutado).
2025-05-19 16:50:49 - juego - [DEBUG] - MENSAJE DE PRUEBA REPETIDO PARA FILTRO
2025-05-19 16:50:49 - juego - [DEBUG] - Procesando eventos Pygame...
2025-05-19 16:50:49 - juego - [DEBUG] - Iniciando ciclo de renderizado...
2025-05-19 16:50:49 - juego - [DEBUG] - Ciclo de renderizado completado (flip ejecutado).
2025-05-19 16:50:49 - juego - [DEBUG] - MENSAJE DE PRUEBA REPETIDO PARA FILTRO
2025-05-19 16:50:49 - juego - [DEBUG] - Procesando eventos Pygame...
2025-05-19 16:50:49 - juego - [DEBUG] - Iniciando ciclo de renderizado...
2025-05-19 16:50:49 - juego - [DEBUG] - Ciclo de renderizado completado (flip ejecutado).
2025-05-19 16:50:49 - juego - [DEBUG] - MENSAJE DE PRUEBA REPETIDO PARA FILTRO
2025-05-19 16:50:49 - juego - [DEBUG] - Procesando eventos Pygame...
2025-05-19 16:50:49 - juego - [DEBUG] - Iniciando ciclo de renderizado...
2025-05-19 16:50:49 - juego - [DEBUG] - Ciclo de renderizado completado (flip ejecutado).
2025-05-19 16:50:49 - juego - [DEBUG] - MENSAJE DE PRUEBA REPETIDO PARA FILTRO
2025-05-19 16:50:49 - juego - [DEBUG] - Procesando eventos Pygame...
2025-05-19 16:50:49 - juego - [DEBUG] - Iniciando ciclo de renderizado...
2025-05-19 16:50:49 - juego - [DEBUG] - Ciclo de renderizado completado (flip ejecutado).
2025-05-19 16:50:49 - juego - [DEBUG] - MENSAJE DE PRUEBA REPETIDO PARA FILTRO
2025-05-19 16:50:49 - juego - [DEBUG] - Procesando eventos Pygame...
2025-05-19 16:50:49 - juego - [DEBUG] - Iniciando ciclo de renderizado...
2025-05-19 16:50:49 - juego - [DEBUG] - Ciclo de renderizado completado (flip ejecutado).
2025-05-19 16:50:49 - juego - [DEBUG] - MENSAJE DE PRUEBA REPETIDO PARA FILTRO
2025-05-19 16:50:49 - juego - [DEBUG] - Procesando eventos Pygame...
2025-05-19 16:50:49 - juego - [DEBUG] - Iniciando ciclo de renderizado...
2025-05-19 16:50:49 - juego - [DEBUG] - Ciclo de renderizado completado (flip ejecutado).
2025-05-19 16:50:49 - juego - [DEBUG] - MENSAJE DE PRUEBA REPETIDO PARA FILTRO
2025-05-19 16:50:49 - juego - [DEBUG] - Procesando eventos Pygame...
2025-05-19 16:50:49 - juego - [DEBUG] - Iniciando ciclo de renderizado...
2025-05-19 16:50:49 - juego - [DEBUG] - Ciclo de renderizado completado (flip ejecutado).
2025-05-19 16:50:49 - juego - [DEBUG] - MENSAJE DE PRUEBA REPETIDO PARA FILTRO
2025-05-19 16:50:49 - juego - [DEBUG] - Procesando eventos Pygame...
2025-05-19 16:50:49 - juego - [DEBUG] - Iniciando ciclo de renderizado...
2025-05-19 16:50:49 - juego - [DEBUG] - Ciclo de renderizado completado (flip ejecutado).
2025-05-19 16:50:49 - juego - [DEBUG] - MENSAJE DE PRUEBA REPETIDO PARA FILTRO
2025-05-19 16:50:49 - juego - [DEBUG] - Procesando eventos Pygame...
2025-05-19 16:50:49 - juego - [DEBUG] - Iniciando ciclo de renderizado...
2025-05-19 16:50:49 - juego - [DEBUG] - Ciclo de renderizado completado (flip ejecutado).
2025-05-19 16:50:49 - juego - [DEBUG] - MENSAJE DE PRUEBA REPETIDO PARA FILTRO
2025-05-19 16:50:49 - juego - [DEBUG] - Procesando eventos Pygame...
2025-05-19 16:50:49 - juego - [DEBUG] - Iniciando ciclo de renderizado...
2025-05-19 16:50:49 - juego - [DEBUG] - Ciclo de renderizado completado (flip ejecutado).
2025-05-19 16:50:49 - juego - [DEBUG] - MENSAJE DE PRUEBA REPETIDO PARA FILTRO
2025-05-19 16:50:49 - juego - [DEBUG] - Procesando eventos Pygame...
2025-05-19 16:50:49 - juego - [DEBUG] - Iniciando ciclo de renderizado...
2025-05-19 16:50:49 - juego - [DEBUG] - Ciclo de renderizado completado (flip ejecutado).
2025-05-19 16:50:49 - juego - [DEBUG] - MENSAJE DE PRUEBA REPETIDO PARA FILTRO
2025-05-19 16:50:49 - juego - [DEBUG] - Procesando eventos Pygame...
2025-05-19 16:50:49 - juego - [DEBUG] - Iniciando ciclo de renderizado...
2025-05-19 16:50:49 - juego - [DEBUG] - Ciclo de renderizado completado (flip ejecutado).
2025-05-19 16:50:49 - juego - [DEBUG] - MENSAJE DE PRUEBA REPETIDO PARA FILTRO
2025-05-19 16:50:49 - juego - [DEBUG] - Procesando eventos Pygame...
2025-05-19 16:50:49 - juego - [DEBUG] - Iniciando ciclo de renderizado...
2025-05-19 16:50:49 - juego - [DEBUG] - Ciclo de renderizado completado (flip ejecutado).
2025-05-19 16:50:49 - juego - [DEBUG] - MENSAJE DE PRUEBA REPETIDO PARA FILTRO
2025-05-19 16:50:49 - juego - [DEBUG] - Procesando eventos Pygame...
2025-05-19 16:50:49 - juego - [DEBUG] - Iniciando ciclo de renderizado...
2025-05-19 16:50:49 - juego - [DEBUG] - Ciclo de renderizado completado (flip ejecutado).
2025-05-19 16:50:49 - juego - [DEBUG] - MENSAJE DE PRUEBA REPETIDO PARA FILTRO
2025-05-19 16:50:49 - juego - [DEBUG] - Procesando eventos Pygame...
2025-05-19 16:50:49 - juego - [DEBUG] - Iniciando ciclo de renderizado...
2025-05-19 16:50:49 - juego - [DEBUG] - Ciclo de renderizado completado (flip ejecutado).
2025-05-19 16:50:49 - juego - [DEBUG] - MENSAJE DE PRUEBA REPETIDO PARA FILTRO
2025-05-19 16:50:49 - juego - [DEBUG] - Procesando eventos Pygame...
2025-05-19 16:50:49 - juego - [DEBUG] - Iniciando ciclo de renderizado...
2025-05-19 16:50:49 - juego - [DEBUG] - Ciclo de renderizado completado (flip ejecutado).
2025-05-19 16:50:49 - juego - [DEBUG] - MENSAJE DE PRUEBA REPETIDO PARA FILTRO
2025-05-19 16:50:49 - juego - [DEBUG] - Procesando eventos Pygame...
2025-05-19 16:50:49 - juego - [DEBUG] - Iniciando ciclo de renderizado...
2025-05-19 16:50:49 - juego - [DEBUG] - Ciclo de renderizado completado (flip ejecutado).
2025-05-19 16:50:49 - juego - [DEBUG] - MENSAJE DE PRUEBA REPETIDO PARA FILTRO
2025-05-19 16:50:49 - juego - [DEBUG] - Procesando eventos Pygame...
2025-05-19 16:50:49 - juego - [DEBUG] - Iniciando ciclo de renderizado...
2025-05-19 16:50:49 - juego - [DEBUG] - Ciclo de renderizado completado (flip ejecutado).
2025-05-19 16:50:49 - juego - [DEBUG] - MENSAJE DE PRUEBA REPETIDO PARA FILTRO
2025-05-19 16:50:49 - juego - [DEBUG] - Procesando eventos Pygame...
2025-05-19 16:50:49 - juego - [DEBUG] - Iniciando ciclo de renderizado...
2025-05-19 16:50:49 - juego - [DEBUG] - Ciclo de renderizado completado (flip ejecutado).
2025-05-19 16:50:49 - juego - [DEBUG] - MENSAJE DE PRUEBA REPETIDO PARA FILTRO
2025-05-19 16:50:49 - juego - [DEBUG] - Procesando eventos Pygame...
2025-05-19 16:50:49 - juego - [DEBUG] - Iniciando ciclo de renderizado...
2025-05-19 16:50:49 - juego - [DEBUG] - Ciclo de renderizado completado (flip ejecutado).
2025-05-19 16:50:49 - juego - [DEBUG] - MENSAJE DE PRUEBA REPETIDO PARA FILTRO
2025-05-19 16:50:49 - juego - [DEBUG] - Procesando eventos Pygame...
2025-05-19 16:50:49 - juego - [DEBUG] - Iniciando ciclo de renderizado...
2025-05-19 16:50:49 - juego - [DEBUG] - Ciclo de renderizado completado (flip ejecutado).
2025-05-19 16:50:49 - juego - [DEBUG] - MENSAJE DE PRUEBA REPETIDO PARA FILTRO
2025-05-19 16:50:49 - juego - [DEBUG] - Procesando eventos Pygame...
2025-05-19 16:50:49 - juego - [DEBUG] - Iniciando ciclo de renderizado...
2025-05-19 16:50:49 - juego - [DEBUG] - Ciclo de renderizado completado (flip ejecutado).
2025-05-19 16:50:49 - juego - [DEBUG] - MENSAJE DE PRUEBA REPETIDO PARA FILTRO
2025-05-19 16:50:49 - juego - [DEBUG] - Procesando eventos Pygame...
2025-05-19 16:50:49 - juego - [DEBUG] - Iniciando ciclo de renderizado...
2025-05-19 16:50:49 - juego - [DEBUG] - Ciclo de renderizado completado (flip ejecutado).
2025-05-19 16:50:49 - juego - [DEBUG] - MENSAJE DE PRUEBA REPETIDO PARA FILTRO
2025-05-19 16:50:49 - juego - [DEBUG] - Procesando eventos Pygame...
2025-05-19 16:50:49 - juego - [DEBUG] - Iniciando ciclo de renderizado...
2025-05-19 16:50:49 - juego - [DEBUG] - Ciclo de renderizado completado (flip ejecutado).
2025-05-19 16:50:49 - juego - [DEBUG] - MENSAJE DE PRUEBA REPETIDO PARA FILTRO
2025-05-19 16:50:49 - juego - [DEBUG] - Procesando eventos Pygame...
2025-05-19 16:50:49 - juego - [DEBUG] - Iniciando ciclo de renderizado...
2025-05-19 16:50:49 - juego - [DEBUG] - Ciclo de renderizado completado (flip ejecutado).
2025-05-19 16:50:49 - juego - [DEBUG] - MENSAJE DE PRUEBA REPETIDO PARA FILTRO
2025-05-19 16:50:49 - juego - [DEBUG] - Procesando eventos Pygame...
2025-05-19 16:50:49 - juego - [DEBUG] - Iniciando ciclo de renderizado...
2025-05-19 16:50:49 - juego - [DEBUG] - Ciclo de renderizado completado (flip ejecutado).
2025-05-19 16:50:49 - juego - [DEBUG] - MENSAJE DE PRUEBA REPETIDO PARA FILTRO
2025-05-19 16:50:49 - juego - [DEBUG] - Procesando eventos Pygame...
2025-05-19 16:50:49 - juego - [DEBUG] - Iniciando ciclo de renderizado...
2025-05-19 16:50:49 - juego - [DEBUG] - Ciclo de renderizado completado (flip ejecutado).
2025-05-19 16:50:49 - juego - [DEBUG] - MENSAJE DE PRUEBA REPETIDO PARA FILTRO
2025-05-19 16:50:49 - juego - [DEBUG] - Procesando eventos Pygame...
2025-05-19 16:50:49 - juego - [DEBUG] - Iniciando ciclo de renderizado...
2025-05-19 16:50:49 - juego - [DEBUG] - Ciclo de renderizado completado (flip ejecutado).
2025-05-19 16:50:49 - juego - [DEBUG] - MENSAJE DE PRUEBA REPETIDO PARA FILTRO
2025-05-19 16:50:49 - juego - [DEBUG] - Procesando eventos Pygame...
2025-05-19 16:50:49 - juego - [DEBUG] - Iniciando ciclo de renderizado...
2025-05-19 16:50:49 - juego - [DEBUG] - Ciclo de renderizado completado (flip ejecutado).
2025-05-19 16:50:49 - juego - [DEBUG] - MENSAJE DE PRUEBA REPETIDO PARA FILTRO
2025-05-19 16:50:49 - juego - [DEBUG] - Procesando eventos Pygame...
2025-05-19 16:50:49 - juego - [DEBUG] - Iniciando ciclo de renderizado...
2025-05-19 16:50:49 - juego - [DEBUG] - Ciclo de renderizado completado (flip ejecutado).
2025-05-19 16:50:49 - juego - [DEBUG] - MENSAJE DE PRUEBA REPETIDO PARA FILTRO
2025-05-19 16:50:49 - juego - [DEBUG] - Procesando eventos Pygame...
2025-05-19 16:50:49 - juego - [DEBUG] - Iniciando ciclo de renderizado...
2025-05-19 16:50:49 - juego - [DEBUG] - Ciclo de renderizado completado (flip ejecutado).
2025-05-19 16:50:49 - juego - [DEBUG] - MENSAJE DE PRUEBA REPETIDO PARA FILTRO
2025-05-19 16:50:49 - juego - [DEBUG] - Procesando eventos Pygame...
2025-05-19 16:50:49 - juego - [DEBUG] - Iniciando ciclo de renderizado...
2025-05-19 16:50:49 - juego - [DEBUG] - Ciclo de renderizado completado (flip ejecutado).
2025-05-19 16:50:49 - juego - [DEBUG] - MENSAJE DE PRUEBA REPETIDO PARA FILTRO
2025-05-19 16:50:49 - juego - [DEBUG] - Procesando eventos Pygame...
2025-05-19 16:50:49 - juego - [DEBUG] - Iniciando ciclo de renderizado...
2025-05-19 16:50:49 - juego - [DEBUG] - Ciclo de renderizado completado (flip ejecutado).
2025-05-19 16:50:49 - juego - [DEBUG] - MENSAJE DE PRUEBA REPETIDO PARA FILTRO
2025-05-19 16:50:49 - juego - [DEBUG] - Procesando eventos Pygame...
2025-05-19 16:50:49 - juego - [DEBUG] - Iniciando ciclo de renderizado...
2025-05-19 16:50:49 - juego - [DEBUG] - Ciclo de renderizado completado (flip ejecutado).
2025-05-19 16:50:49 - juego - [DEBUG] - MENSAJE DE PRUEBA REPETIDO PARA FILTRO
2025-05-19 16:50:49 - juego - [DEBUG] - Procesando eventos Pygame...
2025-05-19 16:50:49 - juego - [DEBUG] - Iniciando ciclo de renderizado...
2025-05-19 16:50:49 - juego - [DEBUG] - Ciclo de renderizado completado (flip ejecutado).
2025-05-19 16:50:49 - juego - [DEBUG] - MENSAJE DE PRUEBA REPETIDO PARA FILTRO
2025-05-19 16:50:49 - juego - [DEBUG] - Procesando eventos Pygame...
2025-05-19 16:50:49 - juego - [DEBUG] - Iniciando ciclo de renderizado...
2025-05-19 16:50:49 - juego - [DEBUG] - Ciclo de renderizado completado (flip ejecutado).
2025-05-19 16:50:49 - juego - [DEBUG] - MENSAJE DE PRUEBA REPETIDO PARA FILTRO
2025-05-19 16:50:49 - juego - [DEBUG] - Procesando eventos Pygame...
2025-05-19 16:50:49 - juego - [DEBUG] - Iniciando ciclo de renderizado...
2025-05-19 16:50:49 - juego - [DEBUG] - Ciclo de renderizado completado (flip ejecutado).
2025-05-19 16:50:49 - juego - [DEBUG] - MENSAJE DE PRUEBA REPETIDO PARA FILTRO
2025-05-19 16:50:49 - juego - [DEBUG] - Procesando eventos Pygame...
2025-05-19 16:50:49 - juego - [DEBUG] - Iniciando ciclo de renderizado...
2025-05-19 16:50:49 - juego - [DEBUG] - Ciclo de renderizado completado (flip ejecutado).
2025-05-19 16:50:49 - juego - [DEBUG] - MENSAJE DE PRUEBA REPETIDO PARA FILTRO
2025-05-19 16:50:49 - juego - [DEBUG] - Procesando eventos Pygame...
2025-05-19 16:50:49 - juego - [DEBUG] - Iniciando ciclo de renderizado...
2025-05-19 16:50:49 - juego - [DEBUG] - Ciclo de renderizado completado (flip ejecutado).
2025-05-19 16:50:49 - juego - [DEBUG] - MENSAJE DE PRUEBA REPETIDO PARA FILTRO
2025-05-19 16:50:49 - juego - [DEBUG] - Procesando eventos Pygame...
2025-05-19 16:50:49 - juego - [DEBUG] - Iniciando ciclo de renderizado...
2025-05-19 16:50:49 - juego - [DEBUG] - Ciclo de renderizado completado (flip ejecutado).
2025-05-19 16:50:49 - juego - [DEBUG] - MENSAJE DE PRUEBA REPETIDO PARA FILTRO
2025-05-19 16:50:49 - juego - [DEBUG] - Procesando eventos Pygame...
2025-05-19 16:50:49 - juego - [DEBUG] - Iniciando ciclo de renderizado...
2025-05-19 16:50:49 - juego - [DEBUG] - Ciclo de renderizado completado (flip ejecutado).
2025-05-19 16:50:49 - juego - [DEBUG] - MENSAJE DE PRUEBA REPETIDO PARA FILTRO
2025-05-19 16:50:49 - juego - [DEBUG] - Procesando eventos Pygame...
2025-05-19 16:50:49 - juego - [DEBUG] - Iniciando ciclo de renderizado...
2025-05-19 16:50:49 - juego - [DEBUG] - Ciclo de renderizado completado (flip ejecutado).
2025-05-19 16:50:49 - juego - [DEBUG] - MENSAJE DE PRUEBA REPETIDO PARA FILTRO
2025-05-19 16:50:49 - juego - [DEBUG] - Procesando eventos Pygame...
2025-05-19 16:50:49 - juego - [DEBUG] - Iniciando ciclo de renderizado...
2025-05-19 16:50:49 - juego - [DEBUG] - Ciclo de renderizado completado (flip ejecutado).
2025-05-19 16:50:49 - juego - [DEBUG] - MENSAJE DE PRUEBA REPETIDO PARA FILTRO
2025-05-19 16:50:49 - juego - [DEBUG] - Procesando eventos Pygame...
2025-05-19 16:50:49 - juego - [DEBUG] - Iniciando ciclo de renderizado...
2025-05-19 16:50:49 - juego - [DEBUG] - Ciclo de renderizado completado (flip ejecutado).
2025-05-19 16:50:49 - juego - [DEBUG] - MENSAJE DE PRUEBA REPETIDO PARA FILTRO
2025-05-19 16:50:49 - juego - [DEBUG] - Procesando eventos Pygame...
2025-05-19 16:50:49 - juego - [DEBUG] - Iniciando ciclo de renderizado...
2025-05-19 16:50:49 - juego - [DEBUG] - Ciclo de renderizado completado (flip ejecutado).
2025-05-19 16:50:49 - juego - [DEBUG] - MENSAJE DE PRUEBA REPETIDO PARA FILTRO
2025-05-19 16:50:49 - juego - [DEBUG] - Procesando eventos Pygame...
2025-05-19 16:50:49 - juego - [DEBUG] - Iniciando ciclo de renderizado...
2025-05-19 16:50:49 - juego - [DEBUG] - Ciclo de renderizado completado (flip ejecutado).
2025-05-19 16:50:49 - juego - [DEBUG] - MENSAJE DE PRUEBA REPETIDO PARA FILTRO
2025-05-19 16:50:49 - juego - [DEBUG] - Procesando eventos Pygame...
2025-05-19 16:50:49 - juego - [DEBUG] - Iniciando ciclo de renderizado...
2025-05-19 16:50:49 - juego - [DEBUG] - Ciclo de renderizado completado (flip ejecutado).
2025-05-19 16:50:49 - juego - [DEBUG] - MENSAJE DE PRUEBA REPETIDO PARA FILTRO
2025-05-19 16:50:49 - juego - [DEBUG] - Procesando eventos Pygame...
2025-05-19 16:50:49 - juego - [DEBUG] - Iniciando ciclo de renderizado...
2025-05-19 16:50:49 - juego - [DEBUG] - Ciclo de renderizado completado (flip ejecutado).
2025-05-19 16:50:49 - juego - [DEBUG] - MENSAJE DE PRUEBA REPETIDO PARA FILTRO
2025-05-19 16:50:49 - juego - [DEBUG] - Procesando eventos Pygame...
2025-05-19 16:50:49 - juego - [DEBUG] - Iniciando ciclo de renderizado...
2025-05-19 16:50:49 - juego - [DEBUG] - Ciclo de renderizado completado (flip ejecutado).
2025-05-19 16:50:49 - juego - [DEBUG] - MENSAJE DE PRUEBA REPETIDO PARA FILTRO
2025-05-19 16:50:49 - juego - [DEBUG] - Procesando eventos Pygame...
2025-05-19 16:50:49 - juego - [DEBUG] - Iniciando ciclo de renderizado...
2025-05-19 16:50:49 - juego - [DEBUG] - Ciclo de renderizado completado (flip ejecutado).
2025-05-19 16:50:49 - juego - [DEBUG] - MENSAJE DE PRUEBA REPETIDO PARA FILTRO
2025-05-19 16:50:49 - juego - [DEBUG] - Procesando eventos Pygame...
2025-05-19 16:50:49 - juego - [DEBUG] - Iniciando ciclo de renderizado...
2025-05-19 16:50:49 - juego - [DEBUG] - Ciclo de renderizado completado (flip ejecutado).
2025-05-19 16:50:49 - juego - [DEBUG] - MENSAJE DE PRUEBA REPETIDO PARA FILTRO
2025-05-19 16:50:49 - juego - [DEBUG] - Procesando eventos Pygame...
2025-05-19 16:50:49 - juego - [DEBUG] - Iniciando ciclo de renderizado...
2025-05-19 16:50:49 - juego - [DEBUG] - Ciclo de renderizado completado (flip ejecutado).
2025-05-19 16:50:49 - juego - [DEBUG] - MENSAJE DE PRUEBA REPETIDO PARA FILTRO
2025-05-19 16:50:49 - juego - [DEBUG] - Procesando eventos Pygame...
2025-05-19 16:50:49 - juego - [DEBUG] - Iniciando ciclo de renderizado...
2025-05-19 16:50:49 - juego - [DEBUG] - Ciclo de renderizado completado (flip ejecutado).
2025-05-19 16:50:49 - juego - [DEBUG] - MENSAJE DE PRUEBA REPETIDO PARA FILTRO
2025-05-19 16:50:49 - juego - [DEBUG] - Procesando eventos Pygame...
2025-05-19 16:50:49 - juego - [DEBUG] - Iniciando ciclo de renderizado...
2025-05-19 16:50:49 - juego - [DEBUG] - Ciclo de renderizado completado (flip ejecutado).
2025-05-19 16:50:49 - juego - [DEBUG] - MENSAJE DE PRUEBA REPETIDO PARA FILTRO
2025-05-19 16:50:49 - juego - [DEBUG] - Procesando eventos Pygame...
2025-05-19 16:50:49 - juego - [DEBUG] - Iniciando ciclo de renderizado...
2025-05-19 16:50:49 - juego - [DEBUG] - Ciclo de renderizado completado (flip ejecutado).
2025-05-19 16:50:49 - juego - [DEBUG] - MENSAJE DE PRUEBA REPETIDO PARA FILTRO
2025-05-19 16:50:49 - juego - [DEBUG] - Procesando eventos Pygame...
2025-05-19 16:50:49 - juego - [DEBUG] - Iniciando ciclo de renderizado...
2025-05-19 16:50:49 - juego - [DEBUG] - Ciclo de renderizado completado (flip ejecutado).
2025-05-19 16:50:49 - juego - [DEBUG] - MENSAJE DE PRUEBA REPETIDO PARA FILTRO
2025-05-19 16:50:49 - juego - [DEBUG] - Procesando eventos Pygame...
2025-05-19 16:50:49 - juego - [DEBUG] - Iniciando ciclo de renderizado...
2025-05-19 16:50:49 - juego - [DEBUG] - Ciclo de renderizado completado (flip ejecutado).
2025-05-19 16:50:49 - juego - [DEBUG] - MENSAJE DE PRUEBA REPETIDO PARA FILTRO
2025-05-19 16:50:49 - juego - [DEBUG] - Procesando eventos Pygame...
2025-05-19 16:50:49 - juego - [DEBUG] - Iniciando ciclo de renderizado...
2025-05-19 16:50:49 - juego - [DEBUG] - Ciclo de renderizado completado (flip ejecutado).
2025-05-19 16:50:49 - juego - [DEBUG] - MENSAJE DE PRUEBA REPETIDO PARA FILTRO
2025-05-19 16:50:49 - juego - [DEBUG] - Procesando eventos Pygame...
2025-05-19 16:50:49 - juego - [DEBUG] - Iniciando ciclo de renderizado...
2025-05-19 16:50:49 - juego - [DEBUG] - Ciclo de renderizado completado (flip ejecutado).
2025-05-19 16:50:49 - juego - [DEBUG] - MENSAJE DE PRUEBA REPETIDO PARA FILTRO
2025-05-19 16:50:49 - juego - [DEBUG] - Procesando eventos Pygame...
2025-05-19 16:50:49 - juego - [DEBUG] - Iniciando ciclo de renderizado...
2025-05-19 16:50:49 - juego - [DEBUG] - Ciclo de renderizado completado (flip ejecutado).
2025-05-19 16:50:49 - juego - [DEBUG] - MENSAJE DE PRUEBA REPETIDO PARA FILTRO
2025-05-19 16:50:49 - juego - [DEBUG] - Procesando eventos Pygame...
2025-05-19 16:50:49 - juego - [DEBUG] - Iniciando ciclo de renderizado...
2025-05-19 16:50:49 - juego - [DEBUG] - Ciclo de renderizado completado (flip ejecutado).
2025-05-19 16:50:50 - juego - [DEBUG] - MENSAJE DE PRUEBA REPETIDO PARA FILTRO
2025-05-19 16:50:50 - juego - [DEBUG] - Procesando eventos Pygame...
2025-05-19 16:50:50 - juego - [DEBUG] - Iniciando ciclo de renderizado...
2025-05-19 16:50:50 - juego - [DEBUG] - Ciclo de renderizado completado (flip ejecutado).
2025-05-19 16:50:50 - juego - [DEBUG] - MENSAJE DE PRUEBA REPETIDO PARA FILTRO
2025-05-19 16:50:50 - juego - [DEBUG] - Procesando eventos Pygame...
2025-05-19 16:50:50 - juego - [DEBUG] - Iniciando ciclo de renderizado...
2025-05-19 16:50:50 - juego - [DEBUG] - Ciclo de renderizado completado (flip ejecutado).
2025-05-19 16:50:50 - juego - [DEBUG] - MENSAJE DE PRUEBA REPETIDO PARA FILTRO
2025-05-19 16:50:50 - juego - [DEBUG] - Procesando eventos Pygame...
2025-05-19 16:50:50 - juego - [DEBUG] - Iniciando ciclo de renderizado...
2025-05-19 16:50:50 - juego - [DEBUG] - Ciclo de renderizado completado (flip ejecutado).
2025-05-19 16:50:50 - juego - [DEBUG] - MENSAJE DE PRUEBA REPETIDO PARA FILTRO
2025-05-19 16:50:50 - juego - [DEBUG] - Procesando eventos Pygame...
2025-05-19 16:50:50 - juego - [DEBUG] - Iniciando ciclo de renderizado...
2025-05-19 16:50:50 - juego - [DEBUG] - Ciclo de renderizado completado (flip ejecutado).
2025-05-19 16:50:50 - juego - [DEBUG] - MENSAJE DE PRUEBA REPETIDO PARA FILTRO
2025-05-19 16:50:50 - juego - [DEBUG] - Procesando eventos Pygame...
2025-05-19 16:50:50 - juego - [DEBUG] - Iniciando ciclo de renderizado...
2025-05-19 16:50:50 - juego - [DEBUG] - Ciclo de renderizado completado (flip ejecutado).
2025-05-19 16:50:50 - juego - [DEBUG] - MENSAJE DE PRUEBA REPETIDO PARA FILTRO
2025-05-19 16:50:50 - juego - [DEBUG] - Procesando eventos Pygame...
2025-05-19 16:50:50 - juego - [DEBUG] - Iniciando ciclo de renderizado...
2025-05-19 16:50:50 - juego - [DEBUG] - Ciclo de renderizado completado (flip ejecutado).
2025-05-19 16:50:50 - juego - [DEBUG] - MENSAJE DE PRUEBA REPETIDO PARA FILTRO
2025-05-19 16:50:50 - juego - [DEBUG] - Procesando eventos Pygame...
2025-05-19 16:50:50 - juego - [DEBUG] - Iniciando ciclo de renderizado...
2025-05-19 16:50:50 - juego - [DEBUG] - Ciclo de renderizado completado (flip ejecutado).
2025-05-19 16:50:50 - juego - [DEBUG] - MENSAJE DE PRUEBA REPETIDO PARA FILTRO
2025-05-19 16:50:50 - juego - [DEBUG] - Procesando eventos Pygame...
2025-05-19 16:50:50 - juego - [DEBUG] - Iniciando ciclo de renderizado...
2025-05-19 16:50:50 - juego - [DEBUG] - Ciclo de renderizado completado (flip ejecutado).
2025-05-19 16:50:50 - juego - [DEBUG] - MENSAJE DE PRUEBA REPETIDO PARA FILTRO
2025-05-19 16:50:50 - juego - [DEBUG] - Procesando eventos Pygame...
2025-05-19 16:50:50 - juego - [DEBUG] - Iniciando ciclo de renderizado...
2025-05-19 16:50:50 - juego - [DEBUG] - Ciclo de renderizado completado (flip ejecutado).
2025-05-19 16:50:50 - juego - [DEBUG] - MENSAJE DE PRUEBA REPETIDO PARA FILTRO
2025-05-19 16:50:50 - juego - [DEBUG] - Procesando eventos Pygame...
2025-05-19 16:50:50 - juego - [DEBUG] - Iniciando ciclo de renderizado...
2025-05-19 16:50:50 - juego - [DEBUG] - Ciclo de renderizado completado (flip ejecutado).
2025-05-19 16:50:50 - juego - [DEBUG] - MENSAJE DE PRUEBA REPETIDO PARA FILTRO
2025-05-19 16:50:50 - juego - [DEBUG] - Procesando eventos Pygame...
2025-05-19 16:50:50 - juego - [DEBUG] - Iniciando ciclo de renderizado...
2025-05-19 16:50:50 - juego - [DEBUG] - Ciclo de renderizado completado (flip ejecutado).
2025-05-19 16:50:50 - juego - [DEBUG] - MENSAJE DE PRUEBA REPETIDO PARA FILTRO
2025-05-19 16:50:50 - juego - [DEBUG] - Procesando eventos Pygame...
2025-05-19 16:50:50 - juego - [DEBUG] - Iniciando ciclo de renderizado...
2025-05-19 16:50:50 - juego - [DEBUG] - Ciclo de renderizado completado (flip ejecutado).
2025-05-19 16:50:50 - juego - [DEBUG] - MENSAJE DE PRUEBA REPETIDO PARA FILTRO
2025-05-19 16:50:50 - juego - [DEBUG] - Procesando eventos Pygame...
2025-05-19 16:50:50 - juego - [DEBUG] - Iniciando ciclo de renderizado...
2025-05-19 16:50:50 - juego - [DEBUG] - Ciclo de renderizado completado (flip ejecutado).
2025-05-19 16:50:50 - juego - [DEBUG] - MENSAJE DE PRUEBA REPETIDO PARA FILTRO
2025-05-19 16:50:50 - juego - [DEBUG] - Procesando eventos Pygame...
2025-05-19 16:50:50 - juego - [DEBUG] - Iniciando ciclo de renderizado...
2025-05-19 16:50:50 - juego - [DEBUG] - Ciclo de renderizado completado (flip ejecutado).
2025-05-19 16:50:50 - juego - [DEBUG] - MENSAJE DE PRUEBA REPETIDO PARA FILTRO
2025-05-19 16:50:50 - juego - [DEBUG] - Procesando eventos Pygame...
2025-05-19 16:50:50 - juego - [DEBUG] - Iniciando ciclo de renderizado...
2025-05-19 16:50:50 - juego - [DEBUG] - Ciclo de renderizado completado (flip ejecutado).
2025-05-19 16:50:50 - juego - [DEBUG] - MENSAJE DE PRUEBA REPETIDO PARA FILTRO
2025-05-19 16:50:50 - juego - [DEBUG] - Procesando eventos Pygame...
2025-05-19 16:50:50 - juego - [DEBUG] - Iniciando ciclo de renderizado...
2025-05-19 16:50:50 - juego - [DEBUG] - Ciclo de renderizado completado (flip ejecutado).
2025-05-19 16:50:50 - juego - [DEBUG] - MENSAJE DE PRUEBA REPETIDO PARA FILTRO
2025-05-19 16:50:50 - juego - [DEBUG] - Procesando eventos Pygame...
2025-05-19 16:50:50 - juego - [DEBUG] - Iniciando ciclo de renderizado...
2025-05-19 16:50:50 - juego - [DEBUG] - Ciclo de renderizado completado (flip ejecutado).
2025-05-19 16:50:50 - juego - [DEBUG] - MENSAJE DE PRUEBA REPETIDO PARA FILTRO
2025-05-19 16:50:50 - juego - [DEBUG] - Procesando eventos Pygame...
2025-05-19 16:50:50 - juego - [DEBUG] - Iniciando ciclo de renderizado...
2025-05-19 16:50:50 - juego - [DEBUG] - Ciclo de renderizado completado (flip ejecutado).
2025-05-19 16:50:50 - juego - [DEBUG] - MENSAJE DE PRUEBA REPETIDO PARA FILTRO
2025-05-19 16:50:50 - juego - [DEBUG] - Procesando eventos Pygame...
2025-05-19 16:50:50 - juego - [DEBUG] - Iniciando ciclo de renderizado...
2025-05-19 16:50:50 - juego - [DEBUG] - Ciclo de renderizado completado (flip ejecutado).
2025-05-19 16:50:50 - juego - [DEBUG] - MENSAJE DE PRUEBA REPETIDO PARA FILTRO
2025-05-19 16:50:50 - juego - [DEBUG] - Procesando eventos Pygame...
2025-05-19 16:50:50 - juego - [DEBUG] - Iniciando ciclo de renderizado...
2025-05-19 16:50:50 - juego - [DEBUG] - Ciclo de renderizado completado (flip ejecutado).
2025-05-19 16:50:50 - juego - [DEBUG] - MENSAJE DE PRUEBA REPETIDO PARA FILTRO
2025-05-19 16:50:50 - juego - [DEBUG] - Procesando eventos Pygame...
2025-05-19 16:50:50 - juego - [DEBUG] - Iniciando ciclo de renderizado...
2025-05-19 16:50:50 - juego - [DEBUG] - Ciclo de renderizado completado (flip ejecutado).
2025-05-19 16:50:50 - juego - [DEBUG] - MENSAJE DE PRUEBA REPETIDO PARA FILTRO
2025-05-19 16:50:50 - juego - [DEBUG] - Procesando eventos Pygame...
2025-05-19 16:50:50 - juego - [DEBUG] - Iniciando ciclo de renderizado...
2025-05-19 16:50:50 - juego - [DEBUG] - Ciclo de renderizado completado (flip ejecutado).
2025-05-19 16:50:50 - juego - [DEBUG] - MENSAJE DE PRUEBA REPETIDO PARA FILTRO
2025-05-19 16:50:50 - juego - [DEBUG] - Procesando eventos Pygame...
2025-05-19 16:50:50 - juego - [DEBUG] - Iniciando ciclo de renderizado...
2025-05-19 16:50:50 - juego - [DEBUG] - Ciclo de renderizado completado (flip ejecutado).
2025-05-19 16:50:50 - juego - [DEBUG] - MENSAJE DE PRUEBA REPETIDO PARA FILTRO
2025-05-19 16:50:50 - juego - [DEBUG] - Procesando eventos Pygame...
2025-05-19 16:50:50 - juego - [DEBUG] - Iniciando ciclo de renderizado...
2025-05-19 16:50:50 - juego - [DEBUG] - Ciclo de renderizado completado (flip ejecutado).
2025-05-19 16:50:50 - juego - [DEBUG] - MENSAJE DE PRUEBA REPETIDO PARA FILTRO
2025-05-19 16:50:50 - juego - [DEBUG] - Procesando eventos Pygame...
2025-05-19 16:50:50 - juego - [DEBUG] - Iniciando ciclo de renderizado...
2025-05-19 16:50:50 - juego - [DEBUG] - Ciclo de renderizado completado (flip ejecutado).
2025-05-19 16:50:50 - juego - [DEBUG] - MENSAJE DE PRUEBA REPETIDO PARA FILTRO
2025-05-19 16:50:50 - juego - [DEBUG] - Procesando eventos Pygame...
2025-05-19 16:50:50 - juego - [DEBUG] - Iniciando ciclo de renderizado...
2025-05-19 16:50:50 - juego - [DEBUG] - Ciclo de renderizado completado (flip ejecutado).
2025-05-19 16:50:50 - juego - [DEBUG] - MENSAJE DE PRUEBA REPETIDO PARA FILTRO
2025-05-19 16:50:50 - juego - [DEBUG] - Procesando eventos Pygame...
2025-05-19 16:50:50 - juego - [DEBUG] - Iniciando ciclo de renderizado...
2025-05-19 16:50:50 - juego - [DEBUG] - Ciclo de renderizado completado (flip ejecutado).
2025-05-19 16:50:50 - juego - [DEBUG] - MENSAJE DE PRUEBA REPETIDO PARA FILTRO
2025-05-19 16:50:50 - juego - [DEBUG] - Procesando eventos Pygame...
2025-05-19 16:50:50 - juego - [DEBUG] - Iniciando ciclo de renderizado...
2025-05-19 16:50:50 - juego - [DEBUG] - Ciclo de renderizado completado (flip ejecutado).
2025-05-19 16:50:50 - juego - [DEBUG] - MENSAJE DE PRUEBA REPETIDO PARA FILTRO
2025-05-19 16:50:50 - juego - [DEBUG] - Procesando eventos Pygame...
2025-05-19 16:50:50 - juego - [DEBUG] - Iniciando ciclo de renderizado...
2025-05-19 16:50:50 - juego - [DEBUG] - Ciclo de renderizado completado (flip ejecutado).
2025-05-19 16:50:50 - juego - [DEBUG] - MENSAJE DE PRUEBA REPETIDO PARA FILTRO
2025-05-19 16:50:50 - juego - [DEBUG] - Procesando eventos Pygame...
2025-05-19 16:50:50 - juego - [DEBUG] - Iniciando ciclo de renderizado...
2025-05-19 16:50:50 - juego - [DEBUG] - Ciclo de renderizado completado (flip ejecutado).
2025-05-19 16:50:50 - juego - [DEBUG] - MENSAJE DE PRUEBA REPETIDO PARA FILTRO
2025-05-19 16:50:50 - juego - [DEBUG] - Procesando eventos Pygame...
2025-05-19 16:50:50 - juego - [DEBUG] - Iniciando ciclo de renderizado...
2025-05-19 16:50:50 - juego - [DEBUG] - Ciclo de renderizado completado (flip ejecutado).
2025-05-19 16:50:50 - juego - [DEBUG] - MENSAJE DE PRUEBA REPETIDO PARA FILTRO
2025-05-19 16:50:50 - juego - [DEBUG] - Procesando eventos Pygame...
2025-05-19 16:50:50 - juego - [DEBUG] - Iniciando ciclo de renderizado...
2025-05-19 16:50:50 - juego - [DEBUG] - Ciclo de renderizado completado (flip ejecutado).
2025-05-19 16:50:50 - juego - [DEBUG] - MENSAJE DE PRUEBA REPETIDO PARA FILTRO
2025-05-19 16:50:50 - juego - [DEBUG] - Procesando eventos Pygame...
2025-05-19 16:50:50 - juego - [DEBUG] - Iniciando ciclo de renderizado...
2025-05-19 16:50:50 - juego - [DEBUG] - Ciclo de renderizado completado (flip ejecutado).
2025-05-19 16:50:50 - juego - [DEBUG] - MENSAJE DE PRUEBA REPETIDO PARA FILTRO
2025-05-19 16:50:50 - juego - [DEBUG] - Procesando eventos Pygame...
2025-05-19 16:50:50 - juego - [DEBUG] - Iniciando ciclo de renderizado...
2025-05-19 16:50:50 - juego - [DEBUG] - Ciclo de renderizado completado (flip ejecutado).
2025-05-19 16:50:50 - juego - [DEBUG] - MENSAJE DE PRUEBA REPETIDO PARA FILTRO
2025-05-19 16:50:50 - juego - [DEBUG] - Procesando eventos Pygame...
2025-05-19 16:50:50 - juego - [DEBUG] - Iniciando ciclo de renderizado...
2025-05-19 16:50:50 - juego - [DEBUG] - Ciclo de renderizado completado (flip ejecutado).
2025-05-19 16:50:50 - juego - [DEBUG] - MENSAJE DE PRUEBA REPETIDO PARA FILTRO
2025-05-19 16:50:50 - juego - [DEBUG] - Procesando eventos Pygame...
2025-05-19 16:50:50 - juego - [DEBUG] - Iniciando ciclo de renderizado...
2025-05-19 16:50:50 - juego - [DEBUG] - Ciclo de renderizado completado (flip ejecutado).
2025-05-19 16:50:50 - juego - [DEBUG] - MENSAJE DE PRUEBA REPETIDO PARA FILTRO
2025-05-19 16:50:50 - juego - [DEBUG] - Procesando eventos Pygame...
2025-05-19 16:50:50 - juego - [DEBUG] - Iniciando ciclo de renderizado...
2025-05-19 16:50:50 - juego - [DEBUG] - Ciclo de renderizado completado (flip ejecutado).
2025-05-19 16:50:50 - juego - [DEBUG] - MENSAJE DE PRUEBA REPETIDO PARA FILTRO
2025-05-19 16:50:50 - juego - [DEBUG] - Procesando eventos Pygame...
2025-05-19 16:50:50 - juego - [DEBUG] - Iniciando ciclo de renderizado...
2025-05-19 16:50:50 - juego - [DEBUG] - Ciclo de renderizado completado (flip ejecutado).
2025-05-19 16:50:50 - juego - [DEBUG] - MENSAJE DE PRUEBA REPETIDO PARA FILTRO
2025-05-19 16:50:50 - juego - [DEBUG] - Procesando eventos Pygame...
2025-05-19 16:50:50 - juego - [DEBUG] - Iniciando ciclo de renderizado...
2025-05-19 16:50:50 - juego - [DEBUG] - Ciclo de renderizado completado (flip ejecutado).
2025-05-19 16:50:50 - juego - [DEBUG] - MENSAJE DE PRUEBA REPETIDO PARA FILTRO
2025-05-19 16:50:50 - juego - [DEBUG] - Procesando eventos Pygame...
2025-05-19 16:50:50 - juego - [DEBUG] - Iniciando ciclo de renderizado...
2025-05-19 16:50:50 - juego - [DEBUG] - Ciclo de renderizado completado (flip ejecutado).
2025-05-19 16:50:50 - juego - [DEBUG] - MENSAJE DE PRUEBA REPETIDO PARA FILTRO
2025-05-19 16:50:50 - juego - [DEBUG] - Procesando eventos Pygame...
2025-05-19 16:50:50 - juego - [DEBUG] - Iniciando ciclo de renderizado...
2025-05-19 16:50:50 - juego - [DEBUG] - Ciclo de renderizado completado (flip ejecutado).
2025-05-19 16:50:50 - juego - [DEBUG] - MENSAJE DE PRUEBA REPETIDO PARA FILTRO
2025-05-19 16:50:50 - juego - [DEBUG] - Procesando eventos Pygame...
2025-05-19 16:50:50 - juego - [DEBUG] - Iniciando ciclo de renderizado...
2025-05-19 16:50:50 - juego - [DEBUG] - Ciclo de renderizado completado (flip ejecutado).
2025-05-19 16:50:50 - juego - [DEBUG] - MENSAJE DE PRUEBA REPETIDO PARA FILTRO
2025-05-19 16:50:50 - juego - [DEBUG] - Procesando eventos Pygame...
2025-05-19 16:50:50 - juego - [DEBUG] - Iniciando ciclo de renderizado...
2025-05-19 16:50:50 - juego - [DEBUG] - Ciclo de renderizado completado (flip ejecutado).
2025-05-19 16:50:50 - juego - [DEBUG] - MENSAJE DE PRUEBA REPETIDO PARA FILTRO
2025-05-19 16:50:50 - juego - [DEBUG] - Procesando eventos Pygame...
2025-05-19 16:50:50 - juego - [DEBUG] - Iniciando ciclo de renderizado...
2025-05-19 16:50:50 - juego - [DEBUG] - Ciclo de renderizado completado (flip ejecutado).
2025-05-19 16:50:50 - juego - [DEBUG] - MENSAJE DE PRUEBA REPETIDO PARA FILTRO
2025-05-19 16:50:50 - juego - [DEBUG] - Procesando eventos Pygame...
2025-05-19 16:50:50 - juego - [DEBUG] - Iniciando ciclo de renderizado...
2025-05-19 16:50:50 - juego - [DEBUG] - Ciclo de renderizado completado (flip ejecutado).
2025-05-19 16:50:50 - juego - [DEBUG] - MENSAJE DE PRUEBA REPETIDO PARA FILTRO
2025-05-19 16:50:50 - juego - [DEBUG] - Procesando eventos Pygame...
2025-05-19 16:50:50 - juego - [DEBUG] - Iniciando ciclo de renderizado...
2025-05-19 16:50:50 - juego - [DEBUG] - Ciclo de renderizado completado (flip ejecutado).
2025-05-19 16:50:50 - juego - [DEBUG] - MENSAJE DE PRUEBA REPETIDO PARA FILTRO
2025-05-19 16:50:50 - juego - [DEBUG] - Procesando eventos Pygame...
2025-05-19 16:50:50 - juego - [DEBUG] - Iniciando ciclo de renderizado...
2025-05-19 16:50:50 - juego - [DEBUG] - Ciclo de renderizado completado (flip ejecutado).
2025-05-19 16:50:50 - juego - [DEBUG] - MENSAJE DE PRUEBA REPETIDO PARA FILTRO
2025-05-19 16:50:50 - juego - [DEBUG] - Procesando eventos Pygame...
2025-05-19 16:50:50 - juego - [DEBUG] - Iniciando ciclo de renderizado...
2025-05-19 16:50:50 - juego - [DEBUG] - Ciclo de renderizado completado (flip ejecutado).
2025-05-19 16:50:50 - juego - [DEBUG] - MENSAJE DE PRUEBA REPETIDO PARA FILTRO
2025-05-19 16:50:50 - juego - [DEBUG] - Procesando eventos Pygame...
2025-05-19 16:50:50 - juego - [DEBUG] - Iniciando ciclo de renderizado...
2025-05-19 16:50:50 - juego - [DEBUG] - Ciclo de renderizado completado (flip ejecutado).
2025-05-19 16:50:50 - juego - [DEBUG] - MENSAJE DE PRUEBA REPETIDO PARA FILTRO
2025-05-19 16:50:50 - juego - [DEBUG] - Procesando eventos Pygame...
2025-05-19 16:50:50 - juego - [DEBUG] - Iniciando ciclo de renderizado...
2025-05-19 16:50:50 - juego - [DEBUG] - Ciclo de renderizado completado (flip ejecutado).
2025-05-19 16:50:50 - juego - [DEBUG] - MENSAJE DE PRUEBA REPETIDO PARA FILTRO
2025-05-19 16:50:50 - juego - [DEBUG] - Procesando eventos Pygame...
2025-05-19 16:50:50 - juego - [DEBUG] - Iniciando ciclo de renderizado...
2025-05-19 16:50:50 - juego - [DEBUG] - Ciclo de renderizado completado (flip ejecutado).
2025-05-19 16:50:50 - juego - [DEBUG] - MENSAJE DE PRUEBA REPETIDO PARA FILTRO
2025-05-19 16:50:50 - juego - [DEBUG] - Procesando eventos Pygame...
2025-05-19 16:50:50 - juego - [DEBUG] - Iniciando ciclo de renderizado...
2025-05-19 16:50:50 - juego - [DEBUG] - Ciclo de renderizado completado (flip ejecutado).
2025-05-19 16:50:50 - juego - [DEBUG] - MENSAJE DE PRUEBA REPETIDO PARA FILTRO
2025-05-19 16:50:50 - juego - [DEBUG] - Procesando eventos Pygame...
2025-05-19 16:50:50 - juego - [DEBUG] - Iniciando ciclo de renderizado...
2025-05-19 16:50:50 - juego - [DEBUG] - Ciclo de renderizado completado (flip ejecutado).
2025-05-19 16:50:50 - juego - [DEBUG] - MENSAJE DE PRUEBA REPETIDO PARA FILTRO
2025-05-19 16:50:50 - juego - [DEBUG] - Procesando eventos Pygame...
2025-05-19 16:50:50 - juego - [DEBUG] - Iniciando ciclo de renderizado...
2025-05-19 16:50:50 - juego - [DEBUG] - Ciclo de renderizado completado (flip ejecutado).
2025-05-19 16:50:50 - juego - [DEBUG] - MENSAJE DE PRUEBA REPETIDO PARA FILTRO
2025-05-19 16:50:50 - juego - [DEBUG] - Procesando eventos Pygame...
2025-05-19 16:50:50 - juego - [DEBUG] - Iniciando ciclo de renderizado...
2025-05-19 16:50:50 - juego - [DEBUG] - Ciclo de renderizado completado (flip ejecutado).
2025-05-19 16:50:50 - juego - [DEBUG] - MENSAJE DE PRUEBA REPETIDO PARA FILTRO
2025-05-19 16:50:50 - juego - [DEBUG] - Procesando eventos Pygame...
2025-05-19 16:50:50 - juego - [DEBUG] - Iniciando ciclo de renderizado...
2025-05-19 16:50:50 - juego - [DEBUG] - Ciclo de renderizado completado (flip ejecutado).
2025-05-19 16:50:50 - juego - [DEBUG] - MENSAJE DE PRUEBA REPETIDO PARA FILTRO
2025-05-19 16:50:50 - juego - [DEBUG] - Procesando eventos Pygame...
2025-05-19 16:50:50 - juego - [DEBUG] - Iniciando ciclo de renderizado...
2025-05-19 16:50:50 - juego - [DEBUG] - Ciclo de renderizado completado (flip ejecutado).
2025-05-19 16:50:50 - juego - [DEBUG] - MENSAJE DE PRUEBA REPETIDO PARA FILTRO
2025-05-19 16:50:50 - juego - [DEBUG] - Procesando eventos Pygame...
2025-05-19 16:50:50 - juego - [DEBUG] - Iniciando ciclo de renderizado...
2025-05-19 16:50:50 - juego - [DEBUG] - Ciclo de renderizado completado (flip ejecutado).
2025-05-19 16:50:50 - juego - [DEBUG] - MENSAJE DE PRUEBA REPETIDO PARA FILTRO
2025-05-19 16:50:50 - juego - [DEBUG] - Procesando eventos Pygame...
2025-05-19 16:50:50 - juego - [DEBUG] - Iniciando ciclo de renderizado...
2025-05-19 16:50:50 - juego - [DEBUG] - Ciclo de renderizado completado (flip ejecutado).
2025-05-19 16:50:50 - juego - [DEBUG] - MENSAJE DE PRUEBA REPETIDO PARA FILTRO
2025-05-19 16:50:50 - juego - [DEBUG] - Procesando eventos Pygame...
2025-05-19 16:50:50 - juego - [DEBUG] - Iniciando ciclo de renderizado...
2025-05-19 16:50:50 - juego - [DEBUG] - Ciclo de renderizado completado (flip ejecutado).
2025-05-19 16:50:50 - juego - [DEBUG] - MENSAJE DE PRUEBA REPETIDO PARA FILTRO
2025-05-19 16:50:50 - juego - [DEBUG] - Procesando eventos Pygame...
2025-05-19 16:50:51 - juego - [DEBUG] - Iniciando ciclo de renderizado...
2025-05-19 16:50:51 - juego - [DEBUG] - Ciclo de renderizado completado (flip ejecutado).
2025-05-19 16:50:51 - juego - [DEBUG] - MENSAJE DE PRUEBA REPETIDO PARA FILTRO
2025-05-19 16:50:51 - juego - [DEBUG] - Procesando eventos Pygame...
2025-05-19 16:50:51 - juego - [DEBUG] - Iniciando ciclo de renderizado...
2025-05-19 16:50:51 - juego - [DEBUG] - Ciclo de renderizado completado (flip ejecutado).
2025-05-19 16:50:51 - juego - [DEBUG] - MENSAJE DE PRUEBA REPETIDO PARA FILTRO
2025-05-19 16:50:51 - juego - [DEBUG] - Procesando eventos Pygame...
2025-05-19 16:50:51 - juego - [DEBUG] - Iniciando ciclo de renderizado...
2025-05-19 16:50:51 - juego - [DEBUG] - Ciclo de renderizado completado (flip ejecutado).
2025-05-19 16:50:51 - juego - [DEBUG] - MENSAJE DE PRUEBA REPETIDO PARA FILTRO
2025-05-19 16:50:51 - juego - [DEBUG] - Procesando eventos Pygame...
2025-05-19 16:50:51 - juego - [DEBUG] - Iniciando ciclo de renderizado...
2025-05-19 16:50:51 - juego - [DEBUG] - Ciclo de renderizado completado (flip ejecutado).
2025-05-19 16:50:51 - juego - [DEBUG] - MENSAJE DE PRUEBA REPETIDO PARA FILTRO
2025-05-19 16:50:51 - juego - [DEBUG] - Procesando eventos Pygame...
2025-05-19 16:50:51 - juego - [DEBUG] - Iniciando ciclo de renderizado...
2025-05-19 16:50:51 - juego - [DEBUG] - Ciclo de renderizado completado (flip ejecutado).
2025-05-19 16:50:51 - juego - [DEBUG] - MENSAJE DE PRUEBA REPETIDO PARA FILTRO
2025-05-19 16:50:51 - juego - [DEBUG] - Procesando eventos Pygame...
2025-05-19 16:50:51 - juego - [DEBUG] - Iniciando ciclo de renderizado...
2025-05-19 16:50:51 - juego - [DEBUG] - Ciclo de renderizado completado (flip ejecutado).
2025-05-19 16:50:51 - juego - [DEBUG] - MENSAJE DE PRUEBA REPETIDO PARA FILTRO
2025-05-19 16:50:51 - juego - [DEBUG] - Procesando eventos Pygame...
2025-05-19 16:50:51 - juego - [DEBUG] - Iniciando ciclo de renderizado...
2025-05-19 16:50:51 - juego - [DEBUG] - Ciclo de renderizado completado (flip ejecutado).
2025-05-19 16:50:51 - juego - [DEBUG] - MENSAJE DE PRUEBA REPETIDO PARA FILTRO
2025-05-19 16:50:51 - juego - [DEBUG] - Procesando eventos Pygame...
2025-05-19 16:50:51 - juego - [DEBUG] - Iniciando ciclo de renderizado...
2025-05-19 16:50:51 - juego - [DEBUG] - Ciclo de renderizado completado (flip ejecutado).
2025-05-19 16:50:51 - juego - [DEBUG] - MENSAJE DE PRUEBA REPETIDO PARA FILTRO
2025-05-19 16:50:51 - juego - [DEBUG] - Procesando eventos Pygame...
2025-05-19 16:50:51 - juego - [DEBUG] - Iniciando ciclo de renderizado...
2025-05-19 16:50:51 - juego - [DEBUG] - Ciclo de renderizado completado (flip ejecutado).
2025-05-19 16:50:51 - juego - [DEBUG] - MENSAJE DE PRUEBA REPETIDO PARA FILTRO
2025-05-19 16:50:51 - juego - [DEBUG] - Procesando eventos Pygame...
2025-05-19 16:50:51 - juego - [DEBUG] - Iniciando ciclo de renderizado...
2025-05-19 16:50:51 - juego - [DEBUG] - Ciclo de renderizado completado (flip ejecutado).
2025-05-19 16:50:51 - juego - [DEBUG] - MENSAJE DE PRUEBA REPETIDO PARA FILTRO
2025-05-19 16:50:51 - juego - [DEBUG] - Procesando eventos Pygame...
2025-05-19 16:50:51 - juego - [DEBUG] - Iniciando ciclo de renderizado...
2025-05-19 16:50:51 - juego - [DEBUG] - Ciclo de renderizado completado (flip ejecutado).
2025-05-19 16:50:51 - juego - [DEBUG] - MENSAJE DE PRUEBA REPETIDO PARA FILTRO
2025-05-19 16:50:51 - juego - [DEBUG] - Procesando eventos Pygame...
2025-05-19 16:50:51 - juego - [DEBUG] - Iniciando ciclo de renderizado...
2025-05-19 16:50:51 - juego - [DEBUG] - Ciclo de renderizado completado (flip ejecutado).
2025-05-19 16:50:51 - juego - [DEBUG] - MENSAJE DE PRUEBA REPETIDO PARA FILTRO
2025-05-19 16:50:51 - juego - [DEBUG] - Procesando eventos Pygame...
2025-05-19 16:50:51 - juego - [DEBUG] - Iniciando ciclo de renderizado...
2025-05-19 16:50:51 - juego - [DEBUG] - Ciclo de renderizado completado (flip ejecutado).
2025-05-19 16:50:51 - juego - [DEBUG] - MENSAJE DE PRUEBA REPETIDO PARA FILTRO
2025-05-19 16:50:51 - juego - [DEBUG] - Procesando eventos Pygame...
2025-05-19 16:50:51 - juego - [DEBUG] - Iniciando ciclo de renderizado...
2025-05-19 16:50:51 - juego - [DEBUG] - Ciclo de renderizado completado (flip ejecutado).
2025-05-19 16:50:51 - juego - [DEBUG] - MENSAJE DE PRUEBA REPETIDO PARA FILTRO
2025-05-19 16:50:51 - juego - [DEBUG] - Procesando eventos Pygame...
2025-05-19 16:50:51 - juego - [DEBUG] - Iniciando ciclo de renderizado...
2025-05-19 16:50:51 - juego - [DEBUG] - Ciclo de renderizado completado (flip ejecutado).
2025-05-19 16:50:51 - juego - [DEBUG] - MENSAJE DE PRUEBA REPETIDO PARA FILTRO
2025-05-19 16:50:51 - juego - [DEBUG] - Procesando eventos Pygame...
2025-05-19 16:50:51 - juego - [DEBUG] - Iniciando ciclo de renderizado...
2025-05-19 16:50:51 - juego - [DEBUG] - Ciclo de renderizado completado (flip ejecutado).
2025-05-19 16:50:51 - juego - [DEBUG] - MENSAJE DE PRUEBA REPETIDO PARA FILTRO
2025-05-19 16:50:51 - juego - [DEBUG] - Procesando eventos Pygame...
2025-05-19 16:50:51 - juego - [DEBUG] - Iniciando ciclo de renderizado...
2025-05-19 16:50:51 - juego - [DEBUG] - Ciclo de renderizado completado (flip ejecutado).
2025-05-19 16:50:51 - juego - [DEBUG] - MENSAJE DE PRUEBA REPETIDO PARA FILTRO
2025-05-19 16:50:51 - juego - [DEBUG] - Procesando eventos Pygame...
2025-05-19 16:50:51 - juego - [DEBUG] - Iniciando ciclo de renderizado...
2025-05-19 16:50:51 - juego - [DEBUG] - Ciclo de renderizado completado (flip ejecutado).
2025-05-19 16:50:51 - juego - [DEBUG] - MENSAJE DE PRUEBA REPETIDO PARA FILTRO
2025-05-19 16:50:51 - juego - [DEBUG] - Procesando eventos Pygame...
2025-05-19 16:50:51 - juego - [DEBUG] - Iniciando ciclo de renderizado...
2025-05-19 16:50:51 - juego - [DEBUG] - Ciclo de renderizado completado (flip ejecutado).
2025-05-19 16:50:51 - juego - [DEBUG] - MENSAJE DE PRUEBA REPETIDO PARA FILTRO
2025-05-19 16:50:51 - juego - [DEBUG] - Procesando eventos Pygame...
2025-05-19 16:50:51 - juego - [DEBUG] - Iniciando ciclo de renderizado...
2025-05-19 16:50:51 - juego - [DEBUG] - Ciclo de renderizado completado (flip ejecutado).
2025-05-19 16:50:51 - juego - [DEBUG] - MENSAJE DE PRUEBA REPETIDO PARA FILTRO
2025-05-19 16:50:51 - juego - [DEBUG] - Procesando eventos Pygame...
2025-05-19 16:50:51 - juego - [DEBUG] - Iniciando ciclo de renderizado...
2025-05-19 16:50:51 - juego - [DEBUG] - Ciclo de renderizado completado (flip ejecutado).
2025-05-19 16:50:51 - juego - [DEBUG] - MENSAJE DE PRUEBA REPETIDO PARA FILTRO
2025-05-19 16:50:51 - juego - [DEBUG] - Procesando eventos Pygame...
2025-05-19 16:50:51 - juego - [DEBUG] - Iniciando ciclo de renderizado...
2025-05-19 16:50:51 - juego - [DEBUG] - Ciclo de renderizado completado (flip ejecutado).
2025-05-19 16:50:51 - juego - [DEBUG] - MENSAJE DE PRUEBA REPETIDO PARA FILTRO
2025-05-19 16:50:51 - juego - [DEBUG] - Procesando eventos Pygame...
2025-05-19 16:50:51 - juego - [DEBUG] - Iniciando ciclo de renderizado...
2025-05-19 16:50:51 - juego - [DEBUG] - Ciclo de renderizado completado (flip ejecutado).
2025-05-19 16:50:51 - juego - [DEBUG] - MENSAJE DE PRUEBA REPETIDO PARA FILTRO
2025-05-19 16:50:51 - juego - [DEBUG] - Procesando eventos Pygame...
2025-05-19 16:50:51 - juego - [DEBUG] - Iniciando ciclo de renderizado...
2025-05-19 16:50:51 - juego - [DEBUG] - Ciclo de renderizado completado (flip ejecutado).
2025-05-19 16:50:51 - juego - [DEBUG] - MENSAJE DE PRUEBA REPETIDO PARA FILTRO
2025-05-19 16:50:51 - juego - [DEBUG] - Procesando eventos Pygame...
2025-05-19 16:50:51 - juego - [DEBUG] - Iniciando ciclo de renderizado...
2025-05-19 16:50:51 - juego - [DEBUG] - Ciclo de renderizado completado (flip ejecutado).
2025-05-19 16:50:51 - juego - [DEBUG] - MENSAJE DE PRUEBA REPETIDO PARA FILTRO
2025-05-19 16:50:51 - juego - [DEBUG] - Procesando eventos Pygame...
2025-05-19 16:50:51 - juego - [DEBUG] - Iniciando ciclo de renderizado...
2025-05-19 16:50:51 - juego - [DEBUG] - Ciclo de renderizado completado (flip ejecutado).
2025-05-19 16:50:51 - juego - [DEBUG] - MENSAJE DE PRUEBA REPETIDO PARA FILTRO
2025-05-19 16:50:51 - juego - [DEBUG] - Procesando eventos Pygame...
2025-05-19 16:50:51 - juego - [DEBUG] - Iniciando ciclo de renderizado...
2025-05-19 16:50:51 - juego - [DEBUG] - Ciclo de renderizado completado (flip ejecutado).
2025-05-19 16:50:51 - juego - [DEBUG] - MENSAJE DE PRUEBA REPETIDO PARA FILTRO
2025-05-19 16:50:51 - juego - [DEBUG] - Procesando eventos Pygame...
2025-05-19 16:50:51 - juego - [DEBUG] - Iniciando ciclo de renderizado...
2025-05-19 16:50:51 - juego - [DEBUG] - Ciclo de renderizado completado (flip ejecutado).
2025-05-19 16:50:51 - juego - [DEBUG] - MENSAJE DE PRUEBA REPETIDO PARA FILTRO
2025-05-19 16:50:51 - juego - [DEBUG] - Procesando eventos Pygame...
2025-05-19 16:50:51 - juego - [DEBUG] - Iniciando ciclo de renderizado...
2025-05-19 16:50:51 - juego - [DEBUG] - Ciclo de renderizado completado (flip ejecutado).
2025-05-19 16:50:51 - juego - [DEBUG] - MENSAJE DE PRUEBA REPETIDO PARA FILTRO
2025-05-19 16:50:51 - juego - [DEBUG] - Procesando eventos Pygame...
2025-05-19 16:50:51 - juego - [DEBUG] - Iniciando ciclo de renderizado...
2025-05-19 16:50:51 - juego - [DEBUG] - Ciclo de renderizado completado (flip ejecutado).
2025-05-19 16:50:51 - juego - [DEBUG] - MENSAJE DE PRUEBA REPETIDO PARA FILTRO
2025-05-19 16:50:51 - juego - [DEBUG] - Procesando eventos Pygame...
2025-05-19 16:50:51 - juego - [DEBUG] - Iniciando ciclo de renderizado...
2025-05-19 16:50:51 - juego - [DEBUG] - Ciclo de renderizado completado (flip ejecutado).
2025-05-19 16:50:51 - juego - [DEBUG] - MENSAJE DE PRUEBA REPETIDO PARA FILTRO
2025-05-19 16:50:51 - juego - [DEBUG] - Procesando eventos Pygame...
2025-05-19 16:50:51 - juego - [DEBUG] - Iniciando ciclo de renderizado...
2025-05-19 16:50:51 - juego - [DEBUG] - Ciclo de renderizado completado (flip ejecutado).
2025-05-19 16:50:51 - juego - [DEBUG] - MENSAJE DE PRUEBA REPETIDO PARA FILTRO
2025-05-19 16:50:51 - juego - [DEBUG] - Procesando eventos Pygame...
2025-05-19 16:50:51 - juego - [DEBUG] - Iniciando ciclo de renderizado...
2025-05-19 16:50:51 - juego - [DEBUG] - Ciclo de renderizado completado (flip ejecutado).
2025-05-19 16:50:51 - juego - [DEBUG] - MENSAJE DE PRUEBA REPETIDO PARA FILTRO
2025-05-19 16:50:51 - juego - [DEBUG] - Procesando eventos Pygame...
2025-05-19 16:50:51 - juego - [DEBUG] - Iniciando ciclo de renderizado...
2025-05-19 16:50:51 - juego - [DEBUG] - Ciclo de renderizado completado (flip ejecutado).
2025-05-19 16:50:51 - juego - [DEBUG] - MENSAJE DE PRUEBA REPETIDO PARA FILTRO
2025-05-19 16:50:51 - juego - [DEBUG] - Procesando eventos Pygame...
2025-05-19 16:50:51 - juego - [DEBUG] - Iniciando ciclo de renderizado...
2025-05-19 16:50:51 - juego - [DEBUG] - Ciclo de renderizado completado (flip ejecutado).
2025-05-19 16:50:51 - juego - [DEBUG] - MENSAJE DE PRUEBA REPETIDO PARA FILTRO
2025-05-19 16:50:51 - juego - [DEBUG] - Procesando eventos Pygame...
2025-05-19 16:50:51 - juego - [DEBUG] - Iniciando ciclo de renderizado...
2025-05-19 16:50:51 - juego - [DEBUG] - Ciclo de renderizado completado (flip ejecutado).
2025-05-19 16:50:51 - juego - [DEBUG] - MENSAJE DE PRUEBA REPETIDO PARA FILTRO
2025-05-19 16:50:51 - juego - [DEBUG] - Procesando eventos Pygame...
2025-05-19 16:50:51 - juego - [DEBUG] - Iniciando ciclo de renderizado...
2025-05-19 16:50:51 - juego - [DEBUG] - Ciclo de renderizado completado (flip ejecutado).
2025-05-19 16:50:51 - juego - [DEBUG] - MENSAJE DE PRUEBA REPETIDO PARA FILTRO
2025-05-19 16:50:51 - juego - [DEBUG] - Procesando eventos Pygame...
2025-05-19 16:50:51 - juego - [DEBUG] - Iniciando ciclo de renderizado...
2025-05-19 16:50:51 - juego - [DEBUG] - Ciclo de renderizado completado (flip ejecutado).
2025-05-19 16:50:51 - juego - [DEBUG] - MENSAJE DE PRUEBA REPETIDO PARA FILTRO
2025-05-19 16:50:51 - juego - [DEBUG] - Procesando eventos Pygame...
2025-05-19 16:50:51 - juego - [DEBUG] - Iniciando ciclo de renderizado...
2025-05-19 16:50:51 - juego - [DEBUG] - Ciclo de renderizado completado (flip ejecutado).
2025-05-19 16:50:51 - juego - [DEBUG] - MENSAJE DE PRUEBA REPETIDO PARA FILTRO
2025-05-19 16:50:51 - juego - [DEBUG] - Procesando eventos Pygame...
2025-05-19 16:50:51 - juego - [DEBUG] - Iniciando ciclo de renderizado...
2025-05-19 16:50:51 - juego - [DEBUG] - Ciclo de renderizado completado (flip ejecutado).
2025-05-19 16:50:51 - juego - [DEBUG] - MENSAJE DE PRUEBA REPETIDO PARA FILTRO
2025-05-19 16:50:51 - juego - [DEBUG] - Procesando eventos Pygame...
2025-05-19 16:50:51 - juego - [DEBUG] - Iniciando ciclo de renderizado...
2025-05-19 16:50:51 - juego - [DEBUG] - Ciclo de renderizado completado (flip ejecutado).
2025-05-19 16:50:51 - juego - [DEBUG] - MENSAJE DE PRUEBA REPETIDO PARA FILTRO
2025-05-19 16:50:51 - juego - [DEBUG] - Procesando eventos Pygame...
2025-05-19 16:50:51 - juego - [DEBUG] - Iniciando ciclo de renderizado...
2025-05-19 16:50:51 - juego - [DEBUG] - Ciclo de renderizado completado (flip ejecutado).
2025-05-19 16:50:51 - juego - [DEBUG] - MENSAJE DE PRUEBA REPETIDO PARA FILTRO
2025-05-19 16:50:51 - juego - [DEBUG] - Procesando eventos Pygame...
2025-05-19 16:50:51 - juego - [DEBUG] - Iniciando ciclo de renderizado...
2025-05-19 16:50:51 - juego - [DEBUG] - Ciclo de renderizado completado (flip ejecutado).
2025-05-19 16:50:51 - juego - [DEBUG] - MENSAJE DE PRUEBA REPETIDO PARA FILTRO
2025-05-19 16:50:51 - juego - [DEBUG] - Procesando eventos Pygame...
2025-05-19 16:50:51 - juego - [DEBUG] - Iniciando ciclo de renderizado...
2025-05-19 16:50:51 - juego - [DEBUG] - Ciclo de renderizado completado (flip ejecutado).
2025-05-19 16:50:51 - juego - [DEBUG] - MENSAJE DE PRUEBA REPETIDO PARA FILTRO
2025-05-19 16:50:51 - juego - [DEBUG] - Procesando eventos Pygame...
2025-05-19 16:50:51 - juego - [DEBUG] - Iniciando ciclo de renderizado...
2025-05-19 16:50:51 - juego - [DEBUG] - Ciclo de renderizado completado (flip ejecutado).
2025-05-19 16:50:51 - juego - [DEBUG] - MENSAJE DE PRUEBA REPETIDO PARA FILTRO
2025-05-19 16:50:51 - juego - [DEBUG] - Procesando eventos Pygame...
2025-05-19 16:50:51 - juego - [DEBUG] - Iniciando ciclo de renderizado...
2025-05-19 16:50:51 - juego - [DEBUG] - Ciclo de renderizado completado (flip ejecutado).
2025-05-19 16:50:51 - juego - [DEBUG] - MENSAJE DE PRUEBA REPETIDO PARA FILTRO
2025-05-19 16:50:51 - juego - [DEBUG] - Procesando eventos Pygame...
2025-05-19 16:50:51 - juego - [DEBUG] - Iniciando ciclo de renderizado...
2025-05-19 16:50:51 - juego - [DEBUG] - Ciclo de renderizado completado (flip ejecutado).
2025-05-19 16:50:51 - juego - [DEBUG] - MENSAJE DE PRUEBA REPETIDO PARA FILTRO
2025-05-19 16:50:51 - juego - [DEBUG] - Procesando eventos Pygame...
2025-05-19 16:50:51 - juego - [DEBUG] - Iniciando ciclo de renderizado...
2025-05-19 16:50:51 - juego - [DEBUG] - Ciclo de renderizado completado (flip ejecutado).
2025-05-19 16:50:51 - juego - [DEBUG] - MENSAJE DE PRUEBA REPETIDO PARA FILTRO
2025-05-19 16:50:51 - juego - [DEBUG] - Procesando eventos Pygame...
2025-05-19 16:50:51 - juego - [DEBUG] - Iniciando ciclo de renderizado...
2025-05-19 16:50:51 - juego - [DEBUG] - Ciclo de renderizado completado (flip ejecutado).
2025-05-19 16:50:51 - juego - [DEBUG] - MENSAJE DE PRUEBA REPETIDO PARA FILTRO
2025-05-19 16:50:51 - juego - [DEBUG] - Procesando eventos Pygame...
2025-05-19 16:50:51 - juego - [DEBUG] - Iniciando ciclo de renderizado...
2025-05-19 16:50:51 - juego - [DEBUG] - Ciclo de renderizado completado (flip ejecutado).
2025-05-19 16:50:51 - juego - [DEBUG] - MENSAJE DE PRUEBA REPETIDO PARA FILTRO
2025-05-19 16:50:51 - juego - [DEBUG] - Procesando eventos Pygame...
2025-05-19 16:50:51 - juego - [DEBUG] - Iniciando ciclo de renderizado...
2025-05-19 16:50:51 - juego - [DEBUG] - Ciclo de renderizado completado (flip ejecutado).
2025-05-19 16:50:51 - juego - [DEBUG] - MENSAJE DE PRUEBA REPETIDO PARA FILTRO
2025-05-19 16:50:51 - juego - [DEBUG] - Procesando eventos Pygame...
2025-05-19 16:50:51 - juego - [DEBUG] - Iniciando ciclo de renderizado...
2025-05-19 16:50:51 - juego - [DEBUG] - Ciclo de renderizado completado (flip ejecutado).
2025-05-19 16:50:51 - juego - [DEBUG] - MENSAJE DE PRUEBA REPETIDO PARA FILTRO
2025-05-19 16:50:51 - juego - [DEBUG] - Procesando eventos Pygame...
2025-05-19 16:50:51 - juego - [DEBUG] - Iniciando ciclo de renderizado...
2025-05-19 16:50:51 - juego - [DEBUG] - Ciclo de renderizado completado (flip ejecutado).
2025-05-19 16:50:51 - juego - [DEBUG] - MENSAJE DE PRUEBA REPETIDO PARA FILTRO
2025-05-19 16:50:51 - juego - [DEBUG] - Procesando eventos Pygame...
2025-05-19 16:50:51 - juego - [DEBUG] - Iniciando ciclo de renderizado...
2025-05-19 16:50:51 - juego - [DEBUG] - Ciclo de renderizado completado (flip ejecutado).
2025-05-19 16:50:51 - juego - [DEBUG] - MENSAJE DE PRUEBA REPETIDO PARA FILTRO
2025-05-19 16:50:51 - juego - [DEBUG] - Procesando eventos Pygame...
2025-05-19 16:50:51 - juego - [DEBUG] - Iniciando ciclo de renderizado...
2025-05-19 16:50:51 - juego - [DEBUG] - Ciclo de renderizado completado (flip ejecutado).
2025-05-19 16:50:51 - juego - [DEBUG] - MENSAJE DE PRUEBA REPETIDO PARA FILTRO
2025-05-19 16:50:51 - juego - [DEBUG] - Procesando eventos Pygame...
2025-05-19 16:50:51 - juego - [DEBUG] - Iniciando ciclo de renderizado...
2025-05-19 16:50:51 - juego - [DEBUG] - Ciclo de renderizado completado (flip ejecutado).
2025-05-19 16:50:51 - juego - [DEBUG] - MENSAJE DE PRUEBA REPETIDO PARA FILTRO
2025-05-19 16:50:51 - juego - [DEBUG] - Procesando eventos Pygame...
2025-05-19 16:50:51 - juego - [DEBUG] - Iniciando ciclo de renderizado...
2025-05-19 16:50:51 - juego - [DEBUG] - Ciclo de renderizado completado (flip ejecutado).
2025-05-19 16:50:51 - juego - [DEBUG] - MENSAJE DE PRUEBA REPETIDO PARA FILTRO
2025-05-19 16:50:51 - juego - [DEBUG] - Procesando eventos Pygame...
2025-05-19 16:50:51 - juego - [DEBUG] - Iniciando ciclo de renderizado...
2025-05-19 16:50:51 - juego - [DEBUG] - Ciclo de renderizado completado (flip ejecutado).
2025-05-19 16:50:51 - juego - [DEBUG] - MENSAJE DE PRUEBA REPETIDO PARA FILTRO
2025-05-19 16:50:51 - juego - [DEBUG] - Procesando eventos Pygame...
2025-05-19 16:50:51 - juego - [DEBUG] - Iniciando ciclo de renderizado...
2025-05-19 16:50:51 - juego - [DEBUG] - Ciclo de renderizado completado (flip ejecutado).
2025-05-19 16:50:51 - juego - [DEBUG] - MENSAJE DE PRUEBA REPETIDO PARA FILTRO
2025-05-19 16:50:51 - juego - [DEBUG] - Procesando eventos Pygame...
2025-05-19 16:50:51 - juego - [DEBUG] - Iniciando ciclo de renderizado...
2025-05-19 16:50:51 - juego - [DEBUG] - Ciclo de renderizado completado (flip ejecutado).
2025-05-19 16:50:51 - juego - [DEBUG] - MENSAJE DE PRUEBA REPETIDO PARA FILTRO
2025-05-19 16:50:51 - juego - [DEBUG] - Procesando eventos Pygame...
2025-05-19 16:50:51 - juego - [DEBUG] - Iniciando ciclo de renderizado...
2025-05-19 16:50:51 - juego - [DEBUG] - Ciclo de renderizado completado (flip ejecutado).
2025-05-19 16:50:52 - juego - [DEBUG] - MENSAJE DE PRUEBA REPETIDO PARA FILTRO
2025-05-19 16:50:52 - juego - [DEBUG] - Procesando eventos Pygame...
2025-05-19 16:50:52 - juego - [DEBUG] - Iniciando ciclo de renderizado...
2025-05-19 16:50:52 - juego - [DEBUG] - Ciclo de renderizado completado (flip ejecutado).
2025-05-19 16:50:52 - juego - [DEBUG] - MENSAJE DE PRUEBA REPETIDO PARA FILTRO
2025-05-19 16:50:52 - juego - [DEBUG] - Procesando eventos Pygame...
2025-05-19 16:50:52 - juego - [DEBUG] - Iniciando ciclo de renderizado...
2025-05-19 16:50:52 - juego - [DEBUG] - Ciclo de renderizado completado (flip ejecutado).
2025-05-19 16:50:52 - juego - [DEBUG] - MENSAJE DE PRUEBA REPETIDO PARA FILTRO
2025-05-19 16:50:52 - juego - [DEBUG] - Procesando eventos Pygame...
2025-05-19 16:50:52 - juego - [DEBUG] - Iniciando ciclo de renderizado...
2025-05-19 16:50:52 - juego - [DEBUG] - Ciclo de renderizado completado (flip ejecutado).
2025-05-19 16:50:52 - juego - [DEBUG] - MENSAJE DE PRUEBA REPETIDO PARA FILTRO
2025-05-19 16:50:52 - juego - [DEBUG] - Procesando eventos Pygame...
2025-05-19 16:50:52 - juego - [DEBUG] - Iniciando ciclo de renderizado...
2025-05-19 16:50:52 - juego - [DEBUG] - Ciclo de renderizado completado (flip ejecutado).
2025-05-19 16:50:52 - juego - [DEBUG] - MENSAJE DE PRUEBA REPETIDO PARA FILTRO
2025-05-19 16:50:52 - juego - [DEBUG] - Procesando eventos Pygame...
2025-05-19 16:50:52 - juego - [DEBUG] - Iniciando ciclo de renderizado...
2025-05-19 16:50:52 - juego - [DEBUG] - Ciclo de renderizado completado (flip ejecutado).
2025-05-19 16:50:52 - juego - [DEBUG] - MENSAJE DE PRUEBA REPETIDO PARA FILTRO
2025-05-19 16:50:52 - juego - [DEBUG] - Procesando eventos Pygame...
2025-05-19 16:50:52 - juego - [DEBUG] - Iniciando ciclo de renderizado...
2025-05-19 16:50:52 - juego - [DEBUG] - Ciclo de renderizado completado (flip ejecutado).
2025-05-19 16:50:52 - juego - [DEBUG] - MENSAJE DE PRUEBA REPETIDO PARA FILTRO
2025-05-19 16:50:52 - juego - [DEBUG] - Procesando eventos Pygame...
2025-05-19 16:50:52 - juego - [DEBUG] - Iniciando ciclo de renderizado...
2025-05-19 16:50:52 - juego - [DEBUG] - Ciclo de renderizado completado (flip ejecutado).
2025-05-19 16:50:52 - juego - [DEBUG] - MENSAJE DE PRUEBA REPETIDO PARA FILTRO
2025-05-19 16:50:52 - juego - [DEBUG] - Procesando eventos Pygame...
2025-05-19 16:50:52 - juego - [DEBUG] - Iniciando ciclo de renderizado...
2025-05-19 16:50:52 - juego - [DEBUG] - Ciclo de renderizado completado (flip ejecutado).
2025-05-19 16:50:52 - juego - [DEBUG] - MENSAJE DE PRUEBA REPETIDO PARA FILTRO
2025-05-19 16:50:52 - juego - [DEBUG] - Procesando eventos Pygame...
2025-05-19 16:50:52 - juego - [DEBUG] - Iniciando ciclo de renderizado...
2025-05-19 16:50:52 - juego - [DEBUG] - Ciclo de renderizado completado (flip ejecutado).
2025-05-19 16:50:52 - juego - [DEBUG] - MENSAJE DE PRUEBA REPETIDO PARA FILTRO
2025-05-19 16:50:52 - juego - [DEBUG] - Procesando eventos Pygame...
2025-05-19 16:50:52 - juego - [DEBUG] - Iniciando ciclo de renderizado...
2025-05-19 16:50:52 - juego - [DEBUG] - Ciclo de renderizado completado (flip ejecutado).
2025-05-19 16:50:52 - juego - [DEBUG] - MENSAJE DE PRUEBA REPETIDO PARA FILTRO
2025-05-19 16:50:52 - juego - [DEBUG] - Procesando eventos Pygame...
2025-05-19 16:50:52 - juego - [DEBUG] - Iniciando ciclo de renderizado...
2025-05-19 16:50:52 - juego - [DEBUG] - Ciclo de renderizado completado (flip ejecutado).
2025-05-19 16:50:52 - juego - [DEBUG] - MENSAJE DE PRUEBA REPETIDO PARA FILTRO
2025-05-19 16:50:52 - juego - [DEBUG] - Procesando eventos Pygame...
2025-05-19 16:50:52 - juego - [DEBUG] - Iniciando ciclo de renderizado...
2025-05-19 16:50:52 - juego - [DEBUG] - Ciclo de renderizado completado (flip ejecutado).
2025-05-19 16:50:52 - juego - [DEBUG] - MENSAJE DE PRUEBA REPETIDO PARA FILTRO
2025-05-19 16:50:52 - juego - [DEBUG] - Procesando eventos Pygame...
2025-05-19 16:50:52 - juego - [DEBUG] - Iniciando ciclo de renderizado...
2025-05-19 16:50:52 - juego - [DEBUG] - Ciclo de renderizado completado (flip ejecutado).
2025-05-19 16:50:52 - juego - [DEBUG] - MENSAJE DE PRUEBA REPETIDO PARA FILTRO
2025-05-19 16:50:52 - juego - [DEBUG] - Procesando eventos Pygame...
2025-05-19 16:50:52 - juego - [DEBUG] - Iniciando ciclo de renderizado...
2025-05-19 16:50:52 - juego - [DEBUG] - Ciclo de renderizado completado (flip ejecutado).
2025-05-19 16:50:52 - juego - [DEBUG] - MENSAJE DE PRUEBA REPETIDO PARA FILTRO
2025-05-19 16:50:52 - juego - [DEBUG] - Procesando eventos Pygame...
2025-05-19 16:50:52 - juego - [DEBUG] - Iniciando ciclo de renderizado...
2025-05-19 16:50:52 - juego - [DEBUG] - Ciclo de renderizado completado (flip ejecutado).
2025-05-19 16:50:52 - juego - [DEBUG] - MENSAJE DE PRUEBA REPETIDO PARA FILTRO
2025-05-19 16:50:52 - juego - [DEBUG] - Procesando eventos Pygame...
2025-05-19 16:50:52 - juego - [DEBUG] - Solicitud de salir del juego procesada.
2025-05-19 16:50:52 - juego - [INFO] - Saliendo de Pygame y del sistema...
